,region,customer_age_class,basket_package_price_disc,internet_package_price_disc,basket_days_until_contract_end,count_previous_cancellations_0_18,internet_product_name,flag_churn
0,KBW,60 - 64,29.99,29.99,30.0,0.0,VF RIP U-TREUE,1.0
1,NRW,35 - 39,49.99,49.99,30.0,1.0,GIGAZUHAUSE KABEL,0.0
2,HSN,45 - 49,49.97,39.98,30.0,0.0,RED INTERNET & PHONE CABLE U,1.0
3,NRW,65 - 69,37.99,37.99,30.0,0.0,VF RIP U-TREUE,1.0
4,KBW,60 - 64,44.98,44.98,30.0,0.0,RED INTERNET & PHONE CABLE U,0.0
5,KBW,30 - 34,39.99,39.99,30.0,0.0,RED INTERNET & PHONE CABLE U,0.0
6,HSN,25 - 29,38.98,38.98,30.0,0.0,GIGAZUHAUSE KABEL,0.0
7,HSN,40 - 44,32.99,32.99,30.0,0.0,GIGAZUHAUSE TREUE B,0.0
8,HSN,35 - 39,39.98,39.98,30.0,0.0,RED INTERNET & PHONE CABLE U,0.0
9,KBW,25 - 29,54.99,54.99,30.0,0.0,RED INTERNET & PHONE CABLE U,0.0
10,NRW,30 - 34,32.99,32.99,30.0,0.0,VF RIP U-TREUE,1.0
11,NRW,25 - 29,54.98,34.99,30.0,0.0,RED INTERNET & PHONE CABLE U,1.0
12,KBW,40 - 44,44.98,44.98,30.0,0.0,VF CABLEMAX,1.0
13,NRW,60 - 64,34.99,34.99,30.0,0.0,RED INTERNET & PHONE CABLE U,1.0
14,KBW,60 - 64,34.99,34.99,30.0,0.0,RED INTERNET & PHONE CABLE U,0.0
15,NRW,40 - 44,32.99,32.99,696.0,0.0,GIGAZUHAUSE TREUE B,1.0
16,NRW,65 - 69,27.99,27.99,364.0,0.0,GIGAZUHAUSE TREUE B,0.0
17,NRW,30 - 34,44.98,44.98,85.0,0.0,VF CABLEMAX,0.0
18,HSN,40 - 44,60.98,39.99,30.0,0.0,RED INTERNET & PHONE CABLE U,0.0
19,NRW,50 - 54,37.99,37.99,30.0,0.0,VF RIP U-TREUE,1.0
20,NRW,40 - 44,34.99,34.99,30.0,0.0,RED INTERNET & PHONE CABLE U,0.0
21,KBW,55 - 59,44.98,44.98,30.0,0.0,VF CABLEMAX,1.0
22,KBW,30 - 34,39.99,39.99,30.0,0.0,RED INTERNET & PHONE CABLE U,1.0
23,KBW,45 - 49,39.98,39.98,30.0,0.0,GIGAZUHAUSE KABEL,0.0
24,NRW,25 - 29,44.98,44.98,30.0,0.0,VF CABLEMAX,1.0
25,KBW,40 - 44,44.98,44.98,30.0,0.0,RED INTERNET & PHONE CABLE U,0.0
26,NRW,35 - 39,44.98,44.98,30.0,0.0,VF CABLEMAX,1.0
27,NRW,80 and over,34.99,34.99,30.0,0.0,RED INTERNET & PHONE CABLE U,0.0
28,NRW,65 - 69,56.42,43.42,30.0,0.0,3PLAY COMFORT,0.0
29,HSN,40 - 44,38.98,38.98,30.0,0.0,RED INTERNET & PHONE CABLE U,1.0
30,NRW,70 - 74,44.98,44.98,30.0,0.0,VF CABLEMAX,1.0
31,NRW,25 - 29,39.99,39.99,30.0,0.0,RED INTERNET & PHONE CABLE U,1.0
32,NRW,30 - 34,44.98,44.98,30.0,0.0,RED INTERNET & PHONE CABLE U,1.0
33,KBW,25 - 29,49.97,49.97,30.0,0.0,VF CABLEMAX,1.0
34,KBW,55 - 59,37.99,37.99,30.0,0.0,VF RIP U-TREUE,1.0
35,KBW,65 - 69,34.99,34.99,30.0,0.0,RED INTERNET & PHONE CABLE U,0.0
36,NRW,55 - 59,49.97,49.97,30.0,0.0,VF CABLEMAX,1.0
37,NRW,35 - 39,24.99,24.99,30.0,0.0,RED INTERNET & PHONE CABLE U,0.0
38,NRW,35 - 39,50.97,29.99,30.0,0.0,VF RIP U-TREUE,1.0
39,NRW,50 - 54,59.97,49.97,30.0,0.0,VF CABLEMAX,1.0
40,NRW,50 - 54,37.99,37.99,30.0,0.0,VF RIP U-TREUE,0.0
41,NRW,40 - 44,39.99,39.99,30.0,0.0,VF RIP U-TREUE,0.0
42,KBW,30 - 34,43.97,43.97,30.0,0.0,GIGAZUHAUSE KABEL,0.0
43,NRW,60 - 64,44.98,44.98,30.0,0.0,VF CABLEMAX,1.0
44,KBW,18 - 24,44.98,44.98,30.0,0.0,RED INTERNET & PHONE CABLE U,1.0
45,NRW,65 - 69,44.98,44.98,30.0,0.0,VF CABLEMAX,1.0
46,NRW,55 - 59,29.99,29.99,30.0,0.0,RED INTERNET & PHONE CABLE U,0.0
47,KBW,50 - 54,49.99,49.99,30.0,0.0,RED INTERNET & PHONE CABLE U,0.0
48,KBW,50 - 54,39.99,39.99,30.0,0.0,VF RIP U-TREUE,0.0
49,NRW,45 - 49,39.99,39.99,30.0,0.0,RED INTERNET & PHONE CABLE U,1.0
50,HSN,40 - 44,29.99,29.99,30.0,0.0,VF RIP U-TREUE,0.0
51,NRW,25 - 29,34.99,34.99,30.0,0.0,RED INTERNET & PHONE CABLE U,0.0
52,KBW,50 - 54,39.99,39.99,30.0,0.0,RED INTERNET & PHONE CABLE U,0.0
53,KBW,25 - 29,34.99,34.99,30.0,0.0,VF RIP U-TREUE,1.0
54,NRW,60 - 64,37.99,37.99,30.0,0.0,VF RIP U-TREUE,1.0
55,HSN,30 - 34,39.98,39.98,30.0,0.0,VF CABLEMAX,1.0
56,NRW,30 - 34,29.99,29.99,30.0,0.0,RED INTERNET & PHONE CABLE U,1.0
57,KBW,30 - 34,39.99,39.99,30.0,0.0,RED INTERNET & PHONE CABLE U,1.0
58,KBW,80 and over,39.99,39.99,30.0,0.0,RED INTERNET & PHONE CABLE U,0.0
59,KBW,25 - 29,34.99,34.99,30.0,0.0,RED INTERNET & PHONE CABLE U,1.0
60,NRW,60 - 64,44.97,44.97,30.0,0.0,VF CABLEMAX,1.0
61,NRW,30 - 34,44.98,44.98,30.0,0.0,RED INTERNET & PHONE CABLE U,1.0
62,NRW,30 - 34,49.97,39.99,30.0,0.0,VF RIP U-TREUE,1.0
63,NRW,45 - 49,39.99,39.99,30.0,0.0,RED INTERNET & PHONE CABLE U,1.0
64,NRW,40 - 44,39.99,39.99,30.0,0.0,VF RIP U-TREUE,0.0
65,NRW,35 - 39,69.96,49.97,30.0,0.0,VF CABLEMAX,1.0
66,NRW,60 - 64,43.98,43.98,30.0,0.0,GIGAZUHAUSE KABEL,0.0
67,NRW,35 - 39,34.99,34.99,30.0,0.0,RED INTERNET & PHONE CABLE U,0.0
68,NRW,75 - 79,29.99,29.99,675.0,0.0,GIGAZUHAUSE TREUE C,0.0
69,KBW,40 - 44,58.98,58.98,30.0,0.0,RED INTERNET & PHONE CABLE U,1.0
70,NRW,40 - 44,37.98,37.98,597.0,0.0,GIGAZUHAUSE TREUE C,1.0
71,KBW,55 - 59,60.98,39.99,30.0,0.0,VF RIP U-TREUE,0.0
72,KBW,40 - 44,44.98,44.98,37.0,0.0,RED INTERNET & PHONE CABLE U,1.0
73,NRW,40 - 44,49.99,49.99,30.0,0.0,RED INTERNET & PHONE CABLE U,0.0
74,HSN,55 - 59,34.99,34.99,30.0,0.0,VF RIP U-TREUE,0.0
75,NRW,35 - 39,37.99,37.99,30.0,0.0,VF RIP U-TREUE,1.0
76,NRW,25 - 29,49.98,49.98,30.0,0.0,GIGAZUHAUSE KABEL,0.0
77,HSN,35 - 39,34.98,34.98,30.0,0.0,RED INTERNET & PHONE CABLE U,1.0
78,NRW,45 - 49,37.98,37.98,30.0,0.0,GIGAZUHAUSE KABEL,0.0
79,NRW,65 - 69,51.94,57.97,30.0,0.0,3PLAY START,1.0
80,NRW,80 and over,46.96,46.96,30.0,0.0,RED INTERNET & PHONE CABLE U,0.0
81,NRW,30 - 34,49.99,49.99,30.0,0.0,RED INTERNET & PHONE CABLE U,0.0
82,KBW,18 - 24,54.99,54.99,30.0,0.0,RED INTERNET & PHONE CABLE U,1.0
83,KBW,30 - 34,39.99,39.99,30.0,0.0,RED INTERNET & PHONE CABLE U,1.0
84,NRW,30 - 34,49.97,49.97,30.0,0.0,VF CABLEMAX,1.0
85,KBW,60 - 64,39.99,39.99,30.0,0.0,RED INTERNET & PHONE CABLE U,0.0
86,HSN,45 - 49,54.99,54.99,30.0,0.0,RED INTERNET & PHONE CABLE U,0.0
87,NRW,65 - 69,57.97,32.99,516.0,0.0,GIGAZUHAUSE TREUE B,1.0
88,KBW,40 - 44,73.95,42.98,30.0,0.0,VF RIP U-TREUE,0.0
89,HSN,30 - 34,34.99,34.99,30.0,0.0,RED INTERNET & PHONE CABLE U,0.0
90,NRW,35 - 39,29.99,29.99,30.0,0.0,VF RIP U-TREUE,0.0
91,NRW,25 - 29,42.97,42.97,172.0,0.0,GIGAZUHAUSE KABEL,0.0
92,NRW,25 - 29,39.99,39.99,30.0,0.0,RED INTERNET & PHONE CABLE U,0.0
93,NRW,45 - 49,39.98,39.98,30.0,0.0,RED INTERNET & PHONE CABLE U,0.0
94,NRW,35 - 39,44.98,44.98,30.0,0.0,VF CABLEMAX,0.0
95,NRW,55 - 59,49.99,49.99,30.0,0.0,GIGAZUHAUSE KABEL,0.0
96,HSN,25 - 29,44.98,44.98,30.0,0.0,RED INTERNET & PHONE CABLE U,0.0
97,NRW,25 - 29,52.97,39.98,176.0,0.0,GIGAZUHAUSE KABEL,1.0
98,NRW,25 - 29,69.96,44.98,30.0,0.0,VF CABLEMAX,1.0
99,NRW,60 - 64,30.95,30.95,30.0,0.0,RED INTERNET & PHONE CABLE U,1.0
100,NRW,25 - 29,44.98,44.98,30.0,0.0,RED INTERNET & PHONE CABLE U,1.0
101,NRW,30 - 34,39.98,39.98,270.0,0.0,GIGAZUHAUSE KABEL,0.0
102,KBW,25 - 29,54.98,54.98,30.0,0.0,GIGAZUHAUSE KABEL,0.0
103,NRW,55 - 59,32.99,32.99,30.0,0.0,VF RIP U-TREUE,1.0
104,KBW,40 - 44,29.99,29.99,30.0,0.0,RED INTERNET & PHONE CABLE U,0.0
105,KBW,40 - 44,42.98,42.98,30.0,0.0,VF RIP U-TREUE,1.0
106,NRW,60 - 64,49.99,49.99,30.0,0.0,GIGAZUHAUSE KABEL,0.0
107,NRW,30 - 34,39.99,39.99,30.0,0.0,RED INTERNET & PHONE CABLE U,0.0
108,KBW,30 - 34,44.98,44.98,30.0,0.0,VF CABLEMAX,1.0
109,NRW,18 - 24,60.96,44.98,30.0,0.0,VF CABLEMAX,1.0
110,NRW,45 - 49,44.98,44.98,30.0,0.0,VF CABLEMAX,0.0
111,NRW,65 - 69,78.94,51.95,30.0,0.0,3PLAY PLUS,0.0
112,NRW,55 - 59,39.99,39.99,30.0,0.0,RED INTERNET & PHONE CABLE U,1.0
113,NRW,45 - 49,44.98,44.98,30.0,0.0,VF CABLEMAX,1.0
114,KBW,30 - 34,54.98,54.98,30.0,0.0,RED INTERNET & PHONE CABLE U,0.0
115,NRW,30 - 34,44.98,44.98,30.0,0.0,RED INTERNET & PHONE CABLE U,1.0
116,KBW,60 - 64,50.98,63.98,30.0,0.0,RED INTERNET & PHONE CABLE U,0.0
117,KBW,25 - 29,39.99,39.99,30.0,0.0,RED INTERNET & PHONE CABLE U,1.0
118,NRW,55 - 59,34.99,34.99,30.0,0.0,RED INTERNET & PHONE CABLE U,0.0
119,NRW,55 - 59,39.99,39.99,30.0,0.0,VF RIP U-TREUE,1.0
120,NRW,25 - 29,39.99,39.99,30.0,0.0,RED INTERNET & PHONE CABLE U,1.0
121,NRW,25 - 29,39.97,39.98,30.0,0.0,VF CABLEMAX,0.0
122,KBW,30 - 34,39.99,39.99,30.0,0.0,RED INTERNET & PHONE CABLE U,1.0
123,NRW,25 - 29,39.99,39.99,30.0,0.0,RED INTERNET & PHONE CABLE U,1.0
124,HSN,80 and over,54.99,54.99,30.0,0.0,RED INTERNET & PHONE CABLE U,1.0
125,NRW,30 - 34,44.98,44.98,30.0,0.0,RED INTERNET & PHONE CABLE U,0.0
126,NRW,65 - 69,39.98,39.98,30.0,0.0,VF CABLEMAX,1.0
127,KBW,30 - 34,34.99,34.99,30.0,0.0,RED INTERNET & PHONE CABLE U,1.0
128,NRW,25 - 29,54.99,54.99,30.0,0.0,RED INTERNET & PHONE CABLE U,0.0
129,NRW,50 - 54,49.99,49.99,30.0,1.0,RED INTERNET & PHONE CABLE U,0.0
130,NRW,60 - 64,63.97,63.97,30.0,0.0,RED INTERNET & PHONE CABLE U,1.0
131,NRW,35 - 39,24.99,24.99,30.0,0.0,INTERNET COMFORT,0.0
132,NRW,25 - 29,42.97,42.97,30.0,0.0,VF CABLEMAX,0.0
133,NRW,45 - 49,54.98,54.98,30.0,0.0,RED INTERNET & PHONE CABLE U,1.0
134,NRW,65 - 69,44.98,44.98,30.0,0.0,RED INTERNET & PHONE CABLE U,1.0
135,NRW,80 and over,34.99,34.99,30.0,0.0,RED INTERNET & PHONE CABLE U,0.0
136,KBW,60 - 64,39.99,39.99,30.0,0.0,RED INTERNET & PHONE CABLE U,1.0
137,HSN,30 - 34,44.98,44.98,30.0,0.0,VF CABLEMAX,1.0
138,NRW,35 - 39,44.98,44.98,30.0,0.0,RED INTERNET & PHONE CABLE U,0.0
139,KBW,30 - 34,34.99,34.99,30.0,0.0,RED INTERNET & PHONE CABLE U,1.0
140,HSN,45 - 49,29.99,29.99,30.0,0.0,VF RIP U-TREUE,1.0
141,KBW,60 - 64,39.99,39.99,30.0,0.0,RED INTERNET & PHONE CABLE U,0.0
142,KBW,65 - 69,58.77,58.77,30.0,0.0,2PLAY,1.0
143,KBW,65 - 69,53.94,32.95,30.0,0.0,RED INTERNET & PHONE CABLE U,0.0
144,KBW,35 - 39,47.99,47.99,30.0,0.0,VF RIP U-TREUE,1.0
145,NRW,30 - 34,44.98,44.98,30.0,0.0,RED INTERNET & PHONE CABLE U,1.0
146,NRW,55 - 59,34.99,34.99,30.0,0.0,RED INTERNET & PHONE CABLE U,0.0
147,NRW,25 - 29,44.98,44.98,30.0,0.0,RED INTERNET & PHONE CABLE U,1.0
148,HSN,40 - 44,49.99,49.99,30.0,0.0,GIGAZUHAUSE KABEL,1.0
149,KBW,45 - 49,39.99,39.99,30.0,0.0,RED INTERNET & PHONE CABLE U,1.0
150,NRW,40 - 44,42.98,42.98,30.0,0.0,VF RIP U-TREUE,0.0
151,KBW,30 - 34,44.98,44.98,30.0,0.0,VF CABLEMAX,1.0
152,NRW,40 - 44,49.97,49.97,30.0,0.0,VF CABLEMAX,1.0
153,KBW,35 - 39,34.99,34.99,30.0,0.0,RED INTERNET & PHONE CABLE U,1.0
154,KBW,35 - 39,44.98,44.98,30.0,0.0,RED INTERNET & PHONE CABLE U,0.0
155,NRW,45 - 49,69.96,44.98,30.0,0.0,VF CABLEMAX,1.0
156,KBW,40 - 44,42.98,42.98,30.0,0.0,VF RIP U-TREUE,1.0
157,NRW,30 - 34,37.99,37.99,30.0,0.0,VF RIP U-TREUE,0.0
158,NRW,55 - 59,39.99,39.99,30.0,0.0,RED INTERNET & PHONE CABLE U,0.0
159,KBW,65 - 69,25.0,25.0,30.0,0.0,RED INTERNET & PHONE CABLE U,0.0
160,NRW,55 - 59,29.99,29.99,30.0,0.0,INTERNET PREMIUM,1.0
161,NRW,35 - 39,42.98,42.98,30.0,0.0,VF RIP U-TREUE,0.0
162,NRW,40 - 44,34.99,34.99,30.0,0.0,RED INTERNET & PHONE CABLE U,0.0
163,NRW,35 - 39,44.98,44.98,30.0,0.0,VF CABLEMAX,0.0
164,KBW,30 - 34,44.98,44.98,30.0,0.0,RED INTERNET & PHONE CABLE U,1.0
165,HSN,30 - 34,49.99,49.99,30.0,0.0,RED INTERNET & PHONE CABLE U,0.0
166,NRW,35 - 39,44.98,44.98,30.0,0.0,RED INTERNET & PHONE CABLE U,0.0
167,NRW,65 - 69,32.99,32.99,30.0,0.0,RED INTERNET & PHONE CABLE U,0.0
168,NRW,30 - 34,39.99,39.99,30.0,0.0,RED INTERNET & PHONE CABLE U,1.0
169,KBW,40 - 44,39.99,39.99,30.0,0.0,RED INTERNET & PHONE CABLE U,1.0
170,KBW,50 - 54,39.99,39.99,30.0,0.0,RED INTERNET & PHONE CABLE U,1.0
171,NRW,40 - 44,49.97,49.97,30.0,0.0,VF CABLEMAX,0.0
172,KBW,50 - 54,34.99,34.99,30.0,0.0,RED INTERNET & PHONE CABLE U,0.0
173,NRW,30 - 34,25.0,25.0,30.0,0.0,RED INTERNET & PHONE CABLE U,0.0
174,KBW,75 - 79,149.92,149.92,30.0,0.0,RED INTERNET & PHONE CABLE U,0.0
175,NRW,45 - 49,39.99,39.99,30.0,0.0,RED INTERNET & PHONE CABLE U,1.0
176,NRW,30 - 34,29.99,29.99,30.0,0.0,VF RIP U-TREUE,0.0
177,NRW,35 - 39,49.97,49.97,30.0,0.0,VF CABLEMAX,0.0
178,KBW,30 - 34,44.98,44.98,30.0,0.0,VF CABLEMAX,1.0
179,NRW,18 - 24,39.99,39.99,30.0,0.0,RED INTERNET & PHONE CABLE U,1.0
180,NRW,60 - 64,44.98,44.98,30.0,0.0,VF CABLEMAX,1.0
181,NRW,35 - 39,34.99,34.99,345.0,0.0,GIGAZUHAUSE KABEL,1.0
182,KBW,40 - 44,29.99,29.99,30.0,0.0,VF RIP U-TREUE,1.0
183,NRW,55 - 59,79.96,49.99,30.0,0.0,RED INTERNET & PHONE CABLE U,0.0
184,HSN,30 - 34,39.99,39.99,30.0,0.0,RED INTERNET & PHONE CABLE U,1.0
185,NRW,18 - 24,44.99,44.99,30.0,0.0,RED INTERNET & PHONE CABLE U,1.0
186,HSN,18 - 24,34.99,34.99,30.0,0.0,RED INTERNET & PHONE CABLE U,1.0
187,NRW,35 - 39,54.99,54.99,30.0,0.0,RED INTERNET & PHONE CABLE U,1.0
188,NRW,35 - 39,37.98,37.98,30.0,0.0,VF RIP U-TREUE,1.0
189,KBW,65 - 69,44.98,44.98,30.0,0.0,VF CABLEMAX,0.0
190,KBW,50 - 54,39.99,39.99,30.0,0.0,RED INTERNET & PHONE CABLE U,1.0
191,NRW,35 - 39,39.98,39.98,128.0,0.0,GIGAZUHAUSE KABEL,1.0
192,KBW,55 - 59,44.98,44.98,30.0,0.0,RED INTERNET & PHONE CABLE U,1.0
193,NRW,45 - 49,39.98,39.98,30.0,0.0,GIGAZUHAUSE KABEL,1.0
194,NRW,25 - 29,44.98,44.98,30.0,0.0,RED INTERNET & PHONE CABLE U,1.0
195,NRW,75 - 79,37.99,37.99,30.0,0.0,VF RIP U-TREUE,0.0
196,KBW,55 - 59,34.99,34.99,30.0,0.0,RED INTERNET & PHONE CABLE U,0.0
197,NRW,55 - 59,44.98,44.98,30.0,0.0,RED INTERNET & PHONE CABLE U,0.0
198,KBW,18 - 24,39.98,39.98,309.0,0.0,GIGAZUHAUSE KABEL,0.0
199,KBW,50 - 54,49.99,49.99,30.0,0.0,GIGAZUHAUSE KABEL,0.0
200,NRW,40 - 44,44.98,44.98,30.0,0.0,VF CABLEMAX,1.0
201,KBW,30 - 34,44.98,44.98,30.0,0.0,RED INTERNET & PHONE CABLE U,1.0
202,HSN,55 - 59,44.98,44.98,30.0,0.0,VF CABLEMAX,1.0
203,NRW,30 - 34,49.97,49.97,30.0,0.0,VF CABLEMAX,1.0
204,KBW,75 - 79,64.95,44.98,30.0,0.0,VF CABLEMAX,0.0
205,KBW,35 - 39,49.97,49.97,30.0,0.0,VF CABLEMAX,0.0
206,KBW,25 - 29,44.98,44.98,30.0,0.0,VF CABLEMAX,0.0
207,NRW,50 - 54,44.98,44.98,30.0,0.0,VF CABLEMAX,1.0
208,HSN,45 - 49,44.98,44.98,30.0,0.0,VF CABLEMAX,0.0
209,KBW,30 - 34,29.99,29.99,30.0,0.0,VF RIP U-TREUE,1.0
210,NRW,40 - 44,44.98,44.98,30.0,1.0,VF CABLEMAX,0.0
211,NRW,60 - 64,44.97,44.98,30.0,0.0,RED INTERNET & PHONE CABLE U,0.0
212,HSN,30 - 34,49.99,49.99,30.0,0.0,GIGAZUHAUSE KABEL,0.0
213,KBW,40 - 44,49.97,49.97,30.0,0.0,VF CABLEMAX,1.0
214,NRW,65 - 69,29.99,29.99,30.0,0.0,VF RIP U-TREUE,0.0
215,KBW,35 - 39,39.98,39.98,30.0,0.0,VF CABLEMAX,1.0
216,KBW,30 - 34,44.98,44.98,30.0,0.0,VF CABLEMAX,0.0
217,NRW,35 - 39,39.98,39.98,30.0,0.0,GIGAZUHAUSE KABEL,0.0
218,KBW,60 - 64,44.98,44.98,30.0,0.0,VF CABLEMAX,1.0
219,NRW,35 - 39,44.98,44.98,30.0,0.0,VF CABLEMAX,1.0
220,NRW,60 - 64,67.97,57.98,30.0,0.0,VF RIP U-TREUE,0.0
221,KBW,40 - 44,44.98,44.98,30.0,0.0,VF CABLEMAX,0.0
222,NRW,60 - 64,49.99,49.99,30.0,0.0,RED INTERNET & PHONE CABLE U,0.0
223,NRW,70 - 74,34.99,34.99,30.0,0.0,RED INTERNET & PHONE CABLE U,0.0
224,NRW,30 - 34,59.98,59.98,30.0,0.0,VF RIP U-TREUE,1.0
225,KBW,35 - 39,58.98,58.98,30.0,0.0,RED INTERNET & PHONE CABLE U,1.0
226,NRW,30 - 34,60.98,39.99,30.0,0.0,VF RIP U-TREUE,1.0
227,NRW,50 - 54,34.99,34.99,30.0,0.0,RED INTERNET & PHONE CABLE U,0.0
228,KBW,35 - 39,24.99,24.99,30.0,0.0,GIGAZUHAUSE TREUE C,0.0
229,KBW,50 - 54,49.98,49.98,30.0,0.0,VF RIP U-TREUE,0.0
230,HSN,25 - 29,34.99,34.99,30.0,0.0,RED INTERNET & PHONE CABLE U,1.0
231,KBW,40 - 44,54.99,54.99,30.0,0.0,RED INTERNET & PHONE CABLE U,0.0
232,NRW,40 - 44,44.99,44.99,165.0,0.0,GIGAZUHAUSE KABEL,0.0
233,NRW,80 and over,32.99,32.99,30.0,0.0,VF RIP U-TREUE,1.0
234,NRW,55 - 59,49.97,49.97,30.0,0.0,VF CABLEMAX,1.0
235,KBW,35 - 39,34.99,34.99,30.0,0.0,RED INTERNET & PHONE CABLE U,1.0
236,NRW,60 - 64,64.97,39.99,30.0,0.0,VF RIP U-TREUE,0.0
237,NRW,50 - 54,49.99,49.99,30.0,0.0,RED INTERNET & PHONE CABLE U,1.0
238,KBW,40 - 44,72.96,37.99,30.0,0.0,VF RIP U-TREUE,1.0
239,NRW,55 - 59,44.98,44.98,30.0,0.0,VF CABLEMAX,0.0
240,NRW,25 - 29,34.99,34.99,30.0,0.0,RED INTERNET & PHONE CABLE U,1.0
241,HSN,55 - 59,67.97,67.97,30.0,0.0,GIGAZUHAUSE KABEL,1.0
242,KBW,50 - 54,51.97,34.99,109.0,0.0,RED INTERNET & PHONE CABLE U,0.0
243,NRW,45 - 49,53.96,53.96,30.0,0.0,VF CABLEMAX,0.0
244,HSN,65 - 69,39.99,39.99,30.0,0.0,VF RIP U-TREUE,0.0
245,HSN,35 - 39,39.99,39.99,30.0,0.0,VF RIP U-TREUE,1.0
246,KBW,30 - 34,44.99,44.99,30.0,0.0,GIGAZUHAUSE KABEL,1.0
247,KBW,35 - 39,43.98,43.98,30.0,0.0,RED INTERNET & PHONE CABLE U,1.0
248,NRW,55 - 59,29.99,29.99,30.0,0.0,VF RIP U-TREUE,1.0
249,HSN,30 - 34,59.98,59.98,30.0,0.0,VF RIP U-TREUE,0.0
250,KBW,55 - 59,39.99,39.99,592.0,0.0,GIGAZUHAUSE TREUE C,0.0
251,KBW,35 - 39,39.99,39.99,30.0,0.0,VF RIP U-TREUE,1.0
252,KBW,30 - 34,44.98,44.98,30.0,0.0,VF CABLEMAX,0.0
253,KBW,50 - 54,19.99,19.99,30.0,0.0,TELEFON HSI,0.0
254,NRW,35 - 39,39.99,39.99,30.0,0.0,RED INTERNET & PHONE CABLE U,1.0
255,KBW,35 - 39,44.98,44.98,86.0,0.0,RED INTERNET & PHONE CABLE U,1.0
256,NRW,30 - 34,44.98,44.98,30.0,0.0,VF CABLEMAX,0.0
257,NRW,80 and over,43.98,43.98,30.0,0.0,RED INTERNET & PHONE CABLE U,1.0
258,NRW,65 - 69,29.99,29.99,30.0,0.0,RED INTERNET & PHONE CABLE U,0.0
259,NRW,45 - 49,49.97,49.97,30.0,0.0,VF CABLEMAX,1.0
260,NRW,45 - 49,42.99,42.99,30.0,0.0,GIGAZUHAUSE TREUE C,1.0
261,KBW,80 and over,60.98,39.99,30.0,0.0,RED INTERNET & PHONE CABLE U,1.0
262,KBW,35 - 39,39.99,39.99,30.0,0.0,RED INTERNET & PHONE CABLE U,1.0
263,NRW,45 - 49,59.98,59.98,30.0,0.0,RED INTERNET & PHONE CABLE U,1.0
264,NRW,40 - 44,54.99,54.99,30.0,0.0,RED INTERNET & PHONE CABLE U,0.0
265,HSN,45 - 49,49.99,49.99,30.0,0.0,RED INTERNET & PHONE CABLE U,1.0
266,KBW,35 - 39,39.98,39.98,30.0,0.0,RED INTERNET & PHONE CABLE U,0.0
267,KBW,35 - 39,53.98,53.98,30.0,0.0,RED INTERNET & PHONE CABLE U,1.0
268,NRW,65 - 69,32.99,32.99,30.0,0.0,VF RIP U-TREUE,0.0
269,NRW,40 - 44,37.97,37.97,30.0,0.0,GIGAZUHAUSE KABEL,0.0
270,NRW,55 - 59,44.98,44.98,30.0,0.0,VF CABLEMAX,1.0
271,NRW,60 - 64,39.98,39.98,30.0,0.0,RED INTERNET & PHONE CABLE U,0.0
272,NRW,60 - 64,47.99,47.99,30.0,0.0,VF RIP U-TREUE,0.0
273,NRW,30 - 34,44.98,44.98,30.0,0.0,VF CABLEMAX,1.0
274,NRW,55 - 59,37.99,37.99,30.0,0.0,VF RIP U-TREUE,0.0
275,KBW,65 - 69,57.97,32.99,30.0,0.0,VF RIP U-TREUE,1.0
276,NRW,40 - 44,29.99,29.99,30.0,0.0,VF RIP U-TREUE,0.0
277,KBW,35 - 39,47.97,47.97,30.0,0.0,GIGAZUHAUSE KABEL,0.0
278,NRW,35 - 39,39.99,39.99,30.0,0.0,RED INTERNET & PHONE CABLE U,0.0
279,HSN,40 - 44,44.98,44.98,30.0,0.0,RED INTERNET & PHONE CABLE U,1.0
280,KBW,18 - 24,39.98,39.98,30.0,0.0,VF CABLEMAX,1.0
281,KBW,30 - 34,44.98,44.98,30.0,0.0,VF CABLEMAX,1.0
282,NRW,25 - 29,34.99,34.99,30.0,0.0,VF RIP U-TREUE,0.0
283,KBW,45 - 49,24.99,24.99,30.0,0.0,INTERNET COMFORT,0.0
284,NRW,40 - 44,49.97,49.97,30.0,0.0,VF CABLEMAX,1.0
285,KBW,55 - 59,43.95,43.97,30.0,0.0,VF CABLEMAX,0.0
286,KBW,35 - 39,32.98,32.98,30.0,0.0,2PLAY PLUS,1.0
287,HSN,55 - 59,49.99,49.99,322.0,0.0,GIGAZUHAUSE TREUE C,1.0
288,NRW,25 - 29,69.98,59.99,30.0,0.0,3PLAY FLY,0.0
289,KBW,30 - 34,37.98,37.98,30.0,0.0,GIGAZUHAUSE KABEL,1.0
290,KBW,30 - 34,29.99,29.99,30.0,0.0,VF RIP U-TREUE,1.0
291,HSN,65 - 69,56.94,35.86,30.0,0.0,3PLAY,0.0
292,NRW,70 - 74,54.98,54.98,30.0,0.0,RED INTERNET & PHONE CABLE U,1.0
293,KBW,65 - 69,44.98,44.98,30.0,0.0,VF CABLEMAX,1.0
294,KBW,40 - 44,49.97,49.97,30.0,0.0,VF CABLEMAX,1.0
295,KBW,40 - 44,39.99,39.99,30.0,0.0,VF RIP U-TREUE,1.0
296,NRW,45 - 49,29.99,29.99,30.0,0.0,VF RIP U-TREUE,0.0
297,HSN,40 - 44,39.99,39.99,30.0,0.0,VF RIP U-TREUE,1.0
298,NRW,30 - 34,29.99,29.99,30.0,0.0,VF RIP U-TREUE,0.0
299,KBW,40 - 44,39.98,39.98,30.0,1.0,VF CABLEMAX,1.0
300,KBW,25 - 29,32.97,32.97,30.0,0.0,2PLAY TREUE,1.0
301,KBW,60 - 64,44.98,44.98,30.0,0.0,VF CABLEMAX,0.0
302,HSN,30 - 34,34.99,34.99,30.0,0.0,RED INTERNET & PHONE CABLE U,1.0
303,KBW,70 - 74,34.99,34.99,30.0,0.0,RED INTERNET & PHONE CABLE U,0.0
304,NRW,50 - 54,44.98,44.98,30.0,0.0,VF CABLEMAX,1.0
305,NRW,60 - 64,29.99,29.99,30.0,0.0,VF RIP U-TREUE,1.0
306,NRW,30 - 34,49.99,49.99,30.0,0.0,GIGAZUHAUSE KABEL,1.0
307,KBW,25 - 29,32.99,32.99,30.0,0.0,VF RIP U-TREUE,1.0
308,NRW,25 - 29,44.98,44.98,30.0,0.0,VF CABLEMAX,1.0
309,KBW,40 - 44,42.98,42.98,30.0,0.0,VF RIP U-TREUE,1.0
310,NRW,35 - 39,49.97,49.97,30.0,0.0,VF CABLEMAX,1.0
311,KBW,30 - 34,34.99,34.99,30.0,0.0,RED INTERNET & PHONE CABLE U,1.0
312,NRW,45 - 49,39.99,39.99,30.0,0.0,RED INTERNET & PHONE CABLE U,1.0
313,NRW,30 - 34,24.99,24.99,273.0,0.0,GIGAZUHAUSE TREUE C,0.0
314,NRW,25 - 29,54.99,54.99,30.0,0.0,RED INTERNET & PHONE CABLE U,1.0
315,HSN,35 - 39,58.98,58.98,30.0,0.0,RED INTERNET & PHONE CABLE U,0.0
316,NRW,35 - 39,34.99,34.99,30.0,0.0,RED INTERNET & PHONE CABLE U,1.0
317,NRW,70 - 74,34.99,34.99,30.0,0.0,RED INTERNET & PHONE CABLE U,1.0
318,NRW,60 - 64,44.98,44.98,30.0,0.0,RED INTERNET & PHONE CABLE U,1.0
319,KBW,30 - 34,44.98,44.98,65.0,0.0,VF CABLEMAX,1.0
320,NRW,25 - 29,49.97,49.97,30.0,0.0,VF CABLEMAX,1.0
321,KBW,80 and over,72.96,42.98,30.0,0.0,VF RIP U-TREUE,0.0
322,NRW,60 - 64,38.85,38.84,30.0,0.0,3PLAY,0.0
323,NRW,75 - 79,42.98,42.98,30.0,0.0,VF RIP U-TREUE,1.0
324,NRW,18 - 24,44.98,44.98,30.0,0.0,RED INTERNET & PHONE CABLE U,1.0
325,NRW,50 - 54,53.96,53.96,30.0,0.0,VF CABLEMAX,0.0
326,NRW,30 - 34,54.99,54.99,30.0,0.0,RED INTERNET & PHONE CABLE U,1.0
327,KBW,40 - 44,49.97,49.97,30.0,0.0,VF CABLEMAX,0.0
328,NRW,60 - 64,44.97,44.97,133.0,0.0,GIGAZUHAUSE KABEL,0.0
329,KBW,40 - 44,47.98,39.99,30.0,0.0,VF RIP U-TREUE,1.0
330,HSN,40 - 44,39.99,39.99,30.0,0.0,RED INTERNET & PHONE CABLE U,1.0
331,NRW,30 - 34,48.97,48.97,30.0,0.0,VF CABLEMAX,1.0
332,HSN,35 - 39,129.96,129.96,30.0,0.0,RED INTERNET & PHONE CABLE U,0.0
333,NRW,70 - 74,29.99,29.99,30.0,0.0,VF RIP U-TREUE,0.0
334,NRW,30 - 34,24.99,24.99,751.0,0.0,GIGAZUHAUSE TREUE C,1.0
335,NRW,35 - 39,39.99,39.99,30.0,0.0,RED INTERNET & PHONE CABLE U,1.0
336,KBW,18 - 24,49.99,49.99,30.0,0.0,VF CABLEMAX,1.0
337,NRW,65 - 69,49.99,49.99,30.0,0.0,RED INTERNET & PHONE CABLE U,1.0
338,NRW,55 - 59,49.98,49.98,184.0,0.0,GIGAZUHAUSE KABEL,0.0
339,NRW,40 - 44,44.98,44.98,30.0,0.0,RED INTERNET & PHONE CABLE U,1.0
340,NRW,40 - 44,29.99,29.99,30.0,0.0,VF RIP U-TREUE,0.0
341,NRW,65 - 69,44.99,44.99,30.0,0.0,RED INTERNET & PHONE CABLE U,1.0
342,KBW,45 - 49,44.98,44.98,30.0,0.0,VF CABLEMAX,1.0
343,NRW,25 - 29,44.98,44.98,30.0,0.0,RED INTERNET & PHONE CABLE U,1.0
344,KBW,45 - 49,54.97,54.97,30.0,0.0,VF RIP U-TREUE,1.0
345,HSN,50 - 54,39.99,39.99,30.0,0.0,RED INTERNET & PHONE CABLE U,1.0
346,HSN,75 - 79,37.97,37.97,30.0,0.0,RED INTERNET & PHONE CABLE U,1.0
347,HSN,30 - 34,49.97,49.97,30.0,0.0,RED INTERNET & PHONE CABLE U,1.0
348,KBW,50 - 54,49.98,49.98,30.0,0.0,GIGAZUHAUSE TREUE B,0.0
349,KBW,35 - 39,39.99,39.99,30.0,0.0,VF RIP U-TREUE,1.0
350,KBW,55 - 59,58.97,58.97,30.0,0.0,RED INTERNET & PHONE CABLE U,1.0
351,HSN,55 - 59,44.99,44.99,122.0,0.0,GIGAZUHAUSE KABEL,0.0
352,NRW,35 - 39,37.78,37.78,30.0,0.0,RED INTERNET & PHONE CABLE U,1.0
353,NRW,35 - 39,52.97,52.97,30.0,0.0,VF CABLEMAX,0.0
354,NRW,35 - 39,0.0,0.0,30.0,0.0,MMA,1.0
355,NRW,25 - 29,39.99,39.99,30.0,0.0,RED INTERNET & PHONE CABLE U,1.0
356,KBW,60 - 64,47.99,47.99,30.0,0.0,VF RIP U-TREUE,1.0
357,HSN,30 - 34,44.98,44.98,30.0,0.0,VF CABLEMAX,1.0
358,NRW,35 - 39,39.99,39.99,30.0,0.0,RED INTERNET & PHONE CABLE U,0.0
359,NRW,25 - 29,44.99,44.99,126.0,0.0,GIGAZUHAUSE TREUE B,1.0
360,NRW,30 - 34,39.98,39.98,30.0,0.0,VF RIP U-TREUE,0.0
361,NRW,40 - 44,29.99,29.99,30.0,0.0,VF RIP U-TREUE,1.0
362,KBW,35 - 39,39.99,39.99,30.0,0.0,VF RIP U-TREUE,0.0
363,KBW,80 and over,47.99,47.99,30.0,0.0,VF RIP U-TREUE,1.0
364,NRW,25 - 29,54.99,54.99,30.0,0.0,RED INTERNET & PHONE CABLE U,0.0
365,HSN,30 - 34,49.99,49.99,30.0,0.0,GIGAZUHAUSE KABEL,1.0
366,NRW,35 - 39,29.99,29.99,30.0,0.0,VF RIP U-TREUE,0.0
367,NRW,35 - 39,32.99,32.99,696.0,0.0,VF RIP U-TREUE,1.0
368,NRW,40 - 44,44.98,44.98,30.0,0.0,RED INTERNET & PHONE CABLE U,1.0
369,NRW,25 - 29,37.99,37.99,30.0,0.0,VF RIP U-TREUE,1.0
370,NRW,40 - 44,52.98,52.98,30.0,0.0,GIGAZUHAUSE KABEL,1.0
371,KBW,30 - 34,44.98,44.98,30.0,0.0,RED INTERNET & PHONE CABLE U,1.0
372,NRW,25 - 29,39.99,39.99,30.0,0.0,VF RIP U-TREUE,1.0
373,KBW,35 - 39,34.99,34.99,30.0,0.0,RED INTERNET & PHONE CABLE U,1.0
374,NRW,60 - 64,0.0,0.0,30.0,0.0,MMA,0.0
375,KBW,50 - 54,39.99,39.99,30.0,0.0,RED INTERNET & PHONE CABLE U,1.0
376,NRW,30 - 34,34.99,34.99,30.0,0.0,RED INTERNET & PHONE CABLE U,0.0
377,KBW,35 - 39,39.99,39.99,30.0,0.0,RED INTERNET & PHONE CABLE U,0.0
378,KBW,30 - 34,44.98,44.98,30.0,0.0,VF CABLEMAX,1.0
379,KBW,25 - 29,44.98,44.98,30.0,0.0,RED INTERNET & PHONE CABLE U,0.0
380,NRW,35 - 39,34.99,34.99,206.0,0.0,GIGAZUHAUSE KABEL,1.0
381,KBW,70 - 74,24.99,24.99,573.0,0.0,GIGAZUHAUSE TREUE C,1.0
382,NRW,55 - 59,53.96,53.96,30.0,0.0,RED INTERNET & PHONE CABLE U,0.0
383,NRW,25 - 29,44.98,44.98,30.0,0.0,VF CABLEMAX,0.0
384,HSN,40 - 44,34.99,34.99,30.0,0.0,RED INTERNET & PHONE CABLE U,0.0
385,NRW,30 - 34,44.98,44.98,30.0,1.0,VF CABLEMAX,1.0
386,NRW,30 - 34,39.98,39.98,30.0,0.0,GIGAZUHAUSE KABEL,1.0
387,KBW,50 - 54,58.98,58.98,30.0,0.0,RED INTERNET & PHONE CABLE U,1.0
388,NRW,55 - 59,59.99,59.99,30.0,0.0,GIGAZUHAUSE KABEL,1.0
389,NRW,45 - 49,39.99,39.99,30.0,0.0,RED INTERNET & PHONE CABLE U,1.0
390,NRW,30 - 34,39.98,39.98,30.0,0.0,RED INTERNET & PHONE CABLE U,1.0
391,NRW,30 - 34,34.99,34.99,30.0,0.0,RED INTERNET & PHONE CABLE U,0.0
392,HSN,45 - 49,47.96,47.96,30.0,0.0,VF CABLEMAX,0.0
393,KBW,60 - 64,44.98,44.98,30.0,0.0,VF CABLEMAX,1.0
394,NRW,55 - 59,54.97,44.98,30.0,0.0,VF CABLEMAX,1.0
395,KBW,35 - 39,58.98,58.98,30.0,0.0,RED INTERNET & PHONE CABLE U,1.0
396,NRW,80 and over,63.96,32.97,30.0,0.0,RED INTERNET & PHONE CABLE U,1.0
397,NRW,30 - 34,39.99,39.99,30.0,0.0,RED INTERNET & PHONE CABLE U,0.0
398,KBW,80 and over,42.99,42.99,30.0,0.0,RED INTERNET & PHONE CABLE U,0.0
399,KBW,25 - 29,44.98,44.98,30.0,0.0,VF CABLEMAX,1.0
400,KBW,80 and over,49.97,49.97,30.0,0.0,RED INTERNET & PHONE CABLE U,0.0
401,NRW,40 - 44,39.97,29.99,30.0,0.0,VF RIP U-TREUE,1.0
402,KBW,18 - 24,29.99,29.99,30.0,0.0,VF RIP U-TREUE,0.0
403,KBW,30 - 34,44.99,44.99,165.0,0.0,GIGAZUHAUSE KABEL,1.0
404,KBW,25 - 29,25.97,25.97,30.0,0.0,INTERNET,0.0
405,NRW,55 - 59,34.99,34.99,30.0,0.0,RED INTERNET & PHONE CABLE U,1.0
406,NRW,35 - 39,42.97,42.97,30.0,0.0,RED INTERNET & PHONE CABLE U,1.0
407,NRW,60 - 64,29.99,29.99,30.0,0.0,VF RIP U-TREUE,0.0
408,NRW,65 - 69,74.95,49.97,30.0,0.0,VF CABLEMAX,0.0
409,KBW,18 - 24,34.99,34.99,30.0,0.0,RED INTERNET & PHONE CABLE U,0.0
410,HSN,50 - 54,34.99,34.99,30.0,0.0,RED INTERNET & PHONE CABLE U,0.0
411,KBW,25 - 29,44.99,44.99,30.0,0.0,GIGAZUHAUSE TREUE B,0.0
412,NRW,60 - 64,34.99,34.99,49.0,0.0,GIGAZUHAUSE KABEL,1.0
413,HSN,60 - 64,29.99,29.99,30.0,0.0,VF RIP U-TREUE,1.0
414,KBW,40 - 44,58.98,58.98,30.0,0.0,RED INTERNET & PHONE CABLE U,0.0
415,KBW,50 - 54,34.99,34.99,30.0,0.0,RED INTERNET & PHONE CABLE U,1.0
416,NRW,45 - 49,49.99,49.99,30.0,0.0,VF RIP U-TREUE,1.0
417,HSN,40 - 44,44.98,44.98,30.0,0.0,VF CABLEMAX,1.0
418,HSN,40 - 44,34.98,33.98,30.0,0.0,RED INTERNET & PHONE CABLE U,1.0
419,NRW,40 - 44,37.99,37.99,30.0,0.0,VF RIP U-TREUE,1.0
420,NRW,40 - 44,34.99,34.99,30.0,0.0,RED INTERNET & PHONE CABLE U,0.0
421,NRW,65 - 69,29.99,29.99,30.0,0.0,VF RIP U-TREUE,0.0
422,KBW,30 - 34,34.99,34.99,30.0,0.0,RED INTERNET & PHONE CABLE U,1.0
423,NRW,25 - 29,39.99,39.99,30.0,0.0,VF RIP U-TREUE,0.0
424,KBW,30 - 34,43.99,43.99,30.0,0.0,3PLAY TREUE,1.0
425,NRW,40 - 44,39.98,39.98,30.0,0.0,RED INTERNET & PHONE CABLE U,0.0
426,KBW,55 - 59,49.99,49.99,30.0,0.0,GIGAZUHAUSE KABEL,0.0
427,KBW,35 - 39,44.98,44.98,30.0,0.0,VF CABLEMAX,1.0
428,KBW,30 - 34,42.97,42.97,30.0,0.0,RED INTERNET & PHONE CABLE U,0.0
429,KBW,25 - 29,49.99,49.99,30.0,0.0,RED INTERNET & PHONE CABLE U,1.0
430,KBW,35 - 39,34.99,34.99,30.0,0.0,RED INTERNET & PHONE CABLE U,0.0
431,NRW,60 - 64,39.98,39.98,30.0,0.0,RED INTERNET & PHONE CABLE U,1.0
432,NRW,35 - 39,39.98,39.98,30.0,0.0,GIGAZUHAUSE KABEL,1.0
433,KBW,25 - 29,49.97,49.97,30.0,0.0,RED INTERNET & PHONE CABLE U,1.0
434,NRW,80 and over,39.99,39.99,30.0,0.0,RED INTERNET & PHONE CABLE U,1.0
435,NRW,65 - 69,54.98,54.98,30.0,0.0,RED INTERNET & PHONE CABLE U,0.0
436,NRW,30 - 34,44.97,44.97,30.0,0.0,VF CABLEMAX,1.0
437,NRW,35 - 39,49.99,49.99,30.0,0.0,GIGAZUHAUSE KABEL,1.0
438,HSN,30 - 34,34.99,34.99,30.0,0.0,RED INTERNET & PHONE CABLE U,0.0
439,NRW,65 - 69,49.97,49.97,30.0,0.0,VF CABLEMAX,1.0
440,NRW,35 - 39,39.98,39.98,30.0,0.0,RED INTERNET & PHONE CABLE U,0.0
441,KBW,75 - 79,68.96,47.96,30.0,0.0,3PLAY START,0.0
442,NRW,30 - 34,34.99,34.99,30.0,0.0,RED INTERNET & PHONE CABLE U,0.0
443,KBW,45 - 49,34.99,34.99,30.0,0.0,VF RIP U-TREUE,0.0
444,HSN,40 - 44,49.99,49.99,30.0,0.0,RED INTERNET & PHONE CABLE U,0.0
445,NRW,65 - 69,34.99,34.99,30.0,0.0,VF CABLEMAX,0.0
446,NRW,60 - 64,39.99,39.99,30.0,0.0,VF RIP U-TREUE,0.0
447,NRW,50 - 54,39.99,39.99,30.0,0.0,VF RIP U-TREUE,0.0
448,NRW,55 - 59,44.97,34.99,30.0,0.0,RED INTERNET & PHONE CABLE U,1.0
449,KBW,25 - 29,39.99,39.99,30.0,0.0,RED INTERNET & PHONE CABLE U,1.0
450,NRW,60 - 64,67.97,57.97,30.0,0.0,VF RIP U-TREUE,1.0
451,NRW,25 - 29,49.99,49.99,30.0,0.0,RED INTERNET & PHONE CABLE U,1.0
452,NRW,30 - 34,29.99,29.99,30.0,0.0,INTERNET PREMIUM,1.0
453,KBW,60 - 64,48.97,48.97,30.0,0.0,VF CABLEMAX,0.0
454,KBW,70 - 74,43.98,43.98,30.0,0.0,RED INTERNET & PHONE CABLE U,1.0
455,NRW,18 - 24,50.98,29.99,30.0,0.0,VF RIP U-TREUE,1.0
456,NRW,25 - 29,39.99,39.99,30.0,0.0,VF RIP U-TREUE,1.0
457,KBW,30 - 34,44.98,44.98,73.0,0.0,VF CABLEMAX,1.0
458,NRW,65 - 69,42.98,42.98,30.0,0.0,VF RIP U-TREUE,1.0
459,KBW,55 - 59,49.97,49.97,30.0,0.0,RED INTERNET & PHONE CABLE U,1.0
460,NRW,55 - 59,61.96,40.98,30.0,0.0,RED INTERNET & PHONE CABLE U,1.0
461,NRW,60 - 64,34.99,34.99,30.0,0.0,RED INTERNET & PHONE CABLE U,1.0
462,HSN,60 - 64,37.99,37.99,30.0,0.0,VF RIP U-TREUE,0.0
463,HSN,30 - 34,39.98,39.98,30.0,0.0,VF CABLEMAX,1.0
464,NRW,30 - 34,39.99,39.99,30.0,0.0,RED INTERNET & PHONE CABLE U,1.0
465,KBW,55 - 59,39.99,39.99,30.0,0.0,RED INTERNET & PHONE CABLE U,0.0
466,NRW,25 - 29,54.99,54.99,30.0,0.0,RED INTERNET & PHONE CABLE U,0.0
467,KBW,25 - 29,44.98,44.98,30.0,0.0,RED INTERNET & PHONE CABLE U,1.0
468,KBW,80 and over,32.98,32.98,30.0,0.0,VF RIP U-TREUE,0.0
469,KBW,25 - 29,39.98,39.98,136.0,0.0,GIGAZUHAUSE KABEL,0.0
470,NRW,30 - 34,39.99,39.99,30.0,0.0,RED INTERNET & PHONE CABLE U,1.0
471,NRW,35 - 39,24.99,24.99,30.0,0.0,INTERNET COMFORT,0.0
472,KBW,65 - 69,34.99,34.99,30.0,0.0,RED INTERNET & PHONE CABLE U,0.0
473,HSN,60 - 64,37.97,37.97,30.0,0.0,RED INTERNET & PHONE CABLE U,0.0
474,KBW,50 - 54,54.99,54.99,30.0,0.0,RED INTERNET & PHONE CABLE U,0.0
475,NRW,55 - 59,39.99,39.99,30.0,0.0,RED INTERNET & PHONE CABLE U,0.0
476,NRW,50 - 54,39.98,39.98,30.0,0.0,RED INTERNET & PHONE CABLE U,1.0
477,HSN,45 - 49,49.99,49.99,30.0,0.0,GIGAZUHAUSE KABEL,0.0
478,KBW,25 - 29,34.99,34.99,30.0,0.0,RED INTERNET & PHONE CABLE U,1.0
479,NRW,70 - 74,39.99,39.99,30.0,0.0,RED INTERNET & PHONE CABLE U,1.0
480,KBW,80 and over,47.99,47.99,30.0,0.0,VF RIP U-TREUE,0.0
481,NRW,60 - 64,44.98,44.98,30.0,0.0,VF CABLEMAX,1.0
482,KBW,65 - 69,39.99,39.99,30.0,0.0,RED INTERNET & PHONE CABLE U,0.0
483,NRW,40 - 44,49.99,49.99,30.0,0.0,RED INTERNET & PHONE CABLE U,0.0
484,KBW,25 - 29,39.99,39.99,30.0,0.0,RED INTERNET & PHONE CABLE U,1.0
485,NRW,45 - 49,37.98,39.98,30.0,0.0,VF RIP U-TREUE,0.0
486,NRW,55 - 59,34.99,34.99,30.0,0.0,RED INTERNET & PHONE CABLE U,0.0
487,NRW,60 - 64,45.38,45.38,30.0,0.0,3PLAY JUMP,1.0
488,HSN,45 - 49,52.97,42.98,30.0,0.0,VF RIP U-TREUE,0.0
489,KBW,55 - 59,47.99,47.99,30.0,0.0,VF RIP U-TREUE,1.0
490,KBW,25 - 29,39.99,39.99,30.0,0.0,RED INTERNET & PHONE CABLE U,1.0
491,NRW,18 - 24,43.98,43.98,30.0,0.0,RED INTERNET & PHONE CABLE U,1.0
492,HSN,40 - 44,49.97,49.97,30.0,0.0,VF CABLEMAX,0.0
493,NRW,55 - 59,63.96,42.97,30.0,0.0,RED INTERNET & PHONE CABLE U,1.0
494,NRW,40 - 44,24.99,24.99,30.0,0.0,VF RIP U-TREUE,1.0
495,HSN,35 - 39,29.99,29.99,30.0,0.0,VF RIP U-TREUE,1.0
496,KBW,55 - 59,39.98,39.98,206.0,0.0,GIGAZUHAUSE TREUE B,0.0
497,NRW,30 - 34,44.99,44.99,30.0,0.0,GIGAZUHAUSE KABEL,1.0
498,KBW,55 - 59,44.98,44.98,30.0,0.0,VF CABLEMAX,0.0
499,KBW,65 - 69,45.0,45.0,30.0,0.0,3PLAY JUMP,1.0
500,KBW,30 - 34,54.98,34.99,30.0,0.0,RED INTERNET & PHONE CABLE U,0.0
501,HSN,30 - 34,38.98,38.98,30.0,0.0,RED INTERNET & PHONE CABLE U,0.0
502,KBW,70 - 74,47.96,47.96,30.0,0.0,GIGAZUHAUSE KABEL,0.0
503,NRW,50 - 54,44.97,44.97,30.0,0.0,VF CABLEMAX,0.0
504,HSN,75 - 79,39.98,39.98,214.0,0.0,GIGAZUHAUSE KABEL,1.0
505,NRW,35 - 39,42.98,42.98,30.0,0.0,VF RIP U-TREUE,1.0
506,HSN,35 - 39,22.99,22.99,30.0,0.0,VF RIP U-TREUE,1.0
507,KBW,80 and over,27.8,27.8,562.0,0.0,2PLAY,0.0
508,KBW,65 - 69,63.97,42.98,30.0,0.0,VF RIP U-TREUE,1.0
509,NRW,25 - 29,34.99,34.99,30.0,0.0,RED INTERNET & PHONE CABLE U,1.0
510,NRW,40 - 44,17.99,17.99,30.0,0.0,EAZY FLEX,1.0
511,HSN,45 - 49,43.97,43.97,30.0,0.0,RED INTERNET & PHONE CABLE U,0.0
512,KBW,50 - 54,44.98,44.98,30.0,0.0,VF CABLEMAX,1.0
513,NRW,30 - 34,29.99,29.99,30.0,0.0,VF RIP U-TREUE,0.0
514,NRW,30 - 34,44.98,44.98,30.0,0.0,VF CABLEMAX,1.0
515,KBW,45 - 49,64.18,43.98,30.0,0.0,3PLAY SMART,1.0
516,HSN,25 - 29,44.97,44.98,697.0,0.0,RED INTERNET & PHONE CABLE U,1.0
517,KBW,50 - 54,60.97,44.98,30.0,0.0,VF CABLEMAX,0.0
518,NRW,50 - 54,34.99,34.99,30.0,1.0,RED INTERNET & PHONE CABLE U,0.0
519,KBW,25 - 29,39.98,39.98,30.0,0.0,RED INTERNET & PHONE CABLE U,0.0
520,HSN,50 - 54,34.99,34.99,30.0,0.0,RED INTERNET & PHONE CABLE U,0.0
521,KBW,55 - 59,49.97,49.97,30.0,0.0,VF CABLEMAX,1.0
522,NRW,35 - 39,37.98,37.98,30.0,0.0,VF RIP U-TREUE,1.0
523,NRW,55 - 59,44.98,44.98,30.0,0.0,RED INTERNET & PHONE CABLE U,0.0
524,NRW,80 and over,30.88,30.88,30.0,0.0,3PLAY,0.0
525,NRW,65 - 69,49.97,49.97,30.0,0.0,VF CABLEMAX,0.0
526,NRW,55 - 59,39.98,39.98,30.0,0.0,RED INTERNET & PHONE CABLE U,0.0
527,KBW,25 - 29,34.99,34.99,30.0,0.0,RED INTERNET & PHONE CABLE U,0.0
528,NRW,40 - 44,34.99,34.99,30.0,0.0,VF RIP U-TREUE,1.0
529,NRW,35 - 39,24.98,39.98,30.0,0.0,VF CABLEMAX,1.0
530,KBW,55 - 59,39.99,39.99,30.0,0.0,VF RIP U-TREUE,0.0
531,KBW,70 - 74,49.97,49.97,30.0,0.0,VF CABLEMAX,1.0
532,NRW,55 - 59,64.95,49.97,30.0,0.0,VF CABLEMAX,0.0
533,KBW,40 - 44,42.97,42.97,30.0,0.0,RED INTERNET & PHONE CABLE U,0.0
534,NRW,18 - 24,44.98,44.98,30.0,0.0,VF CABLEMAX,0.0
535,KBW,30 - 34,39.99,39.99,30.0,0.0,VF RIP U-TREUE,1.0
536,HSN,60 - 64,53.98,32.99,30.0,0.0,VF RIP U-TREUE,0.0
537,KBW,30 - 34,29.99,29.99,155.0,0.0,GIGAZUHAUSE TREUE C,0.0
538,NRW,35 - 39,34.99,34.99,30.0,0.0,RED INTERNET & PHONE CABLE U,1.0
539,KBW,40 - 44,44.98,44.98,30.0,0.0,RED INTERNET & PHONE CABLE U,0.0
540,NRW,40 - 44,34.99,34.99,30.0,0.0,VF RIP U-TREUE,0.0
541,NRW,80 and over,49.97,49.98,30.0,0.0,RED INTERNET & PHONE CABLE U,1.0
542,NRW,30 - 34,39.99,39.99,30.0,0.0,RED INTERNET & PHONE CABLE U,1.0
543,NRW,45 - 49,62.96,44.98,30.0,0.0,VF CABLEMAX,1.0
544,KBW,50 - 54,44.98,44.98,30.0,0.0,VF CABLEMAX,1.0
545,NRW,60 - 64,34.99,34.99,30.0,0.0,RED INTERNET & PHONE CABLE U,1.0
546,KBW,80 and over,33.74,33.74,30.0,0.0,RED INTERNET & PHONE CABLE U,1.0
547,NRW,30 - 34,49.99,49.99,30.0,0.0,RED INTERNET & PHONE CABLE U,0.0
548,NRW,18 - 24,53.97,53.96,30.0,0.0,VF CABLEMAX,1.0
549,NRW,30 - 34,39.98,39.98,30.0,0.0,GIGAZUHAUSE KABEL,0.0
550,NRW,35 - 39,44.98,44.98,30.0,0.0,RED INTERNET & PHONE CABLE U,0.0
551,KBW,25 - 29,39.98,39.98,30.0,0.0,VF CABLEMAX,1.0
552,KBW,60 - 64,29.99,29.99,30.0,0.0,VF RIP U-TREUE,1.0
553,KBW,30 - 34,29.99,29.99,30.0,0.0,INTERNET PREMIUM,0.0
554,KBW,55 - 59,54.99,54.99,30.0,0.0,RED INTERNET & PHONE CABLE U,1.0
555,KBW,60 - 64,34.99,34.99,30.0,0.0,RED INTERNET & PHONE CABLE U,0.0
556,KBW,65 - 69,38.98,38.98,30.0,0.0,RED INTERNET & PHONE CABLE U,0.0
557,KBW,60 - 64,50.94,50.93,30.0,0.0,2PLAY,0.0
558,HSN,40 - 44,54.99,54.99,30.0,0.0,RED INTERNET & PHONE CABLE U,1.0
559,KBW,30 - 34,39.99,39.99,30.0,0.0,RED INTERNET & PHONE CABLE U,1.0
560,NRW,30 - 34,44.98,44.98,30.0,0.0,VF CABLEMAX,0.0
561,NRW,55 - 59,34.99,34.99,30.0,0.0,RED INTERNET & PHONE CABLE U,0.0
562,HSN,35 - 39,61.96,40.97,30.0,0.0,3PLAY SMART,1.0
563,KBW,40 - 44,54.99,54.99,30.0,0.0,RED INTERNET & PHONE CABLE U,0.0
564,KBW,60 - 64,49.97,49.97,30.0,0.0,VF CABLEMAX,1.0
565,HSN,60 - 64,68.98,47.99,30.0,0.0,VF RIP U-TREUE,1.0
566,KBW,30 - 34,44.98,44.98,30.0,0.0,VF CABLEMAX,1.0
567,KBW,65 - 69,60.98,39.99,30.0,0.0,VF RIP U-TREUE,1.0
568,NRW,80 and over,54.98,54.98,30.0,0.0,VF RIP U-TREUE,0.0
569,NRW,55 - 59,39.99,39.99,30.0,0.0,VF RIP U-TREUE,1.0
570,NRW,60 - 64,44.98,44.98,30.0,0.0,VF CABLEMAX,0.0
571,KBW,25 - 29,37.99,37.99,30.0,0.0,VF RIP U-TREUE,1.0
572,KBW,25 - 29,29.98,29.98,30.0,0.0,RED INTERNET & PHONE CABLE U,0.0
573,NRW,40 - 44,44.98,44.98,30.0,0.0,RED INTERNET & PHONE CABLE U,0.0
574,NRW,55 - 59,48.97,48.97,30.0,0.0,VF CABLEMAX,1.0
575,KBW,18 - 24,44.98,44.98,30.0,0.0,VF CABLEMAX,1.0
576,NRW,40 - 44,32.99,32.99,30.0,0.0,GIGAZUHAUSE TREUE B,0.0
577,NRW,40 - 44,37.99,37.99,30.0,0.0,VF RIP U-TREUE,0.0
578,KBW,40 - 44,44.99,44.99,673.0,0.0,GIGAZUHAUSE KABEL,0.0
579,KBW,35 - 39,49.97,49.97,30.0,0.0,VF CABLEMAX,1.0
580,HSN,50 - 54,44.98,44.98,30.0,0.0,VF CABLEMAX,1.0
581,HSN,35 - 39,44.98,44.98,30.0,0.0,VF CABLEMAX,0.0
582,KBW,55 - 59,39.99,39.99,30.0,0.0,RED INTERNET & PHONE CABLE U,1.0
583,NRW,25 - 29,44.98,44.98,30.0,0.0,VF CABLEMAX,0.0
584,NRW,75 - 79,24.99,24.99,30.0,0.0,VF RIP U-TREUE,1.0
585,NRW,25 - 29,29.99,29.99,30.0,0.0,VF RIP U-TREUE,0.0
586,NRW,30 - 34,44.98,44.98,30.0,0.0,VF CABLEMAX,1.0
587,NRW,45 - 49,42.97,42.97,30.0,0.0,3PLAY START,0.0
588,NRW,60 - 64,39.99,39.99,30.0,0.0,RED INTERNET & PHONE CABLE U,0.0
589,HSN,65 - 69,34.99,34.99,30.0,0.0,RED INTERNET & PHONE CABLE U,0.0
590,HSN,55 - 59,30.95,30.95,30.0,0.0,RED INTERNET & PHONE CABLE U,1.0
591,HSN,50 - 54,49.99,49.99,30.0,0.0,RED INTERNET & PHONE CABLE U,1.0
592,NRW,30 - 34,39.99,39.99,30.0,0.0,RED INTERNET & PHONE CABLE U,0.0
593,NRW,40 - 44,64.97,29.99,30.0,0.0,VF RIP U-TREUE,0.0
594,HSN,50 - 54,39.99,39.99,30.0,0.0,RED INTERNET & PHONE CABLE U,1.0
595,HSN,35 - 39,47.99,47.99,30.0,1.0,VF RIP U-TREUE,1.0
596,NRW,25 - 29,54.98,54.98,30.0,0.0,GIGAZUHAUSE KABEL,1.0
597,KBW,35 - 39,29.99,29.99,30.0,0.0,RED INTERNET & PHONE CABLE U,0.0
598,KBW,60 - 64,34.99,34.99,30.0,0.0,RED INTERNET & PHONE CABLE U,0.0
599,KBW,55 - 59,49.97,49.97,30.0,0.0,VF CABLEMAX,0.0
600,NRW,60 - 64,54.99,54.99,30.0,0.0,RED INTERNET & PHONE CABLE U,0.0
601,NRW,65 - 69,42.97,42.97,30.0,0.0,RED INTERNET & PHONE CABLE U,0.0
602,KBW,75 - 79,34.99,34.99,30.0,0.0,GIGAZUHAUSE KABEL,0.0
603,HSN,35 - 39,32.99,32.99,30.0,0.0,VF RIP U-TREUE,0.0
604,KBW,40 - 44,42.97,42.97,30.0,0.0,RED INTERNET & PHONE CABLE U,1.0
605,KBW,18 - 24,39.98,39.98,30.0,0.0,RED INTERNET & PHONE CABLE U,1.0
606,KBW,60 - 64,44.98,44.98,30.0,0.0,RED INTERNET & PHONE CABLE U,1.0
607,KBW,30 - 34,34.99,34.99,30.0,0.0,RED INTERNET & PHONE CABLE U,0.0
608,KBW,40 - 44,29.99,29.99,30.0,0.0,INTERNET PREMIUM,0.0
609,NRW,30 - 34,44.98,44.98,30.0,0.0,VF CABLEMAX,1.0
610,NRW,45 - 49,34.99,34.99,30.0,0.0,RED INTERNET & PHONE CABLE U,0.0
611,KBW,40 - 44,32.99,32.99,368.0,0.0,GIGAZUHAUSE TREUE B,1.0
612,NRW,45 - 49,29.99,29.99,30.0,0.0,INTERNET PREMIUM,0.0
613,NRW,40 - 44,29.99,29.99,30.0,0.0,RED INTERNET & PHONE CABLE U,0.0
614,NRW,35 - 39,59.97,49.99,30.0,0.0,VF RIP U-TREUE,0.0
615,NRW,55 - 59,52.96,42.98,30.0,0.0,VF RIP U-TREUE,0.0
616,NRW,35 - 39,44.98,44.98,30.0,0.0,VF CABLEMAX,1.0
617,NRW,18 - 24,43.98,43.98,30.0,0.0,RED INTERNET & PHONE CABLE U,0.0
618,NRW,60 - 64,99.95,49.99,30.0,0.0,VF RIP U-TREUE,0.0
619,NRW,60 - 64,34.99,34.99,30.0,0.0,RED INTERNET & PHONE CABLE U,0.0
620,NRW,35 - 39,59.98,59.98,30.0,0.0,RED INTERNET & PHONE CABLE U,1.0
621,KBW,35 - 39,29.99,29.99,30.0,0.0,VF RIP U-TREUE,1.0
622,NRW,50 - 54,42.98,42.98,30.0,0.0,VF RIP U-TREUE,1.0
623,KBW,70 - 74,38.98,38.98,30.0,0.0,RED INTERNET & PHONE CABLE U,0.0
624,NRW,25 - 29,39.98,39.98,133.0,0.0,GIGAZUHAUSE KABEL,0.0
625,NRW,45 - 49,49.99,49.99,697.0,0.0,RED INTERNET & PHONE CABLE U,1.0
626,HSN,25 - 29,19.99,19.99,30.0,0.0,TELEFON HSI,1.0
627,HSN,30 - 34,169.92,169.92,30.0,0.0,RED INTERNET & PHONE CABLE U,1.0
628,NRW,65 - 69,54.98,54.98,30.0,0.0,RED INTERNET & PHONE CABLE U,1.0
629,NRW,60 - 64,49.99,49.99,30.0,0.0,RED INTERNET & PHONE CABLE U,1.0
630,NRW,75 - 79,29.99,29.99,30.0,0.0,VF RIP U-TREUE,1.0
631,KBW,35 - 39,49.99,49.99,30.0,0.0,GIGAZUHAUSE KABEL,1.0
632,HSN,40 - 44,44.98,44.98,30.0,0.0,VF CABLEMAX,1.0
633,NRW,75 - 79,24.99,24.99,30.0,0.0,INTERNET COMFORT,0.0
634,KBW,40 - 44,42.97,42.97,30.0,0.0,GIGAZUHAUSE KABEL,0.0
635,NRW,75 - 79,39.98,39.98,30.0,0.0,VF CABLEMAX,0.0
636,NRW,30 - 34,44.98,44.98,30.0,0.0,VF CABLEMAX,0.0
637,NRW,70 - 74,56.86,35.86,30.0,0.0,3PLAY,1.0
638,NRW,45 - 49,44.98,44.98,81.0,0.0,VF CABLEMAX,1.0
639,HSN,40 - 44,44.98,44.98,30.0,0.0,VF CABLEMAX,0.0
640,NRW,25 - 29,44.98,44.98,30.0,1.0,RED INTERNET & PHONE CABLE U,1.0
641,NRW,80 and over,37.99,37.99,30.0,0.0,VF RIP U-TREUE,0.0
642,NRW,30 - 34,39.99,39.99,30.0,0.0,RED INTERNET & PHONE CABLE U,1.0
643,HSN,40 - 44,44.98,44.98,30.0,0.0,VF CABLEMAX,0.0
644,NRW,50 - 54,49.99,49.99,30.0,0.0,RED INTERNET & PHONE CABLE U,1.0
645,KBW,35 - 39,29.99,29.99,30.0,0.0,VF RIP U-TREUE,1.0
646,KBW,25 - 29,39.98,39.98,155.0,0.0,GIGAZUHAUSE KABEL,1.0
647,HSN,35 - 39,44.97,44.97,30.0,0.0,VF CABLEMAX,1.0
648,KBW,35 - 39,34.99,34.99,30.0,0.0,RED INTERNET & PHONE CABLE U,1.0
649,NRW,60 - 64,47.96,47.96,30.0,0.0,GIGAZUHAUSE KABEL,1.0
650,KBW,35 - 39,44.98,44.98,30.0,0.0,VF CABLEMAX,0.0
651,KBW,60 - 64,49.97,49.97,30.0,0.0,VF CABLEMAX,1.0
652,NRW,60 - 64,29.99,29.99,30.0,0.0,VF RIP U-TREUE,0.0
653,NRW,75 - 79,75.98,54.99,30.0,0.0,RED INTERNET & PHONE CABLE U,0.0
654,NRW,65 - 69,42.98,42.98,30.0,0.0,VF RIP U-TREUE,0.0
655,KBW,30 - 34,34.99,34.99,30.0,0.0,RED INTERNET & PHONE CABLE U,0.0
656,NRW,25 - 29,44.98,44.98,30.0,0.0,VF CABLEMAX,0.0
657,NRW,55 - 59,49.99,49.99,30.0,0.0,RED INTERNET & PHONE CABLE U,0.0
658,KBW,30 - 34,32.99,32.99,273.0,0.0,GIGAZUHAUSE TREUE B,1.0
659,NRW,60 - 64,78.97,67.97,30.0,0.0,VF RIP U-TREUE,1.0
660,KBW,40 - 44,29.99,29.99,30.0,0.0,VF RIP U-TREUE,0.0
661,KBW,60 - 64,37.99,37.99,30.0,0.0,VF RIP U-TREUE,0.0
662,NRW,40 - 44,42.98,42.98,30.0,0.0,VF RIP U-TREUE,1.0
663,KBW,35 - 39,54.99,54.99,30.0,0.0,RED INTERNET & PHONE CABLE U,0.0
664,NRW,25 - 29,44.98,44.98,30.0,0.0,VF CABLEMAX,1.0
665,NRW,45 - 49,44.98,44.98,30.0,0.0,VF CABLEMAX,0.0
666,NRW,25 - 29,49.99,49.99,30.0,0.0,RED INTERNET & PHONE CABLE U,0.0
667,NRW,80 and over,48.97,48.97,30.0,0.0,VF CABLEMAX,0.0
668,NRW,80 and over,50.98,29.99,30.0,0.0,RED INTERNET & PHONE CABLE U,0.0
669,KBW,60 - 64,0.0,0.0,30.0,0.0,HSI HZ BOX ONLY,0.0
670,NRW,65 - 69,52.98,32.99,679.0,0.0,VF RIP U-TREUE,1.0
671,NRW,30 - 34,39.99,39.99,30.0,0.0,RED INTERNET & PHONE CABLE U,1.0
672,HSN,50 - 54,34.99,34.99,30.0,0.0,VF RIP U-TREUE,0.0
673,KBW,40 - 44,49.97,49.97,30.0,0.0,VF CABLEMAX,1.0
674,NRW,25 - 29,0.0,0.0,30.0,0.0,MMA,0.0
675,NRW,50 - 54,44.97,44.97,30.0,0.0,VF CABLEMAX,0.0
676,KBW,25 - 29,44.98,44.98,30.0,0.0,RED INTERNET & PHONE CABLE U,0.0
677,HSN,30 - 34,48.97,48.97,30.0,0.0,RED INTERNET & PHONE CABLE U,1.0
678,KBW,30 - 34,34.99,34.99,30.0,0.0,RED INTERNET & PHONE CABLE U,0.0
679,NRW,25 - 29,44.98,44.98,30.0,0.0,VF CABLEMAX,1.0
680,KBW,25 - 29,42.97,42.97,30.0,0.0,RED INTERNET & PHONE CABLE U,1.0
681,KBW,40 - 44,44.99,44.99,168.0,0.0,GIGAZUHAUSE KABEL,1.0
682,KBW,35 - 39,44.98,44.98,30.0,0.0,VF CABLEMAX,1.0
683,KBW,60 - 64,72.95,57.97,30.0,0.0,VF RIP U-TREUE,1.0
684,NRW,45 - 49,44.98,44.98,30.0,0.0,VF CABLEMAX,0.0
685,NRW,30 - 34,42.97,42.97,30.0,0.0,GIGAZUHAUSE KABEL,0.0
686,KBW,45 - 49,47.96,47.96,30.0,0.0,GIGAZUHAUSE KABEL,1.0
687,KBW,35 - 39,34.99,34.99,30.0,0.0,RED INTERNET & PHONE CABLE U,1.0
688,KBW,65 - 69,47.96,47.96,30.0,0.0,RED INTERNET & PHONE CABLE U,0.0
689,NRW,50 - 54,29.99,29.99,30.0,0.0,VF RIP U-TREUE,0.0
690,HSN,60 - 64,19.99,19.99,30.0,0.0,TELEFON HSI,0.0
691,NRW,65 - 69,29.99,29.99,30.0,0.0,VF RIP U-TREUE,0.0
692,NRW,30 - 34,44.98,44.98,30.0,0.0,VF CABLEMAX,1.0
693,NRW,75 - 79,59.96,29.99,30.0,0.0,VF RIP U-TREUE,0.0
694,NRW,45 - 49,39.98,39.98,30.0,0.0,VF CABLEMAX,0.0
695,KBW,30 - 34,37.98,37.98,270.0,0.0,GIGAZUHAUSE TREUE B,0.0
696,NRW,65 - 69,44.98,44.98,30.0,0.0,RED INTERNET & PHONE CABLE U,0.0
697,KBW,55 - 59,47.95,47.97,30.0,0.0,VF RIP U-TREUE,0.0
698,KBW,30 - 34,34.99,34.99,30.0,0.0,RED INTERNET & PHONE CABLE U,1.0
699,NRW,30 - 34,39.99,39.99,30.0,0.0,RED INTERNET & PHONE CABLE U,0.0
700,HSN,35 - 39,34.99,34.99,30.0,0.0,RED INTERNET & PHONE CABLE U,1.0
701,KBW,50 - 54,44.98,44.98,30.0,0.0,RED INTERNET & PHONE CABLE U,0.0
702,KBW,45 - 49,44.98,44.98,30.0,0.0,VF CABLEMAX,0.0
703,NRW,40 - 44,39.99,39.99,30.0,0.0,RED INTERNET & PHONE CABLE U,0.0
704,HSN,60 - 64,32.99,32.99,30.0,0.0,VF RIP U-TREUE,1.0
705,NRW,18 - 24,39.99,39.99,30.0,0.0,RED INTERNET & PHONE CABLE U,1.0
706,NRW,30 - 34,49.99,49.99,30.0,0.0,GIGAZUHAUSE KABEL,1.0
707,HSN,75 - 79,34.99,34.99,30.0,0.0,RED INTERNET & PHONE CABLE U,0.0
708,NRW,35 - 39,34.99,34.99,30.0,0.0,RED INTERNET & PHONE CABLE U,0.0
709,HSN,30 - 34,39.99,39.99,30.0,0.0,RED INTERNET & PHONE CABLE U,0.0
710,NRW,30 - 34,44.99,44.99,30.0,0.0,RED INTERNET & PHONE CABLE U,1.0
711,HSN,60 - 64,29.99,29.99,30.0,0.0,VF RIP U-TREUE,1.0
712,HSN,45 - 49,51.97,51.97,30.0,0.0,GIGAZUHAUSE KABEL,0.0
713,HSN,60 - 64,37.99,37.99,30.0,0.0,VF RIP U-TREUE,0.0
714,NRW,45 - 49,44.98,44.98,109.0,0.0,VF CABLEMAX,0.0
715,NRW,55 - 59,39.99,39.99,30.0,0.0,RED INTERNET & PHONE CABLE U,1.0
716,NRW,25 - 29,39.99,39.99,30.0,0.0,RED INTERNET & PHONE CABLE U,1.0
717,NRW,55 - 59,29.99,29.99,30.0,0.0,RED INTERNET & PHONE CABLE U,0.0
718,NRW,30 - 34,44.98,44.98,30.0,0.0,VF CABLEMAX,1.0
719,KBW,50 - 54,39.98,39.98,30.0,0.0,VF RIP U-TREUE,1.0
720,NRW,55 - 59,69.96,44.98,30.0,0.0,VF CABLEMAX,1.0
721,NRW,55 - 59,49.97,49.97,30.0,0.0,GIGAZUHAUSE KABEL,0.0
722,KBW,30 - 34,39.98,39.98,30.0,0.0,VF CABLEMAX,1.0
723,NRW,35 - 39,34.99,34.99,30.0,0.0,RED INTERNET & PHONE CABLE U,0.0
724,NRW,50 - 54,47.99,47.99,30.0,0.0,VF RIP U-TREUE,1.0
725,NRW,25 - 29,54.99,54.99,30.0,0.0,RED INTERNET & PHONE CABLE U,0.0
726,KBW,40 - 44,44.98,44.98,30.0,0.0,RED INTERNET & PHONE CABLE U,1.0
727,NRW,50 - 54,34.99,34.99,30.0,0.0,RED INTERNET & PHONE CABLE U,0.0
728,KBW,30 - 34,39.99,39.99,30.0,0.0,RED INTERNET & PHONE CABLE U,0.0
729,NRW,18 - 24,49.98,49.98,30.0,0.0,VF RIP U-TREUE,0.0
730,KBW,30 - 34,39.99,39.99,30.0,0.0,RED INTERNET & PHONE CABLE U,1.0
731,KBW,55 - 59,44.98,44.98,30.0,0.0,VF CABLEMAX,1.0
732,NRW,75 - 79,39.98,27.98,361.0,0.0,GIGAZUHAUSE TREUE B,0.0
733,NRW,25 - 29,34.99,34.99,30.0,0.0,RED INTERNET & PHONE CABLE U,0.0
734,KBW,40 - 44,47.96,47.96,30.0,0.0,GIGAZUHAUSE KABEL,1.0
735,HSN,35 - 39,37.99,37.99,30.0,0.0,VF RIP U-TREUE,0.0
736,NRW,40 - 44,44.98,44.98,30.0,0.0,VF CABLEMAX,1.0
737,NRW,50 - 54,44.97,34.99,30.0,0.0,RED INTERNET & PHONE CABLE U,1.0
738,NRW,50 - 54,34.99,34.99,30.0,0.0,RED INTERNET & PHONE CABLE U,0.0
739,HSN,30 - 34,34.99,34.99,30.0,0.0,VF RIP U-TREUE,1.0
740,NRW,35 - 39,39.98,39.98,30.0,0.0,GIGAZUHAUSE KABEL,1.0
741,KBW,45 - 49,49.99,49.99,30.0,0.0,GIGAZUHAUSE KABEL,0.0
742,NRW,60 - 64,39.99,39.99,30.0,0.0,RED INTERNET & PHONE CABLE U,0.0
743,NRW,18 - 24,54.96,29.99,30.0,0.0,VF RIP U-TREUE,0.0
744,KBW,25 - 29,44.98,44.98,30.0,0.0,RED INTERNET & PHONE CABLE U,1.0
745,NRW,60 - 64,54.98,54.98,30.0,0.0,GIGAZUHAUSE KABEL,0.0
746,KBW,25 - 29,29.99,29.99,30.0,0.0,INTERNET PREMIUM,1.0
747,KBW,40 - 44,49.97,49.97,30.0,0.0,RED INTERNET & PHONE CABLE U,0.0
748,NRW,60 - 64,39.99,39.99,30.0,0.0,RED INTERNET & PHONE CABLE U,1.0
749,NRW,25 - 29,44.98,44.98,30.0,0.0,RED INTERNET & PHONE CABLE U,1.0
750,HSN,55 - 59,34.99,34.99,30.0,0.0,RED INTERNET & PHONE CABLE U,0.0
751,NRW,50 - 54,49.97,49.97,30.0,0.0,RED INTERNET & PHONE CABLE U,1.0
752,KBW,35 - 39,42.98,42.98,30.0,0.0,VF RIP U-TREUE,0.0
753,HSN,80 and over,34.99,34.99,30.0,0.0,RED INTERNET & PHONE CABLE U,0.0
754,NRW,18 - 24,34.99,34.99,30.0,0.0,GIGAZUHAUSE KABEL,0.0
755,HSN,75 - 79,34.99,34.99,30.0,0.0,RED INTERNET & PHONE CABLE U,0.0
756,KBW,25 - 29,39.99,39.99,30.0,0.0,RED INTERNET & PHONE CABLE U,1.0
757,NRW,65 - 69,54.99,54.99,30.0,0.0,RED INTERNET & PHONE CABLE U,0.0
758,KBW,25 - 29,54.99,54.99,30.0,0.0,RED INTERNET & PHONE CABLE U,1.0
759,HSN,55 - 59,42.97,42.97,220.0,0.0,GIGAZUHAUSE KABEL,0.0
760,NRW,30 - 34,39.99,39.99,30.0,0.0,RED INTERNET & PHONE CABLE U,0.0
761,KBW,40 - 44,44.98,44.98,30.0,0.0,RED INTERNET & PHONE CABLE U,0.0
762,KBW,50 - 54,34.99,34.99,30.0,0.0,RED INTERNET & PHONE CABLE U,1.0
763,HSN,40 - 44,44.98,44.98,30.0,0.0,VF CABLEMAX,0.0
764,KBW,30 - 34,44.98,44.98,30.0,0.0,VF CABLEMAX,0.0
765,NRW,70 - 74,34.99,34.99,30.0,0.0,RED INTERNET & PHONE CABLE U,0.0
766,HSN,35 - 39,29.99,29.99,30.0,0.0,VF RIP U-TREUE,1.0
767,NRW,55 - 59,39.98,39.98,30.0,0.0,VF RIP U-TREUE,1.0
768,NRW,70 - 74,34.98,32.98,30.0,0.0,2PLAY PLUS,0.0
769,NRW,35 - 39,39.99,39.99,30.0,0.0,VF RIP U-TREUE,0.0
770,KBW,35 - 39,44.98,44.98,30.0,0.0,RED INTERNET & PHONE CABLE U,0.0
771,HSN,40 - 44,44.98,44.98,30.0,0.0,RED INTERNET & PHONE CABLE U,0.0
772,KBW,30 - 34,44.98,44.98,30.0,0.0,VF CABLEMAX,0.0
773,NRW,45 - 49,39.98,39.98,30.0,0.0,GIGAZUHAUSE KABEL,0.0
774,HSN,25 - 29,39.99,39.99,30.0,0.0,RED INTERNET & PHONE CABLE U,1.0
775,KBW,50 - 54,72.96,57.97,30.0,0.0,GIGAZUHAUSE KABEL,0.0
776,KBW,55 - 59,49.99,49.99,30.0,0.0,RED INTERNET & PHONE CABLE U,0.0
777,NRW,70 - 74,46.98,29.99,30.0,0.0,VF RIP U-TREUE,1.0
778,HSN,25 - 29,63.97,42.98,30.0,0.0,VF RIP U-TREUE,1.0
779,NRW,30 - 34,39.99,39.99,30.0,0.0,RED INTERNET & PHONE CABLE U,0.0
780,NRW,45 - 49,24.99,24.99,30.0,0.0,VF RIP U-TREUE,0.0
781,HSN,35 - 39,39.99,39.99,30.0,0.0,RED INTERNET & PHONE CABLE U,1.0
782,KBW,45 - 49,34.99,34.99,30.0,0.0,RED INTERNET & PHONE CABLE U,0.0
783,NRW,40 - 44,44.98,44.98,30.0,0.0,RED INTERNET & PHONE CABLE U,0.0
784,KBW,40 - 44,49.97,49.97,30.0,0.0,VF CABLEMAX,1.0
785,NRW,35 - 39,44.98,44.98,30.0,0.0,VF CABLEMAX,0.0
786,NRW,30 - 34,48.97,48.97,30.0,0.0,RED INTERNET & PHONE CABLE U,0.0
787,NRW,30 - 34,29.99,29.99,30.0,0.0,VF RIP U-TREUE,1.0
788,NRW,35 - 39,39.99,39.99,30.0,0.0,RED INTERNET & PHONE CABLE U,1.0
789,HSN,35 - 39,32.98,32.98,30.0,0.0,GIGAZUHAUSE TREUE B,0.0
790,KBW,25 - 29,39.98,39.98,30.0,0.0,VF CABLEMAX,1.0
791,NRW,40 - 44,19.99,19.99,30.0,0.0,RED INTERNET & PHONE CABLE U,1.0
792,NRW,55 - 59,34.99,34.99,30.0,0.0,RED INTERNET & PHONE CABLE U,0.0
793,HSN,60 - 64,39.98,39.98,30.0,0.0,RED INTERNET & PHONE CABLE U,0.0
794,NRW,30 - 34,48.97,48.97,30.0,0.0,VF CABLEMAX,1.0
795,KBW,55 - 59,44.89,44.89,30.0,0.0,INTERNET,0.0
796,NRW,25 - 29,24.97,24.99,30.0,0.0,RED INTERNET & PHONE CABLE U,1.0
797,NRW,35 - 39,29.99,29.99,30.0,0.0,RED INTERNET & PHONE CABLE U,1.0
798,KBW,30 - 34,37.99,37.99,30.0,0.0,VF RIP U-TREUE,1.0
799,NRW,25 - 29,44.98,44.98,30.0,0.0,RED INTERNET & PHONE CABLE U,1.0
800,KBW,30 - 34,34.99,34.99,30.0,0.0,RED INTERNET & PHONE CABLE U,0.0
801,KBW,30 - 34,39.98,39.98,30.0,0.0,VF RIP U-TREUE,0.0
802,KBW,25 - 29,44.98,44.98,30.0,0.0,RED INTERNET & PHONE CABLE U,0.0
803,NRW,70 - 74,68.96,53.98,30.0,0.0,RED INTERNET & PHONE CABLE U,0.0
804,NRW,45 - 49,49.99,49.99,30.0,0.0,RED INTERNET & PHONE CABLE U,1.0
805,KBW,55 - 59,44.98,44.98,30.0,0.0,RED INTERNET & PHONE CABLE U,1.0
806,NRW,65 - 69,44.98,44.98,30.0,0.0,VF CABLEMAX,0.0
807,HSN,30 - 34,39.99,39.99,30.0,0.0,RED INTERNET & PHONE CABLE U,0.0
808,HSN,80 and over,44.98,44.98,30.0,0.0,RED INTERNET & PHONE CABLE U,0.0
809,KBW,35 - 39,39.99,39.99,30.0,0.0,RED INTERNET & PHONE CABLE U,0.0
810,KBW,55 - 59,24.99,24.99,30.0,0.0,VF RIP U-TREUE,0.0
811,NRW,45 - 49,54.98,54.98,30.0,0.0,GIGAZUHAUSE KABEL,0.0
812,NRW,30 - 34,39.99,39.99,30.0,0.0,RED INTERNET & PHONE CABLE U,1.0
813,NRW,35 - 39,39.98,39.98,30.0,0.0,GIGAZUHAUSE KABEL,0.0
814,HSN,40 - 44,34.98,34.98,30.0,0.0,VF RIP U-TREUE,1.0
815,KBW,25 - 29,39.98,39.98,30.0,0.0,VF CABLEMAX,1.0
816,KBW,25 - 29,34.99,34.99,30.0,0.0,RED INTERNET & PHONE CABLE U,0.0
817,NRW,30 - 34,48.97,48.97,30.0,0.0,VF CABLEMAX,0.0
818,KBW,25 - 29,34.99,34.99,30.0,0.0,VF RIP U-TREUE,0.0
819,HSN,25 - 29,39.98,39.98,168.0,0.0,GIGAZUHAUSE KABEL,1.0
820,KBW,40 - 44,39.99,39.99,30.0,0.0,VF RIP U-TREUE,0.0
821,NRW,25 - 29,47.97,47.97,30.0,0.0,RED INTERNET & PHONE CABLE U,1.0
822,NRW,35 - 39,54.97,44.98,30.0,0.0,VF CABLEMAX,1.0
823,NRW,50 - 54,39.98,39.98,30.0,0.0,GIGAZUHAUSE TREUE B,0.0
824,NRW,35 - 39,34.99,34.99,30.0,0.0,RED INTERNET & PHONE CABLE U,1.0
825,KBW,30 - 34,39.99,39.99,30.0,0.0,RED INTERNET & PHONE CABLE U,1.0
826,KBW,40 - 44,29.99,29.99,30.0,0.0,VF RIP U-TREUE,0.0
827,HSN,60 - 64,34.99,34.99,30.0,0.0,RED INTERNET & PHONE CABLE U,0.0
828,NRW,70 - 74,34.99,34.99,30.0,0.0,RED INTERNET & PHONE CABLE U,0.0
829,NRW,70 - 74,75.76,45.86,30.0,0.0,3PLAY FLY,0.0
830,KBW,55 - 59,44.99,44.99,30.0,0.0,GIGAZUHAUSE KABEL,0.0
831,NRW,55 - 59,32.99,32.99,30.0,0.0,VF RIP U-TREUE,1.0
832,KBW,65 - 69,29.99,29.99,30.0,0.0,RED INTERNET & PHONE CABLE U,0.0
833,HSN,30 - 34,44.98,44.98,30.0,0.0,RED INTERNET & PHONE CABLE U,0.0
834,NRW,65 - 69,39.98,39.98,303.0,0.0,GIGAZUHAUSE TREUE B,1.0
835,NRW,40 - 44,54.99,54.99,30.0,0.0,RED INTERNET & PHONE CABLE U,1.0
836,HSN,75 - 79,44.97,44.97,30.0,0.0,GIGAZUHAUSE KABEL,1.0
837,NRW,60 - 64,34.99,34.99,30.0,0.0,VF RIP U-TREUE,0.0
838,HSN,45 - 49,39.98,39.98,168.0,0.0,GIGAZUHAUSE KABEL,0.0
839,NRW,35 - 39,29.99,29.99,30.0,0.0,VF RIP U-TREUE,0.0
840,HSN,60 - 64,49.97,44.98,30.0,0.0,VF CABLEMAX,1.0
841,NRW,80 and over,49.99,49.99,30.0,0.0,GIGAZUHAUSE KABEL,0.0
842,KBW,55 - 59,39.98,39.98,30.0,0.0,RED INTERNET & PHONE CABLE U,1.0
843,KBW,60 - 64,58.98,58.98,30.0,0.0,RED INTERNET & PHONE CABLE U,0.0
844,KBW,50 - 54,39.99,39.99,30.0,0.0,RED INTERNET & PHONE CABLE U,0.0
845,NRW,50 - 54,37.99,32.99,30.0,0.0,VF RIP U-TREUE,0.0
846,NRW,35 - 39,34.99,34.99,30.0,0.0,RED INTERNET & PHONE CABLE U,1.0
847,KBW,80 and over,39.99,39.99,30.0,0.0,RED INTERNET & PHONE CABLE U,0.0
848,KBW,80 and over,39.99,39.99,30.0,0.0,RED INTERNET & PHONE CABLE U,0.0
849,NRW,35 - 39,39.99,39.99,30.0,0.0,RED INTERNET & PHONE CABLE U,0.0
850,HSN,25 - 29,39.99,39.99,30.0,0.0,RED INTERNET & PHONE CABLE U,1.0
851,NRW,55 - 59,42.98,42.98,30.0,0.0,VF RIP U-TREUE,0.0
852,KBW,40 - 44,49.99,49.99,30.0,0.0,RED INTERNET & PHONE CABLE U,0.0
853,KBW,30 - 34,54.98,34.99,30.0,0.0,VF RIP U-TREUE,0.0
854,KBW,30 - 34,48.97,48.97,30.0,0.0,VF CABLEMAX,1.0
855,NRW,45 - 49,44.98,44.98,30.0,0.0,VF CABLEMAX,1.0
856,KBW,40 - 44,44.98,44.98,30.0,0.0,RED INTERNET & PHONE CABLE U,1.0
857,NRW,30 - 34,29.98,34.98,30.0,0.0,RED INTERNET & PHONE CABLE U,0.0
858,KBW,30 - 34,44.98,44.98,30.0,0.0,VF CABLEMAX,1.0
859,NRW,25 - 29,42.97,42.97,30.0,0.0,RED INTERNET & PHONE CABLE U,0.0
860,HSN,55 - 59,44.98,44.98,30.0,0.0,VF CABLEMAX,1.0
861,NRW,40 - 44,69.96,49.99,30.0,0.0,RED INTERNET & PHONE CABLE U,1.0
862,KBW,18 - 24,44.98,44.98,30.0,0.0,RED INTERNET & PHONE CABLE U,1.0
863,NRW,25 - 29,44.98,44.98,30.0,0.0,RED INTERNET & PHONE CABLE U,0.0
864,KBW,30 - 34,44.98,44.98,30.0,0.0,VF CABLEMAX,1.0
865,NRW,25 - 29,39.98,39.98,30.0,0.0,RED INTERNET & PHONE CABLE U,1.0
866,HSN,30 - 34,44.98,44.98,30.0,0.0,RED INTERNET & PHONE CABLE U,1.0
867,KBW,55 - 59,44.98,44.98,30.0,0.0,VF CABLEMAX,1.0
868,NRW,25 - 29,34.99,34.99,30.0,0.0,RED INTERNET & PHONE CABLE U,0.0
869,KBW,45 - 49,39.99,39.99,30.0,0.0,RED INTERNET & PHONE CABLE U,1.0
870,KBW,60 - 64,24.99,24.99,30.0,0.0,INTERNET COMFORT,0.0
871,KBW,60 - 64,44.98,44.98,30.0,0.0,RED INTERNET & PHONE CABLE U,0.0
872,KBW,25 - 29,29.99,29.99,30.0,0.0,RED INTERNET & PHONE CABLE U,0.0
873,KBW,50 - 54,44.97,44.97,30.0,0.0,VF CABLEMAX,0.0
874,KBW,55 - 59,34.99,34.99,30.0,0.0,RED INTERNET & PHONE CABLE U,0.0
875,KBW,25 - 29,44.98,44.98,30.0,0.0,VF CABLEMAX,1.0
876,NRW,35 - 39,44.98,44.98,30.0,0.0,VF CABLEMAX,0.0
877,HSN,55 - 59,39.99,39.99,30.0,1.0,RED INTERNET & PHONE CABLE U,1.0
878,KBW,25 - 29,44.98,44.98,30.0,0.0,VF CABLEMAX,1.0
879,KBW,40 - 44,44.98,44.98,30.0,0.0,VF CABLEMAX,0.0
880,NRW,60 - 64,24.99,24.99,30.0,0.0,RED INTERNET & PHONE CABLE U,1.0
881,KBW,60 - 64,34.99,34.99,30.0,0.0,RED INTERNET & PHONE CABLE U,0.0
882,NRW,40 - 44,29.99,29.99,30.0,0.0,VF RIP U-TREUE,1.0
883,KBW,55 - 59,34.99,34.99,30.0,0.0,RED INTERNET & PHONE CABLE U,0.0
884,KBW,25 - 29,44.98,44.98,30.0,0.0,VF CABLEMAX,0.0
885,NRW,40 - 44,47.99,47.99,30.0,0.0,VF RIP U-TREUE,0.0
886,KBW,35 - 39,37.98,37.98,30.0,0.0,VF RIP U-TREUE,1.0
887,NRW,40 - 44,39.99,39.99,30.0,0.0,RED INTERNET & PHONE CABLE U,0.0
888,KBW,35 - 39,34.99,34.99,30.0,0.0,RED INTERNET & PHONE CABLE U,0.0
889,NRW,25 - 29,44.98,44.98,30.0,0.0,VF CABLEMAX,1.0
890,NRW,25 - 29,37.99,37.99,30.0,0.0,VF RIP U-TREUE,1.0
891,KBW,45 - 49,44.98,44.98,30.0,0.0,RED INTERNET & PHONE CABLE U,1.0
892,HSN,40 - 44,49.99,49.99,30.0,0.0,RED INTERNET & PHONE CABLE U,0.0
893,KBW,30 - 34,24.99,24.99,318.0,0.0,GIGAZUHAUSE TREUE C,1.0
894,KBW,40 - 44,44.98,44.98,30.0,0.0,VF CABLEMAX,1.0
895,KBW,35 - 39,52.98,52.98,30.0,0.0,VF RIP U-TREUE,0.0
896,NRW,35 - 39,39.99,39.99,30.0,0.0,RED INTERNET & PHONE CABLE U,1.0
897,HSN,25 - 29,48.97,48.97,30.0,0.0,GIGAZUHAUSE KABEL,1.0
898,KBW,60 - 64,39.99,39.99,30.0,0.0,RED INTERNET & PHONE CABLE U,1.0
899,NRW,45 - 49,34.99,34.99,30.0,0.0,RED INTERNET & PHONE CABLE U,1.0
900,NRW,30 - 34,64.98,44.99,599.0,0.0,GIGAZUHAUSE KABEL,0.0
901,NRW,45 - 49,24.99,24.99,30.0,0.0,INTERNET COMFORT,1.0
902,NRW,60 - 64,56.95,56.95,30.0,0.0,RED INTERNET & PHONE CABLE U,0.0
903,HSN,25 - 29,44.98,44.98,30.0,0.0,VF CABLEMAX,1.0
904,NRW,35 - 39,34.99,34.99,30.0,0.0,VF RIP U-TREUE,1.0
905,NRW,30 - 34,39.99,39.99,30.0,0.0,RED INTERNET & PHONE CABLE U,1.0
906,NRW,35 - 39,34.99,34.99,30.0,0.0,RED INTERNET & PHONE CABLE U,0.0
907,NRW,50 - 54,39.99,39.99,30.0,0.0,VF CABLEMAX,0.0
908,NRW,25 - 29,34.99,34.99,30.0,0.0,RED INTERNET & PHONE CABLE U,0.0
909,KBW,30 - 34,39.99,39.99,30.0,0.0,VF RIP U-TREUE,0.0
910,KBW,45 - 49,63.97,63.98,136.0,0.0,GIGAZUHAUSE KABEL,0.0
911,NRW,55 - 59,34.99,34.99,30.0,0.0,RED INTERNET & PHONE CABLE U,1.0
912,KBW,35 - 39,44.98,44.98,30.0,0.0,RED INTERNET & PHONE CABLE U,0.0
913,KBW,40 - 44,44.98,44.98,30.0,0.0,VF CABLEMAX,0.0
914,NRW,30 - 34,34.99,34.99,30.0,0.0,RED INTERNET & PHONE CABLE U,0.0
915,HSN,30 - 34,39.99,39.99,30.0,0.0,RED INTERNET & PHONE CABLE U,0.0
916,KBW,25 - 29,32.99,32.99,30.0,0.0,GIGAZUHAUSE TREUE B,1.0
917,NRW,55 - 59,42.98,42.98,30.0,0.0,VF RIP U-TREUE,1.0
918,KBW,65 - 69,44.98,44.98,30.0,0.0,VF CABLEMAX,1.0
919,KBW,75 - 79,28.88,28.88,30.0,0.0,2PLAY,0.0
920,NRW,25 - 29,39.99,39.99,30.0,0.0,RED INTERNET & PHONE CABLE U,0.0
921,NRW,80 and over,29.99,29.99,30.0,0.0,VF RIP U-TREUE,0.0
922,HSN,55 - 59,24.99,24.99,30.0,0.0,VF RIP U-TREUE,1.0
923,HSN,45 - 49,32.99,32.99,30.0,0.0,VF RIP U-TREUE,0.0
924,KBW,35 - 39,59.97,44.98,30.0,0.0,RED INTERNET & PHONE CABLE U,1.0
925,NRW,65 - 69,49.99,49.99,30.0,0.0,RED INTERNET & PHONE CABLE U,0.0
926,HSN,25 - 29,32.99,32.99,30.0,0.0,VF RIP U-TREUE,1.0
927,NRW,80 and over,49.96,39.98,30.0,0.0,RED INTERNET & PHONE CABLE U,0.0
928,NRW,40 - 44,29.99,29.99,30.0,0.0,VF RIP U-TREUE,1.0
929,KBW,35 - 39,44.98,44.98,30.0,0.0,RED INTERNET & PHONE CABLE U,1.0
930,HSN,35 - 39,44.98,44.98,30.0,0.0,VF CABLEMAX,0.0
931,NRW,50 - 54,47.97,47.97,30.0,0.0,RED INTERNET & PHONE CABLE U,0.0
932,KBW,30 - 34,49.97,49.97,30.0,0.0,VF CABLEMAX,0.0
933,NRW,55 - 59,54.98,34.99,30.0,0.0,VF RIP U-TREUE,0.0
934,KBW,50 - 54,34.99,34.99,30.0,0.0,RED INTERNET & PHONE CABLE U,1.0
935,KBW,45 - 49,39.98,39.98,30.0,0.0,GIGAZUHAUSE KABEL,1.0
936,KBW,50 - 54,39.98,39.98,30.0,0.0,VF CABLEMAX,0.0
937,KBW,70 - 74,50.95,50.95,30.0,0.0,3PLAY PLUS MTA,1.0
938,KBW,40 - 44,44.98,44.98,30.0,0.0,VF CABLEMAX,0.0
939,NRW,40 - 44,39.99,39.99,30.0,0.0,VF RIP U-TREUE,1.0
940,KBW,60 - 64,39.99,39.99,30.0,0.0,RED INTERNET & PHONE CABLE U,1.0
941,NRW,60 - 64,44.98,44.98,30.0,0.0,VF CABLEMAX,1.0
942,KBW,30 - 34,34.99,34.99,30.0,0.0,RED INTERNET & PHONE CABLE U,0.0
943,KBW,60 - 64,37.98,37.98,528.0,0.0,GIGAZUHAUSE TREUE B,1.0
944,KBW,25 - 29,44.97,44.97,30.0,0.0,VF CABLEMAX,1.0
945,NRW,80 and over,60.89,39.89,30.0,0.0,2PLAY,0.0
946,NRW,55 - 59,34.99,34.99,30.0,0.0,RED INTERNET & PHONE CABLE U,0.0
947,NRW,40 - 44,59.98,39.99,30.0,0.0,VF RIP U-TREUE,1.0
948,NRW,35 - 39,42.98,42.98,30.0,0.0,VF RIP U-TREUE,0.0
949,KBW,25 - 29,54.99,54.99,30.0,0.0,RED INTERNET & PHONE CABLE U,0.0
950,KBW,65 - 69,47.97,47.97,30.0,0.0,VF RIP U-TREUE,1.0
951,NRW,35 - 39,24.99,24.99,30.0,0.0,INTERNET COMFORT,1.0
952,NRW,45 - 49,39.99,39.99,30.0,0.0,RED INTERNET & PHONE CABLE U,0.0
953,KBW,30 - 34,44.99,44.99,30.0,0.0,VF RIP U-TREUE,1.0
954,NRW,25 - 29,39.99,39.99,30.0,0.0,RED INTERNET & PHONE CABLE U,1.0
955,KBW,35 - 39,39.99,39.99,30.0,0.0,RED INTERNET & PHONE CABLE U,1.0
956,KBW,40 - 44,44.98,44.98,30.0,0.0,VF CABLEMAX,1.0
957,NRW,75 - 79,34.98,34.98,30.0,0.0,VF RIP U-TREUE,1.0
958,NRW,30 - 34,29.99,29.99,30.0,0.0,VF RIP U-TREUE,0.0
959,NRW,25 - 29,39.98,39.98,182.0,0.0,GIGAZUHAUSE KABEL,1.0
960,NRW,35 - 39,39.98,39.98,133.0,0.0,GIGAZUHAUSE TREUE C,1.0
961,NRW,70 - 74,34.99,34.99,30.0,0.0,RED INTERNET & PHONE CABLE U,1.0
962,NRW,25 - 29,50.98,39.99,30.0,0.0,VF RIP U-TREUE,1.0
963,NRW,55 - 59,54.98,54.98,30.0,0.0,RED INTERNET & PHONE CABLE U,0.0
964,NRW,35 - 39,44.98,44.98,30.0,0.0,VF CABLEMAX,0.0
965,KBW,25 - 29,39.99,39.99,30.0,0.0,VF RIP U-TREUE,1.0
966,NRW,35 - 39,34.99,34.99,30.0,0.0,RED INTERNET & PHONE CABLE U,0.0
967,NRW,25 - 29,38.98,38.98,30.0,0.0,RED INTERNET & PHONE CABLE U,1.0
968,KBW,60 - 64,39.99,39.99,30.0,0.0,RED INTERNET & PHONE CABLE U,1.0
969,NRW,40 - 44,34.99,34.99,30.0,0.0,RED INTERNET & PHONE CABLE U,1.0
970,NRW,25 - 29,49.97,49.97,30.0,0.0,RED INTERNET & PHONE CABLE U,0.0
971,NRW,35 - 39,49.99,49.99,30.0,0.0,RED INTERNET & PHONE CABLE U,0.0
972,KBW,30 - 34,39.98,39.98,30.0,0.0,VF CABLEMAX,0.0
973,NRW,65 - 69,44.98,44.98,30.0,0.0,RED INTERNET & PHONE CABLE U,0.0
974,KBW,45 - 49,65.34,44.98,30.0,0.0,RED INTERNET & PHONE CABLE U,0.0
975,KBW,18 - 24,44.98,44.98,30.0,0.0,VF CABLEMAX,1.0
976,HSN,55 - 59,69.96,44.98,30.0,0.0,RED INTERNET & PHONE CABLE U,1.0
977,NRW,35 - 39,44.98,44.98,30.0,0.0,RED INTERNET & PHONE CABLE U,0.0
978,NRW,40 - 44,34.99,34.99,143.0,0.0,VF CABLEMAX,0.0
979,NRW,65 - 69,49.98,49.98,30.0,0.0,GIGAZUHAUSE KABEL,0.0
980,NRW,25 - 29,39.99,39.99,30.0,0.0,RED INTERNET & PHONE CABLE U,0.0
981,KBW,25 - 29,63.97,63.97,30.0,0.0,VF CABLEMAX,1.0
982,KBW,30 - 34,39.99,39.99,30.0,0.0,RED INTERNET & PHONE CABLE U,0.0
983,NRW,60 - 64,50.76,29.99,30.0,0.0,RED INTERNET & PHONE CABLE U,0.0
984,NRW,45 - 49,44.98,44.98,30.0,0.0,RED INTERNET & PHONE CABLE U,1.0
985,NRW,30 - 34,49.99,49.99,30.0,0.0,GIGAZUHAUSE KABEL,1.0
986,HSN,60 - 64,44.98,44.98,30.0,0.0,VF CABLEMAX,1.0
987,NRW,45 - 49,47.96,47.96,30.0,0.0,3PLAY START,1.0
988,NRW,40 - 44,39.99,39.99,30.0,0.0,RED INTERNET & PHONE CABLE U,0.0
989,NRW,60 - 64,29.99,29.99,30.0,0.0,VF RIP U-TREUE,0.0
990,NRW,25 - 29,42.97,42.97,30.0,0.0,GIGAZUHAUSE KABEL,0.0
991,KBW,35 - 39,49.99,49.99,30.0,0.0,RED INTERNET & PHONE CABLE U,1.0
992,KBW,45 - 49,49.98,49.98,30.0,0.0,RED INTERNET & PHONE CABLE U,0.0
993,HSN,80 and over,34.99,34.99,30.0,0.0,RED INTERNET & PHONE CABLE U,0.0
994,NRW,25 - 29,34.99,34.99,30.0,0.0,RED INTERNET & PHONE CABLE U,1.0
995,NRW,75 - 79,34.99,34.99,30.0,0.0,RED INTERNET & PHONE CABLE U,0.0
996,NRW,35 - 39,44.97,44.97,30.0,0.0,RED INTERNET & PHONE CABLE U,0.0
997,KBW,30 - 34,29.99,29.99,30.0,0.0,VF RIP U-TREUE,0.0
998,HSN,30 - 34,39.99,39.99,30.0,0.0,RED INTERNET & PHONE CABLE U,0.0
999,KBW,40 - 44,32.99,32.99,30.0,0.0,VF RIP U-TREUE,1.0
1000,KBW,35 - 39,39.99,39.99,30.0,0.0,RED INTERNET & PHONE CABLE U,1.0
1001,KBW,25 - 29,39.98,39.98,30.0,0.0,VF CABLEMAX,1.0
1002,KBW,60 - 64,49.97,49.98,30.0,0.0,RED INTERNET & PHONE CABLE U,0.0
1003,NRW,60 - 64,37.78,37.78,30.0,0.0,RED INTERNET & PHONE CABLE U,1.0
1004,NRW,30 - 34,44.99,44.99,135.0,0.0,GIGAZUHAUSE KABEL,1.0
1005,KBW,50 - 54,44.98,44.98,30.0,0.0,VF CABLEMAX,1.0
1006,HSN,80 and over,58.77,37.78,30.0,0.0,RED INTERNET & PHONE CABLE U,1.0
1007,HSN,35 - 39,34.99,34.99,30.0,0.0,RED INTERNET & PHONE CABLE U,0.0
1008,NRW,50 - 54,41.98,34.99,30.0,0.0,VF RIP U-TREUE,0.0
1009,KBW,75 - 79,44.98,44.98,30.0,0.0,RED INTERNET & PHONE CABLE U,0.0
1010,KBW,25 - 29,44.98,44.98,30.0,0.0,VF CABLEMAX,1.0
1011,KBW,75 - 79,69.95,39.98,30.0,1.0,VF CABLEMAX,0.0
1012,KBW,30 - 34,44.98,44.98,30.0,0.0,RED INTERNET & PHONE CABLE U,1.0
1013,HSN,35 - 39,39.98,39.98,242.0,0.0,GIGAZUHAUSE KABEL,1.0
1014,KBW,50 - 54,24.99,24.99,30.0,0.0,INTERNET COMFORT,0.0
1015,KBW,35 - 39,42.97,42.97,30.0,0.0,RED INTERNET & PHONE CABLE U,0.0
1016,HSN,30 - 34,34.99,34.99,30.0,0.0,RED INTERNET & PHONE CABLE U,0.0
1017,HSN,30 - 34,44.98,44.98,30.0,1.0,VF CABLEMAX,1.0
1018,KBW,35 - 39,54.99,54.99,30.0,0.0,RED INTERNET & PHONE CABLE U,1.0
1019,NRW,50 - 54,54.96,44.98,391.0,0.0,VF CABLEMAX,1.0
1020,NRW,40 - 44,42.98,42.98,30.0,0.0,VF RIP U-TREUE,1.0
1021,KBW,40 - 44,39.99,39.99,30.0,0.0,RED INTERNET & PHONE CABLE U,0.0
1022,KBW,25 - 29,39.99,39.99,30.0,0.0,RED INTERNET & PHONE CABLE U,1.0
1023,NRW,50 - 54,42.98,42.98,656.0,1.0,VF RIP U-TREUE,0.0
1024,KBW,40 - 44,54.99,54.99,30.0,0.0,RED INTERNET & PHONE CABLE U,0.0
1025,KBW,45 - 49,43.98,43.98,30.0,0.0,RED INTERNET & PHONE CABLE U,1.0
1026,KBW,60 - 64,37.99,37.99,30.0,0.0,VF RIP U-TREUE,0.0
1027,KBW,50 - 54,37.99,37.99,30.0,0.0,VF RIP U-TREUE,0.0
1028,KBW,60 - 64,42.98,42.98,30.0,0.0,VF RIP U-TREUE,1.0
1029,NRW,80 and over,55.98,34.99,30.0,0.0,RED INTERNET & PHONE CABLE U,0.0
1030,KBW,75 - 79,34.99,34.99,30.0,0.0,RED INTERNET & PHONE CABLE U,0.0
1031,HSN,45 - 49,49.97,49.97,30.0,0.0,VF CABLEMAX,1.0
1032,NRW,25 - 29,34.99,34.99,30.0,0.0,RED INTERNET & PHONE CABLE U,1.0
1033,KBW,35 - 39,38.98,38.98,30.0,0.0,RED INTERNET & PHONE CABLE U,1.0
1034,KBW,40 - 44,34.99,34.99,30.0,1.0,VF RIP U-TREUE,1.0
1035,KBW,50 - 54,48.97,48.97,30.0,0.0,RED INTERNET & PHONE CABLE U,1.0
1036,NRW,35 - 39,42.98,42.98,30.0,0.0,VF RIP U-TREUE,0.0
1037,NRW,60 - 64,49.97,49.97,30.0,1.0,VF CABLEMAX,0.0
1038,KBW,35 - 39,64.98,64.98,30.0,0.0,RED INTERNET & PHONE CABLE U,0.0
1039,HSN,40 - 44,45.97,45.97,30.0,0.0,3PLAY JUMP,0.0
1040,NRW,30 - 34,44.98,44.98,30.0,0.0,VF CABLEMAX,1.0
1041,HSN,25 - 29,39.99,39.99,30.0,0.0,VF RIP U-TREUE,0.0
1042,NRW,25 - 29,34.99,34.99,30.0,0.0,RED INTERNET & PHONE CABLE U,1.0
1043,KBW,55 - 59,44.98,44.98,30.0,0.0,VF CABLEMAX,1.0
1044,NRW,80 and over,42.98,42.98,30.0,0.0,VF RIP U-TREUE,0.0
1045,NRW,80 and over,34.99,34.99,30.0,0.0,RED INTERNET & PHONE CABLE U,1.0
1046,HSN,50 - 54,59.98,59.98,30.0,0.0,RED INTERNET & PHONE CABLE U,1.0
1047,HSN,35 - 39,39.99,39.99,30.0,0.0,VF RIP U-TREUE,0.0
1048,KBW,25 - 29,34.99,34.99,30.0,0.0,RED INTERNET & PHONE CABLE U,0.0
1049,NRW,50 - 54,42.98,42.98,30.0,0.0,VF RIP U-TREUE,0.0
1050,NRW,25 - 29,34.99,34.99,30.0,0.0,RED INTERNET & PHONE CABLE U,1.0
1051,NRW,35 - 39,39.99,39.99,30.0,0.0,VF RIP U-TREUE,1.0
1052,KBW,65 - 69,34.98,34.98,30.0,0.0,VF RIP U-TREUE,0.0
1053,KBW,25 - 29,44.98,44.98,30.0,0.0,VF CABLEMAX,1.0
1054,NRW,70 - 74,69.96,39.99,30.0,0.0,VF RIP U-TREUE,0.0
1055,KBW,25 - 29,49.97,39.97,30.0,0.0,VF CABLEMAX,0.0
1056,NRW,30 - 34,34.99,34.99,30.0,0.0,RED INTERNET & PHONE CABLE U,1.0
1057,NRW,40 - 44,39.98,39.98,133.0,0.0,GIGAZUHAUSE KABEL,1.0
1058,KBW,70 - 74,54.99,54.99,30.0,0.0,RED INTERNET & PHONE CABLE U,0.0
1059,NRW,25 - 29,34.99,34.99,30.0,0.0,RED INTERNET & PHONE CABLE U,0.0
1060,HSN,70 - 74,34.99,34.99,30.0,0.0,RED INTERNET & PHONE CABLE U,0.0
1061,NRW,75 - 79,34.99,34.99,30.0,0.0,RED INTERNET & PHONE CABLE U,1.0
1062,HSN,65 - 69,34.99,34.99,30.0,0.0,RED INTERNET & PHONE CABLE U,1.0
1063,NRW,50 - 54,39.98,39.98,30.0,0.0,VF CABLEMAX,1.0
1064,KBW,35 - 39,49.99,49.99,30.0,0.0,RED INTERNET & PHONE CABLE U,0.0
1065,KBW,60 - 64,39.99,39.99,30.0,0.0,RED INTERNET & PHONE CABLE U,0.0
1066,HSN,25 - 29,44.98,44.98,30.0,0.0,RED INTERNET & PHONE CABLE U,1.0
1067,NRW,30 - 34,39.99,39.99,30.0,0.0,RED INTERNET & PHONE CABLE U,0.0
1068,NRW,60 - 64,34.99,34.99,30.0,0.0,RED INTERNET & PHONE CABLE U,1.0
1069,NRW,30 - 34,34.99,34.99,30.0,0.0,RED INTERNET & PHONE CABLE U,0.0
1070,KBW,40 - 44,65.97,44.99,30.0,0.0,GIGAZUHAUSE KABEL,1.0
1071,NRW,40 - 44,34.99,29.99,30.0,0.0,VF RIP U-TREUE,0.0
1072,HSN,25 - 29,63.97,63.97,30.0,0.0,RED INTERNET & PHONE CABLE U,1.0
1073,KBW,30 - 34,49.99,49.99,30.0,0.0,GIGAZUHAUSE KABEL,0.0
1074,NRW,70 - 74,45.97,45.97,30.0,0.0,GIGAZUHAUSE TREUE B,0.0
1075,NRW,30 - 34,52.98,52.98,184.0,0.0,GIGAZUHAUSE KABEL,0.0
1076,NRW,30 - 34,34.99,34.99,30.0,0.0,RED INTERNET & PHONE CABLE U,1.0
1077,HSN,35 - 39,39.99,39.99,30.0,0.0,VF RIP U-TREUE,1.0
1078,NRW,70 - 74,32.99,32.99,30.0,0.0,VF RIP U-TREUE,0.0
1079,NRW,35 - 39,39.98,39.98,30.0,0.0,RED INTERNET & PHONE CABLE U,1.0
1080,KBW,30 - 34,39.99,39.99,30.0,0.0,RED INTERNET & PHONE CABLE U,1.0
1081,NRW,40 - 44,42.98,42.98,30.0,0.0,VF RIP U-TREUE,0.0
1082,NRW,65 - 69,46.97,29.99,30.0,0.0,VF RIP U-TREUE,0.0
1083,NRW,65 - 69,27.98,27.98,254.0,0.0,VF RIP U-TREUE,1.0
1084,NRW,40 - 44,29.99,29.99,30.0,0.0,VF RIP U-TREUE,0.0
1085,NRW,30 - 34,34.99,34.99,30.0,0.0,RED INTERNET & PHONE CABLE U,0.0
1086,KBW,35 - 39,54.99,54.99,30.0,0.0,RED INTERNET & PHONE CABLE U,1.0
1087,KBW,35 - 39,46.98,29.99,30.0,0.0,VF RIP U-TREUE,1.0
1088,NRW,35 - 39,44.98,44.98,30.0,0.0,VF CABLEMAX,1.0
1089,NRW,40 - 44,47.99,47.99,30.0,0.0,VF RIP U-TREUE,1.0
1090,KBW,25 - 29,44.98,44.98,30.0,0.0,RED INTERNET & PHONE CABLE U,1.0
1091,KBW,35 - 39,38.98,38.98,30.0,0.0,RED INTERNET & PHONE CABLE U,1.0
1092,KBW,35 - 39,34.99,34.99,30.0,0.0,RED INTERNET & PHONE CABLE U,1.0
1093,HSN,18 - 24,42.97,42.97,206.0,0.0,GIGAZUHAUSE KABEL,1.0
1094,HSN,45 - 49,39.99,39.99,30.0,0.0,VF RIP U-TREUE,0.0
1095,NRW,45 - 49,54.99,54.99,30.0,0.0,GIGAZUHAUSE KABEL,1.0
1096,NRW,25 - 29,34.99,34.99,30.0,0.0,RED INTERNET & PHONE CABLE U,1.0
1097,NRW,35 - 39,39.99,39.99,30.0,0.0,RED INTERNET & PHONE CABLE U,1.0
1098,HSN,50 - 54,63.96,44.98,30.0,0.0,VF CABLEMAX,0.0
1099,NRW,70 - 74,32.99,32.99,219.0,0.0,GIGAZUHAUSE TREUE B,0.0
1100,NRW,65 - 69,49.99,49.99,30.0,0.0,RED INTERNET & PHONE CABLE U,1.0
1101,KBW,60 - 64,44.98,44.98,30.0,0.0,VF CABLEMAX,1.0
1102,NRW,25 - 29,37.98,37.98,309.0,0.0,GIGAZUHAUSE KABEL,0.0
1103,KBW,30 - 34,29.99,29.99,30.0,0.0,RED INTERNET & PHONE CABLE U,1.0
1104,KBW,45 - 49,47.98,47.98,697.0,1.0,GIGAZUHAUSE TREUE B,0.0
1105,NRW,35 - 39,49.97,49.97,30.0,0.0,VF CABLEMAX,0.0
1106,NRW,50 - 54,29.99,29.99,30.0,0.0,RED INTERNET & PHONE CABLE U,0.0
1107,NRW,55 - 59,34.99,34.99,30.0,0.0,RED INTERNET & PHONE CABLE U,1.0
1108,NRW,60 - 64,0.0,0.0,30.0,0.0,MMA,0.0
1109,KBW,60 - 64,45.38,45.38,30.0,0.0,3PLAY JUMP,0.0
1110,NRW,35 - 39,37.99,37.99,30.0,0.0,VF RIP U-TREUE,1.0
1111,KBW,30 - 34,29.99,29.99,30.0,0.0,RED INTERNET & PHONE CABLE U,0.0
1112,NRW,30 - 34,49.99,49.99,30.0,0.0,RED INTERNET & PHONE CABLE U,0.0
1113,NRW,40 - 44,39.99,39.99,30.0,0.0,RED INTERNET & PHONE CABLE U,1.0
1114,NRW,55 - 59,44.98,44.98,30.0,0.0,RED INTERNET & PHONE CABLE U,0.0
1115,NRW,60 - 64,34.99,34.99,30.0,0.0,RED INTERNET & PHONE CABLE U,0.0
1116,NRW,25 - 29,54.99,54.99,30.0,0.0,RED INTERNET & PHONE CABLE U,1.0
1117,KBW,70 - 74,68.96,47.97,30.0,0.0,RED INTERNET & PHONE CABLE U,1.0
1118,KBW,60 - 64,44.98,44.98,30.0,0.0,VF CABLEMAX,0.0
1119,NRW,35 - 39,34.99,34.99,30.0,0.0,VF RIP U-TREUE,0.0
1120,KBW,70 - 74,29.99,29.99,30.0,0.0,VF RIP U-TREUE,0.0
1121,NRW,50 - 54,56.95,49.97,30.0,0.0,VF CABLEMAX,0.0
1122,HSN,35 - 39,34.99,34.99,30.0,0.0,RED INTERNET & PHONE CABLE U,0.0
1123,KBW,40 - 44,47.98,47.98,30.0,0.0,GIGAZUHAUSE KABEL,1.0
1124,NRW,60 - 64,56.36,35.0,30.0,0.0,2PLAY,0.0
1125,NRW,35 - 39,29.99,29.99,30.0,0.0,VF RIP U-TREUE,0.0
1126,KBW,25 - 29,49.99,49.99,30.0,0.0,RED INTERNET & PHONE CABLE U,1.0
1127,KBW,35 - 39,49.99,49.99,30.0,0.0,RED INTERNET & PHONE CABLE U,1.0
1128,NRW,25 - 29,44.98,44.98,30.0,0.0,RED INTERNET & PHONE CABLE U,0.0
1129,KBW,25 - 29,34.99,34.99,30.0,0.0,RED INTERNET & PHONE CABLE U,1.0
1130,NRW,35 - 39,39.98,39.98,129.0,0.0,GIGAZUHAUSE KABEL,0.0
1131,KBW,60 - 64,24.99,24.99,30.0,0.0,RED INTERNET & PHONE CABLE U,0.0
1132,NRW,40 - 44,32.99,32.99,637.0,0.0,VF RIP U-TREUE,0.0
1133,NRW,30 - 34,39.99,39.99,30.0,0.0,VF CABLEMAX,0.0
1134,NRW,40 - 44,39.99,39.99,30.0,0.0,RED INTERNET & PHONE CABLE U,0.0
1135,NRW,35 - 39,29.99,29.99,30.0,0.0,VF RIP U-TREUE,1.0
1136,KBW,40 - 44,37.99,37.99,30.0,0.0,VF RIP U-TREUE,1.0
1137,KBW,25 - 29,44.98,44.98,30.0,0.0,RED INTERNET & PHONE CABLE U,1.0
1138,NRW,25 - 29,39.98,39.98,30.0,0.0,GIGAZUHAUSE KABEL,1.0
1139,NRW,30 - 34,49.99,49.99,30.0,0.0,RED INTERNET & PHONE CABLE U,1.0
1140,KBW,25 - 29,34.99,34.99,30.0,0.0,RED INTERNET & PHONE CABLE U,1.0
1141,NRW,50 - 54,42.97,42.97,30.0,1.0,RED INTERNET & PHONE CABLE U,0.0
1142,NRW,18 - 24,52.98,52.98,675.0,0.0,GIGAZUHAUSE KABEL,1.0
1143,KBW,65 - 69,60.98,39.99,30.0,0.0,VF RIP U-TREUE,0.0
1144,KBW,25 - 29,39.98,39.98,30.0,1.0,RED INTERNET & PHONE CABLE U,0.0
1145,KBW,40 - 44,49.99,49.99,30.0,0.0,RED INTERNET & PHONE CABLE U,0.0
1146,KBW,50 - 54,38.98,38.98,30.0,0.0,RED INTERNET & PHONE CABLE U,1.0
1147,NRW,50 - 54,44.98,44.98,30.0,0.0,RED INTERNET & PHONE CABLE U,0.0
1148,NRW,35 - 39,74.96,44.98,30.0,0.0,VF CABLEMAX,0.0
1149,NRW,80 and over,24.99,24.99,30.0,0.0,VF RIP U-TREUE,1.0
1150,KBW,65 - 69,44.98,44.98,30.0,0.0,VF CABLEMAX,0.0
1151,NRW,70 - 74,49.97,39.98,92.0,0.0,VF CABLEMAX,1.0
1152,NRW,55 - 59,24.99,24.99,212.0,0.0,GIGAZUHAUSE TREUE C,0.0
1153,KBW,35 - 39,44.98,44.98,30.0,0.0,VF CABLEMAX,1.0
1154,NRW,50 - 54,54.98,54.98,30.0,0.0,VF RIP U-TREUE,1.0
1155,KBW,45 - 49,44.98,44.98,30.0,0.0,VF CABLEMAX,0.0
1156,NRW,65 - 69,72.97,37.99,30.0,0.0,VF RIP U-TREUE,0.0
1157,NRW,35 - 39,19.99,19.99,30.0,0.0,EAZY,1.0
1158,NRW,65 - 69,32.99,32.99,695.0,0.0,GIGAZUHAUSE TREUE B,0.0
1159,KBW,30 - 34,39.98,39.98,254.0,0.0,GIGAZUHAUSE KABEL,1.0
1160,NRW,25 - 29,42.98,42.98,30.0,0.0,2PLAY PLUS,0.0
1161,NRW,40 - 44,44.98,29.99,30.0,0.0,VF RIP U-TREUE,0.0
1162,KBW,60 - 64,44.98,44.98,42.0,0.0,VF CABLEMAX,1.0
1163,NRW,25 - 29,43.98,43.98,30.0,0.0,RED INTERNET & PHONE CABLE U,0.0
1164,NRW,25 - 29,34.99,34.99,30.0,0.0,RED INTERNET & PHONE CABLE U,0.0
1165,NRW,55 - 59,39.99,39.99,30.0,0.0,RED INTERNET & PHONE CABLE U,1.0
1166,KBW,55 - 59,55.98,34.99,30.0,1.0,VF RIP U-TREUE,1.0
1167,NRW,65 - 69,29.99,29.99,30.0,0.0,VF RIP U-TREUE,0.0
1168,NRW,25 - 29,44.98,44.98,30.0,0.0,VF CABLEMAX,1.0
1169,NRW,35 - 39,39.99,39.99,30.0,0.0,RED INTERNET & PHONE CABLE U,0.0
1170,NRW,60 - 64,59.98,34.99,30.0,0.0,VF RIP U-TREUE,1.0
1171,NRW,35 - 39,17.99,17.99,30.0,0.0,EAZY FLEX,0.0
1172,HSN,45 - 49,49.97,49.97,30.0,0.0,VF CABLEMAX,0.0
1173,KBW,50 - 54,49.99,49.99,30.0,0.0,GIGAZUHAUSE KABEL,0.0
1174,KBW,25 - 29,44.98,44.98,30.0,0.0,RED INTERNET & PHONE CABLE U,1.0
1175,NRW,30 - 34,29.99,29.99,30.0,0.0,VF RIP U-TREUE,0.0
1176,NRW,25 - 29,37.98,37.98,30.0,0.0,VF RIP U-TREUE,0.0
1177,KBW,70 - 74,34.99,34.99,30.0,0.0,RED INTERNET & PHONE CABLE U,0.0
1178,NRW,25 - 29,43.98,43.98,30.0,0.0,RED INTERNET & PHONE CABLE U,0.0
1179,KBW,30 - 34,44.98,44.98,30.0,0.0,VF CABLEMAX,1.0
1180,NRW,35 - 39,44.98,44.98,30.0,0.0,VF CABLEMAX,1.0
1181,KBW,40 - 44,44.98,44.98,30.0,0.0,VF CABLEMAX,0.0
1182,HSN,35 - 39,44.97,44.97,30.0,0.0,GIGAZUHAUSE KABEL,0.0
1183,HSN,25 - 29,39.98,39.98,214.0,0.0,GIGAZUHAUSE KABEL,0.0
1184,NRW,35 - 39,34.99,34.99,30.0,0.0,RED INTERNET & PHONE CABLE U,0.0
1185,KBW,25 - 29,54.99,54.99,30.0,0.0,RED INTERNET & PHONE CABLE U,1.0
1186,NRW,30 - 34,39.99,39.99,30.0,0.0,RED INTERNET & PHONE CABLE U,0.0
1187,KBW,45 - 49,52.98,52.98,30.0,0.0,GIGAZUHAUSE KABEL,1.0
1188,KBW,25 - 29,44.98,44.98,30.0,0.0,RED INTERNET & PHONE CABLE U,0.0
1189,NRW,35 - 39,44.98,44.98,30.0,0.0,VF CABLEMAX,0.0
1190,NRW,30 - 34,24.99,24.99,30.0,0.0,GIGAZUHAUSE TREUE C,1.0
1191,NRW,45 - 49,44.98,44.98,30.0,0.0,VF CABLEMAX,0.0
1192,KBW,35 - 39,39.99,39.99,30.0,0.0,RED INTERNET & PHONE CABLE U,1.0
1193,HSN,45 - 49,69.96,44.98,30.0,0.0,VF CABLEMAX,1.0
1194,HSN,30 - 34,54.99,54.99,30.0,0.0,3PLAY TREUE,1.0
1195,HSN,35 - 39,49.97,49.97,30.0,0.0,VF CABLEMAX,0.0
1196,NRW,25 - 29,39.99,39.99,30.0,0.0,RED INTERNET & PHONE CABLE U,0.0
1197,NRW,30 - 34,39.99,39.99,30.0,0.0,RED INTERNET & PHONE CABLE U,0.0
1198,NRW,25 - 29,34.99,34.99,30.0,0.0,RED INTERNET & PHONE CABLE U,0.0
1199,KBW,60 - 64,44.98,44.98,30.0,0.0,VF CABLEMAX,0.0
1200,NRW,30 - 34,59.98,59.98,30.0,0.0,RED INTERNET & PHONE CABLE U,0.0
1201,NRW,30 - 34,34.99,34.99,30.0,0.0,RED INTERNET & PHONE CABLE U,1.0
1202,NRW,80 and over,0.0,0.0,30.0,0.0,MMA,1.0
1203,NRW,30 - 34,39.99,39.99,30.0,0.0,RED INTERNET & PHONE CABLE U,1.0
1204,HSN,65 - 69,58.14,37.78,30.0,0.0,RED INTERNET & PHONE CABLE U,1.0
1205,NRW,30 - 34,49.97,49.97,30.0,0.0,VF CABLEMAX,1.0
1206,NRW,45 - 49,47.97,42.98,30.0,0.0,VF RIP U-TREUE,1.0
1207,NRW,35 - 39,34.99,34.99,30.0,0.0,RED INTERNET & PHONE CABLE U,1.0
1208,NRW,40 - 44,29.99,29.99,30.0,0.0,VF RIP U-TREUE,0.0
1209,KBW,45 - 49,29.99,29.99,30.0,0.0,VF RIP U-TREUE,1.0
1210,NRW,50 - 54,44.98,44.98,30.0,0.0,VF CABLEMAX,1.0
1211,KBW,50 - 54,32.99,32.99,30.0,0.0,VF RIP U-TREUE,0.0
1212,NRW,35 - 39,42.97,42.97,30.0,0.0,GIGAZUHAUSE KABEL,0.0
1213,KBW,40 - 44,54.99,54.99,30.0,0.0,RED INTERNET & PHONE CABLE U,0.0
1214,KBW,60 - 64,34.99,34.99,30.0,0.0,VF RIP U-TREUE,1.0
1215,NRW,45 - 49,44.98,44.98,30.0,0.0,RED INTERNET & PHONE CABLE U,0.0
1216,NRW,40 - 44,39.99,39.99,30.0,0.0,VF RIP U-TREUE,0.0
1217,NRW,30 - 34,39.99,39.99,30.0,0.0,VF RIP U-TREUE,1.0
1218,KBW,50 - 54,59.97,44.98,30.0,0.0,RED INTERNET & PHONE CABLE U,1.0
1219,KBW,55 - 59,44.98,44.98,30.0,0.0,RED INTERNET & PHONE CABLE U,1.0
1220,NRW,50 - 54,39.98,39.98,30.0,0.0,VF RIP U-TREUE,1.0
1221,HSN,40 - 44,54.99,54.99,30.0,0.0,RED INTERNET & PHONE CABLE U,1.0
1222,KBW,18 - 24,44.98,44.98,30.0,0.0,VF CABLEMAX,0.0
1223,KBW,45 - 49,44.98,44.98,30.0,0.0,VF CABLEMAX,1.0
1224,NRW,60 - 64,44.98,44.98,30.0,0.0,RED INTERNET & PHONE CABLE U,1.0
1225,KBW,35 - 39,39.98,39.98,30.0,0.0,RED INTERNET & PHONE CABLE U,0.0
1226,KBW,70 - 74,44.98,44.98,30.0,0.0,VF CABLEMAX,0.0
1227,NRW,30 - 34,34.99,34.99,30.0,0.0,VF RIP U-TREUE,0.0
1228,NRW,45 - 49,39.99,39.99,30.0,0.0,RED INTERNET & PHONE CABLE U,0.0
1229,KBW,75 - 79,39.98,39.98,30.0,0.0,RED INTERNET & PHONE CABLE U,1.0
1230,NRW,45 - 49,54.98,54.98,30.0,0.0,RED INTERNET & PHONE CABLE U,0.0
1231,NRW,50 - 54,49.97,49.97,30.0,0.0,VF CABLEMAX,1.0
1232,NRW,30 - 34,29.99,29.99,30.0,0.0,VF RIP U-TREUE,0.0
1233,NRW,35 - 39,48.97,48.97,30.0,0.0,VF CABLEMAX,0.0
1234,HSN,45 - 49,32.99,32.99,30.0,0.0,VF RIP U-TREUE,1.0
1235,NRW,30 - 34,42.98,42.98,30.0,0.0,VF RIP U-TREUE,1.0
1236,NRW,45 - 49,39.99,39.99,30.0,0.0,VF CABLEMAX,0.0
1237,NRW,40 - 44,44.98,44.98,30.0,0.0,VF CABLEMAX,0.0
1238,NRW,40 - 44,49.97,49.97,30.0,0.0,VF CABLEMAX,0.0
1239,NRW,40 - 44,32.99,32.99,30.0,0.0,VF RIP U-TREUE,1.0
1240,NRW,25 - 29,34.99,34.99,30.0,0.0,RED INTERNET & PHONE CABLE U,1.0
1241,NRW,40 - 44,69.98,44.99,30.0,0.0,GIGAZUHAUSE KABEL,0.0
1242,KBW,25 - 29,44.98,44.98,30.0,0.0,RED INTERNET & PHONE CABLE U,1.0
1243,NRW,50 - 54,22.99,22.99,30.0,0.0,EAZY FLEX,0.0
1244,NRW,60 - 64,42.97,42.97,30.0,0.0,RED INTERNET & PHONE CABLE U,0.0
1245,KBW,30 - 34,29.99,29.99,30.0,0.0,VF RIP U-TREUE,0.0
1246,KBW,40 - 44,34.99,34.99,30.0,0.0,RED INTERNET & PHONE CABLE U,0.0
1247,NRW,25 - 29,58.98,58.98,30.0,0.0,RED INTERNET & PHONE CABLE U,1.0
1248,HSN,25 - 29,43.98,43.98,30.0,0.0,RED INTERNET & PHONE CABLE U,1.0
1249,NRW,65 - 69,39.98,39.98,30.0,0.0,VF CABLEMAX,0.0
1250,NRW,40 - 44,37.99,37.99,30.0,3.0,VF RIP U-TREUE,0.0
1251,HSN,25 - 29,39.98,39.98,30.0,0.0,RED INTERNET & PHONE CABLE U,1.0
1252,KBW,65 - 69,44.98,44.98,30.0,0.0,VF CABLEMAX,1.0
1253,KBW,55 - 59,29.99,29.99,30.0,0.0,VF RIP U-TREUE,0.0
1254,NRW,70 - 74,27.99,27.99,30.0,0.0,VF RIP U-TREUE,0.0
1255,KBW,40 - 44,44.98,44.98,73.0,0.0,VF CABLEMAX,1.0
1256,NRW,80 and over,38.98,38.98,30.0,0.0,RED INTERNET & PHONE CABLE U,0.0
1257,KBW,35 - 39,39.99,39.99,30.0,0.0,RED INTERNET & PHONE CABLE U,0.0
1258,NRW,18 - 24,29.99,29.99,30.0,0.0,VF RIP U-TREUE,1.0
1259,KBW,55 - 59,49.99,49.99,30.0,0.0,GIGAZUHAUSE KABEL,1.0
1260,KBW,45 - 49,65.97,44.98,30.0,0.0,VF CABLEMAX,0.0
1261,NRW,30 - 34,34.99,34.99,30.0,0.0,VF CABLEMAX,1.0
1262,KBW,55 - 59,44.97,44.97,647.0,0.0,GIGAZUHAUSE KABEL,1.0
1263,NRW,18 - 24,44.98,44.98,30.0,0.0,VF CABLEMAX,0.0
1264,KBW,30 - 34,34.99,34.99,30.0,0.0,RED INTERNET & PHONE CABLE U,1.0
1265,NRW,30 - 34,34.99,34.99,30.0,0.0,VF RIP U-TREUE,0.0
1266,HSN,25 - 29,24.99,34.99,30.0,0.0,RED INTERNET & PHONE CABLE U,1.0
1267,NRW,30 - 34,44.98,44.98,30.0,0.0,VF CABLEMAX,0.0
1268,NRW,75 - 79,34.99,34.99,30.0,0.0,RED INTERNET & PHONE CABLE U,1.0
1269,KBW,25 - 29,39.99,39.99,30.0,0.0,RED INTERNET & PHONE CABLE U,0.0
1270,KBW,18 - 24,38.98,38.98,30.0,0.0,RED INTERNET & PHONE CABLE U,0.0
1271,NRW,50 - 54,44.98,44.98,30.0,0.0,RED INTERNET & PHONE CABLE U,1.0
1272,NRW,50 - 54,39.99,39.99,30.0,0.0,VF CABLEMAX,0.0
1273,HSN,25 - 29,44.98,44.98,30.0,0.0,RED INTERNET & PHONE CABLE U,0.0
1274,NRW,25 - 29,44.98,44.98,30.0,0.0,VF CABLEMAX,0.0
1275,KBW,55 - 59,29.99,29.99,30.0,0.0,VF RIP U-TREUE,0.0
1276,NRW,30 - 34,54.98,34.99,360.0,0.0,GIGAZUHAUSE TREUE C,0.0
1277,NRW,80 and over,49.99,49.99,30.0,0.0,GIGAZUHAUSE KABEL,0.0
1278,HSN,30 - 34,44.98,44.98,30.0,0.0,VF CABLEMAX,1.0
1279,KBW,25 - 29,47.97,47.97,30.0,0.0,RED INTERNET & PHONE CABLE U,1.0
1280,KBW,60 - 64,44.98,44.98,30.0,0.0,RED INTERNET & PHONE CABLE U,1.0
1281,HSN,75 - 79,37.99,37.99,30.0,0.0,VF RIP U-TREUE,1.0
1282,NRW,25 - 29,34.99,34.99,30.0,0.0,RED INTERNET & PHONE CABLE U,1.0
1283,NRW,18 - 24,44.98,44.98,44.0,0.0,RED INTERNET & PHONE CABLE U,0.0
1284,KBW,75 - 79,34.99,34.99,30.0,0.0,RED INTERNET & PHONE CABLE U,0.0
1285,NRW,35 - 39,29.99,29.99,30.0,0.0,VF RIP U-TREUE,0.0
1286,HSN,35 - 39,39.98,39.98,30.0,0.0,RED INTERNET & PHONE CABLE U,1.0
1287,KBW,60 - 64,44.98,44.98,30.0,0.0,RED INTERNET & PHONE CABLE U,0.0
1288,NRW,55 - 59,44.98,44.98,30.0,0.0,VF CABLEMAX,0.0
1289,KBW,30 - 34,60.98,39.99,30.0,0.0,VF RIP U-TREUE,0.0
1290,NRW,35 - 39,54.98,54.98,30.0,0.0,GIGAZUHAUSE KABEL,1.0
1291,KBW,60 - 64,29.99,29.99,30.0,0.0,VF RIP U-TREUE,0.0
1292,NRW,25 - 29,39.99,39.99,30.0,0.0,RED INTERNET & PHONE CABLE U,1.0
1293,NRW,30 - 34,39.98,39.98,30.0,0.0,VF CABLEMAX,1.0
1294,NRW,25 - 29,34.99,34.99,30.0,0.0,RED INTERNET & PHONE CABLE U,1.0
1295,NRW,40 - 44,44.98,44.98,30.0,0.0,RED INTERNET & PHONE CABLE U,0.0
1296,KBW,40 - 44,42.98,42.98,30.0,0.0,VF RIP U-TREUE,1.0
1297,NRW,25 - 29,49.99,49.99,30.0,0.0,GIGAZUHAUSE KABEL,1.0
1298,NRW,25 - 29,44.98,44.98,30.0,0.0,RED INTERNET & PHONE CABLE U,0.0
1299,NRW,45 - 49,37.97,37.97,30.0,0.0,VF RIP U-TREUE,1.0
1300,NRW,50 - 54,44.98,44.98,30.0,0.0,VF CABLEMAX,1.0
1301,KBW,30 - 34,39.99,39.99,30.0,0.0,RED INTERNET & PHONE CABLE U,0.0
1302,NRW,70 - 74,34.99,34.99,30.0,0.0,RED INTERNET & PHONE CABLE U,0.0
1303,HSN,45 - 49,61.96,40.97,30.0,0.0,RED INTERNET & PHONE CABLE U,0.0
1304,NRW,45 - 49,47.99,47.99,30.0,0.0,VF RIP U-TREUE,1.0
1305,KBW,30 - 34,44.98,44.98,30.0,0.0,VF CABLEMAX,1.0
1306,NRW,40 - 44,42.98,29.99,30.0,0.0,VF RIP U-TREUE,0.0
1307,HSN,40 - 44,37.98,37.98,30.0,0.0,VF RIP U-TREUE,0.0
1308,NRW,30 - 34,9.98,9.98,30.0,0.0,HSI HZ BOX ONLY,0.0
1309,NRW,30 - 34,39.99,39.99,30.0,0.0,RED INTERNET & PHONE CABLE U,0.0
1310,NRW,45 - 49,39.99,39.99,30.0,0.0,RED INTERNET & PHONE CABLE U,1.0
1311,NRW,25 - 29,39.99,39.99,30.0,0.0,RED INTERNET & PHONE CABLE U,0.0
1312,NRW,55 - 59,60.98,39.99,30.0,0.0,VF RIP U-TREUE,0.0
1313,NRW,70 - 74,24.99,24.99,116.0,0.0,GIGAZUHAUSE TREUE C,1.0
1314,NRW,30 - 34,39.99,39.99,30.0,0.0,VF RIP U-TREUE,1.0
1315,KBW,25 - 29,44.98,44.98,30.0,0.0,RED INTERNET & PHONE CABLE U,1.0
1316,KBW,40 - 44,48.97,48.97,30.0,0.0,VF CABLEMAX,1.0
1317,NRW,65 - 69,24.99,24.99,30.0,0.0,RED INTERNET & PHONE CABLE U,1.0
1318,KBW,30 - 34,24.99,24.99,30.0,0.0,INTERNET COMFORT,0.0
1319,KBW,35 - 39,32.97,32.98,133.0,1.0,GIGAZUHAUSE TREUE B,1.0
1320,KBW,80 and over,39.98,39.98,30.0,0.0,GIGAZUHAUSE KABEL,1.0
1321,NRW,40 - 44,42.97,42.97,30.0,0.0,2PLAY FLY,1.0
1322,NRW,35 - 39,39.98,39.98,30.0,0.0,RED INTERNET & PHONE CABLE U,0.0
1323,NRW,80 and over,39.99,39.99,30.0,0.0,RED INTERNET & PHONE CABLE U,0.0
1324,HSN,50 - 54,44.99,44.99,128.0,0.0,GIGAZUHAUSE KABEL,1.0
1325,NRW,35 - 39,49.97,49.97,30.0,0.0,VF CABLEMAX,0.0
1326,NRW,40 - 44,44.98,44.98,30.0,0.0,VF CABLEMAX,1.0
1327,KBW,25 - 29,44.98,44.98,30.0,0.0,RED INTERNET & PHONE CABLE U,0.0
1328,NRW,45 - 49,44.98,44.98,30.0,0.0,VF CABLEMAX,0.0
1329,KBW,65 - 69,42.98,42.98,30.0,0.0,VF RIP U-TREUE,0.0
1330,NRW,60 - 64,27.99,27.99,30.0,0.0,VF RIP U-TREUE,1.0
1331,NRW,25 - 29,34.99,34.99,30.0,0.0,RED INTERNET & PHONE CABLE U,0.0
1332,KBW,55 - 59,44.97,44.97,30.0,0.0,VF CABLEMAX,1.0
1333,NRW,35 - 39,44.98,44.98,30.0,0.0,RED INTERNET & PHONE CABLE U,0.0
1334,KBW,25 - 29,39.99,39.99,30.0,0.0,RED INTERNET & PHONE CABLE U,0.0
1335,NRW,35 - 39,44.98,44.98,30.0,0.0,VF CABLEMAX,0.0
1336,KBW,35 - 39,44.98,44.98,30.0,0.0,VF CABLEMAX,0.0
1337,NRW,65 - 69,39.98,39.98,30.0,0.0,VF CABLEMAX,0.0
1338,KBW,45 - 49,37.99,37.99,30.0,0.0,VF RIP U-TREUE,1.0
1339,KBW,25 - 29,29.99,29.99,30.0,0.0,RED INTERNET & PHONE CABLE U,0.0
1340,KBW,60 - 64,57.95,42.98,30.0,0.0,3PLAY PLUS,0.0
1341,KBW,30 - 34,39.99,39.99,30.0,0.0,RED INTERNET & PHONE CABLE U,0.0
1342,HSN,80 and over,37.98,37.98,30.0,0.0,GIGAZUHAUSE KABEL,0.0
1343,NRW,40 - 44,49.99,49.99,30.0,0.0,RED INTERNET & PHONE CABLE U,1.0
1344,KBW,55 - 59,34.99,34.99,30.0,0.0,RED INTERNET & PHONE CABLE U,0.0
1345,HSN,25 - 29,34.99,34.99,30.0,0.0,RED INTERNET & PHONE CABLE U,0.0
1346,HSN,45 - 49,32.99,32.99,30.0,0.0,VF RIP U-TREUE,0.0
1347,NRW,30 - 34,34.99,34.99,30.0,0.0,RED INTERNET & PHONE CABLE U,0.0
1348,NRW,60 - 64,65.98,44.99,30.0,0.0,RED INTERNET & PHONE CABLE U,1.0
1349,NRW,50 - 54,32.99,32.99,30.0,0.0,VF RIP U-TREUE,0.0
1350,NRW,75 - 79,63.97,42.98,30.0,0.0,VF RIP U-TREUE,1.0
1351,NRW,60 - 64,49.98,39.99,30.0,0.0,2PLAY,0.0
1352,KBW,80 and over,38.98,38.98,30.0,0.0,RED INTERNET & PHONE CABLE U,1.0
1353,NRW,50 - 54,44.98,44.98,30.0,0.0,RED INTERNET & PHONE CABLE U,1.0
1354,NRW,30 - 34,39.99,39.99,30.0,0.0,RED INTERNET & PHONE CABLE U,0.0
1355,KBW,35 - 39,44.98,44.98,30.0,0.0,VF CABLEMAX,1.0
1356,NRW,55 - 59,53.97,89.97,30.0,0.0,VF CABLEMAX,0.0
1357,HSN,65 - 69,39.99,39.99,30.0,0.0,VF RIP U-TREUE,1.0
1358,KBW,60 - 64,69.46,44.65,30.0,0.0,3PLAY PLUS,0.0
1359,NRW,40 - 44,44.98,44.98,30.0,0.0,VF CABLEMAX,1.0
1360,HSN,40 - 44,39.99,49.98,30.0,0.0,VF CABLEMAX,0.0
1361,KBW,55 - 59,49.97,49.97,30.0,0.0,VF CABLEMAX,0.0
1362,NRW,35 - 39,64.98,39.99,30.0,0.0,RED INTERNET & PHONE CABLE U,0.0
1363,NRW,35 - 39,39.99,39.99,30.0,0.0,VF RIP U-TREUE,1.0
1364,NRW,40 - 44,44.98,44.98,30.0,0.0,RED INTERNET & PHONE CABLE U,1.0
1365,NRW,40 - 44,44.98,44.98,30.0,0.0,VF CABLEMAX,0.0
1366,NRW,55 - 59,39.99,39.99,30.0,0.0,RED INTERNET & PHONE CABLE U,0.0
1367,KBW,50 - 54,29.99,29.99,30.0,0.0,VF RIP U-TREUE,1.0
1368,KBW,40 - 44,56.97,35.98,30.0,0.0,GIGAZUHAUSE KABEL,1.0
1369,KBW,30 - 34,29.99,29.99,30.0,0.0,VF RIP U-TREUE,0.0
1370,HSN,35 - 39,39.99,39.99,30.0,0.0,RED INTERNET & PHONE CABLE U,1.0
1371,NRW,40 - 44,44.98,44.98,30.0,0.0,VF CABLEMAX,1.0
1372,KBW,40 - 44,32.99,32.99,30.0,0.0,VF RIP U-TREUE,0.0
1373,HSN,75 - 79,39.99,39.99,30.0,0.0,VF RIP U-TREUE,1.0
1374,HSN,50 - 54,189.88,189.88,30.0,0.0,RED INTERNET & PHONE CABLE U,1.0
1375,KBW,18 - 24,44.98,44.98,30.0,0.0,RED INTERNET & PHONE CABLE U,1.0
1376,NRW,55 - 59,44.98,44.98,78.0,0.0,VF CABLEMAX,1.0
1377,NRW,35 - 39,39.99,39.99,30.0,0.0,RED INTERNET & PHONE CABLE U,0.0
1378,NRW,30 - 34,42.97,42.97,30.0,0.0,RED INTERNET & PHONE CABLE U,0.0
1379,HSN,35 - 39,34.99,34.99,30.0,3.0,RED INTERNET & PHONE CABLE U,1.0
1380,KBW,25 - 29,54.99,54.99,30.0,0.0,RED INTERNET & PHONE CABLE U,1.0
1381,HSN,18 - 24,44.98,44.98,30.0,0.0,RED INTERNET & PHONE CABLE U,0.0
1382,NRW,65 - 69,43.98,43.98,30.0,0.0,RED INTERNET & PHONE CABLE U,0.0
1384,NRW,45 - 49,39.99,39.99,30.0,0.0,RED INTERNET & PHONE CABLE U,0.0
1385,HSN,45 - 49,29.99,29.99,30.0,0.0,VF RIP U-TREUE,1.0
1386,HSN,30 - 34,29.99,29.99,30.0,0.0,RED INTERNET & PHONE CABLE U,1.0
1387,NRW,30 - 34,44.98,44.98,30.0,0.0,VF CABLEMAX,1.0
1388,NRW,55 - 59,44.97,44.97,30.0,0.0,VF CABLEMAX,1.0
1389,KBW,35 - 39,44.98,44.98,30.0,0.0,VF CABLEMAX,0.0
1390,KBW,30 - 34,44.98,44.98,30.0,0.0,RED INTERNET & PHONE CABLE U,0.0
1391,KBW,35 - 39,39.99,39.99,30.0,0.0,VF CABLEMAX,0.0
1392,KBW,25 - 29,34.99,34.99,30.0,0.0,RED INTERNET & PHONE CABLE U,1.0
1393,HSN,35 - 39,34.98,34.98,30.0,0.0,VF RIP U-TREUE,1.0
1394,NRW,35 - 39,39.99,39.99,30.0,0.0,RED INTERNET & PHONE CABLE U,1.0
1395,NRW,50 - 54,43.97,43.97,30.0,0.0,RED INTERNET & PHONE CABLE U,0.0
1396,NRW,45 - 49,34.99,34.99,30.0,0.0,RED INTERNET & PHONE CABLE U,1.0
1397,NRW,45 - 49,29.99,29.99,30.0,0.0,VF RIP U-TREUE,0.0
1398,KBW,45 - 49,34.99,34.99,30.0,0.0,RED INTERNET & PHONE CABLE U,1.0
1399,NRW,40 - 44,39.98,39.98,60.0,0.0,RED INTERNET & PHONE CABLE U,0.0
1400,HSN,40 - 44,44.98,44.98,30.0,0.0,VF CABLEMAX,1.0
1401,HSN,55 - 59,44.98,44.98,30.0,0.0,VF CABLEMAX,1.0
1402,NRW,75 - 79,11.98,11.98,30.0,0.0,EAZY,0.0
1403,NRW,55 - 59,69.97,39.99,30.0,0.0,RED INTERNET & PHONE CABLE U,1.0
1404,NRW,50 - 54,49.97,29.99,30.0,0.0,VF RIP U-TREUE,1.0
1405,NRW,35 - 39,34.99,34.99,30.0,0.0,RED INTERNET & PHONE CABLE U,1.0
1406,NRW,35 - 39,44.98,44.98,30.0,0.0,VF CABLEMAX,0.0
1407,KBW,25 - 29,42.97,42.97,30.0,0.0,RED INTERNET & PHONE CABLE U,1.0
1408,KBW,25 - 29,44.98,44.98,30.0,0.0,RED INTERNET & PHONE CABLE U,1.0
1409,NRW,45 - 49,44.98,34.98,638.0,0.0,VF RIP U-TREUE,1.0
1410,NRW,35 - 39,44.99,44.99,121.0,0.0,GIGAZUHAUSE KABEL,1.0
1411,NRW,35 - 39,44.98,44.98,30.0,0.0,2PLAY COMFORT,0.0
1412,NRW,50 - 54,65.97,44.98,30.0,0.0,VF CABLEMAX,0.0
1413,KBW,50 - 54,39.98,39.98,30.0,0.0,RED INTERNET & PHONE CABLE U,1.0
1414,NRW,50 - 54,39.99,39.99,30.0,0.0,VF RIP U-TREUE,0.0
1415,KBW,25 - 29,44.97,44.97,30.0,0.0,VF CABLEMAX,1.0
1416,NRW,55 - 59,54.99,54.99,30.0,0.0,RED INTERNET & PHONE CABLE U,0.0
1417,HSN,45 - 49,34.99,34.99,596.0,0.0,GIGAZUHAUSE TREUE B,0.0
1418,NRW,50 - 54,79.95,49.97,30.0,0.0,VF CABLEMAX,1.0
1419,HSN,25 - 29,44.98,44.98,30.0,0.0,RED INTERNET & PHONE CABLE U,0.0
1420,KBW,55 - 59,42.97,42.97,30.0,0.0,RED INTERNET & PHONE CABLE U,0.0
1421,NRW,35 - 39,39.99,39.99,30.0,0.0,RED INTERNET & PHONE CABLE U,0.0
1422,HSN,30 - 34,34.99,34.99,30.0,0.0,RED INTERNET & PHONE CABLE U,1.0
1423,NRW,50 - 54,44.98,44.98,30.0,0.0,VF CABLEMAX,1.0
1424,NRW,25 - 29,39.98,39.98,30.0,0.0,GIGAZUHAUSE KABEL,0.0
1425,KBW,30 - 34,44.98,44.98,81.0,0.0,RED INTERNET & PHONE CABLE U,1.0
1426,NRW,25 - 29,39.99,39.99,30.0,0.0,RED INTERNET & PHONE CABLE U,1.0
1427,NRW,65 - 69,29.99,29.99,30.0,0.0,VF RIP U-TREUE,1.0
1428,NRW,40 - 44,34.99,34.99,30.0,0.0,RED INTERNET & PHONE CABLE U,0.0
1429,NRW,45 - 49,39.98,39.98,30.0,0.0,VF CABLEMAX,0.0
1430,HSN,35 - 39,37.98,37.98,30.0,0.0,VF RIP U-TREUE,1.0
1431,NRW,45 - 49,34.99,34.99,30.0,0.0,RED INTERNET & PHONE CABLE U,0.0
1432,NRW,40 - 44,44.97,44.98,30.0,0.0,VF CABLEMAX,1.0
1433,KBW,50 - 54,43.97,9.98,30.0,0.0,HSI HZ BOX ONLY,0.0
1434,NRW,40 - 44,39.98,39.98,30.0,0.0,VF CABLEMAX,0.0
1435,HSN,45 - 49,44.99,44.99,361.0,0.0,GIGAZUHAUSE KABEL,0.0
1436,KBW,40 - 44,29.99,29.99,30.0,0.0,VF RIP U-TREUE,1.0
1437,HSN,45 - 49,34.99,34.99,30.0,0.0,VF RIP U-TREUE,0.0
1438,HSN,18 - 24,37.98,37.98,143.0,0.0,VF RIP U-TREUE,0.0
1439,NRW,80 and over,34.99,34.99,30.0,0.0,GIGAZUHAUSE KABEL,1.0
1440,NRW,25 - 29,34.99,34.99,30.0,0.0,RED INTERNET & PHONE CABLE U,1.0
1441,KBW,30 - 34,44.98,44.98,30.0,0.0,VF CABLEMAX,0.0
1442,HSN,25 - 29,44.98,44.98,30.0,0.0,VF CABLEMAX,1.0
1443,KBW,35 - 39,39.99,39.99,30.0,0.0,RED INTERNET & PHONE CABLE U,0.0
1444,HSN,40 - 44,47.98,47.98,30.0,0.0,VF RIP U-TREUE,1.0
1445,KBW,55 - 59,57.97,57.97,30.0,0.0,VF RIP U-TREUE,1.0
1446,HSN,60 - 64,44.98,44.98,30.0,0.0,VF CABLEMAX,0.0
1447,NRW,45 - 49,59.98,59.98,30.0,0.0,RED INTERNET & PHONE CABLE U,0.0
1448,NRW,30 - 34,44.98,44.98,30.0,0.0,VF CABLEMAX,0.0
1449,KBW,50 - 54,44.98,44.98,30.0,0.0,VF CABLEMAX,0.0
1450,HSN,55 - 59,44.98,44.98,30.0,0.0,RED INTERNET & PHONE CABLE U,1.0
1451,KBW,40 - 44,34.99,34.99,30.0,0.0,RED INTERNET & PHONE CABLE U,1.0
1452,NRW,25 - 29,19.99,19.99,30.0,0.0,EAZY,0.0
1453,HSN,25 - 29,44.98,44.98,30.0,0.0,RED INTERNET & PHONE CABLE U,1.0
1454,NRW,50 - 54,29.99,29.99,30.0,0.0,VF RIP U-TREUE,0.0
1455,KBW,25 - 29,44.98,44.98,30.0,0.0,RED INTERNET & PHONE CABLE U,1.0
1456,KBW,30 - 34,34.99,34.99,30.0,0.0,RED INTERNET & PHONE CABLE U,1.0
1457,NRW,60 - 64,62.96,37.99,30.0,0.0,VF RIP U-TREUE,0.0
1458,NRW,55 - 59,34.99,34.99,30.0,0.0,RED INTERNET & PHONE CABLE U,1.0
1459,NRW,55 - 59,39.98,39.98,30.0,0.0,GIGAZUHAUSE KABEL,1.0
1460,KBW,50 - 54,81.95,44.98,30.0,0.0,VF CABLEMAX,1.0
1461,NRW,30 - 34,39.98,39.98,30.0,0.0,VF CABLEMAX,1.0
1462,KBW,40 - 44,42.98,42.98,30.0,0.0,VF RIP U-TREUE,0.0
1463,HSN,25 - 29,39.99,39.99,30.0,0.0,RED INTERNET & PHONE CABLE U,0.0
1464,NRW,35 - 39,34.99,34.99,30.0,0.0,RED INTERNET & PHONE CABLE U,1.0
1465,KBW,50 - 54,42.97,42.97,30.0,0.0,GIGAZUHAUSE KABEL,1.0
1466,NRW,60 - 64,34.99,34.99,30.0,0.0,RED INTERNET & PHONE CABLE U,1.0
1467,KBW,30 - 34,39.99,39.99,30.0,0.0,VF RIP U-TREUE,1.0
1468,HSN,40 - 44,44.98,44.98,30.0,0.0,RED INTERNET & PHONE CABLE U,0.0
1469,NRW,55 - 59,42.98,42.98,30.0,0.0,VF RIP U-TREUE,1.0
1470,NRW,25 - 29,49.99,49.99,30.0,0.0,RED INTERNET & PHONE CABLE U,0.0
1471,NRW,30 - 34,39.99,39.99,30.0,0.0,RED INTERNET & PHONE CABLE U,0.0
1472,KBW,50 - 54,44.98,44.98,30.0,0.0,RED INTERNET & PHONE CABLE U,0.0
1473,NRW,45 - 49,44.98,44.98,30.0,0.0,VF RIP U-TREUE,1.0
1474,NRW,45 - 49,32.99,32.99,30.0,0.0,VF RIP U-TREUE,0.0
1475,HSN,35 - 39,39.99,39.99,30.0,0.0,RED INTERNET & PHONE CABLE U,0.0
1476,HSN,25 - 29,34.99,34.99,30.0,0.0,RED INTERNET & PHONE CABLE U,0.0
1477,KBW,75 - 79,33.98,33.98,30.0,0.0,RED INTERNET & PHONE CABLE U,0.0
1478,KBW,30 - 34,29.98,29.98,30.0,0.0,GIGAZUHAUSE TREUE C,0.0
1479,NRW,60 - 64,34.99,34.99,30.0,0.0,RED INTERNET & PHONE CABLE U,1.0
1480,KBW,35 - 39,44.99,44.99,30.0,0.0,GIGAZUHAUSE KABEL,1.0
1481,KBW,35 - 39,34.99,34.99,30.0,0.0,RED INTERNET & PHONE CABLE U,0.0
1482,KBW,35 - 39,69.98,49.99,30.0,0.0,GIGAZUHAUSE KABEL,1.0
1483,NRW,35 - 39,49.99,49.99,30.0,0.0,GIGAZUHAUSE KABEL,1.0
1484,NRW,65 - 69,44.98,44.98,30.0,0.0,VF CABLEMAX,0.0
1485,NRW,25 - 29,49.97,49.97,30.0,0.0,VF CABLEMAX,0.0
1486,NRW,55 - 59,55.97,34.99,30.0,0.0,RED INTERNET & PHONE CABLE U,1.0
1487,HSN,35 - 39,39.99,39.99,30.0,0.0,RED INTERNET & PHONE CABLE U,0.0
1488,HSN,18 - 24,44.98,44.98,30.0,0.0,VF CABLEMAX,0.0
1489,HSN,55 - 59,44.98,44.98,30.0,0.0,VF RIP U-TREUE,0.0
1490,NRW,50 - 54,29.99,29.99,30.0,0.0,INTERNET PREMIUM,1.0
1491,KBW,60 - 64,34.99,34.99,30.0,0.0,VF RIP U-TREUE,0.0
1492,HSN,45 - 49,29.99,29.99,30.0,0.0,RED INTERNET & PHONE CABLE U,1.0
1493,KBW,35 - 39,44.98,44.98,30.0,0.0,VF CABLEMAX,1.0
1494,KBW,25 - 29,44.97,44.97,30.0,0.0,RED INTERNET & PHONE CABLE U,1.0
1495,NRW,65 - 69,34.99,34.99,30.0,0.0,RED INTERNET & PHONE CABLE U,0.0
1496,KBW,50 - 54,49.99,49.99,30.0,0.0,GIGAZUHAUSE KABEL,0.0
1497,NRW,65 - 69,44.98,44.98,30.0,0.0,RED INTERNET & PHONE CABLE U,0.0
1498,KBW,55 - 59,44.99,44.99,128.0,0.0,GIGAZUHAUSE KABEL,1.0
1499,HSN,35 - 39,44.98,44.98,30.0,0.0,VF CABLEMAX,1.0
1500,KBW,25 - 29,39.98,39.98,30.0,0.0,VF CABLEMAX,1.0
1501,HSN,40 - 44,17.99,17.99,30.0,0.0,EAZY FLEX,0.0
1502,NRW,50 - 54,39.98,39.98,30.0,0.0,VF CABLEMAX,0.0
1503,NRW,25 - 29,29.99,29.99,30.0,0.0,INTERNET PREMIUM,1.0
1504,KBW,40 - 44,60.98,39.99,30.0,0.0,VF RIP U-TREUE,1.0
1505,HSN,50 - 54,44.98,44.98,30.0,0.0,VF CABLEMAX,0.0
1506,HSN,35 - 39,29.99,29.99,30.0,0.0,RED INTERNET & PHONE CABLE U,1.0
1507,NRW,35 - 39,34.99,34.99,30.0,0.0,VF CABLEMAX,1.0
1508,NRW,35 - 39,29.99,29.99,30.0,0.0,INTERNET PREMIUM,0.0
1509,KBW,65 - 69,32.95,32.95,30.0,0.0,RED INTERNET & PHONE CABLE U,0.0
1510,KBW,25 - 29,39.99,39.99,30.0,0.0,RED INTERNET & PHONE CABLE U,1.0
1511,KBW,35 - 39,29.99,29.99,30.0,0.0,VF RIP U-TREUE,0.0
1512,KBW,30 - 34,38.98,38.98,30.0,0.0,RED INTERNET & PHONE CABLE U,1.0
1513,KBW,30 - 34,44.97,44.97,30.0,0.0,GIGAZUHAUSE KABEL,1.0
1514,KBW,35 - 39,37.99,37.99,30.0,0.0,VF RIP U-TREUE,0.0
1515,KBW,30 - 34,44.97,44.97,30.0,0.0,VF CABLEMAX,1.0
1516,KBW,35 - 39,37.99,37.99,30.0,0.0,VF RIP U-TREUE,0.0
1517,KBW,35 - 39,49.99,49.99,30.0,0.0,GIGAZUHAUSE KABEL,1.0
1518,NRW,35 - 39,39.98,39.98,121.0,0.0,GIGAZUHAUSE KABEL,1.0
1519,KBW,35 - 39,42.99,42.99,148.0,0.0,GIGAZUHAUSE TREUE C,1.0
1520,KBW,35 - 39,34.99,34.99,30.0,0.0,RED INTERNET & PHONE CABLE U,0.0
1521,NRW,55 - 59,34.99,34.99,30.0,0.0,RED INTERNET & PHONE CABLE U,1.0
1522,HSN,40 - 44,39.98,39.98,30.0,0.0,VF CABLEMAX,0.0
1523,NRW,65 - 69,39.98,39.98,30.0,0.0,VF CABLEMAX,1.0
1524,NRW,60 - 64,44.98,44.98,30.0,0.0,VF CABLEMAX,1.0
1525,KBW,60 - 64,59.98,59.98,30.0,0.0,RED INTERNET & PHONE CABLE U,1.0
1526,NRW,not available,44.98,44.98,30.0,0.0,VF CABLEMAX,0.0
1527,NRW,35 - 39,34.99,34.99,30.0,0.0,RED INTERNET & PHONE CABLE U,1.0
1528,KBW,40 - 44,39.98,39.98,30.0,0.0,RED INTERNET & PHONE CABLE U,0.0
1529,KBW,50 - 54,47.99,47.99,30.0,0.0,VF RIP U-TREUE,0.0
1530,NRW,45 - 49,44.98,44.98,30.0,0.0,RED INTERNET & PHONE CABLE U,1.0
1531,NRW,50 - 54,39.98,39.98,30.0,0.0,GIGAZUHAUSE KABEL,0.0
1532,HSN,55 - 59,57.98,47.99,30.0,0.0,VF RIP U-TREUE,0.0
1533,KBW,45 - 49,37.99,37.99,30.0,0.0,VF RIP U-TREUE,0.0
1534,KBW,40 - 44,44.98,44.98,30.0,0.0,VF CABLEMAX,1.0
1535,HSN,60 - 64,64.98,64.98,30.0,0.0,TREUEPLUS,0.0
1536,KBW,18 - 24,39.99,39.99,30.0,0.0,RED INTERNET & PHONE CABLE U,1.0
1537,NRW,60 - 64,37.99,37.99,30.0,0.0,VF RIP U-TREUE,0.0
1538,KBW,35 - 39,44.98,44.98,30.0,0.0,VF CABLEMAX,1.0
1539,NRW,45 - 49,29.99,29.99,30.0,0.0,VF RIP U-TREUE,1.0
1540,KBW,25 - 29,39.99,39.99,30.0,0.0,RED INTERNET & PHONE CABLE U,1.0
1541,NRW,25 - 29,54.99,54.99,30.0,0.0,RED INTERNET & PHONE CABLE U,1.0
1542,KBW,35 - 39,39.99,39.99,30.0,0.0,RED INTERNET & PHONE CABLE U,1.0
1543,KBW,55 - 59,49.97,49.97,30.0,0.0,VF CABLEMAX,0.0
1544,KBW,40 - 44,62.98,37.99,30.0,0.0,VF RIP U-TREUE,0.0
1545,NRW,25 - 29,34.99,34.99,30.0,0.0,RED INTERNET & PHONE CABLE U,0.0
1546,NRW,35 - 39,54.98,54.98,30.0,0.0,GIGAZUHAUSE KABEL,0.0
1547,NRW,35 - 39,34.99,34.99,30.0,0.0,RED INTERNET & PHONE CABLE U,1.0
1548,NRW,25 - 29,39.98,39.98,30.0,0.0,RED INTERNET & PHONE CABLE U,1.0
1549,NRW,60 - 64,42.98,27.99,136.0,0.0,GIGAZUHAUSE TREUE B,0.0
1550,NRW,25 - 29,44.98,44.98,30.0,0.0,RED INTERNET & PHONE CABLE U,1.0
1551,KBW,25 - 29,44.98,44.98,30.0,0.0,VF CABLEMAX,1.0
1552,KBW,60 - 64,32.99,32.99,30.0,0.0,VF RIP U-TREUE,0.0
1553,KBW,35 - 39,44.98,44.98,30.0,0.0,VF CABLEMAX,1.0
1554,NRW,30 - 34,39.99,39.99,30.0,0.0,VF RIP U-TREUE,0.0
1555,NRW,30 - 34,39.98,39.98,206.0,0.0,GIGAZUHAUSE KABEL,1.0
1556,NRW,40 - 44,34.99,34.99,30.0,0.0,GIGAZUHAUSE KABEL,0.0
1557,NRW,30 - 34,37.99,37.99,30.0,0.0,VF RIP U-TREUE,0.0
1558,HSN,30 - 34,34.99,34.99,30.0,0.0,VF RIP U-TREUE,0.0
1559,NRW,65 - 69,45.38,45.38,30.0,0.0,3PLAY JUMP,0.0
1560,NRW,80 and over,38.98,38.98,30.0,0.0,RED INTERNET & PHONE CABLE U,0.0
1561,NRW,80 and over,49.97,39.98,30.0,0.0,RED INTERNET & PHONE CABLE U,1.0
1562,NRW,35 - 39,72.95,44.98,30.0,0.0,VF CABLEMAX,1.0
1563,KBW,35 - 39,44.99,44.99,30.0,1.0,GIGAZUHAUSE KABEL,1.0
1564,KBW,50 - 54,42.97,42.97,30.0,0.0,RED INTERNET & PHONE CABLE U,1.0
1565,NRW,25 - 29,39.98,39.98,129.0,0.0,GIGAZUHAUSE KABEL,1.0
1566,KBW,18 - 24,39.99,39.99,30.0,0.0,RED INTERNET & PHONE CABLE U,1.0
1567,KBW,25 - 29,39.99,39.99,30.0,0.0,RED INTERNET & PHONE CABLE U,1.0
1568,NRW,25 - 29,34.99,34.99,30.0,0.0,RED INTERNET & PHONE CABLE U,0.0
1569,NRW,25 - 29,32.99,32.99,30.0,0.0,VF RIP U-TREUE,1.0
1570,NRW,80 and over,42.98,42.98,30.0,0.0,VF RIP U-TREUE,0.0
1571,NRW,55 - 59,49.97,49.97,30.0,0.0,VF CABLEMAX,1.0
1572,KBW,65 - 69,49.97,49.97,30.0,0.0,VF CABLEMAX,1.0
1573,NRW,55 - 59,54.99,54.99,30.0,0.0,RED INTERNET & PHONE CABLE U,1.0
1574,NRW,70 - 74,49.97,49.97,30.0,0.0,RED INTERNET & PHONE CABLE U,1.0
1575,HSN,35 - 39,39.99,39.99,30.0,0.0,RED INTERNET & PHONE CABLE U,1.0
1576,HSN,65 - 69,44.98,44.98,30.0,0.0,VF CABLEMAX,0.0
1577,NRW,30 - 34,39.99,39.99,30.0,0.0,RED INTERNET & PHONE CABLE U,1.0
1578,HSN,30 - 34,39.98,39.98,30.0,0.0,GIGAZUHAUSE KABEL,1.0
1579,KBW,65 - 69,42.98,42.98,30.0,0.0,VF RIP U-TREUE,0.0
1580,HSN,75 - 79,34.99,34.99,30.0,0.0,RED INTERNET & PHONE CABLE U,0.0
1581,KBW,60 - 64,67.96,46.98,30.0,0.0,VF RIP U-TREUE,1.0
1582,HSN,30 - 34,49.99,49.99,30.0,0.0,RED INTERNET & PHONE CABLE U,1.0
1583,KBW,30 - 34,54.99,54.99,30.0,0.0,RED INTERNET & PHONE CABLE U,1.0
1584,NRW,80 and over,40.74,40.0,635.0,0.0,GIGAZUHAUSE KABEL,1.0
1585,KBW,25 - 29,37.99,37.99,30.0,0.0,VF RIP U-TREUE,1.0
1586,NRW,35 - 39,44.98,44.98,30.0,0.0,VF CABLEMAX,0.0
1587,KBW,60 - 64,39.99,39.99,30.0,0.0,RED INTERNET & PHONE CABLE U,0.0
1588,KBW,30 - 34,34.99,34.99,30.0,0.0,RED INTERNET & PHONE CABLE U,0.0
1589,NRW,30 - 34,34.99,34.99,30.0,0.0,RED INTERNET & PHONE CABLE U,1.0
1590,NRW,25 - 29,34.99,34.99,30.0,0.0,VF RIP U-TREUE,1.0
1591,HSN,30 - 34,34.99,34.99,30.0,0.0,RED INTERNET & PHONE CABLE U,0.0
1592,KBW,45 - 49,54.99,54.99,30.0,0.0,RED INTERNET & PHONE CABLE U,0.0
1593,NRW,18 - 24,42.97,42.97,30.0,0.0,RED INTERNET & PHONE CABLE U,0.0
1594,NRW,30 - 34,48.42,48.42,30.0,0.0,3PLAY COMFORT,0.0
1595,KBW,50 - 54,60.98,49.98,79.0,0.0,VF CABLEMAX,0.0
1596,NRW,25 - 29,34.99,34.99,30.0,0.0,RED INTERNET & PHONE CABLE U,1.0
1597,NRW,55 - 59,44.98,44.98,30.0,0.0,VF CABLEMAX,1.0
1598,HSN,55 - 59,44.98,44.98,30.0,0.0,VF CABLEMAX,0.0
1599,NRW,80 and over,34.99,34.99,30.0,0.0,RED INTERNET & PHONE CABLE U,0.0
1600,NRW,50 - 54,49.96,49.96,30.0,0.0,VF CABLEMAX,0.0
1601,NRW,50 - 54,37.99,37.99,30.0,0.0,VF RIP U-TREUE,0.0
1602,NRW,35 - 39,39.98,39.98,280.0,0.0,GIGAZUHAUSE KABEL,0.0
1603,KBW,60 - 64,55.98,34.99,30.0,0.0,RED INTERNET & PHONE CABLE U,1.0
1604,NRW,25 - 29,52.98,52.98,498.0,0.0,GIGAZUHAUSE TREUE B,0.0
1605,NRW,40 - 44,42.98,42.98,30.0,0.0,VF RIP U-TREUE,1.0
1606,KBW,30 - 34,49.99,49.99,30.0,0.0,RED INTERNET & PHONE CABLE U,1.0
1607,NRW,50 - 54,44.98,44.98,30.0,0.0,RED INTERNET & PHONE CABLE U,1.0
1608,KBW,60 - 64,49.99,49.99,30.0,0.0,GIGAZUHAUSE KABEL,1.0
1609,NRW,25 - 29,39.99,39.99,30.0,0.0,RED INTERNET & PHONE CABLE U,1.0
1610,NRW,55 - 59,63.98,63.98,30.0,0.0,GIGAZUHAUSE KABEL,1.0
1611,NRW,40 - 44,29.99,29.99,30.0,0.0,INTERNET PREMIUM,1.0
1612,KBW,40 - 44,29.98,29.98,30.0,0.0,RED INTERNET & PHONE CABLE U,0.0
1613,KBW,35 - 39,32.99,32.99,30.0,0.0,VF RIP U-TREUE,0.0
1614,NRW,40 - 44,39.99,39.99,30.0,0.0,RED INTERNET & PHONE CABLE U,1.0
1615,NRW,30 - 34,44.98,44.98,30.0,0.0,VF CABLEMAX,1.0
1616,HSN,25 - 29,34.99,34.99,30.0,0.0,RED INTERNET & PHONE CABLE U,1.0
1617,KBW,60 - 64,44.98,44.98,30.0,0.0,RED INTERNET & PHONE CABLE U,1.0
1618,KBW,25 - 29,49.99,49.99,30.0,0.0,RED INTERNET & PHONE CABLE U,1.0
1619,HSN,45 - 49,39.99,39.99,30.0,0.0,RED INTERNET & PHONE CABLE U,1.0
1620,NRW,25 - 29,39.99,39.99,30.0,0.0,RED INTERNET & PHONE CABLE U,1.0
1621,KBW,45 - 49,59.98,59.98,30.0,0.0,RED INTERNET & PHONE CABLE U,0.0
1622,KBW,35 - 39,54.96,49.97,30.0,0.0,VF CABLEMAX,1.0
1623,HSN,60 - 64,42.97,42.97,30.0,0.0,RED INTERNET & PHONE CABLE U,0.0
1624,NRW,30 - 34,62.98,62.98,315.0,0.0,GIGAZUHAUSE KABEL,0.0
1625,KBW,25 - 29,59.97,42.98,30.0,0.0,VF RIP U-TREUE,1.0
1626,KBW,45 - 49,49.99,49.99,30.0,0.0,RED INTERNET & PHONE CABLE U,1.0
1627,KBW,60 - 64,39.98,39.98,30.0,0.0,GIGAZUHAUSE KABEL,1.0
1628,NRW,35 - 39,44.98,44.98,30.0,0.0,VF CABLEMAX,0.0
1629,NRW,40 - 44,34.99,34.99,30.0,0.0,RED INTERNET & PHONE CABLE U,0.0
1630,HSN,45 - 49,44.98,44.98,30.0,0.0,VF CABLEMAX,0.0
1631,NRW,30 - 34,49.99,49.99,30.0,0.0,3PLAY START,0.0
1632,NRW,40 - 44,34.99,34.99,30.0,0.0,RED INTERNET & PHONE CABLE U,0.0
1633,KBW,65 - 69,49.97,34.98,547.0,0.0,GIGAZUHAUSE TREUE C,1.0
1634,HSN,35 - 39,45.99,24.99,30.0,0.0,GIGAZUHAUSE TREUE C,0.0
1635,NRW,50 - 54,24.99,24.99,30.0,0.0,RED INTERNET & PHONE CABLE U,0.0
1636,KBW,65 - 69,51.97,37.98,30.0,0.0,VF RIP U-TREUE,1.0
1637,NRW,30 - 34,24.99,24.99,30.0,0.0,INTERNET COMFORT,0.0
1638,NRW,25 - 29,39.99,39.99,30.0,0.0,RED INTERNET & PHONE CABLE U,1.0
1639,KBW,25 - 29,37.99,37.99,30.0,0.0,VF RIP U-TREUE,1.0
1640,KBW,45 - 49,59.99,59.99,30.0,0.0,3PLAY FLY,1.0
1641,NRW,30 - 34,34.99,34.99,30.0,0.0,RED INTERNET & PHONE CABLE U,1.0
1642,KBW,35 - 39,27.99,27.99,242.0,0.0,GIGAZUHAUSE TREUE B,1.0
1643,KBW,50 - 54,34.99,34.99,30.0,0.0,GIGAZUHAUSE KABEL,1.0
1644,HSN,75 - 79,80.95,49.97,30.0,0.0,VF CABLEMAX,0.0
1645,HSN,55 - 59,44.98,44.98,30.0,0.0,RED INTERNET & PHONE CABLE U,0.0
1646,KBW,55 - 59,52.98,52.98,674.0,0.0,GIGAZUHAUSE TREUE B,0.0
1647,NRW,18 - 24,34.99,34.99,30.0,0.0,RED INTERNET & PHONE CABLE U,1.0
1648,NRW,55 - 59,42.98,42.98,30.0,0.0,VF RIP U-TREUE,0.0
1649,KBW,65 - 69,44.99,44.99,162.0,0.0,GIGAZUHAUSE TREUE B,1.0
1650,KBW,65 - 69,37.78,37.78,30.0,0.0,3PLAY,1.0
1651,KBW,30 - 34,59.98,59.98,30.0,0.0,GIGAZUHAUSE KABEL,0.0
1652,HSN,40 - 44,49.97,49.97,30.0,0.0,VF CABLEMAX,1.0
1653,KBW,45 - 49,34.99,34.99,30.0,0.0,RED INTERNET & PHONE CABLE U,0.0
1654,HSN,60 - 64,34.99,34.99,30.0,0.0,RED INTERNET & PHONE CABLE U,1.0
1655,HSN,30 - 34,42.97,42.97,30.0,0.0,GIGAZUHAUSE KABEL,1.0
1656,KBW,30 - 34,49.97,49.97,58.0,0.0,VF CABLEMAX,1.0
1657,NRW,45 - 49,37.99,37.99,30.0,0.0,VF RIP U-TREUE,0.0
1658,KBW,35 - 39,39.98,39.98,30.0,0.0,RED INTERNET & PHONE CABLE U,1.0
1659,NRW,40 - 44,44.98,44.98,30.0,0.0,RED INTERNET & PHONE CABLE U,0.0
1660,NRW,30 - 34,34.99,34.99,30.0,0.0,RED INTERNET & PHONE CABLE U,0.0
1661,NRW,45 - 49,39.99,39.99,30.0,0.0,RED INTERNET & PHONE CABLE U,0.0
1662,NRW,25 - 29,34.99,34.99,30.0,0.0,RED INTERNET & PHONE CABLE U,1.0
1663,KBW,65 - 69,59.97,34.99,30.0,0.0,VF RIP U-TREUE,0.0
1664,KBW,55 - 59,29.99,29.99,30.0,0.0,VF RIP U-TREUE,1.0
1665,NRW,18 - 24,44.98,44.98,30.0,0.0,VF CABLEMAX,1.0
1666,NRW,45 - 49,32.99,32.99,30.0,0.0,VF RIP U-TREUE,0.0
1667,KBW,35 - 39,44.98,44.98,30.0,0.0,RED INTERNET & PHONE CABLE U,1.0
1668,KBW,18 - 24,34.99,34.99,30.0,0.0,RED INTERNET & PHONE CABLE U,1.0
1669,KBW,30 - 34,42.98,42.98,30.0,0.0,VF RIP U-TREUE,1.0
1670,KBW,35 - 39,39.99,39.99,30.0,0.0,RED INTERNET & PHONE CABLE U,0.0
1671,NRW,60 - 64,47.99,47.99,30.0,0.0,VF RIP U-TREUE,1.0
1672,KBW,30 - 34,44.98,44.98,30.0,0.0,VF CABLEMAX,1.0
1673,NRW,40 - 44,69.95,44.98,30.0,0.0,VF CABLEMAX,0.0
1674,NRW,50 - 54,44.98,44.98,30.0,0.0,VF CABLEMAX,1.0
1675,NRW,80 and over,34.99,34.99,30.0,0.0,RED INTERNET & PHONE CABLE U,1.0
1676,HSN,45 - 49,59.98,49.99,30.0,0.0,RED INTERNET & PHONE CABLE U,0.0
1677,NRW,18 - 24,42.97,42.97,30.0,0.0,GIGAZUHAUSE KABEL,0.0
1678,KBW,40 - 44,44.98,44.98,30.0,0.0,RED INTERNET & PHONE CABLE U,1.0
1679,NRW,35 - 39,39.98,39.98,140.0,0.0,GIGAZUHAUSE KABEL,1.0
1680,KBW,30 - 34,49.99,49.99,30.0,0.0,RED INTERNET & PHONE CABLE U,0.0
1681,NRW,65 - 69,54.98,54.98,30.0,0.0,GIGAZUHAUSE TREUE C,0.0
1682,NRW,60 - 64,34.99,34.99,30.0,0.0,RED INTERNET & PHONE CABLE U,1.0
1683,KBW,55 - 59,44.98,44.98,30.0,0.0,VF CABLEMAX,1.0
1684,KBW,30 - 34,48.97,48.97,30.0,0.0,VF CABLEMAX,1.0
1685,KBW,60 - 64,54.98,54.98,30.0,0.0,RED INTERNET & PHONE CABLE U,0.0
1686,KBW,50 - 54,44.98,44.98,30.0,0.0,VF CABLEMAX,1.0
1687,KBW,25 - 29,44.97,44.97,182.0,0.0,GIGAZUHAUSE KABEL,0.0
1688,HSN,65 - 69,64.97,44.98,30.0,0.0,RED INTERNET & PHONE CABLE U,0.0
1689,NRW,35 - 39,39.98,39.98,596.0,0.0,GIGAZUHAUSE KABEL,1.0
1690,KBW,30 - 34,29.99,29.99,30.0,0.0,VF RIP U-TREUE,0.0
1691,KBW,35 - 39,47.98,47.98,123.0,0.0,GIGAZUHAUSE KABEL,0.0
1692,HSN,75 - 79,32.97,32.97,30.0,0.0,RED INTERNET & PHONE CABLE U,0.0
1693,KBW,40 - 44,0.0,0.0,30.0,0.0,MMA,0.0
1694,NRW,30 - 34,44.98,44.98,30.0,0.0,RED INTERNET & PHONE CABLE U,1.0
1695,KBW,45 - 49,58.98,58.98,30.0,0.0,RED INTERNET & PHONE CABLE U,1.0
1696,NRW,40 - 44,44.98,44.98,30.0,0.0,VF CABLEMAX,0.0
1697,KBW,40 - 44,59.98,44.98,30.0,0.0,VF CABLEMAX,1.0
1698,NRW,65 - 69,49.93,34.97,556.0,0.0,GIGAZUHAUSE KABEL,1.0
1699,KBW,75 - 79,34.99,34.99,30.0,0.0,RED INTERNET & PHONE CABLE U,0.0
1700,HSN,35 - 39,44.97,44.97,30.0,0.0,VF CABLEMAX,0.0
1701,KBW,35 - 39,34.99,34.99,30.0,0.0,RED INTERNET & PHONE CABLE U,0.0
1702,NRW,25 - 29,42.97,42.97,30.0,0.0,RED INTERNET & PHONE CABLE U,0.0
1703,NRW,55 - 59,58.98,58.98,30.0,0.0,RED INTERNET & PHONE CABLE U,1.0
1704,NRW,35 - 39,39.99,39.99,30.0,0.0,RED INTERNET & PHONE CABLE U,1.0
1705,KBW,50 - 54,64.96,39.98,30.0,0.0,VF CABLEMAX,0.0
1706,HSN,60 - 64,49.99,49.99,30.0,0.0,RED INTERNET & PHONE CABLE U,0.0
1707,NRW,40 - 44,24.99,24.99,30.0,0.0,RED INTERNET & PHONE CABLE U,0.0
1708,KBW,35 - 39,43.98,43.98,30.0,0.0,RED INTERNET & PHONE CABLE U,0.0
1709,HSN,30 - 34,39.99,39.99,30.0,0.0,RED INTERNET & PHONE CABLE U,1.0
1710,NRW,40 - 44,39.99,39.99,30.0,0.0,RED INTERNET & PHONE CABLE U,0.0
1711,NRW,25 - 29,29.98,19.99,574.0,0.0,GIGAZUHAUSE TREUE C,1.0
1712,NRW,50 - 54,49.97,49.97,30.0,0.0,RED INTERNET & PHONE CABLE U,0.0
1713,NRW,25 - 29,45.97,45.97,30.0,0.0,VF RIP U-TREUE,1.0
1714,KBW,30 - 34,34.99,34.99,30.0,0.0,RED INTERNET & PHONE CABLE U,1.0
1715,NRW,30 - 34,29.99,29.99,30.0,0.0,VF RIP U-TREUE,0.0
1716,KBW,80 and over,34.98,34.98,30.0,0.0,RED INTERNET & PHONE CABLE U,0.0
1717,KBW,40 - 44,39.99,39.99,30.0,0.0,RED INTERNET & PHONE CABLE U,1.0
1718,NRW,18 - 24,39.98,39.98,30.0,0.0,RED INTERNET & PHONE CABLE U,0.0
1719,KBW,70 - 74,39.98,39.98,30.0,0.0,VF CABLEMAX,1.0
1720,NRW,80 and over,0.0,0.0,30.0,0.0,MMA,0.0
1721,NRW,55 - 59,39.99,39.99,30.0,0.0,VF CABLEMAX,1.0
1722,HSN,60 - 64,39.98,39.98,206.0,0.0,GIGAZUHAUSE KABEL,1.0
1723,KBW,30 - 34,29.99,29.99,30.0,0.0,VF RIP U-TREUE,0.0
1724,NRW,80 and over,61.87,40.86,30.0,0.0,3PLAY,1.0
1725,HSN,40 - 44,34.99,34.99,30.0,0.0,RED INTERNET & PHONE CABLE U,1.0
1726,KBW,80 and over,34.89,34.87,30.0,0.0,3PLAY,0.0
1727,NRW,70 - 74,42.98,42.98,30.0,0.0,VF RIP U-TREUE,0.0
1728,NRW,50 - 54,44.98,44.98,30.0,0.0,VF CABLEMAX,0.0
1729,NRW,30 - 34,43.98,43.98,30.0,0.0,RED INTERNET & PHONE CABLE U,1.0
1730,HSN,50 - 54,49.97,49.97,30.0,0.0,VF CABLEMAX,0.0
1731,NRW,80 and over,34.99,34.99,30.0,0.0,RED INTERNET & PHONE CABLE U,1.0
1732,HSN,25 - 29,44.98,44.98,30.0,0.0,VF CABLEMAX,1.0
1733,KBW,60 - 64,69.96,49.97,30.0,0.0,VF CABLEMAX,1.0
1734,NRW,40 - 44,34.99,34.99,30.0,0.0,RED INTERNET & PHONE CABLE U,0.0
1735,KBW,50 - 54,49.99,49.99,30.0,0.0,RED INTERNET & PHONE CABLE U,0.0
1736,HSN,80 and over,44.98,44.98,30.0,0.0,RED INTERNET & PHONE CABLE U,1.0
1737,KBW,30 - 34,29.99,29.99,30.0,0.0,INTERNET PREMIUM,0.0
1738,NRW,30 - 34,44.98,44.98,30.0,0.0,VF CABLEMAX,1.0
1739,KBW,25 - 29,70.98,49.99,30.0,0.0,GIGAZUHAUSE KABEL,1.0
1740,KBW,55 - 59,43.87,43.88,30.0,0.0,GIGAZUHAUSE KABEL,0.0
1741,HSN,50 - 54,53.96,53.96,30.0,0.0,VF CABLEMAX,1.0
1742,NRW,30 - 34,34.99,34.99,30.0,0.0,RED INTERNET & PHONE CABLE U,1.0
1743,NRW,60 - 64,44.98,44.98,30.0,0.0,RED INTERNET & PHONE CABLE U,0.0
1744,KBW,75 - 79,34.99,34.99,30.0,0.0,RED INTERNET & PHONE CABLE U,0.0
1745,KBW,25 - 29,44.99,44.99,169.0,0.0,GIGAZUHAUSE KABEL,1.0
1746,NRW,35 - 39,39.98,39.98,129.0,0.0,GIGAZUHAUSE KABEL,0.0
1747,HSN,50 - 54,34.99,34.99,30.0,0.0,RED INTERNET & PHONE CABLE U,0.0
1748,NRW,25 - 29,44.98,44.98,30.0,0.0,VF CABLEMAX,1.0
1749,KBW,30 - 34,37.99,37.99,30.0,0.0,VF RIP U-TREUE,0.0
1750,NRW,25 - 29,44.98,44.98,30.0,0.0,RED INTERNET & PHONE CABLE U,1.0
1751,NRW,75 - 79,29.98,29.98,30.0,0.0,RED INTERNET & PHONE CABLE U,1.0
1752,KBW,30 - 34,39.99,39.99,30.0,0.0,VF RIP U-TREUE,0.0
1753,NRW,18 - 24,49.99,49.99,254.0,0.0,GIGAZUHAUSE KABEL,1.0
1754,KBW,80 and over,34.99,34.99,30.0,0.0,RED INTERNET & PHONE CABLE U,1.0
1755,NRW,55 - 59,54.99,54.99,30.0,0.0,RED INTERNET & PHONE CABLE U,1.0
1756,NRW,30 - 34,49.99,49.99,30.0,0.0,RED INTERNET & PHONE CABLE U,0.0
1757,KBW,25 - 29,44.98,44.98,30.0,0.0,VF CABLEMAX,0.0
1758,KBW,30 - 34,48.97,48.97,30.0,0.0,RED INTERNET & PHONE CABLE U,0.0
1759,NRW,25 - 29,59.99,59.99,30.0,0.0,3PLAY FLY,0.0
1760,KBW,50 - 54,44.98,44.98,30.0,0.0,RED INTERNET & PHONE CABLE U,0.0
1761,KBW,25 - 29,39.98,39.98,30.0,0.0,RED INTERNET & PHONE CABLE U,1.0
1762,KBW,65 - 69,34.99,34.99,30.0,0.0,RED INTERNET & PHONE CABLE U,0.0
1763,NRW,80 and over,76.31,64.97,30.0,3.0,3PLAY + HD BOX + PAY,0.0
1764,KBW,65 - 69,44.97,44.97,30.0,0.0,VF CABLEMAX,1.0
1765,HSN,18 - 24,52.98,52.98,30.0,0.0,VF RIP U-TREUE,1.0
1766,HSN,30 - 34,39.99,39.99,30.0,0.0,RED INTERNET & PHONE CABLE U,0.0
1767,KBW,55 - 59,44.98,44.98,30.0,0.0,VF CABLEMAX,1.0
1768,KBW,45 - 49,32.99,32.99,30.0,0.0,VF RIP U-TREUE,1.0
1769,KBW,25 - 29,42.97,42.97,30.0,1.0,RED INTERNET & PHONE CABLE U,1.0
1770,NRW,55 - 59,39.98,39.98,39.0,0.0,VF CABLEMAX,1.0
1771,NRW,25 - 29,39.99,39.99,30.0,0.0,RED INTERNET & PHONE CABLE U,1.0
1772,KBW,50 - 54,44.98,44.98,30.0,0.0,VF CABLEMAX,1.0
1773,NRW,25 - 29,39.99,39.99,30.0,0.0,VF RIP U-TREUE,1.0
1774,NRW,60 - 64,34.98,34.98,30.0,0.0,RED INTERNET & PHONE CABLE U,1.0
1775,NRW,25 - 29,37.99,37.99,30.0,0.0,VF RIP U-TREUE,0.0
1776,NRW,18 - 24,44.98,44.98,30.0,0.0,RED INTERNET & PHONE CABLE U,0.0
1777,NRW,25 - 29,44.98,44.98,30.0,0.0,VF CABLEMAX,1.0
1778,KBW,55 - 59,44.98,44.98,30.0,0.0,VF CABLEMAX,1.0
1779,KBW,40 - 44,44.98,44.98,30.0,0.0,RED INTERNET & PHONE CABLE U,1.0
1780,KBW,55 - 59,53.94,53.96,30.0,0.0,VF CABLEMAX,1.0
1781,KBW,30 - 34,44.98,44.98,30.0,0.0,RED INTERNET & PHONE CABLE U,1.0
1782,HSN,50 - 54,44.98,44.98,30.0,0.0,RED INTERNET & PHONE CABLE U,1.0
1783,NRW,60 - 64,49.99,49.99,30.0,0.0,RED INTERNET & PHONE CABLE U,0.0
1784,NRW,30 - 34,44.98,44.98,30.0,0.0,RED INTERNET & PHONE CABLE U,1.0
1785,NRW,45 - 49,34.99,34.99,30.0,0.0,RED INTERNET & PHONE CABLE U,0.0
1786,NRW,55 - 59,53.98,32.99,30.0,0.0,VF RIP U-TREUE,0.0
1787,KBW,45 - 49,39.99,39.99,30.0,0.0,RED INTERNET & PHONE CABLE U,1.0
1788,KBW,65 - 69,39.99,39.99,30.0,0.0,RED INTERNET & PHONE CABLE U,0.0
1789,NRW,40 - 44,39.99,39.99,30.0,0.0,RED INTERNET & PHONE CABLE U,1.0
1790,NRW,40 - 44,44.98,44.98,30.0,0.0,RED INTERNET & PHONE CABLE U,1.0
1791,KBW,35 - 39,29.99,29.99,30.0,0.0,RED INTERNET & PHONE CABLE U,0.0
1792,KBW,30 - 34,56.96,48.97,30.0,0.0,VF CABLEMAX,1.0
1793,NRW,25 - 29,34.99,34.99,30.0,0.0,RED INTERNET & PHONE CABLE U,1.0
1794,KBW,80 and over,27.8,27.8,30.0,0.0,RED INTERNET & PHONE CABLE U,0.0
1795,KBW,55 - 59,54.99,54.99,30.0,0.0,RED INTERNET & PHONE CABLE U,1.0
1796,KBW,75 - 79,44.98,44.98,30.0,0.0,VF CABLEMAX,1.0
1797,NRW,70 - 74,59.96,59.97,30.0,0.0,VF CABLEMAX,0.0
1798,KBW,45 - 49,39.99,39.99,30.0,0.0,VF RIP U-TREUE,0.0
1799,KBW,35 - 39,29.99,29.99,30.0,0.0,VF RIP U-TREUE,1.0
1800,NRW,30 - 34,34.99,34.99,220.0,0.0,GIGAZUHAUSE TREUE C,1.0
1801,NRW,45 - 49,49.97,49.97,30.0,0.0,TREUEPLUS,1.0
1802,NRW,30 - 34,54.99,54.99,30.0,0.0,RED INTERNET & PHONE CABLE U,1.0
1803,NRW,35 - 39,39.98,39.98,30.0,0.0,RED INTERNET & PHONE CABLE U,0.0
1804,KBW,30 - 34,44.98,44.98,30.0,0.0,VF CABLEMAX,0.0
1805,HSN,30 - 34,0.0,0.0,30.0,0.0,MMA,0.0
1806,KBW,18 - 24,39.99,39.99,30.0,0.0,RED INTERNET & PHONE CABLE U,1.0
1807,KBW,35 - 39,39.99,39.99,30.0,0.0,VF RIP U-TREUE,1.0
1808,KBW,30 - 34,39.99,39.99,30.0,0.0,RED INTERNET & PHONE CABLE U,1.0
1809,NRW,60 - 64,54.99,54.99,30.0,0.0,RED INTERNET & PHONE CABLE U,0.0
1810,KBW,40 - 44,39.99,39.99,30.0,0.0,VF RIP U-TREUE,0.0
1811,KBW,65 - 69,39.99,39.99,30.0,0.0,RED INTERNET & PHONE CABLE U,0.0
1812,NRW,65 - 69,34.99,34.99,30.0,0.0,RED INTERNET & PHONE CABLE U,0.0
1813,KBW,80 and over,39.99,39.99,30.0,0.0,VF RIP U-TREUE,0.0
1814,NRW,25 - 29,34.99,34.99,30.0,0.0,RED INTERNET & PHONE CABLE U,0.0
1815,KBW,70 - 74,59.84,38.89,30.0,0.0,3PLAY FLY,1.0
1816,NRW,40 - 44,62.98,62.98,122.0,0.0,GIGAZUHAUSE KABEL,0.0
1817,KBW,25 - 29,62.98,62.98,270.0,0.0,GIGAZUHAUSE KABEL,0.0
1818,NRW,40 - 44,44.98,44.98,30.0,0.0,RED INTERNET & PHONE CABLE U,0.0
1819,NRW,25 - 29,37.99,37.99,30.0,0.0,VF RIP U-TREUE,1.0
1820,NRW,35 - 39,34.99,34.99,30.0,0.0,RED INTERNET & PHONE CABLE U,1.0
1821,NRW,45 - 49,49.97,49.97,30.0,0.0,VF CABLEMAX,1.0
1822,NRW,18 - 24,39.98,39.98,182.0,0.0,GIGAZUHAUSE KABEL,1.0
1823,KBW,45 - 49,34.99,34.99,30.0,0.0,RED INTERNET & PHONE CABLE U,1.0
1824,NRW,35 - 39,29.99,29.99,30.0,0.0,VF RIP U-TREUE,0.0
1825,NRW,45 - 49,44.98,44.98,30.0,0.0,RED INTERNET & PHONE CABLE U,0.0
1826,KBW,65 - 69,39.98,39.98,129.0,0.0,GIGAZUHAUSE KABEL,1.0
1827,KBW,30 - 34,34.99,34.99,30.0,0.0,RED INTERNET & PHONE CABLE U,0.0
1828,KBW,55 - 59,44.98,44.98,30.0,0.0,VF CABLEMAX,0.0
1829,NRW,50 - 54,39.99,39.99,30.0,0.0,RED INTERNET & PHONE CABLE U,1.0
1830,NRW,30 - 34,44.98,44.98,30.0,0.0,RED INTERNET & PHONE CABLE U,0.0
1831,HSN,80 and over,39.98,39.98,30.0,0.0,RED INTERNET & PHONE CABLE U,0.0
1832,HSN,35 - 39,39.99,39.99,30.0,0.0,RED INTERNET & PHONE CABLE U,1.0
1833,KBW,30 - 34,44.98,44.98,30.0,0.0,VF CABLEMAX,0.0
1834,NRW,30 - 34,39.99,39.99,30.0,0.0,RED INTERNET & PHONE CABLE U,0.0
1835,NRW,35 - 39,49.99,49.99,30.0,0.0,GIGAZUHAUSE KABEL,0.0
1836,KBW,35 - 39,44.98,44.98,30.0,0.0,RED INTERNET & PHONE CABLE U,1.0
1837,NRW,35 - 39,54.96,44.98,30.0,0.0,VF CABLEMAX,1.0
1838,HSN,30 - 34,49.99,49.99,30.0,0.0,GIGAZUHAUSE KABEL,1.0
1839,KBW,40 - 44,37.99,37.99,30.0,0.0,VF RIP U-TREUE,1.0
1840,KBW,50 - 54,29.99,29.99,30.0,0.0,VF RIP U-TREUE,1.0
1841,NRW,45 - 49,49.97,49.97,30.0,0.0,VF CABLEMAX,1.0
1842,KBW,55 - 59,34.99,34.99,30.0,0.0,RED INTERNET & PHONE CABLE U,1.0
1843,NRW,40 - 44,39.99,39.99,30.0,0.0,VF RIP U-TREUE,0.0
1844,KBW,55 - 59,47.96,47.96,30.0,0.0,RED INTERNET & PHONE CABLE U,0.0
1845,NRW,45 - 49,49.99,49.99,30.0,0.0,RED INTERNET & PHONE CABLE U,0.0
1846,NRW,75 - 79,45.95,45.95,30.0,0.0,RED INTERNET & PHONE CABLE U,0.0
1847,HSN,30 - 34,44.98,44.98,50.0,0.0,VF CABLEMAX,0.0
1848,NRW,75 - 79,39.98,39.98,30.0,0.0,VF RIP U-TREUE,1.0
1849,KBW,65 - 69,39.99,39.99,30.0,0.0,RED INTERNET & PHONE CABLE U,0.0
1850,KBW,35 - 39,42.98,42.98,30.0,0.0,VF RIP U-TREUE,0.0
1851,KBW,30 - 34,44.98,44.98,30.0,0.0,RED INTERNET & PHONE CABLE U,1.0
1852,KBW,75 - 79,42.98,42.98,30.0,0.0,VF RIP U-TREUE,0.0
1853,NRW,35 - 39,29.99,29.99,30.0,0.0,VF RIP U-TREUE,0.0
1854,NRW,45 - 49,49.99,49.99,30.0,0.0,RED INTERNET & PHONE CABLE U,0.0
1855,KBW,30 - 34,44.99,44.99,85.0,0.0,GIGAZUHAUSE KABEL,1.0
1856,KBW,30 - 34,39.99,39.99,30.0,0.0,RED INTERNET & PHONE CABLE U,1.0
1857,NRW,25 - 29,39.99,39.99,30.0,0.0,RED INTERNET & PHONE CABLE U,1.0
1858,NRW,30 - 34,43.97,43.97,30.0,0.0,RED INTERNET & PHONE CABLE U,0.0
1859,NRW,55 - 59,44.98,44.98,30.0,0.0,VF CABLEMAX,0.0
1860,NRW,60 - 64,34.99,34.99,30.0,0.0,RED INTERNET & PHONE CABLE U,1.0
1861,KBW,60 - 64,44.98,44.98,30.0,0.0,VF RIP U-TREUE,1.0
1862,KBW,55 - 59,32.99,32.99,30.0,0.0,VF RIP U-TREUE,0.0
1863,KBW,65 - 69,42.86,42.86,30.0,0.0,3PLAY,0.0
1864,NRW,40 - 44,47.99,47.99,30.0,0.0,VF RIP U-TREUE,1.0
1865,NRW,45 - 49,49.99,49.99,30.0,0.0,GIGAZUHAUSE KABEL,0.0
1866,KBW,80 and over,34.99,34.99,30.0,0.0,RED INTERNET & PHONE CABLE U,1.0
1867,NRW,30 - 34,44.98,44.98,30.0,0.0,RED INTERNET & PHONE CABLE U,0.0
1868,NRW,65 - 69,34.99,34.99,30.0,0.0,RED INTERNET & PHONE CABLE U,0.0
1869,NRW,55 - 59,34.99,34.99,30.0,0.0,RED INTERNET & PHONE CABLE U,0.0
1870,NRW,80 and over,57.97,37.99,30.0,0.0,VF RIP U-TREUE,0.0
1871,NRW,25 - 29,39.99,39.99,30.0,0.0,RED INTERNET & PHONE CABLE U,1.0
1872,KBW,40 - 44,54.99,54.99,30.0,0.0,RED INTERNET & PHONE CABLE U,0.0
1873,NRW,25 - 29,39.98,39.98,162.0,0.0,GIGAZUHAUSE KABEL,1.0
1874,KBW,45 - 49,44.98,44.98,30.0,1.0,VF CABLEMAX,0.0
1875,KBW,25 - 29,39.99,39.99,30.0,0.0,RED INTERNET & PHONE CABLE U,1.0
1876,NRW,75 - 79,42.97,42.97,30.0,0.0,GIGAZUHAUSE KABEL,1.0
1877,NRW,45 - 49,44.99,44.99,163.0,0.0,GIGAZUHAUSE KABEL,1.0
1878,KBW,35 - 39,39.99,39.99,30.0,0.0,VF CABLEMAX,0.0
1879,HSN,40 - 44,54.98,54.98,30.0,0.0,GIGAZUHAUSE KABEL,1.0
1880,NRW,35 - 39,53.98,32.99,30.0,0.0,VF RIP U-TREUE,1.0
1881,NRW,60 - 64,34.99,34.99,30.0,0.0,RED INTERNET & PHONE CABLE U,0.0
1882,KBW,55 - 59,44.97,44.97,30.0,0.0,VF CABLEMAX,0.0
1883,NRW,50 - 54,34.99,34.99,30.0,0.0,VF RIP U-TREUE,0.0
1884,NRW,25 - 29,39.99,39.99,30.0,0.0,RED INTERNET & PHONE CABLE U,1.0
1885,KBW,25 - 29,37.98,37.98,30.0,0.0,VF RIP U-TREUE,0.0
1886,NRW,60 - 64,44.97,44.97,30.0,0.0,GIGAZUHAUSE KABEL,0.0
1887,KBW,65 - 69,49.97,49.97,30.0,0.0,RED INTERNET & PHONE CABLE U,1.0
1888,KBW,35 - 39,34.99,34.99,30.0,0.0,RED INTERNET & PHONE CABLE U,1.0
1889,NRW,45 - 49,27.99,27.99,30.0,0.0,GIGAZUHAUSE TREUE B,0.0
1890,NRW,60 - 64,39.98,39.98,30.0,0.0,RED INTERNET & PHONE CABLE U,0.0
1891,KBW,55 - 59,39.99,39.99,30.0,0.0,VF RIP U-TREUE,0.0
1892,NRW,45 - 49,49.99,49.99,619.0,0.0,GIGAZUHAUSE TREUE C,0.0
1893,NRW,55 - 59,58.97,37.99,30.0,0.0,VF RIP U-TREUE,1.0
1894,KBW,60 - 64,44.98,44.98,30.0,0.0,VF CABLEMAX,1.0
1895,KBW,35 - 39,44.97,44.97,270.0,0.0,GIGAZUHAUSE TREUE B,0.0
1896,NRW,65 - 69,62.97,42.98,30.0,0.0,VF RIP U-TREUE,0.0
1897,KBW,18 - 24,34.99,34.99,30.0,0.0,RED INTERNET & PHONE CABLE U,1.0
1898,NRW,35 - 39,44.98,44.98,30.0,0.0,VF CABLEMAX,1.0
1899,NRW,80 and over,39.98,39.98,30.0,0.0,VF RIP U-TREUE,1.0
1900,HSN,65 - 69,44.98,44.98,30.0,0.0,VF CABLEMAX,1.0
1901,NRW,80 and over,44.98,44.98,30.0,0.0,RED INTERNET & PHONE CABLE U,0.0
1902,NRW,55 - 59,47.97,47.97,30.0,0.0,VF RIP U-TREUE,1.0
1903,NRW,45 - 49,34.99,34.99,30.0,0.0,RED INTERNET & PHONE CABLE U,1.0
1904,NRW,25 - 29,48.97,48.97,122.0,0.0,GIGAZUHAUSE KABEL,1.0
1905,KBW,70 - 74,49.97,49.97,30.0,0.0,VF CABLEMAX,0.0
1906,KBW,25 - 29,39.99,39.99,30.0,0.0,RED INTERNET & PHONE CABLE U,1.0
1907,NRW,30 - 34,39.99,39.99,30.0,0.0,RED INTERNET & PHONE CABLE U,1.0
1908,NRW,45 - 49,49.99,49.99,30.0,0.0,RED INTERNET & PHONE CABLE U,1.0
1909,NRW,60 - 64,44.98,44.98,30.0,0.0,VF CABLEMAX,1.0
1910,KBW,30 - 34,39.99,39.99,30.0,0.0,RED INTERNET & PHONE CABLE U,1.0
1911,NRW,25 - 29,39.98,39.98,30.0,0.0,RED INTERNET & PHONE CABLE U,1.0
1912,KBW,35 - 39,39.99,39.99,30.0,0.0,RED INTERNET & PHONE CABLE U,1.0
1913,NRW,25 - 29,34.99,34.99,30.0,0.0,RED INTERNET & PHONE CABLE U,1.0
1914,NRW,55 - 59,39.98,39.98,30.0,0.0,RED INTERNET & PHONE CABLE U,0.0
1915,NRW,30 - 34,24.99,24.99,30.0,0.0,INTERNET COMFORT,1.0
1916,NRW,50 - 54,29.99,29.99,30.0,0.0,VF RIP U-TREUE,0.0
1917,NRW,35 - 39,39.99,39.99,30.0,0.0,RED INTERNET & PHONE CABLE U,0.0
1918,NRW,60 - 64,59.99,59.99,30.0,0.0,GIGAZUHAUSE KABEL,1.0
1919,KBW,40 - 44,39.99,39.99,30.0,0.0,RED INTERNET & PHONE CABLE U,1.0
1920,KBW,45 - 49,54.99,54.99,30.0,0.0,RED INTERNET & PHONE CABLE U,0.0
1921,NRW,25 - 29,44.98,44.98,30.0,0.0,VF CABLEMAX,1.0
1922,NRW,50 - 54,37.97,37.98,30.0,0.0,VF RIP U-TREUE,0.0
1923,NRW,30 - 34,44.98,44.98,30.0,0.0,RED INTERNET & PHONE CABLE U,1.0
1924,HSN,50 - 54,52.97,52.97,30.0,0.0,GIGAZUHAUSE KABEL,1.0
1925,KBW,55 - 59,34.99,34.99,30.0,0.0,RED INTERNET & PHONE CABLE U,1.0
1926,NRW,75 - 79,39.99,39.99,30.0,0.0,VF RIP U-TREUE,0.0
1927,KBW,35 - 39,44.98,44.98,30.0,0.0,VF CABLEMAX,1.0
1928,NRW,50 - 54,49.99,49.99,30.0,0.0,RED INTERNET & PHONE CABLE U,0.0
1929,HSN,30 - 34,44.98,44.98,30.0,0.0,RED INTERNET & PHONE CABLE U,1.0
1930,KBW,35 - 39,39.99,39.99,30.0,0.0,RED INTERNET & PHONE CABLE U,1.0
1931,NRW,70 - 74,37.97,57.97,30.0,0.0,RED INTERNET & PHONE CABLE U,0.0
1932,KBW,65 - 69,50.77,50.78,30.0,0.0,GIGAZUHAUSE KABEL,0.0
1933,NRW,75 - 79,9.98,9.98,30.0,0.0,HSI HZ BOX ONLY,0.0
1934,NRW,55 - 59,52.98,52.98,30.0,0.0,VF RIP U-TREUE,0.0
1935,HSN,40 - 44,32.99,32.99,30.0,0.0,VF RIP U-TREUE,0.0
1936,NRW,30 - 34,39.98,39.98,30.0,0.0,VF CABLEMAX,1.0
1937,NRW,65 - 69,68.96,43.98,30.0,0.0,VF CABLEMAX,0.0
1938,KBW,35 - 39,39.98,39.98,30.0,0.0,VF CABLEMAX,0.0
1939,HSN,30 - 34,54.99,54.99,30.0,0.0,RED INTERNET & PHONE CABLE U,1.0
1940,NRW,70 - 74,44.98,44.98,30.0,0.0,VF CABLEMAX,0.0
1941,KBW,30 - 34,54.99,54.99,30.0,0.0,RED INTERNET & PHONE CABLE U,0.0
1942,NRW,40 - 44,44.98,44.98,30.0,0.0,VF CABLEMAX,1.0
1943,NRW,60 - 64,44.98,29.99,30.0,0.0,GIGAZUHAUSE TREUE C,1.0
1944,KBW,60 - 64,52.97,32.99,636.0,0.0,VF RIP U-TREUE,0.0
1945,NRW,45 - 49,19.99,19.99,30.0,0.0,TELEFON HSI,1.0
1946,HSN,70 - 74,34.99,34.99,30.0,0.0,RED INTERNET & PHONE CABLE U,1.0
1947,KBW,40 - 44,34.99,34.99,30.0,0.0,RED INTERNET & PHONE CABLE U,1.0
1948,NRW,65 - 69,37.98,37.98,365.0,0.0,GIGAZUHAUSE KABEL,0.0
1949,KBW,55 - 59,49.97,49.97,30.0,0.0,RED INTERNET & PHONE CABLE U,0.0
1950,KBW,30 - 34,34.99,34.99,30.0,0.0,RED INTERNET & PHONE CABLE U,1.0
1951,KBW,80 and over,33.98,33.98,30.0,0.0,VF CABLEMAX,0.0
1952,KBW,80 and over,34.99,34.99,30.0,0.0,VF RIP U-TREUE,1.0
1953,KBW,35 - 39,44.98,44.98,30.0,0.0,VF CABLEMAX,1.0
1954,KBW,65 - 69,24.99,24.99,334.0,0.0,GIGAZUHAUSE TREUE C,1.0
1955,HSN,75 - 79,44.98,44.98,30.0,0.0,RED INTERNET & PHONE CABLE U,0.0
1956,NRW,18 - 24,29.99,29.99,30.0,0.0,HSI HZ BOX ONLY,1.0
1957,HSN,30 - 34,34.99,34.99,30.0,0.0,RED INTERNET & PHONE CABLE U,0.0
1958,HSN,55 - 59,44.98,44.98,30.0,0.0,VF CABLEMAX,0.0
1959,NRW,35 - 39,39.98,39.98,30.0,0.0,GIGAZUHAUSE KABEL,1.0
1960,NRW,35 - 39,64.97,49.99,30.0,0.0,RED INTERNET & PHONE CABLE U,0.0
1961,NRW,35 - 39,48.97,48.97,30.0,0.0,VF CABLEMAX,1.0
1962,NRW,50 - 54,44.97,44.97,30.0,0.0,GIGAZUHAUSE KABEL,0.0
1963,NRW,55 - 59,34.99,34.99,30.0,0.0,RED INTERNET & PHONE CABLE U,0.0
1964,HSN,45 - 49,48.97,48.97,30.0,0.0,VF CABLEMAX,1.0
1965,NRW,30 - 34,34.99,34.99,30.0,0.0,RED INTERNET & PHONE CABLE U,0.0
1966,HSN,45 - 49,49.99,49.99,30.0,0.0,GIGAZUHAUSE KABEL,0.0
1967,NRW,35 - 39,39.99,39.99,30.0,0.0,RED INTERNET & PHONE CABLE U,0.0
1968,NRW,50 - 54,49.96,29.99,30.0,0.0,VF RIP U-TREUE,1.0
1969,KBW,60 - 64,52.95,52.95,30.0,0.0,RED INTERNET & PHONE CABLE U,1.0
1970,NRW,60 - 64,42.97,42.97,30.0,0.0,GIGAZUHAUSE KABEL,0.0
1971,NRW,50 - 54,29.99,29.99,30.0,0.0,VF RIP U-TREUE,0.0
1972,NRW,30 - 34,39.99,39.99,30.0,0.0,RED INTERNET & PHONE CABLE U,1.0
1973,KBW,30 - 34,44.98,44.98,30.0,0.0,VF CABLEMAX,1.0
1974,NRW,60 - 64,49.97,49.97,30.0,0.0,VF CABLEMAX,0.0
1975,NRW,45 - 49,34.99,34.99,30.0,0.0,RED INTERNET & PHONE CABLE U,0.0
1976,NRW,55 - 59,39.98,39.98,164.0,0.0,GIGAZUHAUSE TREUE B,1.0
1977,NRW,60 - 64,49.99,49.99,30.0,0.0,RED INTERNET & PHONE CABLE U,0.0
1978,HSN,30 - 34,29.99,29.99,30.0,0.0,VF RIP U-TREUE,1.0
1979,NRW,18 - 24,39.99,39.99,30.0,0.0,RED INTERNET & PHONE CABLE U,0.0
1980,HSN,60 - 64,58.77,37.78,30.0,0.0,3PLAY,1.0
1981,NRW,35 - 39,32.97,32.97,30.0,1.0,RED INTERNET & PHONE CABLE U,1.0
1982,KBW,25 - 29,39.99,39.99,30.0,0.0,GIGAZUHAUSE KABEL,0.0
1983,NRW,70 - 74,54.99,54.99,30.0,0.0,RED INTERNET & PHONE CABLE U,0.0
1984,HSN,35 - 39,29.99,29.99,30.0,0.0,VF RIP U-TREUE,0.0
1985,NRW,35 - 39,39.99,39.99,30.0,0.0,RED INTERNET & PHONE CABLE U,1.0
1986,HSN,55 - 59,54.99,54.99,30.0,0.0,RED INTERNET & PHONE CABLE U,1.0
1987,NRW,50 - 54,44.98,44.98,30.0,0.0,RED INTERNET & PHONE CABLE U,0.0
1988,KBW,40 - 44,54.99,54.99,30.0,0.0,RED INTERNET & PHONE CABLE U,0.0
1989,NRW,30 - 34,29.99,29.99,30.0,0.0,VF RIP U-TREUE,0.0
1990,KBW,60 - 64,65.97,44.98,30.0,0.0,GIGAZUHAUSE KABEL,0.0
1991,NRW,40 - 44,27.99,27.99,30.0,0.0,VF RIP U-TREUE,0.0
1992,KBW,60 - 64,29.99,29.99,30.0,0.0,RED INTERNET & PHONE CABLE U,0.0
1993,NRW,65 - 69,39.98,29.99,30.0,0.0,VF RIP U-TREUE,1.0
1994,NRW,55 - 59,34.99,34.99,30.0,0.0,RED INTERNET & PHONE CABLE U,0.0
1995,HSN,35 - 39,39.98,39.98,30.0,0.0,VF CABLEMAX,0.0
1996,KBW,50 - 54,42.98,42.98,30.0,0.0,VF RIP U-TREUE,0.0
1997,NRW,70 - 74,40.98,39.99,30.0,0.0,VF RIP U-TREUE,0.0
1998,KBW,30 - 34,39.98,39.98,126.0,0.0,GIGAZUHAUSE KABEL,0.0
1999,NRW,40 - 44,44.98,44.98,30.0,0.0,VF CABLEMAX,0.0
2000,KBW,65 - 69,49.99,49.99,30.0,0.0,RED INTERNET & PHONE CABLE U,1.0
2001,NRW,50 - 54,58.98,58.98,30.0,0.0,RED INTERNET & PHONE CABLE U,0.0
2002,NRW,40 - 44,39.99,39.99,30.0,0.0,VF CABLEMAX,0.0
2003,NRW,30 - 34,44.98,44.98,30.0,0.0,RED INTERNET & PHONE CABLE U,1.0
2004,NRW,18 - 24,34.99,34.99,30.0,0.0,RED INTERNET & PHONE CABLE U,1.0
2005,NRW,25 - 29,44.98,44.98,30.0,0.0,VF CABLEMAX,0.0
2006,NRW,45 - 49,39.99,39.99,30.0,0.0,RED INTERNET & PHONE CABLE U,1.0
2007,KBW,80 and over,60.87,39.65,30.0,0.0,3PLAY,1.0
2008,NRW,60 - 64,39.98,39.98,30.0,0.0,RED INTERNET & PHONE CABLE U,0.0
2009,NRW,45 - 49,24.99,24.99,30.0,0.0,RED INTERNET & PHONE CABLE U,1.0
2010,NRW,80 and over,39.99,39.99,30.0,0.0,RED INTERNET & PHONE CABLE U,0.0
2011,NRW,50 - 54,44.98,44.98,30.0,0.0,VF CABLEMAX,1.0
2012,NRW,35 - 39,44.98,44.98,30.0,0.0,RED INTERNET & PHONE CABLE U,1.0
2013,NRW,25 - 29,39.98,39.98,382.0,0.0,GIGAZUHAUSE KABEL,0.0
2014,NRW,40 - 44,39.98,39.98,30.0,0.0,VF CABLEMAX,1.0
2015,KBW,40 - 44,34.99,34.99,30.0,0.0,VF RIP U-TREUE,1.0
2016,NRW,35 - 39,39.99,39.99,30.0,0.0,RED INTERNET & PHONE CABLE U,1.0
2017,HSN,40 - 44,34.99,34.99,30.0,0.0,RED INTERNET & PHONE CABLE U,1.0
2018,HSN,25 - 29,34.99,34.99,30.0,0.0,RED INTERNET & PHONE CABLE U,1.0
2019,KBW,30 - 34,54.95,44.98,30.0,0.0,RED INTERNET & PHONE CABLE U,1.0
2020,HSN,30 - 34,34.99,34.99,106.0,0.0,GIGAZUHAUSE KABEL,1.0
2021,NRW,75 - 79,34.99,34.99,30.0,0.0,VF RIP U-TREUE,1.0
2022,NRW,35 - 39,47.99,47.99,30.0,0.0,VF RIP U-TREUE,1.0
2023,HSN,30 - 34,44.98,44.98,30.0,0.0,VF RIP U-TREUE,0.0
2024,NRW,30 - 34,34.99,34.99,30.0,0.0,RED INTERNET & PHONE CABLE U,1.0
2025,HSN,18 - 24,39.99,39.99,30.0,0.0,VF RIP U-TREUE,0.0
2026,KBW,30 - 34,44.98,44.98,30.0,0.0,RED INTERNET & PHONE CABLE U,1.0
2027,HSN,45 - 49,44.98,44.98,30.0,0.0,RED INTERNET & PHONE CABLE U,0.0
2028,NRW,30 - 34,39.98,39.98,38.0,0.0,GIGAZUHAUSE KABEL,1.0
2029,KBW,75 - 79,32.98,32.98,162.0,0.0,GIGAZUHAUSE TREUE B,1.0
2030,KBW,35 - 39,39.98,39.98,30.0,0.0,GIGAZUHAUSE KABEL,1.0
2031,KBW,40 - 44,52.96,52.96,30.0,0.0,VF CABLEMAX,1.0
2032,KBW,60 - 64,40.9,40.9,30.0,0.0,GIGAZUHAUSE KABEL,0.0
2033,KBW,55 - 59,64.98,64.98,30.0,0.0,TREUEPLUS,1.0
2034,HSN,45 - 49,39.99,39.99,30.0,0.0,RED INTERNET & PHONE CABLE U,1.0
2035,NRW,50 - 54,44.98,44.98,30.0,0.0,VF CABLEMAX,1.0
2036,KBW,65 - 69,43.42,43.42,30.0,0.0,3PLAY COMFORT,1.0
2037,NRW,45 - 49,47.99,47.99,30.0,0.0,VF RIP U-TREUE,0.0
2038,NRW,55 - 59,29.99,29.99,30.0,0.0,VF RIP U-TREUE,1.0
2039,NRW,55 - 59,39.99,39.99,30.0,0.0,VF RIP U-TREUE,1.0
2040,NRW,55 - 59,42.97,42.97,30.0,0.0,RED INTERNET & PHONE CABLE U,0.0
2041,NRW,30 - 34,59.98,59.98,30.0,0.0,RED INTERNET & PHONE CABLE U,1.0
2042,NRW,50 - 54,27.99,27.99,30.0,0.0,VF RIP U-TREUE,1.0
2043,KBW,60 - 64,42.98,42.98,30.0,0.0,VF RIP U-TREUE,0.0
2044,KBW,25 - 29,44.98,44.98,30.0,0.0,VF CABLEMAX,0.0
2045,KBW,50 - 54,39.99,39.99,30.0,0.0,RED INTERNET & PHONE CABLE U,0.0
2046,KBW,70 - 74,34.99,34.99,30.0,0.0,RED INTERNET & PHONE CABLE U,0.0
2047,NRW,65 - 69,34.99,34.99,30.0,0.0,RED INTERNET & PHONE CABLE U,0.0
2048,NRW,18 - 24,34.99,34.99,30.0,0.0,RED INTERNET & PHONE CABLE U,1.0
2049,NRW,25 - 29,49.97,49.97,30.0,0.0,VF CABLEMAX,1.0
2050,NRW,55 - 59,39.99,39.99,30.0,0.0,VF RIP U-TREUE,1.0
2051,KBW,45 - 49,54.99,54.99,30.0,0.0,RED INTERNET & PHONE CABLE U,0.0
2052,KBW,75 - 79,70.98,49.99,30.0,0.0,GIGAZUHAUSE KABEL,1.0
2053,KBW,50 - 54,34.99,34.99,30.0,0.0,RED INTERNET & PHONE CABLE U,0.0
2054,HSN,40 - 44,32.99,32.99,30.0,0.0,VF RIP U-TREUE,0.0
2055,KBW,30 - 34,39.99,39.99,30.0,0.0,RED INTERNET & PHONE CABLE U,0.0
2056,NRW,55 - 59,44.98,44.98,30.0,0.0,VF CABLEMAX,0.0
2057,NRW,55 - 59,54.99,54.99,30.0,0.0,RED INTERNET & PHONE CABLE U,0.0
2058,KBW,45 - 49,34.99,34.99,30.0,0.0,VF RIP U-TREUE,0.0
2059,HSN,60 - 64,34.99,34.99,30.0,0.0,RED INTERNET & PHONE CABLE U,0.0
2060,KBW,35 - 39,44.98,44.98,30.0,0.0,VF CABLEMAX,0.0
2061,NRW,18 - 24,13.99,13.99,30.0,0.0,EAZY,1.0
2062,KBW,25 - 29,39.99,39.99,30.0,0.0,RED INTERNET & PHONE CABLE U,1.0
2063,NRW,45 - 49,49.99,49.99,30.0,0.0,RED INTERNET & PHONE CABLE U,0.0
2064,NRW,30 - 34,44.98,44.98,30.0,0.0,VF CABLEMAX,1.0
2065,KBW,80 and over,32.99,32.99,30.0,0.0,VF RIP U-TREUE,1.0
2066,NRW,35 - 39,39.99,39.99,30.0,0.0,VF RIP U-TREUE,0.0
2067,KBW,55 - 59,42.98,42.98,30.0,0.0,VF RIP U-TREUE,0.0
2068,HSN,25 - 29,44.98,44.98,30.0,0.0,RED INTERNET & PHONE CABLE U,1.0
2069,NRW,55 - 59,32.99,32.99,30.0,0.0,VF RIP U-TREUE,0.0
2070,NRW,65 - 69,39.99,39.99,30.0,0.0,RED INTERNET & PHONE CABLE U,0.0
2071,KBW,18 - 24,44.98,44.98,30.0,0.0,RED INTERNET & PHONE CABLE U,1.0
2072,KBW,40 - 44,39.99,39.99,30.0,0.0,RED INTERNET & PHONE CABLE U,0.0
2073,KBW,60 - 64,34.99,34.99,30.0,0.0,RED INTERNET & PHONE CABLE U,1.0
2074,NRW,30 - 34,44.97,44.97,30.0,0.0,GIGAZUHAUSE KABEL,1.0
2075,NRW,25 - 29,34.99,34.99,30.0,0.0,RED INTERNET & PHONE CABLE U,0.0
2076,HSN,30 - 34,34.99,34.99,678.0,0.0,RED INTERNET & PHONE CABLE U,1.0
2077,NRW,55 - 59,49.97,49.97,30.0,0.0,VF CABLEMAX,0.0
2078,KBW,40 - 44,49.99,49.99,30.0,0.0,RED INTERNET & PHONE CABLE U,1.0
2079,NRW,60 - 64,24.99,24.99,669.0,0.0,GIGAZUHAUSE KABEL,1.0
2080,NRW,35 - 39,38.98,38.98,30.0,0.0,RED INTERNET & PHONE CABLE U,0.0
2081,NRW,40 - 44,44.98,44.98,30.0,0.0,VF CABLEMAX,0.0
2082,KBW,30 - 34,44.98,44.98,30.0,0.0,VF CABLEMAX,0.0
2083,NRW,25 - 29,54.99,54.99,30.0,0.0,RED INTERNET & PHONE CABLE U,0.0
2084,NRW,40 - 44,39.99,39.99,30.0,0.0,VF RIP U-TREUE,1.0
2085,NRW,70 - 74,35.97,35.98,30.0,0.0,GIGAZUHAUSE KABEL,0.0
2086,NRW,35 - 39,34.99,34.99,30.0,0.0,RED INTERNET & PHONE CABLE U,1.0
2087,NRW,45 - 49,65.97,44.99,277.0,0.0,GIGAZUHAUSE KABEL,1.0
2088,KBW,65 - 69,44.98,44.98,30.0,0.0,VF RIP U-TREUE,0.0
2089,NRW,25 - 29,54.99,54.99,30.0,0.0,RED INTERNET & PHONE CABLE U,0.0
2090,KBW,65 - 69,39.99,39.99,30.0,0.0,VF RIP U-TREUE,1.0
2091,KBW,35 - 39,39.98,39.98,30.0,0.0,GIGAZUHAUSE KABEL,1.0
2092,NRW,45 - 49,44.98,44.98,30.0,0.0,VF CABLEMAX,1.0
2093,NRW,70 - 74,79.94,44.98,619.0,0.0,GIGAZUHAUSE TREUE B,0.0
2094,HSN,25 - 29,39.99,39.99,30.0,0.0,RED INTERNET & PHONE CABLE U,0.0
2095,KBW,35 - 39,44.99,44.99,135.0,0.0,GIGAZUHAUSE KABEL,1.0
2096,NRW,25 - 29,34.99,34.99,30.0,0.0,RED INTERNET & PHONE CABLE U,1.0
2097,NRW,65 - 69,34.99,34.99,30.0,0.0,RED INTERNET & PHONE CABLE U,0.0
2098,KBW,30 - 34,34.99,34.99,30.0,0.0,RED INTERNET & PHONE CABLE U,1.0
2099,NRW,40 - 44,44.98,44.98,30.0,0.0,VF CABLEMAX,0.0
2100,NRW,40 - 44,54.99,54.99,30.0,0.0,RED INTERNET & PHONE CABLE U,0.0
2101,NRW,30 - 34,39.99,39.99,30.0,0.0,RED INTERNET & PHONE CABLE U,1.0
2102,KBW,55 - 59,39.99,39.99,30.0,0.0,RED INTERNET & PHONE CABLE U,0.0
2103,NRW,35 - 39,39.99,39.99,30.0,0.0,RED INTERNET & PHONE CABLE U,0.0
2104,NRW,25 - 29,25.97,25.97,30.0,0.0,RED INTERNET & PHONE CABLE U,0.0
2105,NRW,30 - 34,34.99,34.99,30.0,0.0,RED INTERNET & PHONE CABLE U,0.0
2106,KBW,25 - 29,34.99,34.99,30.0,0.0,RED INTERNET & PHONE CABLE U,0.0
2107,NRW,45 - 49,44.98,44.98,30.0,0.0,VF CABLEMAX,1.0
2108,NRW,55 - 59,47.99,47.99,30.0,0.0,VF RIP U-TREUE,0.0
2109,KBW,30 - 34,29.99,29.99,30.0,0.0,RED INTERNET & PHONE CABLE U,0.0
2110,KBW,40 - 44,39.99,39.99,30.0,0.0,RED INTERNET & PHONE CABLE U,0.0
2111,KBW,25 - 29,68.95,47.96,30.0,0.0,GIGAZUHAUSE KABEL,1.0
2112,KBW,40 - 44,39.98,39.98,243.0,0.0,GIGAZUHAUSE KABEL,0.0
2113,NRW,50 - 54,68.96,47.97,30.0,0.0,RED INTERNET & PHONE CABLE U,1.0
2114,NRW,40 - 44,34.99,34.99,30.0,0.0,RED INTERNET & PHONE CABLE U,0.0
2115,NRW,50 - 54,49.99,49.99,30.0,0.0,RED INTERNET & PHONE CABLE U,0.0
2116,HSN,60 - 64,39.99,39.99,30.0,0.0,RED INTERNET & PHONE CABLE U,0.0
2117,KBW,30 - 34,44.98,44.98,30.0,0.0,RED INTERNET & PHONE CABLE U,0.0
2118,KBW,40 - 44,59.99,59.99,220.0,0.0,GIGAZUHAUSE KABEL,1.0
2119,NRW,65 - 69,44.99,44.99,128.0,0.0,GIGAZUHAUSE KABEL,0.0
2120,NRW,80 and over,24.99,24.99,30.0,0.0,RED INTERNET & PHONE CABLE U,1.0
2121,NRW,30 - 34,44.98,44.98,30.0,0.0,RED INTERNET & PHONE CABLE U,0.0
2122,NRW,60 - 64,39.98,39.98,686.0,0.0,GIGAZUHAUSE TREUE C,0.0
2123,KBW,60 - 64,39.98,29.99,30.0,0.0,VF RIP U-TREUE,0.0
2124,NRW,50 - 54,43.98,34.99,30.0,0.0,RED INTERNET & PHONE CABLE U,0.0
2125,NRW,35 - 39,48.98,48.98,30.0,0.0,VF RIP U-TREUE,0.0
2126,HSN,60 - 64,44.98,44.98,30.0,0.0,RED INTERNET & PHONE CABLE U,1.0
2127,NRW,55 - 59,47.97,37.98,30.0,0.0,VF RIP U-TREUE,1.0
2128,NRW,45 - 49,29.99,29.99,30.0,0.0,VF RIP U-TREUE,0.0
2129,NRW,35 - 39,29.99,29.99,30.0,0.0,VF RIP U-TREUE,1.0
2130,KBW,35 - 39,37.98,37.98,30.0,0.0,VF RIP U-TREUE,0.0
2131,KBW,80 and over,34.99,34.99,30.0,0.0,RED INTERNET & PHONE CABLE U,1.0
2132,KBW,18 - 24,34.99,34.99,30.0,0.0,RED INTERNET & PHONE CABLE U,1.0
2133,NRW,35 - 39,44.98,44.98,30.0,0.0,VF CABLEMAX,0.0
2134,KBW,40 - 44,29.99,29.99,30.0,0.0,RED INTERNET & PHONE CABLE U,1.0
2135,HSN,40 - 44,34.99,34.99,30.0,0.0,RED INTERNET & PHONE CABLE U,1.0
2136,NRW,55 - 59,24.99,24.99,30.0,0.0,INTERNET COMFORT,1.0
2137,KBW,25 - 29,34.99,34.99,30.0,0.0,RED INTERNET & PHONE CABLE U,0.0
2138,NRW,35 - 39,34.99,34.99,30.0,0.0,RED INTERNET & PHONE CABLE U,1.0
2139,NRW,70 - 74,44.98,44.98,30.0,0.0,VF CABLEMAX,1.0
2140,KBW,30 - 34,29.99,29.99,30.0,0.0,INTERNET PREMIUM,1.0
2141,NRW,45 - 49,39.99,39.99,30.0,0.0,VF CABLEMAX,0.0
2142,NRW,25 - 29,44.98,44.98,30.0,0.0,RED INTERNET & PHONE CABLE U,1.0
2143,NRW,30 - 34,42.97,42.97,30.0,0.0,RED INTERNET & PHONE CABLE U,0.0
2144,NRW,35 - 39,34.99,34.99,30.0,0.0,RED INTERNET & PHONE CABLE U,0.0
2145,HSN,30 - 34,44.98,44.98,30.0,0.0,VF CABLEMAX,0.0
2146,NRW,60 - 64,55.98,34.99,30.0,0.0,RED INTERNET & PHONE CABLE U,0.0
2147,KBW,40 - 44,39.98,39.98,168.0,0.0,GIGAZUHAUSE KABEL,0.0
2148,NRW,55 - 59,44.98,44.98,30.0,0.0,VF CABLEMAX,0.0
2149,NRW,50 - 54,34.99,34.99,30.0,0.0,RED INTERNET & PHONE CABLE U,0.0
2150,NRW,30 - 34,44.98,44.98,30.0,0.0,RED INTERNET & PHONE CABLE U,1.0
2151,NRW,40 - 44,39.98,39.98,30.0,0.0,RED INTERNET & PHONE CABLE U,0.0
2152,KBW,30 - 34,39.99,39.99,30.0,0.0,RED INTERNET & PHONE CABLE U,0.0
2153,NRW,18 - 24,44.98,44.98,30.0,0.0,RED INTERNET & PHONE CABLE U,1.0
2154,NRW,60 - 64,49.99,49.99,30.0,0.0,RED INTERNET & PHONE CABLE U,1.0
2155,NRW,55 - 59,19.99,19.99,30.0,0.0,VF RIP U-TREUE,0.0
2156,NRW,55 - 59,34.99,34.99,30.0,0.0,RED INTERNET & PHONE CABLE U,0.0
2157,NRW,30 - 34,49.99,49.99,30.0,0.0,GIGAZUHAUSE KABEL,0.0
2158,KBW,60 - 64,37.78,37.78,30.0,0.0,GIGAZUHAUSE KABEL,0.0
2159,NRW,25 - 29,39.99,39.99,30.0,0.0,RED INTERNET & PHONE CABLE U,1.0
2160,NRW,25 - 29,34.99,34.99,30.0,0.0,VF RIP U-TREUE,0.0
2161,HSN,30 - 34,34.99,34.99,30.0,0.0,RED INTERNET & PHONE CABLE U,1.0
2162,NRW,45 - 49,34.99,34.99,30.0,0.0,RED INTERNET & PHONE CABLE U,0.0
2163,NRW,30 - 34,49.99,49.99,30.0,0.0,RED INTERNET & PHONE CABLE U,0.0
2164,HSN,25 - 29,34.99,34.99,30.0,0.0,RED INTERNET & PHONE CABLE U,0.0
2165,KBW,30 - 34,44.98,44.98,30.0,0.0,VF CABLEMAX,1.0
2166,KBW,55 - 59,39.99,39.99,30.0,1.0,VF RIP U-TREUE,0.0
2167,HSN,30 - 34,34.99,34.99,30.0,0.0,RED INTERNET & PHONE CABLE U,0.0
2168,NRW,45 - 49,34.99,34.99,30.0,0.0,RED INTERNET & PHONE CABLE U,0.0
2169,KBW,25 - 29,44.98,44.98,30.0,0.0,RED INTERNET & PHONE CABLE U,1.0
2170,NRW,30 - 34,32.98,32.98,273.0,0.0,GIGAZUHAUSE TREUE B,0.0
2171,NRW,60 - 64,34.99,34.99,30.0,0.0,RED INTERNET & PHONE CABLE U,0.0
2172,KBW,50 - 54,43.98,43.98,30.0,0.0,RED INTERNET & PHONE CABLE U,0.0
2173,KBW,50 - 54,34.99,34.99,30.0,0.0,RED INTERNET & PHONE CABLE U,0.0
2174,NRW,45 - 49,49.99,49.99,30.0,0.0,GIGAZUHAUSE KABEL,1.0
2175,NRW,30 - 34,44.98,44.98,30.0,0.0,VF CABLEMAX,1.0
2176,NRW,60 - 64,42.98,42.98,30.0,0.0,VF RIP U-TREUE,1.0
2177,HSN,18 - 24,169.92,169.92,30.0,0.0,VF CABLEMAX,0.0
2178,NRW,45 - 49,38.98,38.98,30.0,0.0,RED INTERNET & PHONE CABLE U,1.0
2179,HSN,65 - 69,57.97,42.98,30.0,0.0,VF RIP U-TREUE,0.0
2180,KBW,35 - 39,34.99,34.99,30.0,0.0,RED INTERNET & PHONE CABLE U,1.0
2181,KBW,55 - 59,54.98,54.98,30.0,0.0,GIGAZUHAUSE KABEL,0.0
2182,NRW,60 - 64,34.99,34.99,30.0,0.0,RED INTERNET & PHONE CABLE U,0.0
2183,NRW,40 - 44,44.98,44.98,30.0,0.0,VF CABLEMAX,0.0
2184,NRW,25 - 29,44.98,44.98,30.0,0.0,RED INTERNET & PHONE CABLE U,0.0
2185,KBW,40 - 44,29.99,29.99,30.0,0.0,INTERNET PREMIUM,1.0
2186,HSN,18 - 24,39.99,39.99,30.0,0.0,RED INTERNET & PHONE CABLE U,1.0
2187,HSN,35 - 39,39.98,39.98,30.0,0.0,VF CABLEMAX,1.0
2188,NRW,30 - 34,34.99,34.99,30.0,0.0,RED INTERNET & PHONE CABLE U,0.0
2189,NRW,50 - 54,29.99,29.99,30.0,0.0,VF RIP U-TREUE,1.0
2190,NRW,45 - 49,54.99,54.99,30.0,0.0,RED INTERNET & PHONE CABLE U,1.0
2191,KBW,40 - 44,44.98,44.98,30.0,0.0,VF CABLEMAX,0.0
2192,NRW,40 - 44,49.97,49.97,30.0,0.0,VF CABLEMAX,1.0
2193,NRW,55 - 59,39.99,39.99,30.0,0.0,RED INTERNET & PHONE CABLE U,0.0
2194,NRW,75 - 79,34.99,34.99,30.0,0.0,RED INTERNET & PHONE CABLE U,0.0
2195,NRW,65 - 69,29.99,29.99,30.0,0.0,VF RIP U-TREUE,1.0
2196,KBW,60 - 64,34.99,34.99,50.0,0.0,GIGAZUHAUSE KABEL,1.0
2197,NRW,40 - 44,39.98,39.98,30.0,0.0,RED INTERNET & PHONE CABLE U,0.0
2198,KBW,55 - 59,29.99,29.99,30.0,0.0,VF RIP U-TREUE,1.0
2199,KBW,40 - 44,39.99,39.99,30.0,0.0,RED INTERNET & PHONE CABLE U,0.0
2200,NRW,40 - 44,54.99,54.99,30.0,0.0,RED INTERNET & PHONE CABLE U,1.0
2201,KBW,40 - 44,44.98,44.98,30.0,0.0,VF CABLEMAX,1.0
2202,KBW,80 and over,32.92,32.95,30.0,0.0,2PLAY PLUS,0.0
2203,NRW,55 - 59,34.99,34.99,30.0,0.0,RED INTERNET & PHONE CABLE U,1.0
2204,KBW,30 - 34,44.98,44.98,30.0,0.0,VF CABLEMAX,0.0
2205,HSN,60 - 64,34.99,34.99,30.0,0.0,RED INTERNET & PHONE CABLE U,0.0
2206,NRW,35 - 39,52.98,52.98,30.0,0.0,3PLAY HD BOX,0.0
2207,NRW,30 - 34,39.98,39.98,30.0,0.0,RED INTERNET & PHONE CABLE U,1.0
2208,NRW,30 - 34,34.99,34.99,30.0,0.0,RED INTERNET & PHONE CABLE U,1.0
2209,KBW,65 - 69,42.98,42.98,30.0,0.0,VF RIP U-TREUE,0.0
2210,NRW,60 - 64,34.99,34.99,30.0,0.0,RED INTERNET & PHONE CABLE U,1.0
2211,KBW,45 - 49,58.98,58.98,30.0,0.0,RED INTERNET & PHONE CABLE U,1.0
2212,KBW,45 - 49,53.96,53.96,30.0,0.0,VF CABLEMAX,0.0
2213,KBW,30 - 34,29.99,29.99,30.0,0.0,VF RIP U-TREUE,1.0
2214,NRW,30 - 34,39.99,39.99,30.0,0.0,VF RIP U-TREUE,1.0
2215,KBW,55 - 59,39.98,39.98,30.0,0.0,GIGAZUHAUSE KABEL,1.0
2216,NRW,35 - 39,39.98,39.98,30.0,0.0,VF CABLEMAX,1.0
2217,NRW,30 - 34,44.98,44.98,30.0,0.0,VF CABLEMAX,1.0
2218,KBW,25 - 29,44.98,44.98,30.0,0.0,RED INTERNET & PHONE CABLE U,1.0
2219,NRW,30 - 34,34.99,34.99,30.0,0.0,RED INTERNET & PHONE CABLE U,1.0
2220,NRW,45 - 49,49.99,49.99,30.0,0.0,RED INTERNET & PHONE CABLE U,1.0
2221,NRW,40 - 44,44.98,44.98,30.0,0.0,VF CABLEMAX,0.0
2222,HSN,55 - 59,34.99,34.99,30.0,0.0,VF RIP U-TREUE,0.0
2223,NRW,25 - 29,39.99,39.99,30.0,0.0,VF RIP U-TREUE,1.0
2224,NRW,35 - 39,42.98,42.98,30.0,0.0,VF RIP U-TREUE,1.0
2225,NRW,65 - 69,49.99,49.99,30.0,0.0,GIGAZUHAUSE KABEL,0.0
2226,NRW,35 - 39,44.98,44.98,30.0,0.0,RED INTERNET & PHONE CABLE U,1.0
2227,NRW,35 - 39,34.99,34.99,30.0,0.0,VF RIP U-TREUE,0.0
2228,KBW,40 - 44,24.99,24.99,30.0,0.0,RED INTERNET & PHONE CABLE U,0.0
2229,NRW,70 - 74,37.99,37.99,30.0,0.0,VF RIP U-TREUE,0.0
2230,KBW,55 - 59,59.98,49.99,30.0,0.0,VF RIP U-TREUE,1.0
2231,HSN,30 - 34,39.98,39.98,30.0,0.0,RED INTERNET & PHONE CABLE U,0.0
2232,KBW,55 - 59,39.99,39.99,30.0,0.0,VF RIP U-TREUE,1.0
2233,NRW,40 - 44,39.99,39.99,30.0,0.0,VF RIP U-TREUE,1.0
2234,NRW,25 - 29,39.99,39.99,30.0,0.0,RED INTERNET & PHONE CABLE U,1.0
2235,NRW,45 - 49,44.98,44.98,30.0,0.0,RED INTERNET & PHONE CABLE U,1.0
2236,NRW,35 - 39,34.99,34.99,30.0,0.0,RED INTERNET & PHONE CABLE U,1.0
2237,NRW,50 - 54,37.99,37.99,30.0,0.0,VF RIP U-TREUE,0.0
2238,NRW,30 - 34,47.99,47.99,30.0,0.0,VF RIP U-TREUE,1.0
2239,NRW,60 - 64,49.99,49.99,30.0,0.0,VF RIP U-TREUE,0.0
2240,KBW,25 - 29,29.99,29.99,30.0,0.0,RED INTERNET & PHONE CABLE U,1.0
2241,NRW,40 - 44,42.97,42.97,30.0,0.0,VF RIP U-TREUE,0.0
2242,NRW,60 - 64,39.99,39.99,30.0,0.0,VF RIP U-TREUE,1.0
2243,NRW,35 - 39,29.99,29.99,30.0,0.0,VF RIP U-TREUE,0.0
2244,NRW,35 - 39,44.98,44.98,30.0,0.0,VF CABLEMAX,0.0
2245,KBW,30 - 34,49.97,49.97,30.0,0.0,VF CABLEMAX,0.0
2246,KBW,40 - 44,64.97,44.98,30.0,0.0,RED INTERNET & PHONE CABLE U,1.0
2247,KBW,45 - 49,47.96,47.96,30.0,0.0,VF CABLEMAX,0.0
2248,NRW,18 - 24,44.99,44.99,136.0,0.0,GIGAZUHAUSE KABEL,1.0
2249,HSN,40 - 44,49.99,49.99,30.0,0.0,GIGAZUHAUSE KABEL,1.0
2250,NRW,25 - 29,24.99,24.99,30.0,0.0,INTERNET COMFORT,1.0
2251,NRW,50 - 54,39.99,39.99,30.0,0.0,RED INTERNET & PHONE CABLE U,0.0
2252,KBW,30 - 34,39.99,39.99,30.0,0.0,VF RIP U-TREUE,1.0
2253,KBW,55 - 59,44.97,44.97,30.0,0.0,VF CABLEMAX,0.0
2254,NRW,50 - 54,49.97,49.97,30.0,0.0,VF CABLEMAX,1.0
2255,NRW,30 - 34,39.99,39.99,30.0,0.0,RED INTERNET & PHONE CABLE U,1.0
2256,NRW,30 - 34,39.99,39.99,30.0,0.0,RED INTERNET & PHONE CABLE U,0.0
2257,HSN,45 - 49,44.98,44.98,30.0,2.0,VF CABLEMAX,0.0
2258,NRW,70 - 74,61.96,53.96,30.0,0.0,VF CABLEMAX,1.0
2259,NRW,80 and over,49.97,49.97,637.0,0.0,VF CABLEMAX,0.0
2260,KBW,30 - 34,59.99,59.99,30.0,0.0,GIGAZUHAUSE KABEL,0.0
2261,KBW,30 - 34,39.99,39.99,30.0,0.0,VF RIP U-TREUE,0.0
2262,NRW,45 - 49,34.99,34.99,30.0,0.0,VF RIP U-TREUE,0.0
2263,NRW,55 - 59,39.98,39.98,30.0,0.0,VF CABLEMAX,1.0
2264,NRW,35 - 39,39.98,39.98,217.0,0.0,GIGAZUHAUSE KABEL,1.0
2265,NRW,75 - 79,32.99,32.99,30.0,0.0,VF RIP U-TREUE,0.0
2266,KBW,25 - 29,39.99,39.99,30.0,0.0,RED INTERNET & PHONE CABLE U,1.0
2267,KBW,30 - 34,39.98,39.98,30.0,0.0,GIGAZUHAUSE KABEL,1.0
2268,NRW,55 - 59,39.99,39.99,30.0,0.0,VF RIP U-TREUE,0.0
2269,KBW,25 - 29,39.98,39.98,679.0,0.0,GIGAZUHAUSE KABEL,1.0
2270,HSN,65 - 69,34.99,34.99,30.0,0.0,RED INTERNET & PHONE CABLE U,1.0
2271,KBW,70 - 74,54.99,54.99,30.0,0.0,RED INTERNET & PHONE CABLE U,0.0
2272,KBW,30 - 34,44.97,44.97,30.0,0.0,VF CABLEMAX,1.0
2273,NRW,50 - 54,45.97,25.97,30.0,0.0,RED INTERNET & PHONE CABLE U,1.0
2274,NRW,35 - 39,39.99,39.99,30.0,0.0,VF RIP U-TREUE,0.0
2275,KBW,40 - 44,37.99,37.99,30.0,0.0,VF RIP U-TREUE,0.0
2276,KBW,55 - 59,65.97,44.98,30.0,0.0,VF CABLEMAX,1.0
2277,HSN,50 - 54,39.99,39.99,30.0,0.0,RED INTERNET & PHONE CABLE U,0.0
2278,NRW,30 - 34,49.99,49.99,30.0,0.0,GIGAZUHAUSE KABEL,1.0
2279,NRW,45 - 49,54.99,54.99,30.0,0.0,RED INTERNET & PHONE CABLE U,0.0
2280,KBW,60 - 64,39.99,39.99,30.0,0.0,RED INTERNET & PHONE CABLE U,0.0
2281,NRW,55 - 59,44.98,44.98,30.0,0.0,VF CABLEMAX,1.0
2282,NRW,40 - 44,34.99,34.99,30.0,0.0,RED INTERNET & PHONE CABLE U,1.0
2283,NRW,60 - 64,54.98,54.98,30.0,0.0,GIGAZUHAUSE KABEL,0.0
2284,NRW,40 - 44,54.97,44.98,30.0,0.0,RED INTERNET & PHONE CABLE U,0.0
2285,HSN,50 - 54,32.99,32.99,30.0,0.0,VF RIP U-TREUE,0.0
2286,NRW,60 - 64,24.99,24.99,30.0,0.0,RED INTERNET & PHONE CABLE U,1.0
2287,NRW,40 - 44,54.99,54.99,30.0,0.0,RED INTERNET & PHONE CABLE U,0.0
2288,HSN,70 - 74,48.42,48.42,30.0,0.0,3PLAY COMFORT,1.0
2289,KBW,65 - 69,69.96,49.97,30.0,0.0,VF CABLEMAX,1.0
2290,NRW,35 - 39,42.99,42.99,30.0,0.0,VF RIP U-TREUE,0.0
2291,NRW,35 - 39,32.99,32.99,30.0,0.0,VF RIP U-TREUE,0.0
2292,KBW,25 - 29,39.99,39.99,30.0,0.0,RED INTERNET & PHONE CABLE U,0.0
2293,KBW,30 - 34,34.99,34.99,30.0,0.0,RED INTERNET & PHONE CABLE U,1.0
2294,HSN,40 - 44,47.99,47.99,30.0,0.0,VF RIP U-TREUE,1.0
2295,NRW,40 - 44,34.99,34.99,30.0,0.0,RED INTERNET & PHONE CABLE U,1.0
2296,NRW,45 - 49,39.99,39.99,30.0,0.0,RED INTERNET & PHONE CABLE U,1.0
2297,NRW,25 - 29,29.99,29.99,30.0,0.0,VF RIP U-TREUE,0.0
2298,HSN,50 - 54,34.99,34.99,30.0,0.0,RED INTERNET & PHONE CABLE U,0.0
2299,KBW,30 - 34,34.99,34.99,30.0,0.0,RED INTERNET & PHONE CABLE U,0.0
2300,NRW,25 - 29,34.99,34.99,30.0,0.0,RED INTERNET & PHONE CABLE U,1.0
2301,NRW,60 - 64,34.98,34.98,365.0,0.0,GIGAZUHAUSE TREUE B,0.0
2302,NRW,40 - 44,42.98,42.98,30.0,0.0,VF RIP U-TREUE,1.0
2303,NRW,60 - 64,49.99,49.99,30.0,0.0,GIGAZUHAUSE KABEL,0.0
2304,KBW,25 - 29,39.98,39.98,30.0,0.0,VF CABLEMAX,0.0
2305,KBW,40 - 44,34.99,34.99,30.0,0.0,RED INTERNET & PHONE CABLE U,1.0
2306,KBW,35 - 39,34.99,34.99,30.0,0.0,RED INTERNET & PHONE CABLE U,1.0
2307,NRW,35 - 39,39.99,39.99,30.0,0.0,RED INTERNET & PHONE CABLE U,0.0
2308,NRW,45 - 49,44.98,44.98,30.0,0.0,RED INTERNET & PHONE CABLE U,0.0
2309,KBW,55 - 59,44.98,44.98,30.0,0.0,VF CABLEMAX,0.0
2310,NRW,25 - 29,34.99,34.99,30.0,0.0,RED INTERNET & PHONE CABLE U,0.0
2311,KBW,80 and over,50.35,29.99,30.0,0.0,VF RIP U-TREUE,1.0
2312,HSN,60 - 64,44.98,44.98,30.0,0.0,VF RIP U-TREUE,1.0
2313,KBW,50 - 54,49.99,49.99,30.0,0.0,RED INTERNET & PHONE CABLE U,1.0
2314,KBW,65 - 69,27.8,27.8,30.0,0.0,RED INTERNET & PHONE CABLE U,1.0
2315,KBW,55 - 59,67.97,49.99,76.0,0.0,GIGAZUHAUSE TREUE B,1.0
2316,KBW,30 - 34,44.98,44.98,30.0,0.0,VF CABLEMAX,1.0
2317,NRW,60 - 64,49.93,39.99,30.0,0.0,3PLAY TREUE,0.0
2318,KBW,35 - 39,34.99,34.99,30.0,0.0,RED INTERNET & PHONE CABLE U,0.0
2319,KBW,70 - 74,24.99,24.99,30.0,0.0,INTERNET COMFORT,0.0
2320,NRW,50 - 54,39.99,39.99,30.0,0.0,VF RIP U-TREUE,0.0
2321,NRW,60 - 64,37.99,37.99,30.0,0.0,VF RIP U-TREUE,1.0
2322,NRW,30 - 34,39.99,39.99,30.0,0.0,RED INTERNET & PHONE CABLE U,0.0
2323,NRW,50 - 54,48.42,48.42,30.0,0.0,3PLAY COMFORT,1.0
2324,HSN,70 - 74,34.99,34.99,30.0,0.0,RED INTERNET & PHONE CABLE U,0.0
2325,NRW,25 - 29,32.99,32.99,30.0,0.0,VF RIP U-TREUE,1.0
2326,KBW,25 - 29,29.99,29.99,30.0,0.0,VF RIP U-TREUE,1.0
2327,KBW,45 - 49,43.97,43.97,365.0,0.0,GIGAZUHAUSE TREUE B,0.0
2328,KBW,50 - 54,39.99,39.99,30.0,0.0,VF RIP U-TREUE,0.0
2329,KBW,35 - 39,72.97,67.97,67.0,0.0,VF RIP U-TREUE,1.0
2330,KBW,50 - 54,48.97,48.97,30.0,0.0,VF CABLEMAX,1.0
2331,KBW,30 - 34,44.98,44.98,30.0,0.0,RED INTERNET & PHONE CABLE U,0.0
2332,NRW,65 - 69,44.98,44.98,30.0,0.0,VF CABLEMAX,1.0
2333,KBW,65 - 69,44.98,44.98,30.0,0.0,RED INTERNET & PHONE CABLE U,0.0
2334,NRW,60 - 64,44.98,44.98,30.0,0.0,VF CABLEMAX,1.0
2335,KBW,30 - 34,49.99,49.99,30.0,0.0,RED INTERNET & PHONE CABLE U,0.0
2336,NRW,50 - 54,44.98,44.98,30.0,0.0,VF CABLEMAX,1.0
2337,HSN,70 - 74,64.97,44.98,30.0,0.0,VF CABLEMAX,1.0
2338,NRW,35 - 39,44.98,44.98,30.0,0.0,VF CABLEMAX,0.0
2339,KBW,25 - 29,39.99,39.99,30.0,0.0,VF RIP U-TREUE,0.0
2340,NRW,35 - 39,59.98,59.98,30.0,0.0,RED INTERNET & PHONE CABLE U,1.0
2341,KBW,40 - 44,49.99,49.99,30.0,0.0,RED INTERNET & PHONE CABLE U,0.0
2342,KBW,35 - 39,39.99,39.99,30.0,0.0,RED INTERNET & PHONE CABLE U,0.0
2343,NRW,65 - 69,34.99,34.99,30.0,0.0,RED INTERNET & PHONE CABLE U,0.0
2344,KBW,55 - 59,44.98,44.98,30.0,0.0,VF CABLEMAX,1.0
2345,HSN,70 - 74,54.98,54.98,30.0,0.0,VF RIP U-TREUE,0.0
2346,KBW,45 - 49,44.97,44.97,30.0,0.0,RED INTERNET & PHONE CABLE U,0.0
2347,NRW,75 - 79,44.97,44.97,30.0,0.0,VF CABLEMAX,1.0
2348,KBW,25 - 29,39.98,39.98,30.0,0.0,VF CABLEMAX,1.0
2349,NRW,25 - 29,44.98,44.98,30.0,0.0,VF CABLEMAX,1.0
2350,KBW,40 - 44,32.99,32.99,30.0,0.0,VF RIP U-TREUE,0.0
2351,KBW,30 - 34,44.98,44.98,30.0,0.0,VF CABLEMAX,0.0
2352,NRW,40 - 44,44.98,44.98,30.0,0.0,VF CABLEMAX,0.0
2353,NRW,35 - 39,44.98,44.98,30.0,0.0,RED INTERNET & PHONE CABLE U,1.0
2354,NRW,35 - 39,29.98,39.98,30.0,0.0,GIGAZUHAUSE TREUE C,1.0
2355,NRW,60 - 64,77.95,42.98,30.0,0.0,VF RIP U-TREUE,0.0
2356,HSN,45 - 49,49.99,49.99,30.0,0.0,GIGAZUHAUSE KABEL,0.0
2357,NRW,55 - 59,54.97,39.99,30.0,0.0,VF RIP U-TREUE,0.0
2358,HSN,25 - 29,39.99,39.99,30.0,0.0,VF RIP U-TREUE,0.0
2359,HSN,70 - 74,60.98,39.99,30.0,0.0,VF RIP U-TREUE,0.0
2360,NRW,30 - 34,34.99,34.99,30.0,0.0,RED INTERNET & PHONE CABLE U,1.0
2361,NRW,65 - 69,37.98,37.98,30.0,0.0,GIGAZUHAUSE TREUE D,1.0
2362,NRW,55 - 59,44.98,44.98,30.0,0.0,VF CABLEMAX,1.0
2363,HSN,50 - 54,39.99,39.99,30.0,0.0,VF RIP U-TREUE,0.0
2364,KBW,50 - 54,44.98,44.98,30.0,0.0,RED INTERNET & PHONE CABLE U,0.0
2365,NRW,18 - 24,44.98,44.98,30.0,0.0,VF CABLEMAX,1.0
2366,NRW,30 - 34,44.98,44.98,30.0,0.0,VF CABLEMAX,1.0
2367,NRW,80 and over,29.99,29.99,30.0,0.0,RED INTERNET & PHONE CABLE U,1.0
2368,NRW,30 - 34,44.98,44.98,30.0,0.0,RED INTERNET & PHONE CABLE U,0.0
2369,KBW,30 - 34,67.97,42.99,30.0,0.0,RED INTERNET & PHONE CABLE U,1.0
2370,HSN,80 and over,29.99,29.99,30.0,0.0,VF RIP U-TREUE,1.0
2371,KBW,30 - 34,24.99,24.99,135.0,0.0,GIGAZUHAUSE TREUE C,1.0
2372,NRW,45 - 49,34.99,34.99,30.0,0.0,RED INTERNET & PHONE CABLE U,1.0
2373,NRW,55 - 59,39.98,39.98,30.0,0.0,RED INTERNET & PHONE CABLE U,1.0
2374,NRW,60 - 64,54.99,54.99,30.0,0.0,RED INTERNET & PHONE CABLE U,0.0
2375,NRW,40 - 44,34.99,34.99,30.0,0.0,RED INTERNET & PHONE CABLE U,1.0
2376,KBW,40 - 44,34.99,34.99,30.0,0.0,RED INTERNET & PHONE CABLE U,1.0
2377,NRW,30 - 34,34.98,29.98,30.0,0.0,VF RIP U-TREUE,0.0
2378,KBW,25 - 29,39.98,39.98,93.0,0.0,VF CABLEMAX,1.0
2379,NRW,35 - 39,44.98,44.98,30.0,0.0,VF CABLEMAX,0.0
2380,NRW,80 and over,39.99,39.99,30.0,0.0,RED INTERNET & PHONE CABLE U,1.0
2381,HSN,30 - 34,39.99,39.99,30.0,0.0,RED INTERNET & PHONE CABLE U,1.0
2382,NRW,35 - 39,44.98,44.98,30.0,0.0,VF CABLEMAX,0.0
2383,NRW,50 - 54,44.98,44.98,30.0,0.0,VF CABLEMAX,1.0
2384,KBW,45 - 49,39.99,39.99,30.0,0.0,VF RIP U-TREUE,0.0
2385,NRW,30 - 34,39.98,39.98,122.0,0.0,VF CABLEMAX,1.0
2386,NRW,25 - 29,39.99,39.99,30.0,0.0,RED INTERNET & PHONE CABLE U,0.0
2387,NRW,25 - 29,44.98,44.98,74.0,0.0,VF CABLEMAX,1.0
2388,NRW,25 - 29,44.98,44.98,30.0,0.0,VF CABLEMAX,1.0
2389,KBW,25 - 29,34.99,34.99,30.0,0.0,RED INTERNET & PHONE CABLE U,0.0
2390,NRW,45 - 49,44.98,44.98,30.0,0.0,VF CABLEMAX,0.0
2391,KBW,45 - 49,44.98,44.98,30.0,0.0,RED INTERNET & PHONE CABLE U,1.0
2392,NRW,50 - 54,49.98,39.99,30.0,0.0,RED INTERNET & PHONE CABLE U,0.0
2393,NRW,50 - 54,34.99,34.99,30.0,0.0,VF RIP U-TREUE,0.0
2394,NRW,30 - 34,59.98,59.98,30.0,0.0,RED INTERNET & PHONE CABLE U,0.0
2395,KBW,55 - 59,49.99,49.99,30.0,0.0,RED INTERNET & PHONE CABLE U,1.0
2396,KBW,55 - 59,49.97,49.97,30.0,0.0,VF CABLEMAX,1.0
2397,KBW,55 - 59,44.98,44.98,30.0,0.0,VF CABLEMAX,0.0
2398,NRW,35 - 39,29.99,29.99,30.0,0.0,RED INTERNET & PHONE CABLE U,0.0
2399,HSN,45 - 49,37.99,37.99,30.0,0.0,VF RIP U-TREUE,0.0
2400,KBW,65 - 69,34.99,34.99,30.0,0.0,RED INTERNET & PHONE CABLE U,1.0
2401,KBW,45 - 49,39.99,39.99,30.0,0.0,RED INTERNET & PHONE CABLE U,1.0
2402,KBW,30 - 34,44.98,44.98,30.0,0.0,VF CABLEMAX,1.0
2403,NRW,30 - 34,24.99,24.99,30.0,0.0,INTERNET COMFORT,1.0
2404,NRW,70 - 74,34.98,34.98,30.0,0.0,VF RIP U-TREUE,1.0
2405,NRW,50 - 54,27.99,27.99,584.0,0.0,GIGAZUHAUSE TREUE B,0.0
2406,NRW,75 - 79,49.98,49.98,360.0,0.0,GIGAZUHAUSE TREUE B,1.0
2407,KBW,25 - 29,39.99,39.99,30.0,0.0,RED INTERNET & PHONE CABLE U,0.0
2408,KBW,18 - 24,39.98,39.98,30.0,0.0,VF CABLEMAX,1.0
2409,NRW,30 - 34,39.99,39.99,30.0,0.0,RED INTERNET & PHONE CABLE U,1.0
2410,HSN,30 - 34,44.98,44.98,30.0,0.0,RED INTERNET & PHONE CABLE U,0.0
2411,NRW,40 - 44,62.97,62.98,30.0,0.0,RED INTERNET & PHONE CABLE U,0.0
2412,NRW,30 - 34,54.99,54.99,57.0,0.0,RED INTERNET & PHONE CABLE U,1.0
2413,NRW,35 - 39,44.98,44.98,30.0,0.0,VF CABLEMAX,1.0
2414,KBW,35 - 39,49.97,49.97,30.0,0.0,RED INTERNET & PHONE CABLE U,0.0
2415,KBW,50 - 54,34.99,34.99,30.0,0.0,RED INTERNET & PHONE CABLE U,0.0
2416,NRW,45 - 49,44.98,44.98,30.0,0.0,VF CABLEMAX,1.0
2417,NRW,45 - 49,29.99,29.99,30.0,0.0,VF RIP U-TREUE,1.0
2418,KBW,25 - 29,34.99,34.99,30.0,0.0,RED INTERNET & PHONE CABLE U,1.0
2419,HSN,45 - 49,47.98,47.98,30.0,0.0,GIGAZUHAUSE KABEL,1.0
2420,NRW,55 - 59,38.98,38.98,30.0,0.0,RED INTERNET & PHONE CABLE U,1.0
2421,HSN,25 - 29,58.98,58.98,30.0,0.0,RED INTERNET & PHONE CABLE U,1.0
2422,KBW,80 and over,49.97,49.97,30.0,0.0,VF CABLEMAX,0.0
2423,KBW,45 - 49,44.98,44.98,30.0,1.0,GIGAZUHAUSE KABEL,0.0
2424,KBW,30 - 34,47.96,47.96,30.0,0.0,RED INTERNET & PHONE CABLE U,0.0
2425,KBW,30 - 34,34.99,34.99,30.0,0.0,RED INTERNET & PHONE CABLE U,1.0
2426,NRW,80 and over,0.0,0.0,30.0,0.0,128KBIT,1.0
2427,KBW,35 - 39,39.99,39.99,30.0,0.0,RED INTERNET & PHONE CABLE U,0.0
2428,NRW,40 - 44,49.99,49.99,30.0,0.0,RED INTERNET & PHONE CABLE U,1.0
2429,NRW,50 - 54,32.95,32.95,30.0,0.0,RED INTERNET & PHONE CABLE U,0.0
2430,NRW,30 - 34,43.97,43.97,30.0,0.0,VF CABLEMAX,1.0
2431,NRW,35 - 39,32.99,32.99,30.0,0.0,VF RIP U-TREUE,1.0
2432,NRW,25 - 29,34.99,34.99,30.0,0.0,RED INTERNET & PHONE CABLE U,1.0
2433,KBW,80 and over,43.88,43.88,30.0,0.0,3PLAY,0.0
2434,KBW,80 and over,54.99,54.99,30.0,0.0,RED INTERNET & PHONE CABLE U,1.0
2435,KBW,30 - 34,54.99,54.99,30.0,0.0,RED INTERNET & PHONE CABLE U,0.0
2436,KBW,80 and over,34.99,34.99,30.0,0.0,RED INTERNET & PHONE CABLE U,1.0
2437,NRW,18 - 24,52.98,52.98,164.0,0.0,GIGAZUHAUSE KABEL,1.0
2438,NRW,30 - 34,34.99,34.99,30.0,0.0,RED INTERNET & PHONE CABLE U,1.0
2439,HSN,50 - 54,34.99,34.99,30.0,0.0,RED INTERNET & PHONE CABLE U,1.0
2440,NRW,25 - 29,49.97,49.97,30.0,0.0,VF CABLEMAX,1.0
2441,NRW,55 - 59,34.99,34.99,30.0,0.0,RED INTERNET & PHONE CABLE U,0.0
2442,HSN,25 - 29,39.98,39.98,121.0,0.0,GIGAZUHAUSE KABEL,0.0
2443,NRW,70 - 74,60.97,39.98,30.0,0.0,VF RIP U-TREUE,1.0
2444,NRW,55 - 59,44.98,44.98,30.0,0.0,VF CABLEMAX,1.0
2445,NRW,80 and over,34.99,34.99,30.0,0.0,RED INTERNET & PHONE CABLE U,0.0
2446,NRW,30 - 34,34.99,34.99,30.0,0.0,RED INTERNET & PHONE CABLE U,1.0
2447,HSN,80 and over,0.0,0.0,30.0,0.0,MMA,1.0
2448,NRW,55 - 59,47.97,37.99,30.0,0.0,VF RIP U-TREUE,1.0
2449,KBW,45 - 49,39.99,39.99,30.0,0.0,VF RIP U-TREUE,1.0
2450,NRW,80 and over,34.98,34.98,30.0,0.0,VF RIP U-TREUE,0.0
2451,NRW,30 - 34,44.98,44.98,30.0,0.0,VF CABLEMAX,1.0
2452,KBW,40 - 44,54.98,54.98,30.0,0.0,VF RIP U-TREUE,1.0
2453,NRW,40 - 44,34.99,34.99,30.0,0.0,RED INTERNET & PHONE CABLE U,0.0
2454,NRW,80 and over,29.99,29.99,30.0,0.0,VF RIP U-TREUE,0.0
2455,KBW,55 - 59,49.96,49.97,30.0,0.0,RED INTERNET & PHONE CABLE U,0.0
2456,NRW,25 - 29,39.99,39.99,30.0,0.0,RED INTERNET & PHONE CABLE U,0.0
2457,NRW,55 - 59,39.99,39.99,30.0,0.0,RED INTERNET & PHONE CABLE U,0.0
2458,KBW,60 - 64,19.99,29.99,30.0,0.0,INTERNET PREMIUM,1.0
2459,NRW,25 - 29,49.99,49.99,30.0,0.0,GIGAZUHAUSE KABEL,0.0
2460,NRW,18 - 24,42.97,42.97,30.0,0.0,RED INTERNET & PHONE CABLE U,1.0
2461,NRW,25 - 29,34.99,34.99,143.0,0.0,GIGAZUHAUSE KABEL,0.0
2462,NRW,25 - 29,44.98,44.98,30.0,0.0,RED INTERNET & PHONE CABLE U,0.0
2463,HSN,30 - 34,49.99,49.99,30.0,0.0,RED INTERNET & PHONE CABLE U,1.0
2464,NRW,35 - 39,29.99,29.99,30.0,0.0,VF RIP U-TREUE,1.0
2465,NRW,65 - 69,44.98,44.98,30.0,0.0,VF CABLEMAX,1.0
2466,KBW,45 - 49,44.98,44.98,30.0,0.0,RED INTERNET & PHONE CABLE U,0.0
2467,HSN,55 - 59,39.99,39.99,30.0,0.0,RED INTERNET & PHONE CABLE U,1.0
2468,KBW,70 - 74,24.99,24.99,30.0,0.0,INTERNET COMFORT,0.0
2469,HSN,25 - 29,34.99,34.99,30.0,0.0,RED INTERNET & PHONE CABLE U,0.0
2470,NRW,45 - 49,42.98,32.99,30.0,0.0,VF RIP U-TREUE,0.0
2471,NRW,25 - 29,34.99,34.99,30.0,0.0,RED INTERNET & PHONE CABLE U,0.0
2472,KBW,55 - 59,49.99,49.99,30.0,0.0,RED INTERNET & PHONE CABLE U,0.0
2473,KBW,25 - 29,44.99,44.99,30.0,0.0,GIGAZUHAUSE KABEL,0.0
2474,NRW,60 - 64,34.99,34.99,30.0,0.0,RED INTERNET & PHONE CABLE U,0.0
2475,KBW,18 - 24,44.98,44.98,30.0,0.0,RED INTERNET & PHONE CABLE U,0.0
2476,NRW,25 - 29,44.98,44.98,30.0,0.0,VF CABLEMAX,1.0
2477,NRW,25 - 29,39.98,39.98,112.0,0.0,GIGAZUHAUSE KABEL,1.0
2478,NRW,55 - 59,44.97,44.97,30.0,0.0,RED INTERNET & PHONE CABLE U,0.0
2479,HSN,18 - 24,54.99,54.99,30.0,0.0,RED INTERNET & PHONE CABLE U,1.0
2480,NRW,55 - 59,39.99,39.99,30.0,0.0,RED INTERNET & PHONE CABLE U,1.0
2481,NRW,45 - 49,44.98,44.98,30.0,0.0,RED INTERNET & PHONE CABLE U,0.0
2482,KBW,60 - 64,34.99,34.99,30.0,0.0,RED INTERNET & PHONE CABLE U,1.0
2483,NRW,50 - 54,19.99,29.99,577.0,0.0,EAZY,1.0
2484,NRW,55 - 59,39.99,39.99,30.0,0.0,RED INTERNET & PHONE CABLE U,0.0
2485,NRW,35 - 39,34.99,34.99,30.0,0.0,VF RIP U-TREUE,0.0
2486,NRW,30 - 34,24.99,24.99,30.0,0.0,VF RIP U-TREUE,0.0
2487,NRW,40 - 44,39.99,39.99,30.0,0.0,RED INTERNET & PHONE CABLE U,0.0
2488,HSN,50 - 54,60.98,39.99,30.0,0.0,RED INTERNET & PHONE CABLE U,1.0
2489,KBW,35 - 39,44.99,44.99,364.0,0.0,GIGAZUHAUSE KABEL,0.0
2490,NRW,30 - 34,54.99,54.99,30.0,0.0,RED INTERNET & PHONE CABLE U,0.0
2491,NRW,55 - 59,33.74,33.74,30.0,0.0,2PLAY,0.0
2492,HSN,60 - 64,64.96,49.97,30.0,0.0,VF CABLEMAX,1.0
2493,NRW,35 - 39,58.98,58.98,30.0,0.0,RED INTERNET & PHONE CABLE U,1.0
2494,KBW,30 - 34,34.99,34.99,30.0,0.0,RED INTERNET & PHONE CABLE U,0.0
2495,KBW,30 - 34,44.98,44.98,30.0,0.0,VF CABLEMAX,1.0
2496,NRW,45 - 49,54.99,54.99,30.0,0.0,RED INTERNET & PHONE CABLE U,0.0
2497,HSN,40 - 44,39.99,39.99,30.0,0.0,RED INTERNET & PHONE CABLE U,0.0
2498,NRW,60 - 64,39.99,39.99,30.0,0.0,RED INTERNET & PHONE CABLE U,0.0
2499,NRW,40 - 44,39.98,39.98,164.0,0.0,GIGAZUHAUSE KABEL,1.0
2500,NRW,18 - 24,52.96,52.96,30.0,0.0,RED INTERNET & PHONE CABLE U,1.0
2501,NRW,45 - 49,54.99,54.99,30.0,0.0,RED INTERNET & PHONE CABLE U,0.0
2502,NRW,80 and over,49.97,49.97,30.0,0.0,VF CABLEMAX,0.0
2503,NRW,55 - 59,29.99,29.99,30.0,0.0,VF RIP U-TREUE,1.0
2504,NRW,35 - 39,39.99,39.99,30.0,0.0,RED INTERNET & PHONE CABLE U,1.0
2505,NRW,40 - 44,29.99,29.99,30.0,0.0,VF RIP U-TREUE,1.0
2506,KBW,18 - 24,44.98,44.98,30.0,0.0,RED INTERNET & PHONE CABLE U,0.0
2507,NRW,25 - 29,34.99,34.99,30.0,0.0,RED INTERNET & PHONE CABLE U,1.0
2508,NRW,25 - 29,39.99,39.99,30.0,0.0,VF RIP U-TREUE,0.0
2509,NRW,65 - 69,24.99,24.99,667.0,0.0,GIGAZUHAUSE TREUE C,0.0
2510,KBW,60 - 64,39.99,39.99,30.0,0.0,RED INTERNET & PHONE CABLE U,1.0
2511,NRW,30 - 34,29.99,29.99,30.0,0.0,RED INTERNET & PHONE CABLE U,0.0
2512,NRW,60 - 64,44.98,44.98,30.0,0.0,RED INTERNET & PHONE CABLE U,1.0
2513,KBW,65 - 69,32.99,32.99,30.0,0.0,VF RIP U-TREUE,0.0
2514,KBW,55 - 59,44.98,44.98,30.0,0.0,VF CABLEMAX,1.0
2515,NRW,18 - 24,49.97,49.97,30.0,0.0,RED INTERNET & PHONE CABLE U,1.0
2516,HSN,55 - 59,54.98,54.98,30.0,0.0,GIGAZUHAUSE KABEL,0.0
2517,NRW,35 - 39,65.97,44.98,30.0,0.0,VF CABLEMAX,0.0
2518,NRW,30 - 34,34.99,34.99,30.0,0.0,RED INTERNET & PHONE CABLE U,0.0
2519,HSN,25 - 29,42.97,42.97,30.0,0.0,RED INTERNET & PHONE CABLE U,1.0
2520,KBW,45 - 49,34.99,34.99,30.0,0.0,RED INTERNET & PHONE CABLE U,1.0
2521,KBW,35 - 39,44.98,44.98,30.0,0.0,VF CABLEMAX,1.0
2522,NRW,40 - 44,34.99,34.99,30.0,0.0,RED INTERNET & PHONE CABLE U,0.0
2523,KBW,30 - 34,49.97,49.97,30.0,0.0,VF CABLEMAX,0.0
2524,KBW,40 - 44,48.97,48.97,30.0,0.0,RED INTERNET & PHONE CABLE U,1.0
2525,NRW,45 - 49,59.96,39.99,30.0,0.0,RED INTERNET & PHONE CABLE U,0.0
2526,KBW,35 - 39,59.97,44.98,30.0,0.0,VF RIP U-TREUE,0.0
2527,NRW,55 - 59,34.99,34.99,30.0,0.0,RED INTERNET & PHONE CABLE U,1.0
2528,HSN,30 - 34,34.99,34.99,30.0,0.0,VF RIP U-TREUE,1.0
2529,NRW,35 - 39,49.97,49.97,30.0,0.0,VF CABLEMAX,1.0
2530,NRW,50 - 54,34.99,34.99,30.0,0.0,GIGAZUHAUSE TREUE C,1.0
2531,HSN,60 - 64,47.97,37.99,30.0,0.0,VF RIP U-TREUE,1.0
2532,HSN,70 - 74,58.98,58.98,30.0,0.0,RED INTERNET & PHONE CABLE U,0.0
2533,NRW,55 - 59,74.95,39.98,176.0,0.0,GIGAZUHAUSE KABEL,0.0
2534,KBW,40 - 44,44.98,44.98,30.0,0.0,3PLAY TREUE GENRE,0.0
2535,NRW,65 - 69,47.87,44.88,30.0,0.0,2PLAY PLUS,1.0
2536,NRW,25 - 29,34.99,34.99,30.0,0.0,RED INTERNET & PHONE CABLE U,1.0
2537,NRW,35 - 39,49.99,49.99,30.0,0.0,GIGAZUHAUSE KABEL,1.0
2538,NRW,35 - 39,39.99,39.99,30.0,0.0,RED INTERNET & PHONE CABLE U,1.0
2539,NRW,55 - 59,47.99,47.99,30.0,0.0,VF RIP U-TREUE,0.0
2540,HSN,25 - 29,34.99,34.99,30.0,0.0,RED INTERNET & PHONE CABLE U,1.0
2541,NRW,40 - 44,34.99,34.99,30.0,0.0,RED INTERNET & PHONE CABLE U,1.0
2542,NRW,40 - 44,44.98,44.98,30.0,0.0,VF CABLEMAX,1.0
2543,NRW,50 - 54,34.99,34.99,30.0,0.0,RED INTERNET & PHONE CABLE U,1.0
2544,NRW,55 - 59,65.87,44.89,30.0,0.0,3PLAY TREUE,0.0
2545,NRW,75 - 79,39.98,39.98,30.0,0.0,RED INTERNET & PHONE CABLE U,0.0
2546,HSN,50 - 54,54.98,54.98,30.0,0.0,GIGAZUHAUSE KABEL,1.0
2547,KBW,30 - 34,29.99,29.99,30.0,0.0,VF RIP U-TREUE,1.0
2548,NRW,35 - 39,24.99,24.99,30.0,0.0,VF RIP U-TREUE,1.0
2549,NRW,45 - 49,63.96,42.97,30.0,0.0,RED INTERNET & PHONE CABLE U,1.0
2550,NRW,35 - 39,29.99,29.99,30.0,0.0,VF RIP U-TREUE,0.0
2551,KBW,35 - 39,44.98,44.98,30.0,0.0,VF CABLEMAX,0.0
2552,KBW,60 - 64,48.97,48.97,30.0,1.0,RED INTERNET & PHONE CABLE U,0.0
2553,HSN,30 - 34,34.99,34.99,30.0,0.0,RED INTERNET & PHONE CABLE U,0.0
2554,HSN,60 - 64,29.99,29.99,30.0,0.0,VF RIP U-TREUE,0.0
2555,KBW,25 - 29,39.99,39.99,30.0,0.0,RED INTERNET & PHONE CABLE U,0.0
2556,NRW,55 - 59,34.99,34.99,30.0,0.0,RED INTERNET & PHONE CABLE U,1.0
2557,NRW,25 - 29,19.99,19.99,30.0,0.0,EAZY,0.0
2558,KBW,70 - 74,50.86,46.86,30.0,0.0,3PLAY,1.0
2559,NRW,40 - 44,24.99,24.99,30.0,0.0,VF RIP U-TREUE,1.0
2560,KBW,25 - 29,39.98,39.98,30.0,0.0,VF CABLEMAX,1.0
2561,NRW,50 - 54,47.97,47.97,30.0,0.0,VF RIP U-TREUE,1.0
2562,KBW,40 - 44,32.99,32.99,30.0,0.0,VF RIP U-TREUE,0.0
2563,KBW,18 - 24,39.99,39.99,30.0,0.0,RED INTERNET & PHONE CABLE U,0.0
2564,NRW,40 - 44,24.99,24.99,221.0,0.0,GIGAZUHAUSE TREUE C,1.0
2565,NRW,30 - 34,29.99,29.99,30.0,0.0,VF RIP U-TREUE,0.0
2566,NRW,35 - 39,62.98,32.99,30.0,0.0,VF RIP U-TREUE,1.0
2567,NRW,40 - 44,39.99,39.99,30.0,0.0,VF RIP U-TREUE,0.0
2568,KBW,25 - 29,39.99,39.99,30.0,0.0,RED INTERNET & PHONE CABLE U,1.0
2569,KBW,25 - 29,34.99,34.99,30.0,0.0,RED INTERNET & PHONE CABLE U,1.0
2570,NRW,45 - 49,34.99,34.99,30.0,0.0,RED INTERNET & PHONE CABLE U,1.0
2571,NRW,40 - 44,39.99,39.99,30.0,0.0,RED INTERNET & PHONE CABLE U,0.0
2572,HSN,18 - 24,44.98,44.98,30.0,0.0,VF CABLEMAX,1.0
2573,NRW,45 - 49,42.97,42.97,30.0,0.0,GIGAZUHAUSE KABEL,1.0
2574,HSN,35 - 39,32.97,32.97,30.0,0.0,2PLAY TREUE,1.0
2575,KBW,30 - 34,44.98,44.98,30.0,0.0,RED INTERNET & PHONE CABLE U,0.0
2576,HSN,35 - 39,29.99,29.99,30.0,0.0,VF RIP U-TREUE,1.0
2577,KBW,25 - 29,44.98,44.98,30.0,0.0,VF CABLEMAX,0.0
2578,NRW,60 - 64,27.99,27.99,30.0,0.0,VF RIP U-TREUE,1.0
2579,NRW,40 - 44,29.99,29.99,30.0,0.0,VF RIP U-TREUE,0.0
2580,KBW,25 - 29,44.98,44.98,30.0,0.0,RED INTERNET & PHONE CABLE U,1.0
2581,KBW,25 - 29,49.97,49.97,30.0,0.0,VF CABLEMAX,1.0
2582,NRW,45 - 49,59.97,39.99,30.0,0.0,VF RIP U-TREUE,0.0
2583,NRW,50 - 54,44.98,44.98,30.0,0.0,RED INTERNET & PHONE CABLE U,1.0
2584,KBW,40 - 44,39.98,39.98,30.0,0.0,RED INTERNET & PHONE CABLE U,0.0
2585,NRW,25 - 29,29.99,29.99,30.0,0.0,VF RIP U-TREUE,0.0
2586,KBW,45 - 49,34.99,34.99,30.0,0.0,RED INTERNET & PHONE CABLE U,1.0
2587,NRW,75 - 79,49.99,49.99,30.0,0.0,RED INTERNET & PHONE CABLE U,1.0
2588,NRW,40 - 44,34.99,34.99,30.0,0.0,RED INTERNET & PHONE CABLE U,0.0
2589,KBW,25 - 29,39.99,39.99,30.0,0.0,RED INTERNET & PHONE CABLE U,1.0
2590,KBW,35 - 39,44.98,44.98,30.0,0.0,VF CABLEMAX,1.0
2591,HSN,40 - 44,0.0,0.0,30.0,0.0,MMA,0.0
2592,NRW,35 - 39,39.99,39.99,30.0,0.0,RED INTERNET & PHONE CABLE U,0.0
2593,HSN,25 - 29,44.98,44.98,30.0,0.0,VF CABLEMAX,1.0
2594,HSN,40 - 44,44.98,44.98,30.0,0.0,RED INTERNET & PHONE CABLE U,1.0
2595,NRW,35 - 39,39.98,39.98,30.0,0.0,GIGAZUHAUSE KABEL,1.0
2596,NRW,25 - 29,24.99,24.99,30.0,0.0,INTERNET COMFORT,1.0
2597,KBW,35 - 39,39.98,39.98,309.0,0.0,GIGAZUHAUSE KABEL,1.0
2598,NRW,30 - 34,34.99,34.99,30.0,0.0,RED INTERNET & PHONE CABLE U,1.0
2599,NRW,55 - 59,39.99,39.99,30.0,0.0,VF RIP U-TREUE,1.0
2600,NRW,25 - 29,39.98,39.98,143.0,0.0,GIGAZUHAUSE TREUE B,0.0
2601,NRW,30 - 34,39.98,39.98,108.0,0.0,GIGAZUHAUSE KABEL,0.0
2602,KBW,55 - 59,70.97,54.98,30.0,0.0,VF RIP U-TREUE,0.0
2603,NRW,30 - 34,29.99,29.99,136.0,0.0,GIGAZUHAUSE TREUE C,0.0
2604,KBW,18 - 24,49.99,49.99,30.0,0.0,RED INTERNET & PHONE CABLE U,1.0
2605,NRW,30 - 34,29.99,29.99,30.0,0.0,VF RIP U-TREUE,1.0
2606,NRW,30 - 34,34.99,34.99,30.0,0.0,RED INTERNET & PHONE CABLE U,1.0
2607,NRW,30 - 34,49.99,49.99,30.0,0.0,GIGAZUHAUSE TREUE C,1.0
2608,KBW,25 - 29,44.98,44.98,30.0,0.0,VF CABLEMAX,0.0
2609,KBW,35 - 39,44.98,44.98,30.0,0.0,RED INTERNET & PHONE CABLE U,1.0
2610,NRW,35 - 39,37.78,37.78,30.0,0.0,GIGAZUHAUSE KABEL,1.0
2611,HSN,60 - 64,44.98,44.98,30.0,0.0,VF CABLEMAX,0.0
2612,NRW,18 - 24,38.98,38.98,30.0,0.0,RED INTERNET & PHONE CABLE U,1.0
2613,KBW,35 - 39,44.98,44.98,30.0,0.0,VF CABLEMAX,0.0
2614,KBW,25 - 29,39.99,39.99,30.0,0.0,RED INTERNET & PHONE CABLE U,1.0
2615,NRW,40 - 44,42.98,42.98,30.0,0.0,VF RIP U-TREUE,1.0
2616,HSN,25 - 29,34.99,34.99,30.0,0.0,RED INTERNET & PHONE CABLE U,0.0
2617,KBW,65 - 69,34.99,34.99,30.0,0.0,RED INTERNET & PHONE CABLE U,1.0
2618,KBW,60 - 64,29.99,29.99,30.0,0.0,VF RIP U-TREUE,0.0
2619,HSN,25 - 29,44.99,44.99,277.0,0.0,GIGAZUHAUSE KABEL,0.0
2620,KBW,40 - 44,29.99,29.99,30.0,0.0,RED INTERNET & PHONE CABLE U,0.0
2621,KBW,30 - 34,49.97,49.97,30.0,0.0,VF CABLEMAX,0.0
2622,NRW,25 - 29,39.99,39.99,30.0,0.0,RED INTERNET & PHONE CABLE U,0.0
2623,KBW,80 and over,49.98,49.98,30.0,0.0,VF RIP U-TREUE,0.0
2624,NRW,25 - 29,44.98,44.98,30.0,0.0,VF CABLEMAX,0.0
2625,NRW,25 - 29,44.98,44.98,30.0,0.0,RED INTERNET & PHONE CABLE U,0.0
2626,NRW,30 - 34,59.98,59.98,30.0,0.0,RED INTERNET & PHONE CABLE U,1.0
2627,NRW,35 - 39,44.98,44.98,30.0,0.0,RED INTERNET & PHONE CABLE U,0.0
2628,KBW,60 - 64,65.97,44.98,30.0,0.0,VF CABLEMAX,0.0
2629,NRW,40 - 44,57.97,44.98,30.0,0.0,VF CABLEMAX,0.0
2630,NRW,25 - 29,39.99,39.99,30.0,0.0,VF RIP U-TREUE,1.0
2631,NRW,40 - 44,39.98,39.98,30.0,0.0,GIGAZUHAUSE KABEL,1.0
2632,HSN,35 - 39,39.99,39.99,30.0,0.0,VF RIP U-TREUE,1.0
2633,HSN,30 - 34,24.99,24.99,30.0,0.0,INTERNET COMFORT,0.0
2634,NRW,80 and over,44.98,44.98,30.0,0.0,RED INTERNET & PHONE CABLE U,0.0
2635,KBW,18 - 24,47.98,47.98,30.0,0.0,GIGAZUHAUSE KABEL,0.0
2636,NRW,45 - 49,54.99,54.99,30.0,0.0,RED INTERNET & PHONE CABLE U,1.0
2637,KBW,30 - 34,34.99,34.99,30.0,0.0,RED INTERNET & PHONE CABLE U,0.0
2638,NRW,35 - 39,44.98,44.98,30.0,0.0,RED INTERNET & PHONE CABLE U,1.0
2639,NRW,35 - 39,53.98,53.98,30.0,0.0,RED INTERNET & PHONE CABLE U,0.0
2640,NRW,55 - 59,59.99,59.99,30.0,0.0,GIGAZUHAUSE KABEL,1.0
2641,KBW,40 - 44,49.99,49.99,30.0,0.0,RED INTERNET & PHONE CABLE U,0.0
2642,NRW,50 - 54,45.86,45.86,30.0,0.0,RED INTERNET & PHONE CABLE U,1.0
2643,NRW,35 - 39,39.98,39.98,30.0,0.0,VF CABLEMAX,1.0
2644,KBW,30 - 34,62.98,62.98,30.0,0.0,GIGAZUHAUSE KABEL,1.0
2645,NRW,70 - 74,54.96,34.98,30.0,0.0,RED INTERNET & PHONE CABLE U,0.0
2646,KBW,40 - 44,44.98,44.98,30.0,0.0,VF RIP U-TREUE,1.0
2647,NRW,70 - 74,57.98,37.99,30.0,0.0,VF RIP U-TREUE,1.0
2648,NRW,30 - 34,49.99,49.99,30.0,0.0,RED INTERNET & PHONE CABLE U,0.0
2649,KBW,25 - 29,44.98,44.98,30.0,0.0,VF CABLEMAX,0.0
2650,NRW,25 - 29,49.99,49.99,30.0,0.0,GIGAZUHAUSE KABEL,0.0
2651,NRW,60 - 64,59.98,59.98,30.0,0.0,RED INTERNET & PHONE CABLE U,0.0
2652,HSN,55 - 59,49.97,49.97,30.0,0.0,VF CABLEMAX,0.0
2653,NRW,25 - 29,39.99,39.99,30.0,0.0,RED INTERNET & PHONE CABLE U,1.0
2654,NRW,60 - 64,29.99,29.99,30.0,0.0,VF RIP U-TREUE,1.0
2655,NRW,35 - 39,42.97,42.97,30.0,0.0,RED INTERNET & PHONE CABLE U,1.0
2656,NRW,30 - 34,44.98,44.98,30.0,0.0,RED INTERNET & PHONE CABLE U,1.0
2657,KBW,35 - 39,34.99,34.99,30.0,0.0,RED INTERNET & PHONE CABLE U,0.0
2658,HSN,40 - 44,39.99,39.99,30.0,0.0,VF RIP U-TREUE,0.0
2659,KBW,60 - 64,44.98,44.98,30.0,0.0,VF RIP U-TREUE,0.0
2660,HSN,25 - 29,47.98,37.99,254.0,0.0,GIGAZUHAUSE TREUE B,1.0
2661,KBW,25 - 29,34.99,34.99,30.0,0.0,RED INTERNET & PHONE CABLE U,1.0
2662,NRW,65 - 69,71.96,32.99,30.0,0.0,VF RIP U-TREUE,1.0
2663,NRW,75 - 79,34.99,34.99,30.0,0.0,RED INTERNET & PHONE CABLE U,1.0
2664,HSN,35 - 39,39.99,39.99,30.0,0.0,RED INTERNET & PHONE CABLE U,0.0
2665,NRW,45 - 49,39.98,39.98,699.0,0.0,GIGAZUHAUSE TREUE B,0.0
2666,KBW,45 - 49,49.99,49.99,30.0,0.0,GIGAZUHAUSE KABEL,0.0
2667,HSN,40 - 44,38.97,38.97,30.0,0.0,GIGAZUHAUSE KABEL,1.0
2668,HSN,65 - 69,29.98,29.98,30.0,0.0,RED INTERNET & PHONE CABLE U,1.0
2669,NRW,65 - 69,29.99,29.99,30.0,0.0,VF RIP U-TREUE,0.0
2670,KBW,25 - 29,54.99,54.99,30.0,0.0,RED INTERNET & PHONE CABLE U,0.0
2671,KBW,35 - 39,34.99,34.99,30.0,0.0,RED INTERNET & PHONE CABLE U,0.0
2672,KBW,65 - 69,37.99,37.99,30.0,0.0,VF RIP U-TREUE,1.0
2673,KBW,35 - 39,49.99,49.99,30.0,0.0,RED INTERNET & PHONE CABLE U,1.0
2674,HSN,45 - 49,53.96,32.99,30.0,0.0,VF RIP U-TREUE,0.0
2675,KBW,35 - 39,44.99,44.99,30.0,0.0,VF RIP U-TREUE,1.0
2676,NRW,35 - 39,44.98,44.98,30.0,0.0,RED INTERNET & PHONE CABLE U,1.0
2677,HSN,25 - 29,39.99,39.99,30.0,0.0,VF RIP U-TREUE,0.0
2678,KBW,30 - 34,39.99,39.99,30.0,0.0,RED INTERNET & PHONE CABLE U,0.0
2679,HSN,35 - 39,34.99,34.99,30.0,0.0,RED INTERNET & PHONE CABLE U,1.0
2680,NRW,18 - 24,34.99,34.99,30.0,0.0,RED INTERNET & PHONE CABLE U,0.0
2681,KBW,50 - 54,24.99,24.99,30.0,0.0,INTERNET COMFORT,0.0
2682,NRW,75 - 79,29.99,29.99,30.0,0.0,VF RIP U-TREUE,0.0
2683,NRW,70 - 74,58.98,58.98,30.0,0.0,RED INTERNET & PHONE CABLE U,0.0
2684,KBW,65 - 69,71.43,50.43,30.0,0.0,GIGAZUHAUSE KABEL,0.0
2685,KBW,30 - 34,42.98,42.98,30.0,0.0,VF RIP U-TREUE,0.0
2686,NRW,70 - 74,49.97,49.97,30.0,0.0,VF CABLEMAX,0.0
2687,KBW,30 - 34,44.98,44.98,30.0,0.0,RED INTERNET & PHONE CABLE U,1.0
2688,NRW,40 - 44,32.99,32.99,30.0,0.0,VF RIP U-TREUE,1.0
2689,NRW,40 - 44,29.99,29.99,30.0,0.0,RED INTERNET & PHONE CABLE U,0.0
2690,HSN,40 - 44,44.98,44.98,30.0,0.0,RED INTERNET & PHONE CABLE U,1.0
2691,KBW,70 - 74,49.97,49.97,30.0,0.0,VF CABLEMAX,0.0
2692,KBW,45 - 49,54.99,54.99,30.0,0.0,RED INTERNET & PHONE CABLE U,0.0
2693,HSN,30 - 34,34.99,34.99,30.0,0.0,RED INTERNET & PHONE CABLE U,0.0
2694,NRW,70 - 74,34.99,34.99,30.0,0.0,RED INTERNET & PHONE CABLE U,0.0
2695,KBW,30 - 34,29.99,29.99,142.0,0.0,GIGAZUHAUSE TREUE C,0.0
2696,KBW,65 - 69,64.97,44.98,30.0,0.0,VF CABLEMAX,0.0
2697,KBW,55 - 59,29.99,29.99,30.0,0.0,VF RIP U-TREUE,0.0
2698,KBW,35 - 39,49.97,49.97,30.0,0.0,VF CABLEMAX,0.0
2699,KBW,35 - 39,37.99,37.99,30.0,0.0,VF RIP U-TREUE,0.0
2700,NRW,45 - 49,29.99,29.99,30.0,0.0,VF RIP U-TREUE,1.0
2701,NRW,25 - 29,39.99,39.99,30.0,0.0,RED INTERNET & PHONE CABLE U,1.0
2702,NRW,30 - 34,49.99,49.99,30.0,0.0,GIGAZUHAUSE KABEL,1.0
2703,NRW,80 and over,34.99,34.99,30.0,0.0,RED INTERNET & PHONE CABLE U,0.0
2704,KBW,30 - 34,44.98,44.98,30.0,0.0,RED INTERNET & PHONE CABLE U,0.0
2705,KBW,35 - 39,49.97,49.97,30.0,0.0,RED INTERNET & PHONE CABLE U,1.0
2706,KBW,35 - 39,29.99,29.99,30.0,0.0,VF RIP U-TREUE,0.0
2707,NRW,60 - 64,34.99,34.99,30.0,0.0,RED INTERNET & PHONE CABLE U,1.0
2708,NRW,25 - 29,32.99,32.99,30.0,0.0,VF RIP U-TREUE,1.0
2709,NRW,50 - 54,24.99,24.99,30.0,0.0,VF RIP U-TREUE,1.0
2710,NRW,35 - 39,29.99,29.99,30.0,0.0,VF RIP U-TREUE,1.0
2711,KBW,50 - 54,68.95,47.96,30.0,0.0,RED INTERNET & PHONE CABLE U,0.0
2712,NRW,70 - 74,39.99,39.99,30.0,0.0,RED INTERNET & PHONE CABLE U,1.0
2713,HSN,65 - 69,39.99,39.99,30.0,0.0,VF RIP U-TREUE,0.0
2714,KBW,60 - 64,34.99,34.99,30.0,0.0,RED INTERNET & PHONE CABLE U,0.0
2715,NRW,40 - 44,34.99,34.99,30.0,0.0,RED INTERNET & PHONE CABLE U,0.0
2716,NRW,60 - 64,47.99,47.99,30.0,0.0,VF RIP U-TREUE,1.0
2717,KBW,25 - 29,39.99,39.99,30.0,0.0,RED INTERNET & PHONE CABLE U,0.0
2718,NRW,35 - 39,29.99,29.99,30.0,0.0,VF RIP U-TREUE,0.0
2719,KBW,30 - 34,29.99,29.99,30.0,0.0,VF RIP U-TREUE,1.0
2720,NRW,60 - 64,29.99,29.99,30.0,0.0,INTERNET PREMIUM,0.0
2721,NRW,35 - 39,49.99,49.99,30.0,0.0,RED INTERNET & PHONE CABLE U,0.0
2722,HSN,30 - 34,59.99,59.99,140.0,0.0,GIGAZUHAUSE KABEL,0.0
2723,NRW,50 - 54,29.99,29.99,30.0,0.0,VF RIP U-TREUE,1.0
2724,NRW,30 - 34,39.99,39.99,30.0,0.0,RED INTERNET & PHONE CABLE U,0.0
2725,NRW,18 - 24,44.98,44.98,30.0,0.0,RED INTERNET & PHONE CABLE U,0.0
2726,NRW,35 - 39,34.99,34.99,30.0,0.0,RED INTERNET & PHONE CABLE U,0.0
2727,NRW,30 - 34,49.97,29.99,30.0,0.0,VF RIP U-TREUE,0.0
2728,HSN,30 - 34,39.99,39.99,30.0,0.0,RED INTERNET & PHONE CABLE U,1.0
2729,NRW,50 - 54,53.98,53.98,30.0,0.0,RED INTERNET & PHONE CABLE U,1.0
2730,HSN,25 - 29,54.99,54.99,30.0,0.0,RED INTERNET & PHONE CABLE U,1.0
2731,KBW,25 - 29,44.98,44.98,30.0,0.0,VF CABLEMAX,1.0
2732,HSN,35 - 39,53.98,53.98,30.0,0.0,VF RIP U-TREUE,0.0
2733,NRW,60 - 64,72.96,67.96,30.0,0.0,RED INTERNET & PHONE CABLE U,1.0
2734,KBW,25 - 29,54.99,54.99,30.0,0.0,RED INTERNET & PHONE CABLE U,0.0
2735,NRW,40 - 44,24.99,24.99,30.0,0.0,RED INTERNET & PHONE CABLE U,0.0
2736,KBW,35 - 39,39.98,39.98,30.0,0.0,VF CABLEMAX,0.0
2737,KBW,45 - 49,189.96,189.96,30.0,0.0,RED INTERNET & PHONE CABLE U,1.0
2738,NRW,65 - 69,34.99,34.99,30.0,0.0,VF RIP U-TREUE,0.0
2739,NRW,55 - 59,39.99,39.99,30.0,0.0,RED INTERNET & PHONE CABLE U,1.0
2740,KBW,30 - 34,37.99,37.99,30.0,0.0,VF RIP U-TREUE,1.0
2741,KBW,25 - 29,27.99,27.99,659.0,0.0,GIGAZUHAUSE TREUE B,0.0
2742,KBW,30 - 34,34.99,34.99,30.0,0.0,RED INTERNET & PHONE CABLE U,1.0
2743,HSN,50 - 54,34.99,34.99,30.0,0.0,RED INTERNET & PHONE CABLE U,0.0
2744,HSN,60 - 64,78.94,57.97,30.0,0.0,RED INTERNET & PHONE CABLE U,1.0
2745,HSN,60 - 64,27.99,27.99,30.0,0.0,VF RIP U-TREUE,0.0
2746,NRW,70 - 74,70.98,39.99,30.0,0.0,VF RIP U-TREUE,1.0
2747,KBW,35 - 39,0.0,0.0,30.0,0.0,MMA,0.0
2748,KBW,25 - 29,49.99,49.99,30.0,0.0,GIGAZUHAUSE KABEL,0.0
2749,HSN,45 - 49,49.99,49.99,30.0,0.0,GIGAZUHAUSE KABEL,1.0
2750,NRW,60 - 64,73.97,52.98,30.0,0.0,VF RIP U-TREUE,0.0
2751,NRW,80 and over,54.99,54.99,30.0,0.0,RED INTERNET & PHONE CABLE U,1.0
2752,NRW,70 - 74,58.98,58.98,30.0,0.0,RED INTERNET & PHONE CABLE U,0.0
2753,NRW,40 - 44,19.99,19.99,30.0,0.0,EAZY,0.0
2754,KBW,30 - 34,34.99,34.99,30.0,0.0,RED INTERNET & PHONE CABLE U,0.0
2755,NRW,60 - 64,47.99,47.99,30.0,0.0,VF RIP U-TREUE,1.0
2756,KBW,30 - 34,39.99,39.99,30.0,0.0,VF RIP U-TREUE,1.0
2757,NRW,45 - 49,34.99,34.99,30.0,0.0,RED INTERNET & PHONE CABLE U,0.0
2758,NRW,35 - 39,42.97,42.97,30.0,0.0,3PLAY START,0.0
2759,NRW,40 - 44,34.99,34.99,30.0,0.0,RED INTERNET & PHONE CABLE U,1.0
2760,NRW,75 - 79,44.97,44.97,30.0,0.0,GIGAZUHAUSE KABEL,0.0
2761,NRW,80 and over,37.97,37.97,30.0,0.0,GIGAZUHAUSE TREUE D,0.0
2762,KBW,70 - 74,42.98,42.98,30.0,0.0,VF RIP U-TREUE,1.0
2763,NRW,25 - 29,54.98,54.98,133.0,0.0,GIGAZUHAUSE KABEL,1.0
2764,NRW,25 - 29,39.99,39.99,30.0,0.0,RED INTERNET & PHONE CABLE U,1.0
2765,NRW,60 - 64,44.97,44.97,30.0,0.0,VF CABLEMAX,0.0
2766,NRW,30 - 34,34.99,34.99,30.0,0.0,RED INTERNET & PHONE CABLE U,1.0
2767,NRW,80 and over,29.99,29.99,30.0,0.0,VF RIP U-TREUE,1.0
2768,NRW,30 - 34,34.99,34.99,30.0,0.0,RED INTERNET & PHONE CABLE U,1.0
2769,NRW,25 - 29,39.99,39.99,30.0,0.0,RED INTERNET & PHONE CABLE U,1.0
2770,HSN,50 - 54,39.99,39.99,30.0,0.0,RED INTERNET & PHONE CABLE U,0.0
2771,NRW,30 - 34,44.98,44.98,30.0,0.0,RED INTERNET & PHONE CABLE U,1.0
2772,NRW,35 - 39,39.99,39.99,30.0,0.0,VF RIP U-TREUE,1.0
2773,NRW,65 - 69,34.99,34.99,30.0,0.0,RED INTERNET & PHONE CABLE U,1.0
2774,NRW,65 - 69,39.98,39.98,30.0,0.0,GIGAZUHAUSE KABEL,0.0
2775,NRW,40 - 44,34.99,34.99,30.0,0.0,RED INTERNET & PHONE CABLE U,1.0
2776,NRW,30 - 34,44.99,44.99,318.0,0.0,GIGAZUHAUSE KABEL,1.0
2777,KBW,25 - 29,67.99,47.99,30.0,0.0,VF RIP U-TREUE,1.0
2778,KBW,45 - 49,53.98,53.98,30.0,0.0,RED INTERNET & PHONE CABLE U,0.0
2779,NRW,55 - 59,54.99,54.99,30.0,0.0,RED INTERNET & PHONE CABLE U,1.0
2780,HSN,70 - 74,54.98,54.98,30.0,0.0,RED INTERNET & PHONE CABLE U,1.0
2781,NRW,50 - 54,42.98,42.98,30.0,0.0,2PLAY PLUS,1.0
2782,HSN,40 - 44,42.98,42.98,30.0,0.0,VF RIP U-TREUE,0.0
2783,NRW,25 - 29,39.99,39.99,30.0,0.0,RED INTERNET & PHONE CABLE U,0.0
2784,HSN,65 - 69,44.98,44.98,30.0,0.0,VF CABLEMAX,1.0
2785,NRW,25 - 29,49.99,49.99,30.0,0.0,VF RIP U-TREUE,1.0
2786,NRW,30 - 34,42.97,42.97,30.0,0.0,RED INTERNET & PHONE CABLE U,1.0
2787,NRW,25 - 29,39.99,39.99,30.0,0.0,RED INTERNET & PHONE CABLE U,1.0
2788,NRW,30 - 34,44.98,44.98,30.0,0.0,VF CABLEMAX,1.0
2789,NRW,30 - 34,34.99,34.99,30.0,0.0,RED INTERNET & PHONE CABLE U,1.0
2790,NRW,60 - 64,70.97,39.99,30.0,0.0,VF CABLEMAX,0.0
2791,HSN,70 - 74,42.97,42.97,30.0,0.0,RED INTERNET & PHONE CABLE U,1.0
2792,KBW,30 - 34,44.98,44.98,30.0,0.0,RED INTERNET & PHONE CABLE U,0.0
2793,NRW,45 - 49,42.98,34.99,30.0,0.0,VF RIP U-TREUE,0.0
2794,KBW,40 - 44,49.97,49.97,30.0,0.0,VF RIP U-TREUE,1.0
2795,KBW,35 - 39,34.99,34.99,30.0,0.0,RED INTERNET & PHONE CABLE U,1.0
2796,KBW,35 - 39,39.99,39.99,30.0,0.0,RED INTERNET & PHONE CABLE U,0.0
2797,KBW,30 - 34,39.99,39.99,30.0,0.0,VF RIP U-TREUE,1.0
2798,NRW,25 - 29,44.98,44.98,30.0,0.0,VF CABLEMAX,1.0
2799,NRW,40 - 44,39.99,39.99,30.0,0.0,RED INTERNET & PHONE CABLE U,0.0
2800,HSN,35 - 39,29.99,29.99,30.0,0.0,VF RIP U-TREUE,0.0
2801,NRW,70 - 74,30.0,30.88,30.0,0.0,RED INTERNET & PHONE CABLE U,0.0
2802,HSN,55 - 59,29.98,29.99,30.0,0.0,GIGAZUHAUSE TREUE C,1.0
2803,NRW,80 and over,34.99,34.99,30.0,0.0,RED INTERNET & PHONE CABLE U,0.0
2804,NRW,35 - 39,44.98,44.98,30.0,0.0,RED INTERNET & PHONE CABLE U,1.0
2805,HSN,80 and over,29.99,29.99,30.0,0.0,VF RIP U-TREUE,0.0
2806,KBW,65 - 69,49.98,49.98,30.0,2.0,TREUEPLUS,0.0
2807,NRW,55 - 59,32.99,32.99,30.0,0.0,VF RIP U-TREUE,0.0
2808,KBW,45 - 49,42.98,42.98,30.0,0.0,VF RIP U-TREUE,1.0
2809,KBW,75 - 79,55.96,39.98,30.0,0.0,GIGAZUHAUSE KABEL,1.0
2810,NRW,35 - 39,44.98,44.98,30.0,0.0,VF CABLEMAX,1.0
2811,KBW,65 - 69,49.98,39.99,30.0,0.0,VF RIP U-TREUE,0.0
2812,NRW,25 - 29,34.99,34.99,30.0,0.0,RED INTERNET & PHONE CABLE U,0.0
2813,NRW,40 - 44,37.98,37.98,30.0,0.0,VF RIP U-TREUE,0.0
2814,NRW,45 - 49,47.99,47.99,30.0,0.0,VF RIP U-TREUE,0.0
2815,KBW,55 - 59,39.99,39.99,30.0,0.0,VF RIP U-TREUE,1.0
2816,NRW,35 - 39,39.99,39.99,30.0,0.0,VF RIP U-TREUE,0.0
2817,NRW,35 - 39,42.97,42.97,30.0,0.0,GIGAZUHAUSE KABEL,1.0
2818,NRW,30 - 34,39.99,39.99,30.0,0.0,RED INTERNET & PHONE CABLE U,0.0
2819,HSN,45 - 49,50.84,50.84,30.0,0.0,3PLAY FLY,0.0
2820,NRW,70 - 74,49.99,49.99,30.0,0.0,RED INTERNET & PHONE CABLE U,1.0
2821,NRW,50 - 54,44.98,44.98,30.0,0.0,VF CABLEMAX,0.0
2822,HSN,18 - 24,39.98,39.98,137.0,0.0,GIGAZUHAUSE KABEL,1.0
2823,KBW,25 - 29,42.97,42.97,30.0,0.0,RED INTERNET & PHONE CABLE U,1.0
2824,NRW,70 - 74,34.98,34.98,30.0,0.0,VF CABLEMAX,0.0
2825,HSN,55 - 59,72.96,47.98,30.0,0.0,VF RIP U-TREUE,0.0
2826,KBW,40 - 44,62.98,62.98,30.0,0.0,VF RIP U-TREUE,1.0
2827,KBW,35 - 39,32.99,32.99,30.0,0.0,VF RIP U-TREUE,0.0
2828,NRW,50 - 54,29.99,29.99,30.0,0.0,VF RIP U-TREUE,0.0
2829,KBW,25 - 29,44.98,44.98,30.0,0.0,RED INTERNET & PHONE CABLE U,1.0
2830,KBW,80 and over,34.99,34.99,30.0,0.0,GIGAZUHAUSE KABEL,0.0
2831,NRW,25 - 29,44.98,44.98,30.0,0.0,RED INTERNET & PHONE CABLE U,1.0
2832,NRW,18 - 24,39.98,39.98,30.0,0.0,VF CABLEMAX,0.0
2833,NRW,55 - 59,54.99,54.99,30.0,0.0,VF RIP U-TREUE,1.0
2834,NRW,75 - 79,32.97,32.97,30.0,0.0,RED INTERNET & PHONE CABLE U,0.0
2835,HSN,30 - 34,29.99,29.99,30.0,0.0,INTERNET PREMIUM,0.0
2836,NRW,25 - 29,44.98,44.98,30.0,0.0,VF CABLEMAX,0.0
2837,KBW,30 - 34,34.99,34.99,30.0,0.0,GIGAZUHAUSE KABEL,1.0
2838,KBW,25 - 29,44.98,44.98,30.0,0.0,VF CABLEMAX,1.0
2839,NRW,30 - 34,49.99,49.99,30.0,0.0,RED INTERNET & PHONE CABLE U,0.0
2840,KBW,60 - 64,34.99,34.99,30.0,0.0,RED INTERNET & PHONE CABLE U,1.0
2841,NRW,55 - 59,49.99,49.99,30.0,0.0,RED INTERNET & PHONE CABLE U,1.0
2842,NRW,55 - 59,39.99,39.99,30.0,0.0,VF RIP U-TREUE,1.0
2843,NRW,60 - 64,49.99,49.99,30.0,0.0,RED INTERNET & PHONE CABLE U,1.0
2844,KBW,55 - 59,29.99,29.99,30.0,0.0,VF RIP U-TREUE,1.0
2845,HSN,30 - 34,34.99,34.99,30.0,0.0,RED INTERNET & PHONE CABLE U,1.0
2846,NRW,60 - 64,52.98,52.98,30.0,0.0,2PLAY FLY,1.0
2847,NRW,35 - 39,49.97,49.97,30.0,0.0,VF CABLEMAX,0.0
2848,NRW,35 - 39,49.99,49.99,30.0,0.0,VF RIP U-TREUE,0.0
2849,KBW,60 - 64,53.96,53.96,30.0,0.0,RED INTERNET & PHONE CABLE U,0.0
2850,NRW,45 - 49,34.99,34.99,30.0,0.0,RED INTERNET & PHONE CABLE U,0.0
2851,NRW,80 and over,34.99,34.99,30.0,0.0,RED INTERNET & PHONE CABLE U,0.0
2852,HSN,80 and over,30.95,30.95,30.0,0.0,RED INTERNET & PHONE CABLE U,0.0
2853,NRW,80 and over,44.98,44.98,30.0,0.0,RED INTERNET & PHONE CABLE U,0.0
2854,NRW,25 - 29,39.99,39.99,30.0,0.0,RED INTERNET & PHONE CABLE U,1.0
2855,KBW,35 - 39,29.99,29.99,30.0,0.0,VF RIP U-TREUE,1.0
2856,KBW,40 - 44,44.98,44.98,30.0,0.0,RED INTERNET & PHONE CABLE U,0.0
2857,KBW,30 - 34,49.97,49.97,30.0,0.0,VF CABLEMAX,1.0
2858,NRW,25 - 29,37.99,37.99,30.0,0.0,VF RIP U-TREUE,1.0
2859,NRW,60 - 64,34.99,34.99,30.0,0.0,GIGAZUHAUSE KABEL,1.0
2860,NRW,60 - 64,43.95,43.95,30.0,0.0,3PLAY FLY,0.0
2861,KBW,65 - 69,34.99,34.99,30.0,0.0,RED INTERNET & PHONE CABLE U,1.0
2862,KBW,30 - 34,42.97,42.97,30.0,0.0,GIGAZUHAUSE KABEL,0.0
2863,NRW,30 - 34,44.98,44.98,30.0,0.0,RED INTERNET & PHONE CABLE U,1.0
2864,KBW,60 - 64,41.98,39.99,30.0,0.0,VF RIP U-TREUE,0.0
2865,KBW,55 - 59,39.99,39.99,30.0,0.0,RED INTERNET & PHONE CABLE U,0.0
2866,NRW,55 - 59,44.98,44.98,30.0,0.0,VF CABLEMAX,0.0
2867,HSN,55 - 59,29.99,29.99,692.0,0.0,VF RIP U-TREUE,1.0
2868,KBW,50 - 54,29.99,29.99,30.0,0.0,VF RIP U-TREUE,1.0
2869,NRW,35 - 39,63.96,42.97,30.0,0.0,RED INTERNET & PHONE CABLE U,1.0
2870,KBW,50 - 54,44.98,44.98,30.0,0.0,RED INTERNET & PHONE CABLE U,1.0
2871,NRW,50 - 54,34.99,34.99,30.0,0.0,RED INTERNET & PHONE CABLE U,0.0
2872,NRW,55 - 59,42.97,42.97,30.0,0.0,RED INTERNET & PHONE CABLE U,0.0
2873,KBW,65 - 69,39.99,39.99,30.0,0.0,RED INTERNET & PHONE CABLE U,0.0
2874,NRW,30 - 34,44.98,44.98,30.0,0.0,RED INTERNET & PHONE CABLE U,0.0
2875,NRW,65 - 69,49.99,49.99,30.0,0.0,GIGAZUHAUSE KABEL,1.0
2876,KBW,70 - 74,43.97,43.97,30.0,0.0,RED INTERNET & PHONE CABLE U,0.0
2877,KBW,25 - 29,39.99,39.99,30.0,0.0,RED INTERNET & PHONE CABLE U,1.0
2878,HSN,30 - 34,49.99,49.99,30.0,0.0,GIGAZUHAUSE KABEL,0.0
2879,KBW,40 - 44,39.99,39.99,30.0,0.0,RED INTERNET & PHONE CABLE U,0.0
2880,HSN,55 - 59,49.99,49.99,30.0,0.0,GIGAZUHAUSE KABEL,1.0
2881,KBW,50 - 54,49.97,49.97,30.0,0.0,VF CABLEMAX,0.0
2882,KBW,80 and over,39.99,39.99,30.0,0.0,RED INTERNET & PHONE CABLE U,1.0
2883,NRW,50 - 54,32.99,32.99,30.0,0.0,VF RIP U-TREUE,1.0
2884,NRW,75 - 79,50.98,29.99,30.0,0.0,VF RIP U-TREUE,0.0
2885,NRW,25 - 29,39.99,39.99,30.0,0.0,RED INTERNET & PHONE CABLE U,0.0
2886,HSN,30 - 34,39.99,39.99,30.0,0.0,VF RIP U-TREUE,1.0
2887,HSN,40 - 44,37.99,37.99,30.0,0.0,VF RIP U-TREUE,1.0
2888,KBW,30 - 34,59.99,59.99,30.0,0.0,RED INTERNET & PHONE CABLE U,1.0
2889,KBW,30 - 34,34.99,34.99,92.0,0.0,RED INTERNET & PHONE CABLE U,1.0
2890,NRW,70 - 74,34.99,34.99,30.0,0.0,RED INTERNET & PHONE CABLE U,1.0
2891,NRW,40 - 44,49.97,49.97,30.0,0.0,VF CABLEMAX,1.0
2892,KBW,35 - 39,44.98,44.98,30.0,0.0,RED INTERNET & PHONE CABLE U,0.0
2893,NRW,40 - 44,44.98,44.98,30.0,0.0,RED INTERNET & PHONE CABLE U,1.0
2894,KBW,35 - 39,49.99,49.99,30.0,0.0,GIGAZUHAUSE KABEL,0.0
2895,KBW,30 - 34,44.98,44.98,30.0,0.0,VF CABLEMAX,1.0
2896,NRW,18 - 24,34.99,34.99,30.0,0.0,RED INTERNET & PHONE CABLE U,1.0
2897,KBW,55 - 59,34.99,34.99,30.0,0.0,RED INTERNET & PHONE CABLE U,1.0
2898,KBW,30 - 34,44.98,44.98,30.0,0.0,VF CABLEMAX,1.0
2899,KBW,50 - 54,44.98,44.98,30.0,0.0,VF CABLEMAX,1.0
2900,NRW,40 - 44,74.96,44.98,30.0,0.0,VF CABLEMAX,0.0
2901,KBW,40 - 44,49.99,49.99,30.0,0.0,RED INTERNET & PHONE CABLE U,1.0
2902,KBW,30 - 34,39.99,39.99,30.0,0.0,RED INTERNET & PHONE CABLE U,0.0
2903,NRW,30 - 34,34.99,34.99,30.0,0.0,RED INTERNET & PHONE CABLE U,0.0
2904,KBW,25 - 29,19.99,19.99,339.0,0.0,GIGAZUHAUSE TREUE C,0.0
2905,HSN,30 - 34,29.99,29.99,30.0,0.0,INTERNET PREMIUM,0.0
2906,KBW,35 - 39,44.98,44.98,30.0,0.0,VF CABLEMAX,1.0
2907,KBW,35 - 39,39.99,39.99,30.0,0.0,RED INTERNET & PHONE CABLE U,1.0
2908,HSN,40 - 44,54.98,54.98,30.0,0.0,GIGAZUHAUSE KABEL,1.0
2909,KBW,25 - 29,39.99,39.99,30.0,0.0,VF RIP U-TREUE,0.0
2910,NRW,60 - 64,44.97,44.97,663.0,0.0,GIGAZUHAUSE KABEL,0.0
2911,KBW,35 - 39,44.98,44.98,30.0,0.0,VF CABLEMAX,1.0
2912,NRW,55 - 59,44.98,44.98,30.0,0.0,VF CABLEMAX,0.0
2913,KBW,75 - 79,34.99,34.99,30.0,0.0,RED INTERNET & PHONE CABLE U,1.0
2914,KBW,40 - 44,39.98,39.98,30.0,0.0,RED INTERNET & PHONE CABLE U,1.0
2915,NRW,40 - 44,37.99,37.99,30.0,0.0,VF RIP U-TREUE,1.0
2916,NRW,75 - 79,34.99,34.99,30.0,0.0,RED INTERNET & PHONE CABLE U,0.0
2917,KBW,40 - 44,49.99,49.99,30.0,0.0,RED INTERNET & PHONE CABLE U,0.0
2918,KBW,30 - 34,44.98,44.98,30.0,0.0,VF CABLEMAX,0.0
2919,KBW,30 - 34,54.99,54.99,30.0,1.0,RED INTERNET & PHONE CABLE U,1.0
2920,NRW,35 - 39,34.99,34.99,30.0,0.0,RED INTERNET & PHONE CABLE U,1.0
2921,NRW,65 - 69,44.98,34.99,30.0,0.0,GIGAZUHAUSE TREUE C,0.0
2922,KBW,35 - 39,44.98,44.98,30.0,0.0,VF CABLEMAX,1.0
2923,NRW,75 - 79,49.97,49.97,30.0,0.0,VF CABLEMAX,0.0
2924,NRW,35 - 39,54.99,54.99,30.0,0.0,RED INTERNET & PHONE CABLE U,0.0
2925,NRW,50 - 54,44.98,44.98,30.0,0.0,VF CABLEMAX,0.0
2926,KBW,35 - 39,29.99,29.99,30.0,0.0,INTERNET PREMIUM,0.0
2927,NRW,60 - 64,48.97,48.97,30.0,0.0,VF CABLEMAX,1.0
2928,NRW,70 - 74,70.97,29.99,30.0,0.0,VF RIP U-TREUE,0.0
2929,NRW,45 - 49,44.98,44.98,30.0,0.0,RED INTERNET & PHONE CABLE U,0.0
2930,KBW,35 - 39,37.99,37.99,30.0,0.0,VF RIP U-TREUE,1.0
2931,NRW,30 - 34,34.99,34.99,30.0,0.0,RED INTERNET & PHONE CABLE U,1.0
2932,NRW,35 - 39,29.99,29.99,30.0,0.0,VF RIP U-TREUE,1.0
2933,HSN,35 - 39,39.98,39.98,30.0,0.0,VF CABLEMAX,1.0
2934,NRW,70 - 74,59.95,39.99,30.0,0.0,VF RIP U-TREUE,0.0
2935,HSN,30 - 34,49.99,49.99,30.0,0.0,RED INTERNET & PHONE CABLE U,0.0
2936,KBW,25 - 29,34.99,34.99,30.0,0.0,RED INTERNET & PHONE CABLE U,0.0
2937,NRW,60 - 64,49.97,29.99,30.0,0.0,RED INTERNET & PHONE CABLE U,1.0
2938,KBW,65 - 69,53.97,32.99,30.0,0.0,VF RIP U-TREUE,0.0
2939,KBW,25 - 29,58.98,58.98,30.0,1.0,RED INTERNET & PHONE CABLE U,1.0
2940,KBW,55 - 59,39.99,39.99,30.0,0.0,RED INTERNET & PHONE CABLE U,1.0
2941,KBW,30 - 34,44.98,44.98,30.0,0.0,VF CABLEMAX,1.0
2942,NRW,60 - 64,72.96,52.97,30.0,0.0,VF RIP U-TREUE,1.0
2943,HSN,60 - 64,44.98,44.98,30.0,0.0,VF CABLEMAX,1.0
2944,NRW,35 - 39,69.97,48.98,30.0,0.0,RED INTERNET & PHONE CABLE U,1.0
2945,NRW,35 - 39,49.99,49.99,30.0,0.0,RED INTERNET & PHONE CABLE U,0.0
2946,NRW,60 - 64,34.99,34.99,30.0,0.0,RED INTERNET & PHONE CABLE U,0.0
2947,NRW,45 - 49,42.97,42.97,30.0,0.0,RED INTERNET & PHONE CABLE U,1.0
2948,NRW,18 - 24,39.98,39.98,30.0,0.0,RED INTERNET & PHONE CABLE U,1.0
2949,KBW,65 - 69,39.98,39.98,30.0,0.0,RED INTERNET & PHONE CABLE U,0.0
2950,NRW,55 - 59,39.99,39.99,30.0,0.0,RED INTERNET & PHONE CABLE U,1.0
2951,NRW,25 - 29,39.98,39.98,30.0,0.0,VF CABLEMAX,0.0
2952,HSN,50 - 54,37.98,37.98,30.0,0.0,VF RIP U-TREUE,0.0
2953,NRW,25 - 29,34.99,34.99,30.0,0.0,RED INTERNET & PHONE CABLE U,0.0
2954,NRW,35 - 39,68.97,58.98,30.0,0.0,RED INTERNET & PHONE CABLE U,1.0
2955,NRW,80 and over,44.98,44.98,30.0,0.0,VF CABLEMAX,0.0
2956,KBW,35 - 39,42.98,42.98,30.0,0.0,VF RIP U-TREUE,1.0
2957,KBW,35 - 39,42.97,42.97,322.0,0.0,GIGAZUHAUSE KABEL,1.0
2958,NRW,25 - 29,44.98,44.98,30.0,0.0,RED INTERNET & PHONE CABLE U,0.0
2959,KBW,35 - 39,44.98,44.98,30.0,0.0,RED INTERNET & PHONE CABLE U,1.0
2960,NRW,30 - 34,30.95,30.95,30.0,0.0,RED INTERNET & PHONE CABLE U,1.0
2961,KBW,35 - 39,44.98,44.98,30.0,0.0,VF CABLEMAX,0.0
2962,NRW,70 - 74,29.99,29.99,30.0,0.0,VF RIP U-TREUE,1.0
2963,NRW,30 - 34,49.97,49.97,30.0,0.0,VF CABLEMAX,0.0
2964,HSN,45 - 49,54.99,54.99,30.0,0.0,RED INTERNET & PHONE CABLE U,1.0
2965,NRW,30 - 34,49.99,49.99,30.0,0.0,GIGAZUHAUSE KABEL,1.0
2966,NRW,35 - 39,29.99,29.99,30.0,0.0,VF RIP U-TREUE,0.0
2967,KBW,35 - 39,49.97,49.97,30.0,0.0,VF CABLEMAX,0.0
2968,KBW,30 - 34,44.98,44.98,30.0,0.0,VF CABLEMAX,0.0
2969,KBW,25 - 29,44.98,44.98,30.0,0.0,VF CABLEMAX,1.0
2970,NRW,35 - 39,37.98,37.98,30.0,0.0,GIGAZUHAUSE KABEL,0.0
2971,KBW,55 - 59,44.98,44.98,30.0,0.0,VF CABLEMAX,0.0
2972,KBW,55 - 59,44.99,44.99,136.0,0.0,GIGAZUHAUSE KABEL,0.0
2973,NRW,30 - 34,29.99,29.99,30.0,0.0,VF RIP U-TREUE,0.0
2974,NRW,40 - 44,44.98,44.98,30.0,0.0,RED INTERNET & PHONE CABLE U,0.0
2975,NRW,25 - 29,17.99,17.99,30.0,0.0,EAZY FLEX,1.0
2976,KBW,18 - 24,39.99,39.99,30.0,0.0,RED INTERNET & PHONE CABLE U,1.0
2977,NRW,25 - 29,34.99,34.99,30.0,0.0,RED INTERNET & PHONE CABLE U,0.0
2978,NRW,70 - 74,52.94,39.98,671.0,0.0,GIGAZUHAUSE KABEL,0.0
2979,NRW,60 - 64,29.99,29.99,30.0,0.0,VF RIP U-TREUE,0.0
2980,NRW,60 - 64,39.98,39.98,30.0,0.0,VF CABLEMAX,1.0
2981,KBW,60 - 64,79.98,54.99,30.0,0.0,RED INTERNET & PHONE CABLE U,0.0
2982,KBW,35 - 39,29.99,29.99,30.0,0.0,VF RIP U-TREUE,0.0
2983,KBW,30 - 34,29.99,29.99,30.0,0.0,VF RIP U-TREUE,1.0
2984,NRW,65 - 69,27.8,27.8,573.0,0.0,GIGAZUHAUSE TREUE B,0.0
2985,NRW,50 - 54,29.99,29.99,30.0,0.0,VF RIP U-TREUE,1.0
2986,KBW,25 - 29,34.99,34.99,30.0,0.0,RED INTERNET & PHONE CABLE U,0.0
2987,KBW,25 - 29,39.99,39.99,30.0,0.0,RED INTERNET & PHONE CABLE U,1.0
2988,KBW,35 - 39,57.98,34.99,30.0,0.0,RED INTERNET & PHONE CABLE U,1.0
2989,NRW,70 - 74,39.98,39.98,30.0,0.0,RED INTERNET & PHONE CABLE U,0.0
2990,NRW,30 - 34,54.99,54.99,30.0,0.0,RED INTERNET & PHONE CABLE U,1.0
2991,NRW,40 - 44,39.99,39.99,30.0,0.0,RED INTERNET & PHONE CABLE U,1.0
2992,NRW,40 - 44,32.99,32.99,30.0,0.0,VF RIP U-TREUE,1.0
2993,KBW,50 - 54,70.98,49.99,30.0,0.0,RED INTERNET & PHONE CABLE U,0.0
2994,KBW,30 - 34,39.98,39.98,30.0,0.0,VF RIP U-TREUE,0.0
2995,KBW,60 - 64,44.98,44.98,30.0,0.0,VF CABLEMAX,0.0
2996,KBW,30 - 34,44.97,44.97,30.0,0.0,GIGAZUHAUSE KABEL,1.0
2997,NRW,65 - 69,59.97,44.98,30.0,0.0,RED INTERNET & PHONE CABLE U,1.0
2998,KBW,65 - 69,29.99,29.99,30.0,0.0,VF RIP U-TREUE,0.0
2999,KBW,40 - 44,44.98,44.98,30.0,0.0,VF CABLEMAX,1.0
3000,HSN,50 - 54,34.99,34.99,30.0,0.0,RED INTERNET & PHONE CABLE U,1.0
3001,KBW,50 - 54,44.98,44.98,30.0,0.0,VF CABLEMAX,1.0
3002,NRW,35 - 39,34.99,34.99,30.0,0.0,RED INTERNET & PHONE CABLE U,0.0
3003,KBW,70 - 74,39.99,39.99,30.0,0.0,VF RIP U-TREUE,0.0
3004,NRW,45 - 49,34.99,34.99,30.0,0.0,RED INTERNET & PHONE CABLE U,0.0
3005,KBW,35 - 39,39.99,39.99,30.0,0.0,RED INTERNET & PHONE CABLE U,0.0
3006,HSN,30 - 34,39.99,39.99,30.0,0.0,VF RIP U-TREUE,1.0
3007,NRW,50 - 54,59.97,44.98,30.0,0.0,VF CABLEMAX,0.0
3008,KBW,50 - 54,34.99,34.99,30.0,0.0,RED INTERNET & PHONE CABLE U,0.0
3009,NRW,45 - 49,29.99,29.99,30.0,0.0,VF RIP U-TREUE,1.0
3010,NRW,50 - 54,49.97,49.97,30.0,0.0,VF CABLEMAX,1.0
3011,NRW,60 - 64,44.98,44.98,30.0,0.0,RED INTERNET & PHONE CABLE U,0.0
3012,NRW,25 - 29,39.99,39.99,30.0,0.0,RED INTERNET & PHONE CABLE U,1.0
3013,NRW,25 - 29,44.98,44.98,30.0,0.0,RED INTERNET & PHONE CABLE U,1.0
3014,KBW,65 - 69,39.99,39.99,30.0,0.0,RED INTERNET & PHONE CABLE U,0.0
3015,KBW,55 - 59,49.97,49.97,30.0,0.0,VF CABLEMAX,0.0
3016,NRW,30 - 34,39.99,39.99,30.0,0.0,VF RIP U-TREUE,0.0
3017,NRW,65 - 69,39.99,39.99,30.0,0.0,RED INTERNET & PHONE CABLE U,1.0
3018,NRW,55 - 59,39.99,39.99,30.0,0.0,GIGAZUHAUSE KABEL,1.0
3019,NRW,30 - 34,34.99,34.99,30.0,0.0,RED INTERNET & PHONE CABLE U,1.0
3020,KBW,25 - 29,44.98,44.98,30.0,0.0,VF CABLEMAX,1.0
3021,KBW,30 - 34,44.97,44.97,30.0,0.0,VF CABLEMAX,1.0
3022,KBW,65 - 69,29.99,29.99,30.0,0.0,INTERNET PREMIUM,1.0
3023,KBW,50 - 54,69.96,44.98,30.0,0.0,VF CABLEMAX,0.0
3024,KBW,55 - 59,47.97,44.98,30.0,0.0,VF CABLEMAX,1.0
3025,KBW,25 - 29,54.99,54.99,30.0,0.0,RED INTERNET & PHONE CABLE U,1.0
3026,NRW,40 - 44,63.96,42.98,30.0,0.0,VF RIP U-TREUE,0.0
3027,NRW,70 - 74,79.95,44.98,30.0,0.0,VF CABLEMAX,0.0
3028,NRW,45 - 49,39.99,39.99,30.0,0.0,RED INTERNET & PHONE CABLE U,0.0
3029,NRW,55 - 59,44.98,44.98,30.0,0.0,VF CABLEMAX,1.0
3030,NRW,40 - 44,39.99,39.99,30.0,0.0,RED INTERNET & PHONE CABLE U,0.0
3031,NRW,30 - 34,29.99,29.99,30.0,0.0,VF RIP U-TREUE,0.0
3032,HSN,25 - 29,29.99,29.99,30.0,0.0,INTERNET PREMIUM,0.0
3033,NRW,25 - 29,49.99,49.99,30.0,0.0,RED INTERNET & PHONE CABLE U,0.0
3034,KBW,60 - 64,44.98,44.98,30.0,0.0,RED INTERNET & PHONE CABLE U,0.0
3035,KBW,60 - 64,0.0,0.0,30.0,0.0,MMA,1.0
3036,NRW,45 - 49,42.97,42.97,30.0,0.0,GIGAZUHAUSE KABEL,1.0
3037,KBW,45 - 49,34.99,34.99,30.0,0.0,RED INTERNET & PHONE CABLE U,0.0
3038,KBW,75 - 79,47.99,47.99,30.0,0.0,VF RIP U-TREUE,1.0
3039,KBW,70 - 74,30.95,30.95,30.0,0.0,RED INTERNET & PHONE CABLE U,0.0
3040,KBW,30 - 34,44.98,44.98,30.0,0.0,VF CABLEMAX,1.0
3041,NRW,50 - 54,39.99,39.99,30.0,0.0,VF RIP U-TREUE,1.0
3042,KBW,30 - 34,44.98,44.98,30.0,0.0,RED INTERNET & PHONE CABLE U,1.0
3043,KBW,60 - 64,37.98,37.98,30.0,0.0,VF RIP U-TREUE,0.0
3044,NRW,60 - 64,62.95,32.99,699.0,0.0,GIGAZUHAUSE TREUE B,0.0
3045,KBW,55 - 59,44.98,44.98,30.0,0.0,VF CABLEMAX,1.0
3046,NRW,70 - 74,65.97,44.98,30.0,0.0,VF CABLEMAX,0.0
3047,NRW,55 - 59,37.99,37.99,654.0,0.0,VF RIP U-TREUE,0.0
3048,NRW,18 - 24,39.99,39.99,30.0,0.0,RED INTERNET & PHONE CABLE U,0.0
3049,NRW,40 - 44,49.99,49.99,30.0,0.0,RED INTERNET & PHONE CABLE U,0.0
3050,NRW,65 - 69,39.99,39.99,30.0,0.0,RED INTERNET & PHONE CABLE U,0.0
3051,HSN,55 - 59,39.99,39.99,30.0,0.0,RED INTERNET & PHONE CABLE U,1.0
3052,NRW,55 - 59,49.99,49.99,30.0,0.0,RED INTERNET & PHONE CABLE U,0.0
3053,NRW,50 - 54,37.98,37.98,30.0,0.0,VF RIP U-TREUE,1.0
3054,NRW,75 - 79,32.99,32.99,30.0,0.0,VF RIP U-TREUE,1.0
3055,NRW,40 - 44,34.99,34.99,30.0,0.0,RED INTERNET & PHONE CABLE U,0.0
3056,KBW,35 - 39,37.99,37.99,30.0,0.0,VF RIP U-TREUE,0.0
3057,KBW,25 - 29,49.97,49.97,30.0,0.0,VF CABLEMAX,0.0
3058,NRW,45 - 49,49.99,49.99,30.0,0.0,RED INTERNET & PHONE CABLE U,1.0
3059,NRW,30 - 34,34.99,34.99,30.0,0.0,RED INTERNET & PHONE CABLE U,1.0
3060,NRW,40 - 44,49.99,49.99,30.0,0.0,GIGAZUHAUSE KABEL,1.0
3061,NRW,35 - 39,39.99,39.99,30.0,0.0,RED INTERNET & PHONE CABLE U,1.0
3062,NRW,55 - 59,39.99,39.99,30.0,0.0,VF RIP U-TREUE,1.0
3063,KBW,35 - 39,39.99,39.99,30.0,0.0,RED INTERNET & PHONE CABLE U,0.0
3064,NRW,55 - 59,44.98,44.98,30.0,0.0,RED INTERNET & PHONE CABLE U,1.0
3065,NRW,80 and over,43.98,43.98,30.0,0.0,RED INTERNET & PHONE CABLE U,0.0
3066,NRW,30 - 34,34.99,34.99,30.0,0.0,RED INTERNET & PHONE CABLE U,0.0
3067,NRW,55 - 59,44.98,44.98,30.0,0.0,RED INTERNET & PHONE CABLE U,1.0
3068,NRW,25 - 29,39.99,39.99,30.0,0.0,RED INTERNET & PHONE CABLE U,0.0
3069,KBW,60 - 64,34.99,34.99,30.0,0.0,RED INTERNET & PHONE CABLE U,1.0
3070,NRW,40 - 44,54.98,34.99,30.0,0.0,VF RIP U-TREUE,0.0
3071,NRW,65 - 69,39.99,39.99,30.0,0.0,RED INTERNET & PHONE CABLE U,1.0
3072,NRW,40 - 44,44.98,44.98,30.0,0.0,RED INTERNET & PHONE CABLE U,1.0
3073,HSN,30 - 34,39.98,39.98,30.0,0.0,GIGAZUHAUSE KABEL,1.0
3074,NRW,80 and over,44.98,44.98,30.0,0.0,VF CABLEMAX,0.0
3075,NRW,65 - 69,49.93,39.97,30.0,0.0,GIGAZUHAUSE TREUE B,0.0
3076,KBW,55 - 59,39.99,39.99,30.0,0.0,RED INTERNET & PHONE CABLE U,0.0
3077,KBW,60 - 64,49.97,49.97,30.0,0.0,VF CABLEMAX,0.0
3078,NRW,45 - 49,49.99,49.99,30.0,0.0,3PLAY TREUE,1.0
3079,NRW,70 - 74,59.98,39.99,30.0,0.0,VF RIP U-TREUE,1.0
3080,NRW,50 - 54,32.99,32.99,30.0,0.0,VF RIP U-TREUE,1.0
3081,NRW,25 - 29,39.99,39.99,30.0,0.0,RED INTERNET & PHONE CABLE U,0.0
3082,KBW,45 - 49,39.99,39.99,30.0,0.0,RED INTERNET & PHONE CABLE U,1.0
3083,NRW,75 - 79,39.99,39.99,30.0,0.0,VF RIP U-TREUE,1.0
3084,KBW,30 - 34,49.99,49.99,30.0,0.0,GIGAZUHAUSE KABEL,0.0
3085,KBW,30 - 34,29.99,29.99,30.0,0.0,RED INTERNET & PHONE CABLE U,0.0
3086,KBW,35 - 39,34.99,34.99,30.0,0.0,RED INTERNET & PHONE CABLE U,0.0
3087,KBW,30 - 34,32.99,32.99,30.0,0.0,VF RIP U-TREUE,1.0
3088,NRW,55 - 59,32.98,32.99,30.0,0.0,GIGAZUHAUSE TREUE B,1.0
3089,NRW,35 - 39,39.99,39.99,30.0,0.0,VF RIP U-TREUE,1.0
3090,KBW,35 - 39,42.97,42.97,699.0,0.0,GIGAZUHAUSE KABEL,0.0
3091,KBW,35 - 39,48.97,48.97,30.0,0.0,VF CABLEMAX,0.0
3092,NRW,40 - 44,34.99,34.99,30.0,0.0,VF CABLEMAX,0.0
3093,NRW,35 - 39,34.99,34.99,30.0,0.0,RED INTERNET & PHONE CABLE U,0.0
3094,HSN,55 - 59,54.99,54.99,30.0,0.0,RED INTERNET & PHONE CABLE U,0.0
3095,KBW,80 and over,29.99,29.99,30.0,0.0,VF RIP U-TREUE,1.0
3096,NRW,55 - 59,54.99,54.99,30.0,0.0,RED INTERNET & PHONE CABLE U,0.0
3097,NRW,30 - 34,39.99,39.99,30.0,0.0,RED INTERNET & PHONE CABLE U,0.0
3098,KBW,65 - 69,44.98,44.98,30.0,0.0,VF CABLEMAX,1.0
3099,KBW,25 - 29,37.99,37.99,30.0,0.0,VF RIP U-TREUE,1.0
3100,KBW,35 - 39,34.99,34.99,30.0,0.0,RED INTERNET & PHONE CABLE U,0.0
3101,NRW,55 - 59,29.99,29.99,30.0,0.0,VF RIP U-TREUE,0.0
3102,NRW,80 and over,69.98,59.98,30.0,0.0,GIGAZUHAUSE KABEL,1.0
3103,KBW,60 - 64,29.99,29.99,30.0,0.0,VF RIP U-TREUE,1.0
3104,KBW,25 - 29,34.99,34.99,30.0,0.0,RED INTERNET & PHONE CABLE U,1.0
3105,NRW,55 - 59,39.99,39.99,30.0,0.0,VF RIP U-TREUE,0.0
3106,KBW,65 - 69,34.99,34.99,30.0,0.0,VF RIP U-TREUE,1.0
3107,KBW,35 - 39,54.99,54.99,30.0,0.0,RED INTERNET & PHONE CABLE U,1.0
3108,NRW,30 - 34,44.98,44.98,30.0,0.0,VF CABLEMAX,1.0
3109,NRW,35 - 39,39.99,39.99,30.0,0.0,RED INTERNET & PHONE CABLE U,1.0
3110,NRW,18 - 24,34.99,34.99,30.0,0.0,RED INTERNET & PHONE CABLE U,1.0
3111,NRW,30 - 34,62.97,37.99,30.0,0.0,VF RIP U-TREUE,0.0
3112,KBW,55 - 59,69.98,49.99,30.0,0.0,RED INTERNET & PHONE CABLE U,0.0
3113,NRW,70 - 74,68.95,34.99,30.0,0.0,RED INTERNET & PHONE CABLE U,1.0
3114,NRW,40 - 44,27.99,27.99,129.0,0.0,GIGAZUHAUSE TREUE B,1.0
3115,HSN,60 - 64,39.98,39.98,30.0,0.0,VF CABLEMAX,0.0
3116,NRW,25 - 29,38.98,38.98,30.0,0.0,RED INTERNET & PHONE CABLE U,0.0
3117,KBW,55 - 59,39.98,39.98,30.0,0.0,VF RIP U-TREUE,0.0
3118,NRW,18 - 24,34.99,34.99,30.0,0.0,RED INTERNET & PHONE CABLE U,1.0
3119,KBW,55 - 59,75.97,54.98,30.0,0.0,3PLAY PREMIUM,1.0
3120,NRW,35 - 39,42.97,42.97,30.0,0.0,GIGAZUHAUSE KABEL,0.0
3121,KBW,80 and over,50.93,50.93,30.0,0.0,3PLAY SMART,1.0
3122,NRW,55 - 59,67.96,37.98,30.0,0.0,VF RIP U-TREUE,1.0
3123,NRW,40 - 44,39.99,39.99,30.0,0.0,RED INTERNET & PHONE CABLE U,0.0
3124,KBW,30 - 34,38.98,38.98,30.0,0.0,RED INTERNET & PHONE CABLE U,0.0
3125,HSN,60 - 64,0.0,0.0,30.0,0.0,GIGAZUHAUSE KABEL,0.0
3126,NRW,25 - 29,39.99,39.99,30.0,0.0,RED INTERNET & PHONE CABLE U,1.0
3127,NRW,25 - 29,39.99,39.99,30.0,0.0,RED INTERNET & PHONE CABLE U,1.0
3128,NRW,30 - 34,44.98,44.98,30.0,0.0,RED INTERNET & PHONE CABLE U,1.0
3129,NRW,60 - 64,49.99,49.99,30.0,0.0,GIGAZUHAUSE KABEL,0.0
3130,NRW,70 - 74,64.97,34.99,30.0,0.0,RED INTERNET & PHONE CABLE U,0.0
3131,NRW,25 - 29,49.99,49.99,30.0,0.0,RED INTERNET & PHONE CABLE U,0.0
3132,NRW,55 - 59,29.99,29.99,30.0,0.0,VF RIP U-TREUE,0.0
3133,KBW,25 - 29,39.99,39.99,30.0,0.0,RED INTERNET & PHONE CABLE U,1.0
3134,NRW,65 - 69,44.98,44.98,30.0,0.0,VF RIP U-TREUE,0.0
3135,NRW,30 - 34,29.99,29.99,30.0,0.0,RED INTERNET & PHONE CABLE U,1.0
3136,KBW,65 - 69,34.99,34.99,30.0,0.0,RED INTERNET & PHONE CABLE U,0.0
3137,NRW,80 and over,34.99,34.99,30.0,0.0,RED INTERNET & PHONE CABLE U,0.0
3138,KBW,60 - 64,39.99,39.99,30.0,0.0,RED INTERNET & PHONE CABLE U,0.0
3139,NRW,35 - 39,39.98,39.98,30.0,0.0,GIGAZUHAUSE KABEL,1.0
3140,NRW,80 and over,32.99,32.99,30.0,0.0,VF RIP U-TREUE,0.0
3141,NRW,25 - 29,34.99,34.99,30.0,0.0,RED INTERNET & PHONE CABLE U,0.0
3142,KBW,55 - 59,44.98,44.98,30.0,0.0,VF CABLEMAX,1.0
3143,NRW,55 - 59,32.98,32.99,30.0,0.0,VF RIP U-TREUE,0.0
3144,NRW,35 - 39,48.97,48.97,30.0,1.0,VF CABLEMAX,0.0
3145,NRW,25 - 29,39.99,39.99,30.0,0.0,RED INTERNET & PHONE CABLE U,0.0
3146,KBW,25 - 29,34.99,34.99,30.0,0.0,RED INTERNET & PHONE CABLE U,1.0
3147,KBW,40 - 44,44.98,44.98,30.0,0.0,RED INTERNET & PHONE CABLE U,0.0
3148,KBW,65 - 69,42.95,42.95,577.0,0.0,RED INTERNET & PHONE CABLE U,1.0
3149,HSN,45 - 49,42.98,42.98,30.0,0.0,VF RIP U-TREUE,1.0
3150,NRW,35 - 39,54.98,54.98,30.0,0.0,GIGAZUHAUSE KABEL,0.0
3151,KBW,50 - 54,29.99,29.99,30.0,0.0,VF RIP U-TREUE,1.0
3152,NRW,45 - 49,32.98,32.98,30.0,0.0,VF RIP U-TREUE,1.0
3153,HSN,30 - 34,44.99,44.99,339.0,0.0,GIGAZUHAUSE TREUE B,1.0
3154,KBW,45 - 49,49.98,49.98,30.0,0.0,VF RIP U-TREUE,1.0
3155,NRW,40 - 44,34.99,34.99,30.0,0.0,RED INTERNET & PHONE CABLE U,1.0
3156,HSN,40 - 44,24.99,24.99,30.0,0.0,INTERNET COMFORT,1.0
3157,NRW,65 - 69,44.98,44.98,30.0,0.0,RED INTERNET & PHONE CABLE U,1.0
3158,NRW,30 - 34,34.99,34.99,30.0,0.0,RED INTERNET & PHONE CABLE U,1.0
3159,HSN,40 - 44,44.98,44.98,30.0,0.0,RED INTERNET & PHONE CABLE U,0.0
3160,NRW,30 - 34,32.97,32.97,30.0,0.0,RED INTERNET & PHONE CABLE U,0.0
3161,NRW,60 - 64,39.99,39.99,30.0,0.0,VF RIP U-TREUE,0.0
3162,NRW,35 - 39,29.99,29.99,30.0,0.0,VF RIP U-TREUE,0.0
3163,NRW,30 - 34,49.97,49.97,30.0,1.0,VF CABLEMAX,1.0
3164,KBW,55 - 59,44.98,44.98,30.0,0.0,VF CABLEMAX,0.0
3165,NRW,35 - 39,39.98,39.98,30.0,0.0,VF CABLEMAX,1.0
3166,NRW,60 - 64,44.97,44.97,30.0,0.0,GIGAZUHAUSE KABEL,1.0
3167,KBW,30 - 34,39.98,39.98,30.0,0.0,RED INTERNET & PHONE CABLE U,1.0
3168,NRW,40 - 44,42.98,42.98,661.0,0.0,VF RIP U-TREUE,0.0
3169,KBW,25 - 29,34.99,34.99,30.0,0.0,RED INTERNET & PHONE CABLE U,1.0
3170,NRW,25 - 29,27.99,27.99,30.0,0.0,EAZY FLEX,0.0
3171,NRW,25 - 29,39.98,39.98,144.0,0.0,GIGAZUHAUSE KABEL,1.0
3172,NRW,35 - 39,44.98,44.98,30.0,0.0,VF CABLEMAX,0.0
3173,HSN,30 - 34,42.97,42.97,30.0,0.0,GIGAZUHAUSE TREUE C,1.0
3174,NRW,25 - 29,39.99,39.99,30.0,0.0,RED INTERNET & PHONE CABLE U,1.0
3175,KBW,40 - 44,39.99,39.99,30.0,0.0,VF RIP U-TREUE,0.0
3176,KBW,70 - 74,39.99,39.99,30.0,0.0,RED INTERNET & PHONE CABLE U,0.0
3177,KBW,65 - 69,27.99,27.99,148.0,0.0,GIGAZUHAUSE TREUE B,0.0
3178,NRW,30 - 34,29.99,29.99,30.0,0.0,INTERNET PREMIUM,0.0
3179,KBW,50 - 54,34.99,34.99,30.0,0.0,RED INTERNET & PHONE CABLE U,0.0
3180,KBW,55 - 59,49.99,49.99,30.0,0.0,VF RIP U-TREUE,1.0
3181,NRW,55 - 59,39.99,39.99,30.0,0.0,RED INTERNET & PHONE CABLE U,1.0
3182,NRW,25 - 29,44.98,44.98,30.0,0.0,VF CABLEMAX,0.0
3183,NRW,18 - 24,39.98,39.98,30.0,0.0,VF CABLEMAX,0.0
3184,NRW,65 - 69,54.98,54.98,30.0,0.0,RED INTERNET & PHONE CABLE U,0.0
3185,NRW,70 - 74,34.99,34.99,30.0,0.0,RED INTERNET & PHONE CABLE U,1.0
3186,NRW,55 - 59,65.97,44.98,30.0,0.0,RED INTERNET & PHONE CABLE U,1.0
3187,NRW,60 - 64,59.96,44.98,30.0,0.0,VF CABLEMAX,0.0
3188,NRW,30 - 34,24.99,24.99,30.0,0.0,INTERNET COMFORT,0.0
3189,KBW,35 - 39,49.99,49.99,30.0,0.0,RED INTERNET & PHONE CABLE U,0.0
3190,NRW,25 - 29,34.99,34.99,30.0,0.0,RED INTERNET & PHONE CABLE U,1.0
3191,KBW,30 - 34,44.98,44.98,30.0,0.0,VF CABLEMAX,1.0
3192,KBW,35 - 39,39.99,39.99,30.0,0.0,VF RIP U-TREUE,1.0
3193,KBW,40 - 44,24.99,24.99,30.0,0.0,GIGAZUHAUSE TREUE C,0.0
3194,NRW,45 - 49,42.98,42.98,30.0,0.0,2PLAY PLUS,1.0
3195,HSN,35 - 39,29.99,29.99,30.0,0.0,VF RIP U-TREUE,0.0
3196,NRW,60 - 64,55.97,34.99,30.0,0.0,RED INTERNET & PHONE CABLE U,1.0
3197,KBW,80 and over,32.99,32.99,30.0,0.0,GIGAZUHAUSE TREUE B,0.0
3198,NRW,35 - 39,39.99,39.99,30.0,0.0,RED INTERNET & PHONE CABLE U,0.0
3199,KBW,40 - 44,49.99,49.99,30.0,0.0,RED INTERNET & PHONE CABLE U,1.0
3200,NRW,55 - 59,44.99,44.99,30.0,0.0,GIGAZUHAUSE TREUE B,1.0
3201,HSN,40 - 44,44.98,44.98,30.0,0.0,VF CABLEMAX,0.0
3202,NRW,50 - 54,49.97,49.97,30.0,0.0,VF CABLEMAX,0.0
3203,NRW,30 - 34,34.99,34.99,30.0,0.0,VF RIP U-TREUE,1.0
3204,KBW,50 - 54,70.97,54.98,30.0,0.0,VF RIP U-TREUE,1.0
3205,NRW,50 - 54,39.98,39.98,130.0,0.0,GIGAZUHAUSE KABEL,0.0
3206,HSN,70 - 74,49.97,49.97,30.0,0.0,VF CABLEMAX,1.0
3207,NRW,80 and over,37.9,37.9,30.0,0.0,RED INTERNET & PHONE CABLE U,0.0
3208,KBW,35 - 39,37.98,37.98,30.0,0.0,VF RIP U-TREUE,0.0
3209,KBW,65 - 69,39.98,39.98,122.0,0.0,GIGAZUHAUSE KABEL,0.0
3210,HSN,45 - 49,44.98,44.98,30.0,0.0,RED INTERNET & PHONE CABLE U,0.0
3211,NRW,55 - 59,39.99,39.99,30.0,0.0,VF RIP U-TREUE,1.0
3212,KBW,40 - 44,47.97,47.97,30.0,0.0,VF RIP U-TREUE,0.0
3213,KBW,75 - 79,52.98,52.98,30.0,0.0,VF RIP U-TREUE,1.0
3214,NRW,45 - 49,47.96,47.96,30.0,0.0,RED INTERNET & PHONE CABLE U,1.0
3215,NRW,40 - 44,39.99,39.99,30.0,0.0,VF RIP U-TREUE,0.0
3216,HSN,35 - 39,39.99,39.99,30.0,0.0,VF RIP U-TREUE,0.0
3217,HSN,70 - 74,34.99,34.99,30.0,0.0,VF RIP U-TREUE,1.0
3218,KBW,35 - 39,42.97,42.97,30.0,0.0,GIGAZUHAUSE KABEL,0.0
3219,KBW,55 - 59,49.99,49.99,30.0,0.0,RED INTERNET & PHONE CABLE U,0.0
3220,KBW,30 - 34,34.99,34.99,30.0,0.0,RED INTERNET & PHONE CABLE U,0.0
3221,NRW,65 - 69,54.99,54.99,30.0,0.0,RED INTERNET & PHONE CABLE U,0.0
3222,NRW,50 - 54,49.97,44.97,30.0,0.0,VF CABLEMAX,0.0
3223,HSN,50 - 54,27.99,27.99,30.0,0.0,VF RIP U-TREUE,0.0
3224,KBW,25 - 29,39.99,39.99,30.0,0.0,RED INTERNET & PHONE CABLE U,1.0
3225,KBW,45 - 49,42.97,42.97,30.0,0.0,RED INTERNET & PHONE CABLE U,1.0
3226,KBW,70 - 74,37.78,37.78,30.0,0.0,RED INTERNET & PHONE CABLE U,0.0
3227,NRW,75 - 79,42.97,32.98,665.0,0.0,GIGAZUHAUSE KABEL,0.0
3228,KBW,30 - 34,39.99,39.99,30.0,0.0,RED INTERNET & PHONE CABLE U,0.0
3229,NRW,25 - 29,44.98,44.98,30.0,0.0,VF CABLEMAX,1.0
3230,NRW,55 - 59,44.98,44.98,30.0,0.0,VF CABLEMAX,0.0
3231,HSN,60 - 64,34.99,34.99,30.0,0.0,RED INTERNET & PHONE CABLE U,1.0
3232,KBW,30 - 34,39.99,39.99,30.0,0.0,VF RIP U-TREUE,1.0
3233,NRW,55 - 59,54.96,44.98,30.0,0.0,VF CABLEMAX,1.0
3234,KBW,30 - 34,34.99,34.99,30.0,0.0,GIGAZUHAUSE KABEL,0.0
3235,NRW,30 - 34,24.99,24.99,30.0,0.0,VF RIP U-TREUE,0.0
3236,NRW,80 and over,34.97,34.97,30.0,0.0,RED INTERNET & PHONE CABLE U,0.0
3237,KBW,55 - 59,44.98,44.98,30.0,0.0,RED INTERNET & PHONE CABLE U,1.0
3238,NRW,40 - 44,44.98,44.98,30.0,0.0,VF CABLEMAX,0.0
3239,KBW,25 - 29,49.99,49.99,30.0,0.0,RED INTERNET & PHONE CABLE U,0.0
3240,NRW,25 - 29,39.99,39.99,30.0,0.0,RED INTERNET & PHONE CABLE U,1.0
3241,KBW,70 - 74,39.99,39.99,30.0,0.0,VF RIP U-TREUE,1.0
3242,KBW,50 - 54,44.98,44.98,30.0,0.0,VF RIP U-TREUE,0.0
3243,KBW,30 - 34,39.99,39.99,30.0,0.0,RED INTERNET & PHONE CABLE U,0.0
3244,KBW,35 - 39,44.98,44.98,30.0,0.0,VF CABLEMAX,0.0
3245,NRW,40 - 44,44.98,44.98,30.0,0.0,VF CABLEMAX,1.0
3246,KBW,80 and over,37.78,37.78,30.0,0.0,RED INTERNET & PHONE CABLE U,0.0
3247,KBW,30 - 34,34.99,34.99,30.0,0.0,RED INTERNET & PHONE CABLE U,0.0
3248,NRW,55 - 59,44.98,44.98,30.0,0.0,RED INTERNET & PHONE CABLE U,1.0
3249,KBW,80 and over,44.98,44.98,30.0,0.0,RED INTERNET & PHONE CABLE U,0.0
3250,KBW,30 - 34,44.98,44.98,30.0,0.0,VF CABLEMAX,1.0
3251,KBW,35 - 39,34.99,34.99,30.0,0.0,RED INTERNET & PHONE CABLE U,1.0
3252,KBW,40 - 44,34.99,34.99,30.0,0.0,RED INTERNET & PHONE CABLE U,1.0
3253,NRW,80 and over,34.99,34.99,30.0,0.0,RED INTERNET & PHONE CABLE U,0.0
3254,KBW,45 - 49,70.98,49.99,30.0,0.0,GIGAZUHAUSE KABEL,1.0
3255,NRW,45 - 49,49.97,29.99,30.0,0.0,VF RIP U-TREUE,1.0
3256,KBW,55 - 59,34.99,34.99,30.0,0.0,RED INTERNET & PHONE CABLE U,1.0
3257,NRW,40 - 44,41.98,34.99,30.0,0.0,VF RIP U-TREUE,1.0
3258,NRW,80 and over,25.0,25.0,30.0,0.0,RED INTERNET & PHONE CABLE U,0.0
3259,KBW,18 - 24,44.98,44.98,50.0,0.0,RED INTERNET & PHONE CABLE U,0.0
3260,HSN,30 - 34,37.99,37.99,30.0,0.0,VF RIP U-TREUE,0.0
3261,NRW,25 - 29,39.99,39.99,30.0,0.0,RED INTERNET & PHONE CABLE U,0.0
3262,KBW,45 - 49,44.98,44.98,30.0,0.0,VF CABLEMAX,0.0
3263,NRW,40 - 44,44.98,44.98,30.0,0.0,VF CABLEMAX,0.0
3264,NRW,35 - 39,32.99,32.99,30.0,0.0,GIGAZUHAUSE TREUE B,0.0
3265,KBW,40 - 44,38.98,38.98,30.0,0.0,RED INTERNET & PHONE CABLE U,0.0
3266,NRW,40 - 44,39.99,39.99,30.0,0.0,RED INTERNET & PHONE CABLE U,0.0
3267,NRW,40 - 44,39.99,39.99,30.0,0.0,RED INTERNET & PHONE CABLE U,1.0
3268,HSN,45 - 49,44.98,44.98,30.0,0.0,VF CABLEMAX,1.0
3269,KBW,35 - 39,54.98,34.99,30.0,0.0,RED INTERNET & PHONE CABLE U,1.0
3270,NRW,35 - 39,32.99,32.99,365.0,0.0,GIGAZUHAUSE TREUE B,1.0
3271,KBW,65 - 69,71.93,50.93,30.0,0.0,3PLAY PLUS MTA,1.0
3272,KBW,35 - 39,34.99,34.99,30.0,0.0,RED INTERNET & PHONE CABLE U,0.0
3273,NRW,30 - 34,73.97,58.98,30.0,0.0,RED INTERNET & PHONE CABLE U,0.0
3274,NRW,40 - 44,49.99,49.99,30.0,0.0,RED INTERNET & PHONE CABLE U,0.0
3275,KBW,18 - 24,42.97,42.97,30.0,0.0,RED INTERNET & PHONE CABLE U,1.0
3276,KBW,55 - 59,79.77,54.99,30.0,0.0,RED INTERNET & PHONE CABLE U,0.0
3277,NRW,40 - 44,63.97,42.98,30.0,0.0,VF RIP U-TREUE,0.0
3278,KBW,35 - 39,49.99,49.99,30.0,0.0,RED INTERNET & PHONE CABLE U,1.0
3279,KBW,35 - 39,44.98,44.98,30.0,0.0,VF CABLEMAX,1.0
3280,NRW,70 - 74,49.99,49.99,30.0,0.0,GIGAZUHAUSE KABEL,1.0
3281,KBW,30 - 34,44.98,44.98,30.0,0.0,RED INTERNET & PHONE CABLE U,0.0
3282,KBW,55 - 59,47.96,47.96,30.0,0.0,RED INTERNET & PHONE CABLE U,1.0
3283,KBW,55 - 59,52.98,52.98,30.0,0.0,VF RIP U-TREUE,0.0
3284,KBW,55 - 59,49.99,49.99,30.0,0.0,VF RIP U-TREUE,0.0
3285,NRW,25 - 29,39.99,39.99,30.0,0.0,RED INTERNET & PHONE CABLE U,1.0
3286,NRW,30 - 34,54.98,54.98,30.0,0.0,GIGAZUHAUSE KABEL,1.0
3287,NRW,25 - 29,44.98,44.98,30.0,0.0,VF CABLEMAX,1.0
3288,KBW,60 - 64,27.99,27.99,599.0,0.0,GIGAZUHAUSE TREUE B,0.0
3289,NRW,65 - 69,52.98,32.99,30.0,0.0,VF RIP U-TREUE,1.0
3290,KBW,70 - 74,32.9,32.9,30.0,0.0,2PLAY PLUS,0.0
3291,NRW,45 - 49,29.99,29.99,30.0,0.0,VF RIP U-TREUE,0.0
3292,NRW,25 - 29,39.99,39.99,30.0,0.0,RED INTERNET & PHONE CABLE U,0.0
3293,NRW,50 - 54,44.98,44.98,30.0,0.0,VF CABLEMAX,1.0
3294,KBW,75 - 79,58.77,37.78,30.0,0.0,RED INTERNET & PHONE CABLE U,0.0
3295,KBW,35 - 39,34.99,34.99,30.0,0.0,RED INTERNET & PHONE CABLE U,1.0
3296,NRW,50 - 54,34.99,34.99,30.0,0.0,VF RIP U-TREUE,1.0
3297,NRW,55 - 59,49.99,49.99,30.0,0.0,GIGAZUHAUSE KABEL,1.0
3298,KBW,35 - 39,39.99,39.99,30.0,0.0,RED INTERNET & PHONE CABLE U,1.0
3299,KBW,18 - 24,39.98,39.98,30.0,0.0,RED INTERNET & PHONE CABLE U,1.0
3300,NRW,25 - 29,34.99,34.99,30.0,0.0,RED INTERNET & PHONE CABLE U,1.0
3301,HSN,25 - 29,39.99,39.99,30.0,0.0,RED INTERNET & PHONE CABLE U,0.0
3302,HSN,25 - 29,37.98,37.98,123.0,0.0,GIGAZUHAUSE KABEL,0.0
3303,NRW,35 - 39,59.98,39.99,30.0,0.0,VF CABLEMAX,1.0
3304,NRW,25 - 29,34.99,34.99,30.0,0.0,RED INTERNET & PHONE CABLE U,0.0
3305,HSN,50 - 54,39.99,39.99,30.0,0.0,VF RIP U-TREUE,0.0
3306,KBW,40 - 44,44.98,44.98,30.0,0.0,VF CABLEMAX,0.0
3307,KBW,30 - 34,44.98,44.98,30.0,0.0,RED INTERNET & PHONE CABLE U,0.0
3308,KBW,35 - 39,34.99,34.99,30.0,0.0,RED INTERNET & PHONE CABLE U,0.0
3309,NRW,25 - 29,44.98,44.98,30.0,0.0,VF CABLEMAX,1.0
3310,NRW,40 - 44,49.97,49.98,30.0,0.0,VF RIP U-TREUE,1.0
3311,NRW,18 - 24,34.99,34.99,30.0,0.0,RED INTERNET & PHONE CABLE U,1.0
3312,KBW,45 - 49,49.99,49.99,30.0,0.0,GIGAZUHAUSE KABEL,0.0
3313,NRW,60 - 64,29.99,29.99,30.0,0.0,VF RIP U-TREUE,0.0
3314,KBW,30 - 34,44.98,44.98,30.0,0.0,VF CABLEMAX,1.0
3315,KBW,25 - 29,39.99,39.99,30.0,0.0,VF RIP U-TREUE,0.0
3316,NRW,18 - 24,34.99,34.99,30.0,0.0,RED INTERNET & PHONE CABLE U,1.0
3317,NRW,55 - 59,34.99,34.99,30.0,0.0,RED INTERNET & PHONE CABLE U,1.0
3318,NRW,35 - 39,29.99,29.99,30.0,0.0,VF RIP U-TREUE,0.0
3319,NRW,80 and over,42.98,42.98,30.0,0.0,2PLAY PLUS,1.0
3320,NRW,25 - 29,39.99,39.99,30.0,0.0,RED INTERNET & PHONE CABLE U,1.0
3321,HSN,25 - 29,34.99,34.99,30.0,0.0,VF RIP U-TREUE,1.0
3322,HSN,25 - 29,49.97,49.97,30.0,0.0,RED INTERNET & PHONE CABLE U,1.0
3323,KBW,60 - 64,42.97,42.97,30.0,0.0,RED INTERNET & PHONE CABLE U,0.0
3324,NRW,55 - 59,49.97,39.98,368.0,0.0,GIGAZUHAUSE TREUE B,0.0
3325,NRW,80 and over,39.99,39.99,30.0,0.0,RED INTERNET & PHONE CABLE U,0.0
3326,NRW,30 - 34,39.98,39.98,30.0,0.0,RED INTERNET & PHONE CABLE U,0.0
3327,NRW,50 - 54,42.98,42.98,30.0,0.0,VF RIP U-TREUE,0.0
3328,KBW,40 - 44,33.74,33.74,30.0,0.0,RED INTERNET & PHONE CABLE U,0.0
3329,NRW,30 - 34,39.98,39.98,30.0,0.0,GIGAZUHAUSE KABEL,1.0
3330,KBW,50 - 54,58.97,38.98,30.0,0.0,RED INTERNET & PHONE CABLE U,1.0
3331,KBW,25 - 29,44.98,44.98,30.0,0.0,VF CABLEMAX,0.0
3332,KBW,55 - 59,70.96,39.99,30.0,0.0,VF RIP U-TREUE,0.0
3333,NRW,30 - 34,0.0,0.0,30.0,0.0,MMA,0.0
3334,KBW,35 - 39,52.97,52.97,30.0,0.0,VF RIP U-TREUE,1.0
3335,KBW,25 - 29,55.98,34.99,30.0,0.0,RED INTERNET & PHONE CABLE U,1.0
3336,KBW,35 - 39,49.99,49.99,30.0,0.0,RED INTERNET & PHONE CABLE U,0.0
3337,KBW,80 and over,63.95,42.98,30.0,0.0,2PLAY PLUS,0.0
3338,NRW,65 - 69,34.99,34.99,30.0,0.0,VF RIP U-TREUE,0.0
3339,NRW,45 - 49,34.99,34.99,30.0,0.0,RED INTERNET & PHONE CABLE U,1.0
3340,NRW,25 - 29,34.99,34.99,30.0,0.0,RED INTERNET & PHONE CABLE U,1.0
3341,HSN,45 - 49,59.98,59.98,30.0,0.0,RED INTERNET & PHONE CABLE U,1.0
3342,NRW,25 - 29,34.99,34.99,30.0,0.0,RED INTERNET & PHONE CABLE U,1.0
3343,KBW,25 - 29,39.99,39.99,30.0,0.0,RED INTERNET & PHONE CABLE U,1.0
3344,NRW,18 - 24,32.99,32.99,30.0,0.0,VF RIP U-TREUE,0.0
3345,KBW,45 - 49,49.99,49.99,30.0,0.0,RED INTERNET & PHONE CABLE U,1.0
3346,NRW,30 - 34,34.99,34.99,30.0,0.0,RED INTERNET & PHONE CABLE U,0.0
3347,NRW,30 - 34,44.98,44.98,30.0,0.0,VF CABLEMAX,0.0
3348,KBW,50 - 54,39.99,39.99,30.0,0.0,VF RIP U-TREUE,0.0
3349,KBW,40 - 44,39.99,39.99,30.0,0.0,VF RIP U-TREUE,0.0
3350,KBW,35 - 39,39.99,39.99,30.0,0.0,RED INTERNET & PHONE CABLE U,0.0
3351,HSN,80 and over,43.42,43.42,30.0,0.0,GIGAZUHAUSE KABEL,0.0
3352,NRW,30 - 34,49.97,49.97,30.0,0.0,VF CABLEMAX,0.0
3353,NRW,70 - 74,54.99,54.99,30.0,0.0,RED INTERNET & PHONE CABLE U,1.0
3354,KBW,25 - 29,39.99,39.99,30.0,0.0,VF RIP U-TREUE,1.0
3355,KBW,65 - 69,49.99,49.99,30.0,0.0,RED INTERNET & PHONE CABLE U,0.0
3356,KBW,40 - 44,44.98,44.98,30.0,0.0,RED INTERNET & PHONE CABLE U,0.0
3357,KBW,30 - 34,34.99,34.99,30.0,0.0,VF RIP U-TREUE,0.0
3358,NRW,40 - 44,44.98,44.98,30.0,0.0,VF CABLEMAX,0.0
3359,NRW,55 - 59,24.99,24.99,30.0,0.0,VF RIP U-TREUE,1.0
3360,KBW,65 - 69,33.74,33.74,30.0,0.0,GIGAZUHAUSE KABEL,1.0
3361,HSN,30 - 34,54.99,54.99,30.0,0.0,RED INTERNET & PHONE CABLE U,1.0
3362,NRW,35 - 39,44.98,44.98,30.0,0.0,VF CABLEMAX,0.0
3363,NRW,40 - 44,39.99,39.99,30.0,0.0,RED INTERNET & PHONE CABLE U,0.0
3364,NRW,30 - 34,44.98,44.98,30.0,0.0,VF CABLEMAX,1.0
3365,KBW,75 - 79,42.97,42.97,30.0,0.0,3PLAY TREUE,0.0
3366,NRW,65 - 69,63.77,42.78,30.0,0.0,3PLAY START,1.0
3367,NRW,80 and over,27.8,27.8,30.0,0.0,RED INTERNET & PHONE CABLE U,1.0
3368,HSN,35 - 39,58.98,58.98,30.0,0.0,RED INTERNET & PHONE CABLE U,1.0
3369,HSN,30 - 34,44.98,44.98,30.0,0.0,RED INTERNET & PHONE CABLE U,0.0
3370,NRW,80 and over,44.98,44.98,30.0,0.0,RED INTERNET & PHONE CABLE U,0.0
3371,NRW,50 - 54,44.98,44.98,30.0,0.0,VF CABLEMAX,0.0
3372,HSN,35 - 39,49.99,49.99,30.0,0.0,GIGAZUHAUSE KABEL,1.0
3373,NRW,30 - 34,44.98,44.98,30.0,0.0,VF CABLEMAX,0.0
3374,NRW,45 - 49,39.99,39.99,30.0,0.0,VF RIP U-TREUE,1.0
3375,NRW,40 - 44,47.98,47.98,30.0,0.0,GIGAZUHAUSE KABEL,1.0
3376,HSN,70 - 74,27.8,27.8,30.0,0.0,RED INTERNET & PHONE CABLE U,1.0
3377,KBW,45 - 49,49.99,49.99,30.0,0.0,RED INTERNET & PHONE CABLE U,1.0
3378,KBW,55 - 59,39.98,39.98,30.0,0.0,RED INTERNET & PHONE CABLE U,0.0
3379,NRW,25 - 29,44.98,44.98,30.0,0.0,VF CABLEMAX,1.0
3380,KBW,25 - 29,29.99,29.99,30.0,0.0,VF RIP U-TREUE,1.0
3381,NRW,40 - 44,44.98,44.98,673.0,0.0,RED INTERNET & PHONE CABLE U,0.0
3382,NRW,40 - 44,44.97,44.97,30.0,0.0,GIGAZUHAUSE KABEL,0.0
3383,HSN,70 - 74,39.99,39.99,30.0,0.0,RED INTERNET & PHONE CABLE U,0.0
3384,KBW,60 - 64,39.99,39.99,30.0,0.0,VF RIP U-TREUE,1.0
3385,NRW,50 - 54,72.94,44.98,92.0,0.0,VF CABLEMAX,1.0
3386,KBW,60 - 64,39.99,39.99,30.0,0.0,RED INTERNET & PHONE CABLE U,0.0
3387,NRW,30 - 34,44.98,44.98,30.0,0.0,RED INTERNET & PHONE CABLE U,0.0
3388,NRW,65 - 69,49.99,49.99,30.0,0.0,RED INTERNET & PHONE CABLE U,1.0
3389,HSN,30 - 34,44.98,44.98,30.0,0.0,VF CABLEMAX,1.0
3390,KBW,80 and over,57.98,39.99,30.0,0.0,VF RIP U-TREUE,0.0
3391,NRW,30 - 34,63.96,42.97,30.0,0.0,RED INTERNET & PHONE CABLE U,0.0
3392,HSN,35 - 39,29.99,29.99,30.0,0.0,VF RIP U-TREUE,1.0
3393,NRW,35 - 39,44.98,44.98,30.0,1.0,VF CABLEMAX,1.0
3394,NRW,50 - 54,37.99,37.99,30.0,0.0,VF RIP U-TREUE,1.0
3395,HSN,65 - 69,34.96,22.99,30.0,0.0,VF RIP U-TREUE,1.0
3396,NRW,70 - 74,32.95,32.95,30.0,0.0,2PLAY,0.0
3397,NRW,30 - 34,44.98,44.98,30.0,0.0,RED INTERNET & PHONE CABLE U,1.0
3398,NRW,30 - 34,37.99,37.99,30.0,0.0,VF RIP U-TREUE,1.0
3399,NRW,65 - 69,39.99,39.99,30.0,0.0,VF RIP U-TREUE,1.0
3400,KBW,25 - 29,39.99,39.99,30.0,0.0,RED INTERNET & PHONE CABLE U,0.0
3401,NRW,30 - 34,44.98,44.98,30.0,0.0,VF CABLEMAX,0.0
3402,NRW,50 - 54,29.99,29.99,30.0,0.0,RED INTERNET & PHONE CABLE U,1.0
3403,HSN,45 - 49,39.99,39.99,30.0,0.0,VF RIP U-TREUE,1.0
3404,HSN,70 - 74,49.99,49.99,30.0,0.0,RED INTERNET & PHONE CABLE U,0.0
3405,HSN,35 - 39,42.97,42.97,322.0,0.0,GIGAZUHAUSE KABEL,0.0
3406,NRW,25 - 29,39.99,39.99,30.0,0.0,RED INTERNET & PHONE CABLE U,1.0
3407,HSN,30 - 34,24.99,24.99,498.0,0.0,GIGAZUHAUSE TREUE B,0.0
3408,NRW,30 - 34,44.98,44.98,30.0,0.0,RED INTERNET & PHONE CABLE U,1.0
3409,HSN,50 - 54,73.93,42.97,30.0,0.0,RED INTERNET & PHONE CABLE U,0.0
3410,NRW,40 - 44,29.99,29.99,30.0,0.0,VF RIP U-TREUE,1.0
3411,NRW,60 - 64,39.99,39.99,30.0,0.0,VF RIP U-TREUE,0.0
3412,KBW,40 - 44,58.97,58.97,30.0,0.0,RED INTERNET & PHONE CABLE U,0.0
3413,NRW,70 - 74,42.97,42.97,30.0,0.0,RED INTERNET & PHONE CABLE U,1.0
3414,HSN,35 - 39,42.97,42.97,30.0,0.0,GIGAZUHAUSE KABEL,1.0
3415,KBW,55 - 59,49.97,39.99,30.0,0.0,RED INTERNET & PHONE CABLE U,1.0
3416,KBW,35 - 39,47.98,47.98,30.0,0.0,2PLAY PLUS,1.0
3417,KBW,35 - 39,44.98,44.98,30.0,0.0,RED INTERNET & PHONE CABLE U,0.0
3418,KBW,35 - 39,44.98,44.98,30.0,0.0,RED INTERNET & PHONE CABLE U,0.0
3419,NRW,60 - 64,39.99,39.99,30.0,0.0,RED INTERNET & PHONE CABLE U,0.0
3420,NRW,25 - 29,59.98,59.98,30.0,0.0,RED INTERNET & PHONE CABLE U,1.0
3421,NRW,50 - 54,39.98,39.98,30.0,0.0,VF RIP U-TREUE,1.0
3422,KBW,25 - 29,44.98,44.98,30.0,0.0,RED INTERNET & PHONE CABLE U,1.0
3423,NRW,30 - 34,54.99,54.99,30.0,0.0,RED INTERNET & PHONE CABLE U,1.0
3424,NRW,30 - 34,39.99,39.99,30.0,0.0,RED INTERNET & PHONE CABLE U,1.0
3425,NRW,18 - 24,44.98,44.98,30.0,0.0,RED INTERNET & PHONE CABLE U,0.0
3426,NRW,35 - 39,39.98,39.98,30.0,0.0,RED INTERNET & PHONE CABLE U,1.0
3427,NRW,35 - 39,39.99,39.99,30.0,0.0,VF RIP U-TREUE,0.0
3428,KBW,30 - 34,49.99,49.99,30.0,0.0,RED INTERNET & PHONE CABLE U,1.0
3429,KBW,30 - 34,54.97,54.97,30.0,0.0,GIGAZUHAUSE KABEL,0.0
3430,KBW,55 - 59,65.96,44.98,30.0,0.0,VF RIP U-TREUE,0.0
3431,KBW,40 - 44,42.97,42.97,270.0,0.0,GIGAZUHAUSE KABEL,1.0
3432,KBW,18 - 24,34.99,34.99,30.0,0.0,RED INTERNET & PHONE CABLE U,1.0
3433,NRW,75 - 79,29.99,29.99,30.0,0.0,VF RIP U-TREUE,1.0
3434,NRW,40 - 44,39.99,39.99,30.0,0.0,RED INTERNET & PHONE CABLE U,1.0
3435,NRW,35 - 39,37.97,37.97,30.0,0.0,GIGAZUHAUSE KABEL,1.0
3436,KBW,45 - 49,39.99,39.99,30.0,0.0,RED INTERNET & PHONE CABLE U,0.0
3437,NRW,25 - 29,39.99,39.99,30.0,0.0,RED INTERNET & PHONE CABLE U,1.0
3438,NRW,60 - 64,44.99,44.99,30.0,0.0,GIGAZUHAUSE KABEL,0.0
3439,NRW,40 - 44,42.98,42.98,30.0,0.0,VF RIP U-TREUE,1.0
3440,NRW,80 and over,49.97,39.98,30.0,0.0,RED INTERNET & PHONE CABLE U,0.0
3441,KBW,25 - 29,39.99,39.99,30.0,0.0,RED INTERNET & PHONE CABLE U,0.0
3442,NRW,45 - 49,37.99,37.99,30.0,0.0,VF RIP U-TREUE,1.0
3443,KBW,45 - 49,39.99,39.99,30.0,0.0,RED INTERNET & PHONE CABLE U,1.0
3444,NRW,30 - 34,39.99,39.99,30.0,0.0,VF RIP U-TREUE,1.0
3445,KBW,60 - 64,29.99,29.99,30.0,0.0,VF RIP U-TREUE,1.0
3446,NRW,65 - 69,44.98,44.98,30.0,0.0,VF CABLEMAX,0.0
3447,KBW,80 and over,34.99,34.99,30.0,0.0,RED INTERNET & PHONE CABLE U,1.0
3448,NRW,35 - 39,29.99,29.99,30.0,0.0,RED INTERNET & PHONE CABLE U,1.0
3449,KBW,65 - 69,49.97,49.97,30.0,0.0,VF CABLEMAX,1.0
3450,NRW,60 - 64,27.99,27.99,30.0,1.0,RED INTERNET & PHONE CABLE U,1.0
3451,HSN,35 - 39,37.98,37.98,30.0,0.0,GIGAZUHAUSE TREUE B,0.0
3452,HSN,35 - 39,39.99,39.99,30.0,0.0,RED INTERNET & PHONE CABLE U,1.0
3453,KBW,30 - 34,44.98,44.98,30.0,0.0,VF CABLEMAX,1.0
3454,NRW,60 - 64,44.98,44.98,30.0,0.0,VF CABLEMAX,1.0
3455,NRW,35 - 39,34.99,34.99,30.0,0.0,RED INTERNET & PHONE CABLE U,0.0
3456,NRW,55 - 59,42.97,42.97,30.0,0.0,RED INTERNET & PHONE CABLE U,0.0
3457,KBW,40 - 44,39.99,39.99,30.0,0.0,RED INTERNET & PHONE CABLE U,0.0
3458,KBW,35 - 39,43.97,43.97,30.0,0.0,VF CABLEMAX,0.0
3459,NRW,50 - 54,62.98,62.98,254.0,0.0,GIGAZUHAUSE KABEL,1.0
3460,KBW,50 - 54,44.99,44.99,177.0,0.0,GIGAZUHAUSE KABEL,1.0
3461,KBW,45 - 49,49.99,49.99,30.0,0.0,VF RIP U-TREUE,0.0
3462,NRW,65 - 69,41.98,34.99,30.0,0.0,RED INTERNET & PHONE CABLE U,1.0
3463,NRW,65 - 69,39.99,39.99,30.0,0.0,RED INTERNET & PHONE CABLE U,1.0
3464,KBW,40 - 44,34.99,34.99,30.0,0.0,GIGAZUHAUSE KABEL,0.0
3465,NRW,50 - 54,29.99,29.99,30.0,0.0,VF RIP U-TREUE,1.0
3466,KBW,75 - 79,34.99,34.99,30.0,0.0,RED INTERNET & PHONE CABLE U,0.0
3467,KBW,30 - 34,44.98,44.98,30.0,0.0,VF CABLEMAX,1.0
3468,HSN,55 - 59,62.95,37.98,716.0,0.0,GIGAZUHAUSE TREUE D,0.0
3469,NRW,75 - 79,39.99,39.99,30.0,0.0,RED INTERNET & PHONE CABLE U,0.0
3470,NRW,30 - 34,29.99,29.99,30.0,0.0,VF RIP U-TREUE,0.0
3471,NRW,35 - 39,58.98,58.98,30.0,0.0,RED INTERNET & PHONE CABLE U,1.0
3472,KBW,18 - 24,44.98,44.98,30.0,0.0,VF CABLEMAX,1.0
3473,HSN,18 - 24,44.98,44.98,30.0,0.0,RED INTERNET & PHONE CABLE U,1.0
3474,NRW,25 - 29,47.98,47.98,30.0,0.0,GIGAZUHAUSE KABEL,1.0
3475,KBW,35 - 39,39.99,39.99,30.0,0.0,RED INTERNET & PHONE CABLE U,0.0
3476,NRW,60 - 64,40.98,34.99,30.0,0.0,RED INTERNET & PHONE CABLE U,0.0
3477,KBW,35 - 39,39.99,39.99,30.0,0.0,RED INTERNET & PHONE CABLE U,0.0
3478,KBW,65 - 69,24.99,24.99,30.0,0.0,RED INTERNET & PHONE CABLE U,1.0
3479,NRW,30 - 34,44.98,44.98,30.0,0.0,VF CABLEMAX,1.0
3480,HSN,25 - 29,54.99,54.99,30.0,0.0,RED INTERNET & PHONE CABLE U,1.0
3481,KBW,55 - 59,54.99,54.99,30.0,0.0,RED INTERNET & PHONE CABLE U,1.0
3482,NRW,55 - 59,49.97,29.99,30.0,0.0,VF RIP U-TREUE,1.0
3483,KBW,18 - 24,44.98,44.98,30.0,0.0,VF CABLEMAX,0.0
3484,HSN,25 - 29,44.98,44.98,30.0,0.0,VF CABLEMAX,0.0
3485,HSN,30 - 34,44.98,44.98,30.0,0.0,VF CABLEMAX,1.0
3486,KBW,30 - 34,52.97,52.97,30.0,0.0,GIGAZUHAUSE KABEL,1.0
3487,KBW,55 - 59,44.98,44.98,30.0,0.0,RED INTERNET & PHONE CABLE U,0.0
3488,NRW,18 - 24,24.99,27.99,30.0,0.0,RED INTERNET & PHONE CABLE U,0.0
3489,NRW,30 - 34,44.98,44.98,30.0,0.0,RED INTERNET & PHONE CABLE U,0.0
3490,NRW,35 - 39,34.99,34.99,30.0,0.0,RED INTERNET & PHONE CABLE U,0.0
3491,NRW,60 - 64,53.94,50.95,30.0,0.0,3PLAY TREUE,0.0
3492,KBW,50 - 54,74.95,49.97,30.0,0.0,VF CABLEMAX,0.0
3493,NRW,55 - 59,42.98,42.98,30.0,0.0,VF RIP U-TREUE,1.0
3494,HSN,60 - 64,37.98,37.98,517.0,0.0,GIGAZUHAUSE TREUE B,0.0
3495,NRW,30 - 34,39.99,39.99,30.0,0.0,RED INTERNET & PHONE CABLE U,1.0
3496,KBW,45 - 49,27.99,27.99,30.0,0.0,VF RIP U-TREUE,0.0
3497,KBW,30 - 34,74.96,49.97,30.0,0.0,VF CABLEMAX,1.0
3498,NRW,75 - 79,43.42,43.42,30.0,0.0,3PLAY COMFORT,0.0
3499,KBW,35 - 39,34.99,34.99,30.0,0.0,RED INTERNET & PHONE CABLE U,1.0
3500,NRW,35 - 39,39.98,39.98,391.0,0.0,GIGAZUHAUSE TREUE B,1.0
3501,NRW,40 - 44,45.0,45.38,30.0,0.0,3PLAY JUMP,0.0
3502,HSN,30 - 34,39.99,39.99,30.0,0.0,RED INTERNET & PHONE CABLE U,0.0
3503,KBW,18 - 24,39.99,39.99,30.0,0.0,RED INTERNET & PHONE CABLE U,1.0
3504,HSN,30 - 34,32.99,32.99,30.0,0.0,VF RIP U-TREUE,1.0
3505,KBW,30 - 34,39.99,39.99,30.0,0.0,VF RIP U-TREUE,0.0
3506,KBW,55 - 59,44.98,44.98,30.0,0.0,VF CABLEMAX,0.0
3507,NRW,30 - 34,39.99,39.99,30.0,0.0,VF RIP U-TREUE,1.0
3508,HSN,30 - 34,44.98,44.98,30.0,0.0,VF CABLEMAX,0.0
3509,HSN,45 - 49,39.98,39.98,221.0,0.0,GIGAZUHAUSE KABEL,1.0
3510,NRW,30 - 34,39.99,39.99,30.0,0.0,RED INTERNET & PHONE CABLE U,0.0
3511,HSN,40 - 44,47.98,37.99,30.0,0.0,VF RIP U-TREUE,1.0
3512,KBW,70 - 74,44.97,44.97,30.0,1.0,GIGAZUHAUSE KABEL,1.0
3513,HSN,60 - 64,49.97,49.97,30.0,0.0,VF CABLEMAX,1.0
3514,KBW,35 - 39,65.97,44.98,30.0,0.0,VF CABLEMAX,1.0
3515,HSN,65 - 69,44.98,44.98,30.0,0.0,VF CABLEMAX,1.0
3516,NRW,60 - 64,39.99,39.99,30.0,0.0,VF RIP U-TREUE,0.0
3517,KBW,40 - 44,42.98,42.98,30.0,0.0,VF RIP U-TREUE,0.0
3518,NRW,35 - 39,39.98,39.98,394.0,0.0,VF CABLEMAX,1.0
3519,NRW,50 - 54,44.98,44.98,30.0,0.0,VF CABLEMAX,1.0
3520,NRW,55 - 59,34.99,34.99,30.0,0.0,RED INTERNET & PHONE CABLE U,1.0
3521,NRW,55 - 59,34.99,34.99,30.0,0.0,RED INTERNET & PHONE CABLE U,0.0
3522,HSN,35 - 39,34.99,34.99,30.0,0.0,RED INTERNET & PHONE CABLE U,1.0
3523,NRW,25 - 29,44.98,44.98,30.0,0.0,VF CABLEMAX,1.0
3524,NRW,25 - 29,34.99,34.99,30.0,0.0,RED INTERNET & PHONE CABLE U,0.0
3525,NRW,25 - 29,39.98,39.98,206.0,0.0,GIGAZUHAUSE KABEL,1.0
3526,NRW,60 - 64,24.99,24.99,30.0,0.0,RED INTERNET & PHONE CABLE U,0.0
3527,NRW,18 - 24,39.99,39.99,30.0,0.0,RED INTERNET & PHONE CABLE U,0.0
3528,NRW,35 - 39,32.99,32.99,30.0,0.0,VF RIP U-TREUE,1.0
3529,KBW,40 - 44,42.98,42.98,30.0,0.0,VF RIP U-TREUE,0.0
3530,NRW,80 and over,58.97,58.97,30.0,0.0,RED INTERNET & PHONE CABLE U,0.0
3531,NRW,50 - 54,59.97,39.98,30.0,0.0,VF CABLEMAX,0.0
3532,NRW,55 - 59,44.98,44.98,30.0,0.0,VF CABLEMAX,1.0
3533,NRW,40 - 44,44.98,44.98,30.0,0.0,VF CABLEMAX,1.0
3534,NRW,55 - 59,49.99,49.99,30.0,0.0,RED INTERNET & PHONE CABLE U,0.0
3535,NRW,30 - 34,54.99,54.99,30.0,0.0,RED INTERNET & PHONE CABLE U,0.0
3536,NRW,60 - 64,29.99,29.99,30.0,0.0,VF RIP U-TREUE,0.0
3537,KBW,70 - 74,44.98,44.98,30.0,0.0,VF CABLEMAX,1.0
3538,KBW,60 - 64,29.99,29.99,30.0,0.0,VF RIP U-TREUE,0.0
3539,KBW,30 - 34,44.98,44.98,30.0,0.0,VF CABLEMAX,1.0
3540,KBW,45 - 49,54.99,54.99,30.0,0.0,RED INTERNET & PHONE CABLE U,0.0
3541,NRW,30 - 34,49.97,49.97,30.0,0.0,VF CABLEMAX,1.0
3542,KBW,30 - 34,48.97,48.97,5.0,0.0,RED INTERNET & PHONE CABLE U,1.0
3543,NRW,40 - 44,29.99,29.99,30.0,0.0,VF RIP U-TREUE,1.0
3544,NRW,30 - 34,39.99,39.99,30.0,0.0,RED INTERNET & PHONE CABLE U,1.0
3545,NRW,30 - 34,42.98,42.98,30.0,0.0,VF RIP U-TREUE,0.0
3546,KBW,55 - 59,29.99,29.99,30.0,0.0,RED INTERNET & PHONE CABLE U,0.0
3547,KBW,25 - 29,39.98,39.98,30.0,0.0,GIGAZUHAUSE KABEL,1.0
3548,NRW,35 - 39,34.99,34.99,30.0,0.0,RED INTERNET & PHONE CABLE U,1.0
3549,NRW,80 and over,34.99,34.99,30.0,0.0,RED INTERNET & PHONE CABLE U,1.0
3550,KBW,25 - 29,39.99,39.99,30.0,0.0,RED INTERNET & PHONE CABLE U,1.0
3551,KBW,30 - 34,44.98,44.98,30.0,0.0,VF CABLEMAX,0.0
3552,KBW,60 - 64,44.98,44.98,30.0,0.0,VF CABLEMAX,0.0
3553,KBW,45 - 49,39.99,39.99,30.0,0.0,RED INTERNET & PHONE CABLE U,1.0
3554,NRW,55 - 59,29.99,29.99,30.0,0.0,VF RIP U-TREUE,1.0
3555,NRW,30 - 34,34.99,34.99,30.0,0.0,RED INTERNET & PHONE CABLE U,1.0
3556,KBW,55 - 59,49.97,49.97,30.0,0.0,VF CABLEMAX,0.0
3557,NRW,25 - 29,44.98,44.98,30.0,0.0,VF CABLEMAX,0.0
3558,HSN,60 - 64,57.93,37.99,30.0,0.0,VF RIP U-TREUE,0.0
3559,HSN,30 - 34,44.98,44.98,30.0,0.0,VF CABLEMAX,0.0
3560,KBW,30 - 34,44.98,44.98,30.0,0.0,VF CABLEMAX,1.0
3561,KBW,30 - 34,49.99,49.99,30.0,0.0,RED INTERNET & PHONE CABLE U,0.0
3562,NRW,40 - 44,43.87,43.88,30.0,0.0,3PLAY SMART,0.0
3563,NRW,55 - 59,34.99,34.99,30.0,0.0,RED INTERNET & PHONE CABLE U,0.0
3564,NRW,25 - 29,34.99,34.99,30.0,0.0,RED INTERNET & PHONE CABLE U,1.0
3565,HSN,50 - 54,29.99,29.99,30.0,0.0,VF RIP U-TREUE,1.0
3566,KBW,60 - 64,34.99,34.99,30.0,0.0,RED INTERNET & PHONE CABLE U,0.0
3567,NRW,35 - 39,32.99,32.99,30.0,0.0,VF RIP U-TREUE,0.0
3568,NRW,45 - 49,44.98,44.98,30.0,0.0,VF CABLEMAX,0.0
3569,NRW,25 - 29,39.99,39.99,30.0,0.0,VF RIP U-TREUE,1.0
3570,KBW,30 - 34,44.98,44.98,30.0,0.0,VF CABLEMAX,1.0
3571,KBW,55 - 59,44.96,44.96,30.0,0.0,RED INTERNET & PHONE CABLE U,0.0
3572,NRW,60 - 64,65.97,44.98,30.0,0.0,VF CABLEMAX,0.0
3573,KBW,35 - 39,54.98,54.98,30.0,0.0,GIGAZUHAUSE KABEL,0.0
3574,NRW,65 - 69,58.98,58.98,30.0,0.0,RED INTERNET & PHONE CABLE U,1.0
3575,NRW,25 - 29,44.98,44.98,30.0,0.0,RED INTERNET & PHONE CABLE U,0.0
3576,NRW,35 - 39,29.99,29.99,30.0,0.0,INTERNET PREMIUM,0.0
3577,HSN,25 - 29,34.99,34.99,30.0,0.0,RED INTERNET & PHONE CABLE U,1.0
3578,NRW,55 - 59,69.96,44.98,30.0,0.0,VF CABLEMAX,1.0
3579,KBW,50 - 54,47.98,47.98,30.0,0.0,VF RIP U-TREUE,0.0
3580,HSN,25 - 29,44.98,44.98,30.0,0.0,RED INTERNET & PHONE CABLE U,1.0
3581,KBW,50 - 54,39.99,39.99,57.0,0.0,RED INTERNET & PHONE CABLE U,0.0
3582,NRW,55 - 59,49.99,49.99,30.0,0.0,RED INTERNET & PHONE CABLE U,0.0
3583,NRW,25 - 29,39.97,39.98,30.0,0.0,RED INTERNET & PHONE CABLE U,1.0
3584,NRW,55 - 59,39.98,39.98,330.0,0.0,GIGAZUHAUSE TREUE C,0.0
3585,KBW,55 - 59,24.99,24.99,30.0,0.0,VF RIP U-TREUE,1.0
3586,KBW,25 - 29,49.97,49.97,30.0,0.0,VF CABLEMAX,1.0
3587,NRW,65 - 69,24.99,24.99,30.0,0.0,VF RIP U-TREUE,0.0
3588,KBW,35 - 39,44.98,44.98,30.0,0.0,RED INTERNET & PHONE CABLE U,0.0
3589,NRW,65 - 69,37.99,37.99,30.0,0.0,VF RIP U-TREUE,1.0
3590,NRW,55 - 59,63.97,42.98,30.0,0.0,VF RIP U-TREUE,1.0
3591,NRW,30 - 34,44.98,44.98,30.0,0.0,RED INTERNET & PHONE CABLE U,1.0
3592,KBW,50 - 54,44.98,44.98,30.0,0.0,VF CABLEMAX,1.0
3593,KBW,30 - 34,39.99,39.99,30.0,0.0,RED INTERNET & PHONE CABLE U,0.0
3594,KBW,60 - 64,42.97,42.97,30.0,0.0,RED INTERNET & PHONE CABLE U,0.0
3595,NRW,35 - 39,44.98,44.98,30.0,0.0,RED INTERNET & PHONE CABLE U,1.0
3596,NRW,30 - 34,42.98,42.98,30.0,0.0,VF RIP U-TREUE,1.0
3597,HSN,40 - 44,54.99,54.99,30.0,0.0,RED INTERNET & PHONE CABLE U,1.0
3598,KBW,25 - 29,39.99,39.99,30.0,0.0,RED INTERNET & PHONE CABLE U,1.0
3599,KBW,30 - 34,34.99,34.99,30.0,0.0,VF RIP U-TREUE,0.0
3600,NRW,55 - 59,29.99,29.99,30.0,0.0,VF RIP U-TREUE,0.0
3601,NRW,45 - 49,64.98,64.98,30.0,0.0,VF RIP U-TREUE,1.0
3602,KBW,40 - 44,49.99,49.99,30.0,0.0,RED INTERNET & PHONE CABLE U,1.0
3603,KBW,40 - 44,44.98,44.98,30.0,0.0,VF CABLEMAX,0.0
3604,NRW,55 - 59,34.99,34.99,30.0,0.0,RED INTERNET & PHONE CABLE U,1.0
3605,KBW,30 - 34,49.99,49.99,30.0,0.0,GIGAZUHAUSE KABEL,1.0
3606,NRW,40 - 44,44.98,44.98,30.0,0.0,VF CABLEMAX,0.0
3607,NRW,70 - 74,45.95,19.99,30.0,0.0,GIGAZUHAUSE KABEL,0.0
3608,KBW,30 - 34,54.99,54.99,30.0,0.0,RED INTERNET & PHONE CABLE U,0.0
3609,NRW,65 - 69,65.24,44.89,30.0,0.0,3PLAY,0.0
3610,NRW,30 - 34,44.98,44.98,30.0,0.0,VF CABLEMAX,0.0
3611,KBW,30 - 34,34.99,34.99,30.0,0.0,VF RIP U-TREUE,1.0
3612,NRW,60 - 64,34.99,34.99,30.0,0.0,RED INTERNET & PHONE CABLE U,0.0
3613,NRW,35 - 39,34.98,34.98,30.0,0.0,VF CABLEMAX,1.0
3614,KBW,35 - 39,29.99,29.99,30.0,0.0,VF RIP U-TREUE,1.0
3615,KBW,65 - 69,44.98,44.98,30.0,0.0,VF CABLEMAX,1.0
3616,HSN,35 - 39,24.99,24.99,30.0,0.0,INTERNET COMFORT,1.0
3617,KBW,70 - 74,35.86,35.86,30.0,0.0,GIGAZUHAUSE KABEL,1.0
3618,NRW,30 - 34,37.99,37.99,30.0,0.0,VF RIP U-TREUE,1.0
3619,NRW,25 - 29,54.99,54.99,30.0,0.0,RED INTERNET & PHONE CABLE U,1.0
3620,KBW,35 - 39,39.98,39.98,30.0,0.0,VF CABLEMAX,0.0
3621,KBW,40 - 44,44.98,44.98,30.0,0.0,VF CABLEMAX,0.0
3622,KBW,30 - 34,34.99,34.99,30.0,0.0,RED INTERNET & PHONE CABLE U,0.0
3623,NRW,40 - 44,39.99,39.99,30.0,0.0,VF RIP U-TREUE,0.0
3624,NRW,25 - 29,34.99,34.99,30.0,0.0,RED INTERNET & PHONE CABLE U,1.0
3625,NRW,25 - 29,34.99,34.99,30.0,0.0,RED INTERNET & PHONE CABLE U,0.0
3626,NRW,60 - 64,42.98,42.98,30.0,0.0,VF RIP U-TREUE,0.0
3627,KBW,18 - 24,34.99,34.99,30.0,0.0,RED INTERNET & PHONE CABLE U,0.0
3628,HSN,45 - 49,39.99,39.99,30.0,0.0,RED INTERNET & PHONE CABLE U,1.0
3629,NRW,45 - 49,44.98,44.98,30.0,0.0,VF CABLEMAX,1.0
3630,NRW,25 - 29,39.99,39.99,92.0,0.0,RED INTERNET & PHONE CABLE U,0.0
3631,NRW,30 - 34,29.99,29.99,220.0,0.0,GIGAZUHAUSE TREUE C,1.0
3632,KBW,30 - 34,59.98,59.98,30.0,0.0,RED INTERNET & PHONE CABLE U,1.0
3633,KBW,18 - 24,39.99,39.99,30.0,0.0,RED INTERNET & PHONE CABLE U,0.0
3634,HSN,18 - 24,29.99,29.99,30.0,0.0,RED INTERNET & PHONE CABLE U,1.0
3635,HSN,45 - 49,42.98,42.98,30.0,0.0,VF RIP U-TREUE,0.0
3636,KBW,40 - 44,24.99,24.99,30.0,0.0,INTERNET COMFORT,0.0
3637,NRW,30 - 34,44.98,44.98,30.0,0.0,VF CABLEMAX,1.0
3638,NRW,25 - 29,44.99,44.99,165.0,0.0,GIGAZUHAUSE KABEL,1.0
3639,KBW,45 - 49,39.99,39.99,30.0,0.0,RED INTERNET & PHONE CABLE U,0.0
3640,NRW,18 - 24,34.99,34.99,30.0,0.0,RED INTERNET & PHONE CABLE U,1.0
3641,KBW,25 - 29,39.99,39.99,30.0,0.0,RED INTERNET & PHONE CABLE U,1.0
3642,KBW,55 - 59,49.99,49.99,30.0,0.0,GIGAZUHAUSE KABEL,0.0
3643,KBW,80 and over,39.98,39.98,30.0,0.0,GIGAZUHAUSE KABEL,0.0
3644,NRW,30 - 34,39.99,39.99,30.0,0.0,RED INTERNET & PHONE CABLE U,0.0
3645,NRW,40 - 44,39.99,39.99,30.0,0.0,VF RIP U-TREUE,0.0
3646,KBW,45 - 49,39.99,39.99,30.0,0.0,RED INTERNET & PHONE CABLE U,0.0
3647,NRW,25 - 29,39.99,39.99,30.0,0.0,RED INTERNET & PHONE CABLE U,1.0
3648,KBW,60 - 64,49.99,49.99,30.0,0.0,RED INTERNET & PHONE CABLE U,0.0
3649,KBW,30 - 34,39.99,39.99,30.0,0.0,RED INTERNET & PHONE CABLE U,1.0
3650,KBW,55 - 59,49.97,49.97,30.0,0.0,VF CABLEMAX,1.0
3651,NRW,25 - 29,34.99,34.99,30.0,0.0,RED INTERNET & PHONE CABLE U,1.0
3652,NRW,25 - 29,32.99,32.99,30.0,0.0,VF RIP U-TREUE,0.0
3653,NRW,55 - 59,49.97,49.97,30.0,0.0,VF CABLEMAX,1.0
3654,NRW,18 - 24,44.98,44.98,30.0,0.0,VF CABLEMAX,1.0
3655,NRW,50 - 54,60.98,44.99,673.0,0.0,RED INTERNET & PHONE CABLE U,1.0
3656,KBW,60 - 64,44.98,44.98,30.0,0.0,VF CABLEMAX,0.0
3657,NRW,75 - 79,67.96,41.97,30.0,0.0,VF RIP U-TREUE,0.0
3658,KBW,60 - 64,44.98,44.98,30.0,0.0,RED INTERNET & PHONE CABLE U,0.0
3659,NRW,60 - 64,49.98,29.99,30.0,0.0,VF RIP U-TREUE,0.0
3660,HSN,35 - 39,48.97,48.97,30.0,0.0,RED INTERNET & PHONE CABLE U,1.0
3661,NRW,25 - 29,39.99,39.99,30.0,0.0,RED INTERNET & PHONE CABLE U,0.0
3662,NRW,45 - 49,49.97,49.97,30.0,0.0,VF CABLEMAX,0.0
3663,NRW,40 - 44,54.99,54.99,30.0,0.0,RED INTERNET & PHONE CABLE U,1.0
3664,HSN,45 - 49,42.97,42.97,30.0,0.0,RED INTERNET & PHONE CABLE U,1.0
3665,NRW,70 - 74,44.98,44.98,30.0,0.0,VF CABLEMAX,0.0
3666,NRW,40 - 44,54.98,54.98,30.0,0.0,GIGAZUHAUSE KABEL,0.0
3667,HSN,30 - 34,49.99,49.99,30.0,0.0,GIGAZUHAUSE KABEL,1.0
3668,NRW,80 and over,55.96,42.98,30.0,0.0,VF RIP U-TREUE,0.0
3669,HSN,18 - 24,39.99,39.99,30.0,0.0,RED INTERNET & PHONE CABLE U,1.0
3670,NRW,25 - 29,29.99,29.99,30.0,0.0,VF RIP U-TREUE,0.0
3671,KBW,80 and over,40.9,40.9,30.0,0.0,2PLAY,0.0
3672,NRW,60 - 64,22.99,22.99,30.0,0.0,EAZY FLEX,0.0
3673,KBW,30 - 34,44.98,44.98,30.0,0.0,RED INTERNET & PHONE CABLE U,0.0
3674,KBW,40 - 44,29.99,29.99,30.0,0.0,RED INTERNET & PHONE CABLE U,0.0
3675,KBW,60 - 64,34.99,34.99,30.0,0.0,RED INTERNET & PHONE CABLE U,1.0
3676,KBW,45 - 49,39.99,39.99,30.0,0.0,VF RIP U-TREUE,1.0
3677,NRW,45 - 49,49.99,49.99,30.0,0.0,GIGAZUHAUSE KABEL,0.0
3678,NRW,35 - 39,34.99,34.99,30.0,0.0,RED INTERNET & PHONE CABLE U,1.0
3679,NRW,50 - 54,44.98,44.98,30.0,0.0,VF CABLEMAX,1.0
3680,KBW,30 - 34,44.98,44.98,30.0,0.0,RED INTERNET & PHONE CABLE U,0.0
3681,NRW,30 - 34,29.99,29.99,30.0,0.0,VF RIP U-TREUE,0.0
3682,NRW,55 - 59,38.98,38.98,30.0,0.0,RED INTERNET & PHONE CABLE U,1.0
3683,NRW,50 - 54,39.99,39.99,30.0,0.0,VF RIP U-TREUE,1.0
3684,NRW,45 - 49,39.99,39.99,30.0,0.0,RED INTERNET & PHONE CABLE U,0.0
3685,NRW,55 - 59,69.96,44.98,30.0,0.0,VF CABLEMAX,1.0
3686,KBW,30 - 34,58.98,58.98,30.0,0.0,RED INTERNET & PHONE CABLE U,1.0
3687,NRW,55 - 59,42.98,39.99,30.0,0.0,VF RIP U-TREUE,1.0
3688,KBW,65 - 69,39.98,39.98,30.0,0.0,VF CABLEMAX,0.0
3689,KBW,45 - 49,27.99,27.99,30.0,0.0,VF RIP U-TREUE,0.0
3690,NRW,35 - 39,24.99,24.99,304.0,0.0,GIGAZUHAUSE TREUE C,0.0
3691,NRW,30 - 34,39.99,39.99,30.0,0.0,RED INTERNET & PHONE CABLE U,0.0
3692,KBW,65 - 69,58.95,58.96,30.0,0.0,GIGAZUHAUSE KABEL,0.0
3693,NRW,30 - 34,39.99,39.99,30.0,0.0,RED INTERNET & PHONE CABLE U,0.0
3694,KBW,30 - 34,39.99,39.99,30.0,0.0,RED INTERNET & PHONE CABLE U,1.0
3695,NRW,30 - 34,44.98,44.98,30.0,0.0,RED INTERNET & PHONE CABLE U,0.0
3696,NRW,35 - 39,54.97,54.98,30.0,0.0,VF RIP U-TREUE,0.0
3697,KBW,35 - 39,34.99,34.99,30.0,0.0,RED INTERNET & PHONE CABLE U,1.0
3698,KBW,55 - 59,39.99,39.99,30.0,0.0,RED INTERNET & PHONE CABLE U,1.0
3699,NRW,55 - 59,64.97,39.99,30.0,0.0,VF RIP U-TREUE,0.0
3700,KBW,45 - 49,69.96,39.98,30.0,0.0,VF CABLEMAX,0.0
3701,NRW,18 - 24,54.98,54.98,30.0,0.0,RED INTERNET & PHONE CABLE U,1.0
3702,NRW,25 - 29,44.98,44.98,30.0,0.0,RED INTERNET & PHONE CABLE U,1.0
3703,NRW,35 - 39,44.98,44.98,30.0,0.0,VF CABLEMAX,1.0
3704,KBW,30 - 34,34.99,34.99,30.0,0.0,RED INTERNET & PHONE CABLE U,1.0
3705,NRW,25 - 29,42.97,42.97,30.0,0.0,RED INTERNET & PHONE CABLE U,0.0
3706,NRW,25 - 29,32.99,32.99,30.0,0.0,VF RIP U-TREUE,0.0
3707,NRW,55 - 59,44.98,44.98,30.0,0.0,RED INTERNET & PHONE CABLE U,0.0
3708,KBW,40 - 44,42.98,42.98,30.0,0.0,RED INTERNET & PHONE CABLE U,0.0
3709,NRW,40 - 44,54.99,54.99,30.0,0.0,RED INTERNET & PHONE CABLE U,0.0
3710,NRW,30 - 34,34.99,34.99,30.0,0.0,RED INTERNET & PHONE CABLE U,1.0
3711,KBW,25 - 29,32.99,32.99,30.0,0.0,VF RIP U-TREUE,1.0
3712,NRW,70 - 74,34.98,34.98,30.0,0.0,RED INTERNET & PHONE CABLE U,0.0
3713,KBW,25 - 29,39.99,39.99,30.0,0.0,RED INTERNET & PHONE CABLE U,0.0
3714,KBW,70 - 74,42.97,42.97,30.0,0.0,GIGAZUHAUSE KABEL,1.0
3715,NRW,55 - 59,78.96,42.98,30.0,0.0,VF RIP U-TREUE,0.0
3716,NRW,50 - 54,42.98,42.98,30.0,0.0,VF RIP U-TREUE,0.0
3717,NRW,35 - 39,44.98,44.98,30.0,0.0,RED INTERNET & PHONE CABLE U,0.0
3718,NRW,70 - 74,34.99,34.99,30.0,0.0,RED INTERNET & PHONE CABLE U,0.0
3719,NRW,30 - 34,49.99,49.99,30.0,0.0,RED INTERNET & PHONE CABLE U,0.0
3720,KBW,40 - 44,49.99,49.99,30.0,0.0,RED INTERNET & PHONE CABLE U,0.0
3721,NRW,30 - 34,34.99,34.99,30.0,0.0,RED INTERNET & PHONE CABLE U,1.0
3722,NRW,30 - 34,44.98,44.98,30.0,0.0,RED INTERNET & PHONE CABLE U,1.0
3723,NRW,30 - 34,34.99,34.99,30.0,0.0,RED INTERNET & PHONE CABLE U,1.0
3724,NRW,55 - 59,68.96,47.96,30.0,0.0,RED INTERNET & PHONE CABLE U,1.0
3725,NRW,55 - 59,34.99,34.99,30.0,0.0,RED INTERNET & PHONE CABLE U,0.0
3726,NRW,18 - 24,48.97,48.97,30.0,0.0,VF CABLEMAX,1.0
3727,KBW,65 - 69,24.99,24.99,30.0,0.0,INTERNET COMFORT,0.0
3728,NRW,60 - 64,34.99,34.99,30.0,0.0,RED INTERNET & PHONE CABLE U,1.0
3729,KBW,65 - 69,34.99,34.99,30.0,0.0,RED INTERNET & PHONE CABLE U,1.0
3730,NRW,40 - 44,44.98,44.98,30.0,0.0,VF CABLEMAX,1.0
3731,KBW,35 - 39,49.97,49.97,30.0,0.0,VF CABLEMAX,0.0
3732,KBW,30 - 34,53.98,53.98,30.0,0.0,GIGAZUHAUSE KABEL,1.0
3733,HSN,30 - 34,39.99,39.99,30.0,0.0,RED INTERNET & PHONE CABLE U,1.0
3734,NRW,25 - 29,44.98,44.98,30.0,0.0,RED INTERNET & PHONE CABLE U,0.0
3735,KBW,18 - 24,49.97,49.97,30.0,0.0,VF CABLEMAX,1.0
3736,NRW,30 - 34,37.99,37.99,30.0,0.0,VF RIP U-TREUE,0.0
3737,NRW,35 - 39,49.98,34.99,574.0,0.0,GIGAZUHAUSE TREUE C,1.0
3738,KBW,40 - 44,39.99,39.99,30.0,0.0,RED INTERNET & PHONE CABLE U,0.0
3739,NRW,80 and over,46.95,46.95,30.0,0.0,2PLAY TREUE,0.0
3740,KBW,60 - 64,68.94,32.97,30.0,0.0,RED INTERNET & PHONE CABLE U,0.0
3741,HSN,45 - 49,49.98,29.99,619.0,0.0,GIGAZUHAUSE TREUE C,0.0
3742,NRW,25 - 29,39.99,39.99,30.0,0.0,RED INTERNET & PHONE CABLE U,1.0
3743,NRW,70 - 74,42.98,42.98,30.0,0.0,VF RIP U-TREUE,0.0
3744,KBW,40 - 44,34.99,34.99,30.0,0.0,RED INTERNET & PHONE CABLE U,0.0
3745,NRW,30 - 34,29.99,29.99,184.0,0.0,GIGAZUHAUSE TREUE C,0.0
3746,NRW,80 and over,61.96,40.97,30.0,0.0,GIGAZUHAUSE TREUE B,1.0
3747,HSN,25 - 29,39.99,39.99,30.0,0.0,RED INTERNET & PHONE CABLE U,1.0
3748,NRW,50 - 54,34.99,34.99,30.0,0.0,RED INTERNET & PHONE CABLE U,1.0
3749,NRW,25 - 29,32.98,32.99,498.0,0.0,GIGAZUHAUSE TREUE B,0.0
3750,HSN,25 - 29,44.98,44.98,30.0,0.0,RED INTERNET & PHONE CABLE U,1.0
3751,NRW,75 - 79,34.99,34.99,30.0,0.0,RED INTERNET & PHONE CABLE U,0.0
3752,HSN,30 - 34,53.98,53.98,30.0,0.0,GIGAZUHAUSE KABEL,0.0
3753,KBW,80 and over,70.98,49.99,30.0,0.0,VF RIP U-TREUE,1.0
3754,NRW,55 - 59,37.98,37.98,30.0,0.0,VF RIP U-TREUE,0.0
3755,HSN,50 - 54,64.98,64.98,30.0,0.0,2PLAY JUMP,1.0
3756,KBW,35 - 39,49.99,49.99,30.0,0.0,GIGAZUHAUSE KABEL,0.0
3757,KBW,30 - 34,34.99,34.99,30.0,0.0,RED INTERNET & PHONE CABLE U,1.0
3758,HSN,45 - 49,49.97,49.97,30.0,0.0,VF CABLEMAX,1.0
3759,NRW,55 - 59,44.98,44.98,30.0,0.0,RED INTERNET & PHONE CABLE U,0.0
3760,NRW,40 - 44,34.99,34.99,30.0,0.0,RED INTERNET & PHONE CABLE U,0.0
3761,NRW,45 - 49,37.99,37.99,30.0,0.0,VF RIP U-TREUE,0.0
3762,KBW,60 - 64,34.99,34.99,30.0,0.0,GIGAZUHAUSE KABEL,1.0
3763,KBW,65 - 69,49.99,49.99,30.0,0.0,GIGAZUHAUSE KABEL,1.0
3764,KBW,55 - 59,34.99,34.99,30.0,0.0,RED INTERNET & PHONE CABLE U,0.0
3765,NRW,40 - 44,44.98,44.98,30.0,0.0,VF CABLEMAX,0.0
3766,NRW,40 - 44,39.99,39.99,30.0,0.0,VF RIP U-TREUE,1.0
3767,KBW,30 - 34,38.98,38.98,30.0,0.0,RED INTERNET & PHONE CABLE U,1.0
3768,KBW,55 - 59,49.99,49.99,30.0,0.0,GIGAZUHAUSE KABEL,1.0
3769,KBW,25 - 29,44.98,44.98,30.0,0.0,RED INTERNET & PHONE CABLE U,1.0
3770,NRW,30 - 34,34.99,34.99,30.0,0.0,RED INTERNET & PHONE CABLE U,0.0
3771,NRW,50 - 54,39.99,39.99,30.0,1.0,RED INTERNET & PHONE CABLE U,1.0
3772,NRW,60 - 64,29.99,29.99,30.0,0.0,VF RIP U-TREUE,0.0
3773,KBW,35 - 39,49.97,49.97,30.0,0.0,VF CABLEMAX,1.0
3774,KBW,55 - 59,39.99,39.99,30.0,0.0,RED INTERNET & PHONE CABLE U,0.0
3775,NRW,60 - 64,47.96,47.96,30.0,0.0,RED INTERNET & PHONE CABLE U,0.0
3776,NRW,40 - 44,49.99,49.99,30.0,0.0,RED INTERNET & PHONE CABLE U,0.0
3777,NRW,55 - 59,32.99,32.99,30.0,0.0,VF RIP U-TREUE,0.0
3778,HSN,40 - 44,47.99,47.99,30.0,0.0,VF RIP U-TREUE,1.0
3779,KBW,60 - 64,24.99,24.99,651.0,0.0,GIGAZUHAUSE TREUE C,1.0
3780,NRW,50 - 54,29.99,29.99,30.0,0.0,RED INTERNET & PHONE CABLE U,1.0
3781,NRW,50 - 54,68.95,47.96,30.0,0.0,3PLAY PLUS,0.0
3782,KBW,25 - 29,39.98,39.98,30.0,0.0,VF CABLEMAX,0.0
3783,NRW,45 - 49,39.99,39.99,30.0,0.0,VF RIP U-TREUE,0.0
3784,NRW,50 - 54,44.98,44.98,30.0,0.0,VF CABLEMAX,0.0
3785,KBW,35 - 39,34.99,34.99,30.0,0.0,RED INTERNET & PHONE CABLE U,0.0
3786,KBW,40 - 44,59.99,59.99,30.0,0.0,GIGAZUHAUSE KABEL,1.0
3787,KBW,50 - 54,49.98,39.98,123.0,0.0,GIGAZUHAUSE KABEL,0.0
3788,NRW,80 and over,33.74,33.74,30.0,0.0,RED INTERNET & PHONE CABLE U,1.0
3789,HSN,65 - 69,24.99,24.99,30.0,0.0,INTERNET COMFORT,0.0
3790,NRW,70 - 74,30.95,30.95,30.0,0.0,RED INTERNET & PHONE CABLE U,0.0
3791,NRW,60 - 64,39.98,39.98,30.0,0.0,GIGAZUHAUSE KABEL,1.0
3792,HSN,55 - 59,34.99,34.99,30.0,0.0,RED INTERNET & PHONE CABLE U,1.0
3793,NRW,65 - 69,54.97,44.98,30.0,1.0,VF CABLEMAX,1.0
3794,NRW,25 - 29,54.98,54.98,30.0,0.0,GIGAZUHAUSE KABEL,1.0
3795,KBW,18 - 24,47.98,47.98,30.0,0.0,VF RIP U-TREUE,1.0
3796,NRW,40 - 44,49.99,49.99,30.0,0.0,GIGAZUHAUSE KABEL,1.0
3797,NRW,65 - 69,44.98,44.98,30.0,0.0,RED INTERNET & PHONE CABLE U,0.0
3798,KBW,30 - 34,42.97,42.97,30.0,0.0,RED INTERNET & PHONE CABLE U,1.0
3799,NRW,50 - 54,42.97,42.97,30.0,0.0,GIGAZUHAUSE KABEL,1.0
3800,HSN,75 - 79,43.98,43.98,30.0,0.0,RED INTERNET & PHONE CABLE U,1.0
3801,KBW,65 - 69,29.99,29.99,30.0,0.0,VF RIP U-TREUE,0.0
3802,HSN,55 - 59,32.99,32.99,30.0,0.0,VF RIP U-TREUE,1.0
3803,KBW,30 - 34,54.99,54.99,30.0,0.0,RED INTERNET & PHONE CABLE U,0.0
3804,NRW,65 - 69,42.9,42.9,30.0,0.0,2PLAY,1.0
3805,NRW,45 - 49,52.97,24.99,697.0,0.0,GIGAZUHAUSE TREUE C,0.0
3806,HSN,70 - 74,39.98,39.98,30.0,0.0,RED INTERNET & PHONE CABLE U,0.0
3807,KBW,55 - 59,29.99,29.99,30.0,0.0,VF RIP U-TREUE,0.0
3808,NRW,70 - 74,49.97,49.97,30.0,0.0,VF CABLEMAX,1.0
3809,NRW,35 - 39,29.99,29.99,30.0,0.0,VF RIP U-TREUE,0.0
3810,KBW,75 - 79,59.97,34.99,30.0,0.0,RED INTERNET & PHONE CABLE U,0.0
3811,KBW,40 - 44,59.98,59.98,30.0,0.0,RED INTERNET & PHONE CABLE U,1.0
3812,NRW,25 - 29,34.99,34.99,30.0,0.0,RED INTERNET & PHONE CABLE U,1.0
3813,HSN,25 - 29,69.41,48.42,30.0,0.0,3PLAY COMFORT,0.0
3814,NRW,35 - 39,39.99,39.99,30.0,0.0,VF RIP U-TREUE,0.0
3815,NRW,50 - 54,39.99,39.99,30.0,0.0,VF RIP U-TREUE,0.0
3816,NRW,40 - 44,32.99,32.99,30.0,0.0,VF RIP U-TREUE,0.0
3817,NRW,30 - 34,34.99,34.99,30.0,0.0,RED INTERNET & PHONE CABLE U,0.0
3818,KBW,55 - 59,44.97,44.97,30.0,0.0,VF CABLEMAX,0.0
3819,KBW,35 - 39,39.99,39.99,30.0,0.0,RED INTERNET & PHONE CABLE U,0.0
3820,HSN,35 - 39,39.98,39.98,30.0,0.0,VF CABLEMAX,0.0
3821,KBW,35 - 39,59.99,59.99,30.0,0.0,3PLAY FLY,1.0
3822,HSN,35 - 39,49.97,39.99,30.0,0.0,VF RIP U-TREUE,0.0
3823,KBW,80 and over,56.37,56.36,30.0,0.0,3PLAY FLY,0.0
3824,KBW,40 - 44,42.97,42.97,30.0,0.0,RED INTERNET & PHONE CABLE U,0.0
3825,KBW,80 and over,34.99,34.99,30.0,0.0,RED INTERNET & PHONE CABLE U,1.0
3826,NRW,55 - 59,29.99,29.99,30.0,0.0,VF RIP U-TREUE,1.0
3827,NRW,30 - 34,34.99,34.99,30.0,0.0,VF RIP U-TREUE,1.0
3828,KBW,25 - 29,49.97,49.97,30.0,0.0,VF CABLEMAX,1.0
3829,KBW,35 - 39,46.98,32.99,30.0,0.0,RED INTERNET & PHONE CABLE U,0.0
3830,KBW,30 - 34,39.99,39.99,30.0,0.0,RED INTERNET & PHONE CABLE U,1.0
3831,KBW,60 - 64,59.97,29.99,30.0,1.0,VF RIP U-TREUE,0.0
3832,NRW,35 - 39,39.98,39.98,182.0,0.0,GIGAZUHAUSE KABEL,1.0
3833,NRW,25 - 29,44.98,44.98,30.0,0.0,RED INTERNET & PHONE CABLE U,1.0
3834,KBW,35 - 39,44.98,44.98,30.0,0.0,VF CABLEMAX,1.0
3835,NRW,55 - 59,65.97,44.98,30.0,0.0,VF CABLEMAX,1.0
3836,KBW,40 - 44,34.99,34.99,30.0,0.0,RED INTERNET & PHONE CABLE U,0.0
3837,NRW,50 - 54,74.95,53.96,30.0,0.0,VF CABLEMAX,1.0
3838,HSN,40 - 44,59.98,59.98,30.0,0.0,RED INTERNET & PHONE CABLE U,1.0
3839,NRW,30 - 34,39.99,39.99,30.0,0.0,VF RIP U-TREUE,0.0
3840,KBW,65 - 69,24.99,24.99,30.0,0.0,INTERNET COMFORT,0.0
3841,NRW,65 - 69,34.99,34.99,30.0,0.0,RED INTERNET & PHONE CABLE U,1.0
3842,NRW,30 - 34,17.99,17.99,30.0,0.0,EAZY FLEX,1.0
3843,NRW,35 - 39,24.99,24.99,333.0,0.0,GIGAZUHAUSE TREUE C,1.0
3844,HSN,40 - 44,29.99,29.99,30.0,0.0,VF RIP U-TREUE,0.0
3845,NRW,65 - 69,44.98,44.98,30.0,4.0,VF CABLEMAX,0.0
3846,NRW,35 - 39,44.98,44.98,30.0,0.0,VF CABLEMAX,1.0
3847,NRW,55 - 59,57.77,37.78,30.0,0.0,RED INTERNET & PHONE CABLE U,0.0
3848,KBW,55 - 59,64.96,39.97,30.0,0.0,VF CABLEMAX,0.0
3849,NRW,65 - 69,42.98,42.98,30.0,0.0,VF RIP U-TREUE,0.0
3850,NRW,25 - 29,39.98,39.98,30.0,0.0,RED INTERNET & PHONE CABLE U,1.0
3851,NRW,25 - 29,49.99,49.99,30.0,0.0,RED INTERNET & PHONE CABLE U,0.0
3852,HSN,60 - 64,55.98,34.99,30.0,0.0,RED INTERNET & PHONE CABLE U,0.0
3853,NRW,65 - 69,68.94,47.96,30.0,0.0,VF RIP U-TREUE,1.0
3854,NRW,35 - 39,34.99,34.99,30.0,0.0,RED INTERNET & PHONE CABLE U,0.0
3855,KBW,40 - 44,34.99,34.99,30.0,0.0,RED INTERNET & PHONE CABLE U,0.0
3856,HSN,30 - 34,39.99,39.99,30.0,0.0,VF RIP U-TREUE,0.0
3857,NRW,25 - 29,34.99,34.99,30.0,0.0,RED INTERNET & PHONE CABLE U,0.0
3858,NRW,60 - 64,49.97,49.97,30.0,0.0,VF CABLEMAX,0.0
3859,NRW,65 - 69,44.98,44.98,30.0,0.0,VF CABLEMAX,0.0
3860,NRW,25 - 29,39.98,39.98,30.0,0.0,GIGAZUHAUSE KABEL,1.0
3861,HSN,45 - 49,54.98,54.98,30.0,0.0,GIGAZUHAUSE KABEL,0.0
3862,KBW,30 - 34,39.99,39.99,30.0,0.0,RED INTERNET & PHONE CABLE U,0.0
3863,HSN,35 - 39,39.98,39.98,197.0,1.0,GIGAZUHAUSE KABEL,0.0
3864,KBW,70 - 74,34.99,34.99,30.0,0.0,RED INTERNET & PHONE CABLE U,1.0
3865,NRW,45 - 49,39.98,39.98,30.0,0.0,RED INTERNET & PHONE CABLE U,0.0
3866,KBW,40 - 44,49.97,49.97,30.0,0.0,VF CABLEMAX,0.0
3867,NRW,60 - 64,37.98,37.98,364.0,0.0,GIGAZUHAUSE TREUE B,0.0
3868,KBW,65 - 69,189.88,169.92,30.0,0.0,VF CABLEMAX,0.0
3869,NRW,30 - 34,29.99,29.99,303.0,0.0,GIGAZUHAUSE TREUE C,1.0
3870,HSN,80 and over,0.0,0.0,30.0,0.0,MMA,0.0
3871,NRW,35 - 39,24.99,24.99,30.0,0.0,VF RIP U-TREUE,0.0
3872,NRW,60 - 64,44.98,44.98,30.0,0.0,RED INTERNET & PHONE CABLE U,1.0
3873,NRW,35 - 39,34.99,34.99,30.0,0.0,RED INTERNET & PHONE CABLE U,1.0
3874,NRW,40 - 44,49.97,49.97,30.0,0.0,RED INTERNET & PHONE CABLE U,0.0
3875,NRW,25 - 29,39.98,39.98,30.0,0.0,RED INTERNET & PHONE CABLE U,0.0
3876,NRW,40 - 44,24.99,24.99,30.0,0.0,VF RIP U-TREUE,0.0
3877,KBW,30 - 34,39.98,39.98,242.0,0.0,GIGAZUHAUSE KABEL,1.0
3878,NRW,35 - 39,54.98,54.98,30.0,0.0,GIGAZUHAUSE KABEL,0.0
3879,NRW,30 - 34,49.98,49.98,164.0,0.0,GIGAZUHAUSE KABEL,0.0
3880,KBW,65 - 69,49.99,49.99,30.0,0.0,RED INTERNET & PHONE CABLE U,1.0
3881,NRW,50 - 54,44.98,44.98,669.0,0.0,VF CABLEMAX,1.0
3882,NRW,55 - 59,34.99,34.99,30.0,0.0,RED INTERNET & PHONE CABLE U,1.0
3883,NRW,30 - 34,44.98,44.98,30.0,0.0,VF CABLEMAX,0.0
3884,NRW,80 and over,42.98,42.98,30.0,0.0,VF RIP U-TREUE,0.0
3885,HSN,50 - 54,49.98,49.98,30.0,0.0,VF RIP U-TREUE,1.0
3886,NRW,25 - 29,34.99,34.99,30.0,0.0,RED INTERNET & PHONE CABLE U,0.0
3887,NRW,60 - 64,39.99,39.99,30.0,0.0,RED INTERNET & PHONE CABLE U,1.0
3888,NRW,35 - 39,42.97,42.97,122.0,0.0,GIGAZUHAUSE KABEL,1.0
3889,NRW,70 - 74,34.99,34.99,30.0,0.0,RED INTERNET & PHONE CABLE U,0.0
3890,HSN,35 - 39,44.98,44.98,30.0,0.0,VF CABLEMAX,1.0
3891,NRW,55 - 59,46.96,32.99,30.0,0.0,VF RIP U-TREUE,1.0
3892,KBW,80 and over,44.97,29.98,30.0,0.0,VF RIP U-TREUE,0.0
3893,KBW,50 - 54,54.99,54.99,30.0,0.0,RED INTERNET & PHONE CABLE U,1.0
3894,NRW,35 - 39,32.99,32.99,288.0,0.0,GIGAZUHAUSE TREUE B,0.0
3895,NRW,30 - 34,44.98,44.98,30.0,0.0,RED INTERNET & PHONE CABLE U,1.0
3896,HSN,45 - 49,39.99,39.99,30.0,0.0,RED INTERNET & PHONE CABLE U,0.0
3897,NRW,35 - 39,44.98,44.98,30.0,0.0,VF CABLEMAX,1.0
3898,NRW,35 - 39,42.97,42.97,30.0,0.0,GIGAZUHAUSE TREUE D,0.0
3899,HSN,18 - 24,44.98,44.98,30.0,0.0,RED INTERNET & PHONE CABLE U,0.0
3900,KBW,40 - 44,39.99,39.99,30.0,1.0,VF RIP U-TREUE,0.0
3901,HSN,40 - 44,44.98,44.98,30.0,0.0,RED INTERNET & PHONE CABLE U,1.0
3902,NRW,40 - 44,44.98,44.98,30.0,0.0,RED INTERNET & PHONE CABLE U,0.0
3903,NRW,40 - 44,39.99,39.99,30.0,0.0,RED INTERNET & PHONE CABLE U,1.0
3904,HSN,80 and over,34.99,34.99,30.0,0.0,RED INTERNET & PHONE CABLE U,0.0
3905,HSN,60 - 64,69.96,39.98,135.0,0.0,GIGAZUHAUSE KABEL,1.0
3906,NRW,65 - 69,44.98,44.98,30.0,0.0,RED INTERNET & PHONE CABLE U,1.0
3907,NRW,18 - 24,39.98,39.98,164.0,0.0,GIGAZUHAUSE KABEL,1.0
3908,HSN,25 - 29,49.99,49.99,30.0,0.0,GIGAZUHAUSE KABEL,0.0
3909,NRW,40 - 44,34.99,34.99,30.0,0.0,RED INTERNET & PHONE CABLE U,0.0
3910,NRW,25 - 29,44.98,44.98,30.0,0.0,VF CABLEMAX,1.0
3911,HSN,45 - 49,44.98,44.98,30.0,0.0,RED INTERNET & PHONE CABLE U,1.0
3912,KBW,30 - 34,58.98,58.98,30.0,0.0,RED INTERNET & PHONE CABLE U,1.0
3913,NRW,80 and over,47.97,47.97,30.0,0.0,VF RIP U-TREUE,0.0
3914,NRW,80 and over,75.94,55.95,30.0,0.0,3PLAY PLUS MTA,0.0
3915,KBW,55 - 59,44.97,44.97,30.0,0.0,VF CABLEMAX,0.0
3916,KBW,18 - 24,39.99,39.99,30.0,0.0,RED INTERNET & PHONE CABLE U,0.0
3917,NRW,45 - 49,39.99,39.99,30.0,0.0,RED INTERNET & PHONE CABLE U,1.0
3918,NRW,75 - 79,32.99,32.99,429.0,0.0,GIGAZUHAUSE TREUE B,0.0
3919,KBW,80 and over,49.97,49.97,30.0,0.0,RED INTERNET & PHONE CABLE U,0.0
3920,NRW,80 and over,39.98,39.98,30.0,0.0,RED INTERNET & PHONE CABLE U,0.0
3921,NRW,70 - 74,34.99,34.99,30.0,0.0,RED INTERNET & PHONE CABLE U,0.0
3922,KBW,25 - 29,34.99,34.99,30.0,0.0,RED INTERNET & PHONE CABLE U,1.0
3923,NRW,50 - 54,49.98,49.98,30.0,0.0,TREUEPLUS,0.0
3924,KBW,60 - 64,49.99,49.99,30.0,0.0,2PLAY,0.0
3925,NRW,50 - 54,29.99,29.99,30.0,0.0,VF RIP U-TREUE,0.0
3926,NRW,25 - 29,34.99,34.99,30.0,0.0,RED INTERNET & PHONE CABLE U,0.0
3927,KBW,30 - 34,39.98,39.98,30.0,0.0,VF CABLEMAX,1.0
3928,NRW,55 - 59,44.98,44.98,30.0,0.0,VF CABLEMAX,1.0
3929,HSN,35 - 39,29.99,29.99,30.0,0.0,RED INTERNET & PHONE CABLE U,0.0
3930,NRW,50 - 54,79.97,44.98,30.0,0.0,VF CABLEMAX,1.0
3931,NRW,50 - 54,40.97,44.98,30.0,0.0,VF RIP U-TREUE,0.0
3932,NRW,35 - 39,44.98,44.98,30.0,0.0,VF RIP U-TREUE,1.0
3933,NRW,65 - 69,63.96,48.97,30.0,0.0,RED INTERNET & PHONE CABLE U,0.0
3934,NRW,35 - 39,42.98,42.98,30.0,0.0,VF RIP U-TREUE,0.0
3935,KBW,40 - 44,44.98,44.98,30.0,0.0,VF CABLEMAX,0.0
3936,HSN,40 - 44,34.99,34.99,30.0,0.0,RED INTERNET & PHONE CABLE U,1.0
3937,KBW,25 - 29,39.98,39.98,133.0,0.0,GIGAZUHAUSE KABEL,0.0
3938,NRW,25 - 29,34.99,34.99,30.0,0.0,RED INTERNET & PHONE CABLE U,1.0
3939,NRW,60 - 64,39.98,39.98,30.0,0.0,RED INTERNET & PHONE CABLE U,1.0
3940,NRW,40 - 44,44.98,44.98,30.0,0.0,VF CABLEMAX,1.0
3941,KBW,25 - 29,54.99,54.99,30.0,0.0,RED INTERNET & PHONE CABLE U,0.0
3942,NRW,25 - 29,29.99,29.99,30.0,0.0,VF RIP U-TREUE,0.0
3943,NRW,40 - 44,39.98,39.98,30.0,0.0,VF CABLEMAX,0.0
3944,KBW,40 - 44,34.99,34.99,30.0,0.0,RED INTERNET & PHONE CABLE U,1.0
3945,KBW,18 - 24,34.99,34.99,30.0,0.0,GIGAZUHAUSE KABEL,0.0
3946,NRW,40 - 44,39.99,39.99,30.0,0.0,RED INTERNET & PHONE CABLE U,1.0
3947,NRW,25 - 29,49.99,49.99,30.0,0.0,RED INTERNET & PHONE CABLE U,0.0
3948,NRW,30 - 34,39.99,39.99,30.0,0.0,RED INTERNET & PHONE CABLE U,0.0
3949,KBW,30 - 34,29.99,29.99,30.0,0.0,VF RIP U-TREUE,0.0
3950,KBW,55 - 59,44.98,44.98,30.0,0.0,RED INTERNET & PHONE CABLE U,1.0
3951,NRW,55 - 59,39.98,39.98,123.0,0.0,GIGAZUHAUSE KABEL,1.0
3952,KBW,35 - 39,44.98,44.98,30.0,0.0,VF CABLEMAX,1.0
3953,NRW,55 - 59,44.97,44.97,30.0,0.0,VF CABLEMAX,1.0
3954,KBW,35 - 39,37.99,37.99,30.0,0.0,VF RIP U-TREUE,0.0
3955,KBW,35 - 39,39.98,39.98,30.0,0.0,VF CABLEMAX,1.0
3956,KBW,30 - 34,44.97,44.97,30.0,0.0,VF CABLEMAX,0.0
3957,KBW,55 - 59,34.99,34.99,30.0,2.0,RED INTERNET & PHONE CABLE U,1.0
3958,NRW,50 - 54,34.99,34.99,78.0,0.0,RED INTERNET & PHONE CABLE U,0.0
3959,NRW,60 - 64,44.98,44.98,30.0,0.0,RED INTERNET & PHONE CABLE U,0.0
3960,NRW,30 - 34,32.99,32.99,30.0,0.0,VF RIP U-TREUE,0.0
3961,HSN,40 - 44,42.97,42.97,30.0,0.0,RED INTERNET & PHONE CABLE U,0.0
3962,NRW,55 - 59,27.8,27.8,30.0,0.0,GIGAZUHAUSE TREUE,0.0
3963,KBW,45 - 49,60.35,39.99,30.0,0.0,RED INTERNET & PHONE CABLE U,0.0
3964,KBW,45 - 49,39.99,39.99,30.0,0.0,RED INTERNET & PHONE CABLE U,0.0
3965,HSN,60 - 64,62.98,62.98,675.0,0.0,GIGAZUHAUSE KABEL,1.0
3966,NRW,30 - 34,39.99,39.99,30.0,0.0,VF RIP U-TREUE,0.0
3967,NRW,50 - 54,34.99,34.99,30.0,0.0,RED INTERNET & PHONE CABLE U,0.0
3968,KBW,25 - 29,39.99,39.99,30.0,0.0,RED INTERNET & PHONE CABLE U,1.0
3969,NRW,40 - 44,44.98,44.98,30.0,0.0,VF CABLEMAX,1.0
3970,NRW,50 - 54,49.99,49.99,30.0,0.0,RED INTERNET & PHONE CABLE U,0.0
3971,NRW,35 - 39,29.99,29.99,30.0,0.0,VF RIP U-TREUE,0.0
3972,KBW,70 - 74,39.99,39.99,30.0,0.0,RED INTERNET & PHONE CABLE U,1.0
3973,HSN,50 - 54,44.98,44.98,30.0,0.0,VF CABLEMAX,0.0
3974,KBW,60 - 64,34.99,34.99,30.0,2.0,RED INTERNET & PHONE CABLE U,0.0
3975,KBW,35 - 39,44.99,44.99,303.0,0.0,GIGAZUHAUSE KABEL,1.0
3976,KBW,35 - 39,29.99,29.99,30.0,0.0,VF RIP U-TREUE,1.0
3977,KBW,60 - 64,52.97,32.99,30.0,0.0,VF RIP U-TREUE,0.0
3978,NRW,30 - 34,49.99,49.99,30.0,0.0,RED INTERNET & PHONE CABLE U,1.0
3979,KBW,30 - 34,39.99,39.99,30.0,0.0,RED INTERNET & PHONE CABLE U,0.0
3980,KBW,35 - 39,49.99,49.99,30.0,0.0,RED INTERNET & PHONE CABLE U,1.0
3981,NRW,30 - 34,49.99,49.99,30.0,0.0,RED INTERNET & PHONE CABLE U,1.0
3982,KBW,80 and over,29.99,29.99,30.0,0.0,VF RIP U-TREUE,0.0
3983,NRW,18 - 24,49.99,49.99,30.0,0.0,RED INTERNET & PHONE CABLE U,1.0
3984,KBW,60 - 64,39.99,39.99,30.0,0.0,VF RIP U-TREUE,1.0
3985,KBW,55 - 59,29.99,29.99,30.0,0.0,VF RIP U-TREUE,1.0
3986,KBW,45 - 49,39.98,39.98,133.0,0.0,GIGAZUHAUSE KABEL,1.0
3987,NRW,80 and over,29.99,29.99,30.0,0.0,VF RIP U-TREUE,0.0
3988,NRW,60 - 64,29.99,29.99,30.0,0.0,VF RIP U-TREUE,1.0
3989,NRW,30 - 34,34.99,34.99,30.0,0.0,RED INTERNET & PHONE CABLE U,1.0
3990,KBW,55 - 59,39.99,39.99,30.0,0.0,RED INTERNET & PHONE CABLE U,1.0
3991,KBW,30 - 34,34.99,34.99,30.0,0.0,RED INTERNET & PHONE CABLE U,0.0
3992,NRW,55 - 59,64.97,44.98,30.0,0.0,VF CABLEMAX,1.0
3993,NRW,70 - 74,29.98,29.98,30.0,0.0,RED INTERNET & PHONE CABLE U,1.0
3994,KBW,50 - 54,52.97,42.98,556.0,0.0,VF RIP U-TREUE,0.0
3995,HSN,35 - 39,29.99,29.99,30.0,0.0,VF RIP U-TREUE,1.0
3996,NRW,25 - 29,44.99,44.99,30.0,0.0,RED INTERNET & PHONE CABLE U,1.0
3997,NRW,80 and over,61.98,40.99,30.0,0.0,VF RIP U-TREUE,0.0
3998,NRW,55 - 59,63.94,39.99,30.0,0.0,VF RIP U-TREUE,0.0
3999,HSN,60 - 64,40.89,40.9,30.0,0.0,2PLAY,1.0
4000,KBW,65 - 69,34.99,34.99,30.0,0.0,RED INTERNET & PHONE CABLE U,1.0
4001,NRW,50 - 54,34.99,34.99,30.0,0.0,RED INTERNET & PHONE CABLE U,0.0
4002,HSN,50 - 54,39.99,39.99,30.0,0.0,VF RIP U-TREUE,1.0
4003,NRW,75 - 79,34.99,34.99,30.0,0.0,RED INTERNET & PHONE CABLE U,0.0
4004,NRW,55 - 59,32.99,32.99,30.0,0.0,VF RIP U-TREUE,0.0
4005,KBW,40 - 44,48.97,48.97,30.0,0.0,VF CABLEMAX,1.0
4006,KBW,70 - 74,43.95,43.95,30.0,0.0,GIGAZUHAUSE TREUE B,1.0
4007,NRW,60 - 64,39.99,39.99,30.0,0.0,VF RIP U-TREUE,1.0
4008,NRW,18 - 24,34.99,34.99,30.0,0.0,RED INTERNET & PHONE CABLE U,0.0
4009,HSN,35 - 39,44.98,44.98,30.0,0.0,RED INTERNET & PHONE CABLE U,0.0
4010,NRW,60 - 64,19.99,19.99,30.0,0.0,1PLAY,0.0
4011,NRW,18 - 24,49.97,49.97,30.0,0.0,VF CABLEMAX,0.0
4012,KBW,55 - 59,44.98,44.98,30.0,0.0,VF CABLEMAX,0.0
4013,NRW,25 - 29,58.98,58.98,30.0,0.0,RED INTERNET & PHONE CABLE U,1.0
4014,KBW,40 - 44,49.97,49.97,30.0,0.0,GIGAZUHAUSE TREUE B,0.0
4015,NRW,30 - 34,34.99,34.99,30.0,0.0,RED INTERNET & PHONE CABLE U,1.0
4016,HSN,55 - 59,54.98,54.98,30.0,0.0,RED INTERNET & PHONE CABLE U,1.0
4017,NRW,25 - 29,44.98,44.98,30.0,0.0,RED INTERNET & PHONE CABLE U,1.0
4018,KBW,30 - 34,49.99,49.99,30.0,0.0,RED INTERNET & PHONE CABLE U,1.0
4019,KBW,80 and over,50.98,29.99,30.0,0.0,RED INTERNET & PHONE CABLE U,0.0
4020,KBW,18 - 24,49.99,49.99,30.0,1.0,GIGAZUHAUSE KABEL,0.0
4021,HSN,35 - 39,39.98,39.98,30.0,0.0,VF CABLEMAX,1.0
4022,KBW,55 - 59,44.98,44.98,30.0,0.0,VF CABLEMAX,1.0
4023,KBW,65 - 69,43.97,43.97,30.0,0.0,RED INTERNET & PHONE CABLE U,1.0
4024,HSN,25 - 29,58.97,58.98,30.0,0.0,RED INTERNET & PHONE CABLE U,1.0
4025,NRW,40 - 44,49.98,49.98,30.0,0.0,GIGAZUHAUSE KABEL,0.0
4026,NRW,30 - 34,34.99,34.99,30.0,0.0,RED INTERNET & PHONE CABLE U,1.0
4027,KBW,40 - 44,44.98,44.98,30.0,0.0,VF CABLEMAX,1.0
4028,NRW,60 - 64,49.99,49.99,30.0,0.0,GIGAZUHAUSE KABEL,0.0
4029,KBW,35 - 39,58.98,58.98,30.0,0.0,RED INTERNET & PHONE CABLE U,0.0
4030,NRW,30 - 34,39.98,39.98,30.0,0.0,VF CABLEMAX,0.0
4031,NRW,65 - 69,49.97,49.97,30.0,0.0,VF CABLEMAX,1.0
4032,NRW,60 - 64,57.97,32.99,30.0,0.0,VF RIP U-TREUE,1.0
4033,KBW,35 - 39,44.98,44.98,30.0,0.0,VF CABLEMAX,0.0
4034,NRW,25 - 29,39.98,39.98,30.0,0.0,GIGAZUHAUSE KABEL,0.0
4035,NRW,70 - 74,34.99,34.99,30.0,0.0,RED INTERNET & PHONE CABLE U,1.0
4036,KBW,45 - 49,39.99,39.99,30.0,0.0,VF RIP U-TREUE,0.0
4037,KBW,45 - 49,27.99,27.99,30.0,0.0,VF RIP U-TREUE,0.0
4038,NRW,50 - 54,40.98,40.98,30.0,0.0,RED INTERNET & PHONE CABLE U,0.0
4039,KBW,25 - 29,48.97,48.97,30.0,0.0,RED INTERNET & PHONE CABLE U,1.0
4040,NRW,50 - 54,44.98,44.98,30.0,0.0,VF CABLEMAX,0.0
4041,KBW,75 - 79,49.99,49.99,30.0,0.0,RED INTERNET & PHONE CABLE U,0.0
4042,NRW,35 - 39,29.99,29.99,30.0,0.0,VF RIP U-TREUE,1.0
4043,NRW,65 - 69,80.98,49.99,30.0,0.0,RED INTERNET & PHONE CABLE U,0.0
4044,NRW,55 - 59,49.97,49.97,30.0,0.0,VF CABLEMAX,0.0
4045,NRW,45 - 49,39.98,39.98,30.0,0.0,VF CABLEMAX,0.0
4046,NRW,45 - 49,39.99,39.99,30.0,0.0,RED INTERNET & PHONE CABLE U,0.0
4047,KBW,50 - 54,39.99,39.99,30.0,0.0,RED INTERNET & PHONE CABLE U,1.0
4048,NRW,50 - 54,39.99,39.99,30.0,0.0,RED INTERNET & PHONE CABLE U,1.0
4049,KBW,65 - 69,29.99,29.99,30.0,0.0,VF RIP U-TREUE,1.0
4050,KBW,35 - 39,54.99,54.99,30.0,0.0,RED INTERNET & PHONE CABLE U,1.0
4051,NRW,18 - 24,49.97,39.99,30.0,0.0,RED INTERNET & PHONE CABLE U,1.0
4052,NRW,40 - 44,44.98,44.98,30.0,0.0,VF RIP U-TREUE,1.0
4053,NRW,40 - 44,34.99,34.99,30.0,2.0,RED INTERNET & PHONE CABLE U,0.0
4054,NRW,40 - 44,54.99,54.99,30.0,0.0,RED INTERNET & PHONE CABLE U,1.0
4055,NRW,35 - 39,44.98,44.98,30.0,0.0,RED INTERNET & PHONE CABLE U,0.0
4056,NRW,30 - 34,53.98,53.98,30.0,0.0,RED INTERNET & PHONE CABLE U,0.0
4057,NRW,75 - 79,34.98,34.98,30.0,0.0,RED INTERNET & PHONE CABLE U,1.0
4058,KBW,18 - 24,39.99,39.99,30.0,0.0,RED INTERNET & PHONE CABLE U,1.0
4059,NRW,55 - 59,49.99,49.99,688.0,0.0,GIGAZUHAUSE KABEL,0.0
4060,HSN,35 - 39,34.99,34.99,30.0,0.0,RED INTERNET & PHONE CABLE U,1.0
4061,NRW,75 - 79,47.99,47.99,30.0,0.0,VF RIP U-TREUE,1.0
4062,KBW,45 - 49,39.99,39.99,30.0,0.0,RED INTERNET & PHONE CABLE U,0.0
4063,KBW,30 - 34,48.97,48.97,30.0,0.0,VF CABLEMAX,0.0
4064,NRW,45 - 49,44.98,44.98,30.0,0.0,VF CABLEMAX,1.0
4065,NRW,30 - 34,44.98,44.98,30.0,0.0,VF CABLEMAX,0.0
4066,KBW,35 - 39,37.78,37.78,30.0,0.0,2PLAY,0.0
4067,KBW,35 - 39,32.99,32.99,30.0,0.0,VF RIP U-TREUE,0.0
4068,NRW,40 - 44,44.98,44.98,30.0,0.0,RED INTERNET & PHONE CABLE U,1.0
4069,NRW,60 - 64,42.98,42.98,30.0,0.0,GIGAZUHAUSE KABEL,0.0
4070,NRW,25 - 29,39.98,39.98,30.0,0.0,VF CABLEMAX,0.0
4071,NRW,60 - 64,34.99,34.99,30.0,0.0,RED INTERNET & PHONE CABLE U,0.0
4072,KBW,18 - 24,34.99,34.99,30.0,0.0,RED INTERNET & PHONE CABLE U,1.0
4073,NRW,40 - 44,34.99,34.99,30.0,0.0,RED INTERNET & PHONE CABLE U,1.0
4074,KBW,80 and over,34.99,34.99,30.0,0.0,RED INTERNET & PHONE CABLE U,0.0
4075,NRW,60 - 64,34.99,34.99,30.0,0.0,RED INTERNET & PHONE CABLE U,0.0
4076,KBW,25 - 29,34.99,34.99,30.0,0.0,GIGAZUHAUSE KABEL,1.0
4077,HSN,18 - 24,34.99,34.99,30.0,0.0,RED INTERNET & PHONE CABLE U,0.0
4078,KBW,65 - 69,34.99,34.99,30.0,0.0,RED INTERNET & PHONE CABLE U,1.0
4079,NRW,55 - 59,44.98,44.98,30.0,0.0,VF CABLEMAX,0.0
4080,NRW,70 - 74,37.99,37.99,30.0,0.0,VF RIP U-TREUE,1.0
4081,NRW,60 - 64,52.99,52.99,30.0,0.0,RED INTERNET & PHONE CABLE U,0.0
4082,NRW,70 - 74,34.99,34.99,30.0,0.0,RED INTERNET & PHONE CABLE U,0.0
4083,NRW,25 - 29,39.99,39.99,30.0,0.0,RED INTERNET & PHONE CABLE U,0.0
4084,KBW,30 - 34,49.99,49.99,30.0,0.0,RED INTERNET & PHONE CABLE U,0.0
4085,KBW,55 - 59,49.99,49.99,283.0,0.0,GIGAZUHAUSE TREUE C,1.0
4086,NRW,30 - 34,39.99,39.99,30.0,0.0,RED INTERNET & PHONE CABLE U,1.0
4087,KBW,45 - 49,44.98,44.98,624.0,1.0,VF CABLEMAX,1.0
4088,NRW,35 - 39,44.98,44.98,30.0,0.0,VF CABLEMAX,0.0
4089,KBW,50 - 54,50.85,50.43,30.0,0.0,GIGAZUHAUSE KABEL,0.0
4090,KBW,30 - 34,44.98,44.98,30.0,0.0,VF CABLEMAX,1.0
4091,NRW,50 - 54,34.99,34.99,30.0,0.0,RED INTERNET & PHONE CABLE U,1.0
4092,NRW,30 - 34,39.99,39.99,30.0,0.0,RED INTERNET & PHONE CABLE U,1.0
4093,HSN,65 - 69,34.99,34.99,30.0,0.0,VF RIP U-TREUE,0.0
4094,NRW,80 and over,39.98,39.98,30.0,0.0,GIGAZUHAUSE KABEL,1.0
4095,NRW,40 - 44,59.98,59.98,30.0,0.0,RED INTERNET & PHONE CABLE U,0.0
4096,HSN,30 - 34,44.98,44.98,30.0,0.0,VF CABLEMAX,0.0
4097,NRW,65 - 69,44.98,44.98,30.0,0.0,VF CABLEMAX,0.0
4098,NRW,55 - 59,34.99,34.99,30.0,0.0,RED INTERNET & PHONE CABLE U,1.0
4099,NRW,40 - 44,44.98,44.98,30.0,0.0,VF CABLEMAX,1.0
4100,KBW,35 - 39,29.99,29.99,30.0,0.0,VF RIP U-TREUE,0.0
4101,NRW,35 - 39,44.98,44.98,30.0,0.0,RED INTERNET & PHONE CABLE U,1.0
4102,KBW,45 - 49,49.97,39.98,243.0,0.0,GIGAZUHAUSE KABEL,0.0
4103,NRW,80 and over,60.98,39.99,322.0,0.0,GIGAZUHAUSE KABEL,0.0
4104,NRW,50 - 54,39.99,39.99,30.0,0.0,RED INTERNET & PHONE CABLE U,0.0
4105,NRW,60 - 64,49.97,49.97,30.0,0.0,VF CABLEMAX,0.0
4106,KBW,25 - 29,34.99,34.99,564.0,0.0,RED INTERNET & PHONE CABLE U,1.0
4107,KBW,40 - 44,44.98,44.98,30.0,0.0,VF CABLEMAX,1.0
4108,NRW,55 - 59,34.99,34.99,30.0,0.0,RED INTERNET & PHONE CABLE U,1.0
4109,KBW,55 - 59,44.98,44.98,30.0,0.0,VF CABLEMAX,0.0
4110,HSN,55 - 59,39.99,39.99,30.0,0.0,RED INTERNET & PHONE CABLE U,1.0
4111,NRW,70 - 74,34.99,34.99,30.0,0.0,RED INTERNET & PHONE CABLE U,0.0
4112,KBW,65 - 69,37.98,37.98,30.0,0.0,VF RIP U-TREUE,0.0
4113,KBW,80 and over,33.74,33.74,30.0,0.0,RED INTERNET & PHONE CABLE U,1.0
4114,NRW,65 - 69,57.97,42.98,30.0,0.0,VF RIP U-TREUE,0.0
4115,HSN,30 - 34,39.98,39.98,30.0,0.0,RED INTERNET & PHONE CABLE U,1.0
4116,KBW,80 and over,27.99,27.99,30.0,0.0,RIP CABLE U TREUE,0.0
4117,KBW,50 - 54,39.99,39.99,30.0,0.0,RED INTERNET & PHONE CABLE U,0.0
4118,NRW,40 - 44,34.99,34.99,30.0,0.0,RED INTERNET & PHONE CABLE U,0.0
4119,KBW,30 - 34,55.98,63.98,619.0,0.0,GIGAZUHAUSE KABEL,1.0
4120,NRW,60 - 64,49.97,49.97,30.0,0.0,VF CABLEMAX,1.0
4121,KBW,45 - 49,39.98,39.98,368.0,0.0,GIGAZUHAUSE KABEL,0.0
4122,NRW,80 and over,39.98,39.98,30.0,0.0,RED INTERNET & PHONE CABLE U,0.0
4123,KBW,75 - 79,61.33,40.97,30.0,0.0,3PLAY SMART,0.0
4124,NRW,25 - 29,42.98,42.98,30.0,0.0,VF RIP U-TREUE,0.0
4125,NRW,35 - 39,34.99,34.99,30.0,0.0,RED INTERNET & PHONE CABLE U,0.0
4126,NRW,40 - 44,49.97,49.97,30.0,0.0,2PLAY PLUS,1.0
4127,KBW,45 - 49,54.98,54.98,30.0,0.0,GIGAZUHAUSE KABEL,1.0
4128,NRW,30 - 34,39.99,39.99,30.0,0.0,RED INTERNET & PHONE CABLE U,0.0
4129,NRW,35 - 39,39.98,39.98,30.0,0.0,VF CABLEMAX,1.0
4130,NRW,35 - 39,29.99,29.99,30.0,0.0,INTERNET PREMIUM,0.0
4131,NRW,35 - 39,44.98,44.98,30.0,0.0,VF CABLEMAX,1.0
4132,KBW,35 - 39,29.99,29.99,140.0,0.0,GIGAZUHAUSE TREUE C,0.0
4133,NRW,35 - 39,29.98,29.98,30.0,0.0,RED INTERNET & PHONE CABLE U,1.0
4134,NRW,30 - 34,34.99,34.99,30.0,0.0,RED INTERNET & PHONE CABLE U,1.0
4135,HSN,35 - 39,39.99,39.99,30.0,0.0,RED INTERNET & PHONE CABLE U,0.0
4136,NRW,35 - 39,34.99,34.99,30.0,0.0,RED INTERNET & PHONE CABLE U,0.0
4137,NRW,30 - 34,44.98,44.98,30.0,0.0,RED INTERNET & PHONE CABLE U,1.0
4138,NRW,40 - 44,24.99,24.99,30.0,0.0,RED INTERNET & PHONE CABLE U,0.0
4139,NRW,40 - 44,29.99,29.99,30.0,0.0,VF RIP U-TREUE,0.0
4140,NRW,50 - 54,43.98,43.98,30.0,0.0,RED INTERNET & PHONE CABLE U,1.0
4141,NRW,60 - 64,34.99,34.99,30.0,0.0,RED INTERNET & PHONE CABLE U,0.0
4142,NRW,18 - 24,39.99,39.99,30.0,0.0,RED INTERNET & PHONE CABLE U,1.0
4143,KBW,18 - 24,39.98,39.98,30.0,0.0,RED INTERNET & PHONE CABLE U,1.0
4144,HSN,40 - 44,39.98,39.98,123.0,0.0,GIGAZUHAUSE KABEL,1.0
4145,NRW,25 - 29,44.98,44.98,30.0,0.0,RED INTERNET & PHONE CABLE U,1.0
4146,HSN,35 - 39,49.97,49.97,30.0,0.0,VF CABLEMAX,0.0
4147,HSN,25 - 29,24.99,24.99,30.0,0.0,VF RIP U-TREUE,1.0
4148,NRW,25 - 29,34.99,34.99,30.0,0.0,RED INTERNET & PHONE CABLE U,1.0
4149,NRW,50 - 54,39.99,39.99,30.0,1.0,RED INTERNET & PHONE CABLE U,1.0
4150,KBW,35 - 39,29.99,29.99,30.0,0.0,VF RIP U-TREUE,0.0
4151,NRW,35 - 39,39.98,39.98,30.0,0.0,RED INTERNET & PHONE CABLE U,0.0
4152,HSN,30 - 34,47.99,47.99,30.0,0.0,VF RIP U-TREUE,1.0
4153,NRW,30 - 34,39.98,39.98,143.0,0.0,GIGAZUHAUSE KABEL,0.0
4154,NRW,80 and over,29.99,29.99,30.0,0.0,VF RIP U-TREUE,0.0
4155,KBW,65 - 69,59.99,59.99,30.0,0.0,GIGAZUHAUSE KABEL,0.0
4156,NRW,65 - 69,32.99,32.99,30.0,0.0,VF RIP U-TREUE,0.0
4157,HSN,30 - 34,49.99,49.99,30.0,0.0,RED INTERNET & PHONE CABLE U,1.0
4158,NRW,18 - 24,34.99,34.99,30.0,0.0,RED INTERNET & PHONE CABLE U,1.0
4159,NRW,40 - 44,49.97,49.97,30.0,0.0,VF CABLEMAX,1.0
4160,NRW,25 - 29,34.99,34.99,30.0,0.0,GIGAZUHAUSE TREUE C,0.0
4161,KBW,30 - 34,34.99,34.99,30.0,0.0,RED INTERNET & PHONE CABLE U,0.0
4162,NRW,25 - 29,34.99,34.99,30.0,0.0,RED INTERNET & PHONE CABLE U,0.0
4163,HSN,40 - 44,44.98,44.98,50.0,0.0,RED INTERNET & PHONE CABLE U,0.0
4164,NRW,35 - 39,44.97,44.97,30.0,0.0,VF CABLEMAX,0.0
4165,NRW,40 - 44,39.98,39.98,30.0,0.0,RED INTERNET & PHONE CABLE U,0.0
4166,NRW,60 - 64,54.98,34.99,30.0,0.0,VF RIP U-TREUE,0.0
4167,NRW,65 - 69,42.97,42.97,30.0,0.0,RED INTERNET & PHONE CABLE U,0.0
4168,HSN,35 - 39,34.99,34.99,30.0,0.0,RED INTERNET & PHONE CABLE U,0.0
4169,KBW,60 - 64,49.99,49.99,30.0,0.0,RED INTERNET & PHONE CABLE U,1.0
4170,NRW,75 - 79,29.99,29.99,30.0,0.0,INTERNET PREMIUM,0.0
4171,NRW,25 - 29,44.98,44.98,30.0,0.0,RED INTERNET & PHONE CABLE U,1.0
4172,KBW,65 - 69,30.95,30.95,30.0,0.0,RED INTERNET & PHONE CABLE U,0.0
4173,NRW,25 - 29,39.99,39.99,30.0,0.0,RED INTERNET & PHONE CABLE U,1.0
4174,KBW,30 - 34,44.98,44.98,30.0,0.0,VF CABLEMAX,0.0
4175,KBW,40 - 44,49.99,49.99,30.0,0.0,GIGAZUHAUSE KABEL,0.0
4176,NRW,45 - 49,29.99,29.99,30.0,0.0,VF RIP U-TREUE,1.0
4177,NRW,60 - 64,48.97,48.97,30.0,0.0,VF CABLEMAX,1.0
4178,NRW,25 - 29,44.98,44.98,30.0,0.0,RED INTERNET & PHONE CABLE U,1.0
4179,KBW,25 - 29,44.98,44.98,30.0,0.0,RED INTERNET & PHONE CABLE U,1.0
4180,NRW,30 - 34,39.99,39.99,30.0,0.0,RED INTERNET & PHONE CABLE U,1.0
4181,KBW,65 - 69,74.98,54.99,30.0,0.0,VF RIP U-TREUE,1.0
4182,KBW,30 - 34,34.99,34.99,30.0,0.0,RED INTERNET & PHONE CABLE U,0.0
4183,KBW,35 - 39,39.99,39.99,30.0,0.0,RED INTERNET & PHONE CABLE U,0.0
4184,NRW,40 - 44,39.99,39.99,30.0,0.0,VF RIP U-TREUE,0.0
4185,HSN,65 - 69,44.98,44.98,30.0,0.0,RED INTERNET & PHONE CABLE U,1.0
4186,KBW,65 - 69,42.98,42.98,30.0,0.0,VF RIP U-TREUE,0.0
4187,NRW,55 - 59,67.95,55.95,30.0,0.0,3PLAY PLUS,0.0
4188,KBW,25 - 29,44.98,44.98,30.0,0.0,VF CABLEMAX,1.0
4189,NRW,35 - 39,47.99,47.99,30.0,0.0,VF RIP U-TREUE,0.0
4190,HSN,25 - 29,34.99,34.99,30.0,0.0,RED INTERNET & PHONE CABLE U,1.0
4191,NRW,45 - 49,44.98,44.98,30.0,0.0,VF CABLEMAX,1.0
4192,NRW,18 - 24,45.98,32.99,30.0,0.0,VF RIP U-TREUE,1.0
4193,KBW,35 - 39,34.99,34.99,30.0,0.0,RED INTERNET & PHONE CABLE U,1.0
4194,NRW,35 - 39,39.99,39.99,30.0,0.0,RED INTERNET & PHONE CABLE U,0.0
4195,NRW,25 - 29,49.99,49.99,30.0,0.0,RED INTERNET & PHONE CABLE U,1.0
4196,NRW,35 - 39,34.99,34.99,30.0,0.0,RED INTERNET & PHONE CABLE U,0.0
4197,KBW,65 - 69,53.96,32.99,30.0,0.0,VF RIP U-TREUE,0.0
4198,KBW,25 - 29,49.97,49.97,30.0,0.0,VF CABLEMAX,1.0
4199,KBW,50 - 54,32.99,32.99,30.0,0.0,VF RIP U-TREUE,0.0
4200,NRW,60 - 64,45.99,54.99,30.0,0.0,RED INTERNET & PHONE CABLE U,1.0
4201,NRW,30 - 34,47.98,47.98,30.0,1.0,GIGAZUHAUSE KABEL,0.0
4202,NRW,35 - 39,34.99,34.99,30.0,0.0,RED INTERNET & PHONE CABLE U,1.0
4203,HSN,75 - 79,39.99,39.99,30.0,0.0,RED INTERNET & PHONE CABLE U,1.0
4204,HSN,50 - 54,49.99,49.99,30.0,0.0,RED INTERNET & PHONE CABLE U,1.0
4205,NRW,75 - 79,24.99,24.99,30.0,0.0,VF RIP U-TREUE,0.0
4206,NRW,30 - 34,44.98,44.98,30.0,0.0,RED INTERNET & PHONE CABLE U,0.0
4207,KBW,50 - 54,62.97,62.98,254.0,0.0,GIGAZUHAUSE KABEL,0.0
4208,KBW,35 - 39,17.99,17.99,30.0,0.0,EAZY FLEX,0.0
4209,NRW,40 - 44,34.99,34.99,30.0,0.0,RED INTERNET & PHONE CABLE U,0.0
4210,KBW,30 - 34,39.99,39.99,30.0,0.0,RED INTERNET & PHONE CABLE U,1.0
4211,KBW,55 - 59,29.99,29.99,30.0,0.0,VF RIP U-TREUE,1.0
4212,NRW,30 - 34,29.99,29.99,30.0,0.0,VF RIP U-TREUE,0.0
4213,KBW,25 - 29,24.99,24.99,30.0,0.0,INTERNET COMFORT,1.0
4214,KBW,45 - 49,34.99,34.99,30.0,0.0,RED INTERNET & PHONE CABLE U,1.0
4215,KBW,25 - 29,54.99,54.99,30.0,0.0,RED INTERNET & PHONE CABLE U,0.0
4216,NRW,30 - 34,48.97,48.97,30.0,0.0,VF CABLEMAX,0.0
4217,NRW,35 - 39,44.98,44.98,30.0,0.0,VF RIP U-TREUE,0.0
4218,NRW,40 - 44,34.99,34.99,30.0,0.0,RED INTERNET & PHONE CABLE U,1.0
4219,NRW,70 - 74,44.98,44.98,30.0,0.0,VF CABLEMAX,1.0
4220,HSN,50 - 54,37.99,37.99,30.0,0.0,VF RIP U-TREUE,1.0
4221,NRW,35 - 39,44.98,44.98,30.0,0.0,RED INTERNET & PHONE CABLE U,0.0
4222,NRW,55 - 59,58.96,47.96,30.0,0.0,GIGAZUHAUSE KABEL,0.0
4223,NRW,35 - 39,39.99,39.99,30.0,0.0,VF RIP U-TREUE,1.0
4224,NRW,50 - 54,32.99,32.99,30.0,0.0,VF RIP U-TREUE,1.0
4225,NRW,60 - 64,29.99,29.99,30.0,0.0,VF RIP U-TREUE,0.0
4226,HSN,55 - 59,49.97,29.99,673.0,0.0,VF RIP U-TREUE,0.0
4227,NRW,45 - 49,44.98,44.98,30.0,0.0,RED INTERNET & PHONE CABLE U,1.0
4228,NRW,50 - 54,50.84,50.84,30.0,0.0,3PLAY PREMIUM,0.0
4229,KBW,45 - 49,53.98,59.98,30.0,0.0,RED INTERNET & PHONE CABLE U,0.0
4230,KBW,30 - 34,37.98,37.98,30.0,0.0,GIGAZUHAUSE KABEL,1.0
4231,NRW,25 - 29,34.99,34.99,30.0,0.0,RED INTERNET & PHONE CABLE U,1.0
4232,NRW,30 - 34,32.99,32.99,30.0,0.0,VF RIP U-TREUE,1.0
4233,NRW,75 - 79,34.99,34.99,30.0,0.0,RED INTERNET & PHONE CABLE U,0.0
4234,NRW,18 - 24,44.98,44.98,30.0,0.0,VF CABLEMAX,1.0
4235,NRW,30 - 34,44.98,44.98,30.0,0.0,VF CABLEMAX,1.0
4236,NRW,35 - 39,44.99,44.99,30.0,0.0,GIGAZUHAUSE KABEL,0.0
4237,KBW,80 and over,34.99,34.99,30.0,0.0,RED INTERNET & PHONE CABLE U,1.0
4238,KBW,30 - 34,39.99,39.99,30.0,0.0,RED INTERNET & PHONE CABLE U,1.0
4239,HSN,80 and over,49.99,49.99,30.0,0.0,RED INTERNET & PHONE CABLE U,1.0
4240,NRW,40 - 44,44.98,44.98,30.0,0.0,VF CABLEMAX,1.0
4241,NRW,55 - 59,34.99,34.99,30.0,0.0,RED INTERNET & PHONE CABLE U,0.0
4242,KBW,30 - 34,74.96,39.99,30.0,0.0,VF RIP U-TREUE,0.0
4243,NRW,70 - 74,34.99,34.99,30.0,0.0,RED INTERNET & PHONE CABLE U,0.0
4244,NRW,35 - 39,29.99,29.99,30.0,0.0,RED INTERNET & PHONE CABLE U,0.0
4245,KBW,30 - 34,34.99,34.99,30.0,0.0,RED INTERNET & PHONE CABLE U,0.0
4246,KBW,50 - 54,32.95,32.95,30.0,0.0,RED INTERNET & PHONE CABLE U,1.0
4247,NRW,35 - 39,39.99,39.99,30.0,0.0,RED INTERNET & PHONE CABLE U,0.0
4248,HSN,35 - 39,49.97,49.97,30.0,0.0,VF CABLEMAX,1.0
4249,NRW,50 - 54,44.98,44.98,30.0,0.0,VF CABLEMAX,0.0
4250,KBW,25 - 29,44.98,44.98,30.0,0.0,VF CABLEMAX,0.0
4251,NRW,30 - 34,54.99,54.99,30.0,0.0,RED INTERNET & PHONE CABLE U,0.0
4252,KBW,40 - 44,42.97,42.97,30.0,0.0,RED INTERNET & PHONE CABLE U,0.0
4253,HSN,50 - 54,39.99,39.99,30.0,0.0,RED INTERNET & PHONE CABLE U,1.0
4254,NRW,45 - 49,49.97,49.97,30.0,0.0,VF CABLEMAX,0.0
4255,NRW,70 - 74,37.98,37.98,30.0,0.0,2PLAY PLUS,1.0
4256,NRW,25 - 29,44.98,44.98,30.0,0.0,VF CABLEMAX,0.0
4257,KBW,55 - 59,42.97,42.97,30.0,0.0,RED INTERNET & PHONE CABLE U,0.0
4258,NRW,30 - 34,59.98,39.99,30.0,0.0,RED INTERNET & PHONE CABLE U,0.0
4259,NRW,25 - 29,34.99,34.99,30.0,0.0,RED INTERNET & PHONE CABLE U,1.0
4260,HSN,50 - 54,169.92,169.92,30.0,0.0,VF CABLEMAX,0.0
4261,NRW,25 - 29,29.99,29.99,280.0,0.0,GIGAZUHAUSE TREUE C,1.0
4262,NRW,55 - 59,49.98,49.98,30.0,0.0,TREUEPLUS,0.0
4263,KBW,18 - 24,34.99,34.99,30.0,0.0,RED INTERNET & PHONE CABLE U,0.0
4264,NRW,60 - 64,39.99,39.99,30.0,0.0,RED INTERNET & PHONE CABLE U,0.0
4265,KBW,55 - 59,54.99,54.99,30.0,0.0,RED INTERNET & PHONE CABLE U,1.0
4266,NRW,45 - 49,32.99,32.99,30.0,0.0,VF RIP U-TREUE,0.0
4267,KBW,30 - 34,39.99,39.99,30.0,0.0,RED INTERNET & PHONE CABLE U,1.0
4268,NRW,45 - 49,57.97,32.99,30.0,0.0,2PLAY,0.0
4269,KBW,60 - 64,37.99,37.99,30.0,0.0,VF RIP U-TREUE,1.0
4270,NRW,35 - 39,44.98,44.98,30.0,0.0,RED INTERNET & PHONE CABLE U,1.0
4271,NRW,30 - 34,34.99,34.99,30.0,0.0,RED INTERNET & PHONE CABLE U,1.0
4272,KBW,25 - 29,19.99,19.99,30.0,0.0,GIGAZUHAUSE KABEL,1.0
4273,NRW,60 - 64,29.99,29.99,30.0,0.0,VF RIP U-TREUE,0.0
4274,NRW,65 - 69,29.99,29.99,30.0,0.0,VF RIP U-TREUE,0.0
4275,NRW,30 - 34,39.99,39.99,30.0,0.0,RED INTERNET & PHONE CABLE U,0.0
4276,NRW,50 - 54,70.95,49.97,30.0,0.0,VF CABLEMAX,1.0
4277,NRW,35 - 39,32.99,32.99,30.0,0.0,VF RIP U-TREUE,1.0
4278,NRW,55 - 59,54.98,54.98,30.0,0.0,GIGAZUHAUSE KABEL,0.0
4279,NRW,70 - 74,29.99,29.99,30.0,0.0,VF RIP U-TREUE,1.0
4280,NRW,25 - 29,44.98,44.98,30.0,0.0,VF CABLEMAX,1.0
4281,KBW,40 - 44,29.99,29.99,30.0,0.0,VF RIP U-TREUE,1.0
4282,KBW,35 - 39,34.99,34.99,30.0,0.0,RED INTERNET & PHONE CABLE U,0.0
4283,KBW,60 - 64,44.98,44.98,30.0,0.0,RED INTERNET & PHONE CABLE U,1.0
4284,NRW,55 - 59,49.97,49.97,30.0,0.0,VF CABLEMAX,1.0
4285,NRW,65 - 69,24.99,24.99,395.0,0.0,GIGAZUHAUSE TREUE C,0.0
4286,KBW,30 - 34,34.99,34.99,30.0,0.0,RED INTERNET & PHONE CABLE U,0.0
4287,KBW,65 - 69,34.99,34.99,30.0,0.0,RED INTERNET & PHONE CABLE U,0.0
4288,NRW,65 - 69,59.99,59.99,30.0,0.0,3PLAY FLY,1.0
4289,KBW,60 - 64,42.98,42.98,30.0,0.0,VF RIP U-TREUE,1.0
4290,NRW,35 - 39,20.97,20.97,30.0,0.0,RED INTERNET & PHONE CABLE U,1.0
4291,NRW,50 - 54,69.95,49.97,30.0,0.0,VF CABLEMAX,0.0
4292,NRW,50 - 54,24.99,24.99,30.0,0.0,RED INTERNET & PHONE CABLE U,0.0
4293,NRW,35 - 39,44.98,44.98,30.0,0.0,RED INTERNET & PHONE CABLE U,0.0
4294,NRW,30 - 34,34.99,34.99,30.0,0.0,RED INTERNET & PHONE CABLE U,0.0
4295,NRW,65 - 69,39.99,39.99,30.0,0.0,RED INTERNET & PHONE CABLE U,1.0
4296,HSN,50 - 54,44.98,44.98,30.0,0.0,VF CABLEMAX,1.0
4297,NRW,50 - 54,44.98,44.98,30.0,0.0,VF CABLEMAX,0.0
4298,NRW,45 - 49,29.99,44.98,30.0,0.0,RED INTERNET & PHONE CABLE U,1.0
4299,NRW,60 - 64,34.99,34.99,30.0,0.0,RED INTERNET & PHONE CABLE U,1.0
4300,NRW,30 - 34,29.99,29.99,30.0,0.0,VF RIP U-TREUE,1.0
4301,NRW,18 - 24,44.98,44.98,30.0,0.0,VF CABLEMAX,0.0
4302,NRW,80 and over,34.99,34.99,30.0,0.0,RED INTERNET & PHONE CABLE U,0.0
4303,KBW,75 - 79,49.98,49.98,30.0,0.0,GIGAZUHAUSE KABEL,1.0
4304,NRW,70 - 74,49.98,29.99,30.0,0.0,VF RIP U-TREUE,0.0
4305,NRW,18 - 24,44.98,44.98,30.0,0.0,VF CABLEMAX,1.0
4306,NRW,65 - 69,49.97,49.97,30.0,0.0,VF CABLEMAX,0.0
4307,KBW,40 - 44,34.99,34.99,30.0,0.0,RED INTERNET & PHONE CABLE U,1.0
4308,NRW,35 - 39,39.99,39.99,30.0,0.0,RED INTERNET & PHONE CABLE U,1.0
4309,NRW,35 - 39,34.99,34.99,30.0,0.0,RED INTERNET & PHONE CABLE U,1.0
4310,HSN,50 - 54,169.92,169.92,30.0,0.0,VF CABLEMAX,0.0
4311,NRW,35 - 39,44.98,44.98,30.0,0.0,RED INTERNET & PHONE CABLE U,0.0
4312,KBW,45 - 49,49.99,49.99,30.0,0.0,RED INTERNET & PHONE CABLE U,0.0
4313,NRW,60 - 64,39.99,39.99,30.0,0.0,VF RIP U-TREUE,0.0
4314,HSN,70 - 74,44.98,44.98,30.0,0.0,VF CABLEMAX,1.0
4315,NRW,45 - 49,53.98,32.99,30.0,0.0,VF RIP U-TREUE,0.0
4316,NRW,35 - 39,49.99,49.99,30.0,0.0,RED INTERNET & PHONE CABLE U,1.0
4317,NRW,30 - 34,29.99,29.99,30.0,0.0,VF RIP U-TREUE,1.0
4318,NRW,35 - 39,29.99,29.99,30.0,0.0,VF RIP U-TREUE,0.0
4319,NRW,40 - 44,44.98,44.98,30.0,0.0,VF CABLEMAX,1.0
4320,HSN,70 - 74,34.99,34.99,30.0,0.0,2PLAY,1.0
4321,NRW,45 - 49,32.99,32.99,322.0,0.0,GIGAZUHAUSE TREUE B,1.0
4322,KBW,65 - 69,39.99,39.99,30.0,0.0,VF RIP U-TREUE,1.0
4323,NRW,45 - 49,44.98,44.98,30.0,0.0,RED INTERNET & PHONE CABLE U,1.0
4324,NRW,65 - 69,44.97,44.97,345.0,0.0,GIGAZUHAUSE KABEL,0.0
4325,KBW,80 and over,39.99,39.99,30.0,0.0,RED INTERNET & PHONE CABLE U,1.0
4326,KBW,45 - 49,29.99,29.99,30.0,0.0,INTERNET PREMIUM,0.0
4327,HSN,55 - 59,44.98,44.98,30.0,0.0,RED INTERNET & PHONE CABLE U,0.0
4328,NRW,60 - 64,62.97,42.98,30.0,0.0,VF RIP U-TREUE,0.0
4329,NRW,35 - 39,44.98,44.98,30.0,0.0,VF CABLEMAX,1.0
4330,NRW,25 - 29,44.98,44.98,30.0,0.0,VF CABLEMAX,0.0
4331,NRW,65 - 69,54.99,54.99,30.0,0.0,RED INTERNET & PHONE CABLE U,1.0
4332,KBW,55 - 59,32.99,32.99,30.0,0.0,VF RIP U-TREUE,1.0
4333,NRW,65 - 69,67.97,48.99,30.0,0.0,3PLAY TREUE,0.0
4334,NRW,45 - 49,32.99,32.99,30.0,0.0,VF RIP U-TREUE,0.0
4335,HSN,35 - 39,29.99,29.99,30.0,0.0,RED INTERNET & PHONE CABLE U,0.0
4336,HSN,18 - 24,54.99,54.99,30.0,0.0,RED INTERNET & PHONE CABLE U,1.0
4337,NRW,45 - 49,29.99,29.99,30.0,0.0,VF RIP U-TREUE,1.0
4338,NRW,60 - 64,44.98,44.98,30.0,0.0,VF CABLEMAX,0.0
4339,NRW,60 - 64,34.99,34.99,30.0,0.0,VF RIP U-TREUE,0.0
4340,NRW,40 - 44,54.98,34.99,30.0,0.0,RED INTERNET & PHONE CABLE U,0.0
4341,NRW,30 - 34,39.99,39.99,30.0,0.0,RED INTERNET & PHONE CABLE U,1.0
4342,NRW,25 - 29,44.98,44.98,30.0,0.0,RED INTERNET & PHONE CABLE U,0.0
4343,NRW,55 - 59,63.96,42.98,30.0,0.0,VF RIP U-TREUE,1.0
4344,KBW,55 - 59,42.98,42.98,30.0,0.0,VF RIP U-TREUE,0.0
4345,KBW,30 - 34,39.99,39.99,30.0,0.0,RED INTERNET & PHONE CABLE U,1.0
4346,NRW,75 - 79,29.99,29.99,30.0,0.0,VF RIP U-TREUE,0.0
4347,NRW,35 - 39,42.97,42.97,517.0,0.0,GIGAZUHAUSE TREUE B,0.0
4348,NRW,25 - 29,34.99,34.99,30.0,0.0,RED INTERNET & PHONE CABLE U,0.0
4349,KBW,65 - 69,44.98,44.98,30.0,0.0,VF RIP U-TREUE,1.0
4350,NRW,30 - 34,44.98,44.98,30.0,0.0,RED INTERNET & PHONE CABLE U,0.0
4351,NRW,55 - 59,39.99,39.99,30.0,0.0,VF RIP U-TREUE,0.0
4352,KBW,70 - 74,44.98,44.98,60.0,0.0,VF CABLEMAX,1.0
4353,NRW,35 - 39,63.96,42.97,30.0,0.0,RED INTERNET & PHONE CABLE U,1.0
4354,HSN,25 - 29,44.98,44.98,30.0,0.0,RED INTERNET & PHONE CABLE U,1.0
4355,HSN,70 - 74,39.99,39.99,30.0,0.0,RED INTERNET & PHONE CABLE U,1.0
4356,NRW,25 - 29,37.98,37.98,30.0,0.0,VF RIP U-TREUE,1.0
4357,NRW,55 - 59,49.97,49.97,30.0,0.0,VF CABLEMAX,0.0
4358,NRW,35 - 39,39.99,39.99,30.0,0.0,RED INTERNET & PHONE CABLE U,1.0
4359,NRW,80 and over,34.99,34.99,30.0,0.0,GIGAZUHAUSE TREUE C,1.0
4360,NRW,35 - 39,49.97,39.98,30.0,0.0,VF CABLEMAX,1.0
4361,NRW,35 - 39,59.99,59.99,30.0,0.0,GIGAZUHAUSE KABEL,1.0
4362,NRW,40 - 44,49.97,49.97,30.0,0.0,VF CABLEMAX,1.0
4363,KBW,55 - 59,54.99,54.99,30.0,0.0,RED INTERNET & PHONE CABLE U,1.0
4364,NRW,75 - 79,57.97,42.98,30.0,0.0,VF RIP U-TREUE,1.0
4365,KBW,30 - 34,44.98,44.98,30.0,0.0,RED INTERNET & PHONE CABLE U,1.0
4366,HSN,65 - 69,59.98,59.98,30.0,0.0,RED INTERNET & PHONE CABLE U,1.0
4367,KBW,45 - 49,72.95,44.97,30.0,0.0,VF CABLEMAX,1.0
4368,HSN,55 - 59,39.98,39.98,30.0,0.0,RED INTERNET & PHONE CABLE U,0.0
4369,HSN,25 - 29,49.99,49.99,30.0,0.0,RED INTERNET & PHONE CABLE U,1.0
4370,NRW,60 - 64,29.99,29.99,30.0,0.0,VF RIP U-TREUE,0.0
4371,NRW,50 - 54,54.99,54.99,30.0,0.0,RED INTERNET & PHONE CABLE U,1.0
4372,NRW,35 - 39,44.98,44.98,30.0,0.0,VF CABLEMAX,0.0
4373,KBW,25 - 29,39.99,39.99,71.0,0.0,RED INTERNET & PHONE CABLE U,0.0
4374,NRW,45 - 49,39.99,39.99,30.0,0.0,RED INTERNET & PHONE CABLE U,0.0
4375,NRW,18 - 24,34.99,34.99,30.0,0.0,RED INTERNET & PHONE CABLE U,0.0
4376,KBW,45 - 49,37.99,37.99,30.0,0.0,VF RIP U-TREUE,1.0
4377,KBW,35 - 39,19.99,19.99,30.0,0.0,EAZY,1.0
4378,NRW,60 - 64,39.99,39.99,30.0,0.0,VF RIP U-TREUE,0.0
4379,NRW,50 - 54,39.99,39.99,30.0,0.0,VF RIP U-TREUE,1.0
4380,KBW,70 - 74,39.98,39.98,30.0,0.0,VF CABLEMAX,0.0
4381,NRW,30 - 34,39.98,39.98,133.0,0.0,GIGAZUHAUSE KABEL,0.0
4382,HSN,40 - 44,39.98,39.98,30.0,0.0,VF CABLEMAX,0.0
4383,NRW,45 - 49,44.98,44.98,30.0,0.0,VF CABLEMAX,1.0
4384,NRW,35 - 39,39.99,39.99,30.0,0.0,VF RIP U-TREUE,0.0
4385,NRW,40 - 44,39.99,39.99,30.0,0.0,VF RIP U-TREUE,0.0
4386,NRW,80 and over,29.98,29.98,30.0,0.0,RED INTERNET & PHONE CABLE U,0.0
4387,KBW,55 - 59,44.98,44.98,30.0,0.0,VF CABLEMAX,0.0
4388,HSN,55 - 59,67.96,109.96,30.0,0.0,RED INTERNET & PHONE CABLE U,1.0
4389,NRW,35 - 39,49.99,49.99,30.0,0.0,GIGAZUHAUSE KABEL,0.0
4390,NRW,65 - 69,44.97,44.97,133.0,0.0,GIGAZUHAUSE TREUE B,1.0
4391,NRW,30 - 34,39.99,39.99,30.0,0.0,RED INTERNET & PHONE CABLE U,1.0
4392,NRW,50 - 54,49.99,49.99,30.0,0.0,GIGAZUHAUSE KABEL,0.0
4393,NRW,35 - 39,34.99,34.99,30.0,0.0,RED INTERNET & PHONE CABLE U,0.0
4394,NRW,60 - 64,35.98,42.98,30.0,0.0,2PLAY PLUS,0.0
4395,KBW,55 - 59,29.99,24.99,206.0,0.0,GIGAZUHAUSE TREUE C,0.0
4396,KBW,40 - 44,44.98,44.98,30.0,0.0,VF CABLEMAX,0.0
4397,NRW,30 - 34,33.74,33.74,30.0,0.0,RED INTERNET & PHONE CABLE U,1.0
4398,KBW,25 - 29,44.98,44.98,30.0,0.0,RED INTERNET & PHONE CABLE U,1.0
4399,HSN,35 - 39,29.99,29.99,30.0,0.0,RED INTERNET & PHONE CABLE U,0.0
4400,NRW,80 and over,37.98,37.98,30.0,0.0,VF RIP U-TREUE,0.0
4401,HSN,35 - 39,39.99,39.99,30.0,0.0,VF RIP U-TREUE,1.0
4402,HSN,30 - 34,44.98,44.98,30.0,0.0,VF CABLEMAX,1.0
4403,NRW,40 - 44,42.97,42.97,30.0,0.0,RED INTERNET & PHONE CABLE U,1.0
4404,NRW,55 - 59,74.94,44.98,569.0,0.0,VF CABLEMAX,1.0
4405,KBW,40 - 44,44.98,44.98,30.0,0.0,VF RIP U-TREUE,1.0
4406,NRW,40 - 44,32.99,27.99,559.0,0.0,VF RIP U-TREUE,1.0
4407,NRW,30 - 34,48.97,48.97,30.0,0.0,VF CABLEMAX,1.0
4408,KBW,60 - 64,29.99,29.99,30.0,0.0,INTERNET PREMIUM,0.0
4409,KBW,40 - 44,29.98,29.98,30.0,0.0,RED INTERNET & PHONE CABLE U,1.0
4410,NRW,35 - 39,34.99,34.99,30.0,0.0,VF RIP U-TREUE,0.0
4411,HSN,30 - 34,37.99,37.99,30.0,0.0,VF RIP U-TREUE,0.0
4412,NRW,65 - 69,44.98,44.98,30.0,0.0,RED INTERNET & PHONE CABLE U,0.0
4413,NRW,35 - 39,47.97,44.97,617.0,0.0,GIGAZUHAUSE KABEL,0.0
4414,HSN,25 - 29,44.99,44.99,136.0,0.0,GIGAZUHAUSE KABEL,1.0
4415,HSN,45 - 49,44.98,29.99,30.0,0.0,VF RIP U-TREUE,1.0
4416,NRW,25 - 29,44.98,44.98,30.0,0.0,VF CABLEMAX,0.0
4417,KBW,30 - 34,39.99,39.99,30.0,0.0,RED INTERNET & PHONE CABLE U,1.0
4418,NRW,35 - 39,44.98,44.98,30.0,0.0,VF CABLEMAX,0.0
4419,NRW,70 - 74,34.99,34.99,30.0,0.0,RED INTERNET & PHONE CABLE U,1.0
4420,KBW,55 - 59,51.94,54.47,584.0,0.0,2PLAY,1.0
4421,NRW,45 - 49,63.97,46.98,30.0,0.0,VF RIP U-TREUE,1.0
4422,KBW,80 and over,68.95,37.98,30.0,0.0,VF RIP U-TREUE,0.0
4423,KBW,80 and over,34.99,34.99,30.0,0.0,RED INTERNET & PHONE CABLE U,1.0
4424,NRW,65 - 69,59.98,39.99,30.0,0.0,VF RIP U-TREUE,0.0
4425,KBW,25 - 29,39.99,39.99,30.0,0.0,RED INTERNET & PHONE CABLE U,1.0
4426,KBW,80 and over,35.86,35.0,30.0,0.0,2PLAY,0.0
4427,HSN,35 - 39,39.99,39.99,30.0,0.0,RED INTERNET & PHONE CABLE U,0.0
4428,NRW,55 - 59,44.98,44.98,30.0,0.0,RED INTERNET & PHONE CABLE U,1.0
4429,KBW,40 - 44,37.98,37.98,254.0,0.0,GIGAZUHAUSE TREUE B,0.0
4430,KBW,60 - 64,44.98,44.98,30.0,0.0,VF CABLEMAX,0.0
4431,NRW,60 - 64,34.99,34.99,30.0,0.0,RED INTERNET & PHONE CABLE U,0.0
4432,NRW,30 - 34,44.98,44.98,30.0,0.0,RED INTERNET & PHONE CABLE U,1.0
4433,KBW,18 - 24,39.99,39.99,30.0,0.0,RED INTERNET & PHONE CABLE U,1.0
4434,KBW,25 - 29,34.99,34.99,30.0,0.0,RED INTERNET & PHONE CABLE U,1.0
4435,NRW,30 - 34,39.99,39.99,30.0,0.0,VF RIP U-TREUE,0.0
4436,NRW,65 - 69,49.98,49.98,30.0,0.0,GIGAZUHAUSE KABEL,1.0
4437,NRW,80 and over,29.98,29.99,30.0,0.0,VF RIP U-TREUE,0.0
4438,HSN,40 - 44,39.99,39.99,30.0,0.0,RED INTERNET & PHONE CABLE U,0.0
4439,KBW,25 - 29,65.97,44.98,30.0,0.0,RED INTERNET & PHONE CABLE U,0.0
4440,NRW,40 - 44,42.98,42.98,30.0,0.0,VF RIP U-TREUE,1.0
4441,HSN,55 - 59,34.99,34.99,30.0,0.0,RED INTERNET & PHONE CABLE U,1.0
4442,NRW,30 - 34,34.99,34.99,30.0,0.0,RED INTERNET & PHONE CABLE U,1.0
4443,KBW,55 - 59,49.97,49.97,30.0,0.0,VF CABLEMAX,0.0
4444,NRW,40 - 44,32.99,32.99,30.0,0.0,VF RIP U-TREUE,0.0
4445,NRW,25 - 29,34.99,34.99,30.0,0.0,RED INTERNET & PHONE CABLE U,1.0
4446,NRW,25 - 29,44.98,44.98,30.0,0.0,RED INTERNET & PHONE CABLE U,0.0
4447,NRW,35 - 39,39.99,39.99,30.0,0.0,RED INTERNET & PHONE CABLE U,0.0
4448,KBW,55 - 59,49.99,49.99,30.0,0.0,RED INTERNET & PHONE CABLE U,0.0
4449,NRW,25 - 29,44.97,34.99,30.0,0.0,RED INTERNET & PHONE CABLE U,0.0
4450,NRW,80 and over,27.97,27.97,30.0,0.0,RED INTERNET & PHONE CABLE U,0.0
4451,NRW,70 - 74,39.99,39.99,30.0,0.0,VF RIP U-TREUE,1.0
4452,NRW,30 - 34,34.99,34.99,30.0,0.0,RED INTERNET & PHONE CABLE U,1.0
4453,KBW,25 - 29,44.98,44.98,30.0,0.0,VF CABLEMAX,1.0
4454,NRW,30 - 34,44.98,44.98,30.0,0.0,RED INTERNET & PHONE CABLE U,1.0
4455,NRW,30 - 34,39.98,39.98,30.0,0.0,VF CABLEMAX,1.0
4456,NRW,50 - 54,44.98,44.98,30.0,0.0,VF CABLEMAX,0.0
4457,NRW,30 - 34,69.96,39.98,60.0,0.0,VF CABLEMAX,0.0
4458,KBW,60 - 64,34.99,34.99,30.0,0.0,RED INTERNET & PHONE CABLE U,0.0
4459,NRW,45 - 49,44.98,44.98,30.0,0.0,RED INTERNET & PHONE CABLE U,0.0
4460,KBW,60 - 64,11.98,11.98,30.0,0.0,EAZY,0.0
4461,HSN,70 - 74,39.99,39.99,30.0,0.0,RED INTERNET & PHONE CABLE U,0.0
4462,KBW,40 - 44,39.99,39.99,30.0,0.0,RED INTERNET & PHONE CABLE U,1.0
4463,KBW,25 - 29,54.99,54.99,30.0,0.0,RED INTERNET & PHONE CABLE U,1.0
4464,KBW,65 - 69,54.98,54.98,30.0,0.0,RED INTERNET & PHONE CABLE U,0.0
4465,NRW,55 - 59,44.98,44.98,30.0,0.0,VF CABLEMAX,1.0
4466,NRW,35 - 39,34.99,34.99,30.0,0.0,RED INTERNET & PHONE CABLE U,0.0
4467,NRW,35 - 39,44.98,44.98,30.0,0.0,VF CABLEMAX,0.0
4468,NRW,25 - 29,34.99,34.99,165.0,0.0,GIGAZUHAUSE KABEL,1.0
4469,NRW,40 - 44,34.99,34.99,30.0,0.0,RED INTERNET & PHONE CABLE U,0.0
4470,NRW,45 - 49,44.98,44.98,30.0,0.0,RED INTERNET & PHONE CABLE U,1.0
4471,NRW,40 - 44,54.99,54.99,30.0,0.0,RED INTERNET & PHONE CABLE U,0.0
4472,NRW,25 - 29,44.98,44.98,30.0,0.0,RED INTERNET & PHONE CABLE U,1.0
4473,NRW,30 - 34,44.98,44.98,30.0,0.0,VF CABLEMAX,1.0
4474,KBW,30 - 34,44.98,44.98,30.0,0.0,VF CABLEMAX,0.0
4475,KBW,30 - 34,47.99,47.99,30.0,0.0,VF RIP U-TREUE,1.0
4476,NRW,35 - 39,34.99,34.99,30.0,0.0,RED INTERNET & PHONE CABLE U,1.0
4477,NRW,70 - 74,34.99,34.99,30.0,0.0,RED INTERNET & PHONE CABLE U,1.0
4478,HSN,50 - 54,49.99,49.99,30.0,0.0,RED INTERNET & PHONE CABLE U,0.0
4479,KBW,60 - 64,44.98,44.98,30.0,0.0,VF CABLEMAX,1.0
4480,NRW,35 - 39,44.98,44.98,30.0,0.0,VF CABLEMAX,1.0
4481,NRW,45 - 49,0.0,0.0,30.0,0.0,MMA,1.0
4482,NRW,45 - 49,44.98,44.98,30.0,0.0,VF CABLEMAX,1.0
4483,NRW,65 - 69,34.99,34.99,30.0,0.0,RED INTERNET & PHONE CABLE U,1.0
4484,KBW,75 - 79,42.98,42.98,30.0,0.0,VF RIP U-TREUE,1.0
4485,NRW,65 - 69,37.99,37.99,30.0,0.0,VF RIP U-TREUE,0.0
4486,NRW,25 - 29,44.98,44.98,30.0,0.0,VF CABLEMAX,0.0
4487,NRW,35 - 39,29.99,29.99,30.0,0.0,RED INTERNET & PHONE CABLE U,0.0
4488,NRW,60 - 64,49.99,49.99,30.0,0.0,GIGAZUHAUSE KABEL,0.0
4489,KBW,30 - 34,48.97,48.97,30.0,0.0,VF CABLEMAX,1.0
4490,NRW,25 - 29,44.98,44.98,30.0,0.0,VF CABLEMAX,0.0
4491,KBW,55 - 59,54.99,54.99,30.0,0.0,RED INTERNET & PHONE CABLE U,0.0
4492,HSN,50 - 54,34.99,34.99,30.0,0.0,RED INTERNET & PHONE CABLE U,0.0
4493,NRW,75 - 79,47.96,47.96,30.0,0.0,RED INTERNET & PHONE CABLE U,1.0
4494,NRW,45 - 49,39.99,39.99,30.0,0.0,VF RIP U-TREUE,0.0
4495,HSN,45 - 49,39.99,39.99,30.0,0.0,RED INTERNET & PHONE CABLE U,0.0
4496,HSN,50 - 54,44.98,44.98,30.0,0.0,VF CABLEMAX,1.0
4497,NRW,50 - 54,44.98,44.98,30.0,0.0,VF CABLEMAX,0.0
4498,HSN,50 - 54,39.99,39.99,30.0,0.0,RED INTERNET & PHONE CABLE U,1.0
4499,NRW,35 - 39,39.99,39.99,30.0,0.0,RED INTERNET & PHONE CABLE U,0.0
4500,KBW,80 and over,29.99,29.99,30.0,0.0,VF RIP U-TREUE,0.0
4501,KBW,30 - 34,39.99,39.99,30.0,0.0,RED INTERNET & PHONE CABLE U,1.0
4502,NRW,35 - 39,39.98,39.98,109.0,0.0,GIGAZUHAUSE KABEL,0.0
4503,KBW,30 - 34,39.99,39.99,30.0,0.0,RED INTERNET & PHONE CABLE U,0.0
4504,NRW,60 - 64,29.99,29.99,30.0,0.0,VF RIP U-TREUE,0.0
4505,HSN,55 - 59,74.95,49.97,30.0,0.0,GIGAZUHAUSE KABEL,1.0
4506,NRW,50 - 54,44.98,44.98,30.0,0.0,RED INTERNET & PHONE CABLE U,1.0
4507,NRW,55 - 59,34.99,34.99,30.0,0.0,RED INTERNET & PHONE CABLE U,1.0
4508,KBW,55 - 59,54.98,54.98,30.0,0.0,GIGAZUHAUSE KABEL,0.0
4509,KBW,50 - 54,29.99,29.99,30.0,0.0,RED INTERNET & PHONE CABLE U,0.0
4510,KBW,55 - 59,42.97,42.97,30.0,0.0,RED INTERNET & PHONE CABLE U,1.0
4511,KBW,55 - 59,39.99,39.99,30.0,0.0,RED INTERNET & PHONE CABLE U,1.0
4512,KBW,30 - 34,44.98,44.98,30.0,0.0,VF CABLEMAX,1.0
4513,KBW,35 - 39,34.99,34.99,30.0,0.0,RED INTERNET & PHONE CABLE U,1.0
4514,NRW,55 - 59,44.98,44.98,30.0,0.0,RED INTERNET & PHONE CABLE U,0.0
4515,KBW,70 - 74,59.97,39.99,30.0,0.0,VF RIP U-TREUE,1.0
4516,KBW,45 - 49,47.99,47.99,30.0,0.0,VF RIP U-TREUE,0.0
4517,KBW,35 - 39,44.98,29.99,30.0,0.0,VF RIP U-TREUE,1.0
4518,KBW,55 - 59,44.98,44.98,30.0,0.0,RED INTERNET & PHONE CABLE U,1.0
4519,NRW,40 - 44,44.98,44.98,30.0,0.0,RED INTERNET & PHONE CABLE U,1.0
4520,NRW,25 - 29,44.98,44.98,30.0,0.0,VF CABLEMAX,1.0
4521,NRW,25 - 29,34.99,34.99,30.0,0.0,RED INTERNET & PHONE CABLE U,1.0
4522,NRW,35 - 39,44.98,44.98,30.0,0.0,VF CABLEMAX,0.0
4523,NRW,18 - 24,61.97,34.99,30.0,0.0,RED INTERNET & PHONE CABLE U,1.0
4524,KBW,65 - 69,37.99,37.99,30.0,0.0,VF RIP U-TREUE,0.0
4525,NRW,40 - 44,44.98,44.98,30.0,0.0,VF CABLEMAX,1.0
4526,NRW,25 - 29,34.99,34.99,30.0,0.0,RED INTERNET & PHONE CABLE U,1.0
4527,KBW,50 - 54,49.97,49.97,30.0,0.0,VF CABLEMAX,0.0
4528,KBW,65 - 69,49.97,49.97,30.0,0.0,VF CABLEMAX,1.0
4529,HSN,25 - 29,52.98,52.98,30.0,1.0,GIGAZUHAUSE KABEL,0.0
4530,NRW,45 - 49,39.99,39.99,30.0,0.0,RED INTERNET & PHONE CABLE U,0.0
4531,NRW,40 - 44,69.96,44.98,30.0,0.0,RED INTERNET & PHONE CABLE U,1.0
4532,KBW,35 - 39,49.99,49.99,30.0,0.0,RED INTERNET & PHONE CABLE U,0.0
4533,NRW,45 - 49,39.99,39.99,30.0,0.0,RED INTERNET & PHONE CABLE U,1.0
4534,KBW,30 - 34,39.99,39.99,30.0,0.0,VF RIP U-TREUE,0.0
4535,KBW,25 - 29,44.98,44.98,30.0,0.0,RED INTERNET & PHONE CABLE U,1.0
4536,NRW,45 - 49,44.98,44.98,30.0,0.0,VF CABLEMAX,0.0
4537,HSN,60 - 64,39.98,39.98,30.0,0.0,VF CABLEMAX,0.0
4538,NRW,30 - 34,29.99,29.99,30.0,0.0,RED INTERNET & PHONE CABLE U,1.0
4539,NRW,45 - 49,44.98,44.98,30.0,0.0,VF CABLEMAX,0.0
4540,NRW,40 - 44,39.99,39.99,30.0,0.0,RED INTERNET & PHONE CABLE U,0.0
4541,NRW,25 - 29,39.98,39.98,30.0,0.0,RED INTERNET & PHONE CABLE U,1.0
4542,NRW,50 - 54,29.99,29.99,30.0,0.0,VF RIP U-TREUE,0.0
4543,KBW,50 - 54,42.95,42.95,30.0,0.0,2PLAY,0.0
4544,KBW,25 - 29,39.99,39.99,30.0,0.0,RED INTERNET & PHONE CABLE U,0.0
4545,KBW,50 - 54,44.98,44.98,30.0,0.0,VF CABLEMAX,1.0
4546,NRW,65 - 69,74.95,49.99,30.0,0.0,VF RIP U-TREUE,1.0
4547,KBW,30 - 34,39.99,39.99,30.0,0.0,RED INTERNET & PHONE CABLE U,0.0
4548,KBW,65 - 69,49.99,49.99,30.0,0.0,VF RIP U-TREUE,0.0
4549,KBW,25 - 29,34.99,34.99,30.0,0.0,RED INTERNET & PHONE CABLE U,1.0
4550,KBW,45 - 49,44.98,44.98,30.0,0.0,RED INTERNET & PHONE CABLE U,0.0
4551,KBW,25 - 29,39.98,39.98,30.0,0.0,RED INTERNET & PHONE CABLE U,0.0
4552,NRW,65 - 69,58.98,58.98,30.0,0.0,RED INTERNET & PHONE CABLE U,0.0
4553,NRW,70 - 74,49.97,49.97,30.0,0.0,VF CABLEMAX,1.0
4554,KBW,30 - 34,32.99,32.99,143.0,0.0,GIGAZUHAUSE TREUE B,1.0
4555,NRW,35 - 39,34.99,34.99,30.0,0.0,RED INTERNET & PHONE CABLE U,1.0
4556,HSN,55 - 59,44.98,44.98,30.0,0.0,VF CABLEMAX,0.0
4557,HSN,35 - 39,44.98,44.98,30.0,0.0,VF CABLEMAX,1.0
4558,NRW,25 - 29,29.99,29.99,30.0,0.0,INTERNET PREMIUM,1.0
4559,NRW,25 - 29,39.98,39.98,133.0,0.0,GIGAZUHAUSE KABEL,0.0
4560,NRW,45 - 49,29.99,29.99,30.0,0.0,VF RIP U-TREUE,0.0
4561,KBW,80 and over,34.99,34.99,30.0,0.0,RED INTERNET & PHONE CABLE U,1.0
4562,HSN,55 - 59,44.98,44.98,30.0,0.0,VF CABLEMAX,1.0
4563,NRW,40 - 44,49.97,49.97,30.0,0.0,VF CABLEMAX,1.0
4564,KBW,25 - 29,64.97,39.99,30.0,0.0,RED INTERNET & PHONE CABLE U,1.0
4565,KBW,25 - 29,54.99,54.99,30.0,0.0,RED INTERNET & PHONE CABLE U,0.0
4566,KBW,30 - 34,37.98,37.98,30.0,0.0,VF RIP U-TREUE,1.0
4567,KBW,65 - 69,54.98,54.98,30.0,0.0,RED INTERNET & PHONE CABLE U,0.0
4568,HSN,80 and over,49.97,49.97,30.0,0.0,VF CABLEMAX,1.0
4569,NRW,30 - 34,44.98,44.98,30.0,0.0,RED INTERNET & PHONE CABLE U,0.0
4570,HSN,70 - 74,39.99,39.99,30.0,0.0,RED INTERNET & PHONE CABLE U,0.0
4571,KBW,35 - 39,44.98,44.98,30.0,0.0,VF CABLEMAX,0.0
4572,NRW,18 - 24,44.98,44.98,30.0,0.0,RED INTERNET & PHONE CABLE U,1.0
4573,HSN,45 - 49,59.98,39.99,30.0,0.0,RED INTERNET & PHONE CABLE U,0.0
4574,HSN,40 - 44,24.99,24.99,30.0,0.0,INTERNET COMFORT,1.0
4575,KBW,35 - 39,44.98,44.98,30.0,0.0,RED INTERNET & PHONE CABLE U,1.0
4576,NRW,65 - 69,42.86,42.86,30.0,0.0,3PLAY,0.0
4577,HSN,65 - 69,34.99,34.99,30.0,0.0,RED INTERNET & PHONE CABLE U,1.0
4578,NRW,40 - 44,49.97,49.97,30.0,0.0,VF CABLEMAX,1.0
4579,NRW,35 - 39,34.99,34.99,30.0,0.0,RED INTERNET & PHONE CABLE U,0.0
4580,KBW,40 - 44,44.98,44.98,30.0,0.0,RED INTERNET & PHONE CABLE U,0.0
4581,NRW,25 - 29,37.99,37.99,30.0,0.0,VF RIP U-TREUE,0.0
4582,NRW,35 - 39,49.99,49.99,30.0,0.0,RED INTERNET & PHONE CABLE U,0.0
4583,KBW,55 - 59,39.99,39.99,30.0,0.0,RED INTERNET & PHONE CABLE U,1.0
4584,NRW,30 - 34,44.98,44.98,30.0,0.0,VF CABLEMAX,0.0
4585,NRW,70 - 74,70.98,49.99,30.0,0.0,RED INTERNET & PHONE CABLE U,0.0
4586,NRW,50 - 54,44.98,44.98,30.0,0.0,VF CABLEMAX,0.0
4587,HSN,35 - 39,39.99,39.99,30.0,0.0,RED INTERNET & PHONE CABLE U,1.0
4588,NRW,60 - 64,70.97,29.99,30.0,0.0,VF RIP U-TREUE,0.0
4589,NRW,30 - 34,49.97,49.97,30.0,0.0,VF CABLEMAX,1.0
4590,NRW,40 - 44,44.98,44.98,30.0,0.0,VF CABLEMAX,1.0
4591,NRW,25 - 29,32.99,32.99,30.0,0.0,VF RIP U-TREUE,1.0
4592,NRW,30 - 34,29.99,29.99,30.0,0.0,RED INTERNET & PHONE CABLE U,1.0
4593,NRW,80 and over,32.95,32.95,30.0,0.0,RED INTERNET & PHONE CABLE U,0.0
4594,KBW,40 - 44,49.99,49.99,30.0,0.0,RED INTERNET & PHONE CABLE U,0.0
4595,KBW,25 - 29,39.99,39.99,30.0,0.0,RED INTERNET & PHONE CABLE U,1.0
4596,NRW,30 - 34,34.99,34.99,30.0,0.0,RED INTERNET & PHONE CABLE U,0.0
4597,NRW,35 - 39,49.99,49.99,30.0,0.0,GIGAZUHAUSE KABEL,1.0
4598,NRW,35 - 39,47.99,47.99,30.0,0.0,VF RIP U-TREUE,1.0
4599,KBW,45 - 49,39.98,39.98,30.0,0.0,VF CABLEMAX,1.0
4600,NRW,75 - 79,42.97,42.97,577.0,0.0,GIGAZUHAUSE KABEL,1.0
4601,KBW,25 - 29,39.99,39.99,30.0,0.0,RED INTERNET & PHONE CABLE U,1.0
4602,NRW,50 - 54,44.98,44.98,30.0,0.0,VF CABLEMAX,0.0
4603,NRW,60 - 64,34.99,34.99,30.0,0.0,RED INTERNET & PHONE CABLE U,1.0
4604,NRW,30 - 34,39.99,39.99,30.0,0.0,VF RIP U-TREUE,1.0
4605,NRW,25 - 29,44.98,44.98,30.0,0.0,RED INTERNET & PHONE CABLE U,1.0
4606,NRW,25 - 29,34.99,34.99,30.0,0.0,GIGAZUHAUSE KABEL,1.0
4607,NRW,30 - 34,49.97,49.97,30.0,0.0,VF CABLEMAX,1.0
4608,NRW,60 - 64,39.98,39.98,30.0,1.0,VF RIP U-TREUE,0.0
4609,NRW,65 - 69,50.97,44.98,30.0,0.0,VF CABLEMAX,1.0
4610,KBW,50 - 54,39.98,39.98,30.0,0.0,VF CABLEMAX,0.0
4611,NRW,60 - 64,44.98,44.98,30.0,0.0,RED INTERNET & PHONE CABLE U,1.0
4612,NRW,55 - 59,49.97,49.97,30.0,0.0,VF CABLEMAX,0.0
4613,KBW,60 - 64,82.96,43.97,30.0,0.0,VF CABLEMAX,1.0
4614,KBW,30 - 34,34.99,34.99,85.0,0.0,RED INTERNET & PHONE CABLE U,0.0
4615,NRW,55 - 59,44.98,44.98,30.0,0.0,RED INTERNET & PHONE CABLE U,0.0
4616,NRW,30 - 34,39.98,39.98,30.0,0.0,GIGAZUHAUSE KABEL,0.0
4617,NRW,25 - 29,34.99,34.99,30.0,0.0,RED INTERNET & PHONE CABLE U,1.0
4618,NRW,25 - 29,44.98,44.98,30.0,0.0,VF CABLEMAX,0.0
4619,HSN,30 - 34,34.99,34.99,30.0,0.0,RED INTERNET & PHONE CABLE U,0.0
4620,HSN,25 - 29,34.99,34.99,30.0,0.0,RED INTERNET & PHONE CABLE U,1.0
4621,NRW,50 - 54,24.99,24.99,30.0,0.0,INTERNET COMFORT,0.0
4622,KBW,30 - 34,29.99,29.99,30.0,0.0,VF RIP U-TREUE,0.0
4623,HSN,40 - 44,34.99,34.99,30.0,0.0,RED INTERNET & PHONE CABLE U,1.0
4624,NRW,45 - 49,44.98,44.98,30.0,0.0,VF CABLEMAX,1.0
4625,HSN,40 - 44,44.98,44.98,30.0,0.0,VF CABLEMAX,1.0
4626,KBW,25 - 29,44.98,44.98,30.0,0.0,VF CABLEMAX,1.0
4627,NRW,55 - 59,39.98,39.98,30.0,0.0,RED INTERNET & PHONE CABLE U,0.0
4628,HSN,45 - 49,44.98,44.98,30.0,0.0,RED INTERNET & PHONE CABLE U,1.0
4629,KBW,25 - 29,39.99,39.99,30.0,0.0,VF RIP U-TREUE,0.0
4630,NRW,50 - 54,44.98,44.98,30.0,0.0,RED INTERNET & PHONE CABLE U,0.0
4631,HSN,60 - 64,39.99,39.99,30.0,0.0,RED INTERNET & PHONE CABLE U,1.0
4632,KBW,35 - 39,39.99,39.99,30.0,0.0,VF RIP U-TREUE,1.0
4633,KBW,35 - 39,44.98,44.98,30.0,0.0,VF CABLEMAX,1.0
4634,KBW,40 - 44,44.98,44.98,30.0,0.0,VF CABLEMAX,0.0
4635,HSN,45 - 49,34.99,34.99,30.0,0.0,RED INTERNET & PHONE CABLE U,1.0
4636,KBW,55 - 59,34.99,34.99,30.0,0.0,RED INTERNET & PHONE CABLE U,0.0
4637,KBW,70 - 74,39.99,39.99,30.0,0.0,RED INTERNET & PHONE CABLE U,0.0
4638,KBW,18 - 24,37.98,37.98,30.0,0.0,VF RIP U-TREUE,0.0
4639,NRW,40 - 44,39.99,39.99,30.0,0.0,RED INTERNET & PHONE CABLE U,1.0
4640,NRW,35 - 39,39.98,39.98,318.0,0.0,GIGAZUHAUSE KABEL,1.0
4641,NRW,40 - 44,49.97,49.97,30.0,0.0,RED INTERNET & PHONE CABLE U,0.0
4642,NRW,55 - 59,44.98,44.98,397.0,0.0,VF CABLEMAX,1.0
4643,NRW,35 - 39,29.99,29.99,30.0,0.0,VF RIP U-TREUE,0.0
4644,NRW,35 - 39,29.99,29.99,30.0,0.0,INTERNET PREMIUM,1.0
4645,NRW,65 - 69,44.98,44.98,30.0,0.0,VF CABLEMAX,0.0
4646,HSN,55 - 59,34.99,34.99,30.0,0.0,RED INTERNET & PHONE CABLE U,0.0
4647,NRW,50 - 54,49.97,49.97,30.0,0.0,VF CABLEMAX,1.0
4648,NRW,75 - 79,34.99,34.99,30.0,0.0,RED INTERNET & PHONE CABLE U,0.0
4649,HSN,50 - 54,49.99,49.99,30.0,0.0,RED INTERNET & PHONE CABLE U,0.0
4650,HSN,30 - 34,29.99,29.99,30.0,0.0,VF RIP U-TREUE,1.0
4651,KBW,70 - 74,39.99,39.99,30.0,0.0,RED INTERNET & PHONE CABLE U,1.0
4652,KBW,30 - 34,49.99,49.99,30.0,0.0,GIGAZUHAUSE KABEL,0.0
4653,NRW,65 - 69,65.97,44.98,30.0,0.0,RED INTERNET & PHONE CABLE U,1.0
4654,KBW,25 - 29,54.98,34.99,30.0,0.0,RED INTERNET & PHONE CABLE U,1.0
4655,KBW,30 - 34,34.99,34.99,30.0,0.0,RED INTERNET & PHONE CABLE U,1.0
4656,NRW,70 - 74,63.96,42.97,84.0,0.0,RED INTERNET & PHONE CABLE U,1.0
4657,KBW,35 - 39,44.98,44.98,30.0,0.0,VF CABLEMAX,0.0
4658,NRW,55 - 59,69.96,44.98,30.0,0.0,RED INTERNET & PHONE CABLE U,1.0
4659,KBW,25 - 29,44.98,44.98,30.0,0.0,RED INTERNET & PHONE CABLE U,1.0
4660,NRW,80 and over,52.96,52.96,30.0,0.0,VF CABLEMAX,1.0
4661,HSN,18 - 24,44.98,44.98,30.0,0.0,RED INTERNET & PHONE CABLE U,0.0
4662,NRW,65 - 69,32.99,32.99,30.0,0.0,VF RIP U-TREUE,0.0
4663,NRW,25 - 29,54.99,54.99,30.0,0.0,RED INTERNET & PHONE CABLE U,1.0
4664,NRW,45 - 49,44.98,44.98,30.0,0.0,VF CABLEMAX,0.0
4665,KBW,55 - 59,39.99,39.99,30.0,0.0,RED INTERNET & PHONE CABLE U,0.0
4666,NRW,35 - 39,32.99,32.99,30.0,0.0,VF RIP U-TREUE,0.0
4667,KBW,35 - 39,34.99,34.99,30.0,0.0,RED INTERNET & PHONE CABLE U,1.0
4668,NRW,80 and over,34.99,34.99,30.0,0.0,RED INTERNET & PHONE CABLE U,0.0
4669,NRW,50 - 54,29.99,29.99,30.0,0.0,VF RIP U-TREUE,0.0
4670,NRW,18 - 24,39.99,39.99,30.0,0.0,RED INTERNET & PHONE CABLE U,1.0
4671,NRW,70 - 74,32.99,32.99,30.0,0.0,VF RIP U-TREUE,0.0
4672,NRW,55 - 59,49.99,49.99,30.0,0.0,RED INTERNET & PHONE CABLE U,0.0
4673,KBW,25 - 29,58.98,58.98,30.0,0.0,RED INTERNET & PHONE CABLE U,0.0
4674,NRW,55 - 59,52.98,52.98,30.0,0.0,GIGAZUHAUSE KABEL,1.0
4675,HSN,30 - 34,39.99,39.99,30.0,0.0,VF CABLEMAX,0.0
4676,NRW,40 - 44,42.97,42.97,30.0,0.0,GIGAZUHAUSE KABEL,1.0
4677,HSN,50 - 54,39.99,39.99,30.0,0.0,RED INTERNET & PHONE CABLE U,0.0
4678,NRW,30 - 34,34.99,34.99,30.0,0.0,RED INTERNET & PHONE CABLE U,1.0
4679,NRW,30 - 34,29.99,29.99,30.0,0.0,RED INTERNET & PHONE CABLE U,1.0
4680,KBW,35 - 39,29.99,29.99,30.0,0.0,VF RIP U-TREUE,0.0
4681,KBW,30 - 34,44.98,44.98,30.0,0.0,VF CABLEMAX,1.0
4682,NRW,60 - 64,29.99,29.99,30.0,0.0,VF RIP U-TREUE,0.0
4683,KBW,30 - 34,34.99,34.99,30.0,0.0,GIGAZUHAUSE KABEL,1.0
4684,NRW,50 - 54,42.97,42.97,30.0,0.0,RED INTERNET & PHONE CABLE U,1.0
4685,KBW,75 - 79,49.99,49.99,30.0,0.0,GIGAZUHAUSE KABEL,1.0
4686,NRW,35 - 39,44.98,44.98,30.0,0.0,RED INTERNET & PHONE CABLE U,1.0
4687,KBW,30 - 34,24.99,24.99,30.0,0.0,GIGAZUHAUSE TREUE C,0.0
4688,KBW,70 - 74,32.99,32.99,30.0,0.0,VF RIP U-TREUE,1.0
4689,KBW,60 - 64,47.98,47.98,243.0,0.0,GIGAZUHAUSE KABEL,1.0
4690,KBW,65 - 69,62.95,42.98,30.0,0.0,VF RIP U-TREUE,0.0
4691,HSN,50 - 54,79.93,49.97,30.0,0.0,VF CABLEMAX,1.0
4692,NRW,60 - 64,39.99,39.99,30.0,0.0,RED INTERNET & PHONE CABLE U,0.0
4693,NRW,65 - 69,44.98,44.98,30.0,0.0,RED INTERNET & PHONE CABLE U,1.0
4694,NRW,40 - 44,44.98,44.98,30.0,0.0,VF CABLEMAX,1.0
4695,NRW,40 - 44,24.99,24.99,30.0,0.0,INTERNET COMFORT,1.0
4696,NRW,25 - 29,29.99,29.99,30.0,0.0,VF RIP U-TREUE,0.0
4697,NRW,60 - 64,43.97,43.97,30.0,0.0,VF CABLEMAX,1.0
4698,KBW,60 - 64,34.99,34.99,30.0,0.0,RED INTERNET & PHONE CABLE U,1.0
4699,KBW,40 - 44,44.98,44.98,30.0,0.0,VF CABLEMAX,1.0
4700,NRW,70 - 74,29.99,29.99,30.0,0.0,VF RIP U-TREUE,0.0
4701,NRW,65 - 69,44.98,34.99,30.0,0.0,RED INTERNET & PHONE CABLE U,1.0
4702,NRW,25 - 29,24.98,19.98,687.0,0.0,GIGAZUHAUSE TREUE C,1.0
4703,KBW,55 - 59,44.98,44.98,30.0,0.0,VF CABLEMAX,0.0
4704,KBW,40 - 44,44.97,44.97,30.0,0.0,VF CABLEMAX,0.0
4705,KBW,35 - 39,38.98,38.98,30.0,0.0,VF RIP U-TREUE,1.0
4706,NRW,35 - 39,54.99,54.99,30.0,0.0,RED INTERNET & PHONE CABLE U,1.0
4707,HSN,45 - 49,42.98,42.98,30.0,0.0,VF RIP U-TREUE,0.0
4708,NRW,55 - 59,29.99,29.99,30.0,0.0,VF RIP U-TREUE,1.0
4709,KBW,55 - 59,44.98,44.98,30.0,0.0,VF CABLEMAX,0.0
4710,KBW,55 - 59,49.99,49.99,30.0,0.0,GIGAZUHAUSE KABEL,0.0
4711,NRW,30 - 34,49.98,39.99,30.0,0.0,RED INTERNET & PHONE CABLE U,0.0
4712,HSN,30 - 34,39.99,39.99,30.0,0.0,RED INTERNET & PHONE CABLE U,1.0
4713,NRW,70 - 74,62.94,39.99,30.0,0.0,VF RIP U-TREUE,0.0
4714,NRW,35 - 39,39.99,39.99,30.0,0.0,RED INTERNET & PHONE CABLE U,1.0
4715,NRW,30 - 34,34.99,34.99,30.0,0.0,RED INTERNET & PHONE CABLE U,0.0
4716,KBW,30 - 34,44.98,44.98,30.0,0.0,RED INTERNET & PHONE CABLE U,1.0
4717,KBW,35 - 39,34.99,34.99,30.0,0.0,RED INTERNET & PHONE CABLE U,1.0
4718,NRW,65 - 69,24.99,24.99,30.0,0.0,VF RIP U-TREUE,1.0
4719,KBW,25 - 29,34.99,34.99,30.0,0.0,RED INTERNET & PHONE CABLE U,0.0
4720,KBW,55 - 59,85.97,54.99,30.0,0.0,RED INTERNET & PHONE CABLE U,1.0
4721,NRW,25 - 29,48.97,48.97,30.0,0.0,VF CABLEMAX,0.0
4722,NRW,40 - 44,34.99,34.99,30.0,0.0,RED INTERNET & PHONE CABLE U,0.0
4723,NRW,55 - 59,47.97,47.97,30.0,0.0,VF RIP U-TREUE,1.0
4724,KBW,55 - 59,57.93,57.96,30.0,0.0,GIGAZUHAUSE KABEL,1.0
4725,NRW,50 - 54,44.98,44.98,30.0,0.0,VF CABLEMAX,0.0
4726,HSN,35 - 39,44.98,44.98,30.0,0.0,VF CABLEMAX,1.0
4727,KBW,30 - 34,18.99,18.99,30.0,0.0,EAZY,0.0
4728,HSN,60 - 64,37.98,32.99,30.0,0.0,VF RIP U-TREUE,0.0
4729,KBW,50 - 54,44.98,44.98,30.0,0.0,VF CABLEMAX,0.0
4730,NRW,25 - 29,44.98,44.98,30.0,0.0,VF CABLEMAX,1.0
4731,NRW,40 - 44,32.99,32.99,30.0,0.0,VF RIP U-TREUE,0.0
4732,NRW,70 - 74,34.99,34.99,30.0,0.0,RED INTERNET & PHONE CABLE U,0.0
4733,KBW,25 - 29,44.98,44.98,693.0,0.0,VF CABLEMAX,0.0
4734,NRW,55 - 59,51.96,57.96,30.0,0.0,VF RIP U-TREUE,0.0
4735,KBW,80 and over,43.87,43.87,30.0,0.0,RED INTERNET & PHONE CABLE U,1.0
4736,KBW,65 - 69,67.96,38.98,30.0,0.0,VF RIP U-TREUE,0.0
4737,NRW,25 - 29,34.99,34.99,30.0,0.0,RED INTERNET & PHONE CABLE U,1.0
4738,NRW,55 - 59,54.99,54.99,30.0,0.0,RED INTERNET & PHONE CABLE U,1.0
4739,KBW,60 - 64,39.98,39.98,30.0,0.0,GIGAZUHAUSE KABEL,1.0
4740,KBW,80 and over,42.96,42.96,30.0,0.0,RED INTERNET & PHONE CABLE U,1.0
4741,HSN,45 - 49,57.95,42.97,30.0,0.0,GIGAZUHAUSE KABEL,0.0
4742,NRW,60 - 64,49.96,49.97,30.0,0.0,VF CABLEMAX,0.0
4743,KBW,25 - 29,34.99,34.99,30.0,0.0,RED INTERNET & PHONE CABLE U,0.0
4744,KBW,40 - 44,54.99,54.99,30.0,0.0,RED INTERNET & PHONE CABLE U,0.0
4745,NRW,55 - 59,44.98,44.98,30.0,0.0,VF RIP U-TREUE,0.0
4746,NRW,45 - 49,44.98,44.98,30.0,0.0,RED INTERNET & PHONE CABLE U,1.0
4747,KBW,25 - 29,49.97,49.97,30.0,0.0,VF CABLEMAX,0.0
4748,HSN,25 - 29,49.99,49.99,30.0,0.0,RED INTERNET & PHONE CABLE U,1.0
4749,KBW,70 - 74,44.99,44.99,303.0,0.0,GIGAZUHAUSE TREUE B,1.0
4750,KBW,25 - 29,39.99,39.99,30.0,0.0,RED INTERNET & PHONE CABLE U,1.0
4751,NRW,25 - 29,49.97,49.97,30.0,0.0,VF CABLEMAX,1.0
4752,NRW,70 - 74,49.99,49.99,30.0,0.0,RED INTERNET & PHONE CABLE U,0.0
4753,NRW,65 - 69,54.99,54.99,30.0,0.0,RED INTERNET & PHONE CABLE U,1.0
4754,NRW,45 - 49,29.99,29.99,30.0,0.0,RED INTERNET & PHONE CABLE U,0.0
4755,HSN,55 - 59,37.98,37.99,30.0,0.0,VF RIP U-TREUE,1.0
4756,NRW,25 - 29,44.98,44.98,30.0,0.0,RED INTERNET & PHONE CABLE U,1.0
4757,KBW,30 - 34,49.97,49.97,30.0,0.0,VF CABLEMAX,1.0
4758,KBW,45 - 49,39.99,39.99,30.0,0.0,VF RIP U-TREUE,1.0
4759,NRW,50 - 54,42.98,42.98,30.0,0.0,VF RIP U-TREUE,0.0
4760,KBW,60 - 64,49.97,49.99,30.0,0.0,GIGAZUHAUSE KABEL,0.0
4761,KBW,30 - 34,39.99,39.99,30.0,0.0,VF RIP U-TREUE,0.0
4762,KBW,30 - 34,38.98,38.98,30.0,0.0,RED INTERNET & PHONE CABLE U,0.0
4763,KBW,30 - 34,47.99,47.99,30.0,0.0,VF RIP U-TREUE,1.0
4764,KBW,45 - 49,63.97,42.98,30.0,0.0,3PLAY,1.0
4765,KBW,30 - 34,34.99,34.99,30.0,0.0,RED INTERNET & PHONE CABLE U,0.0
4766,KBW,65 - 69,49.97,49.97,30.0,0.0,VF CABLEMAX,1.0
4767,HSN,50 - 54,55.94,55.95,30.0,0.0,VF CABLEMAX,1.0
4768,KBW,30 - 34,29.99,29.99,30.0,0.0,VF RIP U-TREUE,0.0
4769,HSN,35 - 39,34.97,34.99,30.0,0.0,RED INTERNET & PHONE CABLE U,0.0
4770,NRW,40 - 44,39.99,39.99,30.0,0.0,RED INTERNET & PHONE CABLE U,1.0
4771,NRW,55 - 59,44.98,44.98,30.0,0.0,VF CABLEMAX,1.0
4772,NRW,30 - 34,39.99,39.99,30.0,0.0,RED INTERNET & PHONE CABLE U,1.0
4773,NRW,40 - 44,39.98,39.98,30.0,0.0,VF CABLEMAX,1.0
4774,KBW,25 - 29,47.98,47.98,30.0,0.0,GIGAZUHAUSE KABEL,0.0
4775,NRW,30 - 34,39.99,39.99,30.0,0.0,RED INTERNET & PHONE CABLE U,1.0
4776,HSN,35 - 39,42.97,42.97,30.0,0.0,RED INTERNET & PHONE CABLE U,1.0
4777,NRW,50 - 54,49.99,49.99,30.0,0.0,RED INTERNET & PHONE CABLE U,1.0
4778,NRW,35 - 39,39.98,39.98,30.0,0.0,VF CABLEMAX,1.0
4779,KBW,40 - 44,54.99,54.99,30.0,0.0,RED INTERNET & PHONE CABLE U,1.0
4780,NRW,60 - 64,34.99,34.99,30.0,0.0,RED INTERNET & PHONE CABLE U,0.0
4781,NRW,35 - 39,44.98,44.98,30.0,0.0,VF CABLEMAX,0.0
4782,HSN,25 - 29,44.98,44.98,30.0,0.0,RED INTERNET & PHONE CABLE U,1.0
4783,HSN,30 - 34,39.99,39.99,30.0,0.0,RED INTERNET & PHONE CABLE U,0.0
4784,NRW,30 - 34,39.98,39.98,30.0,0.0,GIGAZUHAUSE KABEL,1.0
4785,NRW,55 - 59,39.99,39.99,30.0,0.0,RED INTERNET & PHONE CABLE U,0.0
4786,NRW,40 - 44,39.99,39.99,30.0,0.0,RED INTERNET & PHONE CABLE U,1.0
4787,NRW,60 - 64,70.97,44.98,30.0,0.0,VF CABLEMAX,0.0
4788,KBW,25 - 29,38.98,38.98,30.0,0.0,RED INTERNET & PHONE CABLE U,1.0
4789,NRW,35 - 39,32.99,32.99,30.0,0.0,VF RIP U-TREUE,1.0
4790,KBW,30 - 34,19.99,19.99,30.0,0.0,EAZY,0.0
4791,HSN,55 - 59,32.99,32.99,30.0,0.0,VF RIP U-TREUE,0.0
4792,NRW,30 - 34,44.98,44.98,30.0,0.0,RED INTERNET & PHONE CABLE U,1.0
4793,NRW,40 - 44,39.99,39.99,30.0,0.0,VF RIP U-TREUE,1.0
4794,HSN,40 - 44,32.99,32.99,30.0,0.0,VF RIP U-TREUE,0.0
4795,NRW,60 - 64,49.97,49.97,30.0,0.0,RED INTERNET & PHONE CABLE U,1.0
4796,KBW,30 - 34,34.99,34.99,30.0,0.0,RED INTERNET & PHONE CABLE U,0.0
4797,HSN,18 - 24,49.98,49.98,30.0,0.0,GIGAZUHAUSE KABEL,0.0
4798,NRW,60 - 64,65.97,44.98,30.0,0.0,VF CABLEMAX,0.0
4799,KBW,25 - 29,34.99,34.99,30.0,0.0,RED INTERNET & PHONE CABLE U,1.0
4800,KBW,18 - 24,39.99,39.99,30.0,0.0,RED INTERNET & PHONE CABLE U,1.0
4801,NRW,30 - 34,34.99,34.99,30.0,0.0,RED INTERNET & PHONE CABLE U,0.0
4802,NRW,30 - 34,44.98,44.98,30.0,0.0,VF CABLEMAX,0.0
4803,NRW,30 - 34,39.98,39.98,30.0,0.0,VF CABLEMAX,1.0
4804,NRW,25 - 29,39.99,39.99,30.0,0.0,RED INTERNET & PHONE CABLE U,0.0
4805,NRW,70 - 74,44.98,44.98,30.0,0.0,RED INTERNET & PHONE CABLE U,1.0
4806,KBW,35 - 39,34.99,34.99,30.0,0.0,VF RIP U-TREUE,0.0
4807,NRW,70 - 74,75.97,54.99,30.0,0.0,RED INTERNET & PHONE CABLE U,1.0
4808,NRW,40 - 44,39.99,39.99,30.0,0.0,RED INTERNET & PHONE CABLE U,1.0
4809,KBW,50 - 54,44.98,44.98,30.0,0.0,VF CABLEMAX,0.0
4810,KBW,70 - 74,33.74,33.74,30.0,0.0,RED INTERNET & PHONE CABLE U,1.0
4811,NRW,35 - 39,39.99,39.99,30.0,0.0,RED INTERNET & PHONE CABLE U,1.0
4812,KBW,30 - 34,39.99,39.99,30.0,0.0,RED INTERNET & PHONE CABLE U,0.0
4813,KBW,80 and over,76.84,50.84,30.0,0.0,3PLAY + PAY,1.0
4814,NRW,35 - 39,22.99,22.99,30.0,0.0,EAZY FLEX,0.0
4815,HSN,30 - 34,65.97,34.98,30.0,0.0,VF RIP U-TREUE,0.0
4816,NRW,35 - 39,44.98,44.98,30.0,0.0,RED INTERNET & PHONE CABLE U,1.0
4817,KBW,50 - 54,29.99,29.99,30.0,0.0,VF RIP U-TREUE,0.0
4818,NRW,30 - 34,44.98,44.98,30.0,0.0,VF CABLEMAX,0.0
4819,NRW,75 - 79,32.86,35.86,30.0,0.0,VF RIP U-TREUE,0.0
4820,NRW,40 - 44,29.99,29.99,30.0,0.0,VF RIP U-TREUE,1.0
4821,KBW,80 and over,50.98,29.99,30.0,0.0,RED INTERNET & PHONE CABLE U,0.0
4822,KBW,35 - 39,37.99,37.99,30.0,0.0,VF RIP U-TREUE,0.0
4823,NRW,45 - 49,11.99,13.99,30.0,0.0,EAZY,1.0
4824,KBW,30 - 34,44.98,44.98,30.0,0.0,RED INTERNET & PHONE CABLE U,1.0
4825,NRW,30 - 34,54.99,54.99,30.0,0.0,RED INTERNET & PHONE CABLE U,1.0
4826,KBW,80 and over,34.99,34.99,30.0,0.0,RED INTERNET & PHONE CABLE U,0.0
4827,NRW,25 - 29,44.98,44.98,91.0,0.0,RED INTERNET & PHONE CABLE U,1.0
4828,NRW,35 - 39,29.99,29.99,30.0,0.0,INTERNET PREMIUM,0.0
4829,NRW,30 - 34,34.99,34.99,30.0,0.0,RED INTERNET & PHONE CABLE U,1.0
4830,KBW,25 - 29,62.98,62.98,30.0,0.0,GIGAZUHAUSE KABEL,1.0
4831,NRW,25 - 29,39.99,39.99,30.0,0.0,RED INTERNET & PHONE CABLE U,1.0
4832,HSN,65 - 69,44.98,44.98,30.0,0.0,VF CABLEMAX,0.0
4833,KBW,45 - 49,42.98,42.98,30.0,0.0,VF RIP U-TREUE,1.0
4834,HSN,60 - 64,44.98,44.98,30.0,0.0,VF CABLEMAX,1.0
4835,KBW,55 - 59,40.98,40.98,30.0,0.0,RED INTERNET & PHONE CABLE U,1.0
4836,KBW,60 - 64,42.97,42.97,30.0,0.0,3PLAY START,1.0
4837,KBW,70 - 74,39.99,39.99,30.0,0.0,VF RIP U-TREUE,1.0
4838,NRW,55 - 59,44.97,44.97,30.0,0.0,GIGAZUHAUSE KABEL,1.0
4839,NRW,25 - 29,49.97,49.97,30.0,0.0,VF CABLEMAX,1.0
4840,KBW,50 - 54,50.35,34.99,30.0,0.0,VF RIP U-TREUE,0.0
4841,KBW,65 - 69,60.98,34.99,30.0,0.0,RED INTERNET & PHONE CABLE U,0.0
4842,NRW,55 - 59,39.98,39.98,30.0,0.0,RED INTERNET & PHONE CABLE U,1.0
4843,NRW,18 - 24,44.98,44.98,30.0,0.0,VF CABLEMAX,1.0
4844,KBW,35 - 39,44.98,44.98,30.0,0.0,RED INTERNET & PHONE CABLE U,1.0
4845,NRW,35 - 39,34.99,34.99,30.0,0.0,RED INTERNET & PHONE CABLE U,1.0
4846,NRW,25 - 29,29.99,29.99,30.0,0.0,RED INTERNET & PHONE CABLE U,1.0
4847,KBW,35 - 39,29.99,29.99,30.0,0.0,VF RIP U-TREUE,0.0
4848,NRW,40 - 44,44.98,44.98,30.0,0.0,VF CABLEMAX,1.0
4849,HSN,30 - 34,34.99,34.99,30.0,0.0,RED INTERNET & PHONE CABLE U,0.0
4850,NRW,60 - 64,49.99,49.99,30.0,0.0,RED INTERNET & PHONE CABLE U,0.0
4851,KBW,25 - 29,84.96,49.97,30.0,0.0,VF CABLEMAX,1.0
4852,NRW,50 - 54,54.99,54.99,30.0,0.0,RED INTERNET & PHONE CABLE U,0.0
4853,KBW,35 - 39,34.99,34.99,30.0,0.0,VF RIP U-TREUE,0.0
4854,NRW,80 and over,39.99,39.99,30.0,0.0,VF RIP U-TREUE,1.0
4855,NRW,45 - 49,39.98,39.98,30.0,0.0,VF CABLEMAX,1.0
4856,KBW,50 - 54,24.99,24.99,30.0,0.0,VF RIP U-TREUE,0.0
4857,NRW,30 - 34,37.99,37.99,30.0,0.0,VF RIP U-TREUE,1.0
4858,KBW,30 - 34,39.99,39.99,30.0,0.0,VF RIP U-TREUE,1.0
4859,KBW,25 - 29,44.98,44.98,30.0,0.0,VF CABLEMAX,1.0
4860,NRW,25 - 29,39.99,39.99,30.0,0.0,RED INTERNET & PHONE CABLE U,0.0
4861,KBW,30 - 34,49.97,49.97,30.0,0.0,VF CABLEMAX,1.0
4862,HSN,30 - 34,44.99,44.99,333.0,0.0,GIGAZUHAUSE TREUE B,1.0
4863,NRW,30 - 34,34.99,34.99,30.0,0.0,RED INTERNET & PHONE CABLE U,0.0
4864,KBW,40 - 44,25.87,25.0,30.0,0.0,RED INTERNET & PHONE CABLE U,1.0
4865,KBW,60 - 64,29.99,29.99,30.0,0.0,VF RIP U-TREUE,1.0
4866,NRW,35 - 39,39.98,39.98,30.0,0.0,GIGAZUHAUSE KABEL,1.0
4867,KBW,35 - 39,34.99,34.99,30.0,0.0,RED INTERNET & PHONE CABLE U,0.0
4868,KBW,35 - 39,34.99,34.99,30.0,0.0,VF RIP U-TREUE,0.0
4869,NRW,80 and over,54.98,54.98,30.0,0.0,RED INTERNET & PHONE CABLE U,1.0
4870,NRW,50 - 54,52.98,52.98,30.0,0.0,GIGAZUHAUSE KABEL,1.0
4871,NRW,40 - 44,27.99,27.99,30.0,0.0,GIGAZUHAUSE TREUE B,1.0
4872,HSN,50 - 54,44.98,44.98,30.0,0.0,RED INTERNET & PHONE CABLE U,0.0
4873,NRW,25 - 29,43.97,43.97,30.0,0.0,GIGAZUHAUSE KABEL,0.0
4874,KBW,30 - 34,44.98,44.98,30.0,0.0,VF CABLEMAX,1.0
4875,KBW,70 - 74,29.99,29.99,30.0,0.0,VF RIP U-TREUE,1.0
4876,NRW,35 - 39,32.99,32.99,30.0,0.0,VF RIP U-TREUE,1.0
4877,KBW,35 - 39,34.99,34.99,30.0,0.0,RED INTERNET & PHONE CABLE U,1.0
4878,NRW,50 - 54,39.99,39.99,30.0,0.0,VF RIP U-TREUE,0.0
4879,NRW,65 - 69,34.99,34.99,30.0,0.0,RED INTERNET & PHONE CABLE U,0.0
4880,KBW,60 - 64,44.98,44.98,30.0,0.0,VF CABLEMAX,1.0
4881,HSN,60 - 64,34.99,34.99,30.0,0.0,VF RIP U-TREUE,1.0
4882,NRW,35 - 39,44.98,44.98,30.0,0.0,RED INTERNET & PHONE CABLE U,1.0
4883,KBW,30 - 34,42.98,42.98,30.0,0.0,VF RIP U-TREUE,1.0
4884,NRW,80 and over,34.98,34.98,30.0,0.0,VF RIP U-TREUE,0.0
4885,NRW,45 - 49,69.96,39.99,678.0,0.0,RED INTERNET & PHONE CABLE U,0.0
4886,NRW,60 - 64,32.99,32.99,30.0,0.0,VF RIP U-TREUE,0.0
4887,NRW,50 - 54,37.98,37.98,30.0,0.0,VF RIP U-TREUE,0.0
4888,NRW,30 - 34,54.99,54.99,30.0,0.0,RED INTERNET & PHONE CABLE U,1.0
4889,NRW,30 - 34,42.97,42.97,30.0,0.0,VF RIP U-TREUE,1.0
4890,KBW,30 - 34,49.99,49.99,30.0,0.0,GIGAZUHAUSE KABEL,1.0
4891,NRW,60 - 64,34.99,34.99,30.0,0.0,RED INTERNET & PHONE CABLE U,1.0
4892,KBW,25 - 29,34.99,34.99,30.0,0.0,RED INTERNET & PHONE CABLE U,1.0
4893,NRW,55 - 59,34.99,34.99,30.0,0.0,RED INTERNET & PHONE CABLE U,0.0
4894,KBW,35 - 39,39.98,39.98,136.0,0.0,GIGAZUHAUSE KABEL,1.0
4895,KBW,35 - 39,39.99,39.99,30.0,0.0,RED INTERNET & PHONE CABLE U,0.0
4896,NRW,70 - 74,29.99,29.99,30.0,0.0,VF RIP U-TREUE,0.0
4897,KBW,45 - 49,54.99,54.99,30.0,0.0,RED INTERNET & PHONE CABLE U,1.0
4898,NRW,40 - 44,52.98,52.98,30.0,0.0,GIGAZUHAUSE KABEL,0.0
4899,NRW,60 - 64,42.97,42.97,30.0,0.0,RED INTERNET & PHONE CABLE U,1.0
4900,HSN,65 - 69,46.98,39.99,30.0,0.0,VF RIP U-TREUE,1.0
4901,KBW,30 - 34,49.97,49.97,30.0,0.0,VF CABLEMAX,1.0
4902,NRW,40 - 44,24.99,24.99,30.0,0.0,GIGAZUHAUSE TREUE C,0.0
4903,HSN,18 - 24,34.99,34.99,30.0,0.0,VF RIP U-TREUE,1.0
4904,NRW,40 - 44,44.98,44.98,30.0,0.0,VF CABLEMAX,0.0
4905,NRW,25 - 29,44.98,44.98,30.0,0.0,RED INTERNET & PHONE CABLE U,1.0
4906,NRW,65 - 69,64.95,44.98,30.0,0.0,VF CABLEMAX,0.0
4907,NRW,30 - 34,24.99,24.99,30.0,0.0,RED INTERNET & PHONE CABLE U,1.0
4908,HSN,35 - 39,44.98,44.98,30.0,0.0,VF CABLEMAX,1.0
4909,NRW,25 - 29,44.98,44.98,30.0,0.0,RED INTERNET & PHONE CABLE U,1.0
4910,NRW,55 - 59,44.98,44.98,30.0,0.0,VF CABLEMAX,1.0
4911,NRW,70 - 74,39.98,39.98,30.0,0.0,VF CABLEMAX,0.0
4912,KBW,65 - 69,47.89,47.9,30.0,0.0,3PLAY,1.0
4913,KBW,40 - 44,37.98,37.98,30.0,0.0,GIGAZUHAUSE KABEL,0.0
4914,HSN,35 - 39,29.99,29.99,30.0,0.0,VF RIP U-TREUE,0.0
4915,HSN,25 - 29,44.98,44.98,30.0,0.0,VF CABLEMAX,0.0
4916,KBW,35 - 39,49.99,49.99,30.0,0.0,GIGAZUHAUSE KABEL,0.0
4917,NRW,25 - 29,34.99,34.99,30.0,0.0,RED INTERNET & PHONE CABLE U,1.0
4918,KBW,70 - 74,44.98,44.98,30.0,0.0,VF CABLEMAX,1.0
4919,NRW,18 - 24,39.99,39.99,30.0,0.0,VF RIP U-TREUE,1.0
4920,NRW,50 - 54,49.97,49.97,30.0,0.0,VF CABLEMAX,1.0
4921,NRW,35 - 39,39.99,39.99,30.0,0.0,RED INTERNET & PHONE CABLE U,0.0
4922,HSN,50 - 54,58.98,58.98,30.0,0.0,RED INTERNET & PHONE CABLE U,1.0
4923,KBW,40 - 44,42.97,42.97,30.0,0.0,GIGAZUHAUSE KABEL,0.0
4924,HSN,75 - 79,61.95,37.98,30.0,0.0,VF RIP U-TREUE,1.0
4925,NRW,50 - 54,42.97,42.97,30.0,0.0,2PLAY PLUS,0.0
4926,NRW,55 - 59,34.99,34.99,30.0,0.0,RED INTERNET & PHONE CABLE U,0.0
4927,KBW,40 - 44,44.98,44.98,30.0,0.0,VF CABLEMAX,1.0
4928,NRW,75 - 79,45.76,45.0,30.0,0.0,2PLAY PLUS,0.0
4929,NRW,30 - 34,34.99,34.99,30.0,0.0,RED INTERNET & PHONE CABLE U,1.0
4930,NRW,65 - 69,44.98,44.98,30.0,0.0,VF CABLEMAX,0.0
4931,NRW,50 - 54,47.98,47.98,30.0,0.0,GIGAZUHAUSE KABEL,0.0
4932,NRW,60 - 64,42.97,42.97,30.0,0.0,RED INTERNET & PHONE CABLE U,1.0
4933,KBW,30 - 34,29.99,29.99,30.0,0.0,RED INTERNET & PHONE CABLE U,1.0
4934,NRW,45 - 49,22.99,22.99,123.0,0.0,GIGAZUHAUSE TREUE B,0.0
4935,KBW,55 - 59,44.98,44.98,30.0,0.0,RED INTERNET & PHONE CABLE U,1.0
4936,KBW,35 - 39,48.97,48.97,30.0,0.0,VF CABLEMAX,0.0
4937,NRW,45 - 49,44.98,44.98,30.0,0.0,VF CABLEMAX,0.0
4938,KBW,55 - 59,39.99,39.99,30.0,0.0,RED INTERNET & PHONE CABLE U,0.0
4939,KBW,55 - 59,49.97,49.97,30.0,0.0,RED INTERNET & PHONE CABLE U,0.0
4940,KBW,35 - 39,44.98,44.98,30.0,0.0,VF CABLEMAX,1.0
4941,NRW,50 - 54,44.98,44.98,30.0,0.0,VF CABLEMAX,0.0
4942,NRW,35 - 39,44.98,44.98,30.0,1.0,VF CABLEMAX,0.0
4943,KBW,50 - 54,59.99,59.99,30.0,0.0,GIGAZUHAUSE KABEL,0.0
4944,NRW,50 - 54,64.96,39.98,155.0,0.0,GIGAZUHAUSE KABEL,0.0
4945,NRW,35 - 39,39.99,39.99,30.0,0.0,RED INTERNET & PHONE CABLE U,1.0
4946,NRW,30 - 34,44.98,44.98,30.0,0.0,RED INTERNET & PHONE CABLE U,1.0
4947,KBW,35 - 39,29.99,29.99,30.0,0.0,VF RIP U-TREUE,1.0
4948,KBW,65 - 69,44.98,44.98,30.0,0.0,VF RIP U-TREUE,1.0
4949,KBW,75 - 79,44.98,44.98,30.0,0.0,VF CABLEMAX,1.0
4950,NRW,50 - 54,44.98,44.98,30.0,0.0,VF CABLEMAX,0.0
4951,KBW,35 - 39,49.99,49.99,30.0,0.0,RED INTERNET & PHONE CABLE U,1.0
4952,HSN,35 - 39,29.99,29.99,30.0,0.0,RED INTERNET & PHONE CABLE U,0.0
4953,HSN,35 - 39,34.99,34.99,30.0,0.0,RED INTERNET & PHONE CABLE U,0.0
4954,NRW,40 - 44,44.98,44.98,30.0,0.0,VF CABLEMAX,1.0
4955,KBW,35 - 39,44.98,44.98,30.0,0.0,VF CABLEMAX,1.0
4956,KBW,55 - 59,39.99,39.99,30.0,0.0,RED INTERNET & PHONE CABLE U,0.0
4957,KBW,50 - 54,54.99,54.99,30.0,0.0,RED INTERNET & PHONE CABLE U,0.0
4958,NRW,70 - 74,39.99,39.99,30.0,0.0,VF RIP U-TREUE,1.0
4959,KBW,30 - 34,44.98,44.98,30.0,1.0,RED INTERNET & PHONE CABLE U,1.0
4960,KBW,30 - 34,56.95,56.95,30.0,0.0,VF CABLEMAX,1.0
4961,HSN,50 - 54,44.98,44.98,30.0,0.0,VF CABLEMAX,1.0
4962,KBW,50 - 54,44.98,44.98,30.0,0.0,VF CABLEMAX,0.0
4963,NRW,25 - 29,39.99,39.99,30.0,0.0,RED INTERNET & PHONE CABLE U,1.0
4964,NRW,25 - 29,44.98,44.98,30.0,0.0,VF CABLEMAX,0.0
4965,NRW,55 - 59,44.97,44.97,30.0,0.0,RED INTERNET & PHONE CABLE U,1.0
4966,KBW,30 - 34,49.99,49.99,30.0,0.0,RED INTERNET & PHONE CABLE U,0.0
4967,KBW,25 - 29,39.99,39.99,30.0,0.0,RED INTERNET & PHONE CABLE U,1.0
4968,KBW,25 - 29,34.99,34.99,30.0,0.0,RED INTERNET & PHONE CABLE U,0.0
4969,HSN,35 - 39,29.99,29.99,330.0,0.0,GIGAZUHAUSE TREUE C,0.0
4970,NRW,40 - 44,54.98,54.98,30.0,0.0,GIGAZUHAUSE KABEL,1.0
4971,NRW,55 - 59,54.99,54.99,30.0,0.0,RED INTERNET & PHONE CABLE U,1.0
4972,KBW,40 - 44,34.99,34.99,30.0,0.0,RED INTERNET & PHONE CABLE U,0.0
4973,KBW,80 and over,34.99,34.99,30.0,0.0,RED INTERNET & PHONE CABLE U,1.0
4974,NRW,70 - 74,39.99,39.99,30.0,0.0,RED INTERNET & PHONE CABLE U,1.0
4975,HSN,35 - 39,29.99,29.99,30.0,0.0,VF RIP U-TREUE,0.0
4976,NRW,25 - 29,38.98,38.98,30.0,0.0,RED INTERNET & PHONE CABLE U,1.0
4977,NRW,60 - 64,27.99,27.99,695.0,0.0,GIGAZUHAUSE TREUE B,1.0
4978,NRW,25 - 29,39.99,39.99,30.0,0.0,RED INTERNET & PHONE CABLE U,0.0
4979,NRW,50 - 54,54.99,54.99,30.0,0.0,RED INTERNET & PHONE CABLE U,0.0
4980,KBW,45 - 49,42.97,42.97,128.0,0.0,GIGAZUHAUSE KABEL,1.0
4981,HSN,60 - 64,24.99,24.99,30.0,0.0,VF RIP U-TREUE,1.0
4982,HSN,30 - 34,32.99,32.99,30.0,0.0,VF RIP U-TREUE,1.0
4983,NRW,70 - 74,39.99,39.99,30.0,0.0,VF RIP U-TREUE,0.0
4984,KBW,30 - 34,44.98,44.98,30.0,0.0,VF CABLEMAX,1.0
4985,HSN,40 - 44,39.99,39.99,30.0,0.0,RED INTERNET & PHONE CABLE U,1.0
4986,KBW,55 - 59,59.98,59.98,30.0,0.0,RED INTERNET & PHONE CABLE U,0.0
4987,KBW,80 and over,27.99,27.99,30.0,0.0,VF RIP U-TREUE,0.0
4988,KBW,25 - 29,169.92,169.92,30.0,0.0,VF CABLEMAX,1.0
4989,HSN,25 - 29,39.99,39.99,30.0,0.0,RED INTERNET & PHONE CABLE U,0.0
4990,KBW,35 - 39,44.98,44.98,30.0,0.0,RED INTERNET & PHONE CABLE U,1.0
4991,KBW,45 - 49,44.98,44.98,30.0,0.0,VF CABLEMAX,1.0
4992,HSN,50 - 54,39.98,39.98,30.0,0.0,RED INTERNET & PHONE CABLE U,1.0
4993,NRW,35 - 39,32.99,32.99,30.0,0.0,VF RIP U-TREUE,0.0
4994,NRW,35 - 39,39.99,39.99,30.0,0.0,RED INTERNET & PHONE CABLE U,1.0
4995,NRW,30 - 34,34.99,34.99,30.0,0.0,RED INTERNET & PHONE CABLE U,1.0
4996,KBW,30 - 34,49.99,49.99,30.0,0.0,RED INTERNET & PHONE CABLE U,1.0
4997,KBW,35 - 39,54.99,54.99,30.0,0.0,RED INTERNET & PHONE CABLE U,0.0
4998,NRW,25 - 29,43.98,43.98,30.0,0.0,RED INTERNET & PHONE CABLE U,0.0
4999,HSN,35 - 39,29.99,29.99,30.0,0.0,VF RIP U-TREUE,0.0
5000,KBW,40 - 44,37.99,37.99,30.0,0.0,VF RIP U-TREUE,0.0
5001,NRW,55 - 59,57.97,37.98,30.0,0.0,VF RIP U-TREUE,1.0
5002,HSN,25 - 29,29.99,29.99,30.0,0.0,RED INTERNET & PHONE CABLE U,1.0
5003,NRW,55 - 59,47.99,47.99,30.0,0.0,VF RIP U-TREUE,1.0
5004,NRW,55 - 59,34.99,34.99,30.0,0.0,RED INTERNET & PHONE CABLE U,0.0
5005,NRW,45 - 49,72.96,37.99,30.0,0.0,VF RIP U-TREUE,1.0
5006,KBW,60 - 64,44.97,44.97,30.0,0.0,VF CABLEMAX,1.0
5007,NRW,30 - 34,49.97,49.97,30.0,0.0,VF CABLEMAX,1.0
5008,NRW,25 - 29,39.99,39.99,30.0,0.0,RED INTERNET & PHONE CABLE U,0.0
5009,NRW,35 - 39,29.99,29.99,30.0,0.0,VF RIP U-TREUE,1.0
5010,KBW,80 and over,33.74,33.74,30.0,0.0,RED INTERNET & PHONE CABLE U,1.0
5011,KBW,30 - 34,39.99,39.99,30.0,0.0,VF RIP U-TREUE,1.0
5012,NRW,30 - 34,34.99,34.99,30.0,0.0,RED INTERNET & PHONE CABLE U,1.0
5013,KBW,25 - 29,37.99,37.99,30.0,0.0,VF RIP U-TREUE,0.0
5014,NRW,50 - 54,49.98,49.98,30.0,0.0,GIGAZUHAUSE KABEL,1.0
5015,KBW,55 - 59,39.99,39.99,30.0,0.0,RED INTERNET & PHONE CABLE U,1.0
5016,NRW,40 - 44,54.97,39.98,30.0,0.0,GIGAZUHAUSE KABEL,1.0
5017,NRW,35 - 39,42.97,42.97,30.0,0.0,RED INTERNET & PHONE CABLE U,1.0
5018,NRW,45 - 49,38.98,38.98,30.0,0.0,RED INTERNET & PHONE CABLE U,0.0
5019,NRW,65 - 69,44.98,44.98,30.0,0.0,RED INTERNET & PHONE CABLE U,0.0
5020,KBW,25 - 29,44.98,44.98,30.0,0.0,RED INTERNET & PHONE CABLE U,0.0
5021,NRW,50 - 54,44.98,44.98,30.0,0.0,VF CABLEMAX,1.0
5022,NRW,30 - 34,34.99,34.99,30.0,0.0,RED INTERNET & PHONE CABLE U,0.0
5023,NRW,30 - 34,42.98,42.98,30.0,0.0,VF RIP U-TREUE,1.0
5024,NRW,40 - 44,29.99,29.99,30.0,0.0,VF RIP U-TREUE,0.0
5025,HSN,25 - 29,44.98,44.98,30.0,0.0,VF CABLEMAX,1.0
5026,KBW,30 - 34,48.97,48.97,30.0,0.0,VF CABLEMAX,0.0
5027,NRW,50 - 54,65.97,44.98,30.0,0.0,VF CABLEMAX,0.0
5028,NRW,25 - 29,62.98,62.98,256.0,0.0,GIGAZUHAUSE KABEL,1.0
5029,NRW,70 - 74,42.97,42.97,30.0,0.0,2PLAY TREUE,1.0
5030,KBW,45 - 49,29.99,29.99,30.0,0.0,VF RIP U-TREUE,0.0
5031,NRW,60 - 64,38.98,38.98,30.0,0.0,RED INTERNET & PHONE CABLE U,0.0
5032,NRW,25 - 29,39.98,39.98,164.0,0.0,GIGAZUHAUSE KABEL,1.0
5033,NRW,45 - 49,39.99,39.99,30.0,0.0,RED INTERNET & PHONE CABLE U,0.0
5034,KBW,70 - 74,63.98,63.98,30.0,0.0,GIGAZUHAUSE KABEL,0.0
5035,NRW,60 - 64,39.99,39.99,30.0,0.0,RED INTERNET & PHONE CABLE U,1.0
5036,NRW,25 - 29,54.99,54.99,30.0,0.0,RED INTERNET & PHONE CABLE U,1.0
5037,KBW,80 and over,59.98,59.98,30.0,0.0,RED INTERNET & PHONE CABLE U,0.0
5038,NRW,30 - 34,54.99,54.99,30.0,0.0,RED INTERNET & PHONE CABLE U,1.0
5039,NRW,35 - 39,32.99,32.99,30.0,0.0,VF RIP U-TREUE,0.0
5040,NRW,55 - 59,74.96,49.97,30.0,0.0,VF CABLEMAX,0.0
5041,NRW,75 - 79,74.95,44.98,30.0,0.0,VF RIP U-TREUE,0.0
5042,KBW,70 - 74,79.93,49.99,30.0,0.0,VF RIP U-TREUE,1.0
5043,NRW,25 - 29,29.99,29.99,30.0,0.0,VF RIP U-TREUE,0.0
5044,KBW,30 - 34,34.99,34.99,30.0,0.0,RED INTERNET & PHONE CABLE U,1.0
5045,KBW,55 - 59,63.97,63.97,30.0,0.0,RED INTERNET & PHONE CABLE U,0.0
5046,KBW,55 - 59,77.97,52.98,30.0,0.0,VF RIP U-TREUE,0.0
5047,NRW,45 - 49,34.99,34.99,30.0,0.0,RED INTERNET & PHONE CABLE U,1.0
5048,KBW,45 - 49,34.99,34.99,30.0,0.0,RED INTERNET & PHONE CABLE U,1.0
5049,NRW,55 - 59,30.95,30.95,30.0,0.0,RED INTERNET & PHONE CABLE U,0.0
5050,KBW,55 - 59,53.97,53.97,30.0,0.0,VF CABLEMAX,1.0
5051,HSN,80 and over,49.97,49.97,30.0,0.0,VF CABLEMAX,1.0
5052,KBW,60 - 64,29.99,29.99,30.0,0.0,VF RIP U-TREUE,0.0
5053,KBW,35 - 39,32.95,32.95,30.0,0.0,RED INTERNET & PHONE CABLE U,1.0
5054,HSN,35 - 39,39.98,39.98,30.0,0.0,VF CABLEMAX,1.0
5055,KBW,40 - 44,49.99,49.99,30.0,0.0,RED INTERNET & PHONE CABLE U,0.0
5056,NRW,65 - 69,34.99,34.99,30.0,0.0,RED INTERNET & PHONE CABLE U,1.0
5057,KBW,45 - 49,49.99,49.99,30.0,0.0,RED INTERNET & PHONE CABLE U,1.0
5058,NRW,50 - 54,44.98,44.98,30.0,0.0,VF CABLEMAX,0.0
5059,KBW,25 - 29,44.98,44.98,30.0,0.0,RED INTERNET & PHONE CABLE U,0.0
5060,NRW,55 - 59,74.95,49.97,30.0,0.0,VF CABLEMAX,0.0
5061,KBW,60 - 64,65.97,44.98,30.0,0.0,VF CABLEMAX,1.0
5062,NRW,30 - 34,42.97,42.97,30.0,0.0,RED INTERNET & PHONE CABLE U,0.0
5063,HSN,55 - 59,59.96,39.98,30.0,0.0,VF RIP U-TREUE,1.0
5064,NRW,30 - 34,34.99,34.99,30.0,0.0,RED INTERNET & PHONE CABLE U,0.0
5065,KBW,30 - 34,49.97,49.97,30.0,0.0,VF CABLEMAX,0.0
5066,HSN,40 - 44,34.99,34.99,30.0,0.0,RED INTERNET & PHONE CABLE U,0.0
5067,KBW,35 - 39,39.99,39.99,30.0,0.0,VF RIP U-TREUE,1.0
5068,KBW,55 - 59,42.98,37.99,30.0,0.0,VF RIP U-TREUE,1.0
5069,HSN,35 - 39,32.99,32.99,30.0,0.0,VF RIP U-TREUE,1.0
5070,KBW,55 - 59,49.99,49.99,30.0,0.0,RED INTERNET & PHONE CABLE U,1.0
5071,KBW,35 - 39,34.99,34.99,30.0,0.0,RED INTERNET & PHONE CABLE U,0.0
5072,NRW,55 - 59,49.97,49.97,30.0,0.0,GIGAZUHAUSE KABEL,1.0
5073,NRW,55 - 59,44.98,44.98,30.0,0.0,VF RIP U-TREUE,0.0
5074,NRW,55 - 59,54.99,54.99,30.0,0.0,RED INTERNET & PHONE CABLE U,1.0
5075,HSN,55 - 59,44.98,44.98,30.0,0.0,RED INTERNET & PHONE CABLE U,1.0
5076,KBW,40 - 44,34.99,34.99,30.0,0.0,RED INTERNET & PHONE CABLE U,1.0
5077,NRW,35 - 39,44.98,44.98,30.0,0.0,VF CABLEMAX,1.0
5078,NRW,75 - 79,44.98,44.98,30.0,0.0,VF CABLEMAX,0.0
5079,NRW,35 - 39,34.98,34.98,30.0,0.0,VF CABLEMAX,0.0
5080,KBW,25 - 29,34.99,34.99,30.0,0.0,RED INTERNET & PHONE CABLE U,1.0
5081,NRW,50 - 54,34.99,34.99,30.0,0.0,VF RIP U-TREUE,1.0
5082,KBW,25 - 29,44.98,44.98,30.0,0.0,VF CABLEMAX,1.0
5083,KBW,25 - 29,49.97,49.97,30.0,0.0,VF CABLEMAX,1.0
5084,NRW,30 - 34,54.99,54.99,30.0,0.0,RED INTERNET & PHONE CABLE U,0.0
5085,HSN,35 - 39,27.99,27.99,280.0,0.0,GIGAZUHAUSE TREUE B,0.0
5086,KBW,65 - 69,39.99,39.99,30.0,0.0,VF RIP U-TREUE,0.0
5087,NRW,30 - 34,44.98,44.98,30.0,0.0,RED INTERNET & PHONE CABLE U,1.0
5088,NRW,25 - 29,39.99,39.99,30.0,0.0,RED INTERNET & PHONE CABLE U,1.0
5089,KBW,55 - 59,44.98,44.98,30.0,0.0,RED INTERNET & PHONE CABLE U,0.0
5090,KBW,40 - 44,29.99,29.99,30.0,0.0,VF RIP U-TREUE,0.0
5091,NRW,65 - 69,34.99,34.99,30.0,0.0,RED INTERNET & PHONE CABLE U,1.0
5092,NRW,30 - 34,44.98,44.98,30.0,0.0,VF CABLEMAX,0.0
5093,KBW,55 - 59,39.98,39.98,30.0,0.0,VF CABLEMAX,1.0
5094,KBW,35 - 39,49.99,49.99,30.0,0.0,RED INTERNET & PHONE CABLE U,0.0
5095,KBW,30 - 34,44.98,44.98,30.0,0.0,VF CABLEMAX,1.0
5096,NRW,65 - 69,29.99,29.99,30.0,0.0,VF RIP U-TREUE,1.0
5097,HSN,30 - 34,54.98,34.99,30.0,0.0,VF RIP U-TREUE,0.0
5098,NRW,50 - 54,54.98,54.98,30.0,0.0,GIGAZUHAUSE KABEL,0.0
5099,NRW,60 - 64,39.99,39.99,30.0,0.0,VF RIP U-TREUE,1.0
5100,NRW,45 - 49,44.98,44.98,30.0,0.0,VF CABLEMAX,0.0
5101,KBW,25 - 29,39.99,39.99,30.0,0.0,RED INTERNET & PHONE CABLE U,1.0
5102,KBW,25 - 29,29.99,29.99,30.0,0.0,VF RIP U-TREUE,1.0
5103,NRW,70 - 74,34.99,34.99,30.0,0.0,RED INTERNET & PHONE CABLE U,0.0
5104,KBW,50 - 54,39.99,39.99,30.0,0.0,VF RIP U-TREUE,0.0
5105,NRW,45 - 49,44.98,44.98,30.0,0.0,RED INTERNET & PHONE CABLE U,1.0
5106,NRW,80 and over,53.96,53.96,30.0,0.0,RED INTERNET & PHONE CABLE U,0.0
5107,HSN,65 - 69,29.99,29.99,30.0,0.0,VF RIP U-TREUE,0.0
5108,NRW,55 - 59,34.99,34.99,30.0,0.0,RED INTERNET & PHONE CABLE U,0.0
5109,NRW,60 - 64,84.93,49.97,30.0,0.0,VF CABLEMAX,0.0
5110,NRW,40 - 44,47.99,47.99,30.0,0.0,VF RIP U-TREUE,0.0
5111,NRW,80 and over,54.98,34.99,30.0,0.0,VF RIP U-TREUE,0.0
5112,HSN,35 - 39,44.98,44.98,30.0,0.0,VF CABLEMAX,0.0
5113,KBW,55 - 59,39.99,39.99,30.0,0.0,RED INTERNET & PHONE CABLE U,1.0
5114,HSN,30 - 34,37.98,37.98,30.0,0.0,VF RIP U-TREUE,0.0
5115,NRW,55 - 59,29.99,29.99,30.0,0.0,VF RIP U-TREUE,0.0
5116,NRW,80 and over,32.99,32.99,30.0,0.0,VF RIP U-TREUE,0.0
5117,KBW,35 - 39,44.98,44.98,30.0,0.0,RED INTERNET & PHONE CABLE U,1.0
5118,KBW,18 - 24,34.99,34.99,30.0,0.0,RED INTERNET & PHONE CABLE U,0.0
5119,KBW,60 - 64,42.97,42.97,30.0,0.0,RED INTERNET & PHONE CABLE U,0.0
5120,KBW,30 - 34,44.98,44.98,30.0,0.0,VF CABLEMAX,1.0
5121,NRW,70 - 74,32.99,32.99,30.0,0.0,GIGAZUHAUSE TREUE B,0.0
5122,KBW,25 - 29,49.99,49.99,30.0,0.0,RED INTERNET & PHONE CABLE U,1.0
5123,KBW,40 - 44,44.97,44.97,30.0,0.0,VF CABLEMAX,1.0
5124,HSN,30 - 34,34.99,34.99,30.0,0.0,RED INTERNET & PHONE CABLE U,1.0
5125,NRW,35 - 39,34.99,34.99,30.0,0.0,RED INTERNET & PHONE CABLE U,0.0
5126,HSN,30 - 34,44.98,44.98,30.0,0.0,VF CABLEMAX,0.0
5127,NRW,25 - 29,49.99,49.99,30.0,0.0,RED INTERNET & PHONE CABLE U,1.0
5128,KBW,45 - 49,34.99,34.99,30.0,0.0,RED INTERNET & PHONE CABLE U,0.0
5129,NRW,35 - 39,44.98,44.98,30.0,0.0,RED INTERNET & PHONE CABLE U,1.0
5130,NRW,30 - 34,49.97,49.97,30.0,0.0,VF CABLEMAX,1.0
5131,NRW,60 - 64,52.98,52.98,214.0,0.0,GIGAZUHAUSE KABEL,1.0
5132,NRW,55 - 59,34.99,34.99,30.0,0.0,RED INTERNET & PHONE CABLE U,0.0
5133,HSN,25 - 29,44.98,44.98,30.0,0.0,RED INTERNET & PHONE CABLE U,1.0
5134,KBW,65 - 69,32.99,32.99,30.0,0.0,VF RIP U-TREUE,0.0
5135,KBW,45 - 49,39.99,39.99,30.0,0.0,RED INTERNET & PHONE CABLE U,0.0
5136,NRW,50 - 54,49.97,49.97,30.0,0.0,VF CABLEMAX,0.0
5137,NRW,25 - 29,44.98,44.98,30.0,0.0,VF CABLEMAX,1.0
5138,NRW,30 - 34,24.99,24.99,30.0,0.0,RED INTERNET & PHONE CABLE U,0.0
5139,NRW,18 - 24,34.99,34.99,30.0,0.0,RED INTERNET & PHONE CABLE U,0.0
5140,NRW,65 - 69,29.99,29.99,30.0,0.0,INTERNET PREMIUM,1.0
5141,KBW,35 - 39,39.99,39.99,30.0,0.0,VF RIP U-TREUE,1.0
5142,KBW,50 - 54,34.99,34.99,30.0,0.0,RED INTERNET & PHONE CABLE U,0.0
5143,NRW,35 - 39,44.98,44.98,30.0,0.0,RED INTERNET & PHONE CABLE U,1.0
5144,KBW,35 - 39,44.98,44.98,30.0,0.0,VF CABLEMAX,0.0
5145,KBW,35 - 39,34.99,34.99,30.0,0.0,RED INTERNET & PHONE CABLE U,0.0
5146,KBW,30 - 34,44.99,44.99,30.0,0.0,VF RIP U-TREUE,0.0
5147,NRW,35 - 39,39.99,39.99,30.0,0.0,VF RIP U-TREUE,1.0
5148,NRW,75 - 79,34.99,34.99,30.0,0.0,RED INTERNET & PHONE CABLE U,0.0
5149,NRW,65 - 69,44.98,44.98,30.0,1.0,VF CABLEMAX,0.0
5150,NRW,55 - 59,44.98,44.98,30.0,0.0,VF CABLEMAX,0.0
5151,KBW,75 - 79,49.97,49.97,30.0,0.0,VF CABLEMAX,0.0
5152,KBW,18 - 24,44.99,44.99,30.0,0.0,GIGAZUHAUSE KABEL,1.0
5153,NRW,35 - 39,34.99,34.99,30.0,0.0,RED INTERNET & PHONE CABLE U,0.0
5154,KBW,60 - 64,44.98,44.98,30.0,0.0,RED INTERNET & PHONE CABLE U,0.0
5155,NRW,55 - 59,54.96,44.98,30.0,0.0,VF CABLEMAX,0.0
5156,KBW,70 - 74,50.98,29.99,30.0,0.0,VF RIP U-TREUE,1.0
5157,KBW,25 - 29,44.98,44.98,30.0,0.0,VF CABLEMAX,1.0
5158,NRW,45 - 49,39.99,39.99,30.0,0.0,VF RIP U-TREUE,1.0
5159,NRW,35 - 39,39.99,39.99,30.0,0.0,RED INTERNET & PHONE CABLE U,0.0
5160,KBW,65 - 69,44.97,44.97,30.0,0.0,GIGAZUHAUSE KABEL,0.0
5161,NRW,40 - 44,29.99,29.99,30.0,0.0,VF RIP U-TREUE,1.0
5162,KBW,30 - 34,44.98,44.98,30.0,0.0,RED INTERNET & PHONE CABLE U,0.0
5163,NRW,25 - 29,34.99,34.99,30.0,0.0,RED INTERNET & PHONE CABLE U,1.0
5164,NRW,18 - 24,39.99,39.99,30.0,0.0,RED INTERNET & PHONE CABLE U,1.0
5165,NRW,45 - 49,65.96,29.98,30.0,0.0,VF RIP U-TREUE,1.0
5166,HSN,40 - 44,44.98,44.98,30.0,0.0,VF CABLEMAX,1.0
5167,HSN,40 - 44,47.99,47.99,30.0,0.0,VF RIP U-TREUE,1.0
5168,NRW,30 - 34,34.99,34.99,30.0,0.0,RED INTERNET & PHONE CABLE U,1.0
5169,NRW,65 - 69,54.97,44.98,30.0,0.0,RED INTERNET & PHONE CABLE U,1.0
5170,KBW,30 - 34,39.99,39.99,30.0,0.0,RED INTERNET & PHONE CABLE U,0.0
5171,KBW,35 - 39,34.99,34.99,30.0,0.0,VF RIP U-TREUE,1.0
5172,NRW,80 and over,19.99,19.99,30.0,0.0,RED INTERNET & PHONE CABLE U,1.0
5173,KBW,50 - 54,48.97,48.97,30.0,0.0,RED INTERNET & PHONE CABLE U,1.0
5174,NRW,60 - 64,49.96,29.99,30.0,0.0,VF RIP U-TREUE,1.0
5175,NRW,35 - 39,44.98,44.98,30.0,0.0,RED INTERNET & PHONE CABLE U,0.0
5176,NRW,35 - 39,44.98,44.98,30.0,0.0,VF CABLEMAX,1.0
5177,NRW,35 - 39,39.99,39.99,30.0,0.0,VF RIP U-TREUE,0.0
5178,NRW,40 - 44,33.74,33.0,30.0,0.0,RED INTERNET & PHONE CABLE U,0.0
5179,NRW,65 - 69,44.98,44.98,30.0,0.0,RED INTERNET & PHONE CABLE U,1.0
5180,NRW,18 - 24,44.98,44.98,30.0,0.0,VF CABLEMAX,1.0
5181,NRW,25 - 29,34.99,34.99,30.0,0.0,RED INTERNET & PHONE CABLE U,1.0
5182,KBW,35 - 39,39.99,39.99,30.0,0.0,VF RIP U-TREUE,0.0
5183,HSN,80 and over,65.34,37.98,30.0,0.0,VF RIP U-TREUE,1.0
5184,NRW,60 - 64,42.98,42.98,30.0,0.0,VF RIP U-TREUE,1.0
5185,HSN,25 - 29,49.99,49.99,30.0,0.0,RED INTERNET & PHONE CABLE U,1.0
5186,KBW,30 - 34,39.99,39.99,30.0,0.0,RED INTERNET & PHONE CABLE U,0.0
5187,KBW,65 - 69,24.99,24.99,686.0,0.0,RIP CABLE U TREUE,0.0
5188,NRW,50 - 54,48.98,48.98,30.0,0.0,RED INTERNET & PHONE CABLE U,0.0
5189,KBW,30 - 34,49.99,49.99,30.0,0.0,GIGAZUHAUSE KABEL,1.0
5190,HSN,30 - 34,44.98,44.98,30.0,0.0,VF CABLEMAX,0.0
5191,KBW,35 - 39,24.99,24.99,30.0,0.0,INTERNET COMFORT,0.0
5192,NRW,35 - 39,32.99,32.99,30.0,0.0,VF RIP U-TREUE,1.0
5193,KBW,35 - 39,60.98,39.99,30.0,0.0,VF RIP U-TREUE,1.0
5194,KBW,35 - 39,44.98,44.98,30.0,0.0,VF CABLEMAX,0.0
5195,KBW,30 - 34,44.98,44.98,30.0,1.0,VF CABLEMAX,1.0
5196,NRW,55 - 59,57.96,39.98,30.0,0.0,GIGAZUHAUSE KABEL,0.0
5197,NRW,40 - 44,59.97,39.99,30.0,0.0,VF RIP U-TREUE,1.0
5198,NRW,40 - 44,39.99,39.99,30.0,0.0,RED INTERNET & PHONE CABLE U,1.0
5199,NRW,55 - 59,27.99,27.99,206.0,0.0,GIGAZUHAUSE TREUE B,1.0
5200,NRW,25 - 29,44.98,44.98,30.0,0.0,RED INTERNET & PHONE CABLE U,0.0
5201,NRW,40 - 44,49.99,49.99,30.0,0.0,RED INTERNET & PHONE CABLE U,1.0
5202,NRW,60 - 64,29.99,29.99,30.0,0.0,VF RIP U-TREUE,0.0
5203,NRW,25 - 29,44.98,44.98,30.0,0.0,RED INTERNET & PHONE CABLE U,1.0
5204,KBW,40 - 44,27.99,27.99,30.0,0.0,VF RIP U-TREUE,1.0
5205,KBW,30 - 34,34.99,34.99,30.0,0.0,RED INTERNET & PHONE CABLE U,1.0
5206,NRW,65 - 69,29.99,29.99,30.0,0.0,VF RIP U-TREUE,0.0
5207,NRW,25 - 29,39.98,39.98,30.0,0.0,VF CABLEMAX,0.0
5208,NRW,55 - 59,39.99,39.99,30.0,0.0,VF RIP U-TREUE,1.0
5209,HSN,35 - 39,44.98,44.98,30.0,0.0,VF CABLEMAX,0.0
5210,NRW,65 - 69,49.97,49.97,30.0,0.0,VF CABLEMAX,0.0
5211,NRW,35 - 39,70.98,49.99,30.0,0.0,RED INTERNET & PHONE CABLE U,0.0
5212,KBW,50 - 54,29.99,29.99,30.0,0.0,RED INTERNET & PHONE CABLE U,0.0
5213,NRW,45 - 49,39.99,39.99,30.0,0.0,RED INTERNET & PHONE CABLE U,1.0
5214,KBW,30 - 34,44.98,44.98,30.0,0.0,RED INTERNET & PHONE CABLE U,0.0
5215,KBW,40 - 44,44.98,44.98,30.0,0.0,RED INTERNET & PHONE CABLE U,1.0
5216,KBW,55 - 59,29.99,29.99,30.0,0.0,VF RIP U-TREUE,0.0
5217,NRW,30 - 34,34.99,34.99,30.0,0.0,RED INTERNET & PHONE CABLE U,1.0
5218,KBW,18 - 24,44.98,44.98,30.0,0.0,RED INTERNET & PHONE CABLE U,1.0
5219,NRW,25 - 29,44.98,44.98,30.0,0.0,VF CABLEMAX,1.0
5220,KBW,50 - 54,37.98,37.98,30.0,0.0,GIGAZUHAUSE TREUE D,0.0
5221,NRW,60 - 64,34.99,34.99,30.0,0.0,RED INTERNET & PHONE CABLE U,0.0
5222,NRW,55 - 59,44.98,44.98,30.0,0.0,VF CABLEMAX,0.0
5223,NRW,35 - 39,44.98,44.98,30.0,0.0,VF CABLEMAX,0.0
5224,NRW,45 - 49,54.96,44.98,30.0,0.0,VF CABLEMAX,0.0
5225,KBW,60 - 64,47.96,47.97,30.0,0.0,VF CABLEMAX,0.0
5226,NRW,70 - 74,29.99,29.99,30.0,0.0,VF RIP U-TREUE,0.0
5227,NRW,35 - 39,49.97,49.97,30.0,0.0,RED INTERNET & PHONE CABLE U,1.0
5228,KBW,75 - 79,32.99,32.99,30.0,0.0,VF RIP U-TREUE,0.0
5229,KBW,50 - 54,42.97,42.97,30.0,0.0,RED INTERNET & PHONE CABLE U,1.0
5230,NRW,50 - 54,35.97,35.98,30.0,0.0,VF RIP U-TREUE,1.0
5231,KBW,30 - 34,45.99,34.99,30.0,0.0,RED INTERNET & PHONE CABLE U,1.0
5232,NRW,70 - 74,49.99,49.99,30.0,0.0,RED INTERNET & PHONE CABLE U,0.0
5233,NRW,25 - 29,39.99,39.99,30.0,0.0,RED INTERNET & PHONE CABLE U,1.0
5234,NRW,60 - 64,58.98,58.98,30.0,0.0,RED INTERNET & PHONE CABLE U,1.0
5235,KBW,30 - 34,29.99,29.99,30.0,0.0,VF RIP U-TREUE,0.0
5236,NRW,60 - 64,34.99,34.99,30.0,0.0,RED INTERNET & PHONE CABLE U,1.0
5237,KBW,35 - 39,39.99,39.99,30.0,0.0,RED INTERNET & PHONE CABLE U,0.0
5238,KBW,55 - 59,44.99,44.99,30.0,0.0,RED INTERNET & PHONE CABLE U,0.0
5239,KBW,45 - 49,39.99,39.99,30.0,0.0,RED INTERNET & PHONE CABLE U,0.0
5240,NRW,55 - 59,34.99,34.99,30.0,0.0,RED INTERNET & PHONE CABLE U,0.0
5241,NRW,40 - 44,34.99,34.99,30.0,0.0,RED INTERNET & PHONE CABLE U,1.0
5242,KBW,65 - 69,34.98,34.98,30.0,0.0,VF RIP U-TREUE,1.0
5243,NRW,35 - 39,70.98,49.99,30.0,0.0,3PLAY PREMIUM,0.0
5244,NRW,35 - 39,42.97,42.97,30.0,0.0,RED INTERNET & PHONE CABLE U,0.0
5245,NRW,40 - 44,34.99,34.99,30.0,0.0,RED INTERNET & PHONE CABLE U,0.0
5246,NRW,70 - 74,70.97,54.98,30.0,0.0,VF RIP U-TREUE,0.0
5247,NRW,70 - 74,34.99,34.99,30.0,0.0,RED INTERNET & PHONE CABLE U,0.0
5248,NRW,40 - 44,29.99,29.99,30.0,0.0,VF RIP U-TREUE,1.0
5249,KBW,18 - 24,49.97,49.97,30.0,0.0,VF CABLEMAX,0.0
5250,HSN,35 - 39,70.98,39.99,30.0,0.0,VF RIP U-TREUE,0.0
5251,KBW,30 - 34,44.98,44.98,30.0,0.0,RED INTERNET & PHONE CABLE U,1.0
5252,NRW,30 - 34,39.99,39.99,30.0,0.0,RED INTERNET & PHONE CABLE U,0.0
5253,KBW,25 - 29,29.99,29.99,30.0,0.0,VF RIP U-TREUE,0.0
5254,KBW,25 - 29,39.99,39.99,30.0,0.0,RED INTERNET & PHONE CABLE U,0.0
5255,NRW,18 - 24,34.99,34.99,30.0,0.0,RED INTERNET & PHONE CABLE U,0.0
5256,NRW,30 - 34,75.34,54.99,30.0,0.0,RED INTERNET & PHONE CABLE U,0.0
5257,HSN,35 - 39,34.99,34.99,30.0,0.0,RED INTERNET & PHONE CABLE U,1.0
5258,NRW,65 - 69,49.99,49.99,30.0,0.0,RED INTERNET & PHONE CABLE U,1.0
5259,KBW,45 - 49,22.99,22.99,30.0,0.0,EAZY FLEX,0.0
5260,KBW,40 - 44,42.98,42.98,30.0,0.0,VF RIP U-TREUE,1.0
5261,NRW,40 - 44,34.99,34.99,30.0,0.0,RED INTERNET & PHONE CABLE U,1.0
5262,HSN,45 - 49,70.96,49.97,30.0,0.0,VF CABLEMAX,0.0
5263,NRW,60 - 64,29.99,29.99,30.0,0.0,VF RIP U-TREUE,1.0
5264,HSN,30 - 34,29.99,29.99,30.0,0.0,INTERNET PREMIUM,0.0
5265,NRW,55 - 59,76.95,49.97,30.0,0.0,VF CABLEMAX,0.0
5266,KBW,75 - 79,49.99,49.99,30.0,0.0,GIGAZUHAUSE KABEL,1.0
5267,NRW,40 - 44,39.99,39.99,30.0,0.0,RED INTERNET & PHONE CABLE U,1.0
5268,KBW,40 - 44,49.99,49.99,30.0,0.0,VF RIP U-TREUE,1.0
5269,KBW,40 - 44,34.99,34.99,30.0,0.0,RED INTERNET & PHONE CABLE U,0.0
5270,HSN,30 - 34,29.99,29.99,30.0,0.0,RED INTERNET & PHONE CABLE U,1.0
5271,NRW,25 - 29,63.96,42.97,30.0,0.0,RED INTERNET & PHONE CABLE U,1.0
5272,KBW,55 - 59,42.97,42.97,30.0,0.0,RED INTERNET & PHONE CABLE U,0.0
5273,NRW,65 - 69,29.99,29.99,30.0,0.0,VF RIP U-TREUE,0.0
5274,HSN,40 - 44,44.98,44.98,30.0,0.0,VF CABLEMAX,1.0
5275,NRW,30 - 34,29.99,29.99,30.0,0.0,INTERNET PREMIUM,0.0
5276,HSN,25 - 29,44.98,44.98,30.0,0.0,RED INTERNET & PHONE CABLE U,1.0
5277,NRW,25 - 29,34.99,34.99,30.0,0.0,RED INTERNET & PHONE CABLE U,0.0
5278,HSN,70 - 74,39.99,39.99,30.0,0.0,RED INTERNET & PHONE CABLE U,1.0
5279,NRW,50 - 54,34.99,34.99,30.0,0.0,RED INTERNET & PHONE CABLE U,0.0
5280,KBW,55 - 59,27.99,27.99,30.0,0.0,VF RIP U-TREUE,1.0
5281,KBW,25 - 29,19.99,19.99,30.0,0.0,RED INTERNET & PHONE CABLE U,0.0
5282,NRW,30 - 34,34.99,34.99,30.0,0.0,RED INTERNET & PHONE CABLE U,0.0
5283,NRW,30 - 34,49.99,49.99,30.0,0.0,RED INTERNET & PHONE CABLE U,1.0
5284,NRW,30 - 34,44.98,44.98,30.0,0.0,VF CABLEMAX,1.0
5285,KBW,45 - 49,39.98,39.98,616.0,0.0,GIGAZUHAUSE KABEL,1.0
5286,NRW,40 - 44,44.98,44.98,30.0,0.0,VF CABLEMAX,0.0
5287,KBW,35 - 39,44.98,44.98,30.0,0.0,VF CABLEMAX,1.0
5288,KBW,30 - 34,44.99,44.99,254.0,0.0,GIGAZUHAUSE KABEL,0.0
5289,NRW,30 - 34,34.99,34.99,30.0,0.0,RED INTERNET & PHONE CABLE U,1.0
5290,NRW,50 - 54,32.99,32.99,30.0,0.0,VF RIP U-TREUE,0.0
5291,NRW,35 - 39,44.98,44.98,30.0,0.0,VF CABLEMAX,0.0
5292,KBW,25 - 29,39.99,39.99,30.0,0.0,RED INTERNET & PHONE CABLE U,0.0
5293,KBW,80 and over,39.99,39.99,30.0,0.0,RED INTERNET & PHONE CABLE U,1.0
5294,NRW,45 - 49,39.99,39.99,30.0,0.0,RED INTERNET & PHONE CABLE U,1.0
5295,NRW,35 - 39,42.98,42.98,30.0,0.0,VF RIP U-TREUE,0.0
5296,KBW,60 - 64,49.97,49.97,30.0,0.0,VF CABLEMAX,0.0
5297,KBW,45 - 49,44.98,44.98,30.0,0.0,VF CABLEMAX,0.0
5298,KBW,60 - 64,73.95,43.97,30.0,0.0,VF CABLEMAX,1.0
5299,KBW,35 - 39,29.99,29.99,273.0,0.0,GIGAZUHAUSE TREUE C,0.0
5300,KBW,70 - 74,39.99,39.99,30.0,0.0,RED INTERNET & PHONE CABLE U,1.0
5301,NRW,30 - 34,34.99,34.99,30.0,0.0,RED INTERNET & PHONE CABLE U,1.0
5302,NRW,35 - 39,29.99,29.99,30.0,0.0,RED INTERNET & PHONE CABLE U,1.0
5303,NRW,55 - 59,34.99,34.99,30.0,0.0,RED INTERNET & PHONE CABLE U,1.0
5304,NRW,40 - 44,34.99,34.99,30.0,0.0,RED INTERNET & PHONE CABLE U,0.0
5305,NRW,25 - 29,19.99,19.99,30.0,0.0,RED INTERNET & PHONE CABLE U,1.0
5306,KBW,45 - 49,37.99,37.99,30.0,0.0,VF RIP U-TREUE,1.0
5307,KBW,80 and over,65.97,44.98,30.0,0.0,RED INTERNET & PHONE CABLE U,1.0
5308,KBW,25 - 29,34.99,34.99,30.0,0.0,RED INTERNET & PHONE CABLE U,0.0
5309,HSN,40 - 44,34.99,34.99,30.0,0.0,RED INTERNET & PHONE CABLE U,1.0
5310,KBW,40 - 44,44.98,44.98,30.0,0.0,VF CABLEMAX,1.0
5311,NRW,30 - 34,24.99,24.99,176.0,0.0,GIGAZUHAUSE TREUE C,0.0
5312,KBW,55 - 59,24.99,24.99,30.0,0.0,GIGAZUHAUSE TREUE C,0.0
5313,NRW,55 - 59,51.94,51.95,30.0,0.0,RED INTERNET & PHONE CABLE U,0.0
5314,NRW,35 - 39,34.99,34.99,30.0,0.0,RED INTERNET & PHONE CABLE U,0.0
5315,NRW,35 - 39,44.98,44.98,30.0,0.0,RED INTERNET & PHONE CABLE U,1.0
5316,KBW,30 - 34,29.99,29.99,30.0,0.0,INTERNET PREMIUM,1.0
5317,NRW,25 - 29,34.99,34.99,30.0,0.0,RED INTERNET & PHONE CABLE U,1.0
5318,KBW,35 - 39,57.97,44.98,30.0,0.0,VF CABLEMAX,0.0
5319,NRW,60 - 64,32.99,32.99,30.0,0.0,VF RIP U-TREUE,1.0
5320,KBW,35 - 39,44.98,44.98,30.0,0.0,RED INTERNET & PHONE CABLE U,1.0
5321,NRW,30 - 34,39.98,39.98,30.0,0.0,GIGAZUHAUSE KABEL,0.0
5322,NRW,60 - 64,52.96,52.96,337.0,0.0,GIGAZUHAUSE TREUE B,0.0
5323,HSN,40 - 44,44.98,44.98,30.0,0.0,VF CABLEMAX,1.0
5324,HSN,55 - 59,29.99,29.99,30.0,0.0,INTERNET PREMIUM,0.0
5325,HSN,35 - 39,29.99,29.99,30.0,0.0,VF RIP U-TREUE,1.0
5326,HSN,60 - 64,34.99,34.99,30.0,0.0,RED INTERNET & PHONE CABLE U,1.0
5327,NRW,65 - 69,24.99,24.99,30.0,0.0,INTERNET COMFORT,1.0
5328,HSN,30 - 34,49.99,49.99,30.0,0.0,RED INTERNET & PHONE CABLE U,1.0
5329,NRW,60 - 64,34.98,33.74,576.0,0.0,RED INTERNET & PHONE CABLE U,1.0
5330,NRW,25 - 29,34.99,34.99,29.0,0.0,RED INTERNET & PHONE CABLE U,1.0
5331,NRW,25 - 29,34.99,34.99,30.0,0.0,RED INTERNET & PHONE CABLE U,1.0
5332,HSN,45 - 49,44.98,44.98,30.0,0.0,VF CABLEMAX,1.0
5333,NRW,40 - 44,54.99,54.99,30.0,0.0,RED INTERNET & PHONE CABLE U,0.0
5334,KBW,35 - 39,44.98,44.98,30.0,0.0,VF CABLEMAX,0.0
5335,HSN,30 - 34,29.99,29.99,30.0,0.0,VF RIP U-TREUE,0.0
5336,NRW,70 - 74,61.96,49.98,30.0,0.0,VF RIP U-TREUE,1.0
5337,HSN,25 - 29,39.99,39.99,30.0,0.0,RED INTERNET & PHONE CABLE U,1.0
5338,NRW,30 - 34,39.99,39.99,30.0,0.0,RED INTERNET & PHONE CABLE U,0.0
5339,NRW,75 - 79,39.98,39.98,30.0,0.0,VF CABLEMAX,1.0
5340,NRW,25 - 29,34.99,34.99,30.0,0.0,RED INTERNET & PHONE CABLE U,0.0
5341,NRW,30 - 34,47.99,47.99,30.0,0.0,VF RIP U-TREUE,1.0
5342,NRW,25 - 29,44.98,44.98,30.0,0.0,VF CABLEMAX,0.0
5343,NRW,30 - 34,34.99,34.99,30.0,0.0,RED INTERNET & PHONE CABLE U,0.0
5344,KBW,60 - 64,37.99,37.99,30.0,0.0,VF RIP U-TREUE,0.0
5345,HSN,80 and over,34.99,34.99,30.0,0.0,RED INTERNET & PHONE CABLE U,0.0
5346,NRW,25 - 29,39.99,39.99,30.0,0.0,VF RIP U-TREUE,1.0
5347,HSN,70 - 74,65.87,44.88,30.0,0.0,3PLAY,0.0
5348,KBW,35 - 39,52.98,37.99,30.0,0.0,VF RIP U-TREUE,1.0
5349,NRW,40 - 44,39.99,39.99,30.0,0.0,VF RIP U-TREUE,1.0
5350,KBW,65 - 69,64.98,64.98,30.0,0.0,GIGAZUHAUSE KABEL,0.0
5351,NRW,25 - 29,44.98,44.98,30.0,0.0,VF CABLEMAX,0.0
5352,HSN,60 - 64,52.96,52.96,629.0,0.0,VF CABLEMAX,1.0
5353,KBW,35 - 39,39.98,39.98,30.0,0.0,VF CABLEMAX,1.0
5354,KBW,60 - 64,39.99,39.99,30.0,0.0,RED INTERNET & PHONE CABLE U,0.0
5355,KBW,25 - 29,39.99,39.99,30.0,0.0,RED INTERNET & PHONE CABLE U,1.0
5356,NRW,30 - 34,44.98,44.98,30.0,0.0,VF CABLEMAX,1.0
5357,KBW,80 and over,34.99,34.99,30.0,0.0,RED INTERNET & PHONE CABLE U,1.0
5358,KBW,35 - 39,29.99,29.99,30.0,0.0,VF RIP U-TREUE,0.0
5359,NRW,25 - 29,64.98,64.98,30.0,0.0,GIGAZUHAUSE KABEL,1.0
5360,NRW,45 - 49,54.99,54.99,30.0,0.0,RED INTERNET & PHONE CABLE U,0.0
5361,HSN,35 - 39,29.99,29.99,30.0,0.0,VF RIP U-TREUE,0.0
5362,KBW,65 - 69,29.99,29.99,30.0,0.0,INTERNET PREMIUM,1.0
5363,HSN,25 - 29,54.98,34.99,30.0,0.0,RED INTERNET & PHONE CABLE U,0.0
5364,NRW,55 - 59,44.98,44.98,30.0,0.0,RED INTERNET & PHONE CABLE U,1.0
5365,NRW,35 - 39,24.99,24.99,30.0,0.0,RED INTERNET & PHONE CABLE U,1.0
5366,KBW,60 - 64,55.94,43.97,629.0,0.0,VF CABLEMAX,1.0
5367,KBW,30 - 34,37.99,37.99,30.0,0.0,VF RIP U-TREUE,1.0
5368,HSN,50 - 54,44.98,44.98,30.0,0.0,VF CABLEMAX,1.0
5369,KBW,25 - 29,54.99,54.99,30.0,0.0,RED INTERNET & PHONE CABLE U,1.0
5370,NRW,60 - 64,74.96,44.98,30.0,0.0,VF CABLEMAX,1.0
5371,HSN,25 - 29,44.98,44.98,30.0,0.0,RED INTERNET & PHONE CABLE U,0.0
5372,NRW,55 - 59,44.98,44.98,30.0,0.0,RED INTERNET & PHONE CABLE U,0.0
5373,NRW,50 - 54,44.98,44.98,30.0,2.0,VF CABLEMAX,1.0
5374,HSN,30 - 34,48.97,48.97,30.0,0.0,VF CABLEMAX,1.0
5375,HSN,40 - 44,49.97,49.97,30.0,0.0,VF CABLEMAX,1.0
5376,HSN,65 - 69,39.99,39.99,30.0,0.0,VF RIP U-TREUE,0.0
5377,NRW,50 - 54,44.98,44.98,30.0,0.0,VF RIP U-TREUE,1.0
5378,NRW,35 - 39,29.99,29.99,30.0,0.0,RED INTERNET & PHONE CABLE U,0.0
5379,NRW,25 - 29,39.99,39.99,30.0,0.0,RED INTERNET & PHONE CABLE U,0.0
5380,NRW,80 and over,27.99,27.99,30.0,0.0,VF RIP U-TREUE,0.0
5381,KBW,30 - 34,29.99,29.99,30.0,0.0,VF RIP U-TREUE,1.0
5382,NRW,40 - 44,39.99,39.99,30.0,0.0,VF RIP U-TREUE,0.0
5383,KBW,55 - 59,49.99,49.99,30.0,0.0,VF RIP U-TREUE,1.0
5384,KBW,70 - 74,32.99,32.99,30.0,0.0,VF RIP U-TREUE,1.0
5385,KBW,55 - 59,39.99,39.99,30.0,0.0,VF RIP U-TREUE,1.0
5386,HSN,45 - 49,39.99,39.99,30.0,0.0,RED INTERNET & PHONE CABLE U,1.0
5387,KBW,50 - 54,44.97,44.97,30.0,0.0,GIGAZUHAUSE KABEL,0.0
5388,NRW,55 - 59,57.97,32.99,30.0,0.0,VF RIP U-TREUE,1.0
5389,NRW,25 - 29,38.98,38.98,30.0,0.0,RED INTERNET & PHONE CABLE U,1.0
5390,HSN,45 - 49,39.98,39.98,135.0,0.0,GIGAZUHAUSE TREUE B,0.0
5391,NRW,70 - 74,44.98,44.98,30.0,0.0,RED INTERNET & PHONE CABLE U,0.0
5392,KBW,45 - 49,39.98,39.98,30.0,0.0,VF CABLEMAX,0.0
5393,KBW,35 - 39,39.99,39.99,30.0,0.0,RED INTERNET & PHONE CABLE U,0.0
5394,KBW,25 - 29,34.99,34.99,30.0,0.0,RED INTERNET & PHONE CABLE U,1.0
5395,NRW,40 - 44,34.99,34.99,30.0,0.0,RED INTERNET & PHONE CABLE U,1.0
5396,NRW,30 - 34,34.99,34.99,30.0,0.0,RED INTERNET & PHONE CABLE U,0.0
5397,NRW,25 - 29,54.99,54.99,30.0,0.0,GIGAZUHAUSE KABEL,0.0
5398,HSN,40 - 44,39.99,39.99,30.0,0.0,RED INTERNET & PHONE CABLE U,1.0
5399,HSN,30 - 34,34.99,34.99,30.0,1.0,RED INTERNET & PHONE CABLE U,0.0
5400,KBW,30 - 34,44.98,44.98,30.0,0.0,RED INTERNET & PHONE CABLE U,1.0
5401,KBW,70 - 74,52.96,44.97,629.0,0.0,GIGAZUHAUSE TREUE B,1.0
5402,NRW,60 - 64,38.98,38.98,30.0,0.0,RED INTERNET & PHONE CABLE U,1.0
5403,NRW,35 - 39,44.98,44.98,30.0,0.0,RED INTERNET & PHONE CABLE U,1.0
5404,KBW,45 - 49,39.99,39.99,30.0,0.0,RED INTERNET & PHONE CABLE U,1.0
5405,HSN,25 - 29,39.99,39.99,30.0,0.0,RED INTERNET & PHONE CABLE U,1.0
5406,NRW,18 - 24,44.98,44.98,30.0,0.0,RED INTERNET & PHONE CABLE U,1.0
5407,NRW,30 - 34,39.99,39.99,30.0,0.0,RED INTERNET & PHONE CABLE U,1.0
5408,NRW,70 - 74,34.99,34.99,30.0,0.0,RED INTERNET & PHONE CABLE U,0.0
5409,NRW,30 - 34,39.98,39.98,168.0,0.0,GIGAZUHAUSE KABEL,0.0
5410,NRW,60 - 64,34.99,34.99,30.0,0.0,RED INTERNET & PHONE CABLE U,0.0
5411,NRW,80 and over,32.99,32.99,30.0,0.0,VF RIP U-TREUE,1.0
5412,NRW,30 - 34,39.98,39.98,129.0,0.0,GIGAZUHAUSE KABEL,1.0
5413,KBW,35 - 39,39.98,39.98,30.0,0.0,VF CABLEMAX,1.0
5414,NRW,30 - 34,29.99,29.99,184.0,0.0,GIGAZUHAUSE TREUE B,1.0
5415,NRW,55 - 59,44.97,44.97,30.0,0.0,VF CABLEMAX,0.0
5416,NRW,50 - 54,32.99,32.99,30.0,0.0,VF RIP U-TREUE,0.0
5417,KBW,70 - 74,71.94,50.86,30.0,0.0,3PLAY HD BOX,0.0
5418,KBW,55 - 59,74.97,54.98,30.0,0.0,2PLAY FLY,0.0
5419,HSN,35 - 39,48.97,48.97,30.0,0.0,VF CABLEMAX,1.0
5420,NRW,30 - 34,44.98,44.98,30.0,0.0,VF CABLEMAX,1.0
5421,NRW,40 - 44,49.99,49.99,30.0,0.0,RED INTERNET & PHONE CABLE U,0.0
5422,KBW,25 - 29,39.98,39.98,214.0,0.0,GIGAZUHAUSE KABEL,1.0
5423,NRW,35 - 39,39.99,39.99,30.0,0.0,VF RIP U-TREUE,1.0
5424,KBW,35 - 39,29.99,29.99,30.0,0.0,VF RIP U-TREUE,0.0
5425,NRW,30 - 34,34.99,34.99,30.0,0.0,RED INTERNET & PHONE CABLE U,0.0
5426,KBW,55 - 59,34.99,34.99,30.0,0.0,RED INTERNET & PHONE CABLE U,0.0
5427,NRW,50 - 54,47.96,47.96,30.0,0.0,VF RIP U-TREUE,0.0
5428,KBW,30 - 34,44.98,44.98,30.0,0.0,VF CABLEMAX,0.0
5429,HSN,55 - 59,27.99,27.99,773.0,0.0,GIGAZUHAUSE TREUE B,1.0
5430,KBW,25 - 29,44.98,44.98,30.0,0.0,RED INTERNET & PHONE CABLE U,1.0
5431,HSN,25 - 29,42.98,42.98,30.0,0.0,VF RIP U-TREUE,0.0
5432,HSN,60 - 64,54.99,54.99,30.0,0.0,RED INTERNET & PHONE CABLE U,0.0
5433,KBW,65 - 69,52.98,32.99,699.0,0.0,GIGAZUHAUSE TREUE B,1.0
5434,NRW,35 - 39,34.99,34.99,30.0,0.0,RED INTERNET & PHONE CABLE U,0.0
5435,HSN,25 - 29,19.99,19.99,619.0,0.0,GIGAZUHAUSE KABEL,0.0
5436,NRW,80 and over,40.9,40.89,30.0,0.0,2PLAY PLUS,0.0
5437,NRW,60 - 64,37.99,37.99,30.0,0.0,VF RIP U-TREUE,0.0
5438,NRW,30 - 34,39.99,39.99,30.0,0.0,RED INTERNET & PHONE CABLE U,1.0
5439,NRW,50 - 54,29.99,29.99,30.0,0.0,VF RIP U-TREUE,1.0
5440,NRW,40 - 44,49.98,29.99,30.0,0.0,VF RIP U-TREUE,0.0
5441,NRW,60 - 64,37.99,37.99,30.0,1.0,VF RIP U-TREUE,0.0
5442,NRW,35 - 39,29.99,29.99,30.0,0.0,VF RIP U-TREUE,1.0
5443,HSN,45 - 49,24.99,24.99,30.0,0.0,VF RIP U-TREUE,1.0
5444,NRW,25 - 29,34.99,34.99,30.0,0.0,RED INTERNET & PHONE CABLE U,1.0
5445,NRW,18 - 24,39.99,39.99,30.0,0.0,RED INTERNET & PHONE CABLE U,1.0
5446,NRW,35 - 39,44.97,44.97,30.0,0.0,GIGAZUHAUSE KABEL,1.0
5447,KBW,60 - 64,41.97,41.97,30.0,0.0,VF RIP U-TREUE,0.0
5448,HSN,65 - 69,44.97,44.97,30.0,0.0,VF CABLEMAX,1.0
5449,NRW,70 - 74,37.99,37.99,30.0,0.0,VF RIP U-TREUE,1.0
5450,KBW,55 - 59,29.99,29.99,30.0,0.0,VF RIP U-TREUE,0.0
5451,KBW,65 - 69,47.97,49.97,30.0,0.0,VF CABLEMAX,0.0
5452,KBW,55 - 59,39.99,39.99,30.0,0.0,VF RIP U-TREUE,1.0
5453,NRW,18 - 24,39.98,39.98,30.0,0.0,VF CABLEMAX,0.0
5454,NRW,40 - 44,39.99,39.99,30.0,0.0,VF RIP U-TREUE,1.0
5455,NRW,55 - 59,34.99,34.99,30.0,1.0,RED INTERNET & PHONE CABLE U,1.0
5456,KBW,55 - 59,44.98,44.98,30.0,0.0,VF CABLEMAX,1.0
5457,KBW,40 - 44,24.99,24.99,30.0,0.0,VF RIP U-TREUE,1.0
5458,NRW,80 and over,42.97,42.97,30.0,0.0,RED INTERNET & PHONE CABLE U,1.0
5459,NRW,25 - 29,39.99,39.99,30.0,0.0,RED INTERNET & PHONE CABLE U,0.0
5460,NRW,40 - 44,34.99,34.99,30.0,0.0,RED INTERNET & PHONE CABLE U,0.0
5461,NRW,80 and over,24.98,24.98,183.0,0.0,GIGAZUHAUSE TREUE C,1.0
5462,NRW,55 - 59,42.99,42.99,109.0,0.0,GIGAZUHAUSE KABEL,0.0
5463,KBW,55 - 59,44.98,44.98,30.0,0.0,RED INTERNET & PHONE CABLE U,0.0
5464,NRW,55 - 59,34.99,34.99,30.0,0.0,RED INTERNET & PHONE CABLE U,0.0
5465,KBW,60 - 64,37.99,37.99,30.0,0.0,VF RIP U-TREUE,0.0
5466,NRW,80 and over,39.98,39.98,30.0,0.0,VF CABLEMAX,1.0
5467,NRW,25 - 29,37.98,37.98,30.0,0.0,VF RIP U-TREUE,0.0
5468,NRW,25 - 29,39.98,39.98,142.0,0.0,GIGAZUHAUSE KABEL,1.0
5469,NRW,50 - 54,52.96,52.97,30.0,0.0,VF RIP U-TREUE,1.0
5470,HSN,45 - 49,37.98,37.98,30.0,0.0,VF RIP U-TREUE,1.0
5471,HSN,60 - 64,59.98,59.98,30.0,0.0,RED INTERNET & PHONE CABLE U,1.0
5472,KBW,30 - 34,29.99,29.99,30.0,0.0,VF RIP U-TREUE,0.0
5473,NRW,30 - 34,44.98,44.98,30.0,0.0,VF CABLEMAX,1.0
5474,HSN,65 - 69,49.99,49.99,30.0,0.0,VF RIP U-TREUE,1.0
5475,NRW,60 - 64,37.98,37.98,165.0,0.0,GIGAZUHAUSE TREUE B,1.0
5476,NRW,30 - 34,39.99,39.99,30.0,0.0,RED INTERNET & PHONE CABLE U,1.0
5477,NRW,30 - 34,24.99,24.99,30.0,0.0,RED INTERNET & PHONE CABLE U,0.0
5478,NRW,55 - 59,44.98,44.98,30.0,0.0,VF CABLEMAX,0.0
5479,KBW,65 - 69,52.98,52.98,30.0,0.0,GIGAZUHAUSE KABEL,1.0
5480,NRW,40 - 44,34.99,34.99,30.0,0.0,RED INTERNET & PHONE CABLE U,0.0
5481,KBW,70 - 74,27.99,27.99,30.0,0.0,VF RIP U-TREUE,0.0
5482,NRW,25 - 29,39.98,39.98,30.0,1.0,VF CABLEMAX,1.0
5483,HSN,25 - 29,42.97,39.98,695.0,0.0,GIGAZUHAUSE TREUE B,1.0
5484,NRW,55 - 59,34.99,34.99,30.0,0.0,RED INTERNET & PHONE CABLE U,0.0
5485,KBW,25 - 29,34.99,34.99,30.0,0.0,RED INTERNET & PHONE CABLE U,0.0
5486,NRW,45 - 49,49.98,39.99,30.0,0.0,RED INTERNET & PHONE CABLE U,0.0
5487,KBW,30 - 34,44.98,44.98,30.0,0.0,VF CABLEMAX,1.0
5488,KBW,55 - 59,62.95,37.98,152.0,0.0,GIGAZUHAUSE KABEL,0.0
5489,NRW,50 - 54,59.97,44.98,30.0,0.0,VF CABLEMAX,0.0
5490,KBW,50 - 54,65.97,44.98,30.0,0.0,VF CABLEMAX,0.0
5491,KBW,65 - 69,44.97,44.97,30.0,0.0,GIGAZUHAUSE TREUE B,1.0
5492,NRW,30 - 34,39.98,39.98,30.0,0.0,VF CABLEMAX,1.0
5493,HSN,30 - 34,44.98,44.98,30.0,0.0,RED INTERNET & PHONE CABLE U,1.0
5494,NRW,50 - 54,79.96,49.97,30.0,0.0,VF CABLEMAX,0.0
5495,HSN,65 - 69,49.98,49.98,679.0,0.0,GIGAZUHAUSE TREUE B,0.0
5496,HSN,50 - 54,37.99,37.99,30.0,0.0,VF RIP U-TREUE,0.0
5497,KBW,40 - 44,44.98,44.98,30.0,0.0,RED INTERNET & PHONE CABLE U,1.0
5498,KBW,55 - 59,54.99,54.99,30.0,0.0,RED INTERNET & PHONE CABLE U,0.0
5499,NRW,70 - 74,53.95,53.94,30.0,0.0,3PLAY FLY,0.0
5500,NRW,50 - 54,29.99,29.99,30.0,0.0,VF RIP U-TREUE,0.0
5501,KBW,50 - 54,60.34,39.99,30.0,0.0,VF RIP U-TREUE,0.0
5502,NRW,40 - 44,59.94,44.97,30.0,0.0,VF CABLEMAX,0.0
5503,NRW,30 - 34,39.99,39.99,30.0,0.0,RED INTERNET & PHONE CABLE U,0.0
5504,NRW,40 - 44,34.99,34.99,30.0,0.0,RED INTERNET & PHONE CABLE U,0.0
5505,KBW,30 - 34,44.98,44.98,30.0,0.0,RED INTERNET & PHONE CABLE U,1.0
5506,NRW,50 - 54,44.98,44.98,30.0,0.0,VF CABLEMAX,0.0
5507,KBW,55 - 59,39.98,39.98,106.0,0.0,GIGAZUHAUSE KABEL,0.0
5508,NRW,25 - 29,58.98,58.98,30.0,0.0,RED INTERNET & PHONE CABLE U,0.0
5509,KBW,60 - 64,34.98,34.98,30.0,0.0,VF CABLEMAX,1.0
5510,NRW,18 - 24,44.98,44.98,30.0,0.0,VF CABLEMAX,1.0
5511,KBW,40 - 44,42.98,42.98,30.0,0.0,VF RIP U-TREUE,0.0
5512,NRW,35 - 39,39.99,39.99,30.0,0.0,RED INTERNET & PHONE CABLE U,0.0
5513,HSN,65 - 69,48.42,48.42,30.0,0.0,3PLAY COMFORT,0.0
5514,NRW,55 - 59,44.98,44.98,30.0,0.0,RED INTERNET & PHONE CABLE U,0.0
5515,NRW,60 - 64,42.98,42.98,30.0,0.0,VF RIP U-TREUE,1.0
5516,HSN,65 - 69,32.99,32.99,259.0,0.0,GIGAZUHAUSE TREUE B,0.0
5517,NRW,25 - 29,39.98,39.98,30.0,0.0,VF CABLEMAX,1.0
5518,NRW,35 - 39,42.98,42.98,30.0,0.0,VF RIP U-TREUE,1.0
5519,NRW,50 - 54,39.99,39.99,30.0,0.0,RED INTERNET & PHONE CABLE U,1.0
5520,NRW,40 - 44,29.99,29.99,30.0,1.0,VF RIP U-TREUE,0.0
5521,NRW,30 - 34,49.98,49.98,30.0,0.0,GIGAZUHAUSE KABEL,1.0
5522,KBW,50 - 54,32.99,32.99,30.0,0.0,RED INTERNET & PHONE CABLE U,1.0
5523,NRW,50 - 54,44.98,44.98,30.0,0.0,VF CABLEMAX,0.0
5524,KBW,30 - 34,39.99,39.99,30.0,0.0,RED INTERNET & PHONE CABLE U,0.0
5525,NRW,55 - 59,39.99,39.99,30.0,0.0,RED INTERNET & PHONE CABLE U,1.0
5526,NRW,40 - 44,44.98,44.98,30.0,0.0,VF CABLEMAX,0.0
5527,NRW,45 - 49,32.99,32.99,30.0,0.0,VF RIP U-TREUE,0.0
5528,NRW,80 and over,34.99,34.99,30.0,0.0,RED INTERNET & PHONE CABLE U,0.0
5529,NRW,75 - 79,44.98,44.98,30.0,0.0,RED INTERNET & PHONE CABLE U,0.0
5530,HSN,30 - 34,39.98,39.98,30.0,0.0,RED INTERNET & PHONE CABLE U,0.0
5531,NRW,70 - 74,24.99,24.99,30.0,0.0,INTERNET COMFORT,1.0
5532,KBW,35 - 39,58.98,58.98,30.0,0.0,RED INTERNET & PHONE CABLE U,0.0
5533,NRW,50 - 54,44.97,44.97,30.0,0.0,VF CABLEMAX,1.0
5534,NRW,55 - 59,24.99,24.99,30.0,0.0,VF RIP U-TREUE,0.0
5535,NRW,70 - 74,37.78,37.78,30.0,0.0,RED INTERNET & PHONE CABLE U,1.0
5536,KBW,35 - 39,54.98,54.98,30.0,0.0,RED INTERNET & PHONE CABLE U,0.0
5537,KBW,55 - 59,32.99,32.99,30.0,0.0,VF RIP U-TREUE,1.0
5538,HSN,80 and over,49.97,49.97,30.0,0.0,GIGAZUHAUSE KABEL,0.0
5539,NRW,30 - 34,39.99,39.99,30.0,0.0,RED INTERNET & PHONE CABLE U,0.0
5540,NRW,75 - 79,64.95,43.98,30.0,0.0,RED INTERNET & PHONE CABLE U,0.0
5541,KBW,35 - 39,34.99,34.99,30.0,0.0,RED INTERNET & PHONE CABLE U,0.0
5542,NRW,35 - 39,44.99,44.99,133.0,0.0,GIGAZUHAUSE KABEL,0.0
5543,NRW,65 - 69,52.98,52.98,30.0,0.0,VF RIP U-TREUE,0.0
5544,NRW,75 - 79,37.99,37.99,30.0,0.0,VF RIP U-TREUE,1.0
5545,NRW,18 - 24,44.99,44.99,30.0,0.0,GIGAZUHAUSE KABEL,1.0
5546,KBW,30 - 34,39.98,39.98,30.0,2.0,GIGAZUHAUSE KABEL,1.0
5547,NRW,40 - 44,44.99,44.99,30.0,0.0,RED INTERNET & PHONE CABLE U,0.0
5548,KBW,30 - 34,44.98,44.98,30.0,0.0,VF CABLEMAX,0.0
5549,KBW,70 - 74,39.98,39.98,30.0,2.0,GIGAZUHAUSE KABEL,0.0
5550,KBW,40 - 44,24.99,24.99,30.0,0.0,RED INTERNET & PHONE CABLE U,0.0
5551,NRW,35 - 39,44.99,44.99,30.0,0.0,RED INTERNET & PHONE CABLE U,1.0
5552,KBW,50 - 54,49.99,49.99,30.0,0.0,RED INTERNET & PHONE CABLE U,1.0
5553,NRW,45 - 49,32.99,32.99,30.0,0.0,VF RIP U-TREUE,0.0
5554,HSN,60 - 64,63.97,42.98,30.0,0.0,2PLAY PLUS,1.0
5555,NRW,40 - 44,49.99,49.99,30.0,0.0,GIGAZUHAUSE KABEL,1.0
5556,NRW,60 - 64,47.97,47.97,30.0,0.0,RED INTERNET & PHONE CABLE U,1.0
5557,NRW,55 - 59,63.32,42.97,30.0,0.0,RED INTERNET & PHONE CABLE U,0.0
5558,HSN,50 - 54,44.98,44.98,30.0,0.0,VF CABLEMAX,0.0
5559,NRW,30 - 34,39.99,39.99,30.0,0.0,RED INTERNET & PHONE CABLE U,0.0
5560,KBW,75 - 79,49.97,49.97,30.0,0.0,RED INTERNET & PHONE CABLE U,0.0
5561,KBW,40 - 44,34.99,34.99,30.0,0.0,RED INTERNET & PHONE CABLE U,0.0
5562,HSN,50 - 54,24.99,24.99,30.0,0.0,INTERNET COMFORT,0.0
5563,NRW,30 - 34,44.98,44.98,30.0,0.0,RED INTERNET & PHONE CABLE U,1.0
5564,NRW,18 - 24,39.99,39.99,30.0,0.0,RED INTERNET & PHONE CABLE U,1.0
5565,NRW,25 - 29,44.98,44.98,30.0,0.0,VF CABLEMAX,0.0
5566,KBW,50 - 54,54.98,54.98,30.0,0.0,VF RIP U-TREUE,0.0
5567,NRW,50 - 54,49.99,49.99,30.0,0.0,GIGAZUHAUSE KABEL,0.0
5568,KBW,30 - 34,39.99,39.99,30.0,0.0,RED INTERNET & PHONE CABLE U,0.0
5569,NRW,35 - 39,44.98,44.98,30.0,0.0,RED INTERNET & PHONE CABLE U,0.0
5570,HSN,50 - 54,41.98,24.99,30.0,0.0,VF RIP U-TREUE,0.0
5571,HSN,25 - 29,49.97,49.97,30.0,0.0,VF CABLEMAX,1.0
5572,NRW,60 - 64,44.98,44.98,30.0,0.0,RED INTERNET & PHONE CABLE U,0.0
5573,NRW,25 - 29,39.99,39.99,30.0,0.0,RED INTERNET & PHONE CABLE U,1.0
5574,HSN,35 - 39,54.99,54.99,30.0,0.0,RED INTERNET & PHONE CABLE U,1.0
5575,KBW,30 - 34,34.99,34.99,30.0,0.0,RED INTERNET & PHONE CABLE U,0.0
5576,NRW,40 - 44,29.99,29.99,30.0,0.0,VF RIP U-TREUE,1.0
5577,NRW,65 - 69,34.99,34.99,30.0,0.0,RED INTERNET & PHONE CABLE U,0.0
5578,KBW,30 - 34,67.97,67.97,67.0,0.0,GIGAZUHAUSE KABEL,1.0
5579,NRW,30 - 34,64.96,39.98,122.0,0.0,GIGAZUHAUSE KABEL,0.0
5580,NRW,50 - 54,54.99,54.99,30.0,0.0,RED INTERNET & PHONE CABLE U,1.0
5581,KBW,55 - 59,39.99,39.99,30.0,0.0,RED INTERNET & PHONE CABLE U,0.0
5582,KBW,40 - 44,49.97,49.97,30.0,0.0,VF CABLEMAX,1.0
5583,KBW,35 - 39,58.98,58.98,30.0,0.0,RED INTERNET & PHONE CABLE U,1.0
5584,KBW,25 - 29,34.99,34.99,30.0,0.0,VF RIP U-TREUE,1.0
5585,NRW,60 - 64,39.99,39.99,30.0,0.0,RED INTERNET & PHONE CABLE U,0.0
5586,KBW,75 - 79,39.99,39.99,30.0,0.0,RED INTERNET & PHONE CABLE U,0.0
5587,KBW,40 - 44,44.98,44.98,30.0,0.0,RED INTERNET & PHONE CABLE U,0.0
5588,NRW,80 and over,39.98,39.98,30.0,0.0,GIGAZUHAUSE KABEL,1.0
5589,KBW,35 - 39,54.98,54.98,30.0,0.0,RED INTERNET & PHONE CABLE U,1.0
5590,NRW,35 - 39,47.97,47.97,30.0,0.0,2PLAY TREUE,1.0
5591,NRW,30 - 34,39.99,39.99,30.0,0.0,RED INTERNET & PHONE CABLE U,0.0
5592,NRW,55 - 59,74.95,44.98,30.0,0.0,RED INTERNET & PHONE CABLE U,1.0
5593,NRW,55 - 59,60.98,39.99,30.0,0.0,VF RIP U-TREUE,0.0
5594,KBW,55 - 59,57.96,67.96,30.0,0.0,GIGAZUHAUSE KABEL,0.0
5595,KBW,65 - 69,59.98,34.99,30.0,0.0,RED INTERNET & PHONE CABLE U,0.0
5596,NRW,65 - 69,34.99,34.99,30.0,0.0,RED INTERNET & PHONE CABLE U,0.0
5597,KBW,30 - 34,58.98,58.98,30.0,0.0,RED INTERNET & PHONE CABLE U,1.0
5598,NRW,50 - 54,37.99,37.99,30.0,0.0,VF RIP U-TREUE,0.0
5599,KBW,30 - 34,44.98,44.98,30.0,1.0,RED INTERNET & PHONE CABLE U,0.0
5600,KBW,25 - 29,44.98,44.98,30.0,0.0,RED INTERNET & PHONE CABLE U,0.0
5601,KBW,30 - 34,54.99,54.99,30.0,0.0,GIGAZUHAUSE KABEL,0.0
5602,NRW,45 - 49,43.98,43.98,30.0,0.0,RED INTERNET & PHONE CABLE U,0.0
5603,KBW,50 - 54,39.99,39.99,30.0,0.0,RED INTERNET & PHONE CABLE U,1.0
5604,HSN,25 - 29,34.99,34.99,30.0,0.0,RED INTERNET & PHONE CABLE U,0.0
5605,HSN,80 and over,49.97,49.97,30.0,0.0,RED INTERNET & PHONE CABLE U,1.0
5606,KBW,25 - 29,39.99,39.99,30.0,0.0,RED INTERNET & PHONE CABLE U,1.0
5607,HSN,65 - 69,44.98,44.98,30.0,0.0,RED INTERNET & PHONE CABLE U,1.0
5608,NRW,18 - 24,47.97,47.97,30.0,0.0,VF RIP U-TREUE,1.0
5609,NRW,35 - 39,34.99,34.99,30.0,0.0,VF RIP U-TREUE,0.0
5610,NRW,25 - 29,29.99,29.99,30.0,0.0,VF RIP U-TREUE,1.0
5611,KBW,55 - 59,78.96,54.98,30.0,0.0,VF RIP U-TREUE,0.0
5612,KBW,25 - 29,149.96,149.96,30.0,0.0,RED INTERNET & PHONE CABLE U,0.0
5613,NRW,35 - 39,19.99,19.99,687.0,0.0,GIGAZUHAUSE KABEL,1.0
5614,KBW,30 - 34,44.98,44.98,30.0,0.0,RED INTERNET & PHONE CABLE U,1.0
5615,NRW,18 - 24,34.99,34.99,30.0,0.0,RED INTERNET & PHONE CABLE U,1.0
5616,NRW,55 - 59,44.98,44.98,30.0,0.0,RED INTERNET & PHONE CABLE U,0.0
5617,KBW,30 - 34,43.98,43.98,30.0,0.0,RED INTERNET & PHONE CABLE U,1.0
5618,NRW,30 - 34,29.99,29.99,30.0,0.0,VF RIP U-TREUE,1.0
5619,KBW,35 - 39,39.99,39.99,30.0,0.0,RED INTERNET & PHONE CABLE U,0.0
5620,HSN,70 - 74,39.99,39.99,30.0,0.0,VF RIP U-TREUE,0.0
5621,NRW,80 and over,0.0,0.0,30.0,0.0,MMA,1.0
5622,NRW,35 - 39,44.98,44.98,30.0,0.0,VF CABLEMAX,1.0
5623,NRW,30 - 34,59.98,39.99,30.0,0.0,RED INTERNET & PHONE CABLE U,1.0
5624,KBW,65 - 69,44.98,44.98,30.0,0.0,RED INTERNET & PHONE CABLE U,0.0
5625,NRW,25 - 29,44.98,44.98,30.0,0.0,RED INTERNET & PHONE CABLE U,0.0
5626,HSN,60 - 64,39.99,39.99,30.0,0.0,RED INTERNET & PHONE CABLE U,0.0
5627,NRW,60 - 64,44.99,44.99,259.0,0.0,GIGAZUHAUSE TREUE B,0.0
5628,NRW,50 - 54,49.97,49.97,30.0,0.0,VF CABLEMAX,0.0
5629,NRW,70 - 74,32.99,32.99,192.0,0.0,GIGAZUHAUSE TREUE B,0.0
5630,NRW,60 - 64,44.98,44.98,30.0,0.0,VF CABLEMAX,0.0
5631,NRW,25 - 29,54.99,54.99,30.0,0.0,RED INTERNET & PHONE CABLE U,1.0
5632,KBW,70 - 74,34.99,34.99,30.0,0.0,RED INTERNET & PHONE CABLE U,0.0
5633,KBW,35 - 39,24.99,24.99,30.0,0.0,RED INTERNET & PHONE CABLE U,0.0
5634,KBW,75 - 79,39.98,39.98,30.0,0.0,RED INTERNET & PHONE CABLE U,1.0
5635,KBW,25 - 29,39.99,39.99,30.0,0.0,VF RIP U-TREUE,0.0
5636,KBW,50 - 54,27.99,27.99,30.0,0.0,VF RIP U-TREUE,0.0
5637,NRW,25 - 29,34.99,34.99,30.0,0.0,RED INTERNET & PHONE CABLE U,1.0
5638,KBW,40 - 44,47.99,47.99,30.0,0.0,VF RIP U-TREUE,0.0
5639,NRW,60 - 64,34.99,34.99,30.0,0.0,RED INTERNET & PHONE CABLE U,0.0
5640,NRW,70 - 74,49.99,49.99,30.0,0.0,VF RIP U-TREUE,0.0
5641,NRW,40 - 44,44.98,44.98,30.0,1.0,VF CABLEMAX,0.0
5642,KBW,25 - 29,54.99,54.99,30.0,0.0,RED INTERNET & PHONE CABLE U,1.0
5643,KBW,65 - 69,44.98,44.98,30.0,0.0,VF CABLEMAX,1.0
5644,KBW,35 - 39,47.99,47.99,30.0,0.0,VF RIP U-TREUE,0.0
5645,HSN,40 - 44,44.98,44.98,30.0,0.0,VF CABLEMAX,1.0
5646,NRW,25 - 29,39.99,39.99,30.0,0.0,RED INTERNET & PHONE CABLE U,1.0
5647,NRW,55 - 59,39.99,39.99,30.0,0.0,RED INTERNET & PHONE CABLE U,0.0
5648,HSN,25 - 29,49.97,49.97,30.0,0.0,VF CABLEMAX,0.0
5649,KBW,25 - 29,34.99,34.99,122.0,0.0,GIGAZUHAUSE KABEL,0.0
5650,HSN,70 - 74,34.99,34.99,30.0,0.0,RED INTERNET & PHONE CABLE U,1.0
5651,NRW,18 - 24,39.98,39.98,177.0,0.0,GIGAZUHAUSE KABEL,1.0
5652,HSN,30 - 34,53.98,53.98,30.0,0.0,RED INTERNET & PHONE CABLE U,1.0
5653,KBW,30 - 34,44.99,44.99,109.0,0.0,GIGAZUHAUSE KABEL,1.0
5654,NRW,35 - 39,34.99,34.99,30.0,0.0,RED INTERNET & PHONE CABLE U,1.0
5655,NRW,40 - 44,63.96,35.98,30.0,0.0,VF RIP U-TREUE,0.0
5656,NRW,30 - 34,49.99,49.99,30.0,0.0,GIGAZUHAUSE KABEL,1.0
5657,KBW,25 - 29,34.99,34.99,30.0,0.0,RED INTERNET & PHONE CABLE U,1.0
5658,NRW,35 - 39,32.99,32.99,30.0,0.0,VF RIP U-TREUE,1.0
5659,NRW,35 - 39,37.78,37.78,30.0,0.0,RED INTERNET & PHONE CABLE U,0.0
5660,KBW,35 - 39,32.99,32.99,30.0,0.0,VF RIP U-TREUE,0.0
5661,KBW,35 - 39,49.99,49.99,30.0,0.0,GIGAZUHAUSE KABEL,1.0
5662,NRW,60 - 64,32.99,32.99,30.0,0.0,VF RIP U-TREUE,1.0
5663,NRW,40 - 44,37.98,37.98,277.0,0.0,GIGAZUHAUSE TREUE D,0.0
5664,NRW,40 - 44,70.98,39.99,30.0,0.0,VF RIP U-TREUE,0.0
5665,KBW,60 - 64,69.96,44.98,30.0,0.0,VF CABLEMAX,1.0
5666,KBW,55 - 59,44.99,44.99,30.0,0.0,RED INTERNET & PHONE CABLE U,1.0
5667,NRW,40 - 44,54.99,54.99,30.0,0.0,RED INTERNET & PHONE CABLE U,1.0
5668,NRW,25 - 29,43.97,43.97,30.0,0.0,GIGAZUHAUSE KABEL,1.0
5669,KBW,40 - 44,44.98,44.98,30.0,0.0,RED INTERNET & PHONE CABLE U,0.0
5670,HSN,60 - 64,34.99,34.99,30.0,0.0,RED INTERNET & PHONE CABLE U,1.0
5671,NRW,45 - 49,54.98,54.98,30.0,0.0,VF RIP U-TREUE,1.0
5672,KBW,40 - 44,34.99,34.99,30.0,0.0,RED INTERNET & PHONE CABLE U,1.0
5673,NRW,45 - 49,34.99,34.99,30.0,0.0,RED INTERNET & PHONE CABLE U,0.0
5674,KBW,50 - 54,34.99,34.99,30.0,0.0,RED INTERNET & PHONE CABLE U,0.0
5675,HSN,40 - 44,34.99,34.99,30.0,0.0,RED INTERNET & PHONE CABLE U,1.0
5676,NRW,35 - 39,52.99,52.99,30.0,0.0,VF RIP U-TREUE,0.0
5677,NRW,25 - 29,42.97,42.97,30.0,0.0,RED INTERNET & PHONE CABLE U,0.0
5678,NRW,45 - 49,34.99,34.99,30.0,0.0,RED INTERNET & PHONE CABLE U,1.0
5679,NRW,45 - 49,39.98,39.98,30.0,0.0,RED INTERNET & PHONE CABLE U,1.0
5680,KBW,25 - 29,42.97,42.97,30.0,0.0,RED INTERNET & PHONE CABLE U,0.0
5681,NRW,70 - 74,63.98,42.98,30.0,0.0,VF RIP U-TREUE,0.0
5682,NRW,60 - 64,29.99,29.99,30.0,0.0,VF RIP U-TREUE,1.0
5683,NRW,25 - 29,49.99,49.99,30.0,0.0,RED INTERNET & PHONE CABLE U,0.0
5684,KBW,30 - 34,34.99,34.99,30.0,0.0,RED INTERNET & PHONE CABLE U,1.0
5685,KBW,55 - 59,29.99,29.99,30.0,0.0,VF RIP U-TREUE,1.0
5686,NRW,35 - 39,44.98,44.98,30.0,0.0,VF CABLEMAX,1.0
5687,NRW,35 - 39,52.98,52.98,30.0,0.0,GIGAZUHAUSE KABEL,0.0
5688,HSN,45 - 49,44.98,44.98,30.0,0.0,VF CABLEMAX,0.0
5689,KBW,25 - 29,37.99,37.99,30.0,0.0,VF RIP U-TREUE,1.0
5690,NRW,75 - 79,37.99,37.99,30.0,0.0,VF RIP U-TREUE,0.0
5691,KBW,50 - 54,44.98,44.98,30.0,0.0,VF CABLEMAX,0.0
5692,KBW,60 - 64,49.99,49.99,30.0,0.0,GIGAZUHAUSE KABEL,1.0
5693,KBW,35 - 39,39.99,39.99,5.0,0.0,RED INTERNET & PHONE CABLE U,1.0
5694,NRW,35 - 39,39.99,39.99,30.0,0.0,VF RIP U-TREUE,1.0
5695,NRW,25 - 29,39.98,39.98,30.0,0.0,RED INTERNET & PHONE CABLE U,1.0
5696,KBW,80 and over,61.96,40.97,30.0,0.0,3PLAY SMART,0.0
5697,KBW,45 - 49,34.99,34.99,30.0,0.0,RED INTERNET & PHONE CABLE U,0.0
5698,KBW,45 - 49,48.97,48.97,30.0,0.0,VF CABLEMAX,0.0
5699,NRW,30 - 34,34.99,34.99,30.0,0.0,RED INTERNET & PHONE CABLE U,0.0
5700,NRW,35 - 39,39.99,39.99,30.0,0.0,RED INTERNET & PHONE CABLE U,0.0
5701,NRW,65 - 69,45.97,45.97,30.0,0.0,VF RIP U-TREUE,1.0
5702,KBW,50 - 54,32.99,32.99,30.0,0.0,VF RIP U-TREUE,1.0
5703,NRW,35 - 39,44.98,44.98,30.0,0.0,RED INTERNET & PHONE CABLE U,1.0
5704,KBW,65 - 69,37.98,37.98,615.0,0.0,GIGAZUHAUSE TREUE D,1.0
5705,NRW,40 - 44,44.97,34.99,30.0,0.0,RED INTERNET & PHONE CABLE U,0.0
5706,KBW,45 - 49,39.99,39.99,30.0,0.0,RED INTERNET & PHONE CABLE U,0.0
5707,HSN,25 - 29,39.99,39.99,30.0,0.0,RED INTERNET & PHONE CABLE U,0.0
5708,KBW,75 - 79,34.99,34.99,30.0,0.0,RED INTERNET & PHONE CABLE U,1.0
5709,KBW,25 - 29,39.99,39.99,30.0,0.0,RED INTERNET & PHONE CABLE U,1.0
5710,HSN,30 - 34,44.98,44.98,30.0,0.0,VF CABLEMAX,1.0
5711,NRW,35 - 39,27.99,27.99,243.0,0.0,GIGAZUHAUSE TREUE B,0.0
5712,KBW,55 - 59,34.99,34.99,30.0,0.0,RED INTERNET & PHONE CABLE U,1.0
5713,KBW,30 - 34,37.99,37.99,30.0,0.0,VF RIP U-TREUE,0.0
5714,HSN,50 - 54,49.99,49.99,30.0,0.0,RED INTERNET & PHONE CABLE U,1.0
5715,KBW,45 - 49,42.98,42.98,30.0,0.0,VF RIP U-TREUE,1.0
5716,HSN,25 - 29,44.98,44.98,30.0,0.0,RED INTERNET & PHONE CABLE U,1.0
5717,NRW,30 - 34,34.99,34.99,30.0,0.0,RED INTERNET & PHONE CABLE U,1.0
5718,NRW,25 - 29,44.98,44.98,30.0,1.0,VF CABLEMAX,0.0
5719,KBW,35 - 39,34.99,34.99,30.0,0.0,VF RIP U-TREUE,0.0
5720,KBW,80 and over,34.99,34.99,30.0,0.0,RED INTERNET & PHONE CABLE U,0.0
5721,HSN,40 - 44,44.98,44.98,30.0,0.0,VF CABLEMAX,1.0
5722,HSN,50 - 54,34.99,34.99,30.0,0.0,GIGAZUHAUSE KABEL,0.0
5723,NRW,30 - 34,44.99,44.99,30.0,0.0,GIGAZUHAUSE KABEL,1.0
5724,KBW,80 and over,54.98,54.98,30.0,0.0,VF RIP U-TREUE,1.0
5725,KBW,55 - 59,37.99,37.99,30.0,0.0,VF RIP U-TREUE,1.0
5726,KBW,25 - 29,39.99,39.99,30.0,0.0,RED INTERNET & PHONE CABLE U,1.0
5727,KBW,35 - 39,44.98,44.98,30.0,0.0,RED INTERNET & PHONE CABLE U,0.0
5728,NRW,30 - 34,29.99,29.99,30.0,0.0,VF RIP U-TREUE,0.0
5729,NRW,30 - 34,39.98,39.98,129.0,0.0,GIGAZUHAUSE KABEL,0.0
5730,KBW,40 - 44,29.99,29.99,30.0,0.0,VF RIP U-TREUE,1.0
5731,NRW,45 - 49,37.99,37.99,30.0,0.0,VF RIP U-TREUE,1.0
5732,NRW,70 - 74,42.97,42.97,30.0,0.0,GIGAZUHAUSE KABEL,0.0
5733,KBW,35 - 39,39.99,39.99,553.0,0.0,RED INTERNET & PHONE CABLE U,0.0
5734,NRW,50 - 54,49.98,29.99,184.0,0.0,GIGAZUHAUSE TREUE C,0.0
5735,KBW,50 - 54,34.99,34.99,30.0,0.0,RED INTERNET & PHONE CABLE U,1.0
5736,NRW,40 - 44,52.98,27.99,339.0,0.0,GIGAZUHAUSE TREUE B,1.0
5737,KBW,40 - 44,42.98,42.98,30.0,0.0,VF RIP U-TREUE,0.0
5738,NRW,65 - 69,44.98,44.98,30.0,0.0,VF CABLEMAX,0.0
5739,NRW,45 - 49,34.99,34.99,162.0,0.0,GIGAZUHAUSE TREUE C,1.0
5740,KBW,60 - 64,37.98,37.98,254.0,0.0,GIGAZUHAUSE KABEL,0.0
5741,KBW,40 - 44,54.99,54.99,30.0,0.0,RED INTERNET & PHONE CABLE U,1.0
5742,KBW,45 - 49,63.98,63.98,30.0,0.0,GIGAZUHAUSE KABEL,1.0
5743,NRW,30 - 34,42.97,42.97,30.0,0.0,GIGAZUHAUSE KABEL,0.0
5744,NRW,65 - 69,44.98,44.98,30.0,0.0,VF CABLEMAX,0.0
5745,KBW,25 - 29,34.99,34.99,30.0,0.0,RED INTERNET & PHONE CABLE U,1.0
5746,NRW,40 - 44,47.99,47.99,30.0,0.0,VF RIP U-TREUE,0.0
5747,NRW,40 - 44,52.98,52.98,30.0,0.0,VF RIP U-TREUE,0.0
5748,NRW,50 - 54,34.99,34.99,30.0,0.0,VF RIP U-TREUE,0.0
5749,NRW,55 - 59,34.99,34.99,30.0,0.0,VF RIP U-TREUE,0.0
5750,HSN,30 - 34,24.99,24.99,30.0,0.0,INTERNET COMFORT,0.0
5751,KBW,35 - 39,39.98,39.98,30.0,0.0,VF RIP U-TREUE,1.0
5752,NRW,35 - 39,34.99,34.99,30.0,0.0,RED INTERNET & PHONE CABLE U,0.0
5753,KBW,60 - 64,62.96,62.97,99.0,0.0,RED INTERNET & PHONE CABLE U,1.0
5754,KBW,35 - 39,59.98,59.98,30.0,0.0,RED INTERNET & PHONE CABLE U,0.0
5755,KBW,30 - 34,39.99,39.99,30.0,0.0,RED INTERNET & PHONE CABLE U,0.0
5756,NRW,55 - 59,39.99,39.99,30.0,1.0,VF RIP U-TREUE,0.0
5757,KBW,75 - 79,39.99,39.99,30.0,0.0,VF RIP U-TREUE,0.0
5758,NRW,45 - 49,37.97,37.97,30.0,0.0,GIGAZUHAUSE KABEL,1.0
5759,HSN,60 - 64,34.99,34.99,30.0,0.0,RED INTERNET & PHONE CABLE U,0.0
5760,NRW,55 - 59,44.98,44.98,30.0,0.0,RED INTERNET & PHONE CABLE U,1.0
5761,NRW,25 - 29,39.98,39.98,30.0,0.0,GIGAZUHAUSE KABEL,1.0
5762,HSN,35 - 39,47.99,47.99,30.0,0.0,VF RIP U-TREUE,0.0
5763,KBW,65 - 69,49.98,49.98,30.0,0.0,3PLAY PLUS,0.0
5764,NRW,40 - 44,54.99,54.99,30.0,0.0,RED INTERNET & PHONE CABLE U,1.0
5765,NRW,35 - 39,58.98,58.98,30.0,0.0,RED INTERNET & PHONE CABLE U,0.0
5766,NRW,45 - 49,54.99,54.99,30.0,0.0,RED INTERNET & PHONE CABLE U,0.0
5767,NRW,35 - 39,67.94,47.96,30.0,0.0,VF RIP U-TREUE,0.0
5768,KBW,40 - 44,38.98,38.98,30.0,0.0,RED INTERNET & PHONE CABLE U,0.0
5769,NRW,55 - 59,44.98,44.98,30.0,0.0,RED INTERNET & PHONE CABLE U,1.0
5770,NRW,55 - 59,39.99,39.99,30.0,0.0,RED INTERNET & PHONE CABLE U,0.0
5771,NRW,25 - 29,44.98,44.98,30.0,0.0,RED INTERNET & PHONE CABLE U,1.0
5772,NRW,30 - 34,44.98,44.98,30.0,0.0,VF CABLEMAX,1.0
5773,NRW,30 - 34,48.97,48.97,30.0,0.0,RED INTERNET & PHONE CABLE U,0.0
5774,NRW,25 - 29,58.98,58.98,30.0,0.0,RED INTERNET & PHONE CABLE U,0.0
5775,HSN,25 - 29,44.98,44.98,30.0,0.0,VF CABLEMAX,0.0
5776,NRW,50 - 54,47.99,47.99,30.0,0.0,VF RIP U-TREUE,1.0
5777,NRW,65 - 69,34.98,34.98,30.0,0.0,RED INTERNET & PHONE CABLE U,0.0
5778,KBW,55 - 59,39.99,39.99,30.0,0.0,RED INTERNET & PHONE CABLE U,0.0
5779,HSN,35 - 39,34.99,34.99,30.0,0.0,RED INTERNET & PHONE CABLE U,1.0
5780,NRW,35 - 39,64.97,39.99,30.0,0.0,VF RIP U-TREUE,0.0
5781,NRW,50 - 54,47.97,37.98,30.0,0.0,VF RIP U-TREUE,1.0
5782,NRW,45 - 49,37.99,37.99,30.0,0.0,VF RIP U-TREUE,0.0
5783,NRW,30 - 34,65.97,44.98,30.0,0.0,RED INTERNET & PHONE CABLE U,1.0
5784,KBW,30 - 34,44.98,44.98,30.0,0.0,VF CABLEMAX,1.0
5785,NRW,80 and over,39.98,39.98,30.0,0.0,VF RIP U-TREUE,0.0
5786,KBW,30 - 34,24.99,24.99,30.0,0.0,INTERNET COMFORT,0.0
5787,NRW,30 - 34,35.98,35.98,30.0,0.0,RED INTERNET & PHONE CABLE U,1.0
5788,NRW,25 - 29,44.98,44.98,30.0,0.0,RED INTERNET & PHONE CABLE U,0.0
5789,NRW,40 - 44,28.98,28.98,30.0,0.0,RED INTERNET & PHONE CABLE U,0.0
5790,HSN,50 - 54,49.97,49.97,30.0,0.0,VF CABLEMAX,0.0
5791,KBW,75 - 79,53.98,32.99,30.0,0.0,RED INTERNET & PHONE CABLE U,0.0
5792,NRW,30 - 34,34.99,34.99,30.0,0.0,RED INTERNET & PHONE CABLE U,0.0
5793,KBW,70 - 74,34.99,34.99,30.0,0.0,VF RIP U-TREUE,0.0
5794,KBW,30 - 34,42.97,42.97,135.0,0.0,GIGAZUHAUSE KABEL,0.0
5795,KBW,35 - 39,34.99,34.99,30.0,0.0,RED INTERNET & PHONE CABLE U,1.0
5796,KBW,35 - 39,44.98,44.98,30.0,0.0,RED INTERNET & PHONE CABLE U,0.0
5797,NRW,50 - 54,39.98,39.98,337.0,0.0,GIGAZUHAUSE TREUE B,1.0
5798,KBW,45 - 49,44.98,44.98,30.0,0.0,RED INTERNET & PHONE CABLE U,0.0
5799,NRW,40 - 44,34.99,34.99,30.0,0.0,RED INTERNET & PHONE CABLE U,0.0
5800,NRW,40 - 44,34.99,34.99,30.0,0.0,RED INTERNET & PHONE CABLE U,0.0
5801,KBW,45 - 49,46.86,40.86,30.0,0.0,3PLAY,0.0
5802,NRW,25 - 29,29.99,29.99,220.0,0.0,GIGAZUHAUSE TREUE C,1.0
5803,KBW,65 - 69,44.98,44.98,30.0,0.0,VF CABLEMAX,0.0
5804,NRW,50 - 54,44.98,44.98,30.0,0.0,RED INTERNET & PHONE CABLE U,0.0
5805,NRW,35 - 39,34.99,34.99,30.0,0.0,RED INTERNET & PHONE CABLE U,0.0
5806,KBW,40 - 44,39.99,39.99,30.0,0.0,RED INTERNET & PHONE CABLE U,1.0
5807,KBW,55 - 59,44.98,44.98,30.0,0.0,VF CABLEMAX,0.0
5808,HSN,60 - 64,39.99,39.99,30.0,0.0,VF RIP U-TREUE,1.0
5809,KBW,45 - 49,33.74,33.74,30.0,0.0,RED INTERNET & PHONE CABLE U,0.0
5810,NRW,55 - 59,48.97,48.97,30.0,0.0,VF CABLEMAX,1.0
5811,KBW,45 - 49,44.98,44.98,30.0,0.0,RED INTERNET & PHONE CABLE U,1.0
5812,NRW,50 - 54,49.97,49.97,30.0,0.0,RED INTERNET & PHONE CABLE U,1.0
5813,HSN,65 - 69,29.99,29.99,30.0,0.0,VF RIP U-TREUE,1.0
5814,KBW,18 - 24,44.98,44.98,30.0,0.0,VF CABLEMAX,1.0
5815,HSN,40 - 44,44.98,44.98,30.0,0.0,RED INTERNET & PHONE CABLE U,0.0
5816,NRW,40 - 44,44.98,44.98,30.0,0.0,VF CABLEMAX,1.0
5817,HSN,30 - 34,47.99,47.99,30.0,0.0,VF RIP U-TREUE,0.0
5818,HSN,55 - 59,49.99,49.99,30.0,0.0,GIGAZUHAUSE KABEL,0.0
5819,NRW,30 - 34,39.99,39.99,678.0,0.0,RED INTERNET & PHONE CABLE U,0.0
5820,KBW,40 - 44,44.98,44.98,30.0,0.0,VF CABLEMAX,0.0
5821,NRW,50 - 54,39.99,39.99,30.0,0.0,RED INTERNET & PHONE CABLE U,0.0
5822,HSN,45 - 49,54.98,54.98,30.0,0.0,RED INTERNET & PHONE CABLE U,0.0
5823,NRW,60 - 64,44.98,44.98,30.0,0.0,VF CABLEMAX,1.0
5824,HSN,40 - 44,59.98,59.98,30.0,0.0,RED INTERNET & PHONE CABLE U,1.0
5825,KBW,30 - 34,44.97,44.97,30.0,0.0,VF CABLEMAX,1.0
5826,KBW,30 - 34,34.99,34.99,30.0,0.0,RED INTERNET & PHONE CABLE U,0.0
5827,NRW,60 - 64,37.99,37.99,30.0,0.0,VF RIP U-TREUE,0.0
5828,KBW,25 - 29,49.99,49.99,30.0,0.0,GIGAZUHAUSE KABEL,1.0
5829,NRW,80 and over,48.97,42.98,30.0,0.0,RED INTERNET & PHONE CABLE U,0.0
5830,KBW,45 - 49,38.74,38.74,30.0,0.0,2PLAY,0.0
5831,KBW,30 - 34,34.99,34.99,30.0,0.0,RED INTERNET & PHONE CABLE U,0.0
5832,NRW,70 - 74,34.99,34.99,30.0,0.0,RED INTERNET & PHONE CABLE U,0.0
5833,NRW,55 - 59,44.98,44.98,30.0,0.0,VF CABLEMAX,1.0
5834,NRW,25 - 29,44.97,44.97,30.0,0.0,GIGAZUHAUSE KABEL,1.0
5835,KBW,50 - 54,37.99,37.99,30.0,0.0,VF RIP U-TREUE,0.0
5836,NRW,25 - 29,59.99,59.99,30.0,0.0,RED INTERNET & PHONE CABLE U,1.0
5837,KBW,60 - 64,39.99,39.99,30.0,0.0,RED INTERNET & PHONE CABLE U,0.0
5838,NRW,55 - 59,54.99,54.99,30.0,0.0,RED INTERNET & PHONE CABLE U,1.0
5839,HSN,25 - 29,38.98,38.98,30.0,0.0,RED INTERNET & PHONE CABLE U,1.0
5840,NRW,40 - 44,34.99,34.99,30.0,0.0,RED INTERNET & PHONE CABLE U,1.0
5841,NRW,40 - 44,44.98,44.98,30.0,0.0,VF CABLEMAX,1.0
5842,NRW,25 - 29,34.99,34.99,30.0,0.0,RED INTERNET & PHONE CABLE U,1.0
5843,HSN,30 - 34,44.98,44.98,65.0,0.0,VF CABLEMAX,0.0
5844,NRW,40 - 44,44.98,44.98,30.0,0.0,RED INTERNET & PHONE CABLE U,1.0
5845,NRW,60 - 64,39.99,39.99,30.0,0.0,RED INTERNET & PHONE CABLE U,1.0
5846,NRW,45 - 49,44.98,44.98,30.0,0.0,VF CABLEMAX,1.0
5847,HSN,30 - 34,44.98,44.98,30.0,0.0,VF CABLEMAX,1.0
5848,NRW,35 - 39,44.98,44.98,30.0,0.0,RED INTERNET & PHONE CABLE U,1.0
5849,NRW,55 - 59,39.99,39.99,30.0,0.0,VF CABLEMAX,0.0
5850,NRW,35 - 39,44.97,44.97,30.0,0.0,VF CABLEMAX,1.0
5851,NRW,45 - 49,44.99,44.99,30.0,0.0,GIGAZUHAUSE KABEL,0.0
5852,KBW,30 - 34,44.98,44.98,30.0,0.0,VF CABLEMAX,1.0
5853,NRW,70 - 74,54.83,54.84,664.0,0.0,3PLAY,0.0
5854,NRW,45 - 49,44.98,44.98,30.0,0.0,VF CABLEMAX,1.0
5855,KBW,65 - 69,47.96,47.96,30.0,0.0,GIGAZUHAUSE KABEL,0.0
5856,HSN,35 - 39,34.99,34.99,30.0,0.0,RED INTERNET & PHONE CABLE U,1.0
5857,NRW,40 - 44,39.99,39.99,30.0,0.0,RED INTERNET & PHONE CABLE U,1.0
5858,HSN,50 - 54,58.98,58.98,30.0,0.0,RED INTERNET & PHONE CABLE U,1.0
5859,KBW,25 - 29,34.99,34.99,30.0,0.0,RED INTERNET & PHONE CABLE U,0.0
5860,NRW,30 - 34,37.98,34.99,30.0,0.0,VF RIP U-TREUE,1.0
5861,NRW,55 - 59,57.97,57.97,30.0,0.0,VF RIP U-TREUE,1.0
5862,NRW,35 - 39,29.99,29.99,30.0,0.0,VF RIP U-TREUE,0.0
5863,KBW,40 - 44,68.94,47.99,30.0,0.0,VF RIP U-TREUE,1.0
5864,KBW,30 - 34,34.99,34.99,30.0,0.0,RED INTERNET & PHONE CABLE U,1.0
5865,HSN,80 and over,73.94,37.98,30.0,0.0,VF RIP U-TREUE,1.0
5866,NRW,25 - 29,44.98,44.98,30.0,0.0,VF CABLEMAX,0.0
5867,KBW,35 - 39,34.99,34.99,30.0,0.0,RED INTERNET & PHONE CABLE U,0.0
5868,HSN,25 - 29,44.98,44.98,30.0,0.0,VF CABLEMAX,1.0
5869,KBW,30 - 34,52.99,52.99,30.0,0.0,VF RIP U-TREUE,0.0
5870,KBW,45 - 49,54.99,54.99,30.0,0.0,RED INTERNET & PHONE CABLE U,1.0
5871,KBW,55 - 59,44.98,44.98,30.0,0.0,VF CABLEMAX,1.0
5872,KBW,65 - 69,49.99,49.99,30.0,0.0,RED INTERNET & PHONE CABLE U,0.0
5873,KBW,50 - 54,49.99,49.99,30.0,0.0,GIGAZUHAUSE KABEL,0.0
5874,NRW,35 - 39,39.99,39.99,30.0,0.0,RED INTERNET & PHONE CABLE U,0.0
5875,KBW,25 - 29,44.98,44.98,30.0,0.0,VF CABLEMAX,1.0
5876,HSN,30 - 34,29.99,29.99,30.0,0.0,VF RIP U-TREUE,0.0
5877,KBW,40 - 44,44.98,44.98,30.0,0.0,RED INTERNET & PHONE CABLE U,1.0
5878,NRW,18 - 24,34.99,34.99,30.0,0.0,RED INTERNET & PHONE CABLE U,1.0
5879,KBW,35 - 39,49.99,49.99,30.0,0.0,GIGAZUHAUSE KABEL,1.0
5880,NRW,35 - 39,29.99,29.99,30.0,0.0,VF RIP U-TREUE,0.0
5881,KBW,30 - 34,49.97,49.97,30.0,0.0,VF CABLEMAX,0.0
5882,KBW,45 - 49,34.99,34.99,73.0,0.0,RED INTERNET & PHONE CABLE U,1.0
5883,NRW,55 - 59,24.99,24.99,30.0,0.0,RED INTERNET & PHONE CABLE U,0.0
5884,KBW,30 - 34,37.99,37.99,30.0,0.0,VF RIP U-TREUE,1.0
5885,KBW,35 - 39,34.99,34.99,30.0,0.0,RED INTERNET & PHONE CABLE U,0.0
5886,NRW,45 - 49,24.99,24.99,30.0,0.0,INTERNET COMFORT,0.0
5887,NRW,25 - 29,34.99,34.99,30.0,0.0,RED INTERNET & PHONE CABLE U,1.0
5888,KBW,80 and over,39.99,39.99,30.0,0.0,RED INTERNET & PHONE CABLE U,1.0
5889,KBW,45 - 49,49.97,49.97,30.0,0.0,RED INTERNET & PHONE CABLE U,1.0
5890,HSN,50 - 54,32.99,32.99,30.0,0.0,VF RIP U-TREUE,1.0
5891,KBW,30 - 34,39.99,39.99,30.0,0.0,RED INTERNET & PHONE CABLE U,1.0
5892,HSN,60 - 64,34.99,34.99,30.0,0.0,RED INTERNET & PHONE CABLE U,0.0
5893,HSN,45 - 49,47.96,27.99,30.0,0.0,VF RIP U-TREUE,0.0
5894,NRW,80 and over,29.99,29.99,30.0,0.0,VF RIP U-TREUE,0.0
5895,NRW,25 - 29,39.98,39.98,30.0,0.0,GIGAZUHAUSE KABEL,0.0
5896,NRW,45 - 49,48.97,48.97,30.0,0.0,VF CABLEMAX,0.0
5897,HSN,55 - 59,44.98,44.98,30.0,0.0,VF CABLEMAX,0.0
5898,HSN,40 - 44,44.98,44.98,30.0,0.0,VF CABLEMAX,1.0
5899,NRW,40 - 44,49.98,49.98,30.0,0.0,GIGAZUHAUSE KABEL,0.0
5900,KBW,25 - 29,34.99,34.99,30.0,0.0,RED INTERNET & PHONE CABLE U,1.0
5901,NRW,50 - 54,72.97,37.99,30.0,0.0,VF RIP U-TREUE,1.0
5902,KBW,55 - 59,44.98,44.98,30.0,0.0,VF CABLEMAX,0.0
5903,HSN,30 - 34,44.98,44.98,30.0,0.0,RED INTERNET & PHONE CABLE U,0.0
5904,NRW,70 - 74,39.99,29.99,30.0,0.0,VF RIP U-TREUE,0.0
5905,KBW,30 - 34,49.97,49.97,30.0,0.0,VF CABLEMAX,1.0
5906,NRW,35 - 39,44.98,44.98,30.0,0.0,VF CABLEMAX,1.0
5907,NRW,25 - 29,39.99,39.99,30.0,0.0,VF RIP U-TREUE,0.0
5908,HSN,35 - 39,39.99,39.99,30.0,0.0,RED INTERNET & PHONE CABLE U,1.0
5909,KBW,50 - 54,39.99,39.99,30.0,0.0,RED INTERNET & PHONE CABLE U,1.0
5910,NRW,35 - 39,52.98,52.98,30.0,0.0,VF RIP U-TREUE,0.0
5911,KBW,45 - 49,59.98,59.98,30.0,0.0,RED INTERNET & PHONE CABLE U,0.0
5912,KBW,30 - 34,44.99,44.99,184.0,0.0,GIGAZUHAUSE KABEL,0.0
5913,KBW,35 - 39,39.98,39.98,30.0,0.0,VF CABLEMAX,1.0
5914,NRW,30 - 34,34.99,34.99,30.0,0.0,RED INTERNET & PHONE CABLE U,1.0
5915,NRW,50 - 54,44.98,44.98,30.0,0.0,RED INTERNET & PHONE CABLE U,0.0
5916,NRW,55 - 59,29.99,29.99,30.0,0.0,VF RIP U-TREUE,1.0
5917,HSN,60 - 64,44.98,44.98,30.0,0.0,RED INTERNET & PHONE CABLE U,1.0
5918,KBW,70 - 74,27.99,27.99,30.0,0.0,VF RIP U-TREUE,0.0
5919,NRW,25 - 29,44.98,44.98,30.0,0.0,RED INTERNET & PHONE CABLE U,0.0
5920,NRW,25 - 29,39.98,39.98,126.0,0.0,GIGAZUHAUSE KABEL,0.0
5921,NRW,25 - 29,29.99,29.99,30.0,0.0,VF RIP U-TREUE,0.0
5922,KBW,50 - 54,34.99,34.99,30.0,0.0,RED INTERNET & PHONE CABLE U,0.0
5923,KBW,40 - 44,37.99,37.99,30.0,0.0,VF RIP U-TREUE,0.0
5924,HSN,55 - 59,39.99,39.99,30.0,0.0,VF RIP U-TREUE,1.0
5925,KBW,25 - 29,44.98,44.98,30.0,0.0,RED INTERNET & PHONE CABLE U,1.0
5926,NRW,35 - 39,34.99,34.99,30.0,0.0,RED INTERNET & PHONE CABLE U,1.0
5927,NRW,30 - 34,84.96,54.98,129.0,0.0,RED INTERNET & PHONE CABLE U,1.0
5928,NRW,80 and over,39.98,39.98,30.0,0.0,RED INTERNET & PHONE CABLE U,0.0
5929,NRW,40 - 44,44.98,44.98,30.0,0.0,VF CABLEMAX,1.0
5930,NRW,45 - 49,29.99,29.99,30.0,0.0,VF RIP U-TREUE,0.0
5931,HSN,55 - 59,45.38,45.38,30.0,0.0,3PLAY JUMP,0.0
5932,NRW,35 - 39,34.99,34.99,30.0,0.0,GIGAZUHAUSE KABEL,0.0
5933,HSN,25 - 29,39.98,39.98,30.0,0.0,GIGAZUHAUSE KABEL,0.0
5934,NRW,65 - 69,29.99,29.99,30.0,0.0,RED INTERNET & PHONE CABLE U,1.0
5935,NRW,60 - 64,54.99,54.99,30.0,0.0,RED INTERNET & PHONE CABLE U,0.0
5936,NRW,50 - 54,44.98,44.98,30.0,0.0,RED INTERNET & PHONE CABLE U,1.0
5937,NRW,40 - 44,39.99,39.99,30.0,0.0,RED INTERNET & PHONE CABLE U,0.0
5938,HSN,35 - 39,54.99,54.99,30.0,0.0,RED INTERNET & PHONE CABLE U,1.0
5939,NRW,50 - 54,34.99,34.99,30.0,0.0,RED INTERNET & PHONE CABLE U,1.0
5940,NRW,25 - 29,39.98,39.98,121.0,0.0,GIGAZUHAUSE KABEL,1.0
5941,NRW,55 - 59,62.98,37.99,30.0,0.0,VF RIP U-TREUE,1.0
5942,NRW,30 - 34,39.98,39.98,30.0,0.0,RED INTERNET & PHONE CABLE U,0.0
5943,KBW,80 and over,64.97,44.98,30.0,0.0,RED INTERNET & PHONE CABLE U,0.0
5944,NRW,60 - 64,49.99,49.99,30.0,0.0,GIGAZUHAUSE KABEL,1.0
5945,HSN,25 - 29,29.99,29.99,30.0,0.0,RED INTERNET & PHONE CABLE U,1.0
5946,KBW,40 - 44,27.99,27.99,30.0,0.0,VF RIP U-TREUE,0.0
5947,HSN,35 - 39,39.99,39.99,30.0,0.0,VF RIP U-TREUE,1.0
5948,NRW,45 - 49,32.99,32.99,30.0,0.0,VF RIP U-TREUE,0.0
5949,KBW,30 - 34,44.98,44.98,30.0,0.0,RED INTERNET & PHONE CABLE U,1.0
5950,NRW,35 - 39,32.99,32.99,30.0,0.0,VF RIP U-TREUE,0.0
5951,NRW,30 - 34,42.97,42.97,30.0,0.0,RED INTERNET & PHONE CABLE U,1.0
5952,NRW,65 - 69,29.99,29.99,30.0,0.0,VF RIP U-TREUE,0.0
5953,NRW,55 - 59,42.97,42.97,30.0,0.0,RED INTERNET & PHONE CABLE U,0.0
5954,KBW,25 - 29,54.99,54.99,30.0,0.0,RED INTERNET & PHONE CABLE U,1.0
5955,KBW,55 - 59,86.95,49.97,30.0,0.0,VF CABLEMAX,1.0
5956,KBW,35 - 39,44.98,44.98,30.0,0.0,VF CABLEMAX,0.0
5957,KBW,55 - 59,47.99,47.99,30.0,0.0,VF RIP U-TREUE,1.0
5958,NRW,50 - 54,39.99,39.99,30.0,0.0,RED INTERNET & PHONE CABLE U,0.0
5959,KBW,40 - 44,29.99,29.99,30.0,0.0,INTERNET PREMIUM,0.0
5960,KBW,45 - 49,58.98,58.98,30.0,0.0,RED INTERNET & PHONE CABLE U,0.0
5961,NRW,55 - 59,42.97,42.97,30.0,0.0,RED INTERNET & PHONE CABLE U,1.0
5962,KBW,18 - 24,44.98,44.98,30.0,0.0,RED INTERNET & PHONE CABLE U,0.0
5963,KBW,25 - 29,54.99,54.99,30.0,0.0,RED INTERNET & PHONE CABLE U,0.0
5964,KBW,60 - 64,34.98,34.98,30.0,0.0,VF RIP U-TREUE,0.0
5965,NRW,50 - 54,47.97,37.98,270.0,0.0,GIGAZUHAUSE KABEL,0.0
5966,NRW,80 and over,24.99,24.99,30.0,0.0,RED INTERNET & PHONE CABLE U,0.0
5967,NRW,40 - 44,54.98,54.98,30.0,0.0,VF RIP U-TREUE,0.0
5968,NRW,45 - 49,32.99,32.99,30.0,0.0,VF RIP U-TREUE,1.0
5969,NRW,30 - 34,24.99,24.99,30.0,0.0,INTERNET COMFORT,1.0
5970,NRW,40 - 44,34.99,34.99,30.0,0.0,RED INTERNET & PHONE CABLE U,1.0
5971,NRW,30 - 34,34.99,34.99,30.0,0.0,RED INTERNET & PHONE CABLE U,1.0
5972,NRW,25 - 29,54.98,54.98,30.0,0.0,GIGAZUHAUSE KABEL,1.0
5973,NRW,50 - 54,30.88,30.0,30.0,0.0,RED INTERNET & PHONE CABLE U,0.0
5974,KBW,30 - 34,34.99,34.99,30.0,0.0,VF RIP U-TREUE,1.0
5975,KBW,45 - 49,39.99,39.99,85.0,0.0,RED INTERNET & PHONE CABLE U,1.0
5976,NRW,75 - 79,57.97,57.97,30.0,0.0,GIGAZUHAUSE KABEL,0.0
5977,HSN,45 - 49,29.99,29.99,30.0,0.0,VF RIP U-TREUE,0.0
5978,NRW,70 - 74,37.98,37.98,133.0,0.0,GIGAZUHAUSE TREUE B,1.0
5979,KBW,45 - 49,39.99,39.99,30.0,0.0,RED INTERNET & PHONE CABLE U,0.0
5980,NRW,25 - 29,39.99,39.99,30.0,0.0,RED INTERNET & PHONE CABLE U,0.0
5981,NRW,50 - 54,34.99,34.99,30.0,0.0,RED INTERNET & PHONE CABLE U,0.0
5982,KBW,55 - 59,34.99,34.99,30.0,0.0,GIGAZUHAUSE KABEL,0.0
5983,NRW,45 - 49,57.97,37.99,30.0,0.0,VF RIP U-TREUE,1.0
5984,NRW,30 - 34,29.99,29.99,30.0,0.0,VF RIP U-TREUE,0.0
5985,NRW,80 and over,34.99,34.99,30.0,0.0,RED INTERNET & PHONE CABLE U,0.0
5986,KBW,50 - 54,34.99,34.99,30.0,0.0,RED INTERNET & PHONE CABLE U,1.0
5987,KBW,60 - 64,80.94,56.95,30.0,0.0,3PLAY PLUS MTA,1.0
5988,NRW,55 - 59,49.99,49.99,30.0,0.0,RED INTERNET & PHONE CABLE U,1.0
5989,NRW,35 - 39,34.99,34.99,30.0,0.0,RED INTERNET & PHONE CABLE U,0.0
5990,NRW,55 - 59,49.97,49.97,30.0,0.0,VF CABLEMAX,0.0
5991,NRW,25 - 29,58.98,58.98,30.0,0.0,RED INTERNET & PHONE CABLE U,1.0
5992,KBW,40 - 44,24.99,24.99,597.0,0.0,GIGAZUHAUSE TREUE C,1.0
5993,HSN,50 - 54,44.98,44.98,30.0,0.0,VF CABLEMAX,1.0
5994,NRW,55 - 59,47.96,47.96,30.0,0.0,GIGAZUHAUSE KABEL,1.0
5995,NRW,30 - 34,34.99,34.99,30.0,0.0,RED INTERNET & PHONE CABLE U,0.0
5996,NRW,65 - 69,54.98,54.98,30.0,0.0,RED INTERNET & PHONE CABLE U,1.0
5997,HSN,25 - 29,39.99,39.99,30.0,0.0,RED INTERNET & PHONE CABLE U,1.0
5998,KBW,30 - 34,39.99,39.99,30.0,0.0,RED INTERNET & PHONE CABLE U,0.0
5999,NRW,65 - 69,34.99,34.99,30.0,1.0,RED INTERNET & PHONE CABLE U,0.0
6000,KBW,70 - 74,44.98,44.98,30.0,0.0,RED INTERNET & PHONE CABLE U,1.0
6001,KBW,35 - 39,44.98,44.98,30.0,0.0,VF CABLEMAX,0.0
6002,NRW,55 - 59,32.99,32.99,30.0,0.0,VF RIP U-TREUE,0.0
6003,NRW,55 - 59,47.97,47.97,30.0,2.0,RED INTERNET & PHONE CABLE U,0.0
6004,NRW,25 - 29,39.99,39.99,30.0,0.0,RED INTERNET & PHONE CABLE U,1.0
6005,NRW,25 - 29,44.98,44.98,30.0,0.0,VF CABLEMAX,1.0
6006,NRW,35 - 39,44.98,44.98,98.0,0.0,VF CABLEMAX,1.0
6007,NRW,45 - 49,29.99,29.99,30.0,0.0,VF RIP U-TREUE,1.0
6008,HSN,75 - 79,39.99,39.99,30.0,0.0,RED INTERNET & PHONE CABLE U,1.0
6009,NRW,35 - 39,44.98,44.98,30.0,0.0,VF CABLEMAX,0.0
6010,KBW,35 - 39,37.99,37.99,30.0,0.0,VF RIP U-TREUE,1.0
6011,KBW,65 - 69,49.97,49.97,93.0,0.0,VF CABLEMAX,0.0
6012,NRW,25 - 29,39.99,39.99,30.0,0.0,RED INTERNET & PHONE CABLE U,1.0
6013,HSN,40 - 44,29.99,29.99,30.0,0.0,VF RIP U-TREUE,0.0
6014,HSN,55 - 59,37.98,37.98,30.0,0.0,GIGAZUHAUSE TREUE B,0.0
6015,NRW,70 - 74,37.99,37.99,30.0,0.0,VF RIP U-TREUE,1.0
6016,NRW,65 - 69,72.95,53.96,30.0,0.0,VF CABLEMAX,0.0
6017,NRW,45 - 49,49.99,49.99,30.0,0.0,GIGAZUHAUSE KABEL,1.0
6018,NRW,35 - 39,34.99,34.99,30.0,0.0,RED INTERNET & PHONE CABLE U,1.0
6019,NRW,40 - 44,49.97,49.97,30.0,0.0,VF CABLEMAX,1.0
6020,KBW,75 - 79,38.98,38.98,30.0,0.0,RED INTERNET & PHONE CABLE U,1.0
6021,KBW,55 - 59,65.97,44.98,30.0,0.0,VF CABLEMAX,0.0
6022,KBW,35 - 39,49.97,49.97,30.0,0.0,VF CABLEMAX,0.0
6023,NRW,30 - 34,39.98,39.98,67.0,0.0,VF CABLEMAX,1.0
6024,KBW,30 - 34,44.97,44.97,30.0,0.0,VF CABLEMAX,0.0
6025,NRW,60 - 64,49.97,49.97,30.0,0.0,VF CABLEMAX,0.0
6026,NRW,25 - 29,39.99,39.99,30.0,0.0,RED INTERNET & PHONE CABLE U,1.0
6027,NRW,25 - 29,19.99,19.99,30.0,0.0,EAZY,1.0
6028,NRW,30 - 34,39.98,39.98,30.0,0.0,VF CABLEMAX,0.0
6029,NRW,30 - 34,44.98,44.98,30.0,0.0,RED INTERNET & PHONE CABLE U,0.0
6030,NRW,35 - 39,44.98,44.98,30.0,0.0,VF CABLEMAX,1.0
6031,KBW,70 - 74,29.99,29.99,30.0,0.0,INTERNET PREMIUM,0.0
6032,NRW,75 - 79,39.99,39.99,30.0,0.0,RED INTERNET & PHONE CABLE U,1.0
6033,NRW,50 - 54,49.99,49.99,30.0,0.0,GIGAZUHAUSE KABEL,0.0
6034,KBW,65 - 69,44.98,44.98,30.0,0.0,RED INTERNET & PHONE CABLE U,0.0
6035,KBW,30 - 34,34.99,34.99,30.0,0.0,RED INTERNET & PHONE CABLE U,1.0
6036,HSN,65 - 69,62.98,62.98,30.0,0.0,VF RIP U-TREUE,0.0
6037,KBW,30 - 34,44.99,44.99,30.0,0.0,GIGAZUHAUSE KABEL,1.0
6038,KBW,35 - 39,34.99,34.99,30.0,0.0,RED INTERNET & PHONE CABLE U,1.0
6039,NRW,40 - 44,39.99,39.99,30.0,0.0,RED INTERNET & PHONE CABLE U,0.0
6040,KBW,25 - 29,44.98,44.98,30.0,0.0,VF CABLEMAX,0.0
6041,KBW,30 - 34,34.99,34.99,30.0,0.0,RED INTERNET & PHONE CABLE U,1.0
6042,KBW,40 - 44,39.98,39.98,129.0,0.0,RED INTERNET & PHONE CABLE U,0.0
6043,NRW,25 - 29,44.98,44.98,30.0,0.0,RED INTERNET & PHONE CABLE U,1.0
6044,NRW,80 and over,27.99,27.99,30.0,0.0,VF RIP U-TREUE,1.0
6045,HSN,25 - 29,44.98,44.98,30.0,0.0,VF CABLEMAX,1.0
6046,KBW,18 - 24,42.97,42.97,30.0,0.0,RED INTERNET & PHONE CABLE U,1.0
6047,KBW,35 - 39,44.98,44.98,30.0,0.0,VF RIP U-TREUE,1.0
6048,KBW,18 - 24,39.99,39.99,30.0,0.0,RED INTERNET & PHONE CABLE U,1.0
6049,NRW,25 - 29,39.99,39.99,30.0,0.0,RED INTERNET & PHONE CABLE U,1.0
6050,NRW,25 - 29,44.99,44.99,30.0,0.0,RED INTERNET & PHONE CABLE U,1.0
6051,NRW,40 - 44,44.98,44.98,30.0,0.0,RED INTERNET & PHONE CABLE U,0.0
6052,KBW,80 and over,34.99,34.99,30.0,0.0,RED INTERNET & PHONE CABLE U,0.0
6053,NRW,60 - 64,49.99,49.99,30.0,0.0,GIGAZUHAUSE KABEL,0.0
6054,NRW,50 - 54,32.99,32.99,30.0,0.0,VF RIP U-TREUE,0.0
6055,KBW,60 - 64,34.99,34.99,30.0,0.0,RED INTERNET & PHONE CABLE U,1.0
6056,HSN,40 - 44,44.98,44.98,30.0,0.0,RED INTERNET & PHONE CABLE U,0.0
6057,HSN,35 - 39,39.99,39.99,30.0,0.0,RED INTERNET & PHONE CABLE U,1.0
6058,NRW,65 - 69,29.99,29.99,30.0,0.0,RED INTERNET & PHONE CABLE U,0.0
6059,NRW,40 - 44,49.99,49.99,30.0,0.0,RED INTERNET & PHONE CABLE U,1.0
6060,HSN,35 - 39,47.99,47.99,30.0,0.0,VF RIP U-TREUE,0.0
6061,NRW,25 - 29,49.98,49.98,30.0,0.0,GIGAZUHAUSE KABEL,1.0
6062,KBW,65 - 69,35.98,32.99,30.0,0.0,VF RIP U-TREUE,1.0
6063,NRW,35 - 39,54.99,54.99,30.0,0.0,RED INTERNET & PHONE CABLE U,0.0
6064,NRW,30 - 34,29.99,29.99,30.0,0.0,RED INTERNET & PHONE CABLE U,1.0
6065,KBW,35 - 39,34.99,34.99,30.0,0.0,RED INTERNET & PHONE CABLE U,0.0
6066,NRW,60 - 64,44.98,44.98,30.0,0.0,VF CABLEMAX,1.0
6067,NRW,60 - 64,49.97,49.97,30.0,0.0,VF CABLEMAX,1.0
6068,NRW,45 - 49,32.99,32.99,30.0,0.0,VF RIP U-TREUE,0.0
6069,NRW,30 - 34,39.99,39.99,30.0,0.0,VF CABLEMAX,1.0
6070,KBW,60 - 64,39.99,39.99,30.0,0.0,RED INTERNET & PHONE CABLE U,0.0
6071,NRW,45 - 49,29.99,29.99,30.0,0.0,VF RIP U-TREUE,0.0
6072,KBW,30 - 34,43.98,43.98,30.0,0.0,RED INTERNET & PHONE CABLE U,0.0
6073,HSN,40 - 44,39.99,39.99,30.0,0.0,RED INTERNET & PHONE CABLE U,1.0
6074,NRW,40 - 44,29.99,29.99,30.0,0.0,VF RIP U-TREUE,1.0
6075,KBW,40 - 44,44.98,44.98,30.0,0.0,GIGAZUHAUSE KABEL,0.0
6076,KBW,18 - 24,44.98,44.98,30.0,0.0,RED INTERNET & PHONE CABLE U,1.0
6077,NRW,70 - 74,27.8,27.8,30.0,0.0,RED INTERNET & PHONE CABLE U,1.0
6078,NRW,50 - 54,49.99,49.99,30.0,0.0,GIGAZUHAUSE KABEL,0.0
6079,KBW,55 - 59,49.99,49.99,30.0,0.0,GIGAZUHAUSE KABEL,1.0
6080,NRW,25 - 29,42.97,42.97,30.0,0.0,RED INTERNET & PHONE CABLE U,0.0
6081,KBW,55 - 59,60.98,39.99,30.0,0.0,VF RIP U-TREUE,0.0
6082,HSN,70 - 74,44.97,44.97,30.0,0.0,GIGAZUHAUSE TREUE B,0.0
6083,HSN,30 - 34,39.98,39.98,30.0,0.0,GIGAZUHAUSE KABEL,1.0
6084,NRW,55 - 59,72.96,52.98,365.0,0.0,GIGAZUHAUSE TREUE B,1.0
6085,KBW,45 - 49,34.99,34.99,30.0,0.0,RED INTERNET & PHONE CABLE U,0.0
6086,KBW,25 - 29,44.98,44.98,30.0,0.0,RED INTERNET & PHONE CABLE U,0.0
6087,KBW,75 - 79,29.99,29.99,30.0,0.0,RED INTERNET & PHONE CABLE U,0.0
6088,KBW,45 - 49,29.98,29.98,30.0,0.0,VF RIP U-TREUE,0.0
6089,NRW,65 - 69,27.99,27.99,30.0,0.0,VF RIP U-TREUE,0.0
6090,KBW,60 - 64,29.99,29.99,30.0,0.0,VF RIP U-TREUE,1.0
6091,HSN,35 - 39,34.99,34.99,30.0,1.0,RED INTERNET & PHONE CABLE U,0.0
6092,KBW,18 - 24,72.97,62.98,30.0,0.0,GIGAZUHAUSE KABEL,0.0
6093,HSN,35 - 39,34.99,34.99,30.0,0.0,RED INTERNET & PHONE CABLE U,0.0
6094,KBW,40 - 44,49.97,49.97,30.0,0.0,VF CABLEMAX,0.0
6095,KBW,50 - 54,34.99,34.99,30.0,0.0,RED INTERNET & PHONE CABLE U,1.0
6096,NRW,65 - 69,39.99,39.99,30.0,0.0,VF CABLEMAX,1.0
6097,KBW,30 - 34,44.98,44.98,30.0,0.0,RED INTERNET & PHONE CABLE U,0.0
6098,NRW,60 - 64,42.97,42.97,30.0,0.0,3PLAY START,1.0
6099,HSN,35 - 39,44.98,44.98,30.0,0.0,VF CABLEMAX,1.0
6100,KBW,30 - 34,44.98,44.98,30.0,0.0,RED INTERNET & PHONE CABLE U,1.0
6101,NRW,40 - 44,63.96,63.96,30.0,0.0,GIGAZUHAUSE KABEL,0.0
6102,KBW,50 - 54,29.99,29.99,30.0,0.0,VF RIP U-TREUE,0.0
6103,NRW,60 - 64,34.99,34.99,30.0,0.0,RED INTERNET & PHONE CABLE U,1.0
6104,NRW,80 and over,32.98,32.99,30.0,0.0,VF RIP U-TREUE,1.0
6105,HSN,45 - 49,24.99,24.99,30.0,0.0,INTERNET COMFORT,0.0
6106,KBW,30 - 34,34.99,34.99,30.0,0.0,RED INTERNET & PHONE CABLE U,0.0
6107,KBW,30 - 34,44.98,44.98,30.0,0.0,VF CABLEMAX,0.0
6108,KBW,55 - 59,39.98,39.98,30.0,0.0,RED INTERNET & PHONE CABLE U,0.0
6109,KBW,18 - 24,44.97,44.97,30.0,0.0,RED INTERNET & PHONE CABLE U,0.0
6110,NRW,30 - 34,29.99,29.99,30.0,0.0,VF RIP U-TREUE,1.0
6111,NRW,35 - 39,29.99,29.99,30.0,0.0,VF RIP U-TREUE,1.0
6112,KBW,35 - 39,39.98,39.98,30.0,0.0,RED INTERNET & PHONE CABLE U,1.0
6113,NRW,60 - 64,49.97,39.99,30.0,0.0,VF RIP U-TREUE,0.0
6114,NRW,50 - 54,34.99,34.99,30.0,0.0,RED INTERNET & PHONE CABLE U,1.0
6115,KBW,30 - 34,34.99,34.99,30.0,0.0,RED INTERNET & PHONE CABLE U,1.0
6116,NRW,35 - 39,49.99,49.99,30.0,0.0,VF RIP U-TREUE,1.0
6117,HSN,50 - 54,44.98,44.98,30.0,0.0,RED INTERNET & PHONE CABLE U,1.0
6118,HSN,55 - 59,27.99,27.99,30.0,0.0,VF RIP U-TREUE,1.0
6119,NRW,35 - 39,44.98,44.98,30.0,0.0,VF CABLEMAX,1.0
6120,NRW,35 - 39,29.99,29.99,30.0,0.0,VF RIP U-TREUE,0.0
6121,KBW,45 - 49,44.97,44.97,30.0,0.0,GIGAZUHAUSE KABEL,1.0
6122,NRW,25 - 29,44.98,44.98,30.0,0.0,VF CABLEMAX,1.0
6123,NRW,35 - 39,44.98,44.98,30.0,0.0,VF CABLEMAX,1.0
6124,KBW,45 - 49,19.99,19.99,30.0,0.0,EAZY,1.0
6125,NRW,80 and over,34.99,34.99,30.0,0.0,RED INTERNET & PHONE CABLE U,0.0
6126,NRW,40 - 44,44.98,44.98,30.0,0.0,VF CABLEMAX,0.0
6127,HSN,25 - 29,39.98,39.98,143.0,0.0,GIGAZUHAUSE KABEL,1.0
6128,HSN,30 - 34,44.98,44.98,30.0,0.0,VF CABLEMAX,0.0
6129,HSN,70 - 74,49.98,49.98,30.0,0.0,RED INTERNET & PHONE CABLE U,0.0
6130,KBW,45 - 49,37.99,37.99,30.0,0.0,VF RIP U-TREUE,0.0
6131,NRW,55 - 59,47.97,37.98,30.0,0.0,VF RIP U-TREUE,0.0
6132,NRW,65 - 69,34.99,34.99,30.0,0.0,RED INTERNET & PHONE CABLE U,0.0
6133,NRW,55 - 59,47.99,47.99,30.0,0.0,VF RIP U-TREUE,1.0
6134,KBW,35 - 39,49.99,49.99,30.0,0.0,VF RIP U-TREUE,1.0
6135,NRW,65 - 69,39.99,39.99,30.0,0.0,RED INTERNET & PHONE CABLE U,0.0
6136,NRW,50 - 54,49.97,49.97,30.0,0.0,VF CABLEMAX,1.0
6137,HSN,70 - 74,49.97,49.97,30.0,0.0,VF CABLEMAX,1.0
6138,NRW,55 - 59,29.98,29.98,30.0,0.0,RED INTERNET & PHONE CABLE U,1.0
6139,NRW,35 - 39,75.79,43.72,30.0,0.0,2PLAY PLUS,0.0
6140,HSN,30 - 34,39.98,39.98,133.0,0.0,GIGAZUHAUSE KABEL,1.0
6141,NRW,55 - 59,49.98,49.98,243.0,0.0,GIGAZUHAUSE TREUE B,1.0
6142,KBW,30 - 34,54.98,54.98,30.0,0.0,RED INTERNET & PHONE CABLE U,1.0
6143,HSN,40 - 44,49.99,49.99,30.0,0.0,RED INTERNET & PHONE CABLE U,0.0
6144,NRW,25 - 29,54.99,54.99,30.0,0.0,RED INTERNET & PHONE CABLE U,1.0
6145,NRW,50 - 54,35.86,35.86,30.0,0.0,3PLAY,0.0
6146,NRW,35 - 39,57.98,32.99,30.0,0.0,VF RIP U-TREUE,0.0
6147,KBW,50 - 54,44.98,44.98,30.0,0.0,VF CABLEMAX,0.0
6148,KBW,55 - 59,44.98,44.98,30.0,0.0,VF CABLEMAX,0.0
6149,KBW,60 - 64,54.98,54.98,30.0,0.0,RED INTERNET & PHONE CABLE U,0.0
6150,KBW,35 - 39,44.98,44.98,30.0,0.0,VF CABLEMAX,0.0
6151,NRW,25 - 29,44.98,44.98,30.0,0.0,VF CABLEMAX,1.0
6152,HSN,45 - 49,54.98,54.98,30.0,0.0,GIGAZUHAUSE KABEL,0.0
6153,NRW,35 - 39,34.99,34.99,30.0,0.0,RED INTERNET & PHONE CABLE U,0.0
6154,NRW,35 - 39,44.98,44.98,30.0,0.0,RED INTERNET & PHONE CABLE U,1.0
6155,KBW,65 - 69,49.97,39.98,30.0,0.0,VF CABLEMAX,0.0
6156,NRW,60 - 64,39.99,39.99,30.0,0.0,RED INTERNET & PHONE CABLE U,0.0
6157,KBW,60 - 64,72.97,37.99,30.0,0.0,VF RIP U-TREUE,1.0
6158,KBW,60 - 64,54.99,54.99,30.0,0.0,RED INTERNET & PHONE CABLE U,0.0
6159,NRW,25 - 29,39.99,39.99,30.0,0.0,RED INTERNET & PHONE CABLE U,1.0
6160,NRW,45 - 49,44.98,44.98,30.0,0.0,VF CABLEMAX,1.0
6161,NRW,25 - 29,39.99,39.99,30.0,0.0,RED INTERNET & PHONE CABLE U,1.0
6162,KBW,55 - 59,44.98,44.98,30.0,0.0,VF CABLEMAX,1.0
6163,KBW,55 - 59,54.99,54.99,30.0,0.0,RED INTERNET & PHONE CABLE U,0.0
6164,NRW,65 - 69,29.99,29.99,30.0,0.0,INTERNET PREMIUM,0.0
6165,KBW,40 - 44,54.99,54.99,30.0,0.0,RED INTERNET & PHONE CABLE U,1.0
6166,KBW,45 - 49,49.97,49.97,30.0,0.0,VF CABLEMAX,0.0
6167,HSN,18 - 24,47.98,47.98,30.0,0.0,GIGAZUHAUSE KABEL,1.0
6168,KBW,25 - 29,29.97,29.99,30.0,0.0,VF RIP U-TREUE,1.0
6169,NRW,50 - 54,39.99,39.99,30.0,0.0,RED INTERNET & PHONE CABLE U,1.0
6170,NRW,50 - 54,39.98,39.98,30.0,0.0,VF CABLEMAX,1.0
6171,KBW,45 - 49,47.99,47.99,30.0,0.0,VF RIP U-TREUE,1.0
6172,NRW,65 - 69,39.99,39.99,30.0,0.0,VF RIP U-TREUE,0.0
6173,NRW,60 - 64,39.99,39.99,30.0,0.0,VF RIP U-TREUE,0.0
6174,NRW,25 - 29,44.98,44.98,30.0,0.0,RED INTERNET & PHONE CABLE U,0.0
6175,KBW,70 - 74,27.99,27.99,30.0,0.0,VF RIP U-TREUE,1.0
6176,KBW,60 - 64,47.96,47.96,30.0,0.0,VF CABLEMAX,0.0
6177,KBW,30 - 34,44.98,44.98,30.0,0.0,VF CABLEMAX,1.0
6178,KBW,35 - 39,44.98,44.98,30.0,0.0,RED INTERNET & PHONE CABLE U,1.0
6179,KBW,40 - 44,49.97,49.97,30.0,0.0,VF CABLEMAX,1.0
6180,NRW,30 - 34,39.98,39.98,126.0,0.0,GIGAZUHAUSE KABEL,1.0
6181,NRW,45 - 49,37.99,37.99,30.0,0.0,VF RIP U-TREUE,1.0
6182,NRW,30 - 34,34.99,34.99,30.0,0.0,RED INTERNET & PHONE CABLE U,0.0
6183,KBW,50 - 54,29.99,29.99,30.0,0.0,VF RIP U-TREUE,0.0
6184,NRW,50 - 54,32.99,32.99,30.0,0.0,VF RIP U-TREUE,1.0
6185,KBW,40 - 44,34.99,34.99,30.0,0.0,RED INTERNET & PHONE CABLE U,0.0
6186,NRW,50 - 54,49.97,49.97,30.0,0.0,VF CABLEMAX,0.0
6187,NRW,70 - 74,28.98,28.98,30.0,0.0,RED INTERNET & PHONE CABLE U,0.0
6188,NRW,60 - 64,34.99,34.99,30.0,0.0,RED INTERNET & PHONE CABLE U,0.0
6189,HSN,75 - 79,37.98,37.98,30.0,0.0,VF RIP U-TREUE,1.0
6190,NRW,40 - 44,49.99,49.99,30.0,0.0,GIGAZUHAUSE KABEL,1.0
6191,KBW,60 - 64,42.97,42.97,30.0,0.0,RED INTERNET & PHONE CABLE U,1.0
6192,KBW,80 and over,40.0,40.0,30.0,0.0,2PLAY,0.0
6193,NRW,35 - 39,34.99,34.99,30.0,0.0,RED INTERNET & PHONE CABLE U,1.0
6194,KBW,60 - 64,69.96,44.98,30.0,0.0,TREUEPLUS,0.0
6195,HSN,45 - 49,39.99,39.99,30.0,0.0,VF RIP U-TREUE,1.0
6196,NRW,35 - 39,34.99,34.99,30.0,0.0,GIGAZUHAUSE KABEL,1.0
6197,KBW,25 - 29,29.99,29.99,30.0,0.0,VF RIP U-TREUE,0.0
6198,KBW,60 - 64,68.96,47.97,30.0,0.0,GIGAZUHAUSE TREUE B,1.0
6199,NRW,35 - 39,49.97,49.97,30.0,2.0,VF CABLEMAX,0.0
6200,HSN,50 - 54,44.98,44.98,30.0,0.0,VF CABLEMAX,0.0
6201,NRW,40 - 44,47.96,47.96,30.0,0.0,VF CABLEMAX,0.0
6202,KBW,80 and over,60.35,39.99,30.0,0.0,VF RIP U-TREUE,1.0
6203,KBW,80 and over,39.98,39.98,30.0,0.0,RED INTERNET & PHONE CABLE U,0.0
6204,NRW,40 - 44,19.99,19.99,30.0,0.0,EAZY,0.0
6205,NRW,60 - 64,50.94,30.95,30.0,0.0,3PLAY,0.0
6206,KBW,55 - 59,40.9,40.9,30.0,0.0,2PLAY,1.0
6207,NRW,30 - 34,58.98,58.98,30.0,0.0,RED INTERNET & PHONE CABLE U,0.0
6208,KBW,35 - 39,49.97,49.97,30.0,0.0,VF CABLEMAX,0.0
6209,NRW,25 - 29,39.99,39.99,30.0,0.0,RED INTERNET & PHONE CABLE U,0.0
6210,KBW,60 - 64,42.98,42.98,30.0,0.0,2PLAY PLUS,0.0
6211,KBW,25 - 29,39.99,39.99,30.0,0.0,RED INTERNET & PHONE CABLE U,1.0
6212,NRW,40 - 44,44.99,44.99,143.0,0.0,GIGAZUHAUSE KABEL,0.0
6213,NRW,80 and over,47.96,47.96,30.0,0.0,GIGAZUHAUSE KABEL,0.0
6214,KBW,55 - 59,50.84,50.84,30.0,0.0,3PLAY SMART,0.0
6215,NRW,45 - 49,49.99,49.99,30.0,0.0,GIGAZUHAUSE TREUE C,0.0
6216,NRW,30 - 34,39.98,39.98,30.0,0.0,RED INTERNET & PHONE CABLE U,1.0
6217,NRW,75 - 79,37.99,37.99,30.0,0.0,VF RIP U-TREUE,0.0
6218,KBW,65 - 69,57.97,44.99,176.0,0.0,GIGAZUHAUSE KABEL,1.0
6219,NRW,40 - 44,44.98,44.98,30.0,0.0,VF CABLEMAX,0.0
6220,HSN,45 - 49,29.99,29.99,30.0,0.0,VF RIP U-TREUE,0.0
6221,KBW,70 - 74,39.99,39.99,30.0,0.0,RED INTERNET & PHONE CABLE U,0.0
6222,NRW,50 - 54,44.98,44.98,30.0,0.0,RED INTERNET & PHONE CABLE U,0.0
6223,KBW,25 - 29,39.98,39.98,30.0,0.0,VF CABLEMAX,1.0
6224,KBW,60 - 64,74.95,44.98,30.0,0.0,VF CABLEMAX,0.0
6225,KBW,60 - 64,58.77,37.78,30.0,0.0,GIGAZUHAUSE KABEL,1.0
6226,NRW,30 - 34,44.98,44.98,30.0,0.0,VF CABLEMAX,0.0
6227,NRW,25 - 29,39.99,39.99,30.0,0.0,RED INTERNET & PHONE CABLE U,0.0
6228,KBW,25 - 29,24.99,24.99,30.0,0.0,INTERNET COMFORT,0.0
6229,KBW,50 - 54,34.99,34.99,30.0,0.0,RED INTERNET & PHONE CABLE U,0.0
6230,NRW,25 - 29,42.97,42.97,30.0,0.0,RED INTERNET & PHONE CABLE U,1.0
6231,NRW,50 - 54,34.99,34.99,30.0,0.0,RED INTERNET & PHONE CABLE U,0.0
6232,KBW,70 - 74,34.99,34.99,30.0,0.0,RED INTERNET & PHONE CABLE U,1.0
6233,HSN,35 - 39,39.98,39.98,30.0,0.0,RED INTERNET & PHONE CABLE U,0.0
6234,NRW,55 - 59,34.99,34.99,30.0,0.0,RED INTERNET & PHONE CABLE U,1.0
6235,NRW,40 - 44,49.97,49.97,30.0,0.0,VF RIP U-TREUE,0.0
6236,KBW,55 - 59,34.99,34.99,30.0,0.0,RED INTERNET & PHONE CABLE U,0.0
6237,NRW,25 - 29,34.99,34.99,30.0,0.0,RED INTERNET & PHONE CABLE U,1.0
6238,KBW,35 - 39,58.97,48.97,30.0,0.0,RED INTERNET & PHONE CABLE U,0.0
6239,NRW,30 - 34,42.97,42.97,154.0,0.0,GIGAZUHAUSE KABEL,0.0
6240,KBW,40 - 44,37.99,37.99,30.0,0.0,VF RIP U-TREUE,0.0
6241,HSN,45 - 49,52.98,52.98,30.0,0.0,GIGAZUHAUSE CABLEMAX,1.0
6242,KBW,35 - 39,37.99,37.99,30.0,0.0,VF RIP U-TREUE,1.0
6243,KBW,50 - 54,32.99,32.99,30.0,0.0,VF RIP U-TREUE,0.0
6244,NRW,60 - 64,34.99,34.99,30.0,0.0,RED INTERNET & PHONE CABLE U,0.0
6245,NRW,25 - 29,39.99,39.99,30.0,0.0,VF RIP U-TREUE,0.0
6246,NRW,30 - 34,44.98,44.98,30.0,0.0,RED INTERNET & PHONE CABLE U,1.0
6247,NRW,35 - 39,39.99,39.99,30.0,0.0,RED INTERNET & PHONE CABLE U,1.0
6248,NRW,45 - 49,24.99,24.99,30.0,0.0,INTERNET COMFORT,0.0
6249,HSN,25 - 29,44.98,44.98,30.0,0.0,VF CABLEMAX,1.0
6250,KBW,25 - 29,39.99,39.99,30.0,0.0,RED INTERNET & PHONE CABLE U,1.0
6251,KBW,70 - 74,42.97,42.97,30.0,0.0,2PLAY PLUS,0.0
6252,NRW,45 - 49,44.98,44.98,30.0,0.0,VF CABLEMAX,0.0
6253,NRW,65 - 69,59.99,59.99,126.0,0.0,GIGAZUHAUSE KABEL,0.0
6254,NRW,50 - 54,60.34,39.99,30.0,0.0,VF RIP U-TREUE,0.0
6255,NRW,40 - 44,42.98,42.98,30.0,0.0,VF RIP U-TREUE,0.0
6256,NRW,40 - 44,44.98,44.98,30.0,0.0,VF CABLEMAX,1.0
6257,NRW,55 - 59,34.99,34.99,30.0,0.0,VF RIP U-TREUE,1.0
6258,NRW,55 - 59,25.95,25.94,30.0,0.0,INTERNET,0.0
6259,HSN,55 - 59,34.99,34.99,30.0,0.0,RED INTERNET & PHONE CABLE U,0.0
6260,KBW,50 - 54,34.99,34.99,30.0,0.0,RED INTERNET & PHONE CABLE U,1.0
6261,NRW,35 - 39,44.98,44.98,30.0,0.0,RED INTERNET & PHONE CABLE U,1.0
6262,NRW,25 - 29,44.98,44.98,30.0,0.0,RED INTERNET & PHONE CABLE U,0.0
6263,KBW,35 - 39,53.98,53.98,30.0,0.0,TREUEPLUS,0.0
6264,KBW,35 - 39,44.98,44.98,30.0,0.0,VF CABLEMAX,1.0
6265,NRW,30 - 34,34.99,34.99,30.0,0.0,RED INTERNET & PHONE CABLE U,0.0
6266,NRW,60 - 64,64.97,39.99,30.0,0.0,VF RIP U-TREUE,0.0
6267,NRW,75 - 79,11.98,11.98,30.0,0.0,EAZY,0.0
6268,NRW,35 - 39,34.99,34.99,30.0,0.0,RED INTERNET & PHONE CABLE U,0.0
6269,NRW,25 - 29,44.98,44.98,30.0,0.0,VF CABLEMAX,0.0
6270,NRW,55 - 59,39.99,39.99,30.0,0.0,VF RIP U-TREUE,1.0
6271,NRW,18 - 24,39.98,39.98,214.0,0.0,GIGAZUHAUSE KABEL,0.0
6272,KBW,35 - 39,44.98,44.98,30.0,0.0,RED INTERNET & PHONE CABLE U,0.0
6273,NRW,30 - 34,29.99,29.99,30.0,0.0,RED INTERNET & PHONE CABLE U,0.0
6274,NRW,25 - 29,39.99,39.99,30.0,0.0,RED INTERNET & PHONE CABLE U,1.0
6275,KBW,30 - 34,34.99,34.99,30.0,0.0,RED INTERNET & PHONE CABLE U,1.0
6276,NRW,70 - 74,44.98,44.98,30.0,0.0,VF CABLEMAX,0.0
6277,NRW,45 - 49,24.99,24.99,30.0,0.0,RED INTERNET & PHONE CABLE U,1.0
6278,NRW,45 - 49,44.99,44.99,30.0,0.0,RED INTERNET & PHONE CABLE U,1.0
6279,KBW,45 - 49,34.99,34.99,30.0,0.0,RED INTERNET & PHONE CABLE U,0.0
6280,KBW,30 - 34,34.99,34.99,30.0,0.0,RED INTERNET & PHONE CABLE U,1.0
6281,NRW,35 - 39,39.98,39.98,112.0,0.0,GIGAZUHAUSE KABEL,0.0
6282,NRW,45 - 49,34.99,34.99,30.0,0.0,RED INTERNET & PHONE CABLE U,1.0
6283,KBW,40 - 44,34.99,34.99,30.0,0.0,RED INTERNET & PHONE CABLE U,1.0
6284,NRW,80 and over,67.78,46.68,30.0,0.0,2PLAY,1.0
6285,HSN,55 - 59,49.99,49.99,30.0,0.0,RED INTERNET & PHONE CABLE U,1.0
6286,KBW,80 and over,39.88,39.88,30.0,0.0,3PLAY,0.0
6287,KBW,35 - 39,34.99,34.99,30.0,0.0,RED INTERNET & PHONE CABLE U,0.0
6288,NRW,25 - 29,34.99,34.99,30.0,0.0,RED INTERNET & PHONE CABLE U,0.0
6289,NRW,50 - 54,49.99,49.99,30.0,0.0,RED INTERNET & PHONE CABLE U,0.0
6290,KBW,80 and over,34.99,34.99,30.0,0.0,RED INTERNET & PHONE CABLE U,1.0
6291,HSN,35 - 39,44.97,44.97,30.0,0.0,GIGAZUHAUSE KABEL,1.0
6292,HSN,30 - 34,44.98,44.98,30.0,0.0,VF CABLEMAX,0.0
6293,KBW,45 - 49,39.99,39.99,30.0,0.0,VF RIP U-TREUE,0.0
6294,NRW,55 - 59,49.97,49.97,30.0,0.0,VF CABLEMAX,0.0
6295,NRW,50 - 54,34.99,34.99,30.0,0.0,RED INTERNET & PHONE CABLE U,1.0
6296,NRW,30 - 34,39.98,39.98,30.0,0.0,GIGAZUHAUSE KABEL,0.0
6297,NRW,40 - 44,52.99,52.99,30.0,0.0,3PLAY TREUE GENRE,0.0
6298,NRW,35 - 39,29.99,29.99,30.0,0.0,VF RIP U-TREUE,0.0
6299,KBW,30 - 34,44.98,44.98,30.0,0.0,RED INTERNET & PHONE CABLE U,1.0
6300,NRW,25 - 29,39.99,39.99,30.0,0.0,RED INTERNET & PHONE CABLE U,1.0
6301,NRW,30 - 34,49.99,49.99,30.0,0.0,VF RIP U-TREUE,0.0
6302,HSN,40 - 44,54.98,54.98,30.0,0.0,GIGAZUHAUSE KABEL,1.0
6303,NRW,45 - 49,44.98,44.98,30.0,0.0,VF CABLEMAX,1.0
6304,KBW,35 - 39,44.98,44.98,30.0,0.0,VF CABLEMAX,0.0
6305,NRW,55 - 59,39.99,39.99,30.0,0.0,VF RIP U-TREUE,1.0
6306,NRW,25 - 29,44.98,44.98,30.0,0.0,VF CABLEMAX,1.0
6307,KBW,25 - 29,49.97,49.97,30.0,0.0,RED INTERNET & PHONE CABLE U,1.0
6308,NRW,45 - 49,39.99,39.99,30.0,0.0,VF RIP U-TREUE,1.0
6309,NRW,35 - 39,44.98,44.98,30.0,0.0,VF RIP U-TREUE,1.0
6310,NRW,18 - 24,49.99,49.99,30.0,0.0,GIGAZUHAUSE KABEL,1.0
6311,KBW,35 - 39,58.98,58.98,30.0,0.0,RED INTERNET & PHONE CABLE U,0.0
6312,NRW,35 - 39,39.99,39.99,30.0,0.0,RED INTERNET & PHONE CABLE U,1.0
6313,HSN,65 - 69,149.96,149.96,30.0,0.0,RED INTERNET & PHONE CABLE U,0.0
6314,NRW,30 - 34,29.99,29.99,30.0,0.0,RED INTERNET & PHONE CABLE U,1.0
6315,NRW,65 - 69,32.99,32.99,30.0,0.0,VF RIP U-TREUE,1.0
6316,NRW,30 - 34,32.98,32.98,30.0,0.0,VF RIP U-TREUE,0.0
6317,KBW,50 - 54,54.99,54.99,30.0,0.0,RED INTERNET & PHONE CABLE U,1.0
6318,HSN,35 - 39,39.98,39.98,515.0,0.0,GIGAZUHAUSE KABEL,1.0
6319,NRW,30 - 34,54.99,54.99,30.0,0.0,RED INTERNET & PHONE CABLE U,1.0
6320,NRW,35 - 39,27.99,27.99,30.0,0.0,VF RIP U-TREUE,1.0
6321,KBW,35 - 39,37.98,37.98,30.0,0.0,VF RIP U-TREUE,0.0
6322,KBW,80 and over,47.99,47.99,30.0,0.0,GIGAZUHAUSE KABEL,0.0
6323,NRW,30 - 34,48.97,48.97,30.0,0.0,VF CABLEMAX,1.0
6324,HSN,45 - 49,58.97,58.97,30.0,0.0,RED INTERNET & PHONE CABLE U,1.0
6325,KBW,30 - 34,43.98,43.98,30.0,0.0,RED INTERNET & PHONE CABLE U,0.0
6326,KBW,55 - 59,57.97,38.98,30.0,0.0,GIGAZUHAUSE KABEL,1.0
6327,NRW,40 - 44,54.98,54.98,30.0,0.0,GIGAZUHAUSE KABEL,1.0
6328,KBW,25 - 29,34.99,34.99,30.0,0.0,RED INTERNET & PHONE CABLE U,1.0
6329,NRW,50 - 54,54.99,54.99,30.0,0.0,RED INTERNET & PHONE CABLE U,1.0
6330,KBW,35 - 39,34.99,34.99,30.0,0.0,RED INTERNET & PHONE CABLE U,0.0
6331,KBW,40 - 44,49.99,49.99,30.0,0.0,GIGAZUHAUSE KABEL,0.0
6332,NRW,18 - 24,44.98,44.98,30.0,0.0,RED INTERNET & PHONE CABLE U,0.0
6333,HSN,30 - 34,19.99,19.99,30.0,0.0,EAZY,1.0
6334,NRW,80 and over,39.99,39.99,30.0,0.0,VF RIP U-TREUE,0.0
6335,NRW,60 - 64,42.98,42.98,30.0,0.0,VF RIP U-TREUE,0.0
6336,HSN,30 - 34,34.99,34.99,30.0,0.0,RED INTERNET & PHONE CABLE U,1.0
6337,NRW,60 - 64,67.95,44.98,30.0,0.0,VF CABLEMAX,1.0
6338,NRW,55 - 59,42.97,42.97,30.0,0.0,RED INTERNET & PHONE CABLE U,1.0
6339,KBW,35 - 39,54.99,54.99,30.0,0.0,RED INTERNET & PHONE CABLE U,1.0
6340,NRW,25 - 29,39.99,39.99,30.0,0.0,VF RIP U-TREUE,0.0
6341,NRW,45 - 49,29.99,29.99,30.0,0.0,VF RIP U-TREUE,0.0
6342,NRW,35 - 39,44.98,44.98,30.0,0.0,VF CABLEMAX,0.0
6343,NRW,60 - 64,34.99,34.99,123.0,0.0,GIGAZUHAUSE KABEL,1.0
6344,NRW,25 - 29,39.98,39.98,309.0,0.0,GIGAZUHAUSE KABEL,1.0
6345,NRW,60 - 64,34.99,34.99,30.0,0.0,RED INTERNET & PHONE CABLE U,1.0
6346,NRW,30 - 34,42.97,42.97,30.0,0.0,RED INTERNET & PHONE CABLE U,1.0
6347,HSN,35 - 39,44.98,44.98,30.0,0.0,RED INTERNET & PHONE CABLE U,0.0
6348,NRW,65 - 69,43.98,43.98,30.0,0.0,HSI HZ BOX ONLY,0.0
6349,KBW,30 - 34,48.97,48.97,30.0,0.0,VF CABLEMAX,0.0
6350,KBW,65 - 69,42.97,42.97,30.0,0.0,RED INTERNET & PHONE CABLE U,1.0
6351,HSN,30 - 34,44.98,44.98,30.0,0.0,VF CABLEMAX,0.0
6352,HSN,35 - 39,49.99,49.99,30.0,0.0,RED INTERNET & PHONE CABLE U,1.0
6353,NRW,80 and over,34.98,34.98,692.0,0.0,GIGAZUHAUSE TREUE C,0.0
6354,KBW,30 - 34,34.99,34.99,30.0,0.0,RED INTERNET & PHONE CABLE U,0.0
6355,KBW,45 - 49,44.98,44.98,30.0,0.0,VF CABLEMAX,0.0
6356,KBW,45 - 49,39.99,39.99,30.0,0.0,VF RIP U-TREUE,1.0
6357,NRW,40 - 44,34.99,34.99,30.0,0.0,RED INTERNET & PHONE CABLE U,1.0
6358,KBW,55 - 59,47.99,47.99,30.0,0.0,VF RIP U-TREUE,1.0
6359,NRW,30 - 34,42.98,42.98,30.0,0.0,VF RIP U-TREUE,1.0
6360,NRW,45 - 49,39.99,39.99,30.0,0.0,RED INTERNET & PHONE CABLE U,0.0
6361,HSN,40 - 44,49.99,49.99,30.0,0.0,GIGAZUHAUSE KABEL,0.0
6362,KBW,65 - 69,32.99,32.99,30.0,0.0,VF RIP U-TREUE,1.0
6363,NRW,25 - 29,44.98,44.98,30.0,0.0,VF CABLEMAX,1.0
6364,NRW,45 - 49,39.99,39.99,30.0,0.0,RED INTERNET & PHONE CABLE U,1.0
6365,NRW,55 - 59,39.99,39.99,30.0,0.0,VF CABLEMAX,0.0
6366,NRW,65 - 69,42.97,42.97,30.0,0.0,RED INTERNET & PHONE CABLE U,0.0
6367,KBW,40 - 44,44.98,44.98,30.0,0.0,VF CABLEMAX,1.0
6368,NRW,70 - 74,49.97,49.97,30.0,0.0,VF CABLEMAX,1.0
6369,HSN,75 - 79,32.99,32.99,30.0,0.0,VF RIP U-TREUE,0.0
6370,KBW,25 - 29,54.99,54.99,30.0,0.0,RED INTERNET & PHONE CABLE U,1.0
6371,HSN,65 - 69,42.98,42.98,30.0,0.0,VF RIP U-TREUE,0.0
6372,NRW,50 - 54,54.99,54.99,30.0,0.0,RED INTERNET & PHONE CABLE U,1.0
6373,NRW,55 - 59,48.97,48.97,30.0,0.0,VF CABLEMAX,1.0
6374,HSN,40 - 44,37.99,37.99,30.0,0.0,VF RIP U-TREUE,0.0
6375,KBW,80 and over,56.85,35.86,30.0,0.0,3PLAY,1.0
6376,KBW,55 - 59,49.98,49.99,30.0,0.0,RED INTERNET & PHONE CABLE U,0.0
6377,NRW,40 - 44,54.99,54.99,30.0,0.0,RED INTERNET & PHONE CABLE U,0.0
6378,NRW,70 - 74,34.99,34.99,30.0,0.0,RED INTERNET & PHONE CABLE U,0.0
6379,NRW,25 - 29,44.98,44.98,30.0,0.0,RED INTERNET & PHONE CABLE U,1.0
6380,NRW,80 and over,40.0,40.0,30.0,0.0,RED INTERNET & PHONE CABLE U,0.0
6381,HSN,55 - 59,54.99,54.99,30.0,0.0,RED INTERNET & PHONE CABLE U,0.0
6382,KBW,30 - 34,44.98,44.98,30.0,0.0,RED INTERNET & PHONE CABLE U,1.0
6383,NRW,30 - 34,44.97,44.97,30.0,0.0,VF CABLEMAX,0.0
6384,NRW,80 and over,30.95,30.95,30.0,0.0,RED INTERNET & PHONE CABLE U,1.0
6385,KBW,30 - 34,34.99,34.99,30.0,0.0,RED INTERNET & PHONE CABLE U,1.0
6386,NRW,70 - 74,54.99,54.99,30.0,0.0,RED INTERNET & PHONE CABLE U,0.0
6387,HSN,35 - 39,44.98,44.98,30.0,0.0,VF CABLEMAX,0.0
6388,HSN,80 and over,58.77,37.78,30.0,0.0,RED INTERNET & PHONE CABLE U,0.0
6389,NRW,75 - 79,59.98,59.98,30.0,0.0,RED INTERNET & PHONE CABLE U,1.0
6390,NRW,35 - 39,54.99,54.99,30.0,0.0,RED INTERNET & PHONE CABLE U,1.0
6391,NRW,25 - 29,17.99,17.99,30.0,0.0,EAZY FLEX,1.0
6392,NRW,80 and over,34.99,34.99,30.0,0.0,RED INTERNET & PHONE CABLE U,1.0
6393,KBW,60 - 64,49.97,49.97,296.0,0.0,GIGAZUHAUSE KABEL,1.0
6394,KBW,55 - 59,29.99,29.99,30.0,0.0,INTERNET PREMIUM,0.0
6395,NRW,55 - 59,44.98,44.98,30.0,0.0,VF CABLEMAX,1.0
6396,NRW,30 - 34,44.98,44.98,30.0,0.0,RED INTERNET & PHONE CABLE U,1.0
6397,NRW,55 - 59,44.98,44.98,30.0,0.0,RED INTERNET & PHONE CABLE U,1.0
6398,KBW,30 - 34,38.98,38.98,30.0,0.0,RED INTERNET & PHONE CABLE U,1.0
6399,KBW,50 - 54,39.99,39.99,30.0,0.0,RED INTERNET & PHONE CABLE U,1.0
6400,NRW,40 - 44,52.98,52.99,30.0,0.0,3PLAY TREUE GENRE,0.0
6401,KBW,30 - 34,29.99,29.99,30.0,0.0,VF RIP U-TREUE,0.0
6402,NRW,55 - 59,39.99,39.99,30.0,0.0,VF RIP U-TREUE,1.0
6403,NRW,50 - 54,44.98,44.98,30.0,0.0,VF CABLEMAX,0.0
6404,NRW,30 - 34,34.99,34.99,30.0,0.0,RED INTERNET & PHONE CABLE U,0.0
6405,NRW,45 - 49,44.98,44.98,30.0,0.0,VF CABLEMAX,0.0
6406,KBW,35 - 39,35.94,35.94,30.0,0.0,RED INTERNET & PHONE CABLE U,0.0
6407,HSN,30 - 34,29.99,29.99,30.0,0.0,VF RIP U-TREUE,0.0
6408,NRW,55 - 59,44.98,44.98,30.0,0.0,VF CABLEMAX,0.0
6409,KBW,40 - 44,29.99,29.99,30.0,0.0,VF RIP U-TREUE,0.0
6410,KBW,35 - 39,32.99,32.99,30.0,0.0,VF RIP U-TREUE,0.0
6411,NRW,65 - 69,49.99,49.99,30.0,0.0,RED INTERNET & PHONE CABLE U,1.0
6412,HSN,45 - 49,44.98,44.98,30.0,0.0,RED INTERNET & PHONE CABLE U,1.0
6413,NRW,40 - 44,34.99,34.99,30.0,0.0,VF RIP U-TREUE,1.0
6414,NRW,40 - 44,39.99,39.99,30.0,0.0,RED INTERNET & PHONE CABLE U,0.0
6415,HSN,65 - 69,34.99,34.99,30.0,0.0,RED INTERNET & PHONE CABLE U,0.0
6416,NRW,25 - 29,34.99,34.99,30.0,0.0,RED INTERNET & PHONE CABLE U,1.0
6417,NRW,40 - 44,34.99,34.99,30.0,0.0,RED INTERNET & PHONE CABLE U,0.0
6418,NRW,55 - 59,70.96,49.99,30.0,0.0,RED INTERNET & PHONE CABLE U,0.0
6419,NRW,45 - 49,39.99,39.99,30.0,0.0,RED INTERNET & PHONE CABLE U,1.0
6420,NRW,60 - 64,43.98,43.98,30.0,0.0,RED INTERNET & PHONE CABLE U,0.0
6421,NRW,55 - 59,39.98,39.98,30.0,0.0,RED INTERNET & PHONE CABLE U,0.0
6422,KBW,55 - 59,39.99,39.99,30.0,0.0,RED INTERNET & PHONE CABLE U,1.0
6423,NRW,60 - 64,60.98,39.99,30.0,0.0,VF RIP U-TREUE,0.0
6424,NRW,80 and over,34.99,34.99,30.0,0.0,RED INTERNET & PHONE CABLE U,0.0
6425,NRW,70 - 74,47.97,47.97,30.0,0.0,RED INTERNET & PHONE CABLE U,1.0
6426,NRW,35 - 39,49.97,32.98,597.0,0.0,GIGAZUHAUSE TREUE B,0.0
6427,KBW,35 - 39,34.99,34.99,30.0,0.0,VF RIP U-TREUE,1.0
6428,KBW,80 and over,58.77,37.78,30.0,0.0,RED INTERNET & PHONE CABLE U,1.0
6429,KBW,45 - 49,62.97,37.99,30.0,0.0,VF RIP U-TREUE,0.0
6430,KBW,70 - 74,68.97,47.99,30.0,0.0,VF RIP U-TREUE,0.0
6431,KBW,18 - 24,22.99,22.99,30.0,0.0,VF RIP U-TREUE,0.0
6432,NRW,35 - 39,44.98,44.98,30.0,0.0,VF CABLEMAX,1.0
6433,HSN,65 - 69,34.99,34.99,30.0,0.0,RED INTERNET & PHONE CABLE U,0.0
6434,KBW,30 - 34,49.97,49.97,30.0,0.0,GIGAZUHAUSE KABEL,1.0
6435,HSN,40 - 44,37.99,37.99,30.0,0.0,VF RIP U-TREUE,0.0
6436,KBW,55 - 59,34.99,34.99,30.0,0.0,RED INTERNET & PHONE CABLE U,0.0
6437,NRW,30 - 34,42.98,42.98,30.0,0.0,VF RIP U-TREUE,0.0
6438,KBW,35 - 39,32.99,32.99,30.0,0.0,VF RIP U-TREUE,0.0
6439,NRW,50 - 54,49.99,49.99,30.0,0.0,GIGAZUHAUSE KABEL,0.0
6440,KBW,70 - 74,69.96,44.98,30.0,0.0,VF CABLEMAX,1.0
6441,KBW,25 - 29,39.99,39.99,30.0,0.0,VF RIP U-TREUE,1.0
6442,KBW,35 - 39,39.99,39.99,30.0,0.0,RED INTERNET & PHONE CABLE U,1.0
6443,KBW,25 - 29,39.99,39.99,30.0,0.0,RED INTERNET & PHONE CABLE U,0.0
6444,KBW,50 - 54,39.99,39.99,30.0,0.0,RED INTERNET & PHONE CABLE U,1.0
6445,NRW,60 - 64,69.96,44.98,30.0,0.0,VF CABLEMAX,0.0
6446,NRW,35 - 39,52.99,52.99,30.0,0.0,3PLAY FLY,0.0
6447,NRW,50 - 54,49.99,49.99,30.0,0.0,GIGAZUHAUSE KABEL,1.0
6448,KBW,25 - 29,44.98,44.98,30.0,0.0,VF CABLEMAX,1.0
6449,HSN,25 - 29,29.99,29.99,30.0,0.0,VF RIP U-TREUE,0.0
6450,KBW,55 - 59,39.98,39.98,30.0,0.0,RED INTERNET & PHONE CABLE U,0.0
6451,NRW,18 - 24,44.98,44.98,30.0,0.0,RED INTERNET & PHONE CABLE U,0.0
6452,NRW,30 - 34,44.98,44.98,30.0,0.0,VF CABLEMAX,1.0
6453,NRW,30 - 34,32.99,32.99,30.0,0.0,VF RIP U-TREUE,1.0
6454,HSN,18 - 24,54.98,54.98,30.0,0.0,RED INTERNET & PHONE CABLE U,1.0
6455,NRW,25 - 29,42.97,42.97,291.0,0.0,GIGAZUHAUSE KABEL,1.0
6456,NRW,25 - 29,34.99,34.99,30.0,0.0,RED INTERNET & PHONE CABLE U,1.0
6457,NRW,50 - 54,51.97,37.99,30.0,0.0,VF RIP U-TREUE,0.0
6458,HSN,35 - 39,29.99,29.99,30.0,0.0,VF RIP U-TREUE,0.0
6459,NRW,18 - 24,34.99,34.99,30.0,0.0,RED INTERNET & PHONE CABLE U,0.0
6460,KBW,25 - 29,37.98,37.98,30.0,0.0,GIGAZUHAUSE KABEL,1.0
6461,HSN,55 - 59,49.99,49.99,30.0,0.0,RED INTERNET & PHONE CABLE U,1.0
6462,NRW,45 - 49,49.97,49.97,30.0,0.0,VF CABLEMAX,1.0
6463,NRW,50 - 54,34.99,34.99,30.0,0.0,RED INTERNET & PHONE CABLE U,1.0
6464,NRW,40 - 44,54.99,54.99,30.0,0.0,RED INTERNET & PHONE CABLE U,1.0
6465,NRW,60 - 64,39.99,39.99,30.0,0.0,VF RIP U-TREUE,0.0
6466,KBW,30 - 34,39.99,39.99,30.0,0.0,RED INTERNET & PHONE CABLE U,1.0
6467,KBW,30 - 34,37.99,37.99,30.0,0.0,VF RIP U-TREUE,1.0
6468,NRW,25 - 29,42.97,42.97,30.0,0.0,RED INTERNET & PHONE CABLE U,1.0
6469,HSN,45 - 49,39.98,39.98,30.0,0.0,VF RIP U-TREUE,1.0
6470,KBW,40 - 44,44.98,44.98,30.0,0.0,RED INTERNET & PHONE CABLE U,1.0
6471,NRW,40 - 44,24.99,24.99,136.0,0.0,GIGAZUHAUSE TREUE C,0.0
6472,KBW,40 - 44,49.97,49.97,30.0,0.0,VF CABLEMAX,1.0
6473,NRW,25 - 29,39.98,39.98,30.0,0.0,VF CABLEMAX,0.0
6474,NRW,30 - 34,44.98,44.98,30.0,0.0,RED INTERNET & PHONE CABLE U,0.0
6475,NRW,50 - 54,54.99,54.99,30.0,0.0,RED INTERNET & PHONE CABLE U,1.0
6476,NRW,40 - 44,54.99,54.99,30.0,0.0,RED INTERNET & PHONE CABLE U,0.0
6477,KBW,25 - 29,48.97,48.97,30.0,0.0,RED INTERNET & PHONE CABLE U,1.0
6478,NRW,35 - 39,44.98,44.98,30.0,0.0,VF CABLEMAX,0.0
6479,HSN,30 - 34,44.99,44.99,30.0,0.0,RED INTERNET & PHONE CABLE U,0.0
6480,NRW,55 - 59,34.99,34.99,30.0,0.0,RED INTERNET & PHONE CABLE U,0.0
6481,NRW,30 - 34,44.99,44.99,129.0,0.0,GIGAZUHAUSE TREUE B,1.0
6482,KBW,30 - 34,39.99,39.99,30.0,0.0,RED INTERNET & PHONE CABLE U,0.0
6483,KBW,80 and over,58.77,37.78,30.0,0.0,GIGAZUHAUSE KABEL,0.0
6484,KBW,30 - 34,44.98,44.98,30.0,0.0,VF CABLEMAX,1.0
6485,HSN,25 - 29,29.99,29.99,30.0,0.0,VF RIP U-TREUE,0.0
6486,HSN,45 - 49,34.99,34.99,30.0,0.0,RED INTERNET & PHONE CABLE U,0.0
6487,NRW,25 - 29,49.97,39.98,74.0,0.0,VF CABLEMAX,1.0
6488,NRW,40 - 44,29.99,29.99,30.0,0.0,VF RIP U-TREUE,1.0
6489,KBW,65 - 69,34.99,34.99,30.0,0.0,RED INTERNET & PHONE CABLE U,1.0
6490,HSN,75 - 79,39.98,39.98,30.0,0.0,VF CABLEMAX,1.0
6491,NRW,25 - 29,37.98,37.98,242.0,0.0,GIGAZUHAUSE KABEL,0.0
6492,KBW,40 - 44,49.99,49.99,30.0,0.0,RED INTERNET & PHONE CABLE U,0.0
6493,KBW,35 - 39,29.99,29.99,30.0,0.0,VF RIP U-TREUE,0.0
6494,KBW,65 - 69,33.98,33.98,30.0,0.0,RED INTERNET & PHONE CABLE U,0.0
6495,KBW,25 - 29,44.98,44.98,30.0,0.0,VF CABLEMAX,0.0
6496,NRW,30 - 34,29.99,29.99,30.0,0.0,VF RIP U-TREUE,1.0
6497,NRW,35 - 39,34.99,34.99,30.0,0.0,GIGAZUHAUSE KABEL,0.0
6498,NRW,35 - 39,44.98,44.98,30.0,0.0,RED INTERNET & PHONE CABLE U,1.0
6499,HSN,40 - 44,44.98,44.98,30.0,0.0,VF CABLEMAX,1.0
6500,KBW,60 - 64,70.96,49.97,30.0,0.0,VF CABLEMAX,1.0
6501,NRW,25 - 29,59.99,59.99,30.0,0.0,RED INTERNET & PHONE CABLE U,1.0
6502,KBW,55 - 59,19.99,19.99,30.0,0.0,GIGAZUHAUSE KABEL,0.0
6503,HSN,35 - 39,39.98,39.98,30.0,0.0,RED INTERNET & PHONE CABLE U,0.0
6504,NRW,50 - 54,47.98,47.98,30.0,0.0,GIGAZUHAUSE KABEL,0.0
6505,NRW,30 - 34,39.99,39.99,30.0,0.0,RED INTERNET & PHONE CABLE U,1.0
6506,KBW,50 - 54,44.98,44.98,30.0,0.0,RED INTERNET & PHONE CABLE U,0.0
6507,NRW,30 - 34,44.99,44.99,30.0,0.0,GIGAZUHAUSE KABEL,1.0
6508,NRW,60 - 64,44.98,44.98,30.0,0.0,VF CABLEMAX,1.0
6509,NRW,35 - 39,37.98,37.98,168.0,0.0,GIGAZUHAUSE KABEL,0.0
6510,KBW,25 - 29,37.99,37.99,30.0,0.0,VF RIP U-TREUE,1.0
6511,NRW,35 - 39,29.99,29.99,30.0,0.0,VF RIP U-TREUE,0.0
6512,HSN,40 - 44,59.97,44.98,30.0,0.0,VF CABLEMAX,1.0
6513,KBW,35 - 39,44.98,44.98,30.0,0.0,VF CABLEMAX,0.0
6514,KBW,40 - 44,49.97,49.97,30.0,0.0,VF CABLEMAX,1.0
6515,KBW,30 - 34,44.98,44.98,30.0,0.0,RED INTERNET & PHONE CABLE U,1.0
6516,NRW,45 - 49,49.99,49.99,30.0,0.0,GIGAZUHAUSE KABEL,0.0
6517,HSN,35 - 39,42.97,42.97,30.0,0.0,RED INTERNET & PHONE CABLE U,1.0
6518,NRW,65 - 69,61.96,40.98,30.0,0.0,VF RIP U-TREUE,0.0
6519,HSN,55 - 59,42.98,32.99,30.0,0.0,VF RIP U-TREUE,1.0
6520,HSN,35 - 39,29.99,29.99,30.0,0.0,VF RIP U-TREUE,0.0
6521,HSN,75 - 79,39.99,39.99,30.0,0.0,VF RIP U-TREUE,0.0
6522,NRW,25 - 29,39.98,39.98,30.0,0.0,GIGAZUHAUSE KABEL,0.0
6523,HSN,65 - 69,39.98,39.98,30.0,0.0,VF CABLEMAX,0.0
6524,HSN,45 - 49,29.99,29.99,30.0,0.0,VF RIP U-TREUE,1.0
6525,KBW,50 - 54,54.98,54.98,30.0,0.0,VF RIP U-TREUE,0.0
6526,NRW,18 - 24,39.98,39.98,30.0,0.0,RED INTERNET & PHONE CABLE U,1.0
6527,HSN,55 - 59,49.99,49.99,30.0,0.0,GIGAZUHAUSE KABEL,0.0
6528,NRW,45 - 49,39.98,39.98,30.0,0.0,VF CABLEMAX,1.0
6529,KBW,45 - 49,44.98,44.98,30.0,0.0,RED INTERNET & PHONE CABLE U,1.0
6530,KBW,25 - 29,44.99,44.99,162.0,0.0,GIGAZUHAUSE KABEL,1.0
6531,NRW,30 - 34,44.98,55.98,30.0,0.0,VF CABLEMAX,0.0
6532,KBW,25 - 29,54.98,54.98,30.0,0.0,GIGAZUHAUSE KABEL,1.0
6533,NRW,60 - 64,42.98,42.98,30.0,0.0,VF RIP U-TREUE,0.0
6534,NRW,30 - 34,44.98,44.98,30.0,0.0,RED INTERNET & PHONE CABLE U,1.0
6535,KBW,80 and over,41.68,41.68,30.0,0.0,RED INTERNET & PHONE CABLE U,1.0
6536,HSN,60 - 64,66.42,55.42,30.0,0.0,3PLAY COMFORT,0.0
6537,NRW,50 - 54,39.99,39.99,30.0,0.0,VF RIP U-TREUE,1.0
6538,HSN,30 - 34,44.98,44.98,30.0,0.0,RED INTERNET & PHONE CABLE U,1.0
6539,NRW,30 - 34,34.99,34.99,30.0,0.0,RED INTERNET & PHONE CABLE U,1.0
6540,NRW,60 - 64,44.98,44.98,30.0,0.0,VF CABLEMAX,1.0
6541,NRW,45 - 49,34.99,34.99,30.0,0.0,VF RIP U-TREUE,1.0
6542,NRW,55 - 59,39.99,39.99,30.0,0.0,RED INTERNET & PHONE CABLE U,0.0
6543,KBW,45 - 49,44.98,44.98,30.0,0.0,VF CABLEMAX,0.0
6544,HSN,30 - 34,37.99,37.99,30.0,0.0,VF RIP U-TREUE,0.0
6545,NRW,50 - 54,44.98,44.98,30.0,0.0,VF CABLEMAX,0.0
6546,KBW,35 - 39,39.98,39.98,30.0,0.0,VF CABLEMAX,1.0
6547,NRW,25 - 29,39.99,39.99,30.0,0.0,VF RIP U-TREUE,1.0
6548,KBW,60 - 64,52.98,39.99,30.0,0.0,VF RIP U-TREUE,0.0
6549,NRW,65 - 69,39.99,39.99,30.0,0.0,RED INTERNET & PHONE CABLE U,0.0
6550,NRW,30 - 34,19.99,19.99,30.0,0.0,EAZY,0.0
6551,NRW,65 - 69,65.97,44.98,30.0,0.0,VF CABLEMAX,0.0
6552,HSN,55 - 59,39.98,39.98,30.0,0.0,VF RIP U-TREUE,1.0
6553,NRW,40 - 44,29.99,29.99,30.0,0.0,RED INTERNET & PHONE CABLE U,1.0
6554,HSN,25 - 29,39.99,39.99,30.0,0.0,RED INTERNET & PHONE CABLE U,1.0
6555,KBW,40 - 44,37.99,37.99,30.0,0.0,VF RIP U-TREUE,0.0
6556,NRW,55 - 59,34.99,34.99,30.0,0.0,RED INTERNET & PHONE CABLE U,1.0
6557,HSN,30 - 34,54.99,54.99,30.0,0.0,RED INTERNET & PHONE CABLE U,0.0
6558,NRW,30 - 34,44.98,44.98,30.0,0.0,RED INTERNET & PHONE CABLE U,1.0
6559,HSN,55 - 59,65.97,44.98,30.0,0.0,VF CABLEMAX,1.0
6560,KBW,25 - 29,24.99,24.99,30.0,0.0,INTERNET COMFORT,1.0
6561,NRW,18 - 24,44.98,44.98,30.0,0.0,RED INTERNET & PHONE CABLE U,1.0
6562,HSN,50 - 54,49.97,49.97,30.0,0.0,VF CABLEMAX,0.0
6563,NRW,35 - 39,44.98,44.98,30.0,0.0,VF CABLEMAX,0.0
6564,KBW,35 - 39,58.98,58.98,30.0,0.0,RED INTERNET & PHONE CABLE U,0.0
6565,NRW,35 - 39,29.99,29.99,30.0,0.0,RED INTERNET & PHONE CABLE U,0.0
6566,NRW,60 - 64,54.99,54.99,30.0,0.0,RED INTERNET & PHONE CABLE U,1.0
6567,NRW,40 - 44,37.98,37.98,360.0,0.0,GIGAZUHAUSE KABEL,1.0
6568,KBW,70 - 74,47.97,37.98,30.0,0.0,VF RIP U-TREUE,0.0
6569,NRW,35 - 39,39.99,39.99,30.0,0.0,VF RIP U-TREUE,1.0
6570,NRW,40 - 44,34.99,34.99,30.0,0.0,RED INTERNET & PHONE CABLE U,0.0
6571,NRW,55 - 59,59.99,59.99,30.0,0.0,GIGAZUHAUSE KABEL,1.0
6572,KBW,30 - 34,44.98,44.98,30.0,0.0,RED INTERNET & PHONE CABLE U,1.0
6573,NRW,30 - 34,29.99,29.99,30.0,0.0,RED INTERNET & PHONE CABLE U,1.0
6574,KBW,40 - 44,29.99,29.99,30.0,0.0,VF RIP U-TREUE,1.0
6575,KBW,35 - 39,49.99,49.99,30.0,0.0,RED INTERNET & PHONE CABLE U,1.0
6576,KBW,80 and over,0.0,0.0,30.0,0.0,MMA,0.0
6577,NRW,35 - 39,44.98,44.98,30.0,0.0,RED INTERNET & PHONE CABLE U,1.0
6578,NRW,40 - 44,47.96,42.97,30.0,0.0,3PLAY START,1.0
6579,NRW,75 - 79,34.99,34.99,30.0,0.0,RED INTERNET & PHONE CABLE U,0.0
6580,NRW,25 - 29,49.99,49.99,30.0,0.0,RED INTERNET & PHONE CABLE U,1.0
6581,HSN,55 - 59,42.98,42.98,30.0,0.0,VF RIP U-TREUE,1.0
6582,NRW,65 - 69,54.97,54.97,30.0,0.0,GIGAZUHAUSE KABEL,0.0
6583,NRW,40 - 44,62.97,42.98,30.0,0.0,VF RIP U-TREUE,0.0
6584,NRW,35 - 39,32.99,32.99,30.0,0.0,VF RIP U-TREUE,1.0
6585,HSN,55 - 59,24.99,24.99,30.0,0.0,INTERNET COMFORT,0.0
6586,KBW,60 - 64,64.96,44.98,30.0,0.0,VF CABLEMAX,0.0
6587,NRW,40 - 44,34.99,34.99,30.0,0.0,RED INTERNET & PHONE CABLE U,0.0
6588,KBW,80 and over,33.74,33.74,30.0,0.0,RED INTERNET & PHONE CABLE U,0.0
6589,NRW,35 - 39,34.99,34.99,30.0,0.0,VF RIP U-TREUE,0.0
6590,NRW,35 - 39,29.99,29.99,30.0,0.0,VF RIP U-TREUE,0.0
6591,NRW,55 - 59,34.99,34.99,30.0,0.0,RED INTERNET & PHONE CABLE U,0.0
6592,NRW,35 - 39,39.98,39.98,182.0,0.0,GIGAZUHAUSE KABEL,1.0
6593,KBW,80 and over,39.99,39.99,30.0,0.0,RED INTERNET & PHONE CABLE U,1.0
6594,KBW,75 - 79,40.97,40.97,30.0,0.0,2PLAY TREUE,1.0
6595,NRW,30 - 34,29.99,29.99,30.0,0.0,RIP CABLE U TREUE,1.0
6596,KBW,25 - 29,34.99,34.99,30.0,0.0,VF RIP U-TREUE,0.0
6597,NRW,25 - 29,34.99,34.99,30.0,0.0,RED INTERNET & PHONE CABLE U,1.0
6598,NRW,60 - 64,39.99,39.99,30.0,0.0,RED INTERNET & PHONE CABLE U,0.0
6599,NRW,35 - 39,54.99,54.99,30.0,0.0,RED INTERNET & PHONE CABLE U,1.0
6600,KBW,65 - 69,34.99,34.99,30.0,0.0,RED INTERNET & PHONE CABLE U,0.0
6601,KBW,40 - 44,44.98,44.98,30.0,0.0,VF CABLEMAX,1.0
6602,KBW,60 - 64,39.98,39.98,597.0,0.0,GIGAZUHAUSE KABEL,0.0
6603,KBW,55 - 59,44.98,44.98,30.0,0.0,VF CABLEMAX,0.0
6604,NRW,55 - 59,39.99,39.99,30.0,0.0,VF RIP U-TREUE,0.0
6605,HSN,50 - 54,44.98,44.98,30.0,0.0,VF CABLEMAX,0.0
6606,KBW,25 - 29,44.98,44.98,30.0,0.0,VF CABLEMAX,1.0
6607,KBW,45 - 49,47.97,37.99,30.0,0.0,VF RIP U-TREUE,1.0
6608,NRW,60 - 64,69.96,39.98,30.0,0.0,VF CABLEMAX,0.0
6609,KBW,60 - 64,54.99,54.99,30.0,0.0,RED INTERNET & PHONE CABLE U,0.0
6610,NRW,30 - 34,52.97,52.97,30.0,0.0,GIGAZUHAUSE KABEL,0.0
6611,NRW,40 - 44,44.99,44.99,135.0,0.0,GIGAZUHAUSE KABEL,1.0
6612,NRW,35 - 39,37.99,37.99,30.0,0.0,VF RIP U-TREUE,0.0
6613,KBW,45 - 49,44.98,44.98,30.0,0.0,VF CABLEMAX,0.0
6614,NRW,50 - 54,47.99,47.99,30.0,0.0,VF RIP U-TREUE,0.0
6615,NRW,65 - 69,34.99,34.99,30.0,0.0,RED INTERNET & PHONE CABLE U,1.0
6616,HSN,45 - 49,39.99,39.99,30.0,0.0,RED INTERNET & PHONE CABLE U,0.0
6617,NRW,50 - 54,39.98,39.98,30.0,0.0,RED INTERNET & PHONE CABLE U,1.0
6618,NRW,25 - 29,34.99,34.99,30.0,0.0,GIGAZUHAUSE KABEL,0.0
6619,NRW,35 - 39,39.99,39.99,30.0,0.0,RED INTERNET & PHONE CABLE U,1.0
6620,NRW,30 - 34,29.99,29.99,30.0,0.0,VF RIP U-TREUE,1.0
6621,NRW,45 - 49,34.99,34.99,30.0,0.0,RED INTERNET & PHONE CABLE U,0.0
6622,NRW,50 - 54,69.96,44.98,30.0,0.0,3PLAY TREUE,1.0
6623,NRW,30 - 34,39.99,39.99,30.0,0.0,VF RIP U-TREUE,0.0
6624,KBW,50 - 54,29.99,29.99,30.0,0.0,VF RIP U-TREUE,0.0
6625,NRW,60 - 64,34.99,34.99,30.0,0.0,RED INTERNET & PHONE CABLE U,0.0
6626,HSN,25 - 29,39.99,39.99,30.0,0.0,RED INTERNET & PHONE CABLE U,0.0
6627,KBW,35 - 39,54.99,54.99,30.0,0.0,RED INTERNET & PHONE CABLE U,0.0
6628,KBW,35 - 39,37.97,37.97,30.0,0.0,GIGAZUHAUSE KABEL,0.0
6629,NRW,50 - 54,49.99,49.99,30.0,0.0,RED INTERNET & PHONE CABLE U,1.0
6630,NRW,25 - 29,39.99,39.99,30.0,0.0,RED INTERNET & PHONE CABLE U,1.0
6631,KBW,75 - 79,34.99,34.99,528.0,0.0,GIGAZUHAUSE TREUE C,0.0
6632,NRW,80 and over,44.99,44.99,30.0,0.0,RED INTERNET & PHONE CABLE U,1.0
6633,NRW,25 - 29,49.97,49.97,30.0,0.0,VF CABLEMAX,1.0
6634,HSN,35 - 39,39.98,39.98,157.0,0.0,GIGAZUHAUSE KABEL,1.0
6635,NRW,80 and over,39.99,39.99,30.0,0.0,VF RIP U-TREUE,0.0
6636,NRW,80 and over,44.98,44.98,30.0,0.0,VF CABLEMAX,0.0
6637,NRW,45 - 49,39.98,39.98,30.0,0.0,VF CABLEMAX,0.0
6638,NRW,40 - 44,39.99,39.99,30.0,0.0,RED INTERNET & PHONE CABLE U,1.0
6639,NRW,65 - 69,34.99,34.99,30.0,0.0,RED INTERNET & PHONE CABLE U,1.0
6640,NRW,65 - 69,32.99,32.99,30.0,0.0,VF RIP U-TREUE,0.0
6641,NRW,45 - 49,44.98,44.98,30.0,0.0,RED INTERNET & PHONE CABLE U,1.0
6642,HSN,65 - 69,61.96,40.86,30.0,0.0,3PLAY SMART,1.0
6643,NRW,70 - 74,34.99,34.99,30.0,0.0,RED INTERNET & PHONE CABLE U,1.0
6644,NRW,40 - 44,52.98,52.98,30.0,0.0,GIGAZUHAUSE KABEL,1.0
6645,NRW,30 - 34,34.99,34.99,30.0,0.0,RED INTERNET & PHONE CABLE U,1.0
6646,NRW,40 - 44,49.99,49.99,30.0,0.0,VF RIP U-TREUE,1.0
6647,NRW,55 - 59,29.99,29.99,30.0,0.0,VF RIP U-TREUE,1.0
6648,NRW,35 - 39,54.99,54.99,30.0,0.0,RED INTERNET & PHONE CABLE U,0.0
6649,NRW,35 - 39,44.98,44.98,30.0,0.0,VF CABLEMAX,1.0
6650,KBW,55 - 59,29.99,29.99,30.0,0.0,RED INTERNET & PHONE CABLE U,0.0
6651,NRW,40 - 44,32.99,32.99,30.0,0.0,VF RIP U-TREUE,0.0
6652,NRW,30 - 34,34.99,34.99,30.0,0.0,RED INTERNET & PHONE CABLE U,0.0
6653,NRW,35 - 39,54.99,54.99,30.0,0.0,RED INTERNET & PHONE CABLE U,1.0
6654,NRW,45 - 49,47.99,47.99,30.0,0.0,VF RIP U-TREUE,1.0
6655,NRW,80 and over,35.98,35.97,30.0,0.0,RED INTERNET & PHONE CABLE U,0.0
6656,NRW,35 - 39,34.99,34.99,30.0,0.0,RED INTERNET & PHONE CABLE U,0.0
6657,KBW,70 - 74,52.96,37.97,30.0,0.0,VF RIP U-TREUE,1.0
6658,NRW,30 - 34,34.99,34.99,30.0,0.0,RED INTERNET & PHONE CABLE U,1.0
6659,KBW,40 - 44,39.99,39.99,30.0,0.0,VF RIP U-TREUE,0.0
6660,NRW,45 - 49,44.98,44.98,30.0,1.0,VF CABLEMAX,0.0
6661,HSN,45 - 49,49.99,49.99,30.0,0.0,GIGAZUHAUSE KABEL,0.0
6662,NRW,75 - 79,49.99,49.99,30.0,0.0,GIGAZUHAUSE KABEL,1.0
6663,KBW,30 - 34,34.99,34.99,30.0,0.0,RED INTERNET & PHONE CABLE U,1.0
6664,KBW,30 - 34,44.98,44.98,30.0,0.0,RED INTERNET & PHONE CABLE U,1.0
6665,NRW,65 - 69,49.99,49.99,30.0,0.0,VF RIP U-TREUE,1.0
6666,NRW,60 - 64,52.96,52.96,30.0,0.0,VF CABLEMAX,1.0
6667,HSN,35 - 39,49.99,49.99,30.0,0.0,RED INTERNET & PHONE CABLE U,0.0
6668,HSN,45 - 49,29.99,29.99,30.0,0.0,VF RIP U-TREUE,0.0
6669,NRW,70 - 74,37.98,37.98,30.0,0.0,VF RIP U-TREUE,1.0
6670,KBW,30 - 34,52.96,49.97,30.0,0.0,VF RIP U-TREUE,1.0
6671,NRW,50 - 54,44.98,44.98,30.0,0.0,RED INTERNET & PHONE CABLE U,0.0
6672,KBW,30 - 34,39.98,39.98,95.0,0.0,VF CABLEMAX,0.0
6673,NRW,30 - 34,24.99,24.99,30.0,0.0,VF RIP U-TREUE,0.0
6674,NRW,30 - 34,29.99,29.99,30.0,0.0,VF RIP U-TREUE,1.0
6675,NRW,65 - 69,49.97,49.97,30.0,0.0,VF CABLEMAX,1.0
6676,HSN,45 - 49,29.99,29.99,30.0,0.0,VF RIP U-TREUE,0.0
6677,NRW,30 - 34,24.99,24.99,135.0,1.0,GIGAZUHAUSE TREUE C,0.0
6678,KBW,55 - 59,67.95,37.98,30.0,0.0,VF RIP U-TREUE,0.0
6679,NRW,60 - 64,34.99,34.99,30.0,0.0,RED INTERNET & PHONE CABLE U,0.0
6680,NRW,25 - 29,48.97,48.97,30.0,0.0,RED INTERNET & PHONE CABLE U,1.0
6681,NRW,75 - 79,27.99,27.99,30.0,0.0,VF RIP U-TREUE,1.0
6682,NRW,30 - 34,39.99,39.99,30.0,0.0,RED INTERNET & PHONE CABLE U,0.0
6683,HSN,60 - 64,29.99,29.99,30.0,0.0,VF RIP U-TREUE,0.0
6684,KBW,40 - 44,42.98,42.98,30.0,0.0,VF RIP U-TREUE,1.0
6685,NRW,75 - 79,58.98,58.98,30.0,0.0,RED INTERNET & PHONE CABLE U,1.0
6686,NRW,50 - 54,49.99,49.99,30.0,0.0,RED INTERNET & PHONE CABLE U,1.0
6687,KBW,50 - 54,49.99,49.99,30.0,0.0,RED INTERNET & PHONE CABLE U,0.0
6688,NRW,40 - 44,39.98,39.98,30.0,0.0,GIGAZUHAUSE TREUE B,0.0
6689,NRW,50 - 54,49.98,49.98,30.0,0.0,TREUEPLUS,0.0
6690,NRW,30 - 34,39.99,39.99,30.0,0.0,VF RIP U-TREUE,1.0
6691,HSN,55 - 59,34.99,34.99,30.0,0.0,RED INTERNET & PHONE CABLE U,0.0
6692,NRW,55 - 59,72.96,47.98,30.0,0.0,VF RIP U-TREUE,1.0
6693,NRW,40 - 44,39.99,39.99,30.0,0.0,VF RIP U-TREUE,0.0
6694,NRW,40 - 44,59.99,59.99,591.0,0.0,GIGAZUHAUSE KABEL,0.0
6695,NRW,30 - 34,34.99,34.99,30.0,0.0,RED INTERNET & PHONE CABLE U,0.0
6696,NRW,35 - 39,34.99,34.99,30.0,1.0,RED INTERNET & PHONE CABLE U,1.0
6697,KBW,45 - 49,44.98,44.98,30.0,0.0,RED INTERNET & PHONE CABLE U,1.0
6698,NRW,50 - 54,44.98,44.98,30.0,0.0,RED INTERNET & PHONE CABLE U,1.0
6699,NRW,50 - 54,49.97,49.97,30.0,0.0,VF CABLEMAX,1.0
6700,KBW,60 - 64,29.99,29.99,30.0,0.0,VF RIP U-TREUE,1.0
6701,NRW,50 - 54,49.98,49.98,288.0,0.0,GIGAZUHAUSE TREUE B,0.0
6702,NRW,75 - 79,78.95,49.97,30.0,0.0,VF CABLEMAX,0.0
6703,NRW,40 - 44,44.98,44.98,30.0,0.0,RED INTERNET & PHONE CABLE U,1.0
6704,NRW,60 - 64,63.96,42.97,30.0,0.0,3PLAY START,1.0
6705,HSN,60 - 64,54.98,54.98,30.0,0.0,RED INTERNET & PHONE CABLE U,0.0
6706,NRW,40 - 44,39.99,39.99,30.0,0.0,RED INTERNET & PHONE CABLE U,1.0
6707,NRW,60 - 64,34.99,34.99,30.0,0.0,GIGAZUHAUSE KABEL,0.0
6708,KBW,55 - 59,49.97,39.98,30.0,0.0,VF CABLEMAX,0.0
6709,NRW,35 - 39,54.98,54.98,30.0,1.0,RED INTERNET & PHONE CABLE U,1.0
6710,NRW,50 - 54,60.97,39.99,30.0,0.0,VF RIP U-TREUE,0.0
6711,NRW,30 - 34,44.98,44.98,30.0,0.0,RED INTERNET & PHONE CABLE U,1.0
6712,NRW,40 - 44,39.99,39.99,30.0,0.0,RED INTERNET & PHONE CABLE U,1.0
6713,NRW,45 - 49,49.99,49.99,30.0,0.0,RED INTERNET & PHONE CABLE U,0.0
6714,HSN,30 - 34,39.99,39.99,30.0,0.0,RED INTERNET & PHONE CABLE U,0.0
6715,KBW,50 - 54,61.97,40.98,30.0,0.0,GIGAZUHAUSE KABEL,1.0
6716,NRW,35 - 39,60.86,39.98,583.0,0.0,GIGAZUHAUSE KABEL,0.0
6717,NRW,60 - 64,29.99,29.99,30.0,0.0,INTERNET PREMIUM,1.0
6718,NRW,60 - 64,44.98,44.98,30.0,0.0,VF CABLEMAX,1.0
6719,NRW,80 and over,50.98,29.99,30.0,0.0,VF RIP U-TREUE,1.0
6720,KBW,30 - 34,44.98,44.98,30.0,0.0,VF CABLEMAX,0.0
6721,KBW,30 - 34,39.99,39.99,30.0,0.0,RED INTERNET & PHONE CABLE U,0.0
6722,NRW,65 - 69,65.97,44.98,30.0,0.0,VF CABLEMAX,0.0
6723,NRW,65 - 69,47.98,47.98,122.0,0.0,GIGAZUHAUSE KABEL,0.0
6724,KBW,35 - 39,44.98,44.98,30.0,0.0,RED INTERNET & PHONE CABLE U,1.0
6725,HSN,70 - 74,49.99,49.99,30.0,0.0,GIGAZUHAUSE KABEL,0.0
6726,NRW,80 and over,52.96,42.97,30.0,0.0,VF RIP U-TREUE,0.0
6727,KBW,30 - 34,44.98,44.98,39.0,0.0,VF CABLEMAX,0.0
6728,HSN,25 - 29,44.98,44.98,30.0,0.0,RED INTERNET & PHONE CABLE U,1.0
6729,KBW,75 - 79,42.97,42.97,214.0,0.0,GIGAZUHAUSE KABEL,1.0
6730,KBW,25 - 29,44.98,44.98,30.0,0.0,RED INTERNET & PHONE CABLE U,1.0
6731,KBW,60 - 64,34.99,34.99,30.0,0.0,RED INTERNET & PHONE CABLE U,1.0
6732,KBW,60 - 64,49.97,49.97,30.0,0.0,VF CABLEMAX,1.0
6733,NRW,80 and over,44.98,44.98,30.0,0.0,VF CABLEMAX,1.0
6734,NRW,45 - 49,29.99,29.99,30.0,0.0,VF RIP U-TREUE,1.0
6735,NRW,30 - 34,37.99,37.99,30.0,0.0,VF RIP U-TREUE,1.0
6736,KBW,30 - 34,39.99,39.99,30.0,0.0,RED INTERNET & PHONE CABLE U,1.0
6737,NRW,25 - 29,34.99,34.99,30.0,0.0,RED INTERNET & PHONE CABLE U,1.0
6738,NRW,40 - 44,54.99,54.99,30.0,0.0,RED INTERNET & PHONE CABLE U,0.0
6739,NRW,18 - 24,38.98,38.98,30.0,0.0,RED INTERNET & PHONE CABLE U,0.0
6740,KBW,80 and over,45.89,45.38,30.0,0.0,3PLAY JUMP,0.0
6741,NRW,50 - 54,44.98,44.98,30.0,0.0,RED INTERNET & PHONE CABLE U,0.0
6742,KBW,30 - 34,54.99,54.99,30.0,0.0,RED INTERNET & PHONE CABLE U,0.0
6743,NRW,35 - 39,37.99,37.99,30.0,0.0,VF RIP U-TREUE,1.0
6744,NRW,65 - 69,27.99,27.99,30.0,0.0,VF RIP U-TREUE,1.0
6745,NRW,30 - 34,44.98,44.98,30.0,0.0,VF CABLEMAX,0.0
6746,NRW,40 - 44,32.99,32.99,30.0,0.0,VF RIP U-TREUE,1.0
6747,KBW,40 - 44,29.99,29.99,30.0,0.0,RED INTERNET & PHONE CABLE U,1.0
6748,HSN,45 - 49,44.98,44.98,30.0,0.0,VF CABLEMAX,0.0
6749,NRW,45 - 49,52.99,52.99,30.0,0.0,RED INTERNET & PHONE CABLE U,0.0
6750,NRW,55 - 59,37.99,37.99,30.0,0.0,VF RIP U-TREUE,1.0
6751,KBW,60 - 64,68.95,47.97,30.0,0.0,RED INTERNET & PHONE CABLE U,0.0
6752,NRW,45 - 49,34.99,34.99,30.0,0.0,VF RIP U-TREUE,1.0
6753,KBW,65 - 69,59.98,59.98,30.0,0.0,RED INTERNET & PHONE CABLE U,1.0
6754,NRW,30 - 34,34.99,34.99,30.0,0.0,RED INTERNET & PHONE CABLE U,0.0
6755,NRW,70 - 74,39.99,39.99,30.0,0.0,RED INTERNET & PHONE CABLE U,1.0
6756,NRW,35 - 39,29.99,29.99,30.0,0.0,VF RIP U-TREUE,1.0
6757,NRW,18 - 24,42.97,42.97,30.0,0.0,GIGAZUHAUSE KABEL,0.0
6758,NRW,30 - 34,32.99,32.99,30.0,0.0,VF RIP U-TREUE,1.0
6759,KBW,50 - 54,74.95,47.96,30.0,0.0,3PLAY PLUS MTA,1.0
6760,NRW,45 - 49,44.98,44.98,30.0,0.0,VF CABLEMAX,0.0
6761,NRW,30 - 34,39.99,39.99,92.0,0.0,VF CABLEMAX,0.0
6762,KBW,35 - 39,39.98,39.98,30.0,0.0,VF CABLEMAX,1.0
6763,NRW,50 - 54,37.99,37.99,30.0,0.0,VF RIP U-TREUE,0.0
6764,KBW,55 - 59,54.99,54.99,30.0,0.0,RED INTERNET & PHONE CABLE U,0.0
6765,KBW,65 - 69,24.99,24.99,30.0,0.0,INTERNET COMFORT,0.0
6766,HSN,40 - 44,47.99,47.99,30.0,0.0,GIGAZUHAUSE KABEL,0.0
6767,NRW,30 - 34,39.99,39.99,30.0,0.0,RED INTERNET & PHONE CABLE U,0.0
6768,KBW,30 - 34,39.99,39.99,30.0,0.0,VF CABLEMAX,0.0
6769,KBW,18 - 24,39.99,39.99,30.0,0.0,RED INTERNET & PHONE CABLE U,1.0
6770,KBW,50 - 54,49.97,49.97,30.0,0.0,VF CABLEMAX,0.0
6771,NRW,70 - 74,34.99,34.99,30.0,0.0,RED INTERNET & PHONE CABLE U,0.0
6772,KBW,35 - 39,33.98,33.98,30.0,0.0,RED INTERNET & PHONE CABLE U,1.0
6773,NRW,40 - 44,44.98,44.98,30.0,0.0,VF CABLEMAX,0.0
6774,NRW,35 - 39,39.99,39.99,30.0,0.0,RED INTERNET & PHONE CABLE U,1.0
6775,HSN,30 - 34,34.99,34.99,30.0,0.0,RED INTERNET & PHONE CABLE U,0.0
6776,NRW,80 and over,65.95,44.98,30.0,0.0,RED INTERNET & PHONE CABLE U,1.0
6777,NRW,40 - 44,39.99,39.99,30.0,0.0,RED INTERNET & PHONE CABLE U,0.0
6778,NRW,45 - 49,44.98,44.98,30.0,0.0,RED INTERNET & PHONE CABLE U,1.0
6779,NRW,30 - 34,29.99,29.99,30.0,0.0,RED INTERNET & PHONE CABLE U,0.0
6780,NRW,70 - 74,49.99,49.99,30.0,0.0,RED INTERNET & PHONE CABLE U,1.0
6781,NRW,25 - 29,39.99,39.99,30.0,0.0,RED INTERNET & PHONE CABLE U,1.0
6782,NRW,60 - 64,64.96,44.98,30.0,0.0,VF CABLEMAX,1.0
6783,KBW,40 - 44,34.99,34.99,30.0,0.0,RED INTERNET & PHONE CABLE U,1.0
6784,HSN,45 - 49,34.99,34.99,30.0,0.0,RED INTERNET & PHONE CABLE U,0.0
6785,KBW,60 - 64,42.97,42.97,30.0,0.0,RED INTERNET & PHONE CABLE U,1.0
6786,KBW,65 - 69,54.98,54.98,30.0,0.0,GIGAZUHAUSE KABEL,0.0
6787,NRW,50 - 54,29.99,29.99,30.0,0.0,VF RIP U-TREUE,1.0
6788,HSN,50 - 54,43.98,43.98,30.0,0.0,RED INTERNET & PHONE CABLE U,0.0
6789,NRW,30 - 34,44.98,44.98,30.0,0.0,VF CABLEMAX,0.0
6790,KBW,40 - 44,34.99,34.99,30.0,0.0,RED INTERNET & PHONE CABLE U,0.0
6791,KBW,60 - 64,37.99,37.99,30.0,0.0,VF RIP U-TREUE,0.0
6792,NRW,35 - 39,34.99,34.99,30.0,0.0,RED INTERNET & PHONE CABLE U,0.0
6793,NRW,40 - 44,49.99,49.99,30.0,0.0,GIGAZUHAUSE KABEL,0.0
6794,KBW,35 - 39,34.99,34.99,30.0,0.0,RED INTERNET & PHONE CABLE U,1.0
6795,NRW,30 - 34,44.98,44.98,30.0,0.0,VF CABLEMAX,0.0
6796,NRW,40 - 44,34.99,34.99,30.0,0.0,RED INTERNET & PHONE CABLE U,0.0
6797,KBW,30 - 34,44.98,44.98,30.0,0.0,VF CABLEMAX,1.0
6798,KBW,55 - 59,39.99,39.99,30.0,0.0,VF RIP U-TREUE,1.0
6799,HSN,25 - 29,44.98,44.98,30.0,0.0,RED INTERNET & PHONE CABLE U,1.0
6800,NRW,45 - 49,44.98,44.98,30.0,0.0,VF CABLEMAX,0.0
6801,NRW,80 and over,35.98,35.98,30.0,0.0,RED INTERNET & PHONE CABLE U,0.0
6802,NRW,25 - 29,39.98,39.98,30.0,0.0,RED INTERNET & PHONE CABLE U,1.0
6803,KBW,25 - 29,58.14,58.77,30.0,0.0,3PLAY JUMP,1.0
6804,NRW,50 - 54,39.99,39.99,30.0,0.0,VF RIP U-TREUE,0.0
6805,KBW,50 - 54,43.98,43.98,30.0,0.0,RED INTERNET & PHONE CABLE U,0.0
6806,NRW,45 - 49,48.97,48.97,30.0,0.0,VF CABLEMAX,0.0
6807,NRW,30 - 34,39.98,39.98,162.0,0.0,GIGAZUHAUSE KABEL,0.0
6808,NRW,30 - 34,44.98,44.98,30.0,0.0,RED INTERNET & PHONE CABLE U,0.0
6809,KBW,25 - 29,52.99,52.99,30.0,0.0,GIGAZUHAUSE KABEL,1.0
6810,NRW,35 - 39,39.99,39.99,30.0,0.0,VF RIP U-TREUE,0.0
6811,NRW,80 and over,39.99,39.99,30.0,0.0,VF RIP U-TREUE,0.0
6812,KBW,25 - 29,48.97,48.97,30.0,0.0,RED INTERNET & PHONE CABLE U,1.0
6813,NRW,25 - 29,39.98,39.98,30.0,0.0,GIGAZUHAUSE KABEL,0.0
6814,NRW,55 - 59,34.99,34.99,30.0,0.0,RED INTERNET & PHONE CABLE U,0.0
6815,NRW,60 - 64,63.96,48.97,30.0,0.0,VF CABLEMAX,1.0
6816,NRW,60 - 64,44.98,44.98,30.0,0.0,VF CABLEMAX,1.0
6817,NRW,40 - 44,39.98,39.98,123.0,0.0,GIGAZUHAUSE KABEL,1.0
6818,KBW,70 - 74,54.97,34.99,30.0,0.0,RED INTERNET & PHONE CABLE U,1.0
6819,NRW,35 - 39,29.99,29.99,30.0,0.0,RED INTERNET & PHONE CABLE U,0.0
6820,KBW,35 - 39,44.98,44.98,30.0,0.0,VF CABLEMAX,0.0
6821,NRW,50 - 54,44.98,44.98,30.0,0.0,VF CABLEMAX,0.0
6822,KBW,35 - 39,54.99,54.99,30.0,0.0,RED INTERNET & PHONE CABLE U,0.0
6823,KBW,40 - 44,24.99,24.99,30.0,0.0,INTERNET COMFORT,0.0
6824,NRW,55 - 59,43.98,43.98,30.0,0.0,RED INTERNET & PHONE CABLE U,1.0
6825,KBW,65 - 69,49.99,49.99,30.0,0.0,RED INTERNET & PHONE CABLE U,1.0
6826,KBW,45 - 49,44.98,44.98,30.0,0.0,VF CABLEMAX,1.0
6827,KBW,30 - 34,52.96,42.98,30.0,0.0,VF RIP U-TREUE,0.0
6828,NRW,45 - 49,22.98,35.98,30.0,0.0,VF RIP U-TREUE,0.0
6829,HSN,30 - 34,54.98,54.98,30.0,0.0,GIGAZUHAUSE KABEL,1.0
6830,KBW,60 - 64,47.99,37.99,30.0,0.0,VF RIP U-TREUE,0.0
6831,NRW,60 - 64,39.98,39.98,30.0,0.0,RED INTERNET & PHONE CABLE U,0.0
6832,NRW,55 - 59,32.99,32.99,30.0,0.0,VF RIP U-TREUE,1.0
6833,NRW,60 - 64,49.99,49.99,30.0,0.0,RED INTERNET & PHONE CABLE U,1.0
6834,NRW,35 - 39,44.98,44.98,30.0,0.0,VF CABLEMAX,1.0
6835,NRW,55 - 59,54.97,44.98,30.0,0.0,VF CABLEMAX,0.0
6836,NRW,45 - 49,57.98,32.99,30.0,0.0,VF RIP U-TREUE,0.0
6837,HSN,30 - 34,39.99,39.99,30.0,0.0,RED INTERNET & PHONE CABLE U,1.0
6838,KBW,60 - 64,49.99,49.99,30.0,0.0,VF RIP U-TREUE,1.0
6839,KBW,25 - 29,44.98,44.98,30.0,0.0,VF CABLEMAX,1.0
6840,HSN,60 - 64,69.96,49.97,30.0,0.0,VF CABLEMAX,1.0
6841,NRW,40 - 44,44.98,44.98,30.0,0.0,VF CABLEMAX,0.0
6842,NRW,35 - 39,39.99,39.99,30.0,0.0,RED INTERNET & PHONE CABLE U,0.0
6843,KBW,18 - 24,29.99,29.99,30.0,0.0,INTERNET PREMIUM,0.0
6844,NRW,80 and over,25.0,25.0,30.0,0.0,RED INTERNET & PHONE CABLE U,0.0
6845,NRW,70 - 74,69.96,44.98,30.0,0.0,RED INTERNET & PHONE CABLE U,1.0
6846,KBW,25 - 29,34.99,34.99,30.0,0.0,RED INTERNET & PHONE CABLE U,1.0
6847,NRW,55 - 59,34.99,34.99,30.0,0.0,RED INTERNET & PHONE CABLE U,0.0
6848,KBW,30 - 34,47.99,47.99,30.0,0.0,VF RIP U-TREUE,1.0
6849,NRW,40 - 44,37.98,37.98,277.0,0.0,GIGAZUHAUSE TREUE B,0.0
6850,NRW,40 - 44,44.98,44.98,30.0,0.0,VF CABLEMAX,0.0
6851,KBW,45 - 49,44.98,44.98,30.0,0.0,RED INTERNET & PHONE CABLE U,0.0
6852,KBW,45 - 49,52.98,52.98,30.0,0.0,GIGAZUHAUSE KABEL,1.0
6853,NRW,50 - 54,58.97,58.97,30.0,0.0,RED INTERNET & PHONE CABLE U,1.0
6854,NRW,55 - 59,19.99,19.99,30.0,0.0,EAZY,0.0
6855,KBW,25 - 29,34.99,34.99,30.0,0.0,RED INTERNET & PHONE CABLE U,0.0
6856,NRW,60 - 64,67.96,57.97,30.0,0.0,3PLAY SMART,1.0
6857,NRW,18 - 24,39.98,39.98,30.0,0.0,VF CABLEMAX,1.0
6858,NRW,35 - 39,34.99,34.99,30.0,0.0,GIGAZUHAUSE KABEL,1.0
6859,KBW,35 - 39,69.98,49.99,30.0,0.0,RED INTERNET & PHONE CABLE U,0.0
6860,NRW,80 and over,44.98,44.98,30.0,0.0,VF CABLEMAX,0.0
6861,KBW,40 - 44,54.99,54.99,30.0,0.0,RED INTERNET & PHONE CABLE U,0.0
6862,NRW,60 - 64,39.99,39.99,30.0,0.0,VF RIP U-TREUE,0.0
6863,HSN,35 - 39,34.99,34.99,30.0,0.0,RED INTERNET & PHONE CABLE U,1.0
6864,NRW,25 - 29,39.99,39.99,30.0,0.0,VF RIP U-TREUE,1.0
6865,NRW,35 - 39,39.99,39.99,30.0,0.0,VF RIP U-TREUE,0.0
6866,NRW,45 - 49,39.99,39.99,30.0,0.0,VF RIP U-TREUE,0.0
6867,NRW,50 - 54,74.95,39.99,30.0,0.0,VF RIP U-TREUE,0.0
6868,NRW,55 - 59,39.98,39.98,30.0,0.0,RED INTERNET & PHONE CABLE U,0.0
6869,KBW,40 - 44,29.99,29.99,30.0,0.0,VF RIP U-TREUE,1.0
6870,HSN,55 - 59,29.98,29.98,30.0,0.0,RED INTERNET & PHONE CABLE U,1.0
6871,NRW,80 and over,34.99,34.99,30.0,0.0,VF RIP U-TREUE,0.0
6872,HSN,60 - 64,60.98,39.99,30.0,0.0,VF RIP U-TREUE,0.0
6873,KBW,35 - 39,39.98,39.98,30.0,0.0,VF CABLEMAX,1.0
6874,KBW,18 - 24,34.99,34.99,30.0,0.0,RED INTERNET & PHONE CABLE U,1.0
6875,NRW,80 and over,32.99,32.99,30.0,0.0,VF RIP U-TREUE,0.0
6876,NRW,40 - 44,65.97,44.98,30.0,0.0,VF RIP U-TREUE,0.0
6877,KBW,75 - 79,34.99,34.99,30.0,0.0,GIGAZUHAUSE KABEL,1.0
6878,KBW,55 - 59,49.99,49.99,30.0,0.0,GIGAZUHAUSE KABEL,0.0
6879,HSN,45 - 49,54.99,54.99,30.0,0.0,RED INTERNET & PHONE CABLE U,1.0
6880,NRW,50 - 54,53.96,53.96,30.0,0.0,VF CABLEMAX,1.0
6881,NRW,70 - 74,42.98,42.98,30.0,0.0,2PLAY PLUS,0.0
6882,NRW,60 - 64,69.84,38.84,30.0,0.0,3PLAY SMART,1.0
6883,NRW,60 - 64,37.99,37.99,30.0,0.0,VF RIP U-TREUE,1.0
6884,KBW,35 - 39,29.99,29.99,30.0,0.0,GIGAZUHAUSE KABEL,1.0
6885,KBW,75 - 79,44.98,35.98,30.0,0.0,RED INTERNET & PHONE CABLE U,0.0
6886,NRW,40 - 44,45.97,29.99,30.0,0.0,VF RIP U-TREUE,0.0
6887,KBW,40 - 44,44.98,44.98,30.0,0.0,VF CABLEMAX,0.0
6888,HSN,55 - 59,42.97,42.97,30.0,0.0,RED INTERNET & PHONE CABLE U,0.0
6889,KBW,40 - 44,29.99,29.99,30.0,0.0,VF RIP U-TREUE,1.0
6890,KBW,40 - 44,44.98,44.98,30.0,0.0,RED INTERNET & PHONE CABLE U,0.0
6891,HSN,30 - 34,54.99,54.99,30.0,0.0,RED INTERNET & PHONE CABLE U,0.0
6892,NRW,25 - 29,39.99,39.99,30.0,0.0,RED INTERNET & PHONE CABLE U,1.0
6893,NRW,30 - 34,46.98,29.99,30.0,0.0,VF RIP U-TREUE,0.0
6894,NRW,35 - 39,39.99,39.99,30.0,0.0,RED INTERNET & PHONE CABLE U,1.0
6895,KBW,25 - 29,44.98,44.98,30.0,0.0,VF CABLEMAX,1.0
6896,NRW,65 - 69,34.99,34.99,304.0,0.0,GIGAZUHAUSE KABEL,0.0
6897,KBW,30 - 34,49.97,49.97,30.0,0.0,VF CABLEMAX,0.0
6898,NRW,30 - 34,49.99,49.99,30.0,0.0,RED INTERNET & PHONE CABLE U,0.0
6899,KBW,25 - 29,48.97,48.97,30.0,0.0,VF CABLEMAX,0.0
6900,KBW,40 - 44,39.98,39.98,122.0,0.0,GIGAZUHAUSE KABEL,1.0
6901,NRW,30 - 34,34.99,34.99,30.0,0.0,RED INTERNET & PHONE CABLE U,1.0
6902,NRW,30 - 34,24.99,24.99,30.0,0.0,INTERNET COMFORT,0.0
6903,NRW,50 - 54,34.99,34.99,30.0,0.0,RED INTERNET & PHONE CABLE U,0.0
6904,NRW,25 - 29,34.99,34.99,30.0,0.0,RED INTERNET & PHONE CABLE U,0.0
6905,NRW,50 - 54,34.99,34.99,30.0,0.0,RED INTERNET & PHONE CABLE U,1.0
6906,KBW,70 - 74,57.97,57.97,30.0,0.0,GIGAZUHAUSE KABEL,1.0
6907,NRW,18 - 24,34.99,34.99,30.0,0.0,RED INTERNET & PHONE CABLE U,1.0
6908,KBW,45 - 49,44.97,44.97,98.0,0.0,VF CABLEMAX,1.0
6909,HSN,35 - 39,44.97,44.97,30.0,0.0,GIGAZUHAUSE KABEL,1.0
6910,NRW,60 - 64,47.96,47.96,30.0,0.0,RED INTERNET & PHONE CABLE U,0.0
6911,KBW,55 - 59,37.98,37.98,30.0,0.0,VF RIP U-TREUE,0.0
6912,KBW,25 - 29,42.97,42.97,30.0,0.0,RED INTERNET & PHONE CABLE U,1.0
6913,NRW,45 - 49,42.97,42.97,30.0,0.0,RED INTERNET & PHONE CABLE U,0.0
6914,NRW,18 - 24,39.98,39.98,30.0,0.0,RED INTERNET & PHONE CABLE U,0.0
6915,NRW,80 and over,60.98,39.99,30.0,0.0,RED INTERNET & PHONE CABLE U,1.0
6916,NRW,35 - 39,44.98,44.98,30.0,0.0,VF CABLEMAX,1.0
6917,NRW,25 - 29,32.99,32.99,30.0,0.0,VF RIP U-TREUE,1.0
6918,NRW,45 - 49,39.99,39.99,30.0,0.0,RED INTERNET & PHONE CABLE U,1.0
6919,NRW,50 - 54,11.98,11.98,30.0,0.0,EAZY,1.0
6920,NRW,55 - 59,44.97,44.97,30.0,0.0,VF CABLEMAX,1.0
6921,NRW,35 - 39,22.99,19.99,199.0,0.0,GIGAZUHAUSE KABEL,1.0
6922,KBW,55 - 59,44.97,34.99,30.0,0.0,RED INTERNET & PHONE CABLE U,1.0
6923,KBW,40 - 44,34.99,34.99,30.0,0.0,RED INTERNET & PHONE CABLE U,0.0
6924,NRW,18 - 24,39.99,39.99,30.0,0.0,RED INTERNET & PHONE CABLE U,1.0
6925,NRW,55 - 59,32.99,32.99,553.0,1.0,GIGAZUHAUSE TREUE B,0.0
6926,NRW,50 - 54,39.99,39.99,30.0,0.0,RED INTERNET & PHONE CABLE U,0.0
6927,NRW,30 - 34,44.98,44.98,30.0,0.0,VF CABLEMAX,1.0
6928,KBW,40 - 44,24.99,24.99,30.0,0.0,VF RIP U-TREUE,0.0
6929,KBW,30 - 34,49.98,49.98,30.0,0.0,VF CABLEMAX,1.0
6930,NRW,65 - 69,42.9,42.9,30.0,0.0,2PLAY,0.0
6931,HSN,45 - 49,39.98,39.98,30.0,0.0,VF CABLEMAX,0.0
6932,NRW,55 - 59,37.98,37.98,30.0,0.0,VF RIP U-TREUE,1.0
6933,KBW,30 - 34,34.99,34.99,30.0,0.0,VF RIP U-TREUE,1.0
6934,NRW,25 - 29,49.99,49.99,30.0,0.0,GIGAZUHAUSE KABEL,1.0
6935,NRW,50 - 54,48.97,48.97,30.0,0.0,VF CABLEMAX,0.0
6936,NRW,35 - 39,39.99,39.99,30.0,0.0,RED INTERNET & PHONE CABLE U,1.0
6937,NRW,55 - 59,39.99,39.99,30.0,0.0,VF RIP U-TREUE,1.0
6938,NRW,30 - 34,34.99,34.99,30.0,0.0,RED INTERNET & PHONE CABLE U,1.0
6939,NRW,60 - 64,47.99,47.99,30.0,0.0,VF RIP U-TREUE,1.0
6940,KBW,35 - 39,74.97,34.99,30.0,0.0,RED INTERNET & PHONE CABLE U,0.0
6941,NRW,60 - 64,39.98,39.98,30.0,0.0,GIGAZUHAUSE KABEL,1.0
6942,KBW,40 - 44,49.99,49.99,30.0,0.0,TREUEPLUS,0.0
6943,NRW,65 - 69,44.98,44.98,30.0,0.0,VF CABLEMAX,1.0
6944,NRW,80 and over,34.99,34.99,30.0,0.0,RED INTERNET & PHONE CABLE U,0.0
6945,NRW,60 - 64,34.99,34.99,30.0,0.0,RED INTERNET & PHONE CABLE U,1.0
6946,KBW,50 - 54,63.97,42.98,30.0,0.0,VF RIP U-TREUE,0.0
6947,NRW,70 - 74,40.97,40.97,553.0,0.0,GIGAZUHAUSE TREUE B,1.0
6948,NRW,30 - 34,42.97,42.97,30.0,0.0,RED INTERNET & PHONE CABLE U,1.0
6949,KBW,25 - 29,39.99,39.99,30.0,0.0,RED INTERNET & PHONE CABLE U,0.0
6950,HSN,35 - 39,39.98,39.98,30.0,1.0,GIGAZUHAUSE KABEL,1.0
6951,NRW,30 - 34,44.98,44.98,30.0,0.0,VF CABLEMAX,0.0
6952,NRW,70 - 74,44.98,44.98,534.0,0.0,VF CABLEMAX,1.0
6953,NRW,45 - 49,64.96,44.98,653.0,0.0,VF CABLEMAX,0.0
6954,KBW,18 - 24,44.98,44.98,30.0,0.0,VF CABLEMAX,1.0
6955,KBW,50 - 54,34.99,34.99,30.0,0.0,RED INTERNET & PHONE CABLE U,1.0
6956,NRW,18 - 24,44.98,44.98,30.0,0.0,RED INTERNET & PHONE CABLE U,1.0
6957,NRW,65 - 69,39.99,39.99,30.0,0.0,RED INTERNET & PHONE CABLE U,0.0
6958,NRW,35 - 39,49.99,49.99,30.0,0.0,VF RIP U-TREUE,1.0
6959,NRW,50 - 54,65.97,44.98,30.0,0.0,RED INTERNET & PHONE CABLE U,1.0
6960,NRW,25 - 29,24.99,24.99,30.0,0.0,INTERNET COMFORT,0.0
6961,KBW,18 - 24,39.99,39.99,30.0,0.0,RED INTERNET & PHONE CABLE U,0.0
6962,HSN,40 - 44,45.98,27.99,696.0,0.0,GIGAZUHAUSE TREUE B,0.0
6963,NRW,25 - 29,34.99,34.99,30.0,0.0,RED INTERNET & PHONE CABLE U,1.0
6964,KBW,55 - 59,52.96,52.96,98.0,0.0,VF CABLEMAX,1.0
6965,KBW,30 - 34,34.99,34.99,30.0,0.0,RED INTERNET & PHONE CABLE U,1.0
6966,KBW,25 - 29,39.99,39.99,30.0,0.0,VF RIP U-TREUE,1.0
6967,NRW,25 - 29,44.98,44.98,30.0,1.0,VF CABLEMAX,1.0
6968,NRW,55 - 59,52.97,39.98,176.0,0.0,GIGAZUHAUSE KABEL,1.0
6969,KBW,45 - 49,44.98,44.98,30.0,0.0,VF CABLEMAX,0.0
6970,KBW,35 - 39,44.98,44.98,30.0,0.0,RED INTERNET & PHONE CABLE U,1.0
6971,NRW,25 - 29,49.97,49.97,30.0,0.0,VF CABLEMAX,1.0
6972,NRW,45 - 49,39.99,39.99,30.0,0.0,RED INTERNET & PHONE CABLE U,1.0
6973,HSN,50 - 54,69.96,54.98,30.0,0.0,RED INTERNET & PHONE CABLE U,1.0
6974,KBW,30 - 34,39.99,39.99,30.0,0.0,RED INTERNET & PHONE CABLE U,0.0
6975,HSN,40 - 44,44.97,44.97,30.0,0.0,VF CABLEMAX,1.0
6976,NRW,45 - 49,43.98,43.98,30.0,0.0,RED INTERNET & PHONE CABLE U,1.0
6977,HSN,35 - 39,63.98,63.98,30.0,0.0,GIGAZUHAUSE KABEL,1.0
6978,NRW,35 - 39,39.98,34.98,30.0,0.0,RED INTERNET & PHONE CABLE U,0.0
6979,KBW,60 - 64,27.99,27.99,30.0,0.0,RED INTERNET & PHONE CABLE U,0.0
6980,NRW,30 - 34,52.98,52.98,30.0,0.0,VF RIP U-TREUE,0.0
6981,NRW,45 - 49,44.98,44.98,30.0,0.0,VF CABLEMAX,1.0
6982,KBW,30 - 34,44.98,44.98,30.0,0.0,RED INTERNET & PHONE CABLE U,0.0
6983,KBW,35 - 39,42.98,42.98,30.0,0.0,VF RIP U-TREUE,0.0
6984,KBW,50 - 54,27.99,27.99,30.0,0.0,GIGAZUHAUSE TREUE B,0.0
6985,HSN,75 - 79,37.98,37.98,30.0,0.0,GIGAZUHAUSE KABEL,0.0
6986,NRW,30 - 34,39.98,39.98,30.0,1.0,VF CABLEMAX,0.0
6987,KBW,40 - 44,44.98,44.98,30.0,0.0,VF CABLEMAX,1.0
6988,NRW,35 - 39,74.95,37.98,616.0,0.0,GIGAZUHAUSE TREUE B,0.0
6989,NRW,45 - 49,49.99,49.99,30.0,0.0,RED INTERNET & PHONE CABLE U,0.0
6990,NRW,35 - 39,64.98,64.98,30.0,0.0,GIGAZUHAUSE KABEL,0.0
6991,NRW,40 - 44,54.99,54.99,30.0,0.0,RED INTERNET & PHONE CABLE U,0.0
6992,NRW,40 - 44,39.99,39.99,30.0,0.0,RED INTERNET & PHONE CABLE U,1.0
6993,HSN,80 and over,0.0,0.0,30.0,0.0,MMA,0.0
6994,NRW,55 - 59,57.97,42.98,30.0,0.0,2PLAY,1.0
6995,NRW,70 - 74,44.97,44.97,30.0,0.0,VF CABLEMAX,0.0
6996,KBW,25 - 29,42.97,42.97,30.0,0.0,RED INTERNET & PHONE CABLE U,0.0
6997,NRW,40 - 44,37.99,37.99,30.0,0.0,VF RIP U-TREUE,1.0
6998,NRW,30 - 34,34.99,34.99,30.0,0.0,RED INTERNET & PHONE CABLE U,0.0
6999,NRW,35 - 39,49.97,49.97,30.0,0.0,GIGAZUHAUSE KABEL,0.0
7000,KBW,45 - 49,53.97,32.99,30.0,0.0,VF RIP U-TREUE,0.0
7001,HSN,30 - 34,32.99,32.99,30.0,0.0,VF RIP U-TREUE,1.0
7002,NRW,65 - 69,74.96,44.98,30.0,0.0,VF CABLEMAX,1.0
7003,NRW,45 - 49,44.98,44.98,30.0,0.0,VF CABLEMAX,1.0
7004,KBW,50 - 54,44.98,44.98,30.0,0.0,VF CABLEMAX,0.0
7005,NRW,35 - 39,39.99,39.99,30.0,0.0,RED INTERNET & PHONE CABLE U,0.0
7006,NRW,30 - 34,34.99,34.99,30.0,0.0,RED INTERNET & PHONE CABLE U,1.0
7007,KBW,60 - 64,69.96,44.98,30.0,0.0,VF CABLEMAX,1.0
7008,HSN,55 - 59,39.98,39.98,30.0,0.0,VF CABLEMAX,0.0
7009,NRW,30 - 34,39.98,39.98,668.0,0.0,GIGAZUHAUSE KABEL,1.0
7010,HSN,65 - 69,65.96,44.98,30.0,0.0,VF RIP U-TREUE,1.0
7011,NRW,25 - 29,39.98,39.98,30.0,0.0,RED INTERNET & PHONE CABLE U,1.0
7012,KBW,50 - 54,44.98,44.98,30.0,0.0,VF CABLEMAX,1.0
7013,KBW,25 - 29,34.99,34.99,30.0,0.0,RED INTERNET & PHONE CABLE U,1.0
7014,NRW,25 - 29,44.98,44.98,30.0,0.0,RED INTERNET & PHONE CABLE U,1.0
7015,KBW,45 - 49,42.98,42.98,30.0,0.0,VF RIP U-TREUE,1.0
7016,NRW,50 - 54,29.99,29.99,30.0,0.0,VF RIP U-TREUE,1.0
7017,NRW,35 - 39,32.99,32.99,30.0,0.0,VF RIP U-TREUE,1.0
7018,NRW,30 - 34,44.98,44.98,30.0,0.0,RED INTERNET & PHONE CABLE U,1.0
7019,NRW,55 - 59,57.97,42.98,30.0,0.0,VF RIP U-TREUE,0.0
7020,KBW,25 - 29,39.99,39.99,30.0,0.0,RED INTERNET & PHONE CABLE U,1.0
7021,KBW,65 - 69,34.99,34.99,30.0,0.0,RED INTERNET & PHONE CABLE U,0.0
7022,KBW,60 - 64,44.98,44.98,30.0,0.0,VF CABLEMAX,0.0
7023,KBW,25 - 29,42.97,42.97,30.0,0.0,RED INTERNET & PHONE CABLE U,1.0
7024,NRW,25 - 29,44.98,44.98,30.0,0.0,RED INTERNET & PHONE CABLE U,1.0
7025,HSN,30 - 34,34.99,34.99,30.0,0.0,RED INTERNET & PHONE CABLE U,1.0
7026,NRW,25 - 29,39.99,39.99,30.0,0.0,VF RIP U-TREUE,1.0
7027,KBW,30 - 34,32.99,32.99,186.0,0.0,GIGAZUHAUSE TREUE B,0.0
7028,KBW,60 - 64,34.99,34.99,30.0,0.0,RED INTERNET & PHONE CABLE U,1.0
7029,NRW,50 - 54,47.98,47.98,30.0,0.0,VF RIP U-TREUE,1.0
7030,HSN,25 - 29,44.98,44.98,30.0,0.0,RED INTERNET & PHONE CABLE U,1.0
7031,NRW,45 - 49,0.0,0.0,30.0,0.0,MMA,0.0
7032,KBW,40 - 44,49.98,49.98,365.0,0.0,GIGAZUHAUSE TREUE B,0.0
7033,NRW,18 - 24,44.98,44.98,30.0,0.0,VF CABLEMAX,0.0
7034,KBW,25 - 29,29.99,29.99,30.0,0.0,RED INTERNET & PHONE CABLE U,0.0
7035,KBW,40 - 44,49.99,49.99,30.0,0.0,RED INTERNET & PHONE CABLE U,1.0
7036,NRW,25 - 29,34.99,34.99,30.0,0.0,RED INTERNET & PHONE CABLE U,0.0
7037,HSN,35 - 39,34.99,34.99,30.0,0.0,VF RIP U-TREUE,1.0
7038,KBW,30 - 34,44.98,44.98,30.0,0.0,RED INTERNET & PHONE CABLE U,0.0
7039,KBW,70 - 74,42.98,42.98,30.0,0.0,VF RIP U-TREUE,1.0
7040,KBW,30 - 34,49.99,49.99,30.0,0.0,RED INTERNET & PHONE CABLE U,0.0
7041,KBW,50 - 54,62.98,62.98,130.0,0.0,GIGAZUHAUSE KABEL,0.0
7042,HSN,55 - 59,49.97,49.97,30.0,0.0,VF CABLEMAX,0.0
7043,KBW,75 - 79,75.43,54.98,30.0,0.0,GIGAZUHAUSE KABEL,1.0
7044,HSN,50 - 54,44.98,44.98,30.0,0.0,VF CABLEMAX,0.0
7045,HSN,30 - 34,60.35,39.99,30.0,0.0,RED INTERNET & PHONE CABLE U,1.0
7046,KBW,40 - 44,34.99,34.99,30.0,0.0,RED INTERNET & PHONE CABLE U,1.0
7047,KBW,25 - 29,34.99,34.99,30.0,0.0,RED INTERNET & PHONE CABLE U,1.0
7048,HSN,18 - 24,49.97,49.97,30.0,0.0,VF CABLEMAX,1.0
7049,NRW,30 - 34,44.98,44.98,30.0,0.0,RED INTERNET & PHONE CABLE U,0.0
7050,NRW,30 - 34,44.98,44.98,30.0,0.0,RED INTERNET & PHONE CABLE U,1.0
7051,NRW,25 - 29,34.99,34.99,30.0,0.0,RED INTERNET & PHONE CABLE U,1.0
7052,NRW,45 - 49,39.99,39.99,30.0,0.0,RED INTERNET & PHONE CABLE U,1.0
7053,NRW,80 and over,58.31,37.78,30.0,0.0,RED INTERNET & PHONE CABLE U,0.0
7054,KBW,50 - 54,49.99,49.99,30.0,0.0,RED INTERNET & PHONE CABLE U,0.0
7055,NRW,75 - 79,34.99,34.99,30.0,0.0,RED INTERNET & PHONE CABLE U,0.0
7056,HSN,30 - 34,39.99,39.99,30.0,0.0,VF RIP U-TREUE,1.0
7057,NRW,25 - 29,34.99,34.99,30.0,0.0,RED INTERNET & PHONE CABLE U,1.0
7058,NRW,55 - 59,42.98,42.98,30.0,0.0,VF RIP U-TREUE,0.0
7059,NRW,35 - 39,39.98,39.98,30.0,0.0,RED INTERNET & PHONE CABLE U,1.0
7060,NRW,35 - 39,34.99,34.99,30.0,0.0,RED INTERNET & PHONE CABLE U,0.0
7061,KBW,25 - 29,44.98,44.98,30.0,0.0,RED INTERNET & PHONE CABLE U,0.0
7062,NRW,65 - 69,49.98,39.99,30.0,0.0,VF RIP U-TREUE,0.0
7063,NRW,25 - 29,44.99,44.99,30.0,0.0,RED INTERNET & PHONE CABLE U,1.0
7064,HSN,60 - 64,189.88,189.88,30.0,0.0,VF CABLEMAX,1.0
7065,HSN,65 - 69,39.98,39.98,30.0,0.0,GIGAZUHAUSE TREUE B,0.0
7066,NRW,25 - 29,39.99,39.99,30.0,0.0,RED INTERNET & PHONE CABLE U,1.0
7067,NRW,35 - 39,34.99,34.99,30.0,0.0,RED INTERNET & PHONE CABLE U,0.0
7068,KBW,18 - 24,54.99,54.99,30.0,0.0,RED INTERNET & PHONE CABLE U,0.0
7069,KBW,30 - 34,39.99,39.99,74.0,0.0,RED INTERNET & PHONE CABLE U,1.0
7070,KBW,40 - 44,39.98,39.98,30.0,0.0,RED INTERNET & PHONE CABLE U,0.0
7071,KBW,30 - 34,34.99,34.99,30.0,0.0,RED INTERNET & PHONE CABLE U,1.0
7072,KBW,25 - 29,49.99,49.99,30.0,0.0,RED INTERNET & PHONE CABLE U,0.0
7073,HSN,80 and over,48.97,48.97,30.0,0.0,VF CABLEMAX,0.0
7074,HSN,25 - 29,44.98,44.98,30.0,0.0,RED INTERNET & PHONE CABLE U,1.0
7075,KBW,35 - 39,39.98,44.98,30.0,0.0,VF CABLEMAX,0.0
7076,HSN,40 - 44,49.99,49.99,30.0,0.0,GIGAZUHAUSE KABEL,1.0
7077,NRW,40 - 44,49.97,49.97,30.0,0.0,VF CABLEMAX,0.0
7078,KBW,18 - 24,44.98,44.98,30.0,0.0,RED INTERNET & PHONE CABLE U,0.0
7079,NRW,30 - 34,44.98,44.98,30.0,0.0,VF CABLEMAX,1.0
7080,NRW,45 - 49,34.99,34.99,30.0,0.0,RED INTERNET & PHONE CABLE U,0.0
7081,NRW,40 - 44,32.99,32.99,30.0,0.0,VF RIP U-TREUE,0.0
7082,KBW,30 - 34,49.99,49.99,30.0,0.0,VF CABLEMAX,1.0
7083,NRW,60 - 64,48.97,48.97,30.0,0.0,VF CABLEMAX,1.0
7084,HSN,18 - 24,44.98,44.98,30.0,0.0,VF CABLEMAX,0.0
7085,NRW,25 - 29,34.99,34.99,30.0,0.0,VF RIP U-TREUE,1.0
7086,NRW,35 - 39,32.99,32.99,330.0,0.0,GIGAZUHAUSE TREUE B,0.0
7087,KBW,30 - 34,34.99,34.99,30.0,0.0,RED INTERNET & PHONE CABLE U,1.0
7088,NRW,25 - 29,34.99,34.99,596.0,0.0,GIGAZUHAUSE TREUE C,0.0
7089,NRW,25 - 29,34.99,34.99,30.0,0.0,RED INTERNET & PHONE CABLE U,0.0
7090,NRW,30 - 34,29.99,29.99,30.0,0.0,VF RIP U-TREUE,0.0
7091,NRW,35 - 39,29.99,29.99,30.0,0.0,VF RIP U-TREUE,1.0
7092,NRW,60 - 64,24.99,24.99,30.0,0.0,INTERNET COMFORT,0.0
7093,KBW,35 - 39,39.98,39.98,30.0,0.0,RED INTERNET & PHONE CABLE U,0.0
7094,KBW,35 - 39,44.98,44.98,30.0,0.0,VF CABLEMAX,0.0
7095,KBW,70 - 74,29.99,29.99,30.0,0.0,VF RIP U-TREUE,0.0
7096,KBW,40 - 44,44.98,44.98,30.0,0.0,VF CABLEMAX,1.0
7097,NRW,40 - 44,29.99,29.99,30.0,0.0,RED INTERNET & PHONE CABLE U,0.0
7098,HSN,40 - 44,34.99,34.99,30.0,0.0,RED INTERNET & PHONE CABLE U,1.0
7099,HSN,50 - 54,32.99,32.99,30.0,0.0,VF RIP U-TREUE,0.0
7100,NRW,30 - 34,44.98,44.98,30.0,0.0,VF CABLEMAX,1.0
7101,NRW,25 - 29,39.98,39.98,220.0,0.0,GIGAZUHAUSE KABEL,1.0
7102,HSN,45 - 49,44.98,44.98,30.0,0.0,VF CABLEMAX,1.0
7103,NRW,30 - 34,34.99,34.99,30.0,0.0,RED INTERNET & PHONE CABLE U,1.0
7104,KBW,40 - 44,49.99,49.99,30.0,0.0,RED INTERNET & PHONE CABLE U,1.0
7105,HSN,65 - 69,44.98,44.98,30.0,0.0,VF CABLEMAX,0.0
7106,HSN,25 - 29,39.98,39.98,334.0,0.0,GIGAZUHAUSE KABEL,0.0
7107,KBW,35 - 39,39.99,39.99,30.0,0.0,RED INTERNET & PHONE CABLE U,1.0
7108,NRW,30 - 34,54.99,54.99,30.0,0.0,RED INTERNET & PHONE CABLE U,1.0
7109,HSN,45 - 49,34.99,34.99,30.0,0.0,RED INTERNET & PHONE CABLE U,0.0
7110,KBW,35 - 39,39.99,39.99,30.0,0.0,RED INTERNET & PHONE CABLE U,1.0
7111,KBW,25 - 29,44.98,44.98,30.0,0.0,RED INTERNET & PHONE CABLE U,0.0
7112,NRW,65 - 69,32.99,32.99,30.0,0.0,VF RIP U-TREUE,0.0
7113,HSN,30 - 34,44.98,44.98,30.0,0.0,RED INTERNET & PHONE CABLE U,1.0
7114,NRW,18 - 24,29.99,29.99,30.0,0.0,VF RIP U-TREUE,1.0
7115,HSN,25 - 29,54.99,54.99,30.0,0.0,RED INTERNET & PHONE CABLE U,0.0
7116,NRW,30 - 34,39.99,39.99,30.0,0.0,RED INTERNET & PHONE CABLE U,1.0
7117,NRW,50 - 54,49.99,49.99,30.0,0.0,RED INTERNET & PHONE CABLE U,0.0
7118,NRW,25 - 29,44.98,44.98,30.0,0.0,VF CABLEMAX,0.0
7119,NRW,30 - 34,49.97,49.97,30.0,0.0,VF CABLEMAX,0.0
7120,NRW,35 - 39,34.99,34.99,30.0,0.0,RED INTERNET & PHONE CABLE U,1.0
7121,NRW,55 - 59,54.96,44.98,30.0,0.0,VF CABLEMAX,1.0
7122,NRW,65 - 69,56.94,35.97,30.0,0.0,GIGAZUHAUSE TREUE B,1.0
7123,NRW,30 - 34,53.98,53.98,30.0,0.0,RED INTERNET & PHONE CABLE U,1.0
7124,KBW,35 - 39,58.98,58.98,30.0,0.0,RED INTERNET & PHONE CABLE U,1.0
7125,HSN,25 - 29,59.99,59.99,30.0,0.0,GIGAZUHAUSE KABEL,1.0
7126,NRW,25 - 29,44.98,44.98,30.0,0.0,VF CABLEMAX,1.0
7127,KBW,65 - 69,39.99,39.99,30.0,0.0,RED INTERNET & PHONE CABLE U,1.0
7128,NRW,55 - 59,39.99,39.99,30.0,0.0,RED INTERNET & PHONE CABLE U,0.0
7129,KBW,25 - 29,37.98,37.98,30.0,0.0,2PLAY,1.0
7130,NRW,30 - 34,39.99,39.99,30.0,0.0,VF RIP U-TREUE,1.0
7131,NRW,35 - 39,44.98,44.98,30.0,0.0,VF CABLEMAX,1.0
7132,NRW,75 - 79,63.96,42.97,30.0,0.0,3PLAY START,0.0
7133,NRW,55 - 59,34.99,34.99,30.0,0.0,GIGAZUHAUSE KABEL,0.0
7134,NRW,55 - 59,39.99,39.99,30.0,0.0,RED INTERNET & PHONE CABLE U,0.0
7135,HSN,25 - 29,39.99,39.99,59.0,0.0,RED INTERNET & PHONE CABLE U,0.0
7136,NRW,35 - 39,19.99,19.99,30.0,0.0,RED INTERNET & PHONE CABLE U,0.0
7137,NRW,50 - 54,32.99,32.99,30.0,0.0,VF RIP U-TREUE,1.0
7138,KBW,35 - 39,32.99,32.99,30.0,0.0,VF RIP U-TREUE,0.0
7139,NRW,60 - 64,34.99,34.99,30.0,0.0,VF RIP U-TREUE,1.0
7140,HSN,30 - 34,44.98,44.98,30.0,0.0,VF CABLEMAX,1.0
7141,HSN,55 - 59,43.97,43.97,30.0,0.0,GIGAZUHAUSE KABEL,0.0
7142,NRW,65 - 69,29.99,29.99,30.0,0.0,VF RIP U-TREUE,0.0
7143,KBW,80 and over,72.97,44.98,30.0,0.0,VF CABLEMAX,1.0
7144,HSN,25 - 29,44.98,44.98,30.0,0.0,RED INTERNET & PHONE CABLE U,0.0
7145,NRW,55 - 59,39.99,39.99,30.0,0.0,VF RIP U-TREUE,0.0
7146,NRW,70 - 74,34.99,34.99,30.0,0.0,RED INTERNET & PHONE CABLE U,1.0
7147,HSN,45 - 49,44.98,44.98,30.0,0.0,RED INTERNET & PHONE CABLE U,1.0
7148,NRW,25 - 29,32.99,32.99,30.0,0.0,VF RIP U-TREUE,0.0
7149,NRW,65 - 69,34.99,34.99,30.0,0.0,RED INTERNET & PHONE CABLE U,0.0
7150,NRW,70 - 74,42.98,42.98,30.0,0.0,VF RIP U-TREUE,0.0
7151,NRW,30 - 34,44.98,44.98,30.0,0.0,VF CABLEMAX,1.0
7152,NRW,30 - 34,39.98,39.98,30.0,0.0,VF CABLEMAX,1.0
7153,HSN,55 - 59,37.99,37.99,30.0,0.0,VF RIP U-TREUE,0.0
7154,KBW,35 - 39,42.97,42.97,30.0,0.0,RED INTERNET & PHONE CABLE U,0.0
7155,NRW,45 - 49,84.96,44.98,30.0,0.0,VF CABLEMAX,1.0
7156,NRW,25 - 29,42.97,42.97,30.0,0.0,GIGAZUHAUSE KABEL,1.0
7157,HSN,45 - 49,44.98,44.98,30.0,0.0,RED INTERNET & PHONE CABLE U,0.0
7158,KBW,30 - 34,39.99,39.99,30.0,0.0,RED INTERNET & PHONE CABLE U,0.0
7159,NRW,50 - 54,32.99,32.99,30.0,0.0,VF RIP U-TREUE,0.0
7160,NRW,25 - 29,54.99,54.99,30.0,0.0,RED INTERNET & PHONE CABLE U,1.0
7161,NRW,25 - 29,37.98,37.98,149.0,0.0,GIGAZUHAUSE KABEL,1.0
7162,NRW,35 - 39,39.98,39.98,30.0,0.0,GIGAZUHAUSE KABEL,1.0
7163,KBW,30 - 34,39.99,39.99,30.0,0.0,RED INTERNET & PHONE CABLE U,0.0
7164,NRW,50 - 54,49.97,49.97,30.0,0.0,VF CABLEMAX,0.0
7165,KBW,55 - 59,29.99,29.99,30.0,0.0,RED INTERNET & PHONE CABLE U,0.0
7166,NRW,25 - 29,39.98,39.98,121.0,0.0,GIGAZUHAUSE KABEL,0.0
7167,NRW,65 - 69,34.99,34.99,30.0,0.0,RED INTERNET & PHONE CABLE U,1.0
7168,NRW,25 - 29,39.99,39.99,30.0,0.0,RED INTERNET & PHONE CABLE U,1.0
7169,KBW,30 - 34,69.95,44.98,30.0,0.0,VF CABLEMAX,0.0
7170,NRW,50 - 54,42.97,42.97,30.0,0.0,RED INTERNET & PHONE CABLE U,1.0
7171,NRW,30 - 34,44.98,44.98,30.0,0.0,VF CABLEMAX,0.0
7172,NRW,45 - 49,39.99,39.99,30.0,0.0,RED INTERNET & PHONE CABLE U,1.0
7173,NRW,35 - 39,44.98,44.98,30.0,0.0,VF CABLEMAX,1.0
7174,NRW,45 - 49,44.98,44.98,30.0,0.0,RED INTERNET & PHONE CABLE U,1.0
7175,NRW,30 - 34,44.98,44.98,30.0,0.0,RED INTERNET & PHONE CABLE U,1.0
7176,KBW,55 - 59,49.97,49.97,528.0,0.0,VF CABLEMAX,0.0
7177,NRW,45 - 49,44.98,44.98,30.0,0.0,VF CABLEMAX,0.0
7178,NRW,65 - 69,34.99,34.99,30.0,0.0,RED INTERNET & PHONE CABLE U,0.0
7179,HSN,45 - 49,44.98,44.98,30.0,0.0,RED INTERNET & PHONE CABLE U,1.0
7180,HSN,45 - 49,54.97,39.98,212.0,0.0,GIGAZUHAUSE TREUE C,1.0
7181,HSN,45 - 49,37.98,37.99,30.0,0.0,VF RIP U-TREUE,1.0
7182,KBW,30 - 34,34.99,34.99,30.0,0.0,RED INTERNET & PHONE CABLE U,0.0
7183,NRW,25 - 29,39.98,39.98,30.0,0.0,GIGAZUHAUSE KABEL,0.0
7184,NRW,25 - 29,44.98,44.98,30.0,0.0,VF CABLEMAX,1.0
7185,NRW,65 - 69,73.34,42.98,30.0,0.0,3PLAY,0.0
7186,KBW,35 - 39,39.99,39.99,30.0,0.0,RED INTERNET & PHONE CABLE U,1.0
7187,KBW,40 - 44,44.98,44.98,30.0,0.0,VF CABLEMAX,1.0
7188,KBW,65 - 69,29.99,29.99,30.0,0.0,VF RIP U-TREUE,0.0
7189,NRW,55 - 59,42.98,42.98,30.0,0.0,VF RIP U-TREUE,1.0
7190,HSN,25 - 29,34.99,34.99,30.0,0.0,RED INTERNET & PHONE CABLE U,1.0
7191,NRW,35 - 39,44.98,44.98,30.0,0.0,VF CABLEMAX,1.0
7192,HSN,25 - 29,47.97,47.97,143.0,0.0,GIGAZUHAUSE KABEL,1.0
7193,NRW,55 - 59,44.97,44.97,30.0,0.0,GIGAZUHAUSE KABEL,0.0
7194,NRW,50 - 54,34.99,34.99,30.0,0.0,RED INTERNET & PHONE CABLE U,1.0
7195,HSN,50 - 54,44.98,44.98,30.0,0.0,VF CABLEMAX,1.0
7196,HSN,55 - 59,49.99,49.99,30.0,0.0,GIGAZUHAUSE KABEL,0.0
7197,HSN,50 - 54,34.99,34.99,30.0,0.0,RED INTERNET & PHONE CABLE U,0.0
7198,KBW,25 - 29,39.99,39.99,30.0,0.0,RED INTERNET & PHONE CABLE U,1.0
7199,NRW,25 - 29,44.98,44.98,30.0,0.0,VF RIP U-TREUE,1.0
7200,NRW,35 - 39,39.98,39.98,30.0,0.0,VF CABLEMAX,0.0
7201,NRW,45 - 49,32.99,32.99,30.0,0.0,VF RIP U-TREUE,0.0
7202,KBW,80 and over,37.99,37.99,30.0,0.0,VF RIP U-TREUE,1.0
7203,KBW,25 - 29,34.99,34.99,30.0,0.0,RED INTERNET & PHONE CABLE U,1.0
7204,NRW,60 - 64,49.97,49.97,30.0,0.0,VF CABLEMAX,1.0
7205,KBW,75 - 79,32.99,32.99,30.0,0.0,VF RIP U-TREUE,0.0
7206,NRW,45 - 49,44.98,44.98,30.0,0.0,VF CABLEMAX,1.0
7207,NRW,35 - 39,34.99,34.99,30.0,0.0,RED INTERNET & PHONE CABLE U,1.0
7208,NRW,25 - 29,44.98,44.98,30.0,0.0,VF CABLEMAX,1.0
7209,NRW,65 - 69,44.98,44.98,30.0,0.0,VF CABLEMAX,1.0
7210,NRW,50 - 54,43.98,43.98,30.0,0.0,RED INTERNET & PHONE CABLE U,1.0
7211,NRW,40 - 44,39.99,39.99,30.0,0.0,RED INTERNET & PHONE CABLE U,0.0
7212,NRW,18 - 24,35.98,35.98,30.0,0.0,RED INTERNET & PHONE CABLE U,0.0
7213,KBW,40 - 44,37.99,37.99,30.0,0.0,VF RIP U-TREUE,0.0
7214,KBW,65 - 69,34.99,34.99,334.0,0.0,GIGAZUHAUSE TREUE C,0.0
7215,NRW,25 - 29,24.99,34.99,699.0,0.0,GIGAZUHAUSE TREUE C,1.0
7216,HSN,25 - 29,19.99,19.99,30.0,0.0,GIGAZUHAUSE KABEL,0.0
7217,NRW,40 - 44,44.97,44.97,667.0,0.0,VF CABLEMAX,1.0
7218,NRW,30 - 34,0.0,0.0,30.0,0.0,MMA,0.0
7219,NRW,30 - 34,42.98,42.98,30.0,0.0,VF RIP U-TREUE,0.0
7220,KBW,35 - 39,44.98,44.98,30.0,0.0,RED INTERNET & PHONE CABLE U,1.0
7221,NRW,45 - 49,42.97,42.97,30.0,0.0,RED INTERNET & PHONE CABLE U,1.0
7222,NRW,35 - 39,39.99,39.99,30.0,0.0,RED INTERNET & PHONE CABLE U,1.0
7223,NRW,18 - 24,34.99,34.99,30.0,0.0,RED INTERNET & PHONE CABLE U,1.0
7224,NRW,45 - 49,43.98,43.98,30.0,0.0,RED INTERNET & PHONE CABLE U,0.0
7225,NRW,40 - 44,34.99,34.99,30.0,0.0,RED INTERNET & PHONE CABLE U,0.0
7226,KBW,30 - 34,29.99,29.99,30.0,1.0,RED INTERNET & PHONE CABLE U,0.0
7227,NRW,80 and over,29.99,29.99,30.0,0.0,VF RIP U-TREUE,1.0
7228,KBW,25 - 29,44.98,44.98,30.0,0.0,RED INTERNET & PHONE CABLE U,1.0
7229,KBW,60 - 64,33.74,33.74,30.0,0.0,RED INTERNET & PHONE CABLE U,1.0
7230,KBW,35 - 39,44.98,44.98,30.0,0.0,VF CABLEMAX,1.0
7231,NRW,80 and over,25.0,25.0,30.0,0.0,2PLAY,1.0
7232,NRW,25 - 29,44.98,44.98,30.0,0.0,VF CABLEMAX,1.0
7233,KBW,60 - 64,149.92,149.92,30.0,0.0,RED INTERNET & PHONE CABLE U,1.0
7234,KBW,30 - 34,34.99,34.99,30.0,0.0,RED INTERNET & PHONE CABLE U,0.0
7235,NRW,18 - 24,34.99,34.99,184.0,0.0,GIGAZUHAUSE KABEL,1.0
7236,NRW,70 - 74,44.98,44.98,30.0,0.0,VF CABLEMAX,0.0
7237,NRW,35 - 39,72.97,41.99,30.0,0.0,GIGAZUHAUSE KABEL,1.0
7238,NRW,30 - 34,48.97,48.97,30.0,0.0,VF CABLEMAX,0.0
7239,KBW,55 - 59,53.96,53.96,30.0,0.0,RED INTERNET & PHONE CABLE U,0.0
7240,HSN,70 - 74,22.99,22.99,30.0,0.0,EAZY,0.0
7241,NRW,35 - 39,54.99,54.99,30.0,0.0,RED INTERNET & PHONE CABLE U,1.0
7242,KBW,30 - 34,44.98,44.98,30.0,0.0,RED INTERNET & PHONE CABLE U,1.0
7243,KBW,70 - 74,58.97,58.97,30.0,0.0,RED INTERNET & PHONE CABLE U,1.0
7244,NRW,75 - 79,29.99,29.99,30.0,0.0,VF RIP U-TREUE,0.0
7245,NRW,80 and over,29.98,29.98,30.0,0.0,VF RIP U-TREUE,0.0
7246,NRW,45 - 49,39.99,39.99,30.0,0.0,RED INTERNET & PHONE CABLE U,1.0
7247,KBW,40 - 44,39.99,39.99,30.0,0.0,RED INTERNET & PHONE CABLE U,1.0
7248,KBW,25 - 29,39.99,39.99,30.0,0.0,RED INTERNET & PHONE CABLE U,1.0
7249,KBW,45 - 49,52.97,44.98,30.0,0.0,VF CABLEMAX,1.0
7250,NRW,55 - 59,70.98,49.99,30.0,0.0,RED INTERNET & PHONE CABLE U,0.0
7251,NRW,25 - 29,29.99,29.99,30.0,0.0,VF RIP U-TREUE,1.0
7252,NRW,30 - 34,54.99,54.99,30.0,0.0,RED INTERNET & PHONE CABLE U,1.0
7253,NRW,70 - 74,44.98,44.98,30.0,0.0,VF CABLEMAX,0.0
7254,NRW,30 - 34,29.99,29.99,30.0,0.0,VF RIP U-TREUE,1.0
7255,NRW,40 - 44,149.96,149.96,30.0,1.0,VF RIP U-TREUE,0.0
7256,NRW,80 and over,34.99,34.99,30.0,0.0,RED INTERNET & PHONE CABLE U,0.0
7257,KBW,60 - 64,29.99,29.99,30.0,0.0,VF RIP U-TREUE,1.0
7258,KBW,60 - 64,50.98,45.34,30.0,0.0,3PLAY,1.0
7259,KBW,40 - 44,39.99,39.99,30.0,0.0,RED INTERNET & PHONE CABLE U,1.0
7260,KBW,25 - 29,48.97,48.97,30.0,0.0,RED INTERNET & PHONE CABLE U,1.0
7261,NRW,45 - 49,29.99,29.99,30.0,0.0,VF RIP U-TREUE,0.0
7262,NRW,35 - 39,34.99,34.99,30.0,0.0,RED INTERNET & PHONE CABLE U,0.0
7263,NRW,25 - 29,39.99,39.99,30.0,0.0,VF RIP U-TREUE,1.0
7264,NRW,55 - 59,34.99,34.99,30.0,0.0,RED INTERNET & PHONE CABLE U,1.0
7265,HSN,25 - 29,34.99,34.99,30.0,0.0,RED INTERNET & PHONE CABLE U,1.0
7266,NRW,50 - 54,32.99,32.99,695.0,0.0,GIGAZUHAUSE TREUE B,1.0
7267,KBW,45 - 49,44.98,44.98,30.0,0.0,VF CABLEMAX,0.0
7268,NRW,30 - 34,54.98,32.99,675.0,0.0,VF RIP U-TREUE,1.0
7269,HSN,30 - 34,32.99,32.99,243.0,0.0,GIGAZUHAUSE TREUE B,0.0
7270,KBW,80 and over,29.99,29.99,30.0,0.0,RED INTERNET & PHONE CABLE U,1.0
7271,NRW,40 - 44,32.99,32.99,30.0,0.0,VF RIP U-TREUE,0.0
7272,NRW,40 - 44,80.94,49.97,30.0,0.0,VF CABLEMAX,0.0
7273,KBW,70 - 74,11.98,11.98,30.0,0.0,EAZY,0.0
7274,NRW,50 - 54,44.99,39.99,30.0,0.0,RED INTERNET & PHONE CABLE U,1.0
7275,NRW,30 - 34,58.98,58.98,30.0,0.0,RED INTERNET & PHONE CABLE U,1.0
7276,NRW,55 - 59,49.99,49.99,30.0,0.0,GIGAZUHAUSE KABEL,0.0
7277,KBW,30 - 34,34.99,34.99,30.0,0.0,RED INTERNET & PHONE CABLE U,1.0
7278,NRW,30 - 34,39.99,39.99,30.0,0.0,RED INTERNET & PHONE CABLE U,1.0
7279,NRW,75 - 79,34.99,34.99,30.0,1.0,RED INTERNET & PHONE CABLE U,0.0
7280,NRW,55 - 59,34.99,34.99,30.0,0.0,RED INTERNET & PHONE CABLE U,1.0
7281,NRW,60 - 64,39.99,39.99,30.0,0.0,RED INTERNET & PHONE CABLE U,0.0
7282,KBW,45 - 49,44.98,44.98,30.0,0.0,RED INTERNET & PHONE CABLE U,0.0
7283,NRW,30 - 34,44.98,44.98,30.0,0.0,RED INTERNET & PHONE CABLE U,0.0
7284,NRW,25 - 29,44.99,44.99,30.0,0.0,RED INTERNET & PHONE CABLE U,0.0
7285,NRW,30 - 34,39.99,39.99,30.0,0.0,VF RIP U-TREUE,0.0
7286,KBW,35 - 39,39.98,39.98,30.0,0.0,VF CABLEMAX,0.0
7287,KBW,65 - 69,71.96,34.99,30.0,0.0,RED INTERNET & PHONE CABLE U,0.0
7288,NRW,25 - 29,34.99,34.99,30.0,0.0,RED INTERNET & PHONE CABLE U,0.0
7289,NRW,60 - 64,59.97,44.99,517.0,0.0,GIGAZUHAUSE KABEL,1.0
7290,NRW,60 - 64,37.98,37.98,254.0,0.0,GIGAZUHAUSE TREUE B,0.0
7291,KBW,50 - 54,44.98,44.98,30.0,0.0,RED INTERNET & PHONE CABLE U,1.0
7292,NRW,30 - 34,34.99,34.99,30.0,0.0,RED INTERNET & PHONE CABLE U,0.0
7293,NRW,25 - 29,39.98,39.98,30.0,0.0,VF CABLEMAX,1.0
7294,NRW,40 - 44,34.99,34.99,30.0,0.0,RED INTERNET & PHONE CABLE U,0.0
7295,NRW,30 - 34,44.98,44.98,30.0,0.0,RED INTERNET & PHONE CABLE U,0.0
7296,NRW,35 - 39,34.99,34.99,30.0,0.0,RED INTERNET & PHONE CABLE U,0.0
7297,NRW,30 - 34,34.99,34.99,30.0,0.0,RED INTERNET & PHONE CABLE U,1.0
7298,NRW,30 - 34,59.99,59.99,129.0,0.0,GIGAZUHAUSE KABEL,1.0
7299,KBW,35 - 39,37.99,37.99,30.0,0.0,VF RIP U-TREUE,0.0
7300,NRW,70 - 74,39.98,39.98,30.0,0.0,GIGAZUHAUSE KABEL,0.0
7301,NRW,40 - 44,62.98,62.98,318.0,0.0,GIGAZUHAUSE KABEL,0.0
7302,NRW,40 - 44,32.98,32.99,30.0,0.0,VF RIP U-TREUE,1.0
7303,HSN,40 - 44,49.99,49.99,30.0,0.0,RED INTERNET & PHONE CABLE U,0.0
7304,NRW,80 and over,0.0,0.0,30.0,0.0,MMA,0.0
7305,KBW,55 - 59,44.98,44.98,30.0,0.0,VF CABLEMAX,0.0
7306,NRW,30 - 34,44.98,44.98,30.0,0.0,RED INTERNET & PHONE CABLE U,0.0
7307,NRW,80 and over,51.98,51.98,30.0,0.0,RED INTERNET & PHONE CABLE U,1.0
7308,NRW,65 - 69,39.99,39.99,30.0,0.0,RED INTERNET & PHONE CABLE U,0.0
7309,KBW,50 - 54,42.99,42.99,30.0,0.0,VF RIP U-TREUE,0.0
7310,HSN,80 and over,39.98,39.98,30.0,0.0,RED INTERNET & PHONE CABLE U,1.0
7311,HSN,50 - 54,39.98,39.98,30.0,0.0,VF RIP U-TREUE,1.0
7312,NRW,55 - 59,47.96,47.96,30.0,0.0,VF CABLEMAX,0.0
7313,NRW,80 and over,37.98,37.98,365.0,0.0,GIGAZUHAUSE KABEL,0.0
7314,KBW,65 - 69,29.99,29.99,30.0,0.0,VF RIP U-TREUE,1.0
7315,NRW,30 - 34,34.99,34.99,30.0,0.0,RED INTERNET & PHONE CABLE U,1.0
7316,KBW,70 - 74,25.0,25.0,30.0,0.0,RED INTERNET & PHONE CABLE U,1.0
7317,NRW,50 - 54,34.99,34.99,30.0,0.0,RED INTERNET & PHONE CABLE U,1.0
7318,HSN,80 and over,11.98,11.98,30.0,0.0,EAZY,0.0
7319,KBW,25 - 29,44.98,44.98,30.0,0.0,RED INTERNET & PHONE CABLE U,0.0
7320,NRW,40 - 44,39.99,39.99,30.0,0.0,RED INTERNET & PHONE CABLE U,0.0
7321,KBW,40 - 44,49.97,49.97,30.0,0.0,VF CABLEMAX,0.0
7322,KBW,30 - 34,29.99,29.99,30.0,0.0,VF RIP U-TREUE,0.0
7323,NRW,50 - 54,44.98,44.98,30.0,0.0,VF CABLEMAX,0.0
7324,KBW,25 - 29,44.98,44.98,30.0,0.0,VF CABLEMAX,1.0
7325,KBW,35 - 39,54.99,54.99,30.0,0.0,RED INTERNET & PHONE CABLE U,1.0
7326,KBW,45 - 49,42.97,42.97,30.0,0.0,RED INTERNET & PHONE CABLE U,1.0
7327,KBW,55 - 59,44.98,44.98,30.0,0.0,RED INTERNET & PHONE CABLE U,0.0
7328,NRW,60 - 64,49.99,49.99,30.0,0.0,RED INTERNET & PHONE CABLE U,1.0
7329,KBW,55 - 59,43.98,43.98,30.0,0.0,RED INTERNET & PHONE CABLE U,1.0
7330,NRW,70 - 74,29.99,29.99,30.0,0.0,GIGAZUHAUSE CABLEMAX,0.0
7331,NRW,80 and over,27.99,27.99,30.0,0.0,VF RIP U-TREUE,1.0
7332,NRW,45 - 49,34.99,34.99,30.0,0.0,RED INTERNET & PHONE CABLE U,1.0
7333,NRW,50 - 54,49.97,39.98,30.0,0.0,VF CABLEMAX,1.0
7334,NRW,45 - 49,52.97,52.98,30.0,0.0,GIGAZUHAUSE CABLEMAX,0.0
7335,NRW,18 - 24,44.98,44.98,30.0,0.0,RED INTERNET & PHONE CABLE U,0.0
7336,KBW,40 - 44,34.99,34.99,30.0,0.0,RED INTERNET & PHONE CABLE U,1.0
7337,KBW,30 - 34,44.98,44.98,30.0,0.0,RED INTERNET & PHONE CABLE U,0.0
7338,HSN,30 - 34,44.99,44.99,576.0,0.0,GIGAZUHAUSE TREUE B,0.0
7339,NRW,45 - 49,49.99,49.99,30.0,0.0,VF RIP U-TREUE,0.0
7340,NRW,25 - 29,44.98,44.98,30.0,0.0,RED INTERNET & PHONE CABLE U,0.0
7341,NRW,30 - 34,44.98,44.98,30.0,0.0,VF CABLEMAX,1.0
7342,NRW,45 - 49,34.99,34.99,30.0,0.0,RED INTERNET & PHONE CABLE U,0.0
7343,NRW,30 - 34,39.99,39.99,30.0,0.0,VF RIP U-TREUE,0.0
7344,NRW,25 - 29,34.99,34.99,30.0,0.0,RED INTERNET & PHONE CABLE U,1.0
7345,KBW,60 - 64,49.99,49.99,30.0,0.0,GIGAZUHAUSE KABEL,1.0
7346,NRW,50 - 54,49.99,49.99,30.0,0.0,RED INTERNET & PHONE CABLE U,1.0
7347,NRW,30 - 34,29.99,29.99,30.0,0.0,INTERNET PREMIUM,0.0
7348,NRW,60 - 64,34.99,34.99,30.0,0.0,RED INTERNET & PHONE CABLE U,1.0
7349,KBW,55 - 59,49.99,49.99,30.0,0.0,GIGAZUHAUSE KABEL,1.0
7350,NRW,35 - 39,42.97,42.97,333.0,0.0,GIGAZUHAUSE KABEL,1.0
7351,KBW,55 - 59,39.99,37.99,30.0,0.0,VF RIP U-TREUE,0.0
7352,HSN,45 - 49,44.98,44.98,30.0,0.0,VF CABLEMAX,1.0
7353,HSN,60 - 64,39.99,39.99,30.0,0.0,RED INTERNET & PHONE CABLE U,1.0
7354,KBW,50 - 54,39.98,39.98,30.0,0.0,VF CABLEMAX,1.0
7355,NRW,60 - 64,66.96,37.99,30.0,0.0,VF RIP U-TREUE,1.0
7356,NRW,55 - 59,49.99,49.99,30.0,0.0,GIGAZUHAUSE KABEL,0.0
7357,KBW,40 - 44,39.99,39.99,30.0,0.0,VF RIP U-TREUE,0.0
7358,NRW,35 - 39,69.96,44.98,30.0,0.0,VF CABLEMAX,0.0
7359,NRW,50 - 54,44.98,44.98,30.0,0.0,VF RIP U-TREUE,1.0
7360,NRW,65 - 69,44.98,44.98,30.0,0.0,RED INTERNET & PHONE CABLE U,0.0
7361,KBW,55 - 59,29.99,29.99,30.0,0.0,INTERNET PREMIUM,1.0
7362,HSN,35 - 39,44.98,44.98,30.0,0.0,RED INTERNET & PHONE CABLE U,1.0
7363,NRW,30 - 34,34.99,34.99,30.0,0.0,RED INTERNET & PHONE CABLE U,1.0
7364,NRW,55 - 59,34.99,34.99,30.0,0.0,RED INTERNET & PHONE CABLE U,0.0
7365,HSN,30 - 34,42.97,42.97,30.0,0.0,RED INTERNET & PHONE CABLE U,1.0
7366,NRW,40 - 44,61.97,45.97,304.0,0.0,GIGAZUHAUSE TREUE B,0.0
7367,HSN,25 - 29,39.98,39.98,129.0,0.0,GIGAZUHAUSE KABEL,0.0
7368,NRW,50 - 54,54.99,54.99,30.0,0.0,RED INTERNET & PHONE CABLE U,1.0
7369,NRW,25 - 29,39.98,39.98,30.0,0.0,GIGAZUHAUSE KABEL,0.0
7370,KBW,35 - 39,39.99,39.99,30.0,0.0,VF RIP U-TREUE,0.0
7371,KBW,30 - 34,29.99,29.99,30.0,0.0,VF RIP U-TREUE,0.0
7372,KBW,45 - 49,39.99,39.99,30.0,0.0,VF RIP U-TREUE,0.0
7373,KBW,65 - 69,29.99,29.99,30.0,0.0,VF RIP U-TREUE,1.0
7374,KBW,35 - 39,44.98,44.98,30.0,0.0,VF CABLEMAX,1.0
7375,NRW,35 - 39,34.99,34.99,30.0,0.0,RED INTERNET & PHONE CABLE U,0.0
7376,HSN,30 - 34,59.98,59.98,30.0,0.0,RED INTERNET & PHONE CABLE U,1.0
7377,NRW,30 - 34,44.98,44.98,30.0,0.0,VF CABLEMAX,0.0
7378,KBW,25 - 29,24.99,24.99,30.0,0.0,VF RIP U-TREUE,1.0
7379,KBW,25 - 29,47.97,47.97,152.0,0.0,GIGAZUHAUSE KABEL,1.0
7380,NRW,25 - 29,44.98,44.98,30.0,0.0,VF CABLEMAX,0.0
7381,KBW,35 - 39,29.99,29.99,30.0,0.0,VF RIP U-TREUE,1.0
7382,NRW,40 - 44,0.0,0.0,30.0,0.0,INTERNET,0.0
7383,NRW,45 - 49,43.98,43.98,30.0,0.0,RED INTERNET & PHONE CABLE U,1.0
7384,KBW,65 - 69,49.97,49.97,30.0,0.0,VF CABLEMAX,1.0
7385,NRW,40 - 44,69.98,49.99,30.0,0.0,RED INTERNET & PHONE CABLE U,1.0
7386,NRW,30 - 34,42.97,42.97,30.0,0.0,RED INTERNET & PHONE CABLE U,1.0
7387,HSN,30 - 34,34.99,34.99,30.0,0.0,RED INTERNET & PHONE CABLE U,1.0
7388,NRW,55 - 59,72.96,37.98,254.0,0.0,GIGAZUHAUSE TREUE B,0.0
7389,NRW,60 - 64,39.99,39.99,30.0,0.0,VF RIP U-TREUE,0.0
7390,NRW,50 - 54,29.98,29.99,30.0,0.0,VF RIP U-TREUE,1.0
7391,NRW,60 - 64,37.99,37.99,30.0,0.0,VF RIP U-TREUE,1.0
7392,KBW,30 - 34,34.99,34.99,30.0,0.0,RED INTERNET & PHONE CABLE U,1.0
7393,NRW,50 - 54,44.98,44.98,30.0,0.0,VF CABLEMAX,0.0
7394,KBW,35 - 39,32.99,32.99,30.0,0.0,VF RIP U-TREUE,1.0
7395,NRW,30 - 34,39.99,39.99,30.0,0.0,RED INTERNET & PHONE CABLE U,1.0
7396,KBW,45 - 49,39.98,39.98,30.0,0.0,RED INTERNET & PHONE CABLE U,0.0
7397,NRW,45 - 49,39.99,39.99,30.0,0.0,RED INTERNET & PHONE CABLE U,0.0
7398,NRW,40 - 44,34.99,34.99,30.0,0.0,RED INTERNET & PHONE CABLE U,0.0
7399,HSN,80 and over,61.36,40.0,30.0,0.0,3PLAY FLY,0.0
7400,KBW,55 - 59,44.98,44.98,30.0,0.0,VF CABLEMAX,1.0
7401,NRW,25 - 29,39.99,39.99,30.0,0.0,RED INTERNET & PHONE CABLE U,0.0
7402,HSN,30 - 34,44.98,44.98,78.0,0.0,VF CABLEMAX,1.0
7403,NRW,40 - 44,54.99,54.99,30.0,0.0,RED INTERNET & PHONE CABLE U,0.0
7404,KBW,35 - 39,44.98,44.98,30.0,0.0,RED INTERNET & PHONE CABLE U,1.0
7405,HSN,30 - 34,47.99,47.99,30.0,0.0,VF RIP U-TREUE,0.0
7406,NRW,25 - 29,42.97,42.97,30.0,0.0,RED INTERNET & PHONE CABLE U,0.0
7407,NRW,30 - 34,69.96,49.99,30.0,0.0,RED INTERNET & PHONE CABLE U,0.0
7408,NRW,40 - 44,42.98,42.98,30.0,0.0,VF RIP U-TREUE,0.0
7409,KBW,30 - 34,34.99,34.99,30.0,0.0,RED INTERNET & PHONE CABLE U,0.0
7410,KBW,40 - 44,54.99,54.99,30.0,0.0,RED INTERNET & PHONE CABLE U,0.0
7411,KBW,18 - 24,62.98,62.98,30.0,0.0,GIGAZUHAUSE KABEL,0.0
7412,KBW,55 - 59,44.98,44.98,30.0,0.0,VF CABLEMAX,0.0
7413,NRW,50 - 54,29.99,29.99,498.0,0.0,GIGAZUHAUSE TREUE C,0.0
7414,NRW,45 - 49,44.99,44.99,30.0,0.0,GIGAZUHAUSE KABEL,0.0
7415,NRW,30 - 34,44.98,44.98,30.0,0.0,RED INTERNET & PHONE CABLE U,1.0
7416,NRW,25 - 29,39.99,39.99,30.0,0.0,RED INTERNET & PHONE CABLE U,0.0
7417,KBW,75 - 79,37.98,37.98,30.0,0.0,VF RIP U-TREUE,0.0
7418,HSN,45 - 49,47.99,47.99,30.0,0.0,VF RIP U-TREUE,1.0
7419,NRW,70 - 74,68.97,32.99,30.0,0.0,VF RIP U-TREUE,0.0
7420,KBW,25 - 29,39.99,39.99,30.0,0.0,RED INTERNET & PHONE CABLE U,1.0
7421,KBW,50 - 54,39.99,39.99,30.0,0.0,RED INTERNET & PHONE CABLE U,1.0
7422,HSN,30 - 34,39.98,39.98,30.0,0.0,VF CABLEMAX,0.0
7423,NRW,60 - 64,34.99,34.99,30.0,0.0,RED INTERNET & PHONE CABLE U,1.0
7424,KBW,30 - 34,44.98,44.98,30.0,0.0,VF CABLEMAX,0.0
7425,KBW,40 - 44,37.99,37.99,30.0,0.0,VF RIP U-TREUE,1.0
7426,KBW,25 - 29,39.99,39.99,30.0,0.0,VF RIP U-TREUE,0.0
7427,NRW,40 - 44,56.97,56.96,30.0,0.0,VF RIP U-TREUE,1.0
7428,NRW,35 - 39,39.99,39.99,30.0,0.0,RED INTERNET & PHONE CABLE U,1.0
7429,NRW,30 - 34,44.98,44.98,30.0,0.0,RED INTERNET & PHONE CABLE U,1.0
7430,NRW,35 - 39,19.99,19.99,30.0,0.0,RED INTERNET & PHONE CABLE U,0.0
7431,NRW,25 - 29,34.99,34.99,30.0,0.0,VF RIP U-TREUE,1.0
7432,KBW,35 - 39,44.98,44.98,30.0,0.0,RED INTERNET & PHONE CABLE U,1.0
7433,HSN,25 - 29,34.99,34.99,30.0,0.0,VF RIP U-TREUE,0.0
7434,NRW,45 - 49,24.99,24.99,30.0,0.0,VF RIP U-TREUE,1.0
7435,KBW,50 - 54,34.99,34.99,30.0,0.0,RED INTERNET & PHONE CABLE U,1.0
7436,HSN,55 - 59,44.98,44.98,30.0,0.0,RED INTERNET & PHONE CABLE U,0.0
7437,KBW,55 - 59,54.98,34.99,30.0,0.0,RED INTERNET & PHONE CABLE U,1.0
7438,KBW,35 - 39,29.99,29.99,30.0,0.0,VF RIP U-TREUE,1.0
7439,NRW,25 - 29,34.99,34.99,30.0,0.0,RED INTERNET & PHONE CABLE U,1.0
7440,HSN,25 - 29,24.99,24.99,318.0,0.0,GIGAZUHAUSE TREUE C,1.0
7441,NRW,50 - 54,47.97,47.97,30.0,0.0,VF CABLEMAX,0.0
7442,KBW,25 - 29,34.99,34.99,86.0,0.0,GIGAZUHAUSE TREUE C,0.0
7443,NRW,40 - 44,37.97,37.97,30.0,0.0,GIGAZUHAUSE KABEL,1.0
7444,KBW,60 - 64,44.98,44.98,30.0,0.0,VF CABLEMAX,0.0
7445,NRW,75 - 79,37.98,37.98,30.0,0.0,VF RIP U-TREUE,0.0
7446,KBW,35 - 39,44.99,44.99,30.0,0.0,GIGAZUHAUSE KABEL,1.0
7447,KBW,80 and over,34.99,34.99,30.0,0.0,RED INTERNET & PHONE CABLE U,0.0
7448,KBW,55 - 59,34.99,34.99,30.0,0.0,RED INTERNET & PHONE CABLE U,0.0
7449,NRW,30 - 34,54.99,54.99,30.0,0.0,GIGAZUHAUSE KABEL,0.0
7450,NRW,30 - 34,34.99,34.99,30.0,0.0,RED INTERNET & PHONE CABLE U,1.0
7451,NRW,50 - 54,49.97,49.97,30.0,0.0,VF CABLEMAX,1.0
7452,HSN,45 - 49,49.97,49.97,30.0,0.0,VF CABLEMAX,0.0
7453,KBW,30 - 34,72.97,37.99,30.0,0.0,VF RIP U-TREUE,1.0
7454,NRW,50 - 54,0.0,0.0,30.0,0.0,MMA,0.0
7455,NRW,55 - 59,44.98,44.98,30.0,0.0,VF CABLEMAX,1.0
7456,NRW,25 - 29,39.99,39.99,30.0,0.0,VF RIP U-TREUE,1.0
7457,KBW,50 - 54,44.98,44.98,30.0,0.0,RED INTERNET & PHONE CABLE U,1.0
7458,NRW,30 - 34,44.98,44.98,30.0,0.0,VF CABLEMAX,0.0
7459,NRW,55 - 59,39.99,39.99,30.0,0.0,RED INTERNET & PHONE CABLE U,1.0
7460,NRW,25 - 29,54.98,54.98,30.0,0.0,GIGAZUHAUSE KABEL,0.0
7461,NRW,25 - 29,49.99,49.99,30.0,0.0,RED INTERNET & PHONE CABLE U,0.0
7462,HSN,25 - 29,47.99,47.99,30.0,0.0,VF RIP U-TREUE,1.0
7463,NRW,60 - 64,39.99,39.99,30.0,0.0,VF RIP U-TREUE,1.0
7464,KBW,55 - 59,39.98,39.98,227.0,0.0,GIGAZUHAUSE KABEL,1.0
7465,NRW,50 - 54,45.97,37.97,30.0,0.0,GIGAZUHAUSE KABEL,1.0
7466,NRW,30 - 34,53.98,53.98,30.0,0.0,RED INTERNET & PHONE CABLE U,0.0
7467,HSN,55 - 59,49.99,49.99,30.0,0.0,GIGAZUHAUSE KABEL,1.0
7468,KBW,55 - 59,39.99,39.99,30.0,0.0,VF RIP U-TREUE,1.0
7469,KBW,45 - 49,34.99,34.99,30.0,0.0,RED INTERNET & PHONE CABLE U,0.0
7470,NRW,35 - 39,39.99,39.99,30.0,0.0,RED INTERNET & PHONE CABLE U,1.0
7471,NRW,60 - 64,49.99,49.99,30.0,0.0,RED INTERNET & PHONE CABLE U,0.0
7472,KBW,60 - 64,49.97,49.97,30.0,0.0,VF CABLEMAX,1.0
7473,NRW,45 - 49,34.99,34.99,30.0,0.0,RED INTERNET & PHONE CABLE U,1.0
7474,NRW,65 - 69,29.99,29.99,30.0,0.0,INTERNET PREMIUM,1.0
7475,NRW,40 - 44,44.98,44.98,30.0,0.0,VF CABLEMAX,0.0
7476,KBW,30 - 34,34.99,34.99,30.0,0.0,RED INTERNET & PHONE CABLE U,1.0
7477,KBW,65 - 69,44.97,34.98,184.0,0.0,GIGAZUHAUSE TREUE C,1.0
7478,KBW,70 - 74,34.99,34.99,30.0,0.0,RED INTERNET & PHONE CABLE U,0.0
7479,KBW,60 - 64,65.97,44.98,30.0,0.0,RED INTERNET & PHONE CABLE U,1.0
7480,NRW,25 - 29,39.99,39.99,30.0,0.0,VF RIP U-TREUE,0.0
7481,NRW,45 - 49,54.99,54.99,30.0,0.0,RED INTERNET & PHONE CABLE U,0.0
7482,KBW,60 - 64,44.98,44.98,30.0,0.0,RED INTERNET & PHONE CABLE U,0.0
7483,NRW,40 - 44,49.99,49.99,30.0,0.0,GIGAZUHAUSE KABEL,1.0
7484,NRW,30 - 34,24.99,24.99,344.0,0.0,GIGAZUHAUSE TREUE C,1.0
7485,HSN,35 - 39,39.99,39.99,30.0,0.0,RED INTERNET & PHONE CABLE U,1.0
7486,NRW,60 - 64,49.97,49.97,30.0,0.0,VF CABLEMAX,1.0
7487,NRW,65 - 69,37.98,37.98,129.0,0.0,GIGAZUHAUSE KABEL,0.0
7488,KBW,50 - 54,39.99,39.99,30.0,0.0,RED INTERNET & PHONE CABLE U,0.0
7489,NRW,55 - 59,34.99,34.99,30.0,0.0,RED INTERNET & PHONE CABLE U,0.0
7490,KBW,70 - 74,29.99,29.99,30.0,1.0,VF RIP U-TREUE,0.0
7491,KBW,65 - 69,58.94,37.96,30.0,0.0,RED INTERNET & PHONE CABLE U,0.0
7492,NRW,75 - 79,34.99,34.99,30.0,0.0,VF RIP U-TREUE,1.0
7493,NRW,55 - 59,49.99,49.99,30.0,0.0,GIGAZUHAUSE KABEL,1.0
7494,NRW,25 - 29,34.99,34.99,30.0,0.0,RED INTERNET & PHONE CABLE U,0.0
7495,HSN,35 - 39,34.99,34.99,220.0,0.0,GIGAZUHAUSE TREUE C,0.0
7496,NRW,40 - 44,44.98,44.98,30.0,0.0,RED INTERNET & PHONE CABLE U,1.0
7497,HSN,50 - 54,32.99,32.99,30.0,0.0,VF RIP U-TREUE,0.0
7498,NRW,80 and over,69.94,43.96,30.0,0.0,3PLAY START,0.0
7499,HSN,30 - 34,44.98,44.98,30.0,0.0,RED INTERNET & PHONE CABLE U,0.0
7500,KBW,55 - 59,49.99,49.99,30.0,0.0,GIGAZUHAUSE KABEL,1.0
7501,NRW,45 - 49,149.96,149.96,30.0,0.0,VF RIP U-TREUE,0.0
7502,KBW,25 - 29,49.99,49.99,30.0,0.0,GIGAZUHAUSE KABEL,1.0
7503,KBW,40 - 44,37.99,37.99,30.0,0.0,VF RIP U-TREUE,0.0
7504,NRW,50 - 54,24.99,24.99,30.0,0.0,INTERNET COMFORT,0.0
7505,NRW,35 - 39,24.98,29.98,30.0,0.0,GIGAZUHAUSE KABEL,0.0
7506,NRW,18 - 24,44.98,44.98,30.0,0.0,RED INTERNET & PHONE CABLE U,1.0
7507,KBW,35 - 39,39.99,39.99,30.0,0.0,RED INTERNET & PHONE CABLE U,0.0
7508,NRW,35 - 39,34.99,34.99,30.0,0.0,RED INTERNET & PHONE CABLE U,1.0
7509,NRW,70 - 74,47.97,37.99,30.0,0.0,VF RIP U-TREUE,1.0
7510,NRW,60 - 64,48.97,48.97,30.0,0.0,VF CABLEMAX,1.0
7511,NRW,50 - 54,54.78,54.78,30.0,0.0,3PLAY JUMP,0.0
7512,HSN,30 - 34,54.99,54.99,30.0,0.0,RED INTERNET & PHONE CABLE U,0.0
7513,NRW,45 - 49,49.99,49.99,30.0,0.0,RED INTERNET & PHONE CABLE U,0.0
7514,KBW,60 - 64,65.97,44.98,30.0,0.0,VF CABLEMAX,0.0
7515,KBW,35 - 39,68.96,44.98,39.0,0.0,VF CABLEMAX,1.0
7516,NRW,30 - 34,44.98,44.98,30.0,0.0,RED INTERNET & PHONE CABLE U,1.0
7517,NRW,40 - 44,29.99,29.99,30.0,0.0,VF RIP U-TREUE,0.0
7518,NRW,30 - 34,39.98,39.98,30.0,0.0,GIGAZUHAUSE KABEL,0.0
7519,NRW,40 - 44,32.99,32.99,30.0,0.0,VF RIP U-TREUE,1.0
7520,KBW,50 - 54,49.97,49.97,30.0,0.0,VF CABLEMAX,1.0
7521,NRW,35 - 39,49.97,49.97,30.0,0.0,VF CABLEMAX,0.0
7522,NRW,30 - 34,39.99,39.99,30.0,0.0,RED INTERNET & PHONE CABLE U,1.0
7523,NRW,45 - 49,55.98,34.99,30.0,0.0,RED INTERNET & PHONE CABLE U,0.0
7524,KBW,40 - 44,49.97,49.97,30.0,0.0,VF CABLEMAX,1.0
7525,NRW,55 - 59,34.99,34.99,30.0,0.0,RED INTERNET & PHONE CABLE U,0.0
7526,KBW,45 - 49,19.99,29.99,30.0,0.0,RED INTERNET & PHONE CABLE U,0.0
7527,NRW,55 - 59,34.99,34.99,30.0,0.0,RED INTERNET & PHONE CABLE U,1.0
7528,KBW,35 - 39,44.98,44.98,30.0,0.0,RED INTERNET & PHONE CABLE U,1.0
7529,KBW,35 - 39,54.99,54.99,30.0,0.0,RED INTERNET & PHONE CABLE U,0.0
7530,NRW,55 - 59,39.99,39.99,30.0,0.0,VF RIP U-TREUE,0.0
7531,NRW,70 - 74,34.99,34.99,30.0,0.0,RED INTERNET & PHONE CABLE U,0.0
7532,NRW,25 - 29,39.99,39.99,30.0,0.0,VF RIP U-TREUE,1.0
7533,NRW,not available,0.0,0.0,30.0,0.0,MMA,0.0
7534,KBW,30 - 34,34.99,34.99,30.0,0.0,RED INTERNET & PHONE CABLE U,1.0
7535,HSN,25 - 29,44.98,44.97,30.0,0.0,RED INTERNET & PHONE CABLE U,1.0
7536,KBW,35 - 39,34.99,34.99,30.0,0.0,RED INTERNET & PHONE CABLE U,1.0
7537,KBW,80 and over,65.97,44.98,30.0,0.0,VF CABLEMAX,1.0
7538,NRW,35 - 39,35.99,35.87,637.0,0.0,GIGAZUHAUSE TREUE B,1.0
7539,HSN,35 - 39,49.97,39.98,30.0,0.0,VF CABLEMAX,1.0
7540,NRW,35 - 39,39.99,39.99,30.0,0.0,RED INTERNET & PHONE CABLE U,1.0
7541,HSN,50 - 54,34.99,34.99,30.0,0.0,RED INTERNET & PHONE CABLE U,0.0
7542,KBW,40 - 44,34.99,34.99,30.0,0.0,RED INTERNET & PHONE CABLE U,0.0
7543,HSN,25 - 29,34.99,34.99,30.0,0.0,RED INTERNET & PHONE CABLE U,1.0
7544,HSN,30 - 34,39.99,39.99,30.0,0.0,RED INTERNET & PHONE CABLE U,1.0
7545,KBW,50 - 54,44.98,44.98,30.0,0.0,VF CABLEMAX,1.0
7546,NRW,80 and over,40.86,40.86,30.0,0.0,3PLAY,1.0
7547,NRW,40 - 44,39.98,39.98,30.0,0.0,GIGAZUHAUSE KABEL,0.0
7548,KBW,18 - 24,48.97,48.97,30.0,0.0,RED INTERNET & PHONE CABLE U,1.0
7549,HSN,40 - 44,34.99,34.99,30.0,0.0,RED INTERNET & PHONE CABLE U,1.0
7550,KBW,80 and over,34.99,34.99,30.0,0.0,VF CABLEMAX,1.0
7551,KBW,30 - 34,44.98,44.98,30.0,0.0,RED INTERNET & PHONE CABLE U,0.0
7552,HSN,25 - 29,44.98,44.98,30.0,0.0,RED INTERNET & PHONE CABLE U,1.0
7553,KBW,25 - 29,34.99,34.99,30.0,0.0,RED INTERNET & PHONE CABLE U,1.0
7554,NRW,35 - 39,44.98,44.98,30.0,1.0,RED INTERNET & PHONE CABLE U,1.0
7555,KBW,60 - 64,39.99,39.99,30.0,0.0,VF RIP U-TREUE,0.0
7556,HSN,25 - 29,34.99,34.99,30.0,0.0,RED INTERNET & PHONE CABLE U,1.0
7557,NRW,70 - 74,29.99,29.99,30.0,0.0,VF RIP U-TREUE,0.0
7558,NRW,30 - 34,29.99,29.99,30.0,0.0,RED INTERNET & PHONE CABLE U,0.0
7559,NRW,65 - 69,62.98,37.99,30.0,0.0,VF RIP U-TREUE,0.0
7560,NRW,30 - 34,34.99,34.99,30.0,0.0,RED INTERNET & PHONE CABLE U,1.0
7561,KBW,35 - 39,44.98,44.98,30.0,0.0,VF CABLEMAX,1.0
7562,NRW,60 - 64,34.98,34.98,30.0,0.0,VF RIP U-TREUE,0.0
7563,NRW,60 - 64,34.99,34.99,30.0,0.0,RED INTERNET & PHONE CABLE U,1.0
7564,HSN,25 - 29,44.98,44.98,30.0,0.0,VF CABLEMAX,0.0
7565,KBW,25 - 29,39.99,39.99,30.0,0.0,RED INTERNET & PHONE CABLE U,1.0
7566,HSN,80 and over,35.86,35.86,30.0,0.0,3PLAY,1.0
7567,NRW,60 - 64,39.99,39.99,30.0,0.0,VF RIP U-TREUE,0.0
7568,NRW,30 - 34,44.98,44.98,30.0,0.0,RED INTERNET & PHONE CABLE U,1.0
7569,NRW,80 and over,34.99,34.99,30.0,0.0,RED INTERNET & PHONE CABLE U,0.0
7570,NRW,55 - 59,48.97,48.97,30.0,1.0,RED INTERNET & PHONE CABLE U,1.0
7571,NRW,35 - 39,34.99,34.99,30.0,0.0,RED INTERNET & PHONE CABLE U,1.0
7572,KBW,35 - 39,43.97,43.97,30.0,0.0,RED INTERNET & PHONE CABLE U,1.0
7573,NRW,30 - 34,37.99,37.99,30.0,0.0,VF RIP U-TREUE,0.0
7574,KBW,60 - 64,58.98,58.98,30.0,0.0,RED INTERNET & PHONE CABLE U,0.0
7575,NRW,40 - 44,40.0,40.0,30.0,0.0,RED INTERNET & PHONE CABLE U,0.0
7576,NRW,70 - 74,19.99,19.99,30.0,0.0,RED INTERNET & PHONE CABLE U,0.0
7577,NRW,65 - 69,28.98,28.98,30.0,0.0,RED INTERNET & PHONE CABLE U,1.0
7578,HSN,50 - 54,49.99,49.99,30.0,0.0,RED INTERNET & PHONE CABLE U,1.0
7579,NRW,45 - 49,54.97,34.99,30.0,0.0,RED INTERNET & PHONE CABLE U,0.0
7580,NRW,40 - 44,74.95,39.98,30.0,0.0,RED INTERNET & PHONE CABLE U,1.0
7581,KBW,45 - 49,49.99,49.99,30.0,0.0,RED INTERNET & PHONE CABLE U,0.0
7582,NRW,25 - 29,34.99,34.99,30.0,0.0,RED INTERNET & PHONE CABLE U,1.0
7583,NRW,60 - 64,47.97,47.97,597.0,0.0,RED INTERNET & PHONE CABLE U,1.0
7584,NRW,30 - 34,32.99,32.99,30.0,0.0,VF RIP U-TREUE,0.0
7585,NRW,30 - 34,34.99,34.99,30.0,0.0,RED INTERNET & PHONE CABLE U,0.0
7586,KBW,30 - 34,39.99,39.99,30.0,0.0,RED INTERNET & PHONE CABLE U,1.0
7587,NRW,70 - 74,0.0,0.0,30.0,0.0,MMA,1.0
7588,KBW,70 - 74,34.99,34.99,30.0,0.0,VF RIP U-TREUE,1.0
7589,KBW,35 - 39,42.97,42.97,30.0,0.0,RED INTERNET & PHONE CABLE U,0.0
7590,NRW,55 - 59,44.99,44.99,186.0,0.0,GIGAZUHAUSE KABEL,0.0
7591,NRW,40 - 44,34.99,34.99,30.0,0.0,VF RIP U-TREUE,1.0
7592,KBW,50 - 54,29.99,29.99,283.0,0.0,GIGAZUHAUSE TREUE C,0.0
7593,NRW,40 - 44,44.98,44.98,30.0,0.0,RED INTERNET & PHONE CABLE U,1.0
7594,NRW,60 - 64,44.98,44.98,30.0,0.0,VF CABLEMAX,0.0
7595,NRW,25 - 29,49.99,49.99,30.0,0.0,GIGAZUHAUSE KABEL,1.0
7596,HSN,40 - 44,39.99,39.99,30.0,0.0,RED INTERNET & PHONE CABLE U,1.0
7597,NRW,35 - 39,44.99,44.99,135.0,0.0,GIGAZUHAUSE KABEL,0.0
7598,NRW,18 - 24,29.99,29.99,30.0,0.0,RED INTERNET & PHONE CABLE U,0.0
7599,NRW,30 - 34,44.98,44.98,30.0,0.0,RED INTERNET & PHONE CABLE U,0.0
7600,HSN,30 - 34,39.99,39.99,30.0,0.0,RED INTERNET & PHONE CABLE U,1.0
7601,NRW,75 - 79,52.98,52.98,304.0,0.0,GIGAZUHAUSE TREUE C,0.0
7602,NRW,30 - 34,34.99,34.99,30.0,0.0,RED INTERNET & PHONE CABLE U,1.0
7603,NRW,40 - 44,39.99,39.99,30.0,0.0,VF RIP U-TREUE,0.0
7604,NRW,70 - 74,34.99,34.99,30.0,0.0,RED INTERNET & PHONE CABLE U,0.0
7605,KBW,35 - 39,34.99,34.99,30.0,0.0,RED INTERNET & PHONE CABLE U,0.0
7606,NRW,80 and over,60.98,39.99,30.0,0.0,VF RIP U-TREUE,0.0
7607,KBW,50 - 54,59.98,39.99,30.0,0.0,RED INTERNET & PHONE CABLE U,0.0
7608,KBW,75 - 79,34.99,34.99,30.0,0.0,RED INTERNET & PHONE CABLE U,0.0
7609,NRW,45 - 49,32.97,32.95,30.0,0.0,RED INTERNET & PHONE CABLE U,0.0
7610,NRW,30 - 34,64.97,49.99,30.0,0.0,RED INTERNET & PHONE CABLE U,1.0
7611,NRW,25 - 29,39.98,39.98,162.0,0.0,GIGAZUHAUSE KABEL,1.0
7612,NRW,35 - 39,59.99,59.99,30.0,0.0,GIGAZUHAUSE KABEL,0.0
7613,NRW,55 - 59,55.97,34.99,30.0,0.0,RED INTERNET & PHONE CABLE U,0.0
7614,NRW,60 - 64,42.97,42.97,30.0,0.0,RED INTERNET & PHONE CABLE U,1.0
7615,KBW,70 - 74,57.97,37.98,668.0,0.0,GIGAZUHAUSE TREUE B,0.0
7616,NRW,30 - 34,44.98,44.98,30.0,0.0,VF CABLEMAX,1.0
7617,NRW,60 - 64,42.97,42.97,30.0,0.0,GIGAZUHAUSE KABEL,0.0
7618,KBW,70 - 74,34.99,34.99,30.0,0.0,RED INTERNET & PHONE CABLE U,0.0
7619,NRW,60 - 64,38.98,38.98,30.0,0.0,RED INTERNET & PHONE CABLE U,0.0
7620,NRW,40 - 44,34.99,34.99,30.0,0.0,RED INTERNET & PHONE CABLE U,0.0
7621,HSN,30 - 34,34.99,34.99,30.0,0.0,RED INTERNET & PHONE CABLE U,0.0
7622,KBW,65 - 69,42.97,42.97,30.0,0.0,RED INTERNET & PHONE CABLE U,0.0
7623,NRW,65 - 69,74.96,53.97,30.0,0.0,GIGAZUHAUSE KABEL,0.0
7624,NRW,65 - 69,60.95,44.98,30.0,0.0,VF CABLEMAX,1.0
7625,NRW,30 - 34,44.98,44.98,30.0,0.0,RED INTERNET & PHONE CABLE U,1.0
7626,KBW,55 - 59,32.99,32.99,30.0,0.0,VF RIP U-TREUE,0.0
7627,HSN,30 - 34,39.99,39.99,30.0,0.0,RED INTERNET & PHONE CABLE U,1.0
7628,HSN,30 - 34,49.99,49.99,30.0,0.0,RED INTERNET & PHONE CABLE U,0.0
7629,HSN,65 - 69,29.99,29.99,30.0,0.0,RED INTERNET & PHONE CABLE U,1.0
7630,KBW,25 - 29,39.99,39.99,30.0,0.0,VF RIP U-TREUE,0.0
7631,KBW,35 - 39,49.97,49.97,30.0,0.0,VF CABLEMAX,1.0
7632,HSN,50 - 54,39.99,39.99,30.0,0.0,RED INTERNET & PHONE CABLE U,1.0
7633,NRW,80 and over,34.99,34.99,30.0,0.0,RED INTERNET & PHONE CABLE U,0.0
7634,NRW,60 - 64,29.99,29.99,30.0,0.0,VF RIP U-TREUE,0.0
7635,NRW,45 - 49,44.98,44.98,30.0,0.0,VF CABLEMAX,0.0
7636,KBW,25 - 29,49.97,49.97,30.0,0.0,VF CABLEMAX,1.0
7637,KBW,50 - 54,44.98,44.98,30.0,0.0,VF CABLEMAX,1.0
7638,KBW,65 - 69,42.97,42.97,30.0,0.0,VF CABLEMAX,0.0
7639,NRW,55 - 59,42.98,42.98,30.0,0.0,VF RIP U-TREUE,1.0
7640,KBW,30 - 34,34.99,34.99,30.0,0.0,GIGAZUHAUSE KABEL,1.0
7641,HSN,80 and over,39.98,39.98,30.0,0.0,VF CABLEMAX,0.0
7642,NRW,55 - 59,47.99,47.99,30.0,0.0,VF RIP U-TREUE,1.0
7643,NRW,70 - 74,70.96,44.98,30.0,0.0,VF CABLEMAX,1.0
7644,NRW,35 - 39,49.99,49.99,30.0,0.0,RED INTERNET & PHONE CABLE U,1.0
7645,KBW,18 - 24,44.98,44.98,30.0,0.0,RED INTERNET & PHONE CABLE U,0.0
7646,HSN,65 - 69,63.97,42.98,30.0,0.0,VF RIP U-TREUE,1.0
7647,NRW,55 - 59,44.98,44.98,30.0,0.0,RED INTERNET & PHONE CABLE U,1.0
7648,NRW,55 - 59,59.99,59.99,30.0,0.0,GIGAZUHAUSE KABEL,0.0
7649,KBW,80 and over,29.99,29.99,30.0,0.0,VF RIP U-TREUE,0.0
7650,NRW,25 - 29,49.99,49.99,30.0,1.0,GIGAZUHAUSE KABEL,0.0
7651,KBW,35 - 39,44.98,44.98,30.0,0.0,RED INTERNET & PHONE CABLE U,1.0
7652,KBW,25 - 29,79.96,49.99,30.0,0.0,GIGAZUHAUSE KABEL,0.0
7653,KBW,30 - 34,39.99,39.99,30.0,0.0,VF RIP U-TREUE,0.0
7654,NRW,35 - 39,42.97,42.97,30.0,0.0,RED INTERNET & PHONE CABLE U,0.0
7655,HSN,55 - 59,65.97,44.98,30.0,0.0,RED INTERNET & PHONE CABLE U,1.0
7656,KBW,45 - 49,32.97,32.97,30.0,0.0,RED INTERNET & PHONE CABLE U,0.0
7657,NRW,80 and over,29.99,29.99,30.0,0.0,INTERNET PREMIUM,0.0
7658,KBW,40 - 44,44.98,44.98,30.0,0.0,VF CABLEMAX,0.0
7659,HSN,18 - 24,34.99,34.99,30.0,0.0,RED INTERNET & PHONE CABLE U,1.0
7660,HSN,18 - 24,42.97,42.97,30.0,0.0,RED INTERNET & PHONE CABLE U,0.0
7661,KBW,30 - 34,39.99,39.99,30.0,0.0,RED INTERNET & PHONE CABLE U,0.0
7662,NRW,30 - 34,34.99,34.99,30.0,0.0,RED INTERNET & PHONE CABLE U,1.0
7663,KBW,45 - 49,44.99,44.99,30.0,0.0,GIGAZUHAUSE KABEL,0.0
7664,HSN,60 - 64,38.98,38.98,30.0,0.0,RED INTERNET & PHONE CABLE U,1.0
7665,NRW,40 - 44,34.99,34.99,30.0,0.0,RED INTERNET & PHONE CABLE U,0.0
7666,NRW,30 - 34,48.99,48.99,30.0,0.0,GIGAZUHAUSE KABEL,1.0
7667,KBW,45 - 49,39.98,39.98,30.0,0.0,RED INTERNET & PHONE CABLE U,0.0
7668,KBW,55 - 59,39.99,39.99,30.0,0.0,RED INTERNET & PHONE CABLE U,1.0
7669,KBW,55 - 59,34.99,34.99,30.0,0.0,RED INTERNET & PHONE CABLE U,0.0
7670,NRW,40 - 44,34.99,34.99,30.0,0.0,RED INTERNET & PHONE CABLE U,1.0
7671,KBW,25 - 29,54.99,54.99,30.0,0.0,RED INTERNET & PHONE CABLE U,0.0
7672,KBW,45 - 49,37.99,37.99,30.0,0.0,VF RIP U-TREUE,1.0
7673,KBW,50 - 54,35.97,35.98,30.0,0.0,2PLAY PLUS,1.0
7674,KBW,70 - 74,37.99,37.99,30.0,0.0,VF RIP U-TREUE,0.0
7675,NRW,60 - 64,44.98,44.98,30.0,0.0,RED INTERNET & PHONE CABLE U,0.0
7676,HSN,55 - 59,37.99,37.99,30.0,0.0,VF RIP U-TREUE,0.0
7677,KBW,50 - 54,49.97,49.97,30.0,0.0,VF CABLEMAX,0.0
7678,NRW,25 - 29,34.99,34.99,30.0,0.0,RED INTERNET & PHONE CABLE U,1.0
7679,HSN,45 - 49,48.97,48.97,30.0,0.0,RED INTERNET & PHONE CABLE U,1.0
7680,HSN,30 - 34,49.99,49.99,30.0,0.0,RED INTERNET & PHONE CABLE U,0.0
7681,HSN,30 - 34,44.98,44.98,30.0,0.0,RED INTERNET & PHONE CABLE U,0.0
7682,NRW,30 - 34,39.98,39.98,30.0,0.0,VF CABLEMAX,1.0
7683,KBW,80 and over,33.74,33.0,30.0,0.0,RED INTERNET & PHONE CABLE U,1.0
7684,HSN,30 - 34,44.98,44.98,30.0,0.0,RED INTERNET & PHONE CABLE U,0.0
7685,NRW,70 - 74,34.99,34.99,30.0,0.0,RED INTERNET & PHONE CABLE U,1.0
7686,KBW,25 - 29,63.97,63.97,30.0,0.0,RED INTERNET & PHONE CABLE U,0.0
7687,NRW,50 - 54,61.96,40.97,30.0,0.0,3PLAY SMART,1.0
7688,KBW,35 - 39,44.98,44.98,30.0,0.0,RED INTERNET & PHONE CABLE U,1.0
7689,KBW,35 - 39,44.98,44.98,30.0,0.0,RED INTERNET & PHONE CABLE U,1.0
7690,NRW,55 - 59,54.99,54.99,30.0,0.0,RED INTERNET & PHONE CABLE U,1.0
7691,NRW,30 - 34,29.99,29.99,30.0,0.0,VF RIP U-TREUE,1.0
7692,NRW,50 - 54,44.98,44.98,30.0,0.0,VF CABLEMAX,0.0
7693,KBW,45 - 49,44.98,44.98,30.0,0.0,VF CABLEMAX,0.0
7694,KBW,65 - 69,39.99,39.99,30.0,0.0,RED INTERNET & PHONE CABLE U,0.0
7695,NRW,35 - 39,34.99,34.99,30.0,0.0,RED INTERNET & PHONE CABLE U,1.0
7696,NRW,35 - 39,39.99,39.99,30.0,0.0,RED INTERNET & PHONE CABLE U,1.0
7697,KBW,65 - 69,39.98,39.98,30.0,0.0,RED INTERNET & PHONE CABLE U,0.0
7698,KBW,55 - 59,34.99,34.99,30.0,0.0,RED INTERNET & PHONE CABLE U,1.0
7699,HSN,35 - 39,34.99,34.99,30.0,0.0,VF RIP U-TREUE,0.0
7700,KBW,45 - 49,49.97,49.97,30.0,0.0,VF CABLEMAX,0.0
7701,HSN,40 - 44,39.98,39.98,30.0,0.0,VF CABLEMAX,0.0
7702,HSN,80 and over,44.98,44.98,30.0,0.0,VF CABLEMAX,1.0
7703,NRW,40 - 44,34.99,34.99,30.0,0.0,RED INTERNET & PHONE CABLE U,1.0
7704,HSN,60 - 64,29.99,29.99,186.0,0.0,GIGAZUHAUSE TREUE C,0.0
7705,KBW,35 - 39,32.99,32.99,30.0,0.0,VF RIP U-TREUE,0.0
7706,KBW,45 - 49,29.99,29.99,30.0,0.0,RED INTERNET & PHONE CABLE U,0.0
7707,NRW,30 - 34,34.99,34.99,30.0,0.0,VF RIP U-TREUE,1.0
7708,KBW,80 and over,33.74,33.74,30.0,0.0,2PLAY,1.0
7709,NRW,55 - 59,63.96,42.97,30.0,0.0,RED INTERNET & PHONE CABLE U,1.0
7710,KBW,30 - 34,48.97,48.97,30.0,0.0,RED INTERNET & PHONE CABLE U,1.0
7711,NRW,35 - 39,39.99,39.99,30.0,1.0,RED INTERNET & PHONE CABLE U,0.0
7712,HSN,80 and over,34.99,34.99,30.0,0.0,RED INTERNET & PHONE CABLE U,0.0
7713,KBW,65 - 69,44.98,44.98,30.0,0.0,VF CABLEMAX,1.0
7714,HSN,50 - 54,59.96,44.98,30.0,0.0,VF CABLEMAX,0.0
7715,KBW,30 - 34,44.98,44.98,30.0,0.0,RED INTERNET & PHONE CABLE U,1.0
7716,NRW,50 - 54,34.99,34.99,30.0,0.0,RED INTERNET & PHONE CABLE U,1.0
7717,KBW,50 - 54,44.98,44.98,30.0,0.0,RED INTERNET & PHONE CABLE U,1.0
7718,HSN,40 - 44,44.97,44.97,30.0,1.0,VF CABLEMAX,0.0
7719,NRW,25 - 29,42.97,42.97,30.0,0.0,GIGAZUHAUSE KABEL,1.0
7720,NRW,50 - 54,44.98,44.98,30.0,0.0,RED INTERNET & PHONE CABLE U,0.0
7721,NRW,25 - 29,42.97,42.97,30.0,0.0,GIGAZUHAUSE KABEL,1.0
7722,NRW,70 - 74,39.99,39.99,30.0,0.0,RED INTERNET & PHONE CABLE U,0.0
7723,KBW,50 - 54,39.99,39.99,30.0,0.0,RED INTERNET & PHONE CABLE U,1.0
7724,NRW,30 - 34,44.98,44.98,30.0,0.0,VF CABLEMAX,1.0
7725,NRW,40 - 44,24.99,24.99,30.0,0.0,INTERNET COMFORT,0.0
7726,NRW,30 - 34,37.98,37.98,30.0,0.0,VF RIP U-TREUE,0.0
7727,NRW,60 - 64,44.98,44.98,30.0,0.0,VF CABLEMAX,1.0
7728,NRW,40 - 44,39.99,39.99,30.0,0.0,RED INTERNET & PHONE CABLE U,0.0
7729,KBW,55 - 59,49.97,49.97,30.0,0.0,VF CABLEMAX,1.0
7730,KBW,65 - 69,34.99,34.99,30.0,0.0,RED INTERNET & PHONE CABLE U,0.0
7731,NRW,45 - 49,24.99,24.99,30.0,0.0,INTERNET COMFORT,0.0
7732,KBW,35 - 39,44.97,44.97,30.0,0.0,VF CABLEMAX,0.0
7733,HSN,25 - 29,43.97,43.97,200.0,0.0,GIGAZUHAUSE KABEL,1.0
7734,NRW,35 - 39,34.99,34.99,30.0,0.0,RED INTERNET & PHONE CABLE U,0.0
7735,HSN,30 - 34,32.99,32.99,30.0,0.0,VF RIP U-TREUE,1.0
7736,NRW,50 - 54,72.95,62.96,30.0,0.0,3PLAY PLUS,0.0
7737,NRW,45 - 49,65.93,44.98,30.0,0.0,RED INTERNET & PHONE CABLE U,1.0
7738,NRW,45 - 49,44.98,44.98,30.0,0.0,RED INTERNET & PHONE CABLE U,0.0
7739,NRW,50 - 54,34.99,34.99,30.0,0.0,RED INTERNET & PHONE CABLE U,0.0
7740,NRW,45 - 49,44.98,44.98,30.0,0.0,VF CABLEMAX,1.0
7741,KBW,75 - 79,30.95,30.95,30.0,0.0,RED INTERNET & PHONE CABLE U,1.0
7742,KBW,25 - 29,34.99,34.99,30.0,0.0,RED INTERNET & PHONE CABLE U,1.0
7743,NRW,25 - 29,34.99,34.99,30.0,0.0,RED INTERNET & PHONE CABLE U,1.0
7744,NRW,30 - 34,48.97,48.97,30.0,0.0,VF CABLEMAX,0.0
7745,KBW,35 - 39,39.99,39.99,30.0,0.0,RED INTERNET & PHONE CABLE U,0.0
7746,NRW,25 - 29,44.98,44.98,30.0,0.0,VF CABLEMAX,1.0
7747,NRW,45 - 49,54.98,54.98,30.0,0.0,1PLAY,0.0
7748,NRW,50 - 54,44.98,44.98,30.0,0.0,RED INTERNET & PHONE CABLE U,1.0
7749,KBW,55 - 59,42.98,42.98,30.0,0.0,VF RIP U-TREUE,0.0
7750,HSN,40 - 44,34.99,34.99,30.0,0.0,RED INTERNET & PHONE CABLE U,1.0
7751,NRW,30 - 34,44.98,44.98,30.0,0.0,RED INTERNET & PHONE CABLE U,1.0
7752,KBW,25 - 29,34.99,34.99,30.0,0.0,RED INTERNET & PHONE CABLE U,1.0
7753,KBW,40 - 44,49.97,49.97,30.0,0.0,VF CABLEMAX,0.0
7754,NRW,40 - 44,48.97,48.97,30.0,0.0,VF CABLEMAX,0.0
7755,NRW,55 - 59,44.98,44.98,99.0,0.0,RED INTERNET & PHONE CABLE U,1.0
7756,KBW,25 - 29,44.98,44.98,30.0,0.0,VF CABLEMAX,1.0
7757,KBW,60 - 64,24.99,24.99,30.0,0.0,INTERNET COMFORT,0.0
7758,KBW,25 - 29,38.98,38.98,30.0,0.0,GIGAZUHAUSE KABEL,0.0
7759,NRW,40 - 44,34.99,34.99,30.0,0.0,RED INTERNET & PHONE CABLE U,0.0
7760,KBW,60 - 64,44.97,44.97,30.0,0.0,VF CABLEMAX,1.0
7761,KBW,35 - 39,29.99,29.99,30.0,0.0,VF RIP U-TREUE,1.0
7762,NRW,55 - 59,68.96,9.98,30.0,0.0,HSI HZ BOX ONLY,0.0
7763,NRW,25 - 29,34.99,34.99,30.0,0.0,RED INTERNET & PHONE CABLE U,0.0
7764,KBW,30 - 34,39.99,39.99,30.0,0.0,VF RIP U-TREUE,1.0
7765,NRW,30 - 34,39.99,39.99,30.0,0.0,RED INTERNET & PHONE CABLE U,0.0
7766,NRW,18 - 24,34.99,34.99,30.0,0.0,RED INTERNET & PHONE CABLE U,1.0
7767,KBW,55 - 59,42.98,42.98,30.0,0.0,VF RIP U-TREUE,0.0
7768,NRW,25 - 29,49.99,49.99,30.0,0.0,GIGAZUHAUSE KABEL,1.0
7769,KBW,40 - 44,29.99,29.99,30.0,0.0,INTERNET PREMIUM,1.0
7770,NRW,65 - 69,24.99,24.99,30.0,0.0,INTERNET COMFORT,1.0
7771,NRW,65 - 69,48.97,48.97,30.0,0.0,VF CABLEMAX,0.0
7772,NRW,25 - 29,39.99,39.99,30.0,0.0,RED INTERNET & PHONE CABLE U,0.0
7773,HSN,30 - 34,34.99,34.99,30.0,0.0,RED INTERNET & PHONE CABLE U,1.0
7774,NRW,50 - 54,59.96,39.99,30.0,0.0,VF RIP U-TREUE,0.0
7775,HSN,55 - 59,32.99,32.99,30.0,0.0,VF RIP U-TREUE,1.0
7776,NRW,60 - 64,57.97,42.98,30.0,0.0,VF RIP U-TREUE,0.0
7777,HSN,80 and over,61.89,40.9,30.0,0.0,RED INTERNET & PHONE CABLE U,0.0
7778,NRW,55 - 59,49.99,49.99,30.0,0.0,VF RIP U-TREUE,1.0
7779,HSN,30 - 34,37.99,37.99,30.0,0.0,VF RIP U-TREUE,0.0
7780,NRW,50 - 54,29.99,29.99,30.0,0.0,VF RIP U-TREUE,1.0
7781,KBW,30 - 34,44.98,44.98,30.0,0.0,VF RIP U-TREUE,0.0
7782,NRW,30 - 34,38.98,38.98,30.0,0.0,RED INTERNET & PHONE CABLE U,1.0
7783,HSN,55 - 59,54.98,54.98,30.0,0.0,GIGAZUHAUSE KABEL,0.0
7784,NRW,80 and over,49.97,49.97,30.0,0.0,VF CABLEMAX,0.0
7785,KBW,50 - 54,29.99,29.99,30.0,0.0,RED INTERNET & PHONE CABLE U,1.0
7786,NRW,55 - 59,44.98,44.98,30.0,0.0,RED INTERNET & PHONE CABLE U,1.0
7787,NRW,70 - 74,54.98,34.99,30.0,0.0,RED INTERNET & PHONE CABLE U,1.0
7788,NRW,40 - 44,53.98,53.98,30.0,0.0,RED INTERNET & PHONE CABLE U,1.0
7789,NRW,35 - 39,44.98,44.98,30.0,0.0,RED INTERNET & PHONE CABLE U,1.0
7790,NRW,65 - 69,37.98,37.98,30.0,0.0,VF RIP U-TREUE,1.0
7791,NRW,35 - 39,44.98,44.98,30.0,0.0,VF CABLEMAX,0.0
7792,NRW,70 - 74,70.84,50.84,30.0,0.0,2PLAY TREUE,1.0
7793,NRW,50 - 54,32.99,32.99,30.0,0.0,VF RIP U-TREUE,1.0
7794,NRW,35 - 39,39.99,39.99,30.0,0.0,RED INTERNET & PHONE CABLE U,1.0
7795,HSN,55 - 59,68.94,47.97,30.0,0.0,RED INTERNET & PHONE CABLE U,0.0
7796,NRW,40 - 44,44.98,44.98,30.0,0.0,VF CABLEMAX,1.0
7797,HSN,60 - 64,49.99,49.99,30.0,0.0,GIGAZUHAUSE KABEL,0.0
7798,NRW,50 - 54,44.98,44.98,30.0,0.0,RED INTERNET & PHONE CABLE U,1.0
7799,NRW,35 - 39,39.99,39.99,30.0,0.0,VF RIP U-TREUE,0.0
7800,NRW,40 - 44,34.99,34.99,30.0,0.0,RED INTERNET & PHONE CABLE U,1.0
7801,NRW,40 - 44,38.98,38.98,30.0,0.0,RED INTERNET & PHONE CABLE U,0.0
7802,KBW,40 - 44,39.99,39.99,30.0,0.0,VF RIP U-TREUE,1.0
7803,NRW,35 - 39,34.99,34.99,30.0,0.0,RED INTERNET & PHONE CABLE U,0.0
7804,HSN,55 - 59,39.98,39.98,122.0,0.0,GIGAZUHAUSE KABEL,0.0
7805,NRW,30 - 34,34.99,34.99,30.0,0.0,RED INTERNET & PHONE CABLE U,0.0
7806,NRW,60 - 64,29.99,29.99,30.0,0.0,VF RIP U-TREUE,1.0
7807,NRW,30 - 34,44.98,44.98,30.0,0.0,VF CABLEMAX,1.0
7808,KBW,30 - 34,29.99,29.99,30.0,0.0,VF RIP U-TREUE,1.0
7809,KBW,40 - 44,59.96,59.96,30.0,0.0,GIGAZUHAUSE KABEL,0.0
7810,KBW,25 - 29,39.99,39.99,30.0,0.0,VF RIP U-TREUE,0.0
7811,HSN,50 - 54,34.99,34.99,30.0,0.0,RED INTERNET & PHONE CABLE U,0.0
7812,HSN,60 - 64,34.99,34.99,30.0,0.0,RED INTERNET & PHONE CABLE U,1.0
7813,NRW,30 - 34,39.99,39.99,30.0,0.0,RED INTERNET & PHONE CABLE U,1.0
7814,KBW,50 - 54,34.99,34.99,30.0,0.0,RED INTERNET & PHONE CABLE U,1.0
7815,NRW,60 - 64,49.97,49.97,30.0,0.0,VF CABLEMAX,1.0
7816,NRW,55 - 59,29.99,29.99,30.0,0.0,VF RIP U-TREUE,1.0
7817,HSN,45 - 49,44.99,44.99,148.0,0.0,GIGAZUHAUSE TREUE B,0.0
7818,NRW,25 - 29,42.97,42.97,30.0,0.0,RED INTERNET & PHONE CABLE U,1.0
7819,KBW,55 - 59,35.94,35.94,30.0,0.0,GIGAZUHAUSE KABEL,1.0
7820,NRW,40 - 44,29.99,29.99,30.0,0.0,RED INTERNET & PHONE CABLE U,1.0
7821,NRW,25 - 29,39.99,39.99,30.0,0.0,RED INTERNET & PHONE CABLE U,0.0
7822,NRW,30 - 34,39.99,39.99,30.0,0.0,VF RIP U-TREUE,0.0
7823,NRW,35 - 39,44.98,44.98,30.0,0.0,RED INTERNET & PHONE CABLE U,0.0
7824,NRW,35 - 39,39.99,39.99,30.0,0.0,VF RIP U-TREUE,1.0
7825,KBW,25 - 29,44.98,44.98,30.0,0.0,RED INTERNET & PHONE CABLE U,1.0
7826,KBW,70 - 74,34.99,34.99,30.0,0.0,RED INTERNET & PHONE CABLE U,0.0
7827,NRW,65 - 69,34.99,34.99,30.0,0.0,RED INTERNET & PHONE CABLE U,1.0
7828,KBW,65 - 69,27.99,27.99,30.0,0.0,VF RIP U-TREUE,0.0
7829,KBW,35 - 39,34.99,34.99,30.0,0.0,RED INTERNET & PHONE CABLE U,1.0
7830,NRW,60 - 64,47.98,47.98,30.0,0.0,GIGAZUHAUSE KABEL,0.0
7831,NRW,30 - 34,44.98,44.98,30.0,0.0,RED INTERNET & PHONE CABLE U,0.0
7832,KBW,25 - 29,44.99,44.99,171.0,0.0,GIGAZUHAUSE KABEL,0.0
7833,KBW,50 - 54,74.95,44.98,30.0,0.0,VF CABLEMAX,1.0
7834,NRW,60 - 64,54.99,54.99,30.0,0.0,RED INTERNET & PHONE CABLE U,1.0
7835,KBW,30 - 34,49.97,49.97,30.0,0.0,VF CABLEMAX,1.0
7836,NRW,35 - 39,39.99,39.99,30.0,0.0,RED INTERNET & PHONE CABLE U,1.0
7837,NRW,30 - 34,44.98,44.98,30.0,0.0,RED INTERNET & PHONE CABLE U,1.0
7838,KBW,45 - 49,47.98,37.98,365.0,0.0,GIGAZUHAUSE TREUE B,0.0
7839,NRW,60 - 64,44.98,44.98,30.0,0.0,RED INTERNET & PHONE CABLE U,0.0
7840,KBW,65 - 69,44.98,44.98,30.0,0.0,VF CABLEMAX,0.0
7841,NRW,30 - 34,34.99,34.99,30.0,0.0,RED INTERNET & PHONE CABLE U,1.0
7842,NRW,35 - 39,49.99,49.99,30.0,0.0,GIGAZUHAUSE KABEL,0.0
7843,NRW,18 - 24,39.99,39.99,30.0,0.0,RED INTERNET & PHONE CABLE U,0.0
7844,NRW,40 - 44,49.99,49.99,30.0,0.0,GIGAZUHAUSE KABEL,1.0
7845,HSN,25 - 29,44.98,44.98,30.0,0.0,VF CABLEMAX,0.0
7846,NRW,35 - 39,39.99,39.99,30.0,0.0,VF RIP U-TREUE,1.0
7847,KBW,60 - 64,49.97,39.98,168.0,0.0,GIGAZUHAUSE TREUE B,1.0
7848,KBW,50 - 54,63.96,42.97,30.0,0.0,RED INTERNET & PHONE CABLE U,0.0
7849,KBW,50 - 54,69.94,49.97,30.0,0.0,VF CABLEMAX,1.0
7850,KBW,80 and over,39.99,39.99,30.0,0.0,RED INTERNET & PHONE CABLE U,0.0
7851,KBW,35 - 39,39.99,39.99,30.0,0.0,RED INTERNET & PHONE CABLE U,1.0
7852,NRW,40 - 44,34.99,34.99,30.0,0.0,RED INTERNET & PHONE CABLE U,0.0
7853,NRW,40 - 44,44.98,44.98,30.0,0.0,VF CABLEMAX,0.0
7854,NRW,45 - 49,44.98,44.98,30.0,0.0,VF CABLEMAX,1.0
7855,NRW,50 - 54,59.98,59.98,30.0,0.0,RED INTERNET & PHONE CABLE U,1.0
7856,KBW,25 - 29,44.98,44.98,30.0,0.0,RED INTERNET & PHONE CABLE U,0.0
7857,NRW,25 - 29,49.99,49.99,30.0,0.0,GIGAZUHAUSE KABEL,1.0
7858,KBW,40 - 44,42.98,42.98,30.0,0.0,VF RIP U-TREUE,0.0
7859,NRW,35 - 39,44.98,44.98,30.0,0.0,VF CABLEMAX,0.0
7860,HSN,35 - 39,44.99,44.99,123.0,0.0,GIGAZUHAUSE KABEL,0.0
7861,NRW,30 - 34,29.99,29.99,30.0,0.0,VF RIP U-TREUE,1.0
7862,NRW,40 - 44,39.98,39.98,309.0,0.0,GIGAZUHAUSE KABEL,0.0
7863,NRW,25 - 29,44.98,44.98,66.0,0.0,RED INTERNET & PHONE CABLE U,1.0
7864,KBW,45 - 49,34.99,34.99,30.0,0.0,RED INTERNET & PHONE CABLE U,1.0
7865,HSN,50 - 54,70.98,49.99,30.0,0.0,RED INTERNET & PHONE CABLE U,0.0
7866,KBW,75 - 79,48.97,38.98,30.0,0.0,RED INTERNET & PHONE CABLE U,0.0
7867,KBW,18 - 24,44.98,44.98,30.0,0.0,RED INTERNET & PHONE CABLE U,0.0
7868,NRW,55 - 59,34.99,34.99,30.0,0.0,RED INTERNET & PHONE CABLE U,0.0
7869,NRW,30 - 34,44.98,44.98,30.0,0.0,VF CABLEMAX,0.0
7870,HSN,35 - 39,39.98,39.98,143.0,0.0,GIGAZUHAUSE KABEL,1.0
7871,HSN,50 - 54,49.99,49.99,30.0,0.0,GIGAZUHAUSE KABEL,0.0
7872,NRW,45 - 49,44.98,44.98,30.0,0.0,VF CABLEMAX,0.0
7873,NRW,25 - 29,44.98,44.98,30.0,0.0,VF CABLEMAX,0.0
7874,KBW,80 and over,44.98,44.98,30.0,0.0,VF CABLEMAX,1.0
7875,KBW,70 - 74,44.98,44.98,30.0,0.0,VF CABLEMAX,0.0
7876,KBW,50 - 54,34.99,34.99,30.0,0.0,RED INTERNET & PHONE CABLE U,0.0
7877,NRW,35 - 39,34.99,34.99,30.0,0.0,RED INTERNET & PHONE CABLE U,0.0
7878,HSN,25 - 29,39.99,39.99,30.0,0.0,RED INTERNET & PHONE CABLE U,1.0
7879,NRW,55 - 59,44.98,44.98,30.0,0.0,VF CABLEMAX,1.0
7880,NRW,60 - 64,24.99,24.99,30.0,0.0,VF RIP U-TREUE,0.0
7881,NRW,40 - 44,44.98,44.98,30.0,0.0,VF CABLEMAX,1.0
7882,KBW,45 - 49,32.99,32.99,30.0,0.0,VF RIP U-TREUE,0.0
7883,NRW,35 - 39,32.99,32.99,30.0,0.0,VF RIP U-TREUE,1.0
7884,HSN,35 - 39,65.97,44.99,599.0,0.0,GIGAZUHAUSE TREUE B,1.0
7885,KBW,55 - 59,47.99,47.99,30.0,0.0,VF RIP U-TREUE,1.0
7886,KBW,45 - 49,49.97,49.97,30.0,0.0,VF CABLEMAX,0.0
7887,KBW,35 - 39,49.97,49.97,30.0,0.0,VF CABLEMAX,1.0
7888,KBW,55 - 59,29.98,29.98,30.0,0.0,VF RIP U-TREUE,0.0
7889,NRW,55 - 59,44.99,44.99,694.0,0.0,RED INTERNET & PHONE CABLE U,1.0
7890,KBW,25 - 29,34.99,34.99,30.0,0.0,RED INTERNET & PHONE CABLE U,0.0
7891,NRW,65 - 69,39.99,39.99,30.0,0.0,RED INTERNET & PHONE CABLE U,0.0
7892,KBW,25 - 29,39.98,39.98,30.0,0.0,VF CABLEMAX,1.0
7893,NRW,40 - 44,32.99,32.99,30.0,0.0,VF RIP U-TREUE,0.0
7894,KBW,45 - 49,49.98,49.98,30.0,0.0,RED INTERNET & PHONE CABLE U,0.0
7895,HSN,80 and over,35.94,25.95,30.0,0.0,RED INTERNET & PHONE CABLE U,0.0
7896,NRW,60 - 64,42.98,42.97,30.0,0.0,VF RIP U-TREUE,1.0
7897,NRW,30 - 34,44.98,44.98,30.0,0.0,VF CABLEMAX,1.0
7898,NRW,60 - 64,49.97,49.97,30.0,0.0,VF CABLEMAX,0.0
7899,HSN,40 - 44,44.98,44.98,30.0,0.0,RED INTERNET & PHONE CABLE U,0.0
7900,NRW,65 - 69,68.94,42.98,30.0,0.0,VF RIP U-TREUE,0.0
7901,HSN,25 - 29,44.98,44.98,30.0,0.0,RED INTERNET & PHONE CABLE U,0.0
7902,KBW,65 - 69,64.97,44.98,30.0,0.0,RED INTERNET & PHONE CABLE U,1.0
7903,KBW,55 - 59,65.97,44.98,30.0,0.0,VF CABLEMAX,0.0
7904,NRW,60 - 64,52.96,52.96,30.0,0.0,VF CABLEMAX,0.0
7905,KBW,35 - 39,44.98,44.98,30.0,0.0,VF CABLEMAX,0.0
7906,NRW,25 - 29,44.98,44.98,30.0,0.0,VF CABLEMAX,1.0
7907,HSN,35 - 39,39.99,39.99,30.0,0.0,RED INTERNET & PHONE CABLE U,0.0
7908,NRW,30 - 34,37.99,37.99,30.0,0.0,VF RIP U-TREUE,0.0
7909,HSN,25 - 29,60.98,39.99,30.0,0.0,VF RIP U-TREUE,0.0
7910,NRW,45 - 49,49.97,49.97,30.0,0.0,VF CABLEMAX,1.0
7911,NRW,18 - 24,34.99,34.99,30.0,0.0,RED INTERNET & PHONE CABLE U,0.0
7912,NRW,35 - 39,34.99,34.99,30.0,0.0,RED INTERNET & PHONE CABLE U,0.0
7913,KBW,30 - 34,47.98,34.99,209.0,0.0,GIGAZUHAUSE KABEL,1.0
7914,KBW,25 - 29,39.99,39.99,30.0,0.0,VF RIP U-TREUE,0.0
7915,NRW,60 - 64,42.98,42.98,30.0,0.0,2PLAY START,0.0
7916,NRW,60 - 64,39.99,39.99,30.0,0.0,VF RIP U-TREUE,0.0
7917,KBW,18 - 24,44.98,44.98,30.0,0.0,RED INTERNET & PHONE CABLE U,0.0
7918,NRW,50 - 54,34.99,34.99,30.0,0.0,RED INTERNET & PHONE CABLE U,1.0
7919,KBW,55 - 59,37.99,37.99,30.0,0.0,VF RIP U-TREUE,0.0
7920,KBW,60 - 64,34.99,34.99,30.0,0.0,RED INTERNET & PHONE CABLE U,0.0
7921,NRW,30 - 34,42.97,42.97,30.0,0.0,RED INTERNET & PHONE CABLE U,1.0
7922,HSN,70 - 74,32.99,32.99,30.0,0.0,VF RIP U-TREUE,0.0
7923,NRW,45 - 49,39.99,39.99,30.0,0.0,VF RIP U-TREUE,1.0
7924,KBW,55 - 59,53.96,32.99,30.0,0.0,VF RIP U-TREUE,0.0
7925,NRW,55 - 59,58.97,58.97,30.0,0.0,VF RIP U-TREUE,0.0
7926,KBW,45 - 49,27.99,27.99,192.0,0.0,GIGAZUHAUSE TREUE B,0.0
7927,KBW,35 - 39,52.97,52.97,30.0,0.0,RED INTERNET & PHONE CABLE U,0.0
7928,NRW,40 - 44,34.99,34.99,30.0,0.0,RED INTERNET & PHONE CABLE U,0.0
7929,NRW,60 - 64,29.99,29.99,30.0,0.0,INTERNET PREMIUM,0.0
7930,NRW,25 - 29,39.99,39.99,30.0,0.0,RED INTERNET & PHONE CABLE U,1.0
7931,KBW,55 - 59,58.14,37.78,30.0,0.0,RED INTERNET & PHONE CABLE U,0.0
7932,KBW,50 - 54,44.98,44.98,30.0,0.0,VF CABLEMAX,1.0
7933,NRW,35 - 39,39.99,39.99,30.0,0.0,RED INTERNET & PHONE CABLE U,0.0
7934,NRW,50 - 54,34.99,34.99,30.0,0.0,RED INTERNET & PHONE CABLE U,1.0
7935,NRW,30 - 34,49.97,39.98,151.0,0.0,GIGAZUHAUSE KABEL,0.0
7936,NRW,30 - 34,44.98,44.98,30.0,0.0,RED INTERNET & PHONE CABLE U,1.0
7937,HSN,55 - 59,44.98,44.98,30.0,0.0,VF CABLEMAX,0.0
7938,KBW,35 - 39,39.99,39.99,30.0,0.0,RED INTERNET & PHONE CABLE U,1.0
7939,KBW,55 - 59,42.97,42.97,30.0,0.0,GIGAZUHAUSE KABEL,1.0
7940,HSN,25 - 29,44.98,44.98,30.0,0.0,RED INTERNET & PHONE CABLE U,1.0
7941,NRW,70 - 74,34.99,34.99,30.0,0.0,RED INTERNET & PHONE CABLE U,1.0
7942,HSN,30 - 34,39.97,39.98,30.0,0.0,VF CABLEMAX,0.0
7943,NRW,35 - 39,44.98,44.98,30.0,0.0,RED INTERNET & PHONE CABLE U,1.0
7944,NRW,80 and over,24.99,24.99,30.0,0.0,INTERNET COMFORT,0.0
7945,KBW,25 - 29,44.98,44.98,30.0,0.0,RED INTERNET & PHONE CABLE U,0.0
7946,HSN,18 - 24,42.97,42.97,30.0,0.0,RED INTERNET & PHONE CABLE U,1.0
7947,NRW,65 - 69,29.99,29.99,30.0,0.0,VF RIP U-TREUE,1.0
7948,NRW,65 - 69,34.99,34.99,30.0,0.0,RED INTERNET & PHONE CABLE U,0.0
7949,NRW,30 - 34,39.99,39.99,30.0,0.0,RED INTERNET & PHONE CABLE U,0.0
7950,NRW,35 - 39,44.98,44.98,30.0,0.0,RED INTERNET & PHONE CABLE U,0.0
7951,NRW,18 - 24,39.98,39.98,129.0,0.0,GIGAZUHAUSE KABEL,1.0
7952,NRW,55 - 59,39.98,39.98,30.0,0.0,RED INTERNET & PHONE CABLE U,1.0
7953,HSN,25 - 29,39.99,39.99,30.0,0.0,RED INTERNET & PHONE CABLE U,1.0
7954,KBW,30 - 34,38.98,38.98,30.0,0.0,RED INTERNET & PHONE CABLE U,1.0
7955,NRW,50 - 54,44.98,44.98,30.0,0.0,VF CABLEMAX,0.0
7956,NRW,30 - 34,34.99,34.99,30.0,0.0,RED INTERNET & PHONE CABLE U,0.0
7957,NRW,75 - 79,39.99,39.99,66.0,0.0,RED INTERNET & PHONE CABLE U,0.0
7958,NRW,25 - 29,44.98,44.98,30.0,0.0,RED INTERNET & PHONE CABLE U,0.0
7959,HSN,60 - 64,32.99,32.99,30.0,0.0,VF RIP U-TREUE,1.0
7960,NRW,70 - 74,39.99,39.99,30.0,0.0,VF RIP U-TREUE,1.0
7961,KBW,35 - 39,34.99,34.99,30.0,0.0,RED INTERNET & PHONE CABLE U,0.0
7962,NRW,30 - 34,44.98,44.98,69.0,0.0,VF CABLEMAX,1.0
7963,NRW,25 - 29,44.98,44.98,30.0,0.0,RED INTERNET & PHONE CABLE U,1.0
7964,NRW,35 - 39,34.99,34.99,30.0,0.0,RED INTERNET & PHONE CABLE U,0.0
7965,HSN,35 - 39,37.99,37.99,30.0,0.0,VF RIP U-TREUE,0.0
7966,KBW,45 - 49,39.98,39.98,30.0,0.0,VF CABLEMAX,1.0
7967,KBW,55 - 59,44.99,44.99,243.0,0.0,GIGAZUHAUSE KABEL,1.0
7968,KBW,25 - 29,37.99,37.99,30.0,0.0,VF RIP U-TREUE,1.0
7969,NRW,35 - 39,44.98,44.98,30.0,0.0,VF CABLEMAX,0.0
7970,KBW,60 - 64,44.98,44.98,30.0,0.0,RED INTERNET & PHONE CABLE U,1.0
7971,KBW,50 - 54,62.96,37.99,30.0,0.0,VF RIP U-TREUE,1.0
7972,HSN,80 and over,57.91,57.93,30.0,0.0,3PLAY,0.0
7973,NRW,55 - 59,24.99,24.99,30.0,0.0,INTERNET COMFORT,0.0
7974,KBW,35 - 39,34.99,34.99,30.0,0.0,RED INTERNET & PHONE CABLE U,0.0
7975,KBW,40 - 44,54.99,54.99,30.0,0.0,RED INTERNET & PHONE CABLE U,0.0
7976,NRW,25 - 29,44.98,44.98,30.0,0.0,RED INTERNET & PHONE CABLE U,0.0
7977,NRW,65 - 69,37.98,37.98,30.0,0.0,VF RIP U-TREUE,0.0
7978,NRW,60 - 64,29.99,29.99,30.0,0.0,VF RIP U-TREUE,0.0
7979,NRW,30 - 34,49.97,49.97,30.0,0.0,RED INTERNET & PHONE CABLE U,0.0
7980,KBW,25 - 29,39.98,39.98,270.0,0.0,GIGAZUHAUSE KABEL,1.0
7981,KBW,50 - 54,65.97,44.98,30.0,0.0,VF CABLEMAX,1.0
7982,KBW,60 - 64,49.97,49.97,30.0,0.0,VF CABLEMAX,1.0
7983,KBW,50 - 54,44.98,44.98,30.0,0.0,RED INTERNET & PHONE CABLE U,1.0
7984,NRW,70 - 74,34.99,34.99,30.0,0.0,RED INTERNET & PHONE CABLE U,0.0
7985,KBW,60 - 64,58.77,37.78,30.0,0.0,GIGAZUHAUSE KABEL,1.0
7986,HSN,40 - 44,44.97,44.97,30.0,0.0,VF CABLEMAX,0.0
7987,NRW,40 - 44,34.99,34.99,30.0,0.0,RED INTERNET & PHONE CABLE U,0.0
7988,KBW,35 - 39,39.99,39.99,30.0,0.0,RED INTERNET & PHONE CABLE U,1.0
7989,NRW,25 - 29,39.98,39.98,112.0,0.0,VF CABLEMAX,1.0
7990,KBW,45 - 49,44.98,44.98,30.0,0.0,VF RIP U-TREUE,0.0
7991,KBW,30 - 34,58.98,58.98,30.0,0.0,RED INTERNET & PHONE CABLE U,1.0
7992,HSN,80 and over,34.98,34.98,30.0,0.0,VF RIP U-TREUE,0.0
7993,NRW,30 - 34,39.99,39.99,30.0,0.0,RED INTERNET & PHONE CABLE U,0.0
7994,NRW,25 - 29,39.99,39.99,30.0,0.0,RED INTERNET & PHONE CABLE U,1.0
7995,NRW,35 - 39,37.98,37.98,675.0,0.0,GIGAZUHAUSE TREUE B,0.0
7996,NRW,60 - 64,49.97,29.99,78.0,0.0,VF RIP U-TREUE,0.0
7997,KBW,45 - 49,42.97,39.98,30.0,0.0,VF RIP U-TREUE,0.0
7998,HSN,50 - 54,34.99,34.99,30.0,0.0,RED INTERNET & PHONE CABLE U,1.0
7999,KBW,40 - 44,44.98,44.98,30.0,0.0,VF CABLEMAX,1.0
8000,NRW,30 - 34,34.99,34.99,30.0,0.0,RED INTERNET & PHONE CABLE U,1.0
8001,KBW,60 - 64,49.97,49.97,30.0,0.0,VF CABLEMAX,1.0
8002,KBW,30 - 34,39.99,39.99,30.0,0.0,RED INTERNET & PHONE CABLE U,0.0
8003,KBW,30 - 34,39.99,39.99,30.0,0.0,RED INTERNET & PHONE CABLE U,1.0
8004,NRW,55 - 59,57.97,32.99,30.0,0.0,VF RIP U-TREUE,0.0
8005,KBW,35 - 39,39.99,39.99,30.0,0.0,RED INTERNET & PHONE CABLE U,1.0
8006,NRW,25 - 29,42.97,42.97,165.0,0.0,GIGAZUHAUSE KABEL,0.0
8007,NRW,80 and over,34.99,34.99,30.0,0.0,RED INTERNET & PHONE CABLE U,1.0
8008,NRW,40 - 44,39.99,39.99,30.0,0.0,RED INTERNET & PHONE CABLE U,1.0
8009,HSN,25 - 29,44.98,44.98,30.0,0.0,VF CABLEMAX,0.0
8010,KBW,70 - 74,53.31,53.96,30.0,0.0,VF CABLEMAX,0.0
8011,NRW,35 - 39,39.99,39.99,30.0,0.0,RED INTERNET & PHONE CABLE U,0.0
8012,KBW,35 - 39,44.98,44.98,30.0,0.0,VF CABLEMAX,1.0
8013,NRW,60 - 64,39.99,39.99,30.0,0.0,RED INTERNET & PHONE CABLE U,0.0
8014,NRW,30 - 34,34.99,34.99,30.0,0.0,RED INTERNET & PHONE CABLE U,1.0
8015,KBW,25 - 29,34.99,34.99,30.0,0.0,RED INTERNET & PHONE CABLE U,0.0
8016,KBW,18 - 24,44.98,44.98,30.0,0.0,VF CABLEMAX,1.0
8017,NRW,60 - 64,37.98,37.98,30.0,0.0,GIGAZUHAUSE KABEL,0.0
8018,KBW,60 - 64,44.98,44.98,30.0,0.0,VF CABLEMAX,1.0
8019,NRW,60 - 64,39.99,39.99,30.0,0.0,RED INTERNET & PHONE CABLE U,0.0
8020,HSN,55 - 59,54.99,54.99,30.0,0.0,RED INTERNET & PHONE CABLE U,1.0
8021,KBW,45 - 49,63.96,42.97,30.0,0.0,GIGAZUHAUSE KABEL,1.0
8022,KBW,40 - 44,64.97,44.98,30.0,0.0,VF CABLEMAX,0.0
8023,NRW,55 - 59,39.99,39.99,30.0,0.0,RED INTERNET & PHONE CABLE U,0.0
8024,KBW,25 - 29,54.99,54.99,30.0,0.0,RED INTERNET & PHONE CABLE U,1.0
8025,KBW,60 - 64,34.99,34.99,30.0,0.0,RED INTERNET & PHONE CABLE U,0.0
8026,NRW,60 - 64,54.99,54.99,30.0,0.0,RED INTERNET & PHONE CABLE U,0.0
8027,NRW,50 - 54,44.98,44.98,30.0,0.0,RED INTERNET & PHONE CABLE U,1.0
8028,NRW,35 - 39,32.97,32.97,30.0,0.0,RED INTERNET & PHONE CABLE U,1.0
8029,NRW,45 - 49,29.99,29.99,30.0,0.0,VF RIP U-TREUE,0.0
8030,HSN,60 - 64,29.99,29.99,30.0,0.0,VF RIP U-TREUE,1.0
8031,KBW,45 - 49,39.99,39.99,30.0,0.0,VF RIP U-TREUE,0.0
8032,NRW,80 and over,59.97,59.98,30.0,0.0,RED INTERNET & PHONE CABLE U,1.0
8033,NRW,35 - 39,44.98,44.98,30.0,0.0,VF CABLEMAX,1.0
8034,NRW,35 - 39,34.99,34.99,30.0,0.0,RED INTERNET & PHONE CABLE U,0.0
8035,KBW,30 - 34,34.99,34.99,30.0,0.0,RED INTERNET & PHONE CABLE U,1.0
8036,NRW,35 - 39,39.99,39.99,30.0,0.0,RED INTERNET & PHONE CABLE U,0.0
8037,KBW,35 - 39,29.99,29.99,30.0,0.0,INTERNET PREMIUM,0.0
8038,KBW,25 - 29,39.99,39.99,30.0,0.0,RED INTERNET & PHONE CABLE U,1.0
8039,NRW,35 - 39,49.97,29.99,30.0,0.0,VF RIP U-TREUE,0.0
8040,NRW,70 - 74,39.99,39.99,30.0,0.0,RED INTERNET & PHONE CABLE U,1.0
8041,KBW,80 and over,49.99,49.99,30.0,0.0,VF RIP U-TREUE,1.0
8042,NRW,25 - 29,39.98,39.98,30.0,0.0,VF CABLEMAX,0.0
8043,KBW,60 - 64,39.98,24.99,30.0,0.0,VF RIP U-TREUE,0.0
8044,NRW,25 - 29,44.98,44.98,30.0,0.0,RED INTERNET & PHONE CABLE U,0.0
8045,NRW,80 and over,29.99,29.99,30.0,0.0,RED INTERNET & PHONE CABLE U,1.0
8046,KBW,25 - 29,39.98,39.98,177.0,0.0,GIGAZUHAUSE KABEL,0.0
8047,NRW,30 - 34,44.98,44.98,30.0,0.0,VF CABLEMAX,1.0
8048,HSN,65 - 69,39.99,39.99,30.0,0.0,RED INTERNET & PHONE CABLE U,0.0
8049,NRW,45 - 49,44.98,44.98,30.0,0.0,VF CABLEMAX,1.0
8050,NRW,40 - 44,54.99,54.99,30.0,0.0,RED INTERNET & PHONE CABLE U,0.0
8051,NRW,50 - 54,34.99,34.99,30.0,0.0,RED INTERNET & PHONE CABLE U,1.0
8052,NRW,25 - 29,49.99,49.99,85.0,0.0,GIGAZUHAUSE KABEL,0.0
8053,NRW,60 - 64,74.96,34.99,30.0,0.0,VF RIP U-TREUE,1.0
8054,KBW,50 - 54,47.98,47.98,30.0,0.0,GIGAZUHAUSE TREUE B,1.0
8055,NRW,35 - 39,39.98,39.98,184.0,0.0,GIGAZUHAUSE KABEL,0.0
8056,NRW,25 - 29,34.99,34.99,30.0,0.0,RED INTERNET & PHONE CABLE U,1.0
8057,NRW,30 - 34,34.99,34.99,30.0,0.0,RED INTERNET & PHONE CABLE U,0.0
8058,KBW,35 - 39,34.99,34.99,30.0,0.0,RED INTERNET & PHONE CABLE U,0.0
8059,KBW,45 - 49,34.99,34.99,30.0,0.0,VF RIP U-TREUE,1.0
8060,NRW,45 - 49,59.99,59.99,30.0,0.0,3PLAY FLY,0.0
8061,KBW,40 - 44,29.99,29.99,30.0,0.0,VF RIP U-TREUE,1.0
8062,NRW,25 - 29,58.97,58.98,30.0,0.0,RED INTERNET & PHONE CABLE U,0.0
8063,NRW,55 - 59,39.99,39.99,30.0,0.0,RED INTERNET & PHONE CABLE U,0.0
8064,NRW,40 - 44,43.97,43.97,30.0,0.0,VF CABLEMAX,0.0
8065,KBW,45 - 49,39.98,39.99,30.0,0.0,VF RIP U-TREUE,0.0
8066,NRW,50 - 54,34.99,34.99,30.0,0.0,RED INTERNET & PHONE CABLE U,0.0
8067,NRW,45 - 49,42.97,42.97,30.0,0.0,RED INTERNET & PHONE CABLE U,1.0
8068,NRW,35 - 39,29.99,29.99,30.0,0.0,VF RIP U-TREUE,1.0
8069,KBW,18 - 24,39.98,39.98,30.0,0.0,RED INTERNET & PHONE CABLE U,1.0
8070,KBW,65 - 69,39.99,39.99,30.0,0.0,RED INTERNET & PHONE CABLE U,0.0
8071,KBW,35 - 39,39.99,39.99,30.0,0.0,RED INTERNET & PHONE CABLE U,0.0
8072,NRW,40 - 44,32.99,32.99,30.0,0.0,VF RIP U-TREUE,0.0
8073,KBW,60 - 64,29.99,29.99,30.0,0.0,VF RIP U-TREUE,0.0
8074,HSN,25 - 29,40.94,51.94,30.0,0.0,GIGAZUHAUSE KABEL,0.0
8075,KBW,50 - 54,39.99,39.99,30.0,0.0,VF RIP U-TREUE,1.0
8076,NRW,80 and over,34.99,34.99,30.0,0.0,RED INTERNET & PHONE CABLE U,1.0
8077,NRW,40 - 44,27.99,27.99,30.0,0.0,GIGAZUHAUSE TREUE B,0.0
8078,NRW,55 - 59,54.98,54.98,30.0,0.0,RED INTERNET & PHONE CABLE U,0.0
8079,KBW,30 - 34,29.99,29.99,30.0,0.0,VF RIP U-TREUE,0.0
8080,NRW,35 - 39,45.97,45.97,30.0,0.0,2PLAY,0.0
8081,KBW,40 - 44,72.97,52.98,30.0,0.0,VF RIP U-TREUE,0.0
8082,KBW,35 - 39,34.99,34.99,30.0,0.0,RED INTERNET & PHONE CABLE U,0.0
8083,KBW,35 - 39,44.98,44.98,30.0,0.0,RED INTERNET & PHONE CABLE U,0.0
8084,NRW,40 - 44,37.98,37.98,364.0,0.0,EAZY,0.0
8085,KBW,18 - 24,34.99,34.99,30.0,0.0,RED INTERNET & PHONE CABLE U,1.0
8086,KBW,45 - 49,44.98,44.98,30.0,0.0,VF CABLEMAX,1.0
8087,KBW,35 - 39,32.99,32.99,30.0,0.0,VF RIP U-TREUE,0.0
8088,HSN,30 - 34,49.97,49.97,30.0,0.0,VF CABLEMAX,1.0
8089,HSN,35 - 39,62.98,62.98,277.0,0.0,GIGAZUHAUSE KABEL,1.0
8090,NRW,55 - 59,37.99,37.99,30.0,0.0,VF RIP U-TREUE,0.0
8091,NRW,35 - 39,44.98,44.98,30.0,0.0,RED INTERNET & PHONE CABLE U,1.0
8092,NRW,18 - 24,39.99,39.99,30.0,0.0,VF RIP U-TREUE,0.0
8093,KBW,50 - 54,34.99,34.99,30.0,1.0,RED INTERNET & PHONE CABLE U,1.0
8094,NRW,35 - 39,29.99,29.99,30.0,0.0,RED INTERNET & PHONE CABLE U,0.0
8095,NRW,45 - 49,39.98,39.98,30.0,0.0,RED INTERNET & PHONE CABLE U,0.0
8096,KBW,35 - 39,24.99,24.99,30.0,0.0,INTERNET COMFORT,0.0
8097,KBW,25 - 29,53.98,53.98,30.0,0.0,RED INTERNET & PHONE CABLE U,1.0
8098,KBW,65 - 69,44.98,44.98,30.0,0.0,VF CABLEMAX,1.0
8099,HSN,45 - 49,44.98,44.98,30.0,0.0,VF CABLEMAX,1.0
8100,KBW,70 - 74,63.97,63.97,30.0,0.0,RED INTERNET & PHONE CABLE U,0.0
8101,NRW,25 - 29,44.98,44.98,30.0,0.0,VF CABLEMAX,1.0
8102,KBW,45 - 49,44.98,44.98,30.0,0.0,VF CABLEMAX,0.0
8103,NRW,70 - 74,54.99,54.99,30.0,0.0,RED INTERNET & PHONE CABLE U,0.0
8104,KBW,45 - 49,49.99,49.99,30.0,0.0,GIGAZUHAUSE KABEL,0.0
8105,KBW,40 - 44,34.99,34.99,30.0,0.0,VF RIP U-TREUE,0.0
8106,KBW,40 - 44,39.98,39.98,30.0,0.0,VF RIP U-TREUE,0.0
8107,NRW,35 - 39,42.97,42.97,30.0,0.0,RED INTERNET & PHONE CABLE U,1.0
8108,NRW,30 - 34,32.99,32.99,30.0,0.0,VF RIP U-TREUE,0.0
8109,KBW,30 - 34,49.99,49.99,30.0,0.0,GIGAZUHAUSE KABEL,1.0
8110,KBW,50 - 54,34.99,34.99,30.0,0.0,RED INTERNET & PHONE CABLE U,1.0
8111,NRW,50 - 54,49.99,49.99,30.0,0.0,GIGAZUHAUSE KABEL,0.0
8112,NRW,30 - 34,49.99,49.99,30.0,0.0,RED INTERNET & PHONE CABLE U,0.0
8113,KBW,25 - 29,34.99,34.99,30.0,0.0,RED INTERNET & PHONE CABLE U,0.0
8114,NRW,55 - 59,49.97,49.97,30.0,0.0,VF CABLEMAX,1.0
8115,KBW,30 - 34,34.99,34.99,30.0,0.0,RED INTERNET & PHONE CABLE U,0.0
8116,HSN,45 - 49,44.98,44.98,30.0,0.0,VF CABLEMAX,1.0
8117,KBW,45 - 49,54.99,54.99,30.0,0.0,RED INTERNET & PHONE CABLE U,0.0
8118,HSN,35 - 39,34.99,34.99,30.0,0.0,RED INTERNET & PHONE CABLE U,0.0
8119,HSN,55 - 59,32.99,32.99,30.0,0.0,GIGAZUHAUSE TREUE B,1.0
8120,KBW,70 - 74,39.98,29.99,30.0,0.0,RED INTERNET & PHONE CABLE U,0.0
8121,NRW,30 - 34,39.99,39.99,30.0,0.0,RED INTERNET & PHONE CABLE U,1.0
8122,NRW,25 - 29,37.99,37.99,30.0,0.0,VF RIP U-TREUE,0.0
8123,NRW,18 - 24,44.98,44.98,30.0,0.0,RED INTERNET & PHONE CABLE U,0.0
8124,KBW,35 - 39,39.99,39.99,30.0,0.0,VF RIP U-TREUE,0.0
8125,NRW,45 - 49,44.98,44.98,30.0,0.0,VF CABLEMAX,0.0
8126,KBW,55 - 59,34.99,34.99,30.0,0.0,RED INTERNET & PHONE CABLE U,1.0
8127,KBW,55 - 59,59.96,49.97,30.0,0.0,VF CABLEMAX,1.0
8128,HSN,40 - 44,54.98,54.98,86.0,0.0,GIGAZUHAUSE KABEL,0.0
8129,KBW,60 - 64,29.99,29.99,30.0,0.0,VF RIP U-TREUE,1.0
8130,NRW,35 - 39,39.99,39.99,30.0,0.0,RED INTERNET & PHONE CABLE U,0.0
8131,NRW,45 - 49,39.99,39.99,30.0,0.0,RED INTERNET & PHONE CABLE U,0.0
8132,HSN,35 - 39,34.99,34.99,30.0,0.0,RED INTERNET & PHONE CABLE U,1.0
8133,KBW,35 - 39,19.99,19.99,30.0,0.0,RED INTERNET & PHONE CABLE U,1.0
8134,KBW,55 - 59,44.98,44.98,30.0,0.0,RED INTERNET & PHONE CABLE U,0.0
8135,KBW,45 - 49,39.99,39.99,30.0,0.0,RED INTERNET & PHONE CABLE U,0.0
8136,KBW,50 - 54,39.99,39.99,30.0,0.0,VF RIP U-TREUE,1.0
8137,KBW,30 - 34,54.98,54.98,30.0,0.0,RED INTERNET & PHONE CABLE U,0.0
8138,KBW,55 - 59,43.98,43.98,30.0,0.0,RED INTERNET & PHONE CABLE U,0.0
8139,KBW,18 - 24,54.99,54.99,30.0,0.0,RED INTERNET & PHONE CABLE U,1.0
8140,HSN,35 - 39,34.99,34.99,30.0,0.0,RED INTERNET & PHONE CABLE U,0.0
8141,NRW,45 - 49,44.97,44.97,30.0,2.0,VF CABLEMAX,0.0
8142,HSN,45 - 49,39.99,39.99,30.0,0.0,RED INTERNET & PHONE CABLE U,0.0
8143,HSN,30 - 34,39.99,39.99,30.0,0.0,VF RIP U-TREUE,1.0
8144,HSN,25 - 29,44.98,44.98,30.0,0.0,RED INTERNET & PHONE CABLE U,1.0
8145,HSN,30 - 34,44.98,44.98,30.0,0.0,RED INTERNET & PHONE CABLE U,1.0
8146,NRW,70 - 74,39.99,39.99,30.0,0.0,RED INTERNET & PHONE CABLE U,1.0
8147,NRW,30 - 34,39.99,39.99,30.0,0.0,RED INTERNET & PHONE CABLE U,1.0
8148,NRW,40 - 44,49.97,49.97,30.0,0.0,VF CABLEMAX,0.0
8149,NRW,55 - 59,37.98,37.98,30.0,0.0,VF RIP U-TREUE,0.0
8150,NRW,25 - 29,39.98,39.98,30.0,0.0,VF CABLEMAX,0.0
8151,NRW,30 - 34,49.97,49.97,84.0,0.0,VF CABLEMAX,1.0
8152,NRW,55 - 59,39.99,39.99,30.0,0.0,VF RIP U-TREUE,0.0
8153,NRW,18 - 24,44.98,34.99,30.0,0.0,RED INTERNET & PHONE CABLE U,1.0
8154,KBW,30 - 34,49.97,49.97,30.0,0.0,VF CABLEMAX,1.0
8155,NRW,80 and over,25.0,25.0,30.0,0.0,RED INTERNET & PHONE CABLE U,0.0
8156,KBW,25 - 29,34.99,34.99,30.0,0.0,RED INTERNET & PHONE CABLE U,0.0
8157,NRW,50 - 54,39.99,39.99,30.0,0.0,RED INTERNET & PHONE CABLE U,0.0
8158,NRW,30 - 34,34.99,34.99,30.0,0.0,RED INTERNET & PHONE CABLE U,0.0
8159,NRW,60 - 64,43.98,43.98,30.0,0.0,RED INTERNET & PHONE CABLE U,0.0
8160,KBW,30 - 34,44.98,44.98,30.0,0.0,RED INTERNET & PHONE CABLE U,1.0
8161,NRW,40 - 44,37.99,37.99,30.0,0.0,VF RIP U-TREUE,0.0
8162,NRW,60 - 64,34.99,34.99,30.0,0.0,VF RIP U-TREUE,0.0
8163,NRW,75 - 79,49.97,49.97,30.0,0.0,RED INTERNET & PHONE CABLE U,1.0
8164,KBW,40 - 44,42.97,42.97,30.0,0.0,GIGAZUHAUSE KABEL,0.0
8165,KBW,50 - 54,54.99,54.99,30.0,0.0,RED INTERNET & PHONE CABLE U,0.0
8166,HSN,40 - 44,54.99,54.99,30.0,0.0,RED INTERNET & PHONE CABLE U,1.0
8167,HSN,60 - 64,37.99,37.99,30.0,0.0,VF RIP U-TREUE,0.0
8168,KBW,35 - 39,47.99,47.99,30.0,0.0,VF RIP U-TREUE,1.0
8169,NRW,50 - 54,42.98,42.98,30.0,0.0,VF RIP U-TREUE,1.0
8170,KBW,25 - 29,44.98,44.98,30.0,0.0,VF CABLEMAX,0.0
8171,NRW,40 - 44,49.99,49.99,30.0,0.0,RED INTERNET & PHONE CABLE U,0.0
8172,NRW,35 - 39,54.99,54.99,30.0,0.0,RED INTERNET & PHONE CABLE U,1.0
8173,NRW,25 - 29,42.97,42.97,30.0,0.0,RED INTERNET & PHONE CABLE U,1.0
8174,NRW,18 - 24,39.99,39.99,30.0,0.0,RED INTERNET & PHONE CABLE U,0.0
8175,NRW,55 - 59,34.99,34.99,30.0,0.0,RED INTERNET & PHONE CABLE U,0.0
8176,KBW,30 - 34,44.98,44.98,30.0,0.0,RED INTERNET & PHONE CABLE U,0.0
8177,KBW,60 - 64,59.98,39.99,30.0,0.0,RED INTERNET & PHONE CABLE U,0.0
8178,NRW,65 - 69,55.34,34.99,30.0,0.0,GIGAZUHAUSE KABEL,0.0
8179,HSN,25 - 29,29.99,29.99,30.0,0.0,VF RIP U-TREUE,1.0
8180,KBW,30 - 34,29.99,29.99,695.0,0.0,GIGAZUHAUSE TREUE C,0.0
8181,NRW,35 - 39,39.99,39.99,30.0,0.0,RED INTERNET & PHONE CABLE U,0.0
8182,NRW,55 - 59,39.99,39.99,30.0,0.0,RED INTERNET & PHONE CABLE U,0.0
8183,KBW,25 - 29,44.98,44.98,30.0,0.0,RED INTERNET & PHONE CABLE U,1.0
8184,NRW,60 - 64,58.97,37.99,30.0,0.0,VF RIP U-TREUE,1.0
8185,HSN,80 and over,34.99,34.99,30.0,0.0,RED INTERNET & PHONE CABLE U,1.0
8186,HSN,80 and over,61.96,48.97,30.0,0.0,VF CABLEMAX,0.0
8187,NRW,30 - 34,39.99,39.99,30.0,0.0,VF RIP U-TREUE,0.0
8188,KBW,35 - 39,44.98,44.98,30.0,0.0,VF CABLEMAX,1.0
8189,KBW,55 - 59,62.97,42.98,30.0,0.0,RED INTERNET & PHONE CABLE U,1.0
8190,HSN,25 - 29,44.98,44.98,30.0,0.0,VF CABLEMAX,1.0
8191,KBW,40 - 44,54.99,54.99,30.0,0.0,RED INTERNET & PHONE CABLE U,0.0
8192,NRW,70 - 74,34.99,34.99,30.0,0.0,RED INTERNET & PHONE CABLE U,1.0
8193,KBW,25 - 29,59.98,59.98,30.0,0.0,GIGAZUHAUSE KABEL,1.0
8194,NRW,50 - 54,60.98,39.99,87.0,0.0,VF CABLEMAX,1.0
8195,NRW,40 - 44,40.97,40.97,30.0,0.0,GIGAZUHAUSE KABEL,1.0
8196,NRW,70 - 74,49.99,49.99,30.0,0.0,RED INTERNET & PHONE CABLE U,1.0
8197,KBW,35 - 39,44.98,44.98,30.0,0.0,VF CABLEMAX,1.0
8198,KBW,55 - 59,47.99,47.99,30.0,0.0,VF RIP U-TREUE,0.0
8199,NRW,25 - 29,34.99,34.99,30.0,0.0,RED INTERNET & PHONE CABLE U,0.0
8200,NRW,80 and over,44.98,44.98,30.0,0.0,RED INTERNET & PHONE CABLE U,1.0
8201,KBW,40 - 44,29.99,29.99,30.0,0.0,VF RIP U-TREUE,0.0
8202,NRW,30 - 34,32.99,32.99,30.0,0.0,VF RIP U-TREUE,1.0
8203,HSN,40 - 44,39.99,39.99,30.0,0.0,RED INTERNET & PHONE CABLE U,0.0
8204,HSN,60 - 64,39.99,39.99,30.0,0.0,VF RIP U-TREUE,0.0
8205,KBW,30 - 34,34.99,34.99,30.0,0.0,VF RIP U-TREUE,1.0
8206,KBW,30 - 34,24.99,24.99,30.0,0.0,INTERNET COMFORT,1.0
8207,NRW,30 - 34,44.98,44.98,30.0,0.0,RED INTERNET & PHONE CABLE U,0.0
8208,NRW,25 - 29,39.99,39.99,30.0,0.0,RED INTERNET & PHONE CABLE U,0.0
8209,KBW,35 - 39,44.98,44.98,30.0,0.0,VF CABLEMAX,1.0
8210,KBW,35 - 39,49.97,49.97,30.0,0.0,VF CABLEMAX,1.0
8211,NRW,55 - 59,59.99,59.99,30.0,0.0,GIGAZUHAUSE KABEL,1.0
8212,KBW,75 - 79,34.99,34.99,30.0,0.0,RED INTERNET & PHONE CABLE U,1.0
8213,NRW,40 - 44,39.98,39.98,593.0,0.0,VF CABLEMAX,0.0
8214,KBW,30 - 34,44.98,44.98,30.0,0.0,VF CABLEMAX,1.0
8215,KBW,40 - 44,47.96,47.96,30.0,0.0,RED INTERNET & PHONE CABLE U,1.0
8216,NRW,60 - 64,29.99,29.99,30.0,0.0,VF RIP U-TREUE,0.0
8217,HSN,25 - 29,34.99,34.99,30.0,0.0,RED INTERNET & PHONE CABLE U,0.0
8218,NRW,50 - 54,39.99,39.99,30.0,0.0,VF RIP U-TREUE,1.0
8219,NRW,35 - 39,49.99,49.99,30.0,0.0,GIGAZUHAUSE KABEL,0.0
8220,NRW,45 - 49,27.99,27.99,30.0,0.0,VF RIP U-TREUE,0.0
8221,NRW,70 - 74,34.99,34.99,122.0,0.0,GIGAZUHAUSE TREUE C,1.0
8222,KBW,60 - 64,37.99,37.99,30.0,0.0,VF RIP U-TREUE,0.0
8223,NRW,30 - 34,32.99,32.99,30.0,0.0,VF RIP U-TREUE,0.0
8224,NRW,40 - 44,59.99,59.99,162.0,0.0,GIGAZUHAUSE KABEL,1.0
8225,KBW,55 - 59,66.96,44.98,30.0,0.0,VF CABLEMAX,0.0
8226,HSN,60 - 64,42.86,32.86,30.0,0.0,2PLAY,0.0
8227,KBW,50 - 54,34.99,34.99,30.0,0.0,RED INTERNET & PHONE CABLE U,0.0
8228,KBW,40 - 44,42.97,42.97,345.0,0.0,GIGAZUHAUSE KABEL,0.0
8229,HSN,35 - 39,32.99,32.99,30.0,0.0,VF RIP U-TREUE,0.0
8230,KBW,35 - 39,44.98,44.98,30.0,0.0,RED INTERNET & PHONE CABLE U,1.0
8231,KBW,55 - 59,44.97,44.97,30.0,0.0,VF CABLEMAX,1.0
8232,HSN,55 - 59,64.96,44.97,30.0,0.0,VF CABLEMAX,0.0
8233,KBW,18 - 24,34.99,34.99,30.0,0.0,RED INTERNET & PHONE CABLE U,0.0
8234,NRW,45 - 49,39.99,39.99,30.0,0.0,RED INTERNET & PHONE CABLE U,0.0
8235,NRW,30 - 34,19.99,19.99,30.0,0.0,RED INTERNET & PHONE CABLE U,1.0
8236,KBW,75 - 79,69.94,20.95,30.0,0.0,3PLAY PLUS,0.0
8237,NRW,40 - 44,44.98,44.98,30.0,0.0,RED INTERNET & PHONE CABLE U,1.0
8238,KBW,60 - 64,44.98,54.98,30.0,0.0,VF CABLEMAX,0.0
8239,NRW,75 - 79,32.99,32.99,30.0,0.0,VF RIP U-TREUE,1.0
8240,KBW,30 - 34,39.98,39.98,30.0,0.0,VF CABLEMAX,1.0
8241,KBW,45 - 49,42.98,42.98,30.0,0.0,VF RIP U-TREUE,0.0
8242,KBW,60 - 64,42.98,42.98,30.0,0.0,VF RIP U-TREUE,0.0
8243,NRW,30 - 34,44.98,44.98,30.0,0.0,RED INTERNET & PHONE CABLE U,1.0
8244,NRW,60 - 64,29.99,29.99,30.0,0.0,VF RIP U-TREUE,1.0
8245,KBW,35 - 39,37.99,37.99,30.0,0.0,VF RIP U-TREUE,1.0
8246,KBW,25 - 29,54.99,54.99,30.0,0.0,RED INTERNET & PHONE CABLE U,1.0
8247,KBW,35 - 39,39.98,39.98,126.0,0.0,GIGAZUHAUSE KABEL,0.0
8248,KBW,30 - 34,34.99,34.99,30.0,0.0,RED INTERNET & PHONE CABLE U,0.0
8249,NRW,40 - 44,34.99,45.98,30.0,0.0,VF RIP U-TREUE,1.0
8250,NRW,25 - 29,44.98,44.98,30.0,0.0,RED INTERNET & PHONE CABLE U,0.0
8251,HSN,55 - 59,39.99,39.99,30.0,0.0,VF RIP U-TREUE,0.0
8252,KBW,60 - 64,59.99,59.99,164.0,0.0,GIGAZUHAUSE KABEL,0.0
8253,NRW,35 - 39,44.98,44.98,30.0,0.0,VF CABLEMAX,1.0
8254,NRW,50 - 54,29.98,29.98,30.0,0.0,VF RIP U-TREUE,1.0
8255,NRW,25 - 29,44.98,29.99,30.0,0.0,VF RIP U-TREUE,0.0
8256,NRW,40 - 44,39.98,39.98,177.0,0.0,GIGAZUHAUSE KABEL,0.0
8257,KBW,35 - 39,29.99,29.99,30.0,0.0,RED INTERNET & PHONE CABLE U,0.0
8258,NRW,25 - 29,54.99,54.99,30.0,0.0,RED INTERNET & PHONE CABLE U,0.0
8259,NRW,55 - 59,49.99,49.99,30.0,0.0,VF RIP U-TREUE,0.0
8260,KBW,45 - 49,54.98,54.98,30.0,0.0,GIGAZUHAUSE KABEL,0.0
8261,NRW,45 - 49,59.98,59.98,30.0,0.0,RED INTERNET & PHONE CABLE U,0.0
8262,NRW,80 and over,35.86,35.85,30.0,0.0,3PLAY,0.0
8263,NRW,75 - 79,34.99,34.99,30.0,0.0,GIGAZUHAUSE KABEL,1.0
8264,HSN,35 - 39,39.99,39.99,30.0,0.0,RED INTERNET & PHONE CABLE U,0.0
8265,NRW,65 - 69,39.99,39.99,30.0,0.0,RED INTERNET & PHONE CABLE U,0.0
8266,NRW,18 - 24,39.98,39.98,30.0,0.0,VF CABLEMAX,1.0
8267,NRW,30 - 34,39.99,39.99,30.0,0.0,VF RIP U-TREUE,1.0
8268,KBW,70 - 74,42.98,42.98,30.0,0.0,VF RIP U-TREUE,1.0
8269,HSN,35 - 39,28.98,28.98,30.0,0.0,2PLAY PLUS,0.0
8270,NRW,30 - 34,34.99,34.99,30.0,0.0,RED INTERNET & PHONE CABLE U,0.0
8271,NRW,60 - 64,49.97,39.98,192.0,0.0,GIGAZUHAUSE TREUE B,0.0
8272,NRW,60 - 64,44.98,44.98,30.0,0.0,VF CABLEMAX,1.0
8273,NRW,50 - 54,34.99,34.99,30.0,0.0,RED INTERNET & PHONE CABLE U,0.0
8274,NRW,60 - 64,24.98,24.98,30.0,0.0,EAZY,1.0
8275,NRW,30 - 34,34.99,34.99,30.0,0.0,RED INTERNET & PHONE CABLE U,1.0
8276,NRW,65 - 69,34.99,34.99,30.0,0.0,RED INTERNET & PHONE CABLE U,0.0
8277,HSN,60 - 64,58.77,37.78,30.0,0.0,2PLAY,1.0
8278,HSN,35 - 39,78.94,42.97,30.0,0.0,VF RIP U-TREUE,1.0
8279,NRW,25 - 29,39.99,39.99,30.0,0.0,RED INTERNET & PHONE CABLE U,0.0
8280,KBW,40 - 44,34.99,34.99,30.0,0.0,RED INTERNET & PHONE CABLE U,0.0
8281,KBW,35 - 39,34.99,34.99,699.0,0.0,RED INTERNET & PHONE CABLE U,1.0
8282,NRW,40 - 44,24.99,24.99,30.0,0.0,RED INTERNET & PHONE CABLE U,0.0
8283,NRW,65 - 69,30.95,30.95,30.0,0.0,RED INTERNET & PHONE CABLE U,0.0
8284,KBW,45 - 49,59.98,59.98,30.0,0.0,RED INTERNET & PHONE CABLE U,1.0
8285,KBW,55 - 59,54.97,44.98,30.0,0.0,RED INTERNET & PHONE CABLE U,0.0
8286,KBW,80 and over,49.99,49.99,30.0,0.0,RED INTERNET & PHONE CABLE U,0.0
8287,NRW,70 - 74,34.99,34.99,30.0,0.0,RED INTERNET & PHONE CABLE U,1.0
8288,NRW,35 - 39,47.97,44.98,30.0,0.0,VF CABLEMAX,0.0
8289,HSN,45 - 49,49.97,39.99,6.0,0.0,VF CABLEMAX,1.0
8290,NRW,45 - 49,39.99,39.99,30.0,0.0,RED INTERNET & PHONE CABLE U,0.0
8291,NRW,30 - 34,44.98,44.98,30.0,0.0,RED INTERNET & PHONE CABLE U,1.0
8292,HSN,35 - 39,39.99,39.99,30.0,0.0,RED INTERNET & PHONE CABLE U,1.0
8293,NRW,25 - 29,39.98,39.98,30.0,0.0,VF CABLEMAX,1.0
8294,NRW,50 - 54,38.98,34.98,30.0,0.0,VF RIP U-TREUE,1.0
8295,NRW,35 - 39,24.99,24.99,30.0,0.0,INTERNET COMFORT,1.0
8296,NRW,40 - 44,44.98,44.98,30.0,0.0,VF CABLEMAX,0.0
8297,HSN,65 - 69,24.99,24.99,30.0,0.0,INTERNET COMFORT,0.0
8298,NRW,55 - 59,34.99,34.99,30.0,0.0,RED INTERNET & PHONE CABLE U,0.0
8299,NRW,30 - 34,44.98,44.98,30.0,0.0,RED INTERNET & PHONE CABLE U,0.0
8300,NRW,70 - 74,44.98,44.98,30.0,0.0,RED INTERNET & PHONE CABLE U,1.0
8301,NRW,65 - 69,47.97,44.98,30.0,0.0,VF CABLEMAX,1.0
8302,NRW,25 - 29,44.98,44.98,30.0,1.0,VF CABLEMAX,1.0
8303,HSN,25 - 29,34.99,34.99,30.0,0.0,RED INTERNET & PHONE CABLE U,1.0
8304,NRW,35 - 39,34.99,34.99,30.0,0.0,RED INTERNET & PHONE CABLE U,0.0
8305,KBW,25 - 29,42.98,42.98,30.0,0.0,VF RIP U-TREUE,0.0
8306,KBW,65 - 69,52.98,52.98,30.0,0.0,GIGAZUHAUSE KABEL,0.0
8307,HSN,35 - 39,44.98,44.98,30.0,0.0,VF CABLEMAX,0.0
8308,KBW,55 - 59,44.98,44.98,30.0,0.0,VF CABLEMAX,1.0
8309,NRW,35 - 39,34.99,34.99,30.0,0.0,RED INTERNET & PHONE CABLE U,1.0
8310,KBW,60 - 64,27.99,27.99,30.0,0.0,RIP CABLE U TREUE,0.0
8311,KBW,35 - 39,44.98,44.98,30.0,0.0,VF CABLEMAX,1.0
8312,KBW,25 - 29,54.99,54.99,30.0,0.0,RED INTERNET & PHONE CABLE U,1.0
8313,NRW,25 - 29,44.98,44.98,30.0,0.0,VF CABLEMAX,1.0
8314,KBW,35 - 39,39.98,39.98,30.0,0.0,RED INTERNET & PHONE CABLE U,1.0
8315,NRW,50 - 54,37.99,37.99,30.0,0.0,VF RIP U-TREUE,0.0
8316,KBW,35 - 39,32.99,32.99,30.0,0.0,VF RIP U-TREUE,1.0
8317,HSN,60 - 64,34.99,34.99,30.0,0.0,VF RIP U-TREUE,0.0
8318,NRW,35 - 39,49.97,49.97,30.0,0.0,VF CABLEMAX,1.0
8319,KBW,45 - 49,59.97,49.97,30.0,0.0,VF CABLEMAX,1.0
8320,NRW,25 - 29,44.98,44.98,30.0,0.0,VF CABLEMAX,1.0
8321,NRW,60 - 64,54.97,54.97,30.0,0.0,VF RIP U-TREUE,1.0
8322,NRW,30 - 34,42.98,42.98,30.0,0.0,VF RIP U-TREUE,1.0
8323,NRW,60 - 64,29.99,29.99,30.0,0.0,VF RIP U-TREUE,0.0
8324,NRW,35 - 39,49.99,49.99,30.0,0.0,RED INTERNET & PHONE CABLE U,0.0
8325,KBW,40 - 44,44.98,44.98,30.0,0.0,RED INTERNET & PHONE CABLE U,0.0
8326,NRW,25 - 29,44.98,44.98,30.0,0.0,VF CABLEMAX,0.0
8327,HSN,30 - 34,39.99,39.99,30.0,0.0,RED INTERNET & PHONE CABLE U,0.0
8328,NRW,70 - 74,39.99,39.99,30.0,0.0,VF RIP U-TREUE,0.0
8329,NRW,18 - 24,34.99,34.99,30.0,0.0,GIGAZUHAUSE KABEL,0.0
8330,NRW,65 - 69,44.98,44.98,30.0,0.0,VF CABLEMAX,0.0
8331,NRW,25 - 29,60.98,39.99,30.0,0.0,VF RIP U-TREUE,1.0
8332,NRW,75 - 79,34.99,34.99,30.0,0.0,RED INTERNET & PHONE CABLE U,1.0
8333,NRW,25 - 29,44.98,44.98,30.0,0.0,VF CABLEMAX,0.0
8334,NRW,55 - 59,39.99,39.99,30.0,0.0,VF RIP U-TREUE,1.0
8335,KBW,35 - 39,54.98,54.98,30.0,0.0,GIGAZUHAUSE KABEL,1.0
8336,KBW,40 - 44,39.98,39.98,30.0,0.0,VF CABLEMAX,0.0
8337,KBW,70 - 74,34.99,34.99,30.0,0.0,RED INTERNET & PHONE CABLE U,0.0
8338,NRW,30 - 34,24.99,24.99,30.0,0.0,RED INTERNET & PHONE CABLE U,0.0
8339,NRW,45 - 49,24.99,24.99,30.0,0.0,RED INTERNET & PHONE CABLE U,1.0
8340,NRW,60 - 64,44.98,44.98,30.0,0.0,RED INTERNET & PHONE CABLE U,1.0
8341,KBW,30 - 34,37.98,37.98,30.0,0.0,VF RIP U-TREUE,1.0
8342,KBW,25 - 29,34.99,34.99,30.0,0.0,RED INTERNET & PHONE CABLE U,0.0
8343,KBW,18 - 24,39.99,39.99,30.0,0.0,VF RIP U-TREUE,1.0
8344,KBW,18 - 24,54.99,54.99,30.0,0.0,RED INTERNET & PHONE CABLE U,1.0
8345,NRW,25 - 29,49.97,49.97,30.0,0.0,RED INTERNET & PHONE CABLE U,1.0
8346,HSN,25 - 29,44.98,44.98,30.0,0.0,RED INTERNET & PHONE CABLE U,0.0
8347,HSN,55 - 59,34.99,34.99,30.0,0.0,RED INTERNET & PHONE CABLE U,1.0
8348,NRW,75 - 79,64.96,49.97,30.0,0.0,RED INTERNET & PHONE CABLE U,0.0
8349,NRW,75 - 79,34.99,34.99,30.0,0.0,VF RIP U-TREUE,0.0
8350,HSN,50 - 54,44.98,44.98,98.0,0.0,VF CABLEMAX,1.0
8351,NRW,80 and over,34.99,34.99,30.0,0.0,RED INTERNET & PHONE CABLE U,1.0
8352,KBW,40 - 44,61.96,46.97,30.0,0.0,VF CABLEMAX,0.0
8353,HSN,60 - 64,39.99,39.99,30.0,0.0,RED INTERNET & PHONE CABLE U,1.0
8354,KBW,35 - 39,44.98,44.98,30.0,0.0,RED INTERNET & PHONE CABLE U,0.0
8355,NRW,35 - 39,34.99,34.99,30.0,0.0,RED INTERNET & PHONE CABLE U,0.0
8356,KBW,30 - 34,49.99,49.99,30.0,0.0,GIGAZUHAUSE KABEL,0.0
8357,NRW,50 - 54,42.98,42.98,30.0,0.0,VF RIP U-TREUE,1.0
8358,HSN,25 - 29,44.98,44.98,30.0,0.0,RED INTERNET & PHONE CABLE U,1.0
8359,NRW,40 - 44,49.99,49.99,30.0,0.0,RED INTERNET & PHONE CABLE U,0.0
8360,HSN,35 - 39,70.96,49.97,30.0,0.0,VF CABLEMAX,0.0
8361,KBW,35 - 39,34.99,34.99,30.0,0.0,RED INTERNET & PHONE CABLE U,0.0
8362,KBW,40 - 44,34.99,34.99,30.0,0.0,RED INTERNET & PHONE CABLE U,0.0
8363,KBW,18 - 24,34.99,34.99,30.0,0.0,RED INTERNET & PHONE CABLE U,1.0
8364,NRW,40 - 44,34.99,34.99,30.0,0.0,RED INTERNET & PHONE CABLE U,1.0
8365,KBW,35 - 39,39.98,39.98,30.0,0.0,RED INTERNET & PHONE CABLE U,1.0
8366,NRW,30 - 34,44.98,44.98,30.0,0.0,VF CABLEMAX,0.0
8367,HSN,55 - 59,56.94,36.98,30.0,0.0,VF RIP U-TREUE,1.0
8368,NRW,25 - 29,44.97,44.97,30.0,0.0,VF CABLEMAX,1.0
8369,NRW,35 - 39,29.99,29.99,30.0,0.0,VF RIP U-TREUE,0.0
8370,NRW,25 - 29,34.99,34.99,30.0,0.0,RED INTERNET & PHONE CABLE U,0.0
8371,NRW,60 - 64,42.97,42.97,30.0,0.0,RED INTERNET & PHONE CABLE U,0.0
8372,NRW,25 - 29,44.98,44.98,30.0,0.0,VF CABLEMAX,0.0
8373,KBW,65 - 69,49.99,49.99,30.0,0.0,RED INTERNET & PHONE CABLE U,1.0
8374,NRW,50 - 54,44.98,44.98,30.0,0.0,VF CABLEMAX,1.0
8375,HSN,40 - 44,37.98,37.98,30.0,0.0,GIGAZUHAUSE TREUE D,1.0
8376,KBW,60 - 64,37.99,37.99,30.0,0.0,VF RIP U-TREUE,0.0
8377,NRW,45 - 49,49.98,39.99,686.0,0.0,VF CABLEMAX,1.0
8378,KBW,55 - 59,60.98,39.99,30.0,0.0,VF RIP U-TREUE,1.0
8379,NRW,60 - 64,44.98,44.98,30.0,0.0,VF CABLEMAX,0.0
8380,NRW,55 - 59,19.99,29.99,30.0,0.0,VF RIP U-TREUE,0.0
8381,KBW,40 - 44,49.97,49.97,30.0,0.0,VF CABLEMAX,0.0
8382,NRW,18 - 24,42.97,42.97,30.0,0.0,RED INTERNET & PHONE CABLE U,0.0
8383,NRW,40 - 44,53.96,32.99,30.0,0.0,VF RIP U-TREUE,1.0
8384,NRW,50 - 54,34.99,34.99,30.0,0.0,RED INTERNET & PHONE CABLE U,0.0
8385,KBW,50 - 54,42.98,42.98,30.0,0.0,VF RIP U-TREUE,0.0
8386,KBW,35 - 39,39.99,39.99,30.0,0.0,RED INTERNET & PHONE CABLE U,1.0
8387,NRW,60 - 64,44.99,44.99,365.0,0.0,GIGAZUHAUSE TREUE B,1.0
8388,HSN,40 - 44,44.98,44.98,30.0,0.0,RED INTERNET & PHONE CABLE U,1.0
8389,KBW,25 - 29,42.97,42.97,30.0,0.0,RED INTERNET & PHONE CABLE U,0.0
8390,NRW,45 - 49,37.99,37.99,30.0,0.0,VF RIP U-TREUE,1.0
8391,NRW,55 - 59,39.98,39.98,366.0,0.0,GIGAZUHAUSE KABEL,1.0
8392,HSN,50 - 54,32.99,32.99,30.0,0.0,VF RIP U-TREUE,1.0
8393,NRW,45 - 49,29.99,29.99,30.0,0.0,VF RIP U-TREUE,0.0
8394,NRW,30 - 34,49.97,49.97,30.0,0.0,VF CABLEMAX,1.0
8395,KBW,55 - 59,49.99,49.99,30.0,0.0,RED INTERNET & PHONE CABLE U,0.0
8396,NRW,35 - 39,32.99,32.99,30.0,0.0,VF RIP U-TREUE,0.0
8397,NRW,65 - 69,38.98,38.98,30.0,0.0,RED INTERNET & PHONE CABLE U,0.0
8398,NRW,40 - 44,54.97,44.98,30.0,0.0,VF CABLEMAX,0.0
8399,HSN,30 - 34,34.99,34.99,30.0,0.0,RED INTERNET & PHONE CABLE U,1.0
8400,KBW,60 - 64,34.99,34.99,30.0,0.0,RED INTERNET & PHONE CABLE U,1.0
8401,HSN,18 - 24,39.99,39.99,30.0,0.0,VF RIP U-TREUE,1.0
8402,NRW,80 and over,0.0,0.0,30.0,0.0,MMA,0.0
8403,HSN,30 - 34,42.97,42.97,30.0,0.0,GIGAZUHAUSE KABEL,1.0
8404,KBW,60 - 64,34.99,34.99,695.0,0.0,RED INTERNET & PHONE CABLE U,0.0
8405,NRW,70 - 74,34.99,34.99,30.0,0.0,RED INTERNET & PHONE CABLE U,0.0
8406,KBW,30 - 34,47.98,47.98,30.0,0.0,GIGAZUHAUSE KABEL,1.0
8407,NRW,55 - 59,34.99,34.99,30.0,0.0,RED INTERNET & PHONE CABLE U,1.0
8408,NRW,30 - 34,34.99,34.99,30.0,0.0,RED INTERNET & PHONE CABLE U,0.0
8409,NRW,40 - 44,29.99,29.99,30.0,0.0,VF RIP U-TREUE,0.0
8410,NRW,45 - 49,69.96,34.99,30.0,0.0,RED INTERNET & PHONE CABLE U,1.0
8411,NRW,40 - 44,44.98,44.98,30.0,0.0,RED INTERNET & PHONE CABLE U,0.0
8412,NRW,30 - 34,39.99,39.99,30.0,0.0,RED INTERNET & PHONE CABLE U,0.0
8413,NRW,30 - 34,59.99,54.99,30.0,0.0,RED INTERNET & PHONE CABLE U,1.0
8414,HSN,55 - 59,49.97,49.97,30.0,0.0,VF CABLEMAX,1.0
8415,NRW,30 - 34,34.99,34.99,30.0,0.0,RED INTERNET & PHONE CABLE U,0.0
8416,HSN,35 - 39,74.95,44.97,30.0,0.0,VF CABLEMAX,1.0
8417,NRW,40 - 44,29.99,29.99,30.0,0.0,VF RIP U-TREUE,1.0
8418,NRW,35 - 39,60.41,37.9,30.0,0.0,2PLAY PLUS,1.0
8419,NRW,60 - 64,44.98,44.98,30.0,0.0,VF CABLEMAX,1.0
8420,NRW,50 - 54,65.97,44.98,30.0,0.0,RED INTERNET & PHONE CABLE U,0.0
8421,HSN,60 - 64,32.99,32.99,133.0,0.0,GIGAZUHAUSE TREUE B,0.0
8422,KBW,50 - 54,39.99,39.99,30.0,0.0,VF RIP U-TREUE,0.0
8423,KBW,40 - 44,64.98,64.98,30.0,0.0,GIGAZUHAUSE KABEL,1.0
8424,HSN,25 - 29,39.99,39.99,30.0,0.0,RED INTERNET & PHONE CABLE U,0.0
8425,NRW,60 - 64,24.99,24.99,148.0,0.0,GIGAZUHAUSE TREUE C,0.0
8426,NRW,55 - 59,74.96,49.97,30.0,0.0,VF CABLEMAX,0.0
8427,NRW,25 - 29,44.98,44.98,30.0,0.0,RED INTERNET & PHONE CABLE U,1.0
8428,KBW,35 - 39,29.99,29.99,30.0,0.0,VF RIP U-TREUE,0.0
8429,NRW,70 - 74,29.99,29.99,30.0,0.0,VF RIP U-TREUE,1.0
8430,KBW,80 and over,24.99,24.99,30.0,0.0,RED INTERNET & PHONE CABLE U,1.0
8431,KBW,25 - 29,39.99,39.99,30.0,0.0,VF RIP U-TREUE,1.0
8432,NRW,55 - 59,39.99,39.99,30.0,0.0,VF RIP U-TREUE,0.0
8433,NRW,18 - 24,54.99,54.99,30.0,0.0,RED INTERNET & PHONE CABLE U,1.0
8434,KBW,25 - 29,54.99,54.99,30.0,0.0,RED INTERNET & PHONE CABLE U,0.0
8435,NRW,60 - 64,34.99,34.99,30.0,0.0,RED INTERNET & PHONE CABLE U,0.0
8436,NRW,25 - 29,34.99,34.99,30.0,0.0,RED INTERNET & PHONE CABLE U,0.0
8437,NRW,30 - 34,54.97,44.98,30.0,0.0,VF CABLEMAX,0.0
8438,HSN,25 - 29,39.99,39.99,30.0,0.0,RED INTERNET & PHONE CABLE U,0.0
8439,KBW,25 - 29,19.99,34.99,30.0,0.0,RED INTERNET & PHONE CABLE U,1.0
8440,NRW,45 - 49,70.98,49.99,30.0,0.0,RED INTERNET & PHONE CABLE U,0.0
8441,KBW,50 - 54,37.99,37.99,30.0,0.0,VF RIP U-TREUE,0.0
8442,NRW,60 - 64,44.98,44.98,30.0,0.0,VF CABLEMAX,0.0
8443,HSN,30 - 34,44.98,44.98,30.0,0.0,VF CABLEMAX,0.0
8444,NRW,25 - 29,34.99,34.99,30.0,0.0,RED INTERNET & PHONE CABLE U,0.0
8445,NRW,30 - 34,39.98,39.98,30.0,0.0,VF CABLEMAX,0.0
8446,NRW,35 - 39,32.97,32.97,30.0,0.0,GIGAZUHAUSE KABEL,0.0
8447,NRW,45 - 49,39.99,39.99,30.0,0.0,RED INTERNET & PHONE CABLE U,1.0
8448,KBW,35 - 39,37.98,37.98,30.0,0.0,VF RIP U-TREUE,0.0
8449,NRW,40 - 44,24.99,24.99,30.0,0.0,INTERNET COMFORT,1.0
8450,NRW,25 - 29,37.99,37.99,30.0,0.0,VF RIP U-TREUE,1.0
8451,HSN,45 - 49,42.98,42.98,30.0,0.0,2PLAY PLUS,0.0
8452,KBW,40 - 44,39.99,39.99,30.0,0.0,VF RIP U-TREUE,0.0
8453,NRW,50 - 54,70.97,42.98,30.0,0.0,VF RIP U-TREUE,1.0
8454,NRW,50 - 54,42.98,42.98,30.0,0.0,VF RIP U-TREUE,0.0
8455,KBW,35 - 39,39.99,39.99,30.0,0.0,RED INTERNET & PHONE CABLE U,0.0
8456,NRW,55 - 59,49.97,49.97,30.0,0.0,VF CABLEMAX,0.0
8457,NRW,30 - 34,39.99,39.99,30.0,0.0,VF RIP U-TREUE,1.0
8458,NRW,55 - 59,39.99,39.99,30.0,0.0,RED INTERNET & PHONE CABLE U,1.0
8459,NRW,65 - 69,37.99,37.99,30.0,0.0,VF RIP U-TREUE,0.0
8460,NRW,25 - 29,39.98,39.98,309.0,0.0,GIGAZUHAUSE KABEL,1.0
8461,KBW,45 - 49,34.99,34.99,30.0,0.0,RED INTERNET & PHONE CABLE U,0.0
8462,NRW,30 - 34,42.98,42.98,30.0,0.0,VF RIP U-TREUE,1.0
8463,KBW,45 - 49,34.99,34.99,30.0,0.0,RED INTERNET & PHONE CABLE U,0.0
8464,NRW,45 - 49,29.99,29.99,30.0,0.0,VF RIP U-TREUE,0.0
8465,KBW,25 - 29,39.98,39.98,30.0,0.0,RED INTERNET & PHONE CABLE U,1.0
8466,NRW,35 - 39,29.99,29.99,30.0,0.0,VF RIP U-TREUE,0.0
8467,NRW,30 - 34,49.99,49.99,30.0,0.0,RED INTERNET & PHONE CABLE U,1.0
8468,NRW,60 - 64,39.98,39.98,30.0,0.0,VF CABLEMAX,1.0
8469,KBW,55 - 59,74.95,49.98,30.0,0.0,VF RIP U-TREUE,1.0
8470,NRW,45 - 49,39.99,39.99,30.0,0.0,VF RIP U-TREUE,1.0
8471,HSN,35 - 39,54.98,54.98,30.0,0.0,GIGAZUHAUSE KABEL,1.0
8472,KBW,40 - 44,44.98,44.98,30.0,0.0,VF CABLEMAX,0.0
8473,NRW,25 - 29,42.97,42.97,30.0,0.0,RED INTERNET & PHONE CABLE U,0.0
8474,KBW,40 - 44,69.98,49.99,30.0,0.0,GIGAZUHAUSE KABEL,1.0
8475,NRW,30 - 34,37.98,37.98,30.0,0.0,VF RIP U-TREUE,0.0
8476,KBW,25 - 29,39.99,39.99,30.0,0.0,RED INTERNET & PHONE CABLE U,1.0
8477,NRW,30 - 34,49.97,29.99,30.0,0.0,VF RIP U-TREUE,1.0
8478,HSN,55 - 59,39.99,39.99,30.0,0.0,VF RIP U-TREUE,0.0
8479,NRW,45 - 49,52.97,32.99,30.0,0.0,VF RIP U-TREUE,0.0
8480,KBW,35 - 39,54.99,54.99,30.0,0.0,RED INTERNET & PHONE CABLE U,1.0
8481,NRW,40 - 44,59.99,59.99,30.0,0.0,GIGAZUHAUSE KABEL,0.0
8482,KBW,25 - 29,39.99,39.99,30.0,0.0,VF RIP U-TREUE,0.0
8483,HSN,50 - 54,49.97,49.97,30.0,0.0,VF CABLEMAX,1.0
8484,KBW,55 - 59,62.98,62.98,30.0,0.0,VF RIP U-TREUE,1.0
8485,NRW,50 - 54,42.98,42.98,30.0,0.0,VF RIP U-TREUE,0.0
8486,NRW,30 - 34,24.99,24.99,30.0,0.0,VF RIP U-TREUE,0.0
8487,NRW,25 - 29,34.99,34.99,30.0,0.0,RED INTERNET & PHONE CABLE U,0.0
8488,NRW,75 - 79,37.97,37.97,30.0,0.0,3PLAY PLUS,0.0
8489,KBW,50 - 54,54.99,54.99,30.0,0.0,RED INTERNET & PHONE CABLE U,1.0
8490,NRW,35 - 39,44.98,44.98,30.0,0.0,VF CABLEMAX,1.0
8491,NRW,50 - 54,39.98,39.98,30.0,0.0,RED INTERNET & PHONE CABLE U,1.0
8492,NRW,50 - 54,49.97,49.97,30.0,0.0,VF CABLEMAX,0.0
8493,KBW,50 - 54,34.99,34.99,30.0,0.0,VF RIP U-TREUE,1.0
8494,HSN,25 - 29,39.99,39.99,30.0,0.0,RED INTERNET & PHONE CABLE U,1.0
8495,KBW,45 - 49,32.99,32.99,30.0,0.0,VF RIP U-TREUE,0.0
8496,NRW,40 - 44,49.97,49.97,30.0,0.0,GIGAZUHAUSE KABEL,1.0
8497,NRW,60 - 64,49.97,49.97,30.0,0.0,VF CABLEMAX,0.0
8498,NRW,30 - 34,19.99,19.99,30.0,0.0,GIGAZUHAUSE KABEL,1.0
8499,NRW,25 - 29,34.99,34.99,30.0,0.0,RED INTERNET & PHONE CABLE U,1.0
8500,NRW,25 - 29,49.99,49.99,30.0,0.0,GIGAZUHAUSE KABEL,0.0
8501,NRW,35 - 39,39.99,39.99,30.0,0.0,RED INTERNET & PHONE CABLE U,1.0
8502,NRW,45 - 49,44.98,44.98,30.0,0.0,VF CABLEMAX,0.0
8503,KBW,70 - 74,39.99,39.99,30.0,0.0,RED INTERNET & PHONE CABLE U,0.0
8504,KBW,65 - 69,44.97,44.97,30.0,0.0,GIGAZUHAUSE KABEL,0.0
8505,NRW,65 - 69,34.99,34.99,30.0,0.0,RED INTERNET & PHONE CABLE U,0.0
8506,HSN,25 - 29,54.99,54.99,30.0,0.0,RED INTERNET & PHONE CABLE U,1.0
8507,KBW,35 - 39,34.98,34.98,30.0,0.0,RED INTERNET & PHONE CABLE U,0.0
8508,KBW,30 - 34,39.99,39.99,30.0,0.0,RED INTERNET & PHONE CABLE U,0.0
8509,NRW,65 - 69,24.99,24.99,30.0,0.0,VF RIP U-TREUE,0.0
8510,NRW,40 - 44,49.99,49.99,30.0,0.0,VF RIP U-TREUE,1.0
8511,NRW,30 - 34,39.99,39.99,30.0,0.0,RED INTERNET & PHONE CABLE U,1.0
8512,NRW,45 - 49,39.99,39.99,30.0,0.0,RED INTERNET & PHONE CABLE U,1.0
8513,NRW,75 - 79,34.99,34.99,30.0,0.0,RED INTERNET & PHONE CABLE U,0.0
8514,NRW,40 - 44,44.98,44.98,30.0,0.0,VF RIP U-TREUE,0.0
8515,NRW,40 - 44,49.97,49.97,30.0,0.0,VF CABLEMAX,1.0
8516,NRW,30 - 34,44.98,44.98,30.0,0.0,RED INTERNET & PHONE CABLE U,1.0
8517,NRW,25 - 29,39.98,39.98,309.0,0.0,GIGAZUHAUSE KABEL,0.0
8518,NRW,50 - 54,34.99,34.99,30.0,0.0,RED INTERNET & PHONE CABLE U,0.0
8519,KBW,25 - 29,44.98,44.98,30.0,0.0,RED INTERNET & PHONE CABLE U,1.0
8520,KBW,35 - 39,44.98,44.98,30.0,0.0,VF CABLEMAX,0.0
8521,NRW,55 - 59,34.99,34.99,30.0,0.0,RED INTERNET & PHONE CABLE U,0.0
8522,HSN,40 - 44,44.98,44.98,30.0,0.0,VF CABLEMAX,1.0
8523,NRW,55 - 59,29.99,29.99,30.0,0.0,RED INTERNET & PHONE CABLE U,0.0
8524,NRW,25 - 29,37.98,37.98,304.0,0.0,GIGAZUHAUSE TREUE D,1.0
8525,NRW,25 - 29,34.99,34.99,30.0,0.0,RED INTERNET & PHONE CABLE U,1.0
8526,HSN,25 - 29,34.99,34.99,30.0,0.0,RED INTERNET & PHONE CABLE U,1.0
8527,NRW,25 - 29,34.99,34.99,30.0,0.0,RED INTERNET & PHONE CABLE U,1.0
8528,NRW,40 - 44,39.99,39.99,30.0,0.0,VF RIP U-TREUE,1.0
8529,KBW,25 - 29,44.98,44.98,30.0,0.0,VF CABLEMAX,1.0
8530,NRW,55 - 59,48.97,48.97,30.0,0.0,RED INTERNET & PHONE CABLE U,0.0
8531,KBW,25 - 29,37.99,37.99,30.0,0.0,VF RIP U-TREUE,1.0
8532,NRW,30 - 34,29.99,29.99,30.0,0.0,VF RIP U-TREUE,1.0
8533,NRW,35 - 39,34.99,34.99,30.0,0.0,RED INTERNET & PHONE CABLE U,1.0
8534,NRW,70 - 74,54.96,44.98,30.0,0.0,VF CABLEMAX,0.0
8535,KBW,45 - 49,74.95,54.98,30.0,0.0,RED INTERNET & PHONE CABLE U,0.0
8536,NRW,75 - 79,49.99,49.99,30.0,0.0,RED INTERNET & PHONE CABLE U,0.0
8537,KBW,40 - 44,44.98,44.98,30.0,0.0,VF CABLEMAX,0.0
8538,KBW,40 - 44,54.99,54.99,30.0,0.0,RED INTERNET & PHONE CABLE U,1.0
8539,KBW,65 - 69,44.98,44.98,30.0,0.0,VF CABLEMAX,0.0
8540,KBW,75 - 79,39.98,39.98,168.0,0.0,GIGAZUHAUSE TREUE B,0.0
8541,NRW,40 - 44,44.98,44.98,30.0,0.0,RED INTERNET & PHONE CABLE U,1.0
8542,KBW,45 - 49,54.99,54.99,30.0,0.0,RED INTERNET & PHONE CABLE U,0.0
8543,NRW,30 - 34,0.0,0.0,30.0,0.0,MMA,1.0
8544,NRW,80 and over,34.99,34.99,30.0,0.0,RED INTERNET & PHONE CABLE U,1.0
8545,NRW,25 - 29,34.99,34.99,30.0,0.0,RED INTERNET & PHONE CABLE U,1.0
8546,KBW,55 - 59,34.99,34.99,30.0,0.0,RED INTERNET & PHONE CABLE U,0.0
8547,HSN,35 - 39,44.98,44.98,30.0,0.0,VF CABLEMAX,1.0
8548,KBW,25 - 29,32.97,32.97,30.0,0.0,RED INTERNET & PHONE CABLE U,0.0
8549,KBW,80 and over,70.98,49.99,30.0,0.0,RED INTERNET & PHONE CABLE U,0.0
8550,KBW,40 - 44,44.98,44.98,30.0,0.0,VF CABLEMAX,0.0
8551,NRW,25 - 29,39.99,39.99,30.0,0.0,RED INTERNET & PHONE CABLE U,1.0
8552,NRW,30 - 34,34.99,34.99,30.0,0.0,RED INTERNET & PHONE CABLE U,1.0
8553,NRW,35 - 39,39.99,39.99,30.0,0.0,RED INTERNET & PHONE CABLE U,1.0
8554,NRW,30 - 34,39.98,39.98,30.0,0.0,RED INTERNET & PHONE CABLE U,0.0
8555,KBW,35 - 39,44.98,44.98,30.0,0.0,RED INTERNET & PHONE CABLE U,1.0
8556,HSN,55 - 59,49.97,49.97,30.0,0.0,VF CABLEMAX,1.0
8557,NRW,65 - 69,29.99,29.99,30.0,0.0,INTERNET PREMIUM,1.0
8558,NRW,40 - 44,39.98,39.98,30.0,0.0,RED INTERNET & PHONE CABLE U,0.0
8559,NRW,50 - 54,44.98,44.98,30.0,0.0,VF CABLEMAX,1.0
8560,NRW,45 - 49,39.99,39.99,30.0,0.0,RED INTERNET & PHONE CABLE U,1.0
8561,KBW,35 - 39,39.98,39.98,30.0,0.0,GIGAZUHAUSE KABEL,1.0
8562,NRW,70 - 74,62.96,44.98,30.0,0.0,VF CABLEMAX,0.0
8563,NRW,35 - 39,49.99,49.99,30.0,0.0,RED INTERNET & PHONE CABLE U,1.0
8564,KBW,25 - 29,63.97,63.97,30.0,0.0,RED INTERNET & PHONE CABLE U,0.0
8565,NRW,50 - 54,95.97,54.99,30.0,0.0,RED INTERNET & PHONE CABLE U,0.0
8566,KBW,18 - 24,44.98,44.98,30.0,0.0,RED INTERNET & PHONE CABLE U,1.0
8567,NRW,70 - 74,75.98,54.99,30.0,0.0,RED INTERNET & PHONE CABLE U,0.0
8568,HSN,30 - 34,44.98,44.98,30.0,1.0,VF CABLEMAX,1.0
8569,KBW,35 - 39,34.99,34.99,30.0,0.0,RED INTERNET & PHONE CABLE U,1.0
8570,NRW,45 - 49,44.98,44.98,30.0,0.0,VF CABLEMAX,1.0
8571,NRW,30 - 34,34.99,34.99,30.0,0.0,RED INTERNET & PHONE CABLE U,0.0
8572,KBW,35 - 39,34.99,34.99,30.0,0.0,RED INTERNET & PHONE CABLE U,1.0
8573,KBW,45 - 49,54.98,54.98,30.0,0.0,GIGAZUHAUSE KABEL,0.0
8574,KBW,25 - 29,13.99,13.99,30.0,0.0,EAZY,1.0
8575,KBW,30 - 34,44.98,44.98,30.0,0.0,RED INTERNET & PHONE CABLE U,1.0
8576,NRW,40 - 44,44.98,44.98,87.0,0.0,VF CABLEMAX,0.0
8577,KBW,60 - 64,49.99,49.99,30.0,0.0,RED INTERNET & PHONE CABLE U,0.0
8578,NRW,30 - 34,54.99,54.99,30.0,0.0,RED INTERNET & PHONE CABLE U,0.0
8579,KBW,65 - 69,24.99,34.99,30.0,0.0,RED INTERNET & PHONE CABLE U,1.0
8580,KBW,35 - 39,39.99,39.99,30.0,0.0,RED INTERNET & PHONE CABLE U,1.0
8581,NRW,30 - 34,42.98,42.98,30.0,0.0,VF RIP U-TREUE,0.0
8582,NRW,80 and over,25.0,25.0,30.0,0.0,RED INTERNET & PHONE CABLE U,1.0
8583,NRW,30 - 34,34.99,34.99,30.0,0.0,RED INTERNET & PHONE CABLE U,1.0
8584,NRW,30 - 34,44.98,44.98,30.0,0.0,RED INTERNET & PHONE CABLE U,1.0
8585,KBW,30 - 34,52.98,52.98,30.0,0.0,GIGAZUHAUSE KABEL,1.0
8586,NRW,35 - 39,49.99,49.99,30.0,0.0,RED INTERNET & PHONE CABLE U,0.0
8587,HSN,45 - 49,39.99,39.99,695.0,0.0,RED INTERNET & PHONE CABLE U,1.0
8588,KBW,55 - 59,38.98,38.98,30.0,0.0,RED INTERNET & PHONE CABLE U,0.0
8589,NRW,60 - 64,37.98,37.98,30.0,0.0,VF RIP U-TREUE,0.0
8590,NRW,40 - 44,34.99,34.99,30.0,0.0,RED INTERNET & PHONE CABLE U,1.0
8591,NRW,25 - 29,49.99,49.99,30.0,0.0,RED INTERNET & PHONE CABLE U,1.0
8592,NRW,25 - 29,54.99,54.99,30.0,0.0,RED INTERNET & PHONE CABLE U,0.0
8593,NRW,18 - 24,39.98,39.98,30.0,0.0,RED INTERNET & PHONE CABLE U,1.0
8594,NRW,50 - 54,34.99,34.99,30.0,0.0,VF RIP U-TREUE,0.0
8595,NRW,35 - 39,49.99,49.99,30.0,0.0,GIGAZUHAUSE KABEL,0.0
8596,NRW,25 - 29,44.98,44.98,30.0,0.0,VF CABLEMAX,0.0
8597,KBW,45 - 49,44.98,44.98,30.0,0.0,RED INTERNET & PHONE CABLE U,0.0
8598,NRW,30 - 34,44.98,44.98,30.0,0.0,VF CABLEMAX,0.0
8599,KBW,25 - 29,44.98,44.98,30.0,0.0,RED INTERNET & PHONE CABLE U,1.0
8600,NRW,35 - 39,39.97,39.98,30.0,0.0,VF RIP U-TREUE,1.0
8601,NRW,60 - 64,39.99,39.99,30.0,0.0,RED INTERNET & PHONE CABLE U,0.0
8602,NRW,35 - 39,49.99,49.99,30.0,0.0,RED INTERNET & PHONE CABLE U,1.0
8603,HSN,40 - 44,43.97,43.97,30.0,0.0,VF CABLEMAX,1.0
8604,NRW,30 - 34,34.99,34.99,30.0,0.0,RED INTERNET & PHONE CABLE U,1.0
8605,NRW,65 - 69,39.99,39.99,30.0,0.0,RED INTERNET & PHONE CABLE U,0.0
8606,NRW,55 - 59,54.98,54.98,30.0,0.0,RED INTERNET & PHONE CABLE U,1.0
8607,NRW,35 - 39,54.99,54.99,30.0,0.0,RED INTERNET & PHONE CABLE U,1.0
8608,NRW,40 - 44,59.98,59.98,30.0,0.0,RED INTERNET & PHONE CABLE U,0.0
8609,KBW,35 - 39,32.99,32.99,30.0,0.0,VF RIP U-TREUE,0.0
8610,NRW,55 - 59,49.97,49.97,30.0,0.0,VF CABLEMAX,0.0
8611,NRW,35 - 39,29.99,29.99,30.0,0.0,VF RIP U-TREUE,0.0
8612,KBW,70 - 74,37.99,37.99,30.0,0.0,VF RIP U-TREUE,0.0
8613,NRW,55 - 59,54.98,54.98,30.0,0.0,GIGAZUHAUSE KABEL,1.0
8614,NRW,40 - 44,42.98,42.98,30.0,0.0,2PLAY PLUS,1.0
8615,NRW,35 - 39,39.99,39.99,30.0,0.0,RED INTERNET & PHONE CABLE U,1.0
8616,HSN,40 - 44,22.99,22.99,30.0,0.0,EAZY FLEX,0.0
8617,NRW,50 - 54,47.99,47.99,30.0,0.0,VF RIP U-TREUE,1.0
8618,KBW,35 - 39,29.99,29.99,30.0,0.0,VF RIP U-TREUE,0.0
8619,KBW,40 - 44,44.98,44.98,30.0,0.0,RED INTERNET & PHONE CABLE U,1.0
8620,NRW,35 - 39,39.99,39.99,30.0,0.0,RED INTERNET & PHONE CABLE U,0.0
8621,KBW,45 - 49,54.99,54.99,30.0,0.0,RED INTERNET & PHONE CABLE U,1.0
8622,HSN,30 - 34,59.99,59.99,30.0,0.0,GIGAZUHAUSE KABEL,1.0
8623,NRW,50 - 54,39.99,39.99,30.0,0.0,VF RIP U-TREUE,0.0
8624,NRW,65 - 69,44.98,44.98,30.0,0.0,VF CABLEMAX,1.0
8625,KBW,30 - 34,39.99,39.99,30.0,0.0,RED INTERNET & PHONE CABLE U,1.0
8626,KBW,60 - 64,59.98,39.99,30.0,0.0,RED INTERNET & PHONE CABLE U,0.0
8627,HSN,50 - 54,39.98,39.98,339.0,0.0,GIGAZUHAUSE KABEL,1.0
8628,NRW,40 - 44,70.98,49.99,30.0,0.0,3PLAY TREUE,1.0
8629,NRW,30 - 34,34.99,34.99,30.0,0.0,VF CABLEMAX,1.0
8630,NRW,50 - 54,32.97,32.97,30.0,0.0,2PLAY TREUE,1.0
8631,KBW,55 - 59,44.98,44.98,30.0,0.0,VF RIP U-TREUE,1.0
8632,NRW,40 - 44,44.98,44.98,30.0,2.0,VF CABLEMAX,1.0
8633,NRW,60 - 64,39.99,39.99,38.0,0.0,RED INTERNET & PHONE CABLE U,1.0
8634,NRW,55 - 59,34.99,34.99,30.0,0.0,VF RIP U-TREUE,1.0
8635,NRW,80 and over,42.98,42.98,30.0,0.0,2PLAY PLUS,0.0
8636,NRW,65 - 69,72.96,52.96,30.0,0.0,GIGAZUHAUSE KABEL,1.0
8637,NRW,60 - 64,30.95,30.95,30.0,0.0,RED INTERNET & PHONE CABLE U,1.0
8638,NRW,60 - 64,53.98,32.99,30.0,0.0,VF RIP U-TREUE,1.0
8639,NRW,55 - 59,49.99,49.99,30.0,0.0,GIGAZUHAUSE KABEL,0.0
8640,NRW,30 - 34,29.99,29.99,30.0,0.0,VF RIP U-TREUE,1.0
8641,NRW,30 - 34,39.98,39.98,30.0,0.0,VF CABLEMAX,0.0
8642,HSN,35 - 39,39.99,39.99,30.0,0.0,RED INTERNET & PHONE CABLE U,0.0
8643,NRW,35 - 39,39.98,39.98,30.0,0.0,GIGAZUHAUSE KABEL,1.0
8644,KBW,50 - 54,44.98,44.98,30.0,0.0,VF CABLEMAX,1.0
8645,NRW,50 - 54,34.99,34.99,30.0,0.0,RED INTERNET & PHONE CABLE U,1.0
8646,KBW,18 - 24,69.98,59.98,30.0,0.0,GIGAZUHAUSE KABEL,1.0
8647,KBW,55 - 59,44.98,44.98,30.0,0.0,RED INTERNET & PHONE CABLE U,1.0
8648,KBW,30 - 34,49.99,49.99,30.0,0.0,RED INTERNET & PHONE CABLE U,1.0
8649,HSN,25 - 29,62.98,62.98,186.0,0.0,GIGAZUHAUSE KABEL,1.0
8650,NRW,30 - 34,44.98,44.98,30.0,0.0,VF RIP U-TREUE,0.0
8651,NRW,50 - 54,24.99,24.99,30.0,0.0,INTERNET COMFORT,0.0
8652,HSN,35 - 39,34.99,34.99,30.0,0.0,RED INTERNET & PHONE CABLE U,1.0
8653,HSN,45 - 49,43.98,43.98,30.0,0.0,RED INTERNET & PHONE CABLE U,1.0
8654,NRW,35 - 39,44.98,44.98,30.0,0.0,VF CABLEMAX,1.0
8655,HSN,60 - 64,32.99,32.99,30.0,0.0,VF RIP U-TREUE,1.0
8656,NRW,50 - 54,74.95,49.97,30.0,0.0,VF CABLEMAX,0.0
8657,NRW,30 - 34,34.99,34.99,30.0,0.0,RED INTERNET & PHONE CABLE U,1.0
8658,NRW,30 - 34,34.99,34.99,30.0,0.0,RED INTERNET & PHONE CABLE U,1.0
8659,NRW,30 - 34,44.98,44.98,30.0,0.0,RED INTERNET & PHONE CABLE U,1.0
8660,KBW,25 - 29,39.99,39.99,30.0,1.0,VF RIP U-TREUE,1.0
8661,KBW,70 - 74,39.99,39.99,30.0,0.0,VF RIP U-TREUE,1.0
8662,NRW,35 - 39,34.99,34.99,30.0,0.0,RED INTERNET & PHONE CABLE U,1.0
8663,NRW,70 - 74,29.99,29.99,30.0,0.0,INTERNET PREMIUM,0.0
8664,NRW,55 - 59,42.97,42.97,30.0,0.0,GIGAZUHAUSE KABEL,1.0
8665,HSN,45 - 49,44.98,44.98,30.0,0.0,RED INTERNET & PHONE CABLE U,0.0
8666,KBW,50 - 54,44.98,44.98,30.0,0.0,VF CABLEMAX,1.0
8667,NRW,35 - 39,34.99,34.99,30.0,0.0,RED INTERNET & PHONE CABLE U,1.0
8668,NRW,65 - 69,43.98,43.98,30.0,0.0,RED INTERNET & PHONE CABLE U,0.0
8669,NRW,30 - 34,44.97,44.97,30.0,0.0,RED INTERNET & PHONE CABLE U,1.0
8670,NRW,60 - 64,29.99,39.99,695.0,0.0,GIGAZUHAUSE TREUE C,0.0
8671,NRW,30 - 34,39.99,39.99,30.0,0.0,VF RIP U-TREUE,0.0
8672,NRW,70 - 74,29.99,29.99,30.0,0.0,VF RIP U-TREUE,0.0
8673,HSN,45 - 49,44.98,44.98,30.0,0.0,VF CABLEMAX,0.0
8674,NRW,40 - 44,44.98,44.98,30.0,0.0,VF CABLEMAX,1.0
8675,HSN,25 - 29,44.98,44.98,30.0,0.0,RED INTERNET & PHONE CABLE U,0.0
8676,NRW,65 - 69,42.98,42.98,30.0,0.0,VF RIP U-TREUE,0.0
8677,NRW,25 - 29,39.99,39.99,30.0,0.0,RED INTERNET & PHONE CABLE U,1.0
8678,NRW,65 - 69,72.97,37.99,30.0,0.0,VF RIP U-TREUE,1.0
8679,NRW,65 - 69,29.99,29.99,234.0,0.0,GIGAZUHAUSE TREUE C,0.0
8680,KBW,35 - 39,34.99,34.99,30.0,0.0,RED INTERNET & PHONE CABLE U,1.0
8681,KBW,50 - 54,54.95,49.97,30.0,0.0,VF CABLEMAX,1.0
8682,HSN,55 - 59,33.84,33.85,30.0,0.0,RED INTERNET & PHONE CABLE U,0.0
8683,NRW,30 - 34,39.99,39.99,30.0,0.0,RED INTERNET & PHONE CABLE U,0.0
8684,KBW,70 - 74,59.98,59.98,30.0,0.0,RED INTERNET & PHONE CABLE U,1.0
8685,NRW,30 - 34,44.98,44.98,30.0,0.0,RED INTERNET & PHONE CABLE U,1.0
8686,KBW,18 - 24,49.97,49.97,30.0,0.0,VF CABLEMAX,0.0
8687,KBW,35 - 39,42.98,42.98,30.0,0.0,GIGAZUHAUSE TREUE C,0.0
8688,KBW,30 - 34,49.99,49.99,30.0,0.0,RED INTERNET & PHONE CABLE U,0.0
8689,NRW,30 - 34,49.99,49.99,30.0,0.0,GIGAZUHAUSE KABEL,1.0
8690,NRW,50 - 54,29.99,29.99,30.0,0.0,VF RIP U-TREUE,0.0
8691,NRW,30 - 34,49.99,49.99,30.0,0.0,GIGAZUHAUSE KABEL,0.0
8692,NRW,75 - 79,34.99,34.99,30.0,0.0,RED INTERNET & PHONE CABLE U,1.0
8693,NRW,30 - 34,67.92,67.96,30.0,0.0,3PLAY PLUS,0.0
8694,NRW,55 - 59,44.98,44.98,30.0,0.0,VF CABLEMAX,0.0
8695,NRW,30 - 34,29.99,29.99,30.0,0.0,VF RIP U-TREUE,1.0
8696,KBW,25 - 29,34.99,34.99,30.0,0.0,RED INTERNET & PHONE CABLE U,1.0
8697,KBW,25 - 29,39.99,39.99,30.0,0.0,RED INTERNET & PHONE CABLE U,0.0
8698,KBW,35 - 39,29.99,29.99,30.0,0.0,VF RIP U-TREUE,0.0
8699,NRW,55 - 59,44.98,44.98,30.0,0.0,RED INTERNET & PHONE CABLE U,0.0
8700,HSN,70 - 74,24.99,24.99,692.0,0.0,GIGAZUHAUSE TREUE C,1.0
8701,NRW,35 - 39,34.99,34.99,30.0,0.0,RED INTERNET & PHONE CABLE U,1.0
8702,KBW,70 - 74,68.41,42.64,30.0,0.0,RED INTERNET & PHONE CABLE U,1.0
8703,NRW,35 - 39,11.98,11.98,30.0,0.0,EAZY,0.0
8704,NRW,55 - 59,67.97,47.98,30.0,0.0,VF RIP U-TREUE,0.0
8705,NRW,60 - 64,24.99,24.99,30.0,0.0,INTERNET COMFORT,1.0
8706,NRW,35 - 39,34.99,34.99,30.0,0.0,RED INTERNET & PHONE CABLE U,1.0
8707,NRW,60 - 64,49.97,49.97,30.0,0.0,VF CABLEMAX,1.0
8708,HSN,60 - 64,24.99,24.99,30.0,0.0,INTERNET COMFORT,0.0
8709,HSN,55 - 59,34.98,34.98,30.0,0.0,VF RIP U-TREUE,1.0
8710,KBW,35 - 39,34.99,34.99,30.0,0.0,RED INTERNET & PHONE CABLE U,0.0
8711,HSN,40 - 44,59.98,59.98,30.0,0.0,RED INTERNET & PHONE CABLE U,1.0
8712,HSN,25 - 29,33.98,33.98,30.0,0.0,RED INTERNET & PHONE CABLE U,0.0
8713,NRW,55 - 59,69.96,44.98,30.0,0.0,VF CABLEMAX,1.0
8714,NRW,45 - 49,34.99,34.99,30.0,0.0,RED INTERNET & PHONE CABLE U,1.0
8715,NRW,40 - 44,37.98,37.98,360.0,0.0,GIGAZUHAUSE KABEL,1.0
8716,KBW,35 - 39,44.98,44.98,30.0,0.0,VF CABLEMAX,1.0
8717,NRW,50 - 54,39.99,39.99,30.0,0.0,RED INTERNET & PHONE CABLE U,1.0
8718,NRW,55 - 59,49.98,49.98,30.0,0.0,GIGAZUHAUSE TREUE B,1.0
8719,HSN,25 - 29,39.98,39.98,368.0,0.0,GIGAZUHAUSE KABEL,0.0
8720,NRW,35 - 39,39.98,39.98,30.0,0.0,RED INTERNET & PHONE CABLE U,1.0
8721,HSN,60 - 64,39.99,39.99,30.0,0.0,RED INTERNET & PHONE CABLE U,0.0
8722,NRW,18 - 24,39.99,39.99,30.0,0.0,VF RIP U-TREUE,0.0
8723,NRW,25 - 29,47.99,47.99,30.0,0.0,VF RIP U-TREUE,1.0
8724,KBW,25 - 29,34.99,34.99,30.0,0.0,RED INTERNET & PHONE CABLE U,1.0
8725,NRW,65 - 69,29.99,29.99,30.0,0.0,VF RIP U-TREUE,0.0
8726,NRW,35 - 39,49.97,39.98,30.0,0.0,VF CABLEMAX,0.0
8727,NRW,25 - 29,39.99,39.99,30.0,0.0,RED INTERNET & PHONE CABLE U,0.0
8728,NRW,55 - 59,44.98,44.98,691.0,0.0,VF CABLEMAX,1.0
8729,KBW,80 and over,34.98,34.98,30.0,0.0,RED INTERNET & PHONE CABLE U,0.0
8730,NRW,60 - 64,22.99,22.99,162.0,0.0,GIGAZUHAUSE TREUE B,0.0
8731,NRW,30 - 34,34.99,34.99,30.0,0.0,RED INTERNET & PHONE CABLE U,0.0
8732,NRW,40 - 44,44.98,44.98,30.0,0.0,VF CABLEMAX,0.0
8733,HSN,30 - 34,39.98,39.98,122.0,0.0,VF CABLEMAX,0.0
8734,KBW,60 - 64,34.97,27.99,142.0,0.0,GIGAZUHAUSE TREUE B,1.0
8735,NRW,70 - 74,42.99,42.99,30.0,0.0,VF RIP U-TREUE,1.0
8736,NRW,55 - 59,69.95,49.97,30.0,0.0,VF CABLEMAX,1.0
8737,KBW,30 - 34,44.98,44.98,30.0,0.0,VF CABLEMAX,1.0
8738,KBW,25 - 29,39.99,39.99,30.0,0.0,RED INTERNET & PHONE CABLE U,0.0
8739,NRW,45 - 49,44.98,44.98,30.0,0.0,RED INTERNET & PHONE CABLE U,0.0
8740,NRW,35 - 39,34.99,34.99,30.0,0.0,RED INTERNET & PHONE CABLE U,1.0
8741,HSN,50 - 54,49.99,49.99,30.0,0.0,GIGAZUHAUSE KABEL,1.0
8742,NRW,35 - 39,34.99,34.99,30.0,0.0,RED INTERNET & PHONE CABLE U,1.0
8743,KBW,50 - 54,37.99,37.99,30.0,0.0,VF RIP U-TREUE,0.0
8744,HSN,65 - 69,35.94,35.94,30.0,0.0,2PLAY,0.0
8745,NRW,65 - 69,44.98,44.98,30.0,0.0,VF CABLEMAX,1.0
8746,KBW,50 - 54,29.99,29.99,30.0,0.0,INTERNET PREMIUM,0.0
8747,NRW,75 - 79,59.97,39.98,30.0,0.0,RED INTERNET & PHONE CABLE U,1.0
8748,KBW,55 - 59,29.99,29.99,30.0,0.0,VF RIP U-TREUE,0.0
8749,KBW,35 - 39,37.98,37.98,30.0,0.0,GIGAZUHAUSE KABEL,1.0
8750,NRW,60 - 64,39.99,39.99,30.0,0.0,RED INTERNET & PHONE CABLE U,1.0
8751,NRW,25 - 29,34.99,34.99,30.0,0.0,RED INTERNET & PHONE CABLE U,1.0
8752,NRW,45 - 49,39.99,39.99,30.0,0.0,VF RIP U-TREUE,0.0
8753,NRW,75 - 79,32.99,32.99,30.0,0.0,VF RIP U-TREUE,0.0
8754,KBW,35 - 39,44.98,44.98,30.0,0.0,RED INTERNET & PHONE CABLE U,1.0
8755,KBW,40 - 44,54.99,54.99,30.0,0.0,RED INTERNET & PHONE CABLE U,1.0
8756,NRW,30 - 34,34.99,34.99,30.0,0.0,RED INTERNET & PHONE CABLE U,0.0
8757,KBW,55 - 59,19.99,19.99,30.0,0.0,EAZY FLEX,1.0
8758,NRW,18 - 24,44.98,44.98,30.0,0.0,VF CABLEMAX,1.0
8759,NRW,35 - 39,29.99,29.99,30.0,0.0,VF RIP U-TREUE,1.0
8760,NRW,35 - 39,74.95,44.98,30.0,0.0,VF CABLEMAX,1.0
8761,NRW,30 - 34,59.99,49.99,365.0,0.0,GIGAZUHAUSE KABEL,0.0
8762,HSN,55 - 59,54.99,54.99,30.0,0.0,RED INTERNET & PHONE CABLE U,1.0
8763,KBW,35 - 39,71.94,25.95,30.0,0.0,RED INTERNET & PHONE CABLE U,0.0
8764,NRW,30 - 34,19.99,19.99,30.0,0.0,RED INTERNET & PHONE CABLE U,0.0
8765,NRW,70 - 74,37.99,37.99,30.0,0.0,VF RIP U-TREUE,1.0
8766,KBW,30 - 34,29.99,29.99,30.0,0.0,INTERNET PREMIUM,0.0
8767,NRW,18 - 24,19.99,19.99,30.0,0.0,GIGAZUHAUSE KABEL,1.0
8768,KBW,30 - 34,34.99,34.99,30.0,0.0,RED INTERNET & PHONE CABLE U,1.0
8769,NRW,35 - 39,44.98,44.98,30.0,0.0,VF CABLEMAX,0.0
8770,KBW,30 - 34,34.99,34.99,30.0,0.0,RED INTERNET & PHONE CABLE U,1.0
8771,NRW,70 - 74,54.98,54.98,30.0,0.0,GIGAZUHAUSE KABEL,0.0
8772,NRW,35 - 39,34.99,34.99,30.0,0.0,RED INTERNET & PHONE CABLE U,1.0
8773,NRW,70 - 74,65.34,44.42,30.0,0.0,GIGAZUHAUSE KABEL,0.0
8774,HSN,30 - 34,39.99,39.99,30.0,0.0,RED INTERNET & PHONE CABLE U,0.0
8775,NRW,55 - 59,74.95,49.97,30.0,0.0,RED INTERNET & PHONE CABLE U,0.0
8776,HSN,30 - 34,59.98,59.98,30.0,0.0,RED INTERNET & PHONE CABLE U,1.0
8777,NRW,18 - 24,44.98,44.98,30.0,0.0,VF CABLEMAX,1.0
8778,NRW,25 - 29,44.98,44.98,30.0,0.0,VF CABLEMAX,1.0
8779,HSN,45 - 49,44.98,44.98,30.0,0.0,VF CABLEMAX,0.0
8780,NRW,30 - 34,39.98,39.98,126.0,0.0,VF CABLEMAX,1.0
8781,KBW,45 - 49,34.99,34.99,30.0,0.0,RED INTERNET & PHONE CABLE U,1.0
8782,NRW,80 and over,67.97,67.97,30.0,0.0,VF RIP U-TREUE,1.0
8783,NRW,30 - 34,44.98,44.98,30.0,0.0,RED INTERNET & PHONE CABLE U,1.0
8784,NRW,40 - 44,32.99,32.99,30.0,0.0,VF RIP U-TREUE,0.0
8785,NRW,55 - 59,54.99,54.99,30.0,0.0,RED INTERNET & PHONE CABLE U,0.0
8786,NRW,65 - 69,40.98,40.98,30.0,0.0,VF RIP U-TREUE,1.0
8787,NRW,40 - 44,42.98,42.98,30.0,0.0,VF RIP U-TREUE,1.0
8788,KBW,30 - 34,44.98,44.98,30.0,1.0,RED INTERNET & PHONE CABLE U,1.0
8789,KBW,18 - 24,34.99,34.99,30.0,0.0,RED INTERNET & PHONE CABLE U,1.0
8790,NRW,25 - 29,42.97,42.97,30.0,0.0,RED INTERNET & PHONE CABLE U,1.0
8791,NRW,25 - 29,37.98,37.98,30.0,0.0,GIGAZUHAUSE TREUE D,0.0
8792,NRW,80 and over,54.99,54.99,30.0,0.0,RED INTERNET & PHONE CABLE U,1.0
8793,NRW,25 - 29,39.99,39.99,30.0,0.0,RED INTERNET & PHONE CABLE U,0.0
8794,KBW,40 - 44,44.98,44.98,30.0,0.0,RED INTERNET & PHONE CABLE U,1.0
8795,HSN,70 - 74,39.99,39.99,30.0,0.0,VF RIP U-TREUE,1.0
8796,NRW,70 - 74,39.99,39.99,30.0,0.0,VF RIP U-TREUE,0.0
8797,NRW,80 and over,44.98,44.98,30.0,0.0,RED INTERNET & PHONE CABLE U,1.0
8798,NRW,60 - 64,34.99,34.99,30.0,0.0,RED INTERNET & PHONE CABLE U,1.0
8799,NRW,40 - 44,49.97,44.98,30.0,0.0,VF CABLEMAX,0.0
8800,KBW,25 - 29,44.98,44.98,30.0,0.0,RED INTERNET & PHONE CABLE U,1.0
8801,NRW,30 - 34,44.99,44.99,303.0,0.0,GIGAZUHAUSE TREUE B,0.0
8802,KBW,45 - 49,44.98,44.98,30.0,0.0,VF CABLEMAX,1.0
8803,HSN,75 - 79,29.99,29.99,30.0,0.0,VF RIP U-TREUE,0.0
8804,NRW,25 - 29,39.99,39.99,30.0,0.0,RED INTERNET & PHONE CABLE U,1.0
8805,NRW,70 - 74,29.99,29.99,30.0,0.0,VF RIP U-TREUE,1.0
8806,KBW,not available,24.99,24.99,30.0,0.0,RED INTERNET & PHONE CABLE U,1.0
8807,NRW,40 - 44,34.99,34.99,30.0,0.0,RED INTERNET & PHONE CABLE U,0.0
8808,KBW,60 - 64,54.98,54.98,30.0,0.0,GIGAZUHAUSE KABEL,0.0
8809,KBW,50 - 54,44.99,44.99,288.0,0.0,GIGAZUHAUSE TREUE B,0.0
8810,NRW,30 - 34,44.98,64.96,30.0,0.0,VF CABLEMAX,1.0
8811,NRW,35 - 39,34.99,34.99,30.0,0.0,RED INTERNET & PHONE CABLE U,0.0
8812,NRW,30 - 34,44.98,44.98,30.0,0.0,VF CABLEMAX,1.0
8813,HSN,35 - 39,0.0,0.0,30.0,0.0,MMA,0.0
8814,HSN,30 - 34,39.99,39.99,30.0,0.0,RED INTERNET & PHONE CABLE U,1.0
8815,NRW,40 - 44,44.98,44.98,30.0,0.0,VF CABLEMAX,0.0
8816,KBW,35 - 39,34.99,34.99,30.0,0.0,RED INTERNET & PHONE CABLE U,0.0
8817,KBW,65 - 69,49.97,35.98,30.0,0.0,GIGAZUHAUSE KABEL,0.0
8818,HSN,80 and over,49.99,49.99,30.0,0.0,VF RIP U-TREUE,1.0
8819,NRW,50 - 54,39.99,39.99,30.0,0.0,VF RIP U-TREUE,1.0
8820,KBW,35 - 39,32.99,32.99,30.0,0.0,VF RIP U-TREUE,0.0
8821,KBW,25 - 29,44.98,44.98,30.0,0.0,RED INTERNET & PHONE CABLE U,1.0
8822,HSN,50 - 54,55.97,44.98,30.0,0.0,VF CABLEMAX,0.0
8823,HSN,60 - 64,29.99,29.99,136.0,2.0,GIGAZUHAUSE TREUE C,1.0
8824,NRW,25 - 29,64.96,49.97,30.0,0.0,VF CABLEMAX,1.0
8825,KBW,30 - 34,39.99,39.99,30.0,0.0,RED INTERNET & PHONE CABLE U,0.0
8826,KBW,60 - 64,70.96,49.97,30.0,0.0,VF CABLEMAX,1.0
8827,KBW,40 - 44,34.99,34.99,30.0,0.0,RED INTERNET & PHONE CABLE U,1.0
8828,KBW,30 - 34,44.98,44.98,30.0,0.0,RED INTERNET & PHONE CABLE U,1.0
8829,KBW,35 - 39,34.99,34.99,30.0,0.0,RED INTERNET & PHONE CABLE U,0.0
8830,KBW,60 - 64,39.99,39.99,30.0,0.0,VF RIP U-TREUE,0.0
8831,NRW,40 - 44,54.99,54.99,30.0,0.0,RED INTERNET & PHONE CABLE U,1.0
8832,KBW,55 - 59,54.99,54.99,30.0,0.0,3PLAY JUMP,1.0
8833,KBW,80 and over,34.99,34.99,30.0,0.0,RED INTERNET & PHONE CABLE U,0.0
8834,KBW,50 - 54,39.98,39.98,30.0,0.0,RED INTERNET & PHONE CABLE U,0.0
8835,NRW,30 - 34,44.98,44.98,30.0,0.0,VF CABLEMAX,0.0
8836,NRW,25 - 29,34.99,34.99,30.0,0.0,RED INTERNET & PHONE CABLE U,1.0
8837,NRW,30 - 34,44.99,44.99,303.0,0.0,GIGAZUHAUSE TREUE B,0.0
8838,NRW,25 - 29,39.99,39.99,30.0,0.0,RED INTERNET & PHONE CABLE U,1.0
8839,KBW,35 - 39,34.99,34.99,126.0,0.0,GIGAZUHAUSE TREUE C,1.0
8840,NRW,60 - 64,48.95,48.97,30.0,0.0,VF CABLEMAX,0.0
8841,NRW,40 - 44,44.98,44.98,30.0,0.0,RED INTERNET & PHONE CABLE U,0.0
8842,NRW,70 - 74,47.97,47.97,30.0,0.0,RED INTERNET & PHONE CABLE U,0.0
8843,NRW,25 - 29,39.98,39.98,136.0,0.0,GIGAZUHAUSE KABEL,1.0
8844,NRW,45 - 49,49.97,49.97,30.0,0.0,RED INTERNET & PHONE CABLE U,1.0
8845,NRW,30 - 34,39.99,39.99,30.0,0.0,RED INTERNET & PHONE CABLE U,0.0
8846,HSN,40 - 44,0.0,0.0,30.0,0.0,MMA,1.0
8847,KBW,30 - 34,44.98,44.98,30.0,0.0,RED INTERNET & PHONE CABLE U,0.0
8848,KBW,30 - 34,32.99,32.99,339.0,0.0,GIGAZUHAUSE TREUE B,1.0
8849,NRW,40 - 44,42.98,42.98,30.0,0.0,VF RIP U-TREUE,1.0
8850,NRW,35 - 39,44.98,44.98,30.0,0.0,RED INTERNET & PHONE CABLE U,1.0
8851,NRW,65 - 69,34.99,34.99,30.0,0.0,VF RIP U-TREUE,0.0
8852,NRW,35 - 39,34.98,34.98,30.0,0.0,RED INTERNET & PHONE CABLE U,1.0
8853,NRW,35 - 39,29.99,29.99,30.0,0.0,INTERNET PREMIUM,0.0
8854,NRW,30 - 34,39.98,39.98,112.0,0.0,GIGAZUHAUSE KABEL,0.0
8855,KBW,65 - 69,54.99,54.99,30.0,0.0,RED INTERNET & PHONE CABLE U,0.0
8856,NRW,80 and over,58.14,37.78,30.0,0.0,2PLAY TREU,0.0
8857,HSN,50 - 54,42.98,42.98,30.0,0.0,VF RIP U-TREUE,1.0
8858,NRW,30 - 34,34.99,34.99,30.0,0.0,RED INTERNET & PHONE CABLE U,1.0
8859,NRW,65 - 69,47.96,47.96,30.0,0.0,RED INTERNET & PHONE CABLE U,1.0
8860,HSN,45 - 49,24.99,24.99,30.0,0.0,RED INTERNET & PHONE CABLE U,1.0
8861,HSN,25 - 29,44.98,44.98,30.0,0.0,VF CABLEMAX,1.0
8862,HSN,75 - 79,58.77,37.78,30.0,0.0,2PLAY,0.0
8863,NRW,55 - 59,19.99,19.99,30.0,0.0,1PLAY,0.0
8864,NRW,35 - 39,29.99,29.99,30.0,0.0,VF RIP U-TREUE,0.0
8865,NRW,40 - 44,29.99,29.99,30.0,0.0,VF RIP U-TREUE,1.0
8866,NRW,80 and over,43.98,43.98,30.0,0.0,RED INTERNET & PHONE CABLE U,0.0
8867,NRW,35 - 39,39.99,39.99,30.0,0.0,RED INTERNET & PHONE CABLE U,1.0
8868,NRW,60 - 64,39.98,39.98,30.0,0.0,RED INTERNET & PHONE CABLE U,0.0
8869,NRW,35 - 39,39.99,39.99,30.0,0.0,RED INTERNET & PHONE CABLE U,1.0
8870,NRW,35 - 39,39.99,39.99,30.0,0.0,RED INTERNET & PHONE CABLE U,1.0
8871,KBW,30 - 34,34.99,34.99,30.0,0.0,RED INTERNET & PHONE CABLE U,0.0
8872,NRW,40 - 44,39.99,39.99,30.0,0.0,RED INTERNET & PHONE CABLE U,1.0
8873,KBW,50 - 54,39.99,39.99,30.0,0.0,RED INTERNET & PHONE CABLE U,1.0
8874,KBW,35 - 39,44.98,44.98,30.0,0.0,RED INTERNET & PHONE CABLE U,1.0
8875,NRW,30 - 34,39.99,39.99,136.0,1.0,GIGAZUHAUSE TREUE C,1.0
8876,HSN,35 - 39,39.98,39.98,30.0,0.0,RED INTERNET & PHONE CABLE U,0.0
8877,NRW,80 and over,34.99,34.99,30.0,0.0,RED INTERNET & PHONE CABLE U,0.0
8878,NRW,60 - 64,49.99,49.99,30.0,0.0,RED INTERNET & PHONE CABLE U,0.0
8879,NRW,55 - 59,49.99,49.99,30.0,0.0,RED INTERNET & PHONE CABLE U,0.0
8880,HSN,25 - 29,44.98,44.98,30.0,0.0,VF CABLEMAX,0.0
8881,HSN,30 - 34,34.99,34.99,30.0,0.0,RED INTERNET & PHONE CABLE U,1.0
8882,KBW,60 - 64,49.99,49.99,30.0,0.0,GIGAZUHAUSE KABEL,1.0
8883,NRW,35 - 39,48.97,48.97,30.0,0.0,VF CABLEMAX,1.0
8884,NRW,30 - 34,44.98,44.98,30.0,0.0,VF CABLEMAX,0.0
8885,KBW,35 - 39,34.99,34.99,30.0,0.0,RED INTERNET & PHONE CABLE U,1.0
8886,KBW,40 - 44,44.97,44.97,30.0,0.0,RED INTERNET & PHONE CABLE U,1.0
8887,KBW,45 - 49,44.98,44.98,30.0,0.0,VF CABLEMAX,0.0
8888,NRW,30 - 34,44.98,44.98,30.0,0.0,RED INTERNET & PHONE CABLE U,1.0
8889,NRW,55 - 59,49.97,49.97,30.0,0.0,VF CABLEMAX,0.0
8890,NRW,50 - 54,34.99,34.99,30.0,0.0,RED INTERNET & PHONE CABLE U,0.0
8891,KBW,30 - 34,24.99,24.99,30.0,0.0,INTERNET COMFORT,1.0
8892,KBW,65 - 69,32.97,32.97,30.0,0.0,VF RIP U-TREUE,1.0
8893,KBW,50 - 54,49.99,49.99,30.0,0.0,GIGAZUHAUSE KABEL,0.0
8894,NRW,60 - 64,39.99,39.99,30.0,0.0,RED INTERNET & PHONE CABLE U,0.0
8895,NRW,18 - 24,44.98,44.98,30.0,0.0,RED INTERNET & PHONE CABLE U,1.0
8896,NRW,18 - 24,39.98,39.98,30.0,0.0,VF CABLEMAX,1.0
8897,NRW,45 - 49,49.97,49.97,30.0,0.0,VF CABLEMAX,1.0
8898,NRW,40 - 44,34.99,34.99,30.0,0.0,RED INTERNET & PHONE CABLE U,1.0
8899,KBW,30 - 34,44.97,37.97,672.0,0.0,GIGAZUHAUSE KABEL,0.0
8900,KBW,30 - 34,44.98,44.98,30.0,0.0,VF CABLEMAX,0.0
8901,HSN,30 - 34,32.99,32.99,30.0,0.0,VF RIP U-TREUE,1.0
8902,NRW,25 - 29,42.97,42.97,30.0,0.0,RED INTERNET & PHONE CABLE U,1.0
8903,HSN,50 - 54,32.99,32.99,30.0,0.0,VF RIP U-TREUE,1.0
8904,NRW,25 - 29,34.99,34.99,30.0,0.0,RED INTERNET & PHONE CABLE U,1.0
8905,NRW,25 - 29,49.99,49.99,30.0,0.0,RED INTERNET & PHONE CABLE U,1.0
8906,KBW,35 - 39,34.99,34.99,30.0,0.0,RED INTERNET & PHONE CABLE U,1.0
8907,HSN,25 - 29,54.97,54.97,30.0,0.0,RED INTERNET & PHONE CABLE U,1.0
8908,NRW,30 - 34,42.98,42.98,30.0,0.0,2PLAY PLUS,0.0
8909,NRW,35 - 39,44.98,44.98,30.0,0.0,VF CABLEMAX,0.0
8910,NRW,80 and over,52.96,32.99,30.0,0.0,VF RIP U-TREUE,0.0
8911,NRW,35 - 39,44.98,44.98,30.0,0.0,RED INTERNET & PHONE CABLE U,1.0
8912,NRW,45 - 49,57.96,39.99,30.0,0.0,VF RIP U-TREUE,1.0
8913,NRW,50 - 54,49.98,49.98,30.0,0.0,GIGAZUHAUSE KABEL,0.0
8914,NRW,60 - 64,34.99,34.99,30.0,0.0,RED INTERNET & PHONE CABLE U,0.0
8915,NRW,35 - 39,44.98,44.98,30.0,0.0,RED INTERNET & PHONE CABLE U,0.0
8916,KBW,18 - 24,39.99,39.99,30.0,0.0,VF RIP U-TREUE,0.0
8917,KBW,25 - 29,34.99,34.99,30.0,0.0,GIGAZUHAUSE KABEL,1.0
8918,KBW,60 - 64,39.98,39.98,143.0,0.0,GIGAZUHAUSE KABEL,1.0
8919,NRW,40 - 44,33.98,33.98,30.0,0.0,VF RIP U-TREUE,1.0
8920,KBW,35 - 39,37.99,37.99,30.0,0.0,VF RIP U-TREUE,1.0
8921,NRW,45 - 49,37.98,37.99,30.0,0.0,VF RIP U-TREUE,1.0
8922,HSN,25 - 29,34.99,34.99,30.0,0.0,RED INTERNET & PHONE CABLE U,1.0
8923,KBW,35 - 39,39.99,39.99,30.0,0.0,RED INTERNET & PHONE CABLE U,1.0
8924,NRW,30 - 34,49.99,49.99,30.0,0.0,RED INTERNET & PHONE CABLE U,0.0
8925,HSN,50 - 54,49.99,49.99,30.0,0.0,GIGAZUHAUSE KABEL,0.0
8926,NRW,30 - 34,39.98,39.98,30.0,0.0,RED INTERNET & PHONE CABLE U,0.0
8927,NRW,40 - 44,40.97,40.97,30.0,0.0,2PLAY,0.0
8928,KBW,75 - 79,52.95,32.95,30.0,0.0,3PLAY SMART,0.0
8929,KBW,30 - 34,34.99,34.99,30.0,0.0,VF RIP U-TREUE,0.0
8930,NRW,60 - 64,39.98,39.98,64.0,0.0,VF CABLEMAX,0.0
8931,KBW,50 - 54,58.98,58.98,30.0,0.0,RED INTERNET & PHONE CABLE U,0.0
8932,HSN,55 - 59,39.98,39.98,129.0,0.0,GIGAZUHAUSE KABEL,0.0
8933,NRW,35 - 39,39.99,39.99,30.0,0.0,RED INTERNET & PHONE CABLE U,1.0
8934,NRW,75 - 79,68.95,47.97,30.0,0.0,VF RIP U-TREUE,0.0
8935,KBW,30 - 34,49.97,49.97,30.0,0.0,VF CABLEMAX,1.0
8936,HSN,65 - 69,44.98,44.98,30.0,0.0,VF CABLEMAX,1.0
8937,KBW,35 - 39,54.99,54.99,30.0,0.0,RED INTERNET & PHONE CABLE U,0.0
8938,NRW,35 - 39,34.99,34.99,30.0,0.0,RED INTERNET & PHONE CABLE U,1.0
8939,KBW,50 - 54,55.97,55.97,30.0,0.0,VF CABLEMAX,1.0
8940,HSN,35 - 39,52.96,52.96,30.0,0.0,VF CABLEMAX,0.0
8941,NRW,35 - 39,32.99,32.99,30.0,0.0,VF RIP U-TREUE,0.0
8942,KBW,30 - 34,49.99,49.99,30.0,0.0,RED INTERNET & PHONE CABLE U,0.0
8943,NRW,50 - 54,44.98,44.98,30.0,0.0,VF CABLEMAX,0.0
8944,KBW,30 - 34,32.99,32.99,30.0,0.0,VF RIP U-TREUE,0.0
8945,NRW,50 - 54,64.97,44.98,30.0,0.0,RED INTERNET & PHONE CABLE U,1.0
8946,NRW,30 - 34,34.99,34.99,30.0,2.0,RED INTERNET & PHONE CABLE U,1.0
8947,HSN,60 - 64,44.98,44.98,30.0,0.0,VF CABLEMAX,1.0
8948,NRW,30 - 34,39.99,39.99,30.0,0.0,VF RIP U-TREUE,0.0
8949,HSN,25 - 29,44.97,44.97,30.0,0.0,VF CABLEMAX,0.0
8950,HSN,40 - 44,39.99,39.99,30.0,0.0,RED INTERNET & PHONE CABLE U,1.0
8951,KBW,35 - 39,44.98,44.98,30.0,0.0,VF CABLEMAX,0.0
8952,KBW,35 - 39,34.99,34.99,30.0,0.0,RED INTERNET & PHONE CABLE U,1.0
8953,NRW,25 - 29,44.98,44.98,30.0,0.0,RED INTERNET & PHONE CABLE U,0.0
8954,NRW,80 and over,27.8,27.8,30.0,0.0,GIGAZUHAUSE TREUE B,0.0
8955,KBW,35 - 39,42.97,42.97,30.0,0.0,GIGAZUHAUSE KABEL,1.0
8956,NRW,80 and over,33.74,33.74,30.0,0.0,GIGAZUHAUSE KABEL,1.0
8957,KBW,18 - 24,49.97,49.97,30.0,0.0,VF CABLEMAX,1.0
8958,HSN,45 - 49,39.98,29.99,30.0,0.0,VF RIP U-TREUE,0.0
8959,NRW,40 - 44,44.98,44.98,30.0,0.0,VF RIP U-TREUE,1.0
8960,KBW,60 - 64,29.99,29.99,30.0,0.0,INTERNET PREMIUM,0.0
8961,KBW,25 - 29,44.98,44.98,30.0,0.0,VF CABLEMAX,1.0
8962,NRW,35 - 39,29.98,29.98,30.0,0.0,RED INTERNET & PHONE CABLE U,0.0
8963,HSN,35 - 39,39.99,39.99,30.0,0.0,RED INTERNET & PHONE CABLE U,0.0
8964,NRW,80 and over,0.0,0.0,30.0,0.0,MMA,0.0
8965,NRW,40 - 44,34.99,34.99,30.0,0.0,RED INTERNET & PHONE CABLE U,1.0
8966,NRW,25 - 29,37.98,37.98,112.0,0.0,GIGAZUHAUSE KABEL,0.0
8967,KBW,55 - 59,43.97,43.97,30.0,0.0,RED INTERNET & PHONE CABLE U,1.0
8968,NRW,35 - 39,55.98,34.99,30.0,0.0,RED INTERNET & PHONE CABLE U,1.0
8969,KBW,45 - 49,44.98,44.98,30.0,0.0,VF CABLEMAX,1.0
8970,NRW,80 and over,30.95,30.95,30.0,0.0,RED INTERNET & PHONE CABLE U,0.0
8971,KBW,60 - 64,58.98,58.98,30.0,0.0,RED INTERNET & PHONE CABLE U,0.0
8972,KBW,45 - 49,39.99,39.99,30.0,0.0,RED INTERNET & PHONE CABLE U,0.0
8973,KBW,45 - 49,29.99,29.99,30.0,0.0,VF RIP U-TREUE,1.0
8974,NRW,55 - 59,67.96,42.98,30.0,0.0,VF RIP U-TREUE,1.0
8975,NRW,40 - 44,44.98,44.98,30.0,0.0,RED INTERNET & PHONE CABLE U,1.0
8976,NRW,35 - 39,39.99,39.99,30.0,0.0,RED INTERNET & PHONE CABLE U,0.0
8977,KBW,50 - 54,34.99,34.99,30.0,0.0,RED INTERNET & PHONE CABLE U,1.0
8978,NRW,55 - 59,39.99,39.99,30.0,0.0,RED INTERNET & PHONE CABLE U,0.0
8979,KBW,55 - 59,54.96,49.97,30.0,0.0,VF CABLEMAX,0.0
8980,NRW,25 - 29,39.99,39.99,30.0,0.0,RED INTERNET & PHONE CABLE U,0.0
8981,KBW,25 - 29,34.99,34.99,30.0,0.0,RED INTERNET & PHONE CABLE U,1.0
8982,KBW,30 - 34,39.98,39.98,30.0,0.0,GIGAZUHAUSE KABEL,1.0
8983,NRW,55 - 59,44.98,44.98,30.0,0.0,RED INTERNET & PHONE CABLE U,0.0
8984,NRW,35 - 39,29.99,29.99,30.0,0.0,VF RIP U-TREUE,1.0
8985,NRW,35 - 39,39.99,39.99,30.0,0.0,RED INTERNET & PHONE CABLE U,0.0
8986,KBW,30 - 34,49.99,49.99,30.0,0.0,RED INTERNET & PHONE CABLE U,0.0
8987,HSN,25 - 29,39.99,39.99,30.0,0.0,RED INTERNET & PHONE CABLE U,1.0
8988,KBW,50 - 54,34.99,34.99,30.0,0.0,RED INTERNET & PHONE CABLE U,0.0
8989,KBW,35 - 39,44.98,44.98,30.0,0.0,RED INTERNET & PHONE CABLE U,0.0
8990,KBW,55 - 59,56.94,35.97,30.0,0.0,RED INTERNET & PHONE CABLE U,0.0
8991,NRW,70 - 74,69.96,34.98,30.0,0.0,2PLAY TREUE,1.0
8992,NRW,70 - 74,27.99,27.99,30.0,0.0,VF RIP U-TREUE,0.0
8993,NRW,45 - 49,39.99,39.99,30.0,0.0,RED INTERNET & PHONE CABLE U,1.0
8994,KBW,50 - 54,58.97,37.99,30.0,0.0,VF RIP U-TREUE,1.0
8995,NRW,55 - 59,29.99,29.99,30.0,0.0,VF RIP U-TREUE,1.0
8996,NRW,30 - 34,49.99,49.99,30.0,0.0,RED INTERNET & PHONE CABLE U,1.0
8997,NRW,35 - 39,34.99,34.99,30.0,0.0,RED INTERNET & PHONE CABLE U,1.0
8998,NRW,30 - 34,42.97,42.97,30.0,0.0,RED INTERNET & PHONE CABLE U,0.0
8999,KBW,30 - 34,34.99,34.99,30.0,0.0,RED INTERNET & PHONE CABLE U,0.0
9000,KBW,60 - 64,29.99,29.99,30.0,0.0,VF RIP U-TREUE,1.0
9001,KBW,50 - 54,54.99,54.99,30.0,0.0,RED INTERNET & PHONE CABLE U,1.0
9002,KBW,35 - 39,32.99,32.99,30.0,0.0,VF RIP U-TREUE,0.0
9003,HSN,55 - 59,32.99,32.99,30.0,0.0,VF RIP U-TREUE,1.0
9004,NRW,65 - 69,52.98,52.98,30.0,0.0,VF RIP U-TREUE,0.0
9005,HSN,45 - 49,39.98,39.98,65.0,0.0,RED INTERNET & PHONE CABLE U,1.0
9006,NRW,30 - 34,44.98,44.98,30.0,0.0,VF CABLEMAX,1.0
9007,NRW,60 - 64,79.94,49.97,30.0,0.0,VF CABLEMAX,1.0
9008,KBW,35 - 39,59.98,59.98,30.0,0.0,RED INTERNET & PHONE CABLE U,1.0
9009,NRW,50 - 54,59.98,59.98,30.0,0.0,RED INTERNET & PHONE CABLE U,1.0
9010,HSN,70 - 74,33.74,33.74,30.0,0.0,RED INTERNET & PHONE CABLE U,1.0
9011,NRW,40 - 44,29.99,29.99,30.0,0.0,VF RIP U-TREUE,1.0
9012,NRW,30 - 34,29.99,29.99,30.0,0.0,VF RIP U-TREUE,0.0
9013,NRW,30 - 34,74.96,49.97,30.0,0.0,VF CABLEMAX,0.0
9014,NRW,45 - 49,48.97,48.97,30.0,0.0,VF CABLEMAX,1.0
9015,NRW,55 - 59,65.97,44.98,30.0,0.0,VF RIP U-TREUE,0.0
9016,NRW,40 - 44,54.98,54.98,30.0,0.0,VF RIP U-TREUE,0.0
9017,KBW,45 - 49,39.99,39.99,30.0,0.0,RED INTERNET & PHONE CABLE U,1.0
9018,HSN,30 - 34,49.97,49.97,30.0,0.0,VF CABLEMAX,1.0
9019,KBW,30 - 34,39.99,39.99,30.0,0.0,VF RIP U-TREUE,0.0
9020,KBW,30 - 34,39.99,39.99,30.0,0.0,VF RIP U-TREUE,1.0
9021,KBW,45 - 49,49.99,49.99,30.0,0.0,RED INTERNET & PHONE CABLE U,0.0
9022,HSN,40 - 44,44.98,44.98,30.0,0.0,VF CABLEMAX,0.0
9023,NRW,30 - 34,34.99,34.99,30.0,0.0,RED INTERNET & PHONE CABLE U,1.0
9024,KBW,60 - 64,59.98,59.99,30.0,0.0,3PLAY TREUE,0.0
9025,KBW,35 - 39,58.98,58.98,30.0,0.0,RED INTERNET & PHONE CABLE U,0.0
9026,NRW,30 - 34,39.98,39.98,135.0,1.0,GIGAZUHAUSE KABEL,1.0
9027,KBW,30 - 34,44.98,44.98,57.0,0.0,VF CABLEMAX,1.0
9028,NRW,40 - 44,29.99,29.99,30.0,0.0,VF RIP U-TREUE,1.0
9029,NRW,40 - 44,29.99,29.99,30.0,0.0,VF RIP U-TREUE,0.0
9030,NRW,30 - 34,44.98,44.98,30.0,0.0,RED INTERNET & PHONE CABLE U,1.0
9031,NRW,40 - 44,49.99,49.99,30.0,0.0,GIGAZUHAUSE KABEL,0.0
9032,NRW,55 - 59,44.98,44.98,30.0,0.0,VF CABLEMAX,1.0
9033,NRW,70 - 74,34.99,34.99,30.0,1.0,GIGAZUHAUSE KABEL,1.0
9034,NRW,18 - 24,44.98,44.98,30.0,0.0,VF CABLEMAX,0.0
9035,HSN,40 - 44,34.99,34.99,30.0,0.0,RED INTERNET & PHONE CABLE U,1.0
9036,NRW,50 - 54,39.99,39.99,30.0,0.0,RED INTERNET & PHONE CABLE U,1.0
9037,NRW,55 - 59,49.99,49.99,30.0,0.0,3PLAY PLUS MTA,0.0
9038,KBW,75 - 79,58.77,37.78,30.0,0.0,3PLAY,1.0
9039,HSN,35 - 39,34.99,34.99,30.0,0.0,RED INTERNET & PHONE CABLE U,0.0
9040,KBW,65 - 69,34.99,34.99,30.0,0.0,RED INTERNET & PHONE CABLE U,1.0
9041,NRW,25 - 29,38.98,38.98,30.0,0.0,RED INTERNET & PHONE CABLE U,0.0
9042,NRW,65 - 69,95.95,54.98,30.0,0.0,RED INTERNET & PHONE CABLE U,1.0
9043,HSN,30 - 34,44.98,44.98,30.0,0.0,VF CABLEMAX,0.0
9044,NRW,25 - 29,39.99,39.99,30.0,0.0,RED INTERNET & PHONE CABLE U,1.0
9045,NRW,60 - 64,34.99,34.99,30.0,0.0,RED INTERNET & PHONE CABLE U,1.0
9046,KBW,65 - 69,79.96,52.97,30.0,0.0,VF RIP U-TREUE,1.0
9047,NRW,80 and over,49.65,39.88,30.0,0.0,3PLAY,0.0
9048,NRW,35 - 39,58.98,58.98,30.0,0.0,RED INTERNET & PHONE CABLE U,1.0
9049,NRW,40 - 44,39.98,39.98,30.0,0.0,GIGAZUHAUSE KABEL,0.0
9050,KBW,25 - 29,39.98,39.98,30.0,0.0,GIGAZUHAUSE KABEL,1.0
9051,KBW,30 - 34,39.99,39.99,30.0,0.0,RED INTERNET & PHONE CABLE U,0.0
9052,NRW,40 - 44,44.98,44.98,30.0,0.0,VF CABLEMAX,0.0
9053,NRW,25 - 29,19.99,29.99,30.0,0.0,RED INTERNET & PHONE CABLE U,0.0
9054,KBW,40 - 44,35.0,35.85,30.0,0.0,2PLAY,0.0
9055,KBW,30 - 34,58.98,58.98,30.0,0.0,RED INTERNET & PHONE CABLE U,1.0
9056,NRW,70 - 74,30.88,30.88,30.0,0.0,3PLAY START,1.0
9057,NRW,25 - 29,39.98,39.98,126.0,2.0,GIGAZUHAUSE TREUE B,1.0
9058,KBW,30 - 34,44.98,44.98,30.0,0.0,VF CABLEMAX,0.0
9059,NRW,50 - 54,44.98,44.98,30.0,0.0,RED INTERNET & PHONE CABLE U,1.0
9060,NRW,30 - 34,44.98,44.98,30.0,0.0,VF CABLEMAX,0.0
9061,NRW,35 - 39,24.99,24.99,365.0,0.0,GIGAZUHAUSE TREUE C,1.0
9062,NRW,25 - 29,34.99,34.99,30.0,0.0,RED INTERNET & PHONE CABLE U,1.0
9063,NRW,30 - 34,32.99,32.99,30.0,0.0,VF RIP U-TREUE,0.0
9064,NRW,70 - 74,48.42,48.42,30.0,0.0,RED INTERNET & PHONE CABLE U,0.0
9065,NRW,30 - 34,24.99,24.99,333.0,0.0,GIGAZUHAUSE TREUE C,1.0
9066,NRW,35 - 39,39.99,39.99,30.0,0.0,RED INTERNET & PHONE CABLE U,1.0
9067,NRW,55 - 59,32.99,32.99,30.0,0.0,VF RIP U-TREUE,0.0
9068,KBW,60 - 64,42.98,42.98,30.0,0.0,VF RIP U-TREUE,0.0
9069,HSN,35 - 39,29.99,29.99,30.0,0.0,VF RIP U-TREUE,0.0
9070,NRW,40 - 44,29.99,29.99,30.0,0.0,RED INTERNET & PHONE CABLE U,0.0
9071,HSN,60 - 64,43.96,43.97,30.0,0.0,GIGAZUHAUSE KABEL,0.0
9072,KBW,40 - 44,44.98,44.98,30.0,0.0,VF CABLEMAX,0.0
9073,NRW,60 - 64,44.98,44.98,30.0,0.0,VF CABLEMAX,0.0
9074,KBW,45 - 49,39.98,39.98,579.0,0.0,GIGAZUHAUSE TREUE B,0.0
9075,KBW,45 - 49,52.98,37.99,30.0,0.0,VF RIP U-TREUE,0.0
9076,HSN,55 - 59,29.99,29.99,30.0,0.0,VF RIP U-TREUE,1.0
9077,KBW,35 - 39,39.99,39.99,30.0,0.0,RED INTERNET & PHONE CABLE U,1.0
9078,NRW,25 - 29,44.98,44.98,30.0,0.0,VF CABLEMAX,0.0
9079,NRW,60 - 64,49.99,49.99,30.0,0.0,RED INTERNET & PHONE CABLE U,0.0
9080,NRW,18 - 24,39.99,39.99,30.0,0.0,RED INTERNET & PHONE CABLE U,0.0
9081,KBW,65 - 69,32.99,32.99,30.0,0.0,VF RIP U-TREUE,0.0
9082,NRW,30 - 34,29.99,29.99,30.0,0.0,VF RIP U-TREUE,0.0
9083,NRW,60 - 64,39.99,39.99,30.0,0.0,VF CABLEMAX,0.0
9084,NRW,35 - 39,44.98,44.98,30.0,0.0,VF CABLEMAX,1.0
9085,KBW,35 - 39,44.98,44.98,30.0,0.0,VF CABLEMAX,1.0
9086,NRW,50 - 54,44.98,44.98,30.0,0.0,VF CABLEMAX,0.0
9087,NRW,65 - 69,39.99,39.99,30.0,0.0,VF RIP U-TREUE,0.0
9088,NRW,80 and over,42.98,39.99,30.0,0.0,VF RIP U-TREUE,0.0
9089,NRW,55 - 59,34.99,34.99,30.0,0.0,RED INTERNET & PHONE CABLE U,1.0
9090,NRW,70 - 74,58.77,37.78,30.0,0.0,GIGAZUHAUSE KABEL,0.0
9091,KBW,50 - 54,60.98,39.99,30.0,0.0,VF RIP U-TREUE,0.0
9092,NRW,45 - 49,42.98,42.98,30.0,0.0,VF RIP U-TREUE,1.0
9093,NRW,35 - 39,34.99,34.99,30.0,0.0,RED INTERNET & PHONE CABLE U,1.0
9094,KBW,30 - 34,44.98,44.98,30.0,0.0,RED INTERNET & PHONE CABLE U,1.0
9095,NRW,35 - 39,39.99,39.99,30.0,0.0,RED INTERNET & PHONE CABLE U,0.0
9096,KBW,35 - 39,44.98,44.98,30.0,0.0,VF CABLEMAX,0.0
9097,NRW,55 - 59,29.99,29.99,30.0,0.0,RED INTERNET & PHONE CABLE U,0.0
9098,NRW,70 - 74,34.99,34.99,30.0,0.0,RED INTERNET & PHONE CABLE U,1.0
9099,KBW,55 - 59,49.99,49.99,30.0,0.0,RED INTERNET & PHONE CABLE U,1.0
9100,KBW,55 - 59,47.99,47.99,30.0,0.0,VF RIP U-TREUE,0.0
9101,HSN,55 - 59,34.99,34.99,30.0,0.0,RED INTERNET & PHONE CABLE U,1.0
9102,NRW,50 - 54,44.98,44.98,30.0,0.0,RED INTERNET & PHONE CABLE U,0.0
9103,NRW,40 - 44,34.99,34.99,30.0,0.0,RED INTERNET & PHONE CABLE U,0.0
9104,NRW,65 - 69,44.98,44.98,30.0,0.0,RED INTERNET & PHONE CABLE U,0.0
9105,KBW,30 - 34,44.98,44.98,30.0,0.0,RED INTERNET & PHONE CABLE U,1.0
9106,NRW,35 - 39,39.99,39.99,30.0,0.0,RED INTERNET & PHONE CABLE U,1.0
9107,HSN,30 - 34,48.97,48.97,30.0,0.0,RED INTERNET & PHONE CABLE U,0.0
9108,NRW,55 - 59,73.97,37.99,30.0,0.0,VF RIP U-TREUE,0.0
9109,NRW,60 - 64,34.99,34.99,30.0,0.0,RED INTERNET & PHONE CABLE U,1.0
9110,HSN,80 and over,34.99,34.99,30.0,0.0,RED INTERNET & PHONE CABLE U,0.0
9111,NRW,60 - 64,34.99,34.99,30.0,0.0,RED INTERNET & PHONE CABLE U,1.0
9112,NRW,35 - 39,38.98,38.98,30.0,0.0,RED INTERNET & PHONE CABLE U,1.0
9113,NRW,25 - 29,34.99,34.99,30.0,0.0,RED INTERNET & PHONE CABLE U,1.0
9114,KBW,25 - 29,39.98,39.98,177.0,0.0,GIGAZUHAUSE KABEL,1.0
9115,KBW,80 and over,45.38,45.38,30.0,0.0,2PLAY,1.0
9116,NRW,45 - 49,30.86,30.86,30.0,0.0,RED INTERNET & PHONE CABLE U,0.0
9117,HSN,50 - 54,54.98,54.98,30.0,0.0,VF RIP U-TREUE,0.0
9118,NRW,60 - 64,39.99,39.99,30.0,0.0,RED INTERNET & PHONE CABLE U,0.0
9119,HSN,60 - 64,29.99,29.99,30.0,0.0,VF RIP U-TREUE,0.0
9120,NRW,25 - 29,39.99,39.99,30.0,0.0,RED INTERNET & PHONE CABLE U,1.0
9121,NRW,60 - 64,44.98,44.98,30.0,0.0,VF CABLEMAX,0.0
9122,NRW,45 - 49,44.98,44.98,30.0,0.0,VF CABLEMAX,1.0
9123,KBW,40 - 44,44.98,44.98,30.0,0.0,VF CABLEMAX,0.0
9124,KBW,18 - 24,39.99,39.99,30.0,0.0,RED INTERNET & PHONE CABLE U,1.0
9125,NRW,35 - 39,34.99,34.99,30.0,0.0,RED INTERNET & PHONE CABLE U,0.0
9126,NRW,65 - 69,19.99,19.99,30.0,0.0,GIGAZUHAUSE KABEL,1.0
9127,NRW,65 - 69,54.98,54.98,30.0,0.0,VF RIP U-TREUE,0.0
9128,NRW,25 - 29,44.98,44.98,30.0,0.0,RED INTERNET & PHONE CABLE U,1.0
9129,NRW,40 - 44,49.99,49.99,30.0,0.0,RED INTERNET & PHONE CABLE U,1.0
9130,HSN,45 - 49,44.98,44.98,30.0,0.0,VF CABLEMAX,0.0
9131,KBW,25 - 29,44.98,44.98,30.0,0.0,VF CABLEMAX,1.0
9132,NRW,30 - 34,34.99,34.99,30.0,0.0,RED INTERNET & PHONE CABLE U,1.0
9133,HSN,35 - 39,44.98,44.98,30.0,0.0,VF CABLEMAX,1.0
9134,NRW,35 - 39,42.98,42.98,30.0,0.0,VF RIP U-TREUE,1.0
9135,KBW,80 and over,50.35,42.98,587.0,1.0,GIGAZUHAUSE TREUE B,1.0
9136,KBW,30 - 34,37.99,37.99,30.0,0.0,VF RIP U-TREUE,1.0
9137,KBW,50 - 54,42.98,42.98,30.0,0.0,VF RIP U-TREUE,0.0
9138,HSN,60 - 64,42.97,42.97,30.0,0.0,RED INTERNET & PHONE CABLE U,0.0
9139,NRW,55 - 59,52.93,52.95,30.0,0.0,3PLAY PLUS MTA,1.0
9140,HSN,45 - 49,44.98,44.98,30.0,0.0,RED INTERNET & PHONE CABLE U,0.0
9141,KBW,25 - 29,39.99,39.99,30.0,0.0,RED INTERNET & PHONE CABLE U,1.0
9142,NRW,40 - 44,32.99,32.99,123.0,0.0,GIGAZUHAUSE TREUE B,0.0
9143,NRW,25 - 29,39.99,39.99,30.0,0.0,VF RIP U-TREUE,1.0
9144,NRW,35 - 39,39.98,39.98,30.0,0.0,GIGAZUHAUSE KABEL,1.0
9145,NRW,60 - 64,48.97,48.97,30.0,0.0,VF CABLEMAX,1.0
9146,KBW,40 - 44,39.99,39.99,696.0,0.0,RED INTERNET & PHONE CABLE U,0.0
9147,NRW,35 - 39,44.98,44.98,30.0,0.0,VF CABLEMAX,0.0
9148,HSN,35 - 39,49.99,49.99,30.0,0.0,GIGAZUHAUSE KABEL,1.0
9149,NRW,65 - 69,39.98,39.98,30.0,0.0,RED INTERNET & PHONE CABLE U,1.0
9150,KBW,40 - 44,49.99,49.99,30.0,0.0,GIGAZUHAUSE TREUE C,1.0
9151,NRW,30 - 34,34.99,34.99,30.0,0.0,RED INTERNET & PHONE CABLE U,0.0
9152,NRW,80 and over,39.98,39.98,30.0,0.0,RED INTERNET & PHONE CABLE U,1.0
9153,KBW,55 - 59,34.99,34.99,30.0,0.0,RED INTERNET & PHONE CABLE U,1.0
9154,NRW,30 - 34,24.99,24.99,30.0,0.0,3PLAY START,0.0
9155,NRW,40 - 44,32.99,32.99,30.0,0.0,VF RIP U-TREUE,0.0
9156,KBW,35 - 39,39.98,39.98,30.0,0.0,GIGAZUHAUSE KABEL,0.0
9157,NRW,55 - 59,44.98,44.98,30.0,0.0,RED INTERNET & PHONE CABLE U,1.0
9158,NRW,40 - 44,34.99,34.99,30.0,0.0,VF RIP U-TREUE,1.0
9159,KBW,30 - 34,39.98,39.98,30.0,0.0,RED INTERNET & PHONE CABLE U,1.0
9160,KBW,30 - 34,44.98,44.98,30.0,0.0,RED INTERNET & PHONE CABLE U,0.0
9161,NRW,75 - 79,34.99,34.99,30.0,0.0,RED INTERNET & PHONE CABLE U,0.0
9162,NRW,60 - 64,49.98,49.98,254.0,0.0,GIGAZUHAUSE TREUE B,0.0
9163,NRW,25 - 29,44.98,44.98,30.0,0.0,VF CABLEMAX,1.0
9164,HSN,35 - 39,34.99,34.99,30.0,0.0,RED INTERNET & PHONE CABLE U,1.0
9165,HSN,45 - 49,44.98,44.98,30.0,0.0,VF CABLEMAX,0.0
9166,HSN,45 - 49,34.99,34.99,30.0,0.0,RED INTERNET & PHONE CABLE U,0.0
9167,KBW,50 - 54,49.97,49.97,30.0,0.0,VF CABLEMAX,1.0
9168,HSN,80 and over,42.97,42.97,30.0,0.0,RED INTERNET & PHONE CABLE U,1.0
9169,KBW,50 - 54,49.99,49.99,30.0,0.0,RED INTERNET & PHONE CABLE U,1.0
9170,NRW,30 - 34,39.98,39.98,129.0,0.0,GIGAZUHAUSE KABEL,0.0
9171,NRW,35 - 39,42.97,42.97,30.0,1.0,RED INTERNET & PHONE CABLE U,1.0
9172,HSN,55 - 59,49.99,49.99,30.0,0.0,GIGAZUHAUSE KABEL,1.0
9173,NRW,55 - 59,59.98,59.98,30.0,0.0,3PLAY JUMP,0.0
9174,NRW,60 - 64,59.98,49.99,30.0,0.0,GIGAZUHAUSE KABEL,1.0
9175,NRW,30 - 34,34.99,34.99,30.0,0.0,RED INTERNET & PHONE CABLE U,0.0
9176,NRW,35 - 39,57.97,37.99,30.0,0.0,VF RIP U-TREUE,0.0
9177,KBW,50 - 54,29.98,29.98,30.0,0.0,VF RIP U-TREUE,0.0
9178,KBW,25 - 29,34.99,34.99,30.0,0.0,RED INTERNET & PHONE CABLE U,1.0
9179,NRW,65 - 69,42.97,42.97,30.0,0.0,RED INTERNET & PHONE CABLE U,1.0
9180,HSN,70 - 74,43.98,43.98,30.0,0.0,RED INTERNET & PHONE CABLE U,0.0
9181,KBW,65 - 69,49.99,49.99,30.0,0.0,RED INTERNET & PHONE CABLE U,1.0
9182,KBW,35 - 39,39.99,39.99,30.0,0.0,RED INTERNET & PHONE CABLE U,1.0
9183,HSN,45 - 49,44.98,44.98,30.0,0.0,VF CABLEMAX,0.0
9184,NRW,40 - 44,44.98,44.98,30.0,0.0,GIGAZUHAUSE TREUE B,1.0
9185,NRW,65 - 69,39.98,39.98,30.0,0.0,GIGAZUHAUSE KABEL,1.0
9186,KBW,80 and over,39.99,39.99,30.0,0.0,RED INTERNET & PHONE CABLE U,1.0
9187,KBW,35 - 39,33.74,33.74,30.0,0.0,RED INTERNET & PHONE CABLE U,1.0
9188,NRW,70 - 74,53.97,32.99,30.0,0.0,VF RIP U-TREUE,0.0
9189,KBW,55 - 59,34.99,34.99,30.0,0.0,RED INTERNET & PHONE CABLE U,1.0
9190,NRW,35 - 39,44.98,44.98,30.0,0.0,RED INTERNET & PHONE CABLE U,0.0
9191,NRW,50 - 54,34.99,34.99,30.0,0.0,RED INTERNET & PHONE CABLE U,0.0
9192,NRW,40 - 44,44.98,44.98,30.0,0.0,RED INTERNET & PHONE CABLE U,1.0
9193,KBW,45 - 49,30.88,30.88,30.0,0.0,RED INTERNET & PHONE CABLE U,0.0
9194,NRW,55 - 59,19.99,29.99,30.0,0.0,RED INTERNET & PHONE CABLE U,0.0
9195,KBW,30 - 34,47.97,47.97,30.0,1.0,RED INTERNET & PHONE CABLE U,1.0
9196,KBW,25 - 29,44.98,44.98,30.0,0.0,VF CABLEMAX,1.0
9197,NRW,40 - 44,47.99,47.99,30.0,0.0,VF RIP U-TREUE,0.0
9198,KBW,35 - 39,44.98,44.98,30.0,0.0,RED INTERNET & PHONE CABLE U,0.0
9199,KBW,30 - 34,39.99,39.99,30.0,0.0,RED INTERNET & PHONE CABLE U,1.0
9200,NRW,45 - 49,42.98,42.98,30.0,0.0,VF RIP U-TREUE,1.0
9201,KBW,50 - 54,44.98,44.98,30.0,0.0,RED INTERNET & PHONE CABLE U,0.0
9202,NRW,55 - 59,34.99,34.99,30.0,0.0,RED INTERNET & PHONE CABLE U,0.0
9203,NRW,35 - 39,39.99,39.99,30.0,0.0,RED INTERNET & PHONE CABLE U,1.0
9204,KBW,30 - 34,34.99,34.99,30.0,0.0,RED INTERNET & PHONE CABLE U,1.0
9205,NRW,25 - 29,39.99,39.99,30.0,0.0,RED INTERNET & PHONE CABLE U,1.0
9206,KBW,65 - 69,68.85,48.64,30.0,0.0,2PLAY PLUS,0.0
9207,KBW,55 - 59,44.98,44.98,30.0,0.0,VF CABLEMAX,1.0
9208,HSN,65 - 69,34.99,34.99,577.0,0.0,VF RIP U-TREUE,0.0
9209,KBW,50 - 54,39.99,39.99,30.0,0.0,RED INTERNET & PHONE CABLE U,1.0
9210,NRW,30 - 34,39.99,39.99,30.0,0.0,VF RIP U-TREUE,1.0
9211,NRW,40 - 44,39.99,39.99,30.0,0.0,RED INTERNET & PHONE CABLE U,0.0
9212,HSN,50 - 54,37.99,37.99,30.0,0.0,VF RIP U-TREUE,1.0
9213,KBW,60 - 64,44.98,44.98,30.0,0.0,VF RIP U-TREUE,0.0
9214,NRW,30 - 34,34.99,34.99,30.0,0.0,RED INTERNET & PHONE CABLE U,0.0
9215,KBW,80 and over,42.87,42.87,30.0,0.0,2PLAY,0.0
9216,NRW,45 - 49,54.99,54.99,30.0,0.0,RED INTERNET & PHONE CABLE U,0.0
9217,NRW,60 - 64,34.99,34.99,30.0,0.0,RED INTERNET & PHONE CABLE U,0.0
9218,KBW,60 - 64,44.98,44.98,30.0,0.0,VF CABLEMAX,1.0
9219,KBW,35 - 39,44.99,44.99,30.0,0.0,VF RIP U-TREUE,1.0
9220,HSN,55 - 59,29.99,29.99,30.0,0.0,VF RIP U-TREUE,0.0
9221,KBW,50 - 54,63.96,42.97,30.0,0.0,RED INTERNET & PHONE CABLE U,1.0
9222,KBW,25 - 29,49.97,49.97,30.0,0.0,VF CABLEMAX,1.0
9223,KBW,65 - 69,39.99,39.99,30.0,0.0,RED INTERNET & PHONE CABLE U,1.0
9224,KBW,55 - 59,58.97,37.98,30.0,0.0,RED INTERNET & PHONE CABLE U,0.0
9225,HSN,80 and over,60.25,39.89,30.0,0.0,2PLAY,0.0
9226,KBW,35 - 39,42.98,42.98,30.0,0.0,VF RIP U-TREUE,0.0
9227,NRW,18 - 24,44.98,44.98,30.0,0.0,VF CABLEMAX,1.0
9228,NRW,70 - 74,0.0,0.0,30.0,0.0,VF CABLEMAX FULL FLEX,1.0
9229,HSN,18 - 24,34.99,34.99,30.0,0.0,RED INTERNET & PHONE CABLE U,0.0
9230,KBW,80 and over,32.99,32.99,30.0,0.0,VF RIP U-TREUE,1.0
9231,NRW,60 - 64,32.99,32.99,30.0,0.0,VF RIP U-TREUE,0.0
9232,KBW,60 - 64,58.97,37.98,30.0,0.0,VF RIP U-TREUE,0.0
9233,KBW,25 - 29,44.98,44.98,30.0,0.0,VF CABLEMAX,0.0
9234,NRW,25 - 29,39.99,39.99,30.0,0.0,RED INTERNET & PHONE CABLE U,1.0
9235,HSN,55 - 59,42.97,42.97,30.0,0.0,RED INTERNET & PHONE CABLE U,1.0
9236,NRW,30 - 34,37.98,37.98,364.0,0.0,GIGAZUHAUSE KABEL,1.0
9237,NRW,25 - 29,44.98,44.98,30.0,0.0,RED INTERNET & PHONE CABLE U,1.0
9238,NRW,40 - 44,39.99,39.99,30.0,0.0,VF RIP U-TREUE,1.0
9239,NRW,55 - 59,29.99,29.99,30.0,0.0,VF RIP U-TREUE,0.0
9240,NRW,50 - 54,37.99,37.99,30.0,0.0,VF RIP U-TREUE,1.0
9241,KBW,35 - 39,49.99,49.99,30.0,0.0,GIGAZUHAUSE KABEL,0.0
9242,HSN,55 - 59,54.99,54.99,30.0,0.0,RED INTERNET & PHONE CABLE U,0.0
9243,NRW,30 - 34,29.99,29.99,30.0,0.0,RED INTERNET & PHONE CABLE U,0.0
9244,HSN,70 - 74,44.97,44.97,30.0,0.0,GIGAZUHAUSE KABEL,1.0
9245,KBW,65 - 69,52.96,42.98,30.0,0.0,2PLAY PLUS,1.0
9246,HSN,45 - 49,37.99,37.99,30.0,0.0,VF RIP U-TREUE,1.0
9247,NRW,35 - 39,44.98,44.98,30.0,0.0,VF CABLEMAX,1.0
9248,HSN,80 and over,88.92,49.97,30.0,0.0,VF CABLEMAX,0.0
9249,NRW,35 - 39,29.99,29.99,30.0,0.0,VF RIP U-TREUE,0.0
9250,NRW,50 - 54,29.99,29.99,30.0,0.0,VF RIP U-TREUE,0.0
9251,NRW,30 - 34,34.99,34.99,30.0,0.0,RED INTERNET & PHONE CABLE U,0.0
9252,KBW,65 - 69,29.99,29.99,30.0,0.0,VF RIP U-TREUE,1.0
9253,NRW,60 - 64,49.97,49.97,30.0,0.0,VF CABLEMAX,1.0
9254,NRW,35 - 39,44.98,44.98,30.0,0.0,RED INTERNET & PHONE CABLE U,1.0
9255,KBW,25 - 29,37.98,37.98,30.0,0.0,VF RIP U-TREUE,1.0
9256,NRW,55 - 59,39.99,39.99,30.0,0.0,RED INTERNET & PHONE CABLE U,0.0
9257,NRW,45 - 49,39.99,39.99,30.0,0.0,RED INTERNET & PHONE CABLE U,1.0
9258,NRW,80 and over,44.97,44.97,30.0,0.0,RED INTERNET & PHONE CABLE U,0.0
9259,NRW,65 - 69,55.97,34.99,30.0,0.0,RED INTERNET & PHONE CABLE U,0.0
9260,KBW,55 - 59,42.97,42.97,30.0,0.0,RED INTERNET & PHONE CABLE U,0.0
9261,KBW,70 - 74,37.99,37.99,30.0,0.0,VF RIP U-TREUE,0.0
9262,NRW,30 - 34,39.98,39.98,30.0,0.0,VF CABLEMAX,1.0
9263,NRW,70 - 74,39.99,39.99,30.0,0.0,RED INTERNET & PHONE CABLE U,0.0
9264,NRW,65 - 69,39.99,39.99,30.0,0.0,VF RIP U-TREUE,0.0
9265,KBW,55 - 59,39.99,39.99,30.0,0.0,RED INTERNET & PHONE CABLE U,0.0
9266,HSN,18 - 24,34.99,34.99,30.0,0.0,RED INTERNET & PHONE CABLE U,1.0
9267,NRW,75 - 79,34.99,34.99,30.0,0.0,RED INTERNET & PHONE CABLE U,1.0
9268,NRW,80 and over,39.99,39.99,30.0,0.0,VF RIP U-TREUE,1.0
9269,NRW,25 - 29,39.98,39.98,30.0,0.0,RED INTERNET & PHONE CABLE U,1.0
9270,NRW,60 - 64,39.99,39.99,30.0,0.0,VF RIP U-TREUE,1.0
9271,NRW,55 - 59,54.99,54.99,30.0,0.0,RED INTERNET & PHONE CABLE U,1.0
9272,NRW,30 - 34,44.98,44.98,30.0,0.0,RED INTERNET & PHONE CABLE U,1.0
9273,NRW,35 - 39,34.99,34.99,30.0,0.0,RED INTERNET & PHONE CABLE U,1.0
9274,KBW,30 - 34,54.98,54.98,30.0,0.0,GIGAZUHAUSE KABEL,1.0
9275,NRW,55 - 59,37.99,37.99,30.0,0.0,VF RIP U-TREUE,1.0
9276,KBW,25 - 29,44.98,44.98,30.0,0.0,RED INTERNET & PHONE CABLE U,1.0
9277,NRW,60 - 64,39.99,39.99,30.0,0.0,VF RIP U-TREUE,0.0
9278,NRW,45 - 49,44.97,44.97,30.0,0.0,VF CABLEMAX,1.0
9279,KBW,45 - 49,44.98,44.98,30.0,0.0,VF CABLEMAX,0.0
9280,NRW,18 - 24,39.98,39.98,30.0,0.0,VF CABLEMAX,1.0
9281,HSN,40 - 44,49.99,49.99,30.0,0.0,GIGAZUHAUSE KABEL,0.0
9282,NRW,50 - 54,44.98,44.98,30.0,0.0,RED INTERNET & PHONE CABLE U,1.0
9283,NRW,40 - 44,44.98,44.98,30.0,0.0,RED INTERNET & PHONE CABLE U,1.0
9284,HSN,25 - 29,44.98,44.98,30.0,0.0,RED INTERNET & PHONE CABLE U,0.0
9285,KBW,30 - 34,39.99,39.99,30.0,0.0,RED INTERNET & PHONE CABLE U,0.0
9286,KBW,70 - 74,49.99,49.99,30.0,0.0,GIGAZUHAUSE KABEL,1.0
9287,NRW,50 - 54,52.98,52.98,30.0,0.0,VF RIP U-TREUE,0.0
9288,KBW,35 - 39,39.99,39.99,30.0,0.0,RED INTERNET & PHONE CABLE U,1.0
9289,NRW,70 - 74,44.98,44.98,30.0,0.0,VF CABLEMAX,1.0
9290,HSN,65 - 69,34.99,34.99,30.0,0.0,RED INTERNET & PHONE CABLE U,0.0
9291,NRW,40 - 44,47.99,47.99,30.0,0.0,VF RIP U-TREUE,0.0
9292,NRW,35 - 39,39.98,39.98,30.0,0.0,GIGAZUHAUSE KABEL,1.0
9293,KBW,40 - 44,42.98,42.98,30.0,0.0,VF RIP U-TREUE,0.0
9294,HSN,50 - 54,42.98,42.98,30.0,0.0,VF RIP U-TREUE,0.0
9295,KBW,60 - 64,39.99,39.99,30.0,0.0,RED INTERNET & PHONE CABLE U,1.0
9296,KBW,55 - 59,44.98,44.98,30.0,0.0,RED INTERNET & PHONE CABLE U,0.0
9297,NRW,25 - 29,44.98,44.98,30.0,0.0,RED INTERNET & PHONE CABLE U,1.0
9298,NRW,30 - 34,44.98,44.98,30.0,0.0,VF RIP U-TREUE,1.0
9299,NRW,30 - 34,39.98,39.98,143.0,0.0,GIGAZUHAUSE KABEL,1.0
9300,NRW,30 - 34,24.99,24.99,30.0,0.0,INTERNET COMFORT,0.0
9301,KBW,80 and over,34.99,34.99,30.0,0.0,RED INTERNET & PHONE CABLE U,1.0
9302,HSN,65 - 69,49.97,49.97,30.0,0.0,VF CABLEMAX,0.0
9303,NRW,45 - 49,39.99,39.99,30.0,0.0,VF RIP U-TREUE,1.0
9304,NRW,30 - 34,49.99,49.99,30.0,0.0,RED INTERNET & PHONE CABLE U,1.0
9305,NRW,25 - 29,44.98,44.98,30.0,0.0,RED INTERNET & PHONE CABLE U,1.0
9306,NRW,25 - 29,44.98,44.98,30.0,0.0,VF CABLEMAX,1.0
9307,KBW,65 - 69,34.99,34.99,30.0,0.0,RED INTERNET & PHONE CABLE U,1.0
9308,NRW,40 - 44,44.98,44.98,30.0,0.0,VF CABLEMAX,1.0
9309,NRW,60 - 64,42.98,42.98,30.0,0.0,VF RIP U-TREUE,1.0
9310,KBW,40 - 44,39.99,39.99,30.0,0.0,RED INTERNET & PHONE CABLE U,1.0
9311,NRW,70 - 74,71.86,49.96,30.0,0.0,GIGAZUHAUSE TREUE B,0.0
9312,NRW,40 - 44,34.99,34.99,30.0,0.0,RED INTERNET & PHONE CABLE U,0.0
9313,NRW,65 - 69,58.94,39.98,30.0,0.0,RED INTERNET & PHONE CABLE U,0.0
9314,HSN,40 - 44,24.99,24.99,30.0,0.0,INTERNET COMFORT,0.0
9315,NRW,35 - 39,32.97,32.97,30.0,0.0,RED INTERNET & PHONE CABLE U,0.0
9316,NRW,50 - 54,59.97,39.99,30.0,0.0,RED INTERNET & PHONE CABLE U,1.0
9317,KBW,40 - 44,34.99,34.99,30.0,0.0,RED INTERNET & PHONE CABLE U,1.0
9318,NRW,40 - 44,34.99,34.99,30.0,0.0,RED INTERNET & PHONE CABLE U,1.0
9319,KBW,65 - 69,54.99,54.99,30.0,0.0,RED INTERNET & PHONE CABLE U,1.0
9320,NRW,70 - 74,49.97,44.98,30.0,0.0,VF CABLEMAX,0.0
9321,KBW,55 - 59,54.99,54.99,30.0,0.0,RED INTERNET & PHONE CABLE U,0.0
9322,NRW,45 - 49,44.98,44.98,30.0,0.0,VF CABLEMAX,0.0
9323,KBW,25 - 29,39.99,39.99,30.0,0.0,RED INTERNET & PHONE CABLE U,1.0
9324,KBW,35 - 39,44.99,44.99,30.0,0.0,GIGAZUHAUSE KABEL,0.0
9325,KBW,30 - 34,48.97,48.97,30.0,0.0,VF CABLEMAX,1.0
9326,KBW,70 - 74,34.99,34.99,30.0,0.0,VF RIP U-TREUE,0.0
9327,HSN,30 - 34,49.99,49.99,30.0,0.0,GIGAZUHAUSE KABEL,1.0
9328,NRW,35 - 39,39.98,39.98,30.0,0.0,VF RIP U-TREUE,0.0
9329,KBW,25 - 29,39.99,39.99,30.0,0.0,RED INTERNET & PHONE CABLE U,1.0
9330,HSN,40 - 44,49.99,49.99,30.0,0.0,RED INTERNET & PHONE CABLE U,1.0
9331,HSN,35 - 39,44.98,44.98,30.0,0.0,VF CABLEMAX,1.0
9332,KBW,35 - 39,39.99,39.99,30.0,0.0,RED INTERNET & PHONE CABLE U,1.0
9333,HSN,55 - 59,49.99,49.99,30.0,0.0,RED INTERNET & PHONE CABLE U,0.0
9334,HSN,25 - 29,58.98,58.98,30.0,0.0,RED INTERNET & PHONE CABLE U,1.0
9335,NRW,45 - 49,39.98,39.98,122.0,0.0,GIGAZUHAUSE KABEL,0.0
9336,KBW,50 - 54,72.94,37.99,695.0,0.0,VF RIP U-TREUE,0.0
9337,KBW,35 - 39,39.99,39.99,30.0,0.0,RED INTERNET & PHONE CABLE U,1.0
9338,NRW,25 - 29,24.99,24.99,30.0,0.0,VF RIP U-TREUE,1.0
9339,HSN,50 - 54,44.98,44.98,30.0,0.0,VF CABLEMAX,0.0
9340,NRW,25 - 29,39.98,39.98,30.0,0.0,VF CABLEMAX,1.0
9341,NRW,80 and over,53.96,32.97,30.0,0.0,RED INTERNET & PHONE CABLE U,0.0
9342,KBW,40 - 44,48.97,48.97,30.0,0.0,VF CABLEMAX,1.0
9343,NRW,65 - 69,52.96,52.96,30.0,0.0,VF CABLEMAX,0.0
9344,NRW,40 - 44,29.99,29.99,30.0,0.0,VF RIP U-TREUE,1.0
9345,HSN,30 - 34,39.99,39.99,30.0,0.0,RED INTERNET & PHONE CABLE U,0.0
9346,NRW,50 - 54,44.98,44.98,30.0,0.0,VF CABLEMAX,1.0
9347,KBW,55 - 59,29.99,29.99,30.0,0.0,VF RIP U-TREUE,0.0
9348,HSN,45 - 49,29.99,29.99,30.0,0.0,RED INTERNET & PHONE CABLE U,1.0
9349,NRW,75 - 79,44.98,44.98,30.0,0.0,VF CABLEMAX,1.0
9350,KBW,45 - 49,34.99,34.99,30.0,0.0,RED INTERNET & PHONE CABLE U,0.0
9351,NRW,30 - 34,34.99,34.99,30.0,0.0,RED INTERNET & PHONE CABLE U,1.0
9352,NRW,70 - 74,27.99,27.99,30.0,0.0,RED INTERNET & PHONE CABLE U,0.0
9353,NRW,60 - 64,24.99,24.99,339.0,0.0,GIGAZUHAUSE TREUE C,0.0
9354,NRW,25 - 29,44.98,44.98,30.0,0.0,RED INTERNET & PHONE CABLE U,0.0
9355,NRW,55 - 59,49.99,49.99,30.0,0.0,GIGAZUHAUSE KABEL,0.0
9356,HSN,35 - 39,37.97,37.97,30.0,0.0,RED INTERNET & PHONE CABLE U,0.0
9357,KBW,55 - 59,65.97,44.98,30.0,0.0,VF CABLEMAX,0.0
9358,KBW,35 - 39,49.99,49.99,30.0,0.0,RED INTERNET & PHONE CABLE U,1.0
9359,NRW,80 and over,68.96,37.98,30.0,0.0,VF RIP U-TREUE,1.0
9360,KBW,25 - 29,54.99,54.99,30.0,0.0,RED INTERNET & PHONE CABLE U,1.0
9361,KBW,25 - 29,44.98,44.98,30.0,0.0,RED INTERNET & PHONE CABLE U,0.0
9362,KBW,35 - 39,44.98,44.98,30.0,0.0,VF CABLEMAX,0.0
9363,KBW,35 - 39,39.99,39.99,30.0,0.0,RED INTERNET & PHONE CABLE U,0.0
9364,NRW,35 - 39,37.99,37.99,30.0,0.0,VF RIP U-TREUE,1.0
9365,NRW,25 - 29,39.99,39.99,30.0,0.0,RED INTERNET & PHONE CABLE U,1.0
9366,NRW,30 - 34,34.99,34.99,30.0,0.0,RED INTERNET & PHONE CABLE U,0.0
9367,NRW,25 - 29,44.98,44.98,30.0,0.0,VF CABLEMAX,1.0
9368,KBW,35 - 39,39.99,39.99,30.0,0.0,RED INTERNET & PHONE CABLE U,0.0
9369,NRW,25 - 29,44.98,44.98,30.0,0.0,VF CABLEMAX,1.0
9370,KBW,40 - 44,39.98,39.98,123.0,0.0,GIGAZUHAUSE TREUE B,0.0
9371,NRW,40 - 44,34.99,34.99,30.0,0.0,RED INTERNET & PHONE CABLE U,1.0
9372,HSN,50 - 54,32.99,32.99,30.0,0.0,VF RIP U-TREUE,1.0
9373,NRW,35 - 39,29.99,29.99,30.0,0.0,VF RIP U-TREUE,1.0
9374,NRW,65 - 69,39.99,39.99,30.0,0.0,RED INTERNET & PHONE CABLE U,0.0
9375,HSN,50 - 54,0.0,0.0,30.0,0.0,MMA,0.0
9376,NRW,60 - 64,32.99,32.99,30.0,0.0,VF RIP U-TREUE,0.0
9377,NRW,55 - 59,44.98,44.98,30.0,0.0,RED INTERNET & PHONE CABLE U,0.0
9378,NRW,65 - 69,42.98,32.99,30.0,0.0,VF RIP U-TREUE,0.0
9379,NRW,35 - 39,34.99,34.99,30.0,0.0,RED INTERNET & PHONE CABLE U,1.0
9380,NRW,50 - 54,44.98,44.98,30.0,0.0,VF CABLEMAX,0.0
9381,KBW,40 - 44,29.99,29.99,30.0,0.0,VF RIP U-TREUE,1.0
9382,KBW,18 - 24,34.99,34.99,30.0,0.0,RED INTERNET & PHONE CABLE U,1.0
9383,KBW,25 - 29,34.99,34.99,30.0,0.0,RED INTERNET & PHONE CABLE U,0.0
9384,NRW,60 - 64,44.98,44.98,30.0,0.0,VF CABLEMAX,1.0
9385,KBW,55 - 59,82.92,42.98,30.0,0.0,VF RIP U-TREUE,0.0
9386,NRW,65 - 69,34.99,34.99,30.0,0.0,RED INTERNET & PHONE CABLE U,0.0
9387,HSN,60 - 64,29.99,29.99,30.0,0.0,VF RIP U-TREUE,1.0
9388,NRW,45 - 49,39.99,39.99,30.0,0.0,RED INTERNET & PHONE CABLE U,0.0
9389,NRW,55 - 59,44.98,44.98,30.0,0.0,VF CABLEMAX,0.0
9390,NRW,30 - 34,39.99,39.99,30.0,0.0,RED INTERNET & PHONE CABLE U,0.0
9391,NRW,55 - 59,44.98,44.98,30.0,0.0,RED INTERNET & PHONE CABLE U,0.0
9392,HSN,30 - 34,54.99,54.99,30.0,0.0,RED INTERNET & PHONE CABLE U,1.0
9393,KBW,40 - 44,39.99,39.99,30.0,0.0,RED INTERNET & PHONE CABLE U,1.0
9394,NRW,25 - 29,39.99,39.99,49.0,0.0,VF RIP U-TREUE,1.0
9395,KBW,35 - 39,29.99,29.99,30.0,0.0,VF RIP U-TREUE,0.0
9396,NRW,25 - 29,54.98,54.98,30.0,0.0,GIGAZUHAUSE KABEL,1.0
9397,KBW,35 - 39,54.99,54.99,30.0,0.0,RED INTERNET & PHONE CABLE U,0.0
9398,NRW,30 - 34,39.98,39.98,171.0,0.0,GIGAZUHAUSE KABEL,0.0
9399,KBW,45 - 49,29.99,29.99,30.0,0.0,VF RIP U-TREUE,1.0
9400,KBW,60 - 64,79.94,49.97,30.0,0.0,VF CABLEMAX,0.0
9401,KBW,25 - 29,44.98,44.98,30.0,0.0,RED INTERNET & PHONE CABLE U,0.0
9402,KBW,45 - 49,34.99,34.99,30.0,0.0,RED INTERNET & PHONE CABLE U,0.0
9403,NRW,40 - 44,29.99,29.99,30.0,0.0,INTERNET PREMIUM,0.0
9404,KBW,40 - 44,60.98,39.99,30.0,0.0,VF RIP U-TREUE,0.0
9405,HSN,40 - 44,42.97,42.97,30.0,0.0,VF RIP U-TREUE,1.0
9406,NRW,70 - 74,74.96,46.98,668.0,0.0,VF RIP U-TREUE,0.0
9407,KBW,65 - 69,61.96,44.98,30.0,0.0,VF RIP U-TREUE,0.0
9408,NRW,60 - 64,49.97,49.97,30.0,0.0,VF CABLEMAX,1.0
9409,NRW,30 - 34,34.99,34.99,30.0,0.0,RED INTERNET & PHONE CABLE U,0.0
9410,NRW,60 - 64,59.99,59.99,30.0,0.0,GIGAZUHAUSE KABEL,1.0
9411,NRW,60 - 64,44.98,44.98,30.0,0.0,VF CABLEMAX,0.0
9412,NRW,60 - 64,39.99,39.99,30.0,0.0,RED INTERNET & PHONE CABLE U,0.0
9413,KBW,55 - 59,44.97,49.97,30.0,0.0,VF CABLEMAX,0.0
9414,NRW,55 - 59,32.99,32.99,30.0,0.0,VF RIP U-TREUE,1.0
9415,KBW,50 - 54,49.99,49.99,30.0,0.0,RED INTERNET & PHONE CABLE U,1.0
9416,NRW,25 - 29,53.98,53.98,30.0,0.0,RED INTERNET & PHONE CABLE U,1.0
9417,KBW,80 and over,79.94,43.95,30.0,0.0,GIGAZUHAUSE KABEL,1.0
9418,NRW,25 - 29,44.98,44.98,30.0,0.0,RED INTERNET & PHONE CABLE U,1.0
9419,KBW,18 - 24,44.98,44.98,30.0,0.0,RED INTERNET & PHONE CABLE U,0.0
9420,NRW,35 - 39,37.99,37.99,30.0,0.0,VF RIP U-TREUE,0.0
9421,NRW,65 - 69,79.93,29.99,30.0,0.0,VF RIP U-TREUE,0.0
9422,NRW,40 - 44,34.99,34.99,30.0,0.0,RED INTERNET & PHONE CABLE U,1.0
9423,NRW,40 - 44,27.8,27.8,30.0,0.0,RED INTERNET & PHONE CABLE U,1.0
9424,NRW,55 - 59,49.97,49.97,30.0,0.0,VF CABLEMAX,1.0
9425,HSN,50 - 54,39.99,39.99,30.0,0.0,RED INTERNET & PHONE CABLE U,0.0
9426,KBW,25 - 29,48.96,48.97,30.0,0.0,VF CABLEMAX,1.0
9427,NRW,55 - 59,49.97,49.97,84.0,0.0,VF CABLEMAX,0.0
9428,NRW,30 - 34,39.99,39.99,30.0,0.0,VF RIP U-TREUE,1.0
9429,KBW,35 - 39,24.98,24.99,553.0,0.0,GIGAZUHAUSE TREUE C,0.0
9430,NRW,30 - 34,44.98,44.98,30.0,0.0,VF CABLEMAX,0.0
9431,KBW,35 - 39,49.97,49.97,30.0,0.0,VF CABLEMAX,1.0
9432,NRW,25 - 29,39.99,39.99,30.0,0.0,RED INTERNET & PHONE CABLE U,1.0
9433,NRW,45 - 49,44.98,29.99,30.0,0.0,VF RIP U-TREUE,1.0
9434,KBW,30 - 34,44.97,44.97,30.0,0.0,VF CABLEMAX,0.0
9435,KBW,45 - 49,49.99,49.99,30.0,0.0,GIGAZUHAUSE KABEL,0.0
9436,NRW,35 - 39,44.98,44.98,30.0,0.0,VF CABLEMAX,1.0
9437,NRW,70 - 74,29.99,29.99,30.0,0.0,VF RIP U-TREUE,0.0
9438,NRW,30 - 34,44.98,44.98,30.0,0.0,RED INTERNET & PHONE CABLE U,0.0
9439,KBW,60 - 64,63.98,63.98,30.0,0.0,2PLAY FLY,0.0
9440,NRW,30 - 34,32.99,32.99,30.0,0.0,VF RIP U-TREUE,0.0
9441,KBW,75 - 79,58.96,39.98,597.0,0.0,VF CABLEMAX,0.0
9442,NRW,80 and over,39.98,39.98,30.0,0.0,GIGAZUHAUSE TREUE B,0.0
9443,NRW,35 - 39,37.98,37.98,30.0,0.0,GIGAZUHAUSE TREUE D,1.0
9444,KBW,40 - 44,44.98,44.98,30.0,0.0,RED INTERNET & PHONE CABLE U,1.0
9445,KBW,80 and over,55.97,44.98,30.0,0.0,GIGAZUHAUSE KABEL,1.0
9446,NRW,65 - 69,29.99,29.99,30.0,0.0,VF RIP U-TREUE,0.0
9447,KBW,40 - 44,34.99,34.99,30.0,0.0,RED INTERNET & PHONE CABLE U,0.0
9448,NRW,50 - 54,29.99,29.99,30.0,0.0,VF RIP U-TREUE,0.0
9449,NRW,60 - 64,42.98,42.98,30.0,0.0,VF RIP U-TREUE,1.0
9450,KBW,25 - 29,44.98,44.98,30.0,0.0,RED INTERNET & PHONE CABLE U,1.0
9451,NRW,30 - 34,44.98,44.98,30.0,0.0,RED INTERNET & PHONE CABLE U,1.0
9452,KBW,25 - 29,39.99,39.99,30.0,0.0,RED INTERNET & PHONE CABLE U,1.0
9453,NRW,40 - 44,44.98,44.98,30.0,0.0,RED INTERNET & PHONE CABLE U,0.0
9454,NRW,60 - 64,49.97,49.97,30.0,0.0,VF CABLEMAX,1.0
9455,KBW,25 - 29,44.97,44.97,30.0,0.0,RED INTERNET & PHONE CABLE U,1.0
9456,NRW,55 - 59,34.99,34.99,30.0,0.0,RED INTERNET & PHONE CABLE U,0.0
9457,NRW,30 - 34,49.98,39.99,30.0,0.0,RED INTERNET & PHONE CABLE U,1.0
9458,NRW,35 - 39,29.99,29.99,696.0,0.0,VF RIP U-TREUE,0.0
9459,NRW,25 - 29,34.99,34.99,30.0,0.0,RED INTERNET & PHONE CABLE U,1.0
9460,NRW,35 - 39,58.14,37.78,30.0,0.0,2PLAY,0.0
9461,NRW,40 - 44,39.98,39.98,164.0,0.0,GIGAZUHAUSE KABEL,1.0
9462,NRW,30 - 34,39.99,39.99,30.0,0.0,RED INTERNET & PHONE CABLE U,0.0
9463,HSN,45 - 49,49.97,49.97,30.0,0.0,VF CABLEMAX,0.0
9464,NRW,50 - 54,39.98,39.98,30.0,0.0,RED INTERNET & PHONE CABLE U,0.0
9465,KBW,35 - 39,44.98,44.98,30.0,0.0,RED INTERNET & PHONE CABLE U,1.0
9466,HSN,25 - 29,34.99,34.99,30.0,0.0,2PLAY,1.0
9467,KBW,18 - 24,44.98,44.98,30.0,0.0,RED INTERNET & PHONE CABLE U,1.0
9468,HSN,45 - 49,34.99,34.99,30.0,0.0,RED INTERNET & PHONE CABLE U,0.0
9469,NRW,25 - 29,44.98,44.98,30.0,0.0,RED INTERNET & PHONE CABLE U,1.0
9470,NRW,45 - 49,34.99,34.99,30.0,0.0,RED INTERNET & PHONE CABLE U,1.0
9471,NRW,30 - 34,39.98,39.98,171.0,0.0,GIGAZUHAUSE KABEL,0.0
9472,KBW,50 - 54,75.97,44.98,30.0,0.0,VF CABLEMAX,1.0
9473,NRW,25 - 29,34.99,34.99,30.0,0.0,RED INTERNET & PHONE CABLE U,1.0
9474,KBW,55 - 59,29.99,29.99,30.0,0.0,RED INTERNET & PHONE CABLE U,1.0
9475,KBW,35 - 39,39.99,39.99,30.0,0.0,RED INTERNET & PHONE CABLE U,1.0
9476,KBW,25 - 29,44.98,44.98,30.0,0.0,RED INTERNET & PHONE CABLE U,1.0
9477,KBW,45 - 49,65.97,44.98,30.0,0.0,VF CABLEMAX,0.0
9478,KBW,35 - 39,42.98,42.98,30.0,0.0,VF RIP U-TREUE,1.0
9479,KBW,25 - 29,34.99,34.99,30.0,0.0,RED INTERNET & PHONE CABLE U,1.0
9480,KBW,65 - 69,42.98,42.98,30.0,0.0,VF RIP U-TREUE,0.0
9481,NRW,35 - 39,44.98,44.98,30.0,0.0,VF CABLEMAX,1.0
9482,NRW,30 - 34,44.98,44.98,30.0,0.0,VF CABLEMAX,1.0
9483,KBW,60 - 64,43.97,43.97,192.0,0.0,GIGAZUHAUSE TREUE B,1.0
9484,NRW,30 - 34,34.99,34.99,30.0,0.0,RED INTERNET & PHONE CABLE U,0.0
9485,NRW,80 and over,39.99,39.99,30.0,0.0,RED INTERNET & PHONE CABLE U,1.0
9486,NRW,25 - 29,39.99,39.99,30.0,0.0,RED INTERNET & PHONE CABLE U,1.0
9487,HSN,30 - 34,34.99,34.99,30.0,0.0,RED INTERNET & PHONE CABLE U,0.0
9488,NRW,25 - 29,34.99,34.99,143.0,0.0,GIGAZUHAUSE KABEL,1.0
9489,KBW,40 - 44,29.99,29.99,30.0,0.0,VF RIP U-TREUE,1.0
9490,NRW,40 - 44,39.98,39.98,30.0,0.0,VF CABLEMAX,1.0
9491,NRW,30 - 34,34.99,34.99,30.0,0.0,RED INTERNET & PHONE CABLE U,0.0
9492,HSN,60 - 64,32.97,32.97,30.0,0.0,RED INTERNET & PHONE CABLE U,1.0
9493,NRW,40 - 44,49.99,49.99,30.0,0.0,GIGAZUHAUSE KABEL,1.0
9494,KBW,35 - 39,42.97,42.97,30.0,0.0,RED INTERNET & PHONE CABLE U,1.0
9495,NRW,30 - 34,44.98,44.98,30.0,0.0,VF CABLEMAX,1.0
9496,KBW,35 - 39,34.99,34.99,30.0,0.0,RED INTERNET & PHONE CABLE U,0.0
9497,NRW,25 - 29,34.99,34.99,30.0,0.0,RED INTERNET & PHONE CABLE U,1.0
9498,KBW,65 - 69,29.98,29.98,30.0,0.0,RED INTERNET & PHONE CABLE U,0.0
9499,NRW,45 - 49,29.99,29.99,30.0,0.0,VF RIP U-TREUE,0.0
9500,KBW,40 - 44,42.97,42.97,30.0,0.0,RED INTERNET & PHONE CABLE U,1.0
9501,NRW,50 - 54,39.99,39.99,30.0,0.0,RED INTERNET & PHONE CABLE U,1.0
9502,NRW,25 - 29,44.99,44.99,206.0,0.0,GIGAZUHAUSE KABEL,0.0
9503,HSN,60 - 64,42.98,42.98,30.0,0.0,VF RIP U-TREUE,1.0
9504,KBW,55 - 59,49.97,49.97,30.0,0.0,VF CABLEMAX,0.0
9505,NRW,35 - 39,34.99,34.99,30.0,0.0,RED INTERNET & PHONE CABLE U,1.0
9506,KBW,55 - 59,44.98,44.98,30.0,0.0,VF CABLEMAX,0.0
9507,KBW,25 - 29,44.98,44.98,30.0,0.0,RED INTERNET & PHONE CABLE U,1.0
9508,NRW,25 - 29,54.99,54.99,30.0,0.0,RED INTERNET & PHONE CABLE U,1.0
9509,NRW,65 - 69,34.99,34.99,30.0,0.0,RED INTERNET & PHONE CABLE U,1.0
9510,NRW,40 - 44,44.98,44.98,30.0,0.0,VF CABLEMAX,1.0
9511,KBW,55 - 59,39.99,39.99,30.0,0.0,RED INTERNET & PHONE CABLE U,0.0
9512,NRW,30 - 34,42.97,42.97,30.0,0.0,RED INTERNET & PHONE CABLE U,0.0
9513,NRW,25 - 29,44.98,44.98,30.0,0.0,VF CABLEMAX,0.0
9514,KBW,70 - 74,34.99,34.99,30.0,0.0,RED INTERNET & PHONE CABLE U,1.0
9515,NRW,60 - 64,53.98,53.98,30.0,0.0,RED INTERNET & PHONE CABLE U,1.0
9516,NRW,55 - 59,34.99,34.99,30.0,0.0,RED INTERNET & PHONE CABLE U,0.0
9517,KBW,25 - 29,49.99,49.99,30.0,0.0,RED INTERNET & PHONE CABLE U,1.0
9518,HSN,35 - 39,39.98,39.98,30.0,0.0,VF CABLEMAX,1.0
9519,NRW,30 - 34,34.99,34.99,30.0,0.0,RED INTERNET & PHONE CABLE U,1.0
9520,KBW,30 - 34,39.99,39.99,30.0,0.0,RED INTERNET & PHONE CABLE U,1.0
9521,NRW,25 - 29,34.99,34.99,30.0,0.0,RED INTERNET & PHONE CABLE U,1.0
9522,NRW,50 - 54,44.98,44.98,30.0,0.0,VF CABLEMAX,0.0
9523,NRW,30 - 34,48.97,48.97,30.0,0.0,VF CABLEMAX,1.0
9524,NRW,55 - 59,44.98,44.98,30.0,0.0,VF CABLEMAX,1.0
9525,NRW,50 - 54,44.98,44.98,30.0,0.0,RED INTERNET & PHONE CABLE U,1.0
9526,KBW,30 - 34,59.99,59.99,113.0,0.0,GIGAZUHAUSE KABEL,0.0
9527,NRW,40 - 44,27.99,27.99,30.0,0.0,VF RIP U-TREUE,0.0
9528,NRW,60 - 64,34.99,34.99,30.0,0.0,RED INTERNET & PHONE CABLE U,1.0
9529,NRW,65 - 69,70.98,49.99,30.0,0.0,GIGAZUHAUSE KABEL,0.0
9530,NRW,35 - 39,29.99,29.99,30.0,0.0,VF RIP U-TREUE,0.0
9531,NRW,35 - 39,29.99,29.99,30.0,0.0,VF RIP U-TREUE,0.0
9532,NRW,35 - 39,44.98,44.98,30.0,1.0,VF CABLEMAX,1.0
9533,HSN,35 - 39,39.98,39.98,30.0,0.0,VF CABLEMAX,1.0
9534,KBW,60 - 64,70.97,49.98,30.0,0.0,GIGAZUHAUSE KABEL,0.0
9535,NRW,55 - 59,49.97,39.98,539.0,0.0,GIGAZUHAUSE TREUE B,0.0
9536,KBW,65 - 69,0.0,0.0,30.0,0.0,MMA,1.0
9537,KBW,80 and over,39.99,39.99,30.0,0.0,RED INTERNET & PHONE CABLE U,1.0
9538,NRW,25 - 29,39.99,39.99,30.0,0.0,RED INTERNET & PHONE CABLE U,0.0
9539,KBW,25 - 29,44.98,44.98,30.0,0.0,VF CABLEMAX,1.0
9540,KBW,55 - 59,42.98,42.98,30.0,0.0,VF RIP U-TREUE,0.0
9541,KBW,55 - 59,44.98,44.98,30.0,0.0,VF CABLEMAX,1.0
9542,NRW,50 - 54,49.99,49.99,30.0,0.0,GIGAZUHAUSE KABEL,0.0
9543,NRW,30 - 34,44.98,44.98,30.0,0.0,VF CABLEMAX,1.0
9544,KBW,40 - 44,37.98,37.98,30.0,0.0,GIGAZUHAUSE KABEL,1.0
9545,KBW,30 - 34,39.99,39.99,30.0,0.0,RED INTERNET & PHONE CABLE U,0.0
9546,KBW,25 - 29,44.98,44.98,30.0,0.0,VF CABLEMAX,1.0
9547,KBW,55 - 59,39.99,39.99,30.0,0.0,RED INTERNET & PHONE CABLE U,1.0
9548,NRW,18 - 24,37.99,37.99,30.0,0.0,VF RIP U-TREUE,0.0
9549,KBW,45 - 49,44.98,44.98,30.0,0.0,VF RIP U-TREUE,1.0
9550,KBW,40 - 44,52.98,52.98,30.0,0.0,GIGAZUHAUSE KABEL,0.0
9551,NRW,35 - 39,47.96,47.96,30.0,0.0,GIGAZUHAUSE KABEL,1.0
9552,KBW,40 - 44,34.99,34.99,30.0,0.0,VF RIP U-TREUE,0.0
9553,NRW,55 - 59,39.99,39.99,30.0,0.0,RED INTERNET & PHONE CABLE U,1.0
9554,NRW,40 - 44,44.98,44.98,30.0,0.0,VF CABLEMAX,1.0
9555,NRW,25 - 29,48.97,48.97,30.0,0.0,VF CABLEMAX,1.0
9556,KBW,40 - 44,44.98,44.98,30.0,0.0,VF CABLEMAX,0.0
9557,NRW,40 - 44,34.99,34.99,122.0,0.0,GIGAZUHAUSE KABEL,1.0
9558,KBW,40 - 44,44.98,44.98,30.0,0.0,RED INTERNET & PHONE CABLE U,0.0
9559,KBW,35 - 39,37.99,37.99,30.0,0.0,VF RIP U-TREUE,1.0
9560,NRW,30 - 34,44.98,44.98,30.0,0.0,RED INTERNET & PHONE CABLE U,1.0
9561,NRW,55 - 59,47.96,47.96,30.0,0.0,RED INTERNET & PHONE CABLE U,0.0
9562,KBW,60 - 64,47.98,37.99,30.0,0.0,VF RIP U-TREUE,0.0
9563,KBW,35 - 39,37.97,37.99,687.0,0.0,VF RIP U-TREUE,0.0
9564,NRW,45 - 49,29.99,29.99,30.0,0.0,VF RIP U-TREUE,0.0
9565,NRW,45 - 49,41.97,24.99,515.0,0.0,GIGAZUHAUSE TREUE B,1.0
9566,NRW,70 - 74,59.99,59.99,30.0,0.0,3PLAY FLY,0.0
9567,NRW,70 - 74,58.98,58.98,30.0,0.0,RED INTERNET & PHONE CABLE U,0.0
9568,NRW,60 - 64,34.99,34.99,30.0,0.0,GIGAZUHAUSE KABEL,0.0
9569,KBW,45 - 49,50.98,50.98,30.0,0.0,VF CABLEMAX,1.0
9570,KBW,25 - 29,34.99,34.99,30.0,0.0,RED INTERNET & PHONE CABLE U,1.0
9571,NRW,30 - 34,44.98,44.98,30.0,0.0,RED INTERNET & PHONE CABLE U,1.0
9572,NRW,25 - 29,29.99,29.99,30.0,0.0,VF RIP U-TREUE,0.0
9573,KBW,75 - 79,72.96,37.99,30.0,0.0,VF RIP U-TREUE,1.0
9574,KBW,50 - 54,49.99,49.99,30.0,0.0,RED INTERNET & PHONE CABLE U,1.0
9575,NRW,30 - 34,34.99,34.99,30.0,0.0,RED INTERNET & PHONE CABLE U,1.0
9576,KBW,35 - 39,34.99,34.99,30.0,0.0,RED INTERNET & PHONE CABLE U,0.0
9577,KBW,80 and over,48.42,48.42,30.0,0.0,3PLAY COMFORT,1.0
9578,NRW,40 - 44,49.99,49.99,30.0,0.0,RED INTERNET & PHONE CABLE U,0.0
9579,KBW,55 - 59,39.99,39.99,30.0,0.0,VF RIP U-TREUE,1.0
9580,HSN,35 - 39,42.97,42.97,30.0,0.0,RED INTERNET & PHONE CABLE U,0.0
9581,NRW,25 - 29,44.98,44.98,30.0,0.0,VF CABLEMAX,0.0
9582,KBW,25 - 29,39.99,39.99,30.0,0.0,VF RIP U-TREUE,1.0
9583,NRW,30 - 34,42.99,42.99,30.0,0.0,VF RIP U-TREUE,1.0
9584,KBW,25 - 29,44.98,44.98,30.0,0.0,VF CABLEMAX,1.0
9585,KBW,45 - 49,52.96,32.99,30.0,0.0,VF RIP U-TREUE,1.0
9586,NRW,60 - 64,32.99,32.99,30.0,0.0,VF RIP U-TREUE,0.0
9587,NRW,40 - 44,34.99,34.99,30.0,0.0,RED INTERNET & PHONE CABLE U,0.0
9588,NRW,65 - 69,34.99,34.99,30.0,0.0,RED INTERNET & PHONE CABLE U,1.0
9589,NRW,30 - 34,39.98,39.98,30.0,0.0,VF CABLEMAX,0.0
9590,KBW,35 - 39,39.98,39.98,30.0,0.0,VF CABLEMAX,0.0
9591,NRW,80 and over,30.74,30.95,30.0,0.0,RED INTERNET & PHONE CABLE U,0.0
9592,HSN,65 - 69,54.99,54.99,30.0,0.0,RED INTERNET & PHONE CABLE U,1.0
9593,KBW,25 - 29,34.99,34.99,30.0,0.0,RED INTERNET & PHONE CABLE U,0.0
9594,NRW,25 - 29,44.98,44.98,30.0,0.0,VF CABLEMAX,0.0
9595,NRW,70 - 74,34.99,34.99,30.0,0.0,RED INTERNET & PHONE CABLE U,1.0
9596,NRW,30 - 34,34.99,34.99,30.0,0.0,RED INTERNET & PHONE CABLE U,1.0
9597,NRW,18 - 24,49.97,49.97,30.0,0.0,VF CABLEMAX,1.0
9598,NRW,25 - 29,39.99,39.99,30.0,0.0,RED INTERNET & PHONE CABLE U,1.0
9599,NRW,60 - 64,44.98,44.98,30.0,0.0,VF CABLEMAX,0.0
9600,NRW,60 - 64,34.99,34.99,30.0,0.0,RED INTERNET & PHONE CABLE U,1.0
9601,HSN,45 - 49,49.98,49.98,30.0,0.0,GIGAZUHAUSE KABEL,0.0
9602,NRW,65 - 69,29.99,29.99,30.0,0.0,VF RIP U-TREUE,1.0
9603,NRW,25 - 29,48.97,48.97,30.0,0.0,VF CABLEMAX,1.0
9604,NRW,50 - 54,34.99,34.99,30.0,0.0,RED INTERNET & PHONE CABLE U,0.0
9605,HSN,75 - 79,169.92,169.92,30.0,0.0,RED INTERNET & PHONE CABLE U,0.0
9606,NRW,18 - 24,37.99,37.99,30.0,0.0,VF RIP U-TREUE,0.0
9607,NRW,45 - 49,34.99,34.99,30.0,0.0,VF RIP U-TREUE,1.0
9608,KBW,45 - 49,54.98,54.98,30.0,0.0,GIGAZUHAUSE KABEL,1.0
9609,NRW,25 - 29,34.99,34.99,30.0,0.0,RED INTERNET & PHONE CABLE U,0.0
9610,KBW,45 - 49,44.98,44.98,30.0,0.0,RED INTERNET & PHONE CABLE U,1.0
9611,NRW,75 - 79,34.99,34.99,30.0,0.0,RED INTERNET & PHONE CABLE U,0.0
9612,KBW,25 - 29,42.98,42.98,30.0,0.0,VF RIP U-TREUE,1.0
9613,HSN,60 - 64,34.99,34.99,30.0,0.0,RED INTERNET & PHONE CABLE U,0.0
9614,KBW,70 - 74,37.96,37.96,716.0,0.0,RED INTERNET & PHONE CABLE U,0.0
9615,KBW,35 - 39,49.99,49.99,30.0,0.0,GIGAZUHAUSE KABEL,1.0
9616,NRW,50 - 54,34.99,34.99,30.0,0.0,RED INTERNET & PHONE CABLE U,1.0
9617,NRW,50 - 54,44.98,44.98,30.0,0.0,VF CABLEMAX,1.0
9618,NRW,35 - 39,29.98,29.98,30.0,0.0,VF RIP U-TREUE,1.0
9619,KBW,30 - 34,39.99,39.99,30.0,0.0,RED INTERNET & PHONE CABLE U,0.0
9620,KBW,60 - 64,39.98,39.98,30.0,0.0,VF CABLEMAX,1.0
9621,KBW,60 - 64,34.99,34.99,30.0,0.0,RED INTERNET & PHONE CABLE U,0.0
9622,NRW,65 - 69,29.99,29.99,30.0,0.0,RED INTERNET & PHONE CABLE U,1.0
9623,KBW,60 - 64,54.99,54.99,30.0,0.0,RED INTERNET & PHONE CABLE U,1.0
9624,KBW,60 - 64,34.99,34.99,30.0,0.0,RED INTERNET & PHONE CABLE U,0.0
9625,NRW,35 - 39,38.98,32.99,30.0,0.0,VF RIP U-TREUE,0.0
9626,KBW,30 - 34,44.98,44.98,30.0,0.0,VF CABLEMAX,1.0
9627,KBW,50 - 54,44.98,44.98,30.0,0.0,VF CABLEMAX,0.0
9628,NRW,55 - 59,39.99,39.99,30.0,0.0,RED INTERNET & PHONE CABLE U,1.0
9629,KBW,18 - 24,39.98,39.98,30.0,0.0,VF CABLEMAX,1.0
9630,KBW,80 and over,49.97,39.98,122.0,0.0,GIGAZUHAUSE KABEL,1.0
9631,KBW,25 - 29,44.98,44.98,30.0,0.0,VF CABLEMAX,1.0
9632,NRW,30 - 34,44.98,44.98,30.0,0.0,RED INTERNET & PHONE CABLE U,1.0
9633,KBW,70 - 74,34.99,34.99,30.0,0.0,RED INTERNET & PHONE CABLE U,1.0
9634,HSN,45 - 49,34.99,34.99,30.0,0.0,RED INTERNET & PHONE CABLE U,0.0
9635,KBW,35 - 39,39.99,39.99,30.0,0.0,RED INTERNET & PHONE CABLE U,0.0
9636,NRW,30 - 34,39.99,39.99,30.0,0.0,RED INTERNET & PHONE CABLE U,1.0
9637,KBW,50 - 54,54.99,54.99,30.0,0.0,RED INTERNET & PHONE CABLE U,0.0
9638,KBW,30 - 34,0.0,0.0,30.0,0.0,MMA,0.0
9639,KBW,50 - 54,44.98,44.98,30.0,0.0,RED INTERNET & PHONE CABLE U,1.0
9640,HSN,45 - 49,49.97,49.97,30.0,0.0,VF CABLEMAX,1.0
9641,HSN,30 - 34,34.99,34.99,30.0,0.0,RED INTERNET & PHONE CABLE U,0.0
9642,KBW,35 - 39,44.98,44.98,30.0,0.0,VF RIP U-TREUE,0.0
9643,KBW,30 - 34,42.97,42.97,30.0,0.0,RED INTERNET & PHONE CABLE U,1.0
9644,KBW,25 - 29,34.99,34.99,30.0,0.0,RED INTERNET & PHONE CABLE U,0.0
9645,KBW,25 - 29,32.98,32.98,30.0,0.0,VF RIP U-TREUE,1.0
9646,HSN,30 - 34,44.98,44.98,30.0,0.0,RED INTERNET & PHONE CABLE U,1.0
9647,NRW,40 - 44,44.98,44.98,30.0,0.0,VF CABLEMAX,0.0
9648,KBW,30 - 34,24.99,24.99,273.0,0.0,GIGAZUHAUSE TREUE C,0.0
9649,NRW,70 - 74,39.98,39.98,30.0,0.0,GIGAZUHAUSE KABEL,1.0
9650,KBW,25 - 29,39.98,39.98,366.0,0.0,GIGAZUHAUSE KABEL,1.0
9651,HSN,35 - 39,78.95,32.99,30.0,0.0,VF RIP U-TREUE,1.0
9652,NRW,25 - 29,34.99,34.99,30.0,0.0,RED INTERNET & PHONE CABLE U,1.0
9653,KBW,50 - 54,57.97,44.98,30.0,0.0,VF CABLEMAX,1.0
9654,HSN,25 - 29,34.99,34.99,30.0,0.0,RED INTERNET & PHONE CABLE U,0.0
9655,KBW,25 - 29,39.98,39.98,30.0,0.0,GIGAZUHAUSE KABEL,1.0
9656,KBW,45 - 49,60.96,33.97,30.0,0.0,VF CABLEMAX,1.0
9657,NRW,30 - 34,39.98,39.98,81.0,0.0,GIGAZUHAUSE KABEL,1.0
9658,KBW,45 - 49,44.98,44.98,30.0,0.0,VF CABLEMAX,1.0
9659,HSN,55 - 59,44.98,44.98,30.0,0.0,VF CABLEMAX,0.0
9660,HSN,55 - 59,67.96,49.97,30.0,0.0,GIGAZUHAUSE KABEL,1.0
9661,NRW,80 and over,45.95,45.95,30.0,0.0,RED INTERNET & PHONE CABLE U,1.0
9662,KBW,70 - 74,60.98,39.99,30.0,0.0,RED INTERNET & PHONE CABLE U,1.0
9663,NRW,70 - 74,39.99,39.99,30.0,0.0,VF RIP U-TREUE,1.0
9664,HSN,35 - 39,42.97,42.97,30.0,0.0,RED INTERNET & PHONE CABLE U,1.0
9665,NRW,45 - 49,49.99,49.99,30.0,0.0,RED INTERNET & PHONE CABLE U,1.0
9666,NRW,75 - 79,78.97,39.99,30.0,0.0,VF RIP U-TREUE,0.0
9667,NRW,35 - 39,39.98,39.98,254.0,0.0,GIGAZUHAUSE KABEL,1.0
9668,NRW,30 - 34,34.99,34.99,30.0,0.0,RED INTERNET & PHONE CABLE U,0.0
9669,NRW,45 - 49,34.99,34.99,30.0,0.0,RED INTERNET & PHONE CABLE U,0.0
9670,KBW,60 - 64,44.98,44.98,30.0,0.0,VF CABLEMAX,0.0
9671,KBW,25 - 29,44.98,44.98,30.0,0.0,VF CABLEMAX,1.0
9672,KBW,25 - 29,39.99,39.99,30.0,0.0,RED INTERNET & PHONE CABLE U,0.0
9673,NRW,50 - 54,69.96,49.97,30.0,0.0,VF CABLEMAX,0.0
9674,KBW,30 - 34,29.99,29.99,30.0,0.0,VF RIP U-TREUE,1.0
9675,NRW,55 - 59,64.96,44.98,30.0,0.0,VF CABLEMAX,1.0
9676,HSN,35 - 39,29.99,29.99,30.0,2.0,VF RIP U-TREUE,0.0
9677,KBW,35 - 39,56.95,49.97,30.0,0.0,RED INTERNET & PHONE CABLE U,0.0
9678,KBW,18 - 24,44.98,44.98,30.0,0.0,VF CABLEMAX,1.0
9679,HSN,80 and over,47.98,47.98,30.0,0.0,2PLAY PLUS,0.0
9680,KBW,55 - 59,39.98,39.98,30.0,0.0,VF CABLEMAX,0.0
9681,KBW,35 - 39,44.98,39.98,30.0,0.0,RED INTERNET & PHONE CABLE U,1.0
9682,NRW,45 - 49,29.99,29.99,30.0,0.0,VF RIP U-TREUE,1.0
9683,NRW,30 - 34,42.97,42.97,699.0,0.0,GIGAZUHAUSE KABEL,0.0
9684,NRW,55 - 59,39.99,39.99,30.0,0.0,VF RIP U-TREUE,0.0
9685,NRW,35 - 39,39.98,39.98,30.0,0.0,GIGAZUHAUSE KABEL,0.0
9686,NRW,60 - 64,54.99,54.99,30.0,0.0,RED INTERNET & PHONE CABLE U,0.0
9687,KBW,55 - 59,64.97,39.99,30.0,0.0,RED INTERNET & PHONE CABLE U,0.0
9688,NRW,30 - 34,48.97,48.97,30.0,0.0,VF CABLEMAX,0.0
9689,KBW,55 - 59,47.97,47.97,30.0,0.0,RED INTERNET & PHONE CABLE U,0.0
9690,NRW,25 - 29,39.99,39.99,30.0,0.0,RED INTERNET & PHONE CABLE U,0.0
9691,HSN,25 - 29,49.97,49.97,30.0,0.0,VF CABLEMAX,1.0
9692,NRW,30 - 34,44.98,44.98,30.0,0.0,VF CABLEMAX,0.0
9693,KBW,25 - 29,44.98,44.98,30.0,0.0,VF CABLEMAX,0.0
9694,NRW,30 - 34,49.99,49.99,30.0,0.0,RED INTERNET & PHONE CABLE U,1.0
9695,KBW,35 - 39,34.99,34.99,30.0,0.0,RED INTERNET & PHONE CABLE U,0.0
9696,NRW,35 - 39,34.99,34.99,30.0,0.0,RED INTERNET & PHONE CABLE U,0.0
9697,NRW,25 - 29,78.96,44.98,30.0,0.0,VF CABLEMAX,0.0
9698,NRW,35 - 39,39.99,39.99,30.0,0.0,RED INTERNET & PHONE CABLE U,0.0
9699,NRW,40 - 44,37.98,37.98,30.0,0.0,GIGAZUHAUSE KABEL,0.0
9700,KBW,65 - 69,49.97,49.97,30.0,0.0,RED INTERNET & PHONE CABLE U,1.0
9701,NRW,35 - 39,34.99,34.99,30.0,0.0,RED INTERNET & PHONE CABLE U,0.0
9702,NRW,60 - 64,34.99,34.99,30.0,0.0,RED INTERNET & PHONE CABLE U,1.0
9703,KBW,25 - 29,24.99,24.99,30.0,0.0,VF RIP U-TREUE,0.0
9704,NRW,25 - 29,44.98,44.98,30.0,0.0,VF CABLEMAX,1.0
9705,NRW,30 - 34,42.97,42.97,30.0,0.0,RED INTERNET & PHONE CABLE U,1.0
9706,NRW,50 - 54,43.97,43.97,30.0,0.0,VF CABLEMAX,1.0
9707,KBW,25 - 29,49.99,49.99,30.0,0.0,RED INTERNET & PHONE CABLE U,1.0
9708,HSN,50 - 54,39.98,39.98,30.0,0.0,VF RIP U-TREUE,0.0
9709,KBW,40 - 44,44.98,44.98,30.0,0.0,RED INTERNET & PHONE CABLE U,1.0
9710,KBW,30 - 34,49.99,49.99,30.0,0.0,GIGAZUHAUSE KABEL,1.0
9711,NRW,55 - 59,49.97,49.97,30.0,0.0,VF CABLEMAX,0.0
9712,KBW,50 - 54,44.98,44.98,30.0,0.0,RED INTERNET & PHONE CABLE U,0.0
9713,NRW,65 - 69,79.94,44.98,30.0,0.0,VF CABLEMAX,1.0
9714,NRW,55 - 59,39.99,39.99,30.0,0.0,VF RIP U-TREUE,0.0
9715,NRW,60 - 64,29.99,29.99,30.0,0.0,VF RIP U-TREUE,1.0
9716,NRW,55 - 59,29.99,29.99,30.0,0.0,VF RIP U-TREUE,1.0
9717,NRW,65 - 69,39.98,39.98,122.0,2.0,GIGAZUHAUSE KABEL,1.0
9718,HSN,40 - 44,29.99,29.99,30.0,0.0,VF RIP U-TREUE,0.0
9719,NRW,30 - 34,39.99,39.99,30.0,0.0,RED INTERNET & PHONE CABLE U,1.0
9720,KBW,45 - 49,42.97,42.97,30.0,0.0,RED INTERNET & PHONE CABLE U,1.0
9721,NRW,40 - 44,39.98,39.98,30.0,0.0,RED INTERNET & PHONE CABLE U,0.0
9722,HSN,45 - 49,49.65,39.88,30.0,0.0,3PLAY,1.0
9723,KBW,30 - 34,34.99,34.99,30.0,0.0,RED INTERNET & PHONE CABLE U,1.0
9724,NRW,45 - 49,39.99,39.99,30.0,0.0,RED INTERNET & PHONE CABLE U,0.0
9725,NRW,55 - 59,39.99,39.99,30.0,0.0,RED INTERNET & PHONE CABLE U,0.0
9726,NRW,45 - 49,49.97,49.97,30.0,0.0,VF CABLEMAX,0.0
9727,KBW,50 - 54,48.97,48.97,30.0,0.0,RED INTERNET & PHONE CABLE U,1.0
9728,NRW,40 - 44,37.97,37.97,30.0,0.0,2PLAY TREUE,0.0
9729,NRW,50 - 54,29.99,29.99,30.0,0.0,VF RIP U-TREUE,1.0
9730,NRW,25 - 29,39.99,39.99,30.0,0.0,VF RIP U-TREUE,1.0
9731,KBW,35 - 39,36.98,14.99,30.0,1.0,VF RIP U-TREUE,1.0
9732,HSN,30 - 34,54.99,54.99,30.0,0.0,RED INTERNET & PHONE CABLE U,0.0
9733,NRW,40 - 44,39.98,39.98,30.0,0.0,GIGAZUHAUSE KABEL,1.0
9734,KBW,25 - 29,34.99,34.99,30.0,0.0,RED INTERNET & PHONE CABLE U,0.0
9735,NRW,80 and over,54.99,54.99,30.0,0.0,RED INTERNET & PHONE CABLE U,0.0
9736,HSN,35 - 39,47.98,47.98,30.0,0.0,RED INTERNET & PHONE CABLE U,1.0
9737,NRW,30 - 34,34.99,34.99,30.0,0.0,VF RIP U-TREUE,1.0
9738,KBW,45 - 49,49.99,49.99,30.0,0.0,VF RIP U-TREUE,1.0
9739,HSN,65 - 69,49.99,49.99,30.0,0.0,RED INTERNET & PHONE CABLE U,0.0
9740,KBW,55 - 59,32.99,32.99,30.0,0.0,VF RIP U-TREUE,0.0
9741,HSN,25 - 29,39.98,39.98,133.0,0.0,GIGAZUHAUSE KABEL,1.0
9742,HSN,60 - 64,34.99,34.99,30.0,0.0,RED INTERNET & PHONE CABLE U,0.0
9743,NRW,50 - 54,47.98,47.98,30.0,0.0,VF RIP U-TREUE,1.0
9744,NRW,40 - 44,44.98,44.98,30.0,0.0,RED INTERNET & PHONE CABLE U,1.0
9745,KBW,25 - 29,37.99,37.99,30.0,0.0,VF RIP U-TREUE,0.0
9746,NRW,50 - 54,44.98,44.98,30.0,0.0,VF CABLEMAX,0.0
9747,NRW,30 - 34,42.97,42.97,30.0,0.0,RED INTERNET & PHONE CABLE U,0.0
9748,KBW,40 - 44,37.78,37.78,30.0,0.0,RED INTERNET & PHONE CABLE U,0.0
9749,NRW,45 - 49,49.99,49.99,30.0,0.0,RED INTERNET & PHONE CABLE U,1.0
9750,NRW,60 - 64,39.99,39.99,30.0,0.0,RED INTERNET & PHONE CABLE U,0.0
9751,HSN,75 - 79,34.98,34.98,30.0,0.0,RED INTERNET & PHONE CABLE U,1.0
9752,KBW,60 - 64,44.98,44.98,30.0,0.0,VF CABLEMAX,0.0
9753,NRW,25 - 29,39.99,39.99,30.0,0.0,RED INTERNET & PHONE CABLE U,1.0
9754,NRW,50 - 54,49.99,49.99,30.0,0.0,RED INTERNET & PHONE CABLE U,0.0
9755,NRW,18 - 24,34.99,34.99,30.0,0.0,RED INTERNET & PHONE CABLE U,1.0
9756,KBW,35 - 39,42.98,32.99,30.0,0.0,VF RIP U-TREUE,1.0
9757,KBW,35 - 39,75.97,54.98,30.0,0.0,VF RIP U-TREUE,1.0
9758,NRW,45 - 49,29.99,29.99,30.0,0.0,RED INTERNET & PHONE CABLE U,1.0
9759,NRW,50 - 54,39.99,39.99,30.0,0.0,VF RIP U-TREUE,1.0
9760,KBW,35 - 39,54.99,54.99,30.0,0.0,RED INTERNET & PHONE CABLE U,0.0
9761,NRW,55 - 59,29.99,29.99,30.0,0.0,VF RIP U-TREUE,0.0
9762,NRW,45 - 49,54.98,54.98,30.0,0.0,GIGAZUHAUSE KABEL,0.0
9763,KBW,40 - 44,34.99,34.99,30.0,0.0,RED INTERNET & PHONE CABLE U,0.0
9764,NRW,35 - 39,42.98,42.98,30.0,0.0,3PLAY,1.0
9765,NRW,55 - 59,59.97,59.97,30.0,0.0,VF CABLEMAX,0.0
9766,NRW,45 - 49,44.98,44.98,30.0,0.0,VF CABLEMAX,1.0
9767,HSN,45 - 49,39.99,39.99,30.0,0.0,VF RIP U-TREUE,1.0
9768,NRW,35 - 39,44.98,44.98,30.0,0.0,RED INTERNET & PHONE CABLE U,1.0
9769,NRW,65 - 69,27.99,27.99,668.0,0.0,GIGAZUHAUSE TREUE B,1.0
9770,HSN,40 - 44,44.98,44.98,30.0,0.0,RED INTERNET & PHONE CABLE U,1.0
9771,KBW,40 - 44,29.99,29.99,30.0,0.0,VF RIP U-TREUE,0.0
9772,NRW,30 - 34,39.99,39.99,30.0,0.0,RED INTERNET & PHONE CABLE U,0.0
9773,HSN,35 - 39,37.99,37.99,30.0,0.0,VF RIP U-TREUE,0.0
9774,KBW,25 - 29,44.98,44.98,30.0,0.0,VF CABLEMAX,1.0
9775,KBW,70 - 74,44.98,44.98,30.0,0.0,RED INTERNET & PHONE CABLE U,1.0
9776,HSN,40 - 44,34.98,34.98,30.0,0.0,RED INTERNET & PHONE CABLE U,1.0
9777,KBW,65 - 69,18.99,18.99,30.0,0.0,EAZY,1.0
9778,NRW,80 and over,27.8,27.8,30.0,0.0,RED INTERNET & PHONE CABLE U,1.0
9779,NRW,80 and over,37.78,37.78,30.0,0.0,GIGAZUHAUSE KABEL,1.0
9780,KBW,55 - 59,24.99,24.99,30.0,0.0,RED INTERNET & PHONE CABLE U,1.0
9781,NRW,35 - 39,44.98,44.98,30.0,0.0,GIGAZUHAUSE KABEL,1.0
9782,NRW,75 - 79,54.99,54.99,30.0,0.0,RED INTERNET & PHONE CABLE U,1.0
9783,NRW,55 - 59,32.99,32.99,140.0,4.0,GIGAZUHAUSE TREUE B,0.0
9784,KBW,35 - 39,37.98,37.98,30.0,0.0,VF RIP U-TREUE,0.0
9785,KBW,50 - 54,37.99,37.99,30.0,0.0,VF RIP U-TREUE,0.0
9786,KBW,25 - 29,38.98,38.98,30.0,0.0,RED INTERNET & PHONE CABLE U,1.0
9787,NRW,45 - 49,39.99,39.99,30.0,0.0,RED INTERNET & PHONE CABLE U,1.0
9788,NRW,55 - 59,19.99,19.99,30.0,0.0,RED INTERNET & PHONE CABLE U,1.0
9789,KBW,35 - 39,49.97,49.97,30.0,0.0,VF CABLEMAX,0.0
9790,NRW,30 - 34,44.99,44.99,30.0,0.0,RED INTERNET & PHONE CABLE U,1.0
9791,KBW,40 - 44,44.98,44.98,30.0,0.0,RED INTERNET & PHONE CABLE U,0.0
9792,KBW,55 - 59,34.99,34.99,30.0,0.0,VF RIP U-TREUE,1.0
9793,KBW,80 and over,43.87,43.87,30.0,0.0,3PLAY,0.0
9794,NRW,35 - 39,34.99,34.99,30.0,0.0,RED INTERNET & PHONE CABLE U,1.0
9795,NRW,60 - 64,32.99,32.99,30.0,0.0,VF RIP U-TREUE,0.0
9796,NRW,60 - 64,34.99,34.99,30.0,0.0,RED INTERNET & PHONE CABLE U,0.0
9797,NRW,45 - 49,37.99,47.99,30.0,0.0,VF RIP U-TREUE,0.0
9798,KBW,30 - 34,34.99,34.99,30.0,0.0,RED INTERNET & PHONE CABLE U,0.0
9799,KBW,45 - 49,59.97,44.98,30.0,0.0,VF CABLEMAX,0.0
9800,HSN,55 - 59,49.97,29.99,30.0,0.0,GIGAZUHAUSE TREUE C,0.0
9801,NRW,55 - 59,44.98,44.98,30.0,0.0,RED INTERNET & PHONE CABLE U,1.0
9802,NRW,55 - 59,47.98,47.98,591.0,0.0,GIGAZUHAUSE KABEL,0.0
9803,NRW,25 - 29,44.98,44.98,30.0,0.0,VF CABLEMAX,1.0
9804,KBW,30 - 34,39.99,39.99,30.0,0.0,RED INTERNET & PHONE CABLE U,0.0
9805,KBW,65 - 69,39.99,39.99,30.0,0.0,RED INTERNET & PHONE CABLE U,1.0
9806,KBW,45 - 49,44.98,44.98,30.0,0.0,RED INTERNET & PHONE CABLE U,0.0
9807,KBW,65 - 69,42.97,42.97,30.0,0.0,RED INTERNET & PHONE CABLE U,1.0
9808,NRW,70 - 74,39.99,39.99,30.0,0.0,VF RIP U-TREUE,0.0
9809,NRW,25 - 29,34.99,34.99,30.0,0.0,RED INTERNET & PHONE CABLE U,0.0
9810,NRW,30 - 34,39.99,39.99,30.0,0.0,VF RIP U-TREUE,1.0
9811,KBW,60 - 64,34.99,34.99,30.0,0.0,RED INTERNET & PHONE CABLE U,1.0
9812,HSN,55 - 59,74.95,44.98,30.0,0.0,VF CABLEMAX,1.0
9813,NRW,25 - 29,34.99,34.99,30.0,0.0,RED INTERNET & PHONE CABLE U,1.0
9814,NRW,30 - 34,39.99,39.99,699.0,0.0,RED INTERNET & PHONE CABLE U,0.0
9815,KBW,40 - 44,49.99,49.99,30.0,0.0,RED INTERNET & PHONE CABLE U,0.0
9816,HSN,55 - 59,34.99,34.99,30.0,0.0,RED INTERNET & PHONE CABLE U,0.0
9817,KBW,40 - 44,34.99,34.99,30.0,0.0,RED INTERNET & PHONE CABLE U,0.0
9818,HSN,35 - 39,49.99,49.99,30.0,0.0,RED INTERNET & PHONE CABLE U,0.0
9819,NRW,25 - 29,42.97,42.97,30.0,0.0,RED INTERNET & PHONE CABLE U,1.0
9820,KBW,40 - 44,39.99,39.99,30.0,0.0,VF RIP U-TREUE,1.0
9821,NRW,30 - 34,29.99,29.99,30.0,0.0,RED INTERNET & PHONE CABLE U,0.0
9822,NRW,40 - 44,47.99,47.99,30.0,0.0,VF RIP U-TREUE,0.0
9823,NRW,55 - 59,42.97,42.97,30.0,2.0,VF CABLEMAX,1.0
9824,NRW,30 - 34,59.99,59.99,30.0,0.0,RED INTERNET & PHONE CABLE U,1.0
9825,KBW,30 - 34,34.99,34.99,30.0,0.0,RED INTERNET & PHONE CABLE U,1.0
9826,NRW,40 - 44,34.99,34.99,30.0,0.0,RED INTERNET & PHONE CABLE U,1.0
9827,HSN,30 - 34,34.99,34.99,30.0,0.0,VF RIP U-TREUE,0.0
9828,KBW,25 - 29,39.98,39.98,116.0,0.0,GIGAZUHAUSE KABEL,1.0
9829,NRW,30 - 34,39.99,39.99,30.0,0.0,RED INTERNET & PHONE CABLE U,1.0
9830,KBW,45 - 49,72.95,42.98,30.0,0.0,VF RIP U-TREUE,1.0
9831,NRW,25 - 29,48.97,48.97,30.0,0.0,VF CABLEMAX,1.0
9832,KBW,30 - 34,54.99,54.99,30.0,0.0,RED INTERNET & PHONE CABLE U,0.0
9833,KBW,18 - 24,39.98,39.98,30.0,0.0,VF RIP U-TREUE,1.0
9834,NRW,55 - 59,39.99,39.99,30.0,0.0,RED INTERNET & PHONE CABLE U,0.0
9835,NRW,45 - 49,27.99,27.99,30.0,0.0,VF RIP U-TREUE,1.0
9836,KBW,65 - 69,79.97,54.99,30.0,0.0,RED INTERNET & PHONE CABLE U,1.0
9837,NRW,65 - 69,46.42,46.42,30.0,0.0,3PLAY COMFORT,0.0
9838,NRW,65 - 69,49.97,49.97,30.0,0.0,VF CABLEMAX,0.0
9839,KBW,65 - 69,49.99,49.99,30.0,0.0,RED INTERNET & PHONE CABLE U,0.0
9840,KBW,60 - 64,54.98,54.98,30.0,0.0,VF RIP U-TREUE,0.0
9841,NRW,55 - 59,37.99,37.99,30.0,0.0,VF RIP U-TREUE,1.0
9842,KBW,40 - 44,44.98,44.98,30.0,0.0,VF CABLEMAX,1.0
9843,KBW,70 - 74,47.97,47.97,30.0,0.0,VF RIP U-TREUE,1.0
9844,NRW,30 - 34,39.98,39.98,171.0,0.0,GIGAZUHAUSE KABEL,1.0
9845,NRW,50 - 54,54.98,54.98,30.0,0.0,VF RIP U-TREUE,0.0
9846,NRW,35 - 39,32.95,32.95,30.0,0.0,2PLAY TREUE,0.0
9847,NRW,55 - 59,30.95,9.98,30.0,0.0,HSI HZ BOX ONLY,1.0
9848,KBW,55 - 59,44.98,44.98,30.0,0.0,RED INTERNET & PHONE CABLE U,0.0
9849,NRW,70 - 74,39.98,39.98,277.0,0.0,GIGAZUHAUSE TREUE B,0.0
9850,NRW,30 - 34,34.99,34.99,30.0,0.0,RED INTERNET & PHONE CABLE U,0.0
9851,NRW,45 - 49,47.99,47.99,30.0,0.0,VF RIP U-TREUE,1.0
9852,NRW,65 - 69,44.98,44.98,30.0,0.0,RED INTERNET & PHONE CABLE U,1.0
9853,NRW,35 - 39,37.99,37.99,30.0,0.0,VF RIP U-TREUE,0.0
9854,NRW,65 - 69,49.98,34.99,30.0,0.0,RED INTERNET & PHONE CABLE U,0.0
9855,NRW,60 - 64,37.99,37.99,30.0,0.0,VF RIP U-TREUE,0.0
9856,NRW,30 - 34,49.97,49.97,30.0,0.0,VF CABLEMAX,0.0
9857,KBW,45 - 49,54.97,44.98,30.0,0.0,VF CABLEMAX,0.0
9858,KBW,70 - 74,27.97,27.97,30.0,0.0,RED INTERNET & PHONE CABLE U,1.0
9859,NRW,65 - 69,44.98,44.98,30.0,0.0,RED INTERNET & PHONE CABLE U,0.0
9860,NRW,45 - 49,39.99,39.99,30.0,0.0,RED INTERNET & PHONE CABLE U,0.0
9861,KBW,35 - 39,44.98,44.98,30.0,0.0,VF CABLEMAX,1.0
9862,NRW,30 - 34,39.99,39.99,30.0,0.0,RED INTERNET & PHONE CABLE U,0.0
9863,NRW,60 - 64,39.99,39.99,30.0,0.0,RED INTERNET & PHONE CABLE U,0.0
9864,NRW,75 - 79,29.99,29.99,30.0,0.0,VF RIP U-TREUE,0.0
9865,NRW,18 - 24,44.98,44.98,30.0,0.0,RED INTERNET & PHONE CABLE U,0.0
9866,NRW,45 - 49,39.99,39.99,30.0,0.0,RED INTERNET & PHONE CABLE U,0.0
9867,NRW,55 - 59,44.98,44.98,30.0,0.0,VF CABLEMAX,0.0
9868,NRW,80 and over,34.99,34.99,30.0,0.0,RED INTERNET & PHONE CABLE U,1.0
9869,KBW,45 - 49,44.98,44.98,30.0,0.0,RED INTERNET & PHONE CABLE U,0.0
9870,KBW,60 - 64,30.88,30.88,30.0,0.0,RED INTERNET & PHONE CABLE U,0.0
9871,KBW,30 - 34,32.99,32.99,30.0,0.0,VF RIP U-TREUE,0.0
9872,KBW,30 - 34,39.98,39.98,30.0,0.0,VF CABLEMAX,1.0
9873,KBW,30 - 34,44.98,44.98,30.0,0.0,VF CABLEMAX,1.0
9874,NRW,35 - 39,24.99,24.99,30.0,0.0,INTERNET COMFORT,1.0
9875,NRW,80 and over,34.99,34.99,30.0,0.0,RED INTERNET & PHONE CABLE U,1.0
9876,HSN,70 - 74,48.42,48.42,30.0,0.0,3PLAY COMFORT,1.0
9877,NRW,25 - 29,34.99,34.99,30.0,0.0,RED INTERNET & PHONE CABLE U,1.0
9878,HSN,75 - 79,43.98,43.98,30.0,0.0,RED INTERNET & PHONE CABLE U,0.0
9879,HSN,25 - 29,43.98,43.98,30.0,0.0,GIGAZUHAUSE KABEL,1.0
9880,KBW,25 - 29,34.99,34.99,30.0,0.0,RED INTERNET & PHONE CABLE U,1.0
9881,NRW,45 - 49,39.99,39.99,30.0,0.0,RED INTERNET & PHONE CABLE U,0.0
9882,KBW,30 - 34,34.99,34.99,30.0,0.0,RED INTERNET & PHONE CABLE U,1.0
9883,NRW,18 - 24,44.98,44.98,30.0,0.0,VF CABLEMAX,0.0
9884,NRW,60 - 64,49.97,49.97,30.0,0.0,VF CABLEMAX,1.0
9885,NRW,30 - 34,29.99,29.99,30.0,0.0,RED INTERNET & PHONE CABLE U,1.0
9886,KBW,80 and over,0.0,0.0,30.0,0.0,MMA,1.0
9887,NRW,25 - 29,42.97,42.97,30.0,0.0,RED INTERNET & PHONE CABLE U,0.0
9888,KBW,25 - 29,39.99,39.99,30.0,0.0,RED INTERNET & PHONE CABLE U,1.0
9889,NRW,75 - 79,61.96,40.97,30.0,0.0,2PLAY PLUS,0.0
9890,KBW,55 - 59,49.99,49.99,30.0,0.0,GIGAZUHAUSE KABEL,1.0
9891,NRW,50 - 54,34.99,34.99,30.0,0.0,RED INTERNET & PHONE CABLE U,1.0
9892,KBW,40 - 44,24.99,24.99,30.0,0.0,INTERNET COMFORT,0.0
9893,NRW,70 - 74,29.98,29.98,364.0,0.0,GIGAZUHAUSE TREUE C,1.0
9894,NRW,40 - 44,37.99,37.99,30.0,0.0,VF RIP U-TREUE,0.0
9895,KBW,45 - 49,32.99,32.99,30.0,0.0,VF RIP U-TREUE,0.0
9896,KBW,35 - 39,32.99,32.99,30.0,0.0,VF RIP U-TREUE,1.0
9897,NRW,45 - 49,47.98,37.99,30.0,0.0,VF RIP U-TREUE,1.0
9898,HSN,80 and over,34.99,34.99,30.0,0.0,RED INTERNET & PHONE CABLE U,1.0
9899,HSN,70 - 74,49.99,49.99,30.0,0.0,GIGAZUHAUSE KABEL,0.0
9900,NRW,60 - 64,48.97,48.97,30.0,0.0,VF CABLEMAX,1.0
9901,KBW,35 - 39,34.99,34.99,165.0,0.0,GIGAZUHAUSE KABEL,1.0
9902,KBW,25 - 29,64.98,44.99,291.0,0.0,GIGAZUHAUSE KABEL,0.0
9903,NRW,50 - 54,39.99,39.99,30.0,0.0,VF RIP U-TREUE,1.0
9904,HSN,35 - 39,44.98,44.98,30.0,0.0,VF CABLEMAX,1.0
9905,NRW,35 - 39,49.99,49.99,30.0,0.0,GIGAZUHAUSE KABEL,1.0
9906,KBW,80 and over,33.74,33.74,30.0,0.0,GIGAZUHAUSE KABEL,0.0
9907,NRW,35 - 39,34.99,34.99,30.0,0.0,RED INTERNET & PHONE CABLE U,0.0
9908,KBW,30 - 34,44.98,44.98,30.0,0.0,RED INTERNET & PHONE CABLE U,0.0
9909,NRW,50 - 54,39.99,39.99,30.0,0.0,VF RIP U-TREUE,0.0
9910,NRW,80 and over,60.97,39.99,30.0,0.0,VF RIP U-TREUE,0.0
9911,NRW,60 - 64,55.97,29.99,30.0,0.0,VF RIP U-TREUE,0.0
9912,HSN,45 - 49,58.98,58.98,30.0,0.0,RED INTERNET & PHONE CABLE U,0.0
9913,NRW,50 - 54,65.97,44.98,30.0,0.0,VF CABLEMAX,1.0
9914,NRW,25 - 29,44.97,44.97,30.0,0.0,GIGAZUHAUSE KABEL,1.0
9915,NRW,45 - 49,44.98,44.98,30.0,0.0,VF CABLEMAX,1.0
9916,NRW,55 - 59,49.99,49.99,30.0,0.0,RED INTERNET & PHONE CABLE U,0.0
9917,KBW,35 - 39,44.98,44.98,30.0,0.0,VF CABLEMAX,0.0
9918,KBW,25 - 29,149.96,149.96,30.0,0.0,RED INTERNET & PHONE CABLE U,0.0
9919,NRW,35 - 39,44.98,44.98,30.0,0.0,RED INTERNET & PHONE CABLE U,0.0
9920,NRW,30 - 34,39.99,39.99,30.0,0.0,RED INTERNET & PHONE CABLE U,0.0
9921,NRW,45 - 49,39.99,39.99,30.0,0.0,RED INTERNET & PHONE CABLE U,0.0
9922,NRW,45 - 49,37.99,37.99,30.0,0.0,VF RIP U-TREUE,0.0
9923,NRW,35 - 39,44.98,44.98,30.0,0.0,VF CABLEMAX,1.0
9924,NRW,60 - 64,32.99,32.99,30.0,0.0,VF RIP U-TREUE,1.0
9925,NRW,60 - 64,44.98,44.98,30.0,0.0,VF CABLEMAX,1.0
9926,KBW,30 - 34,44.98,44.98,30.0,0.0,VF CABLEMAX,0.0
9927,KBW,55 - 59,29.99,29.99,30.0,0.0,VF RIP U-TREUE,0.0
9928,NRW,60 - 64,34.99,34.99,30.0,0.0,VF RIP U-TREUE,1.0
9929,KBW,50 - 54,34.99,34.99,30.0,0.0,RED INTERNET & PHONE CABLE U,1.0
9930,NRW,55 - 59,34.99,34.99,30.0,0.0,RED INTERNET & PHONE CABLE U,0.0
9931,NRW,60 - 64,49.97,49.97,30.0,0.0,VF CABLEMAX,0.0
9932,HSN,70 - 74,54.98,54.99,30.0,0.0,RED INTERNET & PHONE CABLE U,0.0
9933,NRW,60 - 64,58.97,44.98,30.0,0.0,VF RIP U-TREUE,0.0
9934,NRW,30 - 34,34.99,34.99,30.0,0.0,RED INTERNET & PHONE CABLE U,1.0
9935,NRW,40 - 44,27.99,27.99,30.0,0.0,RED INTERNET & PHONE CABLE U,0.0
9936,HSN,25 - 29,44.99,44.99,368.0,0.0,GIGAZUHAUSE KABEL,1.0
9937,KBW,30 - 34,42.97,42.97,30.0,0.0,RED INTERNET & PHONE CABLE U,0.0
9938,KBW,55 - 59,49.99,49.99,30.0,0.0,GIGAZUHAUSE KABEL,1.0
9939,NRW,45 - 49,29.99,19.99,30.0,0.0,RED INTERNET & PHONE CABLE U,0.0
9940,NRW,60 - 64,44.98,44.98,30.0,0.0,RED INTERNET & PHONE CABLE U,1.0
9941,NRW,50 - 54,49.99,49.99,30.0,0.0,RED INTERNET & PHONE CABLE U,1.0
9942,KBW,30 - 34,39.99,39.99,30.0,0.0,RED INTERNET & PHONE CABLE U,1.0
9943,NRW,40 - 44,54.98,54.98,219.0,0.0,GIGAZUHAUSE KABEL,0.0
9944,NRW,18 - 24,34.99,34.99,30.0,0.0,RED INTERNET & PHONE CABLE U,1.0
9945,KBW,55 - 59,49.99,49.99,30.0,0.0,RED INTERNET & PHONE CABLE U,1.0
9946,HSN,45 - 49,49.97,49.97,30.0,0.0,VF CABLEMAX,0.0
9947,NRW,25 - 29,34.99,34.99,30.0,0.0,RED INTERNET & PHONE CABLE U,1.0
9948,NRW,60 - 64,44.98,44.98,30.0,0.0,RED INTERNET & PHONE CABLE U,1.0
9949,HSN,30 - 34,44.98,44.98,30.0,0.0,VF CABLEMAX,0.0
9950,KBW,35 - 39,44.98,44.98,30.0,0.0,RED INTERNET & PHONE CABLE U,1.0
9951,KBW,30 - 34,34.99,34.99,30.0,0.0,RED INTERNET & PHONE CABLE U,0.0
9952,KBW,35 - 39,39.99,39.99,30.0,0.0,VF RIP U-TREUE,0.0
9953,NRW,55 - 59,47.99,47.99,30.0,0.0,VF RIP U-TREUE,1.0
9954,NRW,35 - 39,32.99,32.99,30.0,0.0,VF RIP U-TREUE,1.0
9955,NRW,35 - 39,42.98,42.98,30.0,0.0,VF RIP U-TREUE,0.0
9956,HSN,40 - 44,52.96,52.96,30.0,0.0,VF CABLEMAX,0.0
9957,KBW,25 - 29,44.98,44.98,30.0,0.0,VF CABLEMAX,1.0
9958,KBW,35 - 39,39.99,39.99,30.0,1.0,RED INTERNET & PHONE CABLE U,1.0
9959,HSN,60 - 64,34.99,34.99,30.0,0.0,RED INTERNET & PHONE CABLE U,1.0
9960,HSN,50 - 54,52.98,52.98,30.0,0.0,VF RIP U-TREUE,0.0
9961,NRW,35 - 39,39.99,39.99,30.0,0.0,RED INTERNET & PHONE CABLE U,0.0
9962,NRW,30 - 34,39.99,39.99,30.0,0.0,RED INTERNET & PHONE CABLE U,1.0
9963,NRW,40 - 44,39.99,39.99,30.0,0.0,RED INTERNET & PHONE CABLE U,1.0
9964,NRW,30 - 34,69.96,44.98,30.0,0.0,VF CABLEMAX,1.0
9965,NRW,30 - 34,44.98,44.98,30.0,0.0,VF CABLEMAX,1.0
9966,KBW,80 and over,54.94,49.97,30.0,0.0,VF CABLEMAX,1.0
9967,NRW,50 - 54,37.99,37.99,30.0,0.0,VF RIP U-TREUE,0.0
9968,NRW,40 - 44,43.97,43.97,30.0,0.0,GIGAZUHAUSE KABEL,0.0
9969,KBW,80 and over,58.98,58.98,30.0,0.0,RED INTERNET & PHONE CABLE U,1.0
9970,KBW,35 - 39,44.98,44.98,30.0,0.0,VF CABLEMAX,1.0
9971,KBW,50 - 54,44.98,44.98,30.0,0.0,RED INTERNET & PHONE CABLE U,1.0
9972,NRW,50 - 54,49.97,49.97,697.0,0.0,VF CABLEMAX,1.0
9973,HSN,80 and over,11.85,11.87,30.0,0.0,EAZY,0.0
9974,HSN,40 - 44,44.98,44.98,678.0,0.0,VF CABLEMAX,0.0
9975,KBW,60 - 64,49.98,49.98,30.0,0.0,GIGAZUHAUSE KABEL,0.0
9976,KBW,35 - 39,39.98,39.98,30.0,0.0,GIGAZUHAUSE KABEL,0.0
9977,KBW,60 - 64,39.99,39.99,30.0,0.0,RED INTERNET & PHONE CABLE U,0.0
9978,NRW,30 - 34,47.97,47.97,30.0,0.0,RED INTERNET & PHONE CABLE U,1.0
9979,NRW,35 - 39,24.99,24.99,30.0,0.0,VF RIP U-TREUE,0.0
9980,NRW,30 - 34,39.99,39.99,30.0,0.0,RED INTERNET & PHONE CABLE U,1.0
9981,KBW,50 - 54,44.98,44.98,30.0,0.0,VF CABLEMAX,1.0
9982,NRW,55 - 59,34.99,34.99,30.0,0.0,RED INTERNET & PHONE CABLE U,0.0
9983,KBW,40 - 44,39.99,39.99,30.0,0.0,VF RIP U-TREUE,1.0
9984,NRW,40 - 44,44.98,44.98,30.0,0.0,RED INTERNET & PHONE CABLE U,1.0
9985,NRW,30 - 34,54.99,54.99,30.0,0.0,RED INTERNET & PHONE CABLE U,1.0
9986,KBW,55 - 59,44.98,44.98,30.0,0.0,VF CABLEMAX,1.0
9987,KBW,40 - 44,49.99,49.99,30.0,0.0,RED INTERNET & PHONE CABLE U,0.0
9988,HSN,30 - 34,34.99,34.99,30.0,0.0,RED INTERNET & PHONE CABLE U,1.0
9989,KBW,50 - 54,34.99,34.99,30.0,0.0,VF RIP U-TREUE,1.0
9990,HSN,60 - 64,39.99,39.99,30.0,0.0,VF RIP U-TREUE,1.0
9991,KBW,80 and over,60.98,39.99,30.0,0.0,VF RIP U-TREUE,0.0
9992,NRW,60 - 64,39.99,39.99,30.0,0.0,VF RIP U-TREUE,0.0
9993,KBW,25 - 29,54.99,54.99,30.0,0.0,RED INTERNET & PHONE CABLE U,1.0
9994,KBW,45 - 49,52.98,52.98,30.0,0.0,3PLAY TREUE GENRE,1.0
9995,NRW,65 - 69,39.98,39.98,30.0,0.0,VF CABLEMAX,1.0
9996,HSN,30 - 34,29.99,29.99,30.0,0.0,RED INTERNET & PHONE CABLE U,0.0
9997,NRW,30 - 34,39.99,39.99,30.0,0.0,RED INTERNET & PHONE CABLE U,1.0
9998,NRW,35 - 39,44.98,44.98,30.0,0.0,RED INTERNET & PHONE CABLE U,0.0
9999,KBW,35 - 39,39.99,39.99,30.0,0.0,RED INTERNET & PHONE CABLE U,0.0
