,customer_age_class,region,basket_package_price_disc,internet_package_price_disc,basket_days_until_contract_end,count_previous_cancellations_0_18,internet_product_name,flag_churn
0,40 - 44,NRW,37.99,34.99,30.0,0.0,VF CABLEMAX,0.0
1,25 - 29,NRW,39.99,44.98,30.0,0.0,RED INTERNET & PHONE CABLE U,1.0
2,70 - 74,NRW,39.98,39.97,30.0,0.0,RED INTERNET & PHONE CABLE U,0.0
3,50 - 54,NRW,44.99,44.98,30.0,0.0,GIGAZUHAUSE KABEL,1.0
4,35 - 39,NRW,44.98,44.99,30.0,0.0,VF RIP U-TREUE,0.0
5,25 - 29,NRW,39.97,44.99,30.0,0.0,VF CABLEMAX,0.0
6,35 - 39,KBW,39.99,44.98,30.0,0.0,RED INTERNET & PHONE CABLE U,0.0
7,70 - 74,NRW,49.98,34.98,30.0,0.0,VF CABLEMAX,1.0
8,35 - 39,NRW,39.98,32.98,30.0,0.0,VF RIP U-TREUE,1.0
9,35 - 39,NRW,42.98,44.99,30.0,0.0,VF RIP U-TREUE,0.0
10,25 - 29,KBW,44.98,44.98,30.0,0.0,VF CABLEMAX,0.0
11,30 - 34,NRW,49.99,39.98,30.0,0.0,RED INTERNET & PHONE CABLE U,0.0
12,65 - 69,NRW,34.99,49.99,30.0,0.0,RED INTERNET & PHONE CABLE U,0.0
13,30 - 34,NRW,49.99,44.99,30.0,0.0,VF RIP U-TREUE,0.0
14,30 - 34,NRW,44.98,44.99,30.0,0.0,VF CABLEMAX,1.0
15,30 - 34,NRW,39.98,44.98,30.0,0.0,VF RIP U-TREUE,1.0
16,55 - 59,NRW,44.98,49.99,30.0,0.0,GIGAZUHAUSE KABEL,1.0
17,30 - 34,HSN,34.98,37.99,30.0,0.0,VF CABLEMAX,1.0
18,40 - 44,NRW,44.98,39.99,30.0,0.0,RED INTERNET & PHONE CABLE U,1.0
19,50 - 54,KBW,49.98,48.99,30.0,0.0,GIGAZUHAUSE KABEL,0.0
20,35 - 39,KBW,34.99,34.99,30.0,0.0,VF RIP U-TREUE,1.0
21,40 - 44,NRW,39.99,44.97,30.0,0.0,VF RIP U-TREUE,1.0
22,30 - 34,KBW,49.98,39.98,30.0,0.0,RED INTERNET & PHONE CABLE U,1.0
23,40 - 44,NRW,47.99,34.99,30.0,0.0,RED INTERNET & PHONE CABLE U,0.0
24,65 - 69,NRW,49.98,44.99,30.0,0.0,VF CABLEMAX,1.0
25,70 - 74,NRW,39.99,39.98,30.0,0.0,VF RIP U-TREUE,1.0
26,45 - 49,KBW,32.99,49.99,30.0,0.0,VF CABLEMAX,0.0
27,35 - 39,NRW,34.99,34.98,30.0,0.0,RED INTERNET & PHONE CABLE U,0.0
28,35 - 39,HSN,39.99,44.98,30.0,0.0,GIGAZUHAUSE TREUE C,0.0
29,50 - 54,NRW,44.99,34.97,30.0,0.0,RED INTERNET & PHONE CABLE U,0.0
30,50 - 54,KBW,39.99,49.99,30.0,0.0,GIGAZUHAUSE KABEL,0.0
31,65 - 69,KBW,44.97,39.99,30.0,0.0,RED INTERNET & PHONE CABLE U,0.0
32,35 - 39,NRW,34.98,34.99,30.0,0.0,VF CABLEMAX,1.0
33,40 - 44,KBW,34.99,39.99,30.0,0.0,VF RIP U-TREUE,1.0
34,25 - 29,NRW,39.99,44.99,30.0,0.0,VF RIP U-TREUE,0.0
35,25 - 29,NRW,43.98,44.99,30.0,0.0,RED INTERNET & PHONE CABLE U,0.0
36,50 - 54,HSN,44.98,44.98,30.0,0.0,RED INTERNET & PHONE CABLE U,1.0
37,25 - 29,NRW,49.98,39.99,30.0,0.0,VF CABLEMAX,0.0
38,35 - 39,NRW,44.97,39.97,30.0,0.0,RED INTERNET & PHONE CABLE U,0.0
39,30 - 34,KBW,29.99,39.97,30.0,0.0,RED INTERNET & PHONE CABLE U,0.0
40,55 - 59,NRW,54.98,39.99,30.0,0.0,RED INTERNET & PHONE CABLE U,0.0
41,35 - 39,NRW,44.99,44.99,30.0,0.0,GIGAZUHAUSE KABEL,1.0
42,40 - 44,NRW,39.98,29.98,30.0,0.0,VF RIP U-TREUE,1.0
43,35 - 39,NRW,39.98,39.99,30.0,0.0,VF RIP U-TREUE,0.0
44,60 - 64,NRW,39.99,34.99,30.0,0.0,RED INTERNET & PHONE CABLE U,0.0
45,25 - 29,HSN,39.97,39.99,30.0,0.0,RED INTERNET & PHONE CABLE U,1.0
46,35 - 39,NRW,44.99,42.98,30.0,0.0,RED INTERNET & PHONE CABLE U,0.0
47,30 - 34,HSN,39.99,39.98,30.0,0.0,VF RIP U-TREUE,1.0
48,65 - 69,NRW,34.98,39.99,30.0,0.0,RED INTERNET & PHONE CABLE U,1.0
49,25 - 29,NRW,39.99,44.98,30.0,0.0,VF CABLEMAX,0.0
50,40 - 44,KBW,34.99,32.98,30.0,0.0,VF RIP U-TREUE,1.0
51,55 - 59,KBW,39.99,44.98,30.0,0.0,RED INTERNET & PHONE CABLE U,0.0
52,40 - 44,HSN,49.99,44.99,30.0,0.0,RED INTERNET & PHONE CABLE U,1.0
53,35 - 39,NRW,34.98,34.99,30.0,0.0,RED INTERNET & PHONE CABLE U,0.0
54,35 - 39,NRW,44.99,39.96,30.0,0.0,RED INTERNET & PHONE CABLE U,1.0
55,60 - 64,NRW,39.99,44.98,30.0,0.0,VF CABLEMAX,1.0
56,30 - 34,HSN,44.97,54.98,30.0,0.0,VF RIP U-TREUE,0.0
57,60 - 64,KBW,24.99,34.99,30.0,0.0,VF CABLEMAX,1.0
58,30 - 34,NRW,24.98,39.99,30.0,0.0,RED INTERNET & PHONE CABLE U,1.0
59,35 - 39,NRW,34.98,39.98,30.0,0.0,GIGAZUHAUSE KABEL,1.0
60,25 - 29,KBW,39.99,44.98,30.0,0.0,RED INTERNET & PHONE CABLE U,1.0
61,40 - 44,KBW,44.99,34.99,30.0,0.0,VF RIP U-TREUE,1.0
62,35 - 39,KBW,39.99,44.98,30.0,0.0,RED INTERNET & PHONE CABLE U,1.0
63,30 - 34,NRW,39.99,44.99,30.0,0.0,RED INTERNET & PHONE CABLE U,0.0
64,35 - 39,KBW,49.99,34.99,30.0,0.0,RED INTERNET & PHONE CABLE U,1.0
65,35 - 39,NRW,44.99,44.98,30.0,0.0,VF CABLEMAX,0.0
66,75 - 79,KBW,34.99,47.99,30.0,0.0,RED INTERNET & PHONE CABLE U,0.0
67,30 - 34,KBW,39.99,44.98,30.0,0.0,VF CABLEMAX,1.0
68,35 - 39,NRW,39.99,44.98,30.0,0.0,RED INTERNET & PHONE CABLE U,0.0
69,40 - 44,KBW,44.98,44.98,30.0,0.0,RED INTERNET & PHONE CABLE U,1.0
70,25 - 29,NRW,34.99,44.98,30.0,0.0,GIGAZUHAUSE KABEL,1.0
71,60 - 64,NRW,44.99,54.98,30.0,0.0,RED INTERNET & PHONE CABLE U,0.0
72,30 - 34,KBW,39.98,42.99,30.0,0.0,VF RIP U-TREUE,0.0
73,40 - 44,KBW,34.99,44.98,30.0,0.0,RED INTERNET & PHONE CABLE U,1.0
74,35 - 39,NRW,34.96,39.99,30.0,0.0,RED INTERNET & PHONE CABLE U,0.0
75,60 - 64,NRW,39.98,39.99,30.0,0.0,VF RIP U-TREUE,0.0
76,30 - 34,HSN,54.99,39.99,30.0,0.0,RED INTERNET & PHONE CABLE U,0.0
77,35 - 39,KBW,39.98,44.99,30.0,0.0,RED INTERNET & PHONE CABLE U,1.0
78,25 - 29,NRW,39.99,54.97,30.0,0.0,VF CABLEMAX,1.0
79,50 - 54,HSN,44.98,34.97,30.0,0.0,VF CABLEMAX,0.0
80,55 - 59,NRW,39.99,29.98,30.0,0.0,RED INTERNET & PHONE CABLE U,1.0
81,35 - 39,KBW,34.99,44.98,30.0,0.0,RED INTERNET & PHONE CABLE U,0.0
82,35 - 39,NRW,49.98,39.97,30.0,0.0,RED INTERNET & PHONE CABLE U,1.0
83,35 - 39,NRW,37.99,39.98,30.0,0.0,GIGAZUHAUSE KABEL,0.0
84,35 - 39,NRW,44.98,39.99,30.0,0.0,VF CABLEMAX,1.0
85,25 - 29,NRW,49.98,37.99,30.0,0.0,VF RIP U-TREUE,1.0
86,35 - 39,KBW,44.99,44.98,30.0,0.0,RED INTERNET & PHONE CABLE U,0.0
87,50 - 54,NRW,39.98,42.98,30.0,0.0,VF RIP U-TREUE,0.0
88,35 - 39,NRW,49.97,39.99,30.0,0.0,VF CABLEMAX,1.0
89,25 - 29,NRW,39.98,39.99,30.0,0.0,RED INTERNET & PHONE CABLE U,1.0
90,35 - 39,KBW,39.98,29.98,30.0,0.0,RED INTERNET & PHONE CABLE U,1.0
91,65 - 69,NRW,34.98,44.98,30.0,0.0,RED INTERNET & PHONE CABLE U,1.0
92,60 - 64,HSN,49.98,39.98,30.0,0.0,RED INTERNET & PHONE CABLE U,0.0
93,50 - 54,KBW,34.99,49.99,30.0,0.0,GIGAZUHAUSE KABEL,0.0
94,30 - 34,KBW,39.99,34.99,30.0,0.0,RED INTERNET & PHONE CABLE U,1.0
95,30 - 34,KBW,34.99,34.99,30.0,0.0,VF RIP U-TREUE,0.0
96,40 - 44,KBW,34.99,44.98,30.0,0.0,VF CABLEMAX,1.0
97,50 - 54,NRW,24.98,34.99,30.0,0.0,RED INTERNET & PHONE CABLE U,1.0
98,30 - 34,NRW,44.99,39.99,30.0,0.0,VF CABLEMAX,1.0
99,40 - 44,NRW,44.97,34.98,30.0,0.0,VF CABLEMAX,1.0
100,75 - 79,NRW,39.99,32.99,30.0,0.0,VF RIP U-TREUE,0.0
101,30 - 34,KBW,39.98,24.98,30.0,0.0,GIGAZUHAUSE KABEL,1.0
102,40 - 44,NRW,39.98,44.99,30.0,0.0,VF RIP U-TREUE,0.0
103,40 - 44,KBW,39.99,29.99,30.0,0.0,RED INTERNET & PHONE CABLE U,1.0
104,60 - 64,NRW,49.99,29.98,30.0,0.0,RED INTERNET & PHONE CABLE U,0.0
105,55 - 59,KBW,49.98,49.98,30.0,0.0,RED INTERNET & PHONE CABLE U,0.0
106,25 - 29,NRW,44.98,39.98,30.0,0.0,VF CABLEMAX,1.0
107,40 - 44,KBW,39.99,44.98,30.0,0.0,RED INTERNET & PHONE CABLE U,1.0
108,40 - 44,NRW,44.97,44.99,30.0,0.0,RED INTERNET & PHONE CABLE U,0.0
109,70 - 74,NRW,42.98,44.99,30.0,0.0,GIGAZUHAUSE KABEL,1.0
110,40 - 44,NRW,49.98,44.98,30.0,0.0,VF RIP U-TREUE,1.0
111,35 - 39,NRW,44.99,34.99,30.0,0.0,RED INTERNET & PHONE CABLE U,0.0
112,35 - 39,KBW,39.99,47.97,30.0,0.0,GIGAZUHAUSE KABEL,0.0
113,35 - 39,NRW,34.99,39.99,30.0,0.0,RED INTERNET & PHONE CABLE U,1.0
114,75 - 79,NRW,39.98,39.97,30.0,0.0,VF CABLEMAX,0.0
115,35 - 39,KBW,29.98,29.99,30.0,0.0,RED INTERNET & PHONE CABLE U,1.0
116,35 - 39,KBW,29.99,39.98,30.0,0.0,RED INTERNET & PHONE CABLE U,0.0
117,35 - 39,NRW,44.97,44.99,30.0,0.0,RED INTERNET & PHONE CABLE U,0.0
118,35 - 39,NRW,37.97,39.99,30.0,0.0,RED INTERNET & PHONE CABLE U,0.0
119,60 - 64,NRW,47.98,34.99,30.0,0.0,VF RIP U-TREUE,1.0
120,55 - 59,NRW,39.99,44.99,30.0,0.0,VF CABLEMAX,0.0
121,55 - 59,HSN,44.99,44.99,30.0,0.0,VF CABLEMAX,0.0
122,40 - 44,NRW,39.99,34.99,30.0,0.0,RED INTERNET & PHONE CABLE U,1.0
123,70 - 74,NRW,44.99,39.98,30.0,0.0,RED INTERNET & PHONE CABLE U,0.0
124,60 - 64,NRW,39.99,43.98,30.0,0.0,RED INTERNET & PHONE CABLE U,1.0
125,35 - 39,KBW,44.99,49.99,30.0,0.0,VF CABLEMAX,1.0
126,40 - 44,NRW,29.99,39.98,30.0,0.0,VF CABLEMAX,0.0
127,55 - 59,NRW,49.99,34.98,30.0,0.0,VF RIP U-TREUE,1.0
128,25 - 29,NRW,49.98,54.98,30.0,0.0,GIGAZUHAUSE TREUE B,0.0
129,40 - 44,KBW,34.99,44.98,30.0,0.0,VF RIP U-TREUE,1.0
130,35 - 39,KBW,34.98,34.99,30.0,0.0,VF RIP U-TREUE,0.0
131,45 - 49,HSN,44.98,44.98,30.0,0.0,RED INTERNET & PHONE CABLE U,1.0
132,35 - 39,NRW,44.99,39.97,30.0,0.0,RED INTERNET & PHONE CABLE U,0.0
133,55 - 59,NRW,44.99,44.98,30.0,0.0,VF RIP U-TREUE,1.0
134,50 - 54,NRW,44.99,39.99,30.0,0.0,RED INTERNET & PHONE CABLE U,1.0
135,65 - 69,HSN,27.99,34.98,30.0,0.0,RED INTERNET & PHONE CABLE U,0.0
136,65 - 69,KBW,44.98,34.99,30.0,0.0,VF RIP U-TREUE,0.0
137,35 - 39,KBW,34.98,44.98,30.0,0.0,VF CABLEMAX,0.0
138,40 - 44,KBW,39.99,49.98,30.0,0.0,VF RIP U-TREUE,0.0
139,60 - 64,NRW,34.99,34.99,30.0,0.0,RED INTERNET & PHONE CABLE U,1.0
140,60 - 64,KBW,39.98,39.98,30.0,0.0,RED INTERNET & PHONE CABLE U,0.0
141,25 - 29,NRW,39.98,34.98,30.0,0.0,VF CABLEMAX,0.0
142,35 - 39,NRW,39.97,34.99,30.0,0.0,GIGAZUHAUSE KABEL,1.0
143,35 - 39,HSN,39.99,37.97,30.0,0.0,VF RIP U-TREUE,0.0
144,35 - 39,KBW,39.99,39.99,30.0,0.0,VF CABLEMAX,1.0
145,30 - 34,KBW,49.98,39.98,2.0,0.0,VF CABLEMAX,1.0
146,25 - 29,KBW,29.99,39.98,30.0,0.0,VF RIP U-TREUE,1.0
147,55 - 59,KBW,34.99,34.98,30.0,0.0,GIGAZUHAUSE KABEL,0.0
148,70 - 74,HSN,39.97,39.99,30.0,0.0,RED INTERNET & PHONE CABLE U,1.0
149,45 - 49,KBW,34.98,34.98,30.0,0.0,VF CABLEMAX,0.0
150,40 - 44,KBW,44.97,44.99,30.0,0.0,RED INTERNET & PHONE CABLE U,0.0
151,55 - 59,NRW,44.99,39.98,30.0,0.0,VF RIP U-TREUE,1.0
152,40 - 44,KBW,49.98,34.99,30.0,0.0,GIGAZUHAUSE KABEL,0.0
153,25 - 29,KBW,34.98,44.99,30.0,0.0,VF RIP U-TREUE,1.0
154,40 - 44,NRW,44.99,39.99,30.0,0.0,VF RIP U-TREUE,0.0
155,35 - 39,KBW,39.99,44.97,30.0,0.0,RED INTERNET & PHONE CABLE U,0.0
156,60 - 64,KBW,44.99,44.99,30.0,0.0,RED INTERNET & PHONE CABLE U,1.0
157,25 - 29,NRW,44.98,44.98,30.0,0.0,VF CABLEMAX,1.0
158,55 - 59,NRW,39.99,47.97,30.0,0.0,RED INTERNET & PHONE CABLE U,0.0
159,40 - 44,NRW,39.99,32.99,30.0,0.0,RED INTERNET & PHONE CABLE U,1.0
160,35 - 39,NRW,39.99,39.99,30.0,0.0,GIGAZUHAUSE KABEL,0.0
161,70 - 74,HSN,32.97,34.99,30.0,0.0,RED INTERNET & PHONE CABLE U,1.0
162,50 - 54,KBW,44.98,34.98,47.0,0.0,VF CABLEMAX,0.0
163,35 - 39,NRW,49.99,29.97,30.0,0.0,VF RIP U-TREUE,1.0
164,40 - 44,KBW,39.99,39.99,30.0,0.0,RED INTERNET & PHONE CABLE U,0.0
165,25 - 29,NRW,49.98,49.99,30.0,0.0,VF RIP U-TREUE,0.0
166,30 - 34,NRW,44.98,44.99,30.0,0.0,RED INTERNET & PHONE CABLE U,1.0
167,55 - 59,KBW,49.99,34.99,30.0,0.0,RED INTERNET & PHONE CABLE U,1.0
168,55 - 59,NRW,44.99,44.98,30.0,0.0,VF CABLEMAX,1.0
169,45 - 49,KBW,47.99,39.98,30.0,0.0,VF CABLEMAX,1.0
170,70 - 74,KBW,44.99,44.98,30.0,0.0,RED INTERNET & PHONE CABLE U,1.0
171,25 - 29,KBW,39.99,39.98,30.0,0.0,VF CABLEMAX,1.0
172,25 - 29,KBW,34.98,32.99,30.0,0.0,RED INTERNET & PHONE CABLE U,0.0
173,25 - 29,KBW,34.99,44.98,30.0,0.0,RED INTERNET & PHONE CABLE U,1.0
174,35 - 39,NRW,42.97,42.99,30.0,0.0,VF RIP U-TREUE,0.0
175,45 - 49,KBW,48.98,44.99,30.0,0.0,RED INTERNET & PHONE CABLE U,0.0
176,30 - 34,NRW,44.98,39.99,30.0,0.0,VF CABLEMAX,1.0
177,25 - 29,NRW,34.99,39.98,30.0,0.0,VF CABLEMAX,1.0
178,30 - 34,NRW,34.99,34.99,30.0,0.0,RED INTERNET & PHONE CABLE U,1.0
179,40 - 44,NRW,39.98,44.99,30.0,0.0,RED INTERNET & PHONE CABLE U,1.0
180,30 - 34,KBW,34.99,44.99,30.0,0.0,RED INTERNET & PHONE CABLE U,0.0
181,40 - 44,HSN,49.99,39.99,30.0,0.0,RED INTERNET & PHONE CABLE U,0.0
182,50 - 54,NRW,44.98,44.98,30.0,0.0,RED INTERNET & PHONE CABLE U,1.0
183,50 - 54,NRW,29.99,39.99,30.0,0.0,RED INTERNET & PHONE CABLE U,1.0
184,55 - 59,NRW,44.98,24.99,30.0,0.0,VF CABLEMAX,0.0
185,60 - 64,NRW,39.99,44.97,30.0,0.0,RED INTERNET & PHONE CABLE U,1.0
186,35 - 39,HSN,44.99,44.98,30.0,0.0,RED INTERNET & PHONE CABLE U,0.0
187,30 - 34,NRW,34.99,39.99,30.0,0.0,VF RIP U-TREUE,0.0
188,25 - 29,NRW,39.97,39.99,30.0,0.0,RED INTERNET & PHONE CABLE U,0.0
189,35 - 39,NRW,44.99,44.98,30.0,0.0,RED INTERNET & PHONE CABLE U,0.0
190,45 - 49,NRW,44.98,44.99,30.0,0.0,RED INTERNET & PHONE CABLE U,0.0
191,75 - 79,NRW,34.99,44.99,30.0,0.0,GIGAZUHAUSE KABEL,1.0
192,25 - 29,NRW,34.99,56.98,30.0,0.0,RED INTERNET & PHONE CABLE U,1.0
193,25 - 29,HSN,44.98,39.99,30.0,0.0,VF CABLEMAX,0.0
194,45 - 49,KBW,39.98,34.98,30.0,0.0,RED INTERNET & PHONE CABLE U,1.0
195,40 - 44,NRW,34.99,44.98,30.0,0.0,RED INTERNET & PHONE CABLE U,1.0
196,40 - 44,NRW,47.99,44.99,30.0,0.0,VF RIP U-TREUE,1.0
197,60 - 64,NRW,34.98,34.99,30.0,0.0,VF CABLEMAX,1.0
198,45 - 49,NRW,52.99,34.99,30.0,0.0,VF RIP U-TREUE,0.0
199,50 - 54,KBW,54.98,29.98,30.0,0.0,RED INTERNET & PHONE CABLE U,0.0
200,55 - 59,NRW,42.98,44.98,30.0,0.0,GIGAZUHAUSE KABEL,1.0
201,35 - 39,NRW,39.98,44.98,30.0,0.0,RED INTERNET & PHONE CABLE U,0.0
202,55 - 59,NRW,44.98,49.99,30.0,0.0,RED INTERNET & PHONE CABLE U,0.0
203,30 - 34,KBW,44.98,44.97,30.0,0.0,VF RIP U-TREUE,1.0
204,40 - 44,NRW,39.99,39.99,30.0,0.0,RED INTERNET & PHONE CABLE U,0.0
205,65 - 69,NRW,34.99,34.99,30.0,0.0,VF RIP U-TREUE,0.0
206,80 and over,NRW,34.99,34.98,30.0,0.0,RED INTERNET & PHONE CABLE U,0.0
207,65 - 69,NRW,49.98,49.98,30.0,0.0,VF CABLEMAX,0.0
208,60 - 64,KBW,44.99,29.98,30.0,0.0,RED INTERNET & PHONE CABLE U,1.0
209,55 - 59,NRW,44.99,39.98,30.0,0.0,VF RIP U-TREUE,1.0
210,35 - 39,NRW,44.98,39.99,30.0,0.0,VF CABLEMAX,0.0
211,40 - 44,HSN,39.98,39.98,30.0,0.0,VF RIP U-TREUE,0.0
212,40 - 44,NRW,44.99,39.99,30.0,0.0,RED INTERNET & PHONE CABLE U,1.0
213,25 - 29,KBW,44.97,34.99,30.0,0.0,RED INTERNET & PHONE CABLE U,0.0
215,25 - 29,NRW,29.99,39.99,30.0,0.0,VF CABLEMAX,0.0
216,25 - 29,KBW,34.99,44.99,30.0,0.0,RED INTERNET & PHONE CABLE U,0.0
217,35 - 39,NRW,39.98,44.98,30.0,0.0,RED INTERNET & PHONE CABLE U,1.0
218,45 - 49,KBW,49.99,49.98,30.0,0.0,VF RIP U-TREUE,0.0
219,40 - 44,NRW,29.99,39.99,30.0,0.0,VF CABLEMAX,0.0
220,70 - 74,NRW,49.99,42.99,30.0,0.0,VF RIP U-TREUE,1.0
221,60 - 64,NRW,39.97,37.99,30.0,0.0,VF RIP U-TREUE,0.0
222,65 - 69,NRW,44.99,44.98,30.0,0.0,GIGAZUHAUSE KABEL,1.0
223,35 - 39,NRW,34.98,49.98,30.0,0.0,VF RIP U-TREUE,1.0
224,50 - 54,KBW,44.97,34.99,30.0,0.0,RED INTERNET & PHONE CABLE U,1.0
225,45 - 49,KBW,44.98,37.99,30.0,0.0,RED INTERNET & PHONE CABLE U,1.0
226,80 and over,NRW,39.98,34.98,30.0,0.0,VF RIP U-TREUE,0.0
227,40 - 44,NRW,39.99,39.99,30.0,0.0,RED INTERNET & PHONE CABLE U,1.0
228,70 - 74,KBW,29.99,44.99,30.0,0.0,VF CABLEMAX,1.0
229,35 - 39,HSN,44.99,34.99,30.0,0.0,RED INTERNET & PHONE CABLE U,1.0
230,30 - 34,KBW,44.97,44.99,30.0,0.0,RED INTERNET & PHONE CABLE U,0.0
231,40 - 44,KBW,44.97,44.99,30.0,0.0,RED INTERNET & PHONE CABLE U,0.0
232,40 - 44,NRW,34.99,34.99,30.0,0.0,RED INTERNET & PHONE CABLE U,1.0
233,35 - 39,NRW,49.99,49.99,30.0,0.0,GIGAZUHAUSE KABEL,0.0
234,18 - 24,NRW,34.99,34.99,30.0,0.0,RED INTERNET & PHONE CABLE U,0.0
235,75 - 79,NRW,29.99,44.99,30.0,0.0,RED INTERNET & PHONE CABLE U,1.0
236,40 - 44,NRW,44.98,29.99,30.0,0.0,RED INTERNET & PHONE CABLE U,1.0
237,25 - 29,NRW,44.99,39.97,30.0,0.0,RED INTERNET & PHONE CABLE U,1.0
238,40 - 44,KBW,44.98,34.98,30.0,0.0,GIGAZUHAUSE KABEL,1.0
239,35 - 39,KBW,39.99,34.98,30.0,0.0,VF CABLEMAX,0.0
240,55 - 59,NRW,39.99,42.97,30.0,0.0,RED INTERNET & PHONE CABLE U,1.0
241,18 - 24,NRW,39.99,29.99,30.0,0.0,RED INTERNET & PHONE CABLE U,1.0
242,40 - 44,NRW,44.99,49.98,30.0,0.0,RED INTERNET & PHONE CABLE U,0.0
243,25 - 29,NRW,39.98,44.98,30.0,0.0,RED INTERNET & PHONE CABLE U,0.0
244,25 - 29,NRW,44.99,37.99,30.0,0.0,RED INTERNET & PHONE CABLE U,1.0
245,30 - 34,NRW,34.99,39.99,30.0,0.0,RED INTERNET & PHONE CABLE U,1.0
246,55 - 59,KBW,44.98,44.99,30.0,0.0,VF CABLEMAX,0.0
247,35 - 39,NRW,49.99,44.98,30.0,0.0,RED INTERNET & PHONE CABLE U,0.0
248,25 - 29,NRW,44.99,39.99,30.0,0.0,RED INTERNET & PHONE CABLE U,1.0
249,30 - 34,NRW,44.98,34.98,30.0,0.0,RED INTERNET & PHONE CABLE U,1.0
250,35 - 39,KBW,44.98,49.97,30.0,0.0,GIGAZUHAUSE KABEL,1.0
251,70 - 74,KBW,44.98,39.99,30.0,0.0,VF RIP U-TREUE,0.0
252,35 - 39,NRW,39.99,39.99,30.0,0.0,RED INTERNET & PHONE CABLE U,0.0
253,50 - 54,HSN,39.99,29.98,30.0,0.0,VF CABLEMAX,1.0
254,50 - 54,NRW,39.98,39.99,30.0,0.0,RED INTERNET & PHONE CABLE U,1.0
255,30 - 34,KBW,44.98,44.97,30.0,0.0,VF CABLEMAX,1.0
256,75 - 79,NRW,44.98,43.99,30.0,0.0,RED INTERNET & PHONE CABLE U,1.0
257,70 - 74,KBW,44.98,39.99,30.0,0.0,VF CABLEMAX,1.0
258,55 - 59,NRW,34.98,39.98,30.0,0.0,VF RIP U-TREUE,1.0
259,40 - 44,NRW,49.98,34.99,30.0,0.0,VF CABLEMAX,1.0
260,25 - 29,NRW,44.98,44.98,30.0,0.0,RED INTERNET & PHONE CABLE U,1.0
261,25 - 29,NRW,44.99,39.99,30.0,0.0,VF CABLEMAX,1.0
262,35 - 39,NRW,29.98,44.99,30.0,0.0,VF CABLEMAX,1.0
263,40 - 44,KBW,44.98,44.99,30.0,0.0,GIGAZUHAUSE KABEL,0.0
264,55 - 59,NRW,34.99,44.99,30.0,0.0,RED INTERNET & PHONE CABLE U,0.0
265,50 - 54,KBW,29.97,39.99,30.0,0.0,GIGAZUHAUSE KABEL,0.0
266,25 - 29,KBW,49.98,44.99,30.0,0.0,RED INTERNET & PHONE CABLE U,0.0
267,40 - 44,NRW,29.99,49.99,30.0,0.0,RED INTERNET & PHONE CABLE U,1.0
268,25 - 29,NRW,49.98,39.99,30.0,0.0,RED INTERNET & PHONE CABLE U,1.0
270,65 - 69,NRW,39.98,39.98,30.0,0.0,RED INTERNET & PHONE CABLE U,0.0
271,70 - 74,KBW,39.99,39.97,30.0,0.0,VF RIP U-TREUE,1.0
272,65 - 69,KBW,44.98,74.99,30.0,0.0,GIGAZUHAUSE TREUE B,0.0
273,55 - 59,NRW,39.97,39.99,30.0,0.0,VF RIP U-TREUE,1.0
274,35 - 39,NRW,44.98,39.99,30.0,0.0,VF CABLEMAX,1.0
275,60 - 64,NRW,44.98,44.98,30.0,0.0,RED INTERNET & PHONE CABLE U,0.0
276,25 - 29,KBW,39.99,34.99,30.0,0.0,VF RIP U-TREUE,0.0
277,40 - 44,NRW,39.98,44.98,30.0,0.0,RED INTERNET & PHONE CABLE U,0.0
278,35 - 39,NRW,48.99,34.99,30.0,0.0,VF RIP U-TREUE,0.0
279,60 - 64,HSN,39.97,58.99,30.0,0.0,RED INTERNET & PHONE CABLE U,0.0
280,25 - 29,NRW,44.98,34.99,30.0,0.0,VF CABLEMAX,0.0
281,40 - 44,NRW,44.98,49.98,30.0,0.0,RED INTERNET & PHONE CABLE U,1.0
282,55 - 59,KBW,39.98,49.99,30.0,0.0,RED INTERNET & PHONE CABLE U,0.0
283,25 - 29,NRW,43.98,54.98,30.0,0.0,RED INTERNET & PHONE CABLE U,0.0
284,60 - 64,KBW,49.99,44.99,30.0,0.0,VF CABLEMAX,1.0
285,35 - 39,KBW,44.98,49.99,30.0,0.0,VF RIP U-TREUE,1.0
286,35 - 39,KBW,44.99,44.97,30.0,0.0,RED INTERNET & PHONE CABLE U,1.0
287,60 - 64,NRW,44.98,44.99,30.0,0.0,RED INTERNET & PHONE CABLE U,1.0
288,35 - 39,KBW,44.98,42.99,30.0,0.0,GIGAZUHAUSE KABEL,0.0
289,55 - 59,NRW,49.99,44.98,30.0,0.0,RED INTERNET & PHONE CABLE U,1.0
290,40 - 44,KBW,44.98,39.98,30.0,0.0,VF CABLEMAX,1.0
291,70 - 74,NRW,34.99,44.99,30.0,0.0,RED INTERNET & PHONE CABLE U,1.0
292,18 - 24,KBW,37.99,39.99,30.0,0.0,VF RIP U-TREUE,0.0
293,35 - 39,KBW,34.99,39.99,30.0,0.0,RED INTERNET & PHONE CABLE U,1.0
294,40 - 44,KBW,44.98,44.96,30.0,0.0,RED INTERNET & PHONE CABLE U,0.0
295,40 - 44,KBW,44.98,34.99,30.0,0.0,RED INTERNET & PHONE CABLE U,1.0
296,30 - 34,KBW,34.99,39.99,30.0,0.0,VF RIP U-TREUE,0.0
297,25 - 29,NRW,44.99,39.99,30.0,0.0,RED INTERNET & PHONE CABLE U,1.0
298,60 - 64,NRW,39.98,47.99,30.0,0.0,VF RIP U-TREUE,0.0
299,25 - 29,KBW,34.99,34.98,30.0,0.0,VF RIP U-TREUE,0.0
300,55 - 59,KBW,37.99,39.98,30.0,0.0,VF RIP U-TREUE,1.0
301,65 - 69,NRW,34.99,39.99,30.0,0.0,GIGAZUHAUSE KABEL,1.0
302,25 - 29,KBW,42.99,34.97,30.0,0.0,RED INTERNET & PHONE CABLE U,0.0
303,65 - 69,KBW,42.98,39.98,30.0,0.0,RED INTERNET & PHONE CABLE U,1.0
304,30 - 34,NRW,44.99,39.99,30.0,0.0,VF CABLEMAX,1.0
305,45 - 49,NRW,39.98,44.98,30.0,0.0,VF RIP U-TREUE,1.0
306,50 - 54,NRW,39.99,49.97,30.0,0.0,VF RIP U-TREUE,1.0
307,55 - 59,NRW,39.98,44.98,30.0,0.0,RED INTERNET & PHONE CABLE U,1.0
308,50 - 54,NRW,44.98,44.98,30.0,0.0,RED INTERNET & PHONE CABLE U,1.0
309,30 - 34,NRW,44.99,34.99,30.0,0.0,RED INTERNET & PHONE CABLE U,1.0
310,65 - 69,NRW,34.99,44.99,30.0,0.0,RED INTERNET & PHONE CABLE U,1.0
311,35 - 39,NRW,39.98,34.99,30.0,0.0,VF RIP U-TREUE,0.0
312,40 - 44,KBW,34.99,37.98,30.0,0.0,GIGAZUHAUSE KABEL,0.0
313,45 - 49,NRW,39.98,29.98,30.0,0.0,VF CABLEMAX,0.0
314,50 - 54,NRW,39.97,34.97,30.0,0.0,RED INTERNET & PHONE CABLE U,0.0
315,40 - 44,KBW,34.99,44.98,30.0,0.0,VF CABLEMAX,1.0
316,25 - 29,NRW,34.99,49.99,30.0,0.0,GIGAZUHAUSE KABEL,0.0
317,40 - 44,NRW,34.99,34.99,30.0,0.0,VF RIP U-TREUE,1.0
318,60 - 64,NRW,34.98,49.99,30.0,0.0,VF RIP U-TREUE,1.0
319,30 - 34,NRW,44.98,49.97,30.0,0.0,VF CABLEMAX,1.0
320,30 - 34,NRW,29.99,48.99,30.0,0.0,VF RIP U-TREUE,1.0
321,30 - 34,NRW,34.99,34.98,1.0,0.0,GIGAZUHAUSE KABEL,1.0
322,45 - 49,NRW,54.98,44.99,30.0,0.0,RED INTERNET & PHONE CABLE U,1.0
323,35 - 39,NRW,29.98,29.98,30.0,0.0,RED INTERNET & PHONE CABLE U,0.0
324,80 and over,NRW,49.98,44.98,30.0,0.0,RED INTERNET & PHONE CABLE U,0.0
325,35 - 39,KBW,44.97,44.98,30.0,0.0,VF RIP U-TREUE,0.0
326,30 - 34,HSN,39.98,44.98,30.0,0.0,RED INTERNET & PHONE CABLE U,0.0
327,70 - 74,NRW,49.99,34.98,30.0,0.0,VF RIP U-TREUE,0.0
328,70 - 74,NRW,39.99,44.97,30.0,0.0,RED INTERNET & PHONE CABLE U,1.0
329,30 - 34,KBW,44.98,39.96,30.0,0.0,RED INTERNET & PHONE CABLE U,1.0
330,40 - 44,NRW,34.99,49.99,30.0,0.0,RED INTERNET & PHONE CABLE U,0.0
331,45 - 49,KBW,69.98,39.99,30.0,0.0,VF RIP U-TREUE,0.0
332,25 - 29,KBW,44.97,47.99,30.0,0.0,RED INTERNET & PHONE CABLE U,0.0
333,35 - 39,NRW,44.98,39.98,5.0,0.0,VF CABLEMAX,0.0
334,40 - 44,HSN,44.99,39.99,30.0,0.0,VF RIP U-TREUE,0.0
335,70 - 74,HSN,42.98,29.99,30.0,0.0,RED INTERNET & PHONE CABLE U,1.0
336,45 - 49,KBW,34.97,44.99,30.0,0.0,RED INTERNET & PHONE CABLE U,0.0
337,35 - 39,HSN,37.99,39.99,30.0,0.0,VF CABLEMAX,1.0
338,40 - 44,NRW,29.99,44.98,30.0,0.0,VF CABLEMAX,0.0
339,30 - 34,KBW,39.98,29.99,30.0,0.0,RED INTERNET & PHONE CABLE U,1.0
340,65 - 69,KBW,44.99,39.99,30.0,0.0,RED INTERNET & PHONE CABLE U,1.0
341,25 - 29,KBW,44.99,44.97,30.0,0.0,RED INTERNET & PHONE CABLE U,0.0
342,80 and over,NRW,53.98,44.99,30.0,0.0,GIGAZUHAUSE KABEL,1.0
343,45 - 49,HSN,39.97,49.86,30.0,0.0,VF CABLEMAX,1.0
344,35 - 39,NRW,44.99,29.98,30.0,0.0,RED INTERNET & PHONE CABLE U,0.0
345,30 - 34,NRW,44.99,44.98,30.0,0.0,RED INTERNET & PHONE CABLE U,0.0
346,35 - 39,NRW,32.98,44.99,30.0,0.0,3PLAY SMART,1.0
347,60 - 64,KBW,29.99,24.98,30.0,0.0,GIGAZUHAUSE KABEL,0.0
348,25 - 29,NRW,44.98,34.99,30.0,1.0,VF RIP U-TREUE,1.0
349,35 - 39,NRW,49.99,44.97,30.0,0.0,RED INTERNET & PHONE CABLE U,0.0
350,50 - 54,NRW,44.98,49.98,30.0,0.0,RED INTERNET & PHONE CABLE U,1.0
351,60 - 64,HSN,39.98,42.98,30.0,0.0,VF CABLEMAX,0.0
352,35 - 39,NRW,54.99,44.98,30.0,1.0,RED INTERNET & PHONE CABLE U,1.0
353,50 - 54,NRW,39.99,34.99,30.0,0.0,VF CABLEMAX,0.0
354,35 - 39,HSN,44.98,34.99,30.0,0.0,RED INTERNET & PHONE CABLE U,0.0
355,50 - 54,NRW,34.99,34.99,30.0,0.0,VF CABLEMAX,1.0
356,35 - 39,NRW,44.99,44.98,30.0,0.0,GIGAZUHAUSE KABEL,1.0
357,65 - 69,NRW,34.98,29.99,30.0,0.0,RED INTERNET & PHONE CABLE U,0.0
358,40 - 44,NRW,49.98,44.97,30.0,0.0,GIGAZUHAUSE KABEL,1.0
359,60 - 64,NRW,39.98,34.98,30.0,0.0,VF CABLEMAX,1.0
360,30 - 34,NRW,29.99,29.99,30.0,0.0,VF RIP U-TREUE,0.0
361,50 - 54,NRW,32.99,44.97,30.0,0.0,RED INTERNET & PHONE CABLE U,0.0
362,60 - 64,NRW,29.99,49.99,30.0,0.0,RED INTERNET & PHONE CABLE U,1.0
363,65 - 69,NRW,39.99,39.99,30.0,0.0,VF CABLEMAX,0.0
364,35 - 39,NRW,34.99,39.99,30.0,0.0,RED INTERNET & PHONE CABLE U,0.0
365,25 - 29,NRW,47.97,34.99,30.0,0.0,GIGAZUHAUSE KABEL,0.0
366,35 - 39,NRW,49.98,44.98,30.0,0.0,VF CABLEMAX,1.0
367,40 - 44,KBW,39.98,44.99,30.0,0.0,VF CABLEMAX,1.0
368,35 - 39,KBW,34.98,44.98,30.0,0.0,RED INTERNET & PHONE CABLE U,0.0
369,55 - 59,NRW,34.99,49.97,30.0,0.0,RED INTERNET & PHONE CABLE U,0.0
370,30 - 34,NRW,44.98,44.99,30.0,0.0,RED INTERNET & PHONE CABLE U,1.0
371,30 - 34,KBW,34.99,39.99,30.0,0.0,VF RIP U-TREUE,0.0
372,25 - 29,KBW,39.97,39.98,30.0,0.0,GIGAZUHAUSE TREUE C,0.0
373,25 - 29,KBW,39.99,44.99,30.0,0.0,RED INTERNET & PHONE CABLE U,0.0
374,35 - 39,HSN,54.99,47.99,30.0,0.0,VF RIP U-TREUE,0.0
375,50 - 54,NRW,34.98,44.98,30.0,0.0,RED INTERNET & PHONE CABLE U,1.0
376,25 - 29,NRW,49.99,39.99,30.0,0.0,RED INTERNET & PHONE CABLE U,1.0
377,40 - 44,KBW,34.98,44.98,30.0,0.0,RED INTERNET & PHONE CABLE U,1.0
378,40 - 44,NRW,54.99,39.99,30.0,0.0,RED INTERNET & PHONE CABLE U,1.0
379,25 - 29,NRW,39.97,49.98,30.0,0.0,GIGAZUHAUSE KABEL,1.0
380,25 - 29,NRW,49.98,44.98,30.0,0.0,RED INTERNET & PHONE CABLE U,0.0
381,40 - 44,KBW,39.98,39.99,30.0,0.0,RED INTERNET & PHONE CABLE U,1.0
382,45 - 49,KBW,44.99,47.98,30.0,0.0,VF RIP U-TREUE,0.0
383,25 - 29,NRW,34.99,39.98,30.0,0.0,VF CABLEMAX,0.0
384,60 - 64,KBW,34.98,44.98,30.0,0.0,RED INTERNET & PHONE CABLE U,0.0
385,70 - 74,KBW,39.99,39.99,30.0,0.0,RED INTERNET & PHONE CABLE U,1.0
386,45 - 49,NRW,39.99,49.99,30.0,0.0,RED INTERNET & PHONE CABLE U,1.0
387,35 - 39,KBW,44.98,44.98,30.0,0.0,VF CABLEMAX,0.0
388,55 - 59,NRW,39.98,44.97,30.0,0.0,RED INTERNET & PHONE CABLE U,0.0
389,50 - 54,KBW,34.98,24.98,30.0,0.0,RED INTERNET & PHONE CABLE U,0.0
390,40 - 44,NRW,44.98,47.99,30.0,0.0,RED INTERNET & PHONE CABLE U,1.0
391,35 - 39,NRW,39.97,34.99,30.0,0.0,RED INTERNET & PHONE CABLE U,0.0
392,50 - 54,HSN,34.99,39.98,30.0,0.0,VF CABLEMAX,0.0
393,65 - 69,KBW,49.98,39.99,30.0,0.0,VF CABLEMAX,1.0
394,40 - 44,NRW,44.99,34.99,30.0,0.0,VF CABLEMAX,0.0
395,30 - 34,NRW,49.99,44.97,30.0,0.0,RED INTERNET & PHONE CABLE U,1.0
396,30 - 34,KBW,79.98,34.98,30.0,0.0,RED INTERNET & PHONE CABLE U,1.0
397,30 - 34,NRW,37.98,44.99,30.0,0.0,GIGAZUHAUSE KABEL,1.0
398,35 - 39,KBW,7.99,29.98,30.0,0.0,RED INTERNET & PHONE CABLE U,1.0
399,45 - 49,NRW,44.99,34.98,30.0,0.0,RED INTERNET & PHONE CABLE U,0.0
400,60 - 64,NRW,44.99,39.98,30.0,0.0,RED INTERNET & PHONE CABLE U,0.0
401,45 - 49,NRW,39.99,29.98,30.0,0.0,GIGAZUHAUSE KABEL,1.0
402,50 - 54,NRW,42.98,44.99,30.0,0.0,RED INTERNET & PHONE CABLE U,0.0
403,55 - 59,NRW,34.99,49.99,30.0,0.0,RED INTERNET & PHONE CABLE U,1.0
404,25 - 29,HSN,44.99,39.98,30.0,0.0,RED INTERNET & PHONE CABLE U,1.0
405,45 - 49,NRW,24.0,34.99,30.0,0.0,VF CABLEMAX,0.0
406,30 - 34,KBW,34.98,34.97,30.0,0.0,VF CABLEMAX,1.0
407,45 - 49,KBW,42.99,34.98,30.0,0.0,GIGAZUHAUSE KABEL,1.0
408,50 - 54,NRW,39.99,44.98,30.0,0.0,VF CABLEMAX,1.0
409,35 - 39,NRW,39.99,49.99,30.0,0.0,RED INTERNET & PHONE CABLE U,0.0
410,30 - 34,NRW,44.98,44.99,30.0,0.0,RED INTERNET & PHONE CABLE U,0.0
411,30 - 34,HSN,39.99,44.98,30.0,0.0,VF RIP U-TREUE,1.0
412,25 - 29,NRW,34.99,34.99,30.0,0.0,RED INTERNET & PHONE CABLE U,1.0
413,70 - 74,NRW,39.98,44.99,30.0,0.0,VF RIP U-TREUE,0.0
414,30 - 34,KBW,34.98,39.97,30.0,0.0,VF RIP U-TREUE,1.0
415,55 - 59,KBW,39.99,34.99,30.0,0.0,VF CABLEMAX,1.0
416,35 - 39,NRW,44.99,44.98,30.0,0.0,RED INTERNET & PHONE CABLE U,1.0
417,55 - 59,NRW,42.99,44.99,30.0,0.0,RED INTERNET & PHONE CABLE U,0.0
418,35 - 39,NRW,44.97,39.99,30.0,0.0,VF RIP U-TREUE,1.0
419,65 - 69,KBW,29.99,39.99,30.0,0.0,GIGAZUHAUSE KABEL,1.0
420,30 - 34,HSN,29.98,42.97,30.0,0.0,RED INTERNET & PHONE CABLE U,1.0
421,50 - 54,NRW,34.97,39.99,30.0,0.0,VF RIP U-TREUE,1.0
422,55 - 59,NRW,34.97,49.96,30.0,0.0,GIGAZUHAUSE KABEL,1.0
423,25 - 29,NRW,44.99,34.99,30.0,0.0,VF CABLEMAX,1.0
424,35 - 39,HSN,39.99,34.99,30.0,0.0,VF RIP U-TREUE,1.0
425,35 - 39,HSN,44.99,49.99,30.0,0.0,GIGAZUHAUSE TREUE,0.0
426,65 - 69,NRW,44.98,64.98,30.0,0.0,VF RIP U-TREUE,0.0
427,35 - 39,NRW,44.97,49.97,30.0,0.0,VF RIP U-TREUE,0.0
428,30 - 34,NRW,34.98,44.99,30.0,0.0,VF RIP U-TREUE,0.0
429,55 - 59,NRW,29.99,29.99,30.0,0.0,VF RIP U-TREUE,0.0
430,35 - 39,NRW,44.98,24.99,30.0,0.0,GIGAZUHAUSE KABEL,1.0
431,30 - 34,KBW,39.99,29.99,30.0,0.0,VF RIP U-TREUE,1.0
432,25 - 29,NRW,39.99,44.98,30.0,0.0,GIGAZUHAUSE KABEL,0.0
433,30 - 34,NRW,44.98,34.99,30.0,0.0,VF CABLEMAX,0.0
434,35 - 39,KBW,24.99,44.98,30.0,0.0,RED INTERNET & PHONE CABLE U,0.0
435,35 - 39,NRW,39.99,34.99,30.0,0.0,RED INTERNET & PHONE CABLE U,0.0
436,25 - 29,KBW,29.99,37.97,30.0,0.0,VF RIP U-TREUE,0.0
437,50 - 54,KBW,44.99,44.99,30.0,0.0,RED INTERNET & PHONE CABLE U,0.0
438,30 - 34,NRW,44.99,44.96,30.0,0.0,RED INTERNET & PHONE CABLE U,1.0
439,45 - 49,HSN,47.99,34.97,30.0,0.0,VF RIP U-TREUE,0.0
440,65 - 69,NRW,49.97,44.98,30.0,0.0,RED INTERNET & PHONE CABLE U,0.0
441,35 - 39,NRW,34.97,29.97,30.0,0.0,GIGAZUHAUSE KABEL,0.0
442,55 - 59,KBW,49.98,44.98,30.0,0.0,RED INTERNET & PHONE CABLE U,0.0
443,25 - 29,KBW,44.99,44.99,30.0,0.0,RED INTERNET & PHONE CABLE U,1.0
444,60 - 64,NRW,39.99,32.99,30.0,0.0,RED INTERNET & PHONE CABLE U,0.0
445,35 - 39,KBW,49.98,34.98,30.0,0.0,VF CABLEMAX,1.0
446,55 - 59,HSN,44.98,39.99,30.0,0.0,GIGAZUHAUSE KABEL,1.0
447,35 - 39,KBW,44.99,49.99,30.0,1.0,RED INTERNET & PHONE CABLE U,0.0
448,65 - 69,KBW,39.99,34.98,30.0,0.0,RED INTERNET & PHONE CABLE U,1.0
449,30 - 34,NRW,34.99,39.99,30.0,0.0,RED INTERNET & PHONE CABLE U,1.0
450,35 - 39,NRW,34.99,49.99,30.0,0.0,VF CABLEMAX,0.0
451,40 - 44,NRW,34.99,39.98,30.0,0.0,RED INTERNET & PHONE CABLE U,1.0
452,50 - 54,NRW,49.98,44.98,30.0,0.0,RED INTERNET & PHONE CABLE U,0.0
453,25 - 29,NRW,49.99,42.99,30.0,0.0,VF RIP U-TREUE,1.0
454,40 - 44,HSN,44.99,44.98,30.0,0.0,RED INTERNET & PHONE CABLE U,1.0
455,60 - 64,NRW,39.98,44.98,30.0,0.0,RED INTERNET & PHONE CABLE U,1.0
456,35 - 39,NRW,39.99,37.99,30.0,0.0,RED INTERNET & PHONE CABLE U,0.0
457,40 - 44,NRW,44.98,34.98,30.0,0.0,VF CABLEMAX,1.0
458,50 - 54,NRW,39.99,42.99,30.0,0.0,VF RIP U-TREUE,1.0
459,80 and over,KBW,44.99,44.98,30.0,0.0,VF CABLEMAX,1.0
460,18 - 24,KBW,44.98,44.99,30.0,0.0,RED INTERNET & PHONE CABLE U,1.0
461,35 - 39,HSN,49.98,34.99,30.0,0.0,RED INTERNET & PHONE CABLE U,0.0
462,50 - 54,NRW,39.99,39.99,30.0,0.0,GIGAZUHAUSE KABEL,1.0
463,35 - 39,NRW,34.98,44.99,30.0,0.0,RED INTERNET & PHONE CABLE U,0.0
464,40 - 44,HSN,39.99,29.98,30.0,0.0,RED INTERNET & PHONE CABLE U,0.0
465,50 - 54,NRW,39.99,34.99,30.0,0.0,GIGAZUHAUSE KABEL,0.0
466,30 - 34,NRW,44.98,44.99,30.0,0.0,VF CABLEMAX,0.0
467,55 - 59,NRW,54.98,49.98,30.0,0.0,GIGAZUHAUSE TREUE C,1.0
468,45 - 49,NRW,39.98,39.99,30.0,0.0,VF CABLEMAX,1.0
469,40 - 44,KBW,44.98,34.97,30.0,0.0,RED INTERNET & PHONE CABLE U,0.0
470,55 - 59,NRW,34.99,48.99,30.0,0.0,VF CABLEMAX,1.0
471,30 - 34,HSN,44.99,49.98,30.0,0.0,RED INTERNET & PHONE CABLE U,1.0
472,40 - 44,HSN,39.99,34.99,30.0,0.0,RED INTERNET & PHONE CABLE U,1.0
473,40 - 44,NRW,34.98,44.98,30.0,0.0,RED INTERNET & PHONE CABLE U,1.0
474,55 - 59,NRW,44.99,44.97,30.0,0.0,VF RIP U-TREUE,1.0
475,35 - 39,NRW,24.99,44.99,1.0,0.0,RED INTERNET & PHONE CABLE U,0.0
476,70 - 74,NRW,49.99,49.99,30.0,0.0,VF RIP U-TREUE,1.0
477,40 - 44,NRW,34.0,39.98,30.0,0.0,VF RIP U-TREUE,0.0
478,35 - 39,NRW,44.99,39.97,30.0,0.0,RED INTERNET & PHONE CABLE U,0.0
479,55 - 59,NRW,39.99,44.98,30.0,0.0,RED INTERNET & PHONE CABLE U,0.0
480,30 - 34,NRW,49.98,44.98,30.0,0.0,RED INTERNET & PHONE CABLE U,1.0
481,30 - 34,NRW,39.98,52.99,30.0,0.0,RED INTERNET & PHONE CABLE U,1.0
482,30 - 34,KBW,44.99,39.99,30.0,0.0,VF RIP U-TREUE,0.0
483,30 - 34,KBW,34.98,34.99,30.0,0.0,RED INTERNET & PHONE CABLE U,1.0
484,25 - 29,KBW,39.99,39.99,30.0,0.0,VF RIP U-TREUE,1.0
485,30 - 34,NRW,39.98,29.99,30.0,0.0,RED INTERNET & PHONE CABLE U,0.0
486,25 - 29,KBW,42.99,39.98,30.0,0.0,VF CABLEMAX,0.0
487,25 - 29,NRW,39.98,34.99,30.0,0.0,GIGAZUHAUSE KABEL,1.0
488,30 - 34,HSN,42.99,34.97,30.0,0.0,RED INTERNET & PHONE CABLE U,0.0
489,50 - 54,KBW,34.99,39.99,30.0,0.0,VF CABLEMAX,0.0
490,35 - 39,KBW,39.97,44.98,30.0,0.0,GIGAZUHAUSE KABEL,0.0
491,65 - 69,NRW,39.99,39.97,30.0,0.0,RED INTERNET & PHONE CABLE U,0.0
492,65 - 69,HSN,44.99,39.99,30.0,0.0,VF CABLEMAX,1.0
493,35 - 39,NRW,34.97,39.99,30.0,0.0,RED INTERNET & PHONE CABLE U,1.0
494,80 and over,NRW,44.98,34.98,30.0,0.0,RED INTERNET & PHONE CABLE U,0.0
495,65 - 69,NRW,39.98,39.98,30.0,0.0,GIGAZUHAUSE KABEL,1.0
496,18 - 24,KBW,44.98,44.99,30.0,0.0,VF RIP U-TREUE,1.0
497,40 - 44,KBW,44.99,44.98,30.0,0.0,GIGAZUHAUSE KABEL,1.0
498,35 - 39,NRW,39.98,44.98,30.0,0.0,RED INTERNET & PHONE CABLE U,1.0
499,60 - 64,KBW,42.97,44.98,30.0,0.0,VF CABLEMAX,1.0
500,35 - 39,NRW,39.98,39.99,30.0,0.0,VF RIP U-TREUE,1.0
501,60 - 64,NRW,44.99,42.98,30.0,0.0,GIGAZUHAUSE KABEL,1.0
502,50 - 54,HSN,44.99,34.98,30.0,0.0,RED INTERNET & PHONE CABLE U,0.0
503,40 - 44,HSN,44.99,34.98,30.0,0.0,RED INTERNET & PHONE CABLE U,1.0
504,55 - 59,KBW,39.99,44.98,30.0,0.0,VF CABLEMAX,0.0
505,55 - 59,KBW,39.99,34.99,30.0,0.0,VF CABLEMAX,1.0
506,55 - 59,NRW,39.98,34.98,30.0,0.0,GIGAZUHAUSE KABEL,1.0
507,45 - 49,NRW,44.99,49.99,30.0,0.0,RED INTERNET & PHONE CABLE U,1.0
508,40 - 44,NRW,44.98,34.98,30.0,0.0,RED INTERNET & PHONE CABLE U,1.0
509,30 - 34,KBW,34.98,34.98,30.0,0.0,VF CABLEMAX,1.0
510,40 - 44,NRW,49.98,49.97,30.0,0.0,RED INTERNET & PHONE CABLE U,1.0
511,55 - 59,NRW,39.99,42.97,30.0,0.0,RED INTERNET & PHONE CABLE U,0.0
512,50 - 54,NRW,44.99,44.99,30.0,0.0,VF RIP U-TREUE,1.0
513,30 - 34,NRW,39.98,39.99,30.0,0.0,GIGAZUHAUSE KABEL,0.0
514,25 - 29,NRW,43.99,45.98,30.0,0.0,RED INTERNET & PHONE CABLE U,1.0
515,60 - 64,NRW,49.99,39.99,30.0,0.0,VF RIP U-TREUE,0.0
516,25 - 29,NRW,34.99,42.98,30.0,0.0,RED INTERNET & PHONE CABLE U,0.0
517,50 - 54,NRW,37.99,34.99,30.0,0.0,RED INTERNET & PHONE CABLE U,1.0
518,25 - 29,HSN,49.96,44.98,30.0,0.0,VF CABLEMAX,1.0
519,30 - 34,NRW,44.97,47.98,30.0,0.0,RED INTERNET & PHONE CABLE U,0.0
520,45 - 49,NRW,44.96,44.98,30.0,0.0,RED INTERNET & PHONE CABLE U,0.0
521,30 - 34,NRW,44.99,39.99,30.0,0.0,VF CABLEMAX,1.0
522,35 - 39,NRW,44.98,49.98,30.0,0.0,VF RIP U-TREUE,1.0
523,25 - 29,KBW,44.98,39.99,30.0,0.0,RED INTERNET & PHONE CABLE U,1.0
524,35 - 39,KBW,44.99,39.99,30.0,0.0,RED INTERNET & PHONE CABLE U,0.0
525,40 - 44,NRW,39.99,39.98,30.0,0.0,RED INTERNET & PHONE CABLE U,1.0
526,55 - 59,KBW,39.98,34.98,30.0,0.0,RED INTERNET & PHONE CABLE U,0.0
527,55 - 59,KBW,34.97,39.99,30.0,0.0,RED INTERNET & PHONE CABLE U,1.0
528,35 - 39,NRW,39.97,34.99,30.0,0.0,RED INTERNET & PHONE CABLE U,1.0
529,25 - 29,NRW,49.99,44.99,30.0,0.0,VF CABLEMAX,0.0
530,40 - 44,NRW,39.99,39.99,30.0,0.0,VF RIP U-TREUE,0.0
531,80 and over,KBW,39.98,34.99,30.0,0.0,RED INTERNET & PHONE CABLE U,1.0
532,30 - 34,KBW,34.97,34.97,30.0,0.0,VF CABLEMAX,1.0
533,40 - 44,NRW,29.98,29.97,30.0,0.0,RED INTERNET & PHONE CABLE U,1.0
534,50 - 54,HSN,44.99,34.98,30.0,0.0,RED INTERNET & PHONE CABLE U,1.0
535,30 - 34,HSN,44.99,44.99,30.0,0.0,RED INTERNET & PHONE CABLE U,1.0
536,30 - 34,NRW,44.99,44.98,30.0,0.0,RED INTERNET & PHONE CABLE U,0.0
537,30 - 34,NRW,34.99,54.98,30.0,0.0,RED INTERNET & PHONE CABLE U,1.0
538,70 - 74,NRW,34.98,44.98,30.0,0.0,GIGAZUHAUSE KABEL,1.0
539,30 - 34,KBW,39.97,44.99,30.0,0.0,RED INTERNET & PHONE CABLE U,0.0
540,65 - 69,NRW,39.99,47.99,30.0,0.0,RED INTERNET & PHONE CABLE U,1.0
541,25 - 29,HSN,34.99,49.98,30.0,0.0,RED INTERNET & PHONE CABLE U,0.0
542,25 - 29,KBW,39.99,39.99,30.0,0.0,RED INTERNET & PHONE CABLE U,1.0
543,55 - 59,NRW,34.99,44.99,30.0,0.0,RED INTERNET & PHONE CABLE U,1.0
544,35 - 39,HSN,44.99,39.99,30.0,0.0,RED INTERNET & PHONE CABLE U,1.0
545,65 - 69,NRW,49.99,39.99,30.0,0.0,VF RIP U-TREUE,1.0
546,55 - 59,NRW,34.98,39.97,30.0,0.0,VF RIP U-TREUE,1.0
547,40 - 44,HSN,39.99,34.99,30.0,0.0,VF RIP U-TREUE,1.0
548,55 - 59,NRW,34.99,44.99,30.0,0.0,RED INTERNET & PHONE CABLE U,1.0
549,65 - 69,KBW,34.99,39.99,30.0,0.0,VF CABLEMAX,0.0
550,25 - 29,NRW,29.98,44.98,30.0,0.0,RED INTERNET & PHONE CABLE U,0.0
551,30 - 34,HSN,34.98,39.99,30.0,0.0,RED INTERNET & PHONE CABLE U,1.0
552,40 - 44,NRW,49.98,49.98,30.0,0.0,RED INTERNET & PHONE CABLE U,1.0
553,55 - 59,NRW,29.98,39.99,30.0,0.0,GIGAZUHAUSE KABEL,0.0
554,30 - 34,NRW,49.98,29.99,30.0,0.0,GIGAZUHAUSE KABEL,1.0
555,35 - 39,NRW,34.98,39.99,30.0,0.0,VF RIP U-TREUE,0.0
556,65 - 69,NRW,44.99,34.98,30.0,0.0,RED INTERNET & PHONE CABLE U,0.0
557,45 - 49,KBW,34.99,44.98,30.0,0.0,VF CABLEMAX,1.0
558,35 - 39,NRW,49.99,44.98,30.0,0.0,VF CABLEMAX,0.0
559,25 - 29,KBW,44.99,34.97,30.0,0.0,RED INTERNET & PHONE CABLE U,0.0
560,25 - 29,NRW,34.99,34.99,30.0,0.0,VF RIP U-TREUE,0.0
561,45 - 49,NRW,34.99,39.99,30.0,0.0,RED INTERNET & PHONE CABLE U,1.0
562,40 - 44,KBW,44.99,49.99,30.0,0.0,VF CABLEMAX,0.0
563,40 - 44,NRW,34.99,47.98,30.0,0.0,VF RIP U-TREUE,0.0
564,55 - 59,NRW,44.98,34.97,30.0,0.0,VF RIP U-TREUE,0.0
565,25 - 29,KBW,39.98,39.98,30.0,0.0,RED INTERNET & PHONE CABLE U,1.0
566,30 - 34,KBW,34.97,29.97,30.0,0.0,VF RIP U-TREUE,1.0
567,70 - 74,NRW,44.99,44.99,30.0,0.0,RED INTERNET & PHONE CABLE U,0.0
568,35 - 39,NRW,44.99,39.97,30.0,0.0,VF CABLEMAX,0.0
569,25 - 29,NRW,44.99,34.98,30.0,0.0,VF RIP U-TREUE,1.0
570,50 - 54,KBW,34.99,34.97,30.0,0.0,VF RIP U-TREUE,0.0
571,40 - 44,NRW,34.99,34.98,30.0,0.0,RED INTERNET & PHONE CABLE U,1.0
572,30 - 34,NRW,44.98,39.98,30.0,0.0,RED INTERNET & PHONE CABLE U,0.0
573,30 - 34,NRW,39.97,49.99,30.0,0.0,RED INTERNET & PHONE CABLE U,0.0
574,25 - 29,KBW,39.99,34.99,30.0,0.0,RED INTERNET & PHONE CABLE U,1.0
575,60 - 64,KBW,49.99,34.97,30.0,0.0,VF RIP U-TREUE,0.0
576,50 - 54,KBW,49.98,39.98,30.0,0.0,RED INTERNET & PHONE CABLE U,1.0
577,35 - 39,NRW,34.98,29.98,30.0,0.0,RED INTERNET & PHONE CABLE U,0.0
578,60 - 64,NRW,39.97,34.98,30.0,0.0,VF RIP U-TREUE,0.0
579,35 - 39,KBW,39.99,34.98,30.0,0.0,RED INTERNET & PHONE CABLE U,1.0
580,25 - 29,KBW,34.99,54.99,30.0,0.0,RED INTERNET & PHONE CABLE U,1.0
581,25 - 29,NRW,34.98,34.97,30.0,0.0,RED INTERNET & PHONE CABLE U,0.0
582,40 - 44,KBW,39.99,44.99,30.0,0.0,RED INTERNET & PHONE CABLE U,0.0
583,30 - 34,KBW,74.99,44.99,30.0,0.0,VF CABLEMAX,0.0
584,30 - 34,NRW,34.98,29.99,30.0,0.0,RED INTERNET & PHONE CABLE U,1.0
585,40 - 44,NRW,39.99,44.99,30.0,0.0,RED INTERNET & PHONE CABLE U,1.0
586,40 - 44,KBW,39.99,39.99,30.0,0.0,VF RIP U-TREUE,1.0
587,65 - 69,KBW,39.98,44.98,30.0,0.0,RED INTERNET & PHONE CABLE U,1.0
588,35 - 39,NRW,34.99,44.99,30.0,0.0,RED INTERNET & PHONE CABLE U,1.0
589,40 - 44,NRW,39.99,37.99,30.0,0.0,RED INTERNET & PHONE CABLE U,1.0
590,35 - 39,KBW,49.98,49.99,30.0,0.0,INTERNET START HZ TV,1.0
591,80 and over,HSN,44.99,24.99,30.0,0.0,RED INTERNET & PHONE CABLE U,0.0
592,35 - 39,NRW,39.98,44.98,30.0,0.0,RED INTERNET & PHONE CABLE U,0.0
593,30 - 34,KBW,34.99,44.99,30.0,0.0,VF RIP U-TREUE,0.0
594,35 - 39,NRW,44.99,44.97,30.0,0.0,RED INTERNET & PHONE CABLE U,0.0
595,35 - 39,KBW,32.99,47.99,30.0,0.0,VF CABLEMAX,0.0
596,40 - 44,NRW,39.99,39.98,30.0,0.0,GIGAZUHAUSE KABEL,1.0
597,30 - 34,NRW,54.98,44.98,30.0,0.0,RED INTERNET & PHONE CABLE U,0.0
598,65 - 69,KBW,39.98,53.98,30.0,0.0,GIGAZUHAUSE KABEL,1.0
599,65 - 69,NRW,49.99,44.98,30.0,0.0,VF RIP U-TREUE,1.0
600,30 - 34,NRW,44.98,44.99,30.0,0.0,RED INTERNET & PHONE CABLE U,0.0
601,40 - 44,HSN,44.98,44.98,30.0,0.0,VF RIP U-TREUE,0.0
602,55 - 59,NRW,34.99,29.98,30.0,0.0,RED INTERNET & PHONE CABLE U,1.0
603,40 - 44,HSN,34.99,49.98,30.0,0.0,RED INTERNET & PHONE CABLE U,0.0
604,40 - 44,NRW,44.98,37.99,30.0,0.0,VF RIP U-TREUE,1.0
605,40 - 44,HSN,39.98,39.99,30.0,0.0,RED INTERNET & PHONE CABLE U,1.0
606,35 - 39,NRW,52.98,44.98,30.0,0.0,RED INTERNET & PHONE CABLE U,0.0
607,45 - 49,NRW,44.99,39.99,30.0,0.0,VF RIP U-TREUE,0.0
608,25 - 29,KBW,44.98,44.98,30.0,0.0,VF CABLEMAX,1.0
609,50 - 54,NRW,34.97,34.98,30.0,0.0,VF CABLEMAX,1.0
610,55 - 59,KBW,34.99,44.99,30.0,0.0,RED INTERNET & PHONE CABLE U,0.0
611,55 - 59,NRW,44.98,49.99,30.0,0.0,RED INTERNET & PHONE CABLE U,0.0
612,25 - 29,NRW,49.97,39.99,30.0,0.0,RED INTERNET & PHONE CABLE U,1.0
613,25 - 29,KBW,39.99,34.99,30.0,0.0,VF RIP U-TREUE,0.0
614,35 - 39,HSN,34.99,39.99,30.0,0.0,GIGAZUHAUSE KABEL,0.0
615,40 - 44,KBW,49.99,44.98,30.0,0.0,GIGAZUHAUSE KABEL,1.0
616,50 - 54,NRW,39.99,44.99,30.0,0.0,RED INTERNET & PHONE CABLE U,0.0
617,40 - 44,NRW,39.99,39.97,30.0,0.0,RED INTERNET & PHONE CABLE U,1.0
618,35 - 39,NRW,44.99,44.97,30.0,0.0,GIGAZUHAUSE KABEL,0.0
619,35 - 39,NRW,34.99,39.99,30.0,0.0,GIGAZUHAUSE KABEL,1.0
620,30 - 34,NRW,39.99,34.99,30.0,0.0,RED INTERNET & PHONE CABLE U,1.0
621,35 - 39,KBW,32.99,54.98,30.0,0.0,VF CABLEMAX,0.0
622,60 - 64,HSN,34.99,34.99,30.0,0.0,RED INTERNET & PHONE CABLE U,1.0
623,35 - 39,NRW,54.99,39.99,30.0,0.0,RED INTERNET & PHONE CABLE U,1.0
624,30 - 34,HSN,44.98,34.99,30.0,0.0,VF CABLEMAX,0.0
625,40 - 44,NRW,34.99,39.98,30.0,0.0,VF CABLEMAX,0.0
626,25 - 29,NRW,39.99,49.99,30.0,0.0,VF CABLEMAX,0.0
627,40 - 44,NRW,39.98,39.99,30.0,0.0,VF CABLEMAX,1.0
628,30 - 34,NRW,34.99,32.99,30.0,0.0,VF CABLEMAX,0.0
629,25 - 29,NRW,39.98,39.99,30.0,0.0,RED INTERNET & PHONE CABLE U,1.0
630,30 - 34,NRW,44.98,34.99,30.0,0.0,VF CABLEMAX,1.0
631,65 - 69,NRW,44.99,44.98,30.0,0.0,VF CABLEMAX,0.0
632,25 - 29,NRW,47.99,39.99,30.0,0.0,RED INTERNET & PHONE CABLE U,0.0
633,50 - 54,NRW,34.99,49.99,30.0,0.0,VF CABLEMAX,0.0
634,70 - 74,HSN,44.99,32.99,30.0,0.0,RED INTERNET & PHONE CABLE U,0.0
635,30 - 34,KBW,34.99,44.98,30.0,0.0,GIGAZUHAUSE KABEL,0.0
636,30 - 34,NRW,39.99,39.99,30.0,0.0,VF CABLEMAX,1.0
637,60 - 64,NRW,44.98,29.99,30.0,0.0,GIGAZUHAUSE KABEL,1.0
638,55 - 59,NRW,34.99,44.97,30.0,0.0,VF CABLEMAX,0.0
639,35 - 39,NRW,39.98,39.98,30.0,0.0,VF RIP U-TREUE,1.0
640,55 - 59,KBW,49.99,44.98,30.0,0.0,RED INTERNET & PHONE CABLE U,1.0
641,55 - 59,HSN,52.98,44.98,30.0,0.0,VF RIP U-TREUE,1.0
642,65 - 69,KBW,49.98,34.98,30.0,0.0,GIGAZUHAUSE KABEL,1.0
643,35 - 39,NRW,49.99,34.99,30.0,0.0,VF CABLEMAX,1.0
644,45 - 49,KBW,39.98,39.98,30.0,0.0,RED INTERNET & PHONE CABLE U,1.0
645,55 - 59,NRW,44.99,44.98,30.0,0.0,GIGAZUHAUSE KABEL,1.0
646,50 - 54,KBW,44.99,39.99,30.0,0.0,RED INTERNET & PHONE CABLE U,0.0
647,35 - 39,HSN,34.97,39.99,30.0,0.0,RED INTERNET & PHONE CABLE U,0.0
648,40 - 44,NRW,34.99,39.98,30.0,0.0,RED INTERNET & PHONE CABLE U,0.0
649,35 - 39,KBW,29.99,17.99,30.0,0.0,RED INTERNET & PHONE CABLE U,1.0
650,55 - 59,NRW,32.99,39.99,30.0,0.0,VF RIP U-TREUE,0.0
651,40 - 44,NRW,44.99,44.98,30.0,0.0,GIGAZUHAUSE KABEL,1.0
652,30 - 34,NRW,44.98,37.99,30.0,0.0,VF RIP U-TREUE,0.0
653,55 - 59,NRW,39.99,44.98,30.0,0.0,RED INTERNET & PHONE CABLE U,1.0
654,40 - 44,KBW,49.97,39.98,30.0,0.0,RED INTERNET & PHONE CABLE U,0.0
655,50 - 54,KBW,44.99,39.98,30.0,0.0,GIGAZUHAUSE KABEL,1.0
656,50 - 54,NRW,44.99,39.98,30.0,0.0,RED INTERNET & PHONE CABLE U,1.0
657,45 - 49,KBW,44.98,39.98,30.0,0.0,RED INTERNET & PHONE CABLE U,0.0
658,35 - 39,NRW,44.99,44.99,30.0,0.0,VF CABLEMAX,0.0
659,55 - 59,KBW,34.99,39.99,30.0,0.0,RED INTERNET & PHONE CABLE U,1.0
660,60 - 64,KBW,49.98,34.99,30.0,0.0,RED INTERNET & PHONE CABLE U,1.0
661,60 - 64,NRW,39.97,34.99,30.0,0.0,VF CABLEMAX,1.0
662,35 - 39,KBW,49.98,34.99,30.0,0.0,RED INTERNET & PHONE CABLE U,1.0
663,25 - 29,NRW,34.98,34.99,30.0,0.0,RED INTERNET & PHONE CABLE U,0.0
664,35 - 39,NRW,39.99,39.99,30.0,0.0,GIGAZUHAUSE KABEL,0.0
665,45 - 49,HSN,29.99,44.99,30.0,0.0,RED INTERNET & PHONE CABLE U,0.0
666,50 - 54,NRW,34.99,49.99,30.0,0.0,RED INTERNET & PHONE CABLE U,0.0
667,60 - 64,HSN,39.99,44.98,30.0,0.0,RED INTERNET & PHONE CABLE U,0.0
668,65 - 69,NRW,34.99,39.99,30.0,0.0,RED INTERNET & PHONE CABLE U,0.0
669,30 - 34,KBW,39.98,44.98,30.0,0.0,RED INTERNET & PHONE CABLE U,0.0
670,35 - 39,NRW,34.98,44.98,30.0,0.0,VF RIP U-TREUE,1.0
671,55 - 59,KBW,44.99,34.99,30.0,0.0,RED INTERNET & PHONE CABLE U,0.0
672,50 - 54,KBW,44.98,39.97,30.0,0.0,RED INTERNET & PHONE CABLE U,0.0
673,35 - 39,NRW,42.99,39.98,30.0,0.0,RED INTERNET & PHONE CABLE U,1.0
674,35 - 39,NRW,44.99,44.99,30.0,0.0,RED INTERNET & PHONE CABLE U,0.0
675,35 - 39,NRW,49.98,54.98,30.0,0.0,VF RIP U-TREUE,0.0
676,35 - 39,NRW,39.99,39.98,30.0,0.0,RED INTERNET & PHONE CABLE U,0.0
677,35 - 39,NRW,44.99,24.98,30.0,0.0,RED INTERNET & PHONE CABLE U,0.0
678,55 - 59,NRW,24.99,39.98,30.0,0.0,RED INTERNET & PHONE CABLE U,1.0
679,30 - 34,NRW,44.98,44.99,30.0,0.0,RED INTERNET & PHONE CABLE U,1.0
680,40 - 44,KBW,34.98,49.99,30.0,0.0,RED INTERNET & PHONE CABLE U,1.0
681,25 - 29,NRW,42.99,47.99,30.0,0.0,RED INTERNET & PHONE CABLE U,0.0
682,18 - 24,NRW,44.99,34.99,30.0,0.0,RED INTERNET & PHONE CABLE U,1.0
683,65 - 69,KBW,34.99,34.99,30.0,0.0,RED INTERNET & PHONE CABLE U,0.0
684,30 - 34,NRW,49.99,44.97,30.0,0.0,RED INTERNET & PHONE CABLE U,0.0
685,25 - 29,NRW,34.99,42.99,30.0,0.0,VF CABLEMAX,1.0
686,70 - 74,KBW,39.97,39.99,30.0,0.0,RED INTERNET & PHONE CABLE U,1.0
687,45 - 49,NRW,44.98,49.98,30.0,0.0,RED INTERNET & PHONE CABLE U,0.0
688,25 - 29,NRW,44.99,39.98,30.0,0.0,VF RIP U-TREUE,0.0
689,25 - 29,KBW,39.98,34.98,30.0,0.0,VF RIP U-TREUE,0.0
690,25 - 29,NRW,44.98,44.98,30.0,0.0,VF CABLEMAX,0.0
691,50 - 54,HSN,44.98,24.99,30.0,0.0,RED INTERNET & PHONE CABLE U,1.0
692,25 - 29,KBW,39.98,39.99,30.0,0.0,RED INTERNET & PHONE CABLE U,1.0
693,55 - 59,KBW,39.98,34.98,30.0,0.0,RED INTERNET & PHONE CABLE U,0.0
694,30 - 34,KBW,34.99,44.98,30.0,0.0,RED INTERNET & PHONE CABLE U,0.0
695,35 - 39,NRW,49.99,34.98,30.0,0.0,VF RIP U-TREUE,0.0
696,35 - 39,KBW,44.99,49.99,30.0,0.0,RED INTERNET & PHONE CABLE U,1.0
697,25 - 29,NRW,44.98,39.99,30.0,0.0,RED INTERNET & PHONE CABLE U,0.0
698,35 - 39,NRW,58.99,39.98,30.0,0.0,VF CABLEMAX,1.0
699,35 - 39,NRW,44.98,34.98,30.0,0.0,GIGAZUHAUSE KABEL,0.0
700,55 - 59,NRW,34.99,39.99,30.0,0.0,RED INTERNET & PHONE CABLE U,0.0
701,25 - 29,HSN,39.98,44.97,30.0,0.0,RED INTERNET & PHONE CABLE U,0.0
702,55 - 59,HSN,34.99,44.97,30.0,0.0,RED INTERNET & PHONE CABLE U,0.0
703,65 - 69,KBW,34.98,39.99,30.0,0.0,VF RIP U-TREUE,1.0
704,30 - 34,NRW,39.97,39.98,30.0,0.0,GIGAZUHAUSE KABEL,1.0
705,80 and over,KBW,32.98,44.97,30.0,0.0,RED INTERNET & PHONE CABLE U,1.0
706,30 - 34,NRW,42.97,44.99,30.0,0.0,RED INTERNET & PHONE CABLE U,0.0
707,35 - 39,NRW,44.98,38.98,30.0,0.0,RED INTERNET & PHONE CABLE U,0.0
708,40 - 44,KBW,44.99,44.99,30.0,0.0,RED INTERNET & PHONE CABLE U,1.0
709,80 and over,NRW,34.99,44.98,30.0,0.0,RED INTERNET & PHONE CABLE U,1.0
710,40 - 44,KBW,44.99,37.99,30.0,0.0,VF RIP U-TREUE,0.0
711,50 - 54,KBW,44.99,49.99,30.0,0.0,RED INTERNET & PHONE CABLE U,0.0
712,35 - 39,NRW,44.99,39.97,30.0,0.0,RED INTERNET & PHONE CABLE U,1.0
713,65 - 69,NRW,39.99,34.99,30.0,0.0,RED INTERNET & PHONE CABLE U,0.0
714,35 - 39,KBW,44.99,47.98,30.0,0.0,VF CABLEMAX,1.0
715,50 - 54,NRW,34.99,34.99,30.0,0.0,RED INTERNET & PHONE CABLE U,1.0
716,40 - 44,HSN,39.99,44.99,30.0,0.0,GIGAZUHAUSE KABEL,0.0
717,40 - 44,NRW,39.98,44.99,30.0,0.0,RED INTERNET & PHONE CABLE U,1.0
718,25 - 29,KBW,44.98,44.99,30.0,0.0,RED INTERNET & PHONE CABLE U,0.0
719,25 - 29,KBW,29.99,39.98,30.0,0.0,RED INTERNET & PHONE CABLE U,1.0
720,45 - 49,NRW,17.99,49.98,30.0,0.0,RED INTERNET & PHONE CABLE U,0.0
721,40 - 44,NRW,42.99,34.99,30.0,0.0,VF RIP U-TREUE,1.0
722,25 - 29,NRW,44.99,39.98,30.0,0.0,GIGAZUHAUSE KABEL,0.0
723,40 - 44,NRW,34.98,29.98,30.0,0.0,RED INTERNET & PHONE CABLE U,0.0
724,60 - 64,NRW,49.99,44.98,30.0,0.0,RED INTERNET & PHONE CABLE U,0.0
725,45 - 49,NRW,34.98,44.99,30.0,0.0,RED INTERNET & PHONE CABLE U,1.0
726,60 - 64,NRW,34.98,44.98,30.0,0.0,VF CABLEMAX,0.0
727,35 - 39,NRW,44.98,39.99,30.0,0.0,RED INTERNET & PHONE CABLE U,1.0
728,35 - 39,NRW,37.98,39.98,30.0,0.0,RED INTERNET & PHONE CABLE U,1.0
729,60 - 64,NRW,34.99,39.98,30.0,0.0,RED INTERNET & PHONE CABLE U,0.0
730,25 - 29,NRW,32.97,44.98,30.0,0.0,VF RIP U-TREUE,0.0
731,60 - 64,NRW,39.99,34.98,30.0,0.0,RED INTERNET & PHONE CABLE U,1.0
732,35 - 39,KBW,32.99,39.98,30.0,0.0,RED INTERNET & PHONE CABLE U,0.0
733,70 - 74,NRW,39.99,44.99,30.0,0.0,VF RIP U-TREUE,0.0
734,25 - 29,KBW,44.99,39.97,30.0,0.0,GIGAZUHAUSE KABEL,1.0
735,30 - 34,NRW,34.99,44.99,30.0,0.0,RED INTERNET & PHONE CABLE U,1.0
736,60 - 64,NRW,44.98,49.99,30.0,0.0,RED INTERNET & PHONE CABLE U,1.0
737,40 - 44,KBW,44.98,39.99,30.0,0.0,GIGAZUHAUSE KABEL,0.0
738,55 - 59,NRW,49.99,34.99,30.0,0.0,VF RIP U-TREUE,1.0
739,25 - 29,NRW,39.99,44.97,30.0,0.0,RED INTERNET & PHONE CABLE U,1.0
740,60 - 64,KBW,34.98,34.99,30.0,0.0,RED INTERNET & PHONE CABLE U,1.0
741,50 - 54,KBW,34.99,39.98,30.0,0.0,RED INTERNET & PHONE CABLE U,0.0
742,40 - 44,NRW,32.99,39.97,30.0,0.0,VF RIP U-TREUE,0.0
743,40 - 44,NRW,39.97,44.98,6.0,0.0,GIGAZUHAUSE KABEL,1.0
744,30 - 34,NRW,44.99,34.99,30.0,0.0,RED INTERNET & PHONE CABLE U,1.0
745,40 - 44,NRW,39.98,34.99,30.0,0.0,VF CABLEMAX,0.0
746,35 - 39,NRW,34.99,34.97,30.0,0.0,RED INTERNET & PHONE CABLE U,1.0
747,65 - 69,KBW,44.98,37.98,30.0,0.0,GIGAZUHAUSE KABEL,1.0
748,18 - 24,NRW,34.98,34.98,30.0,0.0,RED INTERNET & PHONE CABLE U,1.0
749,55 - 59,KBW,49.98,39.98,30.0,0.0,GIGAZUHAUSE KABEL,1.0
750,30 - 34,NRW,49.99,39.99,30.0,0.0,VF RIP U-TREUE,0.0
751,35 - 39,KBW,44.99,44.97,30.0,0.0,RED INTERNET & PHONE CABLE U,0.0
752,18 - 24,NRW,34.99,39.99,30.0,0.0,RED INTERNET & PHONE CABLE U,1.0
753,40 - 44,KBW,44.99,44.98,30.0,0.0,VF CABLEMAX,1.0
754,35 - 39,KBW,39.98,39.98,30.0,0.0,RED INTERNET & PHONE CABLE U,0.0
755,55 - 59,KBW,44.98,34.97,30.0,0.0,RED INTERNET & PHONE CABLE U,1.0
756,40 - 44,KBW,39.99,44.99,30.0,0.0,VF RIP U-TREUE,1.0
757,40 - 44,NRW,34.99,44.99,30.0,0.0,RED INTERNET & PHONE CABLE U,1.0
758,35 - 39,NRW,39.98,44.98,30.0,0.0,GIGAZUHAUSE KABEL,1.0
759,30 - 34,KBW,34.99,44.99,30.0,0.0,VF RIP U-TREUE,1.0
760,35 - 39,NRW,39.99,50.99,30.0,0.0,RED INTERNET & PHONE CABLE U,1.0
761,65 - 69,KBW,44.99,34.99,30.0,0.0,VF RIP U-TREUE,0.0
762,65 - 69,NRW,39.98,44.99,30.0,0.0,RED INTERNET & PHONE CABLE U,0.0
763,25 - 29,KBW,34.99,44.99,30.0,0.0,RED INTERNET & PHONE CABLE U,0.0
764,55 - 59,KBW,44.98,34.98,30.0,0.0,RED INTERNET & PHONE CABLE U,1.0
765,50 - 54,NRW,44.99,49.99,30.0,0.0,RED INTERNET & PHONE CABLE U,1.0
766,55 - 59,NRW,39.99,39.98,30.0,0.0,VF RIP U-TREUE,1.0
767,55 - 59,NRW,29.98,49.99,30.0,0.0,VF RIP U-TREUE,0.0
768,25 - 29,NRW,44.99,34.98,30.0,0.0,GIGAZUHAUSE KABEL,1.0
769,40 - 44,NRW,44.99,44.98,30.0,0.0,RED INTERNET & PHONE CABLE U,0.0
770,45 - 49,KBW,39.98,44.98,30.0,0.0,VF RIP U-TREUE,1.0
771,35 - 39,NRW,39.98,39.98,30.0,0.0,RED INTERNET & PHONE CABLE U,1.0
772,40 - 44,KBW,39.99,39.98,30.0,0.0,RED INTERNET & PHONE CABLE U,1.0
773,55 - 59,NRW,47.97,34.98,30.0,0.0,RED INTERNET & PHONE CABLE U,0.0
774,50 - 54,HSN,34.99,44.98,30.0,0.0,RED INTERNET & PHONE CABLE U,1.0
775,35 - 39,NRW,39.98,34.98,30.0,0.0,VF RIP U-TREUE,1.0
776,25 - 29,NRW,39.98,44.97,30.0,0.0,RED INTERNET & PHONE CABLE U,0.0
777,40 - 44,NRW,39.98,44.99,30.0,0.0,VF RIP U-TREUE,0.0
778,50 - 54,NRW,44.98,34.98,30.0,0.0,RED INTERNET & PHONE CABLE U,1.0
779,60 - 64,NRW,37.97,39.99,30.0,0.0,RED INTERNET & PHONE CABLE U,1.0
780,25 - 29,NRW,44.98,44.97,30.0,0.0,VF CABLEMAX,0.0
781,30 - 34,NRW,39.98,34.98,30.0,0.0,GIGAZUHAUSE KABEL,0.0
782,25 - 29,NRW,39.98,39.98,30.0,0.0,RED INTERNET & PHONE CABLE U,0.0
783,25 - 29,NRW,39.99,39.99,30.0,0.0,RED INTERNET & PHONE CABLE U,0.0
784,40 - 44,HSN,34.98,44.98,30.0,0.0,RED INTERNET & PHONE CABLE U,0.0
785,30 - 34,NRW,34.98,34.97,30.0,0.0,GIGAZUHAUSE KABEL,1.0
786,25 - 29,NRW,49.99,44.98,30.0,0.0,GIGAZUHAUSE KABEL,1.0
787,50 - 54,HSN,44.99,44.98,30.0,0.0,GIGAZUHAUSE KABEL,0.0
788,25 - 29,KBW,39.98,29.99,30.0,0.0,VF CABLEMAX,1.0
789,30 - 34,NRW,39.99,49.99,30.0,0.0,VF RIP U-TREUE,1.0
790,45 - 49,NRW,44.99,44.99,30.0,0.0,RED INTERNET & PHONE CABLE U,1.0
791,70 - 74,NRW,34.98,44.99,30.0,0.0,RED INTERNET & PHONE CABLE U,1.0
792,25 - 29,KBW,39.99,44.99,30.0,0.0,RED INTERNET & PHONE CABLE U,0.0
793,25 - 29,NRW,34.99,44.98,30.0,0.0,RED INTERNET & PHONE CABLE U,1.0
794,60 - 64,NRW,47.99,49.97,30.0,0.0,RED INTERNET & PHONE CABLE U,1.0
795,30 - 34,NRW,29.99,44.98,30.0,0.0,RED INTERNET & PHONE CABLE U,1.0
796,65 - 69,HSN,40.98,34.98,30.0,0.0,VF RIP U-TREUE,0.0
797,50 - 54,NRW,39.99,58.97,30.0,0.0,VF CABLEMAX,0.0
798,65 - 69,KBW,34.98,39.99,30.0,0.0,RED INTERNET & PHONE CABLE U,1.0
799,25 - 29,NRW,44.96,34.98,30.0,0.0,RED INTERNET & PHONE CABLE U,1.0
800,40 - 44,NRW,49.98,44.98,30.0,0.0,VF RIP U-TREUE,1.0
801,35 - 39,NRW,44.99,44.98,30.0,0.0,RED INTERNET & PHONE CABLE U,1.0
802,35 - 39,NRW,44.98,44.98,30.0,0.0,VF RIP U-TREUE,0.0
803,45 - 49,NRW,44.98,64.98,30.0,0.0,VF RIP U-TREUE,1.0
804,25 - 29,NRW,24.99,39.99,30.0,0.0,RED INTERNET & PHONE CABLE U,0.0
805,70 - 74,KBW,39.98,39.99,30.0,0.0,VF RIP U-TREUE,1.0
806,80 and over,KBW,44.98,29.99,30.0,0.0,RED INTERNET & PHONE CABLE U,1.0
807,30 - 34,NRW,39.98,39.98,30.0,0.0,RED INTERNET & PHONE CABLE U,1.0
808,40 - 44,KBW,34.99,29.98,30.0,0.0,RED INTERNET & PHONE CABLE U,1.0
809,30 - 34,NRW,44.98,34.99,30.0,0.0,RED INTERNET & PHONE CABLE U,1.0
810,45 - 49,NRW,34.99,0.99,30.0,0.0,RED INTERNET & PHONE CABLE U,0.0
811,35 - 39,HSN,34.99,49.98,30.0,0.0,RED INTERNET & PHONE CABLE U,1.0
812,35 - 39,NRW,34.99,29.99,30.0,0.0,VF RIP U-TREUE,1.0
813,50 - 54,NRW,44.97,44.99,30.0,0.0,VF RIP U-TREUE,0.0
814,55 - 59,KBW,44.99,39.99,30.0,0.0,VF RIP U-TREUE,0.0
815,25 - 29,KBW,34.98,44.99,30.0,0.0,RED INTERNET & PHONE CABLE U,1.0
816,55 - 59,KBW,58.98,39.99,30.0,0.0,GIGAZUHAUSE KABEL,0.0
817,40 - 44,KBW,44.98,39.97,30.0,0.0,VF RIP U-TREUE,0.0
818,55 - 59,HSN,39.99,39.98,30.0,0.0,RED INTERNET & PHONE CABLE U,1.0
819,35 - 39,NRW,44.98,44.99,30.0,0.0,GIGAZUHAUSE KABEL,0.0
820,40 - 44,NRW,34.98,49.97,30.0,0.0,VF RIP U-TREUE,0.0
821,25 - 29,NRW,39.98,44.98,30.0,0.0,GIGAZUHAUSE KABEL,0.0
822,55 - 59,KBW,34.99,34.99,30.0,0.0,RED INTERNET & PHONE CABLE U,1.0
823,25 - 29,NRW,39.99,34.99,30.0,0.0,RED INTERNET & PHONE CABLE U,0.0
824,50 - 54,NRW,34.98,44.98,30.0,0.0,RED INTERNET & PHONE CABLE U,1.0
825,40 - 44,NRW,39.98,44.98,30.0,0.0,RED INTERNET & PHONE CABLE U,1.0
826,40 - 44,NRW,39.99,29.99,30.0,0.0,RED INTERNET & PHONE CABLE U,1.0
827,30 - 34,KBW,49.98,39.96,30.0,0.0,GIGAZUHAUSE KABEL,0.0
828,30 - 34,NRW,44.98,54.98,30.0,0.0,RED INTERNET & PHONE CABLE U,1.0
829,35 - 39,NRW,39.99,39.98,30.0,0.0,RED INTERNET & PHONE CABLE U,1.0
830,45 - 49,KBW,44.99,44.99,30.0,0.0,GIGAZUHAUSE TREUE B,1.0
831,30 - 34,NRW,34.98,44.99,30.0,0.0,VF RIP U-TREUE,0.0
832,35 - 39,HSN,29.99,39.97,30.0,0.0,VF RIP U-TREUE,0.0
833,35 - 39,NRW,49.99,44.99,30.0,0.0,VF CABLEMAX,0.0
834,50 - 54,KBW,49.99,44.99,30.0,0.0,GIGAZUHAUSE KABEL,1.0
835,40 - 44,NRW,34.97,34.99,30.0,0.0,RED INTERNET & PHONE CABLE U,0.0
836,55 - 59,KBW,34.98,39.98,30.0,0.0,RED INTERNET & PHONE CABLE U,0.0
837,45 - 49,HSN,39.98,39.99,30.0,0.0,GIGAZUHAUSE KABEL,0.0
838,60 - 64,NRW,42.99,44.99,30.0,0.0,VF RIP U-TREUE,1.0
839,65 - 69,NRW,54.98,29.98,30.0,0.0,GIGAZUHAUSE KABEL,1.0
840,25 - 29,KBW,34.98,44.98,30.0,0.0,VF RIP U-TREUE,1.0
841,30 - 34,KBW,44.98,44.99,30.0,0.0,128KBIT,1.0
842,30 - 34,NRW,34.99,34.98,30.0,0.0,RED INTERNET & PHONE CABLE U,1.0
843,25 - 29,NRW,44.98,49.99,30.0,0.0,VF CABLEMAX,0.0
844,35 - 39,NRW,44.99,39.99,30.0,0.0,VF RIP U-TREUE,1.0
845,60 - 64,KBW,39.98,44.96,30.0,0.0,RED INTERNET & PHONE CABLE U,1.0
846,70 - 74,NRW,34.99,39.99,30.0,0.0,RED INTERNET & PHONE CABLE U,1.0
847,25 - 29,KBW,34.99,44.99,30.0,0.0,VF RIP U-TREUE,0.0
848,25 - 29,NRW,39.99,44.98,30.0,0.0,RED INTERNET & PHONE CABLE U,1.0
849,30 - 34,NRW,39.99,34.98,30.0,0.0,RED INTERNET & PHONE CABLE U,0.0
850,25 - 29,NRW,49.97,39.99,30.0,0.0,VF RIP U-TREUE,1.0
851,80 and over,NRW,49.97,44.98,30.0,0.0,RED INTERNET & PHONE CABLE U,1.0
852,35 - 39,KBW,44.98,34.99,30.0,0.0,RED INTERNET & PHONE CABLE U,0.0
853,35 - 39,NRW,49.98,34.97,30.0,0.0,VF CABLEMAX,1.0
854,30 - 34,NRW,44.98,39.99,30.0,0.0,GIGAZUHAUSE KABEL,0.0
855,25 - 29,NRW,44.99,37.98,30.0,0.0,VF CABLEMAX,0.0
856,35 - 39,HSN,39.99,39.97,30.0,0.0,RED INTERNET & PHONE CABLE U,0.0
857,70 - 74,NRW,39.99,29.98,30.0,0.0,VF CABLEMAX,0.0
858,35 - 39,NRW,34.99,39.98,30.0,0.0,RED INTERNET & PHONE CABLE U,1.0
859,35 - 39,NRW,44.99,39.99,30.0,0.0,VF RIP U-TREUE,0.0
860,65 - 69,NRW,39.99,44.97,30.0,0.0,VF RIP U-TREUE,1.0
861,55 - 59,NRW,17.99,34.99,30.0,0.0,VF RIP U-TREUE,1.0
862,40 - 44,NRW,39.99,32.98,30.0,0.0,GIGAZUHAUSE KABEL,0.0
863,45 - 49,NRW,34.99,49.97,30.0,0.0,RED INTERNET & PHONE CABLE U,1.0
864,25 - 29,NRW,49.99,44.99,30.0,0.0,RED INTERNET & PHONE CABLE U,1.0
865,70 - 74,NRW,39.99,49.98,30.0,0.0,GIGAZUHAUSE KABEL,0.0
866,25 - 29,KBW,44.97,44.98,30.0,0.0,VF RIP U-TREUE,0.0
867,30 - 34,NRW,34.98,44.98,30.0,0.0,RED INTERNET & PHONE CABLE U,0.0
868,35 - 39,NRW,44.98,37.99,30.0,0.0,GIGAZUHAUSE KABEL,1.0
869,35 - 39,NRW,39.98,34.99,30.0,0.0,VF RIP U-TREUE,1.0
870,50 - 54,KBW,29.99,44.99,30.0,0.0,RED INTERNET & PHONE CABLE U,0.0
871,35 - 39,NRW,44.97,39.99,30.0,0.0,RED INTERNET & PHONE CABLE U,0.0
872,35 - 39,NRW,34.99,44.98,30.0,0.0,RED INTERNET & PHONE CABLE U,1.0
873,35 - 39,NRW,39.99,44.99,30.0,0.0,GIGAZUHAUSE KABEL,0.0
874,30 - 34,KBW,44.99,29.99,30.0,0.0,VF RIP U-TREUE,1.0
875,40 - 44,NRW,39.99,44.99,30.0,0.0,VF CABLEMAX,1.0
876,65 - 69,NRW,44.98,44.99,30.0,0.0,VF RIP U-TREUE,0.0
877,30 - 34,NRW,34.99,39.98,30.0,0.0,RED INTERNET & PHONE CABLE U,1.0
878,65 - 69,KBW,39.98,34.99,30.0,0.0,VF CABLEMAX,1.0
879,65 - 69,NRW,34.99,44.99,30.0,0.0,RED INTERNET & PHONE CABLE U,1.0
880,40 - 44,NRW,49.99,44.99,30.0,0.0,RED INTERNET & PHONE CABLE U,0.0
881,50 - 54,KBW,39.98,29.99,30.0,0.0,GIGAZUHAUSE KABEL,1.0
882,35 - 39,NRW,49.98,49.98,30.0,0.0,RED INTERNET & PHONE CABLE U,1.0
883,40 - 44,HSN,34.99,29.99,30.0,0.0,GIGAZUHAUSE KABEL,0.0
884,50 - 54,NRW,39.99,44.98,30.0,0.0,RED INTERNET & PHONE CABLE U,0.0
885,35 - 39,NRW,49.98,34.99,30.0,0.0,RED INTERNET & PHONE CABLE U,0.0
886,18 - 24,NRW,44.98,29.98,30.0,0.0,RED INTERNET & PHONE CABLE U,1.0
887,30 - 34,KBW,44.98,39.99,30.0,0.0,VF CABLEMAX,0.0
888,35 - 39,KBW,34.99,42.98,30.0,0.0,GIGAZUHAUSE KABEL,0.0
889,65 - 69,KBW,39.98,29.98,30.0,0.0,VF RIP U-TREUE,0.0
890,30 - 34,NRW,49.99,34.98,30.0,0.0,RED INTERNET & PHONE CABLE U,1.0
891,30 - 34,NRW,44.98,44.98,30.0,0.0,RED INTERNET & PHONE CABLE U,1.0
892,25 - 29,HSN,34.99,44.99,30.0,0.0,RED INTERNET & PHONE CABLE U,1.0
893,25 - 29,NRW,44.98,44.99,30.0,0.0,GIGAZUHAUSE KABEL,1.0
894,50 - 54,NRW,32.97,39.99,30.0,0.0,VF CABLEMAX,0.0
895,60 - 64,KBW,47.99,34.99,30.0,0.0,VF CABLEMAX,1.0
896,70 - 74,NRW,49.98,39.98,30.0,0.0,RED INTERNET & PHONE CABLE U,0.0
897,35 - 39,KBW,49.98,39.99,30.0,0.0,VF CABLEMAX,1.0
898,55 - 59,KBW,39.98,39.99,30.0,0.0,RED INTERNET & PHONE CABLE U,1.0
899,40 - 44,NRW,44.98,49.97,30.0,0.0,VF RIP U-TREUE,1.0
900,25 - 29,KBW,44.98,39.97,30.0,0.0,RED INTERNET & PHONE CABLE U,1.0
901,50 - 54,NRW,44.98,34.99,30.0,0.0,RED INTERNET & PHONE CABLE U,1.0
902,65 - 69,NRW,44.99,34.99,30.0,0.0,RED INTERNET & PHONE CABLE U,1.0
903,25 - 29,NRW,44.97,34.99,30.0,0.0,RED INTERNET & PHONE CABLE U,1.0
904,35 - 39,NRW,44.99,39.98,30.0,0.0,VF RIP U-TREUE,1.0
905,35 - 39,NRW,39.98,34.99,30.0,0.0,RED INTERNET & PHONE CABLE U,0.0
906,35 - 39,HSN,39.98,44.99,30.0,0.0,RED INTERNET & PHONE CABLE U,1.0
907,35 - 39,KBW,44.99,39.99,30.0,0.0,RED INTERNET & PHONE CABLE U,1.0
908,45 - 49,KBW,44.98,39.99,30.0,0.0,VF CABLEMAX,1.0
909,35 - 39,NRW,39.98,44.99,30.0,0.0,RED INTERNET & PHONE CABLE U,1.0
910,70 - 74,KBW,44.99,39.98,30.0,0.0,RED INTERNET & PHONE CABLE U,1.0
911,40 - 44,KBW,49.99,49.98,30.0,0.0,RED INTERNET & PHONE CABLE U,0.0
912,25 - 29,NRW,44.98,29.99,30.0,0.0,VF RIP U-TREUE,1.0
913,35 - 39,KBW,32.99,44.98,30.0,0.0,VF RIP U-TREUE,0.0
914,50 - 54,KBW,44.98,39.97,30.0,0.0,RED INTERNET & PHONE CABLE U,0.0
915,35 - 39,HSN,39.99,39.99,30.0,1.0,RED INTERNET & PHONE CABLE U,0.0
916,30 - 34,KBW,37.98,39.98,30.0,0.0,VF CABLEMAX,0.0
917,30 - 34,NRW,49.99,39.99,30.0,0.0,GIGAZUHAUSE KABEL,0.0
918,65 - 69,NRW,39.98,34.97,30.0,0.0,RED INTERNET & PHONE CABLE U,0.0
919,40 - 44,NRW,34.98,44.99,30.0,0.0,RED INTERNET & PHONE CABLE U,0.0
920,65 - 69,NRW,34.99,44.98,30.0,0.0,GIGAZUHAUSE KABEL,1.0
921,25 - 29,NRW,39.99,29.98,30.0,0.0,VF RIP U-TREUE,0.0
922,70 - 74,NRW,44.98,44.98,30.0,0.0,VF CABLEMAX,1.0
923,40 - 44,NRW,34.98,44.99,30.0,0.0,VF CABLEMAX,0.0
924,35 - 39,HSN,52.99,29.98,30.0,0.0,RED INTERNET & PHONE CABLE U,0.0
925,65 - 69,NRW,29.99,54.99,30.0,0.0,RED INTERNET & PHONE CABLE U,0.0
926,60 - 64,NRW,34.99,34.99,30.0,0.0,RED INTERNET & PHONE CABLE U,1.0
927,45 - 49,NRW,44.97,34.99,30.0,0.0,GIGAZUHAUSE KABEL,1.0
928,35 - 39,NRW,29.97,29.99,30.0,0.0,VF RIP U-TREUE,0.0
929,35 - 39,KBW,39.99,34.98,30.0,0.0,VF RIP U-TREUE,0.0
930,25 - 29,KBW,54.99,44.99,30.0,0.0,RED INTERNET & PHONE CABLE U,0.0
931,60 - 64,KBW,44.99,39.98,30.0,0.0,RED INTERNET & PHONE CABLE U,1.0
932,30 - 34,NRW,39.99,44.98,30.0,0.0,VF RIP U-TREUE,1.0
933,25 - 29,KBW,44.99,44.99,30.0,0.0,RED INTERNET & PHONE CABLE U,1.0
934,55 - 59,KBW,34.99,39.97,30.0,0.0,RED INTERNET & PHONE CABLE U,1.0
935,50 - 54,NRW,49.99,39.99,30.0,0.0,RED INTERNET & PHONE CABLE U,1.0
936,40 - 44,HSN,42.99,44.99,30.0,0.0,RED INTERNET & PHONE CABLE U,0.0
937,80 and over,NRW,37.98,34.97,30.0,0.0,GIGAZUHAUSE KABEL,0.0
938,55 - 59,HSN,44.98,29.99,30.0,0.0,VF RIP U-TREUE,1.0
939,60 - 64,KBW,34.98,44.98,30.0,0.0,RED INTERNET & PHONE CABLE U,1.0
940,35 - 39,NRW,24.99,34.99,30.0,0.0,RED INTERNET & PHONE CABLE U,1.0
941,65 - 69,HSN,44.97,44.98,30.0,0.0,RED INTERNET & PHONE CABLE U,0.0
942,40 - 44,NRW,39.98,44.99,30.0,0.0,RED INTERNET & PHONE CABLE U,1.0
943,40 - 44,NRW,32.99,44.99,30.0,0.0,VF RIP U-TREUE,0.0
944,25 - 29,NRW,49.98,39.98,30.0,0.0,RED INTERNET & PHONE CABLE U,1.0
945,60 - 64,KBW,39.99,34.97,30.0,0.0,RED INTERNET & PHONE CABLE U,0.0
946,30 - 34,NRW,44.98,39.98,30.0,0.0,RED INTERNET & PHONE CABLE U,1.0
947,35 - 39,NRW,37.98,29.99,30.0,0.0,GIGAZUHAUSE KABEL,1.0
948,35 - 39,NRW,34.99,39.98,30.0,0.0,VF RIP U-TREUE,0.0
949,35 - 39,NRW,39.98,44.99,30.0,0.0,VF CABLEMAX,1.0
950,30 - 34,KBW,44.98,44.98,30.0,0.0,RED INTERNET & PHONE CABLE U,0.0
951,55 - 59,KBW,39.98,39.99,30.0,0.0,RED INTERNET & PHONE CABLE U,0.0
952,60 - 64,NRW,44.99,49.99,30.0,1.0,VF RIP U-TREUE,0.0
953,40 - 44,KBW,34.97,44.98,30.0,0.0,RED INTERNET & PHONE CABLE U,1.0
954,35 - 39,KBW,44.98,39.98,30.0,0.0,VF RIP U-TREUE,1.0
955,45 - 49,NRW,34.98,29.98,30.0,0.0,RED INTERNET & PHONE CABLE U,0.0
956,55 - 59,NRW,34.98,39.99,30.0,0.0,RED INTERNET & PHONE CABLE U,1.0
957,35 - 39,KBW,44.98,44.98,30.0,0.0,VF RIP U-TREUE,1.0
958,40 - 44,KBW,34.99,39.99,30.0,0.0,RED INTERNET & PHONE CABLE U,0.0
959,25 - 29,NRW,29.99,44.99,30.0,0.0,RED INTERNET & PHONE CABLE U,1.0
960,35 - 39,KBW,39.98,44.98,30.0,0.0,RED INTERNET & PHONE CABLE U,0.0
961,35 - 39,NRW,37.98,54.99,30.0,0.0,RED INTERNET & PHONE CABLE U,0.0
962,55 - 59,NRW,44.98,44.98,30.0,0.0,VF RIP U-TREUE,0.0
963,35 - 39,NRW,44.99,39.99,30.0,0.0,VF RIP U-TREUE,0.0
964,40 - 44,NRW,32.98,39.98,30.0,0.0,VF CABLEMAX,1.0
965,40 - 44,NRW,44.99,54.98,30.0,0.0,3PLAY PLUS,1.0
966,70 - 74,NRW,39.99,39.99,30.0,0.0,RED INTERNET & PHONE CABLE U,1.0
967,50 - 54,NRW,34.98,39.99,30.0,0.0,RED INTERNET & PHONE CABLE U,0.0
968,50 - 54,KBW,34.99,44.99,30.0,0.0,RED INTERNET & PHONE CABLE U,1.0
969,35 - 39,NRW,34.99,34.98,30.0,0.0,RED INTERNET & PHONE CABLE U,0.0
970,55 - 59,NRW,44.97,44.99,30.0,0.0,VF RIP U-TREUE,1.0
971,25 - 29,KBW,44.97,44.99,30.0,0.0,VF RIP U-TREUE,0.0
972,45 - 49,NRW,39.97,44.99,30.0,0.0,RED INTERNET & PHONE CABLE U,1.0
973,35 - 39,NRW,34.99,39.99,30.0,0.0,VF CABLEMAX,0.0
974,30 - 34,KBW,34.99,34.99,30.0,0.0,VF CABLEMAX,1.0
975,35 - 39,NRW,44.99,49.99,30.0,0.0,RED INTERNET & PHONE CABLE U,0.0
976,40 - 44,KBW,44.98,54.98,30.0,0.0,VF RIP U-TREUE,0.0
977,35 - 39,NRW,34.99,44.98,30.0,0.0,VF RIP U-TREUE,1.0
978,35 - 39,NRW,39.98,39.99,30.0,0.0,GIGAZUHAUSE KABEL,1.0
979,80 and over,KBW,49.98,34.98,30.0,0.0,VF RIP U-TREUE,0.0
980,75 - 79,NRW,39.98,44.98,30.0,0.0,RED INTERNET & PHONE CABLE U,1.0
981,60 - 64,NRW,34.98,39.99,30.0,0.0,VF CABLEMAX,1.0
982,30 - 34,NRW,29.98,32.98,30.0,0.0,GIGAZUHAUSE KABEL,1.0
983,30 - 34,NRW,44.98,44.97,30.0,0.0,RED INTERNET & PHONE CABLE U,1.0
984,25 - 29,KBW,44.99,39.99,30.0,0.0,RED INTERNET & PHONE CABLE U,0.0
985,55 - 59,NRW,44.98,29.98,30.0,0.0,VF CABLEMAX,1.0
986,40 - 44,KBW,34.99,49.99,30.0,0.0,VF RIP U-TREUE,1.0
987,25 - 29,NRW,44.99,44.98,30.0,0.0,GIGAZUHAUSE KABEL,1.0
988,50 - 54,KBW,39.99,44.96,30.0,0.0,RED INTERNET & PHONE CABLE U,1.0
989,35 - 39,KBW,39.99,39.99,30.0,0.0,RED INTERNET & PHONE CABLE U,0.0
990,40 - 44,KBW,39.99,39.97,30.0,0.0,GIGAZUHAUSE KABEL,0.0
991,60 - 64,NRW,44.98,34.99,40.0,0.0,RED INTERNET & PHONE CABLE U,0.0
992,70 - 74,HSN,44.99,44.98,30.0,0.0,VF RIP U-TREUE,1.0
993,35 - 39,NRW,44.99,39.99,30.0,0.0,VF RIP U-TREUE,0.0
994,45 - 49,NRW,34.98,34.99,30.0,0.0,VF CABLEMAX,0.0
995,50 - 54,NRW,34.98,44.98,30.0,0.0,VF CABLEMAX,0.0
996,40 - 44,HSN,49.98,44.98,30.0,0.0,RED INTERNET & PHONE CABLE U,0.0
997,60 - 64,HSN,34.99,29.99,30.0,0.0,RED INTERNET & PHONE CABLE U,0.0
998,25 - 29,NRW,43.99,44.99,30.0,0.0,RED INTERNET & PHONE CABLE U,1.0
999,25 - 29,HSN,47.99,39.98,30.0,0.0,RED INTERNET & PHONE CABLE U,0.0
1000,25 - 29,KBW,49.99,29.98,30.0,0.0,VF CABLEMAX,1.0
1001,25 - 29,NRW,44.99,44.99,30.0,0.0,RED INTERNET & PHONE CABLE U,1.0
1002,40 - 44,NRW,44.99,44.98,30.0,0.0,RED INTERNET & PHONE CABLE U,0.0
1003,45 - 49,NRW,44.98,44.98,30.0,0.0,RED INTERNET & PHONE CABLE U,1.0
1004,30 - 34,KBW,54.99,44.97,30.0,0.0,VF CABLEMAX,1.0
1005,60 - 64,NRW,39.97,49.97,30.0,0.0,RED INTERNET & PHONE CABLE U,1.0
1006,35 - 39,NRW,44.99,42.99,30.0,0.0,VF CABLEMAX,0.0
1007,30 - 34,HSN,39.98,39.99,30.0,0.0,VF CABLEMAX,1.0
1008,35 - 39,NRW,44.99,34.97,30.0,0.0,VF RIP U-TREUE,0.0
1009,25 - 29,NRW,39.98,34.99,30.0,0.0,RED INTERNET & PHONE CABLE U,0.0
1010,35 - 39,NRW,49.99,44.98,30.0,0.0,VF RIP U-TREUE,0.0
1011,45 - 49,NRW,39.97,34.98,30.0,0.0,RED INTERNET & PHONE CABLE U,1.0
1012,35 - 39,KBW,29.98,44.98,30.0,0.0,RED INTERNET & PHONE CABLE U,0.0
1013,40 - 44,NRW,44.99,44.99,30.0,0.0,VF CABLEMAX,1.0
1014,30 - 34,KBW,44.99,39.98,30.0,0.0,RED INTERNET & PHONE CABLE U,0.0
1015,40 - 44,NRW,29.99,39.97,30.0,0.0,VF RIP U-TREUE,1.0
1016,55 - 59,NRW,49.98,39.99,30.0,0.0,GIGAZUHAUSE KABEL,0.0
1017,35 - 39,NRW,34.99,29.99,30.0,0.0,VF CABLEMAX,0.0
1018,35 - 39,KBW,34.99,29.99,30.0,0.0,RED INTERNET & PHONE CABLE U,1.0
1019,40 - 44,KBW,42.99,32.98,30.0,0.0,VF RIP U-TREUE,0.0
1020,35 - 39,KBW,49.98,32.99,30.0,0.0,VF RIP U-TREUE,0.0
1021,40 - 44,KBW,42.99,39.99,30.0,0.0,RED INTERNET & PHONE CABLE U,0.0
1022,65 - 69,NRW,34.96,43.98,30.0,0.0,RED INTERNET & PHONE CABLE U,1.0
1023,80 and over,NRW,44.99,39.99,30.0,0.0,GIGAZUHAUSE KABEL,0.0
1024,30 - 34,KBW,44.99,54.98,30.0,0.0,RED INTERNET & PHONE CABLE U,1.0
1025,55 - 59,NRW,39.97,39.97,30.0,0.0,VF CABLEMAX,0.0
1026,55 - 59,KBW,44.98,43.99,30.0,0.0,RED INTERNET & PHONE CABLE U,1.0
1027,25 - 29,KBW,39.99,34.99,30.0,0.0,VF CABLEMAX,0.0
1028,45 - 49,NRW,39.98,44.98,30.0,0.0,RED INTERNET & PHONE CABLE U,1.0
1029,25 - 29,NRW,44.97,49.99,30.0,0.0,VF CABLEMAX,1.0
1030,35 - 39,NRW,49.99,34.98,30.0,0.0,VF RIP U-TREUE,1.0
1031,30 - 34,NRW,47.98,44.98,30.0,0.0,VF RIP U-TREUE,0.0
1032,40 - 44,NRW,44.99,44.97,30.0,0.0,VF RIP U-TREUE,0.0
1033,55 - 59,NRW,39.99,60.98,30.0,0.0,VF RIP U-TREUE,0.0
1034,25 - 29,NRW,44.98,48.98,30.0,0.0,VF RIP U-TREUE,1.0
1035,35 - 39,KBW,44.99,44.98,30.0,0.0,RED INTERNET & PHONE CABLE U,1.0
1036,25 - 29,KBW,39.98,19.99,30.0,0.0,VF CABLEMAX,0.0
1037,35 - 39,HSN,37.99,49.99,30.0,0.0,RED INTERNET & PHONE CABLE U,0.0
1038,50 - 54,HSN,24.98,44.99,30.0,0.0,RED INTERNET & PHONE CABLE U,1.0
1039,55 - 59,NRW,39.99,34.99,30.0,0.0,VF RIP U-TREUE,0.0
1040,30 - 34,NRW,49.97,34.99,30.0,0.0,RED INTERNET & PHONE CABLE U,0.0
1041,65 - 69,NRW,39.99,44.99,30.0,0.0,VF RIP U-TREUE,0.0
1042,60 - 64,KBW,39.98,34.99,30.0,0.0,VF CABLEMAX,1.0
1043,40 - 44,KBW,39.98,29.99,30.0,0.0,RED INTERNET & PHONE CABLE U,0.0
1044,50 - 54,NRW,73.98,54.99,30.0,0.0,RED INTERNET & PHONE CABLE U,1.0
1046,50 - 54,NRW,39.97,34.98,30.0,0.0,RED INTERNET & PHONE CABLE U,0.0
1047,25 - 29,NRW,49.97,44.98,30.0,0.0,RED INTERNET & PHONE CABLE U,0.0
1048,25 - 29,NRW,44.98,34.98,30.0,0.0,RED INTERNET & PHONE CABLE U,0.0
1049,30 - 34,HSN,49.98,39.99,30.0,0.0,VF CABLEMAX,1.0
1050,25 - 29,NRW,44.99,39.99,30.0,0.0,RED INTERNET & PHONE CABLE U,1.0
1051,30 - 34,KBW,34.98,49.99,30.0,0.0,VF RIP U-TREUE,0.0
1052,60 - 64,NRW,49.97,44.98,30.0,0.0,RED INTERNET & PHONE CABLE U,1.0
1053,70 - 74,NRW,47.99,34.99,30.0,0.0,RED INTERNET & PHONE CABLE U,0.0
1054,60 - 64,KBW,44.98,39.98,30.0,0.0,RED INTERNET & PHONE CABLE U,0.0
1055,35 - 39,HSN,29.98,39.99,30.0,0.0,RED INTERNET & PHONE CABLE U,0.0
1056,30 - 34,NRW,39.99,54.97,30.0,0.0,VF CABLEMAX,0.0
1057,30 - 34,NRW,44.98,39.98,30.0,0.0,VF RIP U-TREUE,0.0
1058,40 - 44,KBW,49.99,49.98,30.0,0.0,RED INTERNET & PHONE CABLE U,0.0
1059,25 - 29,HSN,44.97,29.97,30.0,0.0,RED INTERNET & PHONE CABLE U,1.0
1060,65 - 69,KBW,39.99,49.98,30.0,0.0,RED INTERNET & PHONE CABLE U,0.0
1061,50 - 54,NRW,34.98,39.98,30.0,0.0,VF RIP U-TREUE,1.0
1062,30 - 34,HSN,39.97,39.99,30.0,0.0,VF CABLEMAX,0.0
1063,30 - 34,NRW,39.98,44.99,30.0,0.0,RED INTERNET & PHONE CABLE U,0.0
1064,40 - 44,NRW,44.98,42.98,30.0,0.0,VF CABLEMAX,0.0
1065,25 - 29,KBW,39.99,44.98,30.0,0.0,VF RIP U-TREUE,0.0
1066,25 - 29,KBW,44.99,24.99,30.0,0.0,RED INTERNET & PHONE CABLE U,1.0
1067,40 - 44,NRW,39.99,44.98,30.0,0.0,RED INTERNET & PHONE CABLE U,1.0
1068,65 - 69,NRW,44.95,44.98,30.0,1.0,RED INTERNET & PHONE CABLE U,0.0
1069,30 - 34,NRW,39.99,39.99,30.0,0.0,VF CABLEMAX,1.0
1070,65 - 69,NRW,34.98,39.98,30.0,0.0,RED INTERNET & PHONE CABLE U,1.0
1071,30 - 34,NRW,44.98,39.98,30.0,0.0,RED INTERNET & PHONE CABLE U,0.0
1072,65 - 69,NRW,37.99,44.98,30.0,0.0,RED INTERNET & PHONE CABLE U,1.0
1073,50 - 54,KBW,39.98,44.98,30.0,0.0,GIGAZUHAUSE KABEL,0.0
1074,40 - 44,NRW,44.99,39.99,30.0,0.0,VF RIP U-TREUE,1.0
1075,25 - 29,NRW,44.98,39.99,30.0,0.0,RED INTERNET & PHONE CABLE U,0.0
1076,30 - 34,KBW,44.98,44.97,30.0,0.0,RED INTERNET & PHONE CABLE U,1.0
1077,65 - 69,NRW,34.99,34.98,30.0,0.0,RED INTERNET & PHONE CABLE U,1.0
1078,50 - 54,NRW,44.99,44.97,30.0,0.0,RED INTERNET & PHONE CABLE U,0.0
1079,25 - 29,KBW,44.96,44.99,30.0,0.0,RED INTERNET & PHONE CABLE U,0.0
1080,45 - 49,KBW,34.98,42.99,30.0,0.0,RED INTERNET & PHONE CABLE U,0.0
1081,55 - 59,NRW,47.99,29.98,30.0,0.0,VF CABLEMAX,0.0
1082,50 - 54,NRW,34.99,34.99,30.0,0.0,RED INTERNET & PHONE CABLE U,1.0
1083,25 - 29,NRW,39.99,44.98,30.0,0.0,RED INTERNET & PHONE CABLE U,0.0
1084,25 - 29,NRW,42.96,38.99,30.0,0.0,RED INTERNET & PHONE CABLE U,0.0
1085,70 - 74,NRW,42.98,34.99,30.0,0.0,GIGAZUHAUSE KABEL,1.0
1086,65 - 69,NRW,42.98,39.98,30.0,0.0,RED INTERNET & PHONE CABLE U,1.0
1087,40 - 44,KBW,44.99,29.99,30.0,0.0,GIGAZUHAUSE KABEL,1.0
1088,65 - 69,NRW,49.99,49.99,30.0,0.0,RED INTERNET & PHONE CABLE U,1.0
1089,30 - 34,NRW,49.99,39.98,30.0,0.0,RED INTERNET & PHONE CABLE U,0.0
1090,65 - 69,KBW,39.98,39.97,30.0,0.0,VF RIP U-TREUE,0.0
1091,30 - 34,KBW,44.99,39.98,30.0,0.0,VF CABLEMAX,1.0
1092,55 - 59,NRW,49.99,49.98,30.0,0.0,VF RIP U-TREUE,0.0
1093,35 - 39,KBW,44.98,44.99,30.0,0.0,VF CABLEMAX,1.0
1094,40 - 44,NRW,44.97,39.98,30.0,0.0,VF RIP U-TREUE,0.0
1095,60 - 64,HSN,44.98,39.99,30.0,0.0,RED INTERNET & PHONE CABLE U,1.0
1096,55 - 59,NRW,44.99,47.98,30.0,0.0,RED INTERNET & PHONE CABLE U,1.0
1097,40 - 44,NRW,44.98,34.98,30.0,0.0,RED INTERNET & PHONE CABLE U,0.0
1098,30 - 34,NRW,34.99,5.98,30.0,0.0,RED INTERNET & PHONE CABLE U,0.0
1099,40 - 44,HSN,39.98,34.99,30.0,0.0,RED INTERNET & PHONE CABLE U,0.0
1100,30 - 34,NRW,44.99,44.98,30.0,0.0,RED INTERNET & PHONE CABLE U,0.0
1101,40 - 44,NRW,34.99,39.99,30.0,0.0,VF RIP U-TREUE,0.0
1102,60 - 64,NRW,39.98,34.99,30.0,0.0,RED INTERNET & PHONE CABLE U,1.0
1103,50 - 54,KBW,44.99,39.98,30.0,0.0,RED INTERNET & PHONE CABLE U,1.0
1104,30 - 34,NRW,44.97,39.99,30.0,0.0,VF CABLEMAX,0.0
1105,25 - 29,NRW,29.99,49.99,30.0,0.0,GIGAZUHAUSE KABEL,0.0
1106,65 - 69,NRW,34.98,34.97,30.0,0.0,RED INTERNET & PHONE CABLE U,1.0
1107,30 - 34,NRW,34.99,29.99,30.0,0.0,VF RIP U-TREUE,0.0
1108,30 - 34,NRW,34.99,29.99,30.0,0.0,RED INTERNET & PHONE CABLE U,1.0
1109,25 - 29,NRW,44.98,49.99,30.0,0.0,VF RIP U-TREUE,0.0
1110,30 - 34,NRW,44.98,29.97,30.0,0.0,VF RIP U-TREUE,0.0
1111,40 - 44,KBW,39.97,44.99,30.0,0.0,VF RIP U-TREUE,0.0
1112,60 - 64,NRW,44.99,44.98,30.0,0.0,GIGAZUHAUSE KABEL,1.0
1113,40 - 44,NRW,42.99,67.99,30.0,0.0,VF CABLEMAX,0.0
1114,35 - 39,KBW,39.99,39.99,30.0,0.0,VF CABLEMAX,0.0
1115,50 - 54,KBW,44.97,29.99,30.0,0.0,RED INTERNET & PHONE CABLE U,1.0
1116,35 - 39,NRW,39.97,39.99,30.0,0.0,GIGAZUHAUSE KABEL,0.0
1117,40 - 44,NRW,39.99,39.99,30.0,0.0,RED INTERNET & PHONE CABLE U,1.0
1118,45 - 49,NRW,34.99,49.99,30.0,0.0,GIGAZUHAUSE TREUE B,0.0
1119,40 - 44,NRW,39.98,44.97,30.0,0.0,VF RIP U-TREUE,1.0
1120,50 - 54,KBW,39.98,42.98,30.0,0.0,GIGAZUHAUSE KABEL,1.0
1121,40 - 44,KBW,44.98,44.98,30.0,0.0,VF CABLEMAX,1.0
1122,40 - 44,HSN,44.98,44.99,30.0,0.0,RED INTERNET & PHONE CABLE U,1.0
1123,40 - 44,KBW,39.99,39.99,30.0,0.0,RED INTERNET & PHONE CABLE U,0.0
1124,30 - 34,HSN,44.98,34.98,30.0,0.0,VF RIP U-TREUE,1.0
1125,30 - 34,NRW,44.98,32.99,30.0,0.0,VF RIP U-TREUE,0.0
1126,35 - 39,KBW,34.98,39.99,30.0,0.0,GIGAZUHAUSE KABEL,1.0
1127,35 - 39,HSN,44.98,44.97,30.0,0.0,RED INTERNET & PHONE CABLE U,1.0
1128,35 - 39,NRW,29.98,44.97,30.0,0.0,VF RIP U-TREUE,1.0
1129,50 - 54,KBW,44.99,34.99,30.0,0.0,RED INTERNET & PHONE CABLE U,1.0
1130,30 - 34,KBW,49.99,29.99,30.0,0.0,RED INTERNET & PHONE CABLE U,0.0
1131,45 - 49,NRW,44.99,44.98,30.0,0.0,VF RIP U-TREUE,1.0
1132,35 - 39,NRW,39.99,34.97,30.0,0.0,VF RIP U-TREUE,1.0
1133,50 - 54,KBW,44.99,29.99,30.0,0.0,VF RIP U-TREUE,1.0
1134,35 - 39,NRW,34.98,29.99,30.0,0.0,RED INTERNET & PHONE CABLE U,0.0
1135,35 - 39,NRW,39.99,39.99,30.0,0.0,RED INTERNET & PHONE CABLE U,0.0
1136,30 - 34,NRW,34.99,54.98,30.0,0.0,VF CABLEMAX,1.0
1137,60 - 64,NRW,34.99,39.99,30.0,0.0,RED INTERNET & PHONE CABLE U,0.0
1138,40 - 44,HSN,29.99,44.99,30.0,0.0,GIGAZUHAUSE KABEL,0.0
1139,35 - 39,NRW,39.98,42.98,30.0,0.0,RED INTERNET & PHONE CABLE U,1.0
1140,65 - 69,KBW,39.99,54.97,30.0,0.0,RED INTERNET & PHONE CABLE U,0.0
1141,35 - 39,NRW,48.99,39.99,30.0,0.0,RED INTERNET & PHONE CABLE U,1.0
1142,35 - 39,NRW,44.96,44.99,30.0,0.0,RED INTERNET & PHONE CABLE U,0.0
1143,55 - 59,NRW,34.99,44.98,30.0,0.0,VF CABLEMAX,1.0
1144,55 - 59,KBW,44.99,52.99,30.0,0.0,VF RIP U-TREUE,0.0
1145,25 - 29,NRW,29.99,44.99,30.0,0.0,VF RIP U-TREUE,0.0
1146,65 - 69,KBW,39.98,39.98,30.0,0.0,RED INTERNET & PHONE CABLE U,1.0
1147,45 - 49,NRW,44.99,44.97,30.0,0.0,VF CABLEMAX,0.0
1148,35 - 39,NRW,39.97,42.99,30.0,0.0,VF RIP U-TREUE,0.0
1149,35 - 39,NRW,43.99,44.98,30.0,0.0,RED INTERNET & PHONE CABLE U,0.0
1150,30 - 34,NRW,44.98,34.99,30.0,0.0,VF CABLEMAX,1.0
1151,25 - 29,NRW,44.99,52.98,30.0,0.0,RED INTERNET & PHONE CABLE U,1.0
1152,40 - 44,KBW,34.99,34.99,30.0,0.0,GIGAZUHAUSE KABEL,0.0
1153,50 - 54,KBW,44.97,44.97,30.0,0.0,RED INTERNET & PHONE CABLE U,1.0
1154,40 - 44,KBW,49.98,39.99,30.0,0.0,GIGAZUHAUSE KABEL,1.0
1155,60 - 64,KBW,34.97,44.99,30.0,0.0,VF RIP U-TREUE,0.0
1156,35 - 39,HSN,39.99,34.98,30.0,0.0,VF CABLEMAX,1.0
1157,30 - 34,NRW,34.98,34.99,30.0,0.0,RED INTERNET & PHONE CABLE U,0.0
1158,60 - 64,HSN,39.98,39.99,30.0,0.0,VF RIP U-TREUE,0.0
1159,65 - 69,NRW,49.98,34.99,30.0,0.0,VF RIP U-TREUE,1.0
1160,25 - 29,NRW,34.99,44.99,30.0,0.0,VF RIP U-TREUE,0.0
1161,50 - 54,NRW,34.97,37.98,30.0,0.0,RED INTERNET & PHONE CABLE U,0.0
1162,25 - 29,NRW,44.99,44.98,30.0,0.0,RED INTERNET & PHONE CABLE U,0.0
1163,65 - 69,NRW,47.98,34.98,30.0,0.0,RED INTERNET & PHONE CABLE U,0.0
1164,70 - 74,NRW,24.99,39.98,30.0,0.0,VF CABLEMAX,1.0
1165,55 - 59,NRW,49.98,44.99,30.0,0.0,GIGAZUHAUSE KABEL,1.0
1166,65 - 69,NRW,44.97,39.99,30.0,0.0,RED INTERNET & PHONE CABLE U,1.0
1167,40 - 44,NRW,34.96,29.98,30.0,0.0,RED INTERNET & PHONE CABLE U,0.0
1168,30 - 34,KBW,39.99,39.99,30.0,0.0,VF CABLEMAX,1.0
1169,70 - 74,HSN,44.99,39.99,30.0,0.0,RED INTERNET & PHONE CABLE U,0.0
1170,35 - 39,NRW,39.99,39.99,30.0,0.0,VF CABLEMAX,1.0
1171,65 - 69,NRW,39.97,49.97,30.0,0.0,RED INTERNET & PHONE CABLE U,0.0
1172,40 - 44,HSN,44.97,44.99,30.0,0.0,GIGAZUHAUSE KABEL,0.0
1173,35 - 39,NRW,34.99,39.98,30.0,0.0,RED INTERNET & PHONE CABLE U,0.0
1174,35 - 39,KBW,44.99,34.98,30.0,0.0,RED INTERNET & PHONE CABLE U,1.0
1175,35 - 39,NRW,44.97,29.98,30.0,0.0,RED INTERNET & PHONE CABLE U,1.0
1176,30 - 34,KBW,44.98,58.98,30.0,0.0,GIGAZUHAUSE KABEL,1.0
1177,35 - 39,NRW,44.99,39.99,30.0,0.0,RED INTERNET & PHONE CABLE U,1.0
1178,60 - 64,HSN,49.98,34.99,30.0,0.0,RED INTERNET & PHONE CABLE U,0.0
1179,25 - 29,NRW,44.99,44.99,30.0,0.0,RED INTERNET & PHONE CABLE U,1.0
1180,35 - 39,NRW,44.99,44.98,30.0,0.0,RED INTERNET & PHONE CABLE U,1.0
1181,30 - 34,KBW,67.96,34.98,30.0,0.0,VF RIP U-TREUE,0.0
1182,35 - 39,KBW,44.98,29.98,30.0,0.0,VF RIP U-TREUE,0.0
1183,45 - 49,NRW,34.98,58.98,30.0,0.0,RED INTERNET & PHONE CABLE U,0.0
1184,55 - 59,NRW,29.98,44.99,30.0,1.0,RED INTERNET & PHONE CABLE U,1.0
1185,65 - 69,NRW,44.98,44.98,30.0,0.0,GIGAZUHAUSE KABEL,1.0
1186,70 - 74,NRW,32.98,44.98,30.0,0.0,VF RIP U-TREUE,1.0
1187,30 - 34,KBW,44.98,49.99,30.0,0.0,GIGAZUHAUSE TREUE C,1.0
1188,35 - 39,NRW,44.97,44.99,30.0,0.0,RED INTERNET & PHONE CABLE U,0.0
1189,40 - 44,NRW,34.95,39.98,30.0,0.0,VF RIP U-TREUE,0.0
1190,40 - 44,NRW,39.99,39.97,30.0,0.0,RED INTERNET & PHONE CABLE U,0.0
1191,55 - 59,NRW,44.99,39.99,30.0,0.0,VF CABLEMAX,1.0
1192,30 - 34,NRW,39.98,44.99,30.0,0.0,RED INTERNET & PHONE CABLE U,1.0
1193,65 - 69,NRW,44.99,44.98,30.0,0.0,RED INTERNET & PHONE CABLE U,1.0
1194,35 - 39,NRW,39.99,39.99,30.0,0.0,VF CABLEMAX,0.0
1195,30 - 34,KBW,49.98,34.99,30.0,0.0,VF RIP U-TREUE,0.0
1196,30 - 34,KBW,39.99,49.99,30.0,0.0,GIGAZUHAUSE KABEL,1.0
1197,35 - 39,KBW,39.99,39.98,30.0,0.0,VF RIP U-TREUE,1.0
1198,40 - 44,KBW,34.98,49.98,30.0,0.0,GIGAZUHAUSE KABEL,1.0
1199,35 - 39,NRW,44.99,44.99,30.0,0.0,RED INTERNET & PHONE CABLE U,0.0
1200,60 - 64,HSN,44.99,44.99,30.0,0.0,RED INTERNET & PHONE CABLE U,0.0
1201,18 - 24,KBW,44.99,29.98,30.0,0.0,RED INTERNET & PHONE CABLE U,1.0
1202,65 - 69,NRW,39.97,49.99,30.0,0.0,GIGAZUHAUSE TREUE B,0.0
1203,25 - 29,NRW,49.99,54.99,30.0,0.0,RED INTERNET & PHONE CABLE U,0.0
1204,40 - 44,NRW,49.99,49.99,30.0,0.0,RED INTERNET & PHONE CABLE U,0.0
1205,25 - 29,HSN,44.99,44.99,30.0,0.0,RED INTERNET & PHONE CABLE U,1.0
1206,40 - 44,NRW,34.97,39.97,30.0,0.0,VF RIP U-TREUE,1.0
1207,55 - 59,KBW,34.98,39.99,30.0,0.0,VF CABLEMAX,0.0
1208,35 - 39,KBW,39.99,39.99,30.0,0.0,VF RIP U-TREUE,0.0
1209,60 - 64,KBW,39.99,34.99,30.0,0.0,VF RIP U-TREUE,1.0
1210,25 - 29,NRW,34.99,44.99,30.0,0.0,VF RIP U-TREUE,0.0
1211,30 - 34,KBW,39.97,39.97,30.0,0.0,RED INTERNET & PHONE CABLE U,0.0
1212,35 - 39,KBW,49.99,29.97,30.0,0.0,VF RIP U-TREUE,1.0
1213,30 - 34,KBW,34.98,39.99,30.0,0.0,GIGAZUHAUSE KABEL,0.0
1214,25 - 29,KBW,44.98,50.99,30.0,0.0,VF RIP U-TREUE,1.0
1215,40 - 44,NRW,44.98,44.98,30.0,0.0,RED INTERNET & PHONE CABLE U,1.0
1216,45 - 49,NRW,54.99,34.99,30.0,0.0,RED INTERNET & PHONE CABLE U,1.0
1217,30 - 34,NRW,34.99,34.99,30.0,0.0,RED INTERNET & PHONE CABLE U,0.0
1218,30 - 34,KBW,44.99,32.98,30.0,0.0,VF RIP U-TREUE,1.0
1219,35 - 39,NRW,49.99,39.99,30.0,0.0,VF CABLEMAX,1.0
1220,25 - 29,NRW,44.99,34.98,30.0,0.0,VF CABLEMAX,1.0
1221,40 - 44,NRW,39.99,44.98,30.0,0.0,RED INTERNET & PHONE CABLE U,1.0
1222,40 - 44,KBW,34.99,44.99,30.0,0.0,RED INTERNET & PHONE CABLE U,0.0
1223,25 - 29,NRW,39.98,44.96,30.0,0.0,VF RIP U-TREUE,0.0
1224,40 - 44,HSN,44.98,7.99,30.0,0.0,VF CABLEMAX,0.0
1225,25 - 29,KBW,34.98,39.97,30.0,0.0,VF RIP U-TREUE,0.0
1226,45 - 49,NRW,44.98,54.98,30.0,0.0,VF RIP U-TREUE,1.0
1227,25 - 29,NRW,39.97,39.99,30.0,0.0,RED INTERNET & PHONE CABLE U,0.0
1228,35 - 39,KBW,44.99,44.98,30.0,0.0,GIGAZUHAUSE KABEL,1.0
1229,70 - 74,KBW,44.97,34.98,30.0,0.0,RED INTERNET & PHONE CABLE U,0.0
1230,40 - 44,KBW,34.99,44.99,30.0,0.0,VF RIP U-TREUE,0.0
1231,35 - 39,HSN,34.98,34.99,30.0,0.0,VF RIP U-TREUE,1.0
1232,80 and over,NRW,44.98,44.98,30.0,0.0,RED INTERNET & PHONE CABLE U,1.0
1233,55 - 59,KBW,39.99,34.99,30.0,0.0,RED INTERNET & PHONE CABLE U,0.0
1234,50 - 54,NRW,44.99,44.99,30.0,0.0,GIGAZUHAUSE KABEL,0.0
1235,30 - 34,KBW,34.97,39.98,30.0,0.0,RED INTERNET & PHONE CABLE U,1.0
1236,50 - 54,KBW,44.98,39.99,30.0,0.0,RED INTERNET & PHONE CABLE U,1.0
1237,35 - 39,NRW,39.98,44.99,30.0,0.0,GIGAZUHAUSE KABEL,1.0
1238,60 - 64,KBW,42.97,39.99,30.0,0.0,RED INTERNET & PHONE CABLE U,1.0
1239,35 - 39,NRW,49.97,44.99,30.0,0.0,RED INTERNET & PHONE CABLE U,1.0
1240,80 and over,NRW,24.99,39.99,30.0,0.0,RED INTERNET & PHONE CABLE U,1.0
1241,35 - 39,KBW,43.99,34.98,30.0,0.0,VF RIP U-TREUE,1.0
1242,65 - 69,KBW,34.97,34.99,30.0,0.0,VF CABLEMAX,0.0
1243,30 - 34,NRW,49.98,44.98,30.0,0.0,GIGAZUHAUSE KABEL,1.0
1244,65 - 69,NRW,37.99,39.98,30.0,0.0,GIGAZUHAUSE KABEL,1.0
1245,55 - 59,KBW,34.99,49.98,30.0,0.0,RED INTERNET & PHONE CABLE U,1.0
1246,45 - 49,NRW,44.99,34.98,30.0,0.0,VF CABLEMAX,0.0
1247,70 - 74,HSN,44.98,44.98,30.0,0.0,VF RIP U-TREUE,0.0
1248,60 - 64,KBW,34.98,44.97,30.0,0.0,VF CABLEMAX,0.0
1249,60 - 64,NRW,34.99,39.99,30.0,0.0,RED INTERNET & PHONE CABLE U,0.0
1250,40 - 44,NRW,49.98,39.99,30.0,0.0,VF RIP U-TREUE,1.0
1251,35 - 39,NRW,44.98,34.98,30.0,0.0,RED INTERNET & PHONE CABLE U,1.0
1252,30 - 34,NRW,42.98,39.98,30.0,0.0,RED INTERNET & PHONE CABLE U,1.0
1253,25 - 29,NRW,34.99,34.98,30.0,0.0,RED INTERNET & PHONE CABLE U,0.0
1254,35 - 39,NRW,42.98,39.99,30.0,0.0,VF RIP U-TREUE,0.0
1255,45 - 49,NRW,39.99,44.98,30.0,0.0,VF RIP U-TREUE,0.0
1256,70 - 74,NRW,39.98,39.98,30.0,0.0,VF RIP U-TREUE,0.0
1257,60 - 64,NRW,34.98,42.98,30.0,0.0,RED INTERNET & PHONE CABLE U,0.0
1258,35 - 39,NRW,39.98,32.98,30.0,0.0,VF CABLEMAX,1.0
1259,55 - 59,KBW,44.99,44.99,30.0,0.0,RED INTERNET & PHONE CABLE U,0.0
1260,30 - 34,NRW,34.98,34.99,30.0,0.0,RED INTERNET & PHONE CABLE U,1.0
1261,35 - 39,NRW,39.99,44.97,30.0,0.0,VF CABLEMAX,0.0
1262,30 - 34,NRW,34.98,39.98,30.0,0.0,VF RIP U-TREUE,1.0
1263,35 - 39,KBW,49.99,44.98,30.0,0.0,RED INTERNET & PHONE CABLE U,0.0
1264,35 - 39,NRW,44.98,34.99,30.0,0.0,VF RIP U-TREUE,1.0
1265,25 - 29,NRW,29.99,39.99,30.0,0.0,RED INTERNET & PHONE CABLE U,0.0
1266,30 - 34,NRW,34.99,44.97,30.0,0.0,RED INTERNET & PHONE CABLE U,0.0
1267,45 - 49,NRW,39.99,32.98,30.0,0.0,RED INTERNET & PHONE CABLE U,0.0
1268,35 - 39,KBW,34.99,44.98,30.0,0.0,RED INTERNET & PHONE CABLE U,1.0
1269,45 - 49,KBW,49.99,39.98,30.0,0.0,RED INTERNET & PHONE CABLE U,1.0
1270,40 - 44,NRW,52.98,39.99,30.0,0.0,GIGAZUHAUSE KABEL,0.0
1271,50 - 54,HSN,42.99,32.99,30.0,0.0,VF RIP U-TREUE,1.0
1272,25 - 29,NRW,49.99,39.96,30.0,0.0,VF RIP U-TREUE,1.0
1273,65 - 69,KBW,34.99,39.99,30.0,0.0,RED INTERNET & PHONE CABLE U,0.0
1274,30 - 34,NRW,34.99,39.98,30.0,0.0,VF RIP U-TREUE,0.0
1275,40 - 44,KBW,34.99,39.98,30.0,0.0,VF CABLEMAX,1.0
1276,60 - 64,KBW,44.98,39.99,30.0,0.0,VF RIP U-TREUE,1.0
1277,65 - 69,NRW,44.98,27.98,30.0,0.0,RED INTERNET & PHONE CABLE U,0.0
1278,55 - 59,KBW,39.98,44.99,30.0,0.0,VF RIP U-TREUE,1.0
1279,55 - 59,KBW,34.98,44.99,30.0,0.0,RED INTERNET & PHONE CABLE U,0.0
1280,40 - 44,HSN,44.98,39.98,30.0,0.0,RED INTERNET & PHONE CABLE U,0.0
1281,50 - 54,KBW,39.99,49.99,30.0,0.0,VF RIP U-TREUE,0.0
1282,65 - 69,HSN,49.99,39.99,30.0,0.0,VF RIP U-TREUE,0.0
1283,30 - 34,NRW,44.98,34.97,30.0,0.0,RED INTERNET & PHONE CABLE U,1.0
1284,60 - 64,HSN,34.98,34.98,30.0,0.0,RED INTERNET & PHONE CABLE U,0.0
1285,40 - 44,HSN,37.98,39.99,30.0,0.0,VF RIP U-TREUE,1.0
1286,30 - 34,NRW,39.99,39.97,30.0,1.0,VF RIP U-TREUE,1.0
1287,60 - 64,KBW,49.97,49.97,30.0,0.0,RED INTERNET & PHONE CABLE U,0.0
1288,60 - 64,NRW,39.99,34.99,30.0,0.0,RED INTERNET & PHONE CABLE U,0.0
1289,70 - 74,KBW,39.97,44.99,30.0,0.0,RED INTERNET & PHONE CABLE U,1.0
1290,30 - 34,NRW,34.99,44.98,30.0,0.0,RED INTERNET & PHONE CABLE U,1.0
1291,60 - 64,NRW,39.98,39.98,30.0,0.0,RED INTERNET & PHONE CABLE U,0.0
1292,40 - 44,NRW,44.98,49.96,30.0,0.0,VF CABLEMAX,1.0
1293,35 - 39,NRW,54.99,34.98,30.0,0.0,RED INTERNET & PHONE CABLE U,1.0
1294,40 - 44,NRW,39.99,44.99,30.0,0.0,RED INTERNET & PHONE CABLE U,1.0
1295,55 - 59,NRW,44.99,39.99,30.0,0.0,VF CABLEMAX,0.0
1296,55 - 59,NRW,49.98,29.98,30.0,0.0,RED INTERNET & PHONE CABLE U,0.0
1297,25 - 29,NRW,50.98,29.97,30.0,0.0,VF RIP U-TREUE,1.0
1298,70 - 74,NRW,37.98,39.97,30.0,0.0,VF CABLEMAX,0.0
1299,35 - 39,KBW,39.97,29.99,30.0,0.0,VF CABLEMAX,1.0
1300,55 - 59,NRW,39.99,49.98,30.0,0.0,RED INTERNET & PHONE CABLE U,0.0
1301,30 - 34,HSN,44.98,44.98,30.0,0.0,VF CABLEMAX,0.0
1302,25 - 29,HSN,42.99,44.98,30.0,0.0,RED INTERNET & PHONE CABLE U,0.0
1303,60 - 64,HSN,39.97,39.97,30.0,0.0,VF CABLEMAX,0.0
1304,40 - 44,HSN,39.98,49.98,30.0,0.0,GIGAZUHAUSE KABEL,0.0
1305,40 - 44,NRW,49.99,49.99,30.0,0.0,GIGAZUHAUSE KABEL,0.0
1306,50 - 54,NRW,39.98,37.98,30.0,0.0,GIGAZUHAUSE KABEL,1.0
1307,25 - 29,NRW,39.99,39.99,30.0,0.0,RED INTERNET & PHONE CABLE U,1.0
1308,25 - 29,NRW,39.99,39.98,30.0,0.0,RED INTERNET & PHONE CABLE U,0.0
1309,40 - 44,KBW,34.99,34.97,30.0,0.0,VF RIP U-TREUE,0.0
1310,40 - 44,NRW,54.99,34.99,30.0,0.0,VF CABLEMAX,0.0
1311,50 - 54,NRW,44.98,49.99,30.0,0.0,RED INTERNET & PHONE CABLE U,1.0
1312,50 - 54,NRW,44.98,52.98,30.0,0.0,RED INTERNET & PHONE CABLE U,0.0
1313,25 - 29,NRW,44.98,34.98,30.0,0.0,RED INTERNET & PHONE CABLE U,0.0
1314,25 - 29,NRW,49.98,49.99,30.0,0.0,RED INTERNET & PHONE CABLE U,0.0
1315,25 - 29,HSN,44.99,44.98,30.0,0.0,VF RIP U-TREUE,1.0
1316,40 - 44,NRW,49.98,44.98,30.0,0.0,RED INTERNET & PHONE CABLE U,0.0
1317,25 - 29,KBW,44.99,44.98,30.0,0.0,GIGAZUHAUSE KABEL,0.0
1318,30 - 34,NRW,44.97,49.99,30.0,0.0,VF CABLEMAX,1.0
1319,35 - 39,NRW,44.98,29.99,30.0,0.0,RED INTERNET & PHONE CABLE U,1.0
1320,40 - 44,KBW,39.99,44.98,30.0,0.0,VF RIP U-TREUE,1.0
1321,40 - 44,NRW,49.98,47.99,30.0,0.0,RED INTERNET & PHONE CABLE U,0.0
1322,45 - 49,HSN,34.98,42.98,30.0,0.0,RED INTERNET & PHONE CABLE U,0.0
1323,65 - 69,NRW,44.98,34.99,30.0,0.0,GIGAZUHAUSE KABEL,1.0
1324,50 - 54,KBW,44.99,44.98,30.0,0.0,GIGAZUHAUSE KABEL,0.0
1325,25 - 29,KBW,44.99,39.98,30.0,0.0,VF CABLEMAX,0.0
1326,35 - 39,NRW,34.99,44.97,30.0,0.0,VF RIP U-TREUE,1.0
1327,55 - 59,HSN,44.99,39.99,30.0,0.0,RED INTERNET & PHONE CABLE U,0.0
1328,25 - 29,NRW,39.99,49.99,30.0,0.0,RED INTERNET & PHONE CABLE U,1.0
1329,40 - 44,NRW,34.99,49.96,30.0,0.0,VF CABLEMAX,0.0
1330,45 - 49,KBW,39.98,49.98,30.0,0.0,RED INTERNET & PHONE CABLE U,1.0
1331,35 - 39,NRW,44.99,34.99,30.0,0.0,GIGAZUHAUSE TREUE B,0.0
1332,35 - 39,KBW,39.98,29.99,30.0,0.0,RED INTERNET & PHONE CABLE U,1.0
1333,55 - 59,NRW,44.99,29.99,30.0,0.0,RED INTERNET & PHONE CABLE U,0.0
1334,25 - 29,NRW,44.98,39.98,30.0,0.0,RED INTERNET & PHONE CABLE U,0.0
1335,50 - 54,NRW,44.96,29.99,30.0,0.0,VF RIP U-TREUE,0.0
1336,35 - 39,HSN,39.99,34.96,30.0,0.0,RED INTERNET & PHONE CABLE U,1.0
1337,80 and over,NRW,39.98,39.99,30.0,0.0,RED INTERNET & PHONE CABLE U,0.0
1338,30 - 34,NRW,44.99,39.99,30.0,0.0,VF RIP U-TREUE,0.0
1339,40 - 44,KBW,39.99,44.98,30.0,0.0,RED INTERNET & PHONE CABLE U,1.0
1340,40 - 44,KBW,39.99,44.97,30.0,0.0,RED INTERNET & PHONE CABLE U,1.0
1341,70 - 74,KBW,44.98,44.98,30.0,0.0,VF RIP U-TREUE,1.0
1342,40 - 44,NRW,39.99,34.99,30.0,0.0,RED INTERNET & PHONE CABLE U,0.0
1343,35 - 39,NRW,49.99,34.97,30.0,0.0,RED INTERNET & PHONE CABLE U,1.0
1344,50 - 54,NRW,44.98,39.98,30.0,0.0,VF RIP U-TREUE,0.0
1345,35 - 39,KBW,49.99,44.99,30.0,0.0,RED INTERNET & PHONE CABLE U,1.0
1346,40 - 44,KBW,39.98,34.98,30.0,0.0,VF RIP U-TREUE,0.0
1347,45 - 49,NRW,39.98,39.99,30.0,0.0,VF RIP U-TREUE,0.0
1348,55 - 59,KBW,54.98,39.98,30.0,0.0,RED INTERNET & PHONE CABLE U,1.0
1349,25 - 29,KBW,39.99,29.99,30.0,0.0,RED INTERNET & PHONE CABLE U,0.0
1350,35 - 39,NRW,44.99,44.99,30.0,0.0,VF RIP U-TREUE,0.0
1351,40 - 44,NRW,24.98,42.99,30.0,0.0,VF CABLEMAX,1.0
1352,55 - 59,NRW,44.99,44.99,30.0,0.0,RED INTERNET & PHONE CABLE U,0.0
1353,35 - 39,KBW,44.99,34.99,30.0,0.0,VF RIP U-TREUE,1.0
1354,40 - 44,KBW,34.99,44.97,30.0,0.0,RED INTERNET & PHONE CABLE U,0.0
1355,40 - 44,NRW,44.98,44.98,30.0,0.0,VF CABLEMAX,0.0
1356,55 - 59,NRW,34.97,39.99,30.0,0.0,RED INTERNET & PHONE CABLE U,0.0
1357,25 - 29,KBW,49.98,29.97,30.0,0.0,RED INTERNET & PHONE CABLE U,1.0
1358,55 - 59,KBW,39.99,49.98,30.0,0.0,GIGAZUHAUSE KABEL,0.0
1359,50 - 54,NRW,34.97,44.98,30.0,0.0,VF CABLEMAX,0.0
1360,35 - 39,KBW,34.98,44.98,30.0,0.0,RED INTERNET & PHONE CABLE U,0.0
1361,55 - 59,HSN,44.99,44.98,30.0,0.0,RED INTERNET & PHONE CABLE U,0.0
1362,55 - 59,NRW,39.98,42.99,30.0,0.0,RED INTERNET & PHONE CABLE U,0.0
1363,55 - 59,NRW,39.99,49.99,30.0,0.0,RED INTERNET & PHONE CABLE U,1.0
1364,25 - 29,HSN,44.98,39.98,30.0,0.0,RED INTERNET & PHONE CABLE U,1.0
1365,40 - 44,KBW,39.98,34.98,30.0,0.0,VF RIP U-TREUE,0.0
1366,30 - 34,NRW,34.99,39.99,30.0,0.0,MMA,0.0
1367,25 - 29,NRW,49.97,39.99,30.0,0.0,RED INTERNET & PHONE CABLE U,0.0
1368,35 - 39,NRW,39.99,39.99,30.0,0.0,RED INTERNET & PHONE CABLE U,1.0
1369,80 and over,NRW,37.99,39.99,30.0,0.0,RED INTERNET & PHONE CABLE U,0.0
1370,25 - 29,NRW,29.99,39.97,30.0,0.0,VF RIP U-TREUE,1.0
1371,30 - 34,KBW,39.99,34.99,30.0,0.0,GIGAZUHAUSE KABEL,1.0
1372,65 - 69,KBW,54.98,44.98,30.0,0.0,RED INTERNET & PHONE CABLE U,1.0
1373,25 - 29,NRW,44.99,34.98,30.0,0.0,GIGAZUHAUSE KABEL,0.0
1374,40 - 44,NRW,39.98,44.98,30.0,0.0,VF RIP U-TREUE,1.0
1375,35 - 39,KBW,44.98,39.99,30.0,0.0,RED INTERNET & PHONE CABLE U,0.0
1376,40 - 44,NRW,39.98,34.98,30.0,0.0,VF RIP U-TREUE,0.0
1377,40 - 44,NRW,44.98,44.99,30.0,0.0,RED INTERNET & PHONE CABLE U,1.0
1378,40 - 44,NRW,34.99,39.98,30.0,0.0,VF CABLEMAX,1.0
1379,35 - 39,NRW,48.99,29.99,30.0,1.0,RED INTERNET & PHONE CABLE U,0.0
1380,55 - 59,KBW,29.99,47.99,30.0,0.0,VF CABLEMAX,0.0
1381,35 - 39,NRW,39.99,34.99,30.0,0.0,VF RIP U-TREUE,0.0
1382,25 - 29,KBW,39.99,32.97,30.0,0.0,VF RIP U-TREUE,0.0
1383,65 - 69,NRW,44.98,39.98,30.0,0.0,RED INTERNET & PHONE CABLE U,0.0
1384,25 - 29,NRW,44.97,44.99,30.0,0.0,VF RIP U-TREUE,0.0
1385,45 - 49,NRW,34.98,44.99,30.0,0.0,RED INTERNET & PHONE CABLE U,1.0
1386,35 - 39,NRW,44.99,34.98,30.0,0.0,RED INTERNET & PHONE CABLE U,0.0
1387,35 - 39,NRW,39.98,44.96,30.0,0.0,VF RIP U-TREUE,1.0
1388,80 and over,NRW,34.98,44.98,30.0,0.0,RED INTERNET & PHONE CABLE U,0.0
1389,60 - 64,NRW,39.99,44.98,30.0,0.0,VF RIP U-TREUE,1.0
1390,30 - 34,NRW,54.98,24.99,30.0,0.0,GIGAZUHAUSE KABEL,0.0
1391,45 - 49,NRW,39.99,39.99,30.0,0.0,RED INTERNET & PHONE CABLE U,0.0
1392,55 - 59,NRW,44.98,44.98,30.0,0.0,VF RIP U-TREUE,1.0
1393,30 - 34,KBW,34.99,44.98,30.0,0.0,RED INTERNET & PHONE CABLE U,1.0
1394,40 - 44,KBW,49.97,47.99,5.0,0.0,VF RIP U-TREUE,0.0
1395,35 - 39,KBW,44.99,44.98,30.0,0.0,RED INTERNET & PHONE CABLE U,0.0
1396,45 - 49,KBW,34.99,39.96,30.0,0.0,RED INTERNET & PHONE CABLE U,0.0
1397,70 - 74,KBW,49.99,44.98,30.0,0.0,RED INTERNET & PHONE CABLE U,1.0
1398,35 - 39,HSN,39.97,44.98,30.0,0.0,RED INTERNET & PHONE CABLE U,1.0
1399,50 - 54,KBW,39.95,39.99,30.0,0.0,RED INTERNET & PHONE CABLE U,0.0
1400,55 - 59,NRW,74.99,49.98,30.0,0.0,RED INTERNET & PHONE CABLE U,1.0
1401,55 - 59,NRW,34.97,44.98,30.0,0.0,RED INTERNET & PHONE CABLE U,0.0
1402,35 - 39,NRW,44.98,39.99,30.0,0.0,VF RIP U-TREUE,0.0
1403,35 - 39,NRW,39.99,29.99,30.0,0.0,VF CABLEMAX,0.0
1404,25 - 29,KBW,44.99,34.98,30.0,0.0,RED INTERNET & PHONE CABLE U,0.0
1405,45 - 49,NRW,39.99,34.99,30.0,0.0,VF CABLEMAX,0.0
1406,35 - 39,NRW,39.98,39.99,30.0,1.0,VF RIP U-TREUE,1.0
1407,65 - 69,NRW,39.98,39.98,30.0,0.0,RED INTERNET & PHONE CABLE U,0.0
1408,35 - 39,NRW,44.98,49.99,30.0,0.0,VF RIP U-TREUE,0.0
1409,25 - 29,HSN,44.98,33.99,30.0,0.0,VF RIP U-TREUE,0.0
1410,60 - 64,KBW,44.99,39.99,30.0,0.0,VF RIP U-TREUE,1.0
1411,55 - 59,NRW,39.99,49.97,30.0,0.0,RED INTERNET & PHONE CABLE U,1.0
1412,40 - 44,KBW,29.97,34.99,30.0,0.0,RED INTERNET & PHONE CABLE U,1.0
1413,35 - 39,KBW,39.99,44.98,30.0,0.0,VF CABLEMAX,0.0
1414,25 - 29,NRW,44.98,29.98,30.0,0.0,RED INTERNET & PHONE CABLE U,0.0
1415,80 and over,NRW,39.99,39.99,30.0,0.0,VF CABLEMAX,1.0
1416,55 - 59,NRW,39.99,34.99,30.0,0.0,VF RIP U-TREUE,0.0
1417,55 - 59,NRW,24.97,44.98,30.0,0.0,VF CABLEMAX,0.0
1418,35 - 39,NRW,34.99,39.99,30.0,0.0,RED INTERNET & PHONE CABLE U,0.0
1419,50 - 54,KBW,49.99,44.98,30.0,0.0,GIGAZUHAUSE KABEL,1.0
1420,40 - 44,NRW,39.98,42.98,30.0,0.0,RED INTERNET & PHONE CABLE U,1.0
1421,40 - 44,NRW,39.98,39.98,30.0,0.0,RED INTERNET & PHONE CABLE U,1.0
1422,75 - 79,NRW,44.97,44.99,30.0,0.0,RED INTERNET & PHONE CABLE U,0.0
1423,55 - 59,NRW,39.99,39.99,30.0,0.0,GIGAZUHAUSE KABEL,1.0
1424,25 - 29,KBW,39.99,44.99,30.0,0.0,RED INTERNET & PHONE CABLE U,0.0
1425,50 - 54,NRW,44.96,44.96,30.0,0.0,GIGAZUHAUSE TREUE B,1.0
1426,60 - 64,HSN,42.99,39.97,30.0,0.0,VF CABLEMAX,0.0
1427,35 - 39,KBW,44.98,44.99,30.0,0.0,VF RIP U-TREUE,0.0
1428,35 - 39,NRW,44.99,44.98,30.0,0.0,VF CABLEMAX,0.0
1429,40 - 44,NRW,44.99,34.98,30.0,0.0,VF RIP U-TREUE,1.0
1430,35 - 39,NRW,49.98,44.98,30.0,0.0,GIGAZUHAUSE TREUE B,1.0
1431,25 - 29,NRW,44.98,39.98,30.0,0.0,RED INTERNET & PHONE CABLE U,1.0
1432,60 - 64,KBW,24.99,44.98,30.0,0.0,RED INTERNET & PHONE CABLE U,1.0
1433,60 - 64,KBW,34.99,34.97,30.0,0.0,VF RIP U-TREUE,1.0
1434,35 - 39,KBW,49.98,44.99,30.0,0.0,VF RIP U-TREUE,0.0
1435,50 - 54,HSN,29.97,60.98,30.0,0.0,RED INTERNET & PHONE CABLE U,1.0
1436,25 - 29,NRW,39.99,34.98,30.0,0.0,VF RIP U-TREUE,0.0
1437,35 - 39,NRW,44.98,39.98,30.0,0.0,RED INTERNET & PHONE CABLE U,0.0
1438,55 - 59,NRW,44.99,34.98,30.0,0.0,RED INTERNET & PHONE CABLE U,1.0
1439,40 - 44,NRW,44.98,32.99,30.0,0.0,VF RIP U-TREUE,0.0
1440,30 - 34,NRW,44.98,34.98,30.0,0.0,RED INTERNET & PHONE CABLE U,1.0
1441,35 - 39,KBW,44.99,54.98,30.0,0.0,VF RIP U-TREUE,1.0
1442,45 - 49,HSN,34.99,39.99,30.0,0.0,RED INTERNET & PHONE CABLE U,0.0
1443,60 - 64,KBW,44.99,44.98,30.0,0.0,RED INTERNET & PHONE CABLE U,0.0
1444,40 - 44,HSN,44.98,44.97,30.0,0.0,VF RIP U-TREUE,0.0
1445,40 - 44,KBW,49.99,42.99,30.0,0.0,VF CABLEMAX,0.0
1446,25 - 29,KBW,44.99,44.97,30.0,0.0,RED INTERNET & PHONE CABLE U,0.0
1447,60 - 64,NRW,39.99,34.99,30.0,0.0,RED INTERNET & PHONE CABLE U,0.0
1448,65 - 69,HSN,44.99,39.99,30.0,0.0,VF CABLEMAX,0.0
1449,70 - 74,NRW,39.99,57.98,30.0,0.0,RED INTERNET & PHONE CABLE U,0.0
1450,35 - 39,NRW,34.98,39.98,30.0,0.0,VF RIP U-TREUE,1.0
1451,30 - 34,KBW,49.99,44.98,30.0,0.0,VF CABLEMAX,1.0
1452,25 - 29,KBW,44.98,54.99,30.0,0.0,GIGAZUHAUSE KABEL,0.0
1453,55 - 59,HSN,44.99,34.99,30.0,0.0,RED INTERNET & PHONE CABLE U,1.0
1454,30 - 34,HSN,39.97,44.99,30.0,0.0,GIGAZUHAUSE KABEL,1.0
1455,65 - 69,NRW,42.98,47.99,30.0,0.0,RED INTERNET & PHONE CABLE U,0.0
1456,65 - 69,NRW,54.99,39.99,30.0,0.0,RED INTERNET & PHONE CABLE U,1.0
1457,55 - 59,NRW,34.98,44.99,30.0,0.0,VF RIP U-TREUE,0.0
1458,45 - 49,KBW,42.97,29.99,30.0,0.0,RED INTERNET & PHONE CABLE U,1.0
1459,40 - 44,NRW,44.98,39.98,30.0,0.0,VF RIP U-TREUE,1.0
1460,25 - 29,NRW,39.98,44.0,30.0,0.0,GIGAZUHAUSE KABEL,0.0
1461,40 - 44,NRW,34.97,44.99,30.0,0.0,RED INTERNET & PHONE CABLE U,0.0
1462,25 - 29,KBW,44.99,29.98,30.0,0.0,VF CABLEMAX,1.0
1463,35 - 39,NRW,44.99,39.99,30.0,0.0,RED INTERNET & PHONE CABLE U,0.0
1464,35 - 39,NRW,44.98,34.98,30.0,0.0,RED INTERNET & PHONE CABLE U,1.0
1465,25 - 29,NRW,44.97,44.96,30.0,0.0,RED INTERNET & PHONE CABLE U,0.0
1466,50 - 54,NRW,39.98,34.99,30.0,0.0,VF RIP U-TREUE,1.0
1467,50 - 54,NRW,44.99,34.98,30.0,0.0,VF CABLEMAX,1.0
1468,80 and over,NRW,39.99,34.99,30.0,0.0,VF RIP U-TREUE,0.0
1469,35 - 39,NRW,39.98,44.99,30.0,0.0,3PLAY,1.0
1470,55 - 59,HSN,44.96,29.99,30.0,0.0,VF CABLEMAX,0.0
1471,40 - 44,NRW,54.99,39.99,30.0,0.0,VF RIP U-TREUE,0.0
1472,65 - 69,KBW,44.98,44.98,30.0,0.0,VF RIP U-TREUE,0.0
1473,35 - 39,NRW,70.99,39.99,30.0,0.0,RED INTERNET & PHONE CABLE U,1.0
1474,25 - 29,KBW,29.99,34.99,30.0,0.0,VF RIP U-TREUE,1.0
1475,55 - 59,NRW,44.99,34.99,30.0,0.0,RED INTERNET & PHONE CABLE U,1.0
1476,45 - 49,NRW,39.98,49.99,30.0,0.0,GIGAZUHAUSE KABEL,0.0
1477,30 - 34,NRW,34.99,34.99,30.0,0.0,RED INTERNET & PHONE CABLE U,1.0
1478,50 - 54,NRW,49.99,49.99,30.0,0.0,RED INTERNET & PHONE CABLE U,0.0
1479,25 - 29,KBW,44.98,39.99,30.0,0.0,GIGAZUHAUSE KABEL,0.0
1480,35 - 39,NRW,44.97,44.98,30.0,0.0,VF CABLEMAX,0.0
1481,25 - 29,NRW,39.99,47.99,30.0,0.0,GIGAZUHAUSE KABEL,1.0
1482,25 - 29,KBW,44.98,44.99,30.0,0.0,GIGAZUHAUSE KABEL,1.0
1483,35 - 39,NRW,34.99,34.99,30.0,0.0,VF CABLEMAX,0.0
1484,60 - 64,KBW,39.99,47.98,30.0,0.0,RED INTERNET & PHONE CABLE U,1.0
1485,35 - 39,NRW,34.99,32.99,30.0,0.0,RED INTERNET & PHONE CABLE U,0.0
1486,40 - 44,NRW,34.99,34.98,30.0,0.0,VF RIP U-TREUE,1.0
1487,80 and over,NRW,44.99,34.97,30.0,0.0,RED INTERNET & PHONE CABLE U,1.0
1488,35 - 39,NRW,39.99,32.98,30.0,0.0,RED INTERNET & PHONE CABLE U,1.0
1489,80 and over,NRW,39.99,47.97,30.0,0.0,VF RIP U-TREUE,0.0
1490,45 - 49,NRW,49.98,44.98,30.0,0.0,RED INTERNET & PHONE CABLE U,0.0
1491,65 - 69,KBW,44.98,44.98,30.0,0.0,RED INTERNET & PHONE CABLE U,1.0
1492,50 - 54,KBW,49.99,34.98,30.0,0.0,GIGAZUHAUSE KABEL,0.0
1493,30 - 34,KBW,44.99,44.98,30.0,0.0,RED INTERNET & PHONE CABLE U,0.0
1494,65 - 69,NRW,44.99,33.99,30.0,0.0,VF RIP U-TREUE,1.0
1495,65 - 69,NRW,68.99,32.99,30.0,1.0,VF CABLEMAX,0.0
1496,50 - 54,NRW,39.98,29.99,30.0,0.0,VF CABLEMAX,1.0
1497,30 - 34,NRW,44.98,44.99,30.0,0.0,VF RIP U-TREUE,1.0
1498,65 - 69,KBW,44.99,34.99,30.0,0.0,VF RIP U-TREUE,0.0
1499,35 - 39,NRW,39.99,44.99,30.0,0.0,RED INTERNET & PHONE CABLE U,1.0
1500,50 - 54,HSN,34.98,39.99,30.0,0.0,RED INTERNET & PHONE CABLE U,0.0
1501,40 - 44,NRW,29.98,39.99,30.0,0.0,RED INTERNET & PHONE CABLE U,0.0
1502,30 - 34,NRW,42.98,39.98,30.0,0.0,RED INTERNET & PHONE CABLE U,1.0
1503,30 - 34,NRW,44.99,39.98,30.0,0.0,RED INTERNET & PHONE CABLE U,0.0
1504,35 - 39,NRW,44.99,34.99,30.0,0.0,GIGAZUHAUSE KABEL,1.0
1505,30 - 34,NRW,59.99,44.99,30.0,0.0,RED INTERNET & PHONE CABLE U,0.0
1506,25 - 29,KBW,39.98,44.97,30.0,0.0,RED INTERNET & PHONE CABLE U,1.0
1507,65 - 69,KBW,44.99,29.97,30.0,0.0,RED INTERNET & PHONE CABLE U,0.0
1508,35 - 39,KBW,39.98,39.99,30.0,0.0,VF RIP U-TREUE,0.0
1509,30 - 34,NRW,39.99,19.98,30.0,0.0,VF RIP U-TREUE,0.0
1510,35 - 39,HSN,44.98,39.98,30.0,0.0,RED INTERNET & PHONE CABLE U,1.0
1511,65 - 69,NRW,44.98,34.99,30.0,0.0,VF RIP U-TREUE,0.0
1512,18 - 24,KBW,39.99,39.99,30.0,0.0,RED INTERNET & PHONE CABLE U,0.0
1513,50 - 54,NRW,44.98,44.98,30.0,0.0,VF CABLEMAX,0.0
1514,30 - 34,HSN,52.99,49.99,30.0,0.0,VF CABLEMAX,1.0
1515,40 - 44,NRW,39.99,34.97,30.0,0.0,RED INTERNET & PHONE CABLE U,1.0
1516,35 - 39,KBW,34.98,44.99,30.0,0.0,GIGAZUHAUSE KABEL,1.0
1517,35 - 39,NRW,34.99,34.99,30.0,0.0,VF CABLEMAX,0.0
1518,30 - 34,NRW,34.97,44.97,30.0,0.0,VF RIP U-TREUE,1.0
1519,45 - 49,NRW,34.99,44.98,30.0,0.0,VF CABLEMAX,0.0
1520,30 - 34,KBW,44.99,44.99,30.0,0.0,RED INTERNET & PHONE CABLE U,1.0
1521,55 - 59,HSN,44.99,34.99,30.0,0.0,GIGAZUHAUSE KABEL,0.0
1522,25 - 29,KBW,47.99,34.99,30.0,0.0,RED INTERNET & PHONE CABLE U,0.0
1523,55 - 59,KBW,34.98,34.99,30.0,0.0,VF CABLEMAX,0.0
1524,55 - 59,NRW,34.99,29.98,30.0,0.0,RED INTERNET & PHONE CABLE U,0.0
1525,30 - 34,KBW,44.98,34.99,30.0,0.0,GIGAZUHAUSE KABEL,0.0
1526,25 - 29,KBW,39.99,34.98,30.0,0.0,RED INTERNET & PHONE CABLE U,1.0
1527,80 and over,KBW,32.98,34.98,30.0,0.0,VF RIP U-TREUE,1.0
1528,55 - 59,NRW,37.99,44.99,30.0,0.0,RED INTERNET & PHONE CABLE U,1.0
1529,45 - 49,NRW,39.98,39.98,30.0,0.0,RED INTERNET & PHONE CABLE U,0.0
1530,35 - 39,NRW,39.98,44.99,30.0,0.0,VF CABLEMAX,1.0
1531,35 - 39,NRW,52.98,44.98,30.0,0.0,VF CABLEMAX,1.0
1532,35 - 39,NRW,32.99,34.99,30.0,0.0,RED INTERNET & PHONE CABLE U,0.0
1533,60 - 64,KBW,34.99,44.99,30.0,0.0,VF RIP U-TREUE,1.0
1534,40 - 44,KBW,34.99,39.99,30.0,0.0,GIGAZUHAUSE KABEL,1.0
1535,45 - 49,NRW,34.98,24.99,30.0,0.0,GIGAZUHAUSE KABEL,0.0
1536,40 - 44,NRW,44.99,44.98,30.0,0.0,GIGAZUHAUSE KABEL,0.0
1537,40 - 44,HSN,34.99,39.99,30.0,0.0,GIGAZUHAUSE KABEL,1.0
1538,30 - 34,KBW,49.99,49.99,30.0,0.0,VF CABLEMAX,1.0
1539,30 - 34,NRW,39.99,34.98,30.0,0.0,VF RIP U-TREUE,1.0
1540,40 - 44,KBW,39.99,34.99,30.0,0.0,VF CABLEMAX,0.0
1541,25 - 29,KBW,44.98,34.99,30.0,0.0,VF CABLEMAX,0.0
1542,50 - 54,NRW,24.99,44.99,30.0,0.0,RED INTERNET & PHONE CABLE U,0.0
1543,70 - 74,NRW,39.99,34.99,30.0,0.0,VF RIP U-TREUE,1.0
1544,55 - 59,KBW,44.99,39.98,30.0,0.0,VF RIP U-TREUE,0.0
1545,25 - 29,HSN,44.98,44.98,30.0,0.0,VF RIP U-TREUE,0.0
1546,60 - 64,NRW,34.99,47.99,30.0,0.0,RED INTERNET & PHONE CABLE U,1.0
1547,35 - 39,NRW,37.98,39.99,30.0,0.0,RED INTERNET & PHONE CABLE U,1.0
1548,25 - 29,NRW,44.99,44.98,30.0,0.0,GIGAZUHAUSE KABEL,0.0
1549,45 - 49,NRW,34.99,39.99,30.0,0.0,VF CABLEMAX,0.0
1550,50 - 54,KBW,49.98,44.99,30.0,0.0,GIGAZUHAUSE KABEL,1.0
1551,35 - 39,NRW,29.99,44.99,30.0,0.0,RED INTERNET & PHONE CABLE U,0.0
1552,60 - 64,NRW,47.99,34.99,30.0,0.0,VF CABLEMAX,0.0
1553,30 - 34,HSN,44.99,39.99,30.0,0.0,GIGAZUHAUSE KABEL,1.0
1554,60 - 64,NRW,37.98,44.99,30.0,0.0,RED INTERNET & PHONE CABLE U,1.0
1555,55 - 59,KBW,39.99,39.99,30.0,0.0,RED INTERNET & PHONE CABLE U,1.0
1556,40 - 44,NRW,44.99,39.99,30.0,0.0,RED INTERNET & PHONE CABLE U,0.0
1557,65 - 69,NRW,44.99,44.99,30.0,0.0,RED INTERNET & PHONE CABLE U,0.0
1558,25 - 29,KBW,44.98,32.99,30.0,0.0,RED INTERNET & PHONE CABLE U,1.0
1559,25 - 29,NRW,44.99,44.98,30.0,0.0,RED INTERNET & PHONE CABLE U,1.0
1560,30 - 34,KBW,34.99,39.98,30.0,0.0,RED INTERNET & PHONE CABLE U,1.0
1561,55 - 59,NRW,64.99,39.99,30.0,0.0,GIGAZUHAUSE KABEL,1.0
1562,40 - 44,NRW,39.99,49.99,30.0,0.0,RED INTERNET & PHONE CABLE U,1.0
1563,35 - 39,NRW,34.99,44.99,30.0,0.0,RED INTERNET & PHONE CABLE U,1.0
1564,40 - 44,NRW,44.98,39.98,30.0,0.0,VF CABLEMAX,1.0
1565,45 - 49,NRW,34.99,34.99,30.0,0.0,RED INTERNET & PHONE CABLE U,0.0
1566,40 - 44,HSN,44.99,34.98,30.0,0.0,RED INTERNET & PHONE CABLE U,1.0
1567,35 - 39,NRW,44.98,29.99,30.0,0.0,RED INTERNET & PHONE CABLE U,1.0
1568,30 - 34,NRW,64.99,34.97,30.0,0.0,VF RIP U-TREUE,1.0
1569,30 - 34,NRW,29.99,54.99,30.0,0.0,GIGAZUHAUSE KABEL,0.0
1570,30 - 34,HSN,49.99,39.98,30.0,0.0,VF CABLEMAX,1.0
1571,35 - 39,NRW,64.98,44.99,30.0,0.0,RED INTERNET & PHONE CABLE U,1.0
1572,30 - 34,KBW,44.99,29.99,30.0,0.0,VF RIP U-TREUE,1.0
1573,80 and over,NRW,44.99,49.99,30.0,0.0,VF RIP U-TREUE,0.0
1574,18 - 24,HSN,44.99,52.99,30.0,0.0,RED INTERNET & PHONE CABLE U,1.0
1575,55 - 59,HSN,49.99,34.98,30.0,0.0,VF RIP U-TREUE,0.0
1576,25 - 29,NRW,44.98,39.98,30.0,0.0,VF RIP U-TREUE,0.0
1577,70 - 74,KBW,49.99,49.98,30.0,0.0,RED INTERNET & PHONE CABLE U,0.0
1578,60 - 64,NRW,32.98,37.98,30.0,0.0,VF RIP U-TREUE,0.0
1579,45 - 49,NRW,34.97,39.99,30.0,0.0,RED INTERNET & PHONE CABLE U,0.0
1580,25 - 29,KBW,29.99,39.98,30.0,0.0,GIGAZUHAUSE KABEL,1.0
1581,25 - 29,NRW,49.99,34.98,30.0,0.0,RED INTERNET & PHONE CABLE U,1.0
1582,70 - 74,NRW,34.99,48.98,30.0,0.0,VF CABLEMAX,0.0
1583,40 - 44,NRW,34.94,34.98,30.0,0.0,VF RIP U-TREUE,1.0
1584,40 - 44,NRW,37.97,44.98,30.0,0.0,RED INTERNET & PHONE CABLE U,0.0
1585,60 - 64,HSN,39.98,44.99,30.0,0.0,RED INTERNET & PHONE CABLE U,0.0
1586,65 - 69,NRW,44.98,44.99,30.0,0.0,GIGAZUHAUSE KABEL,0.0
1587,55 - 59,KBW,39.98,44.98,30.0,0.0,RED INTERNET & PHONE CABLE U,1.0
1588,55 - 59,NRW,49.99,49.99,30.0,0.0,RED INTERNET & PHONE CABLE U,0.0
1589,35 - 39,NRW,49.99,39.98,30.0,0.0,VF CABLEMAX,1.0
1590,25 - 29,NRW,39.99,39.98,30.0,0.0,RED INTERNET & PHONE CABLE U,1.0
1591,35 - 39,KBW,39.97,39.99,30.0,0.0,VF RIP U-TREUE,0.0
1592,45 - 49,NRW,44.98,47.98,30.0,0.0,GIGAZUHAUSE TREUE B,0.0
1593,60 - 64,NRW,44.98,39.99,30.0,0.0,VF RIP U-TREUE,0.0
1594,50 - 54,KBW,44.99,44.99,30.0,0.0,RED INTERNET & PHONE CABLE U,1.0
1595,50 - 54,NRW,34.98,44.98,30.0,0.0,VF CABLEMAX,1.0
1596,45 - 49,KBW,44.99,39.99,30.0,0.0,VF CABLEMAX,0.0
1597,40 - 44,NRW,54.99,39.99,30.0,0.0,VF CABLEMAX,1.0
1598,35 - 39,NRW,39.98,39.99,30.0,1.0,GIGAZUHAUSE TREUE B,0.0
1599,60 - 64,NRW,44.98,39.99,30.0,0.0,VF RIP U-TREUE,1.0
1600,35 - 39,NRW,34.98,39.99,30.0,0.0,RED INTERNET & PHONE CABLE U,0.0
1601,40 - 44,KBW,29.99,39.99,30.0,0.0,VF RIP U-TREUE,0.0
1602,35 - 39,NRW,32.97,54.99,30.0,0.0,RED INTERNET & PHONE CABLE U,0.0
1603,18 - 24,KBW,34.99,34.99,30.0,0.0,RED INTERNET & PHONE CABLE U,1.0
1604,25 - 29,NRW,42.99,39.98,30.0,0.0,VF RIP U-TREUE,1.0
1605,55 - 59,NRW,39.97,49.99,30.0,0.0,RED INTERNET & PHONE CABLE U,0.0
1606,30 - 34,KBW,44.97,44.96,30.0,0.0,VF RIP U-TREUE,0.0
1607,45 - 49,KBW,49.99,39.99,30.0,0.0,RED INTERNET & PHONE CABLE U,1.0
1608,30 - 34,KBW,39.99,47.98,30.0,0.0,GIGAZUHAUSE KABEL,1.0
1609,30 - 34,KBW,44.99,29.99,30.0,0.0,RED INTERNET & PHONE CABLE U,1.0
1610,35 - 39,HSN,49.99,49.99,30.0,1.0,RED INTERNET & PHONE CABLE U,1.0
1611,65 - 69,KBW,44.98,44.98,30.0,0.0,VF CABLEMAX,1.0
1612,80 and over,NRW,34.99,39.99,30.0,0.0,VF CABLEMAX,1.0
1613,55 - 59,HSN,34.99,39.99,30.0,0.0,RED INTERNET & PHONE CABLE U,0.0
1614,25 - 29,NRW,32.99,34.99,30.0,0.0,VF CABLEMAX,0.0
1615,35 - 39,KBW,32.99,32.98,30.0,0.0,VF RIP U-TREUE,1.0
1616,55 - 59,KBW,39.98,54.99,30.0,0.0,RED INTERNET & PHONE CABLE U,0.0
1617,25 - 29,KBW,39.97,44.98,30.0,0.0,RED INTERNET & PHONE CABLE U,0.0
1618,35 - 39,NRW,44.99,44.99,30.0,0.0,RED INTERNET & PHONE CABLE U,0.0
1619,65 - 69,HSN,54.98,39.98,30.0,0.0,RED INTERNET & PHONE CABLE U,1.0
1620,25 - 29,NRW,38.99,39.98,30.0,0.0,GIGAZUHAUSE KABEL,1.0
1621,40 - 44,NRW,44.99,39.97,1.0,0.0,VF CABLEMAX,1.0
1622,30 - 34,NRW,39.99,34.98,30.0,0.0,VF CABLEMAX,1.0
1623,50 - 54,KBW,39.98,39.98,30.0,0.0,RED INTERNET & PHONE CABLE U,0.0
1624,55 - 59,NRW,49.99,34.99,30.0,0.0,VF CABLEMAX,0.0
1625,55 - 59,NRW,42.98,64.98,30.0,0.0,RED INTERNET & PHONE CABLE U,0.0
1626,40 - 44,NRW,32.98,37.98,30.0,0.0,VF RIP U-TREUE,0.0
1627,35 - 39,KBW,44.98,44.97,30.0,0.0,RED INTERNET & PHONE CABLE U,1.0
1628,55 - 59,NRW,54.98,34.98,30.0,0.0,RED INTERNET & PHONE CABLE U,0.0
1629,60 - 64,NRW,39.98,49.98,30.0,0.0,RED INTERNET & PHONE CABLE U,0.0
1630,60 - 64,NRW,34.98,49.99,30.0,0.0,RED INTERNET & PHONE CABLE U,1.0
1631,40 - 44,KBW,49.98,44.99,30.0,0.0,VF CABLEMAX,1.0
1632,60 - 64,KBW,34.99,49.98,30.0,0.0,GIGAZUHAUSE KABEL,1.0
1633,45 - 49,KBW,44.98,39.98,30.0,0.0,VF RIP U-TREUE,1.0
1634,25 - 29,NRW,34.99,39.99,30.0,0.0,GIGAZUHAUSE TREUE B,0.0
1635,25 - 29,KBW,47.97,44.99,30.0,0.0,VF RIP U-TREUE,1.0
1636,75 - 79,KBW,34.98,39.98,30.0,0.0,VF RIP U-TREUE,0.0
1637,40 - 44,NRW,34.99,34.99,30.0,0.0,GIGAZUHAUSE TREUE B,1.0
1638,18 - 24,KBW,49.98,39.98,30.0,0.0,GIGAZUHAUSE KABEL,1.0
1639,30 - 34,NRW,24.99,49.99,30.0,0.0,RED INTERNET & PHONE CABLE U,0.0
1640,35 - 39,KBW,59.99,24.98,30.0,0.0,RED INTERNET & PHONE CABLE U,0.0
1641,35 - 39,KBW,37.98,44.99,9.0,0.0,VF RIP U-TREUE,1.0
1642,55 - 59,NRW,39.98,39.99,30.0,0.0,VF RIP U-TREUE,0.0
1643,35 - 39,KBW,44.98,39.99,30.0,0.0,GIGAZUHAUSE KABEL,0.0
1644,30 - 34,KBW,34.99,49.98,30.0,0.0,RED INTERNET & PHONE CABLE U,0.0
1645,65 - 69,NRW,34.98,44.98,30.0,0.0,RED INTERNET & PHONE CABLE U,0.0
1646,35 - 39,NRW,44.98,44.99,30.0,0.0,RED INTERNET & PHONE CABLE U,1.0
1647,60 - 64,KBW,34.99,44.99,30.0,0.0,RED INTERNET & PHONE CABLE U,1.0
1648,30 - 34,KBW,34.99,39.97,30.0,0.0,RED INTERNET & PHONE CABLE U,0.0
1649,40 - 44,KBW,44.99,34.99,30.0,0.0,RED INTERNET & PHONE CABLE U,1.0
1650,40 - 44,KBW,34.99,34.99,30.0,0.0,VF CABLEMAX,0.0
1651,55 - 59,NRW,47.99,49.97,30.0,0.0,VF RIP U-TREUE,1.0
1652,25 - 29,NRW,39.98,39.99,30.0,0.0,RED INTERNET & PHONE CABLE U,1.0
1653,45 - 49,NRW,32.99,34.99,30.0,0.0,RED INTERNET & PHONE CABLE U,1.0
1654,25 - 29,NRW,34.99,34.99,30.0,0.0,VF CABLEMAX,1.0
1655,50 - 54,KBW,39.98,48.98,30.0,0.0,VF RIP U-TREUE,1.0
1656,70 - 74,NRW,44.97,29.99,30.0,0.0,VF CABLEMAX,1.0
1657,40 - 44,KBW,34.99,44.99,30.0,0.0,RED INTERNET & PHONE CABLE U,1.0
1658,25 - 29,KBW,44.97,44.98,30.0,0.0,RED INTERNET & PHONE CABLE U,0.0
1659,25 - 29,HSN,34.97,37.99,30.0,0.0,GIGAZUHAUSE KABEL,1.0
1660,25 - 29,KBW,44.98,34.99,30.0,0.0,VF RIP U-TREUE,0.0
1661,70 - 74,KBW,44.98,44.97,30.0,0.0,VF RIP U-TREUE,1.0
1662,40 - 44,NRW,44.99,37.98,30.0,0.0,GIGAZUHAUSE KABEL,0.0
1663,50 - 54,NRW,39.98,44.99,30.0,0.0,VF CABLEMAX,0.0
1664,35 - 39,NRW,34.99,34.98,30.0,0.0,GIGAZUHAUSE KABEL,0.0
1665,25 - 29,NRW,58.99,32.98,30.0,0.0,RED INTERNET & PHONE CABLE U,1.0
1666,25 - 29,KBW,29.97,44.99,30.0,0.0,RED INTERNET & PHONE CABLE U,0.0
1667,55 - 59,NRW,44.99,39.99,30.0,0.0,VF RIP U-TREUE,1.0
1668,30 - 34,NRW,44.96,44.98,30.0,0.0,RED INTERNET & PHONE CABLE U,1.0
1669,65 - 69,HSN,29.98,34.98,30.0,0.0,VF RIP U-TREUE,1.0
1670,60 - 64,NRW,42.99,39.97,30.0,0.0,RED INTERNET & PHONE CABLE U,0.0
1671,30 - 34,KBW,34.97,54.99,30.0,0.0,RED INTERNET & PHONE CABLE U,1.0
1672,35 - 39,NRW,39.99,32.98,30.0,0.0,VF RIP U-TREUE,0.0
1673,25 - 29,NRW,42.98,34.98,30.0,0.0,VF CABLEMAX,1.0
1674,30 - 34,HSN,39.98,44.98,30.0,0.0,VF CABLEMAX,0.0
1675,45 - 49,HSN,49.99,39.98,30.0,0.0,VF CABLEMAX,1.0
1676,55 - 59,HSN,34.98,44.99,30.0,0.0,RED INTERNET & PHONE CABLE U,0.0
1677,80 and over,HSN,49.99,39.99,30.0,0.0,RED INTERNET & PHONE CABLE U,1.0
1678,60 - 64,NRW,44.99,34.98,30.0,0.0,RED INTERNET & PHONE CABLE U,1.0
1679,65 - 69,KBW,39.99,49.99,30.0,0.0,RED INTERNET & PHONE CABLE U,1.0
1680,50 - 54,KBW,39.99,49.98,30.0,0.0,RED INTERNET & PHONE CABLE U,0.0
1681,35 - 39,HSN,39.98,44.98,30.0,0.0,RED INTERNET & PHONE CABLE U,1.0
1682,45 - 49,KBW,34.99,29.99,30.0,0.0,VF RIP U-TREUE,0.0
1683,55 - 59,NRW,44.96,39.99,30.0,0.0,VF RIP U-TREUE,0.0
1684,35 - 39,NRW,39.99,44.99,30.0,0.0,RED INTERNET & PHONE CABLE U,0.0
1685,30 - 34,KBW,44.99,44.98,30.0,0.0,RED INTERNET & PHONE CABLE U,0.0
1686,65 - 69,NRW,44.98,44.98,30.0,0.0,GIGAZUHAUSE TREUE C,0.0
1687,40 - 44,NRW,44.99,32.99,8.0,0.0,RED INTERNET & PHONE CABLE U,0.0
1688,40 - 44,KBW,39.99,44.98,30.0,0.0,VF CABLEMAX,0.0
1689,50 - 54,NRW,34.99,29.99,30.0,0.0,GIGAZUHAUSE KABEL,0.0
1690,55 - 59,KBW,44.99,44.98,30.0,0.0,RED INTERNET & PHONE CABLE U,0.0
1691,35 - 39,KBW,44.98,39.99,30.0,0.0,RED INTERNET & PHONE CABLE U,0.0
1692,55 - 59,NRW,44.96,39.99,30.0,0.0,RED INTERNET & PHONE CABLE U,0.0
1693,35 - 39,KBW,44.99,32.97,30.0,0.0,VF CABLEMAX,1.0
1694,35 - 39,HSN,44.98,44.99,30.0,0.0,RED INTERNET & PHONE CABLE U,1.0
1695,60 - 64,NRW,42.98,39.98,30.0,0.0,VF CABLEMAX,0.0
1696,25 - 29,HSN,32.98,39.99,30.0,0.0,RED INTERNET & PHONE CABLE U,1.0
1697,25 - 29,KBW,39.99,44.99,30.0,0.0,RED INTERNET & PHONE CABLE U,1.0
1698,25 - 29,NRW,39.99,39.99,30.0,0.0,VF RIP U-TREUE,0.0
1699,35 - 39,KBW,34.99,39.99,30.0,0.0,RED INTERNET & PHONE CABLE U,0.0
1700,50 - 54,NRW,44.98,44.99,30.0,0.0,VF CABLEMAX,0.0
1701,35 - 39,NRW,44.99,39.99,30.0,0.0,RED INTERNET & PHONE CABLE U,0.0
1702,30 - 34,NRW,44.99,39.98,30.0,0.0,VF CABLEMAX,1.0
1703,35 - 39,KBW,39.98,44.99,30.0,0.0,RED INTERNET & PHONE CABLE U,0.0
1704,25 - 29,NRW,44.99,44.98,30.0,0.0,VF RIP U-TREUE,0.0
1705,40 - 44,NRW,39.99,49.99,30.0,0.0,GIGAZUHAUSE KABEL,0.0
1706,65 - 69,NRW,34.99,39.99,30.0,0.0,RED INTERNET & PHONE CABLE U,1.0
1707,45 - 49,NRW,39.99,54.99,30.0,0.0,GIGAZUHAUSE KABEL,1.0
1708,55 - 59,KBW,34.99,44.99,30.0,0.0,VF RIP U-TREUE,1.0
1709,65 - 69,NRW,44.98,34.98,30.0,0.0,RED INTERNET & PHONE CABLE U,1.0
1710,35 - 39,NRW,34.98,39.99,30.0,0.0,RED INTERNET & PHONE CABLE U,1.0
1711,35 - 39,KBW,44.99,29.98,30.0,0.0,RED INTERNET & PHONE CABLE U,0.0
1712,55 - 59,HSN,32.98,39.98,30.0,0.0,RED INTERNET & PHONE CABLE U,1.0
1713,35 - 39,NRW,44.98,39.98,30.0,0.0,VF RIP U-TREUE,1.0
1714,55 - 59,KBW,49.98,32.99,30.0,0.0,RED INTERNET & PHONE CABLE U,1.0
1715,60 - 64,KBW,44.99,44.98,30.0,0.0,RED INTERNET & PHONE CABLE U,0.0
1716,25 - 29,NRW,32.98,29.99,30.0,0.0,RED INTERNET & PHONE CABLE U,1.0
1717,35 - 39,NRW,34.99,44.98,30.0,0.0,VF RIP U-TREUE,0.0
1718,65 - 69,NRW,47.99,44.99,30.0,0.0,VF RIP U-TREUE,1.0
1719,25 - 29,KBW,44.99,44.99,30.0,0.0,VF RIP U-TREUE,0.0
1720,50 - 54,NRW,44.99,44.98,30.0,0.0,RED INTERNET & PHONE CABLE U,1.0
1721,30 - 34,NRW,44.99,39.98,30.0,0.0,VF RIP U-TREUE,0.0
1722,55 - 59,KBW,44.98,44.98,30.0,0.0,VF RIP U-TREUE,0.0
1723,35 - 39,NRW,44.99,34.99,30.0,0.0,RED INTERNET & PHONE CABLE U,0.0
1724,30 - 34,NRW,39.99,39.99,30.0,0.0,VF RIP U-TREUE,0.0
1725,30 - 34,NRW,44.99,37.99,30.0,0.0,RED INTERNET & PHONE CABLE U,1.0
1726,25 - 29,KBW,39.98,29.99,30.0,0.0,RED INTERNET & PHONE CABLE U,0.0
1727,35 - 39,NRW,33.98,34.99,30.0,0.0,GIGAZUHAUSE KABEL,0.0
1728,25 - 29,HSN,44.98,39.99,30.0,0.0,RED INTERNET & PHONE CABLE U,1.0
1729,25 - 29,NRW,54.98,37.98,30.0,0.0,VF CABLEMAX,1.0
1730,45 - 49,KBW,39.99,24.99,30.0,0.0,RED INTERNET & PHONE CABLE U,1.0
1731,60 - 64,NRW,39.99,39.99,30.0,0.0,RED INTERNET & PHONE CABLE U,0.0
1732,35 - 39,HSN,34.99,39.99,30.0,0.0,VF CABLEMAX,0.0
1733,30 - 34,NRW,39.98,44.99,30.0,0.0,RED INTERNET & PHONE CABLE U,0.0
1734,35 - 39,HSN,34.98,44.99,30.0,0.0,RED INTERNET & PHONE CABLE U,0.0
1735,60 - 64,NRW,39.99,39.98,30.0,0.0,RED INTERNET & PHONE CABLE U,1.0
1736,25 - 29,HSN,29.97,49.98,30.0,0.0,VF CABLEMAX,1.0
1737,50 - 54,NRW,44.98,29.99,30.0,0.0,RED INTERNET & PHONE CABLE U,0.0
1738,60 - 64,KBW,34.98,32.98,30.0,0.0,VF RIP U-TREUE,0.0
1739,55 - 59,NRW,49.98,44.99,30.0,0.0,GIGAZUHAUSE TREUE B,0.0
1740,35 - 39,NRW,44.98,39.99,30.0,0.0,VF RIP U-TREUE,1.0
1741,25 - 29,NRW,29.98,44.99,30.0,0.0,VF RIP U-TREUE,0.0
1742,40 - 44,NRW,39.99,39.99,30.0,0.0,RED INTERNET & PHONE CABLE U,0.0
1743,70 - 74,HSN,44.99,49.97,30.0,0.0,RED INTERNET & PHONE CABLE U,1.0
1744,35 - 39,NRW,29.99,44.98,30.0,0.0,RED INTERNET & PHONE CABLE U,0.0
1745,55 - 59,HSN,49.99,39.98,30.0,0.0,VF CABLEMAX,1.0
1746,65 - 69,NRW,44.99,34.98,30.0,0.0,RED INTERNET & PHONE CABLE U,0.0
1747,30 - 34,HSN,44.98,29.99,30.0,0.0,RED INTERNET & PHONE CABLE U,1.0
1748,45 - 49,NRW,44.99,64.98,30.0,0.0,RED INTERNET & PHONE CABLE U,0.0
1749,45 - 49,NRW,44.98,39.98,30.0,0.0,GIGAZUHAUSE KABEL,0.0
1750,40 - 44,KBW,34.99,44.98,30.0,0.0,VF RIP U-TREUE,1.0
1751,30 - 34,NRW,39.74,34.97,30.0,0.0,RED INTERNET & PHONE CABLE U,1.0
1752,35 - 39,NRW,70.99,54.98,30.0,0.0,RED INTERNET & PHONE CABLE U,1.0
1753,35 - 39,NRW,29.99,39.97,30.0,0.0,VF CABLEMAX,0.0
1754,65 - 69,NRW,49.98,39.99,30.0,0.0,VF RIP U-TREUE,0.0
1755,25 - 29,NRW,44.99,39.98,30.0,0.0,RED INTERNET & PHONE CABLE U,0.0
1756,30 - 34,KBW,32.98,44.99,30.0,0.0,RED INTERNET & PHONE CABLE U,0.0
1757,55 - 59,NRW,44.98,39.97,30.0,0.0,VF RIP U-TREUE,0.0
1758,40 - 44,KBW,44.99,44.99,30.0,0.0,VF RIP U-TREUE,1.0
1759,35 - 39,NRW,44.99,39.99,30.0,0.0,RED INTERNET & PHONE CABLE U,1.0
1760,35 - 39,NRW,44.98,39.98,30.0,0.0,VF RIP U-TREUE,1.0
1761,65 - 69,NRW,44.98,39.98,30.0,1.0,RED INTERNET & PHONE CABLE U,1.0
1762,30 - 34,HSN,44.98,34.98,30.0,0.0,RED INTERNET & PHONE CABLE U,1.0
1763,25 - 29,NRW,34.99,44.98,30.0,0.0,RED INTERNET & PHONE CABLE U,0.0
1764,55 - 59,NRW,44.98,44.98,30.0,0.0,GIGAZUHAUSE KABEL,1.0
1765,35 - 39,NRW,29.99,39.99,30.0,0.0,RED INTERNET & PHONE CABLE U,0.0
1766,25 - 29,NRW,49.99,44.99,30.0,0.0,RED INTERNET & PHONE CABLE U,0.0
1767,35 - 39,NRW,44.97,34.98,30.0,0.0,RED INTERNET & PHONE CABLE U,0.0
1768,65 - 69,NRW,44.98,47.99,30.0,0.0,RED INTERNET & PHONE CABLE U,1.0
1769,60 - 64,KBW,44.99,39.99,30.0,0.0,GIGAZUHAUSE KABEL,1.0
1770,35 - 39,NRW,39.97,44.98,30.0,0.0,GIGAZUHAUSE KABEL,1.0
1771,30 - 34,NRW,44.97,49.98,30.0,0.0,VF CABLEMAX,0.0
1772,30 - 34,NRW,49.98,44.97,30.0,0.0,GIGAZUHAUSE KABEL,1.0
1773,35 - 39,NRW,39.99,39.98,30.0,0.0,VF RIP U-TREUE,1.0
1774,30 - 34,NRW,44.98,44.98,30.0,0.0,RED INTERNET & PHONE CABLE U,0.0
1775,45 - 49,NRW,49.99,34.98,30.0,0.0,VF RIP U-TREUE,0.0
1776,50 - 54,KBW,34.99,44.98,30.0,0.0,RED INTERNET & PHONE CABLE U,1.0
1777,25 - 29,KBW,49.98,39.98,30.0,0.0,GIGAZUHAUSE KABEL,0.0
1778,35 - 39,NRW,39.99,39.99,30.0,0.0,VF CABLEMAX,1.0
1779,45 - 49,NRW,34.99,39.98,30.0,0.0,RED INTERNET & PHONE CABLE U,0.0
1780,35 - 39,KBW,29.98,29.98,30.0,0.0,VF RIP U-TREUE,1.0
1781,45 - 49,NRW,29.99,44.98,30.0,0.0,GIGAZUHAUSE KABEL,0.0
1782,40 - 44,KBW,49.98,39.99,30.0,0.0,RED INTERNET & PHONE CABLE U,0.0
1783,30 - 34,NRW,34.99,39.99,30.0,0.0,RED INTERNET & PHONE CABLE U,0.0
1784,35 - 39,HSN,39.98,39.98,30.0,0.0,RED INTERNET & PHONE CABLE U,1.0
1785,55 - 59,KBW,54.99,44.98,30.0,0.0,VF RIP U-TREUE,1.0
1786,30 - 34,KBW,39.98,42.98,30.0,0.0,RED INTERNET & PHONE CABLE U,0.0
1787,25 - 29,HSN,39.99,39.98,30.0,1.0,RED INTERNET & PHONE CABLE U,0.0
1788,35 - 39,KBW,44.98,39.98,30.0,0.0,VF CABLEMAX,1.0
1789,45 - 49,NRW,39.99,34.99,30.0,0.0,RED INTERNET & PHONE CABLE U,1.0
1790,35 - 39,KBW,34.99,44.99,30.0,0.0,RED INTERNET & PHONE CABLE U,1.0
1791,35 - 39,KBW,44.99,44.97,30.0,0.0,RED INTERNET & PHONE CABLE U,1.0
1792,50 - 54,NRW,34.98,44.98,30.0,0.0,VF RIP U-TREUE,0.0
1793,40 - 44,KBW,44.98,44.98,30.0,0.0,RED INTERNET & PHONE CABLE U,1.0
1794,30 - 34,NRW,27.99,44.99,30.0,0.0,GIGAZUHAUSE KABEL,0.0
1795,40 - 44,KBW,49.98,39.99,30.0,0.0,VF CABLEMAX,0.0
1796,40 - 44,NRW,29.99,44.98,30.0,0.0,GIGAZUHAUSE TREUE C,0.0
1797,35 - 39,NRW,44.98,34.99,30.0,0.0,GIGAZUHAUSE TREUE B,0.0
1798,45 - 49,NRW,44.99,44.97,30.0,0.0,RED INTERNET & PHONE CABLE U,0.0
1799,65 - 69,NRW,34.99,34.98,30.0,0.0,GIGAZUHAUSE KABEL,1.0
1800,50 - 54,NRW,34.99,44.98,30.0,0.0,RED INTERNET & PHONE CABLE U,0.0
1801,70 - 74,NRW,39.99,42.98,30.0,0.0,GIGAZUHAUSE KABEL,1.0
1802,55 - 59,NRW,39.98,39.97,30.0,0.0,VF CABLEMAX,1.0
1803,40 - 44,NRW,44.98,44.99,30.0,0.0,RED INTERNET & PHONE CABLE U,0.0
1804,40 - 44,KBW,39.98,49.99,30.0,0.0,VF CABLEMAX,1.0
1805,30 - 34,KBW,44.99,44.98,30.0,0.0,RED INTERNET & PHONE CABLE U,0.0
1806,40 - 44,KBW,44.99,34.99,30.0,0.0,RED INTERNET & PHONE CABLE U,1.0
1807,50 - 54,NRW,34.98,44.98,30.0,0.0,VF CABLEMAX,1.0
1808,60 - 64,KBW,29.99,39.99,30.0,0.0,RED INTERNET & PHONE CABLE U,1.0
1809,60 - 64,NRW,34.99,39.99,30.0,0.0,GIGAZUHAUSE KABEL,0.0
1810,65 - 69,KBW,39.97,39.98,30.0,0.0,RED INTERNET & PHONE CABLE U,1.0
1811,35 - 39,NRW,34.99,34.99,30.0,0.0,VF RIP U-TREUE,1.0
1812,55 - 59,NRW,39.98,47.99,30.0,0.0,VF CABLEMAX,1.0
1813,30 - 34,KBW,34.99,44.98,30.0,0.0,VF RIP U-TREUE,1.0
1814,40 - 44,KBW,44.98,39.99,30.0,0.0,GIGAZUHAUSE KABEL,1.0
1815,65 - 69,NRW,39.98,49.96,30.0,0.0,VF RIP U-TREUE,1.0
1816,50 - 54,NRW,44.99,42.99,30.0,0.0,RED INTERNET & PHONE CABLE U,0.0
1817,25 - 29,NRW,43.97,39.98,30.0,0.0,VF RIP U-TREUE,0.0
1818,40 - 44,KBW,34.97,44.99,30.0,0.0,VF CABLEMAX,0.0
1819,75 - 79,NRW,39.98,44.98,30.0,0.0,RED INTERNET & PHONE CABLE U,0.0
1820,25 - 29,NRW,49.98,44.98,30.0,0.0,VF RIP U-TREUE,0.0
1821,40 - 44,NRW,44.97,49.98,30.0,0.0,RED INTERNET & PHONE CABLE U,0.0
1822,40 - 44,NRW,49.99,34.99,30.0,0.0,RED INTERNET & PHONE CABLE U,1.0
1823,65 - 69,NRW,42.98,39.98,30.0,0.0,GIGAZUHAUSE KABEL,0.0
1824,30 - 34,KBW,39.98,44.99,30.0,0.0,RED INTERNET & PHONE CABLE U,1.0
1825,30 - 34,NRW,34.98,37.98,30.0,0.0,VF RIP U-TREUE,0.0
1826,50 - 54,NRW,39.97,34.99,30.0,0.0,RED INTERNET & PHONE CABLE U,0.0
1827,60 - 64,NRW,34.98,39.97,30.0,0.0,RED INTERNET & PHONE CABLE U,0.0
1828,45 - 49,NRW,49.98,24.98,30.0,0.0,RED INTERNET & PHONE CABLE U,1.0
1829,50 - 54,NRW,34.99,44.99,30.0,0.0,VF CABLEMAX,1.0
1830,75 - 79,KBW,44.98,44.99,30.0,0.0,VF CABLEMAX,1.0
1831,30 - 34,KBW,49.97,39.97,30.0,0.0,RED INTERNET & PHONE CABLE U,1.0
1832,25 - 29,KBW,39.98,39.98,30.0,0.0,VF CABLEMAX,1.0
1833,55 - 59,HSN,44.98,42.98,30.0,0.0,VF RIP U-TREUE,1.0
1834,35 - 39,KBW,39.99,37.99,30.0,0.0,RED INTERNET & PHONE CABLE U,1.0
1835,35 - 39,NRW,44.99,49.99,30.0,0.0,RED INTERNET & PHONE CABLE U,1.0
1836,65 - 69,NRW,34.98,34.99,30.0,0.0,RED INTERNET & PHONE CABLE U,0.0
1837,25 - 29,KBW,39.99,44.99,30.0,0.0,RED INTERNET & PHONE CABLE U,1.0
1838,40 - 44,KBW,44.99,34.97,30.0,0.0,RED INTERNET & PHONE CABLE U,0.0
1839,40 - 44,NRW,44.99,44.98,30.0,0.0,VF CABLEMAX,1.0
1840,55 - 59,KBW,42.99,39.98,30.0,0.0,RED INTERNET & PHONE CABLE U,0.0
1841,35 - 39,NRW,39.98,34.97,30.0,0.0,RED INTERNET & PHONE CABLE U,1.0
1842,35 - 39,HSN,34.99,37.99,30.0,0.0,VF RIP U-TREUE,0.0
1843,35 - 39,NRW,34.99,24.99,30.0,0.0,RED INTERNET & PHONE CABLE U,0.0
1844,35 - 39,KBW,44.98,34.98,30.0,0.0,VF RIP U-TREUE,1.0
1845,40 - 44,KBW,34.96,44.99,30.0,0.0,RED INTERNET & PHONE CABLE U,1.0
1846,30 - 34,KBW,29.99,39.99,30.0,0.0,RED INTERNET & PHONE CABLE U,1.0
1847,35 - 39,NRW,39.99,32.98,30.0,0.0,VF CABLEMAX,1.0
1848,35 - 39,KBW,39.98,49.99,30.0,0.0,GIGAZUHAUSE KABEL,1.0
1849,65 - 69,KBW,29.96,29.98,30.0,0.0,GIGAZUHAUSE KABEL,1.0
1850,40 - 44,NRW,39.99,39.99,30.0,0.0,VF RIP U-TREUE,0.0
1851,45 - 49,KBW,34.97,44.98,30.0,0.0,VF RIP U-TREUE,0.0
1852,45 - 49,NRW,39.98,34.99,30.0,0.0,RED INTERNET & PHONE CABLE U,0.0
1853,25 - 29,NRW,39.99,74.99,30.0,0.0,RED INTERNET & PHONE CABLE U,1.0
1854,25 - 29,KBW,44.98,39.99,30.0,0.0,GIGAZUHAUSE KABEL,0.0
1855,30 - 34,KBW,39.98,39.98,30.0,0.0,RED INTERNET & PHONE CABLE U,0.0
1856,80 and over,NRW,44.98,34.99,30.0,0.0,RED INTERNET & PHONE CABLE U,0.0
1857,70 - 74,HSN,44.98,44.99,30.0,0.0,VF RIP U-TREUE,1.0
1858,35 - 39,HSN,34.98,39.97,30.0,0.0,VF CABLEMAX,1.0
1859,30 - 34,NRW,39.99,39.98,30.0,0.0,VF CABLEMAX,1.0
1860,65 - 69,NRW,32.99,39.99,30.0,0.0,RED INTERNET & PHONE CABLE U,0.0
1861,35 - 39,NRW,34.99,39.99,30.0,0.0,VF RIP U-TREUE,0.0
1862,35 - 39,KBW,49.99,34.98,30.0,0.0,GIGAZUHAUSE KABEL,1.0
1863,35 - 39,NRW,64.99,34.97,30.0,0.0,VF RIP U-TREUE,1.0
1864,35 - 39,NRW,44.98,44.98,30.0,0.0,RED INTERNET & PHONE CABLE U,0.0
1865,55 - 59,NRW,44.99,34.98,30.0,0.0,RED INTERNET & PHONE CABLE U,0.0
1866,60 - 64,KBW,44.99,34.99,30.0,0.0,RED INTERNET & PHONE CABLE U,0.0
1867,55 - 59,KBW,49.99,34.99,30.0,0.0,RED INTERNET & PHONE CABLE U,0.0
1868,50 - 54,KBW,49.99,47.98,30.0,0.0,VF RIP U-TREUE,0.0
1869,55 - 59,NRW,54.98,44.98,30.0,0.0,RED INTERNET & PHONE CABLE U,0.0
1870,50 - 54,KBW,42.99,34.99,30.0,0.0,VF CABLEMAX,1.0
1871,60 - 64,NRW,32.99,39.98,30.0,0.0,RED INTERNET & PHONE CABLE U,0.0
1872,50 - 54,NRW,29.98,39.98,30.0,0.0,VF RIP U-TREUE,0.0
1873,35 - 39,NRW,49.97,39.99,30.0,0.0,GIGAZUHAUSE KABEL,0.0
1874,60 - 64,KBW,39.99,44.98,30.0,0.0,VF RIP U-TREUE,0.0
1875,60 - 64,KBW,39.99,34.99,30.0,0.0,RED INTERNET & PHONE CABLE U,0.0
1876,65 - 69,HSN,42.99,39.98,30.0,0.0,RED INTERNET & PHONE CABLE U,1.0
1877,25 - 29,NRW,44.98,44.98,30.0,0.0,RED INTERNET & PHONE CABLE U,1.0
1878,45 - 49,KBW,44.99,73.99,30.0,0.0,RED INTERNET & PHONE CABLE U,0.0
1879,60 - 64,NRW,49.98,44.99,30.0,0.0,GIGAZUHAUSE KABEL,1.0
1880,25 - 29,NRW,47.98,39.97,30.0,0.0,VF RIP U-TREUE,0.0
1881,25 - 29,NRW,39.99,44.98,30.0,0.0,VF RIP U-TREUE,1.0
1882,35 - 39,KBW,34.98,44.98,30.0,0.0,RED INTERNET & PHONE CABLE U,1.0
1883,35 - 39,NRW,34.98,39.99,30.0,0.0,VF RIP U-TREUE,0.0
1884,45 - 49,NRW,39.98,34.98,44.0,0.0,VF CABLEMAX,1.0
1885,30 - 34,NRW,34.99,39.98,30.0,0.0,RED INTERNET & PHONE CABLE U,0.0
1886,55 - 59,NRW,34.98,34.98,30.0,0.0,RED INTERNET & PHONE CABLE U,0.0
1887,35 - 39,NRW,47.99,39.99,30.0,0.0,RED INTERNET & PHONE CABLE U,0.0
1888,25 - 29,KBW,44.98,34.98,30.0,0.0,RED INTERNET & PHONE CABLE U,1.0
1889,30 - 34,NRW,44.98,39.97,30.0,0.0,RED INTERNET & PHONE CABLE U,1.0
1890,55 - 59,NRW,34.97,44.98,30.0,0.0,RED INTERNET & PHONE CABLE U,0.0
1891,40 - 44,KBW,29.99,39.98,30.0,0.0,RED INTERNET & PHONE CABLE U,0.0
1892,30 - 34,HSN,44.98,44.98,30.0,0.0,VF CABLEMAX,1.0
1893,35 - 39,NRW,39.99,29.99,30.0,0.0,RED INTERNET & PHONE CABLE U,0.0
1894,25 - 29,NRW,44.98,37.99,30.0,0.0,GIGAZUHAUSE KABEL,1.0
1895,75 - 79,HSN,49.97,42.97,30.0,0.0,RED INTERNET & PHONE CABLE U,1.0
1896,25 - 29,NRW,39.98,44.99,30.0,0.0,RED INTERNET & PHONE CABLE U,0.0
1897,40 - 44,KBW,29.99,44.98,30.0,0.0,RED INTERNET & PHONE CABLE U,1.0
1898,65 - 69,HSN,49.99,39.99,30.0,0.0,VF RIP U-TREUE,1.0
1899,35 - 39,NRW,39.99,34.98,30.0,0.0,RED INTERNET & PHONE CABLE U,1.0
1900,25 - 29,HSN,34.99,32.99,30.0,0.0,VF RIP U-TREUE,1.0
1901,35 - 39,KBW,39.99,44.97,30.0,0.0,RED INTERNET & PHONE CABLE U,1.0
1902,40 - 44,NRW,44.98,44.99,30.0,0.0,GIGAZUHAUSE KABEL,0.0
1903,35 - 39,NRW,44.98,34.98,30.0,0.0,VF RIP U-TREUE,0.0
1904,40 - 44,NRW,34.97,44.99,30.0,0.0,RED INTERNET & PHONE CABLE U,0.0
1905,35 - 39,NRW,44.98,39.98,30.0,0.0,RED INTERNET & PHONE CABLE U,1.0
1906,55 - 59,NRW,34.99,39.99,30.0,0.0,VF RIP U-TREUE,0.0
1907,35 - 39,NRW,32.98,34.98,30.0,0.0,RED INTERNET & PHONE CABLE U,1.0
1908,60 - 64,HSN,34.97,44.99,30.0,0.0,VF RIP U-TREUE,0.0
1909,30 - 34,KBW,47.98,32.99,30.0,0.0,RED INTERNET & PHONE CABLE U,0.0
1910,40 - 44,NRW,44.98,34.99,30.0,0.0,RED INTERNET & PHONE CABLE U,0.0
1911,55 - 59,KBW,44.99,24.98,5.0,0.0,GIGAZUHAUSE KABEL,1.0
1912,35 - 39,KBW,39.98,39.98,30.0,0.0,RED INTERNET & PHONE CABLE U,0.0
1913,40 - 44,KBW,44.99,44.98,30.0,0.0,VF RIP U-TREUE,0.0
1914,40 - 44,NRW,39.97,44.99,30.0,0.0,VF RIP U-TREUE,0.0
1915,55 - 59,NRW,44.98,39.98,30.0,0.0,VF RIP U-TREUE,1.0
1916,50 - 54,NRW,54.98,39.98,30.0,0.0,RED INTERNET & PHONE CABLE U,0.0
1917,25 - 29,KBW,34.98,39.98,30.0,0.0,VF RIP U-TREUE,1.0
1918,25 - 29,NRW,29.98,44.98,30.0,0.0,GIGAZUHAUSE KABEL,1.0
1919,55 - 59,HSN,49.97,39.98,30.0,0.0,VF CABLEMAX,0.0
1920,60 - 64,KBW,24.98,40.99,30.0,0.0,VF RIP U-TREUE,0.0
1921,40 - 44,KBW,39.98,44.98,30.0,0.0,GIGAZUHAUSE KABEL,0.0
1922,35 - 39,KBW,49.99,39.98,30.0,0.0,VF RIP U-TREUE,0.0
1923,70 - 74,NRW,24.99,44.99,30.0,0.0,RED INTERNET & PHONE CABLE U,0.0
1924,35 - 39,KBW,37.98,39.99,30.0,0.0,RED INTERNET & PHONE CABLE U,1.0
1925,25 - 29,NRW,44.98,34.99,30.0,0.0,VF RIP U-TREUE,0.0
1926,35 - 39,NRW,39.99,49.97,30.0,0.0,RED INTERNET & PHONE CABLE U,0.0
1927,25 - 29,NRW,32.99,39.98,30.0,0.0,RED INTERNET & PHONE CABLE U,1.0
1928,40 - 44,NRW,44.98,44.98,30.0,0.0,RED INTERNET & PHONE CABLE U,1.0
1929,30 - 34,NRW,44.99,39.97,30.0,0.0,RED INTERNET & PHONE CABLE U,1.0
1930,30 - 34,NRW,34.98,29.99,30.0,0.0,RED INTERNET & PHONE CABLE U,1.0
1931,30 - 34,NRW,44.98,49.99,30.0,0.0,RED INTERNET & PHONE CABLE U,0.0
1932,60 - 64,NRW,29.99,29.99,30.0,0.0,RED INTERNET & PHONE CABLE U,0.0
1933,55 - 59,NRW,32.98,39.99,30.0,0.0,VF RIP U-TREUE,0.0
1934,30 - 34,NRW,39.98,34.98,30.0,0.0,GIGAZUHAUSE KABEL,0.0
1935,25 - 29,NRW,44.98,34.99,30.0,0.0,RED INTERNET & PHONE CABLE U,0.0
1936,40 - 44,HSN,39.98,44.99,30.0,0.0,RED INTERNET & PHONE CABLE U,1.0
1937,45 - 49,NRW,49.99,44.98,30.0,0.0,RED INTERNET & PHONE CABLE U,0.0
1938,35 - 39,KBW,34.99,39.99,30.0,0.0,VF RIP U-TREUE,1.0
1939,40 - 44,HSN,39.99,39.97,30.0,0.0,RED INTERNET & PHONE CABLE U,0.0
1940,55 - 59,KBW,39.99,37.98,30.0,0.0,RED INTERNET & PHONE CABLE U,0.0
1941,40 - 44,KBW,44.99,39.99,30.0,0.0,VF CABLEMAX,1.0
1942,25 - 29,KBW,44.97,43.99,30.0,0.0,VF CABLEMAX,1.0
1943,40 - 44,KBW,44.98,39.98,30.0,0.0,RED INTERNET & PHONE CABLE U,1.0
1944,35 - 39,NRW,39.99,34.99,30.0,0.0,VF RIP U-TREUE,0.0
1945,30 - 34,NRW,42.99,34.99,30.0,0.0,RED INTERNET & PHONE CABLE U,1.0
1946,55 - 59,HSN,42.97,34.99,30.0,0.0,GIGAZUHAUSE KABEL,0.0
1947,35 - 39,NRW,39.98,44.98,30.0,0.0,RED INTERNET & PHONE CABLE U,1.0
1948,40 - 44,NRW,29.98,49.99,30.0,0.0,VF RIP U-TREUE,0.0
1949,40 - 44,NRW,39.98,44.98,30.0,0.0,RED INTERNET & PHONE CABLE U,0.0
1950,40 - 44,NRW,44.98,39.99,30.0,0.0,VF RIP U-TREUE,1.0
1951,30 - 34,NRW,39.99,39.99,30.0,0.0,RED INTERNET & PHONE CABLE U,1.0
1952,35 - 39,KBW,54.98,34.97,30.0,0.0,VF RIP U-TREUE,0.0
1953,60 - 64,NRW,39.99,39.98,30.0,0.0,RED INTERNET & PHONE CABLE U,0.0
1954,40 - 44,NRW,44.97,39.98,30.0,0.0,RED INTERNET & PHONE CABLE U,0.0
1955,40 - 44,NRW,34.99,34.99,30.0,0.0,RED INTERNET & PHONE CABLE U,0.0
1956,80 and over,KBW,34.99,49.98,30.0,0.0,VF RIP U-TREUE,0.0
1957,30 - 34,NRW,44.99,44.97,30.0,0.0,RED INTERNET & PHONE CABLE U,0.0
1958,25 - 29,NRW,39.98,59.99,30.0,0.0,RED INTERNET & PHONE CABLE U,1.0
1959,35 - 39,KBW,39.99,39.98,30.0,0.0,RED INTERNET & PHONE CABLE U,1.0
1960,25 - 29,HSN,39.99,49.98,30.0,0.0,RED INTERNET & PHONE CABLE U,1.0
1961,35 - 39,NRW,39.99,44.99,30.0,0.0,GIGAZUHAUSE KABEL,1.0
1962,65 - 69,NRW,39.97,32.99,30.0,0.0,VF RIP U-TREUE,1.0
1963,45 - 49,NRW,44.98,44.98,30.0,0.0,GIGAZUHAUSE KABEL,1.0
1964,65 - 69,KBW,44.98,34.99,30.0,0.0,VF CABLEMAX,1.0
1965,55 - 59,KBW,49.99,62.98,30.0,0.0,VF RIP U-TREUE,0.0
1966,50 - 54,NRW,34.99,39.99,30.0,0.0,RED INTERNET & PHONE CABLE U,0.0
1967,40 - 44,NRW,49.99,54.99,30.0,0.0,GIGAZUHAUSE KABEL,1.0
1968,45 - 49,KBW,44.98,49.99,30.0,0.0,RED INTERNET & PHONE CABLE U,0.0
1969,35 - 39,KBW,44.98,19.98,30.0,0.0,GIGAZUHAUSE KABEL,0.0
1970,50 - 54,KBW,44.99,29.99,30.0,0.0,RED INTERNET & PHONE CABLE U,1.0
1971,60 - 64,NRW,44.98,44.98,30.0,0.0,RED INTERNET & PHONE CABLE U,1.0
1972,35 - 39,KBW,29.99,44.99,30.0,0.0,VF CABLEMAX,1.0
1973,35 - 39,KBW,44.99,39.99,30.0,1.0,VF CABLEMAX,0.0
1974,60 - 64,NRW,44.97,49.98,30.0,0.0,RED INTERNET & PHONE CABLE U,1.0
1975,25 - 29,NRW,44.99,44.99,30.0,0.0,VF RIP U-TREUE,1.0
1976,65 - 69,NRW,34.98,34.99,30.0,0.0,VF RIP U-TREUE,0.0
1977,40 - 44,NRW,39.99,34.99,30.0,0.0,VF RIP U-TREUE,1.0
1978,25 - 29,NRW,39.99,44.98,30.0,0.0,RED INTERNET & PHONE CABLE U,0.0
1979,25 - 29,HSN,39.98,39.98,30.0,0.0,VF RIP U-TREUE,1.0
1980,55 - 59,KBW,47.98,39.99,30.0,0.0,RED INTERNET & PHONE CABLE U,1.0
1981,75 - 79,KBW,49.98,34.99,30.0,0.0,RED INTERNET & PHONE CABLE U,0.0
1982,40 - 44,KBW,44.98,34.96,30.0,0.0,VF CABLEMAX,1.0
1983,40 - 44,HSN,39.99,49.99,30.0,0.0,RED INTERNET & PHONE CABLE U,1.0
1984,35 - 39,NRW,32.98,39.99,30.0,0.0,RED INTERNET & PHONE CABLE U,0.0
1985,30 - 34,NRW,39.98,39.99,30.0,0.0,RED INTERNET & PHONE CABLE U,1.0
1986,30 - 34,KBW,54.99,49.99,30.0,0.0,RED INTERNET & PHONE CABLE U,0.0
1987,55 - 59,NRW,42.98,24.98,30.0,0.0,VF RIP U-TREUE,0.0
1988,65 - 69,NRW,49.98,39.96,30.0,0.0,VF CABLEMAX,0.0
1989,50 - 54,KBW,44.98,44.98,30.0,0.0,RED INTERNET & PHONE CABLE U,0.0
1990,30 - 34,NRW,39.98,44.98,30.0,0.0,RED INTERNET & PHONE CABLE U,1.0
1991,25 - 29,NRW,44.99,49.99,30.0,0.0,VF CABLEMAX,0.0
1992,50 - 54,NRW,42.99,34.99,30.0,0.0,RED INTERNET & PHONE CABLE U,1.0
1993,40 - 44,KBW,44.98,44.99,30.0,0.0,RED INTERNET & PHONE CABLE U,0.0
1994,35 - 39,KBW,34.98,39.96,30.0,0.0,RED INTERNET & PHONE CABLE U,1.0
1995,35 - 39,NRW,34.98,39.99,30.0,0.0,RED INTERNET & PHONE CABLE U,0.0
1996,25 - 29,NRW,39.99,42.98,30.0,0.0,RED INTERNET & PHONE CABLE U,0.0
1997,35 - 39,HSN,39.99,32.99,30.0,0.0,RED INTERNET & PHONE CABLE U,1.0
1998,25 - 29,NRW,29.98,34.99,30.0,0.0,RED INTERNET & PHONE CABLE U,1.0
1999,40 - 44,NRW,44.99,34.99,30.0,0.0,VF CABLEMAX,0.0
2000,70 - 74,HSN,29.99,39.99,30.0,0.0,GIGAZUHAUSE KABEL,0.0
2001,25 - 29,NRW,34.99,34.99,30.0,0.0,RED INTERNET & PHONE CABLE U,1.0
2002,50 - 54,KBW,34.98,34.97,30.0,0.0,VF RIP U-TREUE,1.0
2003,60 - 64,NRW,34.97,49.99,30.0,0.0,VF CABLEMAX,0.0
2004,55 - 59,KBW,39.98,44.99,30.0,0.0,RED INTERNET & PHONE CABLE U,1.0
2005,35 - 39,KBW,39.99,39.99,30.0,0.0,VF RIP U-TREUE,1.0
2006,70 - 74,NRW,34.96,39.99,30.0,0.0,RED INTERNET & PHONE CABLE U,1.0
2007,80 and over,NRW,44.99,39.97,30.0,0.0,VF RIP U-TREUE,0.0
2008,55 - 59,NRW,44.99,44.99,30.0,0.0,GIGAZUHAUSE KABEL,1.0
2009,50 - 54,KBW,39.99,39.99,30.0,0.0,RED INTERNET & PHONE CABLE U,1.0
2010,35 - 39,KBW,44.98,34.99,30.0,0.0,RED INTERNET & PHONE CABLE U,0.0
2011,55 - 59,KBW,34.99,29.98,30.0,0.0,VF RIP U-TREUE,1.0
2012,25 - 29,KBW,44.98,34.98,30.0,0.0,VF RIP U-TREUE,0.0
2013,35 - 39,NRW,34.99,44.97,30.0,0.0,RED INTERNET & PHONE CABLE U,0.0
2014,45 - 49,NRW,39.98,34.98,30.0,0.0,RED INTERNET & PHONE CABLE U,1.0
2015,55 - 59,KBW,54.98,34.99,30.0,0.0,VF CABLEMAX,0.0
2016,30 - 34,NRW,34.98,39.98,30.0,0.0,VF CABLEMAX,1.0
2017,60 - 64,NRW,39.99,52.99,30.0,0.0,RED INTERNET & PHONE CABLE U,1.0
2018,40 - 44,NRW,55.98,44.98,30.0,0.0,VF RIP U-TREUE,0.0
2019,65 - 69,NRW,39.99,44.98,30.0,0.0,GIGAZUHAUSE KABEL,1.0
2020,50 - 54,KBW,49.99,49.99,30.0,0.0,VF CABLEMAX,1.0
2021,30 - 34,NRW,44.99,44.99,30.0,0.0,VF RIP U-TREUE,0.0
2022,40 - 44,KBW,44.99,49.98,30.0,0.0,RED INTERNET & PHONE CABLE U,1.0
2023,70 - 74,KBW,44.99,34.98,30.0,0.0,GIGAZUHAUSE KABEL,0.0
2024,25 - 29,NRW,47.98,39.98,30.0,0.0,RED INTERNET & PHONE CABLE U,0.0
2025,55 - 59,KBW,44.98,39.98,30.0,0.0,RED INTERNET & PHONE CABLE U,1.0
2026,25 - 29,KBW,39.99,39.98,30.0,0.0,VF RIP U-TREUE,0.0
2027,80 and over,NRW,44.99,42.99,30.0,0.0,RED INTERNET & PHONE CABLE U,1.0
2028,40 - 44,NRW,39.98,34.99,30.0,0.0,GIGAZUHAUSE TREUE B,0.0
2029,30 - 34,NRW,32.98,34.99,30.0,0.0,VF CABLEMAX,1.0
2030,55 - 59,HSN,34.98,34.99,30.0,0.0,GIGAZUHAUSE KABEL,1.0
2031,40 - 44,KBW,39.98,34.99,30.0,0.0,GIGAZUHAUSE KABEL,0.0
2032,35 - 39,NRW,44.99,44.99,30.0,0.0,GIGAZUHAUSE TREUE B,1.0
2033,25 - 29,HSN,42.99,44.99,30.0,0.0,GIGAZUHAUSE KABEL,1.0
2034,40 - 44,KBW,39.98,44.98,30.0,0.0,RED INTERNET & PHONE CABLE U,1.0
2035,50 - 54,NRW,44.0,34.99,30.0,0.0,VF CABLEMAX,0.0
2036,25 - 29,NRW,42.98,34.99,30.0,0.0,RED INTERNET & PHONE CABLE U,0.0
2037,40 - 44,KBW,52.99,39.99,30.0,0.0,VF CABLEMAX,1.0
2038,35 - 39,KBW,37.98,39.99,30.0,0.0,RED INTERNET & PHONE CABLE U,0.0
2039,70 - 74,HSN,54.99,34.98,30.0,0.0,RED INTERNET & PHONE CABLE U,1.0
2040,55 - 59,NRW,34.99,44.98,30.0,0.0,RED INTERNET & PHONE CABLE U,0.0
2041,40 - 44,HSN,49.98,34.98,30.0,0.0,VF RIP U-TREUE,0.0
2042,45 - 49,KBW,34.99,39.99,30.0,0.0,RED INTERNET & PHONE CABLE U,0.0
2043,25 - 29,KBW,39.98,34.99,30.0,0.0,VF RIP U-TREUE,1.0
2044,55 - 59,KBW,49.98,49.97,30.0,0.0,RED INTERNET & PHONE CABLE U,0.0
2045,60 - 64,NRW,49.99,44.99,30.0,0.0,VF RIP U-TREUE,0.0
2046,40 - 44,NRW,39.99,44.99,30.0,0.0,RED INTERNET & PHONE CABLE U,1.0
2047,55 - 59,KBW,54.99,39.97,30.0,0.0,RED INTERNET & PHONE CABLE U,0.0
2048,65 - 69,KBW,39.98,54.96,30.0,0.0,RED INTERNET & PHONE CABLE U,0.0
2049,60 - 64,KBW,44.97,34.99,30.0,0.0,VF RIP U-TREUE,1.0
2050,40 - 44,KBW,39.98,39.98,30.0,0.0,VF RIP U-TREUE,0.0
2051,30 - 34,NRW,49.99,44.99,30.0,0.0,RED INTERNET & PHONE CABLE U,0.0
2052,40 - 44,KBW,34.98,44.99,30.0,0.0,VF RIP U-TREUE,1.0
2053,25 - 29,NRW,39.98,59.99,30.0,0.0,RED INTERNET & PHONE CABLE U,0.0
2054,25 - 29,NRW,34.99,44.98,30.0,0.0,GIGAZUHAUSE KABEL,1.0
2055,35 - 39,KBW,24.98,49.99,30.0,0.0,RED INTERNET & PHONE CABLE U,1.0
2056,30 - 34,NRW,48.99,34.99,30.0,0.0,RED INTERNET & PHONE CABLE U,0.0
2057,60 - 64,NRW,39.99,49.99,30.0,0.0,VF CABLEMAX,1.0
2058,40 - 44,NRW,39.97,44.99,30.0,0.0,RED INTERNET & PHONE CABLE U,1.0
2059,30 - 34,KBW,49.99,42.97,30.0,0.0,GIGAZUHAUSE KABEL,0.0
2060,65 - 69,NRW,34.98,37.99,30.0,0.0,VF RIP U-TREUE,0.0
2061,50 - 54,KBW,39.99,39.99,30.0,0.0,GIGAZUHAUSE KABEL,1.0
2062,30 - 34,NRW,34.97,54.99,30.0,0.0,RED INTERNET & PHONE CABLE U,0.0
2063,30 - 34,NRW,34.97,34.99,30.0,0.0,RED INTERNET & PHONE CABLE U,0.0
2064,50 - 54,NRW,44.99,39.99,30.0,0.0,VF RIP U-TREUE,1.0
2065,25 - 29,NRW,39.99,44.99,30.0,0.0,RED INTERNET & PHONE CABLE U,0.0
2066,40 - 44,KBW,44.99,44.98,30.0,0.0,RED INTERNET & PHONE CABLE U,0.0
2067,70 - 74,KBW,29.99,49.99,30.0,0.0,RED INTERNET & PHONE CABLE U,1.0
2068,35 - 39,KBW,29.99,62.98,30.0,0.0,VF RIP U-TREUE,1.0
2069,40 - 44,NRW,49.99,44.98,30.0,0.0,RED INTERNET & PHONE CABLE U,1.0
2070,55 - 59,KBW,29.99,44.98,30.0,0.0,VF CABLEMAX,0.0
2071,35 - 39,NRW,44.99,43.97,30.0,0.0,GIGAZUHAUSE KABEL,1.0
2072,60 - 64,HSN,44.99,34.99,30.0,0.0,RED INTERNET & PHONE CABLE U,1.0
2073,55 - 59,NRW,39.97,42.99,1.0,0.0,RED INTERNET & PHONE CABLE U,1.0
2074,55 - 59,NRW,44.98,52.99,30.0,0.0,GIGAZUHAUSE KABEL,1.0
2075,18 - 24,KBW,32.99,49.99,30.0,0.0,RED INTERNET & PHONE CABLE U,0.0
2076,35 - 39,NRW,39.97,34.99,30.0,0.0,VF CABLEMAX,1.0
2077,30 - 34,NRW,44.98,44.98,30.0,0.0,RED INTERNET & PHONE CABLE U,0.0
2078,55 - 59,NRW,34.98,39.99,30.0,0.0,VF RIP U-TREUE,0.0
2079,35 - 39,KBW,49.99,39.98,30.0,0.0,RED INTERNET & PHONE CABLE U,0.0
2080,30 - 34,NRW,34.99,39.99,30.0,0.0,VF CABLEMAX,1.0
2081,25 - 29,NRW,49.99,39.98,30.0,0.0,RED INTERNET & PHONE CABLE U,0.0
2082,25 - 29,NRW,44.98,44.98,30.0,0.0,RED INTERNET & PHONE CABLE U,1.0
2083,25 - 29,NRW,34.98,49.98,30.0,0.0,RED INTERNET & PHONE CABLE U,1.0
2084,30 - 34,KBW,44.99,54.99,30.0,0.0,RED INTERNET & PHONE CABLE U,0.0
2085,35 - 39,KBW,39.99,44.99,30.0,1.0,GIGAZUHAUSE KABEL,1.0
2086,65 - 69,NRW,34.98,39.97,30.0,0.0,VF RIP U-TREUE,0.0
2087,30 - 34,NRW,39.99,34.99,30.0,0.0,VF RIP U-TREUE,1.0
2088,25 - 29,HSN,54.99,49.99,30.0,0.0,VF RIP U-TREUE,0.0
2089,25 - 29,KBW,34.96,39.97,30.0,0.0,GIGAZUHAUSE TREUE C,0.0
2090,25 - 29,KBW,39.99,44.99,30.0,0.0,VF CABLEMAX,1.0
2091,65 - 69,NRW,37.99,42.99,30.0,0.0,RED INTERNET & PHONE CABLE U,0.0
2092,40 - 44,NRW,49.98,39.99,6.0,0.0,RED INTERNET & PHONE CABLE U,0.0
2093,30 - 34,NRW,29.99,39.98,30.0,0.0,RED INTERNET & PHONE CABLE U,1.0
2094,40 - 44,NRW,39.99,34.99,30.0,0.0,VF RIP U-TREUE,0.0
2095,30 - 34,HSN,42.99,39.99,30.0,0.0,VF CABLEMAX,0.0
2096,65 - 69,NRW,39.99,34.99,30.0,0.0,VF RIP U-TREUE,1.0
2097,40 - 44,NRW,54.99,39.99,30.0,0.0,RED INTERNET & PHONE CABLE U,0.0
2098,70 - 74,NRW,32.99,39.98,30.0,0.0,RED INTERNET & PHONE CABLE U,0.0
2099,35 - 39,KBW,29.99,34.99,30.0,0.0,VF CABLEMAX,1.0
2100,40 - 44,KBW,44.98,59.98,30.0,0.0,VF RIP U-TREUE,1.0
2101,35 - 39,HSN,54.98,44.99,30.0,0.0,RED INTERNET & PHONE CABLE U,1.0
2102,50 - 54,NRW,44.98,32.98,30.0,0.0,VF RIP U-TREUE,1.0
2103,35 - 39,KBW,34.99,44.99,30.0,0.0,RED INTERNET & PHONE CABLE U,0.0
2104,60 - 64,KBW,44.99,34.98,30.0,0.0,RED INTERNET & PHONE CABLE U,0.0
2105,40 - 44,NRW,44.99,32.99,30.0,0.0,RED INTERNET & PHONE CABLE U,1.0
2106,35 - 39,KBW,39.98,39.98,30.0,0.0,VF RIP U-TREUE,1.0
2107,30 - 34,NRW,44.99,34.99,30.0,0.0,VF CABLEMAX,0.0
2108,70 - 74,HSN,49.98,49.99,30.0,0.0,RED INTERNET & PHONE CABLE U,1.0
2109,18 - 24,NRW,39.99,39.99,30.0,0.0,VF RIP U-TREUE,1.0
2110,30 - 34,KBW,34.99,44.99,30.0,0.0,VF RIP U-TREUE,1.0
2111,50 - 54,KBW,49.98,39.99,30.0,0.0,VF CABLEMAX,0.0
2112,35 - 39,NRW,49.98,44.99,30.0,0.0,RED INTERNET & PHONE CABLE U,0.0
2113,40 - 44,NRW,49.99,39.99,30.0,0.0,VF RIP U-TREUE,1.0
2114,30 - 34,NRW,39.98,34.99,30.0,0.0,RED INTERNET & PHONE CABLE U,1.0
2115,70 - 74,NRW,39.99,44.98,30.0,0.0,VF CABLEMAX,0.0
2116,25 - 29,KBW,49.99,44.99,30.0,0.0,RED INTERNET & PHONE CABLE U,0.0
2117,25 - 29,HSN,39.98,32.99,30.0,0.0,GIGAZUHAUSE KABEL,0.0
2118,40 - 44,KBW,49.98,39.99,30.0,0.0,RED INTERNET & PHONE CABLE U,0.0
2119,35 - 39,NRW,54.99,44.99,30.0,0.0,VF RIP U-TREUE,0.0
2120,65 - 69,NRW,44.99,34.97,30.0,0.0,RED INTERNET & PHONE CABLE U,0.0
2121,40 - 44,NRW,24.99,44.97,30.0,0.0,VF CABLEMAX,1.0
2122,65 - 69,NRW,47.98,39.96,30.0,0.0,VF CABLEMAX,0.0
2123,30 - 34,HSN,34.98,34.99,30.0,0.0,VF RIP U-TREUE,1.0
2124,30 - 34,KBW,39.99,39.99,30.0,0.0,VF RIP U-TREUE,0.0
2125,30 - 34,NRW,39.98,49.98,30.0,0.0,RED INTERNET & PHONE CABLE U,1.0
2126,75 - 79,NRW,44.98,44.99,30.0,0.0,VF RIP U-TREUE,0.0
2127,35 - 39,KBW,39.99,39.98,30.0,0.0,VF CABLEMAX,0.0
2128,25 - 29,NRW,34.98,29.97,30.0,0.0,GIGAZUHAUSE KABEL,0.0
2129,25 - 29,KBW,68.97,39.99,30.0,0.0,VF CABLEMAX,1.0
2130,65 - 69,KBW,44.97,39.98,30.0,0.0,VF CABLEMAX,1.0
2131,25 - 29,NRW,44.99,44.97,30.0,0.0,VF CABLEMAX,1.0
2132,25 - 29,HSN,49.99,34.98,30.0,0.0,VF RIP U-TREUE,0.0
2133,50 - 54,NRW,39.99,44.98,30.0,0.0,VF RIP U-TREUE,1.0
2134,30 - 34,NRW,39.99,39.98,30.0,0.0,VF CABLEMAX,0.0
2135,55 - 59,HSN,39.99,39.99,30.0,0.0,RED INTERNET & PHONE CABLE U,0.0
2136,30 - 34,KBW,39.99,39.99,30.0,0.0,VF RIP U-TREUE,1.0
2137,80 and over,NRW,49.99,29.98,30.0,0.0,VF RIP U-TREUE,0.0
2138,35 - 39,NRW,44.98,44.99,30.0,0.0,RED INTERNET & PHONE CABLE U,1.0
2139,55 - 59,NRW,34.98,39.98,30.0,0.0,VF CABLEMAX,1.0
2140,30 - 34,NRW,34.99,34.99,30.0,0.0,RED INTERNET & PHONE CABLE U,1.0
2141,30 - 34,KBW,44.98,39.97,30.0,0.0,RED INTERNET & PHONE CABLE U,1.0
2142,40 - 44,HSN,44.97,34.99,30.0,0.0,RED INTERNET & PHONE CABLE U,0.0
2143,50 - 54,NRW,49.99,34.99,30.0,0.0,GIGAZUHAUSE KABEL,1.0
2144,25 - 29,HSN,49.98,39.99,30.0,0.0,RED INTERNET & PHONE CABLE U,0.0
2145,40 - 44,NRW,44.99,44.99,30.0,0.0,RED INTERNET & PHONE CABLE U,1.0
2146,65 - 69,KBW,34.99,39.99,30.0,0.0,RED INTERNET & PHONE CABLE U,0.0
2147,35 - 39,NRW,44.98,47.98,30.0,0.0,RED INTERNET & PHONE CABLE U,1.0
2148,30 - 34,NRW,39.99,29.99,30.0,0.0,GIGAZUHAUSE KABEL,1.0
2149,65 - 69,NRW,39.98,34.98,30.0,0.0,RED INTERNET & PHONE CABLE U,1.0
2150,35 - 39,NRW,37.97,54.99,30.0,0.0,RED INTERNET & PHONE CABLE U,0.0
2151,35 - 39,NRW,39.99,39.99,30.0,0.0,VF CABLEMAX,0.0
2152,35 - 39,NRW,29.99,39.98,30.0,0.0,RED INTERNET & PHONE CABLE U,0.0
2153,60 - 64,NRW,44.99,39.97,30.0,0.0,VF RIP U-TREUE,0.0
2154,35 - 39,NRW,39.95,39.99,30.0,0.0,VF RIP U-TREUE,0.0
2155,25 - 29,NRW,44.98,44.99,30.0,0.0,VF RIP U-TREUE,0.0
2156,40 - 44,NRW,29.98,44.98,30.0,0.0,RED INTERNET & PHONE CABLE U,1.0
2157,55 - 59,NRW,39.98,44.98,30.0,0.0,RED INTERNET & PHONE CABLE U,1.0
2158,35 - 39,KBW,44.98,34.99,30.0,0.0,VF CABLEMAX,0.0
2159,30 - 34,NRW,49.99,39.99,30.0,0.0,VF CABLEMAX,1.0
2160,55 - 59,NRW,32.99,34.99,30.0,0.0,RED INTERNET & PHONE CABLE U,1.0
2161,18 - 24,NRW,43.99,39.98,30.0,0.0,VF CABLEMAX,0.0
2162,35 - 39,HSN,44.99,34.99,30.0,0.0,RED INTERNET & PHONE CABLE U,0.0
2163,45 - 49,KBW,39.98,29.98,30.0,0.0,RED INTERNET & PHONE CABLE U,1.0
2164,60 - 64,NRW,49.98,34.99,30.0,0.0,VF RIP U-TREUE,0.0
2165,60 - 64,HSN,44.99,44.98,30.0,0.0,VF RIP U-TREUE,0.0
2166,55 - 59,HSN,34.99,34.99,30.0,0.0,GIGAZUHAUSE KABEL,1.0
2167,30 - 34,HSN,44.97,44.98,30.0,0.0,VF CABLEMAX,0.0
2168,35 - 39,NRW,44.98,49.98,30.0,0.0,GIGAZUHAUSE KABEL,0.0
2170,45 - 49,NRW,34.98,44.98,30.0,0.0,VF RIP U-TREUE,1.0
2171,50 - 54,NRW,39.99,49.99,30.0,0.0,RED INTERNET & PHONE CABLE U,0.0
2172,55 - 59,HSN,34.99,44.99,30.0,0.0,RED INTERNET & PHONE CABLE U,1.0
2173,40 - 44,NRW,49.98,44.98,30.0,0.0,VF RIP U-TREUE,0.0
2174,60 - 64,NRW,39.97,29.98,30.0,0.0,RED INTERNET & PHONE CABLE U,1.0
2175,18 - 24,HSN,39.99,44.98,30.0,0.0,RED INTERNET & PHONE CABLE U,1.0
2176,65 - 69,NRW,44.99,47.98,30.0,0.0,RED INTERNET & PHONE CABLE U,1.0
2177,50 - 54,HSN,39.99,39.98,30.0,0.0,RED INTERNET & PHONE CABLE U,0.0
2178,40 - 44,KBW,32.99,39.97,30.0,0.0,VF RIP U-TREUE,1.0
2179,25 - 29,NRW,38.99,44.98,30.0,0.0,VF CABLEMAX,1.0
2180,25 - 29,NRW,34.98,49.98,30.0,0.0,VF RIP U-TREUE,0.0
2181,40 - 44,NRW,44.98,44.97,30.0,0.0,VF CABLEMAX,0.0
2182,50 - 54,KBW,44.98,34.99,30.0,0.0,RED INTERNET & PHONE CABLE U,0.0
2183,30 - 34,NRW,34.99,44.99,30.0,0.0,RED INTERNET & PHONE CABLE U,1.0
2184,18 - 24,NRW,54.99,39.99,30.0,0.0,VF CABLEMAX,0.0
2185,50 - 54,NRW,39.98,37.99,30.0,0.0,RED INTERNET & PHONE CABLE U,0.0
2186,35 - 39,NRW,44.98,39.98,30.0,0.0,RED INTERNET & PHONE CABLE U,1.0
2187,55 - 59,NRW,44.99,44.98,6.0,0.0,VF RIP U-TREUE,1.0
2188,50 - 54,KBW,34.97,37.98,30.0,0.0,VF RIP U-TREUE,1.0
2189,35 - 39,NRW,44.98,39.98,30.0,0.0,VF CABLEMAX,1.0
2190,30 - 34,NRW,44.97,44.99,30.0,0.0,GIGAZUHAUSE KABEL,1.0
2191,25 - 29,NRW,34.98,44.98,30.0,0.0,RED INTERNET & PHONE CABLE U,0.0
2192,35 - 39,KBW,44.99,54.99,30.0,1.0,RED INTERNET & PHONE CABLE U,1.0
2193,30 - 34,NRW,49.99,39.99,30.0,0.0,RED INTERNET & PHONE CABLE U,1.0
2194,60 - 64,NRW,44.99,34.99,30.0,0.0,RED INTERNET & PHONE CABLE U,0.0
2195,50 - 54,KBW,34.98,44.99,30.0,0.0,VF CABLEMAX,1.0
2196,55 - 59,NRW,39.99,39.98,30.0,0.0,VF RIP U-TREUE,0.0
2197,25 - 29,NRW,34.99,29.98,30.0,0.0,RED INTERNET & PHONE CABLE U,0.0
2198,40 - 44,NRW,44.99,34.99,30.0,0.0,RED INTERNET & PHONE CABLE U,0.0
2199,25 - 29,NRW,44.97,34.99,30.0,0.0,VF RIP U-TREUE,1.0
2200,30 - 34,NRW,44.98,44.98,30.0,0.0,VF CABLEMAX,1.0
2201,55 - 59,NRW,39.99,39.99,30.0,0.0,RED INTERNET & PHONE CABLE U,0.0
2202,35 - 39,KBW,39.98,44.99,30.0,0.0,RED INTERNET & PHONE CABLE U,0.0
2203,40 - 44,NRW,44.98,34.98,30.0,0.0,RED INTERNET & PHONE CABLE U,0.0
2204,65 - 69,KBW,49.99,39.95,30.0,0.0,VF CABLEMAX,0.0
2205,25 - 29,NRW,49.98,39.97,30.0,0.0,RED INTERNET & PHONE CABLE U,1.0
2206,50 - 54,NRW,44.99,54.98,30.0,0.0,RED INTERNET & PHONE CABLE U,0.0
2207,40 - 44,NRW,44.98,34.99,30.0,0.0,GIGAZUHAUSE TREUE B,1.0
2208,55 - 59,KBW,39.99,54.99,30.0,0.0,GIGAZUHAUSE TREUE B,0.0
2209,55 - 59,NRW,44.99,39.99,30.0,0.0,RED INTERNET & PHONE CABLE U,1.0
2210,30 - 34,NRW,44.99,44.99,30.0,0.0,VF RIP U-TREUE,1.0
2211,30 - 34,HSN,37.97,34.97,30.0,0.0,VF RIP U-TREUE,0.0
2212,40 - 44,NRW,44.98,44.99,30.0,0.0,VF RIP U-TREUE,0.0
2213,30 - 34,HSN,39.97,44.98,30.0,0.0,RED INTERNET & PHONE CABLE U,0.0
2214,55 - 59,KBW,39.98,44.99,30.0,0.0,RED INTERNET & PHONE CABLE U,0.0
2215,35 - 39,NRW,39.98,58.99,30.0,0.0,RED INTERNET & PHONE CABLE U,1.0
2216,65 - 69,HSN,34.97,44.97,30.0,0.0,RED INTERNET & PHONE CABLE U,1.0
2217,30 - 34,KBW,39.99,44.99,30.0,0.0,VF RIP U-TREUE,0.0
2218,40 - 44,NRW,39.98,47.99,30.0,0.0,RED INTERNET & PHONE CABLE U,0.0
2219,25 - 29,KBW,39.99,39.99,30.0,1.0,RED INTERNET & PHONE CABLE U,1.0
2220,30 - 34,KBW,34.98,44.98,30.0,0.0,RED INTERNET & PHONE CABLE U,0.0
2221,30 - 34,NRW,44.97,44.99,30.0,0.0,RED INTERNET & PHONE CABLE U,1.0
2222,40 - 44,KBW,39.97,50.98,30.0,0.0,VF CABLEMAX,1.0
2223,25 - 29,NRW,34.99,44.98,30.0,0.0,VF CABLEMAX,0.0
2224,35 - 39,NRW,24.99,43.97,30.0,0.0,VF CABLEMAX,0.0
2225,40 - 44,NRW,44.98,34.98,30.0,0.0,RED INTERNET & PHONE CABLE U,1.0
2226,45 - 49,NRW,39.98,34.99,30.0,0.0,RED INTERNET & PHONE CABLE U,0.0
2227,35 - 39,NRW,39.98,43.97,30.0,0.0,VF RIP U-TREUE,1.0
2228,30 - 34,NRW,39.0,34.99,30.0,0.0,VF CABLEMAX,0.0
2229,35 - 39,NRW,44.99,44.99,30.0,0.0,RED INTERNET & PHONE CABLE U,1.0
2230,35 - 39,NRW,49.99,44.98,30.0,0.0,GIGAZUHAUSE KABEL,1.0
2231,18 - 24,HSN,29.98,49.98,30.0,1.0,RED INTERNET & PHONE CABLE U,1.0
2232,65 - 69,HSN,44.98,49.98,30.0,0.0,VF RIP U-TREUE,0.0
2233,35 - 39,KBW,34.99,44.97,30.0,0.0,RED INTERNET & PHONE CABLE U,1.0
2234,30 - 34,NRW,34.99,54.98,30.0,0.0,GIGAZUHAUSE TREUE B,1.0
2235,55 - 59,KBW,39.99,39.99,30.0,0.0,RED INTERNET & PHONE CABLE U,0.0
2236,55 - 59,KBW,44.99,34.98,30.0,0.0,RED INTERNET & PHONE CABLE U,1.0
2237,35 - 39,HSN,34.98,49.97,30.0,0.0,RED INTERNET & PHONE CABLE U,0.0
2238,25 - 29,NRW,34.99,39.98,30.0,0.0,RED INTERNET & PHONE CABLE U,0.0
2239,55 - 59,NRW,34.98,34.98,30.0,0.0,VF RIP U-TREUE,1.0
2240,45 - 49,KBW,39.97,44.99,30.0,0.0,RED INTERNET & PHONE CABLE U,1.0
2241,65 - 69,NRW,44.98,34.99,30.0,0.0,VF CABLEMAX,0.0
2242,25 - 29,NRW,49.99,49.99,30.0,0.0,VF CABLEMAX,0.0
2243,35 - 39,NRW,44.99,39.98,30.0,0.0,VF RIP U-TREUE,1.0
2244,60 - 64,KBW,29.98,34.98,30.0,0.0,GIGAZUHAUSE KABEL,0.0
2245,40 - 44,NRW,34.99,39.99,30.0,0.0,VF RIP U-TREUE,0.0
2246,35 - 39,NRW,34.99,54.98,30.0,0.0,RED INTERNET & PHONE CABLE U,0.0
2247,40 - 44,KBW,39.99,39.99,30.0,0.0,VF RIP U-TREUE,0.0
2248,35 - 39,NRW,49.98,37.99,30.0,0.0,3PLAY,1.0
2249,40 - 44,NRW,34.99,44.99,30.0,0.0,VF RIP U-TREUE,0.0
2250,30 - 34,NRW,44.99,34.99,30.0,0.0,RED INTERNET & PHONE CABLE U,0.0
2251,55 - 59,NRW,44.98,39.99,30.0,0.0,VF RIP U-TREUE,0.0
2252,45 - 49,KBW,44.97,39.99,30.0,0.0,RED INTERNET & PHONE CABLE U,1.0
2253,35 - 39,HSN,44.99,44.98,30.0,0.0,RED INTERNET & PHONE CABLE U,1.0
2254,65 - 69,KBW,39.99,39.99,30.0,0.0,VF CABLEMAX,1.0
2255,40 - 44,NRW,29.98,42.99,30.0,0.0,RED INTERNET & PHONE CABLE U,1.0
2256,65 - 69,NRW,44.97,39.98,30.0,0.0,GIGAZUHAUSE KABEL,1.0
2257,35 - 39,NRW,49.98,39.98,30.0,0.0,GIGAZUHAUSE KABEL,0.0
2258,40 - 44,NRW,49.97,39.98,30.0,0.0,RED INTERNET & PHONE CABLE U,0.0
2259,45 - 49,NRW,39.99,34.99,30.0,0.0,VF CABLEMAX,1.0
2260,35 - 39,KBW,34.98,44.98,30.0,0.0,RED INTERNET & PHONE CABLE U,0.0
2261,55 - 59,NRW,49.98,34.99,30.0,0.0,RED INTERNET & PHONE CABLE U,0.0
2262,50 - 54,NRW,29.98,44.99,30.0,0.0,RED INTERNET & PHONE CABLE U,0.0
2263,60 - 64,KBW,42.98,39.99,30.0,0.0,RED INTERNET & PHONE CABLE U,0.0
2264,45 - 49,NRW,39.99,39.99,30.0,0.0,RED INTERNET & PHONE CABLE U,1.0
2265,25 - 29,NRW,17.99,44.99,30.0,0.0,GIGAZUHAUSE TREUE B,1.0
2266,40 - 44,KBW,44.97,39.98,30.0,1.0,VF CABLEMAX,0.0
2267,45 - 49,KBW,39.97,39.99,30.0,0.0,VF CABLEMAX,1.0
2268,55 - 59,HSN,47.99,34.97,30.0,0.0,RED INTERNET & PHONE CABLE U,1.0
2269,25 - 29,KBW,44.99,44.98,30.0,0.0,RED INTERNET & PHONE CABLE U,0.0
2270,45 - 49,NRW,49.98,44.97,30.0,0.0,RED INTERNET & PHONE CABLE U,1.0
2271,25 - 29,NRW,37.99,34.99,30.0,0.0,VF RIP U-TREUE,1.0
2272,35 - 39,HSN,44.99,44.99,30.0,0.0,VF RIP U-TREUE,0.0
2273,35 - 39,NRW,29.98,32.99,30.0,0.0,VF RIP U-TREUE,1.0
2274,40 - 44,KBW,34.99,44.98,30.0,0.0,VF RIP U-TREUE,0.0
2275,40 - 44,KBW,34.98,32.98,6.0,0.0,VF CABLEMAX,0.0
2276,25 - 29,NRW,39.97,34.99,30.0,0.0,VF RIP U-TREUE,1.0
2277,35 - 39,NRW,44.99,39.99,30.0,0.0,RED INTERNET & PHONE CABLE U,1.0
2278,55 - 59,HSN,49.99,54.99,30.0,0.0,RED INTERNET & PHONE CABLE U,0.0
2279,65 - 69,NRW,39.99,44.99,30.0,0.0,VF RIP U-TREUE,1.0
2280,55 - 59,NRW,39.99,44.99,30.0,0.0,RED INTERNET & PHONE CABLE U,0.0
2281,45 - 49,NRW,44.99,48.99,30.0,0.0,VF RIP U-TREUE,1.0
2282,60 - 64,NRW,39.99,39.99,30.0,0.0,RED INTERNET & PHONE CABLE U,1.0
2283,35 - 39,NRW,39.99,52.99,30.0,0.0,GIGAZUHAUSE KABEL,1.0
2284,60 - 64,NRW,37.96,49.98,30.0,0.0,RED INTERNET & PHONE CABLE U,0.0
2285,30 - 34,NRW,44.99,44.98,30.0,0.0,RED INTERNET & PHONE CABLE U,0.0
2286,45 - 49,HSN,29.98,39.99,30.0,0.0,GIGAZUHAUSE KABEL,0.0
2287,50 - 54,KBW,43.99,44.99,30.0,0.0,RED INTERNET & PHONE CABLE U,1.0
2288,65 - 69,NRW,42.98,39.99,30.0,0.0,RED INTERNET & PHONE CABLE U,0.0
2289,65 - 69,NRW,29.99,39.99,30.0,0.0,RED INTERNET & PHONE CABLE U,1.0
2290,30 - 34,KBW,39.99,29.99,30.0,0.0,GIGAZUHAUSE TREUE B,1.0
2291,40 - 44,NRW,47.99,29.99,30.0,1.0,VF RIP U-TREUE,1.0
2292,35 - 39,KBW,44.98,44.98,30.0,0.0,RED INTERNET & PHONE CABLE U,1.0
2293,30 - 34,NRW,34.98,39.98,30.0,0.0,VF RIP U-TREUE,1.0
2294,35 - 39,KBW,34.99,54.98,30.0,0.0,VF RIP U-TREUE,1.0
2295,35 - 39,NRW,34.99,39.99,30.0,0.0,VF CABLEMAX,1.0
2296,30 - 34,NRW,44.98,34.98,30.0,0.0,RED INTERNET & PHONE CABLE U,1.0
2297,60 - 64,NRW,34.99,44.99,30.0,0.0,RED INTERNET & PHONE CABLE U,0.0
2298,70 - 74,NRW,54.99,39.99,30.0,0.0,RED INTERNET & PHONE CABLE U,1.0
2299,25 - 29,NRW,39.99,34.99,30.0,0.0,VF CABLEMAX,0.0
2300,50 - 54,KBW,44.98,44.98,30.0,0.0,RED INTERNET & PHONE CABLE U,1.0
2301,25 - 29,NRW,47.99,39.99,30.0,0.0,VF RIP U-TREUE,0.0
2302,45 - 49,KBW,44.98,34.99,30.0,0.0,RED INTERNET & PHONE CABLE U,1.0
2303,35 - 39,KBW,39.99,34.99,30.0,0.0,GIGAZUHAUSE KABEL,0.0
2304,30 - 34,KBW,34.99,39.98,30.0,0.0,VF RIP U-TREUE,0.0
2305,35 - 39,NRW,37.98,39.98,30.0,0.0,VF CABLEMAX,0.0
2306,25 - 29,NRW,34.99,32.98,30.0,0.0,RED INTERNET & PHONE CABLE U,0.0
2307,60 - 64,NRW,39.97,39.99,30.0,0.0,VF RIP U-TREUE,0.0
2308,55 - 59,KBW,44.99,27.99,30.0,0.0,GIGAZUHAUSE KABEL,1.0
2309,60 - 64,KBW,44.99,39.98,30.0,0.0,RED INTERNET & PHONE CABLE U,1.0
2310,35 - 39,NRW,34.99,34.98,30.0,0.0,RED INTERNET & PHONE CABLE U,1.0
2311,60 - 64,NRW,39.99,39.99,30.0,0.0,RED INTERNET & PHONE CABLE U,1.0
2312,40 - 44,NRW,32.99,32.96,30.0,0.0,RED INTERNET & PHONE CABLE U,1.0
2313,30 - 34,HSN,44.99,34.99,30.0,0.0,RED INTERNET & PHONE CABLE U,0.0
2314,40 - 44,KBW,42.98,29.99,30.0,0.0,VF RIP U-TREUE,1.0
2315,30 - 34,KBW,44.99,34.99,30.0,0.0,VF CABLEMAX,1.0
2316,25 - 29,HSN,34.98,44.99,30.0,0.0,RED INTERNET & PHONE CABLE U,0.0
2317,35 - 39,NRW,44.96,44.99,30.0,0.0,GIGAZUHAUSE KABEL,1.0
2318,40 - 44,NRW,44.99,49.99,30.0,0.0,RED INTERNET & PHONE CABLE U,0.0
2319,45 - 49,NRW,39.99,34.99,30.0,0.0,RED INTERNET & PHONE CABLE U,0.0
2320,40 - 44,KBW,49.99,39.99,30.0,0.0,GIGAZUHAUSE KABEL,0.0
2321,35 - 39,KBW,44.98,39.99,30.0,0.0,RED INTERNET & PHONE CABLE U,0.0
2322,35 - 39,NRW,39.98,34.98,30.0,0.0,RED INTERNET & PHONE CABLE U,0.0
2323,70 - 74,NRW,39.98,44.98,30.0,0.0,RED INTERNET & PHONE CABLE U,1.0
2324,25 - 29,NRW,39.99,44.98,30.0,0.0,VF RIP U-TREUE,0.0
2325,45 - 49,KBW,39.99,49.99,30.0,0.0,VF CABLEMAX,1.0
2326,35 - 39,KBW,49.99,44.98,30.0,0.0,RED INTERNET & PHONE CABLE U,1.0
2327,25 - 29,NRW,52.99,44.98,30.0,0.0,GIGAZUHAUSE KABEL,1.0
2328,30 - 34,HSN,44.97,44.98,30.0,0.0,VF RIP U-TREUE,0.0
2329,30 - 34,HSN,29.99,42.99,30.0,0.0,RED INTERNET & PHONE CABLE U,0.0
2330,40 - 44,NRW,39.98,54.99,30.0,0.0,VF RIP U-TREUE,1.0
2331,55 - 59,NRW,44.99,44.99,30.0,0.0,GIGAZUHAUSE KABEL,0.0
2332,40 - 44,NRW,39.99,34.99,30.0,0.0,VF RIP U-TREUE,0.0
2333,55 - 59,NRW,39.99,39.99,30.0,0.0,RED INTERNET & PHONE CABLE U,0.0
2334,50 - 54,HSN,44.98,44.99,30.0,0.0,RED INTERNET & PHONE CABLE U,0.0
2335,70 - 74,NRW,39.98,39.99,30.0,0.0,VF RIP U-TREUE,1.0
2336,60 - 64,NRW,49.98,34.99,30.0,0.0,RED INTERNET & PHONE CABLE U,1.0
2337,40 - 44,HSN,32.97,44.99,30.0,0.0,RED INTERNET & PHONE CABLE U,0.0
2338,25 - 29,KBW,34.99,34.99,30.0,0.0,RED INTERNET & PHONE CABLE U,1.0
2339,40 - 44,NRW,48.99,39.98,30.0,0.0,VF RIP U-TREUE,0.0
2340,30 - 34,NRW,39.99,44.98,30.0,0.0,RED INTERNET & PHONE CABLE U,1.0
2341,40 - 44,KBW,39.98,39.99,30.0,0.0,RED INTERNET & PHONE CABLE U,0.0
2342,55 - 59,NRW,44.99,44.99,30.0,0.0,RED INTERNET & PHONE CABLE U,1.0
2343,40 - 44,NRW,44.98,42.99,30.0,0.0,RED INTERNET & PHONE CABLE U,1.0
2344,35 - 39,NRW,34.98,44.98,30.0,0.0,VF CABLEMAX,1.0
2345,35 - 39,NRW,39.98,39.99,30.0,0.0,VF RIP U-TREUE,0.0
2346,35 - 39,NRW,44.99,49.98,30.0,0.0,VF CABLEMAX,0.0
2347,60 - 64,NRW,44.98,39.98,6.0,0.0,RED INTERNET & PHONE CABLE U,1.0
2348,50 - 54,NRW,39.99,39.99,30.0,0.0,VF CABLEMAX,0.0
2349,40 - 44,NRW,39.99,29.98,30.0,0.0,GIGAZUHAUSE KABEL,1.0
2350,50 - 54,NRW,39.98,24.98,30.0,0.0,VF RIP U-TREUE,0.0
2351,25 - 29,NRW,42.97,34.99,30.0,0.0,RED INTERNET & PHONE CABLE U,0.0
2352,18 - 24,NRW,44.98,44.98,30.0,0.0,RED INTERNET & PHONE CABLE U,0.0
2353,40 - 44,KBW,24.98,34.99,30.0,0.0,VF RIP U-TREUE,1.0
2354,70 - 74,NRW,34.98,44.97,30.0,0.0,VF RIP U-TREUE,1.0
2355,35 - 39,KBW,34.98,39.99,30.0,0.0,VF CABLEMAX,0.0
2356,25 - 29,KBW,39.98,44.99,30.0,0.0,VF RIP U-TREUE,0.0
2357,40 - 44,NRW,34.99,39.99,30.0,0.0,GIGAZUHAUSE KABEL,1.0
2358,30 - 34,NRW,42.98,39.98,30.0,0.0,VF CABLEMAX,0.0
2359,45 - 49,NRW,44.98,34.99,30.0,0.0,VF RIP U-TREUE,1.0
2360,35 - 39,KBW,34.99,39.99,30.0,0.0,RED INTERNET & PHONE CABLE U,0.0
2361,80 and over,KBW,39.99,39.98,30.0,0.0,RED INTERNET & PHONE CABLE U,0.0
2362,60 - 64,NRW,47.99,34.98,30.0,0.0,RED INTERNET & PHONE CABLE U,1.0
2363,50 - 54,KBW,44.99,44.98,5.0,0.0,RED INTERNET & PHONE CABLE U,1.0
2364,30 - 34,NRW,39.98,44.99,30.0,0.0,RED INTERNET & PHONE CABLE U,1.0
2365,45 - 49,NRW,34.99,34.99,30.0,0.0,RED INTERNET & PHONE CABLE U,0.0
2366,35 - 39,NRW,49.99,44.99,30.0,0.0,VF RIP U-TREUE,1.0
2367,45 - 49,KBW,44.99,34.98,30.0,0.0,GIGAZUHAUSE KABEL,1.0
2368,25 - 29,KBW,34.97,37.99,30.0,0.0,VF CABLEMAX,1.0
2369,45 - 49,HSN,48.98,29.99,30.0,0.0,RED INTERNET & PHONE CABLE U,1.0
2370,60 - 64,KBW,44.98,39.98,30.0,0.0,RED INTERNET & PHONE CABLE U,0.0
2371,35 - 39,NRW,29.98,47.99,30.0,0.0,RED INTERNET & PHONE CABLE U,0.0
2372,55 - 59,KBW,44.96,39.99,30.0,0.0,RED INTERNET & PHONE CABLE U,0.0
2373,30 - 34,NRW,44.98,29.99,30.0,0.0,VF RIP U-TREUE,0.0
2374,55 - 59,NRW,44.99,39.99,30.0,0.0,VF RIP U-TREUE,0.0
2375,35 - 39,NRW,44.99,29.98,30.0,0.0,VF CABLEMAX,1.0
2376,25 - 29,NRW,44.98,39.99,30.0,0.0,VF CABLEMAX,1.0
2377,60 - 64,KBW,39.99,39.99,30.0,0.0,VF RIP U-TREUE,0.0
2378,60 - 64,KBW,44.98,37.98,30.0,0.0,GIGAZUHAUSE KABEL,1.0
2379,35 - 39,NRW,44.98,44.99,30.0,0.0,RED INTERNET & PHONE CABLE U,0.0
2380,35 - 39,KBW,44.98,44.99,30.0,0.0,VF RIP U-TREUE,1.0
2381,60 - 64,KBW,29.98,44.97,30.0,0.0,RED INTERNET & PHONE CABLE U,0.0
2382,45 - 49,KBW,34.99,37.99,30.0,0.0,VF RIP U-TREUE,1.0
2383,40 - 44,NRW,49.99,39.99,30.0,0.0,RED INTERNET & PHONE CABLE U,0.0
2384,70 - 74,NRW,44.99,34.99,30.0,0.0,VF CABLEMAX,1.0
2385,35 - 39,NRW,39.97,44.98,30.0,0.0,VF RIP U-TREUE,0.0
2386,25 - 29,NRW,38.99,39.99,30.0,0.0,RED INTERNET & PHONE CABLE U,1.0
2387,35 - 39,KBW,49.99,34.98,30.0,0.0,RED INTERNET & PHONE CABLE U,0.0
2388,35 - 39,NRW,44.98,34.99,30.0,0.0,VF CABLEMAX,0.0
2389,40 - 44,KBW,29.99,44.98,30.0,0.0,RED INTERNET & PHONE CABLE U,1.0
2390,55 - 59,NRW,44.98,34.98,30.0,0.0,RED INTERNET & PHONE CABLE U,0.0
2391,50 - 54,KBW,39.99,34.99,30.0,0.0,RED INTERNET & PHONE CABLE U,1.0
2392,35 - 39,KBW,44.97,39.99,30.0,0.0,RED INTERNET & PHONE CABLE U,0.0
2393,40 - 44,NRW,39.98,44.98,30.0,0.0,VF CABLEMAX,0.0
2394,35 - 39,NRW,42.98,29.99,30.0,0.0,VF RIP U-TREUE,1.0
2395,70 - 74,NRW,54.99,34.99,30.0,0.0,VF RIP U-TREUE,1.0
2396,45 - 49,KBW,44.99,44.99,30.0,0.0,VF CABLEMAX,1.0
2397,25 - 29,KBW,49.99,44.98,30.0,0.0,VF RIP U-TREUE,0.0
2398,30 - 34,NRW,49.99,44.99,30.0,0.0,VF CABLEMAX,1.0
2399,35 - 39,KBW,34.99,44.98,30.0,0.0,VF RIP U-TREUE,0.0
2400,55 - 59,KBW,34.98,34.98,30.0,0.0,RED INTERNET & PHONE CABLE U,0.0
2401,60 - 64,KBW,44.99,39.99,30.0,0.0,RED INTERNET & PHONE CABLE U,0.0
2402,65 - 69,KBW,44.98,34.98,30.0,0.0,RED INTERNET & PHONE CABLE U,0.0
2403,35 - 39,NRW,39.99,39.99,30.0,0.0,VF RIP U-TREUE,1.0
2404,25 - 29,KBW,34.99,44.98,30.0,0.0,RED INTERNET & PHONE CABLE U,1.0
2405,50 - 54,NRW,44.98,34.97,30.0,0.0,RED INTERNET & PHONE CABLE U,0.0
2406,55 - 59,NRW,44.99,34.99,30.0,0.0,VF RIP U-TREUE,0.0
2407,35 - 39,NRW,39.99,39.99,30.0,0.0,VF RIP U-TREUE,0.0
2408,40 - 44,NRW,34.99,39.96,30.0,0.0,RED INTERNET & PHONE CABLE U,0.0
2409,45 - 49,NRW,49.98,34.99,30.0,0.0,RED INTERNET & PHONE CABLE U,1.0
2410,25 - 29,HSN,49.98,44.98,30.0,0.0,RED INTERNET & PHONE CABLE U,0.0
2411,50 - 54,KBW,39.99,44.99,30.0,0.0,RED INTERNET & PHONE CABLE U,0.0
2412,45 - 49,NRW,34.98,39.98,30.0,0.0,GIGAZUHAUSE TREUE B,1.0
2413,35 - 39,KBW,42.99,49.99,30.0,0.0,RED INTERNET & PHONE CABLE U,0.0
2414,18 - 24,NRW,29.98,39.99,30.0,0.0,RED INTERNET & PHONE CABLE U,1.0
2415,25 - 29,NRW,34.98,34.97,30.0,0.0,RED INTERNET & PHONE CABLE U,0.0
2416,40 - 44,KBW,44.98,39.98,30.0,0.0,RED INTERNET & PHONE CABLE U,0.0
2417,45 - 49,NRW,39.99,29.99,30.0,0.0,RED INTERNET & PHONE CABLE U,1.0
2418,30 - 34,NRW,24.97,39.98,30.0,0.0,VF CABLEMAX,1.0
2419,25 - 29,KBW,44.99,44.99,30.0,0.0,RED INTERNET & PHONE CABLE U,0.0
2420,80 and over,NRW,49.99,39.99,30.0,0.0,VF CABLEMAX,1.0
2421,30 - 34,NRW,39.99,39.98,30.0,0.0,GIGAZUHAUSE KABEL,0.0
2422,45 - 49,NRW,44.99,44.99,30.0,0.0,RED INTERNET & PHONE CABLE U,1.0
2423,30 - 34,NRW,39.98,34.98,30.0,0.0,VF RIP U-TREUE,0.0
2424,45 - 49,KBW,39.99,44.98,30.0,0.0,RED INTERNET & PHONE CABLE U,0.0
2425,35 - 39,NRW,44.99,50.99,30.0,0.0,RED INTERNET & PHONE CABLE U,1.0
2426,55 - 59,NRW,34.99,39.99,30.0,0.0,GIGAZUHAUSE KABEL,1.0
2427,45 - 49,KBW,44.98,39.98,30.0,0.0,GIGAZUHAUSE KABEL,0.0
2428,40 - 44,KBW,29.99,34.99,30.0,0.0,RED INTERNET & PHONE CABLE U,1.0
2429,60 - 64,KBW,49.98,44.97,30.0,0.0,GIGAZUHAUSE KABEL,1.0
2430,50 - 54,KBW,34.97,39.98,30.0,0.0,VF RIP U-TREUE,1.0
2431,40 - 44,NRW,44.96,39.99,30.0,0.0,VF CABLEMAX,1.0
2432,30 - 34,NRW,29.98,39.98,30.0,0.0,VF RIP U-TREUE,1.0
2433,60 - 64,NRW,39.98,49.99,30.0,0.0,VF CABLEMAX,0.0
2434,25 - 29,NRW,49.99,39.99,30.0,0.0,VF RIP U-TREUE,0.0
2435,65 - 69,KBW,44.98,48.98,30.0,0.0,VF RIP U-TREUE,1.0
2436,35 - 39,NRW,44.99,34.99,30.0,0.0,RED INTERNET & PHONE CABLE U,0.0
2437,25 - 29,KBW,44.99,44.98,30.0,0.0,VF RIP U-TREUE,0.0
2438,55 - 59,KBW,39.99,39.99,30.0,0.0,RED INTERNET & PHONE CABLE U,1.0
2439,65 - 69,NRW,44.98,37.98,30.0,0.0,GIGAZUHAUSE KABEL,0.0
2440,45 - 49,NRW,24.98,49.99,30.0,0.0,GIGAZUHAUSE KABEL,0.0
2441,60 - 64,KBW,34.98,44.99,30.0,0.0,RED INTERNET & PHONE CABLE U,1.0
2442,60 - 64,NRW,34.98,34.99,30.0,0.0,VF RIP U-TREUE,0.0
2443,55 - 59,KBW,39.99,34.99,30.0,0.0,VF RIP U-TREUE,1.0
2444,35 - 39,KBW,47.99,34.98,30.0,0.0,RED INTERNET & PHONE CABLE U,0.0
2445,35 - 39,NRW,39.99,34.99,30.0,0.0,RED INTERNET & PHONE CABLE U,1.0
2446,40 - 44,KBW,44.99,39.99,30.0,0.0,VF CABLEMAX,1.0
2447,40 - 44,NRW,34.99,49.97,30.0,0.0,VF CABLEMAX,1.0
2448,60 - 64,KBW,34.98,44.97,30.0,0.0,VF RIP U-TREUE,0.0
2449,25 - 29,NRW,47.99,39.98,30.0,0.0,VF RIP U-TREUE,0.0
2450,75 - 79,KBW,34.99,39.99,30.0,0.0,VF CABLEMAX,1.0
2451,35 - 39,KBW,34.98,39.98,30.0,0.0,RED INTERNET & PHONE CABLE U,1.0
2452,45 - 49,NRW,34.99,39.98,30.0,0.0,RED INTERNET & PHONE CABLE U,1.0
2453,65 - 69,NRW,49.98,34.98,30.0,0.0,VF RIP U-TREUE,0.0
2454,25 - 29,NRW,44.98,34.98,30.0,0.0,RED INTERNET & PHONE CABLE U,0.0
2455,35 - 39,NRW,39.99,39.99,30.0,0.0,RED INTERNET & PHONE CABLE U,1.0
2456,40 - 44,NRW,29.99,39.99,30.0,0.0,RED INTERNET & PHONE CABLE U,0.0
2457,80 and over,NRW,44.98,39.97,30.0,0.0,RED INTERNET & PHONE CABLE U,0.0
2458,70 - 74,NRW,44.98,34.98,30.0,0.0,VF RIP U-TREUE,0.0
2459,30 - 34,KBW,39.99,39.98,30.0,0.0,VF RIP U-TREUE,0.0
2460,30 - 34,KBW,44.97,34.98,30.0,0.0,RED INTERNET & PHONE CABLE U,0.0
2461,70 - 74,KBW,44.98,44.99,30.0,0.0,RED INTERNET & PHONE CABLE U,0.0
2462,25 - 29,NRW,44.98,49.99,30.0,0.0,VF RIP U-TREUE,1.0
2463,30 - 34,NRW,44.97,29.98,30.0,0.0,GIGAZUHAUSE KABEL,1.0
2464,35 - 39,NRW,44.99,34.99,30.0,0.0,VF RIP U-TREUE,0.0
2465,55 - 59,KBW,49.98,44.98,30.0,0.0,VF RIP U-TREUE,0.0
2466,30 - 34,HSN,49.97,44.98,30.0,0.0,VF CABLEMAX,0.0
2467,40 - 44,NRW,29.99,34.97,30.0,0.0,RED INTERNET & PHONE CABLE U,0.0
2468,55 - 59,NRW,39.99,50.98,30.0,0.0,VF RIP U-TREUE,0.0
2469,40 - 44,KBW,34.97,39.99,30.0,0.0,RED INTERNET & PHONE CABLE U,1.0
2470,25 - 29,NRW,44.99,34.99,30.0,0.0,RED INTERNET & PHONE CABLE U,1.0
2471,30 - 34,HSN,34.98,39.98,30.0,0.0,GIGAZUHAUSE KABEL,1.0
2472,25 - 29,NRW,39.99,34.98,30.0,0.0,RED INTERNET & PHONE CABLE U,0.0
2473,25 - 29,NRW,44.98,39.97,30.0,0.0,RED INTERNET & PHONE CABLE U,0.0
2474,60 - 64,HSN,44.98,44.99,30.0,0.0,VF RIP U-TREUE,1.0
2475,80 and over,KBW,39.99,34.99,30.0,0.0,RED INTERNET & PHONE CABLE U,0.0
2476,50 - 54,NRW,58.98,52.99,30.0,0.0,VF RIP U-TREUE,1.0
2477,40 - 44,HSN,39.99,34.98,30.0,0.0,VF RIP U-TREUE,0.0
2478,30 - 34,KBW,49.98,49.99,30.0,0.0,RED INTERNET & PHONE CABLE U,0.0
2479,25 - 29,NRW,39.99,44.98,30.0,0.0,RED INTERNET & PHONE CABLE U,1.0
2480,50 - 54,NRW,39.99,44.98,30.0,0.0,RED INTERNET & PHONE CABLE U,0.0
2481,35 - 39,HSN,44.98,44.99,30.0,0.0,VF CABLEMAX,1.0
2482,55 - 59,NRW,49.98,34.99,30.0,0.0,VF RIP U-TREUE,1.0
2483,55 - 59,NRW,44.98,44.98,30.0,0.0,RED INTERNET & PHONE CABLE U,0.0
2484,25 - 29,NRW,37.99,39.99,30.0,0.0,VF RIP U-TREUE,1.0
2485,25 - 29,NRW,39.98,34.99,30.0,0.0,VF CABLEMAX,0.0
2486,60 - 64,NRW,44.99,32.98,30.0,0.0,VF CABLEMAX,1.0
2487,35 - 39,NRW,34.99,39.98,30.0,0.0,VF CABLEMAX,0.0
2488,50 - 54,KBW,44.98,39.99,30.0,0.0,VF CABLEMAX,0.0
2489,25 - 29,KBW,39.97,29.99,30.0,0.0,RED INTERNET & PHONE CABLE U,0.0
2490,25 - 29,NRW,44.99,34.98,30.0,0.0,RED INTERNET & PHONE CABLE U,1.0
2491,70 - 74,NRW,49.97,54.97,30.0,0.0,VF RIP U-TREUE,1.0
2492,25 - 29,HSN,49.99,39.99,30.0,0.0,RED INTERNET & PHONE CABLE U,0.0
2493,55 - 59,NRW,39.99,32.98,30.0,0.0,RED INTERNET & PHONE CABLE U,1.0
2494,30 - 34,KBW,39.99,44.97,30.0,0.0,VF RIP U-TREUE,0.0
2495,55 - 59,NRW,39.97,39.99,30.0,0.0,RED INTERNET & PHONE CABLE U,1.0
2496,25 - 29,NRW,39.98,42.99,30.0,0.0,GIGAZUHAUSE KABEL,0.0
2497,60 - 64,KBW,44.99,34.97,30.0,0.0,VF RIP U-TREUE,1.0
2498,30 - 34,KBW,39.98,44.97,30.0,0.0,RED INTERNET & PHONE CABLE U,0.0
2499,40 - 44,HSN,29.98,39.99,30.0,0.0,VF CABLEMAX,1.0
2500,25 - 29,NRW,58.97,44.98,30.0,0.0,VF CABLEMAX,0.0
2501,30 - 34,KBW,39.99,44.98,30.0,0.0,RED INTERNET & PHONE CABLE U,1.0
2502,40 - 44,KBW,39.99,29.99,30.0,0.0,VF RIP U-TREUE,0.0
2503,30 - 34,KBW,39.97,39.99,30.0,0.0,VF RIP U-TREUE,0.0
2504,25 - 29,KBW,44.99,37.99,30.0,0.0,GIGAZUHAUSE KABEL,0.0
2505,25 - 29,KBW,34.98,39.99,30.0,0.0,VF RIP U-TREUE,1.0
2506,80 and over,KBW,39.98,34.97,30.0,0.0,RED INTERNET & PHONE CABLE U,0.0
2507,35 - 39,NRW,39.98,34.98,30.0,0.0,VF RIP U-TREUE,1.0
2508,25 - 29,HSN,29.99,39.99,30.0,0.0,VF RIP U-TREUE,0.0
2509,65 - 69,KBW,39.98,34.99,30.0,0.0,RED INTERNET & PHONE CABLE U,0.0
2510,55 - 59,NRW,39.98,34.99,30.0,0.0,RED INTERNET & PHONE CABLE U,1.0
2511,55 - 59,HSN,44.99,34.97,30.0,0.0,GIGAZUHAUSE KABEL,1.0
2512,30 - 34,NRW,17.98,39.99,30.0,0.0,RED INTERNET & PHONE CABLE U,1.0
2513,65 - 69,KBW,49.98,39.98,30.0,0.0,VF RIP U-TREUE,0.0
2514,25 - 29,NRW,29.98,44.98,30.0,0.0,VF CABLEMAX,1.0
2515,40 - 44,NRW,39.99,29.99,30.0,0.0,VF CABLEMAX,0.0
2516,55 - 59,NRW,39.98,62.99,30.0,0.0,VF RIP U-TREUE,1.0
2517,55 - 59,NRW,39.98,44.98,30.0,0.0,RED INTERNET & PHONE CABLE U,1.0
2518,55 - 59,NRW,24.99,44.98,30.0,0.0,GIGAZUHAUSE TREUE B,0.0
2519,80 and over,KBW,39.98,39.98,30.0,0.0,RED INTERNET & PHONE CABLE U,0.0
2520,35 - 39,KBW,39.96,49.99,30.0,0.0,VF RIP U-TREUE,0.0
2521,55 - 59,NRW,34.97,44.98,30.0,0.0,RED INTERNET & PHONE CABLE U,1.0
2522,40 - 44,KBW,44.98,44.99,30.0,0.0,VF RIP U-TREUE,0.0
2523,30 - 34,KBW,39.99,32.99,30.0,0.0,RED INTERNET & PHONE CABLE U,1.0
2524,60 - 64,NRW,39.98,44.98,30.0,0.0,VF RIP U-TREUE,1.0
2525,30 - 34,KBW,34.99,39.97,30.0,0.0,VF CABLEMAX,1.0
2526,25 - 29,NRW,34.99,37.97,30.0,0.0,VF CABLEMAX,1.0
2527,60 - 64,KBW,34.99,49.99,30.0,0.0,VF RIP U-TREUE,0.0
2528,25 - 29,NRW,47.98,58.98,30.0,0.0,RED INTERNET & PHONE CABLE U,1.0
2529,60 - 64,NRW,49.99,44.99,30.0,0.0,RED INTERNET & PHONE CABLE U,0.0
2530,25 - 29,NRW,44.99,42.99,30.0,0.0,RED INTERNET & PHONE CABLE U,1.0
2531,35 - 39,NRW,49.99,49.99,30.0,0.0,RED INTERNET & PHONE CABLE U,0.0
2532,70 - 74,NRW,39.99,39.98,30.0,0.0,VF CABLEMAX,1.0
2533,70 - 74,NRW,43.99,39.99,30.0,0.0,RED INTERNET & PHONE CABLE U,0.0
2534,35 - 39,KBW,44.99,39.99,30.0,0.0,RED INTERNET & PHONE CABLE U,1.0
2535,60 - 64,KBW,49.98,37.99,30.0,0.0,RED INTERNET & PHONE CABLE U,0.0
2536,35 - 39,KBW,39.98,47.98,30.0,0.0,RED INTERNET & PHONE CABLE U,1.0
2537,60 - 64,NRW,42.99,39.98,30.0,0.0,RED INTERNET & PHONE CABLE U,0.0
2538,50 - 54,KBW,44.97,34.98,30.0,0.0,RED INTERNET & PHONE CABLE U,1.0
2539,45 - 49,NRW,44.97,34.98,30.0,0.0,VF RIP U-TREUE,1.0
2540,65 - 69,NRW,39.99,44.98,30.0,0.0,RED INTERNET & PHONE CABLE U,1.0
2541,40 - 44,NRW,34.99,39.98,30.0,0.0,RED INTERNET & PHONE CABLE U,1.0
2542,25 - 29,NRW,39.97,39.99,30.0,0.0,VF CABLEMAX,0.0
2543,50 - 54,NRW,44.98,54.99,30.0,0.0,VF RIP U-TREUE,1.0
2544,35 - 39,NRW,44.97,44.99,30.0,0.0,GIGAZUHAUSE TREUE B,1.0
2545,30 - 34,KBW,39.99,44.98,30.0,0.0,RED INTERNET & PHONE CABLE U,1.0
2546,40 - 44,NRW,44.98,44.99,30.0,0.0,VF CABLEMAX,1.0
2547,25 - 29,KBW,39.98,34.98,30.0,0.0,RED INTERNET & PHONE CABLE U,0.0
2548,50 - 54,NRW,39.98,44.99,30.0,0.0,RED INTERNET & PHONE CABLE U,1.0
2549,30 - 34,NRW,34.99,34.99,30.0,0.0,RED INTERNET & PHONE CABLE U,1.0
2550,60 - 64,NRW,34.97,42.99,30.0,0.0,VF RIP U-TREUE,0.0
2551,55 - 59,KBW,24.99,29.98,30.0,0.0,GIGAZUHAUSE KABEL,1.0
2552,35 - 39,NRW,32.99,39.99,30.0,0.0,RED INTERNET & PHONE CABLE U,0.0
2553,25 - 29,KBW,44.98,44.99,30.0,0.0,VF RIP U-TREUE,1.0
2554,35 - 39,KBW,44.99,34.98,30.0,0.0,VF RIP U-TREUE,1.0
2555,18 - 24,NRW,44.99,29.98,30.0,0.0,GIGAZUHAUSE KABEL,0.0
2556,55 - 59,KBW,37.99,39.99,30.0,0.0,VF CABLEMAX,0.0
2557,65 - 69,NRW,44.99,39.97,30.0,0.0,VF CABLEMAX,0.0
2558,40 - 44,NRW,39.98,49.99,30.0,0.0,RED INTERNET & PHONE CABLE U,1.0
2559,25 - 29,KBW,44.98,39.99,30.0,0.0,RED INTERNET & PHONE CABLE U,0.0
2560,65 - 69,KBW,39.98,44.98,30.0,0.0,VF RIP U-TREUE,0.0
2561,40 - 44,NRW,34.98,34.98,30.0,0.0,RED INTERNET & PHONE CABLE U,1.0
2562,35 - 39,NRW,39.98,44.98,30.0,0.0,VF CABLEMAX,0.0
2563,35 - 39,NRW,39.99,44.98,30.0,0.0,RED INTERNET & PHONE CABLE U,0.0
2564,60 - 64,NRW,44.98,44.97,30.0,0.0,VF RIP U-TREUE,1.0
2565,30 - 34,NRW,39.98,44.98,30.0,1.0,VF CABLEMAX,1.0
2566,25 - 29,HSN,34.98,44.95,30.0,0.0,RED INTERNET & PHONE CABLE U,1.0
2567,60 - 64,NRW,44.99,39.98,30.0,0.0,RED INTERNET & PHONE CABLE U,1.0
2568,40 - 44,KBW,48.99,39.99,30.0,0.0,RED INTERNET & PHONE CABLE U,0.0
2569,25 - 29,NRW,39.99,29.99,30.0,0.0,RED INTERNET & PHONE CABLE U,0.0
2570,35 - 39,NRW,39.99,42.99,30.0,0.0,GIGAZUHAUSE KABEL,0.0
2571,30 - 34,KBW,39.99,39.98,30.0,0.0,GIGAZUHAUSE KABEL,0.0
2572,35 - 39,KBW,44.99,34.99,30.0,0.0,RED INTERNET & PHONE CABLE U,0.0
2573,25 - 29,NRW,34.99,29.99,30.0,0.0,RED INTERNET & PHONE CABLE U,1.0
2574,35 - 39,NRW,44.99,49.98,30.0,0.0,VF CABLEMAX,1.0
2575,45 - 49,HSN,44.98,44.98,30.0,0.0,VF CABLEMAX,1.0
2576,40 - 44,NRW,39.99,49.98,30.0,0.0,RED INTERNET & PHONE CABLE U,1.0
2577,50 - 54,NRW,39.97,34.99,30.0,0.0,VF CABLEMAX,1.0
2578,25 - 29,KBW,44.98,44.98,30.0,0.0,RED INTERNET & PHONE CABLE U,1.0
2579,80 and over,KBW,39.98,44.98,30.0,0.0,RED INTERNET & PHONE CABLE U,0.0
2580,35 - 39,KBW,39.98,44.97,40.0,0.0,VF RIP U-TREUE,0.0
2581,30 - 34,NRW,34.98,39.99,30.0,0.0,RED INTERNET & PHONE CABLE U,0.0
2582,50 - 54,NRW,44.98,39.98,30.0,0.0,RED INTERNET & PHONE CABLE U,0.0
2583,40 - 44,NRW,39.97,39.98,30.0,0.0,VF RIP U-TREUE,0.0
2584,60 - 64,NRW,42.98,39.99,30.0,0.0,GIGAZUHAUSE KABEL,1.0
2585,40 - 44,NRW,54.97,49.98,30.0,0.0,RED INTERNET & PHONE CABLE U,1.0
2586,35 - 39,NRW,29.99,39.97,30.0,0.0,VF CABLEMAX,0.0
2587,45 - 49,KBW,39.99,39.99,30.0,0.0,RED INTERNET & PHONE CABLE U,1.0
2588,80 and over,NRW,44.99,34.97,30.0,0.0,VF CABLEMAX,1.0
2589,30 - 34,NRW,49.98,39.98,30.0,0.0,RED INTERNET & PHONE CABLE U,0.0
2590,25 - 29,NRW,34.99,44.99,30.0,0.0,RED INTERNET & PHONE CABLE U,0.0
2591,25 - 29,KBW,44.98,54.99,30.0,0.0,RED INTERNET & PHONE CABLE U,1.0
2592,40 - 44,NRW,44.98,39.98,30.0,0.0,RED INTERNET & PHONE CABLE U,0.0
2593,25 - 29,NRW,49.99,47.99,30.0,0.0,VF RIP U-TREUE,1.0
2594,30 - 34,NRW,44.99,34.99,30.0,0.0,RED INTERNET & PHONE CABLE U,0.0
2595,60 - 64,KBW,29.98,44.98,30.0,0.0,VF CABLEMAX,1.0
2596,35 - 39,HSN,34.99,49.97,30.0,0.0,GIGAZUHAUSE KABEL,0.0
2597,40 - 44,NRW,44.98,34.99,30.0,0.0,GIGAZUHAUSE KABEL,1.0
2598,25 - 29,KBW,39.99,39.98,30.0,0.0,GIGAZUHAUSE KABEL,1.0
2599,40 - 44,NRW,34.99,44.99,30.0,0.0,VF CABLEMAX,0.0
2600,40 - 44,KBW,32.99,39.97,30.0,0.0,VF CABLEMAX,1.0
2601,35 - 39,KBW,34.99,47.97,30.0,0.0,RED INTERNET & PHONE CABLE U,0.0
2602,55 - 59,KBW,49.99,39.99,30.0,0.0,GIGAZUHAUSE KABEL,1.0
2603,45 - 49,NRW,34.99,29.98,30.0,0.0,VF CABLEMAX,1.0
2604,30 - 34,KBW,44.98,39.98,30.0,0.0,RED INTERNET & PHONE CABLE U,0.0
2606,35 - 39,KBW,44.95,39.98,30.0,0.0,RED INTERNET & PHONE CABLE U,1.0
2607,35 - 39,NRW,39.99,39.98,30.0,0.0,RED INTERNET & PHONE CABLE U,1.0
2608,35 - 39,NRW,49.98,44.99,30.0,0.0,VF RIP U-TREUE,1.0
2609,60 - 64,KBW,39.99,39.99,30.0,0.0,RED INTERNET & PHONE CABLE U,1.0
2610,40 - 44,HSN,39.99,29.99,30.0,0.0,VF CABLEMAX,0.0
2611,30 - 34,KBW,54.98,32.98,30.0,0.0,RED INTERNET & PHONE CABLE U,0.0
2612,25 - 29,NRW,37.99,52.99,30.0,1.0,RED INTERNET & PHONE CABLE U,0.0
2613,35 - 39,NRW,44.95,39.98,30.0,0.0,RED INTERNET & PHONE CABLE U,1.0
2614,50 - 54,NRW,44.98,44.99,30.0,0.0,RED INTERNET & PHONE CABLE U,0.0
2615,40 - 44,NRW,34.99,39.99,30.0,0.0,RED INTERNET & PHONE CABLE U,1.0
2616,35 - 39,KBW,39.99,44.98,30.0,0.0,RED INTERNET & PHONE CABLE U,0.0
2617,35 - 39,KBW,49.98,44.98,30.0,0.0,GIGAZUHAUSE KABEL,0.0
2618,60 - 64,NRW,39.99,44.97,30.0,0.0,GIGAZUHAUSE KABEL,1.0
2619,65 - 69,KBW,44.98,34.99,30.0,0.0,VF RIP U-TREUE,0.0
2620,35 - 39,NRW,44.98,44.98,30.0,0.0,VF RIP U-TREUE,0.0
2621,25 - 29,KBW,34.98,44.98,30.0,0.0,GIGAZUHAUSE KABEL,0.0
2622,30 - 34,NRW,44.99,54.99,30.0,0.0,VF CABLEMAX,0.0
2623,35 - 39,NRW,44.98,32.99,30.0,0.0,VF RIP U-TREUE,1.0
2624,40 - 44,KBW,44.99,44.99,30.0,0.0,VF CABLEMAX,0.0
2625,50 - 54,NRW,39.99,44.98,30.0,0.0,VF RIP U-TREUE,1.0
2626,35 - 39,NRW,39.98,29.99,30.0,0.0,RED INTERNET & PHONE CABLE U,0.0
2627,40 - 44,NRW,32.98,44.98,30.0,0.0,VF RIP U-TREUE,0.0
2628,70 - 74,KBW,44.99,44.98,3.0,0.0,RED INTERNET & PHONE CABLE U,0.0
2629,45 - 49,HSN,39.98,49.97,30.0,0.0,VF CABLEMAX,0.0
2630,65 - 69,NRW,39.98,34.99,30.0,0.0,VF RIP U-TREUE,1.0
2631,35 - 39,NRW,44.99,39.98,30.0,0.0,GIGAZUHAUSE KABEL,0.0
2632,70 - 74,KBW,49.98,39.99,30.0,0.0,VF CABLEMAX,0.0
2633,50 - 54,NRW,44.99,44.99,30.0,0.0,RED INTERNET & PHONE CABLE U,1.0
2634,55 - 59,NRW,39.99,44.99,30.0,0.0,GIGAZUHAUSE TREUE B,0.0
2635,35 - 39,NRW,49.99,39.99,30.0,0.0,RED INTERNET & PHONE CABLE U,0.0
2636,30 - 34,NRW,44.97,42.98,30.0,0.0,VF CABLEMAX,1.0
2637,25 - 29,NRW,49.99,39.99,30.0,0.0,RED INTERNET & PHONE CABLE U,1.0
2638,80 and over,NRW,34.98,49.97,30.0,0.0,GIGAZUHAUSE KABEL,1.0
2639,70 - 74,NRW,44.98,49.99,30.0,0.0,VF RIP U-TREUE,1.0
2640,80 and over,NRW,49.98,44.98,30.0,0.0,RED INTERNET & PHONE CABLE U,0.0
2641,30 - 34,NRW,39.99,39.99,30.0,0.0,RED INTERNET & PHONE CABLE U,1.0
2642,30 - 34,KBW,44.99,39.99,30.0,0.0,VF RIP U-TREUE,1.0
2643,35 - 39,NRW,44.98,39.99,30.0,0.0,RED INTERNET & PHONE CABLE U,0.0
2644,30 - 34,NRW,37.98,44.97,30.0,0.0,RED INTERNET & PHONE CABLE U,0.0
2645,60 - 64,NRW,29.97,44.99,30.0,0.0,RED INTERNET & PHONE CABLE U,1.0
2646,55 - 59,KBW,34.98,44.98,30.0,0.0,VF CABLEMAX,0.0
2647,40 - 44,NRW,39.98,44.99,30.0,0.0,VF RIP U-TREUE,1.0
2648,55 - 59,KBW,34.99,39.99,30.0,0.0,VF RIP U-TREUE,1.0
2649,35 - 39,KBW,49.97,29.98,30.0,0.0,RED INTERNET & PHONE CABLE U,1.0
2650,65 - 69,HSN,39.99,44.97,30.0,0.0,VF CABLEMAX,0.0
2651,25 - 29,KBW,39.98,39.99,30.0,0.0,GIGAZUHAUSE KABEL,1.0
2652,25 - 29,NRW,39.98,44.98,30.0,0.0,RED INTERNET & PHONE CABLE U,1.0
2653,40 - 44,KBW,39.97,39.99,30.0,0.0,RED INTERNET & PHONE CABLE U,0.0
2654,45 - 49,NRW,39.98,44.98,30.0,0.0,GIGAZUHAUSE KABEL,0.0
2655,30 - 34,NRW,34.99,44.0,30.0,0.0,RED INTERNET & PHONE CABLE U,1.0
2656,55 - 59,KBW,39.99,39.99,30.0,0.0,RED INTERNET & PHONE CABLE U,0.0
2657,50 - 54,NRW,39.98,39.92,30.0,0.0,VF RIP U-TREUE,0.0
2658,50 - 54,NRW,34.99,44.98,30.0,0.0,RED INTERNET & PHONE CABLE U,1.0
2659,80 and over,NRW,29.99,39.99,30.0,0.0,RED INTERNET & PHONE CABLE U,1.0
2660,50 - 54,NRW,32.97,34.97,30.0,0.0,VF RIP U-TREUE,1.0
2661,35 - 39,KBW,44.98,29.98,30.0,0.0,VF RIP U-TREUE,0.0
2662,65 - 69,NRW,39.99,44.99,30.0,0.0,RED INTERNET & PHONE CABLE U,0.0
2663,30 - 34,KBW,32.99,44.99,30.0,0.0,GIGAZUHAUSE KABEL,1.0
2664,35 - 39,NRW,42.99,44.98,30.0,0.0,RED INTERNET & PHONE CABLE U,1.0
2665,30 - 34,NRW,34.98,39.97,30.0,0.0,RED INTERNET & PHONE CABLE U,1.0
2666,65 - 69,NRW,44.99,34.97,30.0,0.0,VF RIP U-TREUE,0.0
2667,35 - 39,KBW,44.99,34.98,30.0,0.0,RED INTERNET & PHONE CABLE U,1.0
2668,30 - 34,KBW,49.99,44.98,30.0,0.0,VF CABLEMAX,1.0
2669,50 - 54,KBW,44.99,34.98,30.0,0.0,RED INTERNET & PHONE CABLE U,1.0
2670,60 - 64,NRW,39.99,34.98,30.0,0.0,VF CABLEMAX,0.0
2671,30 - 34,KBW,29.99,44.98,30.0,0.0,RED INTERNET & PHONE CABLE U,0.0
2672,40 - 44,NRW,44.99,34.99,30.0,0.0,RED INTERNET & PHONE CABLE U,0.0
2673,50 - 54,NRW,39.98,44.99,30.0,0.0,RED INTERNET & PHONE CABLE U,1.0
2674,30 - 34,NRW,49.97,44.98,30.0,0.0,VF CABLEMAX,1.0
2675,60 - 64,KBW,44.99,44.98,30.0,0.0,VF RIP U-TREUE,0.0
2676,65 - 69,NRW,24.98,34.99,30.0,0.0,RED INTERNET & PHONE CABLE U,0.0
2677,50 - 54,NRW,34.98,44.99,30.0,0.0,RED INTERNET & PHONE CABLE U,1.0
2678,25 - 29,KBW,44.98,39.99,30.0,0.0,VF CABLEMAX,0.0
2679,55 - 59,KBW,44.98,44.99,30.0,0.0,RED INTERNET & PHONE CABLE U,1.0
2680,40 - 44,NRW,34.97,39.99,30.0,0.0,RED INTERNET & PHONE CABLE U,0.0
2681,70 - 74,NRW,27.98,54.97,30.0,0.0,VF CABLEMAX,1.0
2682,30 - 34,NRW,44.98,44.99,30.0,0.0,VF RIP U-TREUE,1.0
2683,50 - 54,NRW,39.99,44.99,30.0,0.0,VF CABLEMAX,0.0
2684,25 - 29,NRW,44.98,44.99,30.0,0.0,GIGAZUHAUSE KABEL,1.0
2685,30 - 34,KBW,54.97,49.98,30.0,0.0,RED INTERNET & PHONE CABLE U,0.0
2686,45 - 49,NRW,44.98,44.99,30.0,0.0,VF RIP U-TREUE,0.0
2687,70 - 74,NRW,44.99,39.98,30.0,0.0,RED INTERNET & PHONE CABLE U,1.0
2688,25 - 29,KBW,49.98,44.98,30.0,0.0,GIGAZUHAUSE KABEL,0.0
2689,35 - 39,HSN,44.99,49.99,30.0,0.0,VF RIP U-TREUE,0.0
2690,30 - 34,NRW,54.99,34.98,30.0,0.0,RED INTERNET & PHONE CABLE U,1.0
2691,55 - 59,KBW,44.98,64.99,30.0,0.0,GIGAZUHAUSE KABEL,0.0
2692,30 - 34,NRW,34.99,34.99,30.0,0.0,RED INTERNET & PHONE CABLE U,1.0
2693,30 - 34,NRW,39.99,44.97,30.0,0.0,RED INTERNET & PHONE CABLE U,0.0
2694,25 - 29,NRW,39.99,44.98,30.0,0.0,RED INTERNET & PHONE CABLE U,0.0
2695,40 - 44,NRW,44.98,49.97,30.0,0.0,RED INTERNET & PHONE CABLE U,1.0
2696,25 - 29,KBW,44.97,39.99,30.0,0.0,VF RIP U-TREUE,1.0
2697,35 - 39,NRW,49.99,44.99,30.0,0.0,RED INTERNET & PHONE CABLE U,0.0
2698,65 - 69,KBW,34.98,49.98,30.0,0.0,VF CABLEMAX,0.0
2699,55 - 59,NRW,39.99,39.98,30.0,0.0,VF CABLEMAX,0.0
2700,80 and over,NRW,39.99,39.99,30.0,0.0,RED INTERNET & PHONE CABLE U,0.0
2701,55 - 59,NRW,39.99,44.99,30.0,0.0,VF CABLEMAX,0.0
2702,40 - 44,KBW,39.98,29.98,30.0,0.0,RED INTERNET & PHONE CABLE U,0.0
2703,45 - 49,NRW,34.98,44.99,30.0,0.0,VF RIP U-TREUE,1.0
2704,40 - 44,NRW,39.99,39.98,30.0,0.0,VF CABLEMAX,0.0
2705,40 - 44,KBW,44.97,39.98,30.0,0.0,RED INTERNET & PHONE CABLE U,1.0
2706,18 - 24,HSN,34.97,44.99,30.0,0.0,VF CABLEMAX,0.0
2707,60 - 64,NRW,37.99,34.99,30.0,0.0,RED INTERNET & PHONE CABLE U,1.0
2708,55 - 59,NRW,44.99,34.99,30.0,0.0,VF RIP U-TREUE,1.0
2709,55 - 59,NRW,29.98,32.97,30.0,0.0,VF RIP U-TREUE,1.0
2710,25 - 29,NRW,34.99,44.99,30.0,0.0,RED INTERNET & PHONE CABLE U,1.0
2711,40 - 44,HSN,44.98,44.99,30.0,0.0,RED INTERNET & PHONE CABLE U,1.0
2712,60 - 64,KBW,39.98,44.98,30.0,0.0,RED INTERNET & PHONE CABLE U,1.0
2713,40 - 44,NRW,39.99,34.99,30.0,0.0,VF RIP U-TREUE,1.0
2714,60 - 64,NRW,44.99,44.99,30.0,0.0,RED INTERNET & PHONE CABLE U,1.0
2715,30 - 34,NRW,39.97,29.99,30.0,0.0,GIGAZUHAUSE KABEL,1.0
2716,40 - 44,NRW,44.98,29.98,30.0,0.0,RED INTERNET & PHONE CABLE U,1.0
2717,35 - 39,NRW,34.99,39.98,30.0,0.0,VF RIP U-TREUE,1.0
2718,35 - 39,KBW,44.98,29.98,30.0,0.0,VF RIP U-TREUE,1.0
2719,40 - 44,NRW,44.97,39.99,30.0,0.0,RED INTERNET & PHONE CABLE U,1.0
2720,25 - 29,NRW,44.98,39.98,30.0,0.0,RED INTERNET & PHONE CABLE U,1.0
2721,70 - 74,KBW,42.98,44.98,30.0,0.0,VF RIP U-TREUE,1.0
2722,55 - 59,KBW,49.99,34.99,30.0,0.0,GIGAZUHAUSE KABEL,0.0
2723,25 - 29,KBW,49.98,34.99,30.0,0.0,VF CABLEMAX,1.0
2724,25 - 29,NRW,49.98,44.99,30.0,1.0,RED INTERNET & PHONE CABLE U,0.0
2725,55 - 59,KBW,44.99,39.99,30.0,0.0,RED INTERNET & PHONE CABLE U,1.0
2726,40 - 44,KBW,37.99,39.99,30.0,0.0,VF CABLEMAX,1.0
2727,65 - 69,KBW,39.99,34.98,30.0,1.0,VF RIP U-TREUE,1.0
2728,60 - 64,NRW,49.99,39.98,30.0,0.0,RED INTERNET & PHONE CABLE U,1.0
2729,35 - 39,KBW,37.99,49.99,30.0,0.0,RED INTERNET & PHONE CABLE U,0.0
2730,65 - 69,NRW,34.99,29.99,30.0,0.0,RED INTERNET & PHONE CABLE U,1.0
2731,55 - 59,KBW,44.98,44.98,30.0,0.0,RED INTERNET & PHONE CABLE U,0.0
2732,40 - 44,NRW,39.99,44.98,30.0,0.0,RED INTERNET & PHONE CABLE U,0.0
2733,25 - 29,NRW,34.99,49.98,30.0,0.0,VF CABLEMAX,0.0
2734,25 - 29,NRW,44.98,32.97,30.0,0.0,GIGAZUHAUSE KABEL,0.0
2735,40 - 44,NRW,34.97,32.98,30.0,0.0,RED INTERNET & PHONE CABLE U,0.0
2736,30 - 34,KBW,44.99,29.98,30.0,0.0,RED INTERNET & PHONE CABLE U,1.0
2737,65 - 69,NRW,39.97,39.99,30.0,0.0,GIGAZUHAUSE KABEL,0.0
2738,55 - 59,NRW,44.98,34.98,30.0,0.0,RED INTERNET & PHONE CABLE U,0.0
2739,70 - 74,KBW,44.98,34.98,30.0,0.0,RED INTERNET & PHONE CABLE U,1.0
2740,25 - 29,NRW,32.98,34.99,30.0,0.0,RED INTERNET & PHONE CABLE U,0.0
2741,45 - 49,NRW,39.98,44.98,30.0,0.0,RED INTERNET & PHONE CABLE U,0.0
2742,65 - 69,KBW,54.99,37.97,30.0,0.0,RED INTERNET & PHONE CABLE U,0.0
2743,35 - 39,NRW,39.99,32.97,30.0,0.0,VF RIP U-TREUE,1.0
2744,55 - 59,NRW,39.99,34.98,30.0,0.0,VF CABLEMAX,0.0
2745,75 - 79,NRW,39.98,33.98,30.0,0.0,RED INTERNET & PHONE CABLE U,1.0
2746,35 - 39,KBW,49.99,39.97,30.0,0.0,VF RIP U-TREUE,0.0
2747,60 - 64,NRW,42.97,44.99,30.0,0.0,RED INTERNET & PHONE CABLE U,0.0
2748,55 - 59,KBW,62.97,44.99,30.0,0.0,RED INTERNET & PHONE CABLE U,1.0
2749,60 - 64,KBW,44.98,44.98,30.0,0.0,RED INTERNET & PHONE CABLE U,0.0
2750,60 - 64,NRW,44.99,44.99,30.0,0.0,VF RIP U-TREUE,0.0
2751,25 - 29,KBW,32.98,55.98,30.0,0.0,VF CABLEMAX,1.0
2752,40 - 44,KBW,32.99,44.98,30.0,0.0,RED INTERNET & PHONE CABLE U,1.0
2753,40 - 44,KBW,44.97,44.97,30.0,0.0,GIGAZUHAUSE KABEL,0.0
2754,55 - 59,NRW,44.99,49.99,30.0,0.0,VF RIP U-TREUE,0.0
2755,50 - 54,NRW,34.98,42.99,30.0,0.0,RED INTERNET & PHONE CABLE U,0.0
2756,55 - 59,NRW,34.99,44.97,30.0,0.0,RED INTERNET & PHONE CABLE U,1.0
2757,50 - 54,NRW,37.98,39.98,30.0,0.0,GIGAZUHAUSE KABEL,0.0
2758,40 - 44,NRW,49.99,47.98,30.0,0.0,RED INTERNET & PHONE CABLE U,0.0
2759,35 - 39,NRW,49.99,39.99,30.0,0.0,RED INTERNET & PHONE CABLE U,0.0
2760,65 - 69,NRW,39.99,34.99,30.0,0.0,RED INTERNET & PHONE CABLE U,0.0
2761,45 - 49,NRW,19.99,37.98,30.0,0.0,VF RIP U-TREUE,1.0
2762,30 - 34,NRW,44.98,29.99,30.0,0.0,GIGAZUHAUSE KABEL,1.0
2763,25 - 29,KBW,34.99,44.98,30.0,0.0,VF RIP U-TREUE,1.0
2764,40 - 44,HSN,49.99,29.99,30.0,0.0,RED INTERNET & PHONE CABLE U,1.0
2765,45 - 49,KBW,44.98,44.98,30.0,0.0,RED INTERNET & PHONE CABLE U,0.0
2766,35 - 39,KBW,39.99,44.98,30.0,0.0,VF CABLEMAX,0.0
2767,25 - 29,NRW,49.99,29.99,30.0,1.0,VF RIP U-TREUE,0.0
2768,55 - 59,NRW,39.99,44.99,30.0,0.0,RED INTERNET & PHONE CABLE U,1.0
2769,25 - 29,NRW,29.99,44.98,30.0,0.0,VF RIP U-TREUE,0.0
2770,55 - 59,NRW,34.99,44.99,30.0,0.0,VF RIP U-TREUE,1.0
2771,60 - 64,KBW,44.98,34.98,30.0,0.0,RED INTERNET & PHONE CABLE U,0.0
2772,40 - 44,HSN,29.99,44.99,30.0,0.0,VF RIP U-TREUE,1.0
2773,65 - 69,KBW,39.99,39.98,30.0,0.0,RED INTERNET & PHONE CABLE U,0.0
2774,65 - 69,NRW,49.99,29.96,30.0,0.0,VF CABLEMAX,0.0
2775,35 - 39,KBW,39.97,29.99,30.0,0.0,RED INTERNET & PHONE CABLE U,1.0
2776,70 - 74,KBW,39.99,39.97,30.0,0.0,GIGAZUHAUSE KABEL,1.0
2777,60 - 64,NRW,39.99,39.97,30.0,0.0,RED INTERNET & PHONE CABLE U,1.0
2778,35 - 39,NRW,44.99,29.98,30.0,0.0,RED INTERNET & PHONE CABLE U,1.0
2779,50 - 54,HSN,34.99,29.99,30.0,0.0,RED INTERNET & PHONE CABLE U,1.0
2780,50 - 54,NRW,34.99,44.99,30.0,0.0,RED INTERNET & PHONE CABLE U,0.0
2781,25 - 29,NRW,39.97,49.98,30.0,0.0,RED INTERNET & PHONE CABLE U,0.0
2782,70 - 74,NRW,34.98,39.99,30.0,0.0,VF RIP U-TREUE,1.0
2783,50 - 54,NRW,39.98,39.96,30.0,0.0,VF RIP U-TREUE,1.0
2784,40 - 44,NRW,39.99,39.99,30.0,0.0,GIGAZUHAUSE KABEL,1.0
2785,35 - 39,HSN,49.99,44.99,30.0,0.0,VF CABLEMAX,1.0
2786,50 - 54,NRW,39.99,44.97,30.0,0.0,RED INTERNET & PHONE CABLE U,0.0
2787,60 - 64,NRW,44.99,44.99,30.0,0.0,VF CABLEMAX,1.0
2788,50 - 54,NRW,34.98,49.99,30.0,0.0,RED INTERNET & PHONE CABLE U,1.0
2789,55 - 59,KBW,34.99,49.99,30.0,0.0,RED INTERNET & PHONE CABLE U,0.0
2790,35 - 39,KBW,39.96,39.99,30.0,0.0,VF RIP U-TREUE,0.0
2791,25 - 29,KBW,34.99,44.99,30.0,0.0,RED INTERNET & PHONE CABLE U,1.0
2792,35 - 39,KBW,44.98,39.99,30.0,0.0,GIGAZUHAUSE KABEL,0.0
2793,70 - 74,NRW,39.99,44.99,30.0,0.0,GIGAZUHAUSE TREUE B,0.0
2794,40 - 44,NRW,34.99,44.99,30.0,0.0,GIGAZUHAUSE KABEL,0.0
2795,60 - 64,NRW,44.99,29.97,30.0,0.0,GIGAZUHAUSE KABEL,1.0
2796,25 - 29,NRW,49.99,34.99,5.0,0.0,RED INTERNET & PHONE CABLE U,1.0
2797,30 - 34,NRW,39.99,34.98,30.0,0.0,VF RIP U-TREUE,1.0
2798,80 and over,NRW,32.99,49.99,30.0,0.0,RED INTERNET & PHONE CABLE U,1.0
2799,35 - 39,NRW,34.98,44.99,30.0,0.0,VF RIP U-TREUE,0.0
2800,35 - 39,KBW,29.99,49.99,30.0,0.0,VF RIP U-TREUE,0.0
2801,35 - 39,NRW,39.99,39.99,30.0,0.0,VF CABLEMAX,0.0
2802,25 - 29,NRW,39.98,49.99,30.0,0.0,GIGAZUHAUSE KABEL,0.0
2803,35 - 39,NRW,34.99,44.99,30.0,0.0,RED INTERNET & PHONE CABLE U,0.0
2804,45 - 49,NRW,34.97,44.98,30.0,0.0,RED INTERNET & PHONE CABLE U,0.0
2805,35 - 39,NRW,34.99,44.99,30.0,0.0,RED INTERNET & PHONE CABLE U,0.0
2806,35 - 39,NRW,29.99,44.99,30.0,0.0,VF RIP U-TREUE,1.0
2807,35 - 39,NRW,44.98,34.99,30.0,0.0,VF CABLEMAX,0.0
2808,25 - 29,NRW,44.97,39.98,30.0,0.0,GIGAZUHAUSE KABEL,1.0
2809,50 - 54,NRW,44.99,49.99,30.0,0.0,RED INTERNET & PHONE CABLE U,0.0
2810,50 - 54,NRW,34.98,34.98,30.0,0.0,VF RIP U-TREUE,0.0
2811,65 - 69,KBW,44.98,49.98,30.0,0.0,GIGAZUHAUSE KABEL,0.0
2812,25 - 29,NRW,44.97,54.99,30.0,0.0,GIGAZUHAUSE KABEL,1.0
2813,40 - 44,NRW,44.99,24.98,30.0,0.0,RED INTERNET & PHONE CABLE U,1.0
2814,65 - 69,NRW,49.99,34.99,30.0,0.0,VF CABLEMAX,0.0
2815,25 - 29,NRW,34.98,34.99,30.0,0.0,VF RIP U-TREUE,0.0
2816,30 - 34,NRW,39.99,49.99,30.0,0.0,VF RIP U-TREUE,1.0
2817,25 - 29,KBW,34.99,49.99,30.0,0.0,RED INTERNET & PHONE CABLE U,1.0
2818,70 - 74,NRW,54.99,49.97,30.0,0.0,VF CABLEMAX,1.0
2819,35 - 39,NRW,34.98,54.97,30.0,0.0,VF RIP U-TREUE,0.0
2820,65 - 69,NRW,34.99,44.98,30.0,0.0,VF RIP U-TREUE,0.0
2821,35 - 39,NRW,39.98,44.99,30.0,0.0,VF RIP U-TREUE,0.0
2822,60 - 64,KBW,44.98,29.99,30.0,0.0,RED INTERNET & PHONE CABLE U,1.0
2823,40 - 44,KBW,44.99,44.98,30.0,0.0,RED INTERNET & PHONE CABLE U,1.0
2824,40 - 44,KBW,44.99,34.99,30.0,0.0,VF CABLEMAX,1.0
2825,60 - 64,HSN,29.99,34.98,30.0,0.0,RED INTERNET & PHONE CABLE U,0.0
2826,35 - 39,NRW,39.98,44.99,30.0,0.0,VF CABLEMAX,1.0
2827,50 - 54,KBW,39.99,29.98,30.0,0.0,RED INTERNET & PHONE CABLE U,0.0
2828,65 - 69,NRW,44.99,39.99,30.0,0.0,RED INTERNET & PHONE CABLE U,0.0
2829,40 - 44,KBW,48.98,39.98,30.0,0.0,RED INTERNET & PHONE CABLE U,1.0
2830,30 - 34,KBW,44.99,24.99,30.0,0.0,RED INTERNET & PHONE CABLE U,0.0
2831,40 - 44,NRW,44.98,29.99,30.0,0.0,VF CABLEMAX,1.0
2832,30 - 34,KBW,48.98,44.99,30.0,0.0,VF RIP U-TREUE,1.0
2833,45 - 49,NRW,34.97,39.99,30.0,0.0,RED INTERNET & PHONE CABLE U,0.0
2834,30 - 34,KBW,49.99,34.98,30.0,0.0,RED INTERNET & PHONE CABLE U,1.0
2835,65 - 69,NRW,49.99,44.98,30.0,0.0,RED INTERNET & PHONE CABLE U,0.0
2836,55 - 59,NRW,34.98,52.99,30.0,0.0,RED INTERNET & PHONE CABLE U,0.0
2837,40 - 44,NRW,29.99,34.99,30.0,0.0,RED INTERNET & PHONE CABLE U,1.0
2838,35 - 39,NRW,39.99,44.99,30.0,0.0,RED INTERNET & PHONE CABLE U,1.0
2839,35 - 39,KBW,34.99,44.98,30.0,0.0,GIGAZUHAUSE KABEL,1.0
2840,40 - 44,HSN,44.98,37.98,30.0,0.0,RED INTERNET & PHONE CABLE U,0.0
2841,35 - 39,NRW,44.98,44.99,30.0,0.0,RED INTERNET & PHONE CABLE U,0.0
2842,35 - 39,NRW,44.98,44.98,30.0,0.0,GIGAZUHAUSE KABEL,0.0
2843,35 - 39,NRW,49.99,47.97,30.0,0.0,RED INTERNET & PHONE CABLE U,1.0
2844,65 - 69,NRW,34.98,39.97,6.0,1.0,GIGAZUHAUSE KABEL,1.0
2845,65 - 69,NRW,67.99,34.99,30.0,0.0,VF CABLEMAX,1.0
2846,35 - 39,HSN,44.99,34.98,30.0,0.0,RED INTERNET & PHONE CABLE U,1.0
2847,40 - 44,NRW,34.99,39.99,30.0,0.0,VF RIP U-TREUE,0.0
2848,50 - 54,NRW,34.96,39.97,30.0,0.0,VF CABLEMAX,1.0
2849,35 - 39,NRW,39.98,44.98,30.0,0.0,GIGAZUHAUSE KABEL,0.0
2850,40 - 44,NRW,39.98,49.99,30.0,0.0,VF CABLEMAX,1.0
2851,25 - 29,NRW,42.98,39.98,30.0,0.0,RED INTERNET & PHONE CABLE U,0.0
2852,30 - 34,KBW,32.98,39.98,30.0,0.0,RED INTERNET & PHONE CABLE U,1.0
2853,30 - 34,NRW,39.98,44.99,30.0,0.0,RED INTERNET & PHONE CABLE U,0.0
2854,25 - 29,HSN,49.98,34.99,30.0,1.0,VF RIP U-TREUE,0.0
2855,50 - 54,NRW,44.98,34.99,30.0,0.0,RED INTERNET & PHONE CABLE U,0.0
2856,40 - 44,NRW,39.99,34.99,30.0,0.0,GIGAZUHAUSE KABEL,0.0
2857,25 - 29,KBW,34.99,44.98,30.0,0.0,VF CABLEMAX,0.0
2858,55 - 59,NRW,34.99,34.99,30.0,0.0,INTERNET,0.0
2859,50 - 54,NRW,34.98,34.99,30.0,0.0,RED INTERNET & PHONE CABLE U,0.0
2860,35 - 39,NRW,44.99,44.98,30.0,0.0,VF CABLEMAX,1.0
2861,60 - 64,NRW,44.99,49.99,30.0,0.0,RED INTERNET & PHONE CABLE U,0.0
2862,25 - 29,HSN,34.99,39.99,30.0,0.0,RED INTERNET & PHONE CABLE U,0.0
2863,40 - 44,KBW,44.98,44.99,30.0,0.0,RED INTERNET & PHONE CABLE U,0.0
2864,40 - 44,KBW,39.99,34.99,30.0,0.0,VF RIP U-TREUE,0.0
2865,30 - 34,KBW,44.97,29.98,30.0,0.0,RED INTERNET & PHONE CABLE U,1.0
2866,60 - 64,NRW,34.98,32.99,30.0,0.0,RED INTERNET & PHONE CABLE U,1.0
2867,25 - 29,HSN,44.99,24.99,30.0,0.0,VF CABLEMAX,0.0
2868,35 - 39,NRW,42.97,34.98,30.0,0.0,RED INTERNET & PHONE CABLE U,0.0
2869,25 - 29,KBW,44.98,37.99,30.0,0.0,VF RIP U-TREUE,1.0
2870,55 - 59,NRW,44.99,49.99,30.0,0.0,GIGAZUHAUSE KABEL,0.0
2871,60 - 64,KBW,34.99,34.98,30.0,0.0,VF CABLEMAX,1.0
2872,35 - 39,KBW,29.98,34.97,30.0,0.0,VF RIP U-TREUE,0.0
2873,60 - 64,NRW,44.98,49.99,30.0,0.0,RED INTERNET & PHONE CABLE U,0.0
2874,35 - 39,NRW,44.98,49.99,30.0,0.0,VF CABLEMAX,1.0
2875,40 - 44,NRW,42.98,49.98,30.0,0.0,RED INTERNET & PHONE CABLE U,0.0
2876,40 - 44,NRW,44.99,44.99,30.0,0.0,VF RIP U-TREUE,0.0
2877,25 - 29,NRW,32.98,44.99,30.0,0.0,RED INTERNET & PHONE CABLE U,1.0
2878,70 - 74,KBW,39.99,44.98,30.0,0.0,VF RIP U-TREUE,0.0
2879,30 - 34,NRW,49.98,29.99,30.0,0.0,VF RIP U-TREUE,1.0
2880,35 - 39,HSN,39.99,44.97,30.0,0.0,GIGAZUHAUSE KABEL,0.0
2881,60 - 64,KBW,39.98,39.98,30.0,0.0,RED INTERNET & PHONE CABLE U,0.0
2882,35 - 39,NRW,54.98,39.98,30.0,0.0,VF CABLEMAX,1.0
2883,60 - 64,NRW,34.99,34.99,30.0,0.0,RED INTERNET & PHONE CABLE U,1.0
2884,25 - 29,NRW,39.99,34.97,30.0,0.0,VF RIP U-TREUE,1.0
2885,45 - 49,NRW,34.99,29.99,30.0,0.0,GIGAZUHAUSE KABEL,0.0
2886,40 - 44,KBW,54.99,39.99,30.0,0.0,RED INTERNET & PHONE CABLE U,0.0
2887,40 - 44,HSN,34.97,44.99,30.0,0.0,GIGAZUHAUSE KABEL,1.0
2888,35 - 39,NRW,44.97,44.98,30.0,0.0,GIGAZUHAUSE KABEL,1.0
2889,60 - 64,NRW,34.99,39.99,30.0,0.0,VF RIP U-TREUE,0.0
2890,55 - 59,NRW,34.99,49.99,30.0,0.0,VF RIP U-TREUE,0.0
2891,18 - 24,HSN,44.99,39.99,30.0,0.0,GIGAZUHAUSE KABEL,1.0
2892,55 - 59,NRW,39.98,39.99,30.0,0.0,VF RIP U-TREUE,0.0
2893,30 - 34,HSN,39.98,47.98,30.0,0.0,VF RIP U-TREUE,0.0
2894,25 - 29,KBW,49.99,39.98,30.0,0.0,VF CABLEMAX,1.0
2895,35 - 39,NRW,44.99,44.97,30.0,0.0,RED INTERNET & PHONE CABLE U,1.0
2896,35 - 39,HSN,44.98,44.98,30.0,0.0,RED INTERNET & PHONE CABLE U,1.0
2897,60 - 64,NRW,44.99,42.99,30.0,0.0,VF CABLEMAX,0.0
2898,70 - 74,HSN,44.99,24.99,30.0,0.0,RED INTERNET & PHONE CABLE U,0.0
2899,65 - 69,NRW,44.98,44.98,30.0,0.0,RED INTERNET & PHONE CABLE U,0.0
2900,55 - 59,KBW,44.99,29.98,30.0,0.0,RED INTERNET & PHONE CABLE U,1.0
2901,30 - 34,NRW,44.99,39.99,30.0,0.0,RED INTERNET & PHONE CABLE U,0.0
2902,35 - 39,KBW,34.98,34.99,30.0,0.0,RED INTERNET & PHONE CABLE U,1.0
2903,40 - 44,NRW,44.99,44.99,30.0,0.0,VF RIP U-TREUE,1.0
2904,35 - 39,NRW,39.99,49.98,30.0,0.0,RED INTERNET & PHONE CABLE U,1.0
2905,35 - 39,NRW,44.98,44.98,30.0,0.0,RED INTERNET & PHONE CABLE U,1.0
2906,35 - 39,HSN,44.98,39.98,30.0,0.0,RED INTERNET & PHONE CABLE U,1.0
2907,30 - 34,NRW,34.97,39.98,30.0,0.0,VF CABLEMAX,0.0
2908,50 - 54,KBW,39.99,29.99,30.0,0.0,VF CABLEMAX,0.0
2909,40 - 44,HSN,54.99,44.99,30.0,0.0,VF CABLEMAX,0.0
2910,25 - 29,NRW,49.99,39.98,30.0,0.0,RED INTERNET & PHONE CABLE U,1.0
2911,25 - 29,NRW,39.98,44.98,30.0,0.0,GIGAZUHAUSE KABEL,1.0
2912,25 - 29,KBW,44.99,44.98,30.0,0.0,VF CABLEMAX,0.0
2913,55 - 59,NRW,39.99,49.0,30.0,0.0,VF RIP U-TREUE,0.0
2914,55 - 59,NRW,49.97,39.98,30.0,0.0,RED INTERNET & PHONE CABLE U,0.0
2915,18 - 24,NRW,49.98,49.98,30.0,0.0,GIGAZUHAUSE KABEL,0.0
2916,25 - 29,NRW,39.99,34.99,30.0,0.0,VF CABLEMAX,0.0
2917,55 - 59,NRW,34.99,44.99,30.0,0.0,RED INTERNET & PHONE CABLE U,1.0
2918,25 - 29,HSN,44.98,44.99,30.0,0.0,VF CABLEMAX,1.0
2919,40 - 44,KBW,29.99,44.98,30.0,0.0,VF CABLEMAX,1.0
2920,35 - 39,NRW,39.98,49.99,30.0,0.0,RED INTERNET & PHONE CABLE U,0.0
2921,55 - 59,NRW,34.99,29.99,30.0,0.0,RED INTERNET & PHONE CABLE U,1.0
2922,35 - 39,KBW,39.97,44.99,30.0,0.0,RED INTERNET & PHONE CABLE U,1.0
2923,30 - 34,NRW,49.99,34.99,30.0,0.0,RED INTERNET & PHONE CABLE U,1.0
2924,25 - 29,NRW,34.98,44.99,30.0,0.0,VF CABLEMAX,1.0
2925,55 - 59,KBW,44.99,39.98,30.0,0.0,RED INTERNET & PHONE CABLE U,1.0
2926,35 - 39,KBW,44.98,32.99,30.0,0.0,GIGAZUHAUSE TREUE B,1.0
2927,65 - 69,NRW,39.99,39.99,30.0,0.0,VF RIP U-TREUE,0.0
2928,35 - 39,NRW,49.98,34.99,30.0,0.0,RED INTERNET & PHONE CABLE U,1.0
2929,25 - 29,NRW,27.99,49.97,30.0,0.0,RED INTERNET & PHONE CABLE U,1.0
2930,25 - 29,NRW,39.99,44.98,30.0,0.0,VF RIP U-TREUE,1.0
2931,50 - 54,NRW,44.98,44.99,30.0,0.0,RED INTERNET & PHONE CABLE U,1.0
2932,25 - 29,KBW,39.99,34.99,30.0,0.0,RED INTERNET & PHONE CABLE U,1.0
2933,35 - 39,NRW,34.99,44.98,30.0,0.0,RED INTERNET & PHONE CABLE U,1.0
2934,55 - 59,KBW,24.98,39.98,30.0,0.0,RED INTERNET & PHONE CABLE U,1.0
2935,30 - 34,KBW,32.98,39.98,30.0,0.0,VF RIP U-TREUE,0.0
2936,35 - 39,KBW,34.99,49.98,30.0,0.0,RED INTERNET & PHONE CABLE U,0.0
2937,25 - 29,NRW,54.98,34.98,30.0,0.0,VF RIP U-TREUE,0.0
2938,35 - 39,NRW,39.99,39.99,30.0,0.0,VF CABLEMAX,1.0
2939,60 - 64,NRW,44.98,44.98,30.0,0.0,RED INTERNET & PHONE CABLE U,0.0
2940,30 - 34,NRW,39.98,39.99,30.0,0.0,RED INTERNET & PHONE CABLE U,0.0
2941,40 - 44,NRW,39.98,44.97,30.0,0.0,GIGAZUHAUSE KABEL,0.0
2942,25 - 29,NRW,44.99,49.99,30.0,0.0,RED INTERNET & PHONE CABLE U,0.0
2943,30 - 34,KBW,39.98,34.99,30.0,0.0,VF RIP U-TREUE,1.0
2944,35 - 39,KBW,34.98,34.98,30.0,0.0,RED INTERNET & PHONE CABLE U,1.0
2945,40 - 44,NRW,44.99,39.98,30.0,0.0,RED INTERNET & PHONE CABLE U,1.0
2946,40 - 44,NRW,39.98,34.98,30.0,0.0,RED INTERNET & PHONE CABLE U,1.0
2947,80 and over,NRW,47.98,34.98,30.0,0.0,RED INTERNET & PHONE CABLE U,1.0
2948,30 - 34,HSN,39.99,34.99,30.0,0.0,VF CABLEMAX,0.0
2949,30 - 34,NRW,29.97,44.98,30.0,0.0,RED INTERNET & PHONE CABLE U,0.0
2950,55 - 59,KBW,39.99,49.97,30.0,0.0,RED INTERNET & PHONE CABLE U,0.0
2951,50 - 54,HSN,34.98,44.98,30.0,0.0,GIGAZUHAUSE KABEL,0.0
2952,25 - 29,NRW,34.98,44.98,30.0,0.0,VF CABLEMAX,1.0
2953,55 - 59,NRW,44.98,44.99,30.0,0.0,RED INTERNET & PHONE CABLE U,0.0
2954,25 - 29,NRW,56.99,44.98,30.0,0.0,RED INTERNET & PHONE CABLE U,1.0
2955,25 - 29,HSN,44.98,39.98,30.0,0.0,GIGAZUHAUSE KABEL,1.0
2956,55 - 59,NRW,43.98,29.98,30.0,0.0,RED INTERNET & PHONE CABLE U,0.0
2957,60 - 64,KBW,47.99,37.97,30.0,0.0,RED INTERNET & PHONE CABLE U,0.0
2958,70 - 74,NRW,34.99,39.97,6.0,0.0,RED INTERNET & PHONE CABLE U,1.0
2959,60 - 64,NRW,44.98,44.98,30.0,0.0,RED INTERNET & PHONE CABLE U,0.0
2960,70 - 74,KBW,39.99,39.98,30.0,0.0,RED INTERNET & PHONE CABLE U,1.0
2961,25 - 29,NRW,44.97,49.98,5.0,0.0,RED INTERNET & PHONE CABLE U,1.0
2962,30 - 34,NRW,34.99,24.99,30.0,0.0,GIGAZUHAUSE KABEL,1.0
2963,35 - 39,NRW,39.99,34.98,30.0,0.0,VF CABLEMAX,0.0
2964,30 - 34,NRW,44.98,44.98,30.0,0.0,GIGAZUHAUSE KABEL,0.0
2965,40 - 44,NRW,34.99,39.98,30.0,0.0,VF RIP U-TREUE,1.0
2966,30 - 34,KBW,29.99,29.99,30.0,0.0,RED INTERNET & PHONE CABLE U,1.0
2967,55 - 59,NRW,34.98,44.99,30.0,0.0,GIGAZUHAUSE KABEL,1.0
2968,25 - 29,NRW,50.98,34.99,30.0,0.0,RED INTERNET & PHONE CABLE U,1.0
2969,70 - 74,NRW,29.98,49.99,30.0,0.0,RED INTERNET & PHONE CABLE U,0.0
2970,55 - 59,NRW,44.97,39.97,30.0,0.0,RED INTERNET & PHONE CABLE U,1.0
2971,60 - 64,NRW,29.98,34.98,30.0,0.0,GIGAZUHAUSE KABEL,0.0
2972,35 - 39,KBW,39.99,44.99,30.0,0.0,RED INTERNET & PHONE CABLE U,1.0
2973,30 - 34,NRW,34.99,47.99,30.0,0.0,VF CABLEMAX,0.0
2974,70 - 74,NRW,50.99,29.99,30.0,0.0,VF RIP U-TREUE,1.0
2975,35 - 39,HSN,44.99,44.98,30.0,0.0,GIGAZUHAUSE KABEL,0.0
2976,40 - 44,NRW,44.97,49.99,30.0,0.0,RED INTERNET & PHONE CABLE U,1.0
2977,55 - 59,KBW,49.99,39.99,30.0,0.0,VF RIP U-TREUE,1.0
2978,60 - 64,NRW,44.99,34.99,30.0,0.0,GIGAZUHAUSE KABEL,0.0
2979,35 - 39,NRW,44.96,39.98,30.0,0.0,GIGAZUHAUSE KABEL,1.0
2980,65 - 69,NRW,39.98,39.99,30.0,0.0,RED INTERNET & PHONE CABLE U,1.0
2981,35 - 39,KBW,44.99,34.98,30.0,0.0,VF CABLEMAX,1.0
2982,35 - 39,NRW,37.98,43.98,30.0,0.0,VF RIP U-TREUE,1.0
2983,40 - 44,HSN,39.98,19.97,30.0,0.0,GIGAZUHAUSE KABEL,1.0
2984,35 - 39,KBW,34.99,42.99,30.0,0.0,VF RIP U-TREUE,1.0
2985,50 - 54,HSN,39.98,44.98,30.0,0.0,VF RIP U-TREUE,1.0
2986,55 - 59,NRW,34.99,47.97,30.0,0.0,VF RIP U-TREUE,1.0
2987,65 - 69,NRW,34.98,44.99,30.0,0.0,RED INTERNET & PHONE CABLE U,0.0
2988,30 - 34,HSN,44.98,44.99,30.0,0.0,VF CABLEMAX,1.0
2989,25 - 29,KBW,39.97,39.98,30.0,0.0,MMA,0.0
2990,65 - 69,NRW,49.99,39.99,30.0,0.0,RED INTERNET & PHONE CABLE U,1.0
2991,30 - 34,KBW,29.98,49.99,30.0,0.0,RED INTERNET & PHONE CABLE U,1.0
2992,40 - 44,NRW,39.98,34.99,30.0,0.0,VF CABLEMAX,0.0
2993,40 - 44,KBW,49.97,42.99,30.0,0.0,VF RIP U-TREUE,1.0
2994,35 - 39,HSN,29.98,29.99,30.0,0.0,RED INTERNET & PHONE CABLE U,0.0
2995,35 - 39,NRW,44.98,34.99,30.0,0.0,VF CABLEMAX,1.0
2996,30 - 34,NRW,39.99,34.98,30.0,0.0,RED INTERNET & PHONE CABLE U,0.0
2997,60 - 64,NRW,34.97,44.99,30.0,0.0,GIGAZUHAUSE KABEL,0.0
2998,65 - 69,KBW,34.98,44.96,30.0,0.0,RED INTERNET & PHONE CABLE U,1.0
2999,40 - 44,KBW,39.99,34.98,30.0,0.0,VF CABLEMAX,0.0
3000,60 - 64,NRW,44.99,39.98,30.0,0.0,VF RIP U-TREUE,0.0
3001,55 - 59,NRW,44.98,37.97,30.0,0.0,RED INTERNET & PHONE CABLE U,1.0
3002,35 - 39,NRW,42.97,44.99,30.0,0.0,RED INTERNET & PHONE CABLE U,1.0
3003,25 - 29,NRW,49.98,29.99,30.0,0.0,GIGAZUHAUSE KABEL,1.0
3004,40 - 44,KBW,49.98,49.98,30.0,0.0,VF CABLEMAX,0.0
3005,60 - 64,NRW,34.99,44.98,30.0,0.0,VF CABLEMAX,1.0
3006,30 - 34,NRW,44.99,29.99,30.0,0.0,VF RIP U-TREUE,0.0
3007,35 - 39,NRW,44.97,49.98,30.0,0.0,VF CABLEMAX,1.0
3008,30 - 34,KBW,39.99,44.99,30.0,1.0,RED INTERNET & PHONE CABLE U,0.0
3009,55 - 59,NRW,39.98,44.98,30.0,0.0,RED INTERNET & PHONE CABLE U,1.0
3010,70 - 74,KBW,44.99,44.98,30.0,0.0,VF RIP U-TREUE,1.0
3011,35 - 39,NRW,34.98,34.97,30.0,0.0,GIGAZUHAUSE KABEL,1.0
3012,45 - 49,HSN,44.97,47.98,30.0,0.0,VF RIP U-TREUE,1.0
3013,55 - 59,KBW,44.98,54.98,30.0,0.0,GIGAZUHAUSE KABEL,1.0
3014,65 - 69,NRW,34.99,47.99,30.0,0.0,RED INTERNET & PHONE CABLE U,1.0
3015,45 - 49,NRW,34.99,49.98,30.0,0.0,GIGAZUHAUSE KABEL,0.0
3016,25 - 29,NRW,39.98,44.98,30.0,0.0,VF RIP U-TREUE,0.0
3017,35 - 39,NRW,34.98,44.98,30.0,0.0,RED INTERNET & PHONE CABLE U,0.0
3018,35 - 39,KBW,24.99,39.99,30.0,0.0,RED INTERNET & PHONE CABLE U,0.0
3019,55 - 59,KBW,29.99,44.98,30.0,0.0,RED INTERNET & PHONE CABLE U,0.0
3020,40 - 44,NRW,44.98,44.96,30.0,0.0,VF RIP U-TREUE,1.0
3021,35 - 39,NRW,49.99,34.99,30.0,0.0,RED INTERNET & PHONE CABLE U,1.0
3022,35 - 39,KBW,39.98,44.99,30.0,0.0,RED INTERNET & PHONE CABLE U,0.0
3023,35 - 39,NRW,29.99,44.99,30.0,0.0,RED INTERNET & PHONE CABLE U,0.0
3024,45 - 49,KBW,44.98,49.99,30.0,0.0,GIGAZUHAUSE KABEL,0.0
3025,35 - 39,NRW,34.99,54.98,30.0,0.0,VF CABLEMAX,1.0
3026,25 - 29,NRW,49.98,39.98,30.0,0.0,RED INTERNET & PHONE CABLE U,1.0
3027,not available,NRW,44.99,39.99,30.0,0.0,VF RIP U-TREUE,1.0
3028,65 - 69,NRW,49.99,54.98,30.0,0.0,VF RIP U-TREUE,0.0
3029,45 - 49,KBW,34.98,44.98,30.0,0.0,RED INTERNET & PHONE CABLE U,0.0
3030,30 - 34,NRW,44.97,39.99,30.0,0.0,VF CABLEMAX,0.0
3031,40 - 44,NRW,44.99,34.98,30.0,0.0,VF RIP U-TREUE,1.0
3032,30 - 34,HSN,44.99,44.98,30.0,0.0,VF RIP U-TREUE,0.0
3033,30 - 34,KBW,44.98,34.98,30.0,0.0,RED INTERNET & PHONE CABLE U,1.0
3034,55 - 59,NRW,44.98,42.99,30.0,0.0,RED INTERNET & PHONE CABLE U,1.0
3035,40 - 44,NRW,44.99,39.99,30.0,0.0,VF RIP U-TREUE,1.0
3036,60 - 64,NRW,39.99,44.98,30.0,0.0,VF RIP U-TREUE,0.0
3037,70 - 74,HSN,44.99,39.99,30.0,0.0,RED INTERNET & PHONE CABLE U,0.0
3038,18 - 24,NRW,39.98,44.99,30.0,0.0,GIGAZUHAUSE KABEL,1.0
3039,40 - 44,NRW,44.98,34.99,30.0,0.0,RED INTERNET & PHONE CABLE U,0.0
3040,25 - 29,KBW,44.98,43.98,30.0,0.0,VF CABLEMAX,0.0
3041,50 - 54,NRW,24.98,39.99,30.0,0.0,RED INTERNET & PHONE CABLE U,1.0
3042,35 - 39,NRW,43.99,42.98,30.0,0.0,RED INTERNET & PHONE CABLE U,0.0
3043,40 - 44,NRW,39.98,44.97,30.0,0.0,RED INTERNET & PHONE CABLE U,0.0
3044,25 - 29,NRW,34.98,39.96,30.0,1.0,VF CABLEMAX,1.0
3045,65 - 69,KBW,54.99,29.99,30.0,0.0,RED INTERNET & PHONE CABLE U,0.0
3046,70 - 74,NRW,44.99,34.98,30.0,0.0,RED INTERNET & PHONE CABLE U,0.0
3047,40 - 44,KBW,44.99,34.99,30.0,0.0,VF RIP U-TREUE,0.0
3048,35 - 39,KBW,34.99,44.99,30.0,0.0,VF RIP U-TREUE,0.0
3049,35 - 39,NRW,54.99,44.98,30.0,0.0,GIGAZUHAUSE KABEL,1.0
3050,45 - 49,KBW,39.99,44.99,30.0,0.0,VF RIP U-TREUE,0.0
3051,25 - 29,NRW,29.98,44.98,30.0,0.0,GIGAZUHAUSE KABEL,0.0
3052,25 - 29,NRW,44.98,34.98,30.0,0.0,RED INTERNET & PHONE CABLE U,0.0
3053,25 - 29,KBW,44.99,49.99,30.0,0.0,RED INTERNET & PHONE CABLE U,1.0
3054,25 - 29,KBW,29.99,29.99,1.0,0.0,RED INTERNET & PHONE CABLE U,1.0
3055,80 and over,HSN,39.99,39.99,7.0,0.0,RED INTERNET & PHONE CABLE U,0.0
3056,70 - 74,NRW,34.99,49.99,30.0,0.0,RED INTERNET & PHONE CABLE U,1.0
3057,18 - 24,NRW,49.98,44.97,30.0,0.0,VF CABLEMAX,0.0
3058,40 - 44,NRW,49.99,49.99,30.0,0.0,RED INTERNET & PHONE CABLE U,0.0
3059,50 - 54,NRW,44.98,39.99,30.0,0.0,RED INTERNET & PHONE CABLE U,0.0
3060,55 - 59,KBW,49.98,49.99,30.0,0.0,VF RIP U-TREUE,1.0
3061,30 - 34,KBW,44.99,34.99,30.0,0.0,RED INTERNET & PHONE CABLE U,0.0
3062,35 - 39,NRW,29.99,44.98,30.0,0.0,VF RIP U-TREUE,0.0
3063,55 - 59,KBW,44.99,49.98,30.0,0.0,RED INTERNET & PHONE CABLE U,0.0
3064,55 - 59,KBW,39.98,49.97,30.0,0.0,VF CABLEMAX,1.0
3065,35 - 39,KBW,29.99,42.99,30.0,0.0,GIGAZUHAUSE KABEL,0.0
3066,60 - 64,NRW,29.98,39.99,30.0,0.0,RED INTERNET & PHONE CABLE U,0.0
3067,40 - 44,NRW,44.98,34.97,30.0,0.0,VF RIP U-TREUE,0.0
3068,60 - 64,KBW,39.98,49.99,30.0,0.0,VF RIP U-TREUE,1.0
3069,30 - 34,KBW,39.99,44.96,30.0,0.0,RED INTERNET & PHONE CABLE U,0.0
3070,30 - 34,HSN,39.98,44.99,30.0,0.0,VF CABLEMAX,1.0
3071,65 - 69,KBW,44.99,47.98,30.0,0.0,VF RIP U-TREUE,0.0
3072,60 - 64,NRW,39.98,39.97,30.0,0.0,VF CABLEMAX,0.0
3073,50 - 54,NRW,34.97,44.97,30.0,0.0,RED INTERNET & PHONE CABLE U,0.0
3074,55 - 59,KBW,42.97,34.98,30.0,0.0,VF RIP U-TREUE,0.0
3075,40 - 44,NRW,34.99,49.98,30.0,0.0,RED INTERNET & PHONE CABLE U,0.0
3076,25 - 29,NRW,39.98,39.99,30.0,0.0,RED INTERNET & PHONE CABLE U,1.0
3077,35 - 39,KBW,39.99,39.99,30.0,0.0,RED INTERNET & PHONE CABLE U,1.0
3078,70 - 74,NRW,39.98,27.99,30.0,0.0,RED INTERNET & PHONE CABLE U,0.0
3079,35 - 39,NRW,52.97,34.97,30.0,0.0,VF RIP U-TREUE,0.0
3080,30 - 34,KBW,44.98,44.98,30.0,0.0,VF RIP U-TREUE,0.0
3081,70 - 74,NRW,39.99,44.98,30.0,0.0,VF RIP U-TREUE,1.0
3082,50 - 54,NRW,44.96,44.97,30.0,0.0,RED INTERNET & PHONE CABLE U,0.0
3083,30 - 34,KBW,39.99,39.98,30.0,0.0,VF RIP U-TREUE,0.0
3084,30 - 34,KBW,52.99,32.99,30.0,0.0,VF RIP U-TREUE,1.0
3085,30 - 34,NRW,32.99,44.99,30.0,0.0,RED INTERNET & PHONE CABLE U,0.0
3086,60 - 64,KBW,39.98,39.99,30.0,0.0,GIGAZUHAUSE KABEL,1.0
3087,45 - 49,HSN,38.99,49.98,30.0,0.0,RED INTERNET & PHONE CABLE U,0.0
3088,30 - 34,NRW,29.99,44.98,30.0,0.0,RED INTERNET & PHONE CABLE U,1.0
3089,35 - 39,NRW,44.99,39.98,30.0,0.0,RED INTERNET & PHONE CABLE U,0.0
3090,55 - 59,HSN,39.99,49.99,30.0,0.0,RED INTERNET & PHONE CABLE U,1.0
3091,50 - 54,HSN,44.98,44.98,30.0,0.0,RED INTERNET & PHONE CABLE U,1.0
3092,35 - 39,HSN,49.99,39.98,30.0,0.0,RED INTERNET & PHONE CABLE U,0.0
3093,45 - 49,HSN,44.98,44.98,30.0,0.0,VF CABLEMAX,0.0
3094,35 - 39,NRW,44.98,44.99,30.0,0.0,GIGAZUHAUSE KABEL,1.0
3095,40 - 44,KBW,49.98,44.99,30.0,0.0,VF CABLEMAX,0.0
3096,70 - 74,NRW,34.98,39.98,30.0,0.0,RED INTERNET & PHONE CABLE U,0.0
3097,55 - 59,NRW,34.99,39.99,30.0,0.0,VF RIP U-TREUE,1.0
3098,60 - 64,KBW,74.99,39.98,30.0,0.0,RED INTERNET & PHONE CABLE U,1.0
3099,35 - 39,HSN,44.98,54.97,30.0,0.0,VF RIP U-TREUE,1.0
3100,55 - 59,HSN,39.99,44.98,30.0,0.0,RED INTERNET & PHONE CABLE U,1.0
3101,65 - 69,NRW,34.99,49.98,30.0,0.0,RED INTERNET & PHONE CABLE U,1.0
3102,35 - 39,NRW,24.97,44.99,30.0,0.0,RED INTERNET & PHONE CABLE U,1.0
3103,60 - 64,NRW,49.98,39.98,30.0,0.0,VF CABLEMAX,0.0
3104,25 - 29,NRW,29.98,29.98,49.0,0.0,VF RIP U-TREUE,1.0
3105,55 - 59,NRW,44.99,44.98,30.0,0.0,RED INTERNET & PHONE CABLE U,0.0
3106,25 - 29,KBW,39.98,44.98,30.0,0.0,RED INTERNET & PHONE CABLE U,1.0
3107,65 - 69,NRW,44.98,44.98,30.0,0.0,RED INTERNET & PHONE CABLE U,1.0
3108,55 - 59,NRW,39.99,44.99,30.0,0.0,VF CABLEMAX,1.0
3109,55 - 59,NRW,39.99,44.98,30.0,0.0,RED INTERNET & PHONE CABLE U,0.0
3110,65 - 69,NRW,44.99,39.99,30.0,0.0,GIGAZUHAUSE KABEL,0.0
3111,40 - 44,KBW,39.99,34.97,30.0,0.0,RED INTERNET & PHONE CABLE U,1.0
3112,25 - 29,KBW,63.99,44.99,30.0,0.0,VF CABLEMAX,0.0
3113,25 - 29,NRW,44.98,34.98,30.0,0.0,RED INTERNET & PHONE CABLE U,1.0
3114,35 - 39,NRW,39.98,39.99,30.0,0.0,RED INTERNET & PHONE CABLE U,0.0
3115,35 - 39,NRW,39.99,44.98,30.0,0.0,RED INTERNET & PHONE CABLE U,1.0
3116,25 - 29,NRW,34.99,39.95,30.0,0.0,RED INTERNET & PHONE CABLE U,1.0
3117,55 - 59,NRW,39.99,34.99,30.0,0.0,RED INTERNET & PHONE CABLE U,1.0
3118,40 - 44,NRW,49.99,39.99,30.0,0.0,VF RIP U-TREUE,0.0
3119,65 - 69,NRW,55.98,34.98,30.0,0.0,VF RIP U-TREUE,1.0
3120,40 - 44,NRW,39.99,39.98,30.0,0.0,VF RIP U-TREUE,1.0
3121,70 - 74,NRW,44.99,44.98,30.0,0.0,RED INTERNET & PHONE CABLE U,1.0
3122,35 - 39,NRW,34.98,39.99,30.0,0.0,GIGAZUHAUSE KABEL,0.0
3123,35 - 39,KBW,39.99,49.99,30.0,0.0,GIGAZUHAUSE KABEL,0.0
3124,60 - 64,NRW,29.98,39.98,30.0,0.0,VF RIP U-TREUE,1.0
3125,55 - 59,NRW,39.98,32.98,30.0,0.0,VF CABLEMAX,1.0
3126,80 and over,HSN,39.97,39.99,30.0,0.0,VF RIP U-TREUE,0.0
3127,30 - 34,KBW,34.99,39.99,30.0,0.0,RED INTERNET & PHONE CABLE U,1.0
3128,25 - 29,HSN,39.99,32.99,30.0,0.0,VF CABLEMAX,0.0
3129,30 - 34,HSN,34.99,34.97,30.0,0.0,RED INTERNET & PHONE CABLE U,0.0
3130,55 - 59,NRW,29.99,44.98,30.0,0.0,RED INTERNET & PHONE CABLE U,1.0
3131,55 - 59,NRW,44.98,34.97,30.0,0.0,RED INTERNET & PHONE CABLE U,0.0
3132,70 - 74,KBW,44.99,49.98,30.0,0.0,RED INTERNET & PHONE CABLE U,1.0
3133,35 - 39,NRW,39.98,34.99,30.0,0.0,RED INTERNET & PHONE CABLE U,1.0
3134,25 - 29,KBW,44.99,44.98,30.0,0.0,RED INTERNET & PHONE CABLE U,0.0
3135,45 - 49,KBW,39.98,57.99,30.0,0.0,VF CABLEMAX,0.0
3136,40 - 44,NRW,29.99,49.98,30.0,0.0,VF CABLEMAX,0.0
3137,35 - 39,NRW,39.99,49.99,30.0,0.0,VF CABLEMAX,1.0
3138,65 - 69,NRW,39.99,32.99,30.0,0.0,GIGAZUHAUSE KABEL,0.0
3139,45 - 49,NRW,44.99,39.99,30.0,0.0,RED INTERNET & PHONE CABLE U,1.0
3140,25 - 29,NRW,34.99,44.99,30.0,0.0,VF RIP U-TREUE,1.0
3141,25 - 29,NRW,39.99,34.98,30.0,0.0,RED INTERNET & PHONE CABLE U,0.0
3142,35 - 39,NRW,34.99,39.99,30.0,0.0,RED INTERNET & PHONE CABLE U,0.0
3143,40 - 44,NRW,39.99,39.99,30.0,0.0,VF RIP U-TREUE,0.0
3144,40 - 44,NRW,39.99,44.99,30.0,0.0,RED INTERNET & PHONE CABLE U,1.0
3145,30 - 34,NRW,34.99,37.97,30.0,0.0,VF CABLEMAX,1.0
3146,55 - 59,NRW,34.98,32.99,30.0,0.0,GIGAZUHAUSE KABEL,1.0
3147,40 - 44,NRW,44.98,39.98,30.0,0.0,RED INTERNET & PHONE CABLE U,0.0
3148,60 - 64,NRW,42.98,39.99,30.0,0.0,RED INTERNET & PHONE CABLE U,1.0
3149,30 - 34,KBW,32.99,44.98,30.0,0.0,RED INTERNET & PHONE CABLE U,0.0
3150,40 - 44,KBW,39.98,44.98,30.0,0.0,RED INTERNET & PHONE CABLE U,1.0
3151,35 - 39,KBW,34.98,39.98,30.0,0.0,GIGAZUHAUSE TREUE B,1.0
3152,50 - 54,KBW,39.97,37.98,30.0,0.0,RED INTERNET & PHONE CABLE U,1.0
3153,25 - 29,KBW,39.99,34.98,30.0,0.0,RED INTERNET & PHONE CABLE U,1.0
3154,35 - 39,KBW,44.99,32.99,30.0,0.0,VF RIP U-TREUE,0.0
3155,65 - 69,HSN,39.99,44.99,30.0,0.0,VF RIP U-TREUE,1.0
3156,60 - 64,NRW,44.98,29.99,30.0,0.0,VF RIP U-TREUE,0.0
3157,35 - 39,KBW,34.99,39.99,30.0,0.0,RED INTERNET & PHONE CABLE U,1.0
3158,60 - 64,HSN,32.99,34.99,67.0,0.0,GIGAZUHAUSE KABEL,1.0
3159,40 - 44,NRW,44.99,39.99,30.0,0.0,RED INTERNET & PHONE CABLE U,0.0
3160,30 - 34,NRW,44.99,44.99,30.0,0.0,RED INTERNET & PHONE CABLE U,1.0
3161,25 - 29,KBW,44.98,34.98,30.0,0.0,VF RIP U-TREUE,1.0
3162,55 - 59,KBW,44.99,39.99,30.0,0.0,VF CABLEMAX,0.0
3163,30 - 34,NRW,42.99,44.99,30.0,0.0,RED INTERNET & PHONE CABLE U,1.0
3164,55 - 59,NRW,44.96,29.98,30.0,0.0,VF CABLEMAX,1.0
3165,55 - 59,HSN,34.98,34.97,30.0,0.0,RED INTERNET & PHONE CABLE U,0.0
3166,55 - 59,NRW,39.99,39.97,30.0,0.0,RED INTERNET & PHONE CABLE U,0.0
3167,65 - 69,KBW,34.98,49.99,30.0,0.0,GIGAZUHAUSE KABEL,0.0
3168,35 - 39,KBW,39.98,44.99,30.0,0.0,RED INTERNET & PHONE CABLE U,0.0
3169,45 - 49,NRW,34.98,34.99,30.0,0.0,RED INTERNET & PHONE CABLE U,1.0
3170,50 - 54,KBW,34.99,39.98,30.0,0.0,RED INTERNET & PHONE CABLE U,0.0
3171,40 - 44,HSN,34.97,44.99,30.0,0.0,RED INTERNET & PHONE CABLE U,1.0
3172,55 - 59,NRW,49.98,39.98,30.0,0.0,VF CABLEMAX,1.0
3173,30 - 34,NRW,44.98,39.99,30.0,0.0,VF RIP U-TREUE,0.0
3174,40 - 44,NRW,34.99,39.99,30.0,0.0,RED INTERNET & PHONE CABLE U,1.0
3175,35 - 39,KBW,47.98,39.98,30.0,0.0,RED INTERNET & PHONE CABLE U,0.0
3176,35 - 39,HSN,32.98,44.99,30.0,0.0,VF CABLEMAX,0.0
3177,35 - 39,NRW,32.99,49.99,30.0,0.0,VF CABLEMAX,0.0
3178,45 - 49,KBW,44.99,49.99,30.0,0.0,VF RIP U-TREUE,0.0
3179,35 - 39,KBW,39.97,37.98,30.0,0.0,RED INTERNET & PHONE CABLE U,0.0
3180,55 - 59,NRW,34.99,32.99,30.0,0.0,VF RIP U-TREUE,1.0
3181,80 and over,NRW,39.99,39.99,30.0,0.0,RED INTERNET & PHONE CABLE U,1.0
3182,25 - 29,KBW,54.99,29.98,30.0,0.0,RED INTERNET & PHONE CABLE U,1.0
3183,45 - 49,NRW,44.97,39.99,30.0,0.0,VF RIP U-TREUE,0.0
3184,40 - 44,KBW,39.99,39.99,38.0,0.0,GIGAZUHAUSE KABEL,0.0
3185,30 - 34,NRW,49.98,54.98,30.0,0.0,GIGAZUHAUSE KABEL,1.0
3186,35 - 39,NRW,34.99,44.98,30.0,0.0,GIGAZUHAUSE KABEL,1.0
3187,60 - 64,KBW,49.96,37.98,30.0,0.0,VF RIP U-TREUE,0.0
3188,25 - 29,NRW,29.98,44.98,30.0,0.0,VF RIP U-TREUE,0.0
3189,70 - 74,KBW,39.99,44.97,30.0,0.0,RED INTERNET & PHONE CABLE U,0.0
3190,55 - 59,NRW,39.99,34.98,30.0,0.0,VF CABLEMAX,0.0
3191,35 - 39,HSN,49.98,44.99,30.0,0.0,RED INTERNET & PHONE CABLE U,0.0
3192,30 - 34,HSN,29.98,44.99,30.0,0.0,RED INTERNET & PHONE CABLE U,0.0
3193,35 - 39,NRW,39.98,39.98,30.0,0.0,GIGAZUHAUSE KABEL,1.0
3194,25 - 29,KBW,49.98,39.98,30.0,0.0,VF RIP U-TREUE,0.0
3195,30 - 34,NRW,44.98,44.98,30.0,0.0,RED INTERNET & PHONE CABLE U,0.0
3196,40 - 44,NRW,39.97,44.99,30.0,0.0,RED INTERNET & PHONE CABLE U,0.0
3197,80 and over,KBW,44.98,34.99,30.0,0.0,GIGAZUHAUSE KABEL,1.0
3198,35 - 39,NRW,29.99,29.99,30.0,0.0,RED INTERNET & PHONE CABLE U,0.0
3199,35 - 39,NRW,49.99,24.99,30.0,0.0,RED INTERNET & PHONE CABLE U,1.0
3200,50 - 54,KBW,34.99,44.99,30.0,0.0,VF RIP U-TREUE,1.0
3201,35 - 39,NRW,48.97,44.99,30.0,0.0,RED INTERNET & PHONE CABLE U,1.0
3202,55 - 59,KBW,39.99,54.99,30.0,0.0,VF CABLEMAX,1.0
3203,35 - 39,KBW,44.99,44.99,30.0,0.0,RED INTERNET & PHONE CABLE U,1.0
3204,30 - 34,NRW,49.99,44.98,30.0,0.0,RED INTERNET & PHONE CABLE U,1.0
3205,55 - 59,KBW,44.99,49.99,30.0,0.0,GIGAZUHAUSE KABEL,0.0
3206,65 - 69,NRW,44.98,44.98,30.0,0.0,VF RIP U-TREUE,0.0
3207,35 - 39,NRW,44.99,40.98,30.0,0.0,RED INTERNET & PHONE CABLE U,1.0
3208,30 - 34,NRW,32.98,44.98,30.0,0.0,RED INTERNET & PHONE CABLE U,1.0
3209,25 - 29,NRW,44.98,34.99,30.0,0.0,RED INTERNET & PHONE CABLE U,1.0
3210,25 - 29,NRW,34.99,44.99,30.0,0.0,VF RIP U-TREUE,0.0
3211,35 - 39,KBW,39.98,29.98,30.0,0.0,VF CABLEMAX,1.0
3212,65 - 69,NRW,34.99,29.99,30.0,0.0,VF CABLEMAX,1.0
3213,35 - 39,KBW,34.99,39.99,30.0,0.0,RED INTERNET & PHONE CABLE U,0.0
3214,30 - 34,NRW,42.97,49.98,30.0,0.0,GIGAZUHAUSE KABEL,1.0
3215,35 - 39,NRW,34.98,39.98,30.0,0.0,RED INTERNET & PHONE CABLE U,1.0
3216,60 - 64,HSN,39.98,39.98,30.0,0.0,RED INTERNET & PHONE CABLE U,0.0
3217,55 - 59,NRW,32.99,39.99,30.0,0.0,RED INTERNET & PHONE CABLE U,0.0
3218,65 - 69,NRW,24.99,44.98,30.0,0.0,RED INTERNET & PHONE CABLE U,0.0
3219,25 - 29,NRW,44.99,39.99,30.0,0.0,VF CABLEMAX,0.0
3220,70 - 74,NRW,39.98,39.99,30.0,0.0,VF CABLEMAX,0.0
3221,30 - 34,KBW,44.97,49.99,30.0,0.0,RED INTERNET & PHONE CABLE U,0.0
3222,35 - 39,NRW,44.98,49.99,30.0,0.0,VF RIP U-TREUE,1.0
3223,65 - 69,NRW,34.99,34.99,30.0,0.0,RED INTERNET & PHONE CABLE U,1.0
3224,65 - 69,KBW,44.98,48.98,30.0,0.0,VF RIP U-TREUE,1.0
3225,25 - 29,KBW,34.99,44.99,30.0,0.0,VF CABLEMAX,1.0
3226,25 - 29,NRW,49.99,49.99,30.0,0.0,VF RIP U-TREUE,1.0
3227,70 - 74,NRW,49.98,34.99,30.0,0.0,VF CABLEMAX,0.0
3228,40 - 44,KBW,39.98,49.97,30.0,0.0,GIGAZUHAUSE KABEL,0.0
3229,30 - 34,KBW,39.97,32.98,30.0,0.0,RED INTERNET & PHONE CABLE U,1.0
3230,35 - 39,NRW,34.99,44.99,30.0,0.0,RED INTERNET & PHONE CABLE U,0.0
3231,40 - 44,NRW,39.99,44.99,30.0,0.0,RED INTERNET & PHONE CABLE U,0.0
3232,60 - 64,NRW,44.98,44.98,30.0,0.0,VF CABLEMAX,0.0
3233,25 - 29,NRW,34.99,34.99,30.0,0.0,RED INTERNET & PHONE CABLE U,1.0
3234,30 - 34,NRW,34.98,53.99,30.0,0.0,RED INTERNET & PHONE CABLE U,1.0
3235,80 and over,NRW,39.98,39.99,30.0,0.0,RED INTERNET & PHONE CABLE U,0.0
3236,60 - 64,KBW,39.98,44.98,30.0,0.0,VF RIP U-TREUE,0.0
3237,30 - 34,NRW,44.99,49.98,30.0,0.0,RED INTERNET & PHONE CABLE U,1.0
3238,80 and over,NRW,39.99,39.99,30.0,0.0,GIGAZUHAUSE KABEL,1.0
3239,30 - 34,HSN,44.99,34.99,30.0,0.0,RED INTERNET & PHONE CABLE U,0.0
3240,25 - 29,KBW,39.99,44.98,30.0,0.0,VF CABLEMAX,0.0
3241,30 - 34,NRW,44.99,44.98,30.0,0.0,VF CABLEMAX,1.0
3242,30 - 34,NRW,49.99,44.99,30.0,0.0,VF RIP U-TREUE,1.0
3243,55 - 59,NRW,44.98,39.99,30.0,0.0,RED INTERNET & PHONE CABLE U,0.0
3244,35 - 39,NRW,44.98,49.99,30.0,0.0,VF RIP U-TREUE,0.0
3245,25 - 29,NRW,44.98,44.98,30.0,0.0,RED INTERNET & PHONE CABLE U,0.0
3246,55 - 59,NRW,39.99,44.99,30.0,0.0,RED INTERNET & PHONE CABLE U,1.0
3247,40 - 44,NRW,44.98,39.98,30.0,0.0,RED INTERNET & PHONE CABLE U,1.0
3248,25 - 29,NRW,44.99,34.99,30.0,0.0,VF RIP U-TREUE,1.0
3249,60 - 64,NRW,34.98,44.98,30.0,0.0,RED INTERNET & PHONE CABLE U,0.0
3250,55 - 59,NRW,34.99,44.99,30.0,0.0,RED INTERNET & PHONE CABLE U,1.0
3251,30 - 34,KBW,39.98,44.99,30.0,0.0,RED INTERNET & PHONE CABLE U,1.0
3252,30 - 34,KBW,32.99,32.98,30.0,0.0,VF RIP U-TREUE,1.0
3253,50 - 54,NRW,34.99,39.98,30.0,0.0,RED INTERNET & PHONE CABLE U,0.0
3254,65 - 69,NRW,39.98,34.99,30.0,0.0,VF RIP U-TREUE,0.0
3255,35 - 39,NRW,34.98,39.99,30.0,0.0,RED INTERNET & PHONE CABLE U,0.0
3256,30 - 34,KBW,44.98,39.99,30.0,0.0,RED INTERNET & PHONE CABLE U,0.0
3257,60 - 64,NRW,39.98,44.97,30.0,0.0,RED INTERNET & PHONE CABLE U,1.0
3258,35 - 39,NRW,39.99,39.97,30.0,0.0,RED INTERNET & PHONE CABLE U,0.0
3259,30 - 34,NRW,44.98,29.99,30.0,0.0,VF CABLEMAX,0.0
3260,35 - 39,NRW,29.98,34.98,30.0,0.0,RED INTERNET & PHONE CABLE U,0.0
3261,35 - 39,KBW,39.99,29.99,30.0,0.0,GIGAZUHAUSE KABEL,0.0
3262,30 - 34,KBW,39.98,49.99,30.0,0.0,VF RIP U-TREUE,0.0
3263,55 - 59,NRW,39.97,49.99,30.0,0.0,VF CABLEMAX,0.0
3264,55 - 59,KBW,19.98,39.99,30.0,0.0,RED INTERNET & PHONE CABLE U,0.0
3265,30 - 34,HSN,39.98,39.97,30.0,0.0,VF CABLEMAX,1.0
3266,40 - 44,NRW,39.98,39.96,30.0,0.0,GIGAZUHAUSE KABEL,1.0
3267,40 - 44,NRW,39.98,44.98,30.0,0.0,RED INTERNET & PHONE CABLE U,0.0
3268,35 - 39,KBW,44.99,29.98,30.0,0.0,RED INTERNET & PHONE CABLE U,0.0
3269,35 - 39,NRW,39.99,29.99,30.0,0.0,RED INTERNET & PHONE CABLE U,1.0
3270,35 - 39,KBW,44.99,54.99,30.0,0.0,GIGAZUHAUSE KABEL,0.0
3271,35 - 39,HSN,34.97,34.99,5.0,0.0,RED INTERNET & PHONE CABLE U,0.0
3272,55 - 59,NRW,74.99,39.99,30.0,0.0,RED INTERNET & PHONE CABLE U,1.0
3273,30 - 34,NRW,44.99,54.99,30.0,0.0,RED INTERNET & PHONE CABLE U,1.0
3274,25 - 29,NRW,44.99,34.99,30.0,0.0,RED INTERNET & PHONE CABLE U,0.0
3275,40 - 44,KBW,39.99,54.99,30.0,0.0,VF CABLEMAX,1.0
3276,25 - 29,KBW,44.99,39.99,30.0,0.0,RED INTERNET & PHONE CABLE U,1.0
3277,40 - 44,KBW,44.99,44.98,30.0,0.0,RED INTERNET & PHONE CABLE U,1.0
3278,40 - 44,NRW,44.98,44.99,30.0,0.0,RED INTERNET & PHONE CABLE U,1.0
3279,35 - 39,NRW,39.99,39.99,30.0,0.0,RED INTERNET & PHONE CABLE U,1.0
3280,65 - 69,NRW,44.98,44.98,30.0,0.0,VF RIP U-TREUE,1.0
3281,35 - 39,NRW,48.98,34.99,30.0,0.0,RED INTERNET & PHONE CABLE U,0.0
3282,30 - 34,NRW,39.98,34.99,30.0,0.0,GIGAZUHAUSE KABEL,0.0
3283,40 - 44,NRW,44.99,34.97,30.0,0.0,VF CABLEMAX,1.0
3284,30 - 34,KBW,44.99,39.98,30.0,0.0,VF CABLEMAX,0.0
3285,35 - 39,NRW,39.97,34.99,30.0,0.0,RED INTERNET & PHONE CABLE U,1.0
3286,30 - 34,KBW,39.98,44.98,30.0,0.0,VF RIP U-TREUE,0.0
3287,30 - 34,KBW,29.99,32.99,30.0,0.0,RED INTERNET & PHONE CABLE U,0.0
3288,30 - 34,KBW,39.99,44.98,30.0,0.0,RED INTERNET & PHONE CABLE U,0.0
3289,50 - 54,KBW,39.97,34.99,30.0,0.0,RED INTERNET & PHONE CABLE U,1.0
3290,55 - 59,HSN,34.99,39.98,30.0,0.0,VF RIP U-TREUE,0.0
3291,30 - 34,NRW,44.98,44.99,30.0,0.0,RED INTERNET & PHONE CABLE U,0.0
3292,30 - 34,NRW,44.97,44.99,30.0,0.0,RED INTERNET & PHONE CABLE U,0.0
3293,40 - 44,NRW,42.98,49.98,30.0,0.0,RED INTERNET & PHONE CABLE U,1.0
3294,65 - 69,NRW,34.97,39.98,30.0,0.0,VF CABLEMAX,1.0
3295,25 - 29,NRW,39.99,44.97,30.0,0.0,VF RIP U-TREUE,0.0
3296,30 - 34,NRW,34.98,39.97,30.0,0.0,RED INTERNET & PHONE CABLE U,1.0
3297,35 - 39,HSN,44.99,44.97,30.0,0.0,GIGAZUHAUSE KABEL,0.0
3298,45 - 49,KBW,39.98,34.99,30.0,0.0,RED INTERNET & PHONE CABLE U,0.0
3299,35 - 39,NRW,44.98,49.99,30.0,0.0,VF RIP U-TREUE,1.0
3300,65 - 69,NRW,39.97,44.98,30.0,0.0,GIGAZUHAUSE KABEL,1.0
3301,60 - 64,KBW,34.99,29.99,30.0,0.0,RED INTERNET & PHONE CABLE U,1.0
3302,40 - 44,HSN,39.99,29.99,30.0,0.0,VF CABLEMAX,0.0
3303,40 - 44,NRW,39.98,24.98,30.0,0.0,RED INTERNET & PHONE CABLE U,1.0
3304,25 - 29,NRW,19.98,37.97,30.0,0.0,RED INTERNET & PHONE CABLE U,1.0
3305,60 - 64,NRW,42.98,49.98,30.0,0.0,RED INTERNET & PHONE CABLE U,1.0
3306,50 - 54,NRW,34.99,39.99,30.0,0.0,RED INTERNET & PHONE CABLE U,0.0
3307,60 - 64,KBW,44.98,42.98,30.0,0.0,VF RIP U-TREUE,0.0
3308,50 - 54,NRW,49.98,29.99,30.0,0.0,GIGAZUHAUSE KABEL,0.0
3309,60 - 64,NRW,39.97,44.98,30.0,1.0,RED INTERNET & PHONE CABLE U,0.0
3310,25 - 29,HSN,44.99,54.99,30.0,0.0,RED INTERNET & PHONE CABLE U,1.0
3311,60 - 64,NRW,39.99,39.99,30.0,0.0,VF CABLEMAX,0.0
3312,30 - 34,NRW,49.99,49.99,30.0,0.0,GIGAZUHAUSE TREUE D,1.0
3313,25 - 29,NRW,34.99,39.98,30.0,0.0,RED INTERNET & PHONE CABLE U,1.0
3314,25 - 29,NRW,34.99,34.98,30.0,0.0,VF CABLEMAX,0.0
3315,25 - 29,NRW,44.99,44.98,30.0,0.0,VF CABLEMAX,0.0
3316,35 - 39,NRW,34.98,49.99,30.0,0.0,RED INTERNET & PHONE CABLE U,0.0
3317,45 - 49,NRW,44.98,44.99,30.0,0.0,VF CABLEMAX,0.0
3318,25 - 29,KBW,44.98,32.99,30.0,0.0,RED INTERNET & PHONE CABLE U,1.0
3319,35 - 39,KBW,34.99,39.98,30.0,0.0,GIGAZUHAUSE KABEL,1.0
3320,25 - 29,NRW,44.98,34.99,30.0,0.0,VF CABLEMAX,1.0
3321,50 - 54,NRW,39.98,44.99,30.0,0.0,RED INTERNET & PHONE CABLE U,0.0
3322,80 and over,KBW,44.98,39.98,30.0,0.0,VF CABLEMAX,1.0
3323,40 - 44,KBW,49.99,29.99,30.0,0.0,RED INTERNET & PHONE CABLE U,0.0
3324,25 - 29,NRW,34.99,54.99,30.0,0.0,VF CABLEMAX,0.0
3325,35 - 39,NRW,49.99,39.99,30.0,0.0,RED INTERNET & PHONE CABLE U,1.0
3326,25 - 29,NRW,44.98,49.97,30.0,0.0,RED INTERNET & PHONE CABLE U,1.0
3327,25 - 29,KBW,29.98,42.99,30.0,0.0,RED INTERNET & PHONE CABLE U,0.0
3328,55 - 59,KBW,44.99,34.99,30.0,0.0,RED INTERNET & PHONE CABLE U,1.0
3329,60 - 64,NRW,49.99,34.99,30.0,0.0,VF RIP U-TREUE,1.0
3330,40 - 44,NRW,47.99,39.98,30.0,0.0,RED INTERNET & PHONE CABLE U,0.0
3331,60 - 64,NRW,42.99,34.97,30.0,0.0,RED INTERNET & PHONE CABLE U,0.0
3332,30 - 34,NRW,39.99,39.99,30.0,0.0,RED INTERNET & PHONE CABLE U,1.0
3333,35 - 39,HSN,44.99,44.99,30.0,0.0,RED INTERNET & PHONE CABLE U,0.0
3334,35 - 39,KBW,44.99,49.99,30.0,0.0,RED INTERNET & PHONE CABLE U,1.0
3335,35 - 39,KBW,39.99,39.98,30.0,0.0,RED INTERNET & PHONE CABLE U,1.0
3336,25 - 29,NRW,39.98,44.98,30.0,0.0,RED INTERNET & PHONE CABLE U,0.0
3337,35 - 39,NRW,29.99,44.99,30.0,0.0,VF CABLEMAX,1.0
3338,55 - 59,NRW,39.97,44.99,30.0,0.0,VF CABLEMAX,0.0
3339,35 - 39,HSN,44.99,39.97,30.0,0.0,GIGAZUHAUSE KABEL,1.0
3340,60 - 64,NRW,44.99,34.98,30.0,0.0,RED INTERNET & PHONE CABLE U,0.0
3341,25 - 29,NRW,49.99,44.99,30.0,0.0,RED INTERNET & PHONE CABLE U,1.0
3342,18 - 24,NRW,49.99,39.99,30.0,0.0,VF CABLEMAX,1.0
3343,30 - 34,NRW,39.98,44.98,30.0,0.0,VF CABLEMAX,1.0
3344,35 - 39,KBW,39.98,39.98,30.0,0.0,VF RIP U-TREUE,0.0
3345,35 - 39,NRW,44.98,49.99,30.0,0.0,RED INTERNET & PHONE CABLE U,1.0
3346,45 - 49,NRW,34.98,29.99,30.0,0.0,RED INTERNET & PHONE CABLE U,1.0
3347,60 - 64,NRW,44.98,39.99,30.0,0.0,RED INTERNET & PHONE CABLE U,1.0
3348,55 - 59,NRW,34.99,34.98,30.0,0.0,VF CABLEMAX,0.0
3349,55 - 59,KBW,44.99,39.99,30.0,0.0,RED INTERNET & PHONE CABLE U,1.0
3350,40 - 44,KBW,34.97,39.99,30.0,0.0,GIGAZUHAUSE TREUE B,0.0
3351,35 - 39,KBW,44.98,34.98,30.0,0.0,VF RIP U-TREUE,0.0
3352,35 - 39,NRW,44.99,39.99,30.0,0.0,GIGAZUHAUSE KABEL,0.0
3353,30 - 34,KBW,39.99,39.99,30.0,0.0,VF CABLEMAX,0.0
3354,25 - 29,NRW,44.99,32.98,30.0,0.0,RED INTERNET & PHONE CABLE U,1.0
3355,45 - 49,NRW,49.98,44.99,30.0,0.0,GIGAZUHAUSE KABEL,1.0
3356,75 - 79,KBW,49.99,34.99,30.0,0.0,RED INTERNET & PHONE CABLE U,0.0
3357,25 - 29,KBW,34.99,34.97,30.0,0.0,RED INTERNET & PHONE CABLE U,1.0
3358,65 - 69,KBW,34.97,24.99,30.0,0.0,RED INTERNET & PHONE CABLE U,1.0
3359,45 - 49,KBW,39.98,37.98,30.0,0.0,RED INTERNET & PHONE CABLE U,1.0
3360,30 - 34,NRW,44.98,39.99,30.0,0.0,VF CABLEMAX,1.0
3361,55 - 59,NRW,44.98,49.98,30.0,0.0,GIGAZUHAUSE KABEL,0.0
3362,50 - 54,NRW,27.98,42.99,30.0,0.0,RED INTERNET & PHONE CABLE U,0.0
3363,60 - 64,KBW,47.97,39.99,30.0,0.0,GIGAZUHAUSE TREUE C,1.0
3364,35 - 39,NRW,44.99,44.99,30.0,0.0,VF RIP U-TREUE,1.0
3365,25 - 29,KBW,29.99,44.99,30.0,0.0,RED INTERNET & PHONE CABLE U,0.0
3366,45 - 49,NRW,47.99,44.98,30.0,0.0,VF RIP U-TREUE,0.0
3368,60 - 64,NRW,29.99,44.97,30.0,0.0,VF RIP U-TREUE,0.0
3369,35 - 39,NRW,44.98,39.99,30.0,0.0,RED INTERNET & PHONE CABLE U,0.0
3370,55 - 59,KBW,39.99,49.99,30.0,0.0,VF CABLEMAX,1.0
3371,30 - 34,NRW,34.99,44.98,30.0,0.0,RED INTERNET & PHONE CABLE U,1.0
3372,35 - 39,KBW,39.99,44.99,30.0,0.0,GIGAZUHAUSE KABEL,0.0
3373,35 - 39,NRW,44.99,44.99,30.0,0.0,RED INTERNET & PHONE CABLE U,1.0
3374,35 - 39,NRW,34.98,34.99,30.0,0.0,VF RIP U-TREUE,0.0
3375,80 and over,NRW,34.99,39.99,30.0,0.0,RED INTERNET & PHONE CABLE U,1.0
3376,25 - 29,NRW,39.98,29.99,30.0,0.0,RED INTERNET & PHONE CABLE U,0.0
3377,55 - 59,KBW,42.98,34.99,30.0,0.0,RED INTERNET & PHONE CABLE U,1.0
3378,30 - 34,KBW,34.99,44.97,30.0,0.0,GIGAZUHAUSE KABEL,1.0
3379,25 - 29,NRW,39.98,39.99,30.0,0.0,VF RIP U-TREUE,1.0
3380,35 - 39,NRW,44.98,34.98,5.0,0.0,VF RIP U-TREUE,1.0
3381,70 - 74,HSN,44.97,49.99,30.0,0.0,RED INTERNET & PHONE CABLE U,0.0
3382,45 - 49,KBW,44.98,47.99,30.0,0.0,RED INTERNET & PHONE CABLE U,1.0
3383,70 - 74,KBW,44.98,44.97,30.0,0.0,RED INTERNET & PHONE CABLE U,1.0
3384,30 - 34,NRW,56.99,39.98,30.0,0.0,RED INTERNET & PHONE CABLE U,1.0
3385,40 - 44,HSN,39.99,39.98,30.0,0.0,VF RIP U-TREUE,1.0
3386,60 - 64,HSN,39.98,44.99,30.0,0.0,VF RIP U-TREUE,1.0
3387,40 - 44,NRW,44.99,34.99,30.0,0.0,RED INTERNET & PHONE CABLE U,1.0
3388,40 - 44,NRW,34.97,39.99,30.0,0.0,VF CABLEMAX,0.0
3389,60 - 64,NRW,39.98,39.98,30.0,0.0,RED INTERNET & PHONE CABLE U,1.0
3390,25 - 29,NRW,29.99,34.99,30.0,0.0,GIGAZUHAUSE KABEL,1.0
3391,55 - 59,NRW,39.97,44.98,30.0,0.0,VF RIP U-TREUE,1.0
3392,35 - 39,KBW,39.99,49.98,30.0,0.0,VF RIP U-TREUE,0.0
3393,60 - 64,NRW,44.98,39.99,30.0,0.0,VF CABLEMAX,0.0
3394,35 - 39,NRW,42.98,39.98,30.0,0.0,RED INTERNET & PHONE CABLE U,1.0
3395,60 - 64,NRW,34.99,34.97,30.0,0.0,RED INTERNET & PHONE CABLE U,0.0
3396,30 - 34,NRW,29.98,49.98,30.0,0.0,VF CABLEMAX,1.0
3397,50 - 54,KBW,39.98,32.99,30.0,0.0,RED INTERNET & PHONE CABLE U,1.0
3398,35 - 39,NRW,39.99,44.99,30.0,0.0,VF RIP U-TREUE,1.0
3399,35 - 39,NRW,44.99,39.99,30.0,0.0,VF RIP U-TREUE,0.0
3400,40 - 44,HSN,39.99,44.99,30.0,0.0,RED INTERNET & PHONE CABLE U,1.0
3401,40 - 44,KBW,49.99,34.98,30.0,0.0,RED INTERNET & PHONE CABLE U,0.0
3402,30 - 34,NRW,39.97,34.98,30.0,0.0,VF CABLEMAX,1.0
3403,30 - 34,KBW,49.99,44.98,30.0,0.0,VF RIP U-TREUE,1.0
3404,25 - 29,NRW,49.99,53.98,30.0,0.0,RED INTERNET & PHONE CABLE U,0.0
3405,30 - 34,NRW,32.97,39.99,30.0,0.0,RED INTERNET & PHONE CABLE U,0.0
3406,55 - 59,NRW,57.99,39.99,30.0,0.0,RED INTERNET & PHONE CABLE U,1.0
3407,35 - 39,KBW,49.99,34.99,30.0,0.0,RED INTERNET & PHONE CABLE U,1.0
3408,35 - 39,NRW,42.98,39.98,30.0,0.0,GIGAZUHAUSE KABEL,0.0
3409,40 - 44,NRW,39.99,37.98,30.0,0.0,VF RIP U-TREUE,0.0
3410,55 - 59,KBW,52.99,34.99,30.0,0.0,GIGAZUHAUSE KABEL,1.0
3411,35 - 39,NRW,34.99,44.99,30.0,0.0,RED INTERNET & PHONE CABLE U,1.0
3412,25 - 29,NRW,39.99,34.99,30.0,0.0,GIGAZUHAUSE TREUE B,0.0
3413,50 - 54,NRW,34.99,44.99,30.0,0.0,VF CABLEMAX,1.0
3414,40 - 44,NRW,44.98,39.99,30.0,0.0,VF RIP U-TREUE,1.0
3415,30 - 34,NRW,44.98,39.99,30.0,0.0,VF CABLEMAX,1.0
3416,35 - 39,NRW,44.98,37.99,30.0,0.0,VF RIP U-TREUE,1.0
3417,55 - 59,HSN,44.98,34.98,30.0,0.0,GIGAZUHAUSE TREUE,0.0
3418,40 - 44,KBW,34.99,34.98,30.0,0.0,GIGAZUHAUSE KABEL,1.0
3419,80 and over,NRW,44.99,44.99,30.0,0.0,VF CABLEMAX,1.0
3420,30 - 34,NRW,39.99,34.99,30.0,0.0,GIGAZUHAUSE KABEL,1.0
3421,40 - 44,HSN,39.98,39.98,30.0,0.0,RED INTERNET & PHONE CABLE U,1.0
3422,35 - 39,KBW,44.99,39.99,30.0,0.0,VF RIP U-TREUE,1.0
3423,65 - 69,NRW,44.97,39.99,30.0,0.0,RED INTERNET & PHONE CABLE U,1.0
3424,70 - 74,NRW,44.98,49.97,30.0,0.0,VF RIP U-TREUE,1.0
3425,35 - 39,NRW,44.99,44.98,30.0,0.0,RED INTERNET & PHONE CABLE U,0.0
3426,30 - 34,NRW,34.99,44.99,30.0,0.0,RED INTERNET & PHONE CABLE U,0.0
3427,75 - 79,KBW,34.99,39.98,30.0,0.0,RED INTERNET & PHONE CABLE U,1.0
3428,55 - 59,NRW,39.98,44.98,30.0,0.0,VF CABLEMAX,0.0
3429,70 - 74,HSN,49.99,39.98,30.0,0.0,VF CABLEMAX,0.0
3430,30 - 34,NRW,39.99,49.97,30.0,0.0,RED INTERNET & PHONE CABLE U,0.0
3431,35 - 39,NRW,39.99,44.99,30.0,0.0,VF RIP U-TREUE,0.0
3432,30 - 34,KBW,39.98,39.99,30.0,0.0,RED INTERNET & PHONE CABLE U,1.0
3433,65 - 69,NRW,39.97,34.99,30.0,0.0,GIGAZUHAUSE KABEL,0.0
3434,30 - 34,NRW,39.98,39.98,30.0,0.0,RED INTERNET & PHONE CABLE U,1.0
3435,40 - 44,NRW,34.99,49.98,30.0,0.0,RED INTERNET & PHONE CABLE U,0.0
3436,25 - 29,NRW,39.99,44.99,30.0,0.0,RED INTERNET & PHONE CABLE U,1.0
3437,18 - 24,NRW,42.98,49.99,30.0,0.0,RED INTERNET & PHONE CABLE U,0.0
3438,30 - 34,NRW,44.99,34.97,30.0,0.0,RED INTERNET & PHONE CABLE U,1.0
3439,70 - 74,HSN,39.98,39.99,30.0,0.0,VF CABLEMAX,1.0
3440,30 - 34,NRW,39.99,39.99,30.0,0.0,VF RIP U-TREUE,1.0
3441,80 and over,NRW,27.99,34.99,30.0,0.0,RED INTERNET & PHONE CABLE U,1.0
3442,80 and over,KBW,29.98,39.97,30.0,0.0,VF CABLEMAX,0.0
3443,35 - 39,NRW,39.98,44.97,30.0,0.0,VF CABLEMAX,0.0
3444,35 - 39,NRW,39.98,39.98,30.0,0.0,RED INTERNET & PHONE CABLE U,0.0
3445,25 - 29,HSN,34.98,34.97,30.0,0.0,RED INTERNET & PHONE CABLE U,0.0
3446,40 - 44,NRW,44.98,39.99,30.0,0.0,RED INTERNET & PHONE CABLE U,1.0
3447,30 - 34,HSN,34.99,34.99,30.0,0.0,VF CABLEMAX,1.0
3448,25 - 29,KBW,49.99,44.99,30.0,0.0,VF CABLEMAX,1.0
3449,30 - 34,HSN,44.99,44.99,30.0,0.0,RED INTERNET & PHONE CABLE U,1.0
3450,40 - 44,NRW,34.99,49.99,30.0,0.0,GIGAZUHAUSE KABEL,0.0
3451,40 - 44,KBW,44.99,34.99,30.0,0.0,RED INTERNET & PHONE CABLE U,1.0
3452,60 - 64,NRW,47.99,44.99,30.0,0.0,RED INTERNET & PHONE CABLE U,1.0
3453,50 - 54,KBW,44.99,34.99,30.0,0.0,RED INTERNET & PHONE CABLE U,1.0
3454,35 - 39,NRW,44.99,34.99,30.0,0.0,RED INTERNET & PHONE CABLE U,0.0
3455,60 - 64,NRW,44.99,39.98,30.0,0.0,VF RIP U-TREUE,0.0
3456,40 - 44,NRW,49.99,24.99,30.0,0.0,RED INTERNET & PHONE CABLE U,1.0
3457,50 - 54,KBW,44.99,39.99,30.0,0.0,RED INTERNET & PHONE CABLE U,1.0
3458,30 - 34,KBW,44.98,34.99,30.0,0.0,RED INTERNET & PHONE CABLE U,1.0
3459,40 - 44,KBW,44.99,43.99,30.0,0.0,RED INTERNET & PHONE CABLE U,1.0
3460,50 - 54,NRW,29.98,44.99,30.0,0.0,RED INTERNET & PHONE CABLE U,1.0
3461,65 - 69,NRW,39.99,29.98,30.0,0.0,VF CABLEMAX,0.0
3462,60 - 64,NRW,44.99,39.99,30.0,0.0,VF CABLEMAX,1.0
3463,65 - 69,KBW,44.98,34.99,30.0,0.0,VF RIP U-TREUE,1.0
3464,40 - 44,NRW,39.97,34.99,30.0,0.0,RED INTERNET & PHONE CABLE U,1.0
3465,25 - 29,HSN,39.98,34.97,30.0,0.0,RED INTERNET & PHONE CABLE U,1.0
3466,25 - 29,KBW,39.98,49.99,30.0,0.0,VF CABLEMAX,1.0
3468,40 - 44,NRW,34.99,44.99,30.0,0.0,RED INTERNET & PHONE CABLE U,0.0
3469,40 - 44,NRW,49.98,44.98,30.0,0.0,RED INTERNET & PHONE CABLE U,0.0
3470,30 - 34,KBW,49.99,34.97,30.0,0.0,VF CABLEMAX,1.0
3471,80 and over,HSN,34.98,39.99,30.0,0.0,RED INTERNET & PHONE CABLE U,1.0
3472,30 - 34,HSN,49.99,39.99,30.0,0.0,VF RIP U-TREUE,1.0
3473,40 - 44,NRW,39.99,44.99,30.0,0.0,RED INTERNET & PHONE CABLE U,1.0
3474,65 - 69,NRW,34.99,34.99,30.0,0.0,RED INTERNET & PHONE CABLE U,1.0
3475,55 - 59,NRW,29.99,39.99,6.0,0.0,GIGAZUHAUSE KABEL,0.0
3476,30 - 34,NRW,49.99,44.98,30.0,0.0,GIGAZUHAUSE KABEL,0.0
3477,50 - 54,HSN,39.98,34.97,30.0,0.0,RED INTERNET & PHONE CABLE U,1.0
3478,55 - 59,KBW,34.98,39.99,30.0,0.0,GIGAZUHAUSE KABEL,0.0
3479,30 - 34,KBW,39.99,34.99,30.0,0.0,RED INTERNET & PHONE CABLE U,1.0
3480,40 - 44,HSN,44.98,39.99,30.0,0.0,GIGAZUHAUSE KABEL,1.0
3481,40 - 44,NRW,39.98,39.99,30.0,0.0,RED INTERNET & PHONE CABLE U,1.0
3482,55 - 59,HSN,34.99,44.99,30.0,0.0,RED INTERNET & PHONE CABLE U,0.0
3483,55 - 59,KBW,44.98,39.98,30.0,0.0,RED INTERNET & PHONE CABLE U,0.0
3484,30 - 34,NRW,39.99,49.99,30.0,0.0,VF RIP U-TREUE,1.0
3485,35 - 39,NRW,39.99,44.99,30.0,0.0,RED INTERNET & PHONE CABLE U,1.0
3486,35 - 39,NRW,44.98,49.99,30.0,0.0,VF RIP U-TREUE,1.0
3487,40 - 44,KBW,34.98,39.99,30.0,0.0,RED INTERNET & PHONE CABLE U,1.0
3488,30 - 34,NRW,44.98,39.98,30.0,0.0,RED INTERNET & PHONE CABLE U,0.0
3489,40 - 44,KBW,29.98,49.98,30.0,0.0,VF RIP U-TREUE,1.0
3490,60 - 64,NRW,54.99,49.98,30.0,0.0,VF RIP U-TREUE,1.0
3491,25 - 29,KBW,34.99,44.98,30.0,0.0,VF RIP U-TREUE,0.0
3492,50 - 54,NRW,5.97,39.99,30.0,0.0,VF RIP U-TREUE,0.0
3493,50 - 54,HSN,29.98,39.98,30.0,0.0,RED INTERNET & PHONE CABLE U,1.0
3494,60 - 64,NRW,29.99,44.98,30.0,0.0,RED INTERNET & PHONE CABLE U,1.0
3495,35 - 39,KBW,44.99,34.97,30.0,0.0,RED INTERNET & PHONE CABLE U,1.0
3496,80 and over,KBW,39.99,44.97,30.0,0.0,RED INTERNET & PHONE CABLE U,0.0
3497,50 - 54,HSN,44.99,44.98,30.0,0.0,RED INTERNET & PHONE CABLE U,0.0
3498,55 - 59,KBW,44.98,49.98,30.0,0.0,RED INTERNET & PHONE CABLE U,1.0
3499,45 - 49,NRW,34.98,34.97,30.0,0.0,VF RIP U-TREUE,1.0
3500,50 - 54,NRW,44.96,44.98,30.0,0.0,RED INTERNET & PHONE CABLE U,1.0
3501,35 - 39,KBW,49.99,44.98,30.0,0.0,RED INTERNET & PHONE CABLE U,0.0
3502,25 - 29,KBW,34.97,34.99,30.0,0.0,VF CABLEMAX,0.0
3503,55 - 59,KBW,43.98,39.98,30.0,0.0,GIGAZUHAUSE KABEL,0.0
3504,60 - 64,NRW,39.99,34.99,30.0,0.0,RED INTERNET & PHONE CABLE U,0.0
3505,40 - 44,NRW,44.99,32.98,30.0,0.0,RED INTERNET & PHONE CABLE U,0.0
3506,65 - 69,NRW,44.98,44.98,30.0,0.0,VF CABLEMAX,1.0
3507,30 - 34,NRW,39.99,34.99,30.0,0.0,RED INTERNET & PHONE CABLE U,1.0
3508,60 - 64,KBW,39.99,39.99,30.0,0.0,VF RIP U-TREUE,1.0
3509,40 - 44,KBW,49.98,44.99,30.0,0.0,RED INTERNET & PHONE CABLE U,1.0
3510,35 - 39,KBW,44.98,49.99,30.0,0.0,RED INTERNET & PHONE CABLE U,0.0
3511,55 - 59,NRW,39.99,39.98,30.0,0.0,VF RIP U-TREUE,0.0
3512,40 - 44,NRW,39.99,44.99,30.0,0.0,GIGAZUHAUSE KABEL,0.0
3513,40 - 44,NRW,44.98,39.99,30.0,0.0,RED INTERNET & PHONE CABLE U,1.0
3514,35 - 39,NRW,44.98,44.97,30.0,0.0,VF RIP U-TREUE,1.0
3515,25 - 29,KBW,49.99,49.99,30.0,0.0,VF RIP U-TREUE,0.0
3516,25 - 29,NRW,34.98,34.99,30.0,0.0,VF CABLEMAX,0.0
3517,65 - 69,NRW,34.98,39.99,30.0,0.0,VF CABLEMAX,0.0
3518,25 - 29,NRW,34.98,44.98,30.0,0.0,VF CABLEMAX,1.0
3519,35 - 39,KBW,34.99,39.99,30.0,0.0,RED INTERNET & PHONE CABLE U,1.0
3520,40 - 44,KBW,44.99,29.97,30.0,0.0,VF RIP U-TREUE,1.0
3521,65 - 69,NRW,34.99,39.99,30.0,0.0,RED INTERNET & PHONE CABLE U,0.0
3522,30 - 34,NRW,44.98,39.99,30.0,0.0,RED INTERNET & PHONE CABLE U,0.0
3523,50 - 54,KBW,34.99,37.98,30.0,0.0,VF CABLEMAX,0.0
3524,30 - 34,KBW,58.99,34.98,5.0,0.0,RED INTERNET & PHONE CABLE U,0.0
3525,25 - 29,NRW,44.99,34.99,30.0,0.0,VF RIP U-TREUE,0.0
3526,35 - 39,KBW,34.99,39.99,30.0,0.0,GIGAZUHAUSE KABEL,1.0
3527,30 - 34,NRW,49.98,29.99,30.0,0.0,RED INTERNET & PHONE CABLE U,1.0
3528,35 - 39,NRW,39.98,50.99,30.0,0.0,VF CABLEMAX,1.0
3529,60 - 64,KBW,39.99,53.97,30.0,0.0,RED INTERNET & PHONE CABLE U,0.0
3530,40 - 44,KBW,34.99,39.99,30.0,0.0,VF CABLEMAX,0.0
3531,25 - 29,KBW,39.98,43.97,30.0,0.0,VF CABLEMAX,0.0
3532,35 - 39,HSN,39.99,39.98,30.0,0.0,RED INTERNET & PHONE CABLE U,1.0
3533,40 - 44,NRW,32.98,44.99,30.0,0.0,VF RIP U-TREUE,1.0
3534,45 - 49,NRW,34.98,44.99,30.0,0.0,RED INTERNET & PHONE CABLE U,1.0
3535,50 - 54,HSN,49.98,34.99,30.0,0.0,VF CABLEMAX,0.0
3536,50 - 54,NRW,39.99,44.99,30.0,0.0,GIGAZUHAUSE KABEL,1.0
3537,65 - 69,NRW,34.99,29.99,30.0,0.0,RED INTERNET & PHONE CABLE U,0.0
3538,65 - 69,KBW,48.99,39.98,30.0,0.0,RED INTERNET & PHONE CABLE U,1.0
3539,30 - 34,NRW,49.99,44.97,30.0,0.0,VF RIP U-TREUE,1.0
3540,35 - 39,NRW,44.98,34.97,30.0,0.0,RED INTERNET & PHONE CABLE U,1.0
3541,70 - 74,NRW,44.98,44.99,30.0,0.0,RED INTERNET & PHONE CABLE U,1.0
3542,50 - 54,KBW,39.98,44.98,30.0,0.0,VF RIP U-TREUE,1.0
3543,35 - 39,KBW,44.99,44.99,30.0,0.0,VF RIP U-TREUE,0.0
3544,40 - 44,KBW,49.99,37.99,30.0,0.0,GIGAZUHAUSE KABEL,0.0
3545,60 - 64,NRW,39.98,34.98,30.0,0.0,RED INTERNET & PHONE CABLE U,0.0
3546,35 - 39,NRW,44.99,49.98,30.0,0.0,VF RIP U-TREUE,0.0
3547,25 - 29,KBW,39.98,34.99,30.0,0.0,VF CABLEMAX,1.0
3548,55 - 59,KBW,34.99,39.99,30.0,0.0,RED INTERNET & PHONE CABLE U,0.0
3549,40 - 44,NRW,44.98,49.99,30.0,0.0,RED INTERNET & PHONE CABLE U,0.0
3550,40 - 44,KBW,39.99,43.98,30.0,0.0,RED INTERNET & PHONE CABLE U,1.0
3551,35 - 39,NRW,34.97,34.99,30.0,0.0,RED INTERNET & PHONE CABLE U,0.0
3552,35 - 39,KBW,39.98,47.99,30.0,0.0,GIGAZUHAUSE KABEL,1.0
3553,30 - 34,NRW,39.99,49.99,30.0,0.0,VF RIP U-TREUE,0.0
3554,55 - 59,HSN,39.99,44.98,30.0,0.0,VF CABLEMAX,0.0
3555,35 - 39,NRW,39.99,44.98,30.0,0.0,GIGAZUHAUSE KABEL,1.0
3556,25 - 29,NRW,44.97,34.99,30.0,0.0,GIGAZUHAUSE KABEL,0.0
3557,40 - 44,NRW,57.99,34.99,30.0,0.0,VF RIP U-TREUE,0.0
3558,30 - 34,KBW,44.99,39.99,30.0,0.0,VF CABLEMAX,1.0
3559,40 - 44,KBW,44.99,54.99,30.0,0.0,VF RIP U-TREUE,0.0
3560,40 - 44,NRW,34.98,44.98,30.0,0.0,RED INTERNET & PHONE CABLE U,1.0
3561,30 - 34,NRW,34.97,42.99,30.0,0.0,VF RIP U-TREUE,1.0
3562,55 - 59,KBW,34.98,39.98,30.0,0.0,RED INTERNET & PHONE CABLE U,1.0
3563,40 - 44,NRW,49.99,39.99,30.0,0.0,VF RIP U-TREUE,1.0
3564,25 - 29,HSN,29.98,39.99,30.0,0.0,GIGAZUHAUSE KABEL,1.0
3565,35 - 39,NRW,34.99,38.98,30.0,0.0,RED INTERNET & PHONE CABLE U,0.0
3566,35 - 39,NRW,39.99,39.99,30.0,0.0,RED INTERNET & PHONE CABLE U,0.0
3567,45 - 49,NRW,29.95,34.98,30.0,0.0,GIGAZUHAUSE KABEL,1.0
3568,40 - 44,NRW,39.98,37.97,30.0,0.0,RED INTERNET & PHONE CABLE U,0.0
3569,65 - 69,KBW,39.99,39.99,30.0,0.0,VF RIP U-TREUE,1.0
3570,40 - 44,NRW,49.99,44.99,30.0,0.0,VF CABLEMAX,0.0
3571,45 - 49,KBW,49.99,49.99,30.0,0.0,GIGAZUHAUSE KABEL,1.0
3572,25 - 29,KBW,39.98,39.99,30.0,0.0,RED INTERNET & PHONE CABLE U,0.0
3573,40 - 44,KBW,32.99,49.99,30.0,0.0,VF RIP U-TREUE,1.0
3574,30 - 34,KBW,44.98,44.98,30.0,0.0,VF RIP U-TREUE,0.0
3575,25 - 29,KBW,39.99,34.97,30.0,0.0,RED INTERNET & PHONE CABLE U,0.0
3576,60 - 64,NRW,54.99,44.98,30.0,0.0,RED INTERNET & PHONE CABLE U,0.0
3577,35 - 39,NRW,44.99,49.99,30.0,0.0,VF CABLEMAX,1.0
3578,60 - 64,HSN,49.98,39.99,30.0,0.0,RED INTERNET & PHONE CABLE U,0.0
3579,30 - 34,NRW,44.99,39.97,30.0,0.0,VF CABLEMAX,0.0
3580,65 - 69,NRW,39.99,39.99,30.0,0.0,RED INTERNET & PHONE CABLE U,1.0
3581,40 - 44,KBW,39.99,34.99,30.0,0.0,VF RIP U-TREUE,0.0
3582,60 - 64,NRW,34.99,44.98,30.0,0.0,VF CABLEMAX,0.0
3583,40 - 44,KBW,44.99,39.99,30.0,0.0,RED INTERNET & PHONE CABLE U,0.0
3584,35 - 39,KBW,39.99,32.99,30.0,0.0,GIGAZUHAUSE KABEL,1.0
3585,60 - 64,KBW,34.98,34.98,30.0,0.0,RED INTERNET & PHONE CABLE U,0.0
3586,40 - 44,NRW,34.99,39.98,30.0,0.0,RED INTERNET & PHONE CABLE U,0.0
3587,55 - 59,KBW,44.99,39.98,30.0,0.0,GIGAZUHAUSE KABEL,1.0
3588,25 - 29,NRW,44.98,44.98,30.0,0.0,VF CABLEMAX,1.0
3589,45 - 49,KBW,44.99,34.99,30.0,0.0,RED INTERNET & PHONE CABLE U,0.0
3590,25 - 29,NRW,39.99,39.99,30.0,0.0,RED INTERNET & PHONE CABLE U,0.0
3591,30 - 34,KBW,39.99,39.99,30.0,0.0,GIGAZUHAUSE KABEL,0.0
3592,80 and over,NRW,44.98,44.98,30.0,0.0,RED INTERNET & PHONE CABLE U,1.0
3593,35 - 39,NRW,29.99,34.99,30.0,0.0,VF CABLEMAX,1.0
3594,30 - 34,NRW,34.99,44.97,30.0,0.0,VF RIP U-TREUE,0.0
3595,40 - 44,KBW,49.99,44.98,30.0,0.0,VF RIP U-TREUE,0.0
3596,50 - 54,KBW,29.98,49.99,30.0,0.0,RED INTERNET & PHONE CABLE U,0.0
3597,50 - 54,NRW,49.99,44.99,30.0,0.0,VF CABLEMAX,0.0
3598,25 - 29,HSN,49.99,44.99,30.0,0.0,VF CABLEMAX,0.0
3599,40 - 44,KBW,44.97,44.98,30.0,0.0,RED INTERNET & PHONE CABLE U,0.0
3600,75 - 79,NRW,39.98,39.98,30.0,0.0,VF RIP U-TREUE,0.0
3601,45 - 49,NRW,39.99,39.98,30.0,0.0,RED INTERNET & PHONE CABLE U,0.0
3602,40 - 44,KBW,44.98,44.99,30.0,0.0,GIGAZUHAUSE KABEL,1.0
3603,30 - 34,KBW,39.99,74.98,30.0,0.0,GIGAZUHAUSE KABEL,1.0
3604,40 - 44,NRW,39.98,34.97,30.0,0.0,RED INTERNET & PHONE CABLE U,1.0
3605,35 - 39,NRW,44.99,44.99,30.0,0.0,VF CABLEMAX,0.0
3606,60 - 64,KBW,54.99,49.99,30.0,0.0,RED INTERNET & PHONE CABLE U,1.0
3607,55 - 59,KBW,29.99,44.97,30.0,0.0,VF CABLEMAX,0.0
3608,55 - 59,NRW,44.98,34.99,30.0,0.0,RED INTERNET & PHONE CABLE U,1.0
3609,35 - 39,NRW,29.99,34.99,30.0,0.0,VF RIP U-TREUE,0.0
3610,30 - 34,NRW,39.98,34.98,30.0,0.0,RED INTERNET & PHONE CABLE U,1.0
3611,60 - 64,NRW,32.99,39.98,30.0,0.0,RED INTERNET & PHONE CABLE U,1.0
3612,25 - 29,HSN,39.99,54.98,1.0,0.0,GIGAZUHAUSE KABEL,0.0
3613,30 - 34,KBW,44.99,39.99,30.0,0.0,GIGAZUHAUSE KABEL,0.0
3614,50 - 54,NRW,32.98,44.98,30.0,0.0,RED INTERNET & PHONE CABLE U,1.0
3615,40 - 44,NRW,49.99,34.99,30.0,0.0,VF RIP U-TREUE,0.0
3616,40 - 44,KBW,44.98,44.99,30.0,0.0,GIGAZUHAUSE TREUE B,1.0
3617,50 - 54,KBW,44.98,34.98,30.0,0.0,RED INTERNET & PHONE CABLE U,1.0
3618,40 - 44,NRW,44.98,44.99,30.0,0.0,RED INTERNET & PHONE CABLE U,1.0
3619,35 - 39,KBW,39.99,39.99,30.0,0.0,RED INTERNET & PHONE CABLE U,0.0
3620,60 - 64,HSN,42.97,29.98,30.0,0.0,VF RIP U-TREUE,0.0
3621,45 - 49,NRW,54.99,34.97,30.0,0.0,RED INTERNET & PHONE CABLE U,0.0
3622,45 - 49,NRW,44.99,44.99,30.0,0.0,RED INTERNET & PHONE CABLE U,0.0
3623,35 - 39,NRW,34.99,34.98,30.0,0.0,VF RIP U-TREUE,0.0
3624,40 - 44,NRW,34.98,34.99,30.0,0.0,VF RIP U-TREUE,0.0
3625,65 - 69,KBW,39.99,44.98,30.0,0.0,RED INTERNET & PHONE CABLE U,0.0
3626,25 - 29,NRW,39.99,42.99,30.0,1.0,RED INTERNET & PHONE CABLE U,1.0
3627,35 - 39,KBW,39.98,44.98,30.0,0.0,VF CABLEMAX,0.0
3628,60 - 64,KBW,44.99,39.98,6.0,0.0,VF CABLEMAX,0.0
3629,40 - 44,NRW,44.98,44.99,30.0,0.0,RED INTERNET & PHONE CABLE U,1.0
3630,65 - 69,NRW,44.98,39.98,30.0,0.0,RED INTERNET & PHONE CABLE U,0.0
3631,40 - 44,KBW,39.99,34.99,30.0,0.0,RED INTERNET & PHONE CABLE U,0.0
3632,50 - 54,NRW,44.97,34.98,30.0,0.0,VF RIP U-TREUE,0.0
3633,50 - 54,NRW,39.99,34.99,30.0,0.0,VF RIP U-TREUE,1.0
3634,50 - 54,KBW,44.98,54.97,30.0,0.0,VF CABLEMAX,0.0
3635,55 - 59,KBW,34.99,54.99,30.0,0.0,VF RIP U-TREUE,0.0
3636,60 - 64,NRW,34.98,39.99,6.0,0.0,RED INTERNET & PHONE CABLE U,0.0
3637,55 - 59,KBW,59.99,49.99,30.0,0.0,RED INTERNET & PHONE CABLE U,0.0
3638,45 - 49,NRW,34.99,49.98,30.0,0.0,GIGAZUHAUSE KABEL,1.0
3639,40 - 44,KBW,44.98,49.99,30.0,0.0,GIGAZUHAUSE KABEL,1.0
3640,60 - 64,NRW,39.99,34.99,30.0,0.0,GIGAZUHAUSE KABEL,1.0
3641,25 - 29,NRW,44.98,44.99,30.0,0.0,RED INTERNET & PHONE CABLE U,1.0
3642,50 - 54,KBW,29.99,34.99,30.0,0.0,GIGAZUHAUSE KABEL,0.0
3643,35 - 39,KBW,44.98,34.98,30.0,0.0,RED INTERNET & PHONE CABLE U,0.0
3644,35 - 39,NRW,34.97,34.99,30.0,0.0,RED INTERNET & PHONE CABLE U,1.0
3645,50 - 54,HSN,39.99,34.99,30.0,0.0,RED INTERNET & PHONE CABLE U,0.0
3646,45 - 49,NRW,39.98,39.99,30.0,0.0,VF RIP U-TREUE,0.0
3647,30 - 34,KBW,49.99,44.99,30.0,0.0,VF CABLEMAX,0.0
3648,35 - 39,NRW,39.99,39.99,30.0,0.0,RED INTERNET & PHONE CABLE U,1.0
3649,65 - 69,KBW,42.98,49.98,30.0,0.0,RED INTERNET & PHONE CABLE U,0.0
3650,65 - 69,NRW,34.99,39.98,30.0,0.0,RED INTERNET & PHONE CABLE U,0.0
3651,30 - 34,KBW,44.99,39.98,30.0,0.0,RED INTERNET & PHONE CABLE U,1.0
3652,50 - 54,KBW,39.99,49.99,30.0,0.0,GIGAZUHAUSE KABEL,0.0
3653,30 - 34,HSN,44.99,44.99,30.0,0.0,RED INTERNET & PHONE CABLE U,1.0
3654,45 - 49,NRW,39.98,34.99,30.0,0.0,VF RIP U-TREUE,0.0
3655,45 - 49,KBW,34.97,34.99,30.0,0.0,RED INTERNET & PHONE CABLE U,1.0
3656,30 - 34,NRW,34.99,29.99,30.0,0.0,VF CABLEMAX,1.0
3657,35 - 39,NRW,34.98,39.97,30.0,0.0,VF RIP U-TREUE,1.0
3658,75 - 79,NRW,39.98,34.98,30.0,0.0,VF CABLEMAX,0.0
3659,60 - 64,NRW,44.99,29.98,30.0,0.0,RED INTERNET & PHONE CABLE U,1.0
3660,60 - 64,KBW,32.98,29.99,30.0,0.0,VF RIP U-TREUE,0.0
3661,25 - 29,NRW,44.98,34.99,30.0,0.0,VF RIP U-TREUE,1.0
3662,25 - 29,NRW,39.99,39.97,30.0,0.0,RED INTERNET & PHONE CABLE U,1.0
3663,30 - 34,HSN,39.98,39.99,30.0,0.0,VF CABLEMAX,0.0
3664,55 - 59,NRW,24.99,39.97,30.0,0.0,VF RIP U-TREUE,0.0
3665,30 - 34,KBW,50.99,44.99,30.0,0.0,GIGAZUHAUSE KABEL,1.0
3666,60 - 64,NRW,29.97,44.97,30.0,0.0,RED INTERNET & PHONE CABLE U,0.0
3667,55 - 59,KBW,39.99,44.99,30.0,0.0,RED INTERNET & PHONE CABLE U,1.0
3668,40 - 44,NRW,39.98,39.99,30.0,0.0,VF CABLEMAX,1.0
3669,70 - 74,NRW,39.99,34.98,30.0,0.0,RED INTERNET & PHONE CABLE U,0.0
3670,35 - 39,NRW,29.99,39.99,30.0,0.0,RED INTERNET & PHONE CABLE U,1.0
3671,35 - 39,NRW,34.98,44.99,30.0,0.0,RED INTERNET & PHONE CABLE U,1.0
3672,35 - 39,KBW,39.99,54.99,30.0,0.0,RED INTERNET & PHONE CABLE U,1.0
3673,50 - 54,NRW,39.99,39.99,30.0,0.0,GIGAZUHAUSE KABEL,0.0
3674,70 - 74,NRW,49.99,34.99,30.0,0.0,RED INTERNET & PHONE CABLE U,0.0
3675,25 - 29,NRW,52.99,39.98,30.0,0.0,RED INTERNET & PHONE CABLE U,1.0
3676,25 - 29,KBW,39.98,39.98,30.0,0.0,RED INTERNET & PHONE CABLE U,0.0
3677,25 - 29,NRW,39.99,34.99,30.0,0.0,VF CABLEMAX,0.0
3678,50 - 54,KBW,34.98,34.98,30.0,0.0,VF CABLEMAX,1.0
3679,40 - 44,KBW,49.99,34.99,30.0,0.0,VF CABLEMAX,1.0
3680,45 - 49,KBW,44.99,32.99,30.0,0.0,VF RIP U-TREUE,1.0
3681,45 - 49,NRW,39.99,39.98,30.0,0.0,RED INTERNET & PHONE CABLE U,1.0
3682,65 - 69,NRW,44.98,24.99,30.0,0.0,RED INTERNET & PHONE CABLE U,0.0
3683,55 - 59,NRW,42.98,34.98,30.0,0.0,VF RIP U-TREUE,0.0
3684,50 - 54,NRW,34.98,49.99,30.0,0.0,VF CABLEMAX,1.0
3685,30 - 34,NRW,44.99,44.98,30.0,0.0,VF RIP U-TREUE,0.0
3686,55 - 59,NRW,37.99,29.99,30.0,0.0,VF RIP U-TREUE,0.0
3687,35 - 39,NRW,44.97,19.98,30.0,0.0,VF RIP U-TREUE,1.0
3688,50 - 54,KBW,44.98,34.99,30.0,0.0,RED INTERNET & PHONE CABLE U,0.0
3689,65 - 69,NRW,29.98,34.99,30.0,0.0,GIGAZUHAUSE KABEL,0.0
3690,25 - 29,NRW,49.99,48.99,30.0,0.0,RED INTERNET & PHONE CABLE U,0.0
3691,50 - 54,KBW,34.99,39.99,30.0,0.0,VF CABLEMAX,1.0
3692,60 - 64,NRW,43.99,34.99,30.0,0.0,GIGAZUHAUSE KABEL,0.0
3693,50 - 54,NRW,44.99,34.99,30.0,0.0,GIGAZUHAUSE KABEL,0.0
3694,40 - 44,NRW,44.99,44.97,30.0,0.0,VF CABLEMAX,0.0
3695,35 - 39,NRW,39.99,39.99,30.0,0.0,RED INTERNET & PHONE CABLE U,0.0
3696,35 - 39,KBW,44.98,34.99,30.0,0.0,RED INTERNET & PHONE CABLE U,0.0
3697,25 - 29,NRW,39.99,34.98,30.0,0.0,RED INTERNET & PHONE CABLE U,0.0
3698,30 - 34,KBW,44.99,44.98,30.0,0.0,GIGAZUHAUSE KABEL,1.0
3699,70 - 74,NRW,34.99,44.98,30.0,0.0,RED INTERNET & PHONE CABLE U,1.0
3700,55 - 59,NRW,44.99,27.99,30.0,0.0,VF RIP U-TREUE,0.0
3701,30 - 34,KBW,29.98,44.98,30.0,0.0,RED INTERNET & PHONE CABLE U,1.0
3702,60 - 64,NRW,39.97,44.99,30.0,0.0,RED INTERNET & PHONE CABLE U,1.0
3703,30 - 34,HSN,49.98,39.99,30.0,0.0,RED INTERNET & PHONE CABLE U,0.0
3704,60 - 64,NRW,44.99,44.99,30.0,1.0,VF RIP U-TREUE,0.0
3705,40 - 44,KBW,39.98,39.98,30.0,0.0,RED INTERNET & PHONE CABLE U,1.0
3706,35 - 39,HSN,34.99,74.98,30.0,0.0,RED INTERNET & PHONE CABLE U,0.0
3707,40 - 44,KBW,34.98,34.99,30.0,0.0,RED INTERNET & PHONE CABLE U,1.0
3708,30 - 34,NRW,44.99,29.99,30.0,0.0,RED INTERNET & PHONE CABLE U,1.0
3709,60 - 64,NRW,44.99,29.99,30.0,0.0,VF RIP U-TREUE,0.0
3711,25 - 29,NRW,29.99,34.99,30.0,0.0,RED INTERNET & PHONE CABLE U,1.0
3712,40 - 44,NRW,34.99,44.98,30.0,0.0,RED INTERNET & PHONE CABLE U,0.0
3713,45 - 49,NRW,19.98,44.98,30.0,0.0,RED INTERNET & PHONE CABLE U,0.0
3714,25 - 29,NRW,42.98,44.98,30.0,0.0,RED INTERNET & PHONE CABLE U,1.0
3715,35 - 39,HSN,39.99,49.99,30.0,0.0,RED INTERNET & PHONE CABLE U,1.0
3716,65 - 69,NRW,39.98,44.98,30.0,0.0,RED INTERNET & PHONE CABLE U,0.0
3717,25 - 29,NRW,44.99,44.98,30.0,0.0,RED INTERNET & PHONE CABLE U,0.0
3718,40 - 44,KBW,44.99,34.99,30.0,0.0,RED INTERNET & PHONE CABLE U,1.0
3719,50 - 54,NRW,39.99,44.98,30.0,0.0,GIGAZUHAUSE KABEL,0.0
3720,50 - 54,NRW,44.98,39.99,30.0,0.0,RED INTERNET & PHONE CABLE U,1.0
3721,55 - 59,NRW,39.98,39.99,30.0,0.0,VF CABLEMAX,0.0
3722,55 - 59,NRW,39.98,44.98,30.0,0.0,RED INTERNET & PHONE CABLE U,0.0
3723,45 - 49,KBW,29.98,37.99,30.0,0.0,VF RIP U-TREUE,0.0
3724,60 - 64,NRW,44.98,39.98,30.0,0.0,RED INTERNET & PHONE CABLE U,1.0
3725,35 - 39,KBW,42.98,39.99,30.0,0.0,VF CABLEMAX,1.0
3726,25 - 29,NRW,39.98,24.99,30.0,0.0,RED INTERNET & PHONE CABLE U,1.0
3727,25 - 29,NRW,34.99,44.98,30.0,0.0,RED INTERNET & PHONE CABLE U,0.0
3728,60 - 64,NRW,44.98,44.99,30.0,0.0,RED INTERNET & PHONE CABLE U,0.0
3729,35 - 39,NRW,44.98,44.98,30.0,0.0,RED INTERNET & PHONE CABLE U,1.0
3730,60 - 64,NRW,29.99,29.98,30.0,0.0,RED INTERNET & PHONE CABLE U,1.0
3731,35 - 39,NRW,34.99,29.99,30.0,0.0,RED INTERNET & PHONE CABLE U,1.0
3732,40 - 44,HSN,34.99,44.99,30.0,0.0,VF CABLEMAX,0.0
3733,35 - 39,HSN,44.99,39.97,30.0,0.0,RED INTERNET & PHONE CABLE U,1.0
3734,65 - 69,NRW,34.99,39.99,30.0,0.0,VF CABLEMAX,0.0
3735,65 - 69,NRW,44.98,39.99,30.0,0.0,VF RIP U-TREUE,1.0
3736,40 - 44,NRW,44.97,49.98,30.0,0.0,RED INTERNET & PHONE CABLE U,0.0
3737,70 - 74,NRW,44.97,34.99,30.0,0.0,RED INTERNET & PHONE CABLE U,1.0
3738,60 - 64,NRW,34.99,24.99,30.0,0.0,VF CABLEMAX,0.0
3739,55 - 59,KBW,39.98,32.99,30.0,0.0,RED INTERNET & PHONE CABLE U,0.0
3740,45 - 49,NRW,42.98,34.99,30.0,0.0,VF RIP U-TREUE,0.0
3741,35 - 39,NRW,44.98,44.97,30.0,0.0,VF RIP U-TREUE,1.0
3742,25 - 29,NRW,44.99,42.99,30.0,0.0,VF CABLEMAX,1.0
3743,30 - 34,KBW,19.98,44.98,30.0,0.0,RED INTERNET & PHONE CABLE U,1.0
3744,75 - 79,KBW,39.98,39.99,30.0,0.0,GIGAZUHAUSE KABEL,0.0
3745,35 - 39,NRW,34.99,39.99,30.0,0.0,GIGAZUHAUSE KABEL,0.0
3746,45 - 49,NRW,34.98,49.98,30.0,0.0,VF CABLEMAX,0.0
3747,30 - 34,HSN,29.99,44.98,30.0,0.0,GIGAZUHAUSE KABEL,1.0
3748,50 - 54,NRW,29.98,44.99,30.0,0.0,VF CABLEMAX,0.0
3749,30 - 34,KBW,39.99,44.98,30.0,0.0,GIGAZUHAUSE KABEL,1.0
3750,25 - 29,NRW,34.98,34.99,30.0,0.0,RED INTERNET & PHONE CABLE U,1.0
3751,25 - 29,NRW,44.99,44.97,30.0,0.0,VF CABLEMAX,1.0
3752,40 - 44,NRW,44.97,44.97,30.0,0.0,GIGAZUHAUSE KABEL,1.0
3753,70 - 74,KBW,29.99,44.97,30.0,0.0,VF RIP U-TREUE,1.0
3754,18 - 24,NRW,42.99,39.98,30.0,0.0,RED INTERNET & PHONE CABLE U,1.0
3755,50 - 54,KBW,44.98,34.99,30.0,0.0,VF CABLEMAX,1.0
3756,35 - 39,KBW,44.99,39.99,30.0,0.0,RED INTERNET & PHONE CABLE U,0.0
3757,40 - 44,NRW,49.97,49.99,30.0,0.0,RED INTERNET & PHONE CABLE U,1.0
3758,35 - 39,KBW,37.98,39.98,30.0,0.0,RED INTERNET & PHONE CABLE U,0.0
3759,30 - 34,NRW,54.98,44.97,30.0,0.0,RED INTERNET & PHONE CABLE U,0.0
3760,65 - 69,NRW,34.98,39.99,30.0,0.0,RED INTERNET & PHONE CABLE U,0.0
3761,18 - 24,KBW,49.98,44.97,30.0,0.0,VF RIP U-TREUE,1.0
3762,25 - 29,NRW,44.98,29.98,30.0,0.0,VF CABLEMAX,1.0
3763,40 - 44,HSN,42.99,44.98,30.0,0.0,RED INTERNET & PHONE CABLE U,1.0
3764,60 - 64,NRW,34.99,49.98,30.0,0.0,RED INTERNET & PHONE CABLE U,0.0
3765,70 - 74,NRW,34.99,32.99,30.0,0.0,RED INTERNET & PHONE CABLE U,0.0
3766,35 - 39,NRW,34.99,44.99,30.0,0.0,GIGAZUHAUSE KABEL,1.0
3767,70 - 74,KBW,44.99,39.99,30.0,0.0,RED INTERNET & PHONE CABLE U,0.0
3768,35 - 39,NRW,29.99,39.98,30.0,0.0,RED INTERNET & PHONE CABLE U,1.0
3769,45 - 49,KBW,34.99,34.99,30.0,0.0,VF RIP U-TREUE,0.0
3770,40 - 44,NRW,34.99,34.99,30.0,0.0,GIGAZUHAUSE KABEL,0.0
3771,30 - 34,NRW,39.97,49.98,30.0,0.0,RED INTERNET & PHONE CABLE U,1.0
3772,55 - 59,NRW,39.99,34.99,30.0,0.0,RED INTERNET & PHONE CABLE U,1.0
3773,50 - 54,NRW,29.99,39.99,30.0,0.0,RED INTERNET & PHONE CABLE U,1.0
3774,35 - 39,KBW,44.98,44.98,30.0,0.0,RED INTERNET & PHONE CABLE U,0.0
3775,40 - 44,NRW,34.98,43.99,30.0,0.0,RED INTERNET & PHONE CABLE U,0.0
3776,35 - 39,NRW,44.99,39.98,30.0,0.0,GIGAZUHAUSE KABEL,0.0
3777,55 - 59,NRW,47.98,44.99,30.0,0.0,VF CABLEMAX,1.0
3778,55 - 59,KBW,44.99,39.98,30.0,0.0,VF RIP U-TREUE,1.0
3779,30 - 34,NRW,49.99,49.98,30.0,0.0,RED INTERNET & PHONE CABLE U,0.0
3780,30 - 34,NRW,34.99,39.99,30.0,0.0,RED INTERNET & PHONE CABLE U,0.0
3781,50 - 54,NRW,44.99,37.99,30.0,0.0,GIGAZUHAUSE KABEL,0.0
3782,25 - 29,KBW,44.98,39.98,30.0,0.0,GIGAZUHAUSE KABEL,0.0
3783,40 - 44,NRW,44.98,39.98,30.0,0.0,VF RIP U-TREUE,0.0
3784,50 - 54,KBW,34.99,39.99,30.0,0.0,GIGAZUHAUSE KABEL,1.0
3785,40 - 44,NRW,39.99,44.98,30.0,0.0,RED INTERNET & PHONE CABLE U,0.0
3786,55 - 59,KBW,39.98,34.99,30.0,0.0,VF RIP U-TREUE,1.0
3787,45 - 49,NRW,32.99,49.99,30.0,0.0,VF RIP U-TREUE,1.0
3788,35 - 39,NRW,39.98,44.98,30.0,0.0,VF RIP U-TREUE,1.0
3789,35 - 39,KBW,39.97,29.99,30.0,0.0,VF RIP U-TREUE,0.0
3790,40 - 44,KBW,39.99,29.99,30.0,0.0,VF RIP U-TREUE,0.0
3791,35 - 39,KBW,34.98,44.98,30.0,0.0,RED INTERNET & PHONE CABLE U,1.0
3792,40 - 44,NRW,39.98,34.99,30.0,0.0,RED INTERNET & PHONE CABLE U,1.0
3793,35 - 39,NRW,47.99,39.99,30.0,0.0,RED INTERNET & PHONE CABLE U,1.0
3794,45 - 49,NRW,44.98,44.98,30.0,0.0,VF RIP U-TREUE,0.0
3795,45 - 49,KBW,34.99,44.97,30.0,0.0,VF RIP U-TREUE,0.0
3796,60 - 64,NRW,39.98,34.99,30.0,0.0,RED INTERNET & PHONE CABLE U,0.0
3797,60 - 64,NRW,44.98,39.99,30.0,0.0,GIGAZUHAUSE TREUE B,1.0
3798,35 - 39,NRW,44.99,44.98,30.0,0.0,VF RIP U-TREUE,0.0
3799,80 and over,KBW,44.99,34.98,30.0,0.0,RED INTERNET & PHONE CABLE U,0.0
3801,25 - 29,NRW,34.98,39.97,30.0,0.0,VF RIP U-TREUE,1.0
3802,25 - 29,NRW,34.99,39.99,30.0,0.0,RED INTERNET & PHONE CABLE U,1.0
3803,25 - 29,NRW,39.98,39.98,30.0,1.0,RED INTERNET & PHONE CABLE U,0.0
3804,25 - 29,KBW,29.97,34.98,30.0,0.0,VF CABLEMAX,0.0
3805,35 - 39,NRW,39.99,44.99,30.0,0.0,RED INTERNET & PHONE CABLE U,1.0
3806,35 - 39,KBW,24.99,39.99,30.0,0.0,RED INTERNET & PHONE CABLE U,0.0
3807,35 - 39,NRW,34.98,34.98,30.0,0.0,GIGAZUHAUSE TREUE B,1.0
3808,40 - 44,NRW,44.98,34.99,30.0,0.0,RED INTERNET & PHONE CABLE U,0.0
3809,30 - 34,KBW,34.99,39.98,30.0,0.0,RED INTERNET & PHONE CABLE U,0.0
3810,65 - 69,NRW,39.98,49.99,30.0,0.0,3PLAY TREUE,0.0
3811,35 - 39,KBW,34.99,44.99,30.0,0.0,VF CABLEMAX,0.0
3812,70 - 74,HSN,39.97,34.99,30.0,0.0,VF RIP U-TREUE,1.0
3813,35 - 39,NRW,49.99,34.98,30.0,0.0,RED INTERNET & PHONE CABLE U,1.0
3814,65 - 69,KBW,34.99,34.98,30.0,0.0,VF CABLEMAX,1.0
3815,35 - 39,NRW,49.98,34.98,30.0,0.0,RED INTERNET & PHONE CABLE U,0.0
3816,60 - 64,KBW,52.98,32.99,30.0,0.0,VF CABLEMAX,1.0
3817,35 - 39,NRW,34.97,29.98,30.0,0.0,GIGAZUHAUSE KABEL,1.0
3818,30 - 34,NRW,32.99,29.99,30.0,1.0,RED INTERNET & PHONE CABLE U,1.0
3819,70 - 74,NRW,29.99,39.99,30.0,0.0,MMA,1.0
3820,70 - 74,NRW,34.99,34.99,30.0,0.0,VF RIP U-TREUE,1.0
3821,60 - 64,KBW,39.99,39.97,30.0,0.0,VF CABLEMAX,1.0
3822,55 - 59,HSN,49.99,34.99,30.0,0.0,RED INTERNET & PHONE CABLE U,0.0
3823,35 - 39,NRW,34.99,44.98,30.0,0.0,RED INTERNET & PHONE CABLE U,0.0
3824,65 - 69,KBW,39.98,44.99,30.0,0.0,RED INTERNET & PHONE CABLE U,1.0
3825,35 - 39,NRW,44.98,49.98,30.0,0.0,RED INTERNET & PHONE CABLE U,1.0
3826,35 - 39,NRW,49.99,34.99,30.0,0.0,RED INTERNET & PHONE CABLE U,1.0
3827,55 - 59,NRW,49.99,44.98,30.0,0.0,VF CABLEMAX,1.0
3828,40 - 44,HSN,29.99,29.98,30.0,0.0,VF RIP U-TREUE,0.0
3829,40 - 44,NRW,39.98,34.99,30.0,0.0,VF RIP U-TREUE,0.0
3830,70 - 74,HSN,34.99,24.98,30.0,0.0,VF CABLEMAX,0.0
3831,35 - 39,NRW,34.99,44.98,30.0,0.0,GIGAZUHAUSE KABEL,0.0
3832,30 - 34,HSN,44.99,34.99,30.0,0.0,VF RIP U-TREUE,0.0
3833,30 - 34,NRW,32.99,62.98,30.0,0.0,RED INTERNET & PHONE CABLE U,0.0
3834,45 - 49,NRW,39.99,39.98,30.0,0.0,RED INTERNET & PHONE CABLE U,1.0
3835,30 - 34,KBW,50.99,39.98,30.0,0.0,GIGAZUHAUSE TREUE B,0.0
3836,25 - 29,HSN,39.99,29.99,30.0,0.0,VF RIP U-TREUE,0.0
3837,30 - 34,NRW,54.99,39.97,30.0,0.0,GIGAZUHAUSE KABEL,0.0
3838,55 - 59,NRW,49.99,29.98,30.0,0.0,RED INTERNET & PHONE CABLE U,0.0
3839,65 - 69,NRW,47.98,62.99,30.0,0.0,VF RIP U-TREUE,0.0
3840,30 - 34,NRW,29.99,49.98,30.0,0.0,VF CABLEMAX,1.0
3841,25 - 29,NRW,39.98,34.98,30.0,0.0,RED INTERNET & PHONE CABLE U,0.0
3842,45 - 49,KBW,34.98,39.99,30.0,0.0,RED INTERNET & PHONE CABLE U,0.0
3843,45 - 49,NRW,48.96,29.99,30.0,0.0,VF RIP U-TREUE,1.0
3844,65 - 69,KBW,44.99,17.98,30.0,0.0,RED INTERNET & PHONE CABLE U,1.0
3845,55 - 59,NRW,29.98,34.97,30.0,0.0,RED INTERNET & PHONE CABLE U,0.0
3846,30 - 34,HSN,44.98,39.98,30.0,0.0,VF RIP U-TREUE,0.0
3847,30 - 34,KBW,32.98,44.98,30.0,0.0,VF CABLEMAX,0.0
3848,25 - 29,NRW,39.98,44.98,30.0,0.0,RED INTERNET & PHONE CABLE U,0.0
3849,40 - 44,KBW,39.98,44.99,30.0,0.0,RED INTERNET & PHONE CABLE U,1.0
3850,40 - 44,NRW,39.99,34.98,30.0,0.0,RED INTERNET & PHONE CABLE U,1.0
3851,50 - 54,KBW,34.99,39.98,30.0,0.0,VF RIP U-TREUE,0.0
3852,25 - 29,NRW,34.98,39.99,30.0,0.0,VF RIP U-TREUE,0.0
3853,50 - 54,NRW,34.99,44.98,30.0,0.0,RED INTERNET & PHONE CABLE U,1.0
3854,65 - 69,NRW,34.99,39.98,30.0,0.0,VF RIP U-TREUE,0.0
3855,55 - 59,KBW,49.99,49.99,30.0,0.0,VF RIP U-TREUE,1.0
3856,45 - 49,NRW,29.99,44.98,30.0,0.0,VF RIP U-TREUE,1.0
3857,40 - 44,NRW,47.98,34.98,30.0,0.0,RED INTERNET & PHONE CABLE U,1.0
3858,60 - 64,NRW,34.99,34.99,30.0,0.0,VF RIP U-TREUE,0.0
3859,30 - 34,HSN,39.97,29.99,30.0,0.0,RED INTERNET & PHONE CABLE U,1.0
3860,35 - 39,KBW,39.99,39.99,30.0,0.0,RED INTERNET & PHONE CABLE U,0.0
3861,35 - 39,NRW,29.96,39.99,5.0,0.0,VF RIP U-TREUE,0.0
3862,40 - 44,NRW,34.98,44.98,30.0,0.0,RED INTERNET & PHONE CABLE U,0.0
3863,55 - 59,KBW,34.98,44.98,30.0,0.0,VF CABLEMAX,0.0
3864,50 - 54,NRW,34.99,49.99,30.0,0.0,RED INTERNET & PHONE CABLE U,1.0
3865,55 - 59,NRW,39.99,44.98,30.0,0.0,VF CABLEMAX,1.0
3866,65 - 69,NRW,54.99,29.99,30.0,0.0,RED INTERNET & PHONE CABLE U,0.0
3867,50 - 54,NRW,47.99,54.99,30.0,0.0,GIGAZUHAUSE KABEL,0.0
3868,40 - 44,NRW,34.98,39.98,30.0,0.0,VF RIP U-TREUE,0.0
3869,35 - 39,NRW,34.99,44.99,30.0,0.0,RED INTERNET & PHONE CABLE U,1.0
3870,35 - 39,HSN,39.97,34.99,30.0,0.0,VF CABLEMAX,0.0
3871,40 - 44,KBW,39.99,34.98,30.0,0.0,RED INTERNET & PHONE CABLE U,0.0
3872,35 - 39,NRW,39.98,39.99,30.0,0.0,GIGAZUHAUSE KABEL,1.0
3873,25 - 29,KBW,42.98,34.98,30.0,0.0,VF RIP U-TREUE,1.0
3874,50 - 54,KBW,37.99,34.99,30.0,0.0,VF RIP U-TREUE,0.0
3875,70 - 74,NRW,29.98,49.99,30.0,0.0,RED INTERNET & PHONE CABLE U,1.0
3876,35 - 39,HSN,34.99,44.98,30.0,0.0,RED INTERNET & PHONE CABLE U,1.0
3877,80 and over,HSN,39.98,44.99,30.0,0.0,VF CABLEMAX,0.0
3878,60 - 64,NRW,37.99,49.99,30.0,0.0,VF CABLEMAX,0.0
3879,45 - 49,HSN,44.99,39.99,30.0,0.0,VF RIP U-TREUE,0.0
3880,25 - 29,KBW,34.99,44.99,30.0,0.0,VF RIP U-TREUE,0.0
3881,25 - 29,NRW,42.98,49.99,30.0,0.0,VF RIP U-TREUE,1.0
3882,45 - 49,KBW,49.99,54.98,30.0,0.0,RED INTERNET & PHONE CABLE U,0.0
3883,70 - 74,NRW,34.98,44.97,30.0,0.0,RED INTERNET & PHONE CABLE U,0.0
3884,65 - 69,NRW,39.98,44.99,30.0,0.0,VF RIP U-TREUE,1.0
3885,60 - 64,HSN,44.99,54.99,30.0,0.0,RED INTERNET & PHONE CABLE U,1.0
3886,40 - 44,NRW,50.99,34.98,30.0,0.0,RED INTERNET & PHONE CABLE U,1.0
3887,40 - 44,NRW,44.98,39.99,30.0,0.0,VF RIP U-TREUE,0.0
3888,35 - 39,NRW,34.98,44.97,30.0,0.0,RED INTERNET & PHONE CABLE U,0.0
3889,30 - 34,NRW,44.98,44.99,30.0,0.0,RED INTERNET & PHONE CABLE U,0.0
3890,40 - 44,HSN,44.98,44.99,30.0,0.0,RED INTERNET & PHONE CABLE U,1.0
3891,70 - 74,KBW,44.99,44.99,30.0,0.0,VF RIP U-TREUE,0.0
3892,30 - 34,NRW,34.97,44.98,30.0,0.0,GIGAZUHAUSE KABEL,0.0
3893,45 - 49,KBW,29.99,29.99,30.0,0.0,VF CABLEMAX,0.0
3894,40 - 44,NRW,44.98,24.99,30.0,0.0,RED INTERNET & PHONE CABLE U,0.0
3895,30 - 34,NRW,39.98,49.98,30.0,0.0,RED INTERNET & PHONE CABLE U,0.0
3896,18 - 24,KBW,39.98,39.99,30.0,0.0,RED INTERNET & PHONE CABLE U,1.0
3897,50 - 54,NRW,39.99,39.98,30.0,0.0,RED INTERNET & PHONE CABLE U,0.0
3898,35 - 39,NRW,44.98,39.98,30.0,0.0,RED INTERNET & PHONE CABLE U,1.0
3899,55 - 59,KBW,29.99,49.96,30.0,0.0,RED INTERNET & PHONE CABLE U,0.0
3900,65 - 69,NRW,54.98,39.98,30.0,0.0,VF CABLEMAX,1.0
3901,40 - 44,NRW,49.98,39.99,30.0,0.0,RED INTERNET & PHONE CABLE U,0.0
3902,25 - 29,NRW,54.98,34.99,30.0,0.0,VF CABLEMAX,0.0
3903,40 - 44,KBW,42.98,34.99,30.0,0.0,VF RIP U-TREUE,1.0
3904,35 - 39,KBW,49.99,34.98,30.0,0.0,GIGAZUHAUSE KABEL,1.0
3905,30 - 34,NRW,49.98,34.99,30.0,0.0,GIGAZUHAUSE KABEL,1.0
3906,40 - 44,KBW,39.99,32.99,30.0,0.0,RED INTERNET & PHONE CABLE U,1.0
3907,35 - 39,KBW,34.99,39.98,30.0,0.0,VF CABLEMAX,0.0
3908,40 - 44,NRW,34.99,39.97,30.0,0.0,RED INTERNET & PHONE CABLE U,0.0
3909,55 - 59,KBW,74.98,39.99,30.0,1.0,VF CABLEMAX,0.0
3910,40 - 44,NRW,24.99,44.97,30.0,0.0,GIGAZUHAUSE KABEL,0.0
3911,40 - 44,NRW,39.99,44.97,30.0,0.0,VF RIP U-TREUE,1.0
3912,45 - 49,NRW,44.99,44.99,30.0,0.0,RED INTERNET & PHONE CABLE U,0.0
3913,50 - 54,NRW,34.98,44.98,30.0,0.0,RED INTERNET & PHONE CABLE U,0.0
3914,55 - 59,NRW,39.98,44.98,30.0,0.0,GIGAZUHAUSE KABEL,0.0
3915,35 - 39,NRW,44.98,34.99,30.0,0.0,RED INTERNET & PHONE CABLE U,1.0
3916,35 - 39,NRW,24.99,39.99,30.0,0.0,VF CABLEMAX,1.0
3917,40 - 44,NRW,47.99,44.98,30.0,0.0,VF RIP U-TREUE,0.0
3918,80 and over,KBW,34.98,44.99,30.0,0.0,VF CABLEMAX,1.0
3919,45 - 49,NRW,44.99,39.97,30.0,0.0,VF CABLEMAX,0.0
3920,40 - 44,KBW,44.98,44.98,30.0,0.0,RED INTERNET & PHONE CABLE U,0.0
3921,25 - 29,NRW,39.98,24.99,30.0,0.0,RED INTERNET & PHONE CABLE U,1.0
3922,60 - 64,NRW,44.99,54.99,30.0,0.0,GIGAZUHAUSE KABEL,0.0
3923,70 - 74,NRW,44.99,34.99,30.0,0.0,GIGAZUHAUSE KABEL,0.0
3924,55 - 59,KBW,34.99,44.97,30.0,0.0,RED INTERNET & PHONE CABLE U,1.0
3925,35 - 39,NRW,34.98,39.99,30.0,1.0,RED INTERNET & PHONE CABLE U,0.0
3926,45 - 49,KBW,49.99,44.98,30.0,0.0,GIGAZUHAUSE KABEL,1.0
3927,25 - 29,NRW,39.98,34.98,30.0,0.0,RED INTERNET & PHONE CABLE U,1.0
3928,30 - 34,KBW,39.98,49.99,30.0,0.0,GIGAZUHAUSE KABEL,1.0
3929,60 - 64,NRW,34.99,49.99,30.0,0.0,RED INTERNET & PHONE CABLE U,1.0
3930,30 - 34,NRW,39.98,39.99,30.0,0.0,RED INTERNET & PHONE CABLE U,0.0
3931,80 and over,KBW,44.98,34.99,30.0,0.0,GIGAZUHAUSE KABEL,1.0
3932,50 - 54,KBW,39.98,39.99,30.0,0.0,GIGAZUHAUSE KABEL,0.0
3933,40 - 44,NRW,44.99,34.99,30.0,0.0,RED INTERNET & PHONE CABLE U,0.0
3934,80 and over,NRW,39.98,32.99,30.0,0.0,VF RIP U-TREUE,0.0
3935,80 and over,KBW,34.98,49.99,30.0,0.0,VF RIP U-TREUE,1.0
3936,40 - 44,NRW,29.98,44.99,30.0,0.0,RED INTERNET & PHONE CABLE U,1.0
3937,40 - 44,NRW,44.99,39.99,30.0,0.0,RED INTERNET & PHONE CABLE U,1.0
3938,65 - 69,KBW,49.99,39.99,30.0,0.0,RED INTERNET & PHONE CABLE U,1.0
3939,60 - 64,NRW,39.99,34.99,30.0,0.0,RED INTERNET & PHONE CABLE U,0.0
3940,25 - 29,KBW,44.98,32.99,30.0,0.0,RED INTERNET & PHONE CABLE U,1.0
3941,60 - 64,KBW,49.98,44.97,30.0,0.0,VF CABLEMAX,1.0
3942,80 and over,NRW,44.99,34.99,30.0,0.0,RED INTERNET & PHONE CABLE U,0.0
3943,60 - 64,NRW,39.98,44.98,30.0,0.0,VF RIP U-TREUE,0.0
3944,35 - 39,NRW,44.99,74.99,30.0,0.0,VF CABLEMAX,1.0
3945,65 - 69,NRW,34.99,54.99,30.0,0.0,RED INTERNET & PHONE CABLE U,0.0
3946,55 - 59,NRW,37.99,34.99,30.0,0.0,RED INTERNET & PHONE CABLE U,1.0
3947,55 - 59,KBW,39.99,44.98,30.0,0.0,RED INTERNET & PHONE CABLE U,0.0
3948,30 - 34,HSN,39.98,34.98,30.0,0.0,VF RIP U-TREUE,1.0
3949,40 - 44,KBW,34.99,29.98,30.0,0.0,VF RIP U-TREUE,0.0
3950,50 - 54,NRW,44.99,44.99,30.0,0.0,VF CABLEMAX,1.0
3951,60 - 64,NRW,44.99,39.99,30.0,0.0,GIGAZUHAUSE KABEL,0.0
3952,25 - 29,NRW,49.98,49.98,30.0,0.0,RED INTERNET & PHONE CABLE U,0.0
3953,25 - 29,KBW,39.99,44.98,30.0,0.0,VF CABLEMAX,0.0
3954,65 - 69,NRW,39.99,42.99,30.0,0.0,GIGAZUHAUSE KABEL,1.0
3955,40 - 44,KBW,39.99,39.98,30.0,0.0,RED INTERNET & PHONE CABLE U,1.0
3956,30 - 34,NRW,44.98,44.98,30.0,0.0,RED INTERNET & PHONE CABLE U,1.0
3957,50 - 54,NRW,34.98,49.99,30.0,0.0,RED INTERNET & PHONE CABLE U,0.0
3958,35 - 39,NRW,44.99,44.99,30.0,0.0,RED INTERNET & PHONE CABLE U,1.0
3959,35 - 39,NRW,34.97,52.99,30.0,0.0,GIGAZUHAUSE KABEL,1.0
3960,30 - 34,NRW,49.98,39.98,30.0,0.0,RED INTERNET & PHONE CABLE U,1.0
3961,40 - 44,HSN,44.99,49.99,30.0,0.0,VF RIP U-TREUE,0.0
3962,25 - 29,NRW,39.98,39.99,30.0,0.0,RED INTERNET & PHONE CABLE U,0.0
3963,55 - 59,HSN,44.99,24.99,30.0,0.0,VF CABLEMAX,1.0
3964,40 - 44,NRW,44.97,39.99,30.0,0.0,VF CABLEMAX,0.0
3965,30 - 34,KBW,44.98,34.96,30.0,0.0,RED INTERNET & PHONE CABLE U,1.0
3966,60 - 64,NRW,44.99,39.99,30.0,0.0,VF RIP U-TREUE,0.0
3967,30 - 34,KBW,39.99,44.99,30.0,0.0,VF RIP U-TREUE,1.0
3968,30 - 34,NRW,49.99,44.99,30.0,0.0,VF RIP U-TREUE,0.0
3969,60 - 64,KBW,44.98,37.98,30.0,0.0,GIGAZUHAUSE TREUE B,0.0
3970,25 - 29,HSN,44.98,34.98,30.0,0.0,RED INTERNET & PHONE CABLE U,0.0
3971,65 - 69,NRW,34.99,49.99,30.0,0.0,RED INTERNET & PHONE CABLE U,0.0
3972,55 - 59,HSN,34.98,32.99,30.0,0.0,RED INTERNET & PHONE CABLE U,1.0
3973,35 - 39,KBW,42.99,44.99,30.0,0.0,RED INTERNET & PHONE CABLE U,0.0
3974,60 - 64,NRW,44.99,34.99,30.0,0.0,VF RIP U-TREUE,0.0
3975,35 - 39,NRW,44.98,44.99,30.0,0.0,VF RIP U-TREUE,0.0
3976,40 - 44,KBW,49.99,34.99,30.0,0.0,GIGAZUHAUSE KABEL,1.0
3977,25 - 29,NRW,39.98,34.99,30.0,0.0,VF CABLEMAX,0.0
3978,65 - 69,NRW,39.99,34.99,30.0,0.0,RED INTERNET & PHONE CABLE U,1.0
3979,30 - 34,NRW,44.99,49.99,30.0,1.0,GIGAZUHAUSE TREUE B,1.0
3980,35 - 39,HSN,39.99,44.99,30.0,0.0,RED INTERNET & PHONE CABLE U,0.0
3981,40 - 44,NRW,49.96,44.98,30.0,0.0,RED INTERNET & PHONE CABLE U,0.0
3982,40 - 44,KBW,34.99,0.98,30.0,0.0,VF RIP U-TREUE,0.0
3983,45 - 49,KBW,34.99,49.99,30.0,0.0,GIGAZUHAUSE KABEL,0.0
3984,80 and over,NRW,29.99,34.98,30.0,0.0,RED INTERNET & PHONE CABLE U,1.0
3985,25 - 29,NRW,38.97,29.98,30.0,0.0,VF RIP U-TREUE,1.0
3986,55 - 59,KBW,44.99,34.98,30.0,0.0,GIGAZUHAUSE KABEL,1.0
3987,30 - 34,NRW,49.98,34.98,30.0,0.0,VF RIP U-TREUE,0.0
3988,35 - 39,NRW,44.99,49.99,30.0,0.0,RED INTERNET & PHONE CABLE U,1.0
3989,50 - 54,NRW,44.98,29.97,30.0,0.0,VF RIP U-TREUE,1.0
3990,40 - 44,NRW,49.99,34.99,30.0,0.0,RED INTERNET & PHONE CABLE U,1.0
3991,60 - 64,NRW,29.98,44.97,30.0,0.0,RED INTERNET & PHONE CABLE U,0.0
3992,30 - 34,NRW,49.98,34.99,30.0,0.0,RED INTERNET & PHONE CABLE U,1.0
3993,25 - 29,KBW,44.99,39.98,30.0,0.0,RED INTERNET & PHONE CABLE U,0.0
3994,35 - 39,NRW,47.99,34.98,30.0,0.0,GIGAZUHAUSE KABEL,0.0
3995,55 - 59,NRW,34.98,42.98,30.0,0.0,VF RIP U-TREUE,0.0
3996,40 - 44,NRW,29.97,39.98,30.0,0.0,VF RIP U-TREUE,1.0
3997,55 - 59,NRW,39.97,34.98,30.0,0.0,RED INTERNET & PHONE CABLE U,0.0
3998,50 - 54,KBW,34.99,39.97,30.0,0.0,RED INTERNET & PHONE CABLE U,1.0
3999,60 - 64,HSN,34.98,39.98,30.0,0.0,VF RIP U-TREUE,1.0
4000,65 - 69,NRW,29.99,44.99,30.0,0.0,RED INTERNET & PHONE CABLE U,1.0
4001,40 - 44,NRW,54.98,39.97,30.0,0.0,VF RIP U-TREUE,0.0
4002,35 - 39,NRW,39.99,29.98,30.0,0.0,GIGAZUHAUSE KABEL,1.0
4003,25 - 29,NRW,29.99,37.99,30.0,0.0,VF RIP U-TREUE,1.0
4004,30 - 34,NRW,34.99,44.98,30.0,0.0,RED INTERNET & PHONE CABLE U,1.0
4005,55 - 59,NRW,24.98,34.98,30.0,0.0,RED INTERNET & PHONE CABLE U,0.0
4006,30 - 34,KBW,39.99,39.99,30.0,0.0,VF CABLEMAX,1.0
4007,35 - 39,NRW,34.99,37.99,30.0,0.0,RED INTERNET & PHONE CABLE U,1.0
4008,55 - 59,NRW,39.98,34.99,30.0,0.0,RED INTERNET & PHONE CABLE U,0.0
4009,35 - 39,NRW,29.99,49.99,30.0,0.0,GIGAZUHAUSE TREUE B,0.0
4010,45 - 49,NRW,34.98,39.98,30.0,0.0,VF RIP U-TREUE,1.0
4011,35 - 39,NRW,44.98,39.99,30.0,0.0,RED INTERNET & PHONE CABLE U,1.0
4012,40 - 44,HSN,34.98,34.99,30.0,0.0,VF RIP U-TREUE,1.0
4013,55 - 59,NRW,39.98,44.99,30.0,0.0,RED INTERNET & PHONE CABLE U,0.0
4014,25 - 29,NRW,32.99,44.98,30.0,0.0,GIGAZUHAUSE KABEL,1.0
4015,35 - 39,NRW,44.97,39.99,30.0,0.0,RED INTERNET & PHONE CABLE U,1.0
4016,60 - 64,NRW,39.99,39.97,30.0,0.0,VF CABLEMAX,1.0
4017,50 - 54,NRW,34.98,44.99,30.0,0.0,VF CABLEMAX,1.0
4018,65 - 69,KBW,39.98,44.99,30.0,0.0,VF RIP U-TREUE,1.0
4019,55 - 59,HSN,44.99,44.98,30.0,0.0,GIGAZUHAUSE KABEL,1.0
4020,25 - 29,NRW,34.99,34.98,30.0,0.0,RED INTERNET & PHONE CABLE U,1.0
4021,45 - 49,KBW,54.98,39.97,30.0,0.0,RED INTERNET & PHONE CABLE U,0.0
4022,25 - 29,NRW,39.98,42.99,30.0,0.0,RED INTERNET & PHONE CABLE U,1.0
4023,40 - 44,KBW,54.98,34.99,30.0,0.0,VF CABLEMAX,0.0
4024,30 - 34,KBW,44.98,44.98,30.0,0.0,VF RIP U-TREUE,1.0
4025,80 and over,NRW,32.98,34.98,30.0,0.0,RED INTERNET & PHONE CABLE U,1.0
4026,35 - 39,KBW,34.99,34.97,30.0,0.0,RED INTERNET & PHONE CABLE U,1.0
4027,60 - 64,NRW,29.98,47.99,30.0,0.0,RED INTERNET & PHONE CABLE U,0.0
4028,30 - 34,NRW,47.99,34.98,30.0,0.0,RED INTERNET & PHONE CABLE U,0.0
4029,30 - 34,NRW,44.98,44.98,30.0,0.0,VF RIP U-TREUE,1.0
4030,55 - 59,NRW,44.98,39.99,30.0,0.0,RED INTERNET & PHONE CABLE U,0.0
4031,50 - 54,NRW,39.99,44.98,30.0,0.0,RED INTERNET & PHONE CABLE U,0.0
4032,45 - 49,NRW,42.99,39.98,30.0,0.0,VF RIP U-TREUE,1.0
4033,50 - 54,NRW,39.98,44.98,30.0,0.0,VF RIP U-TREUE,0.0
4034,35 - 39,NRW,44.99,54.99,30.0,0.0,VF CABLEMAX,1.0
4035,35 - 39,NRW,39.99,29.99,30.0,0.0,RED INTERNET & PHONE CABLE U,1.0
4036,40 - 44,NRW,39.98,44.98,30.0,0.0,VF RIP U-TREUE,0.0
4037,60 - 64,NRW,37.99,29.98,30.0,0.0,RED INTERNET & PHONE CABLE U,1.0
4038,25 - 29,NRW,44.99,44.98,30.0,0.0,VF RIP U-TREUE,0.0
4039,25 - 29,NRW,24.99,39.99,30.0,0.0,RED INTERNET & PHONE CABLE U,1.0
4040,80 and over,HSN,34.97,34.99,30.0,0.0,RED INTERNET & PHONE CABLE U,0.0
4041,35 - 39,NRW,39.99,34.99,30.0,0.0,VF CABLEMAX,0.0
4042,35 - 39,KBW,44.98,44.98,30.0,0.0,VF RIP U-TREUE,1.0
4043,35 - 39,HSN,39.98,34.97,30.0,1.0,VF CABLEMAX,1.0
4044,40 - 44,NRW,34.99,44.99,30.0,0.0,VF RIP U-TREUE,1.0
4045,40 - 44,HSN,34.99,49.99,30.0,0.0,VF CABLEMAX,1.0
4046,30 - 34,KBW,39.99,49.98,30.0,0.0,VF RIP U-TREUE,0.0
4047,50 - 54,KBW,49.99,47.98,30.0,0.0,GIGAZUHAUSE KABEL,1.0
4048,55 - 59,NRW,44.97,44.99,30.0,0.0,VF CABLEMAX,0.0
4049,30 - 34,NRW,44.99,44.99,30.0,0.0,VF RIP U-TREUE,1.0
4050,25 - 29,HSN,24.99,44.99,30.0,0.0,RED INTERNET & PHONE CABLE U,1.0
4051,55 - 59,HSN,49.99,39.99,30.0,0.0,VF CABLEMAX,1.0
4052,30 - 34,NRW,29.99,39.99,30.0,0.0,RED INTERNET & PHONE CABLE U,1.0
4053,30 - 34,NRW,34.99,49.98,30.0,0.0,GIGAZUHAUSE TREUE B,1.0
4054,60 - 64,NRW,34.99,39.99,30.0,0.0,RED INTERNET & PHONE CABLE U,1.0
4055,35 - 39,NRW,34.98,34.99,30.0,0.0,GIGAZUHAUSE KABEL,1.0
4056,25 - 29,KBW,32.99,44.99,30.0,0.0,RED INTERNET & PHONE CABLE U,0.0
4057,25 - 29,NRW,44.99,34.97,30.0,0.0,RED INTERNET & PHONE CABLE U,0.0
4058,25 - 29,NRW,44.99,44.98,30.0,0.0,VF RIP U-TREUE,1.0
4059,65 - 69,NRW,39.99,54.99,30.0,0.0,VF CABLEMAX,1.0
4060,30 - 34,KBW,44.99,29.98,30.0,0.0,RED INTERNET & PHONE CABLE U,0.0
4061,40 - 44,NRW,34.99,44.99,30.0,0.0,RED INTERNET & PHONE CABLE U,0.0
4062,55 - 59,NRW,44.99,49.97,30.0,0.0,VF CABLEMAX,0.0
4063,25 - 29,KBW,34.99,34.97,30.0,0.0,VF RIP U-TREUE,1.0
4064,35 - 39,NRW,32.98,44.97,30.0,0.0,RED INTERNET & PHONE CABLE U,1.0
4065,80 and over,KBW,39.98,34.99,30.0,0.0,RED INTERNET & PHONE CABLE U,0.0
4066,25 - 29,KBW,34.99,39.99,30.0,0.0,RED INTERNET & PHONE CABLE U,1.0
4067,25 - 29,KBW,34.99,34.99,30.0,0.0,RED INTERNET & PHONE CABLE U,0.0
4068,35 - 39,NRW,39.99,34.99,30.0,0.0,VF RIP U-TREUE,0.0
4069,30 - 34,NRW,32.99,34.98,30.0,0.0,RED INTERNET & PHONE CABLE U,0.0
4070,25 - 29,NRW,39.99,44.99,30.0,0.0,RED INTERNET & PHONE CABLE U,1.0
4071,60 - 64,KBW,34.98,34.99,30.0,0.0,RED INTERNET & PHONE CABLE U,0.0
4072,30 - 34,NRW,29.98,39.99,30.0,0.0,RED INTERNET & PHONE CABLE U,1.0
4073,25 - 29,NRW,49.98,44.99,30.0,0.0,VF RIP U-TREUE,0.0
4074,40 - 44,NRW,49.99,43.97,30.0,0.0,VF CABLEMAX,0.0
4075,55 - 59,NRW,34.98,42.99,30.0,0.0,VF CABLEMAX,0.0
4076,40 - 44,NRW,49.99,49.97,30.0,0.0,RED INTERNET & PHONE CABLE U,0.0
4077,55 - 59,NRW,43.98,54.98,30.0,0.0,RED INTERNET & PHONE CABLE U,0.0
4078,55 - 59,NRW,42.99,29.99,30.0,0.0,VF RIP U-TREUE,1.0
4079,45 - 49,HSN,44.99,39.99,30.0,0.0,RED INTERNET & PHONE CABLE U,1.0
4080,40 - 44,NRW,44.98,44.99,30.0,0.0,GIGAZUHAUSE KABEL,1.0
4081,35 - 39,KBW,44.98,49.99,30.0,0.0,RED INTERNET & PHONE CABLE U,1.0
4082,45 - 49,KBW,44.99,44.99,30.0,0.0,RED INTERNET & PHONE CABLE U,0.0
4083,40 - 44,KBW,40.98,39.98,30.0,0.0,RED INTERNET & PHONE CABLE U,1.0
4084,25 - 29,KBW,39.98,34.98,30.0,0.0,RED INTERNET & PHONE CABLE U,0.0
4085,40 - 44,KBW,44.99,44.99,30.0,0.0,RED INTERNET & PHONE CABLE U,1.0
4086,40 - 44,NRW,34.98,44.97,30.0,0.0,VF RIP U-TREUE,1.0
4087,35 - 39,NRW,49.98,39.99,30.0,0.0,RED INTERNET & PHONE CABLE U,1.0
4088,50 - 54,KBW,44.99,39.96,30.0,0.0,VF RIP U-TREUE,1.0
4089,40 - 44,NRW,44.98,49.99,30.0,0.0,VF RIP U-TREUE,1.0
4090,35 - 39,NRW,44.98,47.98,30.0,0.0,GIGAZUHAUSE KABEL,1.0
4091,40 - 44,NRW,34.98,73.98,30.0,0.0,RED INTERNET & PHONE CABLE U,1.0
4092,55 - 59,HSN,44.99,39.97,30.0,0.0,RED INTERNET & PHONE CABLE U,0.0
4093,40 - 44,NRW,32.99,34.99,30.0,0.0,RED INTERNET & PHONE CABLE U,0.0
4094,55 - 59,KBW,34.98,39.99,30.0,0.0,RED INTERNET & PHONE CABLE U,1.0
4095,65 - 69,NRW,49.98,39.99,30.0,0.0,RED INTERNET & PHONE CABLE U,1.0
4096,35 - 39,NRW,44.98,34.98,30.0,0.0,VF CABLEMAX,0.0
4097,40 - 44,KBW,49.98,44.98,30.0,1.0,RED INTERNET & PHONE CABLE U,0.0
4098,55 - 59,NRW,29.99,47.99,30.0,0.0,RED INTERNET & PHONE CABLE U,1.0
4099,45 - 49,HSN,44.97,29.98,30.0,0.0,VF RIP U-TREUE,0.0
4100,40 - 44,NRW,44.99,24.99,30.0,0.0,VF CABLEMAX,1.0
4101,18 - 24,HSN,24.97,47.99,30.0,0.0,VF RIP U-TREUE,0.0
4102,35 - 39,NRW,44.98,44.99,30.0,0.0,RED INTERNET & PHONE CABLE U,1.0
4103,30 - 34,KBW,44.99,34.99,30.0,0.0,RED INTERNET & PHONE CABLE U,1.0
4104,25 - 29,NRW,49.99,42.98,30.0,0.0,GIGAZUHAUSE KABEL,0.0
4105,50 - 54,NRW,44.99,39.98,30.0,0.0,VF RIP U-TREUE,0.0
4106,30 - 34,KBW,44.99,39.99,30.0,0.0,GIGAZUHAUSE KABEL,0.0
4107,40 - 44,KBW,34.99,44.99,30.0,1.0,RED INTERNET & PHONE CABLE U,0.0
4108,55 - 59,KBW,44.99,44.98,30.0,0.0,RED INTERNET & PHONE CABLE U,1.0
4109,55 - 59,NRW,49.99,63.99,30.0,0.0,RED INTERNET & PHONE CABLE U,0.0
4110,30 - 34,NRW,44.99,39.98,30.0,0.0,VF RIP U-TREUE,0.0
4111,60 - 64,NRW,24.98,44.98,30.0,0.0,RED INTERNET & PHONE CABLE U,1.0
4112,55 - 59,KBW,49.99,44.98,30.0,0.0,GIGAZUHAUSE KABEL,1.0
4113,25 - 29,NRW,34.99,39.97,30.0,0.0,VF RIP U-TREUE,1.0
4114,40 - 44,NRW,29.98,49.98,30.0,0.0,VF RIP U-TREUE,0.0
4115,35 - 39,KBW,39.98,39.98,30.0,0.0,RED INTERNET & PHONE CABLE U,0.0
4116,25 - 29,HSN,34.98,34.99,30.0,0.0,VF CABLEMAX,0.0
4117,40 - 44,NRW,39.99,39.99,30.0,0.0,VF CABLEMAX,1.0
4118,25 - 29,KBW,44.99,39.99,30.0,0.0,VF RIP U-TREUE,0.0
4119,65 - 69,NRW,44.98,49.98,30.0,0.0,RED INTERNET & PHONE CABLE U,1.0
4120,25 - 29,NRW,52.99,44.99,30.0,0.0,VF RIP U-TREUE,0.0
4121,35 - 39,KBW,37.98,39.98,30.0,0.0,RED INTERNET & PHONE CABLE U,1.0
4122,30 - 34,NRW,54.99,34.98,30.0,0.0,RED INTERNET & PHONE CABLE U,0.0
4123,25 - 29,HSN,34.99,34.99,30.0,0.0,VF CABLEMAX,1.0
4124,40 - 44,NRW,47.99,39.99,30.0,0.0,RED INTERNET & PHONE CABLE U,0.0
4125,30 - 34,KBW,39.99,44.98,30.0,0.0,VF RIP U-TREUE,0.0
4126,35 - 39,HSN,44.99,39.99,30.0,0.0,VF CABLEMAX,0.0
4127,35 - 39,HSN,44.98,44.98,30.0,0.0,RED INTERNET & PHONE CABLE U,1.0
4128,80 and over,NRW,34.97,44.98,30.0,0.0,RED INTERNET & PHONE CABLE U,0.0
4129,65 - 69,KBW,44.97,39.98,30.0,0.0,RED INTERNET & PHONE CABLE U,1.0
4130,65 - 69,NRW,29.99,44.99,30.0,0.0,RED INTERNET & PHONE CABLE U,0.0
4131,25 - 29,KBW,49.98,39.99,30.0,0.0,RED INTERNET & PHONE CABLE U,1.0
4132,30 - 34,NRW,34.99,39.99,30.0,0.0,GIGAZUHAUSE KABEL,0.0
4133,65 - 69,KBW,42.98,24.99,30.0,0.0,RED INTERNET & PHONE CABLE U,0.0
4134,80 and over,KBW,39.99,34.99,30.0,0.0,RED INTERNET & PHONE CABLE U,0.0
4135,40 - 44,NRW,44.99,39.99,30.0,0.0,VF RIP U-TREUE,1.0
4136,18 - 24,KBW,39.97,42.98,30.0,0.0,VF RIP U-TREUE,0.0
4137,40 - 44,NRW,39.98,34.97,30.0,0.0,RED INTERNET & PHONE CABLE U,1.0
4138,18 - 24,KBW,44.99,37.99,30.0,0.0,RED INTERNET & PHONE CABLE U,1.0
4139,30 - 34,NRW,44.99,39.98,30.0,0.0,VF RIP U-TREUE,1.0
4140,35 - 39,NRW,39.98,49.97,30.0,0.0,VF RIP U-TREUE,1.0
4141,40 - 44,NRW,39.99,44.99,30.0,0.0,RED INTERNET & PHONE CABLE U,1.0
4142,35 - 39,KBW,34.98,34.98,30.0,0.0,VF CABLEMAX,0.0
4143,50 - 54,KBW,44.99,32.99,30.0,0.0,VF CABLEMAX,1.0
4144,35 - 39,KBW,39.99,44.99,30.0,0.0,RED INTERNET & PHONE CABLE U,1.0
4145,40 - 44,NRW,44.98,44.98,30.0,0.0,VF RIP U-TREUE,0.0
4146,25 - 29,NRW,44.97,54.99,30.0,0.0,RED INTERNET & PHONE CABLE U,0.0
4147,40 - 44,NRW,57.98,39.99,30.0,0.0,RED INTERNET & PHONE CABLE U,1.0
4148,65 - 69,NRW,50.98,39.98,30.0,0.0,VF CABLEMAX,0.0
4149,25 - 29,NRW,44.99,44.98,30.0,0.0,VF RIP U-TREUE,1.0
4150,50 - 54,NRW,44.98,39.98,30.0,0.0,VF RIP U-TREUE,1.0
4151,35 - 39,KBW,34.98,24.98,30.0,0.0,RED INTERNET & PHONE CABLE U,0.0
4152,35 - 39,KBW,29.98,44.99,30.0,0.0,VF RIP U-TREUE,0.0
4153,35 - 39,KBW,39.99,39.98,30.0,0.0,VF RIP U-TREUE,0.0
4154,35 - 39,HSN,44.99,39.99,30.0,0.0,VF RIP U-TREUE,1.0
4155,40 - 44,NRW,34.98,52.99,30.0,0.0,RED INTERNET & PHONE CABLE U,0.0
4156,30 - 34,KBW,39.99,44.98,30.0,0.0,VF CABLEMAX,0.0
4157,30 - 34,NRW,37.99,39.98,30.0,0.0,RED INTERNET & PHONE CABLE U,0.0
4158,25 - 29,NRW,44.99,39.99,30.0,0.0,VF RIP U-TREUE,1.0
4159,40 - 44,NRW,34.99,49.98,30.0,0.0,RED INTERNET & PHONE CABLE U,0.0
4160,40 - 44,NRW,39.99,34.99,30.0,0.0,VF RIP U-TREUE,0.0
4161,40 - 44,KBW,44.99,39.98,30.0,0.0,RED INTERNET & PHONE CABLE U,0.0
4162,65 - 69,KBW,44.97,40.98,30.0,0.0,RED INTERNET & PHONE CABLE U,1.0
4163,30 - 34,NRW,44.98,43.99,30.0,0.0,RED INTERNET & PHONE CABLE U,0.0
4164,40 - 44,KBW,44.98,34.99,30.0,0.0,RED INTERNET & PHONE CABLE U,0.0
4165,40 - 44,KBW,44.99,34.99,30.0,0.0,VF RIP U-TREUE,1.0
4166,50 - 54,NRW,49.99,44.99,30.0,0.0,RED INTERNET & PHONE CABLE U,1.0
4167,40 - 44,NRW,39.99,29.99,30.0,0.0,RED INTERNET & PHONE CABLE U,0.0
4168,60 - 64,NRW,39.99,39.97,30.0,0.0,RED INTERNET & PHONE CABLE U,1.0
4169,35 - 39,KBW,39.98,49.99,30.0,0.0,RED INTERNET & PHONE CABLE U,1.0
4170,35 - 39,KBW,34.98,44.98,30.0,0.0,RED INTERNET & PHONE CABLE U,1.0
4171,40 - 44,KBW,34.98,34.98,30.0,0.0,RED INTERNET & PHONE CABLE U,1.0
4172,45 - 49,NRW,39.99,34.99,30.0,0.0,RED INTERNET & PHONE CABLE U,0.0
4173,35 - 39,KBW,49.98,44.98,30.0,0.0,RED INTERNET & PHONE CABLE U,0.0
4174,30 - 34,NRW,54.98,44.99,30.0,0.0,RED INTERNET & PHONE CABLE U,0.0
4175,35 - 39,NRW,39.99,42.99,30.0,0.0,VF RIP U-TREUE,1.0
4176,80 and over,KBW,39.99,49.99,30.0,0.0,RED INTERNET & PHONE CABLE U,1.0
4177,40 - 44,NRW,39.98,44.98,30.0,0.0,RED INTERNET & PHONE CABLE U,1.0
4178,50 - 54,HSN,29.97,49.99,30.0,0.0,RED INTERNET & PHONE CABLE U,0.0
4179,60 - 64,NRW,39.99,44.98,30.0,0.0,VF RIP U-TREUE,0.0
4180,65 - 69,NRW,34.99,34.98,30.0,0.0,GIGAZUHAUSE KABEL,0.0
4181,55 - 59,NRW,39.98,49.98,30.0,0.0,RED INTERNET & PHONE CABLE U,1.0
4182,55 - 59,NRW,44.98,44.99,30.0,0.0,RED INTERNET & PHONE CABLE U,0.0
4183,80 and over,KBW,37.99,42.98,30.0,0.0,VF RIP U-TREUE,0.0
4184,35 - 39,KBW,34.97,37.99,30.0,0.0,RED INTERNET & PHONE CABLE U,1.0
4185,65 - 69,NRW,39.99,44.99,30.0,0.0,VF RIP U-TREUE,1.0
4186,60 - 64,NRW,44.98,44.98,30.0,0.0,VF RIP U-TREUE,0.0
4187,40 - 44,NRW,39.99,34.97,30.0,0.0,RED INTERNET & PHONE CABLE U,0.0
4188,35 - 39,KBW,42.99,44.99,30.0,0.0,RED INTERNET & PHONE CABLE U,0.0
4189,35 - 39,KBW,39.98,39.99,30.0,0.0,RED INTERNET & PHONE CABLE U,1.0
4190,40 - 44,KBW,44.97,39.99,30.0,0.0,VF RIP U-TREUE,0.0
4191,35 - 39,KBW,39.99,29.99,30.0,0.0,VF RIP U-TREUE,0.0
4192,35 - 39,KBW,39.97,39.99,30.0,0.0,RED INTERNET & PHONE CABLE U,0.0
4193,50 - 54,KBW,39.99,44.99,30.0,0.0,RED INTERNET & PHONE CABLE U,0.0
4194,35 - 39,KBW,24.98,39.99,30.0,0.0,VF RIP U-TREUE,0.0
4195,45 - 49,NRW,34.99,44.98,30.0,0.0,RED INTERNET & PHONE CABLE U,1.0
4196,35 - 39,NRW,39.98,34.99,30.0,0.0,GIGAZUHAUSE KABEL,1.0
4197,35 - 39,KBW,39.99,54.98,30.0,0.0,RED INTERNET & PHONE CABLE U,1.0
4198,30 - 34,KBW,39.99,49.97,30.0,0.0,VF RIP U-TREUE,0.0
4199,25 - 29,NRW,39.98,44.98,30.0,0.0,VF RIP U-TREUE,1.0
4200,25 - 29,NRW,44.98,39.98,30.0,0.0,RED INTERNET & PHONE CABLE U,1.0
4201,40 - 44,KBW,54.98,44.99,30.0,0.0,VF RIP U-TREUE,1.0
4202,35 - 39,KBW,38.98,38.99,30.0,0.0,VF CABLEMAX,1.0
4203,55 - 59,NRW,44.99,39.99,30.0,0.0,RED INTERNET & PHONE CABLE U,0.0
4204,30 - 34,NRW,29.98,54.99,30.0,0.0,RED INTERNET & PHONE CABLE U,0.0
4205,25 - 29,NRW,44.98,34.97,30.0,0.0,VF CABLEMAX,0.0
4206,35 - 39,KBW,44.99,34.99,30.0,0.0,VF CABLEMAX,0.0
4207,35 - 39,NRW,34.99,34.99,30.0,0.0,RED INTERNET & PHONE CABLE U,1.0
4208,35 - 39,NRW,34.98,49.97,30.0,0.0,RED INTERNET & PHONE CABLE U,0.0
4209,25 - 29,NRW,44.99,39.99,30.0,0.0,GIGAZUHAUSE KABEL,0.0
4210,30 - 34,KBW,24.99,49.99,30.0,0.0,GIGAZUHAUSE KABEL,1.0
4211,40 - 44,NRW,44.98,34.99,30.0,0.0,VF CABLEMAX,1.0
4212,35 - 39,KBW,44.98,39.99,30.0,0.0,RED INTERNET & PHONE CABLE U,0.0
4213,60 - 64,KBW,44.99,39.99,30.0,0.0,RED INTERNET & PHONE CABLE U,0.0
4214,25 - 29,NRW,47.98,39.97,30.0,0.0,VF RIP U-TREUE,1.0
4215,40 - 44,NRW,39.99,44.98,30.0,0.0,VF CABLEMAX,1.0
4216,40 - 44,NRW,39.99,39.98,30.0,0.0,RED INTERNET & PHONE CABLE U,1.0
4217,30 - 34,NRW,49.99,44.99,30.0,0.0,VF CABLEMAX,1.0
4218,55 - 59,KBW,24.98,34.99,30.0,0.0,VF CABLEMAX,1.0
4219,35 - 39,NRW,39.98,44.98,30.0,0.0,RED INTERNET & PHONE CABLE U,0.0
4220,35 - 39,KBW,29.98,44.99,30.0,0.0,RED INTERNET & PHONE CABLE U,1.0
4221,25 - 29,KBW,39.99,44.97,30.0,0.0,RED INTERNET & PHONE CABLE U,0.0
4222,35 - 39,NRW,43.99,49.98,30.0,0.0,RED INTERNET & PHONE CABLE U,1.0
4223,40 - 44,NRW,47.99,39.99,30.0,0.0,GIGAZUHAUSE KABEL,0.0
4224,35 - 39,KBW,49.99,44.99,30.0,0.0,VF RIP U-TREUE,1.0
4225,65 - 69,KBW,44.99,34.99,30.0,0.0,VF RIP U-TREUE,1.0
4226,40 - 44,NRW,39.99,32.99,30.0,0.0,RED INTERNET & PHONE CABLE U,0.0
4227,50 - 54,NRW,54.99,34.99,30.0,0.0,VF CABLEMAX,1.0
4228,25 - 29,KBW,44.97,44.98,30.0,0.0,RED INTERNET & PHONE CABLE U,0.0
4229,60 - 64,NRW,49.99,29.97,30.0,0.0,VF RIP U-TREUE,1.0
4230,50 - 54,KBW,54.99,39.98,30.0,0.0,VF CABLEMAX,0.0
4231,60 - 64,NRW,44.98,39.99,30.0,0.0,VF RIP U-TREUE,0.0
4232,35 - 39,NRW,44.96,29.99,30.0,0.0,RED INTERNET & PHONE CABLE U,1.0
4233,25 - 29,NRW,39.98,44.97,30.0,0.0,VF CABLEMAX,0.0
4234,25 - 29,KBW,44.99,49.96,30.0,0.0,RED INTERNET & PHONE CABLE U,0.0
4235,35 - 39,HSN,39.99,29.98,30.0,0.0,VF RIP U-TREUE,1.0
4236,35 - 39,NRW,39.97,34.98,30.0,0.0,VF CABLEMAX,1.0
4237,40 - 44,NRW,34.99,49.99,30.0,0.0,GIGAZUHAUSE KABEL,0.0
4238,70 - 74,NRW,44.98,34.99,30.0,0.0,VF CABLEMAX,1.0
4239,35 - 39,NRW,39.98,34.99,30.0,0.0,GIGAZUHAUSE KABEL,1.0
4240,40 - 44,NRW,49.99,39.98,30.0,0.0,VF RIP U-TREUE,0.0
4241,40 - 44,KBW,44.99,34.98,30.0,0.0,VF RIP U-TREUE,1.0
4242,35 - 39,NRW,32.99,24.99,30.0,0.0,VF RIP U-TREUE,1.0
4243,40 - 44,NRW,39.97,44.98,30.0,0.0,GIGAZUHAUSE KABEL,0.0
4244,30 - 34,KBW,34.98,44.99,30.0,0.0,VF RIP U-TREUE,1.0
4245,25 - 29,KBW,29.98,44.99,30.0,0.0,RED INTERNET & PHONE CABLE U,0.0
4246,60 - 64,NRW,49.99,44.98,30.0,0.0,RED INTERNET & PHONE CABLE U,1.0
4247,50 - 54,NRW,34.97,44.98,30.0,0.0,RED INTERNET & PHONE CABLE U,1.0
4248,55 - 59,NRW,42.99,34.99,30.0,0.0,VF CABLEMAX,1.0
4249,30 - 34,NRW,39.99,44.99,30.0,0.0,GIGAZUHAUSE KABEL,0.0
4250,35 - 39,KBW,44.98,29.96,30.0,0.0,RED INTERNET & PHONE CABLE U,1.0
4251,40 - 44,NRW,39.99,44.99,30.0,0.0,VF CABLEMAX,0.0
4252,30 - 34,NRW,44.98,34.99,30.0,0.0,VF CABLEMAX,1.0
4253,50 - 54,NRW,39.98,49.99,30.0,0.0,VF CABLEMAX,1.0
4254,35 - 39,NRW,39.98,42.97,30.0,0.0,VF RIP U-TREUE,1.0
4255,25 - 29,NRW,34.98,34.99,30.0,0.0,VF RIP U-TREUE,1.0
4256,30 - 34,NRW,39.99,39.99,30.0,0.0,RED INTERNET & PHONE CABLE U,1.0
4257,18 - 24,KBW,34.99,39.99,30.0,0.0,RED INTERNET & PHONE CABLE U,0.0
4258,50 - 54,NRW,29.98,39.98,30.0,0.0,RED INTERNET & PHONE CABLE U,1.0
4259,30 - 34,NRW,44.99,34.98,30.0,0.0,RED INTERNET & PHONE CABLE U,0.0
4260,25 - 29,NRW,44.98,39.99,30.0,0.0,RED INTERNET & PHONE CABLE U,0.0
4261,35 - 39,KBW,34.99,29.98,30.0,0.0,VF CABLEMAX,1.0
4262,30 - 34,NRW,39.99,44.98,30.0,0.0,RED INTERNET & PHONE CABLE U,1.0
4263,55 - 59,HSN,34.97,34.97,30.0,0.0,VF CABLEMAX,0.0
4264,45 - 49,NRW,39.98,44.98,30.0,0.0,VF CABLEMAX,0.0
4265,30 - 34,NRW,34.99,49.98,30.0,0.0,GIGAZUHAUSE KABEL,1.0
4266,35 - 39,KBW,29.99,34.99,30.0,0.0,RED INTERNET & PHONE CABLE U,1.0
4267,25 - 29,KBW,39.97,34.99,30.0,0.0,VF RIP U-TREUE,0.0
4268,25 - 29,HSN,1.0,34.97,30.0,0.98,RED INTERNET & PHONE CABLE U,0.0
4269,35 - 39,KBW,39.98,44.96,30.0,0.0,VF CABLEMAX,1.0
4270,25 - 29,NRW,39.99,49.98,30.0,0.0,VF CABLEMAX,0.0
4271,40 - 44,NRW,42.98,44.99,30.0,0.0,RED INTERNET & PHONE CABLE U,1.0
4272,40 - 44,KBW,29.99,39.98,30.0,0.0,VF RIP U-TREUE,0.0
4273,25 - 29,NRW,49.99,54.99,30.0,0.0,GIGAZUHAUSE KABEL,1.0
4274,60 - 64,NRW,39.97,32.98,30.0,0.0,RED INTERNET & PHONE CABLE U,0.0
4275,35 - 39,HSN,34.98,54.99,30.0,0.0,VF RIP U-TREUE,0.0
4276,30 - 34,NRW,39.99,39.98,30.0,0.0,VF RIP U-TREUE,1.0
4277,30 - 34,NRW,39.99,39.99,30.0,0.0,RED INTERNET & PHONE CABLE U,1.0
4278,55 - 59,NRW,44.99,39.98,30.0,0.0,RED INTERNET & PHONE CABLE U,1.0
4279,40 - 44,NRW,29.99,44.99,30.0,0.0,3PLAY TREUE,1.0
4280,35 - 39,NRW,44.98,44.99,30.0,0.0,RED INTERNET & PHONE CABLE U,0.0
4281,25 - 29,HSN,67.97,37.98,30.0,0.0,RED INTERNET & PHONE CABLE U,1.0
4282,50 - 54,NRW,44.99,37.97,30.0,0.0,VF RIP U-TREUE,1.0
4283,35 - 39,KBW,39.98,44.98,30.0,0.0,VF CABLEMAX,1.0
4284,40 - 44,NRW,32.98,59.98,30.0,0.0,VF CABLEMAX,1.0
4285,25 - 29,HSN,34.99,34.99,30.0,0.0,RED INTERNET & PHONE CABLE U,1.0
4286,25 - 29,NRW,44.98,34.99,30.0,0.0,GIGAZUHAUSE KABEL,1.0
4287,35 - 39,HSN,39.99,49.99,30.0,0.0,VF CABLEMAX,1.0
4288,35 - 39,NRW,34.99,39.98,30.0,0.0,RED INTERNET & PHONE CABLE U,1.0
4289,40 - 44,HSN,39.99,34.98,30.0,0.0,VF CABLEMAX,0.0
4290,50 - 54,KBW,44.98,44.98,30.0,0.0,RED INTERNET & PHONE CABLE U,1.0
4291,55 - 59,KBW,44.98,53.99,30.0,0.0,RED INTERNET & PHONE CABLE U,0.0
4292,65 - 69,NRW,39.98,34.99,30.0,0.0,VF RIP U-TREUE,1.0
4293,30 - 34,NRW,34.99,34.99,30.0,0.0,VF RIP U-TREUE,1.0
4294,30 - 34,KBW,39.97,44.99,30.0,0.0,VF CABLEMAX,0.0
4295,35 - 39,KBW,44.98,49.99,30.0,0.0,GIGAZUHAUSE KABEL,0.0
4296,45 - 49,HSN,34.98,29.98,30.0,0.0,VF RIP U-TREUE,1.0
4297,30 - 34,NRW,37.99,44.99,30.0,0.0,RED INTERNET & PHONE CABLE U,1.0
4298,60 - 64,NRW,49.99,47.99,30.0,0.0,VF CABLEMAX,0.0
4299,40 - 44,NRW,39.98,39.98,30.0,0.0,GIGAZUHAUSE KABEL,0.0
4300,40 - 44,HSN,47.99,44.99,30.0,0.0,RED INTERNET & PHONE CABLE U,1.0
4301,35 - 39,NRW,34.99,39.99,30.0,0.0,VF CABLEMAX,1.0
4302,30 - 34,NRW,34.99,24.97,30.0,0.0,RED INTERNET & PHONE CABLE U,1.0
4303,35 - 39,NRW,34.98,39.99,30.0,0.0,RED INTERNET & PHONE CABLE U,1.0
4304,45 - 49,NRW,44.98,29.98,30.0,0.0,RED INTERNET & PHONE CABLE U,1.0
4305,25 - 29,NRW,39.99,44.96,30.0,0.0,GIGAZUHAUSE KABEL,0.0
4306,30 - 34,NRW,34.99,39.98,30.0,0.0,GIGAZUHAUSE KABEL,1.0
4307,55 - 59,NRW,39.98,44.98,30.0,0.0,GIGAZUHAUSE KABEL,0.0
4308,25 - 29,NRW,44.99,34.99,30.0,0.0,GIGAZUHAUSE KABEL,0.0
4309,55 - 59,KBW,39.99,39.99,30.0,0.0,GIGAZUHAUSE KABEL,1.0
4310,25 - 29,NRW,44.99,49.98,30.0,0.0,VF RIP U-TREUE,1.0
4311,65 - 69,NRW,39.99,44.99,30.0,0.0,RED INTERNET & PHONE CABLE U,0.0
4312,25 - 29,NRW,44.99,39.98,30.0,0.0,RED INTERNET & PHONE CABLE U,1.0
4313,35 - 39,NRW,44.99,44.98,30.0,0.0,GIGAZUHAUSE KABEL,1.0
4314,65 - 69,NRW,47.98,44.99,30.0,0.0,RED INTERNET & PHONE CABLE U,0.0
4315,25 - 29,NRW,44.99,44.98,30.0,0.0,VF CABLEMAX,1.0
4316,25 - 29,NRW,32.99,34.99,30.0,0.0,VF CABLEMAX,1.0
4317,25 - 29,NRW,29.98,34.99,30.0,0.0,VF RIP U-TREUE,1.0
4318,35 - 39,NRW,44.99,44.98,30.0,0.0,RED INTERNET & PHONE CABLE U,1.0
4319,60 - 64,HSN,34.97,42.99,30.0,1.0,RED INTERNET & PHONE CABLE U,1.0
4320,35 - 39,NRW,39.99,44.99,30.0,0.0,GIGAZUHAUSE KABEL,0.0
4321,30 - 34,NRW,54.99,39.99,30.0,0.0,RED INTERNET & PHONE CABLE U,0.0
4322,35 - 39,HSN,39.99,34.97,30.0,0.0,VF RIP U-TREUE,0.0
4323,50 - 54,KBW,42.99,34.97,30.0,0.0,RED INTERNET & PHONE CABLE U,0.0
4324,35 - 39,NRW,49.99,39.98,30.0,0.0,RED INTERNET & PHONE CABLE U,0.0
4325,55 - 59,NRW,34.99,39.98,30.0,0.0,RED INTERNET & PHONE CABLE U,0.0
4326,35 - 39,HSN,29.98,44.98,30.0,0.0,VF RIP U-TREUE,0.0
4327,25 - 29,KBW,49.98,37.98,30.0,0.0,VF CABLEMAX,1.0
4328,40 - 44,HSN,49.98,49.98,30.0,0.0,VF CABLEMAX,0.0
4329,30 - 34,NRW,39.99,39.99,30.0,0.0,VF CABLEMAX,1.0
4330,35 - 39,KBW,54.99,24.99,30.0,0.0,VF RIP U-TREUE,1.0
4331,30 - 34,HSN,39.99,37.99,30.0,0.0,VF RIP U-TREUE,0.0
4332,50 - 54,KBW,44.99,44.98,30.0,0.0,GIGAZUHAUSE KABEL,0.0
4333,45 - 49,NRW,39.98,39.99,30.0,0.0,VF RIP U-TREUE,1.0
4334,30 - 34,KBW,49.98,44.98,30.0,0.0,VF RIP U-TREUE,0.0
4335,40 - 44,HSN,44.99,44.98,30.0,0.0,RED INTERNET & PHONE CABLE U,0.0
4336,35 - 39,NRW,44.99,54.99,30.0,0.0,VF CABLEMAX,1.0
4337,25 - 29,NRW,34.99,50.99,30.0,0.0,RED INTERNET & PHONE CABLE U,0.0
4338,40 - 44,NRW,49.98,44.98,30.0,0.0,GIGAZUHAUSE KABEL,1.0
4339,55 - 59,KBW,44.98,39.99,30.0,1.0,VF RIP U-TREUE,0.0
4340,65 - 69,KBW,34.99,49.99,30.0,0.0,RED INTERNET & PHONE CABLE U,0.0
4341,25 - 29,NRW,34.98,54.98,30.0,0.0,VF RIP U-TREUE,0.0
4342,30 - 34,NRW,34.98,49.99,30.0,0.0,RED INTERNET & PHONE CABLE U,0.0
4343,35 - 39,NRW,44.98,44.98,30.0,0.0,VF RIP U-TREUE,0.0
4344,25 - 29,NRW,44.98,44.99,30.0,0.0,VF RIP U-TREUE,0.0
4345,35 - 39,NRW,39.99,34.99,30.0,0.0,VF RIP U-TREUE,1.0
4346,35 - 39,KBW,34.99,34.97,30.0,0.0,RED INTERNET & PHONE CABLE U,1.0
4347,30 - 34,NRW,44.98,44.98,30.0,0.0,VF RIP U-TREUE,1.0
4348,35 - 39,KBW,49.99,39.99,30.0,0.0,VF RIP U-TREUE,0.0
4349,40 - 44,NRW,39.99,39.98,30.0,0.0,RED INTERNET & PHONE CABLE U,0.0
4350,40 - 44,NRW,39.98,44.99,30.0,0.0,VF RIP U-TREUE,1.0
4351,25 - 29,KBW,44.98,39.99,30.0,0.0,RED INTERNET & PHONE CABLE U,0.0
4352,55 - 59,KBW,44.98,44.99,30.0,0.0,RED INTERNET & PHONE CABLE U,1.0
4353,80 and over,NRW,39.99,44.98,30.0,0.0,VF RIP U-TREUE,1.0
4354,35 - 39,HSN,44.98,39.99,30.0,0.0,RED INTERNET & PHONE CABLE U,0.0
4355,50 - 54,KBW,32.99,39.99,30.0,0.0,VF CABLEMAX,1.0
4356,60 - 64,KBW,49.99,39.98,30.0,0.0,GIGAZUHAUSE KABEL,0.0
4357,30 - 34,NRW,44.99,29.99,30.0,0.0,VF CABLEMAX,1.0
4358,40 - 44,NRW,34.97,39.98,30.0,0.0,VF CABLEMAX,1.0
4359,25 - 29,NRW,34.98,34.99,30.0,0.0,RED INTERNET & PHONE CABLE U,0.0
4360,35 - 39,NRW,34.99,34.98,30.0,0.0,RED INTERNET & PHONE CABLE U,0.0
4361,35 - 39,KBW,34.98,42.99,30.0,0.0,RED INTERNET & PHONE CABLE U,1.0
4362,35 - 39,NRW,34.98,44.99,30.0,0.0,VF RIP U-TREUE,1.0
4363,35 - 39,KBW,44.99,34.97,30.0,0.0,VF RIP U-TREUE,1.0
4364,35 - 39,HSN,39.99,34.98,30.0,0.0,VF CABLEMAX,0.0
4365,25 - 29,NRW,39.99,44.99,30.0,0.0,RED INTERNET & PHONE CABLE U,0.0
4366,25 - 29,NRW,42.99,49.99,30.0,0.0,RED INTERNET & PHONE CABLE U,0.0
4367,65 - 69,KBW,44.98,44.97,30.0,0.0,VF CABLEMAX,0.0
4368,40 - 44,KBW,42.99,34.99,30.0,0.0,RED INTERNET & PHONE CABLE U,0.0
4369,25 - 29,HSN,49.99,29.97,30.0,0.0,VF RIP U-TREUE,0.0
4370,35 - 39,NRW,44.98,44.98,30.0,0.0,RED INTERNET & PHONE CABLE U,1.0
4371,40 - 44,NRW,32.98,34.99,30.0,0.0,RED INTERNET & PHONE CABLE U,0.0
4372,65 - 69,NRW,44.98,44.97,30.0,0.0,VF CABLEMAX,1.0
4373,25 - 29,NRW,49.99,39.98,30.0,0.0,VF CABLEMAX,1.0
4374,60 - 64,NRW,49.97,49.99,30.0,0.0,VF CABLEMAX,1.0
4375,25 - 29,KBW,39.99,39.99,30.0,0.0,RED INTERNET & PHONE CABLE U,0.0
4376,60 - 64,KBW,39.98,49.98,30.0,0.0,GIGAZUHAUSE KABEL,1.0
4377,40 - 44,NRW,49.99,39.97,30.0,0.0,RED INTERNET & PHONE CABLE U,0.0
4378,65 - 69,NRW,44.99,34.98,30.0,0.0,RED INTERNET & PHONE CABLE U,0.0
4379,35 - 39,HSN,29.99,44.99,30.0,0.0,RED INTERNET & PHONE CABLE U,0.0
4380,70 - 74,NRW,49.98,34.98,30.0,0.0,RED INTERNET & PHONE CABLE U,1.0
4381,40 - 44,KBW,37.98,29.99,30.0,0.0,RED INTERNET & PHONE CABLE U,0.0
4382,18 - 24,NRW,37.99,44.99,30.0,0.0,VF CABLEMAX,0.0
4383,35 - 39,KBW,34.97,34.98,30.0,0.0,VF CABLEMAX,0.0
4384,35 - 39,NRW,39.98,34.99,30.0,0.0,RED INTERNET & PHONE CABLE U,0.0
4385,60 - 64,NRW,44.98,44.98,30.0,0.0,RED INTERNET & PHONE CABLE U,1.0
4386,40 - 44,KBW,29.99,39.99,30.0,0.0,VF CABLEMAX,0.0
4387,40 - 44,NRW,34.98,32.99,30.0,0.0,RED INTERNET & PHONE CABLE U,0.0
4388,50 - 54,NRW,49.99,39.97,30.0,0.0,RED INTERNET & PHONE CABLE U,1.0
4389,60 - 64,NRW,49.97,39.99,30.0,0.0,GIGAZUHAUSE KABEL,0.0
4390,65 - 69,NRW,39.99,34.99,30.0,0.0,RED INTERNET & PHONE CABLE U,0.0
4391,25 - 29,KBW,44.99,29.99,30.0,0.0,RED INTERNET & PHONE CABLE U,1.0
4392,45 - 49,KBW,44.99,39.99,30.0,0.0,RED INTERNET & PHONE CABLE U,0.0
4393,70 - 74,NRW,39.99,44.98,30.0,0.0,VF CABLEMAX,1.0
4394,35 - 39,HSN,54.98,29.99,30.0,0.0,VF RIP U-TREUE,0.0
4395,65 - 69,NRW,39.99,39.99,30.0,0.0,VF CABLEMAX,1.0
4396,40 - 44,NRW,42.98,39.98,30.0,0.0,VF RIP U-TREUE,0.0
4397,30 - 34,NRW,34.99,34.99,30.0,0.0,VF RIP U-TREUE,1.0
4398,40 - 44,NRW,44.98,44.99,30.0,0.0,RED INTERNET & PHONE CABLE U,1.0
4399,70 - 74,KBW,39.98,44.99,30.0,0.0,GIGAZUHAUSE KABEL,1.0
4400,25 - 29,NRW,34.99,39.99,30.0,0.0,VF CABLEMAX,1.0
4401,30 - 34,NRW,34.98,39.99,30.0,0.0,GIGAZUHAUSE KABEL,0.0
4402,40 - 44,NRW,39.97,37.99,30.0,0.0,RED INTERNET & PHONE CABLE U,0.0
4403,40 - 44,KBW,34.99,34.99,30.0,0.0,RED INTERNET & PHONE CABLE U,1.0
4404,30 - 34,NRW,44.98,44.98,30.0,0.0,VF CABLEMAX,1.0
4405,25 - 29,NRW,39.99,24.97,30.0,0.0,VF RIP U-TREUE,1.0
4406,55 - 59,KBW,29.98,24.98,30.0,0.0,VF CABLEMAX,0.0
4407,30 - 34,NRW,49.98,34.99,30.0,0.0,VF CABLEMAX,0.0
4408,30 - 34,KBW,49.98,44.98,30.0,0.0,RED INTERNET & PHONE CABLE U,1.0
4409,60 - 64,KBW,44.99,44.99,30.0,0.0,VF CABLEMAX,0.0
4410,65 - 69,NRW,29.98,39.99,30.0,0.0,RED INTERNET & PHONE CABLE U,1.0
4411,25 - 29,NRW,44.98,39.98,30.0,0.0,RED INTERNET & PHONE CABLE U,1.0
4412,40 - 44,NRW,32.98,34.99,30.0,0.0,VF RIP U-TREUE,0.0
4413,35 - 39,NRW,39.99,44.99,30.0,0.0,VF CABLEMAX,0.0
4414,30 - 34,HSN,39.98,44.98,30.0,0.0,RED INTERNET & PHONE CABLE U,1.0
4415,45 - 49,NRW,34.99,44.99,30.0,0.0,VF CABLEMAX,1.0
4416,40 - 44,NRW,29.99,44.99,30.0,0.0,RED INTERNET & PHONE CABLE U,1.0
4417,60 - 64,NRW,44.99,44.97,30.0,0.0,RED INTERNET & PHONE CABLE U,0.0
4418,40 - 44,NRW,50.99,49.99,30.0,0.0,RED INTERNET & PHONE CABLE U,1.0
4419,25 - 29,NRW,32.98,44.99,30.0,0.0,VF RIP U-TREUE,0.0
4420,40 - 44,NRW,44.98,32.98,30.0,0.0,RED INTERNET & PHONE CABLE U,0.0
4421,40 - 44,NRW,44.99,39.99,30.0,0.0,VF CABLEMAX,1.0
4422,55 - 59,NRW,29.99,34.99,30.0,0.0,RED INTERNET & PHONE CABLE U,1.0
4423,70 - 74,NRW,44.99,44.99,30.0,0.0,GIGAZUHAUSE KABEL,1.0
4424,80 and over,NRW,44.99,49.99,30.0,0.0,RED INTERNET & PHONE CABLE U,0.0
4425,70 - 74,KBW,39.98,39.99,30.0,0.0,RED INTERNET & PHONE CABLE U,1.0
4426,40 - 44,NRW,39.99,34.99,30.0,0.0,RED INTERNET & PHONE CABLE U,0.0
4427,40 - 44,HSN,42.98,34.99,30.0,0.0,RED INTERNET & PHONE CABLE U,1.0
4428,35 - 39,NRW,39.99,47.99,30.0,0.0,VF RIP U-TREUE,1.0
4429,65 - 69,NRW,44.98,39.98,30.0,0.0,RED INTERNET & PHONE CABLE U,1.0
4430,35 - 39,KBW,44.99,39.98,30.0,0.0,RED INTERNET & PHONE CABLE U,0.0
4431,40 - 44,KBW,29.98,39.98,30.0,0.0,RED INTERNET & PHONE CABLE U,1.0
4432,25 - 29,KBW,39.99,39.97,30.0,0.0,RED INTERNET & PHONE CABLE U,1.0
4433,40 - 44,NRW,44.97,39.97,30.0,0.0,RED INTERNET & PHONE CABLE U,0.0
4434,45 - 49,NRW,44.99,39.99,30.0,0.0,GIGAZUHAUSE KABEL,1.0
4435,25 - 29,NRW,39.98,29.99,30.0,0.0,RED INTERNET & PHONE CABLE U,0.0
4436,45 - 49,NRW,37.99,49.99,30.0,0.0,VF RIP U-TREUE,1.0
4437,55 - 59,NRW,34.97,39.99,30.0,0.0,RED INTERNET & PHONE CABLE U,0.0
4438,60 - 64,KBW,39.99,34.98,30.0,0.0,RED INTERNET & PHONE CABLE U,0.0
4439,30 - 34,HSN,39.96,39.99,30.0,0.0,RED INTERNET & PHONE CABLE U,1.0
4440,25 - 29,NRW,44.98,39.98,30.0,0.0,RED INTERNET & PHONE CABLE U,0.0
4441,35 - 39,NRW,42.99,39.99,30.0,0.0,RED INTERNET & PHONE CABLE U,0.0
4442,35 - 39,NRW,32.99,39.99,30.0,0.0,VF RIP U-TREUE,1.0
4443,45 - 49,NRW,44.98,39.99,30.0,0.0,RED INTERNET & PHONE CABLE U,0.0
4444,25 - 29,NRW,44.97,44.99,30.0,0.0,VF CABLEMAX,1.0
4445,45 - 49,NRW,32.98,39.98,30.0,0.0,VF CABLEMAX,1.0
4446,45 - 49,KBW,34.99,44.98,30.0,0.0,RED INTERNET & PHONE CABLE U,0.0
4447,30 - 34,NRW,44.98,44.98,30.0,0.0,RED INTERNET & PHONE CABLE U,0.0
4448,55 - 59,NRW,49.98,29.98,30.0,0.0,RED INTERNET & PHONE CABLE U,1.0
4449,30 - 34,NRW,39.99,34.98,30.0,0.0,VF RIP U-TREUE,0.0
4450,40 - 44,NRW,49.98,44.98,30.0,0.0,RED INTERNET & PHONE CABLE U,0.0
4451,45 - 49,NRW,44.97,34.99,30.0,0.0,RED INTERNET & PHONE CABLE U,1.0
4452,40 - 44,KBW,44.97,42.99,30.0,0.0,GIGAZUHAUSE KABEL,0.0
4453,25 - 29,KBW,44.99,44.98,30.0,0.0,VF CABLEMAX,1.0
4454,35 - 39,NRW,34.99,44.99,30.0,0.0,VF RIP U-TREUE,0.0
4455,35 - 39,NRW,39.99,39.99,30.0,0.0,VF CABLEMAX,0.0
4456,55 - 59,HSN,44.99,44.99,30.0,0.0,GIGAZUHAUSE KABEL,1.0
4457,45 - 49,HSN,29.98,34.99,30.0,0.0,RED INTERNET & PHONE CABLE U,0.0
4458,25 - 29,KBW,44.98,44.98,30.0,0.0,VF RIP U-TREUE,1.0
4459,35 - 39,NRW,39.98,34.99,30.0,0.0,VF RIP U-TREUE,1.0
4460,65 - 69,KBW,44.98,29.99,30.0,0.0,GIGAZUHAUSE KABEL,0.0
4461,35 - 39,NRW,64.96,29.99,30.0,0.0,RED INTERNET & PHONE CABLE U,0.0
4462,30 - 34,NRW,42.98,34.99,30.0,0.0,VF CABLEMAX,1.0
4463,45 - 49,NRW,34.99,29.97,30.0,0.0,VF RIP U-TREUE,1.0
4464,50 - 54,KBW,29.97,39.99,30.0,0.0,RED INTERNET & PHONE CABLE U,1.0
4465,60 - 64,NRW,44.98,37.98,30.0,0.0,VF RIP U-TREUE,1.0
4466,60 - 64,KBW,39.99,44.98,30.0,0.0,RED INTERNET & PHONE CABLE U,0.0
4467,30 - 34,NRW,39.99,44.98,30.0,0.0,VF CABLEMAX,0.0
4468,30 - 34,KBW,44.97,39.98,30.0,0.0,RED INTERNET & PHONE CABLE U,1.0
4469,40 - 44,NRW,44.99,39.99,30.0,0.0,VF CABLEMAX,0.0
4470,60 - 64,NRW,44.99,34.98,30.0,0.0,RED INTERNET & PHONE CABLE U,1.0
4471,55 - 59,NRW,24.99,39.99,30.0,0.0,RED INTERNET & PHONE CABLE U,1.0
4472,40 - 44,KBW,39.99,44.98,30.0,0.0,RED INTERNET & PHONE CABLE U,1.0
4473,45 - 49,KBW,44.99,39.98,30.0,0.0,VF RIP U-TREUE,1.0
4474,50 - 54,KBW,47.98,44.98,30.0,0.0,RED INTERNET & PHONE CABLE U,1.0
4475,55 - 59,KBW,44.98,44.98,30.0,0.0,VF RIP U-TREUE,0.0
4476,45 - 49,NRW,32.99,39.99,30.0,0.0,GIGAZUHAUSE KABEL,0.0
4477,65 - 69,KBW,44.98,44.99,30.0,0.0,VF CABLEMAX,1.0
4478,55 - 59,NRW,34.99,32.99,30.0,0.0,GIGAZUHAUSE TREUE B,1.0
4479,35 - 39,KBW,34.99,39.99,30.0,0.0,RED INTERNET & PHONE CABLE U,1.0
4480,35 - 39,NRW,39.98,47.98,30.0,0.0,VF RIP U-TREUE,0.0
4481,35 - 39,KBW,44.98,34.97,30.0,0.0,RED INTERNET & PHONE CABLE U,0.0
4482,55 - 59,NRW,34.99,44.98,30.0,0.0,VF RIP U-TREUE,0.0
4483,45 - 49,KBW,29.99,29.99,30.0,0.0,VF CABLEMAX,0.0
4484,80 and over,NRW,39.99,39.96,30.0,0.0,RED INTERNET & PHONE CABLE U,0.0
4485,40 - 44,HSN,44.99,39.99,30.0,0.0,GIGAZUHAUSE KABEL,0.0
4486,55 - 59,NRW,39.98,43.98,30.0,0.0,RED INTERNET & PHONE CABLE U,0.0
4487,25 - 29,KBW,44.99,39.99,30.0,0.0,GIGAZUHAUSE KABEL,0.0
4488,25 - 29,NRW,44.98,39.99,30.0,0.0,VF RIP U-TREUE,1.0
4489,35 - 39,KBW,34.98,44.98,30.0,0.0,GIGAZUHAUSE KABEL,0.0
4490,65 - 69,KBW,47.99,42.98,30.0,0.0,RED INTERNET & PHONE CABLE U,1.0
4491,45 - 49,NRW,39.99,39.99,30.0,0.0,RED INTERNET & PHONE CABLE U,1.0
4492,40 - 44,KBW,49.99,44.98,30.0,0.0,VF RIP U-TREUE,0.0
4493,55 - 59,KBW,34.99,44.99,30.0,0.0,RED INTERNET & PHONE CABLE U,1.0
4494,35 - 39,NRW,39.98,44.98,30.0,0.0,GIGAZUHAUSE KABEL,1.0
4495,45 - 49,NRW,44.99,39.98,30.0,0.0,VF CABLEMAX,1.0
4496,60 - 64,NRW,34.98,44.98,30.0,0.0,VF CABLEMAX,1.0
4497,25 - 29,NRW,39.99,49.99,30.0,0.0,VF RIP U-TREUE,1.0
4498,50 - 54,HSN,39.99,44.99,30.0,0.0,RED INTERNET & PHONE CABLE U,0.0
4499,40 - 44,HSN,39.99,44.99,30.0,0.0,VF CABLEMAX,0.0
4500,45 - 49,HSN,44.99,49.98,30.0,0.0,RED INTERNET & PHONE CABLE U,0.0
4501,55 - 59,NRW,44.98,34.98,30.0,0.0,VF CABLEMAX,1.0
4502,25 - 29,NRW,29.99,39.98,30.0,0.0,RED INTERNET & PHONE CABLE U,1.0
4503,70 - 74,KBW,44.98,49.99,30.0,0.0,VF CABLEMAX,1.0
4504,35 - 39,NRW,39.99,34.99,30.0,0.0,RED INTERNET & PHONE CABLE U,0.0
4505,25 - 29,NRW,49.98,39.99,30.0,0.0,VF CABLEMAX,0.0
4506,50 - 54,KBW,29.99,39.99,30.0,0.0,GIGAZUHAUSE KABEL,0.0
4507,60 - 64,NRW,39.98,39.99,30.0,0.0,GIGAZUHAUSE KABEL,0.0
4508,70 - 74,KBW,29.98,39.98,30.0,0.0,RED INTERNET & PHONE CABLE U,0.0
4509,30 - 34,NRW,0.99,39.99,30.0,0.0,VF RIP U-TREUE,1.0
4510,40 - 44,HSN,44.97,29.99,30.0,0.0,RED INTERNET & PHONE CABLE U,0.0
4511,35 - 39,NRW,44.99,34.99,30.0,0.0,VF RIP U-TREUE,1.0
4512,65 - 69,NRW,29.99,39.98,30.0,0.0,VF RIP U-TREUE,1.0
4513,25 - 29,NRW,34.99,44.98,30.0,0.0,GIGAZUHAUSE KABEL,0.0
4514,35 - 39,HSN,52.98,34.99,30.0,0.0,GIGAZUHAUSE KABEL,0.0
4515,70 - 74,KBW,44.98,44.99,30.0,0.0,RED INTERNET & PHONE CABLE U,0.0
4516,25 - 29,NRW,44.95,44.99,30.0,0.0,VF RIP U-TREUE,1.0
4517,60 - 64,NRW,39.99,44.99,30.0,0.0,VF RIP U-TREUE,1.0
4518,55 - 59,NRW,44.98,39.98,30.0,0.0,GIGAZUHAUSE KABEL,1.0
4519,80 and over,KBW,39.99,39.98,30.0,0.0,VF RIP U-TREUE,1.0
4520,30 - 34,KBW,39.99,49.99,30.0,0.0,GIGAZUHAUSE KABEL,1.0
4521,25 - 29,NRW,39.99,44.99,30.0,0.0,VF CABLEMAX,0.0
4522,40 - 44,KBW,39.99,39.99,30.0,0.0,RED INTERNET & PHONE CABLE U,0.0
4523,70 - 74,NRW,34.99,34.98,30.0,0.0,GIGAZUHAUSE KABEL,1.0
4524,25 - 29,KBW,39.99,49.99,30.0,0.0,GIGAZUHAUSE KABEL,0.0
4525,25 - 29,NRW,34.99,34.98,30.0,0.0,RED INTERNET & PHONE CABLE U,0.0
4526,50 - 54,NRW,44.98,49.99,30.0,0.0,RED INTERNET & PHONE CABLE U,1.0
4527,50 - 54,NRW,44.99,39.99,30.0,0.0,VF RIP U-TREUE,0.0
4528,40 - 44,NRW,39.98,34.99,30.0,0.0,RED INTERNET & PHONE CABLE U,1.0
4529,70 - 74,KBW,34.99,34.98,30.0,0.0,VF RIP U-TREUE,1.0
4530,25 - 29,NRW,37.98,59.99,30.0,0.0,VF CABLEMAX,0.0
4531,35 - 39,NRW,44.98,44.99,30.0,0.0,VF RIP U-TREUE,0.0
4532,40 - 44,NRW,39.98,34.99,30.0,0.0,GIGAZUHAUSE KABEL,0.0
4533,30 - 34,NRW,42.99,44.98,30.0,0.0,VF CABLEMAX,0.0
4534,40 - 44,NRW,57.99,37.99,30.0,0.0,GIGAZUHAUSE KABEL,0.0
4535,45 - 49,NRW,44.98,44.99,30.0,0.0,RED INTERNET & PHONE CABLE U,1.0
4536,45 - 49,KBW,39.97,44.99,30.0,0.0,RED INTERNET & PHONE CABLE U,1.0
4537,45 - 49,KBW,49.99,39.97,30.0,0.0,VF CABLEMAX,0.0
4538,25 - 29,HSN,39.98,39.99,30.0,0.0,VF RIP U-TREUE,1.0
4539,80 and over,NRW,34.99,29.99,30.0,0.0,VF RIP U-TREUE,1.0
4540,50 - 54,HSN,44.99,44.99,30.0,0.0,VF CABLEMAX,1.0
4541,45 - 49,KBW,39.99,49.99,30.0,0.0,VF CABLEMAX,1.0
4542,18 - 24,KBW,32.99,44.98,30.0,0.0,VF RIP U-TREUE,1.0
4543,40 - 44,NRW,39.98,44.99,30.0,0.0,RED INTERNET & PHONE CABLE U,1.0
4544,30 - 34,KBW,44.99,52.98,30.0,0.0,GIGAZUHAUSE KABEL,0.0
4545,25 - 29,NRW,44.98,39.98,30.0,0.0,RED INTERNET & PHONE CABLE U,0.0
4546,50 - 54,KBW,42.99,34.99,30.0,0.0,VF CABLEMAX,0.0
4547,25 - 29,NRW,49.99,39.99,30.0,0.0,RED INTERNET & PHONE CABLE U,1.0
4548,40 - 44,NRW,32.97,49.98,30.0,0.0,RED INTERNET & PHONE CABLE U,0.0
4549,25 - 29,KBW,34.99,34.98,30.0,0.0,VF CABLEMAX,1.0
4550,25 - 29,NRW,44.99,42.99,30.0,0.0,RED INTERNET & PHONE CABLE U,1.0
4551,35 - 39,NRW,34.99,39.98,30.0,0.0,VF CABLEMAX,1.0
4552,25 - 29,NRW,44.98,44.99,30.0,0.0,GIGAZUHAUSE KABEL,1.0
4553,60 - 64,NRW,44.99,44.98,30.0,0.0,VF CABLEMAX,0.0
4554,50 - 54,NRW,44.98,44.98,30.0,0.0,RED INTERNET & PHONE CABLE U,1.0
4555,35 - 39,NRW,34.98,37.98,30.0,0.0,RED INTERNET & PHONE CABLE U,0.0
4556,65 - 69,KBW,49.99,49.97,30.0,0.0,RED INTERNET & PHONE CABLE U,1.0
4557,55 - 59,KBW,39.99,34.98,30.0,0.0,GIGAZUHAUSE KABEL,1.0
4558,40 - 44,NRW,29.99,39.99,30.0,0.0,VF CABLEMAX,0.0
4560,65 - 69,NRW,34.99,44.98,30.0,0.0,RED INTERNET & PHONE CABLE U,0.0
4561,35 - 39,KBW,49.99,24.99,30.0,0.0,RED INTERNET & PHONE CABLE U,0.0
4562,35 - 39,NRW,44.99,39.99,30.0,0.0,GIGAZUHAUSE KABEL,1.0
4563,25 - 29,NRW,39.99,44.98,30.0,0.0,RED INTERNET & PHONE CABLE U,1.0
4564,55 - 59,HSN,39.98,44.99,30.0,0.0,VF CABLEMAX,0.0
4565,25 - 29,NRW,39.97,34.99,30.0,0.0,VF RIP U-TREUE,0.0
4566,25 - 29,HSN,34.98,39.99,30.0,0.0,RED INTERNET & PHONE CABLE U,1.0
4567,50 - 54,KBW,44.98,39.97,30.0,0.0,VF RIP U-TREUE,1.0
4568,35 - 39,NRW,34.99,39.99,30.0,0.0,VF CABLEMAX,0.0
4569,40 - 44,NRW,34.97,44.98,30.0,0.0,RED INTERNET & PHONE CABLE U,1.0
4570,50 - 54,KBW,39.99,39.97,30.0,0.0,RED INTERNET & PHONE CABLE U,1.0
4571,40 - 44,NRW,44.98,44.98,30.0,0.0,VF RIP U-TREUE,1.0
4572,80 and over,KBW,44.98,34.98,30.0,0.0,VF RIP U-TREUE,1.0
4573,25 - 29,NRW,39.99,34.99,30.0,0.0,VF CABLEMAX,1.0
4574,25 - 29,NRW,44.99,39.99,30.0,0.0,RED INTERNET & PHONE CABLE U,0.0
4575,50 - 54,HSN,39.98,44.99,30.0,0.0,VF CABLEMAX,1.0
4576,25 - 29,NRW,44.99,39.99,30.0,0.0,RED INTERNET & PHONE CABLE U,0.0
4577,75 - 79,KBW,39.98,34.99,30.0,0.0,RED INTERNET & PHONE CABLE U,0.0
4578,30 - 34,KBW,44.98,39.98,30.0,0.0,RED INTERNET & PHONE CABLE U,1.0
4579,25 - 29,NRW,39.98,39.99,30.0,0.0,RED INTERNET & PHONE CABLE U,1.0
4580,35 - 39,KBW,29.99,34.99,30.0,0.0,RED INTERNET & PHONE CABLE U,0.0
4581,50 - 54,NRW,49.98,39.96,30.0,0.0,RED INTERNET & PHONE CABLE U,1.0
4582,35 - 39,NRW,34.98,44.98,30.0,0.0,RED INTERNET & PHONE CABLE U,0.0
4583,35 - 39,KBW,44.98,39.98,30.0,0.0,RED INTERNET & PHONE CABLE U,1.0
4584,65 - 69,NRW,42.98,44.98,30.0,0.0,RED INTERNET & PHONE CABLE U,1.0
4585,30 - 34,NRW,44.99,49.99,30.0,0.0,GIGAZUHAUSE KABEL,1.0
4586,35 - 39,NRW,44.98,29.98,30.0,0.0,RED INTERNET & PHONE CABLE U,1.0
4587,50 - 54,NRW,39.99,44.99,30.0,0.0,VF CABLEMAX,0.0
4588,60 - 64,HSN,39.98,44.98,30.0,0.0,RED INTERNET & PHONE CABLE U,1.0
4589,65 - 69,KBW,37.98,44.99,30.0,0.0,RED INTERNET & PHONE CABLE U,0.0
4590,25 - 29,KBW,44.96,49.98,30.0,0.0,RED INTERNET & PHONE CABLE U,0.0
4591,25 - 29,KBW,44.99,44.98,30.0,0.0,RED INTERNET & PHONE CABLE U,1.0
4592,75 - 79,NRW,49.99,54.99,30.0,0.0,RED INTERNET & PHONE CABLE U,1.0
4593,35 - 39,KBW,44.99,42.99,30.0,0.0,RED INTERNET & PHONE CABLE U,0.0
4594,45 - 49,KBW,33.98,44.98,30.0,0.0,VF CABLEMAX,0.0
4595,35 - 39,KBW,44.98,44.99,30.0,0.0,RED INTERNET & PHONE CABLE U,0.0
4596,40 - 44,NRW,39.99,44.99,30.0,0.0,RED INTERNET & PHONE CABLE U,0.0
4597,45 - 49,NRW,29.97,44.98,30.0,0.0,RED INTERNET & PHONE CABLE U,0.0
4598,45 - 49,KBW,34.99,34.99,30.0,0.0,RED INTERNET & PHONE CABLE U,0.0
4599,30 - 34,NRW,49.99,44.98,30.0,0.0,RED INTERNET & PHONE CABLE U,1.0
4600,30 - 34,NRW,44.99,44.98,30.0,0.0,RED INTERNET & PHONE CABLE U,1.0
4601,30 - 34,KBW,39.98,44.98,30.0,0.0,VF RIP U-TREUE,0.0
4602,25 - 29,KBW,34.97,39.99,30.0,0.0,RED INTERNET & PHONE CABLE U,1.0
4604,80 and over,NRW,44.98,34.99,30.0,0.0,RED INTERNET & PHONE CABLE U,1.0
4605,30 - 34,HSN,44.99,39.98,30.0,0.0,RED INTERNET & PHONE CABLE U,1.0
4606,35 - 39,NRW,44.99,44.98,30.0,0.0,VF RIP U-TREUE,0.0
4607,30 - 34,NRW,34.98,44.98,30.0,0.0,RED INTERNET & PHONE CABLE U,1.0
4608,18 - 24,NRW,44.99,39.99,30.0,0.0,VF RIP U-TREUE,0.0
4609,60 - 64,NRW,44.98,44.99,30.0,1.0,RED INTERNET & PHONE CABLE U,1.0
4610,35 - 39,NRW,44.98,49.98,30.0,0.0,RED INTERNET & PHONE CABLE U,0.0
4611,30 - 34,NRW,49.98,49.97,30.0,0.0,VF RIP U-TREUE,1.0
4612,55 - 59,HSN,34.99,39.98,30.0,0.0,VF CABLEMAX,1.0
4613,40 - 44,NRW,44.99,34.98,30.0,0.0,VF CABLEMAX,1.0
4614,30 - 34,KBW,37.97,24.98,30.0,0.0,VF CABLEMAX,1.0
4615,50 - 54,HSN,44.99,34.99,30.0,0.0,VF RIP U-TREUE,1.0
4616,25 - 29,KBW,39.99,29.99,30.0,0.0,VF CABLEMAX,1.0
4617,80 and over,KBW,44.99,39.99,30.0,0.0,VF CABLEMAX,1.0
4618,25 - 29,KBW,29.98,42.99,30.0,0.0,RED INTERNET & PHONE CABLE U,1.0
4619,35 - 39,NRW,44.97,34.98,30.0,0.0,VF CABLEMAX,0.0
4620,25 - 29,NRW,34.97,39.99,30.0,0.0,VF CABLEMAX,0.0
4621,35 - 39,NRW,39.97,29.99,30.0,0.0,VF RIP U-TREUE,0.0
4622,60 - 64,NRW,49.99,39.98,30.0,0.0,RED INTERNET & PHONE CABLE U,1.0
4623,55 - 59,KBW,39.99,44.99,30.0,0.0,RED INTERNET & PHONE CABLE U,1.0
4624,55 - 59,KBW,48.99,44.98,30.0,0.0,RED INTERNET & PHONE CABLE U,1.0
4625,25 - 29,NRW,44.99,49.99,30.0,0.0,VF CABLEMAX,0.0
4626,30 - 34,NRW,49.97,34.97,30.0,0.0,RED INTERNET & PHONE CABLE U,0.0
4627,50 - 54,NRW,29.99,44.98,30.0,0.0,VF RIP U-TREUE,0.0
4628,30 - 34,KBW,44.99,44.99,30.0,0.0,VF RIP U-TREUE,1.0
4629,25 - 29,HSN,44.99,39.97,30.0,0.0,RED INTERNET & PHONE CABLE U,1.0
4630,50 - 54,NRW,44.99,39.99,30.0,0.0,RED INTERNET & PHONE CABLE U,0.0
4631,30 - 34,NRW,44.97,34.98,30.0,0.0,RED INTERNET & PHONE CABLE U,0.0
4632,80 and over,NRW,39.99,49.98,30.0,0.0,RED INTERNET & PHONE CABLE U,0.0
4633,40 - 44,KBW,39.97,44.97,30.0,0.0,VF RIP U-TREUE,0.0
4634,35 - 39,NRW,49.98,34.97,30.0,0.0,VF RIP U-TREUE,1.0
4635,30 - 34,NRW,39.99,44.99,30.0,0.0,RED INTERNET & PHONE CABLE U,0.0
4636,60 - 64,NRW,49.97,39.98,30.0,0.0,RED INTERNET & PHONE CABLE U,1.0
4637,65 - 69,NRW,44.98,44.95,30.0,0.0,VF CABLEMAX,1.0
4638,35 - 39,NRW,34.98,34.99,30.0,0.0,RED INTERNET & PHONE CABLE U,1.0
4639,65 - 69,NRW,39.98,49.99,30.0,0.0,RED INTERNET & PHONE CABLE U,1.0
4640,55 - 59,KBW,39.99,39.99,30.0,0.0,RED INTERNET & PHONE CABLE U,1.0
4641,60 - 64,KBW,44.99,34.99,30.0,0.0,RED INTERNET & PHONE CABLE U,0.0
4642,45 - 49,NRW,44.96,39.98,30.0,0.0,GIGAZUHAUSE KABEL,0.0
4643,25 - 29,NRW,54.99,49.99,30.0,0.0,VF RIP U-TREUE,0.0
4644,40 - 44,KBW,44.99,34.99,30.0,0.0,RED INTERNET & PHONE CABLE U,1.0
4645,45 - 49,KBW,49.99,42.99,30.0,0.0,RED INTERNET & PHONE CABLE U,1.0
4646,25 - 29,KBW,39.99,34.99,30.0,0.0,RED INTERNET & PHONE CABLE U,0.0
4647,55 - 59,KBW,64.97,39.99,30.0,0.0,RED INTERNET & PHONE CABLE U,1.0
4648,40 - 44,NRW,79.98,44.98,30.0,0.0,RED INTERNET & PHONE CABLE U,0.0
4649,65 - 69,HSN,39.99,39.98,30.0,0.0,RED INTERNET & PHONE CABLE U,1.0
4650,35 - 39,NRW,44.99,44.98,30.0,0.0,RED INTERNET & PHONE CABLE U,1.0
4651,55 - 59,KBW,44.99,34.99,30.0,0.0,VF CABLEMAX,0.0
4652,40 - 44,NRW,29.99,24.96,30.0,0.0,RED INTERNET & PHONE CABLE U,1.0
4653,55 - 59,NRW,44.99,34.98,30.0,0.0,GIGAZUHAUSE KABEL,0.0
4654,40 - 44,KBW,39.98,49.97,30.0,0.0,GIGAZUHAUSE KABEL,0.0
4655,40 - 44,KBW,44.99,44.99,30.0,0.0,GIGAZUHAUSE KABEL,1.0
4656,18 - 24,NRW,34.98,34.97,30.0,0.0,VF CABLEMAX,0.0
4657,55 - 59,NRW,39.99,39.97,30.0,0.0,VF RIP U-TREUE,0.0
4658,40 - 44,KBW,42.98,39.98,30.0,0.0,RED INTERNET & PHONE CABLE U,0.0
4659,40 - 44,NRW,34.99,29.99,30.0,0.0,VF CABLEMAX,1.0
4660,30 - 34,KBW,39.98,54.99,30.0,0.0,GIGAZUHAUSE KABEL,0.0
4661,25 - 29,KBW,44.98,34.99,30.0,0.0,VF RIP U-TREUE,0.0
4662,40 - 44,HSN,44.98,29.99,30.0,0.0,RED INTERNET & PHONE CABLE U,0.0
4663,40 - 44,NRW,39.99,44.99,30.0,0.0,RED INTERNET & PHONE CABLE U,0.0
4664,35 - 39,NRW,32.99,39.98,30.0,0.0,RED INTERNET & PHONE CABLE U,0.0
4665,65 - 69,NRW,39.97,44.99,30.0,0.0,RED INTERNET & PHONE CABLE U,0.0
4666,60 - 64,NRW,34.98,44.99,30.0,0.0,RED INTERNET & PHONE CABLE U,0.0
4667,25 - 29,NRW,39.99,39.99,30.0,0.0,RED INTERNET & PHONE CABLE U,0.0
4668,40 - 44,KBW,34.99,32.99,30.0,0.0,RED INTERNET & PHONE CABLE U,1.0
4669,25 - 29,KBW,39.99,44.98,30.0,0.0,RED INTERNET & PHONE CABLE U,1.0
4670,55 - 59,HSN,39.99,54.98,30.0,0.0,RED INTERNET & PHONE CABLE U,0.0
4671,55 - 59,NRW,44.99,44.98,30.0,0.0,VF CABLEMAX,1.0
4672,25 - 29,NRW,34.99,49.99,30.0,0.0,RED INTERNET & PHONE CABLE U,0.0
4673,30 - 34,KBW,34.99,44.99,30.0,0.0,RED INTERNET & PHONE CABLE U,1.0
4674,55 - 59,NRW,49.98,42.96,30.0,0.0,GIGAZUHAUSE KABEL,1.0
4675,30 - 34,NRW,39.99,49.99,30.0,0.0,VF CABLEMAX,1.0
4676,40 - 44,NRW,34.99,29.98,30.0,0.0,RED INTERNET & PHONE CABLE U,1.0
4677,65 - 69,NRW,44.97,49.98,30.0,0.0,GIGAZUHAUSE KABEL,0.0
4678,50 - 54,NRW,44.97,32.98,30.0,0.0,RED INTERNET & PHONE CABLE U,0.0
4679,25 - 29,KBW,39.99,39.99,30.0,0.0,VF RIP U-TREUE,1.0
4680,55 - 59,NRW,49.99,34.99,30.0,0.0,VF RIP U-TREUE,1.0
4681,80 and over,KBW,39.99,39.99,30.0,0.0,RED INTERNET & PHONE CABLE U,1.0
4682,65 - 69,NRW,44.98,44.98,30.0,0.0,RED INTERNET & PHONE CABLE U,0.0
4683,25 - 29,KBW,39.99,34.99,30.0,0.0,RED INTERNET & PHONE CABLE U,1.0
4684,25 - 29,NRW,34.99,34.99,30.0,0.0,RED INTERNET & PHONE CABLE U,0.0
4685,55 - 59,NRW,44.98,39.98,30.0,0.0,RED INTERNET & PHONE CABLE U,1.0
4686,60 - 64,NRW,44.99,44.99,30.0,0.0,VF RIP U-TREUE,0.0
4687,30 - 34,NRW,44.99,34.99,30.0,0.0,VF RIP U-TREUE,1.0
4688,40 - 44,KBW,39.99,44.98,30.0,0.0,RED INTERNET & PHONE CABLE U,1.0
4689,50 - 54,KBW,34.98,39.98,30.0,0.0,RED INTERNET & PHONE CABLE U,0.0
4690,50 - 54,KBW,39.99,44.98,30.0,0.0,RED INTERNET & PHONE CABLE U,1.0
4691,25 - 29,KBW,39.97,49.98,30.0,0.0,VF CABLEMAX,0.0
4692,25 - 29,NRW,47.98,37.98,30.0,0.0,VF CABLEMAX,0.0
4693,25 - 29,NRW,47.99,44.99,30.0,1.0,RED INTERNET & PHONE CABLE U,0.0
4694,30 - 34,NRW,49.99,44.98,30.0,0.0,VF RIP U-TREUE,1.0
4695,30 - 34,NRW,34.98,34.99,30.0,0.0,GIGAZUHAUSE KABEL,0.0
4696,25 - 29,NRW,34.98,34.98,30.0,0.0,VF CABLEMAX,1.0
4697,70 - 74,NRW,44.97,44.98,30.0,0.0,RED INTERNET & PHONE CABLE U,0.0
4698,40 - 44,HSN,44.98,29.98,30.0,0.0,VF CABLEMAX,0.0
4699,50 - 54,KBW,49.98,39.99,30.0,0.0,VF CABLEMAX,1.0
4700,40 - 44,NRW,34.99,32.97,30.0,0.0,RED INTERNET & PHONE CABLE U,1.0
4701,35 - 39,NRW,54.97,34.98,30.0,0.0,RED INTERNET & PHONE CABLE U,1.0
4702,40 - 44,NRW,39.98,44.99,30.0,0.0,VF RIP U-TREUE,0.0
4703,65 - 69,NRW,34.99,29.99,30.0,0.0,RED INTERNET & PHONE CABLE U,0.0
4704,25 - 29,NRW,53.99,39.99,30.0,0.0,RED INTERNET & PHONE CABLE U,1.0
4705,55 - 59,KBW,39.99,49.99,30.0,0.0,GIGAZUHAUSE KABEL,0.0
4706,55 - 59,NRW,39.99,34.99,30.0,0.0,RED INTERNET & PHONE CABLE U,1.0
4707,25 - 29,KBW,47.98,39.98,30.0,0.0,RED INTERNET & PHONE CABLE U,0.0
4708,40 - 44,NRW,49.98,52.99,30.0,0.0,RED INTERNET & PHONE CABLE U,0.0
4710,30 - 34,NRW,34.97,49.99,30.0,0.0,RED INTERNET & PHONE CABLE U,1.0
4711,25 - 29,NRW,39.99,29.97,30.0,0.0,VF RIP U-TREUE,1.0
4712,30 - 34,KBW,34.99,44.99,30.0,0.0,VF CABLEMAX,1.0
4713,60 - 64,KBW,54.98,37.98,30.0,0.0,VF RIP U-TREUE,0.0
4714,35 - 39,NRW,34.97,34.98,30.0,0.0,VF RIP U-TREUE,0.0
4715,40 - 44,KBW,44.98,44.99,30.0,0.0,VF CABLEMAX,1.0
4716,35 - 39,KBW,39.99,34.98,30.0,0.0,VF RIP U-TREUE,0.0
4717,40 - 44,KBW,49.99,34.99,30.0,0.0,RED INTERNET & PHONE CABLE U,0.0
4718,65 - 69,HSN,34.97,32.99,30.0,0.0,RED INTERNET & PHONE CABLE U,1.0
4719,55 - 59,KBW,39.98,44.98,30.0,0.0,RED INTERNET & PHONE CABLE U,0.0
4720,30 - 34,NRW,24.99,44.98,30.0,0.0,GIGAZUHAUSE KABEL,1.0
4721,35 - 39,NRW,37.99,39.99,30.0,0.0,RED INTERNET & PHONE CABLE U,0.0
4722,30 - 34,NRW,39.99,39.99,30.0,0.0,VF CABLEMAX,0.0
4723,60 - 64,KBW,49.99,34.99,30.0,0.0,GIGAZUHAUSE KABEL,0.0
4724,35 - 39,NRW,29.99,44.99,30.0,0.0,VF RIP U-TREUE,1.0
4725,55 - 59,NRW,44.99,44.98,30.0,0.0,RED INTERNET & PHONE CABLE U,1.0
4726,65 - 69,NRW,39.99,39.99,30.0,0.0,VF RIP U-TREUE,1.0
4727,25 - 29,NRW,44.99,44.98,30.0,0.0,VF RIP U-TREUE,0.0
4728,45 - 49,KBW,39.97,54.98,30.0,0.0,VF CABLEMAX,0.0
4729,35 - 39,KBW,39.98,49.99,30.0,0.0,RED INTERNET & PHONE CABLE U,1.0
4730,35 - 39,NRW,44.97,39.98,30.0,0.0,RED INTERNET & PHONE CABLE U,1.0
4731,25 - 29,KBW,39.99,44.95,30.0,0.0,RED INTERNET & PHONE CABLE U,1.0
4732,30 - 34,KBW,34.99,42.98,30.0,0.0,GIGAZUHAUSE KABEL,0.0
4733,25 - 29,NRW,44.99,44.98,30.0,0.0,RED INTERNET & PHONE CABLE U,1.0
4734,60 - 64,NRW,39.99,44.98,30.0,0.0,RED INTERNET & PHONE CABLE U,0.0
4735,30 - 34,KBW,44.99,32.99,30.0,0.0,RED INTERNET & PHONE CABLE U,1.0
4736,30 - 34,NRW,44.98,44.99,30.0,0.0,GIGAZUHAUSE KABEL,1.0
4737,25 - 29,NRW,32.97,29.98,30.0,0.0,GIGAZUHAUSE KABEL,1.0
4738,55 - 59,KBW,44.99,44.96,30.0,0.0,VF CABLEMAX,0.0
4739,30 - 34,KBW,39.97,34.98,30.0,0.0,VF RIP U-TREUE,0.0
4740,55 - 59,HSN,44.98,37.98,30.0,0.0,VF RIP U-TREUE,0.0
4741,25 - 29,KBW,34.99,44.98,30.0,0.0,RED INTERNET & PHONE CABLE U,1.0
4742,25 - 29,NRW,39.98,34.99,30.0,0.0,RED INTERNET & PHONE CABLE U,1.0
4743,65 - 69,KBW,44.98,54.99,30.0,0.0,VF RIP U-TREUE,0.0
4744,55 - 59,NRW,34.99,54.98,30.0,0.0,RED INTERNET & PHONE CABLE U,1.0
4745,55 - 59,HSN,34.98,34.98,30.0,0.0,VF RIP U-TREUE,0.0
4746,30 - 34,NRW,39.99,49.98,30.0,0.0,RED INTERNET & PHONE CABLE U,0.0
4747,30 - 34,NRW,44.98,47.97,30.0,0.0,VF RIP U-TREUE,1.0
4748,35 - 39,NRW,34.99,44.99,30.0,0.0,VF CABLEMAX,0.0
4749,55 - 59,NRW,44.99,49.98,30.0,1.0,RED INTERNET & PHONE CABLE U,1.0
4750,35 - 39,NRW,44.98,29.99,30.0,0.0,RED INTERNET & PHONE CABLE U,1.0
4751,35 - 39,NRW,34.99,44.98,30.0,0.0,GIGAZUHAUSE KABEL,0.0
4752,25 - 29,HSN,39.99,44.99,30.0,0.0,VF RIP U-TREUE,0.0
4753,30 - 34,NRW,34.98,44.97,30.0,0.0,RED INTERNET & PHONE CABLE U,0.0
4754,25 - 29,NRW,39.98,39.98,30.0,0.0,VF RIP U-TREUE,0.0
4755,30 - 34,NRW,29.98,44.99,30.0,0.0,RED INTERNET & PHONE CABLE U,0.0
4756,35 - 39,NRW,34.98,42.96,30.0,0.0,VF CABLEMAX,1.0
4757,25 - 29,NRW,32.96,44.99,30.0,0.0,VF CABLEMAX,0.0
4758,30 - 34,KBW,44.99,42.98,30.0,0.0,RED INTERNET & PHONE CABLE U,1.0
4759,35 - 39,NRW,39.99,34.99,30.0,0.0,RED INTERNET & PHONE CABLE U,0.0
4760,55 - 59,KBW,44.99,39.97,30.0,1.0,VF RIP U-TREUE,0.0
4761,30 - 34,HSN,49.99,49.99,30.0,0.0,RED INTERNET & PHONE CABLE U,1.0
4762,55 - 59,NRW,44.98,34.98,30.0,0.0,RED INTERNET & PHONE CABLE U,1.0
4763,30 - 34,NRW,39.99,39.98,30.0,0.0,RED INTERNET & PHONE CABLE U,0.0
4764,45 - 49,HSN,47.99,44.99,30.0,0.0,VF CABLEMAX,1.0
4765,25 - 29,KBW,44.98,44.98,30.0,0.0,VF CABLEMAX,1.0
4766,35 - 39,KBW,44.97,44.99,30.0,0.0,RED INTERNET & PHONE CABLE U,1.0
4767,65 - 69,NRW,29.98,34.98,30.0,0.0,RED INTERNET & PHONE CABLE U,0.0
4768,65 - 69,NRW,49.99,34.99,30.0,0.0,RED INTERNET & PHONE CABLE U,1.0
4769,30 - 34,KBW,39.99,39.98,30.0,0.0,GIGAZUHAUSE KABEL,0.0
4770,35 - 39,NRW,39.99,39.99,30.0,0.0,VF RIP U-TREUE,0.0
4771,18 - 24,NRW,39.99,34.99,30.0,0.0,RED INTERNET & PHONE CABLE U,1.0
4772,35 - 39,NRW,34.99,34.99,30.0,0.0,GIGAZUHAUSE KABEL,0.0
4773,45 - 49,NRW,44.98,44.96,30.0,0.0,GIGAZUHAUSE KABEL,1.0
4774,45 - 49,KBW,39.98,39.98,30.0,0.0,RED INTERNET & PHONE CABLE U,0.0
4775,65 - 69,HSN,44.98,54.98,30.0,0.0,VF CABLEMAX,0.0
4776,30 - 34,KBW,39.99,49.99,30.0,0.0,RED INTERNET & PHONE CABLE U,1.0
4777,80 and over,KBW,34.98,44.97,30.0,0.0,VF RIP U-TREUE,1.0
4778,65 - 69,HSN,29.99,49.98,30.0,0.0,VF CABLEMAX,1.0
4779,50 - 54,NRW,34.97,39.98,30.0,0.0,RED INTERNET & PHONE CABLE U,0.0
4780,40 - 44,NRW,34.98,39.99,30.0,0.0,VF RIP U-TREUE,1.0
4781,80 and over,KBW,44.97,34.98,30.0,0.0,RED INTERNET & PHONE CABLE U,0.0
4782,35 - 39,NRW,39.99,39.99,30.0,0.0,GIGAZUHAUSE KABEL,1.0
4783,55 - 59,KBW,44.99,39.99,30.0,0.0,RED INTERNET & PHONE CABLE U,0.0
4784,60 - 64,NRW,39.99,44.97,30.0,0.0,RED INTERNET & PHONE CABLE U,0.0
4785,40 - 44,NRW,39.98,34.98,30.0,0.0,RED INTERNET & PHONE CABLE U,1.0
4786,30 - 34,NRW,39.99,49.99,30.0,0.0,RED INTERNET & PHONE CABLE U,1.0
4787,18 - 24,NRW,39.99,44.99,30.0,0.0,RED INTERNET & PHONE CABLE U,1.0
4788,65 - 69,HSN,44.99,44.99,30.0,0.0,RED INTERNET & PHONE CABLE U,1.0
4789,40 - 44,KBW,39.99,44.99,30.0,0.0,RED INTERNET & PHONE CABLE U,0.0
4790,25 - 29,KBW,39.98,39.98,30.0,0.0,GIGAZUHAUSE KABEL,0.0
4791,45 - 49,HSN,49.99,39.97,30.0,0.0,RED INTERNET & PHONE CABLE U,0.0
4792,25 - 29,NRW,42.99,42.99,30.0,0.0,RED INTERNET & PHONE CABLE U,0.0
4793,30 - 34,NRW,44.98,39.98,30.0,0.0,RED INTERNET & PHONE CABLE U,1.0
4794,50 - 54,NRW,39.99,34.99,30.0,0.0,RED INTERNET & PHONE CABLE U,0.0
4795,50 - 54,HSN,44.98,44.97,30.0,0.0,RED INTERNET & PHONE CABLE U,0.0
4796,40 - 44,NRW,44.98,39.99,30.0,0.0,VF RIP U-TREUE,1.0
4797,55 - 59,NRW,34.99,44.98,30.0,0.0,RED INTERNET & PHONE CABLE U,1.0
4798,30 - 34,NRW,39.98,44.98,30.0,0.0,VF RIP U-TREUE,1.0
4799,50 - 54,HSN,39.97,39.99,30.0,0.0,VF CABLEMAX,0.0
4800,30 - 34,NRW,39.98,44.98,30.0,0.0,RED INTERNET & PHONE CABLE U,0.0
4801,35 - 39,NRW,44.98,49.98,30.0,0.0,GIGAZUHAUSE KABEL,0.0
4802,30 - 34,NRW,44.99,44.99,30.0,0.0,VF RIP U-TREUE,0.0
4803,35 - 39,HSN,44.99,39.99,30.0,0.0,RED INTERNET & PHONE CABLE U,1.0
4804,30 - 34,NRW,34.98,34.97,30.0,0.0,RED INTERNET & PHONE CABLE U,1.0
4805,40 - 44,NRW,39.98,44.99,30.0,0.0,VF CABLEMAX,1.0
4806,40 - 44,KBW,49.99,39.99,30.0,0.0,VF RIP U-TREUE,0.0
4807,30 - 34,NRW,24.98,44.98,30.0,0.0,VF RIP U-TREUE,1.0
4808,25 - 29,KBW,39.99,39.98,30.0,0.0,RED INTERNET & PHONE CABLE U,0.0
4809,65 - 69,NRW,44.99,44.97,30.0,0.0,VF CABLEMAX,1.0
4810,55 - 59,NRW,44.99,34.97,30.0,0.0,VF RIP U-TREUE,1.0
4811,55 - 59,NRW,54.98,39.99,30.0,0.0,GIGAZUHAUSE KABEL,1.0
4812,65 - 69,NRW,39.97,44.98,30.0,0.0,VF RIP U-TREUE,1.0
4813,40 - 44,NRW,34.99,54.98,30.0,0.0,VF CABLEMAX,1.0
4814,35 - 39,NRW,32.98,39.97,30.0,0.0,GIGAZUHAUSE KABEL,1.0
4815,30 - 34,KBW,44.98,49.98,30.0,0.0,VF RIP U-TREUE,0.0
4816,30 - 34,KBW,44.96,34.96,30.0,0.0,VF RIP U-TREUE,0.0
4817,30 - 34,KBW,49.99,29.99,30.0,0.0,RED INTERNET & PHONE CABLE U,1.0
4818,35 - 39,NRW,44.99,44.99,30.0,0.0,VF RIP U-TREUE,0.0
4819,40 - 44,NRW,49.98,44.98,30.0,0.0,VF RIP U-TREUE,1.0
4820,45 - 49,KBW,39.99,39.99,30.0,0.0,GIGAZUHAUSE KABEL,1.0
4821,35 - 39,NRW,34.98,44.98,30.0,0.0,GIGAZUHAUSE KABEL,0.0
4822,50 - 54,KBW,34.97,44.97,30.0,0.0,VF RIP U-TREUE,1.0
4823,40 - 44,KBW,37.99,34.99,30.0,0.0,VF CABLEMAX,0.0
4824,30 - 34,NRW,44.99,49.99,30.0,0.0,RED INTERNET & PHONE CABLE U,1.0
4825,40 - 44,NRW,42.99,34.99,30.0,0.0,RED INTERNET & PHONE CABLE U,0.0
4826,65 - 69,KBW,44.99,39.97,30.0,0.0,RED INTERNET & PHONE CABLE U,0.0
4827,35 - 39,NRW,44.99,39.98,30.0,0.0,RED INTERNET & PHONE CABLE U,0.0
4828,40 - 44,NRW,34.99,74.99,30.0,0.0,VF RIP U-TREUE,0.0
4829,55 - 59,KBW,44.99,34.99,30.0,0.0,RED INTERNET & PHONE CABLE U,0.0
4830,45 - 49,NRW,44.98,39.98,30.0,0.0,GIGAZUHAUSE KABEL,1.0
4831,35 - 39,NRW,29.99,49.99,30.0,0.0,RED INTERNET & PHONE CABLE U,1.0
4832,30 - 34,NRW,34.99,44.99,30.0,0.0,RED INTERNET & PHONE CABLE U,1.0
4833,40 - 44,NRW,39.99,49.98,30.0,0.0,RED INTERNET & PHONE CABLE U,1.0
4834,35 - 39,KBW,49.99,39.99,30.0,0.0,VF RIP U-TREUE,0.0
4835,30 - 34,KBW,54.98,34.99,30.0,0.0,RED INTERNET & PHONE CABLE U,0.0
4836,25 - 29,NRW,44.99,44.97,30.0,0.0,RED INTERNET & PHONE CABLE U,1.0
4837,70 - 74,NRW,34.99,49.99,30.0,0.0,VF CABLEMAX,0.0
4838,45 - 49,KBW,39.98,32.97,30.0,0.0,RED INTERNET & PHONE CABLE U,0.0
4839,80 and over,NRW,34.98,44.98,30.0,0.0,RED INTERNET & PHONE CABLE U,0.0
4840,35 - 39,HSN,39.99,34.98,30.0,0.0,VF RIP U-TREUE,1.0
4841,50 - 54,KBW,44.98,44.99,30.0,0.0,RED INTERNET & PHONE CABLE U,1.0
4842,25 - 29,KBW,32.98,44.99,30.0,0.0,GIGAZUHAUSE KABEL,0.0
4843,40 - 44,NRW,39.99,39.95,30.0,0.0,RED INTERNET & PHONE CABLE U,1.0
4844,30 - 34,KBW,47.98,49.98,30.0,0.0,VF RIP U-TREUE,0.0
4845,35 - 39,NRW,39.99,29.99,30.0,0.0,RED INTERNET & PHONE CABLE U,0.0
4846,30 - 34,KBW,34.99,34.99,30.0,0.0,RED INTERNET & PHONE CABLE U,0.0
4847,60 - 64,HSN,49.97,44.97,30.0,0.0,RED INTERNET & PHONE CABLE U,1.0
4848,35 - 39,NRW,44.98,59.96,30.0,0.0,RED INTERNET & PHONE CABLE U,0.0
4849,50 - 54,KBW,34.99,34.98,30.0,0.0,RED INTERNET & PHONE CABLE U,0.0
4850,30 - 34,KBW,44.98,34.98,30.0,0.0,RED INTERNET & PHONE CABLE U,0.0
4851,50 - 54,NRW,49.99,44.99,30.0,0.0,GIGAZUHAUSE KABEL,0.0
4852,45 - 49,NRW,24.99,39.99,30.0,0.0,VF CABLEMAX,0.0
4853,30 - 34,KBW,38.99,44.99,30.0,0.0,GIGAZUHAUSE TREUE C,1.0
4854,40 - 44,KBW,44.99,39.99,30.0,0.0,RED INTERNET & PHONE CABLE U,1.0
4855,25 - 29,NRW,39.99,44.98,30.0,0.0,VF CABLEMAX,0.0
4856,50 - 54,NRW,44.99,44.99,30.0,0.0,VF RIP U-TREUE,1.0
4857,35 - 39,NRW,39.99,44.98,30.0,0.0,RED INTERNET & PHONE CABLE U,1.0
4858,35 - 39,NRW,44.99,44.99,30.0,0.0,RED INTERNET & PHONE CABLE U,0.0
4859,65 - 69,KBW,44.98,34.98,30.0,0.0,VF CABLEMAX,0.0
4860,35 - 39,KBW,44.98,29.98,30.0,0.0,GIGAZUHAUSE KABEL,0.0
4861,25 - 29,KBW,39.98,49.98,30.0,0.0,RED INTERNET & PHONE CABLE U,0.0
4862,25 - 29,NRW,44.98,44.99,30.0,0.0,RED INTERNET & PHONE CABLE U,0.0
4863,30 - 34,KBW,49.98,24.99,30.0,0.0,RED INTERNET & PHONE CABLE U,1.0
4864,30 - 34,KBW,44.99,42.99,30.0,0.0,VF CABLEMAX,1.0
4865,40 - 44,KBW,39.98,34.99,30.0,0.0,RED INTERNET & PHONE CABLE U,0.0
4866,50 - 54,NRW,42.99,37.99,30.0,0.0,VF CABLEMAX,0.0
4867,45 - 49,NRW,29.99,32.98,30.0,0.0,RED INTERNET & PHONE CABLE U,1.0
4868,65 - 69,NRW,54.97,44.99,30.0,0.0,VF CABLEMAX,0.0
4869,40 - 44,NRW,49.98,39.96,30.0,0.0,VF CABLEMAX,1.0
4870,35 - 39,NRW,39.99,44.98,30.0,0.0,GIGAZUHAUSE KABEL,1.0
4871,40 - 44,KBW,29.99,44.98,30.0,0.0,RED INTERNET & PHONE CABLE U,1.0
4872,35 - 39,NRW,39.98,44.98,30.0,0.0,GIGAZUHAUSE TREUE C,0.0
4873,40 - 44,NRW,34.99,49.99,30.0,0.0,GIGAZUHAUSE KABEL,0.0
4874,30 - 34,KBW,34.98,34.97,30.0,0.0,RED INTERNET & PHONE CABLE U,1.0
4875,25 - 29,NRW,44.98,49.99,30.0,0.0,VF CABLEMAX,0.0
4876,55 - 59,KBW,32.98,34.99,30.0,0.0,VF RIP U-TREUE,1.0
4877,25 - 29,NRW,34.98,44.98,30.0,0.0,RED INTERNET & PHONE CABLE U,0.0
4878,35 - 39,NRW,32.98,39.98,30.0,0.0,VF RIP U-TREUE,1.0
4879,40 - 44,NRW,34.98,42.99,30.0,0.0,VF RIP U-TREUE,1.0
4880,55 - 59,NRW,44.98,44.97,30.0,0.0,GIGAZUHAUSE KABEL,1.0
4881,25 - 29,NRW,49.99,34.97,30.0,0.0,VF CABLEMAX,0.0
4882,40 - 44,KBW,39.99,34.98,30.0,0.0,RED INTERNET & PHONE CABLE U,1.0
4883,40 - 44,NRW,34.98,44.99,30.0,0.0,VF RIP U-TREUE,0.0
4884,35 - 39,NRW,34.98,44.98,30.0,0.0,VF RIP U-TREUE,0.0
4885,35 - 39,NRW,39.99,39.99,30.0,0.0,VF CABLEMAX,0.0
4886,40 - 44,KBW,39.99,44.98,30.0,0.0,RED INTERNET & PHONE CABLE U,1.0
4887,40 - 44,NRW,39.98,54.99,30.0,0.0,GIGAZUHAUSE KABEL,0.0
4888,50 - 54,NRW,19.98,44.99,30.0,0.0,VF RIP U-TREUE,1.0
4889,40 - 44,NRW,29.99,68.98,30.0,0.0,VF RIP U-TREUE,1.0
4890,40 - 44,NRW,39.99,39.98,30.0,0.0,VF RIP U-TREUE,1.0
4891,70 - 74,NRW,44.99,34.98,30.0,0.0,GIGAZUHAUSE KABEL,1.0
4892,50 - 54,NRW,44.99,34.98,30.0,0.0,VF RIP U-TREUE,1.0
4893,25 - 29,NRW,29.98,44.97,30.0,0.0,RED INTERNET & PHONE CABLE U,0.0
4894,60 - 64,NRW,34.98,39.99,30.0,0.0,GIGAZUHAUSE KABEL,1.0
4895,65 - 69,NRW,49.99,44.99,30.0,0.0,GIGAZUHAUSE KABEL,1.0
4896,50 - 54,NRW,49.97,39.98,30.0,0.0,RED INTERNET & PHONE CABLE U,0.0
4897,80 and over,HSN,24.99,39.99,30.0,0.0,RED INTERNET & PHONE CABLE U,0.0
4898,55 - 59,NRW,34.99,44.99,30.0,0.0,RED INTERNET & PHONE CABLE U,0.0
4899,40 - 44,KBW,44.99,44.98,30.0,0.0,GIGAZUHAUSE KABEL,1.0
4900,35 - 39,KBW,34.98,34.98,30.0,0.0,VF RIP U-TREUE,1.0
4901,30 - 34,NRW,44.99,29.98,30.0,0.0,VF RIP U-TREUE,0.0
4902,35 - 39,NRW,44.99,29.99,30.0,0.0,RED INTERNET & PHONE CABLE U,1.0
4903,50 - 54,NRW,42.97,39.98,30.0,0.0,VF RIP U-TREUE,0.0
4904,35 - 39,NRW,34.99,39.99,30.0,0.0,VF CABLEMAX,0.0
4905,55 - 59,NRW,34.99,44.97,30.0,0.0,VF RIP U-TREUE,1.0
4906,60 - 64,NRW,34.99,39.98,30.0,0.0,VF RIP U-TREUE,0.0
4907,60 - 64,NRW,17.99,44.98,30.0,0.0,RED INTERNET & PHONE CABLE U,0.0
4908,35 - 39,KBW,34.99,49.98,30.0,0.0,RED INTERNET & PHONE CABLE U,1.0
4909,70 - 74,NRW,54.99,44.97,30.0,0.0,GIGAZUHAUSE KABEL,1.0
4910,55 - 59,NRW,42.99,49.98,30.0,0.0,VF RIP U-TREUE,1.0
4911,35 - 39,KBW,39.99,39.98,5.0,0.0,VF RIP U-TREUE,0.0
4912,25 - 29,KBW,44.99,44.99,30.0,0.0,VF RIP U-TREUE,0.0
4913,40 - 44,NRW,49.98,44.98,30.0,0.0,RED INTERNET & PHONE CABLE U,0.0
4914,70 - 74,KBW,44.98,39.98,30.0,0.0,VF RIP U-TREUE,0.0
4915,25 - 29,KBW,39.99,49.99,30.0,0.0,RED INTERNET & PHONE CABLE U,1.0
4916,30 - 34,NRW,39.99,44.99,30.0,0.0,GIGAZUHAUSE KABEL,1.0
4917,35 - 39,KBW,44.97,39.98,30.0,0.0,VF RIP U-TREUE,1.0
4918,55 - 59,KBW,39.98,39.99,30.0,0.0,RED INTERNET & PHONE CABLE U,0.0
4919,55 - 59,KBW,42.97,44.99,30.0,0.0,VF RIP U-TREUE,1.0
4920,65 - 69,NRW,34.97,39.99,30.0,0.0,RED INTERNET & PHONE CABLE U,1.0
4921,45 - 49,NRW,44.99,34.99,30.0,0.0,VF CABLEMAX,0.0
4922,30 - 34,NRW,39.98,34.98,30.0,0.0,RED INTERNET & PHONE CABLE U,0.0
4923,50 - 54,HSN,44.99,39.98,30.0,0.0,VF CABLEMAX,0.0
4924,40 - 44,NRW,49.97,34.98,30.0,0.0,VF RIP U-TREUE,1.0
4925,60 - 64,KBW,44.98,44.98,30.0,0.0,VF CABLEMAX,1.0
4926,35 - 39,NRW,39.98,24.98,30.0,0.0,RED INTERNET & PHONE CABLE U,1.0
4927,65 - 69,NRW,49.97,39.99,30.0,0.0,RED INTERNET & PHONE CABLE U,1.0
4928,30 - 34,KBW,39.98,44.98,30.0,0.0,VF CABLEMAX,0.0
4929,40 - 44,NRW,29.98,44.99,30.0,0.0,RED INTERNET & PHONE CABLE U,1.0
4930,40 - 44,NRW,54.99,44.98,30.0,0.0,RED INTERNET & PHONE CABLE U,1.0
4931,30 - 34,NRW,44.98,34.98,30.0,0.0,VF CABLEMAX,0.0
4932,35 - 39,HSN,44.98,44.98,30.0,0.0,VF RIP U-TREUE,1.0
4933,30 - 34,NRW,34.99,44.99,30.0,0.0,RED INTERNET & PHONE CABLE U,1.0
4934,40 - 44,KBW,39.99,44.99,30.0,0.0,VF CABLEMAX,1.0
4935,40 - 44,KBW,44.97,34.99,30.0,0.0,VF RIP U-TREUE,0.0
4936,55 - 59,KBW,44.99,39.98,30.0,0.0,RED INTERNET & PHONE CABLE U,1.0
4937,50 - 54,KBW,44.98,44.98,30.0,0.0,VF RIP U-TREUE,0.0
4938,25 - 29,NRW,34.99,39.99,5.0,0.0,VF RIP U-TREUE,0.0
4939,35 - 39,NRW,44.99,39.98,30.0,0.0,RED INTERNET & PHONE CABLE U,0.0
4940,25 - 29,KBW,39.98,39.97,30.0,0.0,GIGAZUHAUSE TREUE C,1.0
4941,30 - 34,NRW,42.99,34.96,30.0,0.0,VF RIP U-TREUE,0.0
4942,30 - 34,KBW,42.99,34.98,30.0,0.0,RED INTERNET & PHONE CABLE U,0.0
4943,55 - 59,NRW,44.98,39.98,30.0,0.0,RED INTERNET & PHONE CABLE U,0.0
4944,70 - 74,KBW,44.99,44.98,30.0,0.0,RED INTERNET & PHONE CABLE U,0.0
4945,35 - 39,KBW,29.97,44.99,30.0,0.0,RED INTERNET & PHONE CABLE U,0.0
4946,25 - 29,NRW,34.99,39.99,30.0,0.0,VF RIP U-TREUE,0.0
4947,25 - 29,KBW,49.99,44.99,30.0,0.0,VF CABLEMAX,0.0
4948,25 - 29,NRW,44.96,49.99,30.0,0.0,VF CABLEMAX,0.0
4949,45 - 49,NRW,42.99,44.99,30.0,0.0,RED INTERNET & PHONE CABLE U,1.0
4950,35 - 39,NRW,34.98,39.97,30.0,0.0,VF RIP U-TREUE,0.0
4951,35 - 39,NRW,39.98,44.99,30.0,0.0,RED INTERNET & PHONE CABLE U,0.0
4952,40 - 44,KBW,39.98,39.99,30.0,0.0,VF CABLEMAX,1.0
4953,80 and over,NRW,49.98,39.99,30.0,0.0,RED INTERNET & PHONE CABLE U,0.0
4954,55 - 59,NRW,29.99,44.99,30.0,0.0,RED INTERNET & PHONE CABLE U,1.0
4955,25 - 29,NRW,49.99,39.99,30.0,0.0,VF RIP U-TREUE,1.0
4956,35 - 39,NRW,49.98,49.99,30.0,0.0,GIGAZUHAUSE KABEL,1.0
4957,25 - 29,NRW,44.98,44.98,30.0,0.0,RED INTERNET & PHONE CABLE U,0.0
4958,55 - 59,KBW,47.98,39.98,30.0,0.0,RED INTERNET & PHONE CABLE U,1.0
4959,80 and over,KBW,34.99,44.98,30.0,0.0,VF RIP U-TREUE,1.0
4960,30 - 34,NRW,49.98,39.98,30.0,0.0,GIGAZUHAUSE KABEL,1.0
4961,35 - 39,KBW,34.98,34.99,30.0,0.0,VF RIP U-TREUE,1.0
4962,65 - 69,NRW,34.99,34.99,30.0,0.0,VF CABLEMAX,1.0
4963,50 - 54,HSN,39.99,47.99,30.0,0.0,GIGAZUHAUSE KABEL,0.0
4964,30 - 34,NRW,34.99,44.98,30.0,0.0,RED INTERNET & PHONE CABLE U,1.0
4965,40 - 44,KBW,37.99,39.99,30.0,0.0,RED INTERNET & PHONE CABLE U,0.0
4966,25 - 29,KBW,50.98,39.98,30.0,0.0,VF RIP U-TREUE,1.0
4967,60 - 64,NRW,42.99,34.98,30.0,0.0,RED INTERNET & PHONE CABLE U,1.0
4968,55 - 59,HSN,44.98,44.98,30.0,0.0,VF CABLEMAX,0.0
4969,35 - 39,KBW,34.98,39.98,30.0,0.0,RED INTERNET & PHONE CABLE U,1.0
4970,50 - 54,NRW,52.99,73.98,30.0,0.0,VF RIP U-TREUE,0.0
4971,30 - 34,NRW,47.98,39.98,30.0,0.0,RED INTERNET & PHONE CABLE U,0.0
4972,40 - 44,NRW,40.99,49.98,30.0,0.0,RED INTERNET & PHONE CABLE U,0.0
4973,50 - 54,NRW,39.99,44.99,30.0,0.0,RED INTERNET & PHONE CABLE U,0.0
4974,35 - 39,NRW,57.99,44.97,30.0,0.0,VF RIP U-TREUE,1.0
4975,30 - 34,KBW,34.98,44.98,30.0,0.0,RED INTERNET & PHONE CABLE U,1.0
4976,55 - 59,NRW,44.99,44.99,30.0,0.0,GIGAZUHAUSE KABEL,1.0
4977,60 - 64,HSN,39.98,44.99,30.0,0.0,RED INTERNET & PHONE CABLE U,0.0
4978,30 - 34,NRW,44.99,49.98,30.0,0.0,RED INTERNET & PHONE CABLE U,0.0
4979,55 - 59,NRW,48.98,44.96,30.0,0.0,VF RIP U-TREUE,1.0
4980,25 - 29,NRW,39.98,44.97,30.0,0.0,VF CABLEMAX,1.0
4981,55 - 59,HSN,32.97,39.98,30.0,0.0,RED INTERNET & PHONE CABLE U,0.0
4982,40 - 44,NRW,39.99,44.97,30.0,0.0,RED INTERNET & PHONE CABLE U,1.0
4983,60 - 64,NRW,39.98,43.97,30.0,0.0,RED INTERNET & PHONE CABLE U,0.0
4984,60 - 64,KBW,44.99,49.98,30.0,0.0,VF RIP U-TREUE,1.0
4985,40 - 44,NRW,49.97,39.97,30.0,0.0,GIGAZUHAUSE TREUE B,0.0
4986,25 - 29,NRW,44.99,39.99,30.0,0.0,RED INTERNET & PHONE CABLE U,1.0
4987,55 - 59,HSN,39.99,34.99,30.0,0.0,VF CABLEMAX,1.0
4988,40 - 44,NRW,39.99,39.99,30.0,0.0,VF RIP U-TREUE,1.0
4989,30 - 34,HSN,44.98,44.98,30.0,0.0,RED INTERNET & PHONE CABLE U,1.0
4990,50 - 54,KBW,42.97,44.99,30.0,0.0,RED INTERNET & PHONE CABLE U,0.0
4991,40 - 44,NRW,39.99,44.97,30.0,0.0,VF RIP U-TREUE,1.0
4992,80 and over,HSN,44.99,34.98,30.0,0.0,VF RIP U-TREUE,0.0
4993,35 - 39,KBW,44.99,39.99,30.0,0.0,RED INTERNET & PHONE CABLE U,0.0
4994,45 - 49,KBW,39.99,0.0,30.99,1.0,RED INTERNET & PHONE CABLE U,1.0
4995,70 - 74,KBW,49.98,44.99,30.0,0.0,RED INTERNET & PHONE CABLE U,0.0
4996,65 - 69,NRW,44.99,44.98,30.0,0.0,VF RIP U-TREUE,1.0
4997,35 - 39,NRW,54.98,44.99,30.0,0.0,VF CABLEMAX,0.0
4998,55 - 59,KBW,39.97,34.98,30.0,0.0,VF CABLEMAX,0.0
4999,30 - 34,NRW,34.98,29.99,30.0,0.0,VF CABLEMAX,0.0
5000,45 - 49,HSN,44.99,39.99,30.0,0.0,RED INTERNET & PHONE CABLE U,1.0
5001,50 - 54,KBW,34.99,34.98,30.0,0.0,RED INTERNET & PHONE CABLE U,0.0
5002,55 - 59,KBW,39.98,34.99,30.0,0.0,RED INTERNET & PHONE CABLE U,0.0
5003,80 and over,KBW,39.99,39.97,30.0,0.0,VF CABLEMAX,0.0
5004,35 - 39,KBW,44.97,42.99,30.0,0.0,RED INTERNET & PHONE CABLE U,0.0
5005,30 - 34,KBW,34.98,49.0,30.0,0.0,VF CABLEMAX,1.0
5006,25 - 29,KBW,39.99,44.98,30.0,0.0,RED INTERNET & PHONE CABLE U,1.0
5007,30 - 34,NRW,34.99,32.99,30.0,0.0,RED INTERNET & PHONE CABLE U,0.0
5008,40 - 44,HSN,49.99,39.99,30.0,0.0,RED INTERNET & PHONE CABLE U,1.0
5009,30 - 34,NRW,39.98,44.98,30.0,0.0,VF CABLEMAX,1.0
5010,40 - 44,NRW,34.98,34.98,30.0,0.0,VF RIP U-TREUE,0.0
5011,70 - 74,NRW,44.98,40.99,30.0,0.0,VF CABLEMAX,1.0
5012,40 - 44,NRW,39.99,44.97,30.0,0.0,RED INTERNET & PHONE CABLE U,1.0
5013,30 - 34,KBW,50.98,49.99,30.0,0.0,RED INTERNET & PHONE CABLE U,0.0
5014,35 - 39,NRW,44.99,49.99,30.0,0.0,VF RIP U-TREUE,0.0
5015,35 - 39,NRW,39.98,34.99,30.0,0.0,RED INTERNET & PHONE CABLE U,1.0
5016,60 - 64,KBW,42.99,44.98,30.0,0.0,RED INTERNET & PHONE CABLE U,1.0
5017,45 - 49,KBW,49.98,34.98,30.0,0.0,VF CABLEMAX,0.0
5018,70 - 74,NRW,39.99,34.98,30.0,0.0,RED INTERNET & PHONE CABLE U,0.0
5019,35 - 39,KBW,29.99,44.98,30.0,0.0,RED INTERNET & PHONE CABLE U,0.0
5020,40 - 44,HSN,29.98,44.97,30.0,0.0,RED INTERNET & PHONE CABLE U,0.0
5021,30 - 34,KBW,34.99,39.98,30.0,0.0,RED INTERNET & PHONE CABLE U,1.0
5022,40 - 44,KBW,39.99,27.99,30.0,0.0,RED INTERNET & PHONE CABLE U,1.0
5023,60 - 64,NRW,44.98,29.99,30.0,0.0,VF CABLEMAX,1.0
5024,35 - 39,NRW,32.99,34.97,30.0,0.0,RED INTERNET & PHONE CABLE U,1.0
5025,35 - 39,KBW,49.99,44.98,30.0,0.0,VF CABLEMAX,0.0
5026,30 - 34,KBW,34.98,44.98,30.0,0.0,RED INTERNET & PHONE CABLE U,1.0
5027,55 - 59,KBW,44.96,39.97,30.0,0.0,RED INTERNET & PHONE CABLE U,0.0
5028,25 - 29,NRW,44.97,34.97,30.0,0.0,GIGAZUHAUSE TREUE B,0.0
5029,30 - 34,NRW,29.99,39.98,30.0,0.0,GIGAZUHAUSE TREUE C,0.0
5030,25 - 29,KBW,39.98,32.96,30.0,0.0,VF CABLEMAX,0.0
5031,50 - 54,KBW,44.98,34.99,30.0,0.0,GIGAZUHAUSE KABEL,0.0
5032,40 - 44,NRW,37.98,39.99,30.0,0.0,RED INTERNET & PHONE CABLE U,0.0
5033,60 - 64,NRW,39.98,49.99,30.0,0.0,GIGAZUHAUSE KABEL,0.0
5034,40 - 44,NRW,34.97,29.99,30.0,0.0,RED INTERNET & PHONE CABLE U,0.0
5035,55 - 59,NRW,39.99,44.99,30.0,0.0,VF RIP U-TREUE,1.0
5036,35 - 39,NRW,47.98,74.99,30.0,0.0,RED INTERNET & PHONE CABLE U,0.0
5037,40 - 44,NRW,44.98,39.98,30.0,0.0,RED INTERNET & PHONE CABLE U,1.0
5038,25 - 29,KBW,29.99,29.99,30.0,0.0,RED INTERNET & PHONE CABLE U,1.0
5039,40 - 44,HSN,39.98,39.98,30.0,0.0,GIGAZUHAUSE KABEL,1.0
5040,60 - 64,KBW,49.99,44.99,30.0,0.0,VF RIP U-TREUE,0.0
5041,30 - 34,KBW,44.99,29.98,30.0,0.0,VF RIP U-TREUE,1.0
5042,35 - 39,NRW,34.98,49.99,30.0,0.0,GIGAZUHAUSE KABEL,1.0
5043,25 - 29,NRW,34.99,44.98,30.0,0.0,RED INTERNET & PHONE CABLE U,1.0
5044,30 - 34,NRW,39.97,34.99,30.0,0.0,VF RIP U-TREUE,1.0
5045,25 - 29,KBW,39.98,34.97,30.0,0.0,VF CABLEMAX,1.0
5046,30 - 34,KBW,34.99,49.98,30.0,0.0,RED INTERNET & PHONE CABLE U,1.0
5047,55 - 59,NRW,44.98,34.99,30.0,0.0,GIGAZUHAUSE KABEL,0.0
5048,45 - 49,KBW,49.98,29.99,30.0,0.0,VF RIP U-TREUE,1.0
5049,35 - 39,NRW,39.98,44.98,30.0,0.0,VF CABLEMAX,1.0
5050,40 - 44,NRW,34.98,34.99,30.0,0.0,RED INTERNET & PHONE CABLE U,1.0
5051,60 - 64,NRW,44.99,44.99,30.0,0.0,RED INTERNET & PHONE CABLE U,1.0
5052,30 - 34,KBW,39.99,44.99,30.0,0.0,VF CABLEMAX,0.0
5053,50 - 54,NRW,34.97,49.99,30.0,0.0,RED INTERNET & PHONE CABLE U,1.0
5054,50 - 54,NRW,44.99,42.99,30.0,0.0,VF RIP U-TREUE,1.0
5055,35 - 39,NRW,39.98,44.98,30.0,0.0,VF RIP U-TREUE,0.0
5056,55 - 59,NRW,39.99,44.99,30.0,0.0,VF RIP U-TREUE,1.0
5057,50 - 54,NRW,49.99,34.99,30.0,0.0,RED INTERNET & PHONE CABLE U,0.0
5058,35 - 39,KBW,44.97,39.99,30.0,0.0,RED INTERNET & PHONE CABLE U,1.0
5059,35 - 39,NRW,32.99,44.99,30.0,0.0,VF RIP U-TREUE,1.0
5060,18 - 24,KBW,39.98,34.98,30.0,0.0,VF RIP U-TREUE,1.0
5061,65 - 69,NRW,39.99,37.99,30.0,0.0,RED INTERNET & PHONE CABLE U,1.0
5062,40 - 44,NRW,39.96,32.99,30.0,0.0,RED INTERNET & PHONE CABLE U,1.0
5063,65 - 69,KBW,44.99,47.99,30.0,0.0,RED INTERNET & PHONE CABLE U,0.0
5064,30 - 34,KBW,44.99,34.99,30.0,0.0,VF RIP U-TREUE,0.0
5065,45 - 49,KBW,54.98,49.99,30.0,0.0,VF RIP U-TREUE,0.0
5066,45 - 49,KBW,44.98,44.98,30.0,0.0,RED INTERNET & PHONE CABLE U,1.0
5067,30 - 34,NRW,49.99,39.98,30.0,0.0,VF CABLEMAX,0.0
5068,50 - 54,NRW,34.99,44.99,30.0,0.0,RED INTERNET & PHONE CABLE U,0.0
5069,35 - 39,HSN,34.98,39.99,30.0,0.0,RED INTERNET & PHONE CABLE U,1.0
5070,25 - 29,NRW,44.99,44.99,30.0,0.0,VF RIP U-TREUE,1.0
5071,25 - 29,KBW,44.97,39.99,30.0,0.0,RED INTERNET & PHONE CABLE U,0.0
5072,40 - 44,NRW,39.98,49.99,30.0,0.0,GIGAZUHAUSE KABEL,1.0
5073,25 - 29,NRW,24.98,49.99,30.0,0.0,RED INTERNET & PHONE CABLE U,0.0
5074,45 - 49,KBW,44.99,39.98,30.0,0.0,GIGAZUHAUSE KABEL,1.0
5075,40 - 44,NRW,57.99,39.98,30.0,0.0,RED INTERNET & PHONE CABLE U,1.0
5076,45 - 49,NRW,29.99,44.98,30.0,0.0,RED INTERNET & PHONE CABLE U,1.0
5077,50 - 54,NRW,39.99,34.99,30.0,0.0,RED INTERNET & PHONE CABLE U,0.0
5078,25 - 29,NRW,44.99,39.98,30.0,0.0,RED INTERNET & PHONE CABLE U,1.0
5079,25 - 29,NRW,39.98,39.98,30.0,0.0,RED INTERNET & PHONE CABLE U,1.0
5080,35 - 39,NRW,44.97,39.98,30.0,0.0,RED INTERNET & PHONE CABLE U,0.0
5081,30 - 34,NRW,34.97,49.98,30.0,0.0,VF RIP U-TREUE,0.0
5082,40 - 44,NRW,34.99,34.99,30.0,0.0,RED INTERNET & PHONE CABLE U,1.0
5083,35 - 39,HSN,34.97,39.99,30.0,0.0,VF RIP U-TREUE,1.0
5084,60 - 64,KBW,39.99,29.99,30.0,0.0,VF RIP U-TREUE,0.0
5085,25 - 29,NRW,34.98,44.99,30.0,0.0,RED INTERNET & PHONE CABLE U,0.0
5086,40 - 44,NRW,49.98,44.98,30.0,0.0,VF RIP U-TREUE,0.0
5087,35 - 39,NRW,34.99,39.98,30.0,0.0,GIGAZUHAUSE KABEL,0.0
5088,40 - 44,NRW,49.99,39.98,30.0,0.0,RED INTERNET & PHONE CABLE U,1.0
5089,40 - 44,NRW,44.99,43.99,30.0,0.0,GIGAZUHAUSE KABEL,1.0
5090,65 - 69,NRW,49.99,29.99,30.0,0.0,RED INTERNET & PHONE CABLE U,1.0
5091,70 - 74,NRW,37.99,49.98,30.0,0.0,RED INTERNET & PHONE CABLE U,1.0
5092,35 - 39,KBW,39.98,49.98,30.0,0.0,RED INTERNET & PHONE CABLE U,0.0
5093,40 - 44,HSN,39.99,34.99,30.0,0.0,VF CABLEMAX,0.0
5094,30 - 34,KBW,44.99,39.98,30.0,0.0,GIGAZUHAUSE KABEL,1.0
5095,35 - 39,KBW,44.99,44.99,30.0,0.0,VF CABLEMAX,0.0
5096,40 - 44,KBW,34.99,39.99,30.0,0.0,RED INTERNET & PHONE CABLE U,1.0
5097,35 - 39,NRW,44.99,39.97,30.0,0.0,VF RIP U-TREUE,0.0
5098,35 - 39,NRW,34.99,49.99,30.0,0.0,VF CABLEMAX,0.0
5099,60 - 64,NRW,56.98,34.99,30.0,0.0,RED INTERNET & PHONE CABLE U,0.0
5100,65 - 69,NRW,29.99,29.99,30.0,0.0,RED INTERNET & PHONE CABLE U,0.0
5101,45 - 49,NRW,44.98,34.99,30.0,0.0,VF CABLEMAX,0.0
5102,35 - 39,NRW,34.97,44.99,30.0,0.0,VF RIP U-TREUE,0.0
5103,40 - 44,KBW,39.98,39.98,30.0,0.0,VF RIP U-TREUE,0.0
5104,50 - 54,NRW,34.98,47.99,30.0,0.0,RED INTERNET & PHONE CABLE U,0.0
5105,45 - 49,KBW,39.99,39.99,30.0,0.0,VF CABLEMAX,1.0
5106,60 - 64,KBW,34.98,39.99,30.0,0.0,RED INTERNET & PHONE CABLE U,0.0
5107,25 - 29,NRW,44.98,32.97,30.0,0.0,VF CABLEMAX,0.0
5108,60 - 64,NRW,34.99,39.98,30.0,0.0,VF RIP U-TREUE,1.0
5109,55 - 59,KBW,44.98,44.99,30.0,0.0,RED INTERNET & PHONE CABLE U,0.0
5110,60 - 64,KBW,39.98,44.98,30.0,0.0,RED INTERNET & PHONE CABLE U,0.0
5111,80 and over,HSN,39.99,34.97,30.0,0.0,RED INTERNET & PHONE CABLE U,1.0
5112,50 - 54,NRW,47.97,39.99,30.0,0.0,RED INTERNET & PHONE CABLE U,1.0
5113,55 - 59,KBW,34.99,33.99,30.0,0.0,GIGAZUHAUSE KABEL,0.0
5114,45 - 49,NRW,49.99,39.99,30.0,0.0,RED INTERNET & PHONE CABLE U,1.0
5115,35 - 39,NRW,44.99,34.99,47.0,0.0,VF RIP U-TREUE,1.0
5116,50 - 54,KBW,44.98,39.97,30.0,0.0,RED INTERNET & PHONE CABLE U,0.0
5117,55 - 59,KBW,47.99,44.99,30.0,0.0,RED INTERNET & PHONE CABLE U,0.0
5118,18 - 24,KBW,34.99,39.98,30.0,0.0,VF CABLEMAX,1.0
5119,30 - 34,NRW,32.99,49.98,30.0,0.0,RED INTERNET & PHONE CABLE U,1.0
5120,30 - 34,HSN,49.99,34.97,30.0,0.0,VF RIP U-TREUE,0.0
5121,35 - 39,NRW,39.99,49.98,30.0,0.0,VF RIP U-TREUE,0.0
5122,45 - 49,KBW,39.98,49.99,30.0,0.0,INTERNET START HZ TV,0.0
5123,30 - 34,NRW,34.99,34.99,30.0,0.0,VF RIP U-TREUE,1.0
5124,40 - 44,NRW,49.98,39.99,30.0,0.0,VF RIP U-TREUE,0.0
5125,40 - 44,KBW,39.99,39.98,30.0,0.0,RED INTERNET & PHONE CABLE U,0.0
5126,35 - 39,KBW,44.98,44.98,30.0,0.0,VF RIP U-TREUE,1.0
5127,35 - 39,NRW,39.97,44.98,30.0,0.0,VF RIP U-TREUE,0.0
5128,60 - 64,HSN,29.99,34.98,30.0,0.0,GIGAZUHAUSE KABEL,1.0
5129,40 - 44,NRW,44.98,54.98,30.0,0.0,RED INTERNET & PHONE CABLE U,1.0
5130,55 - 59,KBW,39.99,42.99,30.0,0.0,RED INTERNET & PHONE CABLE U,1.0
5131,30 - 34,KBW,34.99,42.99,30.0,0.0,RED INTERNET & PHONE CABLE U,1.0
5132,60 - 64,KBW,39.98,34.99,30.0,0.0,RED INTERNET & PHONE CABLE U,1.0
5133,25 - 29,KBW,49.99,34.99,30.0,1.0,VF RIP U-TREUE,0.0
5134,25 - 29,NRW,44.98,44.98,30.0,0.0,VF CABLEMAX,0.0
5135,40 - 44,KBW,29.98,49.98,30.0,0.0,RED INTERNET & PHONE CABLE U,0.0
5136,25 - 29,NRW,34.99,42.98,30.0,0.0,RED INTERNET & PHONE CABLE U,0.0
5137,40 - 44,HSN,44.98,42.99,30.0,0.0,RED INTERNET & PHONE CABLE U,1.0
5138,25 - 29,NRW,44.99,49.98,30.0,0.0,VF RIP U-TREUE,0.0
5139,30 - 34,NRW,44.98,44.95,30.0,0.0,RED INTERNET & PHONE CABLE U,1.0
5140,40 - 44,NRW,34.99,32.97,30.0,0.0,RED INTERNET & PHONE CABLE U,0.0
5141,55 - 59,HSN,29.99,42.98,30.0,0.0,VF RIP U-TREUE,1.0
5142,25 - 29,NRW,24.99,24.98,30.0,0.0,RED INTERNET & PHONE CABLE U,1.0
5143,60 - 64,HSN,39.98,39.99,30.0,0.0,RED INTERNET & PHONE CABLE U,1.0
5144,55 - 59,NRW,49.99,39.99,30.0,0.0,GIGAZUHAUSE KABEL,1.0
5145,30 - 34,KBW,39.98,44.98,30.0,0.0,RED INTERNET & PHONE CABLE U,0.0
5146,40 - 44,NRW,34.99,44.99,30.0,0.0,VF CABLEMAX,0.0
5147,30 - 34,NRW,49.98,54.99,30.0,0.0,VF CABLEMAX,0.0
5148,35 - 39,KBW,38.98,44.99,30.0,0.0,RED INTERNET & PHONE CABLE U,0.0
5149,45 - 49,NRW,49.98,34.98,30.0,0.0,RED INTERNET & PHONE CABLE U,0.0
5150,40 - 44,KBW,44.99,49.99,30.0,0.0,GIGAZUHAUSE KABEL,0.0
5151,35 - 39,NRW,54.98,39.98,30.0,0.0,VF RIP U-TREUE,0.0
5152,35 - 39,NRW,44.98,47.99,30.0,0.0,VF CABLEMAX,1.0
5153,40 - 44,NRW,34.99,44.98,30.0,0.0,VF CABLEMAX,1.0
5154,25 - 29,KBW,39.98,34.99,30.0,0.0,RED INTERNET & PHONE CABLE U,1.0
5155,55 - 59,KBW,39.98,39.97,30.0,0.0,RED INTERNET & PHONE CABLE U,1.0
5156,25 - 29,NRW,44.99,29.99,30.0,0.0,GIGAZUHAUSE KABEL,1.0
5157,35 - 39,NRW,49.99,44.98,30.0,0.0,RED INTERNET & PHONE CABLE U,1.0
5158,35 - 39,NRW,42.98,29.99,30.0,0.0,GIGAZUHAUSE KABEL,0.0
5159,55 - 59,NRW,39.98,44.99,30.0,0.0,VF RIP U-TREUE,0.0
5160,25 - 29,KBW,54.99,49.99,30.0,0.0,RED INTERNET & PHONE CABLE U,1.0
5161,40 - 44,NRW,44.99,39.99,30.0,0.0,RED INTERNET & PHONE CABLE U,0.0
5162,25 - 29,KBW,39.99,44.99,30.0,0.0,RED INTERNET & PHONE CABLE U,1.0
5163,25 - 29,NRW,48.98,34.98,30.0,0.0,RED INTERNET & PHONE CABLE U,1.0
5164,55 - 59,KBW,47.99,44.99,30.0,0.0,RED INTERNET & PHONE CABLE U,1.0
5165,40 - 44,NRW,34.98,44.98,30.0,0.0,VF RIP U-TREUE,1.0
5166,35 - 39,NRW,34.99,34.98,30.0,0.0,VF CABLEMAX,0.0
5167,40 - 44,NRW,39.99,39.98,30.0,0.0,RED INTERNET & PHONE CABLE U,1.0
5168,30 - 34,NRW,42.98,29.99,30.0,0.0,RED INTERNET & PHONE CABLE U,0.0
5169,30 - 34,NRW,49.99,44.98,30.0,0.0,GIGAZUHAUSE KABEL,1.0
5170,30 - 34,NRW,44.98,39.97,30.0,0.0,RED INTERNET & PHONE CABLE U,0.0
5171,18 - 24,NRW,44.98,44.99,30.0,0.0,RED INTERNET & PHONE CABLE U,0.0
5172,60 - 64,NRW,42.97,49.99,30.0,0.0,RED INTERNET & PHONE CABLE U,0.0
5173,55 - 59,KBW,39.99,44.99,30.0,0.0,VF RIP U-TREUE,0.0
5174,25 - 29,NRW,39.98,34.98,30.0,0.0,VF RIP U-TREUE,1.0
5175,65 - 69,NRW,44.97,34.99,30.0,0.0,RED INTERNET & PHONE CABLE U,0.0
5176,50 - 54,NRW,39.99,39.99,30.0,0.0,VF CABLEMAX,0.0
5177,35 - 39,KBW,34.98,44.99,30.0,0.0,RED INTERNET & PHONE CABLE U,0.0
5178,55 - 59,KBW,34.98,44.99,30.0,0.0,VF CABLEMAX,1.0
5179,80 and over,NRW,39.99,39.98,30.0,0.0,RED INTERNET & PHONE CABLE U,1.0
5180,65 - 69,NRW,34.99,43.99,30.0,0.0,GIGAZUHAUSE KABEL,0.0
5181,25 - 29,KBW,44.98,44.99,30.0,0.0,VF CABLEMAX,1.0
5182,35 - 39,HSN,24.98,39.99,30.0,0.0,RED INTERNET & PHONE CABLE U,0.0
5183,65 - 69,NRW,49.98,49.99,30.0,0.0,RED INTERNET & PHONE CABLE U,1.0
5184,40 - 44,NRW,39.99,34.99,30.0,0.0,RED INTERNET & PHONE CABLE U,0.0
5185,65 - 69,KBW,34.96,39.99,30.0,0.0,RED INTERNET & PHONE CABLE U,0.0
5186,18 - 24,KBW,44.98,24.99,30.0,0.0,VF RIP U-TREUE,0.0
5187,30 - 34,NRW,39.98,37.99,30.0,0.0,RED INTERNET & PHONE CABLE U,1.0
5188,25 - 29,KBW,37.99,39.99,30.0,0.0,RED INTERNET & PHONE CABLE U,1.0
5189,55 - 59,NRW,39.98,44.99,30.0,0.0,RED INTERNET & PHONE CABLE U,0.0
5190,25 - 29,KBW,34.98,44.99,30.0,0.0,VF CABLEMAX,1.0
5191,25 - 29,KBW,34.99,34.99,30.0,0.0,GIGAZUHAUSE KABEL,0.0
5192,30 - 34,NRW,32.99,44.99,30.0,0.0,RED INTERNET & PHONE CABLE U,0.0
5193,35 - 39,KBW,44.99,39.98,30.0,0.0,RED INTERNET & PHONE CABLE U,1.0
5194,50 - 54,NRW,34.98,44.98,30.0,0.0,GIGAZUHAUSE KABEL,0.0
5195,60 - 64,NRW,39.98,34.99,30.0,0.0,RED INTERNET & PHONE CABLE U,0.0
5196,60 - 64,NRW,44.99,34.99,30.0,0.0,RED INTERNET & PHONE CABLE U,1.0
5197,35 - 39,KBW,49.99,24.97,30.0,0.0,VF RIP U-TREUE,0.0
5198,35 - 39,KBW,44.99,49.99,30.0,0.0,RED INTERNET & PHONE CABLE U,1.0
5199,60 - 64,NRW,44.98,34.98,30.0,0.0,VF CABLEMAX,1.0
5200,30 - 34,NRW,39.98,39.99,30.0,0.0,RED INTERNET & PHONE CABLE U,1.0
5201,55 - 59,KBW,39.99,39.97,30.0,0.0,RED INTERNET & PHONE CABLE U,0.0
5202,40 - 44,KBW,47.99,44.99,45.0,0.0,RED INTERNET & PHONE CABLE U,1.0
5203,35 - 39,HSN,39.97,39.98,30.0,0.0,RED INTERNET & PHONE CABLE U,1.0
5204,18 - 24,NRW,49.99,44.98,30.0,0.0,VF RIP U-TREUE,1.0
5205,35 - 39,NRW,44.98,34.99,30.0,0.0,VF RIP U-TREUE,0.0
5206,45 - 49,HSN,42.98,29.98,30.0,0.0,RED INTERNET & PHONE CABLE U,1.0
5207,25 - 29,KBW,44.99,42.99,30.0,0.0,RED INTERNET & PHONE CABLE U,1.0
5208,40 - 44,NRW,44.99,49.99,30.0,0.0,RED INTERNET & PHONE CABLE U,0.0
5209,55 - 59,NRW,34.98,49.98,30.0,0.0,VF CABLEMAX,1.0
5210,25 - 29,NRW,49.98,47.99,30.0,0.0,VF CABLEMAX,1.0
5211,30 - 34,KBW,39.98,44.99,30.0,0.0,VF CABLEMAX,0.0
5212,70 - 74,KBW,44.99,47.99,30.0,0.0,RED INTERNET & PHONE CABLE U,0.0
5213,30 - 34,HSN,44.97,39.97,30.0,0.0,RED INTERNET & PHONE CABLE U,1.0
5214,65 - 69,HSN,39.99,34.98,30.0,0.0,RED INTERNET & PHONE CABLE U,0.0
5215,45 - 49,NRW,47.99,29.99,30.0,0.0,RED INTERNET & PHONE CABLE U,1.0
5216,35 - 39,KBW,49.99,29.99,30.0,0.0,VF RIP U-TREUE,1.0
5217,50 - 54,KBW,32.98,54.99,30.0,0.0,RED INTERNET & PHONE CABLE U,1.0
5218,25 - 29,NRW,32.98,49.99,30.0,0.0,GIGAZUHAUSE KABEL,0.0
5219,55 - 59,KBW,44.98,74.98,30.0,0.0,RED INTERNET & PHONE CABLE U,1.0
5220,60 - 64,KBW,34.99,44.99,30.0,0.0,VF CABLEMAX,0.0
5221,30 - 34,NRW,39.98,39.98,30.0,0.0,RED INTERNET & PHONE CABLE U,0.0
5222,35 - 39,KBW,39.98,39.98,30.0,0.0,VF RIP U-TREUE,1.0
5223,25 - 29,NRW,49.98,39.98,30.0,0.0,VF RIP U-TREUE,0.0
5224,35 - 39,NRW,44.98,39.95,30.0,0.0,RED INTERNET & PHONE CABLE U,0.0
5225,25 - 29,NRW,34.98,34.98,30.0,0.0,VF CABLEMAX,0.0
5226,25 - 29,KBW,44.99,29.98,30.0,0.0,GIGAZUHAUSE KABEL,0.0
5227,55 - 59,HSN,49.98,44.99,30.0,0.0,VF CABLEMAX,1.0
5228,35 - 39,NRW,44.99,39.99,30.0,0.0,VF CABLEMAX,0.0
5229,30 - 34,NRW,29.99,34.98,30.0,0.0,RED INTERNET & PHONE CABLE U,0.0
5230,35 - 39,KBW,47.99,34.99,30.0,0.0,VF CABLEMAX,0.0
5231,25 - 29,NRW,44.98,44.96,30.0,0.0,RED INTERNET & PHONE CABLE U,0.0
5232,25 - 29,KBW,49.99,34.98,30.0,0.0,VF CABLEMAX,1.0
5233,50 - 54,KBW,39.98,44.98,30.0,0.0,VF CABLEMAX,0.0
5234,60 - 64,NRW,49.98,44.99,30.0,0.0,RED INTERNET & PHONE CABLE U,0.0
5235,35 - 39,HSN,42.98,39.98,30.0,0.0,RED INTERNET & PHONE CABLE U,0.0
5236,50 - 54,NRW,39.98,49.98,30.0,0.0,RED INTERNET & PHONE CABLE U,1.0
5237,30 - 34,NRW,49.99,34.98,30.0,0.0,VF RIP U-TREUE,0.0
5238,35 - 39,NRW,32.98,39.99,30.0,0.0,GIGAZUHAUSE KABEL,0.0
5239,70 - 74,NRW,44.97,34.98,30.0,0.0,VF CABLEMAX,1.0
5240,60 - 64,NRW,34.98,34.98,30.0,0.0,VF RIP U-TREUE,1.0
5241,55 - 59,NRW,49.98,48.98,30.0,0.0,GIGAZUHAUSE KABEL,1.0
5242,60 - 64,KBW,29.99,39.99,30.0,0.0,RED INTERNET & PHONE CABLE U,0.0
5243,40 - 44,NRW,49.99,49.97,30.0,0.0,VF CABLEMAX,0.0
5244,40 - 44,NRW,39.98,44.98,30.0,0.0,RED INTERNET & PHONE CABLE U,1.0
5245,65 - 69,NRW,39.98,44.99,30.0,0.0,RED INTERNET & PHONE CABLE U,1.0
5246,50 - 54,NRW,39.98,39.99,30.0,0.0,VF RIP U-TREUE,1.0
5247,50 - 54,KBW,32.99,34.99,30.0,0.0,VF CABLEMAX,0.0
5248,35 - 39,KBW,39.98,39.99,30.0,0.0,RED INTERNET & PHONE CABLE U,0.0
5249,40 - 44,NRW,49.98,29.98,30.0,0.0,GIGAZUHAUSE TREUE C,0.0
5250,30 - 34,NRW,39.99,44.99,30.0,0.0,RED INTERNET & PHONE CABLE U,1.0
5251,25 - 29,HSN,39.99,49.99,30.0,0.0,GIGAZUHAUSE KABEL,1.0
5252,35 - 39,NRW,44.99,49.96,30.0,0.0,RED INTERNET & PHONE CABLE U,0.0
5253,45 - 49,KBW,32.97,34.99,30.0,0.0,GIGAZUHAUSE KABEL,0.0
5254,50 - 54,NRW,44.98,32.99,30.0,0.0,VF RIP U-TREUE,1.0
5255,40 - 44,KBW,39.99,44.97,30.0,0.0,VF RIP U-TREUE,1.0
5256,40 - 44,NRW,49.99,44.98,30.0,0.0,VF RIP U-TREUE,1.0
5257,30 - 34,KBW,44.99,44.98,30.0,0.0,RED INTERNET & PHONE CABLE U,0.0
5258,35 - 39,KBW,39.97,39.98,30.0,0.0,VF CABLEMAX,0.0
5259,65 - 69,KBW,39.99,49.97,30.0,0.0,GIGAZUHAUSE KABEL,0.0
5260,55 - 59,NRW,49.99,34.98,30.0,0.0,GIGAZUHAUSE KABEL,0.0
5261,65 - 69,NRW,49.97,44.98,30.0,0.0,GIGAZUHAUSE KABEL,1.0
5262,40 - 44,NRW,37.99,34.99,30.0,0.0,RED INTERNET & PHONE CABLE U,1.0
5263,60 - 64,KBW,39.99,29.98,30.0,0.0,RED INTERNET & PHONE CABLE U,0.0
5264,40 - 44,KBW,44.99,39.98,30.0,0.0,VF RIP U-TREUE,0.0
5265,65 - 69,NRW,29.99,42.98,30.0,0.0,RED INTERNET & PHONE CABLE U,1.0
5266,35 - 39,NRW,29.99,34.99,30.0,0.0,RED INTERNET & PHONE CABLE U,0.0
5267,35 - 39,NRW,44.99,39.96,30.0,0.0,RED INTERNET & PHONE CABLE U,0.0
5268,30 - 34,KBW,44.99,39.99,30.0,0.0,VF CABLEMAX,0.0
5269,30 - 34,NRW,39.98,39.99,30.0,0.0,RED INTERNET & PHONE CABLE U,1.0
5270,25 - 29,NRW,39.99,54.97,30.0,0.0,VF RIP U-TREUE,0.0
5271,35 - 39,NRW,52.99,39.98,30.0,0.0,RED INTERNET & PHONE CABLE U,1.0
5272,35 - 39,NRW,39.98,44.98,30.0,0.0,VF RIP U-TREUE,1.0
5273,30 - 34,NRW,34.99,44.99,30.0,0.0,RED INTERNET & PHONE CABLE U,1.0
5274,50 - 54,NRW,37.98,29.99,30.0,0.0,RED INTERNET & PHONE CABLE U,0.0
5275,35 - 39,KBW,39.98,44.97,30.0,0.0,VF CABLEMAX,1.0
5276,65 - 69,NRW,49.98,39.98,30.0,0.0,RED INTERNET & PHONE CABLE U,0.0
5277,50 - 54,NRW,29.99,39.99,30.0,0.0,VF RIP U-TREUE,1.0
5278,50 - 54,NRW,34.98,44.98,30.0,0.0,VF CABLEMAX,1.0
5279,35 - 39,HSN,34.98,49.98,30.0,0.0,RED INTERNET & PHONE CABLE U,0.0
5280,45 - 49,NRW,44.97,34.99,6.0,0.0,RED INTERNET & PHONE CABLE U,1.0
5281,75 - 79,HSN,44.99,44.98,30.0,0.0,RED INTERNET & PHONE CABLE U,0.0
5282,35 - 39,NRW,54.98,34.98,30.0,0.0,VF RIP U-TREUE,1.0
5283,25 - 29,KBW,44.99,44.99,30.0,0.0,RED INTERNET & PHONE CABLE U,1.0
5284,30 - 34,KBW,39.99,39.99,30.0,0.0,GIGAZUHAUSE KABEL,0.0
5285,25 - 29,KBW,44.98,39.97,30.0,0.0,VF RIP U-TREUE,1.0
5286,30 - 34,NRW,39.99,39.98,30.0,0.0,VF CABLEMAX,0.0
5287,40 - 44,KBW,39.98,39.99,30.0,0.0,VF CABLEMAX,0.0
5288,18 - 24,KBW,34.98,39.98,30.0,0.0,RED INTERNET & PHONE CABLE U,1.0
5289,35 - 39,NRW,39.99,39.99,30.0,0.0,RED INTERNET & PHONE CABLE U,1.0
5290,25 - 29,NRW,34.99,32.98,30.0,0.0,VF RIP U-TREUE,1.0
5291,25 - 29,NRW,49.99,29.98,30.0,0.0,VF RIP U-TREUE,1.0
5292,35 - 39,KBW,44.98,44.98,30.0,0.0,VF CABLEMAX,0.0
5293,35 - 39,NRW,44.99,44.97,30.0,0.0,VF RIP U-TREUE,1.0
5294,55 - 59,KBW,42.95,39.99,30.0,0.0,VF CABLEMAX,0.0
5295,30 - 34,KBW,44.98,44.98,30.0,0.0,RED INTERNET & PHONE CABLE U,0.0
5296,35 - 39,NRW,44.97,39.99,30.0,0.0,RED INTERNET & PHONE CABLE U,1.0
5297,35 - 39,NRW,39.99,39.99,30.0,0.0,VF RIP U-TREUE,1.0
5298,25 - 29,NRW,49.99,39.99,30.0,0.0,VF RIP U-TREUE,0.0
5299,45 - 49,KBW,49.99,44.99,30.0,0.0,VF RIP U-TREUE,0.0
5300,25 - 29,NRW,44.99,39.98,30.0,0.0,RED INTERNET & PHONE CABLE U,1.0
5301,60 - 64,HSN,34.99,44.98,30.0,0.0,VF RIP U-TREUE,1.0
5302,40 - 44,NRW,49.99,44.99,30.0,0.0,RED INTERNET & PHONE CABLE U,1.0
5303,60 - 64,KBW,29.99,39.98,30.0,0.0,VF CABLEMAX,0.0
5304,30 - 34,KBW,44.99,34.99,30.0,0.0,RED INTERNET & PHONE CABLE U,0.0
5305,25 - 29,KBW,49.99,42.98,30.0,0.0,VF CABLEMAX,0.0
5306,35 - 39,KBW,34.99,44.99,30.0,0.0,RED INTERNET & PHONE CABLE U,1.0
5307,35 - 39,NRW,49.99,42.99,30.0,0.0,VF RIP U-TREUE,0.0
5308,35 - 39,NRW,34.97,39.98,30.0,0.0,RED INTERNET & PHONE CABLE U,1.0
5309,55 - 59,NRW,39.97,49.99,30.0,0.0,RED INTERNET & PHONE CABLE U,0.0
5310,50 - 54,NRW,49.98,39.99,30.0,0.0,VF RIP U-TREUE,0.0
5311,30 - 34,NRW,49.99,39.99,30.0,0.0,VF CABLEMAX,1.0
5312,35 - 39,NRW,34.98,49.99,30.0,0.0,RED INTERNET & PHONE CABLE U,0.0
5313,35 - 39,KBW,44.98,44.98,30.0,0.0,RED INTERNET & PHONE CABLE U,0.0
5314,30 - 34,NRW,39.99,44.99,30.0,0.0,VF CABLEMAX,1.0
5315,35 - 39,HSN,49.99,34.99,30.0,0.0,VF CABLEMAX,1.0
5316,25 - 29,KBW,29.98,44.99,30.0,0.0,VF CABLEMAX,1.0
5317,25 - 29,NRW,44.99,34.98,30.0,0.0,GIGAZUHAUSE KABEL,0.0
5318,35 - 39,NRW,39.98,34.98,30.0,0.0,VF RIP U-TREUE,1.0
5319,35 - 39,HSN,34.98,29.99,30.0,0.0,VF RIP U-TREUE,1.0
5320,35 - 39,NRW,29.98,39.99,30.0,0.0,RED INTERNET & PHONE CABLE U,1.0
5321,35 - 39,KBW,34.97,39.99,30.0,0.0,VF RIP U-TREUE,0.0
5322,65 - 69,NRW,33.99,29.99,30.0,0.0,RED INTERNET & PHONE CABLE U,1.0
5323,60 - 64,NRW,39.99,44.98,30.0,0.0,VF CABLEMAX,0.0
5324,25 - 29,KBW,49.99,39.98,30.0,0.0,RED INTERNET & PHONE CABLE U,0.0
5325,25 - 29,KBW,34.99,34.98,30.0,0.0,GIGAZUHAUSE KABEL,0.0
5326,40 - 44,NRW,34.98,39.99,30.0,0.0,VF RIP U-TREUE,1.0
5327,30 - 34,NRW,29.98,34.98,30.0,0.0,VF RIP U-TREUE,0.0
5328,25 - 29,NRW,39.99,24.99,30.0,0.0,VF CABLEMAX,0.0
5329,80 and over,NRW,29.99,32.99,30.0,0.0,RED INTERNET & PHONE CABLE U,1.0
5330,60 - 64,NRW,39.97,49.99,30.0,0.0,VF RIP U-TREUE,0.0
5331,25 - 29,KBW,34.98,44.99,30.0,0.0,RED INTERNET & PHONE CABLE U,1.0
5332,35 - 39,HSN,49.98,54.97,30.0,0.0,VF RIP U-TREUE,1.0
5333,35 - 39,HSN,29.99,44.98,30.0,0.0,VF RIP U-TREUE,1.0
5334,45 - 49,KBW,34.98,49.99,30.0,0.0,VF RIP U-TREUE,1.0
5335,40 - 44,HSN,39.99,34.99,30.0,0.0,VF RIP U-TREUE,1.0
5336,55 - 59,HSN,39.96,34.99,30.0,0.0,RED INTERNET & PHONE CABLE U,1.0
5337,65 - 69,HSN,39.99,58.99,30.0,0.0,RED INTERNET & PHONE CABLE U,1.0
5338,35 - 39,KBW,44.99,39.98,30.0,0.0,VF CABLEMAX,0.0
5339,35 - 39,NRW,34.98,34.98,30.0,0.0,GIGAZUHAUSE KABEL,1.0
5340,55 - 59,NRW,39.98,34.99,30.0,0.0,RED INTERNET & PHONE CABLE U,1.0
5341,40 - 44,KBW,62.99,34.98,30.0,0.0,VF CABLEMAX,0.0
5342,30 - 34,NRW,39.98,44.98,30.0,0.0,RED INTERNET & PHONE CABLE U,1.0
5343,40 - 44,HSN,44.99,34.97,30.0,0.0,RED INTERNET & PHONE CABLE U,0.0
5344,35 - 39,NRW,34.98,34.97,30.0,0.0,RED INTERNET & PHONE CABLE U,0.0
5345,25 - 29,NRW,44.99,39.99,30.0,0.0,VF CABLEMAX,1.0
5346,35 - 39,NRW,44.99,34.98,30.0,0.0,RED INTERNET & PHONE CABLE U,1.0
5347,55 - 59,NRW,39.98,39.99,30.0,0.0,RED INTERNET & PHONE CABLE U,1.0
5348,75 - 79,KBW,44.99,44.98,30.0,0.0,VF CABLEMAX,1.0
5349,65 - 69,KBW,49.98,47.98,30.0,0.0,VF RIP U-TREUE,1.0
5350,40 - 44,KBW,54.98,37.99,30.0,0.0,RED INTERNET & PHONE CABLE U,1.0
5351,55 - 59,NRW,44.98,49.99,30.0,0.0,RED INTERNET & PHONE CABLE U,0.0
5352,35 - 39,NRW,44.97,44.99,30.0,0.0,RED INTERNET & PHONE CABLE U,0.0
5353,65 - 69,KBW,39.98,44.98,30.0,0.0,GIGAZUHAUSE KABEL,1.0
5354,45 - 49,NRW,44.98,44.98,30.0,0.0,VF CABLEMAX,1.0
5355,35 - 39,NRW,34.99,34.99,30.0,0.0,RED INTERNET & PHONE CABLE U,1.0
5356,35 - 39,NRW,49.99,44.98,30.0,0.0,RED INTERNET & PHONE CABLE U,1.0
5357,35 - 39,NRW,44.99,39.99,30.0,0.0,VF RIP U-TREUE,1.0
5358,30 - 34,NRW,44.98,39.98,30.0,0.0,VF CABLEMAX,1.0
5359,45 - 49,NRW,34.98,44.98,30.0,0.0,RED INTERNET & PHONE CABLE U,1.0
5360,55 - 59,KBW,39.99,79.98,30.0,0.0,RED INTERNET & PHONE CABLE U,0.0
5361,35 - 39,KBW,32.99,34.99,30.0,0.0,GIGAZUHAUSE KABEL,1.0
5362,55 - 59,NRW,32.99,34.98,30.0,0.0,VF RIP U-TREUE,0.0
5363,40 - 44,KBW,49.99,29.97,30.0,0.0,VF CABLEMAX,0.0
5364,30 - 34,NRW,42.99,49.99,30.0,0.0,VF CABLEMAX,0.0
5365,30 - 34,HSN,39.98,44.98,30.0,0.0,VF RIP U-TREUE,1.0
5366,35 - 39,HSN,54.97,34.99,30.0,0.0,RED INTERNET & PHONE CABLE U,1.0
5367,30 - 34,KBW,39.99,44.98,30.0,0.0,RED INTERNET & PHONE CABLE U,1.0
5368,35 - 39,KBW,49.99,39.99,30.0,0.0,RED INTERNET & PHONE CABLE U,0.0
5369,45 - 49,NRW,44.99,34.99,30.0,0.0,RED INTERNET & PHONE CABLE U,0.0
5370,60 - 64,NRW,39.98,34.98,30.0,0.0,RED INTERNET & PHONE CABLE U,0.0
5371,25 - 29,NRW,44.98,44.99,30.0,0.0,VF CABLEMAX,0.0
5372,40 - 44,KBW,73.99,39.99,30.0,0.0,RED INTERNET & PHONE CABLE U,1.0
5373,35 - 39,NRW,47.99,54.99,30.0,0.0,RED INTERNET & PHONE CABLE U,0.0
5374,45 - 49,NRW,44.98,32.99,30.0,0.0,RED INTERNET & PHONE CABLE U,1.0
5375,50 - 54,NRW,34.99,39.99,30.0,0.0,RED INTERNET & PHONE CABLE U,0.0
5376,30 - 34,NRW,29.98,44.98,30.0,0.0,RED INTERNET & PHONE CABLE U,0.0
5377,40 - 44,KBW,34.99,44.99,30.0,0.0,GIGAZUHAUSE KABEL,1.0
5378,60 - 64,NRW,44.97,49.0,30.0,0.0,VF CABLEMAX,0.0
5379,35 - 39,KBW,39.99,39.98,30.0,0.0,RED INTERNET & PHONE CABLE U,0.0
5380,30 - 34,NRW,39.99,39.99,30.0,0.0,VF RIP U-TREUE,1.0
5381,70 - 74,HSN,39.99,39.99,30.0,0.0,RED INTERNET & PHONE CABLE U,0.0
5382,55 - 59,KBW,39.98,49.98,30.0,0.0,RED INTERNET & PHONE CABLE U,0.0
5383,35 - 39,KBW,39.98,39.98,30.0,0.0,RED INTERNET & PHONE CABLE U,1.0
5384,30 - 34,HSN,34.99,44.99,30.0,0.0,VF RIP U-TREUE,1.0
5385,25 - 29,NRW,34.99,34.99,30.0,0.0,VF CABLEMAX,1.0
5386,35 - 39,NRW,34.99,39.99,30.0,0.0,RED INTERNET & PHONE CABLE U,0.0
5387,40 - 44,NRW,34.97,39.98,30.0,0.0,GIGAZUHAUSE KABEL,1.0
5388,25 - 29,KBW,39.98,34.99,30.0,0.0,RED INTERNET & PHONE CABLE U,0.0
5389,25 - 29,KBW,24.99,49.99,30.0,0.0,RED INTERNET & PHONE CABLE U,1.0
5390,40 - 44,NRW,34.99,39.99,30.0,0.0,RED INTERNET & PHONE CABLE U,0.0
5391,40 - 44,NRW,32.99,44.99,30.0,0.0,GIGAZUHAUSE KABEL,1.0
5392,40 - 44,NRW,39.99,49.99,30.0,0.0,RED INTERNET & PHONE CABLE U,1.0
5393,35 - 39,NRW,44.99,44.98,30.0,0.0,GIGAZUHAUSE KABEL,0.0
5394,35 - 39,KBW,49.98,44.98,30.0,0.0,VF RIP U-TREUE,1.0
5395,35 - 39,NRW,49.98,39.99,30.0,0.0,RED INTERNET & PHONE CABLE U,1.0
5396,50 - 54,KBW,39.98,44.98,30.0,0.0,VF CABLEMAX,1.0
5397,40 - 44,KBW,44.99,39.99,30.0,0.0,RED INTERNET & PHONE CABLE U,1.0
5398,40 - 44,NRW,42.98,44.99,30.0,0.0,RED INTERNET & PHONE CABLE U,1.0
5399,55 - 59,NRW,49.97,64.99,30.0,0.0,VF RIP U-TREUE,0.0
5400,45 - 49,NRW,44.99,39.99,30.0,0.0,VF CABLEMAX,0.0
5401,65 - 69,KBW,34.99,44.97,30.0,0.0,VF CABLEMAX,0.0
5402,45 - 49,KBW,29.98,44.98,30.0,0.0,RED INTERNET & PHONE CABLE U,0.0
5403,35 - 39,NRW,39.99,39.98,30.0,0.0,VF RIP U-TREUE,1.0
5404,35 - 39,NRW,59.98,44.96,30.0,0.0,VF RIP U-TREUE,0.0
5405,40 - 44,NRW,39.99,44.99,30.0,0.0,VF RIP U-TREUE,0.0
5406,35 - 39,NRW,34.99,44.99,30.0,0.0,RED INTERNET & PHONE CABLE U,1.0
5407,65 - 69,NRW,44.99,39.98,30.0,0.0,RED INTERNET & PHONE CABLE U,1.0
5408,55 - 59,NRW,34.99,44.99,30.0,0.0,VF RIP U-TREUE,0.0
5409,75 - 79,NRW,34.98,39.99,30.0,0.0,RED INTERNET & PHONE CABLE U,1.0
5410,50 - 54,NRW,44.98,44.98,30.0,0.0,RED INTERNET & PHONE CABLE U,0.0
5411,25 - 29,NRW,39.99,44.99,30.0,0.0,RED INTERNET & PHONE CABLE U,0.0
5412,40 - 44,NRW,44.98,48.98,30.0,0.0,RED INTERNET & PHONE CABLE U,1.0
5413,35 - 39,KBW,34.98,34.97,30.0,0.0,RED INTERNET & PHONE CABLE U,0.0
5414,30 - 34,NRW,44.99,34.98,30.0,0.0,RED INTERNET & PHONE CABLE U,0.0
5415,40 - 44,NRW,39.99,32.98,30.0,0.0,RED INTERNET & PHONE CABLE U,0.0
5416,50 - 54,NRW,39.98,39.99,30.0,0.0,GIGAZUHAUSE KABEL,1.0
5417,50 - 54,HSN,44.99,34.97,30.0,0.0,GIGAZUHAUSE KABEL,1.0
5418,35 - 39,NRW,39.98,39.97,30.0,0.0,VF RIP U-TREUE,0.0
5419,70 - 74,NRW,39.99,29.99,30.0,0.0,VF RIP U-TREUE,1.0
5420,25 - 29,KBW,44.98,34.99,30.0,0.0,RED INTERNET & PHONE CABLE U,0.0
5421,60 - 64,NRW,34.99,29.99,30.0,0.0,VF CABLEMAX,1.0
5422,40 - 44,NRW,44.99,44.99,30.0,0.0,GIGAZUHAUSE KABEL,1.0
5423,35 - 39,NRW,49.99,44.97,30.0,0.0,GIGAZUHAUSE KABEL,0.0
5424,25 - 29,NRW,34.99,49.99,30.0,0.0,RED INTERNET & PHONE CABLE U,0.0
5425,25 - 29,NRW,44.98,39.99,30.0,0.0,RED INTERNET & PHONE CABLE U,1.0
5426,30 - 34,KBW,39.99,34.98,30.0,0.0,VF CABLEMAX,1.0
5427,45 - 49,KBW,44.99,34.97,30.0,0.0,RED INTERNET & PHONE CABLE U,0.0
5428,55 - 59,NRW,44.99,49.98,30.0,0.0,VF RIP U-TREUE,0.0
5429,40 - 44,NRW,44.98,37.99,30.0,0.0,GIGAZUHAUSE KABEL,1.0
5430,45 - 49,NRW,44.99,29.99,30.0,0.0,VF CABLEMAX,0.0
5431,60 - 64,NRW,32.99,44.99,30.0,0.0,RED INTERNET & PHONE CABLE U,0.0
5432,25 - 29,NRW,49.99,39.99,30.0,0.0,VF RIP U-TREUE,1.0
5433,35 - 39,HSN,58.98,39.98,30.0,0.0,RED INTERNET & PHONE CABLE U,1.0
5434,45 - 49,NRW,44.35,42.99,30.0,0.0,VF CABLEMAX,1.0
5435,35 - 39,NRW,29.99,39.98,30.0,0.0,VF CABLEMAX,0.0
5436,40 - 44,NRW,34.99,29.99,30.0,0.0,RED INTERNET & PHONE CABLE U,0.0
5437,35 - 39,NRW,39.99,44.98,30.0,0.0,VF CABLEMAX,1.0
5438,35 - 39,NRW,44.98,34.99,30.0,0.0,VF CABLEMAX,1.0
5439,30 - 34,NRW,34.99,44.98,30.0,0.0,VF RIP U-TREUE,1.0
5440,35 - 39,KBW,39.99,49.99,30.0,0.0,VF CABLEMAX,0.0
5441,25 - 29,NRW,37.99,49.98,30.0,0.0,VF RIP U-TREUE,1.0
5442,60 - 64,NRW,44.99,44.97,30.0,0.0,VF RIP U-TREUE,1.0
5443,55 - 59,NRW,44.99,34.99,30.0,0.0,VF CABLEMAX,1.0
5444,55 - 59,NRW,44.99,34.99,30.0,0.0,VF RIP U-TREUE,1.0
5445,25 - 29,NRW,29.99,49.97,30.0,0.0,VF CABLEMAX,0.0
5446,65 - 69,NRW,39.98,34.98,30.0,0.0,VF RIP U-TREUE,1.0
5447,55 - 59,NRW,39.99,44.98,30.0,0.0,RED INTERNET & PHONE CABLE U,0.0
5448,45 - 49,HSN,49.97,44.99,30.0,0.0,RED INTERNET & PHONE CABLE U,0.0
5449,25 - 29,NRW,44.98,39.99,30.0,0.0,VF RIP U-TREUE,1.0
5450,35 - 39,NRW,49.98,49.98,30.0,0.0,VF RIP U-TREUE,0.0
5451,40 - 44,HSN,49.99,34.98,30.0,0.0,RED INTERNET & PHONE CABLE U,0.0
5452,25 - 29,NRW,37.99,49.99,30.0,0.0,GIGAZUHAUSE KABEL,0.0
5453,60 - 64,NRW,44.98,44.98,30.0,0.0,VF CABLEMAX,0.0
5454,35 - 39,KBW,24.97,34.98,30.0,0.0,GIGAZUHAUSE KABEL,0.0
5455,45 - 49,NRW,39.97,39.99,30.0,0.0,RED INTERNET & PHONE CABLE U,0.0
5456,40 - 44,NRW,39.99,39.99,30.0,0.0,RED INTERNET & PHONE CABLE U,0.0
5457,25 - 29,NRW,39.98,44.98,30.0,0.0,RED INTERNET & PHONE CABLE U,1.0
5458,45 - 49,KBW,39.99,29.99,30.0,0.0,VF RIP U-TREUE,0.0
5459,25 - 29,NRW,39.99,34.99,30.0,0.0,VF CABLEMAX,1.0
5460,65 - 69,NRW,39.98,43.99,30.0,0.0,VF RIP U-TREUE,1.0
5461,30 - 34,KBW,39.97,44.99,30.0,0.0,RED INTERNET & PHONE CABLE U,1.0
5462,25 - 29,KBW,44.98,44.99,30.0,0.0,RED INTERNET & PHONE CABLE U,1.0
5463,25 - 29,KBW,32.98,29.99,30.0,0.0,VF RIP U-TREUE,0.0
5464,40 - 44,HSN,49.97,49.99,30.0,0.0,RED INTERNET & PHONE CABLE U,0.0
5465,25 - 29,NRW,44.99,44.99,30.0,0.0,GIGAZUHAUSE KABEL,0.0
5466,35 - 39,KBW,39.99,29.98,30.0,0.0,RED INTERNET & PHONE CABLE U,0.0
5467,45 - 49,KBW,34.98,39.99,30.0,0.0,VF CABLEMAX,1.0
5468,50 - 54,KBW,39.99,54.98,30.0,0.0,VF RIP U-TREUE,1.0
5469,55 - 59,KBW,44.98,44.98,30.0,0.0,RED INTERNET & PHONE CABLE U,1.0
5470,35 - 39,KBW,34.96,32.98,30.0,0.0,GIGAZUHAUSE KABEL,0.0
5471,60 - 64,NRW,39.99,44.98,30.0,0.0,VF RIP U-TREUE,1.0
5472,60 - 64,NRW,62.99,34.98,30.0,0.0,RED INTERNET & PHONE CABLE U,1.0
5473,60 - 64,NRW,39.99,44.97,30.0,0.0,GIGAZUHAUSE KABEL,1.0
5474,40 - 44,NRW,39.98,44.98,30.0,0.0,RED INTERNET & PHONE CABLE U,0.0
5475,40 - 44,NRW,39.98,34.98,30.0,0.0,RED INTERNET & PHONE CABLE U,0.0
5476,40 - 44,NRW,49.98,39.99,30.0,0.0,RED INTERNET & PHONE CABLE U,1.0
5477,60 - 64,KBW,49.98,49.98,30.0,0.0,GIGAZUHAUSE KABEL,0.0
5478,60 - 64,NRW,29.99,34.99,30.0,0.0,GIGAZUHAUSE KABEL,1.0
5479,30 - 34,NRW,54.99,44.98,30.0,0.0,GIGAZUHAUSE TREUE B,0.0
5480,30 - 34,NRW,49.97,34.98,30.0,0.0,RED INTERNET & PHONE CABLE U,1.0
5481,70 - 74,KBW,54.99,29.99,30.0,0.0,RED INTERNET & PHONE CABLE U,1.0
5482,35 - 39,NRW,37.99,34.99,30.0,0.0,GIGAZUHAUSE KABEL,0.0
5483,50 - 54,KBW,39.97,34.97,30.0,0.0,RED INTERNET & PHONE CABLE U,0.0
5484,35 - 39,KBW,39.98,44.98,30.0,0.0,RED INTERNET & PHONE CABLE U,0.0
5485,60 - 64,NRW,34.99,44.98,30.0,0.0,GIGAZUHAUSE KABEL,1.0
5486,55 - 59,NRW,39.97,44.99,30.0,0.0,RED INTERNET & PHONE CABLE U,0.0
5487,25 - 29,KBW,44.98,44.99,30.0,0.0,RED INTERNET & PHONE CABLE U,0.0
5488,35 - 39,HSN,49.99,34.99,30.0,0.0,VF RIP U-TREUE,0.0
5489,65 - 69,NRW,49.99,44.98,30.0,0.0,GIGAZUHAUSE KABEL,1.0
5490,40 - 44,NRW,44.99,37.99,30.0,0.0,RED INTERNET & PHONE CABLE U,1.0
5491,30 - 34,NRW,49.99,29.98,30.0,0.0,RED INTERNET & PHONE CABLE U,0.0
5492,40 - 44,HSN,34.99,29.99,30.0,0.0,RED INTERNET & PHONE CABLE U,0.0
5493,65 - 69,KBW,44.99,39.99,30.0,0.0,RED INTERNET & PHONE CABLE U,1.0
5494,25 - 29,KBW,54.98,39.99,30.0,0.0,RED INTERNET & PHONE CABLE U,1.0
5495,60 - 64,NRW,49.98,44.98,30.0,0.0,MMA,0.0
5496,35 - 39,NRW,39.99,34.99,30.0,0.0,RED INTERNET & PHONE CABLE U,1.0
5497,25 - 29,KBW,39.99,39.98,30.0,0.0,GIGAZUHAUSE KABEL,1.0
5498,35 - 39,NRW,39.99,44.98,30.0,0.0,VF RIP U-TREUE,0.0
5499,55 - 59,NRW,44.99,34.99,30.0,0.0,RED INTERNET & PHONE CABLE U,0.0
5500,25 - 29,HSN,39.99,44.98,30.0,0.0,VF RIP U-TREUE,1.0
5501,25 - 29,KBW,44.98,44.99,30.0,0.0,RED INTERNET & PHONE CABLE U,0.0
5502,25 - 29,KBW,44.97,39.98,30.0,0.0,VF RIP U-TREUE,0.0
5503,50 - 54,NRW,44.99,32.99,30.0,0.0,RED INTERNET & PHONE CABLE U,1.0
5504,40 - 44,NRW,47.98,44.99,30.0,0.0,RED INTERNET & PHONE CABLE U,1.0
5505,50 - 54,KBW,49.99,34.99,30.0,0.0,RED INTERNET & PHONE CABLE U,0.0
5506,40 - 44,NRW,44.98,49.98,30.0,0.0,VF RIP U-TREUE,0.0
5507,55 - 59,HSN,39.97,42.99,30.0,0.0,GIGAZUHAUSE KABEL,1.0
5508,65 - 69,NRW,34.99,49.99,30.0,0.0,RED INTERNET & PHONE CABLE U,0.0
5509,35 - 39,KBW,39.99,29.99,30.0,0.0,VF RIP U-TREUE,1.0
5510,25 - 29,KBW,44.98,39.98,30.0,0.0,RED INTERNET & PHONE CABLE U,1.0
5511,30 - 34,KBW,39.98,39.98,30.0,0.0,RED INTERNET & PHONE CABLE U,0.0
5512,25 - 29,NRW,39.99,39.99,30.0,0.0,VF CABLEMAX,0.0
5513,35 - 39,HSN,49.99,32.98,30.0,0.0,RED INTERNET & PHONE CABLE U,1.0
5514,25 - 29,KBW,42.99,34.98,30.0,0.0,VF RIP U-TREUE,0.0
5515,35 - 39,KBW,39.98,49.98,30.0,0.0,RED INTERNET & PHONE CABLE U,1.0
5516,45 - 49,NRW,44.98,44.98,30.0,0.0,VF RIP U-TREUE,1.0
5517,70 - 74,KBW,59.99,32.98,30.0,0.0,RED INTERNET & PHONE CABLE U,0.0
5518,40 - 44,NRW,44.98,44.98,30.0,0.0,GIGAZUHAUSE KABEL,0.0
5519,25 - 29,NRW,29.99,39.97,30.0,0.0,RED INTERNET & PHONE CABLE U,0.0
5520,25 - 29,KBW,34.99,39.98,30.0,0.0,RED INTERNET & PHONE CABLE U,0.0
5521,80 and over,KBW,42.99,42.99,30.0,0.0,VF RIP U-TREUE,1.0
5522,30 - 34,NRW,39.99,39.98,30.0,0.0,RED INTERNET & PHONE CABLE U,0.0
5523,25 - 29,KBW,39.99,39.99,30.0,0.0,VF RIP U-TREUE,0.0
5524,70 - 74,NRW,42.99,39.98,30.0,0.0,VF RIP U-TREUE,1.0
5525,45 - 49,NRW,29.99,44.99,30.0,0.0,RED INTERNET & PHONE CABLE U,1.0
5526,50 - 54,NRW,34.99,34.99,30.0,0.0,VF RIP U-TREUE,1.0
5527,55 - 59,KBW,44.98,39.99,30.0,0.0,VF CABLEMAX,0.0
5528,35 - 39,KBW,42.99,44.99,30.0,0.0,RED INTERNET & PHONE CABLE U,1.0
5529,30 - 34,KBW,39.99,32.98,30.0,0.0,VF CABLEMAX,1.0
5530,30 - 34,NRW,29.97,34.99,30.0,0.0,RED INTERNET & PHONE CABLE U,1.0
5531,50 - 54,NRW,34.99,39.98,30.0,0.0,RED INTERNET & PHONE CABLE U,1.0
5532,35 - 39,NRW,49.97,49.98,30.0,0.0,VF CABLEMAX,1.0
5533,35 - 39,HSN,39.97,34.99,30.0,0.0,VF CABLEMAX,0.0
5534,35 - 39,NRW,39.97,39.98,30.0,0.0,VF RIP U-TREUE,0.0
5535,25 - 29,KBW,34.99,49.98,30.0,0.0,VF CABLEMAX,0.0
5536,30 - 34,NRW,39.97,34.98,30.0,0.0,VF RIP U-TREUE,1.0
5537,50 - 54,KBW,49.99,34.99,30.0,0.0,VF CABLEMAX,0.0
5538,40 - 44,NRW,39.99,39.98,30.0,0.0,VF CABLEMAX,0.0
5539,60 - 64,KBW,44.98,44.98,30.0,0.0,VF RIP U-TREUE,1.0
5540,80 and over,HSN,44.98,44.97,30.0,0.0,RED INTERNET & PHONE CABLE U,1.0
5541,40 - 44,KBW,49.99,44.97,30.0,0.0,VF RIP U-TREUE,0.0
5542,30 - 34,NRW,29.99,44.99,30.0,0.0,GIGAZUHAUSE TREUE B,1.0
5543,55 - 59,NRW,39.98,29.99,30.0,0.0,RED INTERNET & PHONE CABLE U,0.0
5544,40 - 44,NRW,49.99,39.99,30.0,0.0,VF RIP U-TREUE,0.0
5545,40 - 44,NRW,44.99,32.99,30.0,0.0,RED INTERNET & PHONE CABLE U,0.0
5546,30 - 34,HSN,32.99,44.98,30.0,0.0,RED INTERNET & PHONE CABLE U,1.0
5547,25 - 29,HSN,34.98,39.99,30.0,0.0,RED INTERNET & PHONE CABLE U,1.0
5548,60 - 64,HSN,34.99,44.99,30.0,0.0,RED INTERNET & PHONE CABLE U,1.0
5549,55 - 59,NRW,44.97,49.99,30.0,0.0,RED INTERNET & PHONE CABLE U,0.0
5550,30 - 34,NRW,49.99,44.98,30.0,0.0,VF RIP U-TREUE,0.0
5551,40 - 44,NRW,34.99,44.99,30.0,0.0,GIGAZUHAUSE KABEL,0.0
5552,60 - 64,KBW,44.99,44.98,30.0,0.0,RED INTERNET & PHONE CABLE U,0.0
5553,70 - 74,KBW,44.99,39.99,30.0,0.0,VF RIP U-TREUE,1.0
5554,40 - 44,NRW,49.98,34.99,30.0,0.0,RED INTERNET & PHONE CABLE U,0.0
5555,60 - 64,KBW,39.98,44.99,30.0,0.0,VF RIP U-TREUE,1.0
5556,45 - 49,NRW,34.96,34.98,30.0,0.0,VF CABLEMAX,0.0
5557,50 - 54,NRW,44.98,44.99,30.0,0.0,VF CABLEMAX,1.0
5558,35 - 39,NRW,44.98,24.99,30.0,0.0,GIGAZUHAUSE KABEL,1.0
5559,55 - 59,NRW,44.97,39.99,30.0,0.0,GIGAZUHAUSE KABEL,1.0
5560,45 - 49,NRW,34.99,39.99,30.0,0.0,GIGAZUHAUSE KABEL,0.0
5561,40 - 44,NRW,49.98,44.97,30.0,0.0,RED INTERNET & PHONE CABLE U,1.0
5562,35 - 39,KBW,34.99,39.99,30.0,0.0,RED INTERNET & PHONE CABLE U,0.0
5563,50 - 54,NRW,34.96,39.99,30.0,0.0,GIGAZUHAUSE KABEL,0.0
5564,50 - 54,NRW,34.98,34.99,30.0,0.0,VF RIP U-TREUE,0.0
5565,45 - 49,NRW,29.99,44.98,30.0,0.0,RED INTERNET & PHONE CABLE U,0.0
5566,55 - 59,NRW,44.99,49.99,30.0,0.0,RED INTERNET & PHONE CABLE U,0.0
5567,70 - 74,HSN,32.99,34.99,30.0,0.0,VF CABLEMAX,0.0
5568,30 - 34,NRW,39.99,32.98,30.0,0.0,VF RIP U-TREUE,0.0
5569,40 - 44,NRW,39.99,29.99,30.0,0.0,RED INTERNET & PHONE CABLE U,0.0
5570,35 - 39,NRW,24.99,39.99,30.0,0.0,RED INTERNET & PHONE CABLE U,1.0
5571,40 - 44,KBW,49.98,49.97,30.0,0.0,RED INTERNET & PHONE CABLE U,1.0
5572,35 - 39,HSN,39.99,39.98,30.0,0.0,RED INTERNET & PHONE CABLE U,1.0
5573,30 - 34,NRW,29.99,34.99,30.0,0.0,VF CABLEMAX,1.0
5574,25 - 29,KBW,44.98,44.98,30.0,0.0,VF CABLEMAX,0.0
5575,50 - 54,NRW,49.98,34.98,30.0,0.0,RED INTERNET & PHONE CABLE U,1.0
5576,25 - 29,NRW,39.99,34.99,30.0,0.0,VF RIP U-TREUE,0.0
5577,25 - 29,KBW,34.99,34.99,30.0,0.0,RED INTERNET & PHONE CABLE U,1.0
5578,55 - 59,NRW,49.99,47.98,30.0,0.0,GIGAZUHAUSE KABEL,0.0
5579,60 - 64,KBW,42.99,1.0,30.0,0.0,RED INTERNET & PHONE CABLE U,1.0
5580,40 - 44,NRW,39.99,39.99,30.0,0.0,RED INTERNET & PHONE CABLE U,0.0
5581,35 - 39,KBW,34.99,34.99,30.0,1.0,RED INTERNET & PHONE CABLE U,1.0
5582,35 - 39,KBW,44.98,44.99,30.0,0.0,RED INTERNET & PHONE CABLE U,0.0
5583,55 - 59,NRW,54.97,34.99,30.0,0.0,VF CABLEMAX,1.0
5584,30 - 34,NRW,44.99,39.98,30.0,0.0,GIGAZUHAUSE KABEL,0.0
5585,50 - 54,NRW,39.99,44.97,30.0,0.0,RED INTERNET & PHONE CABLE U,0.0
5586,40 - 44,NRW,29.99,34.99,30.0,0.0,RED INTERNET & PHONE CABLE U,1.0
5587,45 - 49,KBW,37.99,39.97,30.0,0.0,GIGAZUHAUSE KABEL,0.0
5588,35 - 39,NRW,29.99,29.98,30.0,0.0,RED INTERNET & PHONE CABLE U,1.0
5589,35 - 39,NRW,44.97,44.98,30.0,0.0,VF RIP U-TREUE,0.0
5590,35 - 39,KBW,44.98,39.98,30.0,0.0,VF CABLEMAX,0.0
5591,40 - 44,NRW,44.99,42.99,30.0,0.0,RED INTERNET & PHONE CABLE U,0.0
5592,45 - 49,NRW,39.99,54.97,30.0,0.0,GIGAZUHAUSE KABEL,0.0
5593,45 - 49,KBW,44.98,49.97,30.0,0.0,VF CABLEMAX,0.0
5594,35 - 39,NRW,44.98,39.99,30.0,0.0,RED INTERNET & PHONE CABLE U,0.0
5595,35 - 39,HSN,54.99,34.98,30.0,0.0,VF RIP U-TREUE,0.0
5596,45 - 49,NRW,44.98,39.98,30.0,0.0,RED INTERNET & PHONE CABLE U,1.0
5597,55 - 59,NRW,39.98,39.99,30.0,0.0,RED INTERNET & PHONE CABLE U,0.0
5598,30 - 34,KBW,37.99,43.99,30.0,0.0,RED INTERNET & PHONE CABLE U,0.0
5599,40 - 44,NRW,44.98,34.98,30.0,0.0,RED INTERNET & PHONE CABLE U,1.0
5600,40 - 44,HSN,39.99,32.98,30.0,0.0,VF CABLEMAX,1.0
5601,55 - 59,HSN,47.99,49.99,30.0,0.0,RED INTERNET & PHONE CABLE U,0.0
5602,55 - 59,KBW,39.99,34.98,30.0,0.0,GIGAZUHAUSE KABEL,1.0
5603,45 - 49,NRW,39.98,34.99,30.0,0.0,RED INTERNET & PHONE CABLE U,0.0
5604,60 - 64,NRW,49.98,34.98,30.0,0.0,RED INTERNET & PHONE CABLE U,1.0
5605,45 - 49,NRW,39.99,44.97,30.0,0.0,VF CABLEMAX,0.0
5606,50 - 54,KBW,19.99,49.99,30.0,0.0,VF RIP U-TREUE,0.0
5607,40 - 44,NRW,34.99,39.98,30.0,0.0,VF RIP U-TREUE,0.0
5608,80 and over,NRW,39.99,44.98,30.0,0.0,VF RIP U-TREUE,0.0
5609,40 - 44,HSN,39.98,52.99,30.0,0.0,RED INTERNET & PHONE CABLE U,1.0
5610,35 - 39,HSN,39.99,49.99,30.0,0.0,GIGAZUHAUSE KABEL,0.0
5611,50 - 54,NRW,39.98,49.99,30.0,0.0,GIGAZUHAUSE KABEL,0.0
5612,25 - 29,NRW,39.99,39.99,30.0,0.0,GIGAZUHAUSE KABEL,1.0
5613,65 - 69,NRW,34.99,34.99,30.0,0.0,RED INTERNET & PHONE CABLE U,1.0
5614,35 - 39,KBW,39.98,39.99,30.0,0.0,RED INTERNET & PHONE CABLE U,1.0
5615,30 - 34,NRW,60.99,44.99,30.0,0.0,RED INTERNET & PHONE CABLE U,0.0
5616,60 - 64,NRW,44.98,34.99,30.0,0.0,VF RIP U-TREUE,1.0
5617,35 - 39,KBW,47.99,32.99,30.0,0.0,RED INTERNET & PHONE CABLE U,0.0
5618,60 - 64,NRW,49.98,39.98,30.0,0.0,VF RIP U-TREUE,0.0
5619,65 - 69,HSN,44.97,44.98,30.0,0.0,RED INTERNET & PHONE CABLE U,0.0
5620,65 - 69,NRW,39.99,44.99,30.0,0.0,VF RIP U-TREUE,1.0
5621,25 - 29,NRW,62.99,39.99,30.0,0.0,RED INTERNET & PHONE CABLE U,1.0
5622,35 - 39,NRW,49.98,44.99,30.0,0.0,RED INTERNET & PHONE CABLE U,0.0
5623,55 - 59,KBW,44.97,34.98,30.0,0.0,VF CABLEMAX,1.0
5624,30 - 34,KBW,29.99,34.99,30.0,0.0,VF CABLEMAX,0.0
5625,30 - 34,NRW,68.98,39.99,30.0,0.0,RED INTERNET & PHONE CABLE U,0.0
5626,50 - 54,NRW,39.98,29.99,30.0,0.0,VF RIP U-TREUE,0.0
5627,40 - 44,NRW,44.98,39.97,30.0,0.0,RED INTERNET & PHONE CABLE U,1.0
5628,35 - 39,KBW,29.99,34.97,30.0,0.0,GIGAZUHAUSE KABEL,1.0
5629,30 - 34,NRW,49.99,44.98,30.0,0.0,GIGAZUHAUSE KABEL,1.0
5630,55 - 59,KBW,44.98,44.98,30.0,0.0,VF CABLEMAX,0.0
5631,60 - 64,KBW,44.98,49.98,30.0,0.0,RED INTERNET & PHONE CABLE U,0.0
5632,65 - 69,NRW,34.98,39.99,30.0,0.0,RED INTERNET & PHONE CABLE U,0.0
5633,35 - 39,HSN,44.99,34.99,30.0,0.0,RED INTERNET & PHONE CABLE U,0.0
5634,30 - 34,NRW,39.99,44.97,30.0,0.0,GIGAZUHAUSE KABEL,1.0
5635,35 - 39,NRW,34.99,39.97,30.0,0.0,VF RIP U-TREUE,1.0
5636,45 - 49,NRW,39.99,39.98,30.0,0.0,RED INTERNET & PHONE CABLE U,0.0
5637,45 - 49,KBW,39.99,37.99,30.0,0.0,GIGAZUHAUSE KABEL,0.0
5638,40 - 44,KBW,44.98,39.99,30.0,0.0,RED INTERNET & PHONE CABLE U,1.0
5639,25 - 29,NRW,39.98,24.97,30.0,0.0,VF CABLEMAX,0.0
5640,70 - 74,NRW,44.99,29.99,30.0,0.0,VF RIP U-TREUE,1.0
5641,55 - 59,NRW,34.99,39.98,30.0,0.0,VF RIP U-TREUE,0.0
5642,35 - 39,NRW,39.98,44.98,30.0,0.0,RED INTERNET & PHONE CABLE U,1.0
5643,30 - 34,KBW,39.99,44.97,30.0,0.0,RED INTERNET & PHONE CABLE U,1.0
5644,55 - 59,NRW,39.98,44.98,30.0,0.0,VF CABLEMAX,0.0
5645,55 - 59,NRW,44.99,44.98,30.0,0.0,GIGAZUHAUSE KABEL,1.0
5646,65 - 69,KBW,44.98,39.99,30.0,0.0,RED INTERNET & PHONE CABLE U,1.0
5647,30 - 34,NRW,34.96,34.99,30.0,0.0,RED INTERNET & PHONE CABLE U,1.0
5648,65 - 69,NRW,39.98,37.98,30.0,0.0,VF CABLEMAX,0.0
5649,70 - 74,NRW,39.98,29.99,30.0,0.0,RED INTERNET & PHONE CABLE U,1.0
5650,25 - 29,NRW,34.97,42.99,30.0,0.0,RED INTERNET & PHONE CABLE U,0.0
5651,45 - 49,KBW,39.99,49.99,30.0,0.0,VF RIP U-TREUE,1.0
5652,50 - 54,KBW,34.98,39.98,30.0,0.0,VF RIP U-TREUE,0.0
5653,35 - 39,KBW,44.99,49.98,30.0,0.0,RED INTERNET & PHONE CABLE U,0.0
5654,50 - 54,NRW,49.96,32.99,30.0,0.0,VF CABLEMAX,0.0
5655,35 - 39,KBW,44.98,32.99,30.0,0.0,GIGAZUHAUSE KABEL,0.0
5656,65 - 69,NRW,39.99,44.99,30.0,0.0,RED INTERNET & PHONE CABLE U,0.0
5657,18 - 24,NRW,49.98,37.98,30.0,0.0,RED INTERNET & PHONE CABLE U,1.0
5658,45 - 49,KBW,52.96,34.98,30.0,0.0,VF RIP U-TREUE,0.0
5659,65 - 69,NRW,34.97,54.98,30.0,0.0,VF RIP U-TREUE,1.0
5660,60 - 64,NRW,34.98,42.99,30.0,0.0,RED INTERNET & PHONE CABLE U,1.0
5661,25 - 29,HSN,54.99,39.97,30.0,0.0,RED INTERNET & PHONE CABLE U,1.0
5662,30 - 34,NRW,39.99,39.98,30.0,0.0,RED INTERNET & PHONE CABLE U,0.0
5663,65 - 69,NRW,24.99,44.99,30.0,0.0,RED INTERNET & PHONE CABLE U,0.0
5664,50 - 54,KBW,34.98,34.97,30.0,0.0,VF RIP U-TREUE,1.0
5665,35 - 39,NRW,39.98,54.98,30.0,0.0,RED INTERNET & PHONE CABLE U,1.0
5666,55 - 59,NRW,44.97,39.99,30.0,0.0,GIGAZUHAUSE KABEL,1.0
5667,55 - 59,NRW,39.98,49.98,30.0,0.0,VF RIP U-TREUE,0.0
5668,50 - 54,NRW,39.99,39.98,30.0,0.0,VF RIP U-TREUE,1.0
5669,30 - 34,NRW,44.98,44.98,30.0,0.0,GIGAZUHAUSE KABEL,1.0
5670,50 - 54,NRW,44.99,44.97,30.0,0.0,RED INTERNET & PHONE CABLE U,0.0
5671,25 - 29,NRW,39.99,44.98,30.0,0.0,VF RIP U-TREUE,0.0
5672,60 - 64,NRW,34.99,54.99,30.0,0.0,RED INTERNET & PHONE CABLE U,0.0
5673,60 - 64,NRW,49.98,39.97,30.0,0.0,VF RIP U-TREUE,1.0
5674,45 - 49,NRW,39.99,39.99,30.0,0.0,RED INTERNET & PHONE CABLE U,0.0
5675,40 - 44,NRW,71.99,49.99,30.0,0.0,VF CABLEMAX,0.0
5676,35 - 39,KBW,44.98,34.99,30.0,0.0,VF CABLEMAX,1.0
5677,45 - 49,NRW,39.99,49.99,30.0,0.0,GIGAZUHAUSE KABEL,0.0
5678,35 - 39,KBW,44.98,44.98,30.0,0.0,GIGAZUHAUSE KABEL,0.0
5679,30 - 34,NRW,44.99,34.98,30.0,0.0,VF RIP U-TREUE,0.0
5680,30 - 34,NRW,49.98,49.98,30.0,1.0,RED INTERNET & PHONE CABLE U,1.0
5681,25 - 29,HSN,34.98,34.99,30.0,0.0,VF RIP U-TREUE,1.0
5682,50 - 54,KBW,39.99,29.99,30.0,0.0,VF RIP U-TREUE,0.0
5683,30 - 34,NRW,42.99,44.97,30.0,0.0,VF RIP U-TREUE,1.0
5684,25 - 29,NRW,39.99,34.99,30.0,0.0,RED INTERNET & PHONE CABLE U,1.0
5685,45 - 49,NRW,34.98,29.99,30.0,0.0,VF CABLEMAX,1.0
5686,35 - 39,HSN,44.98,54.98,30.0,0.0,RED INTERNET & PHONE CABLE U,0.0
5687,35 - 39,KBW,34.98,49.97,30.0,0.0,VF CABLEMAX,0.0
5688,35 - 39,NRW,34.97,44.96,30.0,0.0,VF CABLEMAX,0.0
5689,40 - 44,HSN,39.98,49.99,30.0,0.0,RED INTERNET & PHONE CABLE U,0.0
5690,60 - 64,KBW,24.99,49.99,30.0,0.0,RED INTERNET & PHONE CABLE U,1.0
5691,35 - 39,NRW,44.99,34.99,30.0,0.0,RED INTERNET & PHONE CABLE U,1.0
5692,60 - 64,NRW,34.99,34.99,30.0,0.0,VF RIP U-TREUE,0.0
5693,70 - 74,KBW,44.98,39.98,30.0,0.0,VF RIP U-TREUE,0.0
5694,25 - 29,NRW,29.99,34.99,30.0,0.0,GIGAZUHAUSE KABEL,0.0
5695,25 - 29,NRW,39.99,44.99,30.0,0.0,RED INTERNET & PHONE CABLE U,0.0
5696,80 and over,HSN,44.98,34.99,30.0,0.0,VF RIP U-TREUE,1.0
5697,30 - 34,HSN,49.99,49.98,30.0,0.0,RED INTERNET & PHONE CABLE U,0.0
5698,25 - 29,NRW,34.98,49.98,30.0,0.0,VF RIP U-TREUE,0.0
5699,25 - 29,NRW,44.98,34.98,30.0,0.0,RED INTERNET & PHONE CABLE U,1.0
5700,40 - 44,NRW,34.99,39.99,30.0,0.0,GIGAZUHAUSE KABEL,0.0
5701,55 - 59,NRW,44.98,34.98,30.0,0.0,GIGAZUHAUSE KABEL,1.0
5702,45 - 49,KBW,49.99,34.99,30.0,0.0,VF CABLEMAX,0.0
5703,25 - 29,KBW,39.99,44.99,30.0,0.0,RED INTERNET & PHONE CABLE U,1.0
5704,25 - 29,KBW,39.99,34.97,30.0,0.0,RED INTERNET & PHONE CABLE U,0.0
5705,70 - 74,NRW,39.99,34.99,30.0,0.0,RED INTERNET & PHONE CABLE U,0.0
5706,80 and over,NRW,54.99,42.99,30.0,0.0,VF RIP U-TREUE,1.0
5707,35 - 39,KBW,44.98,39.99,30.0,0.0,VF CABLEMAX,1.0
5708,35 - 39,KBW,34.99,44.99,30.0,0.0,RED INTERNET & PHONE CABLE U,0.0
5709,55 - 59,KBW,29.99,29.98,30.0,0.0,VF CABLEMAX,0.0
5710,35 - 39,NRW,44.98,39.99,30.0,0.0,RED INTERNET & PHONE CABLE U,1.0
5711,40 - 44,NRW,44.99,34.99,30.0,0.0,VF RIP U-TREUE,1.0
5712,30 - 34,NRW,44.99,34.98,30.0,0.0,VF RIP U-TREUE,0.0
5713,25 - 29,KBW,49.98,47.99,30.0,0.0,VF CABLEMAX,0.0
5714,40 - 44,NRW,49.99,34.99,30.0,0.0,VF RIP U-TREUE,0.0
5715,not available,NRW,39.99,44.99,30.0,0.0,VF RIP U-TREUE,0.0
5716,30 - 34,KBW,34.99,44.99,30.0,0.0,RED INTERNET & PHONE CABLE U,0.0
5717,35 - 39,KBW,39.97,44.99,30.0,0.0,RED INTERNET & PHONE CABLE U,1.0
5718,25 - 29,NRW,44.98,44.98,30.0,0.0,GIGAZUHAUSE KABEL,0.0
5719,65 - 69,NRW,34.98,39.97,30.0,0.0,GIGAZUHAUSE KABEL,0.0
5720,65 - 69,KBW,49.98,34.98,30.0,0.0,VF CABLEMAX,0.0
5721,25 - 29,NRW,34.97,39.99,30.0,0.0,GIGAZUHAUSE KABEL,0.0
5722,65 - 69,NRW,49.99,44.99,30.0,0.0,RED INTERNET & PHONE CABLE U,1.0
5723,45 - 49,KBW,42.98,44.99,30.0,0.0,RED INTERNET & PHONE CABLE U,0.0
5724,25 - 29,HSN,59.99,49.99,30.0,0.0,GIGAZUHAUSE KABEL,1.0
5725,30 - 34,HSN,39.99,34.99,30.0,0.0,RED INTERNET & PHONE CABLE U,0.0
5726,30 - 34,KBW,44.98,39.99,30.0,0.0,VF CABLEMAX,0.0
5727,35 - 39,KBW,34.98,44.97,30.0,0.0,RED INTERNET & PHONE CABLE U,1.0
5728,30 - 34,KBW,39.98,34.99,30.0,0.0,RED INTERNET & PHONE CABLE U,1.0
5729,80 and over,NRW,39.98,44.99,30.0,0.0,VF RIP U-TREUE,0.0
5730,50 - 54,NRW,34.97,39.98,30.0,0.0,RED INTERNET & PHONE CABLE U,1.0
5731,35 - 39,NRW,34.99,49.98,30.0,0.0,VF RIP U-TREUE,0.0
5732,80 and over,NRW,24.99,39.98,30.0,0.0,VF RIP U-TREUE,1.0
5733,25 - 29,NRW,34.99,29.99,30.0,0.0,RED INTERNET & PHONE CABLE U,0.0
5734,35 - 39,KBW,44.98,44.99,30.0,0.0,GIGAZUHAUSE KABEL,1.0
5735,55 - 59,HSN,29.99,34.98,30.0,0.0,RED INTERNET & PHONE CABLE U,1.0
5736,30 - 34,NRW,44.98,44.99,30.0,0.0,RED INTERNET & PHONE CABLE U,1.0
5737,40 - 44,HSN,34.99,49.98,30.0,0.0,RED INTERNET & PHONE CABLE U,0.0
5738,35 - 39,KBW,34.99,42.97,30.0,0.0,VF CABLEMAX,0.0
5739,40 - 44,NRW,44.98,44.99,30.0,0.0,RED INTERNET & PHONE CABLE U,1.0
5740,40 - 44,KBW,39.99,29.97,30.0,0.0,GIGAZUHAUSE KABEL,0.0
5741,35 - 39,KBW,39.98,34.98,30.0,0.0,RED INTERNET & PHONE CABLE U,1.0
5742,25 - 29,NRW,34.99,39.98,30.0,0.0,GIGAZUHAUSE KABEL,1.0
5743,60 - 64,NRW,44.99,39.99,30.0,0.0,RED INTERNET & PHONE CABLE U,1.0
5744,35 - 39,HSN,39.99,37.99,30.0,0.0,GIGAZUHAUSE KABEL,0.0
5745,40 - 44,NRW,39.99,39.99,30.0,0.0,RED INTERNET & PHONE CABLE U,0.0
5746,35 - 39,HSN,44.99,44.99,30.0,0.0,RED INTERNET & PHONE CABLE U,1.0
5747,35 - 39,NRW,39.98,44.97,30.0,0.0,RED INTERNET & PHONE CABLE U,1.0
5748,30 - 34,NRW,44.99,49.97,30.0,0.0,RED INTERNET & PHONE CABLE U,0.0
5749,45 - 49,NRW,44.99,34.99,30.0,0.0,RED INTERNET & PHONE CABLE U,1.0
5750,40 - 44,NRW,39.99,34.97,30.0,0.0,RED INTERNET & PHONE CABLE U,1.0
5751,30 - 34,NRW,44.99,34.98,30.0,0.0,VF RIP U-TREUE,1.0
5752,25 - 29,NRW,44.98,34.99,30.0,0.0,RED INTERNET & PHONE CABLE U,0.0
5753,30 - 34,NRW,29.97,39.97,30.0,0.0,RED INTERNET & PHONE CABLE U,1.0
5754,50 - 54,NRW,49.99,39.99,30.0,0.0,GIGAZUHAUSE KABEL,1.0
5755,25 - 29,HSN,0.99,34.98,30.0,0.0,RED INTERNET & PHONE CABLE U,0.0
5756,40 - 44,KBW,39.98,44.97,30.0,0.0,VF CABLEMAX,1.0
5757,50 - 54,NRW,44.97,29.99,30.0,0.0,RED INTERNET & PHONE CABLE U,0.0
5758,35 - 39,KBW,44.99,39.98,30.0,0.0,VF RIP U-TREUE,1.0
5759,25 - 29,NRW,34.98,39.98,30.0,0.0,RED INTERNET & PHONE CABLE U,0.0
5760,35 - 39,KBW,54.97,34.98,30.0,0.0,GIGAZUHAUSE KABEL,0.0
5761,55 - 59,NRW,39.99,39.97,30.0,0.0,VF RIP U-TREUE,1.0
5762,30 - 34,KBW,48.97,39.99,30.0,0.0,GIGAZUHAUSE KABEL,0.0
5763,35 - 39,NRW,44.98,34.99,30.0,0.0,VF RIP U-TREUE,0.0
5764,25 - 29,NRW,39.98,34.98,30.0,0.0,RED INTERNET & PHONE CABLE U,1.0
5765,40 - 44,NRW,34.98,49.99,30.0,0.0,RED INTERNET & PHONE CABLE U,0.0
5766,30 - 34,KBW,44.97,34.98,30.0,0.0,VF RIP U-TREUE,1.0
5767,40 - 44,NRW,39.96,44.97,30.0,0.0,RED INTERNET & PHONE CABLE U,0.0
5768,65 - 69,NRW,34.98,34.99,30.0,0.0,GIGAZUHAUSE KABEL,0.0
5769,40 - 44,NRW,39.98,44.98,30.0,0.0,GIGAZUHAUSE KABEL,1.0
5770,65 - 69,KBW,39.99,39.99,30.0,0.0,VF RIP U-TREUE,0.0
5771,40 - 44,NRW,34.99,44.98,30.0,0.0,VF CABLEMAX,1.0
5772,60 - 64,NRW,34.99,39.99,30.0,0.0,RED INTERNET & PHONE CABLE U,1.0
5773,25 - 29,NRW,39.99,39.99,6.0,0.0,VF CABLEMAX,1.0
5774,55 - 59,HSN,49.99,39.98,30.0,0.0,RED INTERNET & PHONE CABLE U,1.0
5775,70 - 74,KBW,49.98,44.98,30.0,0.0,RED INTERNET & PHONE CABLE U,1.0
5776,65 - 69,KBW,39.98,49.97,30.0,1.0,VF RIP U-TREUE,1.0
5777,25 - 29,NRW,44.98,49.98,30.0,0.0,GIGAZUHAUSE KABEL,0.0
5778,40 - 44,KBW,44.99,65.99,30.0,0.0,RED INTERNET & PHONE CABLE U,1.0
5779,40 - 44,NRW,34.98,39.99,30.0,0.0,VF RIP U-TREUE,1.0
5780,35 - 39,NRW,49.97,39.99,30.0,0.0,VF CABLEMAX,0.0
5781,30 - 34,KBW,39.99,44.99,30.0,0.0,VF RIP U-TREUE,1.0
5782,50 - 54,NRW,44.99,44.97,30.0,0.0,RED INTERNET & PHONE CABLE U,0.0
5783,25 - 29,HSN,39.99,44.99,30.0,0.0,VF RIP U-TREUE,1.0
5784,60 - 64,HSN,44.99,37.98,30.0,0.0,GIGAZUHAUSE KABEL,0.0
5785,35 - 39,NRW,39.99,34.98,30.0,0.0,RED INTERNET & PHONE CABLE U,0.0
5786,45 - 49,NRW,44.99,54.99,30.0,0.0,RED INTERNET & PHONE CABLE U,1.0
5787,30 - 34,NRW,34.99,34.98,30.0,0.0,VF RIP U-TREUE,0.0
5788,25 - 29,NRW,34.98,44.99,30.0,0.0,RED INTERNET & PHONE CABLE U,0.0
5789,45 - 49,NRW,44.98,49.99,30.0,0.0,RED INTERNET & PHONE CABLE U,1.0
5790,25 - 29,HSN,39.99,34.99,30.0,0.0,RED INTERNET & PHONE CABLE U,0.0
5791,70 - 74,NRW,34.99,39.97,30.0,0.0,RED INTERNET & PHONE CABLE U,1.0
5792,60 - 64,KBW,44.96,34.98,30.0,0.0,RED INTERNET & PHONE CABLE U,0.0
5793,45 - 49,HSN,34.99,34.99,30.0,0.0,RED INTERNET & PHONE CABLE U,1.0
5794,35 - 39,NRW,44.98,39.98,30.0,0.0,RED INTERNET & PHONE CABLE U,0.0
5795,25 - 29,NRW,44.98,44.98,30.0,0.0,RED INTERNET & PHONE CABLE U,0.0
5796,40 - 44,KBW,34.99,44.99,30.0,0.0,RED INTERNET & PHONE CABLE U,0.0
5797,25 - 29,NRW,44.98,39.99,30.0,0.0,RED INTERNET & PHONE CABLE U,1.0
5798,35 - 39,NRW,39.97,44.97,30.0,0.0,VF RIP U-TREUE,0.0
5799,45 - 49,NRW,39.98,34.99,30.0,0.0,RED INTERNET & PHONE CABLE U,1.0
5800,30 - 34,NRW,32.99,32.99,30.0,0.0,RED INTERNET & PHONE CABLE U,1.0
5801,40 - 44,KBW,34.99,49.99,30.0,0.0,VF CABLEMAX,1.0
5802,40 - 44,KBW,34.99,42.99,30.0,0.0,VF CABLEMAX,0.0
5803,65 - 69,NRW,39.99,39.99,30.0,0.0,VF RIP U-TREUE,0.0
5804,50 - 54,NRW,49.99,44.98,30.0,0.0,VF RIP U-TREUE,0.0
5805,50 - 54,NRW,32.99,44.99,30.0,0.0,VF CABLEMAX,1.0
5806,60 - 64,HSN,34.98,39.99,30.0,0.0,VF CABLEMAX,1.0
5807,65 - 69,NRW,34.99,34.99,30.0,0.0,VF RIP U-TREUE,1.0
5808,55 - 59,KBW,44.99,44.97,30.0,0.0,RED INTERNET & PHONE CABLE U,0.0
5809,40 - 44,NRW,49.96,34.99,30.0,1.0,VF RIP U-TREUE,0.0
5810,55 - 59,NRW,34.98,54.98,30.0,0.0,RED INTERNET & PHONE CABLE U,1.0
5811,55 - 59,HSN,39.99,54.99,30.0,0.0,VF CABLEMAX,0.0
5812,30 - 34,NRW,39.98,44.99,30.0,0.0,RED INTERNET & PHONE CABLE U,1.0
5813,35 - 39,KBW,44.96,34.98,30.0,0.0,RED INTERNET & PHONE CABLE U,1.0
5814,25 - 29,NRW,39.99,47.98,30.0,0.0,VF CABLEMAX,1.0
5815,35 - 39,HSN,44.99,34.99,30.0,0.0,VF CABLEMAX,0.0
5816,55 - 59,NRW,44.99,39.98,30.0,0.0,RED INTERNET & PHONE CABLE U,0.0
5817,30 - 34,NRW,54.99,29.97,30.0,0.0,RED INTERNET & PHONE CABLE U,1.0
5818,35 - 39,NRW,39.97,44.98,30.0,0.0,VF CABLEMAX,1.0
5819,35 - 39,NRW,39.98,39.97,30.0,0.0,RED INTERNET & PHONE CABLE U,0.0
5820,25 - 29,KBW,44.98,29.98,30.0,0.0,RED INTERNET & PHONE CABLE U,0.0
5821,50 - 54,HSN,29.99,39.98,30.0,0.0,GIGAZUHAUSE KABEL,1.0
5822,25 - 29,NRW,39.97,34.99,30.0,0.0,RED INTERNET & PHONE CABLE U,1.0
5823,50 - 54,NRW,32.99,39.99,30.0,0.0,RED INTERNET & PHONE CABLE U,1.0
5824,35 - 39,NRW,39.99,39.98,30.0,0.0,VF RIP U-TREUE,0.0
5825,60 - 64,NRW,34.98,34.98,30.0,0.0,RED INTERNET & PHONE CABLE U,0.0
5826,30 - 34,NRW,49.98,34.99,30.0,0.0,RED INTERNET & PHONE CABLE U,0.0
5827,40 - 44,NRW,34.99,39.99,30.0,0.0,RED INTERNET & PHONE CABLE U,1.0
5828,40 - 44,KBW,39.99,39.99,30.0,0.0,RED INTERNET & PHONE CABLE U,1.0
5829,40 - 44,NRW,54.98,44.98,30.0,0.0,RED INTERNET & PHONE CABLE U,0.0
5830,30 - 34,NRW,39.99,39.99,30.0,0.0,RED INTERNET & PHONE CABLE U,1.0
5831,55 - 59,KBW,32.98,44.99,30.0,0.0,VF RIP U-TREUE,1.0
5832,30 - 34,NRW,39.98,44.99,30.0,0.0,RED INTERNET & PHONE CABLE U,1.0
5833,25 - 29,HSN,49.98,54.99,30.0,0.0,RED INTERNET & PHONE CABLE U,1.0
5834,40 - 44,NRW,44.98,39.99,30.0,0.0,GIGAZUHAUSE KABEL,0.0
5835,30 - 34,NRW,39.98,34.99,30.0,0.0,VF RIP U-TREUE,0.0
5836,55 - 59,NRW,49.99,39.98,30.0,0.0,VF CABLEMAX,1.0
5837,35 - 39,NRW,39.98,49.99,30.0,0.0,RED INTERNET & PHONE CABLE U,0.0
5838,30 - 34,NRW,44.99,44.99,30.0,0.0,VF RIP U-TREUE,1.0
5839,65 - 69,NRW,39.97,44.98,30.0,0.0,RED INTERNET & PHONE CABLE U,1.0
5840,40 - 44,NRW,44.99,39.98,30.0,0.0,RED INTERNET & PHONE CABLE U,0.0
5841,40 - 44,NRW,34.99,44.98,30.0,0.0,GIGAZUHAUSE KABEL,1.0
5842,30 - 34,HSN,44.98,39.98,30.0,0.0,VF CABLEMAX,0.0
5843,40 - 44,KBW,39.98,34.98,30.0,0.0,VF RIP U-TREUE,1.0
5844,35 - 39,NRW,39.99,34.99,30.0,0.0,RED INTERNET & PHONE CABLE U,0.0
5845,25 - 29,NRW,44.97,44.99,30.0,0.0,RED INTERNET & PHONE CABLE U,0.0
5846,18 - 24,NRW,49.99,29.99,30.0,0.0,RED INTERNET & PHONE CABLE U,1.0
5847,35 - 39,NRW,39.99,39.99,30.0,0.0,RED INTERNET & PHONE CABLE U,1.0
5848,35 - 39,KBW,34.97,44.99,30.0,0.0,RED INTERNET & PHONE CABLE U,0.0
5849,65 - 69,KBW,52.99,34.99,30.0,0.0,RED INTERNET & PHONE CABLE U,1.0
5850,35 - 39,KBW,44.98,44.97,30.0,0.0,VF CABLEMAX,0.0
5851,60 - 64,NRW,44.98,42.98,30.0,0.0,VF CABLEMAX,1.0
5852,25 - 29,NRW,49.99,49.98,30.0,0.0,GIGAZUHAUSE KABEL,1.0
5853,35 - 39,NRW,44.99,39.98,30.0,0.0,GIGAZUHAUSE KABEL,0.0
5854,40 - 44,NRW,34.99,39.98,30.0,0.0,GIGAZUHAUSE KABEL,1.0
5855,35 - 39,HSN,29.97,34.99,30.0,0.0,VF RIP U-TREUE,1.0
5856,30 - 34,NRW,44.98,29.98,30.0,0.0,RED INTERNET & PHONE CABLE U,0.0
5857,50 - 54,NRW,37.99,37.99,30.0,0.0,VF RIP U-TREUE,0.0
5858,25 - 29,KBW,49.99,49.98,30.0,0.0,RED INTERNET & PHONE CABLE U,1.0
5859,25 - 29,KBW,34.98,44.99,30.0,0.0,RED INTERNET & PHONE CABLE U,0.0
5860,25 - 29,NRW,44.98,47.99,30.0,0.0,VF CABLEMAX,1.0
5861,25 - 29,NRW,34.99,44.99,30.0,0.0,RED INTERNET & PHONE CABLE U,1.0
5862,40 - 44,HSN,32.99,44.99,30.0,0.0,RED INTERNET & PHONE CABLE U,1.0
5863,25 - 29,NRW,49.98,44.98,30.0,0.0,RED INTERNET & PHONE CABLE U,1.0
5864,40 - 44,KBW,34.97,37.98,30.0,0.0,VF CABLEMAX,0.0
5865,25 - 29,KBW,39.97,34.99,30.0,0.0,VF CABLEMAX,0.0
5866,40 - 44,KBW,34.98,44.98,30.0,0.0,VF RIP U-TREUE,0.0
5867,25 - 29,NRW,44.98,44.99,30.0,0.0,RED INTERNET & PHONE CABLE U,0.0
5868,35 - 39,HSN,29.97,39.98,30.0,0.0,GIGAZUHAUSE KABEL,0.0
5869,40 - 44,NRW,44.99,39.97,30.0,0.0,VF RIP U-TREUE,0.0
5870,60 - 64,HSN,39.97,44.99,30.0,0.0,VF RIP U-TREUE,1.0
5871,50 - 54,NRW,39.99,44.99,30.0,0.0,VF CABLEMAX,0.0
5872,25 - 29,NRW,49.98,39.99,30.0,0.0,RED INTERNET & PHONE CABLE U,0.0
5873,40 - 44,HSN,29.99,39.97,30.0,0.0,VF RIP U-TREUE,0.0
5874,65 - 69,KBW,44.99,44.99,30.0,0.0,VF RIP U-TREUE,1.0
5875,50 - 54,NRW,34.99,39.99,30.0,0.0,RED INTERNET & PHONE CABLE U,0.0
5876,25 - 29,KBW,34.98,49.99,30.0,0.0,VF RIP U-TREUE,0.0
5877,25 - 29,NRW,29.97,49.99,30.0,0.0,VF RIP U-TREUE,1.0
5878,60 - 64,NRW,29.98,49.99,30.0,0.0,VF CABLEMAX,0.0
5879,45 - 49,NRW,44.99,44.98,30.0,0.0,VF RIP U-TREUE,1.0
5880,70 - 74,NRW,49.98,47.99,30.0,0.0,RED INTERNET & PHONE CABLE U,0.0
5881,30 - 34,NRW,49.98,39.99,30.0,0.0,RED INTERNET & PHONE CABLE U,0.0
5882,70 - 74,NRW,55.98,44.98,30.0,0.0,GIGAZUHAUSE KABEL,0.0
5883,35 - 39,KBW,49.99,34.97,30.0,0.0,VF CABLEMAX,0.0
5884,30 - 34,NRW,44.98,39.98,30.0,0.0,VF RIP U-TREUE,0.0
5885,30 - 34,NRW,39.99,44.99,30.0,0.0,RED INTERNET & PHONE CABLE U,1.0
5886,30 - 34,NRW,39.99,47.99,30.0,0.0,RED INTERNET & PHONE CABLE U,1.0
5887,65 - 69,NRW,44.98,44.98,30.0,0.0,VF RIP U-TREUE,1.0
5888,25 - 29,KBW,29.99,44.99,30.0,0.0,RED INTERNET & PHONE CABLE U,1.0
5889,55 - 59,NRW,34.98,34.99,30.0,0.0,RED INTERNET & PHONE CABLE U,0.0
5890,40 - 44,NRW,29.99,44.99,30.0,0.0,VF CABLEMAX,0.0
5891,45 - 49,NRW,39.98,49.97,30.0,0.0,GIGAZUHAUSE KABEL,0.0
5892,25 - 29,HSN,34.97,39.98,30.0,0.0,VF CABLEMAX,1.0
5893,30 - 34,KBW,34.99,44.99,30.0,0.0,RED INTERNET & PHONE CABLE U,0.0
5894,55 - 59,NRW,44.98,49.97,30.0,0.0,VF RIP U-TREUE,1.0
5895,30 - 34,NRW,44.99,34.99,30.0,0.0,RED INTERNET & PHONE CABLE U,1.0
5896,30 - 34,KBW,39.98,39.98,30.0,0.0,VF CABLEMAX,0.0
5897,40 - 44,NRW,44.99,44.98,30.0,0.0,VF CABLEMAX,1.0
5898,55 - 59,NRW,44.99,42.99,30.0,0.0,VF CABLEMAX,1.0
5899,40 - 44,NRW,39.99,39.98,30.0,0.0,VF RIP U-TREUE,1.0
5900,40 - 44,KBW,39.99,32.98,30.0,0.0,VF RIP U-TREUE,0.0
5901,25 - 29,KBW,29.98,62.98,30.0,0.0,VF CABLEMAX,1.0
5902,40 - 44,KBW,44.98,29.99,30.0,0.0,VF CABLEMAX,1.0
5903,50 - 54,NRW,44.98,39.97,30.0,0.0,VF CABLEMAX,1.0
5904,25 - 29,HSN,39.99,47.97,30.0,0.0,RED INTERNET & PHONE CABLE U,1.0
5905,35 - 39,KBW,39.99,43.99,30.0,0.0,GIGAZUHAUSE KABEL,0.0
5906,50 - 54,NRW,44.99,44.99,30.0,0.0,RED INTERNET & PHONE CABLE U,1.0
5907,30 - 34,NRW,39.98,44.98,30.0,0.0,RED INTERNET & PHONE CABLE U,1.0
5908,30 - 34,KBW,44.99,49.99,30.0,0.0,RED INTERNET & PHONE CABLE U,1.0
5909,35 - 39,HSN,42.99,39.97,30.0,0.0,RED INTERNET & PHONE CABLE U,0.0
5910,35 - 39,KBW,34.99,34.98,30.0,0.0,RED INTERNET & PHONE CABLE U,1.0
5911,35 - 39,NRW,44.96,29.99,30.0,0.0,RED INTERNET & PHONE CABLE U,0.0
5912,30 - 34,NRW,39.99,29.99,30.0,0.0,GIGAZUHAUSE KABEL,0.0
5913,35 - 39,NRW,39.97,39.98,30.0,0.0,RED INTERNET & PHONE CABLE U,0.0
5914,30 - 34,HSN,42.99,39.97,30.0,0.0,VF RIP U-TREUE,0.0
5915,40 - 44,NRW,44.98,44.98,30.0,0.0,RED INTERNET & PHONE CABLE U,0.0
5916,45 - 49,NRW,34.99,42.97,30.0,0.0,RED INTERNET & PHONE CABLE U,0.0
5917,55 - 59,NRW,39.99,44.98,30.0,0.0,VF CABLEMAX,0.0
5918,30 - 34,KBW,34.98,44.99,30.0,0.0,VF RIP U-TREUE,0.0
5919,30 - 34,HSN,39.98,39.99,30.0,0.0,RED INTERNET & PHONE CABLE U,1.0
5920,30 - 34,KBW,34.98,44.98,30.0,0.0,VF RIP U-TREUE,1.0
5921,25 - 29,KBW,39.99,39.98,30.0,0.0,VF CABLEMAX,1.0
5922,45 - 49,NRW,44.99,34.98,30.0,0.0,VF CABLEMAX,1.0
5923,30 - 34,NRW,49.99,44.99,30.0,0.0,VF RIP U-TREUE,1.0
5924,30 - 34,NRW,34.99,34.99,30.0,0.0,RED INTERNET & PHONE CABLE U,1.0
5925,35 - 39,HSN,39.99,34.97,30.0,0.0,VF RIP U-TREUE,1.0
5926,25 - 29,NRW,49.98,39.98,30.0,0.0,GIGAZUHAUSE KABEL,0.0
5927,30 - 34,NRW,44.98,29.98,30.0,0.0,RED INTERNET & PHONE CABLE U,0.0
5928,35 - 39,KBW,44.99,39.99,30.0,0.0,RED INTERNET & PHONE CABLE U,1.0
5929,60 - 64,NRW,44.98,44.98,30.0,0.0,GIGAZUHAUSE KABEL,0.0
5930,40 - 44,KBW,74.99,44.98,30.0,0.0,RED INTERNET & PHONE CABLE U,0.0
5931,40 - 44,KBW,34.99,49.98,30.0,0.0,VF CABLEMAX,1.0
5932,30 - 34,NRW,44.99,44.99,30.0,0.0,VF CABLEMAX,1.0
5933,25 - 29,KBW,49.99,44.98,30.0,0.0,VF CABLEMAX,1.0
5934,50 - 54,NRW,49.99,39.99,30.0,0.0,GIGAZUHAUSE KABEL,1.0
5935,25 - 29,NRW,39.98,34.99,30.0,0.0,RED INTERNET & PHONE CABLE U,1.0
5936,35 - 39,KBW,34.99,39.99,30.0,0.0,GIGAZUHAUSE TREUE C,0.0
5937,45 - 49,NRW,44.99,44.99,30.0,0.0,RED INTERNET & PHONE CABLE U,0.0
5938,70 - 74,NRW,44.97,29.99,30.0,0.0,VF RIP U-TREUE,0.0
5939,40 - 44,KBW,39.99,39.98,30.0,0.0,VF CABLEMAX,1.0
5940,30 - 34,KBW,39.99,44.99,30.0,0.0,VF RIP U-TREUE,1.0
5941,25 - 29,KBW,49.89,34.99,30.0,0.0,RED INTERNET & PHONE CABLE U,0.0
5942,25 - 29,NRW,39.99,24.98,30.0,0.0,VF CABLEMAX,1.0
5943,40 - 44,NRW,29.99,44.99,30.0,0.0,VF RIP U-TREUE,1.0
5944,30 - 34,NRW,39.98,39.99,30.0,0.0,RED INTERNET & PHONE CABLE U,1.0
5945,50 - 54,NRW,37.97,39.98,30.0,0.0,GIGAZUHAUSE KABEL,0.0
5946,30 - 34,NRW,44.98,44.98,30.0,0.0,GIGAZUHAUSE KABEL,1.0
5947,25 - 29,NRW,34.99,42.98,30.0,0.0,RED INTERNET & PHONE CABLE U,1.0
5948,30 - 34,HSN,29.99,54.98,30.0,0.0,VF RIP U-TREUE,0.0
5949,50 - 54,KBW,39.98,29.99,30.0,0.0,GIGAZUHAUSE KABEL,1.0
5950,30 - 34,NRW,34.99,39.99,30.0,0.0,RED INTERNET & PHONE CABLE U,1.0
5951,55 - 59,NRW,44.99,44.99,30.0,0.0,VF CABLEMAX,0.0
5952,35 - 39,KBW,44.99,44.99,30.0,0.0,VF RIP U-TREUE,0.0
5953,65 - 69,KBW,44.99,44.98,30.0,0.0,VF RIP U-TREUE,1.0
5954,30 - 34,NRW,29.98,39.99,30.0,0.0,RED INTERNET & PHONE CABLE U,0.0
5955,55 - 59,NRW,44.98,39.98,30.0,0.0,RED INTERNET & PHONE CABLE U,0.0
5956,35 - 39,NRW,34.98,34.98,30.0,0.0,RED INTERNET & PHONE CABLE U,0.0
5957,40 - 44,HSN,39.98,39.98,30.0,0.0,GIGAZUHAUSE KABEL,0.0
5958,60 - 64,KBW,44.98,44.98,30.0,0.0,RED INTERNET & PHONE CABLE U,1.0
5959,40 - 44,KBW,49.97,44.98,30.0,0.0,RED INTERNET & PHONE CABLE U,0.0
5961,25 - 29,KBW,37.98,44.98,30.0,0.0,GIGAZUHAUSE KABEL,1.0
5962,25 - 29,NRW,44.98,44.99,30.0,0.0,RED INTERNET & PHONE CABLE U,1.0
5963,60 - 64,NRW,44.97,44.98,30.0,0.0,VF CABLEMAX,1.0
5964,25 - 29,KBW,44.96,49.99,30.0,0.0,VF RIP U-TREUE,1.0
5965,30 - 34,NRW,49.98,44.99,30.0,0.0,RED INTERNET & PHONE CABLE U,0.0
5966,50 - 54,NRW,44.99,44.98,30.0,0.0,VF RIP U-TREUE,0.0
5967,40 - 44,NRW,39.99,44.97,30.0,0.0,RED INTERNET & PHONE CABLE U,1.0
5968,25 - 29,KBW,34.98,44.98,30.0,0.0,VF RIP U-TREUE,0.0
5969,60 - 64,NRW,39.99,39.99,30.0,0.0,RED INTERNET & PHONE CABLE U,1.0
5970,25 - 29,KBW,39.99,34.98,30.0,0.0,VF RIP U-TREUE,0.0
5971,60 - 64,HSN,34.99,39.99,30.0,0.0,RED INTERNET & PHONE CABLE U,0.0
5972,30 - 34,NRW,32.99,39.98,30.0,0.0,VF CABLEMAX,1.0
5973,45 - 49,NRW,37.98,37.99,30.0,0.0,VF CABLEMAX,0.0
5974,40 - 44,HSN,39.98,34.99,30.0,0.0,VF CABLEMAX,0.0
5975,25 - 29,KBW,44.98,39.99,30.0,0.0,RED INTERNET & PHONE CABLE U,1.0
5976,80 and over,NRW,39.98,44.98,30.0,0.0,RED INTERNET & PHONE CABLE U,0.0
5977,40 - 44,NRW,49.97,39.99,30.0,0.0,GIGAZUHAUSE KABEL,0.0
5978,65 - 69,KBW,29.98,47.99,30.0,0.0,RED INTERNET & PHONE CABLE U,0.0
5979,65 - 69,NRW,44.98,49.98,30.0,0.0,RED INTERNET & PHONE CABLE U,1.0
5980,70 - 74,KBW,39.98,44.99,30.0,0.0,RED INTERNET & PHONE CABLE U,1.0
5981,70 - 74,NRW,44.99,44.99,30.0,0.0,VF CABLEMAX,1.0
5982,30 - 34,NRW,34.98,39.97,30.0,0.0,VF RIP U-TREUE,1.0
5983,35 - 39,NRW,39.99,44.99,30.0,0.0,VF RIP U-TREUE,0.0
5984,25 - 29,KBW,39.99,47.98,30.0,0.0,VF RIP U-TREUE,0.0
5985,45 - 49,NRW,39.99,39.98,30.0,0.0,RED INTERNET & PHONE CABLE U,0.0
5986,25 - 29,KBW,44.99,49.99,30.0,0.0,VF CABLEMAX,0.0
5987,25 - 29,KBW,44.98,44.99,30.0,0.0,VF CABLEMAX,1.0
5988,30 - 34,KBW,32.99,42.99,30.0,0.0,VF RIP U-TREUE,1.0
5989,65 - 69,NRW,42.99,39.99,30.0,0.0,RED INTERNET & PHONE CABLE U,1.0
5990,30 - 34,NRW,39.99,39.98,30.0,0.0,RED INTERNET & PHONE CABLE U,1.0
5991,30 - 34,NRW,44.98,39.99,30.0,0.0,RED INTERNET & PHONE CABLE U,0.0
5992,35 - 39,NRW,39.99,49.99,30.0,0.0,VF RIP U-TREUE,1.0
5993,35 - 39,NRW,49.99,39.98,30.0,0.0,RED INTERNET & PHONE CABLE U,0.0
5994,70 - 74,KBW,39.99,37.98,30.0,0.0,VF RIP U-TREUE,0.0
5995,45 - 49,NRW,44.99,29.99,30.0,0.0,RED INTERNET & PHONE CABLE U,0.0
5996,70 - 74,NRW,34.99,34.98,30.0,0.0,RED INTERNET & PHONE CABLE U,1.0
5997,30 - 34,NRW,39.98,44.98,30.0,0.0,VF CABLEMAX,1.0
5998,55 - 59,NRW,34.98,49.99,30.0,0.0,VF CABLEMAX,1.0
5999,25 - 29,NRW,44.96,34.99,30.0,0.0,VF RIP U-TREUE,1.0
6000,40 - 44,KBW,42.97,29.99,30.0,0.0,VF CABLEMAX,0.0
6001,30 - 34,NRW,39.99,39.99,30.0,0.0,VF CABLEMAX,1.0
6002,30 - 34,KBW,48.99,39.98,30.0,0.0,RED INTERNET & PHONE CABLE U,0.0
6003,35 - 39,NRW,39.99,34.99,30.0,0.0,RED INTERNET & PHONE CABLE U,0.0
6004,40 - 44,KBW,44.99,34.98,30.0,0.0,VF RIP U-TREUE,1.0
6005,55 - 59,HSN,39.99,34.99,30.0,0.0,RED INTERNET & PHONE CABLE U,1.0
6006,35 - 39,HSN,34.99,39.99,30.0,0.0,RED INTERNET & PHONE CABLE U,0.0
6007,75 - 79,KBW,49.99,44.99,30.0,0.0,RED INTERNET & PHONE CABLE U,1.0
6008,70 - 74,NRW,49.99,34.98,30.0,0.0,RED INTERNET & PHONE CABLE U,1.0
6009,55 - 59,NRW,44.97,52.99,30.0,0.0,RED INTERNET & PHONE CABLE U,0.0
6010,30 - 34,NRW,44.99,39.98,30.0,0.0,RED INTERNET & PHONE CABLE U,1.0
6011,40 - 44,KBW,49.99,34.98,30.0,0.0,RED INTERNET & PHONE CABLE U,1.0
6012,60 - 64,NRW,34.99,44.98,30.0,0.0,RED INTERNET & PHONE CABLE U,1.0
6013,40 - 44,NRW,44.99,39.98,30.0,0.0,RED INTERNET & PHONE CABLE U,0.0
6014,40 - 44,KBW,44.98,32.99,30.0,0.0,RED INTERNET & PHONE CABLE U,1.0
6015,40 - 44,KBW,32.99,39.99,30.0,0.0,VF RIP U-TREUE,1.0
6016,65 - 69,NRW,44.99,37.99,30.0,0.0,RED INTERNET & PHONE CABLE U,1.0
6017,35 - 39,KBW,39.98,44.98,30.0,0.0,RED INTERNET & PHONE CABLE U,1.0
6018,80 and over,NRW,39.98,34.98,30.0,0.0,GIGAZUHAUSE KABEL,1.0
6019,40 - 44,NRW,44.99,39.99,30.0,0.0,RED INTERNET & PHONE CABLE U,1.0
6020,35 - 39,NRW,44.99,34.99,30.0,0.0,VF RIP U-TREUE,0.0
6021,25 - 29,NRW,39.98,39.98,30.0,0.0,GIGAZUHAUSE KABEL,0.0
6022,25 - 29,NRW,39.98,39.99,30.0,0.0,GIGAZUHAUSE KABEL,1.0
6023,35 - 39,KBW,44.98,39.98,30.0,0.0,RED INTERNET & PHONE CABLE U,1.0
6024,40 - 44,NRW,24.98,39.98,30.0,0.0,VF RIP U-TREUE,1.0
6025,60 - 64,HSN,49.99,39.98,30.0,0.0,VF RIP U-TREUE,1.0
6026,65 - 69,NRW,34.97,39.99,30.0,0.0,RED INTERNET & PHONE CABLE U,1.0
6027,40 - 44,NRW,39.98,39.98,30.0,0.0,RED INTERNET & PHONE CABLE U,1.0
6028,55 - 59,NRW,34.99,34.99,30.0,1.0,GIGAZUHAUSE KABEL,1.0
6029,55 - 59,KBW,34.99,29.99,30.0,0.0,VF RIP U-TREUE,1.0
6030,55 - 59,NRW,39.98,44.98,30.0,0.0,GIGAZUHAUSE KABEL,1.0
6031,45 - 49,NRW,34.99,44.99,30.0,0.0,RED INTERNET & PHONE CABLE U,0.0
6032,25 - 29,KBW,39.97,43.98,30.0,0.0,RED INTERNET & PHONE CABLE U,1.0
6033,80 and over,NRW,44.99,39.98,30.0,0.0,RED INTERNET & PHONE CABLE U,0.0
6034,40 - 44,KBW,44.97,49.99,30.0,0.0,VF CABLEMAX,1.0
6035,40 - 44,NRW,44.99,34.99,30.0,0.0,RED INTERNET & PHONE CABLE U,1.0
6036,60 - 64,NRW,44.99,32.98,30.0,0.0,VF RIP U-TREUE,1.0
6037,25 - 29,NRW,39.99,34.97,30.0,0.0,RED INTERNET & PHONE CABLE U,1.0
6038,25 - 29,NRW,49.99,39.99,30.0,0.0,RED INTERNET & PHONE CABLE U,1.0
6039,45 - 49,HSN,49.97,44.99,30.0,0.0,GIGAZUHAUSE KABEL,0.0
6040,45 - 49,KBW,44.97,32.98,30.0,0.0,RED INTERNET & PHONE CABLE U,1.0
6041,30 - 34,HSN,34.99,44.99,30.0,0.0,RED INTERNET & PHONE CABLE U,0.0
6042,25 - 29,NRW,39.99,29.98,30.0,0.0,GIGAZUHAUSE KABEL,0.0
6043,70 - 74,NRW,34.98,39.99,30.0,0.0,RED INTERNET & PHONE CABLE U,1.0
6044,25 - 29,NRW,49.99,44.99,30.0,0.0,RED INTERNET & PHONE CABLE U,0.0
6045,35 - 39,KBW,44.99,44.99,30.0,0.0,VF RIP U-TREUE,0.0
6046,40 - 44,KBW,49.99,39.99,30.0,0.0,RED INTERNET & PHONE CABLE U,1.0
6047,35 - 39,KBW,44.97,39.99,30.0,0.0,VF RIP U-TREUE,1.0
6048,40 - 44,KBW,37.99,34.99,30.0,0.0,VF RIP U-TREUE,1.0
6049,60 - 64,HSN,39.99,44.97,30.0,0.0,VF RIP U-TREUE,1.0
6050,35 - 39,NRW,39.99,49.99,30.0,0.0,VF CABLEMAX,0.0
6051,55 - 59,KBW,44.99,49.99,30.0,0.0,RED INTERNET & PHONE CABLE U,1.0
6052,40 - 44,KBW,39.98,34.99,30.0,0.0,RED INTERNET & PHONE CABLE U,0.0
6053,35 - 39,NRW,49.99,34.99,30.0,0.0,VF RIP U-TREUE,1.0
6054,35 - 39,KBW,49.99,54.99,30.0,0.0,RED INTERNET & PHONE CABLE U,1.0
6055,55 - 59,KBW,39.99,49.99,30.0,0.0,RED INTERNET & PHONE CABLE U,0.0
6056,25 - 29,NRW,39.99,44.99,30.0,0.0,VF CABLEMAX,1.0
6057,25 - 29,KBW,32.98,39.98,30.0,0.0,VF CABLEMAX,0.0
6058,25 - 29,NRW,44.99,44.97,30.0,0.0,GIGAZUHAUSE KABEL,1.0
6059,25 - 29,KBW,29.99,44.99,30.0,0.0,RED INTERNET & PHONE CABLE U,1.0
6060,25 - 29,NRW,49.98,29.98,30.0,0.0,RED INTERNET & PHONE CABLE U,1.0
6061,50 - 54,NRW,39.99,38.98,30.0,0.0,RED INTERNET & PHONE CABLE U,0.0
6062,25 - 29,NRW,44.99,39.99,30.0,0.0,VF RIP U-TREUE,0.0
6063,60 - 64,NRW,39.98,44.99,30.0,0.0,RED INTERNET & PHONE CABLE U,1.0
6064,50 - 54,NRW,34.99,39.99,30.0,0.0,VF RIP U-TREUE,0.0
6065,65 - 69,NRW,39.98,44.98,30.0,0.0,RED INTERNET & PHONE CABLE U,0.0
6066,60 - 64,NRW,34.98,39.99,30.0,0.0,RED INTERNET & PHONE CABLE U,1.0
6067,35 - 39,NRW,44.98,34.98,30.0,0.0,RED INTERNET & PHONE CABLE U,0.0
6068,35 - 39,HSN,39.98,39.99,30.0,0.0,VF RIP U-TREUE,1.0
6069,70 - 74,HSN,49.99,37.98,30.0,0.0,RED INTERNET & PHONE CABLE U,1.0
6070,50 - 54,NRW,39.99,44.97,30.0,0.0,VF RIP U-TREUE,1.0
6071,40 - 44,NRW,39.99,39.99,30.0,0.0,RED INTERNET & PHONE CABLE U,1.0
6072,40 - 44,KBW,34.97,44.99,30.0,0.0,VF RIP U-TREUE,0.0
6073,30 - 34,KBW,34.98,44.98,30.0,0.0,GIGAZUHAUSE KABEL,1.0
6074,25 - 29,NRW,44.99,29.98,30.0,0.0,VF RIP U-TREUE,0.0
6075,25 - 29,NRW,29.98,42.99,30.0,0.0,RED INTERNET & PHONE CABLE U,1.0
6076,50 - 54,KBW,39.98,34.98,30.0,0.0,GIGAZUHAUSE KABEL,0.0
6077,60 - 64,NRW,44.99,34.98,30.0,0.0,RED INTERNET & PHONE CABLE U,0.0
6078,40 - 44,NRW,34.99,44.98,30.0,0.0,VF CABLEMAX,0.0
6079,60 - 64,NRW,44.96,37.98,30.0,0.0,RED INTERNET & PHONE CABLE U,1.0
6080,55 - 59,NRW,39.98,34.99,30.0,0.0,RED INTERNET & PHONE CABLE U,0.0
6081,50 - 54,KBW,24.98,49.99,30.0,0.0,RED INTERNET & PHONE CABLE U,1.0
6082,25 - 29,NRW,34.97,67.97,30.0,0.0,RED INTERNET & PHONE CABLE U,0.0
6083,30 - 34,KBW,39.98,44.98,30.0,0.0,VF RIP U-TREUE,0.0
6084,35 - 39,KBW,44.99,34.99,30.0,0.0,GIGAZUHAUSE KABEL,0.0
6085,25 - 29,HSN,49.99,32.99,30.0,0.0,GIGAZUHAUSE KABEL,1.0
6086,35 - 39,NRW,39.99,49.99,30.0,0.0,RED INTERNET & PHONE CABLE U,1.0
6087,40 - 44,KBW,44.98,44.98,30.0,0.0,RED INTERNET & PHONE CABLE U,1.0
6088,30 - 34,KBW,44.99,44.99,30.0,0.0,RED INTERNET & PHONE CABLE U,1.0
6089,80 and over,KBW,44.98,49.97,30.0,0.0,VF RIP U-TREUE,0.0
6090,35 - 39,NRW,39.98,44.99,30.0,0.0,RED INTERNET & PHONE CABLE U,1.0
6091,35 - 39,HSN,29.99,54.98,30.0,0.0,RED INTERNET & PHONE CABLE U,1.0
6092,25 - 29,NRW,34.99,44.97,30.0,0.0,VF CABLEMAX,1.0
6093,35 - 39,KBW,37.98,44.97,30.0,0.0,RED INTERNET & PHONE CABLE U,0.0
6094,60 - 64,NRW,39.98,44.99,30.0,0.0,RED INTERNET & PHONE CABLE U,0.0
6095,18 - 24,HSN,47.99,54.98,30.0,0.0,GIGAZUHAUSE KABEL,1.0
6096,25 - 29,NRW,39.99,39.98,30.0,0.0,RED INTERNET & PHONE CABLE U,0.0
6097,25 - 29,HSN,39.99,44.98,30.0,0.0,VF RIP U-TREUE,0.0
6098,35 - 39,NRW,39.98,44.99,30.0,0.0,RED INTERNET & PHONE CABLE U,0.0
6099,35 - 39,KBW,39.98,39.99,30.0,0.0,RED INTERNET & PHONE CABLE U,1.0
6100,55 - 59,KBW,39.99,44.98,30.0,0.0,RED INTERNET & PHONE CABLE U,1.0
6101,18 - 24,NRW,39.98,39.99,30.0,0.0,VF RIP U-TREUE,0.0
6102,40 - 44,NRW,39.98,44.98,30.0,0.0,GIGAZUHAUSE KABEL,1.0
6103,35 - 39,KBW,43.99,34.99,30.0,0.0,RED INTERNET & PHONE CABLE U,1.0
6104,35 - 39,NRW,39.99,44.99,30.0,0.0,VF CABLEMAX,0.0
6105,30 - 34,NRW,39.99,44.98,30.0,0.0,GIGAZUHAUSE KABEL,1.0
6106,30 - 34,NRW,39.98,49.99,30.0,0.0,RED INTERNET & PHONE CABLE U,1.0
6107,35 - 39,NRW,34.97,44.97,30.0,0.0,VF CABLEMAX,1.0
6108,65 - 69,HSN,39.98,44.98,30.0,0.0,RED INTERNET & PHONE CABLE U,1.0
6109,65 - 69,NRW,44.99,44.98,30.0,0.0,RED INTERNET & PHONE CABLE U,0.0
6110,30 - 34,HSN,44.99,34.99,30.0,0.0,VF RIP U-TREUE,1.0
6111,55 - 59,KBW,44.99,44.96,30.0,0.0,VF RIP U-TREUE,1.0
6112,30 - 34,NRW,39.98,39.99,30.0,0.0,GIGAZUHAUSE KABEL,0.0
6113,30 - 34,NRW,44.98,32.98,30.0,0.0,RED INTERNET & PHONE CABLE U,0.0
6114,70 - 74,NRW,39.99,32.99,30.0,1.0,RED INTERNET & PHONE CABLE U,1.0
6115,25 - 29,KBW,49.98,29.99,30.0,0.0,RED INTERNET & PHONE CABLE U,0.0
6116,30 - 34,KBW,54.98,44.99,30.0,0.0,GIGAZUHAUSE KABEL,0.0
6117,30 - 34,HSN,44.99,39.98,30.0,0.0,VF RIP U-TREUE,0.0
6118,50 - 54,KBW,34.99,39.99,30.0,0.0,RED INTERNET & PHONE CABLE U,0.0
6119,30 - 34,NRW,44.98,44.98,30.0,0.0,VF CABLEMAX,0.0
6120,40 - 44,KBW,42.98,44.99,30.0,0.0,RED INTERNET & PHONE CABLE U,1.0
6121,40 - 44,KBW,34.99,44.99,30.0,0.0,RED INTERNET & PHONE CABLE U,0.0
6122,25 - 29,NRW,39.98,49.98,30.0,0.0,VF RIP U-TREUE,1.0
6123,25 - 29,NRW,39.98,44.99,30.0,0.0,RED INTERNET & PHONE CABLE U,0.0
6124,70 - 74,NRW,39.99,49.99,30.0,0.0,VF CABLEMAX,1.0
6125,45 - 49,NRW,37.99,39.98,30.0,0.0,RED INTERNET & PHONE CABLE U,0.0
6126,40 - 44,KBW,44.98,39.99,30.0,0.0,RED INTERNET & PHONE CABLE U,1.0
6127,70 - 74,NRW,49.97,44.99,30.0,0.0,VF RIP U-TREUE,0.0
6128,65 - 69,HSN,39.99,34.98,30.0,0.0,RED INTERNET & PHONE CABLE U,0.0
6129,25 - 29,KBW,49.98,34.98,30.0,0.0,GIGAZUHAUSE KABEL,1.0
6130,35 - 39,NRW,34.99,39.99,30.0,0.0,RED INTERNET & PHONE CABLE U,0.0
6131,55 - 59,KBW,34.99,44.99,30.0,0.0,VF RIP U-TREUE,1.0
6132,80 and over,NRW,44.98,44.98,30.0,0.0,RED INTERNET & PHONE CABLE U,1.0
6133,50 - 54,NRW,57.99,34.97,30.0,0.0,RED INTERNET & PHONE CABLE U,0.0
6134,55 - 59,NRW,34.99,39.99,30.0,0.0,VF CABLEMAX,0.0
6135,65 - 69,NRW,34.98,47.99,30.0,0.0,VF RIP U-TREUE,1.0
6136,40 - 44,NRW,39.98,44.98,30.0,0.0,RED INTERNET & PHONE CABLE U,0.0
6137,80 and over,NRW,44.98,44.99,30.0,0.0,VF RIP U-TREUE,1.0
6138,25 - 29,KBW,42.98,39.99,30.0,0.0,RED INTERNET & PHONE CABLE U,0.0
6139,55 - 59,HSN,44.98,44.98,30.0,0.0,RED INTERNET & PHONE CABLE U,0.0
6140,25 - 29,NRW,34.99,44.99,30.0,0.0,VF CABLEMAX,0.0
6141,55 - 59,KBW,29.99,44.99,30.0,0.0,RED INTERNET & PHONE CABLE U,0.0
6143,60 - 64,HSN,39.99,39.99,30.0,0.0,RED INTERNET & PHONE CABLE U,0.0
6144,55 - 59,NRW,39.99,39.98,30.0,0.0,GIGAZUHAUSE KABEL,1.0
6145,30 - 34,NRW,39.99,39.98,30.0,0.0,VF RIP U-TREUE,0.0
6146,25 - 29,NRW,49.98,39.99,30.0,0.0,RED INTERNET & PHONE CABLE U,1.0
6147,35 - 39,HSN,49.99,44.99,30.0,0.0,VF RIP U-TREUE,0.0
6148,65 - 69,NRW,44.98,44.98,30.0,0.0,RED INTERNET & PHONE CABLE U,0.0
6149,60 - 64,KBW,44.98,39.99,30.0,0.0,VF RIP U-TREUE,0.0
6150,35 - 39,NRW,34.99,34.99,30.0,0.0,GIGAZUHAUSE KABEL,1.0
6151,55 - 59,KBW,34.99,34.96,30.0,0.0,VF CABLEMAX,0.0
6152,55 - 59,NRW,39.98,34.99,30.0,0.0,VF RIP U-TREUE,1.0
6153,55 - 59,HSN,39.98,44.98,30.0,0.0,VF CABLEMAX,1.0
6154,40 - 44,NRW,44.98,44.98,30.0,0.0,RED INTERNET & PHONE CABLE U,0.0
6155,60 - 64,NRW,44.98,39.98,30.0,0.0,RED INTERNET & PHONE CABLE U,1.0
6156,35 - 39,NRW,29.97,34.99,30.0,0.0,VF CABLEMAX,1.0
6157,40 - 44,KBW,29.97,39.98,30.0,0.0,RED INTERNET & PHONE CABLE U,1.0
6158,30 - 34,NRW,44.97,34.99,30.0,0.0,RED INTERNET & PHONE CABLE U,0.0
6159,40 - 44,NRW,34.99,44.99,30.0,0.0,VF CABLEMAX,1.0
6160,45 - 49,KBW,49.98,39.99,30.0,0.0,VF CABLEMAX,0.0
6161,25 - 29,KBW,52.99,39.99,30.0,0.0,RED INTERNET & PHONE CABLE U,1.0
6162,30 - 34,NRW,34.97,29.98,30.0,0.0,RED INTERNET & PHONE CABLE U,1.0
6163,40 - 44,NRW,34.98,44.97,30.0,0.0,RED INTERNET & PHONE CABLE U,0.0
6164,35 - 39,NRW,39.99,49.98,30.0,0.0,RED INTERNET & PHONE CABLE U,0.0
6165,45 - 49,NRW,44.99,39.97,30.0,0.0,VF RIP U-TREUE,1.0
6166,65 - 69,NRW,34.98,44.98,30.0,0.0,RED INTERNET & PHONE CABLE U,0.0
6167,55 - 59,NRW,44.98,44.99,30.0,0.0,RED INTERNET & PHONE CABLE U,0.0
6168,40 - 44,HSN,34.98,44.99,30.0,0.0,RED INTERNET & PHONE CABLE U,1.0
6169,55 - 59,NRW,44.98,44.98,30.0,0.0,GIGAZUHAUSE KABEL,1.0
6170,65 - 69,NRW,34.99,39.98,30.0,0.0,RED INTERNET & PHONE CABLE U,0.0
6171,30 - 34,NRW,39.99,39.99,30.0,0.0,RED INTERNET & PHONE CABLE U,1.0
6172,30 - 34,KBW,39.99,38.98,30.0,0.0,GIGAZUHAUSE KABEL,0.0
6173,50 - 54,NRW,32.99,39.99,30.0,0.0,VF CABLEMAX,1.0
6174,55 - 59,KBW,42.98,39.99,30.0,0.0,GIGAZUHAUSE KABEL,0.0
6175,18 - 24,NRW,44.99,34.99,30.0,0.0,VF CABLEMAX,1.0
6176,35 - 39,HSN,34.99,44.99,30.0,0.0,VF RIP U-TREUE,0.0
6177,70 - 74,NRW,44.99,29.99,30.0,0.0,RED INTERNET & PHONE CABLE U,1.0
6178,65 - 69,NRW,34.99,54.99,30.0,1.0,VF RIP U-TREUE,0.0
6179,40 - 44,NRW,44.98,34.99,30.0,0.0,RED INTERNET & PHONE CABLE U,0.0
6180,40 - 44,KBW,49.98,34.99,30.0,0.0,VF CABLEMAX,1.0
6181,25 - 29,KBW,34.99,44.99,30.0,0.0,VF RIP U-TREUE,0.0
6182,65 - 69,NRW,39.98,44.99,30.0,0.0,RED INTERNET & PHONE CABLE U,0.0
6183,45 - 49,NRW,49.98,54.98,30.0,0.0,VF RIP U-TREUE,0.0
6184,50 - 54,KBW,44.97,24.98,30.0,0.0,RED INTERNET & PHONE CABLE U,1.0
6185,60 - 64,KBW,44.98,39.98,30.0,0.0,RED INTERNET & PHONE CABLE U,0.0
6186,25 - 29,NRW,39.99,44.98,30.0,0.0,RED INTERNET & PHONE CABLE U,0.0
6187,35 - 39,NRW,44.98,54.99,30.0,1.0,RED INTERNET & PHONE CABLE U,1.0
6188,35 - 39,KBW,32.98,39.99,30.0,0.0,RED INTERNET & PHONE CABLE U,1.0
6189,60 - 64,NRW,44.98,44.99,5.0,0.0,VF CABLEMAX,0.0
6190,45 - 49,NRW,39.99,34.98,30.0,0.0,RED INTERNET & PHONE CABLE U,1.0
6191,55 - 59,NRW,42.99,39.98,30.0,0.0,RED INTERNET & PHONE CABLE U,0.0
6192,25 - 29,NRW,49.98,39.98,30.0,0.0,GIGAZUHAUSE KABEL,0.0
6193,55 - 59,NRW,44.98,39.98,30.0,0.0,RED INTERNET & PHONE CABLE U,0.0
6194,30 - 34,NRW,34.98,39.99,30.0,0.0,VF RIP U-TREUE,0.0
6195,25 - 29,NRW,59.99,34.99,30.0,0.0,VF RIP U-TREUE,1.0
6196,25 - 29,KBW,39.99,54.99,30.0,0.0,RED INTERNET & PHONE CABLE U,0.0
6197,30 - 34,KBW,34.99,39.99,30.0,0.0,RED INTERNET & PHONE CABLE U,0.0
6198,18 - 24,NRW,44.99,34.99,30.0,0.0,GIGAZUHAUSE KABEL,1.0
6199,35 - 39,KBW,34.99,44.99,30.0,0.0,RED INTERNET & PHONE CABLE U,1.0
6200,55 - 59,KBW,34.98,39.98,30.0,0.0,RED INTERNET & PHONE CABLE U,0.0
6201,25 - 29,NRW,49.99,49.98,30.0,0.0,GIGAZUHAUSE KABEL,1.0
6202,25 - 29,NRW,39.98,42.98,30.0,0.0,VF CABLEMAX,0.0
6203,40 - 44,NRW,32.97,34.98,30.0,0.0,RED INTERNET & PHONE CABLE U,0.0
6204,25 - 29,NRW,29.99,60.99,30.0,0.0,RED INTERNET & PHONE CABLE U,1.0
6205,50 - 54,NRW,39.99,34.99,30.0,0.0,VF RIP U-TREUE,0.0
6206,35 - 39,HSN,44.98,44.98,30.0,0.0,VF RIP U-TREUE,1.0
6207,55 - 59,KBW,29.98,44.98,30.0,0.0,VF RIP U-TREUE,0.0
6208,25 - 29,NRW,39.99,34.98,30.0,0.0,RED INTERNET & PHONE CABLE U,1.0
6209,35 - 39,NRW,54.98,29.99,30.0,0.0,VF RIP U-TREUE,0.0
6210,60 - 64,NRW,49.99,39.99,30.0,0.0,VF RIP U-TREUE,0.0
6211,25 - 29,HSN,39.99,39.99,30.0,0.0,GIGAZUHAUSE KABEL,1.0
6212,35 - 39,KBW,49.98,39.99,30.0,0.0,RED INTERNET & PHONE CABLE U,0.0
6213,50 - 54,NRW,29.99,34.99,30.0,0.0,GIGAZUHAUSE KABEL,0.0
6214,55 - 59,HSN,49.97,42.98,30.0,0.0,RED INTERNET & PHONE CABLE U,0.0
6215,50 - 54,NRW,44.98,34.98,30.0,0.0,VF RIP U-TREUE,1.0
6216,60 - 64,KBW,39.98,34.99,30.0,0.0,RED INTERNET & PHONE CABLE U,1.0
6217,65 - 69,NRW,44.99,39.99,30.0,0.0,RED INTERNET & PHONE CABLE U,0.0
6218,55 - 59,NRW,29.98,29.98,30.0,0.0,RED INTERNET & PHONE CABLE U,1.0
6219,60 - 64,NRW,34.99,39.98,30.0,0.0,VF RIP U-TREUE,1.0
6220,55 - 59,KBW,44.99,44.99,30.0,1.0,VF RIP U-TREUE,1.0
6221,35 - 39,KBW,34.99,29.99,30.0,0.0,VF RIP U-TREUE,0.0
6222,35 - 39,HSN,39.98,44.99,30.0,0.0,GIGAZUHAUSE KABEL,0.0
6223,35 - 39,NRW,34.99,34.99,30.0,0.0,VF RIP U-TREUE,0.0
6224,35 - 39,KBW,39.98,44.98,30.0,0.0,RED INTERNET & PHONE CABLE U,0.0
6225,25 - 29,NRW,44.99,34.98,30.0,0.0,RED INTERNET & PHONE CABLE U,0.0
6226,30 - 34,NRW,39.99,39.98,30.0,0.0,RED INTERNET & PHONE CABLE U,0.0
6227,55 - 59,NRW,29.97,39.98,30.0,0.0,RED INTERNET & PHONE CABLE U,0.0
6228,30 - 34,KBW,34.99,19.99,30.0,0.0,VF RIP U-TREUE,1.0
6229,65 - 69,NRW,44.98,44.98,30.0,0.0,VF RIP U-TREUE,1.0
6230,65 - 69,NRW,44.99,34.98,30.0,0.0,RED INTERNET & PHONE CABLE U,1.0
6231,60 - 64,NRW,34.98,44.99,30.0,0.0,GIGAZUHAUSE KABEL,1.0
6232,25 - 29,KBW,39.99,29.99,30.0,0.0,VF RIP U-TREUE,1.0
6233,40 - 44,HSN,34.99,24.98,30.0,0.0,RED INTERNET & PHONE CABLE U,0.0
6234,30 - 34,NRW,44.98,44.99,30.0,0.0,RED INTERNET & PHONE CABLE U,1.0
6235,25 - 29,HSN,39.99,34.99,30.0,0.0,RED INTERNET & PHONE CABLE U,1.0
6236,55 - 59,NRW,39.98,44.98,30.0,0.0,RED INTERNET & PHONE CABLE U,0.0
6237,30 - 34,HSN,39.97,44.98,30.0,0.0,VF CABLEMAX,1.0
6238,30 - 34,NRW,54.99,44.98,30.0,0.0,VF RIP U-TREUE,0.0
6239,35 - 39,NRW,47.98,29.99,30.0,0.0,VF RIP U-TREUE,0.0
6240,40 - 44,NRW,34.98,54.99,30.0,0.0,RED INTERNET & PHONE CABLE U,1.0
6241,25 - 29,KBW,39.99,39.99,30.0,0.0,VF RIP U-TREUE,0.0
6242,30 - 34,KBW,34.99,39.98,30.0,0.0,RED INTERNET & PHONE CABLE U,0.0
6243,55 - 59,HSN,44.99,44.99,30.0,0.0,GIGAZUHAUSE KABEL,1.0
6244,40 - 44,KBW,49.98,39.99,30.0,0.0,RED INTERNET & PHONE CABLE U,0.0
6245,40 - 44,KBW,44.97,39.98,30.0,0.0,VF RIP U-TREUE,0.0
6246,55 - 59,NRW,24.98,34.99,30.0,0.0,VF CABLEMAX,1.0
6247,25 - 29,KBW,49.98,34.98,30.0,0.0,RED INTERNET & PHONE CABLE U,1.0
6248,50 - 54,NRW,39.99,44.99,30.0,0.0,VF RIP U-TREUE,0.0
6249,80 and over,NRW,44.98,44.98,30.0,0.0,RED INTERNET & PHONE CABLE U,1.0
6250,55 - 59,KBW,39.99,39.99,30.0,0.0,VF CABLEMAX,0.0
6251,35 - 39,NRW,47.98,44.97,30.0,0.0,VF RIP U-TREUE,1.0
6252,25 - 29,HSN,49.99,44.99,30.0,0.0,RED INTERNET & PHONE CABLE U,0.0
6253,40 - 44,HSN,34.99,34.98,30.0,0.0,RED INTERNET & PHONE CABLE U,0.0
6254,35 - 39,KBW,34.98,49.98,30.0,0.0,GIGAZUHAUSE KABEL,1.0
6255,40 - 44,NRW,39.98,39.99,30.0,0.0,RED INTERNET & PHONE CABLE U,0.0
6256,50 - 54,NRW,34.97,44.99,30.0,0.0,RED INTERNET & PHONE CABLE U,0.0
6257,40 - 44,NRW,39.98,29.99,30.0,0.0,RED INTERNET & PHONE CABLE U,0.0
6258,55 - 59,KBW,34.96,44.97,30.0,0.0,GIGAZUHAUSE KABEL,1.0
6259,30 - 34,KBW,47.99,34.99,30.0,0.0,RED INTERNET & PHONE CABLE U,1.0
6260,30 - 34,NRW,39.99,54.98,30.0,0.0,VF RIP U-TREUE,0.0
6261,40 - 44,NRW,39.98,39.98,30.0,0.0,VF RIP U-TREUE,0.0
6262,60 - 64,HSN,34.99,34.98,30.0,0.0,VF RIP U-TREUE,1.0
6263,40 - 44,NRW,34.99,39.99,30.0,0.0,VF RIP U-TREUE,1.0
6264,45 - 49,NRW,44.98,44.97,30.0,0.0,RED INTERNET & PHONE CABLE U,0.0
6265,40 - 44,NRW,34.98,34.99,30.0,0.0,VF RIP U-TREUE,0.0
6266,60 - 64,NRW,39.99,34.99,30.0,0.0,RED INTERNET & PHONE CABLE U,0.0
6267,30 - 34,NRW,44.98,49.99,30.0,0.0,RED INTERNET & PHONE CABLE U,1.0
6268,65 - 69,NRW,49.99,44.99,30.0,0.0,RED INTERNET & PHONE CABLE U,0.0
6269,50 - 54,KBW,44.99,24.99,30.0,0.0,VF CABLEMAX,0.0
6270,35 - 39,NRW,44.97,39.99,30.0,0.0,RED INTERNET & PHONE CABLE U,0.0
6271,35 - 39,NRW,39.97,42.99,30.0,0.0,VF RIP U-TREUE,0.0
6272,45 - 49,NRW,44.98,34.98,30.0,0.0,RED INTERNET & PHONE CABLE U,0.0
6273,30 - 34,NRW,39.98,39.98,30.0,0.0,VF RIP U-TREUE,0.0
6274,25 - 29,NRW,49.99,39.97,30.0,0.0,RED INTERNET & PHONE CABLE U,0.0
6275,35 - 39,NRW,44.98,34.98,30.0,0.0,VF RIP U-TREUE,0.0
6276,25 - 29,NRW,49.98,34.98,30.0,0.0,RED INTERNET & PHONE CABLE U,1.0
6277,55 - 59,KBW,39.98,44.99,30.0,0.0,RED INTERNET & PHONE CABLE U,1.0
6278,40 - 44,NRW,44.99,34.97,30.0,0.0,RED INTERNET & PHONE CABLE U,0.0
6279,35 - 39,KBW,39.99,39.99,30.0,0.0,GIGAZUHAUSE KABEL,1.0
6280,65 - 69,KBW,44.99,44.97,30.0,0.0,RED INTERNET & PHONE CABLE U,1.0
6281,40 - 44,NRW,39.99,39.99,30.0,0.0,VF RIP U-TREUE,0.0
6282,25 - 29,NRW,44.98,54.98,30.0,0.0,VF CABLEMAX,0.0
6283,60 - 64,KBW,44.99,39.98,30.0,0.0,RED INTERNET & PHONE CABLE U,1.0
6284,25 - 29,KBW,44.99,44.99,30.0,0.0,VF RIP U-TREUE,1.0
6285,40 - 44,NRW,44.97,34.98,30.0,0.0,VF RIP U-TREUE,0.0
6286,55 - 59,KBW,39.99,44.99,30.0,0.0,VF CABLEMAX,1.0
6287,55 - 59,KBW,39.98,34.99,30.0,0.0,VF RIP U-TREUE,1.0
6288,55 - 59,HSN,44.99,44.99,30.0,1.0,VF RIP U-TREUE,0.0
6289,65 - 69,NRW,39.99,34.99,30.0,0.0,RED INTERNET & PHONE CABLE U,0.0
6290,35 - 39,KBW,54.97,24.99,30.0,0.0,GIGAZUHAUSE KABEL,1.0
6291,65 - 69,NRW,39.98,34.99,30.0,0.0,RED INTERNET & PHONE CABLE U,0.0
6292,60 - 64,KBW,58.99,34.99,30.0,0.0,VF CABLEMAX,1.0
6293,35 - 39,NRW,39.98,44.99,30.0,0.0,VF CABLEMAX,1.0
6294,70 - 74,KBW,44.98,42.97,30.0,0.0,RED INTERNET & PHONE CABLE U,1.0
6295,25 - 29,NRW,44.96,44.99,30.0,0.0,RED INTERNET & PHONE CABLE U,0.0
6296,25 - 29,HSN,34.98,44.99,30.0,0.0,VF RIP U-TREUE,1.0
6297,55 - 59,NRW,42.99,49.98,30.0,0.0,RED INTERNET & PHONE CABLE U,1.0
6298,30 - 34,NRW,44.99,39.98,30.0,0.0,RED INTERNET & PHONE CABLE U,0.0
6299,40 - 44,KBW,34.99,39.99,30.0,0.0,VF RIP U-TREUE,0.0
6300,65 - 69,NRW,29.98,34.98,30.0,0.0,GIGAZUHAUSE KABEL,0.0
6301,55 - 59,NRW,29.98,39.98,30.0,0.0,RED INTERNET & PHONE CABLE U,1.0
6302,60 - 64,NRW,39.99,64.99,30.0,0.0,RED INTERNET & PHONE CABLE U,1.0
6303,30 - 34,NRW,34.98,44.98,30.0,0.0,RED INTERNET & PHONE CABLE U,0.0
6304,60 - 64,KBW,47.99,44.99,30.0,0.0,GIGAZUHAUSE KABEL,0.0
6305,35 - 39,NRW,44.98,44.99,30.0,0.0,RED INTERNET & PHONE CABLE U,0.0
6306,45 - 49,NRW,44.99,39.99,30.0,0.0,RED INTERNET & PHONE CABLE U,0.0
6308,25 - 29,NRW,34.98,37.98,30.0,0.0,GIGAZUHAUSE KABEL,1.0
6310,80 and over,NRW,49.98,44.98,30.0,0.0,RED INTERNET & PHONE CABLE U,1.0
6311,40 - 44,NRW,34.98,44.99,30.0,0.0,RED INTERNET & PHONE CABLE U,1.0
6312,40 - 44,NRW,44.95,34.99,30.0,0.0,RED INTERNET & PHONE CABLE U,1.0
6313,35 - 39,KBW,29.99,39.99,30.0,0.0,VF CABLEMAX,0.0
6314,65 - 69,KBW,29.98,44.97,30.0,0.0,RED INTERNET & PHONE CABLE U,0.0
6315,25 - 29,NRW,49.98,39.98,30.0,0.0,VF RIP U-TREUE,1.0
6316,35 - 39,NRW,39.98,34.98,30.0,0.0,VF RIP U-TREUE,0.0
6317,30 - 34,KBW,39.99,44.98,30.0,0.0,VF RIP U-TREUE,0.0
6318,40 - 44,KBW,44.99,34.98,30.0,0.0,VF CABLEMAX,0.0
6319,65 - 69,NRW,39.98,24.98,30.0,0.0,RED INTERNET & PHONE CABLE U,1.0
6320,25 - 29,NRW,39.99,39.99,30.0,0.0,RED INTERNET & PHONE CABLE U,1.0
6321,25 - 29,HSN,39.98,34.99,30.0,0.0,RED INTERNET & PHONE CABLE U,1.0
6322,55 - 59,NRW,39.99,44.98,30.0,0.0,RED INTERNET & PHONE CABLE U,1.0
6323,25 - 29,NRW,39.98,49.99,30.0,0.0,RED INTERNET & PHONE CABLE U,0.0
6324,35 - 39,NRW,42.99,49.98,30.0,0.0,VF CABLEMAX,1.0
6325,25 - 29,NRW,44.98,29.97,30.0,0.0,GIGAZUHAUSE KABEL,0.0
6326,40 - 44,KBW,49.99,44.98,30.0,0.0,GIGAZUHAUSE TREUE C,0.0
6327,50 - 54,NRW,44.99,44.97,30.0,0.0,RED INTERNET & PHONE CABLE U,0.0
6328,30 - 34,KBW,32.99,39.99,30.0,0.0,RED INTERNET & PHONE CABLE U,0.0
6329,40 - 44,KBW,39.99,34.97,30.0,0.0,VF CABLEMAX,0.0
6330,25 - 29,NRW,39.98,32.99,30.0,0.0,VF CABLEMAX,1.0
6331,50 - 54,NRW,39.98,49.99,30.0,0.0,VF RIP U-TREUE,0.0
6332,25 - 29,HSN,44.99,39.98,30.0,0.0,RED INTERNET & PHONE CABLE U,0.0
6333,30 - 34,HSN,54.98,44.98,30.0,0.0,VF CABLEMAX,1.0
6334,35 - 39,NRW,44.98,49.99,30.0,0.0,VF RIP U-TREUE,1.0
6335,30 - 34,NRW,39.99,39.99,30.0,0.0,RED INTERNET & PHONE CABLE U,1.0
6336,60 - 64,NRW,32.97,39.97,30.0,0.0,RED INTERNET & PHONE CABLE U,0.0
6337,30 - 34,NRW,34.97,44.99,30.0,0.0,RED INTERNET & PHONE CABLE U,0.0
6338,30 - 34,KBW,34.98,39.99,30.0,0.0,VF RIP U-TREUE,0.0
6339,25 - 29,HSN,39.97,44.98,30.0,0.0,VF RIP U-TREUE,0.0
6340,70 - 74,NRW,44.99,39.99,30.0,0.0,VF RIP U-TREUE,1.0
6341,60 - 64,NRW,44.99,34.99,30.0,0.0,VF CABLEMAX,1.0
6342,55 - 59,KBW,39.99,34.99,30.0,0.0,RED INTERNET & PHONE CABLE U,0.0
6343,40 - 44,KBW,57.98,34.99,30.0,0.0,VF CABLEMAX,0.0
6345,50 - 54,NRW,39.97,39.98,30.0,0.0,GIGAZUHAUSE KABEL,0.0
6346,55 - 59,NRW,44.99,34.99,30.0,0.0,VF RIP U-TREUE,1.0
6347,40 - 44,NRW,29.98,37.99,30.0,0.0,VF RIP U-TREUE,1.0
6348,30 - 34,KBW,39.99,39.99,30.0,0.0,VF CABLEMAX,1.0
6349,75 - 79,NRW,34.98,44.99,30.0,0.0,RED INTERNET & PHONE CABLE U,1.0
6350,35 - 39,KBW,44.98,34.98,30.0,0.0,VF RIP U-TREUE,1.0
6351,35 - 39,NRW,44.99,39.99,30.0,0.0,RED INTERNET & PHONE CABLE U,1.0
6352,25 - 29,NRW,34.99,39.99,30.0,0.0,VF RIP U-TREUE,1.0
6353,45 - 49,KBW,44.99,74.98,30.0,0.0,VF CABLEMAX,1.0
6354,65 - 69,NRW,44.99,34.99,30.0,0.0,VF RIP U-TREUE,0.0
6355,40 - 44,NRW,39.99,34.99,30.0,0.0,RED INTERNET & PHONE CABLE U,0.0
6356,60 - 64,KBW,44.97,44.97,30.0,0.0,GIGAZUHAUSE KABEL,0.0
6357,35 - 39,NRW,34.98,54.98,30.0,0.0,RED INTERNET & PHONE CABLE U,0.0
6358,25 - 29,NRW,42.99,24.99,30.0,0.0,VF RIP U-TREUE,1.0
6359,30 - 34,KBW,39.98,49.98,30.0,1.0,RED INTERNET & PHONE CABLE U,1.0
6360,45 - 49,KBW,39.98,44.96,30.0,0.0,VF CABLEMAX,1.0
6361,25 - 29,NRW,39.98,44.98,30.0,0.0,RED INTERNET & PHONE CABLE U,1.0
6362,60 - 64,KBW,39.98,44.99,30.0,0.0,RED INTERNET & PHONE CABLE U,0.0
6363,65 - 69,NRW,49.98,34.98,30.0,0.0,RED INTERNET & PHONE CABLE U,1.0
6364,50 - 54,NRW,44.98,34.99,30.0,0.0,RED INTERNET & PHONE CABLE U,1.0
6365,65 - 69,HSN,34.98,34.99,30.0,0.0,RED INTERNET & PHONE CABLE U,0.0
6366,55 - 59,NRW,34.99,44.98,30.0,0.0,VF CABLEMAX,0.0
6367,40 - 44,KBW,37.97,34.97,30.0,0.0,GIGAZUHAUSE KABEL,0.0
6368,35 - 39,NRW,39.97,39.99,30.0,0.0,RED INTERNET & PHONE CABLE U,0.0
6369,40 - 44,NRW,44.99,44.97,30.0,0.0,VF RIP U-TREUE,0.0
6370,30 - 34,NRW,44.98,49.99,30.0,0.0,RED INTERNET & PHONE CABLE U,0.0
6371,35 - 39,NRW,44.97,54.98,30.0,0.0,RED INTERNET & PHONE CABLE U,1.0
6372,35 - 39,KBW,49.97,39.98,30.0,0.0,VF CABLEMAX,1.0
6373,35 - 39,NRW,44.99,34.98,30.0,0.0,VF RIP U-TREUE,1.0
6374,70 - 74,KBW,39.99,39.99,30.0,0.0,VF RIP U-TREUE,0.0
6375,50 - 54,NRW,39.99,29.99,30.0,0.0,VF RIP U-TREUE,0.0
6376,45 - 49,KBW,29.98,44.98,30.0,0.0,VF CABLEMAX,1.0
6377,35 - 39,NRW,54.98,44.99,30.0,0.0,RED INTERNET & PHONE CABLE U,0.0
6378,55 - 59,HSN,49.99,42.99,30.0,0.0,VF CABLEMAX,0.0
6379,35 - 39,KBW,24.99,32.99,30.0,0.0,RED INTERNET & PHONE CABLE U,0.0
6380,35 - 39,NRW,34.99,39.97,30.0,0.0,RED INTERNET & PHONE CABLE U,1.0
6381,35 - 39,KBW,49.99,34.97,30.0,0.0,RED INTERNET & PHONE CABLE U,1.0
6382,25 - 29,NRW,44.98,44.99,30.0,0.0,RED INTERNET & PHONE CABLE U,0.0
6383,30 - 34,NRW,29.99,29.97,30.0,0.0,VF CABLEMAX,0.0
6384,25 - 29,HSN,32.98,44.99,30.0,0.0,VF RIP U-TREUE,0.0
6385,60 - 64,NRW,49.98,44.98,30.0,0.0,VF RIP U-TREUE,1.0
6386,65 - 69,NRW,39.98,49.98,30.0,0.0,RED INTERNET & PHONE CABLE U,1.0
6387,40 - 44,KBW,44.98,39.99,30.0,0.0,VF RIP U-TREUE,1.0
6388,40 - 44,NRW,34.98,39.99,30.0,0.0,RED INTERNET & PHONE CABLE U,0.0
6389,40 - 44,NRW,44.98,44.98,30.0,0.0,RED INTERNET & PHONE CABLE U,0.0
6390,50 - 54,NRW,44.99,39.99,30.0,0.0,RED INTERNET & PHONE CABLE U,1.0
6391,55 - 59,HSN,34.98,44.99,30.0,0.0,VF CABLEMAX,0.0
6392,25 - 29,NRW,39.99,39.97,30.0,0.0,RED INTERNET & PHONE CABLE U,1.0
6393,45 - 49,KBW,37.99,39.99,30.0,0.0,VF CABLEMAX,0.0
6394,25 - 29,HSN,39.98,39.99,30.0,0.0,VF RIP U-TREUE,0.0
6395,65 - 69,NRW,44.98,42.97,30.0,0.0,VF CABLEMAX,1.0
6396,30 - 34,KBW,24.97,39.98,30.0,0.0,RED INTERNET & PHONE CABLE U,0.0
6397,35 - 39,HSN,44.99,37.99,30.0,0.0,VF RIP U-TREUE,0.0
6398,55 - 59,NRW,29.98,39.97,30.0,0.0,VF RIP U-TREUE,0.0
6399,25 - 29,NRW,44.99,39.99,30.0,0.0,VF CABLEMAX,1.0
6400,60 - 64,HSN,29.99,44.98,30.0,0.0,VF RIP U-TREUE,1.0
6401,60 - 64,HSN,39.98,34.97,30.0,0.0,GIGAZUHAUSE KABEL,0.0
6402,60 - 64,KBW,29.99,34.99,30.0,0.0,RED INTERNET & PHONE CABLE U,0.0
6403,75 - 79,NRW,39.99,29.98,30.0,0.0,RED INTERNET & PHONE CABLE U,1.0
6404,25 - 29,KBW,42.99,49.99,30.0,0.0,VF RIP U-TREUE,1.0
6405,25 - 29,NRW,34.99,44.98,30.0,0.0,VF RIP U-TREUE,0.0
6406,40 - 44,NRW,39.99,34.98,30.0,0.0,RED INTERNET & PHONE CABLE U,0.0
6407,55 - 59,NRW,39.98,44.98,30.0,0.0,VF RIP U-TREUE,0.0
6408,40 - 44,HSN,47.97,34.99,30.0,0.0,RED INTERNET & PHONE CABLE U,1.0
6409,70 - 74,KBW,44.98,34.99,30.0,0.0,RED INTERNET & PHONE CABLE U,0.0
6410,55 - 59,NRW,34.98,44.97,30.0,0.0,RED INTERNET & PHONE CABLE U,1.0
6411,40 - 44,NRW,44.99,34.98,30.0,0.0,RED INTERNET & PHONE CABLE U,1.0
6412,25 - 29,KBW,49.98,44.98,30.0,0.0,RED INTERNET & PHONE CABLE U,1.0
6413,35 - 39,NRW,34.99,39.98,30.0,0.0,VF RIP U-TREUE,1.0
6414,35 - 39,NRW,39.99,44.99,30.0,0.0,RED INTERNET & PHONE CABLE U,0.0
6416,70 - 74,NRW,44.98,49.99,30.0,0.0,RED INTERNET & PHONE CABLE U,0.0
6417,55 - 59,KBW,44.98,34.98,30.0,0.0,VF CABLEMAX,1.0
6418,40 - 44,NRW,34.99,44.99,30.0,0.0,VF CABLEMAX,1.0
6419,65 - 69,NRW,29.98,59.99,30.0,0.0,RED INTERNET & PHONE CABLE U,1.0
6420,45 - 49,NRW,42.98,32.98,30.0,0.0,RED INTERNET & PHONE CABLE U,0.0
6421,35 - 39,NRW,42.99,34.99,30.0,0.0,RED INTERNET & PHONE CABLE U,0.0
6422,25 - 29,KBW,39.99,39.99,30.0,0.0,RED INTERNET & PHONE CABLE U,0.0
6423,60 - 64,KBW,49.99,34.99,30.0,0.0,GIGAZUHAUSE KABEL,1.0
6424,60 - 64,NRW,39.99,34.97,30.0,0.0,VF CABLEMAX,0.0
6425,35 - 39,NRW,39.98,39.99,30.0,0.0,VF RIP U-TREUE,0.0
6426,30 - 34,KBW,44.99,39.99,30.0,0.0,VF RIP U-TREUE,1.0
6427,35 - 39,NRW,39.97,44.97,30.0,0.0,RED INTERNET & PHONE CABLE U,1.0
6428,25 - 29,KBW,42.98,44.99,30.0,0.0,RED INTERNET & PHONE CABLE U,1.0
6429,55 - 59,NRW,49.99,44.97,30.0,0.0,RED INTERNET & PHONE CABLE U,0.0
6430,35 - 39,NRW,39.98,39.98,30.0,0.0,GIGAZUHAUSE KABEL,1.0
6431,65 - 69,KBW,44.99,49.99,30.0,0.0,RED INTERNET & PHONE CABLE U,0.0
6432,35 - 39,NRW,34.99,29.98,30.0,0.0,VF RIP U-TREUE,0.0
6433,30 - 34,KBW,39.99,39.99,30.0,0.0,RED INTERNET & PHONE CABLE U,0.0
6434,35 - 39,NRW,39.99,39.98,30.0,0.0,RED INTERNET & PHONE CABLE U,0.0
6435,55 - 59,NRW,34.99,29.98,30.0,0.0,RED INTERNET & PHONE CABLE U,0.0
6436,80 and over,HSN,29.97,49.99,30.0,0.0,RED INTERNET & PHONE CABLE U,0.0
6437,25 - 29,NRW,29.99,39.99,30.0,0.0,GIGAZUHAUSE KABEL,0.0
6438,30 - 34,NRW,39.99,34.99,30.0,0.0,RED INTERNET & PHONE CABLE U,0.0
6439,35 - 39,NRW,47.98,34.98,30.0,0.0,RED INTERNET & PHONE CABLE U,1.0
6440,35 - 39,HSN,37.99,49.98,30.0,0.0,RED INTERNET & PHONE CABLE U,0.0
6441,60 - 64,KBW,39.99,49.98,30.0,0.0,GIGAZUHAUSE KABEL,0.0
6442,55 - 59,KBW,43.98,34.98,30.0,0.0,RED INTERNET & PHONE CABLE U,0.0
6443,70 - 74,KBW,44.98,39.99,30.0,0.0,RED INTERNET & PHONE CABLE U,1.0
6444,45 - 49,NRW,39.98,34.98,30.0,0.0,RED INTERNET & PHONE CABLE U,1.0
6445,18 - 24,KBW,44.98,39.99,30.0,0.0,RED INTERNET & PHONE CABLE U,0.0
6446,25 - 29,NRW,34.99,44.97,30.0,0.0,RED INTERNET & PHONE CABLE U,0.0
6447,25 - 29,KBW,27.98,49.99,30.0,0.0,RED INTERNET & PHONE CABLE U,0.0
6448,65 - 69,NRW,39.99,32.99,30.0,0.0,GIGAZUHAUSE KABEL,1.0
6449,35 - 39,NRW,29.99,44.98,30.0,0.0,VF RIP U-TREUE,1.0
6450,60 - 64,KBW,44.98,24.99,30.0,0.0,VF RIP U-TREUE,0.0
6451,35 - 39,NRW,34.98,39.99,30.0,0.0,VF RIP U-TREUE,1.0
6452,40 - 44,KBW,44.98,44.98,30.0,0.0,RED INTERNET & PHONE CABLE U,0.0
6453,50 - 54,KBW,49.98,44.99,30.0,0.0,RED INTERNET & PHONE CABLE U,1.0
6454,35 - 39,NRW,44.99,39.99,30.0,0.0,VF RIP U-TREUE,1.0
6455,30 - 34,KBW,34.98,39.98,30.0,0.0,GIGAZUHAUSE KABEL,1.0
6456,18 - 24,KBW,39.98,34.98,30.0,0.0,GIGAZUHAUSE KABEL,0.0
6457,50 - 54,NRW,34.99,34.99,30.0,0.0,RED INTERNET & PHONE CABLE U,1.0
6458,35 - 39,KBW,54.98,54.97,30.0,0.0,RED INTERNET & PHONE CABLE U,0.0
6459,35 - 39,NRW,39.99,39.98,30.0,0.0,RED INTERNET & PHONE CABLE U,1.0
6460,25 - 29,NRW,32.99,39.98,30.0,0.0,RED INTERNET & PHONE CABLE U,0.0
6461,60 - 64,NRW,34.98,39.99,30.0,0.0,VF RIP U-TREUE,1.0
6462,55 - 59,NRW,39.98,34.99,30.0,0.0,VF RIP U-TREUE,0.0
6463,40 - 44,KBW,32.99,39.99,30.0,0.0,VF RIP U-TREUE,0.0
6464,25 - 29,NRW,44.98,44.97,30.0,0.0,RED INTERNET & PHONE CABLE U,0.0
6465,30 - 34,NRW,29.99,34.99,30.0,0.0,RED INTERNET & PHONE CABLE U,0.0
6466,35 - 39,NRW,49.99,34.99,30.0,0.0,VF RIP U-TREUE,1.0
6467,45 - 49,KBW,34.98,44.99,30.0,0.0,RED INTERNET & PHONE CABLE U,1.0
6468,35 - 39,KBW,39.98,39.98,30.0,0.0,RED INTERNET & PHONE CABLE U,0.0
6469,40 - 44,HSN,34.99,39.97,30.0,0.0,VF RIP U-TREUE,1.0
6470,60 - 64,KBW,32.98,34.99,30.0,0.0,RED INTERNET & PHONE CABLE U,1.0
6471,30 - 34,NRW,42.99,39.98,30.0,0.0,RED INTERNET & PHONE CABLE U,1.0
6472,60 - 64,KBW,44.99,29.99,30.0,0.0,RED INTERNET & PHONE CABLE U,0.0
6473,60 - 64,NRW,34.98,29.99,30.0,0.0,VF CABLEMAX,0.0
6474,25 - 29,NRW,37.98,34.98,30.0,0.0,VF CABLEMAX,0.0
6475,35 - 39,HSN,44.99,39.97,30.0,0.0,RED INTERNET & PHONE CABLE U,1.0
6476,25 - 29,NRW,54.98,34.97,30.0,0.0,VF RIP U-TREUE,1.0
6477,30 - 34,KBW,34.99,39.99,30.0,0.0,RED INTERNET & PHONE CABLE U,0.0
6478,35 - 39,KBW,34.99,44.98,30.0,0.0,RED INTERNET & PHONE CABLE U,0.0
6479,55 - 59,HSN,39.98,44.99,30.0,0.0,RED INTERNET & PHONE CABLE U,1.0
6480,60 - 64,NRW,49.99,34.99,30.0,0.0,VF CABLEMAX,0.0
6481,50 - 54,NRW,34.99,44.99,30.0,0.0,RED INTERNET & PHONE CABLE U,0.0
6482,30 - 34,KBW,39.98,39.99,30.0,0.0,GIGAZUHAUSE KABEL,0.0
6483,25 - 29,HSN,49.99,39.99,30.0,0.0,RED INTERNET & PHONE CABLE U,0.0
6484,80 and over,HSN,44.97,39.98,30.0,0.0,VF CABLEMAX,0.0
6485,30 - 34,NRW,34.98,44.97,30.0,0.0,RED INTERNET & PHONE CABLE U,1.0
6486,25 - 29,KBW,49.98,39.99,30.0,0.0,RED INTERNET & PHONE CABLE U,0.0
6487,50 - 54,HSN,34.99,42.99,30.0,0.0,GIGAZUHAUSE KABEL,1.0
6488,40 - 44,NRW,44.99,34.99,30.0,0.0,EAZY,1.0
6489,30 - 34,NRW,39.99,44.97,30.0,0.0,GIGAZUHAUSE KABEL,0.0
6490,30 - 34,NRW,49.99,49.97,30.0,0.0,GIGAZUHAUSE KABEL,0.0
6491,40 - 44,NRW,34.99,44.98,30.0,0.0,RED INTERNET & PHONE CABLE U,1.0
6492,65 - 69,NRW,39.98,34.99,30.0,0.0,VF CABLEMAX,0.0
6493,35 - 39,HSN,44.99,44.98,30.0,0.0,RED INTERNET & PHONE CABLE U,0.0
6494,50 - 54,HSN,42.99,44.98,30.0,0.0,GIGAZUHAUSE KABEL,0.0
6495,60 - 64,HSN,44.99,49.98,30.0,0.0,VF CABLEMAX,1.0
6496,40 - 44,HSN,42.98,44.99,30.0,0.0,RED INTERNET & PHONE CABLE U,1.0
6497,40 - 44,KBW,39.99,34.99,30.0,0.0,RED INTERNET & PHONE CABLE U,1.0
6498,25 - 29,NRW,44.99,44.97,30.0,0.0,VF RIP U-TREUE,0.0
6499,55 - 59,NRW,44.98,49.99,30.0,0.0,VF CABLEMAX,0.0
6500,55 - 59,NRW,39.99,34.98,30.0,0.0,VF RIP U-TREUE,1.0
6501,25 - 29,KBW,49.99,39.99,30.0,0.0,VF CABLEMAX,1.0
6502,60 - 64,NRW,42.99,34.99,30.0,0.0,RED INTERNET & PHONE CABLE U,0.0
6503,40 - 44,NRW,44.99,42.98,30.0,0.0,RED INTERNET & PHONE CABLE U,1.0
6504,30 - 34,NRW,34.97,37.99,30.0,0.0,RED INTERNET & PHONE CABLE U,1.0
6505,50 - 54,NRW,44.96,37.98,30.0,0.0,VF CABLEMAX,1.0
6506,55 - 59,NRW,39.97,54.99,30.0,0.0,RED INTERNET & PHONE CABLE U,0.0
6507,35 - 39,KBW,34.99,34.99,30.0,0.0,GIGAZUHAUSE KABEL,1.0
6508,40 - 44,NRW,44.99,34.99,30.0,0.0,VF RIP U-TREUE,1.0
6509,45 - 49,KBW,39.99,44.99,30.0,0.0,GIGAZUHAUSE KABEL,1.0
6510,40 - 44,KBW,39.99,34.99,30.0,0.0,VF RIP U-TREUE,0.0
6511,40 - 44,NRW,44.97,39.99,30.0,0.0,VF RIP U-TREUE,0.0
6512,45 - 49,KBW,44.98,34.98,30.0,0.0,RED INTERNET & PHONE CABLE U,0.0
6513,35 - 39,KBW,34.99,39.99,30.0,0.0,RED INTERNET & PHONE CABLE U,0.0
6514,35 - 39,KBW,39.99,44.99,30.0,0.0,RED INTERNET & PHONE CABLE U,0.0
6515,50 - 54,NRW,39.99,39.99,30.0,0.0,VF CABLEMAX,1.0
6516,40 - 44,HSN,29.98,34.99,30.0,0.0,RED INTERNET & PHONE CABLE U,0.0
6517,45 - 49,NRW,42.99,49.97,30.0,0.0,RED INTERNET & PHONE CABLE U,0.0
6518,40 - 44,KBW,44.98,44.99,30.0,0.0,GIGAZUHAUSE KABEL,0.0
6519,35 - 39,NRW,39.99,49.99,30.0,0.0,RED INTERNET & PHONE CABLE U,0.0
6520,40 - 44,NRW,24.99,39.98,30.0,0.0,RED INTERNET & PHONE CABLE U,1.0
6521,65 - 69,KBW,39.99,44.98,30.0,0.0,VF RIP U-TREUE,0.0
6522,60 - 64,NRW,54.98,39.99,30.0,0.0,GIGAZUHAUSE KABEL,1.0
6523,45 - 49,KBW,44.98,49.97,30.0,0.0,RED INTERNET & PHONE CABLE U,0.0
6524,30 - 34,NRW,39.98,49.99,30.0,0.0,VF RIP U-TREUE,1.0
6525,35 - 39,NRW,44.99,49.99,30.0,0.0,VF RIP U-TREUE,0.0
6526,35 - 39,NRW,39.98,58.98,30.0,0.0,VF CABLEMAX,0.0
6527,35 - 39,KBW,39.99,29.99,30.0,0.0,VF RIP U-TREUE,0.0
6529,30 - 34,NRW,39.99,44.99,30.0,0.0,VF RIP U-TREUE,1.0
6530,40 - 44,HSN,44.98,44.98,30.0,0.0,GIGAZUHAUSE KABEL,0.0
6531,55 - 59,NRW,44.98,59.99,30.0,0.0,VF RIP U-TREUE,0.0
6532,60 - 64,NRW,49.97,34.99,30.0,0.0,VF RIP U-TREUE,0.0
6533,35 - 39,KBW,34.98,44.99,30.0,0.0,RED INTERNET & PHONE CABLE U,0.0
6534,40 - 44,KBW,39.99,44.99,30.0,0.0,RED INTERNET & PHONE CABLE U,1.0
6535,55 - 59,KBW,40.97,44.98,30.0,0.0,RED INTERNET & PHONE CABLE U,0.0
6536,70 - 74,NRW,19.99,39.98,30.0,0.0,RED INTERNET & PHONE CABLE U,0.0
6537,80 and over,KBW,49.99,44.98,30.0,0.0,VF RIP U-TREUE,0.0
6538,80 and over,NRW,44.99,34.99,30.0,0.0,VF RIP U-TREUE,0.0
6539,30 - 34,NRW,39.99,39.98,30.0,0.0,VF RIP U-TREUE,0.0
6540,45 - 49,NRW,44.99,54.98,30.0,0.0,RED INTERNET & PHONE CABLE U,1.0
6541,60 - 64,KBW,39.98,32.98,30.0,0.0,VF CABLEMAX,0.0
6542,35 - 39,NRW,34.98,44.99,30.0,0.0,RED INTERNET & PHONE CABLE U,0.0
6543,30 - 34,NRW,44.98,34.99,30.0,0.0,RED INTERNET & PHONE CABLE U,0.0
6544,35 - 39,KBW,44.98,44.99,30.0,0.0,RED INTERNET & PHONE CABLE U,0.0
6545,40 - 44,NRW,39.97,34.99,30.0,0.0,VF RIP U-TREUE,0.0
6546,25 - 29,NRW,34.99,49.99,30.0,0.0,VF RIP U-TREUE,1.0
6547,40 - 44,NRW,44.99,42.98,30.0,0.0,RED INTERNET & PHONE CABLE U,1.0
6548,35 - 39,KBW,34.98,43.99,30.0,0.0,GIGAZUHAUSE KABEL,0.0
6549,30 - 34,KBW,52.99,34.98,30.0,0.0,RED INTERNET & PHONE CABLE U,1.0
6550,55 - 59,NRW,32.98,44.99,30.0,0.0,RED INTERNET & PHONE CABLE U,0.0
6551,35 - 39,HSN,34.99,29.99,30.0,0.0,RED INTERNET & PHONE CABLE U,0.0
6552,35 - 39,NRW,39.99,39.99,30.0,0.0,GIGAZUHAUSE KABEL,1.0
6553,30 - 34,KBW,44.99,49.99,30.0,0.0,RED INTERNET & PHONE CABLE U,0.0
6554,40 - 44,KBW,39.99,39.98,30.0,0.0,VF CABLEMAX,1.0
6555,50 - 54,NRW,42.98,44.99,30.0,0.0,RED INTERNET & PHONE CABLE U,0.0
6556,40 - 44,NRW,34.98,44.99,30.0,0.0,VF RIP U-TREUE,0.0
6557,35 - 39,KBW,49.98,39.99,30.0,0.0,RED INTERNET & PHONE CABLE U,1.0
6558,25 - 29,NRW,44.98,44.98,30.0,0.0,VF CABLEMAX,1.0
6559,45 - 49,KBW,34.98,39.99,30.0,0.0,RED INTERNET & PHONE CABLE U,0.0
6560,45 - 49,KBW,44.99,44.99,30.0,0.0,RED INTERNET & PHONE CABLE U,1.0
6561,65 - 69,NRW,44.97,34.99,30.0,0.0,GIGAZUHAUSE KABEL,1.0
6562,35 - 39,KBW,39.99,44.98,30.0,0.0,VF RIP U-TREUE,0.0
6563,25 - 29,NRW,34.98,39.98,30.0,0.0,RED INTERNET & PHONE CABLE U,1.0
6564,40 - 44,KBW,44.98,39.99,30.0,0.0,GIGAZUHAUSE KABEL,0.0
6565,30 - 34,HSN,39.99,39.99,30.0,0.0,VF RIP U-TREUE,0.0
6566,60 - 64,NRW,44.99,34.97,30.0,0.0,VF CABLEMAX,1.0
6567,60 - 64,NRW,39.99,39.99,30.0,0.0,VF RIP U-TREUE,1.0
6568,25 - 29,NRW,44.98,34.99,30.0,0.0,GIGAZUHAUSE KABEL,0.0
6569,60 - 64,KBW,44.99,29.99,30.0,0.0,VF CABLEMAX,0.0
6570,40 - 44,NRW,49.99,44.99,30.0,0.0,GIGAZUHAUSE KABEL,1.0
6571,35 - 39,NRW,47.98,44.98,30.0,0.0,RED INTERNET & PHONE CABLE U,1.0
6572,25 - 29,NRW,44.99,44.98,30.0,0.0,RED INTERNET & PHONE CABLE U,1.0
6573,35 - 39,NRW,39.99,39.98,30.0,0.0,GIGAZUHAUSE TREUE C,0.0
6574,60 - 64,NRW,49.98,44.97,30.0,0.0,RED INTERNET & PHONE CABLE U,1.0
6575,55 - 59,NRW,39.99,34.99,30.0,0.0,RED INTERNET & PHONE CABLE U,1.0
6576,45 - 49,KBW,49.98,44.99,30.0,0.0,VF RIP U-TREUE,1.0
6577,35 - 39,NRW,49.98,39.98,30.0,0.0,RED INTERNET & PHONE CABLE U,1.0
6578,35 - 39,NRW,44.99,44.99,30.0,0.0,RED INTERNET & PHONE CABLE U,1.0
6579,35 - 39,NRW,44.98,39.99,30.0,0.0,RED INTERNET & PHONE CABLE U,0.0
6580,55 - 59,NRW,44.98,47.98,30.0,0.0,RED INTERNET & PHONE CABLE U,0.0
6581,25 - 29,KBW,54.99,43.97,30.0,0.0,RED INTERNET & PHONE CABLE U,0.0
6582,40 - 44,NRW,52.99,39.98,30.0,0.0,RED INTERNET & PHONE CABLE U,0.0
6583,25 - 29,KBW,44.98,44.98,30.0,0.0,VF RIP U-TREUE,1.0
6584,60 - 64,KBW,29.98,39.98,30.0,0.0,VF CABLEMAX,0.0
6585,25 - 29,NRW,39.99,39.99,30.0,0.0,VF CABLEMAX,0.0
6586,55 - 59,NRW,44.97,49.99,30.0,0.0,VF CABLEMAX,0.0
6587,70 - 74,NRW,42.99,44.99,30.0,0.0,GIGAZUHAUSE KABEL,1.0
6588,30 - 34,NRW,44.98,43.99,30.0,0.0,RED INTERNET & PHONE CABLE U,0.0
6589,40 - 44,NRW,29.98,49.99,30.0,0.0,RED INTERNET & PHONE CABLE U,0.0
6590,55 - 59,KBW,44.99,39.99,30.0,0.0,GIGAZUHAUSE KABEL,0.0
6591,25 - 29,NRW,39.99,44.98,30.0,0.0,VF RIP U-TREUE,0.0
6592,55 - 59,HSN,37.98,44.98,30.0,0.0,VF RIP U-TREUE,0.0
6593,55 - 59,NRW,34.99,39.98,30.0,0.0,VF RIP U-TREUE,1.0
6594,35 - 39,KBW,44.98,39.98,30.0,0.0,RED INTERNET & PHONE CABLE U,1.0
6595,35 - 39,NRW,39.99,49.98,30.0,0.0,GIGAZUHAUSE KABEL,0.0
6596,55 - 59,NRW,49.98,39.98,30.0,0.0,GIGAZUHAUSE KABEL,1.0
6597,40 - 44,NRW,49.99,39.99,30.0,0.0,VF CABLEMAX,0.0
6598,30 - 34,NRW,34.99,44.97,30.0,0.0,VF RIP U-TREUE,1.0
6599,40 - 44,KBW,49.98,29.99,30.0,0.0,VF CABLEMAX,0.0
6600,45 - 49,KBW,37.99,58.98,30.0,0.0,RED INTERNET & PHONE CABLE U,0.0
6601,35 - 39,HSN,34.98,44.99,30.0,0.0,RED INTERNET & PHONE CABLE U,0.0
6602,60 - 64,HSN,39.98,44.98,30.0,0.0,RED INTERNET & PHONE CABLE U,0.0
6603,25 - 29,KBW,34.98,39.99,30.0,0.0,RED INTERNET & PHONE CABLE U,0.0
6604,60 - 64,NRW,39.99,39.99,30.0,0.0,GIGAZUHAUSE KABEL,0.0
6605,25 - 29,NRW,39.98,29.99,30.0,0.0,RED INTERNET & PHONE CABLE U,1.0
6606,40 - 44,KBW,34.99,34.98,30.0,0.0,VF CABLEMAX,0.0
6607,60 - 64,KBW,34.98,34.99,30.0,0.0,RED INTERNET & PHONE CABLE U,1.0
6608,35 - 39,KBW,44.99,44.97,30.0,0.0,RED INTERNET & PHONE CABLE U,1.0
6609,40 - 44,NRW,49.99,44.98,30.0,0.0,VF CABLEMAX,1.0
6610,35 - 39,NRW,44.98,43.98,30.0,0.0,RED INTERNET & PHONE CABLE U,1.0
6611,50 - 54,NRW,42.97,37.99,30.0,0.0,RED INTERNET & PHONE CABLE U,1.0
6612,35 - 39,NRW,49.98,44.99,30.0,0.0,RED INTERNET & PHONE CABLE U,1.0
6613,70 - 74,NRW,34.97,44.98,30.0,0.0,VF CABLEMAX,0.0
6614,35 - 39,NRW,34.98,44.99,30.0,0.0,RED INTERNET & PHONE CABLE U,0.0
6615,25 - 29,NRW,44.99,44.99,30.0,0.0,VF CABLEMAX,0.0
6616,35 - 39,NRW,39.97,44.98,30.0,0.0,RED INTERNET & PHONE CABLE U,1.0
6617,50 - 54,NRW,39.99,44.98,30.0,0.0,GIGAZUHAUSE KABEL,1.0
6618,25 - 29,HSN,39.99,39.99,30.0,0.0,RED INTERNET & PHONE CABLE U,0.0
6619,25 - 29,KBW,39.98,39.98,30.0,0.0,VF RIP U-TREUE,0.0
6620,50 - 54,KBW,44.99,34.98,30.0,0.0,VF CABLEMAX,0.0
6622,35 - 39,NRW,34.98,40.98,30.0,0.0,VF RIP U-TREUE,0.0
6623,30 - 34,NRW,54.98,47.99,30.0,0.0,RED INTERNET & PHONE CABLE U,1.0
6624,25 - 29,KBW,29.99,34.99,30.0,0.0,RED INTERNET & PHONE CABLE U,0.0
6625,50 - 54,NRW,29.98,44.98,30.0,0.0,VF RIP U-TREUE,0.0
6626,30 - 34,NRW,39.99,49.98,30.0,0.0,RED INTERNET & PHONE CABLE U,0.0
6627,45 - 49,NRW,44.98,39.99,30.0,0.0,RED INTERNET & PHONE CABLE U,0.0
6628,30 - 34,KBW,44.98,39.98,30.0,0.0,RED INTERNET & PHONE CABLE U,1.0
6629,25 - 29,NRW,34.98,32.99,30.0,0.0,GIGAZUHAUSE KABEL,0.0
6630,25 - 29,KBW,44.98,42.98,30.0,0.0,RED INTERNET & PHONE CABLE U,1.0
6631,35 - 39,NRW,42.99,40.97,30.0,0.0,RED INTERNET & PHONE CABLE U,1.0
6632,35 - 39,NRW,29.99,39.99,30.0,0.0,VF RIP U-TREUE,1.0
6633,60 - 64,NRW,39.98,44.99,30.0,0.0,VF CABLEMAX,0.0
6634,55 - 59,NRW,34.97,39.98,30.0,1.0,VF RIP U-TREUE,1.0
6635,40 - 44,NRW,52.99,44.98,30.0,0.0,VF RIP U-TREUE,0.0
6636,30 - 34,NRW,44.98,39.98,30.0,0.0,VF CABLEMAX,1.0
6637,30 - 34,NRW,59.98,44.98,30.0,0.0,GIGAZUHAUSE TREUE B,1.0
6638,25 - 29,NRW,39.99,42.99,30.0,0.0,VF RIP U-TREUE,0.0
6639,50 - 54,NRW,44.98,34.99,30.0,0.0,VF RIP U-TREUE,0.0
6640,35 - 39,NRW,34.99,44.99,30.0,0.0,RED INTERNET & PHONE CABLE U,1.0
6641,35 - 39,KBW,34.97,39.99,30.0,0.0,RED INTERNET & PHONE CABLE U,1.0
6642,35 - 39,NRW,34.99,34.99,30.0,0.0,VF RIP U-TREUE,0.0
6643,40 - 44,NRW,49.99,34.98,30.0,0.0,VF CABLEMAX,0.0
6644,30 - 34,KBW,34.99,49.99,30.0,0.0,GIGAZUHAUSE KABEL,0.0
6645,60 - 64,KBW,49.99,44.99,30.0,0.0,RED INTERNET & PHONE CABLE U,1.0
6646,30 - 34,KBW,39.98,44.98,30.0,0.0,VF RIP U-TREUE,1.0
6647,70 - 74,NRW,44.99,44.98,0.0,0.0,RED INTERNET & PHONE CABLE U,0.0
6648,35 - 39,KBW,44.99,44.97,30.0,0.0,VF RIP U-TREUE,0.0
6649,35 - 39,NRW,34.98,49.99,30.0,0.0,VF RIP U-TREUE,0.0
6650,40 - 44,KBW,44.99,39.98,30.0,0.0,VF CABLEMAX,1.0
6651,25 - 29,KBW,44.99,39.99,30.0,0.0,GIGAZUHAUSE KABEL,0.0
6652,35 - 39,NRW,39.99,39.99,30.0,0.0,VF CABLEMAX,1.0
6653,45 - 49,KBW,32.97,39.99,30.0,0.0,RED INTERNET & PHONE CABLE U,1.0
6654,30 - 34,NRW,49.99,39.97,30.0,0.0,GIGAZUHAUSE KABEL,0.0
6655,40 - 44,KBW,27.98,44.98,30.0,0.0,VF RIP U-TREUE,1.0
6656,60 - 64,NRW,34.98,39.99,30.0,0.0,RED INTERNET & PHONE CABLE U,0.0
6657,30 - 34,KBW,39.98,34.99,30.0,0.0,VF CABLEMAX,0.0
6658,65 - 69,NRW,39.99,44.97,30.0,0.0,VF RIP U-TREUE,0.0
6659,65 - 69,NRW,32.99,39.99,30.0,0.0,RED INTERNET & PHONE CABLE U,0.0
6660,40 - 44,NRW,39.99,39.98,30.0,0.0,RED INTERNET & PHONE CABLE U,0.0
6661,40 - 44,NRW,34.99,34.99,30.0,0.0,VF RIP U-TREUE,0.0
6662,30 - 34,NRW,44.98,29.99,30.0,0.0,VF RIP U-TREUE,0.0
6663,50 - 54,NRW,39.97,49.97,30.0,0.0,RED INTERNET & PHONE CABLE U,0.0
6664,30 - 34,KBW,39.98,44.98,30.0,0.0,RED INTERNET & PHONE CABLE U,1.0
6665,45 - 49,NRW,44.99,34.99,30.0,0.0,RED INTERNET & PHONE CABLE U,1.0
6666,25 - 29,NRW,34.98,44.99,30.0,0.0,RED INTERNET & PHONE CABLE U,1.0
6667,25 - 29,KBW,49.99,34.99,30.0,0.0,VF RIP U-TREUE,0.0
6668,40 - 44,NRW,29.99,39.99,30.0,0.0,GIGAZUHAUSE KABEL,0.0
6669,30 - 34,KBW,29.99,44.97,30.0,0.0,RED INTERNET & PHONE CABLE U,0.0
6670,35 - 39,NRW,44.98,34.99,30.0,0.0,RED INTERNET & PHONE CABLE U,1.0
6671,30 - 34,NRW,44.98,39.99,30.0,0.0,RED INTERNET & PHONE CABLE U,1.0
6672,60 - 64,HSN,34.99,39.97,30.0,0.0,RED INTERNET & PHONE CABLE U,1.0
6673,40 - 44,HSN,34.99,39.98,30.0,0.0,VF CABLEMAX,1.0
6674,25 - 29,KBW,34.98,44.98,30.0,0.0,RED INTERNET & PHONE CABLE U,1.0
6675,60 - 64,KBW,39.99,39.98,30.0,0.0,VF CABLEMAX,1.0
6676,30 - 34,NRW,34.98,44.97,30.0,0.0,RED INTERNET & PHONE CABLE U,0.0
6677,50 - 54,KBW,42.98,44.98,30.0,0.0,RED INTERNET & PHONE CABLE U,1.0
6678,40 - 44,NRW,34.98,44.98,30.0,0.0,RED INTERNET & PHONE CABLE U,1.0
6679,40 - 44,KBW,34.99,44.99,30.0,0.0,VF RIP U-TREUE,0.0
6680,25 - 29,KBW,44.99,34.99,30.0,0.0,GIGAZUHAUSE KABEL,1.0
6681,40 - 44,NRW,49.97,44.98,30.0,0.0,VF CABLEMAX,0.0
6682,50 - 54,NRW,44.97,39.99,30.0,0.0,RED INTERNET & PHONE CABLE U,0.0
6683,45 - 49,KBW,34.99,39.99,30.0,0.0,GIGAZUHAUSE KABEL,1.0
6684,25 - 29,NRW,44.98,44.98,30.0,0.0,VF CABLEMAX,0.0
6685,40 - 44,KBW,49.98,39.99,30.0,0.0,GIGAZUHAUSE KABEL,1.0
6686,70 - 74,NRW,34.99,44.99,30.0,0.0,RED INTERNET & PHONE CABLE U,1.0
6687,35 - 39,NRW,54.98,39.97,30.0,0.0,RED INTERNET & PHONE CABLE U,0.0
6688,45 - 49,KBW,49.98,34.98,30.0,0.0,RED INTERNET & PHONE CABLE U,1.0
6689,30 - 34,NRW,39.97,44.99,30.0,0.0,RED INTERNET & PHONE CABLE U,1.0
6690,25 - 29,NRW,34.99,39.99,699.0,0.0,RED INTERNET & PHONE CABLE U,0.0
6691,55 - 59,KBW,39.99,39.99,30.0,0.0,RED INTERNET & PHONE CABLE U,1.0
6692,40 - 44,NRW,44.99,29.99,30.0,0.0,VF RIP U-TREUE,0.0
6693,35 - 39,NRW,44.99,44.98,30.0,0.0,VF RIP U-TREUE,1.0
6694,65 - 69,KBW,44.97,39.98,30.0,0.0,RED INTERNET & PHONE CABLE U,0.0
6695,35 - 39,NRW,39.99,34.99,30.0,0.0,RED INTERNET & PHONE CABLE U,0.0
6696,55 - 59,NRW,39.99,49.99,30.0,0.0,VF CABLEMAX,0.0
6697,40 - 44,KBW,34.99,29.99,30.0,0.0,RED INTERNET & PHONE CABLE U,0.0
6698,60 - 64,HSN,39.98,39.99,30.0,0.0,VF RIP U-TREUE,1.0
6699,30 - 34,NRW,44.98,39.98,30.0,0.0,RED INTERNET & PHONE CABLE U,0.0
6700,30 - 34,NRW,29.99,44.99,30.0,0.0,RED INTERNET & PHONE CABLE U,0.0
6701,35 - 39,KBW,39.99,39.99,30.0,0.0,RED INTERNET & PHONE CABLE U,0.0
6702,30 - 34,HSN,39.99,44.99,30.0,0.0,RED INTERNET & PHONE CABLE U,0.0
6703,55 - 59,KBW,34.99,49.99,30.0,0.0,RED INTERNET & PHONE CABLE U,1.0
6704,50 - 54,NRW,44.98,39.99,30.0,0.0,VF RIP U-TREUE,0.0
6705,50 - 54,NRW,48.99,44.98,30.0,0.0,RED INTERNET & PHONE CABLE U,1.0
6706,40 - 44,NRW,44.98,44.99,30.0,0.0,RED INTERNET & PHONE CABLE U,1.0
6707,65 - 69,KBW,44.99,34.98,30.0,0.0,VF RIP U-TREUE,0.0
6708,35 - 39,KBW,44.99,49.99,30.0,0.0,RED INTERNET & PHONE CABLE U,1.0
6709,30 - 34,NRW,44.99,69.99,30.0,0.0,VF RIP U-TREUE,0.0
6710,40 - 44,NRW,34.99,34.99,30.0,1.0,VF RIP U-TREUE,0.0
6711,25 - 29,KBW,34.97,44.99,30.0,0.0,RED INTERNET & PHONE CABLE U,1.0
6712,25 - 29,HSN,39.97,34.99,30.0,0.0,VF CABLEMAX,1.0
6713,55 - 59,NRW,39.99,49.99,30.0,0.0,GIGAZUHAUSE KABEL,1.0
6714,55 - 59,NRW,79.99,39.98,30.0,0.0,VF CABLEMAX,0.0
6715,40 - 44,NRW,34.99,39.98,30.0,0.0,VF RIP U-TREUE,1.0
6716,30 - 34,NRW,49.98,34.99,30.0,0.0,VF CABLEMAX,1.0
6717,35 - 39,KBW,44.99,39.99,30.0,0.0,VF CABLEMAX,1.0
6718,60 - 64,NRW,34.99,34.98,30.0,0.0,RED INTERNET & PHONE CABLE U,1.0
6719,40 - 44,NRW,29.97,39.98,30.0,0.0,VF RIP U-TREUE,1.0
6720,50 - 54,HSN,44.98,49.99,30.0,0.0,VF RIP U-TREUE,0.0
6721,60 - 64,NRW,34.99,44.99,30.0,0.0,VF CABLEMAX,1.0
6722,30 - 34,KBW,39.99,47.99,30.0,0.0,RED INTERNET & PHONE CABLE U,1.0
6723,30 - 34,NRW,34.98,39.98,30.0,0.0,RED INTERNET & PHONE CABLE U,1.0
6724,40 - 44,HSN,34.99,32.98,30.0,0.0,VF RIP U-TREUE,0.0
6725,65 - 69,HSN,44.99,34.98,30.0,0.0,VF CABLEMAX,1.0
6726,40 - 44,KBW,39.97,29.97,30.0,0.0,RED INTERNET & PHONE CABLE U,0.0
6727,55 - 59,KBW,74.99,29.99,30.0,0.0,RED INTERNET & PHONE CABLE U,0.0
6728,55 - 59,NRW,1.99,39.99,30.0,0.0,RED INTERNET & PHONE CABLE U,1.0
6729,55 - 59,NRW,39.99,44.98,30.0,0.0,VF CABLEMAX,0.0
6730,25 - 29,KBW,39.98,39.98,30.0,0.0,VF CABLEMAX,0.0
6731,65 - 69,KBW,34.98,44.98,30.0,0.0,GIGAZUHAUSE KABEL,0.0
6732,80 and over,KBW,34.98,39.99,30.0,0.0,RED INTERNET & PHONE CABLE U,0.0
6733,40 - 44,KBW,44.98,44.99,30.0,0.0,RED INTERNET & PHONE CABLE U,0.0
6734,45 - 49,HSN,34.99,24.98,30.0,0.0,RED INTERNET & PHONE CABLE U,0.0
6735,30 - 34,NRW,24.99,44.98,30.0,0.0,RED INTERNET & PHONE CABLE U,1.0
6736,45 - 49,NRW,44.99,39.99,30.0,0.0,RED INTERNET & PHONE CABLE U,1.0
6737,60 - 64,HSN,54.99,44.99,30.0,0.0,RED INTERNET & PHONE CABLE U,0.0
6738,40 - 44,NRW,44.99,39.98,30.0,0.0,VF RIP U-TREUE,1.0
6739,40 - 44,KBW,44.99,34.99,30.0,0.0,VF RIP U-TREUE,0.0
6740,55 - 59,NRW,43.99,34.99,30.0,0.0,VF CABLEMAX,0.0
6741,50 - 54,NRW,44.99,34.99,30.0,0.0,VF RIP U-TREUE,0.0
6742,35 - 39,NRW,42.98,44.99,30.0,0.0,RED INTERNET & PHONE CABLE U,0.0
6743,45 - 49,KBW,34.99,39.99,30.0,0.0,GIGAZUHAUSE TREUE B,1.0
6744,40 - 44,NRW,54.99,44.98,30.0,0.0,VF RIP U-TREUE,1.0
6745,55 - 59,KBW,44.98,44.98,30.0,0.0,RED INTERNET & PHONE CABLE U,1.0
6746,30 - 34,NRW,39.99,49.99,30.0,0.0,RED INTERNET & PHONE CABLE U,0.0
6747,55 - 59,KBW,39.98,44.99,30.0,0.0,RED INTERNET & PHONE CABLE U,1.0
6748,25 - 29,NRW,44.99,44.98,30.0,0.0,VF RIP U-TREUE,1.0
6749,50 - 54,NRW,39.99,34.99,30.0,0.0,RED INTERNET & PHONE CABLE U,0.0
6750,25 - 29,KBW,39.98,44.97,30.0,0.0,RED INTERNET & PHONE CABLE U,0.0
6751,60 - 64,NRW,29.99,39.98,30.0,0.0,GIGAZUHAUSE KABEL,1.0
6752,50 - 54,KBW,39.98,44.98,30.0,0.0,GIGAZUHAUSE KABEL,0.0
6753,55 - 59,NRW,49.99,42.98,30.0,0.0,RED INTERNET & PHONE CABLE U,0.0
6754,30 - 34,KBW,39.98,44.98,30.0,0.0,VF CABLEMAX,1.0
6755,35 - 39,KBW,34.98,34.99,30.0,0.0,VF RIP U-TREUE,1.0
6756,40 - 44,NRW,34.99,44.98,30.0,0.0,VF CABLEMAX,0.0
6757,40 - 44,KBW,44.99,44.98,30.0,0.0,VF RIP U-TREUE,1.0
6758,30 - 34,NRW,39.99,44.98,30.0,0.0,RED INTERNET & PHONE CABLE U,0.0
6759,35 - 39,NRW,39.98,52.99,30.0,0.0,RED INTERNET & PHONE CABLE U,1.0
6760,30 - 34,NRW,49.99,32.99,30.0,0.0,GIGAZUHAUSE KABEL,1.0
6761,60 - 64,HSN,34.98,39.99,30.0,0.0,GIGAZUHAUSE KABEL,1.0
6762,60 - 64,KBW,49.98,49.98,30.0,0.0,VF RIP U-TREUE,0.0
6763,30 - 34,NRW,44.99,34.98,30.0,0.0,RED INTERNET & PHONE CABLE U,0.0
6764,40 - 44,NRW,44.99,44.99,30.0,0.0,GIGAZUHAUSE KABEL,1.0
6765,30 - 34,NRW,39.99,34.97,30.0,0.0,RED INTERNET & PHONE CABLE U,0.0
6766,55 - 59,KBW,49.99,29.99,30.0,0.0,RED INTERNET & PHONE CABLE U,0.0
6767,50 - 54,KBW,44.98,47.98,30.0,0.0,RED INTERNET & PHONE CABLE U,1.0
6768,60 - 64,NRW,39.99,34.99,30.0,0.0,RED INTERNET & PHONE CABLE U,0.0
6769,55 - 59,NRW,37.99,39.97,30.0,0.0,RED INTERNET & PHONE CABLE U,0.0
6770,40 - 44,HSN,39.99,39.99,30.0,0.0,VF RIP U-TREUE,1.0
6771,65 - 69,NRW,49.99,39.99,30.0,0.0,VF RIP U-TREUE,0.0
6772,35 - 39,NRW,49.98,44.99,30.0,0.0,VF RIP U-TREUE,0.0
6773,40 - 44,KBW,39.99,39.99,30.0,0.0,RED INTERNET & PHONE CABLE U,0.0
6774,45 - 49,KBW,39.98,29.99,30.0,0.0,VF RIP U-TREUE,0.0
6775,35 - 39,HSN,34.98,44.96,30.0,0.0,GIGAZUHAUSE KABEL,1.0
6776,30 - 34,KBW,29.99,34.99,30.0,0.0,RED INTERNET & PHONE CABLE U,1.0
6777,25 - 29,NRW,39.98,44.99,30.0,0.0,RED INTERNET & PHONE CABLE U,0.0
6778,30 - 34,NRW,44.97,44.98,30.0,0.0,VF RIP U-TREUE,0.0
6779,35 - 39,HSN,39.99,39.99,30.0,0.0,GIGAZUHAUSE KABEL,0.0
6780,50 - 54,NRW,44.98,44.99,30.0,0.0,VF RIP U-TREUE,1.0
6781,65 - 69,KBW,34.98,44.98,30.0,0.0,RED INTERNET & PHONE CABLE U,1.0
6782,35 - 39,HSN,39.98,42.99,30.0,0.0,RED INTERNET & PHONE CABLE U,1.0
6783,50 - 54,NRW,34.98,44.97,30.0,0.0,VF CABLEMAX,0.0
6784,25 - 29,KBW,44.98,39.99,30.0,0.0,RED INTERNET & PHONE CABLE U,0.0
6785,35 - 39,KBW,44.98,44.98,30.0,0.0,VF RIP U-TREUE,1.0
6786,25 - 29,KBW,32.98,39.98,30.0,0.0,RED INTERNET & PHONE CABLE U,1.0
6787,50 - 54,NRW,49.98,49.99,30.0,0.0,RED INTERNET & PHONE CABLE U,1.0
6788,55 - 59,HSN,44.98,39.98,30.0,0.0,RED INTERNET & PHONE CABLE U,0.0
6789,35 - 39,NRW,34.99,44.98,30.0,0.0,GIGAZUHAUSE KABEL,0.0
6790,25 - 29,NRW,39.97,44.98,30.0,0.0,RED INTERNET & PHONE CABLE U,0.0
6791,50 - 54,NRW,44.99,39.99,30.0,0.0,RED INTERNET & PHONE CABLE U,1.0
6792,50 - 54,KBW,39.99,39.97,30.0,0.0,GIGAZUHAUSE KABEL,0.0
6793,30 - 34,NRW,39.98,44.97,30.0,0.0,RED INTERNET & PHONE CABLE U,1.0
6794,35 - 39,KBW,34.99,34.99,30.0,0.0,RED INTERNET & PHONE CABLE U,0.0
6795,30 - 34,KBW,44.98,39.98,30.0,0.0,VF RIP U-TREUE,1.0
6796,30 - 34,NRW,49.99,49.99,30.0,0.0,RED INTERNET & PHONE CABLE U,1.0
6797,30 - 34,KBW,34.98,32.98,30.0,0.0,GIGAZUHAUSE KABEL,0.0
6798,55 - 59,NRW,39.99,44.98,30.0,0.0,VF CABLEMAX,0.0
6799,40 - 44,KBW,34.99,44.99,30.0,0.0,RED INTERNET & PHONE CABLE U,1.0
6800,35 - 39,KBW,42.98,44.98,30.0,0.0,VF CABLEMAX,0.0
6801,35 - 39,HSN,34.98,44.98,30.0,0.0,VF CABLEMAX,0.0
6802,35 - 39,NRW,54.99,34.99,30.0,0.0,RED INTERNET & PHONE CABLE U,0.0
6803,55 - 59,KBW,39.99,44.99,30.0,0.0,VF RIP U-TREUE,0.0
6804,30 - 34,KBW,49.99,44.98,30.0,0.0,GIGAZUHAUSE KABEL,0.0
6805,40 - 44,NRW,49.98,49.99,30.0,0.0,VF RIP U-TREUE,0.0
6806,55 - 59,KBW,34.97,49.98,30.0,0.0,RED INTERNET & PHONE CABLE U,0.0
6807,30 - 34,KBW,60.98,37.99,30.0,0.0,VF CABLEMAX,1.0
6808,40 - 44,KBW,44.98,44.98,30.0,1.0,RED INTERNET & PHONE CABLE U,0.0
6809,55 - 59,NRW,34.99,32.97,30.0,0.0,RED INTERNET & PHONE CABLE U,1.0
6810,30 - 34,NRW,59.99,39.99,30.0,0.0,RED INTERNET & PHONE CABLE U,1.0
6811,45 - 49,NRW,29.98,39.98,30.0,0.0,RED INTERNET & PHONE CABLE U,0.0
6812,30 - 34,KBW,39.98,54.99,30.0,0.0,VF CABLEMAX,0.0
6813,25 - 29,NRW,39.99,49.99,30.0,0.0,RED INTERNET & PHONE CABLE U,1.0
6814,65 - 69,NRW,39.99,34.99,30.0,0.0,RED INTERNET & PHONE CABLE U,1.0
6815,35 - 39,KBW,34.99,24.99,30.0,0.0,VF CABLEMAX,1.0
6816,35 - 39,HSN,44.98,39.98,30.0,0.0,RED INTERNET & PHONE CABLE U,0.0
6817,65 - 69,KBW,44.98,49.99,30.0,0.0,RED INTERNET & PHONE CABLE U,1.0
6818,65 - 69,KBW,29.99,49.97,30.0,0.0,VF RIP U-TREUE,0.0
6819,30 - 34,KBW,34.99,34.99,30.0,0.0,GIGAZUHAUSE KABEL,1.0
6820,30 - 34,HSN,42.99,44.98,30.0,0.0,VF CABLEMAX,1.0
6821,25 - 29,NRW,44.98,32.99,30.0,0.0,VF RIP U-TREUE,0.0
6822,30 - 34,NRW,44.99,44.98,30.0,0.0,RED INTERNET & PHONE CABLE U,1.0
6823,25 - 29,NRW,44.99,39.99,30.0,0.0,VF CABLEMAX,1.0
6824,35 - 39,NRW,29.98,44.98,30.0,0.0,VF CABLEMAX,1.0
6825,35 - 39,NRW,39.99,39.99,30.0,0.0,VF CABLEMAX,0.0
6826,35 - 39,KBW,39.98,42.98,30.0,0.0,GIGAZUHAUSE KABEL,1.0
6827,55 - 59,NRW,32.98,39.98,30.0,0.0,VF CABLEMAX,0.0
6828,25 - 29,KBW,39.98,29.99,30.0,0.0,VF RIP U-TREUE,0.0
6829,50 - 54,KBW,44.99,34.99,30.0,0.0,RED INTERNET & PHONE CABLE U,1.0
6830,30 - 34,NRW,54.98,39.98,30.0,0.0,GIGAZUHAUSE KABEL,1.0
6831,45 - 49,NRW,34.99,39.99,30.0,0.0,RED INTERNET & PHONE CABLE U,0.0
6832,35 - 39,NRW,39.98,37.99,30.0,0.0,VF RIP U-TREUE,0.0
6833,25 - 29,KBW,34.96,44.98,30.0,0.0,VF RIP U-TREUE,0.0
6834,35 - 39,KBW,34.99,49.98,30.0,0.0,GIGAZUHAUSE KABEL,1.0
6835,75 - 79,KBW,49.97,39.99,30.0,0.0,RED INTERNET & PHONE CABLE U,0.0
6836,35 - 39,NRW,37.99,44.99,30.0,0.0,RED INTERNET & PHONE CABLE U,0.0
6837,55 - 59,NRW,44.98,34.99,30.0,0.0,RED INTERNET & PHONE CABLE U,0.0
6838,30 - 34,KBW,44.99,34.99,30.0,0.0,VF RIP U-TREUE,0.0
6839,55 - 59,NRW,39.98,32.99,30.0,0.0,RED INTERNET & PHONE CABLE U,1.0
6840,55 - 59,NRW,44.99,49.97,30.0,0.0,RED INTERNET & PHONE CABLE U,1.0
6841,25 - 29,NRW,39.99,32.99,30.0,0.0,RED INTERNET & PHONE CABLE U,0.0
6842,55 - 59,NRW,44.98,44.99,30.0,0.0,RED INTERNET & PHONE CABLE U,0.0
6843,50 - 54,NRW,44.99,49.99,30.0,0.0,GIGAZUHAUSE KABEL,1.0
6844,35 - 39,NRW,44.98,34.99,30.0,0.0,GIGAZUHAUSE KABEL,1.0
6845,35 - 39,KBW,44.99,24.99,30.0,0.0,RED INTERNET & PHONE CABLE U,1.0
6846,30 - 34,NRW,49.98,47.99,30.0,0.0,VF RIP U-TREUE,1.0
6847,60 - 64,KBW,34.99,44.99,30.0,0.0,RED INTERNET & PHONE CABLE U,1.0
6848,45 - 49,KBW,44.98,39.99,30.0,0.0,RED INTERNET & PHONE CABLE U,1.0
6849,65 - 69,NRW,29.98,39.99,30.0,0.0,VF RIP U-TREUE,1.0
6850,65 - 69,HSN,44.98,39.97,30.0,0.0,VF RIP U-TREUE,1.0
6851,40 - 44,NRW,29.98,34.98,30.0,0.0,RED INTERNET & PHONE CABLE U,1.0
6852,35 - 39,NRW,49.99,39.98,30.0,0.0,RED INTERNET & PHONE CABLE U,1.0
6853,40 - 44,KBW,44.98,44.99,30.0,0.0,RED INTERNET & PHONE CABLE U,1.0
6854,60 - 64,NRW,34.98,39.98,30.0,0.0,VF CABLEMAX,1.0
6855,30 - 34,NRW,32.98,49.97,30.0,0.0,VF RIP U-TREUE,0.0
6856,50 - 54,NRW,34.98,34.99,30.0,0.0,VF CABLEMAX,1.0
6857,70 - 74,NRW,34.98,34.99,30.0,0.0,RED INTERNET & PHONE CABLE U,1.0
6858,55 - 59,KBW,44.99,44.98,30.0,0.0,VF RIP U-TREUE,0.0
6859,30 - 34,NRW,39.99,39.99,30.0,0.0,GIGAZUHAUSE TREUE C,0.0
6860,25 - 29,HSN,34.99,44.97,30.0,0.0,GIGAZUHAUSE KABEL,1.0
6861,25 - 29,NRW,44.99,39.99,30.0,0.0,VF CABLEMAX,0.0
6862,65 - 69,NRW,39.97,49.98,30.0,0.0,VF RIP U-TREUE,1.0
6863,55 - 59,KBW,34.99,39.99,30.0,0.0,VF RIP U-TREUE,0.0
6864,70 - 74,NRW,39.99,34.99,30.0,0.0,RED INTERNET & PHONE CABLE U,1.0
6865,60 - 64,NRW,39.99,42.99,30.0,0.0,VF CABLEMAX,1.0
6866,40 - 44,NRW,37.97,29.98,30.0,0.0,VF CABLEMAX,1.0
6867,45 - 49,KBW,49.98,34.99,30.0,0.0,RED INTERNET & PHONE CABLE U,1.0
6868,35 - 39,KBW,49.99,44.99,30.0,0.0,VF RIP U-TREUE,1.0
6869,40 - 44,KBW,37.97,34.99,30.0,0.0,VF CABLEMAX,0.0
6870,45 - 49,NRW,42.98,49.99,30.0,0.0,VF RIP U-TREUE,1.0
6871,35 - 39,NRW,44.97,44.98,30.0,0.0,VF CABLEMAX,0.0
6872,55 - 59,NRW,49.97,34.98,30.0,0.0,GIGAZUHAUSE KABEL,1.0
6873,25 - 29,KBW,44.99,29.98,30.0,0.0,VF RIP U-TREUE,0.0
6874,45 - 49,NRW,37.99,37.98,30.0,0.0,RED INTERNET & PHONE CABLE U,0.0
6875,35 - 39,NRW,49.99,44.99,30.0,0.0,RED INTERNET & PHONE CABLE U,0.0
6876,40 - 44,NRW,44.98,49.99,30.0,0.0,RED INTERNET & PHONE CABLE U,0.0
6877,30 - 34,NRW,34.98,44.99,30.0,0.0,VF CABLEMAX,0.0
6878,35 - 39,NRW,34.99,49.99,30.0,0.0,RED INTERNET & PHONE CABLE U,0.0
6879,40 - 44,KBW,44.99,37.98,30.0,0.0,VF RIP U-TREUE,1.0
6880,35 - 39,NRW,44.98,39.98,30.0,0.0,VF CABLEMAX,1.0
6881,50 - 54,NRW,34.99,39.98,30.0,0.0,RED INTERNET & PHONE CABLE U,1.0
6882,65 - 69,KBW,44.98,44.98,30.0,0.0,VF CABLEMAX,0.0
6883,40 - 44,HSN,34.99,49.97,30.0,0.0,RED INTERNET & PHONE CABLE U,0.0
6884,35 - 39,KBW,49.98,39.98,30.0,0.0,GIGAZUHAUSE KABEL,0.0
6885,50 - 54,KBW,44.99,44.97,30.0,0.0,VF CABLEMAX,0.0
6886,40 - 44,NRW,44.99,34.99,30.0,0.0,RED INTERNET & PHONE CABLE U,1.0
6887,70 - 74,NRW,37.99,39.97,30.0,0.0,VF RIP U-TREUE,0.0
6888,30 - 34,NRW,44.98,44.98,30.0,0.0,RED INTERNET & PHONE CABLE U,1.0
6889,40 - 44,NRW,34.99,34.98,30.0,0.0,RED INTERNET & PHONE CABLE U,0.0
6890,40 - 44,KBW,34.97,49.99,30.0,0.0,GIGAZUHAUSE KABEL,0.0
6891,50 - 54,HSN,34.98,34.98,30.0,0.0,VF CABLEMAX,1.0
6892,25 - 29,NRW,44.98,44.98,30.0,0.0,VF CABLEMAX,0.0
6893,30 - 34,KBW,39.99,34.98,30.0,1.0,RED INTERNET & PHONE CABLE U,0.0
6894,65 - 69,NRW,44.97,44.97,30.0,0.0,GIGAZUHAUSE KABEL,0.0
6895,25 - 29,NRW,39.98,39.99,30.0,0.0,VF CABLEMAX,1.0
6896,50 - 54,KBW,49.97,39.99,30.0,0.0,VF CABLEMAX,1.0
6897,30 - 34,NRW,44.97,44.98,30.0,0.0,RED INTERNET & PHONE CABLE U,0.0
6898,30 - 34,KBW,39.98,42.99,30.0,0.0,RED INTERNET & PHONE CABLE U,0.0
6899,35 - 39,KBW,49.98,44.98,30.0,0.0,RED INTERNET & PHONE CABLE U,1.0
6900,65 - 69,NRW,44.99,29.98,30.0,0.0,RED INTERNET & PHONE CABLE U,1.0
6901,60 - 64,KBW,44.99,44.99,30.0,0.0,RED INTERNET & PHONE CABLE U,0.0
6902,35 - 39,KBW,39.98,39.98,30.0,0.0,GIGAZUHAUSE TREUE B,1.0
6903,25 - 29,HSN,44.98,39.98,30.0,0.0,VF CABLEMAX,0.0
6904,35 - 39,KBW,43.99,39.99,30.0,0.0,VF RIP U-TREUE,1.0
6905,55 - 59,NRW,44.97,44.99,30.0,0.0,VF RIP U-TREUE,0.0
6906,40 - 44,KBW,44.99,34.98,30.0,0.0,GIGAZUHAUSE KABEL,1.0
6907,35 - 39,NRW,44.99,44.99,30.0,0.0,RED INTERNET & PHONE CABLE U,0.0
6908,55 - 59,HSN,44.99,60.98,30.0,0.0,RED INTERNET & PHONE CABLE U,0.0
6909,35 - 39,HSN,34.99,34.97,30.0,0.0,RED INTERNET & PHONE CABLE U,0.0
6910,30 - 34,NRW,59.99,34.98,30.0,0.0,RED INTERNET & PHONE CABLE U,1.0
6911,60 - 64,KBW,34.99,44.97,30.0,0.0,RED INTERNET & PHONE CABLE U,0.0
6912,40 - 44,KBW,44.99,34.97,30.0,0.0,RED INTERNET & PHONE CABLE U,0.0
6913,70 - 74,NRW,34.99,29.99,30.0,0.0,RED INTERNET & PHONE CABLE U,0.0
6914,55 - 59,KBW,39.99,44.98,30.0,0.0,VF CABLEMAX,0.0
6915,30 - 34,NRW,37.99,44.99,30.0,0.0,RED INTERNET & PHONE CABLE U,0.0
6916,40 - 44,KBW,34.98,39.99,30.0,0.0,RED INTERNET & PHONE CABLE U,1.0
6917,35 - 39,NRW,34.97,49.99,30.0,0.0,RED INTERNET & PHONE CABLE U,0.0
6918,40 - 44,NRW,39.98,44.99,30.0,0.0,VF RIP U-TREUE,0.0
6919,55 - 59,NRW,39.99,44.97,30.0,0.0,RED INTERNET & PHONE CABLE U,0.0
6920,60 - 64,NRW,39.99,39.99,30.0,0.0,RED INTERNET & PHONE CABLE U,1.0
6921,50 - 54,NRW,34.97,39.98,30.0,0.0,VF CABLEMAX,0.0
6922,35 - 39,KBW,44.98,44.97,30.0,0.0,VF CABLEMAX,0.0
6923,70 - 74,NRW,24.98,34.98,30.0,0.0,RED INTERNET & PHONE CABLE U,0.0
6924,60 - 64,NRW,34.99,39.98,30.0,0.0,RED INTERNET & PHONE CABLE U,1.0
6925,40 - 44,NRW,39.99,44.99,30.0,0.0,RED INTERNET & PHONE CABLE U,0.0
6926,30 - 34,NRW,49.99,47.99,30.0,0.0,RED INTERNET & PHONE CABLE U,1.0
6927,25 - 29,NRW,44.98,44.98,30.0,0.0,VF CABLEMAX,1.0
6928,40 - 44,NRW,34.98,39.99,30.0,0.0,VF RIP U-TREUE,0.0
6929,35 - 39,NRW,34.99,39.99,30.0,0.0,RED INTERNET & PHONE CABLE U,1.0
6930,35 - 39,NRW,39.96,39.98,30.0,0.0,RED INTERNET & PHONE CABLE U,1.0
6931,80 and over,NRW,44.98,39.98,30.0,0.0,RED INTERNET & PHONE CABLE U,0.0
6932,80 and over,KBW,44.98,34.98,30.0,0.0,RED INTERNET & PHONE CABLE U,0.0
6933,40 - 44,NRW,39.99,47.99,30.0,0.0,RED INTERNET & PHONE CABLE U,1.0
6934,40 - 44,NRW,39.99,29.99,30.0,0.0,VF CABLEMAX,1.0
6935,25 - 29,NRW,34.99,44.99,30.0,0.0,RED INTERNET & PHONE CABLE U,1.0
6936,55 - 59,NRW,44.99,44.98,30.0,0.0,RED INTERNET & PHONE CABLE U,0.0
6937,60 - 64,NRW,49.99,54.98,30.0,0.0,VF CABLEMAX,0.0
6938,35 - 39,NRW,44.97,39.99,30.0,0.0,RED INTERNET & PHONE CABLE U,1.0
6939,80 and over,NRW,47.99,44.98,30.0,0.0,VF CABLEMAX,1.0
6940,30 - 34,KBW,34.99,34.99,30.0,0.0,RED INTERNET & PHONE CABLE U,0.0
6941,40 - 44,NRW,39.99,44.98,30.0,0.0,VF CABLEMAX,0.0
6942,55 - 59,NRW,29.99,29.99,30.0,0.0,VF CABLEMAX,0.0
6943,65 - 69,KBW,39.97,34.99,30.0,0.0,RED INTERNET & PHONE CABLE U,1.0
6944,35 - 39,NRW,44.98,48.98,30.0,0.0,VF RIP U-TREUE,1.0
6945,40 - 44,HSN,44.99,24.98,30.0,0.0,VF CABLEMAX,0.0
6946,25 - 29,NRW,44.99,39.98,30.0,0.0,RED INTERNET & PHONE CABLE U,0.0
6947,30 - 34,HSN,48.99,44.98,30.0,0.0,RED INTERNET & PHONE CABLE U,1.0
6948,35 - 39,NRW,34.98,49.99,30.0,0.0,GIGAZUHAUSE KABEL,1.0
6949,25 - 29,NRW,39.99,34.99,30.0,0.0,VF RIP U-TREUE,1.0
6950,70 - 74,KBW,37.98,39.99,30.0,0.0,RED INTERNET & PHONE CABLE U,0.0
6951,65 - 69,HSN,39.99,39.99,30.0,0.0,VF CABLEMAX,1.0
6952,35 - 39,HSN,34.98,49.99,30.0,0.0,VF CABLEMAX,0.0
6953,25 - 29,KBW,44.99,49.99,30.0,0.0,VF RIP U-TREUE,0.0
6954,25 - 29,NRW,44.98,39.98,6.0,0.0,VF CABLEMAX,0.0
6955,65 - 69,NRW,44.99,29.98,30.0,0.0,RED INTERNET & PHONE CABLE U,0.0
6956,65 - 69,KBW,34.99,49.99,30.0,0.0,RED INTERNET & PHONE CABLE U,1.0
6957,40 - 44,NRW,32.98,44.97,30.0,0.0,RED INTERNET & PHONE CABLE U,1.0
6958,35 - 39,KBW,44.98,44.98,30.0,0.0,RED INTERNET & PHONE CABLE U,1.0
6959,40 - 44,KBW,44.98,39.98,30.0,0.0,GIGAZUHAUSE KABEL,0.0
6960,35 - 39,NRW,29.98,47.99,30.0,0.0,RED INTERNET & PHONE CABLE U,1.0
6961,55 - 59,NRW,37.97,44.99,30.0,0.0,GIGAZUHAUSE KABEL,0.0
6962,18 - 24,NRW,39.99,34.99,30.0,0.0,RED INTERNET & PHONE CABLE U,0.0
6963,30 - 34,NRW,39.99,44.98,30.0,0.0,VF RIP U-TREUE,1.0
6964,55 - 59,NRW,44.98,44.97,30.0,0.0,RED INTERNET & PHONE CABLE U,0.0
6965,40 - 44,NRW,49.99,44.99,30.0,0.0,VF RIP U-TREUE,1.0
6966,35 - 39,NRW,44.98,32.98,30.0,0.0,VF CABLEMAX,0.0
6967,25 - 29,NRW,39.98,44.99,30.0,0.0,RED INTERNET & PHONE CABLE U,1.0
6968,25 - 29,NRW,34.99,44.98,30.0,0.0,VF RIP U-TREUE,1.0
6969,30 - 34,NRW,33.99,44.99,30.0,0.0,VF CABLEMAX,0.0
6970,65 - 69,NRW,34.99,44.98,30.0,0.0,RED INTERNET & PHONE CABLE U,1.0
6971,50 - 54,KBW,34.99,39.99,30.0,0.0,RED INTERNET & PHONE CABLE U,1.0
6972,40 - 44,KBW,39.97,44.99,30.0,0.0,VF RIP U-TREUE,1.0
6973,55 - 59,NRW,34.99,39.99,30.0,0.0,VF RIP U-TREUE,0.0
6974,30 - 34,NRW,44.99,37.98,30.0,0.0,RED INTERNET & PHONE CABLE U,0.0
6975,35 - 39,NRW,39.99,39.98,30.0,0.0,RED INTERNET & PHONE CABLE U,1.0
6976,30 - 34,NRW,39.99,44.98,30.0,1.0,VF RIP U-TREUE,1.0
6977,50 - 54,NRW,34.99,44.98,30.0,0.0,RED INTERNET & PHONE CABLE U,1.0
6978,40 - 44,NRW,42.99,44.99,30.0,0.0,RED INTERNET & PHONE CABLE U,1.0
6979,35 - 39,NRW,34.97,44.99,30.0,0.0,VF RIP U-TREUE,1.0
6980,35 - 39,NRW,49.98,34.99,30.0,0.0,GIGAZUHAUSE KABEL,0.0
6981,40 - 44,HSN,47.98,49.99,30.0,0.0,VF RIP U-TREUE,1.0
6982,35 - 39,NRW,49.98,39.99,30.0,0.0,VF CABLEMAX,0.0
6983,30 - 34,KBW,49.97,32.99,30.0,0.0,GIGAZUHAUSE KABEL,1.0
6984,55 - 59,NRW,44.98,49.98,30.0,0.0,VF CABLEMAX,1.0
6985,25 - 29,NRW,34.99,34.98,30.0,0.0,RED INTERNET & PHONE CABLE U,0.0
6986,25 - 29,NRW,39.99,44.98,30.0,0.0,GIGAZUHAUSE KABEL,0.0
6987,70 - 74,NRW,39.99,44.98,30.0,0.0,RED INTERNET & PHONE CABLE U,0.0
6988,30 - 34,NRW,34.97,39.98,30.0,0.0,RED INTERNET & PHONE CABLE U,0.0
6989,35 - 39,KBW,39.98,34.98,30.0,0.0,GIGAZUHAUSE KABEL,0.0
6990,35 - 39,NRW,34.97,34.99,30.0,0.0,RED INTERNET & PHONE CABLE U,0.0
6991,35 - 39,NRW,34.97,44.99,30.0,0.0,GIGAZUHAUSE KABEL,1.0
6992,55 - 59,KBW,39.99,39.99,30.0,0.0,RED INTERNET & PHONE CABLE U,0.0
6993,35 - 39,NRW,44.97,39.99,30.0,0.0,RED INTERNET & PHONE CABLE U,0.0
6994,35 - 39,NRW,29.98,34.99,30.0,0.0,RED INTERNET & PHONE CABLE U,1.0
6995,40 - 44,KBW,48.99,39.98,30.0,0.0,RED INTERNET & PHONE CABLE U,1.0
6996,30 - 34,NRW,34.98,29.98,30.0,0.0,VF RIP U-TREUE,0.0
6997,35 - 39,HSN,39.97,44.98,30.0,0.0,VF CABLEMAX,0.0
6998,35 - 39,NRW,34.98,44.98,30.0,0.0,RED INTERNET & PHONE CABLE U,0.0
6999,55 - 59,NRW,44.99,39.98,30.0,0.0,VF CABLEMAX,1.0
7000,25 - 29,NRW,39.99,39.98,30.0,0.0,RED INTERNET & PHONE CABLE U,1.0
7001,55 - 59,HSN,49.99,34.99,30.0,0.0,VF RIP U-TREUE,0.0
7002,35 - 39,HSN,44.98,39.98,30.0,0.0,RED INTERNET & PHONE CABLE U,0.0
7003,45 - 49,NRW,44.99,44.98,30.0,0.0,RED INTERNET & PHONE CABLE U,1.0
7005,30 - 34,HSN,39.99,39.98,30.0,0.0,RED INTERNET & PHONE CABLE U,1.0
7006,30 - 34,NRW,29.98,47.98,30.0,0.0,RED INTERNET & PHONE CABLE U,0.0
7007,30 - 34,NRW,44.98,34.99,30.0,0.0,VF CABLEMAX,1.0
7008,35 - 39,NRW,39.99,44.98,30.0,0.0,GIGAZUHAUSE KABEL,0.0
7009,25 - 29,NRW,38.99,54.98,30.0,0.0,RED INTERNET & PHONE CABLE U,0.0
7010,80 and over,NRW,44.99,39.99,30.0,0.0,RED INTERNET & PHONE CABLE U,1.0
7011,40 - 44,KBW,44.97,49.99,30.0,0.0,RED INTERNET & PHONE CABLE U,0.0
7012,55 - 59,NRW,39.99,44.98,30.0,0.0,VF RIP U-TREUE,0.0
7013,55 - 59,NRW,39.99,44.99,40.0,0.0,GIGAZUHAUSE KABEL,1.0
7014,55 - 59,KBW,37.98,42.98,30.0,0.0,VF RIP U-TREUE,0.0
7015,35 - 39,NRW,58.99,44.98,30.0,0.0,VF RIP U-TREUE,1.0
7016,55 - 59,NRW,44.99,29.99,30.0,0.0,RED INTERNET & PHONE CABLE U,1.0
7017,35 - 39,HSN,42.97,39.98,30.0,0.0,VF CABLEMAX,1.0
7018,40 - 44,NRW,39.99,34.99,30.0,0.0,VF RIP U-TREUE,1.0
7019,35 - 39,KBW,44.98,34.98,30.0,0.0,RED INTERNET & PHONE CABLE U,1.0
7020,35 - 39,NRW,44.99,39.98,30.0,0.0,RED INTERNET & PHONE CABLE U,0.0
7021,70 - 74,KBW,47.97,54.98,30.0,0.0,VF RIP U-TREUE,0.0
7022,55 - 59,KBW,44.99,39.99,30.0,0.0,RED INTERNET & PHONE CABLE U,0.0
7023,35 - 39,HSN,49.97,44.98,30.0,0.0,VF RIP U-TREUE,0.0
7024,60 - 64,HSN,44.99,24.98,30.0,0.0,RED INTERNET & PHONE CABLE U,0.0
7025,35 - 39,NRW,39.99,39.99,30.0,0.0,GIGAZUHAUSE KABEL,1.0
7026,40 - 44,KBW,34.97,44.99,30.0,0.0,VF RIP U-TREUE,1.0
7027,25 - 29,NRW,39.99,42.99,30.0,0.0,VF RIP U-TREUE,1.0
7028,35 - 39,HSN,44.98,24.97,30.0,0.0,GIGAZUHAUSE KABEL,1.0
7029,40 - 44,NRW,44.99,39.99,30.0,0.0,VF CABLEMAX,0.0
7030,60 - 64,NRW,34.98,34.99,30.0,0.0,GIGAZUHAUSE KABEL,1.0
7031,60 - 64,NRW,44.99,34.99,30.0,0.0,RED INTERNET & PHONE CABLE U,1.0
7032,40 - 44,NRW,29.98,44.97,30.0,0.0,RED INTERNET & PHONE CABLE U,0.0
7033,65 - 69,NRW,19.99,34.99,30.0,0.0,GIGAZUHAUSE KABEL,0.0
7034,65 - 69,HSN,29.99,39.99,30.0,0.0,RED INTERNET & PHONE CABLE U,0.0
7035,45 - 49,KBW,39.99,39.99,30.0,0.0,VF CABLEMAX,1.0
7036,60 - 64,NRW,44.99,39.99,30.0,0.0,VF RIP U-TREUE,1.0
7037,50 - 54,KBW,44.99,44.98,30.0,0.0,GIGAZUHAUSE KABEL,1.0
7038,40 - 44,NRW,49.98,44.98,30.0,0.0,RED INTERNET & PHONE CABLE U,1.0
7039,55 - 59,NRW,44.98,44.98,30.0,0.0,RED INTERNET & PHONE CABLE U,1.0
7040,35 - 39,NRW,44.99,44.98,30.0,0.0,RED INTERNET & PHONE CABLE U,0.0
7041,25 - 29,NRW,44.99,34.99,30.0,0.0,GIGAZUHAUSE KABEL,1.0
7042,25 - 29,NRW,49.99,49.99,30.0,0.0,RED INTERNET & PHONE CABLE U,1.0
7043,50 - 54,NRW,44.98,50.99,30.0,0.0,RED INTERNET & PHONE CABLE U,1.0
7044,30 - 34,NRW,39.99,34.99,30.0,0.0,VF RIP U-TREUE,1.0
7045,30 - 34,HSN,44.98,44.97,30.0,0.0,RED INTERNET & PHONE CABLE U,0.0
7046,25 - 29,KBW,39.98,39.99,30.0,0.0,VF RIP U-TREUE,0.0
7047,45 - 49,NRW,44.98,34.99,30.0,0.0,VF CABLEMAX,1.0
7048,40 - 44,KBW,39.98,44.99,30.0,0.0,RED INTERNET & PHONE CABLE U,1.0
7049,60 - 64,NRW,39.98,42.99,30.0,0.0,VF CABLEMAX,1.0
7050,70 - 74,NRW,44.98,44.99,30.0,0.0,VF RIP U-TREUE,0.0
7051,35 - 39,NRW,44.99,34.99,30.0,0.0,RED INTERNET & PHONE CABLE U,0.0
7052,35 - 39,HSN,29.97,44.97,30.0,0.0,RED INTERNET & PHONE CABLE U,1.0
7053,65 - 69,NRW,39.99,44.99,30.0,0.0,VF CABLEMAX,1.0
7054,55 - 59,KBW,39.99,44.97,30.0,0.0,RED INTERNET & PHONE CABLE U,1.0
7055,25 - 29,NRW,37.98,39.99,30.0,0.0,GIGAZUHAUSE TREUE C,0.0
7056,80 and over,NRW,44.99,34.98,30.0,0.0,GIGAZUHAUSE KABEL,1.0
7057,50 - 54,NRW,39.97,44.98,30.0,0.0,VF CABLEMAX,0.0
7058,40 - 44,NRW,44.99,54.98,30.0,0.0,VF CABLEMAX,1.0
7059,60 - 64,NRW,44.99,49.99,30.0,0.0,VF RIP U-TREUE,0.0
7060,35 - 39,NRW,44.98,32.98,30.0,0.0,GIGAZUHAUSE KABEL,1.0
7061,25 - 29,KBW,49.98,44.99,30.0,0.0,RED INTERNET & PHONE CABLE U,1.0
7062,35 - 39,HSN,44.99,44.98,30.0,0.0,RED INTERNET & PHONE CABLE U,0.0
7063,35 - 39,KBW,49.98,39.98,30.0,0.0,VF RIP U-TREUE,0.0
7064,50 - 54,KBW,34.99,39.98,30.0,0.0,RED INTERNET & PHONE CABLE U,1.0
7065,40 - 44,KBW,44.99,39.97,30.0,1.0,RED INTERNET & PHONE CABLE U,1.0
7066,35 - 39,HSN,29.98,34.99,30.0,0.0,GIGAZUHAUSE KABEL,1.0
7067,55 - 59,NRW,44.98,44.99,30.0,0.0,RED INTERNET & PHONE CABLE U,1.0
7068,25 - 29,NRW,44.99,34.97,30.0,0.0,VF RIP U-TREUE,1.0
7069,25 - 29,NRW,39.99,34.99,30.0,0.0,RED INTERNET & PHONE CABLE U,1.0
7070,18 - 24,KBW,39.98,39.99,30.0,0.0,VF RIP U-TREUE,0.0
7071,40 - 44,NRW,39.99,44.99,30.0,0.0,VF RIP U-TREUE,1.0
7072,35 - 39,KBW,47.98,39.99,30.0,0.0,RED INTERNET & PHONE CABLE U,1.0
7073,30 - 34,NRW,34.99,49.98,30.0,0.0,VF RIP U-TREUE,0.0
7074,25 - 29,NRW,44.99,29.99,30.0,0.0,VF CABLEMAX,1.0
7075,40 - 44,NRW,34.98,44.99,30.0,0.0,GIGAZUHAUSE KABEL,0.0
7076,60 - 64,HSN,49.99,44.99,30.0,0.0,VF RIP U-TREUE,1.0
7077,25 - 29,NRW,34.99,44.99,30.0,0.0,VF CABLEMAX,1.0
7078,40 - 44,NRW,39.98,44.98,30.0,0.0,RED INTERNET & PHONE CABLE U,0.0
7079,40 - 44,NRW,34.99,34.99,30.0,0.0,RED INTERNET & PHONE CABLE U,0.0
7080,60 - 64,NRW,32.98,44.97,30.0,0.0,GIGAZUHAUSE KABEL,0.0
7081,35 - 39,KBW,39.98,34.98,30.0,0.0,RED INTERNET & PHONE CABLE U,0.0
7082,30 - 34,NRW,39.99,34.98,30.0,0.0,GIGAZUHAUSE KABEL,1.0
7083,35 - 39,KBW,49.99,39.99,30.0,0.0,RED INTERNET & PHONE CABLE U,0.0
7084,70 - 74,NRW,50.99,34.99,30.0,0.0,RED INTERNET & PHONE CABLE U,1.0
7085,30 - 34,HSN,39.98,33.98,30.0,0.0,GIGAZUHAUSE KABEL,1.0
7086,60 - 64,NRW,42.98,39.99,30.0,0.0,VF RIP U-TREUE,0.0
7087,65 - 69,NRW,34.99,39.99,30.0,0.0,VF CABLEMAX,1.0
7088,55 - 59,NRW,39.98,39.98,30.0,0.0,GIGAZUHAUSE KABEL,0.0
7089,25 - 29,NRW,39.99,34.99,30.0,0.0,RED INTERNET & PHONE CABLE U,1.0
7090,30 - 34,NRW,39.98,39.99,30.0,0.0,RED INTERNET & PHONE CABLE U,1.0
7091,25 - 29,NRW,32.99,44.99,30.0,0.0,RED INTERNET & PHONE CABLE U,1.0
7092,55 - 59,HSN,49.98,49.99,30.0,0.0,VF RIP U-TREUE,1.0
7093,65 - 69,NRW,44.99,39.99,30.0,0.0,RED INTERNET & PHONE CABLE U,0.0
7094,35 - 39,NRW,39.97,44.99,30.0,0.0,VF CABLEMAX,1.0
7095,35 - 39,NRW,47.99,34.98,30.0,0.0,RED INTERNET & PHONE CABLE U,1.0
7096,25 - 29,NRW,49.98,44.98,30.0,0.0,GIGAZUHAUSE KABEL,0.0
7097,65 - 69,NRW,39.99,42.99,30.0,0.0,VF CABLEMAX,0.0
7098,25 - 29,KBW,39.99,44.98,30.0,0.0,GIGAZUHAUSE KABEL,1.0
7099,55 - 59,KBW,34.99,49.98,30.0,0.0,GIGAZUHAUSE KABEL,1.0
7100,45 - 49,NRW,39.99,29.99,30.0,0.0,GIGAZUHAUSE TREUE B,1.0
7101,80 and over,NRW,32.99,44.96,30.0,0.0,RED INTERNET & PHONE CABLE U,0.0
7102,65 - 69,HSN,27.98,44.99,30.0,0.0,RED INTERNET & PHONE CABLE U,1.0
7103,60 - 64,NRW,44.98,44.99,30.0,0.0,RED INTERNET & PHONE CABLE U,1.0
7104,40 - 44,KBW,47.99,34.98,30.0,0.0,VF CABLEMAX,1.0
7105,30 - 34,NRW,34.98,44.98,30.0,0.0,RED INTERNET & PHONE CABLE U,1.0
7106,35 - 39,KBW,44.99,44.98,30.0,0.0,VF RIP U-TREUE,0.0
7107,30 - 34,NRW,39.99,44.99,30.0,0.0,VF RIP U-TREUE,1.0
7108,80 and over,NRW,44.98,39.99,30.0,0.0,VF RIP U-TREUE,1.0
7109,80 and over,NRW,50.98,49.99,30.0,0.0,RED INTERNET & PHONE CABLE U,0.0
7110,80 and over,NRW,54.98,44.98,30.0,0.0,VF RIP U-TREUE,1.0
7111,35 - 39,NRW,49.99,39.99,30.0,0.0,RED INTERNET & PHONE CABLE U,1.0
7112,45 - 49,KBW,42.98,49.97,30.0,0.0,VF CABLEMAX,0.0
7113,35 - 39,KBW,42.99,42.98,30.0,0.0,VF RIP U-TREUE,1.0
7114,30 - 34,NRW,24.98,39.98,30.0,0.0,RED INTERNET & PHONE CABLE U,0.0
7115,60 - 64,NRW,34.99,39.98,30.0,0.0,RED INTERNET & PHONE CABLE U,1.0
7116,35 - 39,HSN,44.97,39.99,30.0,0.0,RED INTERNET & PHONE CABLE U,0.0
7117,40 - 44,NRW,29.99,49.99,30.0,1.0,GIGAZUHAUSE KABEL,0.0
7118,50 - 54,HSN,34.99,44.98,30.0,0.0,RED INTERNET & PHONE CABLE U,1.0
7119,35 - 39,KBW,44.98,34.98,30.0,0.0,RED INTERNET & PHONE CABLE U,0.0
7120,55 - 59,HSN,44.99,29.97,30.0,0.0,RED INTERNET & PHONE CABLE U,0.0
7121,30 - 34,NRW,39.98,29.99,30.0,0.0,VF CABLEMAX,0.0
7122,65 - 69,NRW,54.99,39.99,30.0,0.0,RED INTERNET & PHONE CABLE U,0.0
7123,40 - 44,KBW,37.98,34.97,30.0,0.0,RED INTERNET & PHONE CABLE U,0.0
7124,30 - 34,NRW,29.99,34.99,30.0,0.0,RED INTERNET & PHONE CABLE U,1.0
7125,40 - 44,NRW,39.98,44.99,30.0,0.0,VF CABLEMAX,1.0
7126,70 - 74,NRW,39.98,39.99,30.0,0.0,RED INTERNET & PHONE CABLE U,0.0
7127,35 - 39,NRW,34.97,44.98,30.0,0.0,RED INTERNET & PHONE CABLE U,1.0
7128,40 - 44,NRW,42.98,44.98,30.0,0.0,RED INTERNET & PHONE CABLE U,0.0
7129,25 - 29,NRW,59.97,44.98,30.0,0.0,VF CABLEMAX,0.0
7130,50 - 54,NRW,44.97,44.98,30.0,0.0,VF RIP U-TREUE,0.0
7131,65 - 69,KBW,42.97,44.97,30.0,0.0,RED INTERNET & PHONE CABLE U,0.0
7132,80 and over,NRW,39.99,29.99,30.0,0.0,VF RIP U-TREUE,0.0
7133,35 - 39,KBW,44.99,39.98,30.0,0.0,RED INTERNET & PHONE CABLE U,0.0
7134,75 - 79,NRW,39.98,34.99,30.0,0.0,GIGAZUHAUSE KABEL,0.0
7135,55 - 59,NRW,44.98,49.99,30.0,0.0,VF RIP U-TREUE,0.0
7136,40 - 44,NRW,34.98,34.98,30.0,0.0,RED INTERNET & PHONE CABLE U,1.0
7137,40 - 44,NRW,34.97,34.99,30.0,0.0,VF CABLEMAX,1.0
7138,60 - 64,KBW,44.97,44.98,30.0,0.0,RED INTERNET & PHONE CABLE U,0.0
7139,80 and over,KBW,32.99,29.99,30.0,0.0,RED INTERNET & PHONE CABLE U,0.0
7140,35 - 39,NRW,29.97,44.99,30.0,0.0,VF RIP U-TREUE,0.0
7141,30 - 34,KBW,49.99,29.99,30.0,0.0,VF CABLEMAX,1.0
7142,30 - 34,NRW,44.99,34.97,30.0,0.0,RED INTERNET & PHONE CABLE U,0.0
7143,50 - 54,NRW,39.98,34.98,30.0,1.0,VF CABLEMAX,1.0
7144,35 - 39,HSN,39.99,39.99,30.0,0.0,RED INTERNET & PHONE CABLE U,0.0
7145,40 - 44,HSN,44.99,44.99,30.0,0.0,VF RIP U-TREUE,1.0
7146,50 - 54,NRW,39.99,39.99,30.0,0.0,RED INTERNET & PHONE CABLE U,1.0
7147,65 - 69,NRW,44.99,49.99,30.0,0.0,RED INTERNET & PHONE CABLE U,1.0
7148,50 - 54,NRW,44.98,44.98,30.0,0.0,RED INTERNET & PHONE CABLE U,0.0
7149,50 - 54,KBW,49.98,44.98,30.0,0.0,GIGAZUHAUSE KABEL,1.0
7150,65 - 69,NRW,39.98,49.98,30.0,12.0,GIGAZUHAUSE KABEL,0.0
7151,30 - 34,HSN,44.98,39.98,30.0,0.0,RED INTERNET & PHONE CABLE U,0.0
7152,55 - 59,NRW,39.98,42.99,30.0,0.0,VF RIP U-TREUE,1.0
7153,60 - 64,NRW,34.98,34.99,30.0,0.0,RED INTERNET & PHONE CABLE U,1.0
7154,50 - 54,NRW,37.98,39.99,30.0,0.0,RED INTERNET & PHONE CABLE U,1.0
7155,25 - 29,KBW,44.97,32.99,30.0,0.0,RED INTERNET & PHONE CABLE U,1.0
7156,40 - 44,NRW,39.99,34.99,30.0,0.0,RED INTERNET & PHONE CABLE U,0.0
7157,30 - 34,NRW,39.99,49.99,30.0,0.0,VF CABLEMAX,1.0
7158,55 - 59,NRW,44.99,34.97,30.0,0.0,VF CABLEMAX,1.0
7159,50 - 54,NRW,39.98,34.99,30.0,0.0,VF CABLEMAX,1.0
7160,30 - 34,NRW,34.99,39.99,30.0,0.0,GIGAZUHAUSE KABEL,1.0
7161,60 - 64,NRW,39.99,39.99,30.0,0.0,VF CABLEMAX,0.0
7162,30 - 34,NRW,42.98,39.98,30.0,0.0,VF CABLEMAX,0.0
7163,60 - 64,NRW,39.99,44.98,30.0,0.0,VF CABLEMAX,1.0
7164,35 - 39,NRW,49.99,34.99,30.0,0.0,RED INTERNET & PHONE CABLE U,1.0
7165,55 - 59,NRW,24.99,39.98,30.0,0.0,RED INTERNET & PHONE CABLE U,1.0
7166,70 - 74,NRW,44.99,34.98,30.0,0.0,GIGAZUHAUSE KABEL,1.0
7167,50 - 54,HSN,39.99,39.99,30.0,0.0,VF RIP U-TREUE,1.0
7168,35 - 39,NRW,49.98,44.98,30.0,0.0,VF RIP U-TREUE,0.0
7169,50 - 54,NRW,44.99,39.99,30.0,0.0,RED INTERNET & PHONE CABLE U,0.0
7170,35 - 39,HSN,39.98,34.98,30.0,0.0,VF CABLEMAX,0.0
7171,40 - 44,NRW,34.99,37.99,30.0,0.0,RED INTERNET & PHONE CABLE U,0.0
7172,40 - 44,NRW,44.98,44.99,30.0,0.0,RED INTERNET & PHONE CABLE U,1.0
7173,40 - 44,NRW,39.98,39.98,30.0,0.0,VF CABLEMAX,1.0
7174,35 - 39,NRW,49.99,47.99,30.0,0.0,GIGAZUHAUSE KABEL,1.0
7175,50 - 54,NRW,49.97,39.97,30.0,0.0,VF RIP U-TREUE,0.0
7176,30 - 34,NRW,44.98,44.99,30.0,0.0,RED INTERNET & PHONE CABLE U,1.0
7177,45 - 49,KBW,34.98,39.98,30.0,0.0,GIGAZUHAUSE KABEL,1.0
7178,65 - 69,KBW,44.99,39.98,30.0,0.0,RED INTERNET & PHONE CABLE U,0.0
7179,50 - 54,NRW,44.99,34.99,30.0,0.0,RED INTERNET & PHONE CABLE U,0.0
7180,25 - 29,NRW,49.98,39.99,30.0,0.0,VF CABLEMAX,0.0
7181,45 - 49,NRW,44.98,49.97,30.0,0.0,RED INTERNET & PHONE CABLE U,1.0
7182,35 - 39,NRW,29.97,44.99,30.0,1.0,VF CABLEMAX,0.0
7183,60 - 64,KBW,29.99,49.99,30.0,0.0,RED INTERNET & PHONE CABLE U,1.0
7184,25 - 29,NRW,39.99,54.99,30.0,0.0,VF RIP U-TREUE,1.0
7185,55 - 59,NRW,44.98,39.98,30.0,0.0,RED INTERNET & PHONE CABLE U,1.0
7186,50 - 54,NRW,34.98,44.98,30.0,0.0,RED INTERNET & PHONE CABLE U,0.0
7187,35 - 39,NRW,39.99,44.98,30.0,0.0,GIGAZUHAUSE KABEL,1.0
7188,55 - 59,NRW,39.97,24.98,30.0,0.0,GIGAZUHAUSE KABEL,0.0
7189,25 - 29,NRW,39.98,44.98,30.0,0.0,VF RIP U-TREUE,0.0
7190,60 - 64,NRW,39.98,24.98,30.0,0.0,RED INTERNET & PHONE CABLE U,1.0
7191,50 - 54,NRW,39.99,44.96,30.0,0.0,RED INTERNET & PHONE CABLE U,1.0
7192,50 - 54,KBW,44.98,42.98,30.0,0.0,RED INTERNET & PHONE CABLE U,1.0
7193,55 - 59,NRW,44.97,44.99,30.0,0.0,RED INTERNET & PHONE CABLE U,0.0
7194,55 - 59,KBW,44.99,34.99,30.0,0.0,VF CABLEMAX,0.0
7195,60 - 64,NRW,44.99,32.99,30.0,0.0,VF CABLEMAX,0.0
7196,25 - 29,NRW,44.99,39.99,30.0,0.0,VF RIP U-TREUE,1.0
7197,35 - 39,NRW,39.98,34.98,30.0,0.0,VF RIP U-TREUE,1.0
7198,40 - 44,KBW,29.99,39.99,30.0,0.0,RED INTERNET & PHONE CABLE U,1.0
7199,25 - 29,NRW,44.98,49.98,30.0,0.0,RED INTERNET & PHONE CABLE U,0.0
7200,65 - 69,NRW,34.99,34.97,30.0,0.0,RED INTERNET & PHONE CABLE U,0.0
7201,50 - 54,NRW,44.99,44.98,30.0,0.0,VF CABLEMAX,1.0
7202,50 - 54,NRW,34.99,47.98,30.0,0.0,RED INTERNET & PHONE CABLE U,1.0
7203,40 - 44,NRW,34.99,44.99,30.0,0.0,GIGAZUHAUSE KABEL,1.0
7204,80 and over,KBW,74.99,49.98,30.0,0.0,GIGAZUHAUSE KABEL,1.0
7205,65 - 69,NRW,44.99,44.99,30.0,0.0,RED INTERNET & PHONE CABLE U,1.0
7206,45 - 49,KBW,44.98,29.98,30.0,0.0,VF RIP U-TREUE,1.0
7207,30 - 34,KBW,54.97,34.98,30.0,0.0,RED INTERNET & PHONE CABLE U,0.0
7208,25 - 29,NRW,44.98,39.98,30.0,0.0,GIGAZUHAUSE KABEL,0.0
7209,50 - 54,NRW,39.98,39.99,30.0,0.0,VF RIP U-TREUE,1.0
7210,65 - 69,KBW,49.99,39.99,30.0,0.0,VF CABLEMAX,1.0
7211,60 - 64,NRW,29.97,24.98,30.0,0.0,GIGAZUHAUSE TREUE B,1.0
7212,40 - 44,KBW,44.98,39.99,30.0,0.0,VF CABLEMAX,0.0
7213,50 - 54,NRW,44.99,34.98,30.0,0.0,RED INTERNET & PHONE CABLE U,1.0
7214,60 - 64,KBW,32.98,44.99,30.0,0.0,VF CABLEMAX,0.0
7215,35 - 39,NRW,29.98,44.98,30.0,0.0,RED INTERNET & PHONE CABLE U,0.0
7216,70 - 74,NRW,44.98,44.99,30.0,0.0,VF RIP U-TREUE,1.0
7217,60 - 64,NRW,32.98,49.99,30.0,0.0,RED INTERNET & PHONE CABLE U,0.0
7218,35 - 39,NRW,47.98,44.98,30.0,0.0,GIGAZUHAUSE KABEL,1.0
7219,65 - 69,NRW,44.98,42.98,30.0,0.0,VF RIP U-TREUE,0.0
7220,70 - 74,KBW,44.99,39.99,30.0,0.0,RED INTERNET & PHONE CABLE U,1.0
7221,45 - 49,NRW,49.98,42.98,30.0,0.0,VF RIP U-TREUE,1.0
7222,30 - 34,KBW,39.97,39.99,30.0,0.0,VF RIP U-TREUE,1.0
7223,35 - 39,NRW,44.99,29.99,5.0,0.0,VF CABLEMAX,0.0
7224,50 - 54,KBW,29.99,44.99,30.0,0.0,VF RIP U-TREUE,1.0
7225,35 - 39,NRW,34.99,34.99,30.0,0.0,RED INTERNET & PHONE CABLE U,0.0
7226,60 - 64,NRW,39.99,34.99,30.0,0.0,RED INTERNET & PHONE CABLE U,0.0
7227,55 - 59,NRW,44.99,39.98,30.0,0.0,VF CABLEMAX,0.0
7228,25 - 29,HSN,44.98,44.97,30.0,0.0,VF CABLEMAX,0.0
7229,35 - 39,KBW,34.99,34.98,30.0,0.0,RED INTERNET & PHONE CABLE U,0.0
7230,55 - 59,KBW,49.99,44.99,30.0,0.0,VF CABLEMAX,1.0
7231,25 - 29,KBW,34.98,39.99,30.0,0.0,RED INTERNET & PHONE CABLE U,0.0
7232,55 - 59,NRW,44.99,34.98,30.0,0.0,VF RIP U-TREUE,0.0
7233,25 - 29,NRW,44.99,47.99,30.0,0.0,RED INTERNET & PHONE CABLE U,1.0
7234,40 - 44,NRW,39.97,44.99,5.0,0.0,GIGAZUHAUSE KABEL,1.0
7235,35 - 39,KBW,39.99,19.98,30.0,0.0,VF RIP U-TREUE,1.0
7236,18 - 24,NRW,39.99,39.99,30.0,0.0,RED INTERNET & PHONE CABLE U,0.0
7237,55 - 59,NRW,44.97,34.99,30.0,0.0,RED INTERNET & PHONE CABLE U,0.0
7238,65 - 69,NRW,44.96,44.99,30.0,0.0,RED INTERNET & PHONE CABLE U,0.0
7239,60 - 64,KBW,34.99,39.99,30.0,0.0,RED INTERNET & PHONE CABLE U,0.0
7240,30 - 34,NRW,44.98,39.98,30.0,0.0,RED INTERNET & PHONE CABLE U,0.0
7241,40 - 44,NRW,39.99,39.98,30.0,0.0,VF CABLEMAX,1.0
7242,35 - 39,NRW,44.99,49.99,30.0,0.0,RED INTERNET & PHONE CABLE U,0.0
7243,55 - 59,KBW,39.99,34.98,30.0,0.0,RED INTERNET & PHONE CABLE U,0.0
7244,35 - 39,NRW,49.99,39.99,30.0,0.0,GIGAZUHAUSE KABEL,1.0
7245,35 - 39,NRW,29.99,44.98,30.0,0.0,RED INTERNET & PHONE CABLE U,0.0
7246,55 - 59,KBW,34.98,39.99,30.0,0.0,RED INTERNET & PHONE CABLE U,1.0
7247,60 - 64,NRW,39.99,39.98,30.0,0.0,RED INTERNET & PHONE CABLE U,0.0
7248,25 - 29,KBW,29.99,44.98,30.0,0.0,VF RIP U-TREUE,1.0
7249,50 - 54,KBW,44.98,49.98,30.0,0.0,RED INTERNET & PHONE CABLE U,0.0
7250,25 - 29,KBW,39.98,39.99,30.0,0.0,RED INTERNET & PHONE CABLE U,0.0
7251,65 - 69,NRW,44.98,44.98,30.0,0.0,RED INTERNET & PHONE CABLE U,0.0
7252,30 - 34,NRW,44.98,39.98,30.0,0.0,VF CABLEMAX,1.0
7253,40 - 44,NRW,39.99,49.99,30.0,0.0,VF RIP U-TREUE,0.0
7254,25 - 29,KBW,34.98,49.98,30.0,0.0,RED INTERNET & PHONE CABLE U,1.0
7255,70 - 74,NRW,42.99,39.99,30.0,0.0,VF CABLEMAX,0.0
7256,35 - 39,KBW,34.98,44.99,30.0,0.0,RED INTERNET & PHONE CABLE U,0.0
7257,50 - 54,HSN,44.99,34.99,30.0,0.0,GIGAZUHAUSE KABEL,0.0
7258,40 - 44,KBW,34.99,34.99,30.0,0.0,GIGAZUHAUSE KABEL,1.0
7259,45 - 49,KBW,52.98,34.99,30.0,0.0,RED INTERNET & PHONE CABLE U,1.0
7260,70 - 74,HSN,34.99,47.97,30.0,0.0,RED INTERNET & PHONE CABLE U,0.0
7261,30 - 34,NRW,34.98,47.97,30.0,0.0,RED INTERNET & PHONE CABLE U,0.0
7262,40 - 44,NRW,39.98,44.99,30.0,0.0,VF RIP U-TREUE,1.0
7263,25 - 29,NRW,39.99,49.98,30.0,0.0,RED INTERNET & PHONE CABLE U,1.0
7264,25 - 29,KBW,44.98,44.96,30.0,0.0,RED INTERNET & PHONE CABLE U,1.0
7265,35 - 39,NRW,39.99,44.99,30.0,0.0,RED INTERNET & PHONE CABLE U,0.0
7266,55 - 59,NRW,39.98,54.98,30.0,0.0,VF RIP U-TREUE,1.0
7267,25 - 29,NRW,44.99,39.99,30.0,0.0,RED INTERNET & PHONE CABLE U,1.0
7268,30 - 34,KBW,39.99,49.98,30.0,0.0,VF CABLEMAX,0.0
7269,60 - 64,HSN,39.99,44.98,30.0,0.0,VF CABLEMAX,1.0
7270,35 - 39,KBW,44.98,44.98,30.0,0.0,RED INTERNET & PHONE CABLE U,1.0
7271,60 - 64,KBW,44.99,34.99,30.0,0.0,RED INTERNET & PHONE CABLE U,1.0
7272,60 - 64,KBW,39.99,39.99,30.0,0.0,VF RIP U-TREUE,0.0
7273,30 - 34,KBW,44.98,44.99,30.0,0.0,RED INTERNET & PHONE CABLE U,1.0
7274,25 - 29,NRW,44.98,49.98,30.0,0.0,VF RIP U-TREUE,1.0
7275,35 - 39,NRW,39.98,39.99,30.0,0.0,VF RIP U-TREUE,1.0
7276,35 - 39,HSN,39.98,44.99,30.0,0.0,RED INTERNET & PHONE CABLE U,0.0
7277,65 - 69,NRW,44.99,42.96,30.0,0.0,RED INTERNET & PHONE CABLE U,0.0
7278,25 - 29,NRW,32.98,44.99,30.0,0.0,RED INTERNET & PHONE CABLE U,0.0
7279,25 - 29,KBW,39.98,39.99,30.0,0.0,VF RIP U-TREUE,0.0
7280,40 - 44,NRW,32.99,39.99,30.0,0.0,GIGAZUHAUSE KABEL,1.0
7281,40 - 44,HSN,44.99,34.99,30.0,0.0,VF CABLEMAX,0.0
7282,50 - 54,NRW,34.97,49.97,30.0,0.0,VF RIP U-TREUE,1.0
7283,55 - 59,NRW,44.96,44.98,30.0,0.0,RED INTERNET & PHONE CABLE U,1.0
7284,50 - 54,NRW,44.98,34.99,30.0,0.0,RED INTERNET & PHONE CABLE U,0.0
7285,25 - 29,NRW,34.99,29.98,30.0,0.0,GIGAZUHAUSE KABEL,0.0
7286,40 - 44,NRW,49.99,34.99,30.0,0.0,RED INTERNET & PHONE CABLE U,1.0
7287,35 - 39,NRW,47.98,47.98,30.0,0.0,VF RIP U-TREUE,0.0
7288,35 - 39,HSN,39.99,34.98,30.0,0.0,RED INTERNET & PHONE CABLE U,0.0
7289,50 - 54,NRW,44.98,29.97,30.0,0.0,RED INTERNET & PHONE CABLE U,0.0
7290,45 - 49,NRW,34.99,34.97,30.0,0.0,RED INTERNET & PHONE CABLE U,0.0
7291,80 and over,NRW,44.99,44.99,30.0,0.0,VF CABLEMAX,0.0
7292,55 - 59,HSN,27.99,34.99,30.0,0.0,VF RIP U-TREUE,0.0
7293,45 - 49,NRW,39.99,44.98,30.0,0.0,GIGAZUHAUSE KABEL,1.0
7294,35 - 39,NRW,34.99,44.99,30.0,0.0,VF CABLEMAX,0.0
7295,35 - 39,HSN,34.99,39.99,30.0,0.0,GIGAZUHAUSE KABEL,1.0
7296,30 - 34,NRW,39.99,44.99,30.0,0.0,RED INTERNET & PHONE CABLE U,0.0
7297,30 - 34,NRW,49.98,39.99,30.0,0.0,RED INTERNET & PHONE CABLE U,0.0
7298,35 - 39,NRW,34.97,39.99,30.0,0.0,GIGAZUHAUSE KABEL,0.0
7299,35 - 39,NRW,39.99,44.97,30.0,0.0,RED INTERNET & PHONE CABLE U,0.0
7300,25 - 29,KBW,39.98,39.98,30.0,0.0,RED INTERNET & PHONE CABLE U,0.0
7301,40 - 44,NRW,29.98,39.98,30.0,0.0,RED INTERNET & PHONE CABLE U,1.0
7302,35 - 39,KBW,39.97,39.98,30.0,0.0,RED INTERNET & PHONE CABLE U,1.0
7303,35 - 39,NRW,44.98,34.98,30.0,0.0,RED INTERNET & PHONE CABLE U,0.0
7304,55 - 59,NRW,39.98,44.99,30.0,0.0,GIGAZUHAUSE KABEL,1.0
7305,30 - 34,KBW,39.98,39.99,30.0,0.0,VF CABLEMAX,1.0
7306,35 - 39,KBW,44.99,34.99,30.0,0.0,RED INTERNET & PHONE CABLE U,1.0
7307,18 - 24,HSN,65.98,39.99,30.0,0.0,RED INTERNET & PHONE CABLE U,1.0
7308,25 - 29,HSN,39.98,29.98,30.0,0.0,RED INTERNET & PHONE CABLE U,1.0
7309,55 - 59,NRW,44.98,49.98,30.0,0.0,RED INTERNET & PHONE CABLE U,0.0
7310,40 - 44,NRW,49.98,39.99,30.0,0.0,RED INTERNET & PHONE CABLE U,0.0
7311,40 - 44,KBW,24.99,39.99,30.0,0.0,GIGAZUHAUSE KABEL,1.0
7312,35 - 39,KBW,39.98,39.99,30.0,0.0,VF RIP U-TREUE,1.0
7313,55 - 59,KBW,39.98,44.99,30.0,0.0,RED INTERNET & PHONE CABLE U,0.0
7314,70 - 74,NRW,44.99,49.99,30.0,0.0,RED INTERNET & PHONE CABLE U,0.0
7315,65 - 69,KBW,39.99,39.99,30.0,0.0,GIGAZUHAUSE KABEL,1.0
7316,25 - 29,HSN,44.98,34.98,30.0,0.0,RED INTERNET & PHONE CABLE U,1.0
7317,55 - 59,NRW,39.99,42.99,30.0,0.0,VF RIP U-TREUE,0.0
7318,45 - 49,KBW,44.98,34.99,30.0,0.0,GIGAZUHAUSE KABEL,0.0
7319,30 - 34,NRW,39.99,34.99,30.0,0.0,RED INTERNET & PHONE CABLE U,1.0
7320,45 - 49,NRW,44.99,34.98,30.0,0.0,RED INTERNET & PHONE CABLE U,1.0
7321,50 - 54,KBW,54.99,34.98,30.0,0.0,VF CABLEMAX,1.0
7322,60 - 64,NRW,44.98,49.99,30.0,0.0,VF CABLEMAX,0.0
7323,70 - 74,HSN,49.99,47.99,30.0,0.0,RED INTERNET & PHONE CABLE U,0.0
7324,55 - 59,NRW,49.99,44.99,30.0,0.0,RED INTERNET & PHONE CABLE U,1.0
7325,30 - 34,NRW,39.99,49.99,30.0,0.0,GIGAZUHAUSE KABEL,1.0
7326,75 - 79,KBW,39.99,56.99,30.0,0.0,RED INTERNET & PHONE CABLE U,1.0
7327,70 - 74,NRW,39.99,39.99,30.0,0.0,VF CABLEMAX,0.0
7328,25 - 29,NRW,34.98,49.99,30.0,0.0,RED INTERNET & PHONE CABLE U,0.0
7329,30 - 34,NRW,44.98,49.98,30.0,0.0,RED INTERNET & PHONE CABLE U,0.0
7330,40 - 44,NRW,44.99,49.99,30.0,0.0,RED INTERNET & PHONE CABLE U,1.0
7331,55 - 59,NRW,44.98,44.97,30.0,0.0,VF CABLEMAX,1.0
7332,35 - 39,KBW,39.99,34.98,30.0,0.0,GIGAZUHAUSE KABEL,1.0
7333,35 - 39,KBW,44.99,39.97,30.0,0.0,RED INTERNET & PHONE CABLE U,0.0
7334,40 - 44,NRW,34.98,39.99,30.0,0.0,VF RIP U-TREUE,0.0
7335,50 - 54,KBW,44.99,34.99,30.0,0.0,RED INTERNET & PHONE CABLE U,0.0
7336,25 - 29,NRW,44.97,44.99,30.0,0.0,RED INTERNET & PHONE CABLE U,0.0
7337,45 - 49,NRW,27.99,39.99,30.0,0.0,RED INTERNET & PHONE CABLE U,0.0
7338,30 - 34,KBW,44.98,44.99,30.0,0.0,VF RIP U-TREUE,1.0
7339,25 - 29,NRW,54.99,44.99,30.0,0.0,RED INTERNET & PHONE CABLE U,1.0
7340,65 - 69,KBW,37.99,49.97,30.0,1.0,VF CABLEMAX,0.0
7341,40 - 44,NRW,39.99,44.98,30.0,0.0,VF RIP U-TREUE,0.0
7342,40 - 44,NRW,39.98,44.98,30.0,0.0,VF RIP U-TREUE,1.0
7343,35 - 39,KBW,34.99,44.99,30.0,0.0,RED INTERNET & PHONE CABLE U,0.0
7344,70 - 74,NRW,34.99,39.99,30.0,0.0,RED INTERNET & PHONE CABLE U,0.0
7345,30 - 34,NRW,44.98,39.98,30.0,0.0,GIGAZUHAUSE KABEL,0.0
7346,70 - 74,NRW,44.98,44.98,30.0,0.0,RED INTERNET & PHONE CABLE U,1.0
7347,40 - 44,NRW,34.98,34.99,30.0,0.0,RED INTERNET & PHONE CABLE U,0.0
7348,25 - 29,NRW,49.99,44.99,30.0,0.0,VF RIP U-TREUE,1.0
7349,45 - 49,NRW,39.99,39.99,30.0,0.0,VF RIP U-TREUE,0.0
7350,40 - 44,KBW,39.96,54.98,30.0,0.0,VF CABLEMAX,1.0
7351,25 - 29,NRW,34.99,44.99,30.0,0.0,RED INTERNET & PHONE CABLE U,1.0
7352,65 - 69,NRW,39.98,34.99,30.0,0.0,VF CABLEMAX,1.0
7353,35 - 39,NRW,54.99,39.98,30.0,0.0,RED INTERNET & PHONE CABLE U,1.0
7354,45 - 49,NRW,44.99,44.99,30.0,0.0,GIGAZUHAUSE TREUE B,0.0
7355,35 - 39,NRW,34.97,34.98,30.0,0.0,GIGAZUHAUSE KABEL,1.0
7356,35 - 39,HSN,34.98,33.99,30.0,0.0,RED INTERNET & PHONE CABLE U,1.0
7357,50 - 54,NRW,65.98,37.99,30.0,0.0,RED INTERNET & PHONE CABLE U,0.0
7358,35 - 39,NRW,44.99,39.98,30.0,0.0,RED INTERNET & PHONE CABLE U,1.0
7359,40 - 44,NRW,29.97,39.97,30.0,0.0,GIGAZUHAUSE KABEL,1.0
7360,50 - 54,NRW,44.97,39.98,30.0,0.0,RED INTERNET & PHONE CABLE U,0.0
7361,65 - 69,NRW,42.99,32.98,30.0,0.0,RED INTERNET & PHONE CABLE U,0.0
7362,30 - 34,HSN,39.98,39.99,30.0,0.0,VF RIP U-TREUE,0.0
7363,40 - 44,KBW,44.98,39.99,30.0,0.0,GIGAZUHAUSE KABEL,0.0
7364,65 - 69,KBW,29.99,44.97,30.0,0.0,VF CABLEMAX,0.0
7365,25 - 29,NRW,39.99,49.99,30.0,0.0,RED INTERNET & PHONE CABLE U,1.0
7366,35 - 39,NRW,34.98,63.99,30.0,0.0,VF RIP U-TREUE,0.0
7367,18 - 24,NRW,29.98,44.99,30.0,0.0,RED INTERNET & PHONE CABLE U,0.0
7368,30 - 34,KBW,39.99,49.98,30.0,0.0,GIGAZUHAUSE KABEL,0.0
7369,50 - 54,KBW,39.99,34.99,30.0,0.0,RED INTERNET & PHONE CABLE U,1.0
7370,65 - 69,NRW,34.99,29.99,30.0,0.0,GIGAZUHAUSE TREUE C,1.0
7371,35 - 39,NRW,34.99,47.98,30.0,0.0,RED INTERNET & PHONE CABLE U,1.0
7372,40 - 44,KBW,44.98,49.99,30.0,0.0,RED INTERNET & PHONE CABLE U,1.0
7373,25 - 29,NRW,34.99,39.99,30.0,0.0,RED INTERNET & PHONE CABLE U,0.0
7374,35 - 39,NRW,39.96,39.99,30.0,0.0,RED INTERNET & PHONE CABLE U,0.0
7375,55 - 59,KBW,39.99,44.99,30.0,0.0,GIGAZUHAUSE KABEL,1.0
7376,40 - 44,KBW,34.99,49.98,30.0,0.0,GIGAZUHAUSE KABEL,0.0
7377,35 - 39,NRW,29.99,49.98,30.0,0.0,RED INTERNET & PHONE CABLE U,1.0
7378,60 - 64,NRW,32.99,44.98,30.0,0.0,RED INTERNET & PHONE CABLE U,1.0
7379,25 - 29,NRW,37.98,44.98,30.0,0.0,RED INTERNET & PHONE CABLE U,1.0
7380,40 - 44,HSN,37.99,39.99,30.0,0.0,VF CABLEMAX,1.0
7381,40 - 44,NRW,34.99,34.98,30.0,0.0,RED INTERNET & PHONE CABLE U,0.0
7382,55 - 59,NRW,49.99,44.99,30.0,0.0,RED INTERNET & PHONE CABLE U,0.0
7383,55 - 59,NRW,39.98,39.99,30.0,0.0,RED INTERNET & PHONE CABLE U,1.0
7384,45 - 49,NRW,34.99,39.98,30.0,0.0,VF CABLEMAX,0.0
7385,45 - 49,KBW,44.99,29.99,30.0,0.0,RED INTERNET & PHONE CABLE U,0.0
7386,30 - 34,KBW,39.98,34.99,30.0,0.0,RED INTERNET & PHONE CABLE U,0.0
7387,65 - 69,NRW,39.98,44.99,30.0,0.0,GIGAZUHAUSE KABEL,1.0
7388,55 - 59,NRW,39.98,44.98,30.0,0.0,VF RIP U-TREUE,1.0
7389,25 - 29,KBW,44.98,49.98,30.0,0.0,RED INTERNET & PHONE CABLE U,0.0
7390,35 - 39,NRW,49.99,44.99,30.0,0.0,VF RIP U-TREUE,0.0
7391,55 - 59,NRW,39.98,49.98,30.0,0.0,RED INTERNET & PHONE CABLE U,0.0
7392,30 - 34,NRW,44.98,29.98,30.0,0.0,RED INTERNET & PHONE CABLE U,0.0
7393,40 - 44,NRW,44.99,44.98,30.0,0.0,RED INTERNET & PHONE CABLE U,1.0
7394,35 - 39,HSN,39.97,49.99,30.0,0.0,VF RIP U-TREUE,0.0
7395,60 - 64,NRW,49.98,44.97,30.0,0.0,VF RIP U-TREUE,0.0
7396,35 - 39,KBW,44.97,52.98,30.0,0.0,RED INTERNET & PHONE CABLE U,1.0
7397,30 - 34,NRW,34.99,44.98,30.0,0.0,RED INTERNET & PHONE CABLE U,1.0
7398,35 - 39,KBW,44.98,44.99,30.0,0.0,VF RIP U-TREUE,0.0
7399,25 - 29,NRW,29.99,44.97,30.0,0.0,GIGAZUHAUSE KABEL,1.0
7400,60 - 64,NRW,44.99,49.99,30.0,0.0,RED INTERNET & PHONE CABLE U,1.0
7401,40 - 44,NRW,54.98,39.99,30.0,0.0,VF RIP U-TREUE,0.0
7402,80 and over,KBW,44.98,34.94,30.0,0.0,RED INTERNET & PHONE CABLE U,1.0
7403,50 - 54,NRW,29.98,44.98,30.0,0.0,RED INTERNET & PHONE CABLE U,0.0
7404,35 - 39,KBW,34.98,44.98,30.0,0.0,RED INTERNET & PHONE CABLE U,0.0
7405,65 - 69,HSN,24.98,49.98,30.0,0.0,VF RIP U-TREUE,0.0
7406,35 - 39,NRW,34.99,44.99,30.0,0.0,RED INTERNET & PHONE CABLE U,1.0
7407,65 - 69,NRW,34.98,49.98,30.0,0.0,RED INTERNET & PHONE CABLE U,0.0
7408,30 - 34,KBW,44.97,34.99,30.0,0.0,VF CABLEMAX,0.0
7409,35 - 39,NRW,49.97,44.99,30.0,0.0,VF RIP U-TREUE,1.0
7410,25 - 29,NRW,44.98,44.98,30.0,0.0,VF RIP U-TREUE,1.0
7411,40 - 44,HSN,39.98,44.98,30.0,0.0,VF CABLEMAX,0.0
7412,40 - 44,NRW,44.98,34.98,30.0,0.0,RED INTERNET & PHONE CABLE U,1.0
7413,18 - 24,NRW,44.99,19.98,30.0,0.0,VF RIP U-TREUE,0.0
7414,25 - 29,HSN,44.99,34.98,30.0,0.0,RED INTERNET & PHONE CABLE U,1.0
7415,30 - 34,NRW,54.98,37.99,44.0,0.0,RED INTERNET & PHONE CABLE U,0.0
7416,55 - 59,NRW,34.99,44.99,30.0,0.0,GIGAZUHAUSE KABEL,1.0
7417,25 - 29,NRW,54.99,29.98,30.0,0.0,RED INTERNET & PHONE CABLE U,0.0
7418,50 - 54,NRW,34.99,42.98,30.0,0.0,GIGAZUHAUSE KABEL,1.0
7419,50 - 54,NRW,34.98,49.99,30.0,0.0,RED INTERNET & PHONE CABLE U,0.0
7420,50 - 54,NRW,39.99,34.99,30.0,0.0,RED INTERNET & PHONE CABLE U,1.0
7421,40 - 44,NRW,39.96,44.99,30.0,0.0,RED INTERNET & PHONE CABLE U,0.0
7422,60 - 64,KBW,34.98,39.99,30.0,0.0,RED INTERNET & PHONE CABLE U,0.0
7423,40 - 44,NRW,34.99,34.98,30.0,0.0,RED INTERNET & PHONE CABLE U,1.0
7424,35 - 39,NRW,39.98,44.99,30.0,0.0,RED INTERNET & PHONE CABLE U,0.0
7425,35 - 39,KBW,34.99,39.99,30.0,0.0,GIGAZUHAUSE KABEL,0.0
7426,50 - 54,NRW,44.98,44.99,30.0,0.0,RED INTERNET & PHONE CABLE U,0.0
7427,25 - 29,KBW,34.99,39.99,30.0,0.0,RED INTERNET & PHONE CABLE U,0.0
7428,25 - 29,NRW,34.99,39.99,30.0,0.0,RED INTERNET & PHONE CABLE U,1.0
7429,35 - 39,NRW,44.99,29.97,30.0,0.0,VF RIP U-TREUE,1.0
7430,30 - 34,NRW,49.98,29.98,30.0,0.0,RED INTERNET & PHONE CABLE U,1.0
7431,40 - 44,KBW,39.98,39.98,30.0,0.0,VF RIP U-TREUE,0.0
7432,50 - 54,NRW,42.98,29.98,30.0,0.0,RED INTERNET & PHONE CABLE U,1.0
7433,55 - 59,NRW,49.97,39.97,30.0,0.0,VF CABLEMAX,1.0
7434,70 - 74,KBW,39.98,29.98,30.0,0.0,RED INTERNET & PHONE CABLE U,1.0
7435,40 - 44,HSN,44.98,32.98,30.0,0.0,VF CABLEMAX,1.0
7436,35 - 39,KBW,39.99,34.97,30.0,0.0,VF RIP U-TREUE,1.0
7437,35 - 39,KBW,39.99,29.99,30.0,0.0,VF RIP U-TREUE,0.0
7438,65 - 69,KBW,34.99,34.99,30.0,0.0,VF RIP U-TREUE,1.0
7439,40 - 44,NRW,44.98,49.97,30.0,0.0,VF RIP U-TREUE,1.0
7440,65 - 69,NRW,39.98,44.99,30.0,0.0,VF CABLEMAX,0.0
7441,35 - 39,KBW,39.98,39.98,30.0,0.0,RED INTERNET & PHONE CABLE U,0.0
7442,55 - 59,HSN,49.98,44.99,30.0,0.0,RED INTERNET & PHONE CABLE U,1.0
7443,40 - 44,KBW,34.98,44.99,30.0,0.0,VF RIP U-TREUE,0.0
7444,40 - 44,NRW,39.99,44.98,30.0,0.0,RED INTERNET & PHONE CABLE U,0.0
7445,65 - 69,NRW,49.99,37.99,47.0,0.0,RED INTERNET & PHONE CABLE U,1.0
7446,55 - 59,NRW,44.99,39.99,30.0,0.0,GIGAZUHAUSE KABEL,0.0
7447,35 - 39,NRW,44.98,39.99,30.0,0.0,RED INTERNET & PHONE CABLE U,0.0
7448,35 - 39,HSN,47.99,39.97,30.0,0.0,RED INTERNET & PHONE CABLE U,0.0
7449,70 - 74,HSN,17.99,39.98,30.0,0.0,VF RIP U-TREUE,0.0
7450,35 - 39,NRW,34.98,44.98,30.0,0.0,RED INTERNET & PHONE CABLE U,0.0
7451,25 - 29,KBW,39.98,53.99,30.0,0.0,GIGAZUHAUSE KABEL,1.0
7452,55 - 59,NRW,44.98,44.99,30.0,0.0,VF RIP U-TREUE,1.0
7453,45 - 49,KBW,34.99,49.97,30.0,0.0,GIGAZUHAUSE KABEL,1.0
7454,55 - 59,NRW,29.99,32.99,30.0,0.0,RED INTERNET & PHONE CABLE U,1.0
7455,50 - 54,NRW,44.98,39.99,30.0,0.0,VF CABLEMAX,1.0
7456,65 - 69,NRW,49.98,32.97,30.0,0.0,RED INTERNET & PHONE CABLE U,1.0
7457,55 - 59,NRW,32.99,44.98,30.0,0.0,RED INTERNET & PHONE CABLE U,1.0
7458,25 - 29,HSN,44.98,34.99,30.0,0.0,RED INTERNET & PHONE CABLE U,0.0
7459,60 - 64,HSN,49.99,39.99,30.0,0.0,RED INTERNET & PHONE CABLE U,0.0
7461,65 - 69,NRW,37.99,34.98,30.0,0.0,RED INTERNET & PHONE CABLE U,0.0
7462,40 - 44,NRW,39.99,39.99,30.0,0.0,VF RIP U-TREUE,1.0
7463,40 - 44,NRW,34.99,34.99,30.0,0.0,VF RIP U-TREUE,1.0
7464,50 - 54,HSN,24.99,44.98,30.0,0.0,GIGAZUHAUSE KABEL,1.0
7465,25 - 29,NRW,49.98,44.99,30.0,0.0,RED INTERNET & PHONE CABLE U,1.0
7466,35 - 39,KBW,29.98,42.99,30.0,0.0,VF CABLEMAX,0.0
7467,55 - 59,KBW,39.98,44.99,30.0,0.0,VF RIP U-TREUE,1.0
7468,45 - 49,NRW,39.99,54.96,30.0,0.0,RED INTERNET & PHONE CABLE U,1.0
7469,25 - 29,KBW,52.98,44.99,30.0,0.0,GIGAZUHAUSE KABEL,1.0
7470,30 - 34,KBW,44.99,44.98,30.0,0.0,VF CABLEMAX,1.0
7471,65 - 69,NRW,44.98,34.98,30.0,0.0,VF CABLEMAX,0.0
7472,40 - 44,KBW,34.99,44.98,30.0,0.0,RED INTERNET & PHONE CABLE U,0.0
7473,25 - 29,KBW,39.99,64.98,30.0,0.0,VF RIP U-TREUE,0.0
7474,25 - 29,HSN,44.99,44.99,30.0,0.0,RED INTERNET & PHONE CABLE U,0.0
7475,40 - 44,NRW,47.99,34.99,30.0,0.0,GIGAZUHAUSE TREUE B,0.0
7476,30 - 34,NRW,32.97,39.98,30.0,0.0,RED INTERNET & PHONE CABLE U,0.0
7477,25 - 29,HSN,49.99,44.98,30.0,0.0,VF RIP U-TREUE,1.0
7478,35 - 39,NRW,34.98,44.99,30.0,0.0,RED INTERNET & PHONE CABLE U,0.0
7479,18 - 24,HSN,34.99,32.99,30.0,0.0,GIGAZUHAUSE KABEL,0.0
7481,70 - 74,NRW,39.99,39.99,30.0,0.0,RED INTERNET & PHONE CABLE U,0.0
7482,35 - 39,NRW,34.99,39.99,30.0,0.0,VF CABLEMAX,0.0
7483,60 - 64,KBW,44.97,44.99,30.0,0.0,RED INTERNET & PHONE CABLE U,1.0
7484,35 - 39,KBW,44.98,44.99,30.0,0.0,VF CABLEMAX,1.0
7485,25 - 29,NRW,24.97,39.99,30.0,0.0,RED INTERNET & PHONE CABLE U,1.0
7486,35 - 39,NRW,39.99,39.98,30.0,0.0,VF CABLEMAX,0.0
7487,25 - 29,NRW,39.99,44.98,30.0,0.0,GIGAZUHAUSE KABEL,0.0
7488,25 - 29,NRW,48.98,44.98,30.0,0.0,RED INTERNET & PHONE CABLE U,0.0
7489,25 - 29,NRW,49.99,39.99,30.0,0.0,VF RIP U-TREUE,0.0
7490,55 - 59,KBW,34.98,34.98,30.0,0.0,VF CABLEMAX,1.0
7491,35 - 39,NRW,39.98,43.99,30.0,0.0,RED INTERNET & PHONE CABLE U,1.0
7492,30 - 34,HSN,29.99,29.99,30.0,0.0,VF RIP U-TREUE,0.0
7493,25 - 29,KBW,44.99,44.98,30.0,0.0,RED INTERNET & PHONE CABLE U,1.0
7494,50 - 54,NRW,49.97,39.99,30.0,0.0,GIGAZUHAUSE KABEL,0.0
7495,55 - 59,NRW,44.98,34.97,30.0,0.0,VF RIP U-TREUE,1.0
7496,35 - 39,KBW,34.97,44.99,30.0,0.0,RED INTERNET & PHONE CABLE U,1.0
7497,60 - 64,KBW,29.99,27.98,30.0,0.0,RED INTERNET & PHONE CABLE U,1.0
7498,35 - 39,HSN,44.98,44.98,30.0,0.0,RED INTERNET & PHONE CABLE U,0.0
7499,25 - 29,NRW,44.98,44.98,30.0,0.0,VF RIP U-TREUE,1.0
7500,25 - 29,NRW,44.98,39.99,30.0,0.0,VF RIP U-TREUE,1.0
7501,55 - 59,NRW,39.98,44.98,30.0,0.0,RED INTERNET & PHONE CABLE U,0.0
7502,60 - 64,KBW,32.99,44.98,30.0,0.0,RED INTERNET & PHONE CABLE U,1.0
7503,50 - 54,NRW,29.99,39.98,30.0,0.0,RED INTERNET & PHONE CABLE U,1.0
7504,70 - 74,KBW,34.97,39.98,30.0,0.0,VF RIP U-TREUE,0.0
7505,35 - 39,KBW,44.99,49.99,30.0,0.0,GIGAZUHAUSE KABEL,0.0
7506,35 - 39,NRW,44.99,34.99,30.0,0.0,VF CABLEMAX,0.0
7507,50 - 54,NRW,44.99,49.99,30.0,0.0,VF RIP U-TREUE,1.0
7508,55 - 59,NRW,44.99,39.98,30.0,0.0,RED INTERNET & PHONE CABLE U,1.0
7509,35 - 39,KBW,24.98,44.98,30.0,0.0,RED INTERNET & PHONE CABLE U,0.0
7510,65 - 69,KBW,44.99,44.99,30.0,0.0,RED INTERNET & PHONE CABLE U,0.0
7511,35 - 39,NRW,39.99,24.99,30.0,0.0,VF RIP U-TREUE,1.0
7512,70 - 74,NRW,39.99,39.98,30.0,0.0,RED INTERNET & PHONE CABLE U,1.0
7513,35 - 39,NRW,39.99,34.97,30.0,0.0,RED INTERNET & PHONE CABLE U,0.0
7514,80 and over,KBW,44.99,39.99,30.0,0.0,RED INTERNET & PHONE CABLE U,1.0
7515,40 - 44,NRW,39.99,44.99,30.0,0.0,RED INTERNET & PHONE CABLE U,1.0
7516,30 - 34,KBW,44.99,34.99,30.0,0.0,RED INTERNET & PHONE CABLE U,1.0
7517,45 - 49,KBW,44.98,34.99,30.0,0.0,VF CABLEMAX,1.0
7518,60 - 64,KBW,39.99,39.99,30.0,0.0,RED INTERNET & PHONE CABLE U,0.0
7519,50 - 54,NRW,39.98,34.99,30.0,0.0,VF CABLEMAX,1.0
7520,45 - 49,NRW,29.97,39.97,30.0,0.0,VF RIP U-TREUE,1.0
7521,35 - 39,NRW,49.98,44.97,30.0,0.0,GIGAZUHAUSE TREUE C,0.0
7522,55 - 59,HSN,34.97,54.98,30.0,0.0,RED INTERNET & PHONE CABLE U,0.0
7523,40 - 44,NRW,52.99,44.97,30.0,0.0,RED INTERNET & PHONE CABLE U,1.0
7524,50 - 54,KBW,42.99,39.98,30.0,0.0,RED INTERNET & PHONE CABLE U,0.0
7525,65 - 69,NRW,34.97,34.99,30.0,0.0,VF RIP U-TREUE,1.0
7526,40 - 44,NRW,39.99,44.99,30.0,0.0,RED INTERNET & PHONE CABLE U,1.0
7527,35 - 39,KBW,34.99,34.99,30.0,0.0,RED INTERNET & PHONE CABLE U,1.0
7528,40 - 44,NRW,44.97,34.98,30.0,0.0,VF RIP U-TREUE,0.0
7529,60 - 64,NRW,39.99,39.99,2.0,0.0,VF CABLEMAX,1.0
7530,80 and over,KBW,34.96,34.98,30.0,0.0,VF CABLEMAX,1.0
7531,30 - 34,KBW,34.98,34.99,30.0,0.0,VF RIP U-TREUE,1.0
7532,40 - 44,KBW,39.97,44.99,30.0,0.0,VF CABLEMAX,0.0
7533,30 - 34,NRW,39.97,37.99,30.0,1.0,GIGAZUHAUSE KABEL,0.0
7534,40 - 44,NRW,39.98,44.97,30.0,0.0,GIGAZUHAUSE KABEL,1.0
7535,25 - 29,NRW,44.99,39.98,30.0,0.0,RED INTERNET & PHONE CABLE U,0.0
7536,60 - 64,NRW,34.99,44.99,30.0,0.0,RED INTERNET & PHONE CABLE U,1.0
7537,25 - 29,NRW,24.99,34.97,30.0,0.0,RED INTERNET & PHONE CABLE U,1.0
7538,40 - 44,NRW,34.98,34.98,30.0,0.0,VF RIP U-TREUE,0.0
7539,80 and over,KBW,37.99,49.98,30.0,0.0,GIGAZUHAUSE KABEL,1.0
7540,35 - 39,HSN,44.98,44.98,30.0,0.0,RED INTERNET & PHONE CABLE U,0.0
7541,30 - 34,NRW,44.98,44.99,30.0,1.0,VF CABLEMAX,1.0
7542,50 - 54,KBW,39.97,44.98,30.0,0.0,RED INTERNET & PHONE CABLE U,1.0
7543,35 - 39,NRW,44.99,44.98,30.0,0.0,VF CABLEMAX,1.0
7544,70 - 74,KBW,49.98,39.98,30.0,0.0,RED INTERNET & PHONE CABLE U,1.0
7545,25 - 29,KBW,32.99,34.97,30.0,0.0,RED INTERNET & PHONE CABLE U,0.0
7546,60 - 64,KBW,34.99,44.99,30.0,0.0,RED INTERNET & PHONE CABLE U,1.0
7547,70 - 74,NRW,39.99,32.99,30.0,0.0,VF RIP U-TREUE,1.0
7548,60 - 64,NRW,39.99,34.98,30.0,0.0,GIGAZUHAUSE KABEL,0.0
7549,55 - 59,KBW,44.98,34.99,30.0,0.0,VF CABLEMAX,0.0
7550,65 - 69,HSN,49.98,39.98,30.0,0.0,VF CABLEMAX,0.0
7551,40 - 44,NRW,44.98,29.98,30.0,0.0,RED INTERNET & PHONE CABLE U,1.0
7552,40 - 44,HSN,44.98,34.98,30.0,0.0,VF RIP U-TREUE,0.0
7553,80 and over,NRW,39.99,34.98,30.0,0.0,VF CABLEMAX,1.0
7554,25 - 29,KBW,39.99,34.99,30.0,0.0,RED INTERNET & PHONE CABLE U,0.0
7555,55 - 59,NRW,44.99,42.99,30.0,0.0,RED INTERNET & PHONE CABLE U,0.0
7556,35 - 39,NRW,34.98,44.99,30.0,0.0,RED INTERNET & PHONE CABLE U,0.0
7557,25 - 29,NRW,39.98,37.99,30.0,0.0,RED INTERNET & PHONE CABLE U,1.0
7558,35 - 39,NRW,34.99,34.99,30.0,0.0,RED INTERNET & PHONE CABLE U,1.0
7559,60 - 64,NRW,32.99,39.98,30.0,0.0,RED INTERNET & PHONE CABLE U,0.0
7560,25 - 29,NRW,44.98,49.97,30.0,0.0,VF RIP U-TREUE,1.0
7561,30 - 34,NRW,39.98,44.99,30.0,0.0,RED INTERNET & PHONE CABLE U,1.0
7562,45 - 49,KBW,49.99,39.98,30.0,0.0,RED INTERNET & PHONE CABLE U,0.0
7563,25 - 29,NRW,39.99,39.99,30.0,0.0,RED INTERNET & PHONE CABLE U,1.0
7564,50 - 54,NRW,39.99,44.98,30.0,0.0,VF RIP U-TREUE,1.0
7565,30 - 34,KBW,49.98,44.99,30.0,0.0,VF CABLEMAX,1.0
7566,40 - 44,KBW,44.98,44.99,1.0,0.0,RED INTERNET & PHONE CABLE U,1.0
7567,25 - 29,KBW,44.98,34.99,30.0,0.0,RED INTERNET & PHONE CABLE U,1.0
7568,25 - 29,NRW,39.99,44.99,30.0,0.0,RED INTERNET & PHONE CABLE U,0.0
7569,40 - 44,NRW,47.98,34.99,30.0,0.0,RED INTERNET & PHONE CABLE U,0.0
7570,55 - 59,NRW,39.96,79.99,30.0,0.0,RED INTERNET & PHONE CABLE U,1.0
7571,65 - 69,NRW,34.97,67.99,30.0,0.0,GIGAZUHAUSE KABEL,1.0
7572,25 - 29,KBW,39.97,54.99,30.0,0.0,VF CABLEMAX,1.0
7573,35 - 39,NRW,34.98,39.99,30.0,0.0,VF RIP U-TREUE,0.0
7574,25 - 29,KBW,34.99,39.99,30.0,0.0,RED INTERNET & PHONE CABLE U,0.0
7575,35 - 39,NRW,44.97,34.98,30.0,0.0,RED INTERNET & PHONE CABLE U,0.0
7576,35 - 39,KBW,44.98,74.98,30.0,0.0,RED INTERNET & PHONE CABLE U,1.0
7577,35 - 39,KBW,34.99,44.98,30.0,0.0,RED INTERNET & PHONE CABLE U,1.0
7578,35 - 39,KBW,34.98,34.98,30.0,0.0,RED INTERNET & PHONE CABLE U,1.0
7579,70 - 74,NRW,34.99,39.99,30.0,0.0,RED INTERNET & PHONE CABLE U,1.0
7580,25 - 29,NRW,44.99,49.99,30.0,0.0,RED INTERNET & PHONE CABLE U,1.0
7581,25 - 29,NRW,49.98,38.99,30.0,0.0,RED INTERNET & PHONE CABLE U,0.0
7582,50 - 54,NRW,44.97,39.98,30.0,0.0,RED INTERNET & PHONE CABLE U,0.0
7583,50 - 54,NRW,39.98,44.98,30.0,0.0,RED INTERNET & PHONE CABLE U,0.0
7584,50 - 54,NRW,34.99,34.99,30.0,0.0,GIGAZUHAUSE KABEL,0.0
7585,50 - 54,NRW,44.99,39.99,30.0,0.0,RED INTERNET & PHONE CABLE U,1.0
7586,30 - 34,NRW,44.98,49.98,30.0,0.0,RED INTERNET & PHONE CABLE U,0.0
7587,25 - 29,KBW,49.99,44.99,30.0,0.0,GIGAZUHAUSE KABEL,1.0
7588,35 - 39,NRW,39.99,39.98,30.0,0.0,VF RIP U-TREUE,0.0
7589,40 - 44,KBW,44.97,34.98,30.0,0.0,RED INTERNET & PHONE CABLE U,0.0
7590,30 - 34,HSN,34.99,39.99,30.0,0.0,RED INTERNET & PHONE CABLE U,1.0
7591,30 - 34,NRW,44.98,39.97,30.0,0.0,RED INTERNET & PHONE CABLE U,1.0
7592,30 - 34,KBW,39.98,24.99,30.0,0.0,VF CABLEMAX,1.0
7593,55 - 59,HSN,39.98,39.99,30.0,0.0,VF RIP U-TREUE,0.0
7594,35 - 39,KBW,44.98,42.99,30.0,0.0,RED INTERNET & PHONE CABLE U,0.0
7595,30 - 34,NRW,39.99,44.96,30.0,0.0,RED INTERNET & PHONE CABLE U,1.0
7596,30 - 34,HSN,44.98,24.98,30.0,0.0,RED INTERNET & PHONE CABLE U,0.0
7597,25 - 29,HSN,29.98,44.99,30.0,0.0,RED INTERNET & PHONE CABLE U,0.0
7598,25 - 29,NRW,39.99,34.95,30.0,0.0,VF RIP U-TREUE,0.0
7599,25 - 29,KBW,48.99,44.97,30.0,0.0,RED INTERNET & PHONE CABLE U,1.0
7600,60 - 64,NRW,49.99,39.99,30.0,0.0,RED INTERNET & PHONE CABLE U,1.0
7601,60 - 64,NRW,39.98,34.99,30.0,0.0,RED INTERNET & PHONE CABLE U,0.0
7602,35 - 39,NRW,39.98,39.99,30.0,0.0,RED INTERNET & PHONE CABLE U,1.0
7603,30 - 34,NRW,39.98,49.98,30.0,0.0,RED INTERNET & PHONE CABLE U,1.0
7604,25 - 29,NRW,44.99,39.99,30.0,0.0,RED INTERNET & PHONE CABLE U,1.0
7605,60 - 64,NRW,39.99,34.98,30.0,0.0,RED INTERNET & PHONE CABLE U,0.0
7606,55 - 59,NRW,44.97,29.98,30.0,0.0,VF CABLEMAX,0.0
7607,35 - 39,HSN,40.99,34.98,30.0,0.0,VF RIP U-TREUE,1.0
7608,40 - 44,NRW,44.99,34.99,30.0,0.0,RED INTERNET & PHONE CABLE U,0.0
7609,30 - 34,HSN,44.99,44.97,30.0,0.0,GIGAZUHAUSE KABEL,1.0
7610,40 - 44,NRW,39.99,44.99,30.0,0.0,RED INTERNET & PHONE CABLE U,1.0
7611,60 - 64,NRW,29.99,44.98,30.0,0.0,RED INTERNET & PHONE CABLE U,1.0
7612,55 - 59,KBW,44.95,44.98,30.0,0.0,GIGAZUHAUSE KABEL,0.0
7613,35 - 39,NRW,39.99,29.97,30.0,0.0,RED INTERNET & PHONE CABLE U,1.0
7614,40 - 44,NRW,44.99,39.97,30.0,0.0,VF CABLEMAX,1.0
7615,30 - 34,KBW,54.99,44.99,30.0,0.0,RED INTERNET & PHONE CABLE U,0.0
7616,35 - 39,KBW,32.98,39.98,30.0,0.0,VF CABLEMAX,0.0
7617,25 - 29,KBW,44.98,44.97,30.0,0.0,VF CABLEMAX,1.0
7618,55 - 59,NRW,39.99,44.98,30.0,0.0,RED INTERNET & PHONE CABLE U,0.0
7619,30 - 34,HSN,44.97,44.97,30.0,0.0,VF RIP U-TREUE,0.0
7620,30 - 34,NRW,39.99,39.99,30.0,0.0,RED INTERNET & PHONE CABLE U,0.0
7621,65 - 69,HSN,39.99,44.99,30.0,0.0,RED INTERNET & PHONE CABLE U,1.0
7622,35 - 39,KBW,27.99,44.98,30.0,0.0,GIGAZUHAUSE KABEL,0.0
7623,35 - 39,NRW,44.99,39.97,30.0,0.0,RED INTERNET & PHONE CABLE U,0.0
7624,35 - 39,KBW,34.99,44.99,30.0,0.0,GIGAZUHAUSE KABEL,1.0
7625,55 - 59,KBW,44.98,34.99,30.0,0.0,VF CABLEMAX,0.0
7626,40 - 44,NRW,49.98,34.97,30.0,0.0,VF CABLEMAX,1.0
7627,45 - 49,KBW,34.98,44.99,30.0,0.0,VF CABLEMAX,1.0
7628,60 - 64,NRW,44.98,34.99,30.0,0.0,RED INTERNET & PHONE CABLE U,0.0
7629,25 - 29,HSN,44.98,44.99,30.0,0.0,RED INTERNET & PHONE CABLE U,0.0
7630,30 - 34,NRW,24.99,49.99,30.0,0.0,RED INTERNET & PHONE CABLE U,0.0
7631,35 - 39,KBW,39.99,39.99,30.0,0.0,VF RIP U-TREUE,1.0
7632,30 - 34,NRW,44.98,34.98,30.0,0.0,RED INTERNET & PHONE CABLE U,0.0
7633,40 - 44,KBW,39.98,34.99,30.0,0.0,RED INTERNET & PHONE CABLE U,1.0
7634,55 - 59,HSN,39.99,32.98,30.0,0.0,VF RIP U-TREUE,1.0
7635,30 - 34,KBW,39.99,44.98,30.0,0.0,RED INTERNET & PHONE CABLE U,1.0
7636,40 - 44,NRW,49.99,44.99,30.0,0.0,VF CABLEMAX,0.0
7637,30 - 34,KBW,34.98,39.97,30.0,0.0,VF RIP U-TREUE,1.0
7638,50 - 54,HSN,44.98,44.99,30.0,0.0,RED INTERNET & PHONE CABLE U,1.0
7639,35 - 39,KBW,39.98,39.98,30.0,0.0,VF CABLEMAX,1.0
7640,55 - 59,NRW,49.98,47.98,30.0,0.0,RED INTERNET & PHONE CABLE U,0.0
7641,35 - 39,HSN,44.99,39.99,30.0,0.0,RED INTERNET & PHONE CABLE U,0.0
7642,65 - 69,NRW,32.97,49.99,30.0,0.0,RED INTERNET & PHONE CABLE U,0.0
7643,50 - 54,NRW,42.98,44.97,30.0,0.0,GIGAZUHAUSE TREUE B,0.0
7644,30 - 34,NRW,44.97,44.98,30.0,0.0,RED INTERNET & PHONE CABLE U,0.0
7645,45 - 49,KBW,39.99,49.98,30.0,0.0,VF CABLEMAX,1.0
7646,35 - 39,NRW,54.99,34.98,30.0,0.0,RED INTERNET & PHONE CABLE U,0.0
7647,35 - 39,KBW,34.99,29.99,30.0,0.0,VF RIP U-TREUE,0.0
7648,60 - 64,NRW,24.99,44.99,30.0,0.0,RED INTERNET & PHONE CABLE U,0.0
7649,45 - 49,NRW,49.97,48.98,30.0,0.0,GIGAZUHAUSE KABEL,0.0
7650,80 and over,KBW,24.98,49.98,30.0,0.0,VF RIP U-TREUE,1.0
7651,40 - 44,NRW,39.97,39.99,30.0,0.0,VF RIP U-TREUE,0.0
7652,50 - 54,NRW,29.99,39.98,30.0,0.0,GIGAZUHAUSE KABEL,1.0
7653,35 - 39,NRW,44.99,39.99,30.0,0.0,RED INTERNET & PHONE CABLE U,1.0
7654,35 - 39,NRW,32.99,34.98,30.0,0.0,RED INTERNET & PHONE CABLE U,1.0
7655,60 - 64,KBW,44.99,44.99,30.0,0.0,RED INTERNET & PHONE CABLE U,1.0
7656,65 - 69,KBW,44.98,44.98,30.0,0.0,VF CABLEMAX,1.0
7657,18 - 24,NRW,44.98,44.98,30.0,0.0,RED INTERNET & PHONE CABLE U,0.0
7658,45 - 49,KBW,39.99,34.99,30.0,0.0,VF RIP U-TREUE,1.0
7659,30 - 34,NRW,34.99,34.99,30.0,0.0,VF CABLEMAX,1.0
7660,35 - 39,NRW,44.99,44.99,30.0,0.0,RED INTERNET & PHONE CABLE U,0.0
7661,60 - 64,NRW,34.98,39.99,30.0,0.0,GIGAZUHAUSE KABEL,0.0
7662,35 - 39,NRW,29.97,44.99,30.0,0.0,RED INTERNET & PHONE CABLE U,1.0
7663,60 - 64,NRW,39.99,39.98,30.0,0.0,GIGAZUHAUSE KABEL,1.0
7664,80 and over,NRW,49.97,34.99,30.0,0.0,RED INTERNET & PHONE CABLE U,0.0
7665,30 - 34,NRW,47.98,39.99,30.0,0.0,RED INTERNET & PHONE CABLE U,0.0
7666,40 - 44,NRW,34.99,37.97,30.0,0.0,VF RIP U-TREUE,0.0
7667,35 - 39,KBW,39.98,44.99,30.0,0.0,RED INTERNET & PHONE CABLE U,1.0
7668,35 - 39,NRW,49.98,34.97,30.0,0.0,RED INTERNET & PHONE CABLE U,1.0
7669,35 - 39,NRW,39.99,44.99,30.0,0.0,VF RIP U-TREUE,0.0
7670,60 - 64,NRW,44.99,39.99,30.0,0.0,VF RIP U-TREUE,0.0
7671,25 - 29,KBW,34.99,44.98,30.0,0.0,RED INTERNET & PHONE CABLE U,0.0
7672,40 - 44,KBW,34.99,39.99,30.0,0.0,RED INTERNET & PHONE CABLE U,1.0
7673,40 - 44,KBW,52.98,34.99,30.0,0.0,VF RIP U-TREUE,0.0
7674,30 - 34,NRW,44.98,32.99,30.0,0.0,GIGAZUHAUSE KABEL,0.0
7675,35 - 39,KBW,34.96,34.98,30.0,0.0,RED INTERNET & PHONE CABLE U,0.0
7676,30 - 34,KBW,44.98,39.98,30.0,0.0,RED INTERNET & PHONE CABLE U,0.0
7677,65 - 69,KBW,49.97,34.99,30.0,0.0,RED INTERNET & PHONE CABLE U,1.0
7678,55 - 59,NRW,39.99,34.99,30.0,0.0,VF CABLEMAX,0.0
7679,60 - 64,NRW,34.98,39.96,30.0,0.0,RED INTERNET & PHONE CABLE U,0.0
7680,50 - 54,NRW,44.98,34.98,30.0,0.0,GIGAZUHAUSE TREUE C,1.0
7681,65 - 69,NRW,39.98,44.98,30.0,0.0,RED INTERNET & PHONE CABLE U,0.0
7682,60 - 64,KBW,42.98,49.99,30.0,0.0,GIGAZUHAUSE KABEL,0.0
7683,70 - 74,NRW,39.98,39.98,30.0,0.0,VF RIP U-TREUE,0.0
7684,70 - 74,NRW,44.98,39.98,30.0,0.0,VF CABLEMAX,1.0
7685,65 - 69,KBW,29.98,39.99,30.0,0.0,GIGAZUHAUSE KABEL,1.0
7686,30 - 34,NRW,39.98,32.99,30.0,0.0,VF RIP U-TREUE,1.0
7687,40 - 44,NRW,39.99,44.98,30.0,0.0,RED INTERNET & PHONE CABLE U,1.0
7688,25 - 29,KBW,39.95,39.98,30.0,0.0,RED INTERNET & PHONE CABLE U,0.0
7689,30 - 34,NRW,39.98,44.97,30.0,0.0,RED INTERNET & PHONE CABLE U,1.0
7690,45 - 49,NRW,44.98,29.99,30.0,0.0,VF CABLEMAX,1.0
7691,50 - 54,HSN,34.99,49.99,30.0,0.0,GIGAZUHAUSE KABEL,1.0
7692,50 - 54,NRW,32.99,44.99,30.0,0.0,RED INTERNET & PHONE CABLE U,1.0
7693,40 - 44,NRW,49.98,44.98,30.0,0.0,RED INTERNET & PHONE CABLE U,0.0
7694,35 - 39,NRW,39.99,44.98,30.0,0.0,VF CABLEMAX,0.0
7695,50 - 54,KBW,49.99,24.99,30.0,0.0,VF RIP U-TREUE,0.0
7696,25 - 29,HSN,29.99,39.99,30.0,0.0,VF RIP U-TREUE,1.0
7697,55 - 59,NRW,34.99,44.99,30.0,0.0,RED INTERNET & PHONE CABLE U,1.0
7698,40 - 44,KBW,39.98,49.99,30.0,0.0,GIGAZUHAUSE KABEL,1.0
7699,40 - 44,NRW,29.98,44.99,30.0,0.0,VF CABLEMAX,1.0
7700,60 - 64,NRW,44.98,39.99,30.0,0.0,VF CABLEMAX,1.0
7701,25 - 29,NRW,34.98,39.98,30.0,0.0,RED INTERNET & PHONE CABLE U,0.0
7702,60 - 64,KBW,34.99,44.99,30.0,0.0,VF RIP U-TREUE,1.0
7703,30 - 34,HSN,39.99,39.98,30.0,0.0,RED INTERNET & PHONE CABLE U,1.0
7704,25 - 29,NRW,49.98,39.99,30.0,0.0,VF RIP U-TREUE,1.0
7705,30 - 34,NRW,42.99,44.98,30.0,0.0,RED INTERNET & PHONE CABLE U,1.0
7706,50 - 54,NRW,39.99,34.99,30.0,0.0,RED INTERNET & PHONE CABLE U,0.0
7707,35 - 39,HSN,34.99,39.96,30.0,0.0,RED INTERNET & PHONE CABLE U,0.0
7708,35 - 39,NRW,44.97,39.96,30.0,0.0,VF RIP U-TREUE,1.0
7709,35 - 39,NRW,39.99,42.97,30.0,0.0,RED INTERNET & PHONE CABLE U,1.0
7710,40 - 44,KBW,44.99,39.98,30.0,0.0,VF CABLEMAX,1.0
7711,40 - 44,KBW,29.99,39.99,30.0,0.0,VF CABLEMAX,0.0
7712,30 - 34,HSN,39.99,44.99,30.0,0.0,VF CABLEMAX,1.0
7713,35 - 39,NRW,34.99,44.98,1.0,0.0,RED INTERNET & PHONE CABLE U,0.0
7714,45 - 49,NRW,39.98,34.99,30.0,0.0,GIGAZUHAUSE KABEL,1.0
7715,50 - 54,KBW,39.98,32.99,30.0,0.0,VF RIP U-TREUE,1.0
7716,40 - 44,NRW,34.98,34.99,30.0,0.0,VF RIP U-TREUE,1.0
7717,35 - 39,KBW,39.98,59.97,30.0,0.0,RED INTERNET & PHONE CABLE U,1.0
7718,40 - 44,NRW,32.99,39.99,30.0,0.0,VF RIP U-TREUE,0.0
7719,55 - 59,NRW,44.98,39.98,30.0,0.0,VF CABLEMAX,1.0
7720,65 - 69,NRW,49.99,44.98,30.0,0.0,RED INTERNET & PHONE CABLE U,1.0
7721,45 - 49,NRW,39.98,34.98,30.0,0.0,RED INTERNET & PHONE CABLE U,1.0
7722,70 - 74,KBW,29.98,44.98,30.0,0.0,RED INTERNET & PHONE CABLE U,0.0
7723,35 - 39,NRW,39.99,34.99,30.0,0.0,VF RIP U-TREUE,1.0
7724,30 - 34,KBW,39.99,29.98,30.0,0.0,VF CABLEMAX,0.0
7725,55 - 59,NRW,57.98,44.98,30.0,0.0,GIGAZUHAUSE KABEL,1.0
7726,55 - 59,NRW,34.98,44.99,30.0,0.0,VF RIP U-TREUE,0.0
7727,65 - 69,NRW,37.99,49.98,30.0,0.0,VF CABLEMAX,1.0
7728,35 - 39,NRW,39.99,39.99,30.0,0.0,VF RIP U-TREUE,0.0
7729,25 - 29,KBW,29.99,39.99,30.0,0.0,RED INTERNET & PHONE CABLE U,0.0
7730,30 - 34,NRW,39.99,47.99,30.0,0.0,RED INTERNET & PHONE CABLE U,1.0
7731,55 - 59,NRW,39.98,34.98,30.0,0.0,RED INTERNET & PHONE CABLE U,1.0
7732,30 - 34,NRW,34.98,44.98,30.0,0.0,RED INTERNET & PHONE CABLE U,0.0
7733,50 - 54,NRW,49.99,44.98,30.0,0.0,RED INTERNET & PHONE CABLE U,0.0
7734,30 - 34,KBW,39.99,39.99,30.0,0.0,GIGAZUHAUSE KABEL,0.0
7735,55 - 59,KBW,34.98,34.98,30.0,0.0,RED INTERNET & PHONE CABLE U,0.0
7736,35 - 39,KBW,39.99,44.98,30.0,0.0,VF RIP U-TREUE,1.0
7737,40 - 44,NRW,44.98,44.98,30.0,0.0,VF RIP U-TREUE,1.0
7738,55 - 59,NRW,39.98,39.99,30.0,0.0,GIGAZUHAUSE KABEL,0.0
7739,30 - 34,NRW,39.99,44.99,30.0,0.0,VF RIP U-TREUE,1.0
7740,35 - 39,KBW,32.96,44.99,30.0,0.0,VF RIP U-TREUE,0.0
7741,55 - 59,KBW,32.99,44.98,30.0,0.0,VF RIP U-TREUE,0.0
7742,35 - 39,KBW,34.99,34.98,30.0,0.0,RED INTERNET & PHONE CABLE U,0.0
7743,35 - 39,KBW,44.99,29.99,30.0,0.0,VF RIP U-TREUE,1.0
7744,45 - 49,NRW,39.99,54.98,30.0,0.0,RED INTERNET & PHONE CABLE U,0.0
7745,50 - 54,NRW,44.99,39.98,30.0,0.0,VF CABLEMAX,1.0
7746,25 - 29,NRW,32.97,44.98,30.0,0.0,GIGAZUHAUSE KABEL,0.0
7747,35 - 39,KBW,44.98,47.99,30.0,0.0,VF RIP U-TREUE,1.0
7748,30 - 34,KBW,49.99,34.98,30.0,0.0,RED INTERNET & PHONE CABLE U,0.0
7749,35 - 39,NRW,39.99,32.98,30.0,0.0,VF RIP U-TREUE,1.0
7750,30 - 34,NRW,44.99,44.98,30.0,0.0,RED INTERNET & PHONE CABLE U,1.0
7751,55 - 59,NRW,44.98,34.99,30.0,0.0,RED INTERNET & PHONE CABLE U,0.0
7752,35 - 39,KBW,32.98,44.99,30.0,0.0,RED INTERNET & PHONE CABLE U,0.0
7753,40 - 44,NRW,44.98,44.98,30.0,0.0,RED INTERNET & PHONE CABLE U,1.0
7754,40 - 44,KBW,44.98,27.98,30.0,0.0,GIGAZUHAUSE KABEL,1.0
7755,45 - 49,NRW,32.98,44.99,30.0,0.0,VF RIP U-TREUE,0.0
7756,55 - 59,HSN,44.98,34.99,30.0,0.0,RED INTERNET & PHONE CABLE U,0.0
7757,40 - 44,KBW,40.97,49.99,30.0,0.0,RED INTERNET & PHONE CABLE U,0.0
7758,40 - 44,HSN,44.98,39.98,30.0,0.0,RED INTERNET & PHONE CABLE U,1.0
7759,35 - 39,NRW,34.99,49.99,30.0,0.0,RED INTERNET & PHONE CABLE U,0.0
7760,30 - 34,KBW,34.98,47.96,30.0,0.0,VF RIP U-TREUE,0.0
7761,25 - 29,NRW,39.99,49.98,30.0,0.0,RED INTERNET & PHONE CABLE U,0.0
7762,35 - 39,NRW,44.98,49.99,30.0,0.0,RED INTERNET & PHONE CABLE U,1.0
7763,30 - 34,NRW,44.98,29.99,30.0,0.0,VF CABLEMAX,1.0
7764,60 - 64,KBW,34.99,29.99,30.0,0.0,VF CABLEMAX,1.0
7765,55 - 59,NRW,39.99,24.99,30.0,0.0,VF CABLEMAX,0.0
7766,45 - 49,NRW,34.99,44.99,30.0,0.0,RED INTERNET & PHONE CABLE U,0.0
7767,25 - 29,NRW,39.98,39.99,30.0,0.0,VF RIP U-TREUE,0.0
7768,35 - 39,NRW,34.98,39.98,30.0,0.0,RED INTERNET & PHONE CABLE U,0.0
7769,45 - 49,NRW,39.98,44.98,30.0,0.0,RED INTERNET & PHONE CABLE U,1.0
7770,60 - 64,KBW,34.98,44.98,30.0,0.0,GIGAZUHAUSE KABEL,1.0
7771,25 - 29,NRW,34.97,39.98,30.0,0.0,RED INTERNET & PHONE CABLE U,1.0
7772,35 - 39,KBW,39.97,39.99,30.0,0.0,VF RIP U-TREUE,0.0
7773,70 - 74,NRW,29.99,39.98,30.0,0.0,RED INTERNET & PHONE CABLE U,1.0
7774,25 - 29,NRW,34.99,44.98,30.0,0.0,GIGAZUHAUSE KABEL,1.0
7775,45 - 49,KBW,44.98,39.99,30.0,0.0,VF RIP U-TREUE,1.0
7776,50 - 54,NRW,44.98,34.98,30.0,0.0,VF CABLEMAX,1.0
7777,30 - 34,KBW,49.97,39.98,30.0,0.0,VF RIP U-TREUE,0.0
7778,60 - 64,NRW,42.99,39.97,30.0,0.0,GIGAZUHAUSE KABEL,0.0
7779,40 - 44,NRW,44.98,44.98,30.0,0.0,RED INTERNET & PHONE CABLE U,1.0
7780,18 - 24,NRW,39.98,32.99,30.0,0.0,RED INTERNET & PHONE CABLE U,1.0
7781,30 - 34,KBW,64.98,44.98,30.0,0.0,RED INTERNET & PHONE CABLE U,0.0
7782,65 - 69,NRW,34.99,29.98,30.0,0.0,RED INTERNET & PHONE CABLE U,1.0
7783,35 - 39,HSN,39.97,32.99,30.0,0.0,RED INTERNET & PHONE CABLE U,1.0
7784,25 - 29,HSN,42.98,34.99,30.0,0.0,VF RIP U-TREUE,0.0
7785,55 - 59,KBW,39.99,34.99,30.0,0.0,VF RIP U-TREUE,1.0
7786,45 - 49,NRW,49.99,44.99,30.0,0.0,VF RIP U-TREUE,0.0
7787,30 - 34,NRW,49.98,54.99,30.0,0.0,RED INTERNET & PHONE CABLE U,1.0
7788,50 - 54,NRW,44.99,39.99,30.0,0.0,RED INTERNET & PHONE CABLE U,0.0
7789,55 - 59,NRW,44.98,39.98,30.0,0.0,RED INTERNET & PHONE CABLE U,0.0
7790,35 - 39,KBW,39.99,44.99,30.0,0.0,VF CABLEMAX,0.0
7791,55 - 59,KBW,34.99,34.99,30.0,0.0,RED INTERNET & PHONE CABLE U,1.0
7792,25 - 29,NRW,19.99,44.99,30.0,0.0,RED INTERNET & PHONE CABLE U,1.0
7793,30 - 34,KBW,44.97,39.99,30.0,0.0,VF RIP U-TREUE,1.0
7794,30 - 34,KBW,34.98,32.99,30.0,0.0,VF CABLEMAX,1.0
7795,35 - 39,KBW,49.99,34.99,30.0,0.0,VF RIP U-TREUE,0.0
7796,55 - 59,KBW,34.99,44.99,30.0,0.0,RED INTERNET & PHONE CABLE U,1.0
7797,35 - 39,NRW,39.95,44.97,30.0,0.0,VF RIP U-TREUE,0.0
7798,25 - 29,NRW,44.98,34.98,30.0,1.0,GIGAZUHAUSE KABEL,0.0
7799,55 - 59,HSN,44.99,39.98,30.0,0.0,GIGAZUHAUSE KABEL,0.0
7800,55 - 59,NRW,39.99,37.99,30.0,0.0,RED INTERNET & PHONE CABLE U,1.0
7801,35 - 39,NRW,44.97,39.98,30.0,0.0,RED INTERNET & PHONE CABLE U,0.0
7802,55 - 59,NRW,34.99,39.99,30.0,0.0,GIGAZUHAUSE KABEL,0.0
7803,70 - 74,NRW,39.98,34.97,30.0,0.0,RED INTERNET & PHONE CABLE U,0.0
7804,50 - 54,KBW,42.99,44.99,30.0,0.0,GIGAZUHAUSE KABEL,1.0
7805,65 - 69,KBW,44.98,34.98,30.0,0.0,VF RIP U-TREUE,1.0
7806,40 - 44,NRW,39.99,29.99,30.0,0.0,GIGAZUHAUSE KABEL,0.0
7807,35 - 39,KBW,34.97,39.99,30.0,0.0,RED INTERNET & PHONE CABLE U,0.0
7808,35 - 39,NRW,44.98,32.99,30.0,0.0,RED INTERNET & PHONE CABLE U,0.0
7809,40 - 44,KBW,44.99,34.98,30.0,0.0,RED INTERNET & PHONE CABLE U,0.0
7810,40 - 44,KBW,34.99,39.98,30.0,0.0,RED INTERNET & PHONE CABLE U,0.0
7811,40 - 44,NRW,42.98,49.98,30.0,0.0,RED INTERNET & PHONE CABLE U,1.0
7812,30 - 34,NRW,44.99,44.99,30.0,0.0,RED INTERNET & PHONE CABLE U,1.0
7813,40 - 44,KBW,39.99,44.98,30.0,0.0,GIGAZUHAUSE KABEL,1.0
7814,60 - 64,HSN,49.99,39.98,30.0,0.0,GIGAZUHAUSE TREUE B,0.0
7815,18 - 24,NRW,47.99,34.99,30.0,0.0,GIGAZUHAUSE KABEL,0.0
7816,60 - 64,KBW,34.97,34.99,30.0,0.0,VF CABLEMAX,1.0
7817,25 - 29,NRW,39.97,32.99,30.0,0.0,RED INTERNET & PHONE CABLE U,1.0
7818,25 - 29,KBW,44.97,44.97,30.0,0.0,RED INTERNET & PHONE CABLE U,1.0
7819,60 - 64,KBW,39.98,44.97,30.0,0.0,RED INTERNET & PHONE CABLE U,0.0
7820,55 - 59,KBW,39.99,74.99,30.0,0.0,GIGAZUHAUSE KABEL,0.0
7821,35 - 39,HSN,34.99,24.99,30.0,0.0,GIGAZUHAUSE KABEL,0.0
7822,40 - 44,KBW,44.98,39.99,30.0,0.0,RED INTERNET & PHONE CABLE U,1.0
7823,50 - 54,NRW,34.98,49.99,30.0,0.0,RED INTERNET & PHONE CABLE U,0.0
7824,25 - 29,NRW,24.98,48.97,30.0,0.0,VF RIP U-TREUE,1.0
7825,60 - 64,NRW,29.97,34.97,30.0,0.0,RED INTERNET & PHONE CABLE U,0.0
7826,35 - 39,KBW,74.97,39.99,30.0,0.0,RED INTERNET & PHONE CABLE U,0.0
7827,25 - 29,NRW,34.99,44.99,30.0,0.0,VF RIP U-TREUE,1.0
7828,45 - 49,NRW,29.98,39.99,30.0,0.0,RED INTERNET & PHONE CABLE U,1.0
7829,25 - 29,KBW,39.99,49.98,30.0,0.0,VF RIP U-TREUE,0.0
7830,25 - 29,NRW,44.99,39.99,30.0,0.0,VF CABLEMAX,0.0
7831,25 - 29,NRW,44.98,49.99,30.0,0.0,EAZY,0.0
7832,40 - 44,HSN,39.99,44.98,30.0,0.0,RED INTERNET & PHONE CABLE U,0.0
7833,30 - 34,NRW,39.98,34.98,30.0,0.0,GIGAZUHAUSE KABEL,0.0
7834,60 - 64,NRW,43.99,34.98,30.0,0.0,VF CABLEMAX,0.0
7835,30 - 34,HSN,34.98,39.98,30.0,0.0,RED INTERNET & PHONE CABLE U,0.0
7836,50 - 54,KBW,34.97,44.98,30.0,0.0,GIGAZUHAUSE KABEL,1.0
7837,25 - 29,KBW,39.97,44.98,30.0,0.0,RED INTERNET & PHONE CABLE U,1.0
7838,18 - 24,NRW,37.98,44.98,30.0,0.0,RED INTERNET & PHONE CABLE U,1.0
7839,40 - 44,NRW,34.99,34.98,30.0,0.0,VF RIP U-TREUE,1.0
7840,45 - 49,NRW,34.99,52.98,30.0,0.0,RED INTERNET & PHONE CABLE U,1.0
7841,40 - 44,NRW,34.99,39.99,30.0,0.0,RED INTERNET & PHONE CABLE U,1.0
7842,35 - 39,KBW,29.97,44.99,30.0,0.0,RED INTERNET & PHONE CABLE U,1.0
7843,30 - 34,KBW,34.99,44.98,30.0,0.0,GIGAZUHAUSE KABEL,0.0
7844,25 - 29,HSN,44.99,34.99,30.0,0.0,RED INTERNET & PHONE CABLE U,0.0
7845,25 - 29,NRW,47.99,42.99,30.0,0.0,VF RIP U-TREUE,0.0
7846,35 - 39,HSN,39.99,49.99,30.0,0.0,RED INTERNET & PHONE CABLE U,0.0
7847,80 and over,HSN,44.99,24.99,30.0,0.0,VF CABLEMAX,1.0
7848,30 - 34,KBW,29.99,34.99,30.0,0.0,RED INTERNET & PHONE CABLE U,1.0
7849,70 - 74,KBW,44.98,49.98,30.0,0.0,RED INTERNET & PHONE CABLE U,1.0
7850,40 - 44,KBW,39.99,37.99,30.0,0.0,RED INTERNET & PHONE CABLE U,1.0
7851,25 - 29,NRW,44.98,49.99,30.0,0.0,RED INTERNET & PHONE CABLE U,1.0
7852,30 - 34,KBW,34.98,44.99,30.0,0.0,RED INTERNET & PHONE CABLE U,0.0
7853,55 - 59,NRW,44.98,39.97,30.0,0.0,GIGAZUHAUSE KABEL,0.0
7854,25 - 29,KBW,44.97,37.95,30.0,0.0,RED INTERNET & PHONE CABLE U,1.0
7855,60 - 64,NRW,34.99,34.98,30.0,0.0,VF RIP U-TREUE,1.0
7856,50 - 54,KBW,44.98,39.98,30.0,0.0,VF CABLEMAX,1.0
7857,30 - 34,HSN,49.99,42.99,30.0,0.0,RED INTERNET & PHONE CABLE U,0.0
7858,35 - 39,NRW,49.96,32.98,30.0,0.0,VF RIP U-TREUE,0.0
7859,40 - 44,NRW,39.99,24.98,30.0,0.0,VF RIP U-TREUE,0.0
7860,50 - 54,KBW,39.99,34.96,30.0,0.0,VF CABLEMAX,1.0
7861,40 - 44,NRW,44.98,39.99,30.0,0.0,RED INTERNET & PHONE CABLE U,1.0
7862,25 - 29,KBW,54.99,49.98,30.0,0.0,GIGAZUHAUSE KABEL,1.0
7863,60 - 64,NRW,39.99,62.99,30.0,0.0,VF RIP U-TREUE,1.0
7864,25 - 29,NRW,34.0,39.98,30.0,0.0,VF CABLEMAX,1.0
7865,50 - 54,KBW,34.98,44.99,30.0,0.0,GIGAZUHAUSE KABEL,1.0
7866,40 - 44,NRW,44.98,44.98,30.0,0.0,RED INTERNET & PHONE CABLE U,0.0
7867,50 - 54,NRW,44.99,34.97,30.0,0.0,RED INTERNET & PHONE CABLE U,1.0
7868,30 - 34,NRW,39.99,34.99,30.0,0.0,RED INTERNET & PHONE CABLE U,0.0
7869,30 - 34,NRW,34.99,39.98,30.0,0.0,RED INTERNET & PHONE CABLE U,1.0
7870,25 - 29,NRW,44.98,39.99,30.0,0.0,VF RIP U-TREUE,0.0
7871,35 - 39,KBW,44.99,44.98,30.0,0.0,RED INTERNET & PHONE CABLE U,1.0
7872,50 - 54,NRW,49.99,39.99,30.0,0.0,RED INTERNET & PHONE CABLE U,0.0
7873,30 - 34,KBW,17.99,39.99,30.0,0.0,RED INTERNET & PHONE CABLE U,0.0
7874,40 - 44,NRW,44.98,34.97,30.0,0.0,RED INTERNET & PHONE CABLE U,1.0
7875,75 - 79,KBW,44.99,44.98,30.0,0.0,RED INTERNET & PHONE CABLE U,0.0
7876,55 - 59,NRW,34.98,44.98,30.0,0.0,VF CABLEMAX,1.0
7877,65 - 69,KBW,44.98,39.99,30.0,0.0,RED INTERNET & PHONE CABLE U,0.0
7878,55 - 59,KBW,39.98,44.99,30.0,0.0,VF RIP U-TREUE,0.0
7879,30 - 34,KBW,32.99,44.98,30.0,0.0,VF RIP U-TREUE,1.0
7880,25 - 29,KBW,44.98,34.98,30.0,0.0,VF CABLEMAX,1.0
7881,30 - 34,NRW,44.97,39.99,30.0,0.0,RED INTERNET & PHONE CABLE U,1.0
7882,50 - 54,NRW,32.99,44.98,30.0,0.0,VF CABLEMAX,0.0
7883,80 and over,NRW,42.99,38.98,30.0,0.0,RED INTERNET & PHONE CABLE U,0.0
7884,60 - 64,KBW,54.98,49.98,30.0,0.0,VF RIP U-TREUE,0.0
7885,35 - 39,NRW,39.98,44.98,30.0,0.0,VF CABLEMAX,1.0
7886,45 - 49,NRW,44.99,34.98,30.0,0.0,RED INTERNET & PHONE CABLE U,0.0
7887,60 - 64,NRW,44.98,29.99,30.0,0.0,GIGAZUHAUSE KABEL,1.0
7888,30 - 34,NRW,29.84,34.98,30.0,0.0,RED INTERNET & PHONE CABLE U,1.0
7889,25 - 29,NRW,29.98,34.99,30.0,0.0,VF RIP U-TREUE,0.0
7890,35 - 39,NRW,39.99,44.97,30.0,0.0,RED INTERNET & PHONE CABLE U,1.0
7891,35 - 39,HSN,34.99,39.98,30.0,0.0,RED INTERNET & PHONE CABLE U,1.0
7892,45 - 49,NRW,49.99,44.98,30.0,0.0,VF CABLEMAX,0.0
7893,30 - 34,NRW,44.99,39.99,30.0,0.0,VF CABLEMAX,1.0
7894,35 - 39,KBW,37.99,39.98,30.0,0.0,VF RIP U-TREUE,0.0
7895,40 - 44,HSN,39.99,32.98,30.0,0.0,VF CABLEMAX,0.0
7896,25 - 29,NRW,42.98,34.97,30.0,0.0,RED INTERNET & PHONE CABLE U,0.0
7897,35 - 39,NRW,44.99,39.97,30.0,0.0,RED INTERNET & PHONE CABLE U,1.0
7898,65 - 69,HSN,44.98,39.99,30.0,0.0,VF CABLEMAX,0.0
7899,40 - 44,KBW,34.98,49.99,30.0,0.0,GIGAZUHAUSE KABEL,1.0
7900,70 - 74,NRW,44.97,47.99,30.0,0.0,RED INTERNET & PHONE CABLE U,1.0
7901,45 - 49,KBW,44.99,49.97,30.0,0.0,RED INTERNET & PHONE CABLE U,0.0
7902,70 - 74,KBW,29.99,39.99,30.0,0.0,VF CABLEMAX,0.0
7903,25 - 29,NRW,39.98,34.98,30.0,0.0,RED INTERNET & PHONE CABLE U,1.0
7904,50 - 54,NRW,44.97,44.98,30.0,0.0,VF RIP U-TREUE,1.0
7905,30 - 34,KBW,39.98,44.99,30.0,0.0,VF RIP U-TREUE,1.0
7906,35 - 39,NRW,44.99,44.99,30.0,0.0,VF CABLEMAX,0.0
7907,60 - 64,NRW,44.99,39.99,30.0,0.0,RED INTERNET & PHONE CABLE U,0.0
7908,45 - 49,HSN,44.99,32.99,30.0,0.0,RED INTERNET & PHONE CABLE U,1.0
7909,30 - 34,NRW,34.99,34.99,30.0,0.0,RED INTERNET & PHONE CABLE U,1.0
7910,25 - 29,NRW,44.98,39.98,30.0,0.0,RED INTERNET & PHONE CABLE U,0.0
7911,35 - 39,KBW,34.99,39.98,30.0,0.0,RED INTERNET & PHONE CABLE U,0.0
7912,30 - 34,NRW,44.99,34.98,30.0,0.0,VF CABLEMAX,0.0
7913,55 - 59,HSN,39.98,44.97,30.0,0.0,RED INTERNET & PHONE CABLE U,1.0
7914,35 - 39,KBW,34.99,44.98,30.0,0.0,VF RIP U-TREUE,0.0
7915,35 - 39,NRW,49.97,42.98,30.0,0.0,RED INTERNET & PHONE CABLE U,1.0
7916,35 - 39,NRW,44.99,49.98,30.0,0.0,GIGAZUHAUSE TREUE B,1.0
7917,40 - 44,NRW,39.99,39.99,30.0,0.0,VF CABLEMAX,0.0
7918,40 - 44,KBW,49.99,49.99,30.0,0.0,VF RIP U-TREUE,0.0
7919,25 - 29,NRW,49.99,29.97,30.0,0.0,RED INTERNET & PHONE CABLE U,0.0
7920,40 - 44,NRW,34.98,34.99,30.0,0.0,VF RIP U-TREUE,1.0
7921,40 - 44,HSN,44.98,44.98,30.0,0.0,GIGAZUHAUSE KABEL,1.0
7922,50 - 54,NRW,39.99,29.97,30.0,0.0,VF RIP U-TREUE,0.0
7923,35 - 39,NRW,34.98,29.99,5.0,0.0,RED INTERNET & PHONE CABLE U,1.0
7924,30 - 34,NRW,44.98,44.99,30.0,0.0,VF RIP U-TREUE,1.0
7925,60 - 64,KBW,39.98,32.99,30.0,0.0,VF RIP U-TREUE,0.0
7926,40 - 44,KBW,34.99,44.99,30.0,0.0,RED INTERNET & PHONE CABLE U,0.0
7927,60 - 64,KBW,44.99,54.99,30.0,0.0,VF CABLEMAX,0.0
7928,50 - 54,NRW,39.98,44.98,30.0,0.0,RED INTERNET & PHONE CABLE U,1.0
7929,40 - 44,NRW,32.98,39.99,30.0,0.0,RED INTERNET & PHONE CABLE U,0.0
7930,55 - 59,NRW,29.98,29.98,30.0,0.0,VF RIP U-TREUE,0.0
7931,50 - 54,NRW,44.99,44.99,30.0,0.0,VF CABLEMAX,0.0
7932,35 - 39,NRW,29.98,39.98,30.0,0.0,VF CABLEMAX,1.0
7933,30 - 34,HSN,34.99,49.99,30.0,0.0,VF CABLEMAX,0.0
7934,35 - 39,NRW,39.98,32.98,30.0,0.0,RED INTERNET & PHONE CABLE U,1.0
7935,25 - 29,KBW,34.99,44.97,30.0,0.0,RED INTERNET & PHONE CABLE U,1.0
7936,40 - 44,NRW,44.99,49.98,30.0,0.0,RED INTERNET & PHONE CABLE U,0.0
7937,65 - 69,NRW,39.98,52.98,30.0,0.0,RED INTERNET & PHONE CABLE U,0.0
7938,55 - 59,NRW,44.99,44.98,30.0,0.0,VF RIP U-TREUE,1.0
7939,35 - 39,HSN,49.99,49.99,30.0,0.0,RED INTERNET & PHONE CABLE U,0.0
7940,30 - 34,NRW,37.98,39.97,30.0,0.0,VF CABLEMAX,0.0
7941,40 - 44,HSN,39.97,39.99,30.0,0.0,VF RIP U-TREUE,1.0
7942,60 - 64,KBW,34.99,34.99,30.0,0.0,VF RIP U-TREUE,1.0
7943,25 - 29,NRW,39.99,34.99,30.0,0.0,RED INTERNET & PHONE CABLE U,0.0
7944,40 - 44,KBW,44.99,34.99,30.0,0.0,RED INTERNET & PHONE CABLE U,0.0
7945,25 - 29,NRW,39.99,34.99,30.0,0.0,VF RIP U-TREUE,1.0
7946,25 - 29,KBW,49.99,44.99,30.0,0.0,RED INTERNET & PHONE CABLE U,0.0
7947,35 - 39,NRW,34.98,44.99,30.0,0.0,VF RIP U-TREUE,0.0
7948,45 - 49,NRW,44.99,44.99,30.0,0.0,RED INTERNET & PHONE CABLE U,0.0
7949,25 - 29,HSN,44.97,47.99,30.0,0.0,GIGAZUHAUSE KABEL,1.0
7950,25 - 29,HSN,44.98,39.98,30.0,0.0,INTERNET COMFORT,1.0
7951,30 - 34,NRW,39.99,39.99,30.0,0.0,RED INTERNET & PHONE CABLE U,0.0
7952,40 - 44,HSN,34.98,29.99,30.0,0.0,RED INTERNET & PHONE CABLE U,1.0
7953,25 - 29,KBW,44.99,44.98,30.0,0.0,VF CABLEMAX,0.0
7954,35 - 39,KBW,39.98,44.98,30.0,0.0,RED INTERNET & PHONE CABLE U,0.0
7955,55 - 59,NRW,39.99,44.97,30.0,0.0,RED INTERNET & PHONE CABLE U,0.0
7956,35 - 39,HSN,43.98,44.99,30.0,0.0,RED INTERNET & PHONE CABLE U,1.0
7957,25 - 29,NRW,34.99,39.98,30.0,0.0,RED INTERNET & PHONE CABLE U,1.0
7958,60 - 64,KBW,39.99,57.99,30.0,0.0,RED INTERNET & PHONE CABLE U,1.0
7959,30 - 34,NRW,29.99,39.98,30.0,0.0,VF RIP U-TREUE,0.0
7960,45 - 49,NRW,32.99,44.98,30.0,0.0,GIGAZUHAUSE KABEL,0.0
7961,65 - 69,NRW,34.99,39.98,30.0,0.0,VF RIP U-TREUE,1.0
7962,25 - 29,NRW,44.99,37.98,30.0,0.0,RED INTERNET & PHONE CABLE U,1.0
7963,30 - 34,NRW,44.99,39.98,30.0,0.0,RED INTERNET & PHONE CABLE U,0.0
7964,25 - 29,NRW,34.98,54.98,30.0,0.0,VF RIP U-TREUE,1.0
7965,30 - 34,NRW,44.99,44.98,30.0,0.0,RED INTERNET & PHONE CABLE U,1.0
7966,50 - 54,KBW,44.99,29.99,30.0,0.0,RED INTERNET & PHONE CABLE U,0.0
7967,25 - 29,NRW,44.99,34.98,30.0,0.0,VF CABLEMAX,0.0
7968,30 - 34,NRW,34.97,34.97,30.0,0.0,VF CABLEMAX,1.0
7969,35 - 39,NRW,49.98,39.98,30.0,0.0,VF RIP U-TREUE,0.0
7970,40 - 44,HSN,49.99,44.99,30.0,0.0,VF RIP U-TREUE,1.0
7971,55 - 59,KBW,44.98,42.99,30.0,0.0,RED INTERNET & PHONE CABLE U,0.0
7972,35 - 39,NRW,39.98,39.99,30.0,0.0,VF RIP U-TREUE,0.0
7973,30 - 34,HSN,44.98,54.99,30.0,0.0,RED INTERNET & PHONE CABLE U,1.0
7974,30 - 34,KBW,44.99,49.99,30.0,0.0,GIGAZUHAUSE KABEL,1.0
7975,65 - 69,NRW,49.98,44.98,30.0,0.0,VF RIP U-TREUE,0.0
7976,70 - 74,NRW,79.98,32.99,30.0,0.0,RED INTERNET & PHONE CABLE U,0.0
7977,60 - 64,NRW,39.98,39.99,30.0,0.0,VF RIP U-TREUE,0.0
7978,40 - 44,KBW,34.98,39.97,30.0,0.0,VF RIP U-TREUE,0.0
7979,45 - 49,NRW,49.99,34.99,30.0,0.0,RED INTERNET & PHONE CABLE U,1.0
7980,65 - 69,NRW,34.99,39.99,30.0,0.0,VF RIP U-TREUE,0.0
7981,40 - 44,KBW,49.99,39.99,30.0,0.0,VF CABLEMAX,1.0
7982,35 - 39,NRW,39.99,44.98,30.0,0.0,VF CABLEMAX,0.0
7983,50 - 54,NRW,42.97,49.99,30.0,0.0,VF RIP U-TREUE,1.0
7984,25 - 29,NRW,49.98,39.99,30.0,0.0,RED INTERNET & PHONE CABLE U,1.0
7985,65 - 69,NRW,39.99,34.98,30.0,0.0,VF RIP U-TREUE,0.0
7986,35 - 39,NRW,44.99,44.99,30.0,0.0,RED INTERNET & PHONE CABLE U,0.0
7987,35 - 39,KBW,24.98,34.99,30.0,0.0,VF RIP U-TREUE,0.0
7988,45 - 49,NRW,39.99,34.97,30.0,0.0,VF RIP U-TREUE,0.0
7989,60 - 64,NRW,49.99,34.99,30.0,0.0,RED INTERNET & PHONE CABLE U,1.0
7990,18 - 24,NRW,44.99,44.98,30.0,0.0,RED INTERNET & PHONE CABLE U,0.0
7991,25 - 29,KBW,39.98,34.98,30.0,0.0,VF RIP U-TREUE,0.0
7992,65 - 69,NRW,44.98,39.99,30.0,0.0,RED INTERNET & PHONE CABLE U,1.0
7993,35 - 39,NRW,38.99,39.99,30.0,0.0,RED INTERNET & PHONE CABLE U,1.0
7994,30 - 34,NRW,49.98,29.98,30.0,0.0,RED INTERNET & PHONE CABLE U,1.0
7995,30 - 34,KBW,34.99,44.98,30.0,0.0,RED INTERNET & PHONE CABLE U,0.0
7996,25 - 29,NRW,44.98,39.98,30.0,0.0,RED INTERNET & PHONE CABLE U,1.0
7997,25 - 29,KBW,39.99,44.99,30.0,0.0,VF RIP U-TREUE,0.0
7998,40 - 44,NRW,44.98,34.99,30.0,0.0,RED INTERNET & PHONE CABLE U,0.0
7999,55 - 59,NRW,44.99,39.98,30.0,0.0,RED INTERNET & PHONE CABLE U,1.0
8000,65 - 69,NRW,60.99,44.99,30.0,0.0,RED INTERNET & PHONE CABLE U,1.0
8001,50 - 54,KBW,42.99,44.99,30.0,0.0,GIGAZUHAUSE KABEL,0.0
8002,50 - 54,NRW,49.99,39.99,30.0,0.0,RED INTERNET & PHONE CABLE U,1.0
8003,55 - 59,KBW,39.98,39.97,30.0,0.0,RED INTERNET & PHONE CABLE U,1.0
8004,55 - 59,NRW,34.99,34.98,30.0,0.0,VF CABLEMAX,1.0
8005,35 - 39,NRW,39.99,34.99,30.0,0.0,VF CABLEMAX,1.0
8006,70 - 74,NRW,39.99,39.98,30.0,0.0,VF CABLEMAX,1.0
8007,40 - 44,NRW,39.99,42.98,30.0,0.0,RED INTERNET & PHONE CABLE U,1.0
8008,50 - 54,KBW,44.99,39.99,30.0,0.0,VF CABLEMAX,1.0
8009,65 - 69,NRW,49.99,39.99,30.0,0.0,VF RIP U-TREUE,0.0
8010,60 - 64,NRW,47.99,39.98,30.0,0.0,RED INTERNET & PHONE CABLE U,1.0
8011,25 - 29,KBW,34.97,44.98,30.0,0.0,RED INTERNET & PHONE CABLE U,1.0
8012,65 - 69,NRW,44.97,49.96,30.0,0.0,VF RIP U-TREUE,0.0
8013,30 - 34,KBW,32.98,44.98,30.0,0.0,RED INTERNET & PHONE CABLE U,1.0
8014,25 - 29,KBW,54.98,34.99,30.0,0.0,RED INTERNET & PHONE CABLE U,1.0
8015,60 - 64,NRW,39.98,42.99,30.0,0.0,VF CABLEMAX,1.0
8016,55 - 59,NRW,39.99,39.99,30.0,0.0,VF CABLEMAX,1.0
8017,60 - 64,NRW,49.99,39.98,30.0,0.0,VF CABLEMAX,0.0
8018,50 - 54,KBW,49.99,34.99,30.0,0.0,RED INTERNET & PHONE CABLE U,0.0
8019,40 - 44,KBW,44.99,44.99,30.0,0.0,VF CABLEMAX,0.0
8020,40 - 44,NRW,44.98,34.98,30.0,0.0,RED INTERNET & PHONE CABLE U,1.0
8021,50 - 54,KBW,44.98,39.99,30.0,0.0,RED INTERNET & PHONE CABLE U,0.0
8022,25 - 29,NRW,44.99,39.99,30.0,0.0,VF RIP U-TREUE,0.0
8023,60 - 64,NRW,44.99,34.99,30.0,0.0,RED INTERNET & PHONE CABLE U,1.0
8024,25 - 29,NRW,44.98,34.99,30.0,0.0,VF RIP U-TREUE,0.0
8025,60 - 64,HSN,44.99,39.99,30.0,0.0,GIGAZUHAUSE KABEL,0.0
8026,35 - 39,KBW,34.97,44.98,30.0,0.0,VF RIP U-TREUE,1.0
8027,60 - 64,NRW,49.99,39.98,30.0,0.0,VF CABLEMAX,1.0
8028,65 - 69,NRW,39.99,37.99,30.0,0.0,RED INTERNET & PHONE CABLE U,0.0
8029,35 - 39,NRW,44.98,44.99,30.0,0.0,VF RIP U-TREUE,0.0
8030,65 - 69,NRW,49.98,49.99,30.0,0.0,RED INTERNET & PHONE CABLE U,1.0
8031,50 - 54,KBW,39.97,44.99,30.0,0.0,GIGAZUHAUSE TREUE B,0.0
8032,80 and over,NRW,34.99,39.99,30.0,0.0,RED INTERNET & PHONE CABLE U,1.0
8033,35 - 39,NRW,34.98,44.97,30.0,0.0,RED INTERNET & PHONE CABLE U,1.0
8034,55 - 59,NRW,39.99,34.99,30.0,0.0,VF RIP U-TREUE,0.0
8035,65 - 69,KBW,39.99,39.98,30.0,0.0,GIGAZUHAUSE KABEL,0.0
8036,30 - 34,HSN,44.98,39.99,30.0,0.0,GIGAZUHAUSE KABEL,0.0
8037,50 - 54,KBW,34.99,34.99,30.0,0.0,VF CABLEMAX,1.0
8038,40 - 44,HSN,39.97,29.99,6.0,0.0,VF RIP U-TREUE,1.0
8039,30 - 34,NRW,39.99,34.99,30.0,0.0,VF CABLEMAX,1.0
8040,35 - 39,KBW,54.99,39.99,30.0,0.0,VF RIP U-TREUE,0.0
8041,30 - 34,HSN,64.98,44.97,30.0,0.0,VF RIP U-TREUE,1.0
8042,65 - 69,NRW,39.98,29.98,30.0,0.0,GIGAZUHAUSE KABEL,1.0
8043,35 - 39,KBW,34.99,44.99,30.0,0.0,VF CABLEMAX,0.0
8044,30 - 34,KBW,39.97,39.99,30.0,0.0,RED INTERNET & PHONE CABLE U,1.0
8045,40 - 44,NRW,39.98,44.98,30.0,0.0,RED INTERNET & PHONE CABLE U,0.0
8046,40 - 44,NRW,39.99,34.98,30.0,0.0,VF RIP U-TREUE,1.0
8047,40 - 44,KBW,44.99,39.98,30.0,0.0,RED INTERNET & PHONE CABLE U,1.0
8048,50 - 54,NRW,34.97,39.99,30.0,0.0,VF RIP U-TREUE,1.0
8049,55 - 59,NRW,79.99,44.98,30.0,0.0,RED INTERNET & PHONE CABLE U,0.0
8050,35 - 39,NRW,34.99,42.99,30.0,0.0,VF RIP U-TREUE,0.0
8051,80 and over,NRW,34.98,44.98,30.0,0.0,GIGAZUHAUSE KABEL,0.0
8052,40 - 44,NRW,39.99,34.99,30.0,0.0,RED INTERNET & PHONE CABLE U,0.0
8053,40 - 44,NRW,44.99,47.99,30.0,0.0,RED INTERNET & PHONE CABLE U,0.0
8054,35 - 39,NRW,34.99,39.98,30.0,0.0,VF CABLEMAX,0.0
8055,30 - 34,KBW,44.99,39.99,30.0,0.0,RED INTERNET & PHONE CABLE U,0.0
8056,25 - 29,NRW,44.97,34.99,30.0,0.0,RED INTERNET & PHONE CABLE U,1.0
8057,35 - 39,NRW,29.99,44.99,30.0,0.0,VF CABLEMAX,1.0
8058,60 - 64,NRW,34.99,39.97,30.0,0.0,RED INTERNET & PHONE CABLE U,0.0
8059,50 - 54,NRW,39.99,39.99,30.0,0.0,VF CABLEMAX,1.0
8060,18 - 24,NRW,34.98,34.98,30.0,0.0,VF RIP U-TREUE,0.0
8061,40 - 44,NRW,37.98,39.98,30.0,0.0,VF RIP U-TREUE,1.0
8062,60 - 64,KBW,34.99,44.99,30.0,0.0,RED INTERNET & PHONE CABLE U,0.0
8063,35 - 39,KBW,42.99,34.99,30.0,0.0,VF RIP U-TREUE,0.0
8064,25 - 29,NRW,42.98,44.99,30.0,0.0,VF RIP U-TREUE,0.0
8065,70 - 74,HSN,39.98,44.98,30.0,0.0,RED INTERNET & PHONE CABLE U,1.0
8066,50 - 54,KBW,44.99,39.99,30.0,0.0,VF RIP U-TREUE,0.0
8067,65 - 69,NRW,42.98,34.99,30.0,0.0,RED INTERNET & PHONE CABLE U,0.0
8068,55 - 59,NRW,54.99,34.99,30.0,0.0,RED INTERNET & PHONE CABLE U,1.0
8069,30 - 34,KBW,44.98,34.99,30.0,0.0,GIGAZUHAUSE TREUE C,0.0
8070,40 - 44,KBW,39.98,39.99,30.0,0.0,VF RIP U-TREUE,1.0
8071,70 - 74,HSN,34.99,34.99,30.0,0.0,RED INTERNET & PHONE CABLE U,0.0
8072,30 - 34,KBW,44.98,44.98,30.0,0.0,VF RIP U-TREUE,0.0
8073,50 - 54,NRW,44.98,44.99,30.0,0.0,VF CABLEMAX,1.0
8074,40 - 44,NRW,44.99,44.98,30.0,0.0,GIGAZUHAUSE KABEL,0.0
8075,40 - 44,NRW,44.98,39.99,30.0,0.0,RED INTERNET & PHONE CABLE U,1.0
8076,40 - 44,NRW,44.99,44.97,30.0,0.0,RED INTERNET & PHONE CABLE U,0.0
8077,80 and over,NRW,44.98,39.98,30.0,0.0,RED INTERNET & PHONE CABLE U,1.0
8078,65 - 69,NRW,49.97,34.99,30.0,0.0,RED INTERNET & PHONE CABLE U,1.0
8079,45 - 49,NRW,39.97,34.98,30.0,0.0,RED INTERNET & PHONE CABLE U,0.0
8080,30 - 34,KBW,49.97,39.0,30.0,0.0,RED INTERNET & PHONE CABLE U,1.0
8081,25 - 29,KBW,34.99,39.99,30.0,0.0,VF CABLEMAX,0.0
8082,40 - 44,KBW,44.98,47.0,30.0,0.0,RED INTERNET & PHONE CABLE U,0.0
8083,55 - 59,NRW,44.99,44.99,30.0,0.0,GIGAZUHAUSE KABEL,1.0
8084,25 - 29,KBW,39.98,39.99,30.0,0.0,RED INTERNET & PHONE CABLE U,0.0
8085,50 - 54,NRW,37.98,44.98,30.0,0.0,VF CABLEMAX,0.0
8086,30 - 34,NRW,34.94,44.98,30.0,0.0,RED INTERNET & PHONE CABLE U,1.0
8087,80 and over,HSN,44.98,44.97,30.0,0.0,GIGAZUHAUSE KABEL,0.0
8088,30 - 34,NRW,39.97,34.98,30.0,0.0,RED INTERNET & PHONE CABLE U,0.0
8089,40 - 44,NRW,44.98,39.98,30.0,0.0,RED INTERNET & PHONE CABLE U,1.0
8090,55 - 59,KBW,34.99,44.98,30.0,0.0,GIGAZUHAUSE TREUE B,1.0
8091,55 - 59,NRW,54.99,34.98,30.0,0.0,VF RIP U-TREUE,1.0
8092,55 - 59,NRW,44.98,44.99,30.0,0.0,GIGAZUHAUSE KABEL,1.0
8093,25 - 29,NRW,39.99,39.98,30.0,0.0,GIGAZUHAUSE KABEL,0.0
8094,40 - 44,HSN,44.98,47.99,30.0,0.0,VF RIP U-TREUE,0.0
8095,60 - 64,NRW,39.99,49.99,30.0,0.0,RED INTERNET & PHONE CABLE U,1.0
8096,30 - 34,NRW,39.98,49.99,30.0,0.0,VF RIP U-TREUE,0.0
8097,40 - 44,NRW,34.99,34.96,6.0,0.0,RED INTERNET & PHONE CABLE U,0.0
8098,35 - 39,KBW,39.98,47.97,30.0,0.0,GIGAZUHAUSE KABEL,1.0
8099,40 - 44,HSN,34.99,37.99,30.0,0.0,GIGAZUHAUSE KABEL,0.0
8100,55 - 59,KBW,39.99,34.99,30.0,0.0,VF RIP U-TREUE,1.0
8101,50 - 54,KBW,34.99,39.98,30.0,0.0,VF CABLEMAX,1.0
8102,25 - 29,NRW,44.99,34.99,30.0,0.0,RED INTERNET & PHONE CABLE U,1.0
8103,45 - 49,NRW,49.99,34.98,30.0,0.0,RED INTERNET & PHONE CABLE U,1.0
8104,60 - 64,NRW,39.99,29.99,30.0,0.0,VF RIP U-TREUE,0.0
8105,60 - 64,NRW,39.98,39.99,30.0,0.0,VF RIP U-TREUE,1.0
8106,65 - 69,NRW,32.99,44.98,30.0,0.0,RED INTERNET & PHONE CABLE U,0.0
8107,35 - 39,HSN,44.99,44.99,30.0,0.0,VF RIP U-TREUE,0.0
8108,25 - 29,NRW,34.99,24.98,30.0,0.0,GIGAZUHAUSE KABEL,0.0
8109,60 - 64,NRW,34.98,39.98,30.0,0.0,GIGAZUHAUSE KABEL,0.0
8110,65 - 69,NRW,44.99,44.99,30.0,0.0,RED INTERNET & PHONE CABLE U,1.0
8111,50 - 54,NRW,34.99,44.98,5.0,0.0,VF CABLEMAX,1.0
8112,25 - 29,HSN,44.98,44.99,30.0,0.0,VF RIP U-TREUE,0.0
8113,18 - 24,NRW,49.97,34.99,30.0,0.0,VF RIP U-TREUE,1.0
8114,50 - 54,KBW,44.99,49.98,30.0,0.0,VF RIP U-TREUE,1.0
8115,35 - 39,HSN,44.99,44.98,30.0,0.0,RED INTERNET & PHONE CABLE U,1.0
8116,25 - 29,NRW,39.99,47.98,30.0,0.0,RED INTERNET & PHONE CABLE U,0.0
8117,30 - 34,NRW,42.98,44.99,30.0,0.0,RED INTERNET & PHONE CABLE U,1.0
8118,50 - 54,NRW,49.97,39.98,30.0,0.0,GIGAZUHAUSE KABEL,0.0
8119,65 - 69,KBW,49.99,39.97,30.0,0.0,VF CABLEMAX,0.0
8120,30 - 34,NRW,44.98,42.98,30.0,0.0,RED INTERNET & PHONE CABLE U,0.0
8121,65 - 69,KBW,39.97,34.99,30.0,0.0,RED INTERNET & PHONE CABLE U,0.0
8122,55 - 59,NRW,44.98,44.99,30.0,0.0,GIGAZUHAUSE KABEL,0.0
8123,55 - 59,NRW,34.97,44.99,30.0,0.0,VF CABLEMAX,1.0
8124,55 - 59,NRW,39.99,29.99,30.0,0.0,VF CABLEMAX,1.0
8125,70 - 74,NRW,54.99,34.98,30.0,0.0,RED INTERNET & PHONE CABLE U,0.0
8126,25 - 29,NRW,44.99,49.99,30.0,0.0,VF CABLEMAX,1.0
8127,60 - 64,KBW,44.98,29.99,30.0,0.0,VF RIP U-TREUE,0.0
8128,25 - 29,NRW,44.98,44.97,30.0,0.0,RED INTERNET & PHONE CABLE U,0.0
8129,35 - 39,NRW,44.99,39.99,30.0,0.0,VF RIP U-TREUE,1.0
8130,45 - 49,HSN,34.97,53.99,30.0,0.0,GIGAZUHAUSE KABEL,1.0
8131,35 - 39,HSN,39.99,47.99,30.0,0.0,VF RIP U-TREUE,0.0
8132,30 - 34,KBW,39.99,24.98,30.0,0.0,VF RIP U-TREUE,0.0
8133,45 - 49,NRW,44.98,24.98,30.0,0.0,VF CABLEMAX,1.0
8134,30 - 34,NRW,34.0,39.98,30.0,0.0,RED INTERNET & PHONE CABLE U,1.0
8135,70 - 74,NRW,39.98,34.97,30.0,0.0,RED INTERNET & PHONE CABLE U,0.0
8136,65 - 69,NRW,34.98,34.97,30.0,0.0,GIGAZUHAUSE KABEL,0.0
8137,30 - 34,NRW,39.99,44.99,30.0,0.0,GIGAZUHAUSE KABEL,0.0
8138,18 - 24,NRW,44.99,44.97,30.0,0.0,VF RIP U-TREUE,0.0
8139,35 - 39,NRW,44.98,39.99,30.0,0.0,RED INTERNET & PHONE CABLE U,0.0
8140,30 - 34,KBW,34.98,49.98,30.0,0.0,VF RIP U-TREUE,0.0
8141,40 - 44,NRW,34.98,44.99,30.0,0.0,VF RIP U-TREUE,0.0
8142,25 - 29,NRW,39.98,39.98,30.0,0.0,GIGAZUHAUSE KABEL,0.0
8143,40 - 44,NRW,49.99,44.99,30.0,0.0,RED INTERNET & PHONE CABLE U,0.0
8144,70 - 74,KBW,29.99,44.99,30.0,0.0,VF RIP U-TREUE,0.0
8145,35 - 39,KBW,39.99,39.99,30.0,0.0,RED INTERNET & PHONE CABLE U,1.0
8146,30 - 34,KBW,44.98,44.99,30.0,0.0,VF CABLEMAX,0.0
8147,30 - 34,NRW,34.98,44.97,30.0,0.0,RED INTERNET & PHONE CABLE U,1.0
8148,25 - 29,KBW,44.99,44.99,30.0,1.0,RED INTERNET & PHONE CABLE U,0.0
8149,30 - 34,HSN,44.98,39.98,30.0,0.0,RED INTERNET & PHONE CABLE U,0.0
8150,55 - 59,NRW,32.98,49.98,30.0,0.0,RED INTERNET & PHONE CABLE U,0.0
8151,60 - 64,NRW,39.99,32.99,30.0,0.0,RED INTERNET & PHONE CABLE U,1.0
8152,35 - 39,HSN,32.98,44.97,30.0,0.0,RED INTERNET & PHONE CABLE U,1.0
8153,30 - 34,NRW,34.98,44.99,30.0,0.0,RED INTERNET & PHONE CABLE U,1.0
8154,45 - 49,KBW,39.99,34.99,30.0,0.0,RED INTERNET & PHONE CABLE U,1.0
8155,30 - 34,KBW,39.98,39.97,30.0,0.0,RED INTERNET & PHONE CABLE U,1.0
8156,30 - 34,KBW,44.98,32.99,30.0,0.0,VF RIP U-TREUE,1.0
8157,30 - 34,NRW,44.99,54.99,30.0,0.0,RED INTERNET & PHONE CABLE U,0.0
8158,30 - 34,NRW,49.99,54.98,30.0,0.0,RED INTERNET & PHONE CABLE U,1.0
8159,30 - 34,NRW,63.98,34.98,30.0,0.0,VF CABLEMAX,0.0
8160,40 - 44,NRW,44.98,44.99,30.0,0.0,VF RIP U-TREUE,0.0
8161,25 - 29,NRW,39.99,39.99,30.0,0.0,RED INTERNET & PHONE CABLE U,1.0
8162,30 - 34,KBW,39.99,54.98,30.0,0.0,VF RIP U-TREUE,1.0
8163,30 - 34,NRW,44.99,44.99,30.0,0.0,RED INTERNET & PHONE CABLE U,1.0
8164,25 - 29,KBW,39.99,39.99,30.0,0.0,RED INTERNET & PHONE CABLE U,1.0
8165,60 - 64,NRW,39.98,44.98,30.0,0.0,VF RIP U-TREUE,1.0
8166,65 - 69,NRW,44.99,39.99,30.0,0.0,RED INTERNET & PHONE CABLE U,1.0
8167,25 - 29,KBW,34.98,39.98,30.0,0.0,RED INTERNET & PHONE CABLE U,1.0
8168,40 - 44,NRW,39.98,44.98,30.0,0.0,VF CABLEMAX,1.0
8169,70 - 74,KBW,44.98,44.98,30.0,0.0,RED INTERNET & PHONE CABLE U,1.0
8170,35 - 39,NRW,39.98,37.99,30.0,0.0,RED INTERNET & PHONE CABLE U,1.0
8171,50 - 54,NRW,39.99,44.98,30.0,0.0,RED INTERNET & PHONE CABLE U,0.0
8172,65 - 69,HSN,34.99,44.97,30.0,0.0,VF RIP U-TREUE,1.0
8173,30 - 34,NRW,39.98,34.99,30.0,0.0,RED INTERNET & PHONE CABLE U,0.0
8174,65 - 69,NRW,39.99,49.98,30.0,0.0,GIGAZUHAUSE KABEL,0.0
8175,35 - 39,NRW,27.97,44.99,30.0,0.0,RED INTERNET & PHONE CABLE U,0.0
8176,25 - 29,NRW,37.98,44.98,30.0,0.0,RED INTERNET & PHONE CABLE U,1.0
8177,35 - 39,KBW,39.99,39.99,30.0,0.0,RED INTERNET & PHONE CABLE U,0.0
8178,40 - 44,KBW,34.99,44.99,30.0,0.0,VF RIP U-TREUE,1.0
8179,40 - 44,NRW,44.97,39.99,30.0,0.0,RED INTERNET & PHONE CABLE U,1.0
8180,30 - 34,NRW,39.97,34.98,30.0,0.0,VF CABLEMAX,0.0
8181,40 - 44,HSN,47.98,44.99,30.0,0.0,VF RIP U-TREUE,1.0
8182,35 - 39,NRW,34.98,39.98,30.0,0.0,VF RIP U-TREUE,1.0
8183,65 - 69,NRW,44.99,54.99,30.0,0.0,RED INTERNET & PHONE CABLE U,1.0
8184,65 - 69,NRW,44.99,32.98,30.0,0.0,RED INTERNET & PHONE CABLE U,1.0
8185,40 - 44,KBW,49.99,34.99,30.0,0.0,RED INTERNET & PHONE CABLE U,0.0
8186,40 - 44,NRW,49.97,39.99,30.0,0.0,RED INTERNET & PHONE CABLE U,0.0
8187,35 - 39,NRW,39.98,44.98,30.0,0.0,RED INTERNET & PHONE CABLE U,0.0
8188,30 - 34,NRW,34.99,44.96,30.0,0.0,RED INTERNET & PHONE CABLE U,0.0
8189,25 - 29,NRW,34.98,34.98,30.0,0.0,VF CABLEMAX,1.0
8190,45 - 49,NRW,39.99,49.99,30.0,0.0,VF RIP U-TREUE,0.0
8191,45 - 49,KBW,49.98,34.98,30.0,0.0,VF RIP U-TREUE,1.0
8192,50 - 54,NRW,44.98,44.99,30.0,0.0,RED INTERNET & PHONE CABLE U,1.0
8193,40 - 44,NRW,44.98,44.98,30.0,0.0,VF RIP U-TREUE,0.0
8194,40 - 44,NRW,34.99,39.99,30.0,0.0,RED INTERNET & PHONE CABLE U,0.0
8195,30 - 34,NRW,44.99,39.99,30.0,0.0,VF CABLEMAX,1.0
8196,60 - 64,NRW,34.99,29.98,30.0,0.0,VF RIP U-TREUE,0.0
8197,40 - 44,KBW,44.98,32.98,30.0,0.0,VF RIP U-TREUE,1.0
8198,45 - 49,KBW,39.99,34.98,30.0,0.0,VF RIP U-TREUE,0.0
8199,30 - 34,HSN,54.98,44.99,30.0,0.0,VF RIP U-TREUE,0.0
8200,25 - 29,NRW,39.99,44.98,30.0,0.0,VF RIP U-TREUE,0.0
8201,50 - 54,NRW,39.99,39.99,30.0,0.0,RED INTERNET & PHONE CABLE U,1.0
8202,65 - 69,HSN,17.99,44.99,30.0,0.0,RED INTERNET & PHONE CABLE U,1.0
8203,65 - 69,KBW,34.98,49.98,30.0,0.0,RED INTERNET & PHONE CABLE U,1.0
8204,25 - 29,KBW,39.98,39.99,30.0,0.0,RED INTERNET & PHONE CABLE U,1.0
8205,25 - 29,NRW,49.98,34.99,30.0,0.0,RED INTERNET & PHONE CABLE U,1.0
8206,50 - 54,HSN,34.99,39.99,30.0,0.0,RED INTERNET & PHONE CABLE U,1.0
8207,35 - 39,NRW,39.99,39.98,30.0,0.0,VF RIP U-TREUE,1.0
8208,25 - 29,KBW,39.99,34.97,30.0,0.0,VF CABLEMAX,1.0
8209,35 - 39,NRW,44.98,44.98,30.0,0.0,VF RIP U-TREUE,1.0
8210,40 - 44,NRW,39.99,39.99,30.0,0.0,RED INTERNET & PHONE CABLE U,1.0
8211,60 - 64,HSN,39.99,54.98,30.0,0.0,VF RIP U-TREUE,0.0
8212,50 - 54,KBW,37.99,34.98,30.0,0.0,RED INTERNET & PHONE CABLE U,1.0
8213,40 - 44,KBW,43.97,44.98,30.0,0.0,VF CABLEMAX,1.0
8214,40 - 44,NRW,34.98,34.99,30.0,0.0,GIGAZUHAUSE KABEL,0.0
8215,45 - 49,NRW,50.99,34.99,30.0,0.0,VF RIP U-TREUE,0.0
8216,55 - 59,KBW,39.98,39.99,30.0,0.0,GIGAZUHAUSE KABEL,1.0
8217,45 - 49,KBW,39.98,34.99,30.0,0.0,RED INTERNET & PHONE CABLE U,1.0
8218,55 - 59,NRW,49.98,44.99,30.0,0.0,RED INTERNET & PHONE CABLE U,1.0
8219,18 - 24,KBW,39.98,44.97,30.0,0.0,VF CABLEMAX,0.0
8220,60 - 64,NRW,39.98,39.98,30.0,0.0,RED INTERNET & PHONE CABLE U,0.0
8221,30 - 34,NRW,34.99,49.99,30.0,0.0,RED INTERNET & PHONE CABLE U,1.0
8222,60 - 64,HSN,44.98,44.99,30.0,0.0,GIGAZUHAUSE KABEL,1.0
8223,35 - 39,NRW,39.97,39.98,30.0,0.0,VF CABLEMAX,0.0
8224,70 - 74,NRW,49.99,39.99,30.0,0.0,RED INTERNET & PHONE CABLE U,0.0
8225,25 - 29,NRW,44.97,34.99,30.0,0.0,RED INTERNET & PHONE CABLE U,0.0
8226,40 - 44,KBW,39.99,29.99,30.0,0.0,VF RIP U-TREUE,0.0
8227,40 - 44,KBW,34.99,39.99,30.0,0.0,RED INTERNET & PHONE CABLE U,0.0
8228,65 - 69,NRW,34.99,39.99,30.0,0.0,GIGAZUHAUSE KABEL,1.0
8229,30 - 34,NRW,39.98,29.99,30.0,0.0,VF RIP U-TREUE,1.0
8230,35 - 39,NRW,44.99,39.97,30.0,0.0,VF CABLEMAX,0.0
8231,45 - 49,KBW,39.98,29.98,30.0,0.0,VF CABLEMAX,0.0
8232,55 - 59,KBW,44.99,39.98,30.0,0.0,VF RIP U-TREUE,0.0
8233,40 - 44,KBW,44.98,42.96,30.0,0.0,VF RIP U-TREUE,1.0
8234,35 - 39,NRW,29.99,34.99,30.0,0.0,VF CABLEMAX,1.0
8235,45 - 49,KBW,49.99,39.99,30.0,0.0,VF RIP U-TREUE,0.0
8236,40 - 44,NRW,29.99,34.99,30.0,0.0,RED INTERNET & PHONE CABLE U,0.0
8237,25 - 29,NRW,44.99,44.99,30.0,0.0,RED INTERNET & PHONE CABLE U,1.0
8238,45 - 49,NRW,34.98,39.98,30.0,0.0,RED INTERNET & PHONE CABLE U,1.0
8239,35 - 39,KBW,44.97,44.99,30.0,0.0,RED INTERNET & PHONE CABLE U,0.0
8241,60 - 64,KBW,49.98,39.98,30.0,0.0,GIGAZUHAUSE KABEL,0.0
8242,40 - 44,HSN,44.98,49.99,30.0,0.0,RED INTERNET & PHONE CABLE U,0.0
8243,35 - 39,NRW,42.99,39.99,30.0,0.0,GIGAZUHAUSE KABEL,1.0
8244,40 - 44,NRW,44.99,44.99,30.0,0.0,RED INTERNET & PHONE CABLE U,0.0
8245,60 - 64,NRW,39.98,29.99,30.0,0.0,RED INTERNET & PHONE CABLE U,1.0
8246,40 - 44,NRW,44.97,39.99,30.0,0.0,VF CABLEMAX,1.0
8247,35 - 39,KBW,39.98,34.99,30.0,0.0,RED INTERNET & PHONE CABLE U,0.0
8248,35 - 39,NRW,29.99,44.99,30.0,0.0,VF RIP U-TREUE,1.0
8249,40 - 44,NRW,34.99,34.98,30.0,0.0,RED INTERNET & PHONE CABLE U,1.0
8250,40 - 44,NRW,47.99,44.98,30.0,0.0,RED INTERNET & PHONE CABLE U,0.0
8251,70 - 74,NRW,44.98,24.99,30.0,0.0,VF CABLEMAX,0.0
8252,55 - 59,NRW,44.99,49.97,30.0,0.0,VF CABLEMAX,0.0
8253,30 - 34,KBW,39.98,24.99,30.0,0.0,GIGAZUHAUSE KABEL,0.0
8254,30 - 34,NRW,49.97,29.99,30.0,0.0,RED INTERNET & PHONE CABLE U,0.0
8255,40 - 44,KBW,44.99,34.99,30.0,0.0,RED INTERNET & PHONE CABLE U,0.0
8256,60 - 64,NRW,39.99,43.97,30.0,0.0,RED INTERNET & PHONE CABLE U,0.0
8257,45 - 49,NRW,39.99,34.97,30.0,0.0,VF RIP U-TREUE,0.0
8258,45 - 49,KBW,34.99,34.99,30.0,0.0,RED INTERNET & PHONE CABLE U,1.0
8259,30 - 34,HSN,44.98,49.99,30.0,0.0,VF RIP U-TREUE,0.0
8260,25 - 29,NRW,39.98,34.99,30.0,0.0,RED INTERNET & PHONE CABLE U,1.0
8261,55 - 59,KBW,44.99,24.99,30.0,0.0,VF RIP U-TREUE,0.0
8262,30 - 34,NRW,32.98,44.99,30.0,0.0,RED INTERNET & PHONE CABLE U,1.0
8263,55 - 59,NRW,49.97,39.99,30.0,0.0,RED INTERNET & PHONE CABLE U,0.0
8264,30 - 34,NRW,44.98,44.98,30.0,0.0,GIGAZUHAUSE KABEL,0.0
8265,55 - 59,NRW,34.98,49.99,30.0,0.0,VF RIP U-TREUE,0.0
8266,25 - 29,NRW,29.99,34.99,30.0,0.0,RED INTERNET & PHONE CABLE U,1.0
8267,55 - 59,NRW,34.99,47.98,30.0,0.0,VF RIP U-TREUE,0.0
8268,35 - 39,KBW,29.99,42.98,30.0,0.0,RED INTERNET & PHONE CABLE U,0.0
8269,50 - 54,NRW,44.98,34.99,30.0,0.0,VF RIP U-TREUE,1.0
8270,65 - 69,NRW,39.98,29.99,30.0,0.0,VF RIP U-TREUE,0.0
8271,30 - 34,HSN,44.98,44.98,30.0,0.0,RED INTERNET & PHONE CABLE U,1.0
8272,40 - 44,NRW,39.97,49.98,30.0,0.0,RED INTERNET & PHONE CABLE U,0.0
8273,30 - 34,KBW,49.97,44.98,30.0,0.0,VF RIP U-TREUE,1.0
8274,40 - 44,NRW,44.98,37.98,30.0,0.0,GIGAZUHAUSE KABEL,0.0
8275,30 - 34,KBW,49.98,39.98,30.0,0.0,RED INTERNET & PHONE CABLE U,1.0
8276,35 - 39,KBW,44.98,34.98,30.0,0.0,GIGAZUHAUSE KABEL,0.0
8277,25 - 29,NRW,44.98,58.99,30.0,0.0,VF RIP U-TREUE,1.0
8278,55 - 59,NRW,34.99,44.99,30.0,0.0,RED INTERNET & PHONE CABLE U,0.0
8279,60 - 64,KBW,44.98,44.97,30.0,0.0,VF CABLEMAX,1.0
8280,50 - 54,KBW,44.98,34.99,30.0,0.0,RED INTERNET & PHONE CABLE U,1.0
8281,35 - 39,NRW,44.99,44.98,30.0,0.0,VF RIP U-TREUE,1.0
8282,45 - 49,HSN,39.99,53.99,30.0,0.0,RED INTERNET & PHONE CABLE U,0.0
8283,40 - 44,NRW,39.98,44.98,30.0,0.0,RED INTERNET & PHONE CABLE U,1.0
8284,18 - 24,NRW,39.95,39.98,30.0,0.0,GIGAZUHAUSE KABEL,1.0
8285,35 - 39,NRW,34.99,49.99,30.0,0.0,VF CABLEMAX,1.0
8286,30 - 34,NRW,39.98,29.98,30.0,0.0,RED INTERNET & PHONE CABLE U,0.0
8287,60 - 64,NRW,49.99,34.99,30.0,0.0,GIGAZUHAUSE KABEL,0.0
8288,60 - 64,NRW,44.98,49.99,30.0,0.0,VF RIP U-TREUE,0.0
8289,30 - 34,HSN,29.99,44.99,30.0,0.0,VF CABLEMAX,0.0
8290,40 - 44,NRW,34.99,34.99,30.0,0.0,RED INTERNET & PHONE CABLE U,0.0
8291,60 - 64,HSN,44.99,49.98,30.0,0.0,VF RIP U-TREUE,0.0
8292,40 - 44,NRW,44.99,39.99,30.0,0.0,VF CABLEMAX,0.0
8293,30 - 34,KBW,67.99,42.99,30.0,0.0,VF CABLEMAX,1.0
8294,25 - 29,NRW,34.99,39.99,30.0,0.0,RED INTERNET & PHONE CABLE U,1.0
8295,35 - 39,NRW,44.99,39.98,30.0,0.0,RED INTERNET & PHONE CABLE U,0.0
8296,60 - 64,HSN,29.95,44.99,30.0,0.0,VF CABLEMAX,0.0
8297,18 - 24,KBW,49.99,34.99,30.0,0.0,VF CABLEMAX,0.0
8298,80 and over,KBW,44.98,34.98,30.0,0.0,VF CABLEMAX,0.0
8299,35 - 39,NRW,34.99,29.98,30.0,0.0,RED INTERNET & PHONE CABLE U,0.0
8300,40 - 44,NRW,44.99,47.99,30.0,0.0,RED INTERNET & PHONE CABLE U,1.0
8301,40 - 44,NRW,34.98,39.99,30.0,0.0,RED INTERNET & PHONE CABLE U,1.0
8302,40 - 44,KBW,34.99,34.99,30.0,0.0,RED INTERNET & PHONE CABLE U,0.0
8303,40 - 44,NRW,44.98,24.97,30.0,0.0,RED INTERNET & PHONE CABLE U,1.0
8304,35 - 39,NRW,39.99,49.99,30.0,0.0,GIGAZUHAUSE KABEL,0.0
8305,35 - 39,KBW,49.98,44.98,30.0,0.0,RED INTERNET & PHONE CABLE U,0.0
8306,65 - 69,HSN,39.98,44.99,30.0,0.0,VF RIP U-TREUE,0.0
8307,25 - 29,NRW,44.99,44.99,30.0,0.0,VF CABLEMAX,0.0
8308,50 - 54,KBW,34.98,47.98,30.0,0.0,VF RIP U-TREUE,1.0
8309,35 - 39,NRW,44.98,44.98,30.0,0.0,RED INTERNET & PHONE CABLE U,0.0
8310,80 and over,NRW,44.98,42.97,30.0,0.0,GIGAZUHAUSE KABEL,0.0
8311,25 - 29,KBW,34.99,44.99,30.0,0.0,VF CABLEMAX,0.0
8312,25 - 29,NRW,34.99,39.99,30.0,0.0,VF RIP U-TREUE,1.0
8313,25 - 29,NRW,34.98,44.98,30.0,0.0,VF CABLEMAX,1.0
8314,65 - 69,KBW,49.98,44.98,30.0,0.0,GIGAZUHAUSE KABEL,0.0
8315,25 - 29,KBW,29.99,44.99,30.0,0.0,GIGAZUHAUSE KABEL,1.0
8316,35 - 39,KBW,34.98,49.99,30.0,0.0,GIGAZUHAUSE KABEL,1.0
8317,45 - 49,HSN,49.96,32.98,30.0,0.0,VF RIP U-TREUE,0.0
8318,30 - 34,KBW,29.99,44.98,30.0,0.0,RED INTERNET & PHONE CABLE U,1.0
8319,35 - 39,NRW,54.99,24.99,30.0,0.0,VF CABLEMAX,0.0
8320,30 - 34,NRW,54.99,32.98,30.0,0.0,RED INTERNET & PHONE CABLE U,1.0
8321,45 - 49,NRW,49.99,39.99,30.0,0.0,RED INTERNET & PHONE CABLE U,1.0
8322,45 - 49,HSN,44.99,39.99,30.0,0.0,RED INTERNET & PHONE CABLE U,0.0
8323,25 - 29,NRW,44.98,29.97,30.0,0.0,GIGAZUHAUSE KABEL,1.0
8324,30 - 34,KBW,44.98,32.98,30.0,0.0,RED INTERNET & PHONE CABLE U,0.0
8325,30 - 34,HSN,32.98,42.98,30.0,0.0,RED INTERNET & PHONE CABLE U,1.0
8326,25 - 29,KBW,44.99,42.98,30.0,0.0,RED INTERNET & PHONE CABLE U,1.0
8327,45 - 49,KBW,44.98,34.99,30.0,0.0,VF RIP U-TREUE,1.0
8328,35 - 39,NRW,44.99,34.99,30.0,0.0,VF CABLEMAX,1.0
8329,35 - 39,HSN,32.99,44.98,6.0,0.0,RED INTERNET & PHONE CABLE U,1.0
8330,60 - 64,NRW,39.99,44.99,30.0,0.0,VF RIP U-TREUE,0.0
8331,35 - 39,NRW,44.99,44.98,30.0,0.0,RED INTERNET & PHONE CABLE U,1.0
8332,25 - 29,NRW,34.99,47.98,30.0,0.0,GIGAZUHAUSE KABEL,1.0
8333,45 - 49,KBW,32.98,39.98,30.0,0.0,GIGAZUHAUSE KABEL,0.0
8334,40 - 44,NRW,44.99,39.98,30.0,0.0,VF CABLEMAX,0.0
8335,55 - 59,KBW,44.99,49.99,30.0,0.0,GIGAZUHAUSE KABEL,1.0
8336,60 - 64,NRW,34.98,24.97,30.0,0.0,RED INTERNET & PHONE CABLE U,1.0
8337,45 - 49,NRW,44.97,39.99,30.0,0.0,RED INTERNET & PHONE CABLE U,0.0
8338,55 - 59,NRW,44.96,34.98,30.0,0.0,RED INTERNET & PHONE CABLE U,0.0
8339,55 - 59,KBW,37.99,39.98,30.0,0.0,VF RIP U-TREUE,1.0
8340,50 - 54,KBW,44.98,34.99,30.0,0.0,VF RIP U-TREUE,1.0
8341,35 - 39,NRW,44.97,34.99,30.0,0.0,RED INTERNET & PHONE CABLE U,0.0
8342,35 - 39,KBW,37.98,44.98,30.0,0.0,RED INTERNET & PHONE CABLE U,1.0
8343,35 - 39,NRW,34.99,39.99,30.0,0.0,RED INTERNET & PHONE CABLE U,1.0
8344,18 - 24,NRW,39.98,44.99,30.0,0.0,VF CABLEMAX,1.0
8345,45 - 49,KBW,34.98,44.98,30.0,0.0,RED INTERNET & PHONE CABLE U,1.0
8346,40 - 44,HSN,44.98,39.99,30.0,0.0,RED INTERNET & PHONE CABLE U,1.0
8347,40 - 44,NRW,44.99,34.99,30.0,0.0,RED INTERNET & PHONE CABLE U,0.0
8348,60 - 64,NRW,39.98,39.98,30.0,0.0,VF RIP U-TREUE,0.0
8349,40 - 44,HSN,39.98,32.98,30.0,0.0,VF RIP U-TREUE,1.0
8350,25 - 29,NRW,54.99,39.99,30.0,0.0,VF RIP U-TREUE,1.0
8351,40 - 44,KBW,39.99,44.98,30.0,0.0,RED INTERNET & PHONE CABLE U,0.0
8352,35 - 39,KBW,49.98,44.98,30.0,0.0,VF RIP U-TREUE,1.0
8353,25 - 29,NRW,32.99,39.99,30.0,0.0,RED INTERNET & PHONE CABLE U,0.0
8354,25 - 29,KBW,44.98,44.99,30.0,0.0,VF RIP U-TREUE,0.0
8355,80 and over,HSN,37.98,34.98,30.0,0.0,VF CABLEMAX,0.0
8356,60 - 64,NRW,39.99,44.98,30.0,0.0,RED INTERNET & PHONE CABLE U,0.0
8357,40 - 44,NRW,34.99,54.99,30.0,0.0,RED INTERNET & PHONE CABLE U,1.0
8358,30 - 34,NRW,44.98,44.98,30.0,0.0,VF RIP U-TREUE,0.0
8359,40 - 44,NRW,44.99,44.99,30.0,0.0,RED INTERNET & PHONE CABLE U,0.0
8360,45 - 49,KBW,37.99,44.98,30.0,0.0,RED INTERNET & PHONE CABLE U,1.0
8361,80 and over,KBW,50.99,39.98,30.0,0.0,RED INTERNET & PHONE CABLE U,0.0
8362,25 - 29,NRW,34.98,34.97,30.0,0.0,RED INTERNET & PHONE CABLE U,0.0
8363,35 - 39,KBW,44.98,34.97,30.0,0.0,VF RIP U-TREUE,0.0
8364,35 - 39,NRW,34.98,44.98,30.0,0.0,VF RIP U-TREUE,1.0
8365,65 - 69,NRW,44.99,49.99,30.0,0.0,RED INTERNET & PHONE CABLE U,1.0
8366,25 - 29,NRW,39.99,42.99,30.0,0.0,RED INTERNET & PHONE CABLE U,0.0
8367,60 - 64,NRW,37.98,29.99,30.0,0.0,RED INTERNET & PHONE CABLE U,1.0
8368,60 - 64,KBW,34.99,39.97,30.0,0.0,VF CABLEMAX,0.0
8369,75 - 79,NRW,34.97,32.98,30.0,0.0,RED INTERNET & PHONE CABLE U,0.0
8370,40 - 44,NRW,34.98,34.99,30.0,0.0,RED INTERNET & PHONE CABLE U,1.0
8371,35 - 39,NRW,39.99,39.99,30.0,0.0,GIGAZUHAUSE KABEL,1.0
8372,40 - 44,NRW,49.99,44.97,30.0,0.0,VF RIP U-TREUE,1.0
8373,30 - 34,NRW,44.98,44.99,30.0,0.0,GIGAZUHAUSE KABEL,0.0
8374,25 - 29,KBW,49.99,34.99,30.0,0.0,RED INTERNET & PHONE CABLE U,0.0
8375,35 - 39,NRW,44.99,34.99,30.0,0.0,VF RIP U-TREUE,0.0
8376,60 - 64,NRW,34.97,64.97,30.0,0.0,VF RIP U-TREUE,1.0
8377,25 - 29,KBW,49.99,32.97,30.0,0.0,RED INTERNET & PHONE CABLE U,0.0
8378,25 - 29,KBW,37.99,39.99,30.0,0.0,VF RIP U-TREUE,1.0
8379,45 - 49,NRW,44.98,34.98,30.0,0.0,RED INTERNET & PHONE CABLE U,1.0
8380,30 - 34,NRW,44.96,44.98,30.0,0.0,VF RIP U-TREUE,1.0
8381,30 - 34,NRW,49.99,44.97,30.0,0.0,VF RIP U-TREUE,1.0
8382,65 - 69,KBW,39.99,39.99,30.0,0.0,RED INTERNET & PHONE CABLE U,1.0
8383,65 - 69,NRW,39.99,34.98,30.0,0.0,VF RIP U-TREUE,1.0
8384,55 - 59,HSN,34.99,44.99,30.0,0.0,RED INTERNET & PHONE CABLE U,1.0
8385,30 - 34,NRW,44.98,44.96,30.0,0.0,VF CABLEMAX,1.0
8386,55 - 59,KBW,39.98,44.96,30.0,0.0,RED INTERNET & PHONE CABLE U,0.0
8387,30 - 34,NRW,44.99,47.99,30.0,0.0,RED INTERNET & PHONE CABLE U,0.0
8388,70 - 74,NRW,34.99,54.99,30.0,0.0,VF CABLEMAX,1.0
8389,35 - 39,KBW,34.99,42.99,30.0,0.0,VF RIP U-TREUE,0.0
8390,70 - 74,NRW,34.98,39.98,30.0,0.0,RED INTERNET & PHONE CABLE U,1.0
8391,55 - 59,NRW,52.99,39.98,30.0,0.0,RED INTERNET & PHONE CABLE U,0.0
8392,40 - 44,NRW,44.99,32.98,30.0,0.0,RED INTERNET & PHONE CABLE U,1.0
8393,35 - 39,NRW,44.98,39.98,30.0,0.0,VF RIP U-TREUE,1.0
8394,80 and over,NRW,39.99,44.99,30.0,0.0,RED INTERNET & PHONE CABLE U,0.0
8395,60 - 64,KBW,29.99,44.99,30.0,0.0,VF RIP U-TREUE,1.0
8396,45 - 49,KBW,39.98,42.98,30.0,0.0,RED INTERNET & PHONE CABLE U,0.0
8397,25 - 29,NRW,44.98,34.99,30.0,0.0,VF RIP U-TREUE,1.0
8398,40 - 44,NRW,39.99,49.99,30.0,0.0,VF RIP U-TREUE,0.0
8399,55 - 59,KBW,29.99,37.97,30.0,0.0,GIGAZUHAUSE TREUE B,0.0
8400,55 - 59,NRW,39.98,39.98,30.0,0.0,VF CABLEMAX,1.0
8401,35 - 39,NRW,39.98,34.97,30.0,0.0,RED INTERNET & PHONE CABLE U,1.0
8402,30 - 34,HSN,54.99,34.97,30.0,0.0,GIGAZUHAUSE KABEL,1.0
8403,60 - 64,HSN,24.99,39.98,30.0,0.0,RED INTERNET & PHONE CABLE U,1.0
8404,30 - 34,NRW,44.99,39.98,30.0,0.0,RED INTERNET & PHONE CABLE U,1.0
8405,55 - 59,NRW,44.97,0.98,30.0,0.0,VF CABLEMAX,0.0
8406,60 - 64,NRW,34.99,32.99,30.0,0.0,RED INTERNET & PHONE CABLE U,1.0
8407,35 - 39,NRW,49.98,29.97,30.0,0.0,RED INTERNET & PHONE CABLE U,0.0
8408,35 - 39,NRW,49.98,49.99,30.0,0.0,RED INTERNET & PHONE CABLE U,1.0
8409,30 - 34,NRW,32.99,44.98,30.0,0.0,VF RIP U-TREUE,1.0
8410,25 - 29,KBW,39.99,34.98,30.0,0.0,VF CABLEMAX,0.0
8411,30 - 34,HSN,44.98,44.98,30.0,0.0,RED INTERNET & PHONE CABLE U,1.0
8412,60 - 64,NRW,34.99,44.99,30.0,0.0,RED INTERNET & PHONE CABLE U,0.0
8413,25 - 29,NRW,40.99,34.99,30.0,0.0,GIGAZUHAUSE KABEL,1.0
8414,55 - 59,HSN,39.98,49.97,30.0,0.0,VF RIP U-TREUE,0.0
8415,65 - 69,KBW,49.99,39.97,30.0,0.0,VF CABLEMAX,0.0
8416,18 - 24,NRW,44.97,49.99,30.0,0.0,GIGAZUHAUSE KABEL,0.0
8417,70 - 74,HSN,44.98,44.98,30.0,0.0,RED INTERNET & PHONE CABLE U,0.0
8418,35 - 39,KBW,39.99,34.99,30.0,0.0,GIGAZUHAUSE KABEL,1.0
8419,60 - 64,NRW,39.99,39.99,30.0,0.0,RED INTERNET & PHONE CABLE U,0.0
8420,25 - 29,NRW,34.99,32.99,30.0,0.0,RED INTERNET & PHONE CABLE U,1.0
8421,45 - 49,NRW,44.98,44.99,30.0,0.0,VF RIP U-TREUE,0.0
8422,40 - 44,NRW,44.98,39.99,30.0,0.0,RED INTERNET & PHONE CABLE U,0.0
8423,25 - 29,KBW,48.99,34.97,30.0,0.0,RED INTERNET & PHONE CABLE U,1.0
8424,30 - 34,NRW,44.98,34.97,30.0,0.0,RED INTERNET & PHONE CABLE U,0.0
8425,60 - 64,KBW,44.98,34.99,30.0,0.0,RED INTERNET & PHONE CABLE U,1.0
8426,35 - 39,NRW,39.97,29.98,30.0,0.0,VF RIP U-TREUE,1.0
8427,35 - 39,HSN,34.98,49.98,30.0,0.0,RED INTERNET & PHONE CABLE U,0.0
8428,65 - 69,KBW,49.98,44.98,30.0,0.0,RED INTERNET & PHONE CABLE U,1.0
8429,50 - 54,KBW,47.99,44.98,30.0,0.0,VF RIP U-TREUE,1.0
8430,35 - 39,KBW,39.98,44.99,30.0,0.0,GIGAZUHAUSE KABEL,0.0
8431,35 - 39,KBW,34.98,34.99,30.0,0.0,VF RIP U-TREUE,0.0
8432,40 - 44,NRW,34.99,39.97,30.0,0.0,RED INTERNET & PHONE CABLE U,1.0
8433,35 - 39,KBW,49.98,49.99,30.0,0.0,VF RIP U-TREUE,1.0
8434,25 - 29,NRW,34.99,39.99,30.0,0.0,VF CABLEMAX,1.0
8435,65 - 69,NRW,39.99,44.98,30.0,0.0,GIGAZUHAUSE KABEL,1.0
8436,70 - 74,NRW,34.99,44.99,30.0,0.0,VF RIP U-TREUE,0.0
8437,30 - 34,HSN,34.99,34.99,30.0,0.0,VF RIP U-TREUE,1.0
8438,60 - 64,NRW,44.99,39.97,30.0,0.0,VF RIP U-TREUE,0.0
8439,80 and over,KBW,44.98,34.98,30.0,0.0,RED INTERNET & PHONE CABLE U,0.0
8440,40 - 44,KBW,44.99,39.99,30.0,0.0,RED INTERNET & PHONE CABLE U,0.0
8441,40 - 44,NRW,34.99,39.98,30.0,0.0,RED INTERNET & PHONE CABLE U,0.0
8442,55 - 59,KBW,34.99,39.98,30.0,0.0,RED INTERNET & PHONE CABLE U,1.0
8443,35 - 39,NRW,29.99,39.97,30.0,0.0,RED INTERNET & PHONE CABLE U,1.0
8444,35 - 39,KBW,39.98,49.99,30.0,0.0,VF RIP U-TREUE,1.0
8445,60 - 64,KBW,39.98,44.99,30.0,0.0,RED INTERNET & PHONE CABLE U,0.0
8446,65 - 69,KBW,39.99,44.98,30.0,0.0,RED INTERNET & PHONE CABLE U,0.0
8447,25 - 29,NRW,34.99,44.99,30.0,0.0,RED INTERNET & PHONE CABLE U,0.0
8448,70 - 74,NRW,44.99,34.99,30.0,1.0,RED INTERNET & PHONE CABLE U,0.0
8449,50 - 54,KBW,29.99,39.99,30.0,0.0,GIGAZUHAUSE TREUE B,0.0
8450,55 - 59,NRW,34.98,39.99,30.0,0.0,RED INTERNET & PHONE CABLE U,1.0
8451,35 - 39,NRW,49.98,44.98,30.0,0.0,RED INTERNET & PHONE CABLE U,1.0
8452,35 - 39,KBW,44.99,34.98,30.0,0.0,GIGAZUHAUSE KABEL,1.0
8453,35 - 39,KBW,49.97,34.99,30.0,0.0,VF CABLEMAX,1.0
8454,65 - 69,KBW,39.98,44.98,30.0,0.0,RED INTERNET & PHONE CABLE U,0.0
8455,30 - 34,NRW,44.98,34.99,30.0,0.0,RED INTERNET & PHONE CABLE U,1.0
8456,35 - 39,NRW,32.99,32.99,30.0,0.0,RED INTERNET & PHONE CABLE U,0.0
8457,30 - 34,KBW,44.98,47.99,30.0,0.0,VF RIP U-TREUE,0.0
8458,35 - 39,NRW,44.98,32.98,30.0,0.0,VF RIP U-TREUE,0.0
8459,40 - 44,NRW,44.99,44.99,30.0,0.0,VF RIP U-TREUE,1.0
8460,25 - 29,NRW,33.99,49.99,30.0,0.0,RED INTERNET & PHONE CABLE U,0.0
8461,40 - 44,KBW,49.98,34.98,30.0,0.0,RED INTERNET & PHONE CABLE U,0.0
8462,55 - 59,NRW,32.99,34.98,30.0,0.0,VF CABLEMAX,1.0
8463,50 - 54,NRW,39.98,34.98,30.0,0.0,RED INTERNET & PHONE CABLE U,0.0
8464,65 - 69,NRW,29.98,32.99,30.0,0.0,RED INTERNET & PHONE CABLE U,1.0
8465,75 - 79,NRW,39.98,24.98,30.0,0.0,VF RIP U-TREUE,0.0
8466,30 - 34,KBW,24.97,54.99,30.0,0.0,RED INTERNET & PHONE CABLE U,1.0
8467,50 - 54,NRW,39.98,44.99,30.0,0.0,VF CABLEMAX,0.0
8468,18 - 24,KBW,44.99,44.99,30.0,0.0,VF RIP U-TREUE,1.0
8469,30 - 34,NRW,34.98,49.99,30.0,0.0,RED INTERNET & PHONE CABLE U,1.0
8470,35 - 39,NRW,44.98,44.98,30.0,1.0,VF RIP U-TREUE,1.0
8471,65 - 69,KBW,44.98,39.98,30.0,0.0,VF CABLEMAX,0.0
8472,30 - 34,KBW,49.98,39.99,30.0,0.0,VF CABLEMAX,1.0
8473,65 - 69,KBW,39.99,49.99,30.0,0.0,VF RIP U-TREUE,0.0
8474,60 - 64,NRW,44.97,39.98,30.0,0.0,RED INTERNET & PHONE CABLE U,1.0
8475,65 - 69,NRW,29.99,39.98,30.0,0.0,VF RIP U-TREUE,1.0
8476,40 - 44,HSN,39.99,43.99,30.0,0.0,GIGAZUHAUSE KABEL,1.0
8477,40 - 44,NRW,34.99,29.99,30.0,0.0,RED INTERNET & PHONE CABLE U,1.0
8478,60 - 64,NRW,37.99,34.99,30.0,0.0,VF CABLEMAX,0.0
8479,65 - 69,KBW,39.98,39.99,30.0,0.0,VF CABLEMAX,0.0
8480,30 - 34,KBW,39.98,54.99,30.0,0.0,RED INTERNET & PHONE CABLE U,0.0
8481,40 - 44,NRW,29.98,39.99,30.0,0.0,RED INTERNET & PHONE CABLE U,1.0
8482,40 - 44,NRW,34.98,39.97,30.0,0.0,VF RIP U-TREUE,1.0
8483,60 - 64,NRW,39.99,47.98,30.0,0.0,VF RIP U-TREUE,0.0
8484,35 - 39,NRW,34.99,44.97,30.0,0.0,RED INTERNET & PHONE CABLE U,1.0
8485,35 - 39,NRW,34.99,29.97,30.0,0.0,VF RIP U-TREUE,1.0
8486,40 - 44,NRW,39.98,44.99,30.0,0.0,RED INTERNET & PHONE CABLE U,1.0
8487,25 - 29,KBW,34.98,34.99,30.0,0.0,VF CABLEMAX,1.0
8488,35 - 39,NRW,44.98,44.98,30.0,0.0,RED INTERNET & PHONE CABLE U,1.0
8489,55 - 59,NRW,39.98,49.99,30.0,0.0,RED INTERNET & PHONE CABLE U,0.0
8490,40 - 44,KBW,39.99,34.99,30.0,0.0,VF CABLEMAX,0.0
8491,40 - 44,KBW,34.98,34.99,30.0,0.0,VF CABLEMAX,1.0
8492,40 - 44,NRW,44.99,29.99,30.0,0.0,GIGAZUHAUSE KABEL,1.0
8493,35 - 39,NRW,34.99,37.99,30.0,0.0,VF RIP U-TREUE,1.0
8494,60 - 64,KBW,44.98,34.99,30.0,0.0,GIGAZUHAUSE KABEL,1.0
8495,30 - 34,NRW,48.99,39.98,30.0,0.0,VF CABLEMAX,1.0
8496,60 - 64,HSN,34.99,49.98,6.0,0.0,GIGAZUHAUSE KABEL,0.0
8497,35 - 39,NRW,32.99,37.99,30.0,0.0,VF RIP U-TREUE,1.0
8498,35 - 39,NRW,34.99,39.99,30.0,0.0,RED INTERNET & PHONE CABLE U,0.0
8499,60 - 64,KBW,44.98,39.97,30.0,0.0,GIGAZUHAUSE KABEL,0.0
8500,55 - 59,KBW,49.99,34.99,30.0,0.0,GIGAZUHAUSE KABEL,0.0
8501,35 - 39,NRW,38.99,34.99,30.0,0.0,RED INTERNET & PHONE CABLE U,1.0
8502,25 - 29,NRW,49.97,44.97,30.0,0.0,VF RIP U-TREUE,1.0
8503,50 - 54,KBW,44.98,39.99,30.0,0.0,RED INTERNET & PHONE CABLE U,0.0
8504,40 - 44,KBW,34.99,44.97,30.0,0.0,VF RIP U-TREUE,1.0
8505,60 - 64,KBW,44.99,44.98,30.0,0.0,RED INTERNET & PHONE CABLE U,0.0
8506,45 - 49,NRW,34.98,39.99,30.0,0.0,VF RIP U-TREUE,1.0
8507,45 - 49,KBW,29.98,39.99,30.0,0.0,VF RIP U-TREUE,0.0
8508,45 - 49,NRW,44.97,39.98,30.0,0.0,RED INTERNET & PHONE CABLE U,1.0
8509,25 - 29,NRW,34.99,32.99,30.0,0.0,VF CABLEMAX,1.0
8510,40 - 44,NRW,39.99,42.99,30.0,0.0,VF RIP U-TREUE,0.0
8511,40 - 44,KBW,34.98,34.99,30.0,0.0,RED INTERNET & PHONE CABLE U,1.0
8512,35 - 39,NRW,34.99,49.99,30.0,0.0,VF RIP U-TREUE,1.0
8513,50 - 54,KBW,39.98,34.98,30.0,0.0,GIGAZUHAUSE KABEL,0.0
8514,25 - 29,NRW,39.99,44.98,30.0,0.0,RED INTERNET & PHONE CABLE U,0.0
8515,50 - 54,KBW,44.98,39.98,30.0,0.0,GIGAZUHAUSE KABEL,0.0
8516,50 - 54,KBW,62.99,49.98,30.0,0.0,RED INTERNET & PHONE CABLE U,1.0
8517,50 - 54,NRW,34.99,44.99,30.0,0.0,GIGAZUHAUSE KABEL,1.0
8518,35 - 39,NRW,49.98,34.99,30.0,0.0,VF CABLEMAX,1.0
8519,60 - 64,KBW,34.99,44.99,30.0,0.0,RED INTERNET & PHONE CABLE U,0.0
8520,35 - 39,NRW,79.99,34.98,30.0,0.0,VF RIP U-TREUE,1.0
8521,55 - 59,NRW,34.99,49.98,30.0,0.0,VF RIP U-TREUE,1.0
8522,25 - 29,NRW,29.97,39.99,30.0,0.0,GIGAZUHAUSE KABEL,0.0
8523,25 - 29,NRW,39.99,39.99,30.0,0.0,RED INTERNET & PHONE CABLE U,0.0
8524,65 - 69,HSN,39.99,39.99,30.0,0.0,RED INTERNET & PHONE CABLE U,0.0
8525,55 - 59,HSN,39.99,44.98,30.0,0.0,RED INTERNET & PHONE CABLE U,0.0
8526,35 - 39,NRW,44.98,44.99,30.0,0.0,RED INTERNET & PHONE CABLE U,1.0
8527,25 - 29,NRW,49.97,47.98,30.0,0.0,GIGAZUHAUSE KABEL,0.0
8528,60 - 64,NRW,44.99,34.98,30.0,0.0,RED INTERNET & PHONE CABLE U,0.0
8529,35 - 39,NRW,44.99,32.98,30.0,0.0,GIGAZUHAUSE KABEL,0.0
8530,55 - 59,NRW,44.98,39.97,30.0,0.0,GIGAZUHAUSE KABEL,0.0
8531,25 - 29,NRW,34.99,37.99,30.0,0.0,RED INTERNET & PHONE CABLE U,1.0
8532,25 - 29,NRW,44.99,39.98,30.0,0.0,RED INTERNET & PHONE CABLE U,0.0
8533,30 - 34,NRW,44.99,29.98,30.0,0.0,VF RIP U-TREUE,0.0
8534,55 - 59,NRW,49.99,39.98,30.0,0.0,VF RIP U-TREUE,1.0
8535,25 - 29,KBW,39.99,34.99,30.0,0.0,RED INTERNET & PHONE CABLE U,0.0
8536,40 - 44,KBW,39.98,44.98,30.0,0.0,VF RIP U-TREUE,1.0
8537,25 - 29,NRW,39.97,39.97,30.0,0.0,VF RIP U-TREUE,0.0
8538,55 - 59,NRW,39.99,44.98,30.0,0.0,RED INTERNET & PHONE CABLE U,0.0
8539,40 - 44,NRW,44.97,44.98,30.0,0.0,VF RIP U-TREUE,0.0
8540,35 - 39,KBW,39.99,44.99,30.0,0.0,RED INTERNET & PHONE CABLE U,1.0
8541,40 - 44,NRW,39.98,39.97,30.0,0.0,VF RIP U-TREUE,1.0
8542,40 - 44,NRW,44.98,34.98,30.0,0.0,VF RIP U-TREUE,1.0
8543,60 - 64,HSN,34.98,39.99,30.0,0.0,GIGAZUHAUSE KABEL,1.0
8544,70 - 74,KBW,49.99,39.99,30.0,0.0,RED INTERNET & PHONE CABLE U,1.0
8545,35 - 39,NRW,44.99,44.99,30.0,0.0,RED INTERNET & PHONE CABLE U,0.0
8546,35 - 39,HSN,39.97,24.98,30.0,0.0,VF CABLEMAX,1.0
8547,30 - 34,NRW,39.99,49.98,30.0,0.0,RED INTERNET & PHONE CABLE U,0.0
8548,50 - 54,NRW,39.99,56.99,30.0,0.0,RED INTERNET & PHONE CABLE U,0.0
8549,30 - 34,KBW,44.98,34.99,30.0,0.0,VF CABLEMAX,1.0
8551,55 - 59,NRW,39.99,47.98,30.0,0.0,VF CABLEMAX,1.0
8552,60 - 64,NRW,49.99,44.97,30.0,0.0,VF RIP U-TREUE,0.0
8553,60 - 64,KBW,49.99,44.97,30.0,0.0,RED INTERNET & PHONE CABLE U,0.0
8554,55 - 59,NRW,39.99,34.99,30.0,0.0,VF CABLEMAX,0.0
8555,45 - 49,KBW,39.98,24.99,30.0,0.0,VF CABLEMAX,0.0
8556,35 - 39,KBW,44.98,34.98,30.0,0.0,GIGAZUHAUSE KABEL,0.0
8557,25 - 29,NRW,44.97,34.98,30.0,0.0,RED INTERNET & PHONE CABLE U,1.0
8558,35 - 39,NRW,44.97,44.99,30.0,0.0,RED INTERNET & PHONE CABLE U,1.0
8559,60 - 64,NRW,34.98,29.99,30.0,0.0,RED INTERNET & PHONE CABLE U,1.0
8560,35 - 39,NRW,54.98,39.99,30.0,0.0,RED INTERNET & PHONE CABLE U,0.0
8561,30 - 34,NRW,34.98,34.99,30.0,0.0,RED INTERNET & PHONE CABLE U,0.0
8562,25 - 29,KBW,39.99,39.99,30.0,0.0,RED INTERNET & PHONE CABLE U,1.0
8563,35 - 39,NRW,34.99,34.99,30.0,0.0,VF RIP U-TREUE,1.0
8564,25 - 29,KBW,44.97,49.98,30.0,0.0,RED INTERNET & PHONE CABLE U,1.0
8565,25 - 29,KBW,44.99,44.99,30.0,0.0,VF RIP U-TREUE,1.0
8566,35 - 39,KBW,44.98,39.99,30.0,0.0,RED INTERNET & PHONE CABLE U,0.0
8567,30 - 34,HSN,49.99,44.98,30.0,0.0,VF RIP U-TREUE,1.0
8568,65 - 69,NRW,44.99,49.98,30.0,0.0,RED INTERNET & PHONE CABLE U,1.0
8569,25 - 29,NRW,39.98,44.99,30.0,0.0,VF RIP U-TREUE,1.0
8570,55 - 59,NRW,54.97,32.99,30.0,0.0,GIGAZUHAUSE KABEL,0.0
8571,45 - 49,NRW,44.97,60.98,30.0,0.0,GIGAZUHAUSE KABEL,0.0
8572,40 - 44,NRW,44.99,39.98,30.0,0.0,RED INTERNET & PHONE CABLE U,1.0
8573,55 - 59,KBW,44.98,44.99,30.0,0.0,VF CABLEMAX,1.0
8574,25 - 29,NRW,34.99,44.98,30.0,0.0,RED INTERNET & PHONE CABLE U,1.0
8575,50 - 54,NRW,44.99,34.97,30.0,0.0,RED INTERNET & PHONE CABLE U,1.0
8576,45 - 49,NRW,39.99,44.99,30.0,0.0,VF CABLEMAX,1.0
8577,25 - 29,KBW,34.98,34.97,30.0,0.0,VF CABLEMAX,0.0
8578,25 - 29,NRW,39.99,29.98,30.0,0.0,RED INTERNET & PHONE CABLE U,0.0
8579,55 - 59,KBW,44.98,44.98,30.0,0.0,RED INTERNET & PHONE CABLE U,1.0
8580,65 - 69,KBW,59.99,39.99,30.0,0.0,GIGAZUHAUSE KABEL,1.0
8581,65 - 69,KBW,49.98,44.98,30.0,0.0,VF RIP U-TREUE,0.0
8582,70 - 74,NRW,39.98,44.99,30.0,0.0,VF RIP U-TREUE,1.0
8583,65 - 69,HSN,39.98,34.99,30.0,0.0,RED INTERNET & PHONE CABLE U,1.0
8584,35 - 39,KBW,39.98,39.97,30.0,0.0,GIGAZUHAUSE KABEL,1.0
8585,40 - 44,NRW,44.98,39.99,30.0,0.0,VF CABLEMAX,1.0
8586,70 - 74,NRW,44.98,39.99,30.0,0.0,RED INTERNET & PHONE CABLE U,0.0
8587,30 - 34,NRW,37.97,42.98,30.0,0.0,GIGAZUHAUSE KABEL,0.0
8588,60 - 64,NRW,34.99,44.98,30.0,0.0,RED INTERNET & PHONE CABLE U,1.0
8589,80 and over,NRW,34.98,54.97,30.0,0.0,VF RIP U-TREUE,0.0
8590,50 - 54,HSN,39.99,44.99,30.0,0.0,VF RIP U-TREUE,1.0
8591,45 - 49,NRW,39.99,39.98,30.0,0.0,RED INTERNET & PHONE CABLE U,1.0
8592,18 - 24,NRW,39.97,34.97,30.0,0.0,RED INTERNET & PHONE CABLE U,0.0
8593,50 - 54,NRW,44.99,49.98,30.0,0.0,VF RIP U-TREUE,1.0
8594,30 - 34,NRW,44.98,44.98,30.0,0.0,GIGAZUHAUSE KABEL,1.0
8595,30 - 34,KBW,29.98,39.98,30.0,0.0,GIGAZUHAUSE KABEL,1.0
8596,65 - 69,NRW,44.99,44.99,30.0,0.0,RED INTERNET & PHONE CABLE U,1.0
8597,35 - 39,KBW,49.98,44.99,30.0,0.0,GIGAZUHAUSE KABEL,0.0
8598,35 - 39,NRW,37.98,39.97,30.0,0.0,VF RIP U-TREUE,0.0
8599,45 - 49,KBW,34.99,44.99,30.0,0.0,GIGAZUHAUSE KABEL,0.0
8600,25 - 29,HSN,34.99,34.99,30.0,0.0,RED INTERNET & PHONE CABLE U,0.0
8601,30 - 34,HSN,44.99,39.99,30.0,0.0,RED INTERNET & PHONE CABLE U,1.0
8602,40 - 44,NRW,49.97,39.99,30.0,0.0,VF RIP U-TREUE,0.0
8603,55 - 59,KBW,49.99,44.99,30.0,0.0,RED INTERNET & PHONE CABLE U,0.0
8604,25 - 29,NRW,49.98,54.98,30.0,0.0,RED INTERNET & PHONE CABLE U,1.0
8605,60 - 64,KBW,49.99,39.98,30.0,0.0,RED INTERNET & PHONE CABLE U,0.0
8606,35 - 39,NRW,42.99,39.99,30.0,0.0,RED INTERNET & PHONE CABLE U,1.0
8607,35 - 39,NRW,39.99,44.98,30.0,0.0,RED INTERNET & PHONE CABLE U,0.0
8608,50 - 54,KBW,54.99,39.98,30.0,0.0,RED INTERNET & PHONE CABLE U,1.0
8609,35 - 39,KBW,52.98,44.99,30.0,0.0,RED INTERNET & PHONE CABLE U,1.0
8610,80 and over,KBW,34.97,39.99,30.0,0.0,RED INTERNET & PHONE CABLE U,1.0
8611,25 - 29,NRW,39.99,48.99,30.0,0.0,RED INTERNET & PHONE CABLE U,0.0
8612,65 - 69,NRW,39.98,44.98,30.0,0.0,RED INTERNET & PHONE CABLE U,1.0
8613,35 - 39,NRW,47.99,44.99,30.0,0.0,RED INTERNET & PHONE CABLE U,1.0
8614,80 and over,NRW,44.98,29.98,30.0,0.0,RED INTERNET & PHONE CABLE U,1.0
8615,35 - 39,HSN,44.98,29.99,30.0,0.0,RED INTERNET & PHONE CABLE U,1.0
8616,50 - 54,NRW,44.97,39.99,30.0,0.0,VF CABLEMAX,0.0
8617,60 - 64,NRW,37.98,39.99,30.0,0.0,VF RIP U-TREUE,0.0
8618,35 - 39,NRW,39.99,29.99,30.0,0.0,RED INTERNET & PHONE CABLE U,1.0
8619,40 - 44,NRW,44.98,49.98,30.0,0.0,RED INTERNET & PHONE CABLE U,1.0
8620,60 - 64,NRW,44.99,47.98,40.0,0.0,GIGAZUHAUSE KABEL,0.0
8621,40 - 44,KBW,39.99,39.99,30.0,0.0,VF RIP U-TREUE,1.0
8622,30 - 34,NRW,44.98,34.99,30.0,0.0,VF RIP U-TREUE,0.0
8623,60 - 64,NRW,39.99,39.98,30.0,0.0,RED INTERNET & PHONE CABLE U,0.0
8624,45 - 49,NRW,39.99,34.99,30.0,0.0,RED INTERNET & PHONE CABLE U,1.0
8625,40 - 44,NRW,34.99,34.99,30.0,0.0,RED INTERNET & PHONE CABLE U,0.0
8626,35 - 39,NRW,44.99,39.98,30.0,0.0,RED INTERNET & PHONE CABLE U,1.0
8627,75 - 79,KBW,34.99,44.99,30.0,0.0,RED INTERNET & PHONE CABLE U,1.0
8628,55 - 59,HSN,44.99,44.98,30.0,0.0,VF CABLEMAX,1.0
8629,40 - 44,KBW,39.99,50.99,30.0,0.0,RED INTERNET & PHONE CABLE U,1.0
8630,35 - 39,NRW,34.99,34.99,30.0,0.0,RED INTERNET & PHONE CABLE U,0.0
8631,55 - 59,NRW,39.98,44.99,30.0,0.0,RED INTERNET & PHONE CABLE U,0.0
8632,70 - 74,KBW,39.98,39.98,30.0,0.0,RED INTERNET & PHONE CABLE U,0.0
8633,60 - 64,HSN,39.97,49.97,30.0,0.0,RED INTERNET & PHONE CABLE U,0.0
8634,50 - 54,KBW,34.99,44.99,30.0,0.0,VF RIP U-TREUE,1.0
8635,35 - 39,HSN,34.98,34.99,30.0,0.0,RED INTERNET & PHONE CABLE U,0.0
8636,55 - 59,NRW,44.99,29.98,30.0,0.0,VF CABLEMAX,1.0
8637,25 - 29,NRW,39.99,39.98,30.0,0.0,RED INTERNET & PHONE CABLE U,1.0
8638,60 - 64,NRW,39.95,44.99,30.0,0.0,RED INTERNET & PHONE CABLE U,1.0
8639,25 - 29,NRW,44.99,34.98,30.0,0.0,RED INTERNET & PHONE CABLE U,1.0
8640,55 - 59,NRW,44.98,44.99,30.0,0.0,GIGAZUHAUSE KABEL,1.0
8641,45 - 49,KBW,34.98,29.97,30.0,0.0,VF RIP U-TREUE,1.0
8642,25 - 29,NRW,53.98,42.99,30.0,0.0,VF CABLEMAX,1.0
8643,35 - 39,NRW,44.98,39.99,30.0,0.0,RED INTERNET & PHONE CABLE U,1.0
8644,25 - 29,KBW,34.97,34.99,30.0,0.0,GIGAZUHAUSE KABEL,1.0
8645,30 - 34,KBW,54.97,39.98,30.0,0.0,RED INTERNET & PHONE CABLE U,1.0
8646,80 and over,NRW,29.99,49.99,30.0,0.0,GIGAZUHAUSE KABEL,0.0
8647,55 - 59,NRW,49.99,34.98,30.0,0.0,RED INTERNET & PHONE CABLE U,1.0
8648,70 - 74,NRW,34.99,44.99,30.0,0.0,RED INTERNET & PHONE CABLE U,1.0
8649,35 - 39,KBW,39.99,39.99,30.0,0.0,RED INTERNET & PHONE CABLE U,1.0
8650,65 - 69,HSN,39.99,34.99,30.0,0.0,VF CABLEMAX,0.0
8651,40 - 44,NRW,49.99,39.98,30.0,0.0,VF CABLEMAX,0.0
8652,65 - 69,KBW,39.97,44.98,6.0,0.0,RED INTERNET & PHONE CABLE U,0.0
8653,50 - 54,KBW,39.98,32.99,30.0,0.0,RED INTERNET & PHONE CABLE U,1.0
8654,40 - 44,NRW,42.97,39.98,30.0,0.0,RED INTERNET & PHONE CABLE U,0.0
8655,35 - 39,NRW,32.99,34.99,30.0,0.0,VF CABLEMAX,0.0
8656,60 - 64,HSN,39.98,34.97,30.0,0.0,GIGAZUHAUSE KABEL,1.0
8657,30 - 34,NRW,44.98,50.97,30.0,0.0,VF RIP U-TREUE,1.0
8658,40 - 44,NRW,39.99,39.98,30.0,0.0,VF CABLEMAX,0.0
8659,45 - 49,NRW,39.97,39.99,30.0,0.0,RED INTERNET & PHONE CABLE U,0.0
8660,50 - 54,HSN,54.99,44.99,30.0,0.0,RED INTERNET & PHONE CABLE U,0.0
8661,70 - 74,KBW,44.99,49.99,30.0,0.0,GIGAZUHAUSE KABEL,0.0
8662,35 - 39,NRW,34.97,44.99,30.0,0.0,VF RIP U-TREUE,0.0
8663,40 - 44,HSN,44.98,42.99,30.0,0.0,GIGAZUHAUSE KABEL,0.0
8664,55 - 59,NRW,44.98,34.98,30.0,0.0,RED INTERNET & PHONE CABLE U,0.0
8665,25 - 29,NRW,44.99,39.98,30.0,0.0,VF CABLEMAX,0.0
8666,50 - 54,HSN,39.99,29.99,30.0,0.0,RED INTERNET & PHONE CABLE U,0.0
8667,30 - 34,KBW,44.99,44.99,30.0,0.0,RED INTERNET & PHONE CABLE U,0.0
8668,35 - 39,KBW,49.99,34.99,30.0,0.0,VF CABLEMAX,0.0
8669,55 - 59,KBW,38.99,54.97,30.0,0.0,VF CABLEMAX,0.0
8670,40 - 44,NRW,44.99,32.98,30.0,0.0,GIGAZUHAUSE TREUE B,0.0
8671,40 - 44,KBW,24.99,39.98,30.0,0.0,RED INTERNET & PHONE CABLE U,0.0
8672,35 - 39,NRW,42.97,47.99,30.0,0.0,VF RIP U-TREUE,1.0
8673,65 - 69,NRW,34.99,34.98,30.0,0.0,VF CABLEMAX,0.0
8674,30 - 34,NRW,47.98,34.99,4.0,0.0,RED INTERNET & PHONE CABLE U,0.0
8675,50 - 54,NRW,49.99,39.99,30.0,0.0,RED INTERNET & PHONE CABLE U,1.0
8676,65 - 69,KBW,34.99,39.98,30.0,0.0,RED INTERNET & PHONE CABLE U,1.0
8677,35 - 39,NRW,52.98,34.97,30.0,0.0,GIGAZUHAUSE KABEL,1.0
8678,65 - 69,NRW,39.99,29.99,30.0,0.0,RED INTERNET & PHONE CABLE U,1.0
8679,25 - 29,NRW,49.99,39.98,30.0,0.0,VF RIP U-TREUE,0.0
8680,65 - 69,NRW,39.99,44.98,30.0,0.0,RED INTERNET & PHONE CABLE U,1.0
8681,35 - 39,NRW,44.99,34.99,30.0,0.0,RED INTERNET & PHONE CABLE U,1.0
8682,35 - 39,NRW,32.99,39.99,30.0,0.0,GIGAZUHAUSE KABEL,0.0
8683,30 - 34,NRW,44.98,39.98,30.0,0.0,RED INTERNET & PHONE CABLE U,0.0
8684,30 - 34,KBW,37.99,34.99,30.0,0.0,VF RIP U-TREUE,1.0
8685,35 - 39,KBW,34.98,47.98,30.0,0.0,RED INTERNET & PHONE CABLE U,0.0
8686,30 - 34,KBW,44.99,44.99,30.0,0.0,VF CABLEMAX,0.0
8687,18 - 24,NRW,34.97,44.99,30.0,0.0,RED INTERNET & PHONE CABLE U,1.0
8688,25 - 29,NRW,44.98,39.98,30.0,0.0,VF RIP U-TREUE,0.0
8689,70 - 74,KBW,39.98,44.99,30.0,0.0,RED INTERNET & PHONE CABLE U,1.0
8690,30 - 34,KBW,39.99,39.98,30.0,0.0,RED INTERNET & PHONE CABLE U,0.0
8691,35 - 39,NRW,34.99,54.99,30.0,0.0,RED INTERNET & PHONE CABLE U,1.0
8692,35 - 39,NRW,42.99,29.99,30.0,0.0,RED INTERNET & PHONE CABLE U,0.0
8693,35 - 39,NRW,49.99,39.99,30.0,0.0,VF RIP U-TREUE,1.0
8694,40 - 44,NRW,32.99,49.98,30.0,0.0,GIGAZUHAUSE KABEL,0.0
8695,70 - 74,NRW,39.98,39.99,30.0,0.0,RED INTERNET & PHONE CABLE U,1.0
8696,40 - 44,NRW,44.99,29.99,30.0,0.0,RED INTERNET & PHONE CABLE U,0.0
8697,40 - 44,NRW,39.98,44.99,30.0,0.0,VF RIP U-TREUE,0.0
8698,40 - 44,NRW,39.98,39.98,30.0,0.0,RED INTERNET & PHONE CABLE U,1.0
8699,45 - 49,NRW,44.99,39.99,30.0,0.0,VF CABLEMAX,1.0
8700,45 - 49,NRW,34.99,44.98,30.0,0.0,RED INTERNET & PHONE CABLE U,0.0
8701,35 - 39,NRW,34.98,44.99,30.0,0.0,VF RIP U-TREUE,0.0
8702,30 - 34,NRW,39.99,44.97,30.0,0.0,VF RIP U-TREUE,1.0
8703,30 - 34,KBW,44.98,44.98,30.0,0.0,RED INTERNET & PHONE CABLE U,1.0
8704,55 - 59,NRW,34.98,44.99,30.0,0.0,GIGAZUHAUSE KABEL,0.0
8705,35 - 39,NRW,49.97,34.98,30.0,0.0,GIGAZUHAUSE KABEL,0.0
8706,35 - 39,KBW,44.96,39.97,30.0,0.0,VF RIP U-TREUE,1.0
8707,25 - 29,NRW,34.98,49.98,30.0,0.0,RED INTERNET & PHONE CABLE U,1.0
8708,35 - 39,NRW,42.98,44.98,30.0,0.0,VF CABLEMAX,0.0
8709,60 - 64,NRW,39.98,44.99,30.0,0.0,VF CABLEMAX,0.0
8710,30 - 34,NRW,44.99,34.98,30.0,0.0,VF RIP U-TREUE,0.0
8711,25 - 29,NRW,52.98,34.99,30.0,0.0,RED INTERNET & PHONE CABLE U,0.0
8712,30 - 34,KBW,44.98,44.98,30.0,0.0,RED INTERNET & PHONE CABLE U,0.0
8713,65 - 69,NRW,49.98,34.99,30.0,0.0,VF CABLEMAX,0.0
8714,55 - 59,KBW,37.99,29.99,30.0,0.0,GIGAZUHAUSE KABEL,0.0
8715,70 - 74,KBW,39.98,34.98,30.0,0.0,RED INTERNET & PHONE CABLE U,0.0
8716,65 - 69,NRW,44.99,44.97,30.0,0.0,VF RIP U-TREUE,1.0
8717,55 - 59,NRW,39.98,39.98,30.0,0.0,GIGAZUHAUSE KABEL,0.0
8718,35 - 39,KBW,44.97,39.99,30.0,0.0,RED INTERNET & PHONE CABLE U,1.0
8719,45 - 49,NRW,44.98,49.99,30.0,0.0,RED INTERNET & PHONE CABLE U,1.0
8720,40 - 44,NRW,39.98,39.98,30.0,0.0,RED INTERNET & PHONE CABLE U,0.0
8721,30 - 34,KBW,44.98,39.98,30.0,0.0,VF RIP U-TREUE,0.0
8722,40 - 44,NRW,39.99,39.99,30.0,0.0,VF CABLEMAX,0.0
8723,25 - 29,NRW,34.99,32.98,30.0,0.0,GIGAZUHAUSE KABEL,0.0
8724,30 - 34,NRW,34.97,29.97,30.0,0.0,VF CABLEMAX,0.0
8725,45 - 49,NRW,34.99,44.97,30.0,0.0,RED INTERNET & PHONE CABLE U,0.0
8726,40 - 44,KBW,39.99,47.99,30.0,0.0,VF CABLEMAX,1.0
8727,60 - 64,NRW,39.97,34.99,30.0,0.0,RED INTERNET & PHONE CABLE U,0.0
8728,30 - 34,KBW,34.99,34.99,30.0,0.0,GIGAZUHAUSE KABEL,0.0
8729,40 - 44,NRW,44.99,34.98,30.0,0.0,RED INTERNET & PHONE CABLE U,1.0
8730,25 - 29,NRW,39.99,44.98,30.0,0.0,GIGAZUHAUSE KABEL,1.0
8731,40 - 44,KBW,29.99,34.99,30.0,0.0,RED INTERNET & PHONE CABLE U,1.0
8732,25 - 29,NRW,44.98,39.99,30.0,0.0,VF CABLEMAX,0.0
8733,25 - 29,NRW,44.98,37.98,30.0,0.0,VF RIP U-TREUE,1.0
8734,70 - 74,NRW,29.98,44.98,30.0,0.0,VF CABLEMAX,0.0
8735,35 - 39,KBW,44.98,39.99,30.0,0.0,RED INTERNET & PHONE CABLE U,0.0
8736,70 - 74,KBW,37.98,44.98,30.0,0.0,RED INTERNET & PHONE CABLE U,0.0
8737,18 - 24,NRW,39.98,34.99,30.0,0.0,RED INTERNET & PHONE CABLE U,0.0
8738,25 - 29,NRW,49.97,44.98,30.0,0.0,RED INTERNET & PHONE CABLE U,0.0
8739,55 - 59,NRW,49.97,44.98,30.0,0.0,GIGAZUHAUSE KABEL,1.0
8740,35 - 39,KBW,39.98,32.99,30.0,0.0,RED INTERNET & PHONE CABLE U,1.0
8741,45 - 49,NRW,44.98,39.99,30.0,0.0,RED INTERNET & PHONE CABLE U,1.0
8742,25 - 29,HSN,39.99,39.99,30.0,0.0,RED INTERNET & PHONE CABLE U,1.0
8743,45 - 49,NRW,29.98,34.98,30.0,0.0,RED INTERNET & PHONE CABLE U,0.0
8744,45 - 49,NRW,44.97,49.99,30.0,0.0,GIGAZUHAUSE KABEL,1.0
8745,25 - 29,NRW,54.98,44.98,30.0,0.0,VF RIP U-TREUE,1.0
8746,30 - 34,NRW,49.99,34.99,30.0,0.0,RED INTERNET & PHONE CABLE U,1.0
8747,45 - 49,NRW,34.99,44.99,30.0,0.0,GIGAZUHAUSE KABEL,0.0
8748,25 - 29,NRW,39.99,39.98,30.0,0.0,VF CABLEMAX,1.0
8749,25 - 29,NRW,49.98,34.99,30.0,0.0,VF RIP U-TREUE,0.0
8750,50 - 54,NRW,47.99,54.99,30.0,0.0,RED INTERNET & PHONE CABLE U,1.0
8751,60 - 64,NRW,34.98,29.99,30.0,0.0,RED INTERNET & PHONE CABLE U,0.0
8752,30 - 34,NRW,34.97,39.99,30.0,0.0,RED INTERNET & PHONE CABLE U,1.0
8753,25 - 29,KBW,39.99,34.99,30.0,0.0,RED INTERNET & PHONE CABLE U,1.0
8754,45 - 49,NRW,44.98,44.99,30.0,0.0,VF CABLEMAX,1.0
8755,60 - 64,KBW,34.99,44.97,30.0,0.0,RED INTERNET & PHONE CABLE U,0.0
8756,60 - 64,KBW,39.97,32.98,30.0,0.0,VF CABLEMAX,1.0
8757,30 - 34,HSN,49.99,32.99,30.0,0.0,RED INTERNET & PHONE CABLE U,1.0
8758,30 - 34,NRW,49.98,39.97,30.0,0.0,RED INTERNET & PHONE CABLE U,1.0
8759,60 - 64,KBW,39.99,39.96,30.0,0.0,VF CABLEMAX,1.0
8760,40 - 44,NRW,39.98,34.99,30.0,0.0,VF RIP U-TREUE,0.0
8761,40 - 44,KBW,34.99,34.99,30.0,0.0,RED INTERNET & PHONE CABLE U,0.0
8762,40 - 44,HSN,39.98,34.99,30.0,0.0,VF RIP U-TREUE,0.0
8763,35 - 39,NRW,44.99,34.98,30.0,0.0,GIGAZUHAUSE KABEL,0.0
8764,35 - 39,HSN,39.99,29.99,30.0,0.0,VF RIP U-TREUE,0.0
8765,40 - 44,HSN,44.99,29.99,30.0,0.0,RED INTERNET & PHONE CABLE U,0.0
8766,50 - 54,NRW,32.97,49.98,30.0,0.0,VF RIP U-TREUE,1.0
8767,35 - 39,KBW,42.99,44.98,30.0,0.0,RED INTERNET & PHONE CABLE U,1.0
8768,30 - 34,NRW,49.99,39.98,30.0,0.0,RED INTERNET & PHONE CABLE U,0.0
8769,35 - 39,KBW,44.99,49.98,30.0,0.0,3PLAY,0.0
8770,45 - 49,NRW,44.98,34.97,30.0,0.0,RED INTERNET & PHONE CABLE U,0.0
8771,30 - 34,NRW,39.99,44.99,30.0,0.0,VF CABLEMAX,1.0
8772,40 - 44,KBW,29.99,39.98,30.0,0.0,RED INTERNET & PHONE CABLE U,1.0
8773,25 - 29,NRW,44.98,34.99,30.0,0.0,VF CABLEMAX,0.0
8774,35 - 39,KBW,34.97,39.99,30.0,0.0,RED INTERNET & PHONE CABLE U,0.0
8775,50 - 54,KBW,34.98,44.98,30.0,0.0,RED INTERNET & PHONE CABLE U,1.0
8776,60 - 64,HSN,34.98,34.98,30.0,0.0,GIGAZUHAUSE KABEL,0.0
8777,35 - 39,HSN,34.99,34.99,30.0,0.0,VF RIP U-TREUE,0.0
8778,50 - 54,KBW,44.99,39.99,30.0,0.0,RED INTERNET & PHONE CABLE U,0.0
8779,40 - 44,KBW,49.97,34.99,30.0,0.0,RED INTERNET & PHONE CABLE U,1.0
8780,30 - 34,HSN,44.96,34.99,30.0,0.0,RED INTERNET & PHONE CABLE U,0.0
8781,35 - 39,NRW,44.99,44.99,30.0,0.0,VF RIP U-TREUE,0.0
8782,35 - 39,NRW,39.99,34.99,30.0,0.0,RED INTERNET & PHONE CABLE U,1.0
8783,40 - 44,KBW,34.98,39.98,30.0,0.0,VF CABLEMAX,0.0
8784,80 and over,HSN,34.98,42.99,30.0,0.0,VF RIP U-TREUE,1.0
8785,40 - 44,NRW,39.99,39.99,30.0,0.0,RED INTERNET & PHONE CABLE U,0.0
8786,30 - 34,NRW,44.97,34.99,30.0,0.0,RED INTERNET & PHONE CABLE U,0.0
8787,30 - 34,KBW,39.99,73.99,30.0,0.0,RED INTERNET & PHONE CABLE U,1.0
8788,35 - 39,NRW,39.99,34.98,30.0,0.0,RED INTERNET & PHONE CABLE U,1.0
8789,30 - 34,KBW,44.99,34.99,30.0,0.0,VF RIP U-TREUE,1.0
8790,40 - 44,NRW,44.99,44.99,30.0,0.0,RED INTERNET & PHONE CABLE U,1.0
8791,55 - 59,NRW,39.98,39.99,30.0,0.0,VF RIP U-TREUE,0.0
8792,30 - 34,NRW,34.99,52.99,30.0,0.0,RED INTERNET & PHONE CABLE U,1.0
8793,25 - 29,NRW,44.99,29.99,30.0,0.0,RED INTERNET & PHONE CABLE U,0.0
8794,35 - 39,NRW,44.98,49.99,30.0,0.0,RED INTERNET & PHONE CABLE U,1.0
8795,35 - 39,NRW,44.99,44.99,30.0,0.0,VF RIP U-TREUE,0.0
8796,60 - 64,NRW,34.99,44.99,30.0,0.0,RED INTERNET & PHONE CABLE U,1.0
8797,60 - 64,HSN,44.99,39.98,30.0,0.0,VF RIP U-TREUE,0.0
8798,55 - 59,NRW,44.98,44.99,30.0,0.0,GIGAZUHAUSE KABEL,0.0
8799,50 - 54,NRW,34.98,44.98,30.0,0.0,GIGAZUHAUSE KABEL,0.0
8800,70 - 74,NRW,34.98,42.99,30.0,0.0,VF RIP U-TREUE,1.0
8801,45 - 49,NRW,29.98,29.99,30.0,0.0,VF CABLEMAX,0.0
8802,30 - 34,HSN,34.99,39.99,30.0,0.0,RED INTERNET & PHONE CABLE U,1.0
8803,25 - 29,NRW,44.99,29.97,30.0,0.0,GIGAZUHAUSE KABEL,1.0
8804,65 - 69,NRW,39.98,44.98,30.0,0.0,RED INTERNET & PHONE CABLE U,0.0
8805,55 - 59,NRW,29.99,39.99,30.0,0.0,VF RIP U-TREUE,1.0
8806,35 - 39,NRW,44.99,34.97,30.0,0.0,RED INTERNET & PHONE CABLE U,0.0
8807,55 - 59,NRW,44.99,39.99,30.0,0.0,VF RIP U-TREUE,1.0
8808,25 - 29,NRW,34.99,44.97,30.0,0.0,RED INTERNET & PHONE CABLE U,1.0
8809,55 - 59,NRW,34.99,42.99,30.0,0.0,VF CABLEMAX,1.0
8810,25 - 29,HSN,44.98,39.98,30.0,0.0,VF CABLEMAX,0.0
8811,50 - 54,NRW,34.98,34.99,30.0,0.0,VF RIP U-TREUE,0.0
8812,45 - 49,NRW,44.99,34.99,30.0,0.0,RED INTERNET & PHONE CABLE U,1.0
8813,25 - 29,NRW,39.99,34.98,30.0,0.0,RED INTERNET & PHONE CABLE U,1.0
8814,55 - 59,KBW,39.98,39.99,30.0,0.0,VF CABLEMAX,0.0
8815,70 - 74,KBW,24.98,39.96,30.0,0.0,VF CABLEMAX,1.0
8816,55 - 59,NRW,47.98,34.99,30.0,0.0,VF CABLEMAX,0.0
8817,35 - 39,NRW,34.98,44.98,30.0,0.0,RED INTERNET & PHONE CABLE U,0.0
8818,35 - 39,NRW,39.99,54.99,30.0,0.0,RED INTERNET & PHONE CABLE U,0.0
8819,30 - 34,NRW,44.98,44.99,30.0,0.0,VF CABLEMAX,0.0
8820,65 - 69,KBW,39.97,44.99,30.0,0.0,GIGAZUHAUSE KABEL,1.0
8821,35 - 39,NRW,39.98,49.99,30.0,0.0,VF RIP U-TREUE,1.0
8822,30 - 34,NRW,39.99,39.99,30.0,0.0,RED INTERNET & PHONE CABLE U,0.0
8823,25 - 29,NRW,39.98,34.99,30.0,0.0,GIGAZUHAUSE KABEL,0.0
8824,35 - 39,HSN,34.99,54.99,30.0,0.0,RED INTERNET & PHONE CABLE U,0.0
8825,80 and over,KBW,44.99,39.98,30.0,0.0,VF RIP U-TREUE,1.0
8826,50 - 54,NRW,44.99,44.98,30.0,0.0,RED INTERNET & PHONE CABLE U,1.0
8827,35 - 39,NRW,49.99,49.98,30.0,0.0,VF RIP U-TREUE,0.0
8828,25 - 29,KBW,39.99,44.99,30.0,0.0,VF CABLEMAX,0.0
8829,45 - 49,KBW,34.98,39.99,30.0,0.0,GIGAZUHAUSE TREUE B,1.0
8830,60 - 64,NRW,44.99,44.98,30.0,0.0,RED INTERNET & PHONE CABLE U,1.0
8831,35 - 39,NRW,39.97,44.98,30.0,0.0,RED INTERNET & PHONE CABLE U,1.0
8832,35 - 39,NRW,34.99,49.99,30.0,0.0,VF RIP U-TREUE,1.0
8833,55 - 59,NRW,34.98,29.99,30.0,0.0,VF RIP U-TREUE,1.0
8834,30 - 34,NRW,44.98,34.99,30.0,0.0,RED INTERNET & PHONE CABLE U,1.0
8835,45 - 49,NRW,49.99,32.99,30.0,0.0,VF RIP U-TREUE,1.0
8836,35 - 39,NRW,44.98,34.99,30.0,0.0,RED INTERNET & PHONE CABLE U,1.0
8837,55 - 59,NRW,49.98,34.99,30.0,0.0,VF RIP U-TREUE,1.0
8838,55 - 59,NRW,44.99,44.99,30.0,0.0,RED INTERNET & PHONE CABLE U,0.0
8839,40 - 44,NRW,34.99,44.98,30.0,0.0,RED INTERNET & PHONE CABLE U,0.0
8840,40 - 44,NRW,44.97,39.98,30.0,0.0,VF CABLEMAX,1.0
8841,60 - 64,NRW,44.99,44.99,30.0,0.0,RED INTERNET & PHONE CABLE U,0.0
8842,35 - 39,NRW,39.99,39.98,30.0,0.0,RED INTERNET & PHONE CABLE U,1.0
8843,50 - 54,NRW,39.99,44.98,30.0,0.0,RED INTERNET & PHONE CABLE U,1.0
8844,25 - 29,NRW,34.99,34.99,30.0,0.0,VF RIP U-TREUE,0.0
8845,40 - 44,NRW,44.99,44.98,30.0,0.0,GIGAZUHAUSE KABEL,1.0
8846,30 - 34,NRW,34.99,49.99,30.0,0.0,RED INTERNET & PHONE CABLE U,1.0
8847,40 - 44,KBW,37.99,44.99,30.0,0.0,RED INTERNET & PHONE CABLE U,1.0
8848,65 - 69,NRW,39.98,44.98,30.0,0.0,RED INTERNET & PHONE CABLE U,1.0
8849,45 - 49,KBW,44.99,49.99,30.0,0.0,VF CABLEMAX,1.0
8850,35 - 39,HSN,44.98,34.98,30.0,0.0,RED INTERNET & PHONE CABLE U,0.0
8851,25 - 29,NRW,44.99,44.99,30.0,0.0,RED INTERNET & PHONE CABLE U,1.0
8852,35 - 39,KBW,32.98,39.98,30.0,0.0,RED INTERNET & PHONE CABLE U,0.0
8853,35 - 39,KBW,34.99,39.99,30.0,0.0,VF RIP U-TREUE,0.0
8854,45 - 49,NRW,34.99,39.98,30.0,0.0,VF RIP U-TREUE,1.0
8855,60 - 64,KBW,44.98,34.98,30.0,0.0,GIGAZUHAUSE KABEL,1.0
8856,30 - 34,KBW,34.98,39.98,30.0,0.0,RED INTERNET & PHONE CABLE U,0.0
8857,35 - 39,NRW,44.98,44.98,30.0,0.0,RED INTERNET & PHONE CABLE U,0.0
8858,25 - 29,NRW,44.98,39.99,30.0,0.0,RED INTERNET & PHONE CABLE U,0.0
8859,60 - 64,NRW,44.98,49.98,30.0,0.0,RED INTERNET & PHONE CABLE U,1.0
8860,30 - 34,KBW,44.99,44.99,30.0,0.0,RED INTERNET & PHONE CABLE U,1.0
8861,55 - 59,NRW,44.98,44.99,30.0,0.0,RED INTERNET & PHONE CABLE U,0.0
8862,45 - 49,KBW,44.99,29.99,30.0,0.0,VF RIP U-TREUE,1.0
8863,30 - 34,NRW,49.99,44.99,30.0,0.0,RED INTERNET & PHONE CABLE U,0.0
8864,65 - 69,KBW,49.99,32.98,30.0,0.0,RED INTERNET & PHONE CABLE U,0.0
8865,50 - 54,NRW,44.99,49.99,30.0,0.0,RED INTERNET & PHONE CABLE U,0.0
8866,25 - 29,KBW,34.99,34.99,30.0,0.0,VF RIP U-TREUE,0.0
8867,40 - 44,KBW,39.99,34.98,30.0,0.0,RED INTERNET & PHONE CABLE U,0.0
8868,35 - 39,KBW,39.99,44.99,30.0,0.0,GIGAZUHAUSE KABEL,0.0
8869,45 - 49,HSN,44.98,49.98,30.0,0.0,RED INTERNET & PHONE CABLE U,1.0
8870,40 - 44,HSN,39.99,34.99,30.0,0.0,GIGAZUHAUSE KABEL,1.0
8871,35 - 39,NRW,34.99,39.99,30.0,0.0,RED INTERNET & PHONE CABLE U,0.0
8872,25 - 29,NRW,44.99,39.99,30.0,0.0,VF RIP U-TREUE,0.0
8873,30 - 34,KBW,39.98,44.99,30.0,0.0,RED INTERNET & PHONE CABLE U,0.0
8874,60 - 64,KBW,42.99,44.98,30.0,0.0,RED INTERNET & PHONE CABLE U,1.0
8875,25 - 29,NRW,34.97,44.98,30.0,0.0,RED INTERNET & PHONE CABLE U,1.0
8876,30 - 34,HSN,39.97,37.98,30.0,0.0,VF RIP U-TREUE,0.0
8877,25 - 29,KBW,49.97,39.98,30.0,0.0,GIGAZUHAUSE KABEL,0.0
8878,55 - 59,KBW,49.99,39.99,30.0,0.0,RED INTERNET & PHONE CABLE U,0.0
8879,40 - 44,NRW,34.98,44.99,30.0,0.0,GIGAZUHAUSE KABEL,0.0
8880,40 - 44,NRW,34.99,42.98,30.0,0.0,RED INTERNET & PHONE CABLE U,1.0
8881,45 - 49,NRW,32.99,44.99,30.0,0.0,RED INTERNET & PHONE CABLE U,1.0
8882,45 - 49,KBW,44.99,44.99,30.0,0.0,RED INTERNET & PHONE CABLE U,0.0
8883,30 - 34,KBW,37.98,44.98,30.0,0.0,VF CABLEMAX,0.0
8884,40 - 44,KBW,44.99,39.99,30.0,0.0,RED INTERNET & PHONE CABLE U,0.0
8885,35 - 39,NRW,44.98,44.99,30.0,0.0,GIGAZUHAUSE KABEL,0.0
8886,55 - 59,NRW,44.99,39.98,30.0,0.0,GIGAZUHAUSE KABEL,0.0
8887,30 - 34,NRW,34.99,49.99,30.0,0.0,RED INTERNET & PHONE CABLE U,1.0
8888,35 - 39,NRW,49.99,29.98,30.0,0.0,RED INTERNET & PHONE CABLE U,0.0
8889,50 - 54,KBW,42.99,37.99,30.0,0.0,RED INTERNET & PHONE CABLE U,0.0
8890,60 - 64,HSN,34.99,39.99,30.0,0.0,RED INTERNET & PHONE CABLE U,0.0
8891,25 - 29,KBW,34.99,48.98,30.0,0.0,VF RIP U-TREUE,1.0
8892,60 - 64,KBW,39.99,39.98,30.0,0.0,GIGAZUHAUSE KABEL,0.0
8893,60 - 64,NRW,49.97,42.99,30.0,0.0,VF RIP U-TREUE,1.0
8894,70 - 74,NRW,44.99,32.96,30.0,0.0,VF CABLEMAX,0.0
8895,30 - 34,KBW,39.99,34.99,30.0,0.0,VF RIP U-TREUE,1.0
8896,30 - 34,NRW,49.99,34.99,30.0,0.0,VF RIP U-TREUE,1.0
8897,30 - 34,KBW,39.99,44.99,30.0,0.0,GIGAZUHAUSE KABEL,0.0
8898,25 - 29,NRW,44.99,44.99,30.0,0.0,RED INTERNET & PHONE CABLE U,1.0
8899,40 - 44,NRW,34.98,34.99,30.0,0.0,RED INTERNET & PHONE CABLE U,0.0
8900,45 - 49,NRW,34.97,39.99,30.0,0.0,VF CABLEMAX,0.0
8901,60 - 64,NRW,39.99,39.99,30.0,0.0,GIGAZUHAUSE KABEL,1.0
8902,50 - 54,NRW,39.97,49.98,30.0,0.0,GIGAZUHAUSE KABEL,0.0
8903,55 - 59,NRW,34.99,39.98,30.0,0.0,RED INTERNET & PHONE CABLE U,1.0
8904,35 - 39,NRW,39.98,39.98,30.0,0.0,VF RIP U-TREUE,1.0
8905,50 - 54,HSN,39.99,44.99,30.0,0.0,VF RIP U-TREUE,0.0
8906,70 - 74,KBW,44.99,44.98,30.0,0.0,VF CABLEMAX,0.0
8907,60 - 64,NRW,44.99,34.99,30.0,0.0,RED INTERNET & PHONE CABLE U,1.0
8908,55 - 59,NRW,49.99,44.99,30.0,0.0,VF RIP U-TREUE,1.0
8909,35 - 39,NRW,44.98,29.99,30.0,0.0,VF RIP U-TREUE,0.0
8910,25 - 29,NRW,34.98,34.98,30.0,0.0,VF CABLEMAX,1.0
8911,65 - 69,NRW,29.98,44.98,30.0,0.0,VF CABLEMAX,1.0
8912,55 - 59,KBW,44.99,39.96,30.0,0.0,VF RIP U-TREUE,0.0
8913,45 - 49,NRW,69.98,34.98,30.0,0.0,RED INTERNET & PHONE CABLE U,1.0
8914,25 - 29,KBW,44.98,39.96,30.0,0.0,VF CABLEMAX,0.0
8915,55 - 59,HSN,34.99,44.98,30.0,0.0,VF RIP U-TREUE,1.0
8916,35 - 39,NRW,44.96,39.99,30.0,0.0,RED INTERNET & PHONE CABLE U,0.0
8917,60 - 64,NRW,34.99,39.99,30.0,0.0,RED INTERNET & PHONE CABLE U,0.0
8918,50 - 54,KBW,49.98,44.99,30.0,0.0,VF RIP U-TREUE,1.0
8919,50 - 54,NRW,34.98,37.99,30.0,0.0,RED INTERNET & PHONE CABLE U,1.0
8920,30 - 34,KBW,42.99,39.99,30.0,0.0,VF RIP U-TREUE,1.0
8921,35 - 39,NRW,42.98,34.96,30.0,0.0,GIGAZUHAUSE KABEL,0.0
8922,25 - 29,NRW,39.98,44.98,30.0,0.0,VF CABLEMAX,1.0
8923,35 - 39,KBW,34.98,49.98,30.0,0.0,RED INTERNET & PHONE CABLE U,1.0
8924,55 - 59,NRW,39.99,43.98,30.0,0.0,RED INTERNET & PHONE CABLE U,0.0
8925,30 - 34,KBW,34.99,42.99,30.0,0.0,RED INTERNET & PHONE CABLE U,1.0
8926,35 - 39,KBW,40.98,44.98,30.0,0.0,VF CABLEMAX,0.0
8927,50 - 54,NRW,44.98,37.99,30.0,0.0,VF RIP U-TREUE,0.0
8928,30 - 34,KBW,43.99,39.99,30.0,0.0,RED INTERNET & PHONE CABLE U,0.0
8929,35 - 39,KBW,44.98,49.98,30.0,0.0,VF CABLEMAX,0.0
8930,60 - 64,NRW,29.99,39.99,30.0,0.0,RED INTERNET & PHONE CABLE U,1.0
8931,25 - 29,KBW,44.99,44.98,30.0,0.0,VF RIP U-TREUE,0.0
8932,35 - 39,NRW,39.98,44.97,30.0,0.0,VF RIP U-TREUE,1.0
8933,40 - 44,NRW,39.99,34.99,30.0,0.0,RED INTERNET & PHONE CABLE U,0.0
8934,35 - 39,NRW,42.99,47.99,30.0,0.0,RED INTERNET & PHONE CABLE U,1.0
8935,35 - 39,NRW,34.98,44.98,30.0,0.0,RED INTERNET & PHONE CABLE U,0.0
8936,35 - 39,HSN,39.99,34.98,12.0,0.0,GIGAZUHAUSE KABEL,0.0
8937,40 - 44,NRW,39.99,49.99,30.0,0.0,GIGAZUHAUSE KABEL,1.0
8938,35 - 39,NRW,44.98,29.99,30.0,0.0,RED INTERNET & PHONE CABLE U,0.0
8939,35 - 39,KBW,39.99,39.98,30.0,0.0,RED INTERNET & PHONE CABLE U,0.0
8940,60 - 64,KBW,29.97,44.98,30.0,0.0,RED INTERNET & PHONE CABLE U,0.0
8941,50 - 54,KBW,47.99,39.98,30.0,0.0,RED INTERNET & PHONE CABLE U,0.0
8942,60 - 64,NRW,44.98,39.98,30.0,0.0,RED INTERNET & PHONE CABLE U,0.0
8943,25 - 29,NRW,49.98,59.99,30.0,0.0,RED INTERNET & PHONE CABLE U,0.0
8944,60 - 64,NRW,34.98,44.99,30.0,0.0,RED INTERNET & PHONE CABLE U,0.0
8945,55 - 59,KBW,39.99,44.99,30.0,0.0,RED INTERNET & PHONE CABLE U,0.0
8946,25 - 29,KBW,34.98,44.99,30.0,0.0,GIGAZUHAUSE TREUE B,0.0
8947,50 - 54,NRW,44.99,44.98,30.0,0.0,VF CABLEMAX,0.0
8948,55 - 59,KBW,44.99,29.98,30.0,0.0,RED INTERNET & PHONE CABLE U,1.0
8949,35 - 39,NRW,39.99,44.98,30.0,0.0,RED INTERNET & PHONE CABLE U,0.0
8950,40 - 44,NRW,33.98,44.98,30.0,0.0,VF RIP U-TREUE,1.0
8951,40 - 44,NRW,34.98,44.99,30.0,0.0,RED INTERNET & PHONE CABLE U,0.0
8952,35 - 39,NRW,44.98,32.98,30.0,0.0,VF RIP U-TREUE,1.0
8953,50 - 54,KBW,34.97,44.97,30.0,0.0,VF RIP U-TREUE,0.0
8954,30 - 34,NRW,44.99,39.99,30.0,0.0,RED INTERNET & PHONE CABLE U,0.0
8955,50 - 54,NRW,54.98,34.99,30.0,0.0,RED INTERNET & PHONE CABLE U,1.0
8956,40 - 44,KBW,44.98,34.97,30.0,0.0,VF CABLEMAX,0.0
8957,35 - 39,NRW,39.99,44.98,30.0,0.0,RED INTERNET & PHONE CABLE U,0.0
8958,30 - 34,KBW,44.99,44.98,30.0,0.0,RED INTERNET & PHONE CABLE U,1.0
8959,30 - 34,NRW,44.99,39.97,30.0,0.0,RED INTERNET & PHONE CABLE U,0.0
8960,50 - 54,KBW,44.97,44.99,30.0,0.0,RED INTERNET & PHONE CABLE U,0.0
8961,60 - 64,KBW,44.98,44.99,30.0,0.0,VF RIP U-TREUE,1.0
8962,35 - 39,KBW,49.98,34.99,30.0,0.0,GIGAZUHAUSE KABEL,0.0
8963,70 - 74,NRW,34.99,39.99,30.0,0.0,RED INTERNET & PHONE CABLE U,0.0
8964,40 - 44,KBW,44.97,39.99,30.0,0.0,GIGAZUHAUSE KABEL,1.0
8965,30 - 34,NRW,44.99,34.99,30.0,0.0,VF RIP U-TREUE,1.0
8966,40 - 44,NRW,49.99,44.99,30.0,0.0,RED INTERNET & PHONE CABLE U,0.0
8967,25 - 29,NRW,39.97,39.98,30.0,0.0,RED INTERNET & PHONE CABLE U,0.0
8968,30 - 34,NRW,44.98,39.99,30.0,0.0,GIGAZUHAUSE KABEL,0.0
8969,25 - 29,NRW,39.98,34.97,30.0,0.0,VF CABLEMAX,1.0
8970,50 - 54,NRW,44.98,44.98,30.0,0.0,VF CABLEMAX,1.0
8971,50 - 54,NRW,44.98,44.98,30.0,0.0,RED INTERNET & PHONE CABLE U,1.0
8972,55 - 59,NRW,49.99,44.99,30.0,0.0,RED INTERNET & PHONE CABLE U,0.0
8973,40 - 44,NRW,44.99,32.99,30.0,0.0,VF CABLEMAX,0.0
8974,30 - 34,NRW,39.99,39.99,30.0,0.0,GIGAZUHAUSE KABEL,0.0
8975,40 - 44,HSN,44.98,34.99,30.0,0.0,RED INTERNET & PHONE CABLE U,1.0
8976,70 - 74,KBW,34.98,39.99,30.0,0.0,GIGAZUHAUSE KABEL,1.0
8977,50 - 54,NRW,44.97,34.97,30.0,0.0,VF RIP U-TREUE,1.0
8978,40 - 44,HSN,44.97,29.97,30.0,0.0,VF CABLEMAX,1.0
8979,55 - 59,NRW,44.99,44.97,30.0,0.0,RED INTERNET & PHONE CABLE U,1.0
8980,35 - 39,NRW,39.99,32.97,30.0,0.0,RED INTERNET & PHONE CABLE U,1.0
8981,50 - 54,NRW,44.98,49.98,30.0,0.0,RED INTERNET & PHONE CABLE U,0.0
8982,55 - 59,NRW,37.98,39.99,30.0,0.0,RED INTERNET & PHONE CABLE U,1.0
8983,40 - 44,KBW,39.99,34.99,30.0,0.0,VF CABLEMAX,1.0
8984,40 - 44,KBW,49.99,34.99,30.0,0.0,RED INTERNET & PHONE CABLE U,0.0
8985,40 - 44,NRW,34.99,44.98,30.0,0.0,VF RIP U-TREUE,0.0
8986,25 - 29,NRW,34.98,44.99,30.0,0.0,VF RIP U-TREUE,0.0
8987,50 - 54,NRW,49.98,44.98,30.0,1.0,RED INTERNET & PHONE CABLE U,0.0
8988,75 - 79,NRW,39.98,49.98,30.0,0.0,RED INTERNET & PHONE CABLE U,1.0
8989,40 - 44,HSN,39.99,34.98,30.0,0.0,VF RIP U-TREUE,1.0
8990,40 - 44,NRW,39.98,34.98,30.0,0.0,VF RIP U-TREUE,0.0
8991,40 - 44,HSN,39.99,34.99,30.0,0.0,GIGAZUHAUSE KABEL,0.0
8992,50 - 54,NRW,44.99,39.99,30.0,0.0,RED INTERNET & PHONE CABLE U,0.0
8993,35 - 39,NRW,34.98,39.99,30.0,0.0,RED INTERNET & PHONE CABLE U,1.0
8994,40 - 44,KBW,49.98,34.99,30.0,0.0,GIGAZUHAUSE KABEL,0.0
8995,35 - 39,KBW,39.98,44.99,30.0,0.0,RED INTERNET & PHONE CABLE U,1.0
8996,65 - 69,NRW,47.97,44.99,30.0,0.0,GIGAZUHAUSE KABEL,1.0
8997,70 - 74,NRW,49.98,39.99,30.0,0.0,VF RIP U-TREUE,1.0
8998,30 - 34,NRW,34.99,39.99,30.0,0.0,VF RIP U-TREUE,0.0
8999,40 - 44,NRW,39.99,39.99,30.0,0.0,VF RIP U-TREUE,0.0
9000,30 - 34,NRW,34.99,44.99,30.0,0.0,GIGAZUHAUSE KABEL,1.0
9001,45 - 49,NRW,49.99,1.0,30.98,0.0,RED INTERNET & PHONE CABLE U,0.0
9002,40 - 44,NRW,39.99,39.99,30.0,0.0,VF RIP U-TREUE,1.0
9003,30 - 34,NRW,34.98,29.98,30.0,0.0,VF RIP U-TREUE,0.0
9004,40 - 44,HSN,39.99,39.99,30.0,0.0,VF RIP U-TREUE,0.0
9005,30 - 34,NRW,44.98,39.98,30.0,0.0,RED INTERNET & PHONE CABLE U,1.0
9006,30 - 34,KBW,39.97,34.99,30.0,0.0,VF RIP U-TREUE,0.0
9007,25 - 29,NRW,49.98,39.98,30.0,0.0,RED INTERNET & PHONE CABLE U,0.0
9008,65 - 69,KBW,39.99,39.98,30.0,0.0,RED INTERNET & PHONE CABLE U,0.0
9009,40 - 44,NRW,34.99,44.99,30.0,0.0,GIGAZUHAUSE KABEL,1.0
9010,25 - 29,HSN,37.98,49.98,30.0,1.0,RED INTERNET & PHONE CABLE U,1.0
9011,50 - 54,NRW,39.99,34.99,30.0,0.0,RED INTERNET & PHONE CABLE U,0.0
9012,25 - 29,HSN,42.99,44.99,30.0,0.0,VF RIP U-TREUE,1.0
9013,65 - 69,NRW,34.99,29.98,30.0,0.0,VF RIP U-TREUE,1.0
9014,70 - 74,KBW,39.99,34.98,30.0,0.0,RED INTERNET & PHONE CABLE U,0.0
9015,55 - 59,NRW,34.98,37.99,30.0,0.0,RED INTERNET & PHONE CABLE U,1.0
9016,35 - 39,NRW,49.99,44.99,30.0,0.0,VF RIP U-TREUE,1.0
9017,50 - 54,HSN,39.99,29.99,30.0,0.0,RED INTERNET & PHONE CABLE U,1.0
9018,55 - 59,KBW,44.99,34.97,30.0,0.0,GIGAZUHAUSE KABEL,0.0
9019,70 - 74,HSN,49.99,34.99,30.0,0.0,GIGAZUHAUSE KABEL,1.0
9020,25 - 29,KBW,34.99,39.99,30.0,0.0,RED INTERNET & PHONE CABLE U,0.0
9021,60 - 64,NRW,39.99,49.97,30.0,0.0,RED INTERNET & PHONE CABLE U,0.0
9022,30 - 34,NRW,29.98,44.99,30.0,0.0,GIGAZUHAUSE KABEL,0.0
9023,30 - 34,HSN,39.99,63.99,30.0,0.0,RED INTERNET & PHONE CABLE U,1.0
9024,25 - 29,NRW,39.99,39.98,30.0,0.0,RED INTERNET & PHONE CABLE U,1.0
9025,35 - 39,NRW,34.97,49.98,30.0,0.0,VF RIP U-TREUE,1.0
9026,80 and over,NRW,34.99,39.99,30.0,0.0,RED INTERNET & PHONE CABLE U,0.0
9027,60 - 64,NRW,44.99,39.99,30.0,0.0,RED INTERNET & PHONE CABLE U,1.0
9028,35 - 39,NRW,39.98,39.99,30.0,0.0,VF RIP U-TREUE,0.0
9029,30 - 34,KBW,49.97,24.99,30.0,0.0,VF CABLEMAX,1.0
9030,55 - 59,NRW,44.98,34.99,30.0,0.0,RED INTERNET & PHONE CABLE U,0.0
9031,25 - 29,HSN,34.99,34.99,30.0,0.0,RED INTERNET & PHONE CABLE U,1.0
9032,25 - 29,NRW,39.99,49.99,30.0,0.0,RED INTERNET & PHONE CABLE U,1.0
9033,35 - 39,NRW,49.99,39.99,30.0,0.0,RED INTERNET & PHONE CABLE U,1.0
9034,55 - 59,KBW,39.99,44.98,30.0,0.0,GIGAZUHAUSE KABEL,0.0
9035,35 - 39,NRW,39.99,39.98,30.0,0.0,RED INTERNET & PHONE CABLE U,1.0
9036,18 - 24,NRW,39.99,34.98,30.0,0.0,VF RIP U-TREUE,1.0
9037,50 - 54,NRW,39.99,39.98,30.0,0.0,RED INTERNET & PHONE CABLE U,0.0
9038,50 - 54,KBW,73.97,39.99,30.0,0.0,VF CABLEMAX,1.0
9039,60 - 64,KBW,39.99,44.99,30.0,0.0,RED INTERNET & PHONE CABLE U,1.0
9040,40 - 44,KBW,39.97,44.98,30.0,0.0,VF RIP U-TREUE,0.0
9041,30 - 34,NRW,44.99,49.99,30.0,0.0,RED INTERNET & PHONE CABLE U,0.0
9042,55 - 59,NRW,39.99,39.99,30.0,0.0,VF RIP U-TREUE,1.0
9043,25 - 29,NRW,39.96,49.99,30.0,0.0,GIGAZUHAUSE KABEL,1.0
9044,80 and over,NRW,42.99,39.96,30.0,0.0,RED INTERNET & PHONE CABLE U,0.0
9045,30 - 34,KBW,39.99,39.98,30.0,0.0,VF RIP U-TREUE,0.0
9046,55 - 59,NRW,44.98,49.99,30.0,0.0,VF CABLEMAX,0.0
9047,30 - 34,NRW,49.98,44.98,30.0,0.0,RED INTERNET & PHONE CABLE U,1.0
9048,30 - 34,KBW,34.98,39.99,30.0,0.0,RED INTERNET & PHONE CABLE U,0.0
9049,70 - 74,NRW,39.99,49.99,30.0,0.0,VF RIP U-TREUE,0.0
9050,35 - 39,KBW,49.99,44.99,30.0,0.0,GIGAZUHAUSE KABEL,0.0
9051,50 - 54,NRW,54.99,44.99,30.0,0.0,RED INTERNET & PHONE CABLE U,1.0
9052,25 - 29,NRW,39.97,44.99,30.0,0.0,RED INTERNET & PHONE CABLE U,0.0
9053,65 - 69,NRW,49.99,49.99,30.0,0.0,RED INTERNET & PHONE CABLE U,0.0
9054,35 - 39,KBW,39.99,39.99,30.0,1.0,RED INTERNET & PHONE CABLE U,0.0
9055,35 - 39,NRW,54.98,34.97,30.0,0.0,RED INTERNET & PHONE CABLE U,1.0
9056,35 - 39,NRW,34.99,34.99,30.0,0.0,RED INTERNET & PHONE CABLE U,0.0
9057,55 - 59,KBW,39.99,34.99,30.0,0.0,RED INTERNET & PHONE CABLE U,0.0
9058,30 - 34,KBW,34.99,49.99,30.0,0.0,RED INTERNET & PHONE CABLE U,1.0
9059,30 - 34,HSN,44.97,39.98,30.0,0.0,VF CABLEMAX,0.0
9060,40 - 44,KBW,34.97,44.97,30.0,0.0,VF RIP U-TREUE,1.0
9061,35 - 39,NRW,47.98,24.99,30.0,0.0,RED INTERNET & PHONE CABLE U,1.0
9062,35 - 39,NRW,34.99,39.98,30.0,0.0,VF RIP U-TREUE,0.0
9063,25 - 29,NRW,49.99,34.99,30.0,0.0,VF RIP U-TREUE,1.0
9064,40 - 44,HSN,34.99,39.98,30.0,0.0,VF CABLEMAX,1.0
9065,45 - 49,NRW,32.98,44.98,30.0,0.0,RED INTERNET & PHONE CABLE U,0.0
9066,55 - 59,KBW,44.98,37.97,30.0,0.0,RED INTERNET & PHONE CABLE U,1.0
9067,45 - 49,KBW,44.99,39.99,30.0,0.0,GIGAZUHAUSE KABEL,0.0
9068,55 - 59,NRW,34.99,34.99,30.0,0.0,RED INTERNET & PHONE CABLE U,0.0
9069,65 - 69,KBW,42.98,44.98,30.0,0.0,RED INTERNET & PHONE CABLE U,1.0
9070,40 - 44,NRW,34.97,34.99,30.0,0.0,RED INTERNET & PHONE CABLE U,1.0
9071,70 - 74,NRW,42.99,44.99,30.0,0.0,RED INTERNET & PHONE CABLE U,1.0
9072,55 - 59,NRW,49.97,34.98,30.0,0.0,RED INTERNET & PHONE CABLE U,0.0
9073,45 - 49,NRW,34.99,39.99,30.0,0.0,RED INTERNET & PHONE CABLE U,1.0
9074,60 - 64,KBW,44.97,44.99,30.0,0.0,RED INTERNET & PHONE CABLE U,0.0
9075,35 - 39,NRW,34.98,34.99,30.0,0.0,VF CABLEMAX,0.0
9076,35 - 39,NRW,32.98,44.98,30.0,0.0,GIGAZUHAUSE TREUE C,1.0
9077,35 - 39,NRW,44.99,44.98,30.0,0.0,VF RIP U-TREUE,0.0
9078,50 - 54,NRW,39.99,34.99,30.0,0.0,GIGAZUHAUSE KABEL,1.0
9079,50 - 54,NRW,39.98,24.99,30.0,0.0,RED INTERNET & PHONE CABLE U,0.0
9080,70 - 74,NRW,44.99,44.98,30.0,0.0,RED INTERNET & PHONE CABLE U,1.0
9081,70 - 74,KBW,49.99,29.99,30.0,0.0,RED INTERNET & PHONE CABLE U,0.0
9082,60 - 64,NRW,44.98,39.99,30.0,0.0,RED INTERNET & PHONE CABLE U,1.0
9083,25 - 29,NRW,34.99,32.98,30.0,0.0,GIGAZUHAUSE KABEL,1.0
9084,50 - 54,NRW,44.98,44.98,30.0,0.0,RED INTERNET & PHONE CABLE U,1.0
9085,45 - 49,NRW,39.98,29.99,30.0,0.0,VF CABLEMAX,1.0
9086,65 - 69,NRW,54.98,44.98,30.0,0.0,RED INTERNET & PHONE CABLE U,1.0
9087,25 - 29,NRW,39.99,32.97,30.0,0.0,RED INTERNET & PHONE CABLE U,1.0
9088,65 - 69,NRW,47.99,39.99,30.0,0.0,RED INTERNET & PHONE CABLE U,1.0
9089,45 - 49,NRW,49.99,29.98,30.0,0.0,VF CABLEMAX,0.0
9090,35 - 39,KBW,44.98,39.99,30.0,0.0,GIGAZUHAUSE KABEL,1.0
9091,30 - 34,NRW,34.99,39.96,30.0,0.0,RED INTERNET & PHONE CABLE U,1.0
9092,30 - 34,NRW,44.97,58.99,30.0,0.0,RED INTERNET & PHONE CABLE U,1.0
9093,25 - 29,NRW,44.98,39.99,30.0,0.0,RED INTERNET & PHONE CABLE U,0.0
9094,40 - 44,NRW,44.97,54.99,30.0,0.0,RED INTERNET & PHONE CABLE U,1.0
9095,35 - 39,NRW,44.99,34.99,30.0,0.0,RED INTERNET & PHONE CABLE U,1.0
9096,55 - 59,KBW,44.99,34.99,30.0,0.0,VF CABLEMAX,1.0
9097,50 - 54,NRW,34.98,44.97,30.0,0.0,VF CABLEMAX,1.0
9098,45 - 49,HSN,39.98,34.98,30.0,0.0,RED INTERNET & PHONE CABLE U,0.0
9099,35 - 39,HSN,44.98,39.98,30.0,0.0,VF CABLEMAX,0.0
9100,30 - 34,NRW,49.99,34.99,30.0,0.0,GIGAZUHAUSE KABEL,1.0
9101,18 - 24,NRW,39.99,44.99,30.0,0.0,RED INTERNET & PHONE CABLE U,0.0
9102,30 - 34,HSN,44.98,44.99,30.0,0.0,VF RIP U-TREUE,0.0
9103,35 - 39,KBW,39.97,44.98,30.0,0.0,GIGAZUHAUSE KABEL,1.0
9104,35 - 39,NRW,44.99,39.99,30.0,0.0,GIGAZUHAUSE KABEL,0.0
9105,30 - 34,KBW,34.99,39.99,30.0,0.0,VF CABLEMAX,1.0
9106,35 - 39,HSN,34.99,44.99,30.0,0.0,RED INTERNET & PHONE CABLE U,0.0
9107,30 - 34,NRW,39.98,39.98,30.0,0.0,VF CABLEMAX,1.0
9108,25 - 29,KBW,69.98,34.98,30.0,0.0,VF RIP U-TREUE,1.0
9109,35 - 39,NRW,44.99,29.98,30.0,0.0,VF RIP U-TREUE,1.0
9110,30 - 34,NRW,44.99,44.99,30.0,0.0,RED INTERNET & PHONE CABLE U,0.0
9111,25 - 29,NRW,44.98,29.98,30.0,0.0,RED INTERNET & PHONE CABLE U,0.0
9112,55 - 59,NRW,42.98,39.99,30.0,0.0,GIGAZUHAUSE KABEL,0.0
9113,50 - 54,KBW,44.99,34.99,30.0,0.0,RED INTERNET & PHONE CABLE U,0.0
9114,25 - 29,NRW,34.99,44.98,30.0,0.0,GIGAZUHAUSE KABEL,1.0
9115,45 - 49,HSN,39.99,44.98,30.0,0.0,RED INTERNET & PHONE CABLE U,0.0
9116,30 - 34,KBW,34.99,49.98,30.0,0.0,RED INTERNET & PHONE CABLE U,0.0
9117,70 - 74,NRW,39.99,44.98,30.0,0.0,RED INTERNET & PHONE CABLE U,1.0
9118,40 - 44,NRW,52.98,52.99,30.0,0.0,VF CABLEMAX,1.0
9119,35 - 39,NRW,39.98,29.98,30.0,0.0,RED INTERNET & PHONE CABLE U,0.0
9120,30 - 34,NRW,49.99,44.99,30.0,0.0,RED INTERNET & PHONE CABLE U,1.0
9121,50 - 54,KBW,44.99,39.99,30.0,0.0,RED INTERNET & PHONE CABLE U,0.0
9122,40 - 44,NRW,49.99,37.99,30.0,0.0,VF CABLEMAX,0.0
9123,30 - 34,NRW,44.99,39.99,30.0,0.0,RED INTERNET & PHONE CABLE U,1.0
9124,55 - 59,NRW,39.98,39.99,30.0,0.0,RED INTERNET & PHONE CABLE U,0.0
9125,25 - 29,NRW,39.99,68.99,30.0,0.0,VF RIP U-TREUE,1.0
9126,70 - 74,NRW,49.98,39.99,30.0,0.0,VF RIP U-TREUE,1.0
9127,60 - 64,NRW,49.98,39.98,30.0,0.0,RED INTERNET & PHONE CABLE U,0.0
9128,30 - 34,HSN,39.97,34.99,30.0,0.0,VF RIP U-TREUE,1.0
9129,35 - 39,KBW,39.97,44.99,30.0,0.0,VF RIP U-TREUE,0.0
9130,30 - 34,HSN,49.98,34.98,30.0,0.0,VF CABLEMAX,1.0
9131,35 - 39,NRW,34.99,39.99,30.0,0.0,RED INTERNET & PHONE CABLE U,1.0
9132,35 - 39,NRW,34.98,29.99,30.0,0.0,RED INTERNET & PHONE CABLE U,0.0
9133,40 - 44,KBW,49.96,39.98,30.0,0.0,VF RIP U-TREUE,0.0
9134,65 - 69,NRW,34.98,39.99,30.0,0.0,RED INTERNET & PHONE CABLE U,0.0
9135,60 - 64,KBW,39.99,34.99,30.0,0.0,RED INTERNET & PHONE CABLE U,0.0
9136,50 - 54,NRW,39.99,39.99,30.0,0.0,RED INTERNET & PHONE CABLE U,1.0
9137,25 - 29,NRW,47.99,39.98,30.0,0.0,RED INTERNET & PHONE CABLE U,1.0
9138,60 - 64,KBW,44.98,44.98,30.0,0.0,VF RIP U-TREUE,1.0
9139,25 - 29,NRW,44.99,34.99,30.0,0.0,RED INTERNET & PHONE CABLE U,1.0
9140,50 - 54,KBW,34.99,34.98,30.0,0.0,RED INTERNET & PHONE CABLE U,0.0
9141,35 - 39,NRW,34.99,47.99,30.0,0.0,GIGAZUHAUSE KABEL,0.0
9142,60 - 64,NRW,39.99,34.99,30.0,0.0,RED INTERNET & PHONE CABLE U,1.0
9143,35 - 39,KBW,44.99,52.99,30.0,0.0,VF CABLEMAX,1.0
9144,35 - 39,KBW,34.98,37.98,30.0,0.0,VF RIP U-TREUE,1.0
9145,30 - 34,HSN,34.98,34.99,30.0,0.0,VF RIP U-TREUE,1.0
9146,65 - 69,NRW,44.99,44.99,30.0,0.0,VF RIP U-TREUE,1.0
9147,35 - 39,KBW,34.98,34.99,30.0,0.0,VF CABLEMAX,1.0
9148,30 - 34,NRW,24.99,34.99,30.0,0.0,RED INTERNET & PHONE CABLE U,1.0
9149,30 - 34,KBW,44.99,39.99,30.0,0.0,RED INTERNET & PHONE CABLE U,1.0
9150,35 - 39,HSN,29.98,34.99,30.0,0.0,VF CABLEMAX,0.0
9151,40 - 44,HSN,49.98,34.99,30.0,0.0,RED INTERNET & PHONE CABLE U,1.0
9152,35 - 39,KBW,44.99,33.98,30.0,0.0,RED INTERNET & PHONE CABLE U,1.0
9153,30 - 34,KBW,29.98,39.99,30.0,0.0,RED INTERNET & PHONE CABLE U,1.0
9154,35 - 39,KBW,50.99,32.98,30.0,0.0,RED INTERNET & PHONE CABLE U,1.0
9155,25 - 29,NRW,39.98,49.98,30.0,0.0,RED INTERNET & PHONE CABLE U,0.0
9156,25 - 29,NRW,49.99,34.99,30.0,0.0,GIGAZUHAUSE KABEL,0.0
9157,70 - 74,NRW,44.99,43.99,30.0,0.0,GIGAZUHAUSE KABEL,0.0
9158,30 - 34,KBW,54.99,39.98,30.0,0.0,VF RIP U-TREUE,0.0
9159,30 - 34,HSN,39.98,44.99,30.0,0.0,RED INTERNET & PHONE CABLE U,0.0
9160,25 - 29,NRW,39.99,34.98,30.0,0.0,RED INTERNET & PHONE CABLE U,1.0
9161,25 - 29,KBW,34.98,44.98,30.0,0.0,RED INTERNET & PHONE CABLE U,0.0
9162,70 - 74,NRW,19.98,34.98,30.0,0.0,VF CABLEMAX,0.0
9163,40 - 44,NRW,39.98,39.99,30.0,0.0,RED INTERNET & PHONE CABLE U,1.0
9165,25 - 29,KBW,49.98,32.98,30.0,0.0,RED INTERNET & PHONE CABLE U,1.0
9166,55 - 59,NRW,54.99,44.99,30.0,0.0,GIGAZUHAUSE KABEL,1.0
9167,30 - 34,KBW,44.99,44.98,30.0,0.0,GIGAZUHAUSE KABEL,1.0
9168,40 - 44,HSN,34.99,44.99,30.0,0.0,RED INTERNET & PHONE CABLE U,0.0
9169,65 - 69,NRW,49.99,39.97,30.0,0.0,RED INTERNET & PHONE CABLE U,1.0
9170,25 - 29,KBW,44.99,49.99,30.0,0.0,VF CABLEMAX,1.0
9171,60 - 64,HSN,42.99,39.99,30.0,0.0,VF RIP U-TREUE,1.0
9172,35 - 39,NRW,44.99,49.98,30.0,0.0,VF RIP U-TREUE,1.0
9173,35 - 39,KBW,44.99,47.99,30.0,0.0,RED INTERNET & PHONE CABLE U,0.0
9174,40 - 44,NRW,34.99,54.99,30.0,0.0,RED INTERNET & PHONE CABLE U,1.0
9175,35 - 39,NRW,29.99,39.99,30.0,0.0,RED INTERNET & PHONE CABLE U,1.0
9176,80 and over,NRW,39.99,34.99,30.0,0.0,RED INTERNET & PHONE CABLE U,1.0
9177,40 - 44,NRW,32.98,39.99,30.0,0.0,RED INTERNET & PHONE CABLE U,0.0
9178,40 - 44,NRW,39.99,34.99,30.0,0.0,RED INTERNET & PHONE CABLE U,1.0
9179,55 - 59,KBW,44.98,39.98,30.0,0.0,VF CABLEMAX,0.0
9180,30 - 34,KBW,39.98,39.99,30.0,0.0,RED INTERNET & PHONE CABLE U,0.0
9181,60 - 64,KBW,39.98,44.98,30.0,0.0,RED INTERNET & PHONE CABLE U,0.0
9182,35 - 39,KBW,34.99,44.99,30.0,0.0,RED INTERNET & PHONE CABLE U,0.0
9183,30 - 34,KBW,34.99,44.99,30.0,0.0,VF RIP U-TREUE,1.0
9184,60 - 64,NRW,44.97,34.98,30.0,0.0,RED INTERNET & PHONE CABLE U,0.0
9185,35 - 39,NRW,39.98,47.98,30.0,0.0,VF CABLEMAX,0.0
9186,35 - 39,KBW,44.99,34.99,30.0,0.0,GIGAZUHAUSE KABEL,1.0
9187,40 - 44,KBW,44.99,44.97,30.0,0.0,RED INTERNET & PHONE CABLE U,0.0
9188,65 - 69,NRW,44.98,39.99,30.0,0.0,RED INTERNET & PHONE CABLE U,0.0
9189,60 - 64,NRW,34.99,34.99,30.0,0.0,VF RIP U-TREUE,1.0
9190,35 - 39,NRW,34.98,44.98,30.0,0.0,RED INTERNET & PHONE CABLE U,0.0
9191,60 - 64,NRW,34.99,24.99,30.0,0.0,VF RIP U-TREUE,0.0
9192,30 - 34,KBW,39.99,34.99,30.0,0.0,VF CABLEMAX,0.0
9193,60 - 64,NRW,54.99,49.99,30.0,0.0,VF RIP U-TREUE,1.0
9194,55 - 59,NRW,44.98,34.98,30.0,0.0,RED INTERNET & PHONE CABLE U,1.0
9195,40 - 44,NRW,39.98,34.98,30.0,0.0,RED INTERNET & PHONE CABLE U,1.0
9196,40 - 44,KBW,34.99,39.99,30.0,0.0,RED INTERNET & PHONE CABLE U,1.0
9197,65 - 69,NRW,34.98,34.99,30.0,0.0,VF CABLEMAX,0.0
9198,40 - 44,NRW,49.97,44.98,30.0,0.0,VF RIP U-TREUE,0.0
9199,65 - 69,NRW,44.99,44.99,30.0,0.0,RED INTERNET & PHONE CABLE U,0.0
9200,40 - 44,NRW,39.97,49.98,30.0,0.0,RED INTERNET & PHONE CABLE U,0.0
9201,35 - 39,NRW,39.98,44.98,30.0,0.0,GIGAZUHAUSE KABEL,0.0
9202,60 - 64,NRW,34.99,34.99,30.0,0.0,RED INTERNET & PHONE CABLE U,1.0
9203,45 - 49,NRW,49.99,44.99,30.0,0.0,RED INTERNET & PHONE CABLE U,1.0
9204,70 - 74,KBW,44.99,29.98,30.0,0.0,VF RIP U-TREUE,1.0
9205,60 - 64,NRW,44.98,54.98,30.0,0.0,VF RIP U-TREUE,0.0
9206,50 - 54,NRW,39.97,44.98,30.0,0.0,GIGAZUHAUSE KABEL,0.0
9207,35 - 39,KBW,49.99,39.98,30.0,0.0,VF CABLEMAX,1.0
9208,25 - 29,KBW,44.98,39.98,30.0,0.0,RED INTERNET & PHONE CABLE U,0.0
9209,25 - 29,NRW,49.99,39.98,30.0,0.0,VF CABLEMAX,0.0
9210,35 - 39,KBW,44.99,29.99,30.0,0.0,VF RIP U-TREUE,1.0
9211,30 - 34,NRW,39.98,32.98,30.0,0.0,RED INTERNET & PHONE CABLE U,0.0
9212,55 - 59,KBW,39.98,39.98,30.0,0.0,RED INTERNET & PHONE CABLE U,0.0
9213,30 - 34,NRW,49.98,49.99,30.0,0.0,RED INTERNET & PHONE CABLE U,1.0
9214,35 - 39,NRW,39.98,44.98,30.0,0.0,GIGAZUHAUSE KABEL,1.0
9215,40 - 44,NRW,39.98,44.98,30.0,0.0,VF RIP U-TREUE,1.0
9216,30 - 34,NRW,44.99,48.99,30.0,0.0,VF CABLEMAX,0.0
9217,35 - 39,NRW,39.97,39.98,30.0,0.0,VF CABLEMAX,1.0
9218,60 - 64,KBW,44.98,48.99,30.0,0.0,VF CABLEMAX,1.0
9219,40 - 44,HSN,39.99,49.99,30.0,0.0,RED INTERNET & PHONE CABLE U,0.0
9220,55 - 59,HSN,49.98,44.98,30.0,0.0,RED INTERNET & PHONE CABLE U,0.0
9221,35 - 39,KBW,44.99,34.98,30.0,0.0,RED INTERNET & PHONE CABLE U,1.0
9222,45 - 49,NRW,34.99,39.98,30.0,0.0,VF CABLEMAX,0.0
9223,50 - 54,NRW,34.99,34.97,30.0,0.0,GIGAZUHAUSE KABEL,0.0
9224,35 - 39,KBW,34.99,44.98,30.0,0.0,GIGAZUHAUSE KABEL,0.0
9225,35 - 39,NRW,49.99,34.99,30.0,0.0,RED INTERNET & PHONE CABLE U,0.0
9226,45 - 49,NRW,39.99,34.99,30.0,0.0,VF RIP U-TREUE,0.0
9227,25 - 29,NRW,44.99,34.98,30.0,0.0,VF RIP U-TREUE,0.0
9228,35 - 39,KBW,39.99,42.99,30.0,0.0,GIGAZUHAUSE KABEL,1.0
9229,60 - 64,NRW,39.99,39.98,30.0,0.0,RED INTERNET & PHONE CABLE U,1.0
9230,40 - 44,KBW,39.99,39.97,30.0,0.0,VF RIP U-TREUE,0.0
9231,50 - 54,NRW,44.97,44.99,30.0,0.0,VF RIP U-TREUE,1.0
9232,35 - 39,NRW,39.99,49.98,30.0,0.0,RED INTERNET & PHONE CABLE U,1.0
9233,45 - 49,HSN,29.97,39.99,30.0,0.0,RED INTERNET & PHONE CABLE U,1.0
9234,50 - 54,NRW,44.99,29.99,30.0,0.0,RED INTERNET & PHONE CABLE U,0.0
9235,30 - 34,KBW,39.99,29.99,30.0,0.0,RED INTERNET & PHONE CABLE U,0.0
9236,40 - 44,NRW,44.98,54.99,30.0,0.0,RED INTERNET & PHONE CABLE U,0.0
9237,65 - 69,KBW,34.98,37.97,30.0,0.0,RED INTERNET & PHONE CABLE U,0.0
9238,35 - 39,NRW,40.99,24.99,30.0,0.0,RED INTERNET & PHONE CABLE U,0.0
9239,35 - 39,KBW,34.99,29.98,30.0,0.0,VF CABLEMAX,0.0
9240,25 - 29,KBW,44.98,44.99,30.0,0.0,RED INTERNET & PHONE CABLE U,0.0
9241,40 - 44,NRW,44.98,44.98,30.0,0.0,RED INTERNET & PHONE CABLE U,1.0
9242,25 - 29,KBW,44.98,44.98,30.0,0.0,RED INTERNET & PHONE CABLE U,1.0
9243,25 - 29,NRW,44.98,54.99,30.0,1.0,GIGAZUHAUSE KABEL,1.0
9244,40 - 44,KBW,44.98,39.97,30.0,0.0,VF RIP U-TREUE,0.0
9245,25 - 29,KBW,44.98,39.98,30.0,0.0,VF RIP U-TREUE,1.0
9246,35 - 39,NRW,44.99,49.97,30.0,0.0,GIGAZUHAUSE KABEL,1.0
9247,80 and over,NRW,49.98,49.99,30.0,0.0,RED INTERNET & PHONE CABLE U,1.0
9248,35 - 39,KBW,49.99,44.99,30.0,0.0,RED INTERNET & PHONE CABLE U,0.0
9249,40 - 44,KBW,29.99,44.98,30.0,0.0,VF CABLEMAX,0.0
9250,50 - 54,KBW,34.98,34.99,30.0,0.0,RED INTERNET & PHONE CABLE U,0.0
9251,50 - 54,NRW,37.99,39.99,30.0,0.0,RED INTERNET & PHONE CABLE U,0.0
9252,30 - 34,KBW,44.97,44.98,30.0,1.0,RED INTERNET & PHONE CABLE U,0.0
9253,35 - 39,KBW,44.99,44.98,30.0,0.0,RED INTERNET & PHONE CABLE U,1.0
9254,30 - 34,KBW,34.99,42.98,30.0,0.0,RED INTERNET & PHONE CABLE U,1.0
9255,25 - 29,NRW,42.97,44.98,30.0,0.0,VF RIP U-TREUE,0.0
9256,65 - 69,NRW,34.99,44.99,30.0,0.0,VF CABLEMAX,0.0
9257,55 - 59,NRW,39.99,44.99,30.0,0.0,VF CABLEMAX,0.0
9258,40 - 44,NRW,34.96,49.98,30.0,0.0,RED INTERNET & PHONE CABLE U,1.0
9259,55 - 59,KBW,39.99,44.98,30.0,0.0,VF RIP U-TREUE,1.0
9260,40 - 44,NRW,37.97,44.98,30.0,0.0,RED INTERNET & PHONE CABLE U,0.0
9261,25 - 29,KBW,34.99,34.98,30.0,0.0,VF CABLEMAX,0.0
9262,40 - 44,NRW,29.99,44.98,30.0,0.0,RED INTERNET & PHONE CABLE U,1.0
9263,65 - 69,KBW,44.98,39.99,30.0,0.0,GIGAZUHAUSE KABEL,0.0
9264,35 - 39,NRW,49.98,39.98,30.0,0.0,VF CABLEMAX,1.0
9265,55 - 59,NRW,39.99,44.97,30.0,0.0,RED INTERNET & PHONE CABLE U,0.0
9266,25 - 29,NRW,39.97,44.99,30.0,0.0,RED INTERNET & PHONE CABLE U,0.0
9267,25 - 29,NRW,44.98,44.99,30.0,0.0,VF RIP U-TREUE,0.0
9268,65 - 69,NRW,34.97,39.99,30.0,0.0,VF RIP U-TREUE,0.0
9269,40 - 44,KBW,44.99,34.99,30.0,0.0,VF CABLEMAX,0.0
9270,50 - 54,HSN,62.99,44.99,30.0,0.0,RED INTERNET & PHONE CABLE U,0.0
9271,60 - 64,NRW,42.99,34.99,30.0,0.0,RED INTERNET & PHONE CABLE U,0.0
9272,30 - 34,NRW,37.99,49.99,30.0,0.0,RED INTERNET & PHONE CABLE U,0.0
9273,25 - 29,HSN,49.99,49.99,30.0,0.0,VF RIP U-TREUE,0.0
9274,30 - 34,HSN,44.97,29.99,30.0,0.0,VF RIP U-TREUE,0.0
9275,25 - 29,HSN,54.97,34.98,5.0,0.0,VF RIP U-TREUE,0.0
9276,65 - 69,NRW,39.98,39.98,30.0,0.0,VF CABLEMAX,1.0
9277,40 - 44,NRW,32.99,39.98,30.0,0.0,RED INTERNET & PHONE CABLE U,1.0
9278,35 - 39,HSN,39.99,44.98,30.0,0.0,VF CABLEMAX,0.0
9280,35 - 39,NRW,39.98,39.98,30.0,0.0,RED INTERNET & PHONE CABLE U,0.0
9281,45 - 49,KBW,39.97,34.97,30.0,0.0,RED INTERNET & PHONE CABLE U,0.0
9282,30 - 34,NRW,44.98,39.99,30.0,0.0,VF RIP U-TREUE,1.0
9283,30 - 34,NRW,39.98,39.98,30.0,0.0,RED INTERNET & PHONE CABLE U,0.0
9284,65 - 69,HSN,39.99,39.98,30.0,0.0,GIGAZUHAUSE KABEL,1.0
9285,30 - 34,KBW,34.99,29.98,30.0,0.0,GIGAZUHAUSE KABEL,0.0
9286,50 - 54,NRW,34.98,44.98,30.0,0.0,VF CABLEMAX,0.0
9287,55 - 59,NRW,54.99,52.98,30.0,0.0,GIGAZUHAUSE KABEL,0.0
9288,65 - 69,KBW,44.99,44.98,30.0,0.0,VF CABLEMAX,1.0
9289,18 - 24,KBW,34.98,39.99,30.0,0.0,RED INTERNET & PHONE CABLE U,0.0
9290,40 - 44,HSN,34.99,39.99,30.0,0.0,GIGAZUHAUSE KABEL,0.0
9291,35 - 39,NRW,44.99,54.98,30.0,0.0,VF RIP U-TREUE,0.0
9292,35 - 39,KBW,44.99,44.98,30.0,0.0,VF CABLEMAX,0.0
9293,30 - 34,NRW,39.99,34.99,30.0,0.0,RED INTERNET & PHONE CABLE U,1.0
9294,35 - 39,NRW,44.99,34.99,30.0,0.0,RED INTERNET & PHONE CABLE U,0.0
9295,50 - 54,KBW,44.98,29.99,30.0,0.0,VF RIP U-TREUE,0.0
9296,40 - 44,NRW,39.98,44.99,30.0,1.0,RED INTERNET & PHONE CABLE U,0.0
9297,70 - 74,NRW,34.99,39.99,30.0,0.0,VF CABLEMAX,1.0
9298,50 - 54,HSN,39.99,39.99,30.0,0.0,RED INTERNET & PHONE CABLE U,0.0
9299,30 - 34,KBW,49.98,39.99,30.0,0.0,VF RIP U-TREUE,1.0
9300,30 - 34,NRW,39.98,44.98,30.0,0.0,RED INTERNET & PHONE CABLE U,0.0
9301,55 - 59,NRW,44.98,44.98,30.0,0.0,RED INTERNET & PHONE CABLE U,0.0
9302,30 - 34,KBW,44.98,34.99,30.0,0.0,RED INTERNET & PHONE CABLE U,0.0
9303,35 - 39,KBW,34.99,29.99,30.0,0.0,RED INTERNET & PHONE CABLE U,1.0
9304,40 - 44,NRW,39.99,34.96,30.0,0.0,RED INTERNET & PHONE CABLE U,1.0
9305,65 - 69,NRW,44.97,39.98,30.0,0.0,VF CABLEMAX,1.0
9306,65 - 69,NRW,44.97,49.98,30.0,0.0,RED INTERNET & PHONE CABLE U,0.0
9307,30 - 34,KBW,44.98,34.98,30.0,0.0,GIGAZUHAUSE KABEL,0.0
9308,25 - 29,NRW,44.98,34.99,30.0,0.0,RED INTERNET & PHONE CABLE U,1.0
9309,25 - 29,NRW,34.99,49.99,30.0,0.0,VF RIP U-TREUE,1.0
9310,30 - 34,NRW,44.99,29.98,30.0,0.0,VF CABLEMAX,1.0
9311,35 - 39,KBW,29.99,79.98,30.0,0.0,VF CABLEMAX,0.0
9312,25 - 29,NRW,49.99,34.98,30.0,0.0,RED INTERNET & PHONE CABLE U,0.0
9313,35 - 39,NRW,44.99,34.98,30.0,0.0,RED INTERNET & PHONE CABLE U,0.0
9314,25 - 29,KBW,49.99,44.98,30.0,0.0,VF RIP U-TREUE,1.0
9315,65 - 69,KBW,44.99,39.97,30.0,0.0,VF RIP U-TREUE,1.0
9316,55 - 59,NRW,34.99,39.99,30.0,0.0,RED INTERNET & PHONE CABLE U,1.0
9317,60 - 64,HSN,49.98,44.97,30.0,0.0,RED INTERNET & PHONE CABLE U,1.0
9318,30 - 34,NRW,34.99,39.98,30.0,0.0,VF RIP U-TREUE,1.0
9319,25 - 29,NRW,44.98,44.98,30.0,0.0,GIGAZUHAUSE KABEL,1.0
9320,30 - 34,NRW,34.99,44.97,30.0,0.0,RED INTERNET & PHONE CABLE U,0.0
9321,35 - 39,KBW,34.97,34.99,30.0,0.0,RED INTERNET & PHONE CABLE U,0.0
9322,65 - 69,KBW,49.97,44.98,30.0,0.0,VF CABLEMAX,0.0
9323,65 - 69,NRW,44.99,39.98,30.0,0.0,RED INTERNET & PHONE CABLE U,0.0
9324,25 - 29,KBW,39.96,44.99,30.0,0.0,GIGAZUHAUSE KABEL,0.0
9325,35 - 39,NRW,44.97,49.98,30.0,0.0,RED INTERNET & PHONE CABLE U,1.0
9326,30 - 34,NRW,44.98,34.98,30.0,0.0,RED INTERNET & PHONE CABLE U,0.0
9327,45 - 49,KBW,42.97,32.97,30.0,0.0,RED INTERNET & PHONE CABLE U,0.0
9328,18 - 24,NRW,39.98,44.98,30.0,0.0,RED INTERNET & PHONE CABLE U,1.0
9329,35 - 39,NRW,39.98,39.97,30.0,0.0,VF RIP U-TREUE,0.0
9330,35 - 39,NRW,39.99,74.99,30.0,0.0,RED INTERNET & PHONE CABLE U,1.0
9331,30 - 34,HSN,39.99,39.99,30.0,0.0,RED INTERNET & PHONE CABLE U,0.0
9333,25 - 29,NRW,34.98,44.97,30.0,0.0,VF CABLEMAX,1.0
9334,40 - 44,HSN,44.99,32.99,30.0,0.0,RED INTERNET & PHONE CABLE U,0.0
9335,60 - 64,NRW,47.99,39.98,30.0,0.0,RED INTERNET & PHONE CABLE U,1.0
9336,35 - 39,NRW,34.99,39.97,30.0,0.0,RED INTERNET & PHONE CABLE U,0.0
9337,40 - 44,NRW,44.98,34.99,30.0,0.0,RED INTERNET & PHONE CABLE U,0.0
9338,35 - 39,NRW,37.98,39.97,30.0,0.0,VF RIP U-TREUE,1.0
9339,50 - 54,KBW,39.99,49.99,30.0,0.0,VF RIP U-TREUE,0.0
9340,25 - 29,NRW,44.99,39.99,30.0,0.0,RED INTERNET & PHONE CABLE U,0.0
9341,25 - 29,HSN,44.99,49.98,30.0,0.0,VF RIP U-TREUE,1.0
9342,60 - 64,NRW,44.98,34.96,30.0,0.0,RED INTERNET & PHONE CABLE U,1.0
9343,30 - 34,NRW,44.99,29.99,30.0,0.0,RED INTERNET & PHONE CABLE U,0.0
9344,55 - 59,KBW,29.98,29.98,30.0,0.0,RED INTERNET & PHONE CABLE U,0.0
9345,55 - 59,NRW,39.98,39.97,30.0,0.0,VF RIP U-TREUE,1.0
9346,25 - 29,NRW,39.98,44.98,30.0,0.0,RED INTERNET & PHONE CABLE U,0.0
9347,25 - 29,NRW,34.98,39.97,30.0,0.0,VF RIP U-TREUE,1.0
9348,35 - 39,NRW,44.99,39.99,30.0,0.0,RED INTERNET & PHONE CABLE U,1.0
9349,25 - 29,NRW,39.99,39.99,30.0,0.0,RED INTERNET & PHONE CABLE U,1.0
9350,65 - 69,NRW,39.99,44.98,30.0,0.0,VF CABLEMAX,1.0
9351,25 - 29,NRW,39.99,44.96,30.0,0.0,VF RIP U-TREUE,0.0
9352,60 - 64,NRW,44.98,39.99,30.0,0.0,RED INTERNET & PHONE CABLE U,1.0
9353,30 - 34,NRW,39.99,39.98,30.0,0.0,VF RIP U-TREUE,0.0
9354,35 - 39,KBW,34.97,34.99,30.0,0.0,VF RIP U-TREUE,0.0
9355,50 - 54,KBW,54.98,39.99,30.0,0.0,RED INTERNET & PHONE CABLE U,1.0
9356,55 - 59,KBW,34.98,39.99,30.0,0.0,VF RIP U-TREUE,0.0
9357,25 - 29,NRW,29.99,39.99,30.0,0.0,RED INTERNET & PHONE CABLE U,1.0
9358,65 - 69,NRW,49.99,34.99,30.0,0.0,VF CABLEMAX,0.0
9359,30 - 34,KBW,29.97,49.99,30.0,0.0,GIGAZUHAUSE KABEL,0.0
9360,45 - 49,NRW,39.98,34.99,30.0,0.0,VF RIP U-TREUE,0.0
9361,35 - 39,NRW,34.98,39.99,30.0,0.0,VF CABLEMAX,1.0
9362,30 - 34,KBW,37.99,44.99,30.0,0.0,RED INTERNET & PHONE CABLE U,0.0
9363,25 - 29,KBW,54.97,39.99,30.0,0.0,RED INTERNET & PHONE CABLE U,0.0
9364,25 - 29,NRW,44.99,39.98,30.0,0.0,RED INTERNET & PHONE CABLE U,0.0
9365,30 - 34,NRW,24.98,44.98,30.0,0.0,RED INTERNET & PHONE CABLE U,0.0
9366,55 - 59,NRW,34.98,34.98,30.0,0.0,GIGAZUHAUSE KABEL,0.0
9367,40 - 44,KBW,44.98,42.98,30.0,0.0,VF CABLEMAX,0.0
9368,40 - 44,NRW,44.98,44.98,30.0,0.0,VF CABLEMAX,1.0
9369,40 - 44,KBW,44.98,44.99,30.0,0.0,VF RIP U-TREUE,1.0
9370,25 - 29,NRW,44.98,44.99,30.0,0.0,VF RIP U-TREUE,1.0
9371,60 - 64,NRW,29.98,39.97,30.0,0.0,VF RIP U-TREUE,1.0
9372,60 - 64,HSN,39.98,39.99,30.0,0.0,RED INTERNET & PHONE CABLE U,0.0
9373,55 - 59,NRW,39.98,39.99,30.0,0.0,VF CABLEMAX,1.0
9374,30 - 34,NRW,34.98,44.99,30.0,0.0,VF RIP U-TREUE,1.0
9375,30 - 34,NRW,44.99,34.97,30.0,0.0,VF RIP U-TREUE,1.0
9376,55 - 59,NRW,44.98,39.98,30.0,0.0,VF RIP U-TREUE,0.0
9377,35 - 39,NRW,24.98,42.98,30.0,0.0,RED INTERNET & PHONE CABLE U,1.0
9378,60 - 64,NRW,44.98,44.98,30.0,0.0,RED INTERNET & PHONE CABLE U,0.0
9379,55 - 59,NRW,44.99,54.99,30.0,0.0,RED INTERNET & PHONE CABLE U,0.0
9380,50 - 54,KBW,39.99,34.97,30.0,0.0,RED INTERNET & PHONE CABLE U,1.0
9381,55 - 59,KBW,39.99,39.98,30.0,0.0,RED INTERNET & PHONE CABLE U,1.0
9382,25 - 29,HSN,44.99,39.99,30.0,0.0,VF CABLEMAX,1.0
9383,40 - 44,NRW,39.99,39.99,30.0,0.0,VF RIP U-TREUE,1.0
9384,40 - 44,NRW,44.98,39.98,30.0,0.0,VF RIP U-TREUE,0.0
9385,40 - 44,KBW,39.98,34.99,30.0,0.0,RED INTERNET & PHONE CABLE U,1.0
9386,40 - 44,NRW,34.98,39.97,30.0,0.0,RED INTERNET & PHONE CABLE U,1.0
9387,40 - 44,NRW,24.98,42.99,30.0,0.0,RED INTERNET & PHONE CABLE U,0.0
9388,40 - 44,NRW,44.98,34.98,30.0,0.0,RED INTERNET & PHONE CABLE U,0.0
9389,25 - 29,KBW,39.99,44.98,30.0,0.0,VF CABLEMAX,0.0
9390,25 - 29,KBW,44.98,44.98,30.0,0.0,VF CABLEMAX,1.0
9391,25 - 29,HSN,44.98,56.99,30.0,0.0,VF RIP U-TREUE,1.0
9392,30 - 34,NRW,32.98,44.99,30.0,0.0,VF RIP U-TREUE,0.0
9393,40 - 44,HSN,34.99,44.98,30.0,0.0,RED INTERNET & PHONE CABLE U,0.0
9394,65 - 69,KBW,34.99,44.98,30.0,0.0,VF CABLEMAX,1.0
9395,55 - 59,NRW,29.98,39.98,30.0,0.0,RED INTERNET & PHONE CABLE U,0.0
9396,35 - 39,HSN,42.98,44.98,30.0,1.0,VF CABLEMAX,0.0
9397,40 - 44,NRW,49.98,44.98,30.0,0.0,RED INTERNET & PHONE CABLE U,1.0
9398,30 - 34,KBW,49.99,34.99,30.0,0.0,RED INTERNET & PHONE CABLE U,0.0
9399,35 - 39,KBW,44.98,42.97,30.0,0.0,RED INTERNET & PHONE CABLE U,0.0
9400,25 - 29,NRW,42.99,39.98,30.0,0.0,RED INTERNET & PHONE CABLE U,0.0
9401,30 - 34,NRW,42.98,39.99,30.0,0.0,VF RIP U-TREUE,1.0
9402,55 - 59,NRW,29.99,39.99,30.0,0.0,VF RIP U-TREUE,1.0
9403,65 - 69,KBW,44.99,44.99,30.0,0.0,VF CABLEMAX,0.0
9404,55 - 59,KBW,44.97,39.98,30.0,0.0,VF RIP U-TREUE,0.0
9405,60 - 64,NRW,39.98,37.98,30.0,0.0,RED INTERNET & PHONE CABLE U,0.0
9406,40 - 44,NRW,32.99,39.99,30.0,0.0,VF RIP U-TREUE,1.0
9407,40 - 44,HSN,34.99,34.97,30.0,0.0,RED INTERNET & PHONE CABLE U,0.0
9408,30 - 34,NRW,34.99,39.98,30.0,0.0,GIGAZUHAUSE KABEL,1.0
9409,30 - 34,NRW,19.98,54.97,30.0,0.0,RED INTERNET & PHONE CABLE U,1.0
9410,25 - 29,NRW,39.96,39.98,30.0,0.0,RED INTERNET & PHONE CABLE U,0.0
9411,35 - 39,NRW,44.99,34.97,30.0,0.0,VF CABLEMAX,0.0
9412,55 - 59,NRW,34.99,24.99,30.0,0.0,RED INTERNET & PHONE CABLE U,1.0
9413,25 - 29,NRW,39.99,39.98,30.0,0.0,RED INTERNET & PHONE CABLE U,1.0
9414,30 - 34,KBW,39.98,39.96,30.0,0.0,RED INTERNET & PHONE CABLE U,0.0
9415,35 - 39,KBW,39.98,34.99,30.0,0.0,RED INTERNET & PHONE CABLE U,1.0
9416,40 - 44,KBW,34.99,49.99,30.0,0.0,RED INTERNET & PHONE CABLE U,1.0
9417,30 - 34,NRW,29.99,39.99,30.0,0.0,VF CABLEMAX,0.0
9418,40 - 44,NRW,44.98,49.99,30.0,0.0,RED INTERNET & PHONE CABLE U,1.0
9419,60 - 64,NRW,49.99,37.97,30.0,0.0,VF CABLEMAX,1.0
9420,65 - 69,NRW,37.99,44.98,30.0,0.0,VF RIP U-TREUE,1.0
9421,65 - 69,HSN,49.99,39.97,30.0,0.0,RED INTERNET & PHONE CABLE U,1.0
9422,30 - 34,KBW,39.97,34.98,30.0,0.0,GIGAZUHAUSE KABEL,0.0
9423,35 - 39,NRW,44.99,34.98,30.0,0.0,RED INTERNET & PHONE CABLE U,1.0
9424,40 - 44,NRW,29.98,42.98,30.0,0.0,RED INTERNET & PHONE CABLE U,0.0
9425,35 - 39,NRW,34.98,34.97,30.0,0.0,VF RIP U-TREUE,1.0
9426,55 - 59,NRW,44.99,47.98,30.0,0.0,VF RIP U-TREUE,1.0
9427,35 - 39,NRW,34.99,44.99,30.0,0.0,VF CABLEMAX,0.0
9428,60 - 64,NRW,39.99,49.96,30.0,0.0,VF RIP U-TREUE,0.0
9429,70 - 74,HSN,34.99,29.98,30.0,0.0,VF CABLEMAX,0.0
9430,45 - 49,NRW,44.98,44.98,30.0,0.0,VF CABLEMAX,1.0
9431,35 - 39,KBW,44.99,44.99,30.0,0.0,VF RIP U-TREUE,0.0
9432,55 - 59,NRW,34.99,49.97,30.0,0.0,RED INTERNET & PHONE CABLE U,1.0
9433,30 - 34,NRW,44.98,44.99,30.0,0.0,RED INTERNET & PHONE CABLE U,0.0
9434,25 - 29,KBW,34.99,44.99,30.0,0.0,GIGAZUHAUSE KABEL,1.0
9435,35 - 39,HSN,39.98,34.99,30.0,0.0,RED INTERNET & PHONE CABLE U,1.0
9436,45 - 49,KBW,39.98,49.99,30.0,0.0,VF RIP U-TREUE,0.0
9437,30 - 34,NRW,39.98,44.98,30.0,0.0,VF RIP U-TREUE,1.0
9438,25 - 29,NRW,44.98,39.98,30.0,0.0,GIGAZUHAUSE KABEL,1.0
9439,40 - 44,NRW,39.99,39.98,30.0,0.0,GIGAZUHAUSE KABEL,1.0
9440,25 - 29,NRW,39.98,49.97,30.0,0.0,RED INTERNET & PHONE CABLE U,1.0
9441,65 - 69,NRW,44.99,34.99,30.0,0.0,VF CABLEMAX,0.0
9442,35 - 39,KBW,44.98,39.97,30.0,0.0,VF RIP U-TREUE,1.0
9443,25 - 29,NRW,44.99,34.98,30.0,0.0,RED INTERNET & PHONE CABLE U,1.0
9444,25 - 29,NRW,44.98,44.98,30.0,0.0,VF CABLEMAX,1.0
9445,50 - 54,KBW,39.99,44.98,30.0,0.0,GIGAZUHAUSE KABEL,0.0
9446,70 - 74,NRW,44.99,34.99,30.0,0.0,RED INTERNET & PHONE CABLE U,1.0
9447,30 - 34,KBW,49.99,39.99,30.0,0.0,RED INTERNET & PHONE CABLE U,1.0
9448,40 - 44,NRW,58.99,44.99,30.0,0.0,RED INTERNET & PHONE CABLE U,0.0
9449,50 - 54,NRW,39.97,44.99,30.0,0.0,RED INTERNET & PHONE CABLE U,1.0
9450,55 - 59,HSN,44.98,79.98,30.0,0.0,GIGAZUHAUSE TREUE B,0.0
9451,60 - 64,NRW,49.99,29.99,30.0,0.0,GIGAZUHAUSE KABEL,1.0
9452,50 - 54,HSN,39.99,44.98,30.0,0.0,VF RIP U-TREUE,0.0
9453,18 - 24,NRW,39.99,34.99,30.0,0.0,GIGAZUHAUSE KABEL,1.0
9454,70 - 74,HSN,44.98,44.98,30.0,0.0,RED INTERNET & PHONE CABLE U,0.0
9455,50 - 54,NRW,40.99,39.99,30.0,0.0,RED INTERNET & PHONE CABLE U,0.0
9456,40 - 44,NRW,39.98,32.99,30.0,0.0,VF RIP U-TREUE,0.0
9457,55 - 59,NRW,39.98,44.99,30.0,0.0,VF RIP U-TREUE,1.0
9458,35 - 39,KBW,39.99,44.99,30.0,0.0,VF RIP U-TREUE,0.0
9459,40 - 44,NRW,44.99,34.98,30.0,0.0,GIGAZUHAUSE KABEL,1.0
9460,35 - 39,NRW,39.99,44.99,30.0,0.0,VF CABLEMAX,1.0
9461,35 - 39,HSN,54.99,34.97,30.0,0.0,RED INTERNET & PHONE CABLE U,0.0
9462,55 - 59,NRW,34.98,39.97,30.0,0.0,GIGAZUHAUSE KABEL,1.0
9463,50 - 54,HSN,39.98,34.99,30.0,0.0,VF RIP U-TREUE,1.0
9464,55 - 59,NRW,44.99,39.99,30.0,0.0,RED INTERNET & PHONE CABLE U,0.0
9465,25 - 29,KBW,44.99,34.98,30.0,0.0,GIGAZUHAUSE KABEL,1.0
9466,25 - 29,HSN,39.98,39.99,30.0,0.0,VF RIP U-TREUE,1.0
9467,50 - 54,NRW,44.98,39.98,30.0,0.0,VF RIP U-TREUE,0.0
9468,25 - 29,NRW,29.98,39.98,30.0,0.0,VF RIP U-TREUE,1.0
9469,40 - 44,NRW,29.99,34.99,30.0,0.0,RED INTERNET & PHONE CABLE U,0.0
9470,65 - 69,NRW,29.99,39.99,30.0,0.0,GIGAZUHAUSE KABEL,0.0
9471,35 - 39,NRW,39.99,29.99,30.0,0.0,RED INTERNET & PHONE CABLE U,0.0
9472,55 - 59,KBW,39.97,27.97,30.0,0.0,VF CABLEMAX,1.0
9473,30 - 34,NRW,48.98,34.99,30.0,0.0,VF RIP U-TREUE,0.0
9474,65 - 69,NRW,39.97,29.98,30.0,0.0,RED INTERNET & PHONE CABLE U,1.0
9475,30 - 34,KBW,39.98,34.99,30.0,0.0,RED INTERNET & PHONE CABLE U,1.0
9476,25 - 29,NRW,44.97,39.99,30.0,0.0,GIGAZUHAUSE KABEL,0.0
9477,40 - 44,NRW,39.97,34.98,30.0,0.0,VF CABLEMAX,1.0
9478,60 - 64,NRW,49.98,44.98,30.0,0.0,VF RIP U-TREUE,1.0
9479,60 - 64,NRW,32.97,39.98,30.0,0.0,RED INTERNET & PHONE CABLE U,0.0
9480,50 - 54,KBW,44.99,39.0,30.0,0.0,VF RIP U-TREUE,0.0
9481,55 - 59,NRW,44.99,44.98,30.0,0.0,VF CABLEMAX,1.0
9482,45 - 49,KBW,39.97,34.99,30.0,0.0,RED INTERNET & PHONE CABLE U,0.0
9483,55 - 59,KBW,49.99,44.98,30.0,0.0,RED INTERNET & PHONE CABLE U,1.0
9484,35 - 39,NRW,44.98,49.99,30.0,0.0,RED INTERNET & PHONE CABLE U,0.0
9485,45 - 49,KBW,34.98,34.98,30.0,0.0,GIGAZUHAUSE KABEL,1.0
9486,45 - 49,NRW,44.99,39.99,30.0,0.0,VF RIP U-TREUE,1.0
9487,30 - 34,KBW,39.97,49.98,30.0,0.0,VF RIP U-TREUE,0.0
9488,40 - 44,KBW,44.98,44.99,30.0,0.0,VF RIP U-TREUE,1.0
9489,55 - 59,NRW,34.98,42.98,30.0,0.0,GIGAZUHAUSE KABEL,1.0
9490,65 - 69,HSN,39.98,39.99,30.0,0.0,GIGAZUHAUSE KABEL,1.0
9491,40 - 44,KBW,44.97,39.99,30.0,0.0,RED INTERNET & PHONE CABLE U,0.0
9492,65 - 69,KBW,39.97,34.99,30.0,0.0,RED INTERNET & PHONE CABLE U,1.0
9493,40 - 44,NRW,34.99,49.97,30.0,0.0,VF RIP U-TREUE,0.0
9494,35 - 39,NRW,47.97,39.99,30.0,0.0,VF RIP U-TREUE,1.0
9495,65 - 69,KBW,49.99,42.99,30.0,0.0,VF RIP U-TREUE,0.0
9496,45 - 49,NRW,54.98,39.99,30.0,0.0,RED INTERNET & PHONE CABLE U,0.0
9497,35 - 39,NRW,37.99,34.98,30.0,0.0,RED INTERNET & PHONE CABLE U,0.0
9498,40 - 44,NRW,39.98,49.98,30.0,0.0,RED INTERNET & PHONE CABLE U,1.0
9499,65 - 69,KBW,34.99,44.99,30.0,0.0,GIGAZUHAUSE KABEL,1.0
9500,25 - 29,NRW,34.99,39.99,30.0,0.0,RED INTERNET & PHONE CABLE U,0.0
9501,35 - 39,NRW,49.97,44.98,30.0,0.0,RED INTERNET & PHONE CABLE U,1.0
9502,40 - 44,NRW,49.98,39.98,30.0,0.0,GIGAZUHAUSE KABEL,0.0
9503,60 - 64,NRW,34.98,44.98,30.0,0.0,RED INTERNET & PHONE CABLE U,1.0
9504,30 - 34,NRW,39.98,39.99,30.0,0.0,GIGAZUHAUSE KABEL,1.0
9505,25 - 29,KBW,34.98,34.99,30.0,0.0,VF RIP U-TREUE,0.0
9506,55 - 59,NRW,39.99,44.99,30.0,0.0,VF RIP U-TREUE,0.0
9507,60 - 64,KBW,29.98,44.98,30.0,0.0,VF RIP U-TREUE,1.0
9508,40 - 44,NRW,44.99,39.99,30.0,0.0,RED INTERNET & PHONE CABLE U,1.0
9509,25 - 29,KBW,39.99,39.98,30.0,0.0,RED INTERNET & PHONE CABLE U,1.0
9510,25 - 29,KBW,42.99,34.99,30.0,0.0,VF RIP U-TREUE,0.0
9511,25 - 29,NRW,34.99,44.99,30.0,0.0,GIGAZUHAUSE KABEL,0.0
9512,35 - 39,NRW,44.99,44.99,30.0,0.0,RED INTERNET & PHONE CABLE U,1.0
9513,30 - 34,NRW,39.98,39.99,30.0,0.0,RED INTERNET & PHONE CABLE U,1.0
9514,70 - 74,NRW,44.98,39.98,30.0,0.0,RED INTERNET & PHONE CABLE U,0.0
9515,30 - 34,KBW,49.97,34.99,30.0,0.0,VF CABLEMAX,1.0
9516,35 - 39,NRW,34.98,39.99,30.0,0.0,RED INTERNET & PHONE CABLE U,1.0
9517,40 - 44,NRW,39.99,44.98,30.0,0.0,RED INTERNET & PHONE CABLE U,0.0
9518,40 - 44,KBW,39.99,39.99,30.0,0.0,RED INTERNET & PHONE CABLE U,1.0
9519,35 - 39,KBW,34.98,29.98,30.0,0.0,RED INTERNET & PHONE CABLE U,0.0
9520,55 - 59,KBW,39.99,39.99,30.0,0.0,RED INTERNET & PHONE CABLE U,1.0
9521,25 - 29,HSN,34.99,44.99,30.0,0.0,VF RIP U-TREUE,1.0
9522,60 - 64,KBW,39.98,34.98,30.0,0.0,VF RIP U-TREUE,1.0
9523,35 - 39,NRW,49.97,34.99,30.0,0.0,GIGAZUHAUSE KABEL,0.0
9524,30 - 34,NRW,44.97,39.99,30.0,0.0,RED INTERNET & PHONE CABLE U,1.0
9525,40 - 44,NRW,42.99,34.98,30.0,0.0,RED INTERNET & PHONE CABLE U,0.0
9526,35 - 39,KBW,39.99,39.99,30.0,0.0,GIGAZUHAUSE KABEL,1.0
9527,25 - 29,KBW,44.98,29.98,30.0,0.0,RED INTERNET & PHONE CABLE U,1.0
9528,45 - 49,KBW,24.99,44.98,30.0,0.0,VF RIP U-TREUE,0.0
9529,35 - 39,HSN,49.98,42.98,30.0,0.0,RED INTERNET & PHONE CABLE U,0.0
9530,60 - 64,NRW,29.99,39.99,30.0,0.0,RED INTERNET & PHONE CABLE U,0.0
9531,60 - 64,KBW,57.98,39.98,30.0,0.0,RED INTERNET & PHONE CABLE U,0.0
9532,40 - 44,NRW,44.98,39.98,30.0,0.0,GIGAZUHAUSE KABEL,0.0
9533,60 - 64,NRW,44.99,34.99,30.0,0.0,GIGAZUHAUSE KABEL,0.0
9534,45 - 49,KBW,58.97,34.98,30.0,0.0,VF CABLEMAX,0.0
9535,45 - 49,NRW,42.98,44.99,30.0,0.0,RED INTERNET & PHONE CABLE U,0.0
9536,35 - 39,NRW,54.98,44.98,30.0,0.0,VF CABLEMAX,0.0
9537,70 - 74,NRW,44.99,29.98,30.0,0.0,RED INTERNET & PHONE CABLE U,1.0
9538,30 - 34,KBW,44.97,44.99,30.0,0.0,RED INTERNET & PHONE CABLE U,0.0
9539,40 - 44,NRW,44.98,34.98,30.0,0.0,VF RIP U-TREUE,0.0
9540,60 - 64,NRW,39.99,44.99,30.0,0.0,RED INTERNET & PHONE CABLE U,1.0
9541,25 - 29,NRW,34.98,34.98,30.0,0.0,VF RIP U-TREUE,0.0
9542,55 - 59,NRW,44.99,34.98,30.0,0.0,RED INTERNET & PHONE CABLE U,0.0
9543,35 - 39,NRW,39.99,34.99,30.0,0.0,RED INTERNET & PHONE CABLE U,0.0
9544,50 - 54,HSN,34.99,39.99,30.0,0.0,VF CABLEMAX,0.0
9545,60 - 64,NRW,29.99,34.99,30.0,0.0,GIGAZUHAUSE KABEL,1.0
9546,40 - 44,KBW,34.98,29.99,30.0,0.0,RED INTERNET & PHONE CABLE U,0.0
9547,25 - 29,NRW,39.96,44.98,30.0,0.0,RED INTERNET & PHONE CABLE U,1.0
9548,70 - 74,HSN,34.99,44.97,30.0,0.0,RED INTERNET & PHONE CABLE U,0.0
9549,35 - 39,NRW,34.98,29.99,30.0,0.0,VF RIP U-TREUE,1.0
9550,65 - 69,KBW,29.96,39.98,30.0,0.0,VF CABLEMAX,0.0
9551,35 - 39,NRW,44.99,34.99,30.0,0.0,GIGAZUHAUSE KABEL,0.0
9552,55 - 59,NRW,29.99,44.98,30.0,0.0,RED INTERNET & PHONE CABLE U,0.0
9553,35 - 39,NRW,44.99,39.99,30.0,0.0,RED INTERNET & PHONE CABLE U,0.0
9554,60 - 64,NRW,39.98,24.99,30.0,0.0,VF RIP U-TREUE,1.0
9555,35 - 39,NRW,34.99,54.99,30.0,0.0,GIGAZUHAUSE KABEL,0.0
9556,30 - 34,NRW,44.99,44.99,30.0,0.0,RED INTERNET & PHONE CABLE U,1.0
9557,25 - 29,NRW,39.99,49.99,30.0,0.0,RED INTERNET & PHONE CABLE U,1.0
9558,40 - 44,HSN,34.99,34.99,30.0,0.0,VF RIP U-TREUE,0.0
9559,25 - 29,NRW,44.98,52.98,30.0,0.0,RED INTERNET & PHONE CABLE U,1.0
9560,55 - 59,KBW,34.98,44.99,30.0,0.0,RED INTERNET & PHONE CABLE U,0.0
9561,35 - 39,NRW,54.98,34.99,30.0,0.0,VF RIP U-TREUE,0.0
9562,35 - 39,KBW,39.97,37.98,30.0,0.0,RED INTERNET & PHONE CABLE U,0.0
9563,30 - 34,NRW,39.99,34.99,30.0,0.0,RED INTERNET & PHONE CABLE U,0.0
9564,35 - 39,KBW,44.98,44.98,30.0,0.0,RED INTERNET & PHONE CABLE U,0.0
9565,45 - 49,KBW,44.99,39.99,30.0,0.0,VF CABLEMAX,0.0
9566,35 - 39,NRW,37.97,44.97,30.0,0.0,VF CABLEMAX,0.0
9567,50 - 54,NRW,44.98,44.99,30.0,0.0,RED INTERNET & PHONE CABLE U,0.0
9568,40 - 44,NRW,39.97,44.99,30.0,1.0,RED INTERNET & PHONE CABLE U,1.0
9569,55 - 59,HSN,39.99,29.99,30.0,0.0,RED INTERNET & PHONE CABLE U,0.0
9570,65 - 69,KBW,34.98,44.98,6.0,0.0,GIGAZUHAUSE KABEL,1.0
9571,80 and over,NRW,34.99,44.98,30.0,0.0,GIGAZUHAUSE KABEL,0.0
9572,35 - 39,NRW,54.97,44.98,30.0,0.0,VF CABLEMAX,0.0
9573,30 - 34,KBW,44.99,39.98,30.0,0.0,RED INTERNET & PHONE CABLE U,0.0
9575,35 - 39,NRW,39.99,44.97,30.0,0.0,RED INTERNET & PHONE CABLE U,1.0
9576,30 - 34,NRW,44.98,39.98,30.0,0.0,RED INTERNET & PHONE CABLE U,0.0
9577,50 - 54,KBW,39.98,39.99,30.0,0.0,RED INTERNET & PHONE CABLE U,0.0
9578,30 - 34,KBW,44.99,49.99,30.0,0.0,RED INTERNET & PHONE CABLE U,1.0
9579,40 - 44,HSN,34.99,44.98,30.0,0.0,RED INTERNET & PHONE CABLE U,0.0
9580,60 - 64,NRW,39.99,39.98,30.0,0.0,VF RIP U-TREUE,0.0
9581,30 - 34,NRW,34.98,44.96,30.0,0.0,VF RIP U-TREUE,1.0
9582,75 - 79,KBW,29.97,42.99,30.0,0.0,RED INTERNET & PHONE CABLE U,0.0
9583,60 - 64,KBW,32.99,44.98,30.0,0.0,RED INTERNET & PHONE CABLE U,0.0
9584,50 - 54,KBW,44.98,44.97,30.0,0.0,VF RIP U-TREUE,1.0
9585,45 - 49,NRW,44.99,39.98,30.0,0.0,RED INTERNET & PHONE CABLE U,0.0
9586,50 - 54,KBW,29.99,44.96,30.0,0.0,RED INTERNET & PHONE CABLE U,1.0
9587,35 - 39,NRW,39.98,44.99,30.0,0.0,RED INTERNET & PHONE CABLE U,0.0
9588,35 - 39,NRW,44.99,39.99,30.0,0.0,RED INTERNET & PHONE CABLE U,0.0
9589,50 - 54,NRW,49.98,34.98,30.0,0.0,RED INTERNET & PHONE CABLE U,0.0
9590,40 - 44,NRW,53.98,39.99,30.0,0.0,RED INTERNET & PHONE CABLE U,1.0
9591,35 - 39,NRW,39.99,50.98,30.0,0.0,VF RIP U-TREUE,0.0
9592,35 - 39,NRW,44.99,44.98,30.0,0.0,VF CABLEMAX,1.0
9593,70 - 74,NRW,53.98,34.97,30.0,0.0,RED INTERNET & PHONE CABLE U,0.0
9594,25 - 29,NRW,39.98,39.99,30.0,0.0,RED INTERNET & PHONE CABLE U,0.0
9595,25 - 29,NRW,39.99,44.98,30.0,0.0,RED INTERNET & PHONE CABLE U,0.0
9596,30 - 34,NRW,44.98,39.98,30.0,0.0,RED INTERNET & PHONE CABLE U,0.0
9597,35 - 39,NRW,39.99,34.98,30.0,0.0,RED INTERNET & PHONE CABLE U,1.0
9598,55 - 59,NRW,34.99,44.98,30.0,0.0,RED INTERNET & PHONE CABLE U,1.0
9599,25 - 29,NRW,44.98,44.99,5.0,0.0,RED INTERNET & PHONE CABLE U,0.0
9600,35 - 39,KBW,37.97,44.98,30.0,0.0,VF RIP U-TREUE,0.0
9601,30 - 34,HSN,44.98,39.99,30.0,0.0,GIGAZUHAUSE KABEL,1.0
9602,50 - 54,NRW,39.98,39.98,30.0,0.0,RED INTERNET & PHONE CABLE U,0.0
9603,75 - 79,KBW,44.98,39.98,30.0,1.0,RED INTERNET & PHONE CABLE U,1.0
9604,25 - 29,KBW,34.98,39.99,30.0,0.0,VF RIP U-TREUE,1.0
9605,65 - 69,NRW,34.97,44.99,30.0,0.0,RED INTERNET & PHONE CABLE U,0.0
9606,55 - 59,NRW,49.98,44.97,64.0,0.0,RED INTERNET & PHONE CABLE U,0.0
9607,55 - 59,NRW,29.98,37.98,30.0,0.0,VF RIP U-TREUE,1.0
9608,70 - 74,KBW,34.99,44.97,30.0,1.0,RED INTERNET & PHONE CABLE U,0.0
9609,75 - 79,KBW,39.97,44.98,30.0,0.0,RED INTERNET & PHONE CABLE U,1.0
9610,35 - 39,NRW,34.99,44.99,30.0,0.0,VF RIP U-TREUE,1.0
9611,35 - 39,NRW,34.99,34.98,30.0,0.0,RED INTERNET & PHONE CABLE U,1.0
9612,60 - 64,NRW,44.98,44.98,30.0,0.0,RED INTERNET & PHONE CABLE U,1.0
9613,35 - 39,NRW,44.99,32.98,30.0,0.0,RED INTERNET & PHONE CABLE U,0.0
9614,30 - 34,NRW,39.98,44.98,30.0,0.0,GIGAZUHAUSE KABEL,1.0
9615,35 - 39,KBW,44.98,44.99,30.0,0.0,RED INTERNET & PHONE CABLE U,0.0
9616,25 - 29,KBW,44.99,44.98,30.0,0.0,RED INTERNET & PHONE CABLE U,1.0
9617,30 - 34,NRW,39.99,39.98,30.0,0.0,RED INTERNET & PHONE CABLE U,1.0
9618,50 - 54,NRW,34.98,29.99,5.98,0.0,RED INTERNET & PHONE CABLE U,0.0
9619,55 - 59,NRW,39.99,34.99,30.0,0.0,VF RIP U-TREUE,1.0
9620,35 - 39,NRW,39.98,44.98,30.0,0.0,VF CABLEMAX,0.0
9621,30 - 34,NRW,44.98,39.99,30.0,0.0,RED INTERNET & PHONE CABLE U,1.0
9622,30 - 34,NRW,49.97,49.98,30.0,0.0,GIGAZUHAUSE KABEL,0.0
9623,50 - 54,NRW,34.98,54.99,30.0,0.0,GIGAZUHAUSE KABEL,1.0
9624,25 - 29,NRW,44.99,44.98,30.0,0.0,GIGAZUHAUSE KABEL,1.0
9625,60 - 64,NRW,34.98,39.99,30.0,0.0,VF RIP U-TREUE,0.0
9626,55 - 59,HSN,29.97,39.99,30.0,0.0,VF CABLEMAX,0.0
9627,55 - 59,NRW,44.98,44.98,30.0,0.0,VF RIP U-TREUE,1.0
9628,65 - 69,NRW,39.99,34.97,30.0,0.0,RED INTERNET & PHONE CABLE U,0.0
9629,50 - 54,HSN,34.98,39.99,30.0,0.0,VF CABLEMAX,0.0
9630,30 - 34,NRW,39.99,44.99,30.0,0.0,GIGAZUHAUSE KABEL,0.0
9631,50 - 54,NRW,44.99,39.99,30.0,0.0,RED INTERNET & PHONE CABLE U,1.0
9632,40 - 44,KBW,39.98,34.99,30.0,0.0,VF RIP U-TREUE,1.0
9633,40 - 44,KBW,39.99,49.98,30.0,0.0,VF RIP U-TREUE,0.0
9634,35 - 39,KBW,39.98,39.98,30.0,0.0,GIGAZUHAUSE TREUE B,0.0
9635,55 - 59,NRW,39.99,34.99,30.0,0.0,RED INTERNET & PHONE CABLE U,1.0
9636,35 - 39,KBW,39.98,39.98,30.0,0.0,RED INTERNET & PHONE CABLE U,1.0
9637,40 - 44,NRW,55.99,34.99,30.0,0.0,VF RIP U-TREUE,0.0
9638,70 - 74,NRW,49.97,49.99,30.0,0.0,GIGAZUHAUSE KABEL,0.0
9639,55 - 59,NRW,39.98,44.97,30.0,0.0,RED INTERNET & PHONE CABLE U,0.0
9640,50 - 54,NRW,44.98,44.98,30.0,0.0,RED INTERNET & PHONE CABLE U,1.0
9641,30 - 34,NRW,34.98,34.99,30.0,0.0,RED INTERNET & PHONE CABLE U,1.0
9642,35 - 39,KBW,39.99,44.98,30.0,0.0,VF RIP U-TREUE,0.0
9643,55 - 59,KBW,44.99,34.98,30.0,0.0,VF RIP U-TREUE,1.0
9644,40 - 44,KBW,19.97,44.98,30.0,0.0,GIGAZUHAUSE KABEL,0.0
9645,65 - 69,NRW,44.98,34.98,30.0,0.0,RED INTERNET & PHONE CABLE U,1.0
9646,50 - 54,NRW,34.97,34.97,30.0,0.0,VF RIP U-TREUE,1.0
9647,55 - 59,HSN,39.98,34.98,30.0,0.0,RED INTERNET & PHONE CABLE U,0.0
9648,60 - 64,NRW,29.99,34.98,30.0,0.0,VF RIP U-TREUE,0.0
9649,55 - 59,NRW,34.99,44.98,30.0,0.0,RED INTERNET & PHONE CABLE U,1.0
9650,35 - 39,NRW,32.99,44.98,30.0,0.0,GIGAZUHAUSE KABEL,1.0
9651,40 - 44,KBW,34.99,24.99,30.0,0.0,VF CABLEMAX,0.0
9652,55 - 59,KBW,43.99,49.98,30.0,0.0,VF RIP U-TREUE,1.0
9653,40 - 44,NRW,39.99,44.99,30.0,0.0,RED INTERNET & PHONE CABLE U,0.0
9654,50 - 54,KBW,44.99,32.99,30.0,0.0,RED INTERNET & PHONE CABLE U,0.0
9655,65 - 69,NRW,39.99,44.98,30.0,0.0,RED INTERNET & PHONE CABLE U,1.0
9656,50 - 54,KBW,44.99,39.98,30.0,0.0,GIGAZUHAUSE KABEL,1.0
9657,40 - 44,NRW,44.98,39.99,30.0,0.0,RED INTERNET & PHONE CABLE U,1.0
9658,40 - 44,KBW,39.98,44.98,30.0,0.0,RED INTERNET & PHONE CABLE U,1.0
9659,65 - 69,NRW,39.98,34.99,30.0,0.0,VF RIP U-TREUE,1.0
9660,60 - 64,NRW,49.97,44.98,30.0,0.0,VF CABLEMAX,0.0
9661,40 - 44,HSN,34.95,34.98,30.0,0.0,VF RIP U-TREUE,0.0
9662,25 - 29,KBW,39.99,39.99,30.0,0.0,RED INTERNET & PHONE CABLE U,1.0
9663,30 - 34,NRW,19.98,32.98,30.0,0.0,RED INTERNET & PHONE CABLE U,0.0
9664,55 - 59,KBW,44.99,37.99,30.0,0.0,RED INTERNET & PHONE CABLE U,1.0
9665,55 - 59,KBW,34.97,44.98,30.0,0.0,VF RIP U-TREUE,0.0
9666,50 - 54,HSN,44.99,42.99,30.0,0.0,VF CABLEMAX,0.0
9667,30 - 34,HSN,42.97,44.98,30.0,0.0,RED INTERNET & PHONE CABLE U,1.0
9668,60 - 64,KBW,39.99,49.98,30.0,0.0,RED INTERNET & PHONE CABLE U,0.0
9669,40 - 44,NRW,44.97,39.98,30.0,0.0,RED INTERNET & PHONE CABLE U,0.0
9670,55 - 59,NRW,34.99,44.99,30.0,0.0,VF RIP U-TREUE,0.0
9671,60 - 64,NRW,29.97,44.98,30.0,0.0,RED INTERNET & PHONE CABLE U,0.0
9672,40 - 44,NRW,34.99,34.99,30.0,0.0,RED INTERNET & PHONE CABLE U,0.0
9673,55 - 59,NRW,44.99,39.99,30.0,0.0,RED INTERNET & PHONE CABLE U,1.0
9674,55 - 59,NRW,44.99,44.98,30.0,0.0,RED INTERNET & PHONE CABLE U,0.0
9675,35 - 39,NRW,44.98,49.99,30.0,0.0,VF RIP U-TREUE,1.0
9676,55 - 59,NRW,34.99,39.98,30.0,0.0,RED INTERNET & PHONE CABLE U,0.0
9677,55 - 59,NRW,34.97,34.99,30.0,0.0,VF RIP U-TREUE,0.0
9678,75 - 79,NRW,44.99,49.97,30.0,0.0,GIGAZUHAUSE KABEL,1.0
9679,25 - 29,NRW,34.99,39.99,30.0,0.0,VF CABLEMAX,1.0
9680,55 - 59,NRW,39.99,39.99,30.0,0.0,RED INTERNET & PHONE CABLE U,0.0
9681,35 - 39,KBW,39.97,44.98,30.0,0.0,RED INTERNET & PHONE CABLE U,1.0
9682,35 - 39,NRW,40.99,39.98,30.0,0.0,VF RIP U-TREUE,0.0
9683,35 - 39,KBW,39.99,39.99,30.0,0.0,VF RIP U-TREUE,1.0
9684,25 - 29,NRW,44.97,47.98,30.0,0.0,VF CABLEMAX,1.0
9685,40 - 44,HSN,39.97,44.98,30.0,0.0,RED INTERNET & PHONE CABLE U,1.0
9686,35 - 39,NRW,39.99,49.98,30.0,0.0,VF CABLEMAX,0.0
9687,35 - 39,NRW,44.98,44.98,30.0,0.0,VF CABLEMAX,1.0
9688,40 - 44,HSN,44.99,47.99,30.0,0.0,RED INTERNET & PHONE CABLE U,0.0
9689,50 - 54,NRW,39.97,49.97,30.0,0.0,RED INTERNET & PHONE CABLE U,1.0
9690,45 - 49,NRW,44.99,39.99,30.0,0.0,RED INTERNET & PHONE CABLE U,1.0
9692,40 - 44,NRW,39.99,44.98,30.0,0.0,RED INTERNET & PHONE CABLE U,1.0
9693,55 - 59,NRW,42.99,32.98,30.0,0.0,GIGAZUHAUSE KABEL,0.0
9694,35 - 39,KBW,44.98,34.98,30.0,0.0,RED INTERNET & PHONE CABLE U,0.0
9695,60 - 64,HSN,39.97,39.98,30.0,0.0,VF RIP U-TREUE,1.0
9696,60 - 64,NRW,34.98,34.98,30.0,0.0,GIGAZUHAUSE KABEL,1.0
9697,80 and over,KBW,44.98,44.98,30.0,0.0,VF RIP U-TREUE,0.0
9698,25 - 29,HSN,32.99,44.97,30.0,0.0,INTERNET,1.0
9699,35 - 39,KBW,44.98,44.98,30.0,0.0,RED INTERNET & PHONE CABLE U,0.0
9700,65 - 69,HSN,39.99,34.99,30.0,0.0,RED INTERNET & PHONE CABLE U,1.0
9701,65 - 69,NRW,39.98,44.98,30.0,0.0,RED INTERNET & PHONE CABLE U,1.0
9702,35 - 39,KBW,39.98,44.99,30.0,0.0,RED INTERNET & PHONE CABLE U,1.0
9703,40 - 44,NRW,34.99,44.99,30.0,0.0,VF CABLEMAX,1.0
9704,55 - 59,KBW,34.98,54.98,30.0,0.0,VF CABLEMAX,0.0
9705,60 - 64,NRW,44.99,49.98,30.0,0.0,RED INTERNET & PHONE CABLE U,1.0
9706,40 - 44,NRW,47.99,44.98,30.0,0.0,RED INTERNET & PHONE CABLE U,0.0
9707,25 - 29,NRW,29.97,32.99,30.0,0.0,GIGAZUHAUSE KABEL,1.0
9708,30 - 34,NRW,44.98,39.99,30.0,0.0,VF RIP U-TREUE,1.0
9709,30 - 34,KBW,32.99,44.99,30.0,0.0,VF RIP U-TREUE,1.0
9710,40 - 44,NRW,49.98,39.99,30.0,0.0,RED INTERNET & PHONE CABLE U,1.0
9711,40 - 44,HSN,34.99,49.99,30.0,0.0,RED INTERNET & PHONE CABLE U,1.0
9712,75 - 79,NRW,39.98,34.99,30.0,0.0,RED INTERNET & PHONE CABLE U,1.0
9713,45 - 49,KBW,39.98,44.99,30.0,0.0,RED INTERNET & PHONE CABLE U,1.0
9714,55 - 59,KBW,34.99,44.98,30.0,0.0,VF RIP U-TREUE,1.0
9715,35 - 39,HSN,49.99,39.99,30.0,0.0,VF RIP U-TREUE,0.0
9716,60 - 64,HSN,34.97,44.97,30.0,0.0,GIGAZUHAUSE KABEL,0.0
9717,50 - 54,NRW,44.99,39.98,30.0,0.0,VF RIP U-TREUE,1.0
9718,25 - 29,HSN,44.99,39.99,30.0,0.0,RED INTERNET & PHONE CABLE U,0.0
9719,50 - 54,NRW,32.99,44.98,30.0,0.0,RED INTERNET & PHONE CABLE U,1.0
9720,35 - 39,KBW,39.99,29.99,30.0,0.0,VF CABLEMAX,1.0
9721,25 - 29,NRW,42.98,44.99,30.0,0.0,GIGAZUHAUSE KABEL,0.0
9722,30 - 34,NRW,34.99,49.98,30.0,0.0,VF RIP U-TREUE,0.0
9723,25 - 29,KBW,32.99,39.99,30.0,0.0,VF RIP U-TREUE,1.0
9724,25 - 29,NRW,44.99,57.99,30.0,0.0,RED INTERNET & PHONE CABLE U,0.0
9725,55 - 59,NRW,34.98,32.99,30.0,0.0,GIGAZUHAUSE KABEL,0.0
9726,50 - 54,NRW,34.99,53.99,30.0,0.0,RED INTERNET & PHONE CABLE U,0.0
9727,25 - 29,NRW,39.97,39.98,30.0,0.0,RED INTERNET & PHONE CABLE U,0.0
9728,55 - 59,HSN,34.99,44.98,30.0,0.0,VF RIP U-TREUE,0.0
9729,25 - 29,NRW,34.99,44.98,30.0,0.0,VF RIP U-TREUE,1.0
9730,30 - 34,NRW,44.98,49.98,30.0,0.0,VF CABLEMAX,1.0
9731,55 - 59,KBW,34.99,29.99,30.0,0.0,GIGAZUHAUSE KABEL,0.0
9732,65 - 69,NRW,49.97,44.99,30.0,0.0,RED INTERNET & PHONE CABLE U,1.0
9733,40 - 44,NRW,44.97,44.98,30.0,0.0,VF CABLEMAX,1.0
9734,65 - 69,NRW,74.98,29.99,30.0,0.0,GIGAZUHAUSE KABEL,0.0
9735,25 - 29,NRW,44.99,52.98,30.0,0.0,VF CABLEMAX,1.0
9736,30 - 34,KBW,34.99,34.99,30.0,0.0,VF RIP U-TREUE,1.0
9737,35 - 39,KBW,29.98,39.99,30.0,0.0,RED INTERNET & PHONE CABLE U,0.0
9738,50 - 54,HSN,34.97,44.98,30.0,0.0,VF RIP U-TREUE,0.0
9739,55 - 59,NRW,44.98,54.98,30.0,0.0,VF CABLEMAX,1.0
9740,55 - 59,NRW,44.97,39.98,30.0,0.0,RED INTERNET & PHONE CABLE U,1.0
9741,65 - 69,KBW,39.98,39.99,30.0,0.0,VF CABLEMAX,0.0
9742,35 - 39,KBW,39.98,49.97,30.0,0.0,VF CABLEMAX,0.0
9743,30 - 34,NRW,44.99,29.98,30.0,0.0,GIGAZUHAUSE KABEL,0.0
9744,65 - 69,KBW,44.98,54.98,30.0,0.0,RED INTERNET & PHONE CABLE U,1.0
9745,45 - 49,NRW,34.97,49.98,30.0,0.0,RED INTERNET & PHONE CABLE U,1.0
9746,35 - 39,NRW,39.99,37.99,30.0,0.0,VF RIP U-TREUE,1.0
9747,35 - 39,NRW,39.99,29.99,30.0,0.0,VF RIP U-TREUE,0.0
9748,45 - 49,KBW,44.99,44.98,30.0,0.0,VF CABLEMAX,1.0
9749,40 - 44,NRW,39.99,49.99,30.0,0.0,VF RIP U-TREUE,1.0
9750,55 - 59,NRW,39.98,34.99,30.0,0.0,RED INTERNET & PHONE CABLE U,0.0
9751,30 - 34,NRW,43.99,29.99,30.0,0.0,VF CABLEMAX,0.0
9752,25 - 29,KBW,44.99,44.98,30.0,0.0,RED INTERNET & PHONE CABLE U,0.0
9753,25 - 29,HSN,44.98,24.99,30.0,0.0,VF CABLEMAX,0.0
9754,60 - 64,NRW,34.99,54.99,30.0,0.0,VF RIP U-TREUE,1.0
9755,35 - 39,KBW,44.98,39.99,30.0,0.0,VF CABLEMAX,1.0
9756,25 - 29,KBW,49.98,49.99,30.0,0.0,RED INTERNET & PHONE CABLE U,1.0
9757,40 - 44,NRW,44.98,39.99,30.0,0.0,GIGAZUHAUSE KABEL,1.0
9758,25 - 29,NRW,29.98,39.98,30.0,0.0,GIGAZUHAUSE KABEL,1.0
9759,40 - 44,NRW,39.98,44.99,30.0,0.0,VF CABLEMAX,0.0
9760,65 - 69,NRW,44.99,44.97,30.0,0.0,GIGAZUHAUSE KABEL,0.0
9761,45 - 49,KBW,39.99,39.98,30.0,0.0,RED INTERNET & PHONE CABLE U,1.0
9762,70 - 74,KBW,39.99,44.98,30.0,0.0,RED INTERNET & PHONE CABLE U,0.0
9763,40 - 44,NRW,44.98,44.98,30.0,0.0,VF RIP U-TREUE,0.0
9764,25 - 29,KBW,39.98,44.99,30.0,0.0,RED INTERNET & PHONE CABLE U,1.0
9765,30 - 34,NRW,34.98,44.99,30.0,0.0,RED INTERNET & PHONE CABLE U,1.0
9766,25 - 29,NRW,39.99,39.98,30.0,0.0,RED INTERNET & PHONE CABLE U,0.0
9767,30 - 34,KBW,34.98,49.97,30.0,0.0,VF CABLEMAX,1.0
9768,30 - 34,NRW,44.99,44.99,30.0,0.0,VF CABLEMAX,0.0
9769,25 - 29,NRW,44.99,42.98,30.0,0.0,RED INTERNET & PHONE CABLE U,1.0
9770,25 - 29,NRW,37.98,44.98,30.0,0.0,VF RIP U-TREUE,0.0
9771,60 - 64,NRW,49.98,44.96,30.0,0.0,RED INTERNET & PHONE CABLE U,0.0
9772,35 - 39,NRW,39.98,47.98,30.0,0.0,VF CABLEMAX,1.0
9773,25 - 29,NRW,39.98,39.99,30.0,0.0,RED INTERNET & PHONE CABLE U,0.0
9774,25 - 29,KBW,42.98,34.98,30.0,0.0,VF CABLEMAX,1.0
9775,60 - 64,NRW,44.99,44.99,30.0,0.0,VF CABLEMAX,0.0
9776,30 - 34,KBW,39.97,34.98,30.0,0.0,VF RIP U-TREUE,0.0
9777,60 - 64,NRW,44.98,44.98,30.0,0.0,VF CABLEMAX,1.0
9778,45 - 49,NRW,34.99,39.98,30.0,0.0,VF RIP U-TREUE,0.0
9779,70 - 74,NRW,34.97,32.99,30.0,0.0,RED INTERNET & PHONE CABLE U,0.0
9780,50 - 54,NRW,37.99,52.99,30.0,0.0,GIGAZUHAUSE KABEL,1.0
9781,45 - 49,HSN,34.98,34.96,30.0,0.0,GIGAZUHAUSE KABEL,1.0
9782,30 - 34,KBW,34.98,34.99,30.0,0.0,RED INTERNET & PHONE CABLE U,1.0
9783,25 - 29,KBW,34.99,34.99,30.0,0.0,VF RIP U-TREUE,1.0
9784,60 - 64,NRW,34.98,39.99,30.0,0.0,RED INTERNET & PHONE CABLE U,0.0
9785,50 - 54,NRW,34.99,44.98,30.0,0.0,VF CABLEMAX,1.0
9786,30 - 34,HSN,44.99,44.99,30.0,0.0,GIGAZUHAUSE KABEL,1.0
9787,40 - 44,NRW,34.98,44.98,30.0,0.0,VF CABLEMAX,0.0
9788,55 - 59,KBW,44.98,47.98,30.0,0.0,VF RIP U-TREUE,0.0
9789,30 - 34,NRW,44.99,44.99,30.0,0.0,GIGAZUHAUSE KABEL,1.0
9790,25 - 29,KBW,34.98,34.99,49.0,0.0,RED INTERNET & PHONE CABLE U,0.0
9791,60 - 64,NRW,34.97,39.99,30.0,0.0,RED INTERNET & PHONE CABLE U,0.0
9792,35 - 39,NRW,44.97,49.98,30.0,0.0,GIGAZUHAUSE KABEL,0.0
9793,60 - 64,NRW,34.98,39.98,30.0,0.0,RED INTERNET & PHONE CABLE U,1.0
9794,30 - 34,NRW,34.99,44.99,30.0,0.0,VF RIP U-TREUE,1.0
9795,55 - 59,NRW,54.99,34.99,30.0,0.0,RED INTERNET & PHONE CABLE U,0.0
9796,45 - 49,NRW,34.99,44.98,30.0,0.0,VF CABLEMAX,1.0
9797,25 - 29,KBW,29.98,34.97,30.0,0.0,GIGAZUHAUSE KABEL,0.0
9798,25 - 29,NRW,42.98,39.99,30.0,0.0,GIGAZUHAUSE KABEL,0.0
9799,30 - 34,HSN,44.98,44.97,30.0,0.0,GIGAZUHAUSE KABEL,0.0
9800,55 - 59,KBW,39.97,39.99,30.0,0.0,RED INTERNET & PHONE CABLE U,1.0
9801,30 - 34,NRW,49.99,49.99,30.0,0.0,VF CABLEMAX,1.0
9802,25 - 29,NRW,44.99,44.98,30.0,0.0,VF CABLEMAX,1.0
9803,30 - 34,NRW,34.99,49.97,30.0,0.0,RED INTERNET & PHONE CABLE U,1.0
9804,65 - 69,KBW,34.99,44.98,30.0,0.0,RED INTERNET & PHONE CABLE U,1.0
9805,55 - 59,KBW,39.99,44.98,30.0,0.0,VF RIP U-TREUE,1.0
9806,35 - 39,KBW,39.98,49.99,30.0,0.0,VF RIP U-TREUE,1.0
9807,25 - 29,KBW,49.98,39.99,30.0,0.0,VF RIP U-TREUE,1.0
9808,40 - 44,NRW,44.99,44.98,30.0,0.0,VF RIP U-TREUE,0.0
9809,80 and over,NRW,44.98,44.99,30.0,0.0,RED INTERNET & PHONE CABLE U,0.0
9810,50 - 54,HSN,44.99,29.98,30.0,0.0,RED INTERNET & PHONE CABLE U,1.0
9811,50 - 54,NRW,44.98,60.99,30.0,0.0,RED INTERNET & PHONE CABLE U,0.0
9812,50 - 54,KBW,39.98,49.97,30.0,0.0,RED INTERNET & PHONE CABLE U,0.0
9813,60 - 64,NRW,54.98,32.99,30.0,0.0,VF RIP U-TREUE,0.0
9814,25 - 29,HSN,44.98,29.99,30.0,0.0,VF RIP U-TREUE,1.0
9815,70 - 74,NRW,39.99,34.98,30.0,0.0,RED INTERNET & PHONE CABLE U,1.0
9816,35 - 39,NRW,49.99,37.99,30.0,0.0,RED INTERNET & PHONE CABLE U,0.0
9817,35 - 39,NRW,39.98,54.99,30.0,0.0,VF RIP U-TREUE,0.0
9818,30 - 34,KBW,34.99,44.97,30.0,0.0,GIGAZUHAUSE KABEL,0.0
9819,65 - 69,NRW,44.98,39.98,30.0,0.0,RED INTERNET & PHONE CABLE U,0.0
9820,30 - 34,NRW,44.98,34.98,30.0,0.0,RED INTERNET & PHONE CABLE U,1.0
9821,35 - 39,KBW,44.98,34.99,30.0,0.0,RED INTERNET & PHONE CABLE U,0.0
9822,80 and over,KBW,39.98,44.99,30.0,0.0,VF RIP U-TREUE,0.0
9823,55 - 59,NRW,34.97,42.98,30.0,0.0,RED INTERNET & PHONE CABLE U,1.0
9824,55 - 59,KBW,39.98,34.98,30.0,0.0,RED INTERNET & PHONE CABLE U,1.0
9825,30 - 34,NRW,29.97,44.99,30.0,0.0,RED INTERNET & PHONE CABLE U,1.0
9826,55 - 59,NRW,44.99,44.99,30.0,0.0,VF RIP U-TREUE,0.0
9827,25 - 29,NRW,39.98,34.99,30.0,0.0,VF RIP U-TREUE,0.0
9828,60 - 64,NRW,39.98,49.97,30.0,0.0,RED INTERNET & PHONE CABLE U,1.0
9829,50 - 54,NRW,47.98,42.97,30.0,0.0,VF RIP U-TREUE,0.0
9830,60 - 64,KBW,34.98,39.99,30.0,0.0,RED INTERNET & PHONE CABLE U,0.0
9831,30 - 34,NRW,44.98,34.98,30.0,0.0,RED INTERNET & PHONE CABLE U,0.0
9832,65 - 69,NRW,44.99,44.98,30.0,0.0,GIGAZUHAUSE KABEL,0.0
9833,35 - 39,KBW,44.97,34.99,30.0,0.0,RED INTERNET & PHONE CABLE U,0.0
9834,40 - 44,KBW,34.99,34.99,30.0,0.0,VF RIP U-TREUE,1.0
9835,30 - 34,NRW,39.98,39.99,30.0,0.0,RED INTERNET & PHONE CABLE U,0.0
9836,35 - 39,NRW,34.99,39.97,30.0,0.0,RED INTERNET & PHONE CABLE U,0.0
9837,45 - 49,NRW,39.99,44.97,30.0,0.0,GIGAZUHAUSE KABEL,0.0
9838,45 - 49,KBW,34.99,42.98,30.0,0.0,RED INTERNET & PHONE CABLE U,1.0
9839,25 - 29,KBW,34.99,38.99,30.0,0.0,VF RIP U-TREUE,1.0
9840,50 - 54,NRW,39.99,44.99,30.0,0.0,VF RIP U-TREUE,0.0
9841,70 - 74,NRW,34.98,32.99,30.0,0.0,RED INTERNET & PHONE CABLE U,1.0
9842,35 - 39,HSN,49.97,29.98,30.0,0.0,VF RIP U-TREUE,1.0
9843,30 - 34,NRW,39.97,44.99,30.0,0.0,VF RIP U-TREUE,1.0
9844,35 - 39,HSN,49.99,34.99,30.0,0.0,RED INTERNET & PHONE CABLE U,1.0
9845,55 - 59,NRW,39.99,44.98,30.0,0.0,VF CABLEMAX,1.0
9846,40 - 44,HSN,29.99,44.98,30.0,0.0,RED INTERNET & PHONE CABLE U,0.0
9847,30 - 34,HSN,29.99,44.98,30.0,0.0,VF RIP U-TREUE,0.0
9848,30 - 34,NRW,39.99,34.99,30.0,0.0,VF RIP U-TREUE,1.0
9849,40 - 44,KBW,49.99,34.99,30.0,0.0,VF RIP U-TREUE,1.0
9850,35 - 39,NRW,50.97,47.99,30.0,0.0,RED INTERNET & PHONE CABLE U,1.0
9851,65 - 69,NRW,44.99,44.99,30.0,0.0,RED INTERNET & PHONE CABLE U,1.0
9852,40 - 44,KBW,34.99,34.98,30.0,0.0,VF RIP U-TREUE,0.0
9853,25 - 29,KBW,52.99,42.99,30.0,0.0,GIGAZUHAUSE KABEL,1.0
9854,65 - 69,HSN,39.99,29.98,30.0,0.0,RED INTERNET & PHONE CABLE U,0.0
9855,30 - 34,NRW,44.98,47.99,30.0,0.0,VF CABLEMAX,0.0
9856,50 - 54,NRW,44.98,39.98,30.0,0.0,VF RIP U-TREUE,1.0
9857,35 - 39,KBW,39.98,39.99,30.0,0.0,VF RIP U-TREUE,0.0
9858,25 - 29,HSN,39.98,44.99,30.0,0.0,VF RIP U-TREUE,0.0
9859,30 - 34,NRW,44.99,39.99,30.0,0.0,RED INTERNET & PHONE CABLE U,1.0
9860,35 - 39,NRW,34.99,29.99,30.0,0.0,VF CABLEMAX,1.0
9861,35 - 39,NRW,44.99,34.99,30.0,0.0,VF CABLEMAX,0.0
9862,25 - 29,NRW,34.98,39.98,30.0,0.0,VF RIP U-TREUE,1.0
9863,55 - 59,NRW,29.99,39.98,30.0,0.0,VF RIP U-TREUE,0.0
9864,50 - 54,KBW,39.98,49.99,30.0,0.0,RED INTERNET & PHONE CABLE U,1.0
9865,60 - 64,KBW,44.99,39.99,30.0,0.0,RED INTERNET & PHONE CABLE U,1.0
9866,25 - 29,NRW,49.99,34.98,30.0,0.0,VF CABLEMAX,0.0
9867,55 - 59,KBW,39.98,37.98,30.0,0.0,VF CABLEMAX,1.0
9868,45 - 49,HSN,44.99,34.99,30.0,0.0,VF CABLEMAX,0.0
9869,40 - 44,NRW,39.99,37.98,30.0,0.0,RED INTERNET & PHONE CABLE U,1.0
9870,25 - 29,NRW,34.99,39.99,30.0,0.0,RED INTERNET & PHONE CABLE U,0.0
9871,35 - 39,NRW,34.97,39.98,30.0,0.0,RED INTERNET & PHONE CABLE U,0.0
9872,60 - 64,NRW,39.99,34.98,30.0,0.0,RED INTERNET & PHONE CABLE U,0.0
9873,55 - 59,NRW,44.98,44.97,30.0,0.0,RED INTERNET & PHONE CABLE U,0.0
9874,40 - 44,KBW,27.97,34.98,30.0,0.0,RED INTERNET & PHONE CABLE U,0.0
9875,45 - 49,NRW,39.98,34.99,30.0,0.0,GIGAZUHAUSE KABEL,1.0
9876,30 - 34,KBW,34.99,29.98,30.0,0.0,VF RIP U-TREUE,1.0
9877,80 and over,KBW,49.99,44.99,30.0,0.0,VF RIP U-TREUE,0.0
9878,30 - 34,NRW,29.99,29.99,30.0,0.0,RED INTERNET & PHONE CABLE U,1.0
9879,60 - 64,NRW,39.98,39.99,30.0,0.0,RED INTERNET & PHONE CABLE U,1.0
9880,50 - 54,NRW,44.98,44.99,30.0,0.0,RED INTERNET & PHONE CABLE U,0.0
9881,40 - 44,KBW,44.99,39.99,30.0,0.0,RED INTERNET & PHONE CABLE U,0.0
9882,60 - 64,NRW,34.99,24.98,30.0,0.0,RED INTERNET & PHONE CABLE U,0.0
9883,30 - 34,KBW,39.97,39.98,30.0,0.0,RED INTERNET & PHONE CABLE U,1.0
9884,25 - 29,KBW,44.97,44.99,30.0,0.0,RED INTERNET & PHONE CABLE U,0.0
9885,40 - 44,NRW,34.98,39.99,30.0,0.0,VF CABLEMAX,1.0
9886,40 - 44,KBW,49.99,34.99,30.0,0.0,RED INTERNET & PHONE CABLE U,1.0
9887,40 - 44,NRW,44.98,29.98,30.0,0.0,VF RIP U-TREUE,1.0
9888,50 - 54,NRW,39.98,32.98,30.0,0.0,VF CABLEMAX,1.0
9889,55 - 59,HSN,44.97,44.98,30.0,0.0,VF CABLEMAX,1.0
9890,60 - 64,NRW,44.99,48.99,30.0,0.0,RED INTERNET & PHONE CABLE U,1.0
9891,35 - 39,NRW,44.98,24.97,30.0,0.0,RED INTERNET & PHONE CABLE U,1.0
9892,35 - 39,KBW,44.99,39.99,30.0,0.0,RED INTERNET & PHONE CABLE U,0.0
9893,65 - 69,NRW,44.99,49.99,30.0,0.0,RED INTERNET & PHONE CABLE U,0.0
9894,25 - 29,KBW,44.98,49.99,30.0,0.0,VF CABLEMAX,1.0
9895,35 - 39,KBW,29.98,44.98,30.0,0.0,RED INTERNET & PHONE CABLE U,1.0
9896,40 - 44,NRW,44.99,34.99,30.0,0.0,GIGAZUHAUSE KABEL,1.0
9897,80 and over,NRW,39.98,49.98,30.0,0.0,VF RIP U-TREUE,1.0
9898,40 - 44,NRW,44.99,39.98,30.0,0.0,RED INTERNET & PHONE CABLE U,1.0
9899,50 - 54,NRW,39.98,39.99,30.0,0.0,RED INTERNET & PHONE CABLE U,1.0
9900,65 - 69,KBW,39.99,39.99,30.0,0.0,RED INTERNET & PHONE CABLE U,1.0
9901,35 - 39,HSN,29.97,39.96,30.0,0.0,RED INTERNET & PHONE CABLE U,0.0
9902,25 - 29,NRW,39.99,44.98,30.0,0.0,RED INTERNET & PHONE CABLE U,0.0
9903,45 - 49,HSN,47.99,49.98,30.0,0.0,RED INTERNET & PHONE CABLE U,0.0
9904,35 - 39,NRW,34.98,34.99,30.0,0.0,GIGAZUHAUSE KABEL,0.0
9905,35 - 39,NRW,32.99,44.99,30.0,0.0,RED INTERNET & PHONE CABLE U,0.0
9906,30 - 34,NRW,49.99,49.99,30.0,0.0,RED INTERNET & PHONE CABLE U,1.0
9907,45 - 49,KBW,39.98,44.99,30.0,0.0,RED INTERNET & PHONE CABLE U,0.0
9908,25 - 29,NRW,49.98,39.97,30.0,0.0,GIGAZUHAUSE KABEL,0.0
9909,65 - 69,KBW,44.99,44.98,30.0,1.0,RED INTERNET & PHONE CABLE U,0.0
9910,40 - 44,NRW,44.98,44.99,30.0,0.0,VF RIP U-TREUE,1.0
9911,35 - 39,KBW,39.98,44.97,30.0,0.0,GIGAZUHAUSE KABEL,0.0
9912,35 - 39,NRW,39.99,39.97,30.0,0.0,VF RIP U-TREUE,0.0
9913,60 - 64,KBW,48.97,44.99,5.0,0.0,RED INTERNET & PHONE CABLE U,1.0
9914,35 - 39,KBW,39.99,39.99,30.0,0.0,VF RIP U-TREUE,0.0
9915,40 - 44,KBW,44.99,44.99,30.0,0.0,RED INTERNET & PHONE CABLE U,1.0
9916,50 - 54,KBW,44.99,34.99,30.0,0.0,RED INTERNET & PHONE CABLE U,0.0
9917,25 - 29,NRW,44.98,44.97,30.0,0.0,RED INTERNET & PHONE CABLE U,0.0
9918,25 - 29,NRW,29.98,34.98,30.0,0.0,VF CABLEMAX,1.0
9919,65 - 69,KBW,44.99,44.99,30.0,0.0,RED INTERNET & PHONE CABLE U,0.0
9920,30 - 34,NRW,44.99,44.99,30.0,0.0,RED INTERNET & PHONE CABLE U,0.0
9921,35 - 39,NRW,44.99,44.99,30.0,0.0,RED INTERNET & PHONE CABLE U,0.0
9922,35 - 39,KBW,42.98,39.99,30.0,0.0,GIGAZUHAUSE KABEL,0.0
9923,30 - 34,HSN,34.96,49.98,30.0,0.0,RED INTERNET & PHONE CABLE U,0.0
9924,35 - 39,KBW,49.99,47.98,30.0,0.0,RED INTERNET & PHONE CABLE U,1.0
9925,30 - 34,NRW,37.98,44.99,30.0,0.0,RED INTERNET & PHONE CABLE U,0.0
9926,25 - 29,NRW,64.99,54.99,30.0,0.0,VF RIP U-TREUE,0.0
9927,50 - 54,NRW,29.99,39.99,30.0,0.0,GIGAZUHAUSE KABEL,1.0
9928,60 - 64,NRW,34.99,34.99,30.0,0.0,VF RIP U-TREUE,0.0
9929,35 - 39,NRW,44.99,39.99,30.0,0.0,RED INTERNET & PHONE CABLE U,0.0
9930,40 - 44,HSN,39.99,39.99,30.0,0.0,RED INTERNET & PHONE CABLE U,0.0
9931,35 - 39,NRW,44.99,34.97,30.0,0.0,RED INTERNET & PHONE CABLE U,0.0
9932,40 - 44,KBW,29.98,34.97,30.0,0.0,GIGAZUHAUSE KABEL,0.0
9933,30 - 34,KBW,39.98,39.99,30.0,0.0,RED INTERNET & PHONE CABLE U,1.0
9934,25 - 29,NRW,39.99,34.99,30.0,0.0,VF RIP U-TREUE,1.0
9935,45 - 49,KBW,42.98,42.99,30.0,0.0,RED INTERNET & PHONE CABLE U,0.0
9936,35 - 39,KBW,39.98,44.98,30.0,0.0,GIGAZUHAUSE KABEL,1.0
9937,25 - 29,NRW,39.98,44.98,30.0,0.0,VF CABLEMAX,1.0
9938,35 - 39,KBW,44.99,43.99,30.0,0.0,RED INTERNET & PHONE CABLE U,1.0
9939,45 - 49,NRW,39.99,39.98,30.0,0.0,RED INTERNET & PHONE CABLE U,1.0
9940,30 - 34,NRW,47.99,44.97,30.0,0.0,RED INTERNET & PHONE CABLE U,0.0
9941,40 - 44,KBW,44.98,44.97,30.0,0.0,VF CABLEMAX,0.0
9942,30 - 34,NRW,44.99,39.98,30.0,0.0,GIGAZUHAUSE KABEL,0.0
9943,60 - 64,KBW,29.99,49.99,30.0,0.0,RED INTERNET & PHONE CABLE U,0.0
9944,40 - 44,NRW,44.98,44.98,30.0,0.0,VF RIP U-TREUE,1.0
9945,30 - 34,NRW,44.98,32.99,30.0,0.0,VF RIP U-TREUE,1.0
9946,35 - 39,NRW,49.99,29.98,30.0,0.0,RED INTERNET & PHONE CABLE U,0.0
9947,80 and over,NRW,24.99,43.99,30.0,0.0,RED INTERNET & PHONE CABLE U,1.0
9948,30 - 34,KBW,39.99,39.99,30.0,0.0,VF CABLEMAX,1.0
9949,25 - 29,KBW,44.98,44.98,30.0,0.0,RED INTERNET & PHONE CABLE U,1.0
9950,35 - 39,KBW,34.95,29.99,30.0,0.0,VF RIP U-TREUE,1.0
9951,50 - 54,HSN,74.97,24.99,30.0,0.0,VF RIP U-TREUE,0.0
9952,50 - 54,NRW,42.99,39.99,30.0,0.0,RED INTERNET & PHONE CABLE U,0.0
9953,65 - 69,KBW,44.99,34.98,30.0,0.0,GIGAZUHAUSE KABEL,1.0
9954,18 - 24,NRW,39.99,39.99,30.0,0.0,VF RIP U-TREUE,0.0
9955,40 - 44,KBW,44.98,34.0,30.0,0.0,VF RIP U-TREUE,0.0
9956,60 - 64,NRW,50.99,39.98,30.0,0.0,VF RIP U-TREUE,1.0
9957,25 - 29,NRW,44.98,34.98,30.0,0.0,GIGAZUHAUSE KABEL,0.0
9958,25 - 29,NRW,44.99,39.99,30.0,0.0,RED INTERNET & PHONE CABLE U,0.0
9959,30 - 34,NRW,49.98,44.99,30.0,0.0,VF CABLEMAX,0.0
9960,30 - 34,NRW,44.99,44.98,30.0,0.0,RED INTERNET & PHONE CABLE U,1.0
9961,25 - 29,NRW,44.98,39.99,30.0,0.0,RED INTERNET & PHONE CABLE U,1.0
9962,40 - 44,NRW,39.99,39.99,30.0,0.0,RED INTERNET & PHONE CABLE U,1.0
9963,18 - 24,NRW,64.98,29.98,30.0,0.0,RED INTERNET & PHONE CABLE U,0.0
9964,25 - 29,NRW,44.98,37.99,30.0,0.0,RED INTERNET & PHONE CABLE U,0.0
9965,55 - 59,KBW,44.99,39.98,30.0,0.0,VF RIP U-TREUE,0.0
9966,50 - 54,NRW,39.98,44.99,30.0,0.0,GIGAZUHAUSE KABEL,1.0
9967,60 - 64,NRW,49.99,32.99,30.0,0.0,VF CABLEMAX,0.0
9968,70 - 74,KBW,44.98,44.99,30.0,0.0,VF RIP U-TREUE,0.0
9969,35 - 39,HSN,44.99,49.98,30.0,0.0,RED INTERNET & PHONE CABLE U,1.0
9970,55 - 59,NRW,34.99,34.97,30.0,0.0,RED INTERNET & PHONE CABLE U,1.0
9971,40 - 44,NRW,39.99,44.98,30.0,0.0,VF CABLEMAX,0.0
9972,35 - 39,NRW,49.97,34.99,30.0,0.0,RED INTERNET & PHONE CABLE U,0.0
9973,55 - 59,KBW,44.99,39.99,30.0,0.0,VF CABLEMAX,1.0
9974,35 - 39,NRW,39.99,39.99,30.0,0.0,RED INTERNET & PHONE CABLE U,0.0
9975,40 - 44,HSN,39.97,39.98,30.0,0.0,GIGAZUHAUSE KABEL,1.0
9976,25 - 29,NRW,39.99,34.98,30.0,0.0,VF RIP U-TREUE,0.0
9977,25 - 29,NRW,39.99,34.99,30.0,0.0,VF RIP U-TREUE,1.0
9978,65 - 69,HSN,79.98,39.99,30.0,0.0,VF CABLEMAX,0.0
9979,55 - 59,NRW,44.98,44.99,30.0,0.0,GIGAZUHAUSE KABEL,1.0
9980,25 - 29,NRW,34.99,34.98,30.0,0.0,RED INTERNET & PHONE CABLE U,0.0
9981,35 - 39,NRW,44.99,70.98,30.0,0.0,GIGAZUHAUSE KABEL,0.0
9982,60 - 64,NRW,44.98,44.98,30.0,0.0,RED INTERNET & PHONE CABLE U,1.0
9983,35 - 39,NRW,44.98,47.98,30.0,0.0,VF CABLEMAX,1.0
9984,50 - 54,NRW,49.98,34.99,30.0,0.0,GIGAZUHAUSE KABEL,1.0
9985,35 - 39,NRW,34.98,37.99,30.0,0.0,RED INTERNET & PHONE CABLE U,0.0
9986,50 - 54,KBW,44.98,39.99,30.0,0.0,VF CABLEMAX,1.0
9987,30 - 34,NRW,39.99,44.97,30.0,0.0,RED INTERNET & PHONE CABLE U,1.0
9988,40 - 44,NRW,34.98,34.99,30.0,0.0,INTERNET,1.0
9989,30 - 34,NRW,34.99,39.98,30.0,0.0,RED INTERNET & PHONE CABLE U,0.0
9990,18 - 24,NRW,34.98,29.99,30.0,0.0,GIGAZUHAUSE KABEL,1.0
9991,80 and over,NRW,39.98,49.98,30.0,0.0,RED INTERNET & PHONE CABLE U,1.0
9992,50 - 54,KBW,47.99,29.97,30.0,0.0,RED INTERNET & PHONE CABLE U,1.0
9993,65 - 69,HSN,44.98,32.95,30.0,0.0,VF RIP U-TREUE,0.0
9994,55 - 59,KBW,44.96,34.99,30.0,0.0,VF RIP U-TREUE,1.0
9995,45 - 49,NRW,39.99,39.99,30.0,0.0,VF RIP U-TREUE,0.0
9996,55 - 59,HSN,39.99,34.99,30.0,0.0,GIGAZUHAUSE KABEL,1.0
9997,40 - 44,NRW,29.98,49.98,30.0,0.0,RED INTERNET & PHONE CABLE U,1.0
9998,80 and over,HSN,38.97,44.99,30.0,0.0,RED INTERNET & PHONE CABLE U,1.0
9999,25 - 29,KBW,34.98,27.99,30.0,0.0,RED INTERNET & PHONE CABLE U,1.0
