region,customer_age_class,basket_package_price_disc,internet_package_price_disc,basket_days_until_contract_end,count_previous_cancellations_0_18,internet_product_name,flag_churn
KBW,55 - 59,42.98,42.98,30.0,0.0,GIGAZUHAUSE,0.0
NRW,under 18,54.98,54.99,30.0,0.0,GIGAZUHAUSE,0.0
HSN,65 - 69,69.96,44.98,30.0,0.0,RED,1.0
HSN,25 - 29,24.99,24.99,277.0,0.0,GIGAZUHAUSE,0.0
NRW,under 18,39.99,39.99,30.0,0.0,RED,1.0
KBW,55 - 59,42.97,42.97,30.0,0.0,RED,1.0
NRW,45 - 49,39.99,39.99,30.0,0.0,VF,1.0
KBW,65 - 69,44.98,44.98,30.0,0.0,VF,1.0
NRW,50 - 54,39.99,39.99,30.0,0.0,RED,1.0
KBW,25 - 29,44.98,44.98,30.0,0.0,RED,1.0
NRW,under 18,44.98,34.99,30.0,0.0,VF,1.0
NRW,under 18,39.99,39.99,30.0,0.0,VF,1.0
NRW,50 - 54,47.98,47.98,30.0,0.0,VF,0.0
NRW,55 - 59,44.98,44.98,30.0,0.0,VF,0.0
NRW,55 - 59,37.99,37.99,30.0,0.0,VF,1.0
HSN,50 - 54,39.99,39.99,30.0,0.0,RED,0.0
NRW,25 - 29,44.98,44.98,30.0,0.0,RED,0.0
NRW,75 - 79,39.99,39.99,30.0,0.0,RED,0.0
HSN,55 - 59,44.98,44.98,30.0,0.0,RED,0.0
NRW,25 - 29,39.98,39.98,30.0,0.0,RED,0.0
KBW,50 - 54,44.98,44.98,30.0,0.0,VF,0.0
NRW,50 - 54,44.98,44.98,30.0,0.0,VF,1.0
NRW,50 - 54,39.99,39.99,30.0,0.0,RED,1.0
KBW,under 18,39.99,39.99,30.0,0.0,VF,1.0
NRW,45 - 49,69.96,49.97,30.0,0.0,RED,0.0
NRW,35 - 39,42.97,42.97,30.0,0.0,VF,1.0
HSN,25 - 29,34.99,34.99,30.0,0.0,RED,1.0
NRW,75 - 79,39.99,39.99,30.0,0.0,VF,1.0
KBW,45 - 49,42.97,42.97,30.0,0.0,2PLAY,0.0
KBW,75 - 79,34.99,34.99,30.0,0.0,RED,1.0
KBW,75 - 79,62.97,42.98,30.0,0.0,GIGAZUHAUSE,1.0
NRW,under 18,54.99,54.99,30.0,0.0,RED,0.0
KBW,25 - 29,44.98,44.98,30.0,0.0,VF,1.0
KBW,35 - 39,39.98,39.98,368.0,0.0,GIGAZUHAUSE,0.0
KBW,75 - 79,39.99,39.99,30.0,0.0,RED,0.0
KBW,80 and over,49.97,49.97,30.0,0.0,VF,0.0
NRW,75 - 79,48.97,48.97,30.0,0.0,RED,1.0
NRW,75 - 79,47.99,47.99,30.0,0.0,VF,1.0
NRW,80 and over,39.99,39.99,30.0,0.0,RED,1.0
KBW,65 - 69,44.98,44.98,30.0,0.0,VF,1.0
NRW,25 - 29,42.98,42.98,303.0,0.0,GIGAZUHAUSE,1.0
HSN,under 18,37.99,37.99,30.0,0.0,GIGAZUHAUSE,1.0
KBW,25 - 29,39.98,39.98,30.0,0.0,VF,0.0
HSN,75 - 79,37.99,37.99,30.0,0.0,VF,1.0
NRW,60 - 64,37.98,37.98,30.0,0.0,VF,1.0
HSN,60 - 64,39.98,39.98,30.0,0.0,GIGAZUHAUSE,1.0
HSN,25 - 29,59.98,59.98,30.0,0.0,VF,0.0
KBW,75 - 79,49.97,49.97,30.0,0.0,VF,0.0
NRW,under 18,39.99,39.99,30.0,0.0,RED,1.0
NRW,80 and over,34.99,34.99,30.0,0.0,RED,0.0
HSN,55 - 59,48.97,48.97,30.0,0.0,RED,0.0
KBW,25 - 29,44.98,44.98,30.0,0.0,RED,0.0
KBW,75 - 79,49.99,34.99,30.0,0.0,GIGAZUHAUSE,1.0
NRW,50 - 54,44.99,29.99,30.0,0.0,GIGAZUHAUSE,1.0
HSN,80 and over,49.99,49.99,30.0,0.0,RED,1.0
NRW,35 - 39,34.99,34.99,30.0,0.0,RED,0.0
HSN,75 - 79,39.99,39.99,30.0,0.0,RED,0.0
HSN,under 18,39.98,39.98,30.0,0.0,RED,1.0
NRW,75 - 79,54.99,54.99,30.0,0.0,RED,0.0
NRW,18 - 24,39.99,39.99,30.0,0.0,RED,1.0
NRW,under 18,34.99,34.99,30.0,0.0,RED,1.0
NRW,25 - 29,44.98,44.98,30.0,0.0,RED,0.0
NRW,under 18,44.98,44.98,30.0,0.0,VF,1.0
NRW,75 - 79,39.99,39.99,616.0,0.0,GIGAZUHAUSE,1.0
KBW,18 - 24,39.99,39.99,30.0,0.0,RED,1.0
KBW,50 - 54,72.97,47.98,30.0,0.0,RED,0.0
NRW,80 and over,39.99,39.99,30.0,0.0,RED,0.0
NRW,25 - 29,34.99,34.99,30.0,0.0,RED,1.0
NRW,30 - 34,24.99,24.99,30.0,0.0,GIGAZUHAUSE,0.0
NRW,55 - 59,39.99,39.99,30.0,0.0,VF,1.0
NRW,60 - 64,44.99,44.99,30.0,0.0,VF,0.0
NRW,75 - 79,29.99,29.99,30.0,0.0,VF,0.0
NRW,55 - 59,39.99,39.99,30.0,0.0,VF,0.0
HSN,80 and over,58.98,58.98,30.0,0.0,RED,1.0
NRW,under 18,44.98,44.98,30.0,0.0,VF,1.0
KBW,under 18,44.98,44.98,30.0,0.0,RED,1.0
KBW,80 and over,73.95,51.98,30.0,0.0,GIGAZUHAUSE,0.0
KBW,30 - 34,42.99,42.99,30.0,0.0,VF,1.0
HSN,25 - 29,44.98,44.98,30.0,0.0,VF,1.0
KBW,75 - 79,44.98,44.98,30.0,0.0,VF,1.0
NRW,under 18,34.99,34.99,30.0,0.0,RED,0.0
NRW,65 - 69,32.98,32.99,30.0,0.0,VF,0.0
NRW,75 - 79,39.99,39.99,30.0,0.0,VF,1.0
KBW,65 - 69,29.99,29.99,30.0,0.0,RED,1.0
NRW,60 - 64,44.98,44.98,30.0,0.0,VF,1.0
KBW,30 - 34,74.96,49.96,30.0,0.0,VF,0.0
HSN,60 - 64,29.99,29.99,30.0,0.0,VF,0.0
KBW,45 - 49,30.95,30.95,30.0,0.0,RED,0.0
HSN,65 - 69,44.98,44.98,30.0,0.0,VF,1.0
NRW,65 - 69,39.99,39.99,30.0,0.0,RED,1.0
NRW,50 - 54,44.98,44.98,30.0,0.0,VF,0.0
KBW,80 and over,29.99,29.99,30.0,0.0,INTERNET,0.0
NRW,80 and over,44.98,44.98,30.0,0.0,VF,0.0
KBW,55 - 59,44.98,44.98,30.0,0.0,VF,1.0
KBW,under 18,39.98,39.98,30.0,0.0,VF,1.0
NRW,45 - 49,43.98,43.98,30.0,0.0,GIGAZUHAUSE,1.0
NRW,30 - 34,39.99,39.99,699.0,0.0,RED,0.0
KBW,75 - 79,68.96,39.98,30.0,0.0,VF,1.0
NRW,50 - 54,42.97,42.97,30.0,0.0,RED,1.0
KBW,75 - 79,39.99,39.99,30.0,0.0,RED,0.0
KBW,75 - 79,39.99,39.99,30.0,0.0,RED,1.0
KBW,55 - 59,29.99,29.99,30.0,0.0,VF,0.0
NRW,25 - 29,44.98,44.98,30.0,0.0,VF,0.0
KBW,under 18,24.99,24.99,30.0,0.0,INTERNET,1.0
KBW,45 - 49,54.98,54.98,30.0,0.0,RED,1.0
KBW,25 - 29,38.98,38.98,30.0,0.0,RED,0.0
NRW,35 - 39,49.97,49.97,30.0,0.0,VF,1.0
HSN,45 - 49,44.98,44.98,30.0,0.0,VF,1.0
HSN,18 - 24,39.99,39.99,30.0,0.0,VF,0.0
HSN,65 - 69,49.99,49.99,30.0,0.0,GIGAZUHAUSE,0.0
KBW,60 - 64,52.98,44.98,30.0,0.0,VF,0.0
HSN,50 - 54,78.96,44.98,30.0,0.0,VF,1.0
NRW,25 - 29,34.99,34.99,30.0,0.0,RED,1.0
NRW,50 - 54,37.99,37.99,30.0,0.0,VF,0.0
KBW,50 - 54,44.97,44.97,30.0,0.0,RED,1.0
NRW,75 - 79,34.99,34.99,30.0,0.0,VF,0.0
HSN,45 - 49,44.98,44.98,30.0,0.0,RED,1.0
KBW,30 - 34,58.98,58.98,30.0,0.0,RED,0.0
KBW,45 - 49,39.99,39.99,30.0,0.0,RED,1.0
KBW,35 - 39,39.99,39.99,30.0,0.0,RED,1.0
NRW,55 - 59,44.97,44.98,30.0,0.0,VF,1.0
KBW,45 - 49,39.99,39.99,30.0,0.0,RED,0.0
HSN,60 - 64,49.97,49.97,30.0,0.0,RED,0.0
KBW,40 - 44,29.99,29.99,30.0,0.0,VF,0.0
KBW,40 - 44,44.98,44.98,30.0,0.0,RED,0.0
NRW,45 - 49,34.99,34.99,30.0,0.0,RED,1.0
KBW,50 - 54,49.98,49.98,126.0,0.0,GIGAZUHAUSE,0.0
KBW,55 - 59,44.97,44.98,30.0,0.0,VF,0.0
NRW,50 - 54,49.97,49.97,30.0,0.0,RED,0.0
KBW,45 - 49,44.98,44.98,30.0,0.0,VF,0.0
HSN,under 18,34.99,34.99,30.0,0.0,RED,0.0
NRW,60 - 64,39.99,39.99,30.0,0.0,VF,0.0
NRW,25 - 29,49.99,49.99,30.0,0.0,GIGAZUHAUSE,1.0
KBW,under 18,49.99,49.99,30.0,0.0,VF,0.0
HSN,80 and over,44.98,44.98,30.0,0.0,VF,1.0
KBW,18 - 24,37.98,37.98,30.0,0.0,VF,1.0
KBW,50 - 54,39.99,39.99,30.0,0.0,RED,1.0
KBW,45 - 49,44.98,44.98,30.0,0.0,VF,0.0
NRW,40 - 44,54.98,54.98,30.0,0.0,RED,0.0
NRW,75 - 79,74.96,49.97,30.0,0.0,VF,0.0
NRW,under 18,42.98,42.98,30.0,0.0,2PLAY,0.0
HSN,30 - 34,39.98,39.99,30.0,0.0,RED,1.0
NRW,65 - 69,37.99,37.99,30.0,0.0,VF,0.0
HSN,60 - 64,57.99,49.99,30.0,0.0,GIGAZU,0.0
NRW,40 - 44,29.99,29.99,30.0,0.0,RED,0.0
NRW,under 18,48.97,48.97,30.0,0.0,VF,0.0
KBW,25 - 29,44.98,44.98,30.0,0.0,VF,1.0
HSN,30 - 34,43.97,43.97,30.0,0.0,VF,1.0
KBW,under 18,37.99,37.99,30.0,0.0,VF,1.0
KBW,55 - 59,59.97,59.97,30.0,0.0,3PLAY,1.0
NRW,18 - 24,49.99,49.99,30.0,0.0,RED,1.0
HSN,25 - 29,39.99,39.99,30.0,0.0,RED,1.0
NRW,35 - 39,44.98,44.98,30.0,0.0,RED,0.0
KBW,65 - 69,44.98,44.98,30.0,0.0,VF,0.0
KBW,50 - 54,39.99,39.99,30.0,0.0,RED,1.0
NRW,75 - 79,44.98,44.98,30.0,0.0,RED,1.0
KBW,45 - 49,42.98,42.98,30.0,0.0,GIGAZUHAUSE,1.0
KBW,55 - 59,37.98,37.98,30.0,0.0,VF,0.0
KBW,60 - 64,19.99,19.99,30.0,0.0,3PLAY,0.0
KBW,55 - 59,34.98,34.98,30.0,0.0,RED,1.0
KBW,25 - 29,49.97,49.99,30.0,0.0,RED,1.0
NRW,60 - 64,44.98,44.98,30.0,0.0,VF,1.0
KBW,65 - 69,43.98,43.98,30.0,0.0,GIGAZUHAUSE,0.0
HSN,under 18,34.99,34.99,30.0,0.0,RED,0.0
KBW,65 - 69,44.98,44.98,30.0,0.0,GIGAZUHAUSE,1.0
KBW,60 - 64,54.96,34.99,30.0,1.0,RED,0.0
HSN,50 - 54,51.86,30.8,30.0,0.0,1PLAY,1.0
NRW,55 - 59,34.99,34.99,30.0,0.0,RED,0.0
KBW,80 and over,44.98,44.98,30.0,0.0,RED,0.0
HSN,60 - 64,44.98,44.98,30.0,0.0,VF,1.0
NRW,under 18,42.98,42.98,30.0,0.0,VF,0.0
KBW,75 - 79,34.99,34.99,30.0,0.0,RED,0.0
NRW,65 - 69,34.99,34.99,30.0,0.0,RED,1.0
NRW,under 18,59.96,29.99,30.0,0.0,VF,0.0
KBW,35 - 39,34.99,34.99,30.0,0.0,RED,0.0
NRW,50 - 54,39.99,39.99,30.0,0.0,VF,1.0
KBW,45 - 49,47.99,47.99,30.0,0.0,RED,0.0
KBW,75 - 79,34.99,34.99,30.0,0.0,RED,0.0
NRW,40 - 44,34.99,34.99,30.0,0.0,VF,0.0
NRW,80 and over,60.9,40.9,30.0,0.0,3PLAY,0.0
KBW,55 - 59,39.98,39.99,30.0,0.0,VF,1.0
KBW,25 - 29,42.99,42.99,30.0,0.0,GIGAZUHAUSE,0.0
NRW,50 - 54,39.98,39.98,30.0,0.0,RED,1.0
KBW,55 - 59,44.98,44.98,30.0,0.0,RED,1.0
HSN,under 18,49.97,49.97,30.0,0.0,RED,1.0
HSN,30 - 34,44.98,44.98,30.0,0.0,VF,0.0
KBW,60 - 64,53.96,53.96,30.0,0.0,GIGAZUHAUSE,1.0
KBW,35 - 39,54.98,54.98,30.0,0.0,RED,0.0
KBW,under 18,29.99,29.99,30.0,0.0,VF,1.0
HSN,under 18,34.99,34.99,30.0,0.0,RED,1.0
NRW,45 - 49,49.97,49.97,30.0,0.0,RED,1.0
NRW,75 - 79,37.99,37.99,30.0,0.0,VF,0.0
HSN,50 - 54,39.99,39.99,30.0,0.0,RED,1.0
NRW,45 - 49,70.98,49.98,30.0,0.0,GIGAZUHAUSE,1.0
KBW,40 - 44,44.97,44.97,30.0,0.0,VF,1.0
HSN,55 - 59,39.98,39.98,30.0,0.0,RED,1.0
KBW,25 - 29,43.98,43.98,30.0,0.0,RED,0.0
HSN,75 - 79,42.97,54.98,30.0,0.0,RED,1.0
NRW,75 - 79,34.99,34.99,30.0,0.0,RED,0.0
NRW,65 - 69,44.99,44.99,30.0,0.0,RED,1.0
KBW,50 - 54,64.97,44.98,30.0,0.0,GIGAZUHAUSE,0.0
NRW,under 18,34.99,34.99,30.0,0.0,RED,0.0
NRW,65 - 69,34.99,34.99,30.0,0.0,RED,0.0
NRW,75 - 79,37.98,37.98,30.0,0.0,2PLAY,0.0
NRW,75 - 79,34.99,34.99,30.0,0.0,VF,0.0
NRW,55 - 59,44.98,44.98,30.0,0.0,VF,1.0
KBW,40 - 44,37.78,37.78,30.0,0.0,VF,1.0
NRW,65 - 69,29.99,29.99,30.0,0.0,RED,1.0
HSN,75 - 79,39.98,39.98,30.0,0.0,RED,0.0
KBW,35 - 39,39.99,39.99,30.0,0.0,RED,0.0
NRW,under 18,49.97,49.97,30.0,0.0,RED,1.0
NRW,60 - 64,39.99,39.99,339.0,0.0,GIGAZUHAUSE,1.0
KBW,25 - 29,34.99,34.99,30.0,0.0,RED,1.0
KBW,35 - 39,27.99,27.99,30.0,0.0,RED,1.0
KBW,under 18,39.99,39.99,30.0,0.0,VF,0.0
KBW,80 and over,34.99,34.99,30.0,0.0,RED,1.0
KBW,75 - 79,42.97,42.97,30.0,0.0,2PLAY,0.0
KBW,50 - 54,42.98,44.98,30.0,0.0,RED,0.0
KBW,under 18,34.99,34.99,30.0,0.0,RED,0.0
NRW,55 - 59,39.99,39.99,30.0,0.0,RED,1.0
NRW,75 - 79,34.99,34.99,30.0,0.0,VF,1.0
KBW,25 - 29,39.98,39.98,30.0,0.0,VF,0.0
HSN,under 18,29.99,29.99,30.0,0.0,VF,1.0
HSN,25 - 29,39.98,39.98,204.0,0.0,GIGAZUHAUSE,1.0
KBW,25 - 29,44.98,44.98,30.0,0.0,RED,1.0
NRW,30 - 34,49.97,29.99,30.0,0.0,VF,1.0
KBW,45 - 49,34.99,59.99,699.0,0.0,GIGAZUHAUSE,0.0
KBW,under 18,44.98,44.98,30.0,0.0,VF,1.0
KBW,50 - 54,29.99,29.99,30.0,0.0,VF,0.0
NRW,25 - 29,32.95,32.95,30.0,0.0,VF,1.0
NRW,65 - 69,61.98,49.99,30.0,0.0,RED,0.0
KBW,60 - 64,34.99,34.99,30.0,0.0,VF,1.0
NRW,45 - 49,44.94,44.98,30.0,0.0,VF,1.0
NRW,80 and over,33.97,58.98,30.0,0.0,RED,0.0
NRW,55 - 59,34.99,34.99,30.0,0.0,RED,0.0
NRW,under 18,32.99,32.99,30.0,0.0,VF,1.0
NRW,50 - 54,44.98,44.98,30.0,0.0,VF,0.0
HSN,55 - 59,49.97,49.97,30.0,0.0,RED,0.0
NRW,75 - 79,39.98,39.98,30.0,0.0,VF,0.0
NRW,80 and over,49.96,49.97,30.0,0.0,RED,0.0
NRW,35 - 39,37.98,37.98,30.0,0.0,GIGAZUHAUSE,1.0
HSN,30 - 34,44.99,44.99,30.0,0.0,VF,1.0
HSN,25 - 29,34.99,34.99,30.0,0.0,RED,1.0
KBW,under 18,44.98,44.98,30.0,0.0,VF,1.0
NRW,55 - 59,22.97,37.98,30.0,0.0,VF,0.0
NRW,25 - 29,44.98,44.98,30.0,0.0,RED,1.0
KBW,80 and over,32.99,32.99,30.0,0.0,VF,1.0
NRW,65 - 69,39.99,39.99,30.0,0.0,RED,1.0
KBW,60 - 64,39.99,39.99,30.0,0.0,RED,0.0
NRW,55 - 59,58.98,58.98,30.0,0.0,RED,1.0
KBW,18 - 24,78.96,51.93,30.0,0.0,RED,0.0
KBW,55 - 59,44.98,44.98,30.0,0.0,RED,1.0
KBW,45 - 49,54.99,54.99,30.0,0.0,RED,1.0
NRW,25 - 29,34.99,34.99,30.0,0.0,RED,0.0
NRW,45 - 49,44.98,44.98,30.0,0.0,VF,1.0
NRW,45 - 49,52.97,52.96,30.0,0.0,GIGAZUHAUSE,1.0
HSN,80 and over,44.98,44.98,30.0,0.0,RED,1.0
NRW,under 18,69.98,39.99,30.0,0.0,GIGAZUHAUSE,0.0
HSN,25 - 29,37.99,37.99,30.0,0.0,GIGAZUHAUSE,0.0
KBW,50 - 54,54.98,34.99,30.0,0.0,RED,0.0
NRW,75 - 79,44.98,44.98,30.0,0.0,VF,1.0
HSN,18 - 24,49.99,42.99,30.0,0.0,VF,0.0
KBW,45 - 49,44.98,44.98,30.0,0.0,RED,0.0
KBW,75 - 79,39.99,39.99,30.0,0.0,RED,0.0
KBW,80 and over,33.14,58.88,30.0,0.0,RED,0.0
NRW,55 - 59,34.99,34.99,30.0,0.0,RED,0.0
KBW,35 - 39,34.99,34.99,30.0,0.0,RED,0.0
NRW,25 - 29,44.98,44.98,30.0,0.0,VF,0.0
HSN,40 - 44,49.97,49.97,30.0,0.0,VF,0.0
NRW,30 - 34,44.98,44.98,30.0,0.0,VF,0.0
NRW,50 - 54,39.98,39.98,30.0,0.0,GIGAZUHAUSE,1.0
NRW,45 - 49,44.98,44.98,135.0,0.0,GIGAZUHAUSE,1.0
HSN,40 - 44,44.98,44.98,30.0,0.0,RED,0.0
KBW,45 - 49,44.98,44.98,30.0,0.0,RED,1.0
NRW,60 - 64,62.98,32.99,30.0,0.0,VF,1.0
KBW,50 - 54,189.88,58.74,30.0,0.0,RED,1.0
NRW,75 - 79,49.97,49.97,30.0,0.0,3PLAY,0.0
NRW,25 - 29,44.98,44.98,30.0,0.0,RED,1.0
HSN,40 - 44,39.99,39.99,30.0,0.0,VF,0.0
NRW,60 - 64,42.98,42.98,30.0,0.0,VF,1.0
NRW,55 - 59,44.98,44.98,30.0,0.0,VF,0.0
HSN,45 - 49,59.97,49.97,30.0,0.0,VF,1.0
NRW,55 - 59,44.98,44.98,30.0,0.0,VF,1.0
KBW,65 - 69,49.97,49.97,579.0,0.0,GIGAZUHAUSE,1.0
NRW,80 and over,29.99,29.99,30.0,0.0,VF,1.0
NRW,45 - 49,44.98,44.98,30.0,0.0,VF,0.0
NRW,65 - 69,47.97,47.97,30.0,0.0,VF,0.0
KBW,30 - 34,29.99,29.99,30.0,0.0,VF,0.0
KBW,40 - 44,32.97,32.99,30.0,0.0,GIGAZUHAUSE,0.0
KBW,under 18,44.97,44.97,30.0,0.0,VF,1.0
KBW,18 - 24,39.98,39.98,30.0,1.0,VF,0.0
HSN,75 - 79,44.98,44.98,30.0,0.0,RED,1.0
NRW,55 - 59,39.98,39.99,30.0,0.0,VF,0.0
KBW,60 - 64,54.99,54.99,30.0,0.0,GIGAZUHAUSE,0.0
KBW,75 - 79,32.99,32.99,30.0,0.0,GIGAZUHAUSE,0.0
NRW,75 - 79,54.99,54.99,30.0,0.0,RED,0.0
KBW,25 - 29,64.98,39.98,30.0,0.0,RED,1.0
KBW,25 - 29,39.99,39.99,30.0,0.0,GIGAZUHAUSE,0.0
HSN,45 - 49,39.98,39.98,634.0,0.0,GIGAZUHAUSE,1.0
KBW,60 - 64,49.97,49.98,30.0,0.0,VF,1.0
HSN,75 - 79,39.99,39.99,30.0,0.0,VF,1.0
NRW,65 - 69,49.97,49.97,30.0,0.0,VF,1.0
NRW,45 - 49,37.98,37.98,30.0,0.0,GIGAZUHAUSE,1.0
KBW,55 - 59,39.99,39.99,30.0,0.0,RED,1.0
KBW,25 - 29,44.98,44.98,30.0,0.0,GIGAZUHAUSE,0.0
KBW,60 - 64,42.98,42.98,30.0,0.0,GIGAZUHAUSE,1.0
NRW,65 - 69,39.99,39.99,30.0,0.0,RED,1.0
NRW,25 - 29,34.99,34.99,30.0,0.0,RED,1.0
HSN,65 - 69,59.98,59.98,30.0,0.0,GIGAZUHAUSE,0.0
NRW,60 - 64,52.98,52.98,30.0,0.0,GIGAZUHAUSE,0.0
NRW,50 - 54,55.96,34.98,30.0,0.0,RED,1.0
NRW,35 - 39,44.98,44.98,30.0,0.0,VF,1.0
KBW,under 18,63.97,42.97,30.0,0.0,VF,1.0
KBW,45 - 49,34.98,34.98,30.0,0.0,RED,1.0
NRW,75 - 79,64.97,44.97,30.0,0.0,3PLAY,0.0
HSN,60 - 64,29.99,29.99,30.0,0.0,VF,0.0
KBW,25 - 29,44.98,44.98,30.0,0.0,VF,1.0
NRW,under 18,29.99,29.99,30.0,0.0,VF,0.0
NRW,25 - 29,34.99,34.99,30.0,0.0,RED,1.0
HSN,45 - 49,45.96,25.96,30.0,0.0,VF,0.0
HSN,55 - 59,39.98,39.98,30.0,0.0,GIGAZUHAUSE,1.0
KBW,80 and over,54.99,54.98,30.0,0.0,3PLAY,1.0
KBW,65 - 69,54.99,54.99,30.0,0.0,RED,1.0
NRW,25 - 29,39.98,39.98,30.0,0.0,RED,0.0
KBW,35 - 39,34.99,34.99,30.0,0.0,RED,1.0
HSN,45 - 49,34.99,34.99,30.0,0.0,RED,0.0
KBW,45 - 49,34.99,34.99,30.0,0.0,RED,1.0
NRW,25 - 29,34.99,34.99,30.0,0.0,RED,0.0
KBW,55 - 59,39.98,39.98,30.0,0.0,RED,1.0
HSN,75 - 79,34.99,34.99,30.0,0.0,GIGAZUHAUSE,0.0
NRW,45 - 49,37.98,37.98,30.0,0.0,VF,0.0
NRW,under 18,44.98,44.98,632.0,0.0,VF,1.0
NRW,80 and over,48.97,48.97,30.0,0.0,VF,0.0
NRW,60 - 64,47.99,47.99,30.0,0.0,VF,1.0
NRW,55 - 59,49.97,49.99,30.0,0.0,RED,1.0
HSN,40 - 44,59.98,59.98,136.0,0.0,GIGAZUHAUSE,1.0
KBW,75 - 79,39.99,39.99,30.0,0.0,RED,0.0
KBW,under 18,44.97,44.98,30.0,0.0,VF,0.0
KBW,75 - 79,44.98,44.98,30.0,0.0,VF,0.0
KBW,65 - 69,32.99,32.99,30.0,0.0,VF,0.0
NRW,65 - 69,44.98,44.98,30.0,0.0,VF,0.0
KBW,50 - 54,44.98,44.98,30.0,0.0,GIGAZUHAUSE,1.0
NRW,25 - 29,44.98,44.98,30.0,0.0,RED,1.0
NRW,65 - 69,35.97,30.95,30.0,0.0,RED,1.0
KBW,25 - 29,39.98,39.98,30.0,0.0,RED,1.0
KBW,55 - 59,44.98,44.98,30.0,0.0,RED,1.0
NRW,25 - 29,54.98,54.98,30.0,0.0,RED,0.0
NRW,50 - 54,42.98,42.98,30.0,0.0,GIGAZUHAUSE,0.0
NRW,55 - 59,39.99,39.99,30.0,0.0,VF,0.0
NRW,25 - 29,39.99,39.99,30.0,0.0,RED,1.0
HSN,25 - 29,34.99,34.99,30.0,0.0,RED,0.0
NRW,65 - 69,29.99,29.99,30.0,0.0,GIGAZUHAUSE,0.0
NRW,75 - 79,49.97,49.97,30.0,0.0,RED,0.0
KBW,65 - 69,32.96,32.96,30.0,0.0,VF,0.0
NRW,80 and over,39.35,39.99,30.0,0.0,VF,1.0
HSN,50 - 54,39.99,39.99,30.0,0.0,VF,0.0
NRW,40 - 44,44.98,44.98,30.0,0.0,VF,0.0
NRW,50 - 54,24.99,24.99,30.0,0.0,GIGAZUHAUSE,1.0
NRW,60 - 64,24.99,24.99,243.0,0.0,GIGAZUHAUSE,1.0
NRW,60 - 64,65.97,44.98,30.0,0.0,3PLAY,0.0
NRW,60 - 64,49.99,49.99,30.0,0.0,VF,1.0
NRW,55 - 59,44.98,44.98,30.0,0.0,RED,0.0
NRW,65 - 69,44.98,44.98,30.0,0.0,VF,0.0
NRW,45 - 49,49.99,49.99,30.0,0.0,GIGAZUHAUSE,1.0
NRW,35 - 39,39.99,39.99,30.0,0.0,RED,1.0
NRW,under 18,34.99,34.99,30.0,0.0,GIGAZUHAUSE,0.0
NRW,75 - 79,39.98,39.98,30.0,0.0,GIGAZUHAUSE,1.0
HSN,25 - 29,34.99,34.99,30.0,0.0,RED,0.0
NRW,50 - 54,34.99,34.99,30.0,0.0,VF,1.0
NRW,75 - 79,44.98,44.98,30.0,0.0,VF,1.0
NRW,75 - 79,34.99,34.99,30.0,0.0,RED,1.0
HSN,under 18,44.98,44.98,30.0,0.0,VF,1.0
NRW,25 - 29,44.98,44.98,30.0,0.0,VF,0.0
NRW,40 - 44,34.99,34.99,30.0,0.0,RED,0.0
NRW,under 18,44.98,44.98,30.0,0.0,VF,1.0
NRW,under 18,44.97,44.98,30.0,0.0,VF,1.0
NRW,25 - 29,54.98,54.99,30.0,3.0,RED,0.0
NRW,55 - 59,54.98,54.99,30.0,0.0,RED,0.0
NRW,under 18,49.97,49.97,30.0,0.0,VF,1.0
NRW,55 - 59,44.98,44.98,30.0,0.0,RED,1.0
NRW,60 - 64,47.98,47.98,30.0,0.0,VF,1.0
KBW,50 - 54,64.95,29.99,30.0,0.0,VF,1.0
KBW,50 - 54,29.99,29.99,30.0,0.0,EAZY,0.0
KBW,under 18,54.97,54.98,30.0,0.0,RED,1.0
NRW,75 - 79,44.98,44.98,30.0,0.0,RED,1.0
NRW,65 - 69,32.99,32.99,30.0,0.0,VF,0.0
NRW,55 - 59,44.98,44.98,30.0,0.0,VF,0.0
NRW,25 - 29,44.98,44.98,30.0,0.0,VF,1.0
KBW,80 and over,60.98,39.99,30.0,0.0,RED,0.0
NRW,45 - 49,49.99,49.99,30.0,0.0,RED,1.0
HSN,55 - 59,53.96,32.99,30.0,0.0,RED,1.0
KBW,75 - 79,32.99,32.99,30.0,0.0,VF,0.0
NRW,under 18,49.99,49.99,30.0,0.0,VF,1.0
NRW,18 - 24,44.98,44.98,30.0,0.0,RED,0.0
HSN,55 - 59,24.99,24.99,30.0,0.0,VF,0.0
NRW,75 - 79,29.99,29.99,30.0,0.0,GIGAZUHAUSE,0.0
KBW,65 - 69,44.98,44.98,595.0,0.0,GIGAZUHAUSE,1.0
KBW,75 - 79,70.78,29.99,30.0,0.0,GIGAZUHAUSE,0.0
KBW,75 - 79,42.98,42.98,30.0,0.0,VF,1.0
KBW,75 - 79,34.99,34.99,30.0,0.0,RED,1.0
NRW,45 - 49,44.98,44.98,30.0,0.0,VF,0.0
NRW,50 - 54,44.98,44.98,30.0,0.0,RED,1.0
KBW,45 - 49,71.88,49.97,30.0,0.0,VF,0.0
NRW,65 - 69,44.98,44.98,30.0,0.0,VF,0.0
HSN,60 - 64,39.98,39.98,30.0,1.0,RED,1.0
KBW,75 - 79,39.99,39.99,30.0,0.0,RED,0.0
NRW,40 - 44,38.98,38.98,30.0,0.0,RED,1.0
NRW,65 - 69,39.99,39.99,30.0,1.0,GIGAZUHAUSE,1.0
KBW,65 - 69,57.74,42.86,30.0,0.0,3PLAY,0.0
HSN,80 and over,29.99,29.99,30.0,0.0,VF,1.0
KBW,45 - 49,44.98,44.98,30.0,0.0,VF,0.0
NRW,50 - 54,44.98,44.98,30.0,0.0,VF,0.0
NRW,45 - 49,19.99,19.99,30.0,2.0,GIGAZUHAUSE,1.0
NRW,45 - 49,42.98,42.98,30.0,0.0,VF,0.0
NRW,75 - 79,39.99,39.99,30.0,0.0,VF,1.0
KBW,75 - 79,42.97,42.97,30.0,0.0,VF,1.0
NRW,50 - 54,49.97,49.97,642.0,0.0,GIGAZUHAUSE,1.0
NRW,25 - 29,29.99,29.99,30.0,0.0,RED,0.0
HSN,60 - 64,63.96,42.98,30.0,0.0,GIGAZUHAUSE,0.0
KBW,55 - 59,34.99,34.99,30.0,0.0,RED,1.0
KBW,25 - 29,34.99,34.99,30.0,0.0,RED,1.0
KBW,under 18,58.98,58.98,30.0,0.0,RED,1.0
NRW,55 - 59,39.99,39.99,30.0,0.0,RED,0.0
NRW,75 - 79,44.98,44.98,30.0,0.0,GIGAZUHAUSE,1.0
KBW,65 - 69,29.99,29.99,30.0,0.0,VF,1.0
KBW,18 - 24,29.99,29.99,30.0,0.0,VF,0.0
NRW,55 - 59,49.99,49.99,30.0,0.0,RED,1.0
KBW,under 18,42.98,42.98,30.0,0.0,GIGAZUHAUSE,0.0
KBW,75 - 79,34.99,34.99,30.0,0.0,RED,0.0
NRW,55 - 59,39.99,39.99,30.0,0.0,RED,1.0
NRW,40 - 44,39.99,39.99,30.0,0.0,VF,1.0
HSN,55 - 59,34.99,34.99,30.0,0.0,RED,1.0
KBW,75 - 79,39.99,39.99,30.0,0.0,VF,1.0
NRW,55 - 59,64.95,44.98,30.0,0.0,VF,1.0
NRW,18 - 24,65.87,44.98,30.0,0.0,RED,0.0
NRW,65 - 69,63.96,53.96,30.0,0.0,VF,0.0
KBW,75 - 79,42.97,42.97,30.0,0.0,GIGAZUHAUSE,1.0
KBW,under 18,47.97,44.98,30.0,0.0,VF,0.0
NRW,55 - 59,29.99,29.99,30.0,0.0,INTERNET,1.0
NRW,50 - 54,39.99,39.99,30.0,0.0,RED,1.0
NRW,45 - 49,49.97,49.97,30.0,0.0,VF,0.0
KBW,65 - 69,49.97,49.97,30.0,1.0,VF,1.0
KBW,25 - 29,39.99,39.99,30.0,0.0,RED,0.0
KBW,60 - 64,37.99,37.99,30.0,0.0,VF,0.0
NRW,25 - 29,44.98,44.98,50.0,0.0,VF,1.0
KBW,50 - 54,44.98,44.98,30.0,0.0,RED,1.0
NRW,18 - 24,39.99,39.99,30.0,0.0,RED,0.0
NRW,60 - 64,39.98,39.98,30.0,0.0,RED,1.0
HSN,45 - 49,39.99,39.99,30.0,0.0,RED,1.0
NRW,65 - 69,29.99,29.99,30.0,0.0,VF,0.0
HSN,80 and over,0.0,0.0,30.0,0.0,3PLAY,0.0
NRW,80 and over,44.98,44.98,30.0,0.0,VF,0.0
NRW,45 - 49,49.97,44.97,30.0,0.0,VF,0.0
NRW,60 - 64,27.99,27.98,30.0,0.0,RED,0.0
KBW,75 - 79,39.99,39.99,30.0,0.0,RED,1.0
NRW,75 - 79,42.98,42.98,30.0,0.0,VF,0.0
NRW,65 - 69,43.98,43.98,30.0,0.0,RED,0.0
KBW,under 18,44.98,44.98,30.0,0.0,VF,1.0
NRW,75 - 79,41.97,39.98,30.0,0.0,GIGAZUHAUSE,1.0
NRW,65 - 69,49.99,49.99,30.0,0.0,RED,0.0
HSN,40 - 44,44.98,44.98,30.0,0.0,VF,0.0
HSN,60 - 64,42.97,42.97,30.0,0.0,RED,1.0
NRW,55 - 59,34.99,34.99,30.0,0.0,RED,0.0
NRW,18 - 24,39.99,39.99,30.0,0.0,RED,0.0
NRW,50 - 54,42.97,42.97,30.0,0.0,GIGAZUHAUSE,1.0
NRW,75 - 79,79.98,49.98,30.0,0.0,VF,0.0
KBW,55 - 59,34.99,34.99,30.0,0.0,RED,1.0
HSN,25 - 29,34.99,34.99,30.0,0.0,VF,0.0
NRW,35 - 39,19.99,19.99,697.0,0.0,GIGAZUHAUSE,1.0
NRW,60 - 64,44.98,44.98,30.0,0.0,VF,0.0
KBW,35 - 39,29.99,29.99,30.0,0.0,GIGAZUHAUSE,0.0
NRW,65 - 69,29.99,29.99,30.0,0.0,VF,0.0
HSN,75 - 79,39.99,39.99,30.0,0.0,RED,1.0
NRW,40 - 44,54.98,54.98,30.0,0.0,RED,1.0
HSN,75 - 79,39.99,39.99,30.0,0.0,RED,0.0
NRW,30 - 34,63.97,42.97,30.0,0.0,VF,0.0
KBW,60 - 64,34.99,34.99,30.0,0.0,RED,0.0
KBW,30 - 34,34.99,34.99,30.0,0.0,VF,0.0
KBW,45 - 49,60.97,70.97,30.0,0.0,3PLAY,0.0
NRW,65 - 69,39.98,39.98,30.0,0.0,VF,0.0
NRW,55 - 59,34.99,34.99,30.0,0.0,RED,0.0
NRW,under 18,34.99,34.99,30.0,0.0,RED,1.0
NRW,25 - 29,44.98,44.98,30.0,1.0,RED,1.0
NRW,75 - 79,34.99,34.99,30.0,0.0,RED,0.0
NRW,55 - 59,34.99,34.99,30.0,0.0,RED,1.0
KBW,25 - 29,44.98,44.98,30.0,0.0,VF,0.0
NRW,55 - 59,44.98,44.98,30.0,0.0,RED,1.0
KBW,50 - 54,39.98,39.99,30.0,0.0,VF,1.0
KBW,55 - 59,42.98,42.98,30.0,0.0,RED,0.0
KBW,45 - 49,34.99,34.99,515.0,0.0,GIGAZUHAUSE,1.0
HSN,45 - 49,39.98,39.98,30.0,0.0,GIGAZUHAUSE,1.0
NRW,60 - 64,44.98,44.98,30.0,0.0,VF,1.0
NRW,25 - 29,43.97,43.97,30.0,0.0,VF,0.0
KBW,40 - 44,34.99,34.99,30.0,0.0,RED,0.0
HSN,60 - 64,29.98,29.99,30.0,0.0,RED,1.0
NRW,40 - 44,49.97,49.97,30.0,0.0,RED,0.0
HSN,60 - 64,34.99,34.99,30.0,0.0,VF,1.0
NRW,60 - 64,40.78,40.0,30.0,0.0,3PLAY,0.0
KBW,25 - 29,49.99,49.99,30.0,0.0,RED,0.0
NRW,35 - 39,34.99,34.99,30.0,0.0,GIGAZUHAUSE,0.0
NRW,55 - 59,39.99,39.99,30.0,0.0,RED,0.0
HSN,65 - 69,39.99,39.99,30.0,0.0,RED,1.0
KBW,25 - 29,44.98,44.98,30.0,0.0,RED,1.0
NRW,40 - 44,39.99,39.99,30.0,0.0,GIGAZUHAUSE,0.0
HSN,50 - 54,39.99,39.99,30.0,0.0,VF,0.0
HSN,55 - 59,55.79,49.97,30.0,0.0,RED,1.0
KBW,50 - 54,44.98,44.98,30.0,0.0,VF,1.0
KBW,25 - 29,44.98,44.98,30.0,0.0,VF,0.0
KBW,65 - 69,29.99,29.99,30.0,0.0,VF,0.0
NRW,25 - 29,44.98,44.98,30.0,0.0,GIGAZUHAUSE,1.0
NRW,45 - 49,17.99,32.99,30.0,0.0,VF,0.0
NRW,25 - 29,32.99,32.99,30.0,0.0,GIGAZUHAUSE,0.0
NRW,25 - 29,34.99,34.99,30.0,0.0,RED,1.0
KBW,25 - 29,54.99,54.99,30.0,0.0,RED,0.0
KBW,40 - 44,34.99,34.99,30.0,0.0,RED,0.0
KBW,under 18,29.99,29.99,30.0,0.0,VF,1.0
KBW,60 - 64,39.99,39.99,30.0,0.0,GIGAZUHAUSE,0.0
KBW,40 - 44,35.86,35.0,30.0,0.0,3PLAY,0.0
HSN,65 - 69,34.99,34.99,30.0,0.0,RED,1.0
KBW,55 - 59,44.98,44.98,30.0,0.0,VF,1.0
HSN,80 and over,39.99,39.99,30.0,0.0,RED,1.0
KBW,80 and over,69.94,44.98,30.0,0.0,VF,1.0
KBW,80 and over,44.98,44.98,30.0,0.0,VF,1.0
KBW,under 18,39.99,39.99,30.0,0.0,GIGAZUHAUSE,1.0
KBW,60 - 64,37.99,37.99,30.0,0.0,VF,0.0
NRW,75 - 79,44.98,44.98,333.0,0.0,GIGAZUHAUSE,1.0
KBW,75 - 79,39.98,39.98,30.0,0.0,GIGAZUHAUSE,1.0
HSN,65 - 69,43.98,43.98,30.0,0.0,VF,1.0
NRW,60 - 64,44.97,44.97,30.0,0.0,GIGAZUHAUSE,1.0
KBW,65 - 69,44.98,44.98,30.0,0.0,VF,1.0
NRW,40 - 44,44.98,44.98,30.0,0.0,VF,1.0
KBW,55 - 59,29.99,29.99,30.0,0.0,VF,0.0
KBW,60 - 64,37.99,37.99,30.0,0.0,VF,0.0
NRW,55 - 59,44.98,44.98,93.0,0.0,GIGAZUHAUSE,0.0
NRW,65 - 69,62.98,62.98,30.0,0.0,RED,0.0
KBW,55 - 59,34.99,34.99,30.0,0.0,RED,1.0
NRW,25 - 29,39.99,39.99,30.0,0.0,RED,1.0
KBW,25 - 29,34.99,34.99,44.0,0.0,RED,1.0
HSN,80 and over,47.98,47.99,78.0,0.0,VF,0.0
KBW,65 - 69,54.97,54.98,30.0,0.0,RED,0.0
NRW,75 - 79,39.98,39.99,30.0,0.0,RED,1.0
HSN,55 - 59,39.98,39.98,30.0,0.0,GIGAZUHAUSE,1.0
KBW,60 - 64,34.99,37.99,30.0,0.0,VF,0.0
KBW,25 - 29,44.98,44.98,30.0,0.0,RED,1.0
NRW,25 - 29,39.99,39.99,30.0,0.0,RED,1.0
HSN,under 18,44.98,44.98,30.0,0.0,VF,0.0
NRW,75 - 79,34.99,24.99,30.0,0.0,VF,1.0
KBW,55 - 59,58.98,37.99,30.0,0.0,VF,0.0
KBW,40 - 44,38.98,38.98,30.0,0.0,RED,0.0
NRW,75 - 79,34.99,34.99,30.0,0.0,INTERNET,1.0
NRW,40 - 44,59.98,59.99,30.0,0.0,GIGAZUHAUSE,1.0
KBW,under 18,44.98,44.98,30.0,0.0,VF,1.0
NRW,80 and over,49.98,49.99,30.0,0.0,RED,1.0
HSN,50 - 54,24.99,24.99,30.0,0.0,RED,1.0
HSN,55 - 59,29.99,29.99,30.0,0.0,INTERNET,1.0
HSN,45 - 49,34.99,34.99,30.0,0.0,RED,1.0
NRW,25 - 29,39.99,39.99,30.0,0.0,RED,1.0
NRW,50 - 54,54.98,54.99,30.0,0.0,RED,0.0
HSN,60 - 64,44.98,44.98,30.0,0.0,VF,1.0
NRW,60 - 64,38.98,38.98,30.0,0.0,RED,0.0
KBW,30 - 34,44.98,44.98,30.0,0.0,VF,0.0
HSN,35 - 39,39.99,39.99,30.0,0.0,VF,1.0
KBW,50 - 54,44.97,44.98,30.0,0.0,VF,0.0
NRW,under 18,44.98,44.98,30.0,0.0,GIGAZUHAUSE,0.0
NRW,60 - 64,34.99,34.99,30.0,0.0,GIGAZUHAUSE,0.0
NRW,55 - 59,44.98,44.98,30.0,0.0,VF,1.0
NRW,45 - 49,39.99,39.99,30.0,0.0,RED,1.0
NRW,60 - 64,32.99,32.99,143.0,0.0,GIGAZUHAUSE,0.0
KBW,30 - 34,69.96,37.98,30.0,0.0,VF,0.0
KBW,65 - 69,44.98,44.98,30.0,0.0,VF,1.0
NRW,25 - 29,29.99,29.99,30.0,0.0,GIGAZUHAUSE,1.0
KBW,under 18,39.99,39.99,30.0,0.0,GIGAZUHAUSE,0.0
NRW,55 - 59,39.99,39.99,30.0,0.0,RED,1.0
HSN,25 - 29,27.99,27.99,632.0,0.0,GIGAZUHAUSE,0.0
KBW,75 - 79,44.97,44.97,30.0,0.0,VF,1.0
NRW,60 - 64,49.97,49.99,30.0,0.0,RED,1.0
NRW,45 - 49,34.99,34.99,30.0,0.0,RED,1.0
HSN,30 - 34,44.98,44.98,30.0,0.0,VF,1.0
NRW,45 - 49,44.98,44.98,30.0,0.0,VF,1.0
KBW,45 - 49,44.98,44.98,30.0,0.0,VF,1.0
NRW,60 - 64,42.98,42.98,593.0,0.0,GIGAZUHAUSE,0.0
KBW,25 - 29,47.96,47.96,30.0,0.0,VF,0.0
NRW,under 18,59.98,59.98,30.0,0.0,INTERNET,1.0
HSN,45 - 49,44.98,44.98,30.0,0.0,RED,0.0
NRW,50 - 54,68.97,37.99,30.0,0.0,VF,1.0
NRW,75 - 79,39.99,39.99,112.0,0.0,GIGAZUHAUSE,0.0
HSN,80 and over,49.99,49.99,30.0,0.0,VF,0.0
NRW,35 - 39,44.98,44.98,30.0,0.0,VF,1.0
KBW,60 - 64,49.99,49.99,30.0,0.0,GIGAZUHAUSE,0.0
KBW,55 - 59,49.99,49.99,30.0,0.0,RED,1.0
NRW,40 - 44,34.99,34.99,30.0,0.0,RED,1.0
NRW,25 - 29,44.98,44.98,30.0,0.0,INTERNET,1.0
NRW,80 and over,49.98,49.98,30.0,0.0,3PLAY,0.0
HSN,25 - 29,49.99,49.99,30.0,0.0,VF,1.0
KBW,50 - 54,47.96,47.96,30.0,0.0,VF,1.0
NRW,75 - 79,44.98,44.98,30.0,0.0,VF,0.0
NRW,55 - 59,44.98,44.98,30.0,0.0,VF,0.0
NRW,18 - 24,34.99,34.99,30.0,0.0,GIGAZUHAUSE,0.0
KBW,40 - 44,39.99,39.99,30.0,0.0,RED,1.0
NRW,65 - 69,49.97,49.97,30.0,0.0,VF,1.0
NRW,55 - 59,49.99,49.99,30.0,0.0,RED,0.0
NRW,50 - 54,59.98,59.98,30.0,0.0,RED,1.0
KBW,under 18,34.99,34.99,30.0,0.0,VF,0.0
NRW,55 - 59,39.99,39.99,30.0,0.0,RED,0.0
KBW,50 - 54,58.88,58.98,30.0,0.0,RED,0.0
HSN,65 - 69,39.99,39.99,30.0,0.0,GIGAZUHAUSE,0.0
NRW,65 - 69,65.97,44.98,30.0,0.0,2PLAY,0.0
NRW,under 18,44.98,44.98,30.0,0.0,VF,0.0
NRW,under 18,34.99,34.99,30.0,1.0,RED,1.0
NRW,35 - 39,34.99,34.99,30.0,0.0,GIGAZUHAUSE,1.0
NRW,75 - 79,44.98,44.98,30.0,0.0,RED,1.0
NRW,25 - 29,34.99,34.99,30.0,0.0,RED,1.0
NRW,40 - 44,65.97,44.98,30.0,0.0,RED,1.0
NRW,55 - 59,39.99,39.99,30.0,0.0,GIGAZUHAUSE,1.0
KBW,45 - 49,29.99,29.99,30.0,0.0,VF,0.0
NRW,75 - 79,44.98,44.98,30.0,0.0,RED,0.0
NRW,40 - 44,47.96,47.97,30.0,0.0,VF,0.0
NRW,under 18,64.94,49.97,30.0,0.0,VF,0.0
KBW,40 - 44,50.86,50.86,30.0,0.0,3PLAY,0.0
NRW,65 - 69,44.98,44.98,30.0,0.0,GIGAZUHAUSE,1.0
KBW,30 - 34,39.98,39.98,30.0,0.0,RED,0.0
NRW,60 - 64,49.99,49.99,30.0,0.0,RED,1.0
NRW,30 - 34,44.98,44.98,596.0,0.0,RED,1.0
NRW,25 - 29,29.99,29.99,30.0,0.0,VF,1.0
NRW,25 - 29,34.99,34.99,30.0,0.0,RED,0.0
KBW,18 - 24,49.95,49.97,30.0,0.0,RED,0.0
NRW,65 - 69,39.98,39.98,30.0,0.0,GIGAZUHAUSE,1.0
NRW,50 - 54,49.97,49.97,30.0,0.0,VF,0.0
HSN,75 - 79,44.98,44.98,30.0,0.0,VF,1.0
NRW,55 - 59,44.98,44.98,30.0,0.0,VF,1.0
KBW,40 - 44,42.97,42.97,30.0,0.0,3PLAY,0.0
KBW,25 - 29,44.98,44.98,30.0,0.0,VF,1.0
KBW,under 18,47.98,47.98,30.0,0.0,VF,1.0
KBW,25 - 29,54.99,54.99,30.0,0.0,RED,0.0
NRW,55 - 59,34.99,34.99,30.0,0.0,RED,1.0
HSN,75 - 79,34.99,34.99,30.0,0.0,RED,0.0
NRW,60 - 64,32.99,32.99,136.0,0.0,GIGAZUHAUSE,1.0
KBW,55 - 59,49.99,49.99,30.0,0.0,RED,0.0
NRW,under 18,34.99,34.99,30.0,0.0,RED,1.0
HSN,50 - 54,39.99,39.99,30.0,0.0,VF,0.0
KBW,75 - 79,44.98,44.98,86.0,0.0,VF,1.0
KBW,75 - 79,44.98,44.98,30.0,0.0,RED,0.0
NRW,40 - 44,39.99,39.99,30.0,0.0,GIGAZUHAUSE,0.0
NRW,60 - 64,49.97,49.97,30.0,0.0,RED,1.0
HSN,45 - 49,32.99,32.99,30.0,0.0,VF,1.0
NRW,under 18,44.98,44.98,30.0,0.0,VF,1.0
NRW,35 - 39,44.98,44.98,30.0,0.0,RED,0.0
KBW,55 - 59,44.98,44.98,30.0,0.0,RED,1.0
NRW,45 - 49,44.98,44.98,30.0,0.0,VF,0.0
KBW,45 - 49,49.97,49.97,30.0,0.0,VF,1.0
NRW,45 - 49,44.98,44.98,30.0,0.0,VF,0.0
NRW,50 - 54,37.99,34.99,162.0,0.0,GIGAZUHAUSE,1.0
NRW,25 - 29,44.98,44.98,30.0,0.0,VF,1.0
NRW,35 - 39,39.98,39.98,30.0,0.0,GIGAZUHAUSE,1.0
KBW,60 - 64,49.97,49.97,30.0,0.0,VF,1.0
KBW,25 - 29,54.99,54.99,30.0,0.0,GIGAZUHAUSE,1.0
NRW,25 - 29,24.99,24.99,30.0,0.0,INTERNET,1.0
KBW,under 18,34.99,34.99,30.0,0.0,GIGAZUHAUSE,1.0
KBW,65 - 69,39.99,39.99,30.0,0.0,VF,1.0
HSN,55 - 59,44.98,44.98,30.0,0.0,VF,1.0
HSN,under 18,39.99,39.99,30.0,0.0,RED,0.0
KBW,60 - 64,39.98,39.98,30.0,0.0,VF,0.0
HSN,under 18,44.98,44.97,30.0,0.0,VF,1.0
KBW,25 - 29,34.99,45.41,30.0,0.0,RED,0.0
KBW,65 - 69,44.95,44.97,30.0,0.0,VF,0.0
NRW,60 - 64,34.99,34.99,30.0,0.0,RED,0.0
KBW,25 - 29,39.98,39.98,30.0,0.0,RED,1.0
NRW,55 - 59,29.99,29.99,30.0,0.0,VF,1.0
NRW,45 - 49,34.99,34.99,30.0,0.0,RED,1.0
NRW,55 - 59,39.99,39.99,30.0,0.0,RED,1.0
NRW,75 - 79,37.98,37.98,30.0,1.0,VF,1.0
KBW,25 - 29,32.99,32.99,30.0,0.0,VF,1.0
NRW,30 - 34,49.99,49.99,30.0,0.0,VF,1.0
HSN,45 - 49,39.98,39.98,30.0,0.0,RED,1.0
KBW,80 and over,44.98,44.98,30.0,0.0,RED,1.0
KBW,55 - 59,59.97,59.97,30.0,0.0,RED,1.0
NRW,18 - 24,29.99,29.99,30.0,0.0,VF,1.0
KBW,75 - 79,44.98,44.98,30.0,0.0,VF,0.0
NRW,25 - 29,39.99,39.99,30.0,0.0,RED,1.0
NRW,60 - 64,39.99,39.99,30.0,0.0,VF,1.0
NRW,25 - 29,34.99,34.99,30.0,0.0,RED,0.0
KBW,55 - 59,38.98,38.98,30.0,0.0,GIGAZUHAUSE,1.0
HSN,55 - 59,47.99,47.99,30.0,0.0,VF,1.0
NRW,25 - 29,44.98,44.98,30.0,0.0,RED,0.0
NRW,55 - 59,29.99,29.99,30.0,0.0,VF,0.0
NRW,under 18,39.99,29.99,30.0,0.0,RED,1.0
KBW,45 - 49,44.98,44.98,30.0,0.0,RED,0.0
NRW,under 18,24.99,24.99,30.0,0.0,VF,0.0
NRW,55 - 59,39.98,39.98,30.0,0.0,RED,1.0
NRW,under 18,32.99,27.99,30.0,0.0,GIGAZUHAUSE,0.0
KBW,45 - 49,29.99,29.99,30.0,0.0,VF,0.0
HSN,under 18,29.99,29.99,30.0,0.0,INTERNET,0.0
NRW,50 - 54,44.98,44.98,30.0,0.0,VF,1.0
KBW,75 - 79,44.98,44.98,30.0,0.0,RED,0.0
NRW,under 18,39.99,39.99,30.0,0.0,RED,1.0
KBW,25 - 29,34.99,34.99,214.0,0.0,GIGAZUHAUSE,1.0
KBW,45 - 49,53.96,44.98,30.0,0.0,RED,0.0
NRW,under 18,39.98,39.98,30.0,0.0,RED,1.0
HSN,45 - 49,44.98,44.98,30.0,0.0,RED,1.0
NRW,under 18,32.99,32.99,30.0,0.0,VF,0.0
NRW,25 - 29,34.99,34.99,30.0,0.0,RED,1.0
HSN,60 - 64,49.97,49.97,30.0,0.0,GIGAZUHAUSE,0.0
NRW,65 - 69,74.98,52.98,30.0,0.0,VF,1.0
KBW,18 - 24,39.98,39.98,30.0,0.0,GIGAZUHAUSE,0.0
KBW,40 - 44,49.99,49.99,30.0,0.0,GIGAZUHAUSE,0.0
HSN,under 18,54.99,39.99,30.0,0.0,RED,0.0
NRW,45 - 49,25.0,25.0,30.0,0.0,RED,0.0
NRW,25 - 29,39.98,39.99,30.0,0.0,VF,1.0
KBW,under 18,39.99,39.99,30.0,0.0,VF,1.0
KBW,under 18,44.98,44.98,30.0,0.0,RED,1.0
KBW,25 - 29,54.97,44.98,30.0,0.0,VF,1.0
NRW,80 and over,34.99,34.99,30.0,0.0,RED,1.0
HSN,45 - 49,39.99,39.99,30.0,0.0,RED,0.0
KBW,50 - 54,39.99,39.99,30.0,0.0,RED,1.0
KBW,50 - 54,39.98,39.98,30.0,0.0,RED,1.0
KBW,under 18,48.97,48.97,30.0,0.0,VF,0.0
HSN,under 18,44.98,44.98,30.0,0.0,VF,1.0
KBW,45 - 49,42.97,42.98,30.0,0.0,2PLAY,1.0
NRW,55 - 59,49.97,49.97,30.0,0.0,VF,0.0
KBW,50 - 54,29.99,29.99,30.0,0.0,VF,1.0
HSN,75 - 79,39.99,39.99,30.0,0.0,RED,1.0
KBW,65 - 69,48.97,48.97,30.0,0.0,VF,1.0
NRW,under 18,19.99,19.99,30.0,0.0,EAZY,0.0
NRW,45 - 49,44.98,44.98,30.0,0.0,RED,1.0
NRW,50 - 54,29.99,29.99,30.0,0.0,VF,0.0
HSN,55 - 59,58.98,58.98,30.0,0.0,RED,1.0
KBW,under 18,44.98,44.98,30.0,0.0,RED,1.0
KBW,45 - 49,69.94,44.98,30.0,0.0,VF,0.0
NRW,75 - 79,29.99,29.99,30.0,0.0,INTERNET,0.0
KBW,25 - 29,44.98,44.98,30.0,0.0,RED,0.0
KBW,30 - 34,58.98,58.98,30.0,0.0,VF,0.0
NRW,40 - 44,44.98,44.98,30.0,0.0,RED,1.0
HSN,75 - 79,44.98,44.98,30.0,0.0,VF,0.0
KBW,65 - 69,49.97,49.97,30.0,0.0,RED,1.0
NRW,65 - 69,34.99,34.99,30.0,0.0,RED,0.0
KBW,50 - 54,53.96,38.98,30.0,0.0,GIGAZUHAUSE,1.0
NRW,55 - 59,42.97,42.97,30.0,0.0,GIGAZUHAUSE,1.0
HSN,75 - 79,49.99,49.99,30.0,0.0,RED,1.0
HSN,25 - 29,54.98,54.98,30.0,0.0,VF,0.0
KBW,25 - 29,47.98,47.98,30.0,0.0,VF,1.0
HSN,50 - 54,48.88,48.86,30.0,0.0,3PLAY,0.0
HSN,65 - 69,57.97,37.99,30.0,0.0,VF,1.0
HSN,40 - 44,37.99,42.99,30.0,0.0,VF,1.0
NRW,35 - 39,39.99,39.99,30.0,0.0,RED,0.0
HSN,50 - 54,44.98,44.98,30.0,0.0,VF,0.0
NRW,55 - 59,44.98,44.98,30.0,0.0,RED,1.0
NRW,25 - 29,72.97,44.98,30.0,0.0,VF,0.0
KBW,65 - 69,34.99,34.99,30.0,0.0,RED,1.0
NRW,75 - 79,29.99,29.99,30.0,0.0,2PLAY,1.0
KBW,45 - 49,49.97,49.97,30.0,0.0,VF,0.0
HSN,55 - 59,29.99,29.99,30.0,0.0,VF,1.0
NRW,30 - 34,24.99,24.99,30.0,0.0,VF,1.0
HSN,75 - 79,34.99,34.99,30.0,0.0,RED,1.0
NRW,75 - 79,34.99,34.99,30.0,0.0,RED,0.0
HSN,40 - 44,29.99,29.99,30.0,0.0,RED,1.0
NRW,50 - 54,34.99,34.99,30.0,0.0,GIGAZUHAUSE,0.0
KBW,25 - 29,34.99,34.99,30.0,0.0,RED,0.0
NRW,75 - 79,29.99,29.99,30.0,0.0,VF,0.0
NRW,25 - 29,39.98,39.98,30.0,0.0,VF,1.0
KBW,30 - 34,34.99,39.99,30.0,0.0,RED,1.0
HSN,under 18,52.93,27.99,30.0,0.0,RED,0.0
NRW,45 - 49,39.99,39.99,30.0,0.0,VF,1.0
NRW,75 - 79,44.98,44.98,30.0,0.0,VF,1.0
KBW,55 - 59,39.99,39.99,30.0,0.0,RED,0.0
HSN,45 - 49,44.98,44.98,30.0,0.0,VF,1.0
NRW,55 - 59,32.99,32.99,30.0,0.0,VF,0.0
NRW,under 18,39.99,39.99,30.0,0.0,RED,0.0
KBW,60 - 64,45.95,45.88,30.0,0.0,3PLAY,0.0
NRW,75 - 79,42.97,42.97,30.0,0.0,VF,0.0
KBW,75 - 79,39.99,29.99,30.0,0.0,VF,0.0
KBW,55 - 59,38.98,38.98,30.0,0.0,RED,1.0
HSN,55 - 59,47.97,47.99,30.0,0.0,VF,1.0
HSN,55 - 59,54.98,54.98,698.0,0.0,GIGAZUHAUSE,1.0
KBW,55 - 59,39.98,39.98,594.0,0.0,GIGAZUHAUSE,0.0
KBW,75 - 79,69.95,39.99,30.0,0.0,VF,0.0
NRW,50 - 54,57.93,37.97,30.0,0.0,VF,0.0
NRW,80 and over,59.98,59.98,30.0,0.0,RED,1.0
NRW,under 18,44.98,44.98,30.0,0.0,RED,0.0
KBW,55 - 59,44.98,44.98,30.0,0.0,VF,1.0
NRW,35 - 39,37.99,37.99,30.0,0.0,VF,1.0
NRW,75 - 79,44.98,44.98,30.0,0.0,RED,1.0
NRW,35 - 39,39.99,39.99,30.0,0.0,RED,1.0
KBW,55 - 59,39.99,39.99,30.0,0.0,VF,1.0
KBW,under 18,54.98,54.98,30.0,0.0,RED,1.0
KBW,25 - 29,44.98,44.98,30.0,0.0,RED,1.0
NRW,40 - 44,44.98,44.98,30.0,0.0,VF,0.0
KBW,60 - 64,69.98,44.98,30.0,0.0,VF,0.0
KBW,under 18,44.99,44.99,30.0,0.0,RED,1.0
HSN,65 - 69,49.99,49.99,30.0,0.0,GIGAZUHAUSE,0.0
NRW,75 - 79,54.98,54.99,30.0,0.0,RED,0.0
KBW,45 - 49,47.99,47.99,30.0,0.0,RED,0.0
NRW,50 - 54,34.99,34.99,30.0,0.0,RED,1.0
NRW,50 - 54,34.99,34.99,30.0,0.0,RED,0.0
NRW,25 - 29,39.98,39.98,30.0,0.0,GIGAZUHAUSE,0.0
HSN,75 - 79,47.9,47.96,30.0,0.0,2PLAY,0.0
KBW,55 - 59,39.98,39.98,30.0,0.0,VF,0.0
KBW,60 - 64,32.99,32.99,30.0,0.0,VF,1.0
KBW,65 - 69,34.99,34.99,30.0,0.0,RED,0.0
NRW,55 - 59,34.99,34.99,30.0,0.0,VF,1.0
NRW,55 - 59,42.98,42.98,30.0,0.0,VF,0.0
NRW,35 - 39,54.99,54.99,30.0,0.0,RED,0.0
KBW,50 - 54,42.97,42.97,30.0,0.0,GIGAZUHAUSE,0.0
KBW,35 - 39,55.98,24.98,30.0,0.0,3PLAY,0.0
KBW,60 - 64,29.99,29.99,49.0,0.0,VF,1.0
NRW,50 - 54,11.98,11.98,30.0,0.0,3PLAY,0.0
NRW,45 - 49,34.99,34.99,30.0,0.0,RED,0.0
NRW,25 - 29,34.99,34.99,30.0,0.0,RED,1.0
NRW,40 - 44,29.99,29.99,30.0,0.0,VF,1.0
NRW,45 - 49,39.98,39.98,30.0,0.0,VF,1.0
KBW,25 - 29,54.99,54.99,30.0,0.0,RED,0.0
NRW,55 - 59,44.98,44.98,30.0,0.0,VF,0.0
KBW,65 - 69,29.99,29.99,30.0,0.0,VF,0.0
NRW,50 - 54,44.98,44.98,30.0,0.0,VF,0.0
NRW,75 - 79,49.99,49.99,30.0,0.0,RED,1.0
HSN,60 - 64,39.99,39.99,30.0,0.0,VF,0.0
NRW,75 - 79,39.98,44.98,30.0,0.0,VF,1.0
NRW,65 - 69,37.99,37.99,30.0,0.0,VF,0.0
NRW,65 - 69,69.96,47.98,30.0,0.0,GIGAZUHAUSE,1.0
KBW,under 18,37.99,37.99,30.0,0.0,VF,1.0
NRW,80 and over,49.98,49.98,30.0,0.0,VF,0.0
NRW,60 - 64,48.97,48.97,30.0,0.0,RED,1.0
KBW,65 - 69,39.99,39.99,30.0,0.0,RED,0.0
NRW,55 - 59,34.99,34.99,30.0,0.0,RED,0.0
KBW,30 - 34,37.98,37.98,30.0,0.0,VF,0.0
KBW,under 18,34.99,34.99,30.0,0.0,VF,1.0
NRW,65 - 69,68.98,47.99,30.0,0.0,VF,0.0
NRW,45 - 49,49.99,49.99,30.0,0.0,RED,0.0
NRW,80 and over,45.96,25.0,30.0,0.0,RED,0.0
NRW,50 - 54,54.96,54.98,30.0,0.0,RED,0.0
KBW,40 - 44,42.98,42.99,30.0,0.0,VF,1.0
KBW,45 - 49,60.98,39.98,30.0,0.0,VF,0.0
NRW,50 - 54,44.98,44.98,30.0,0.0,RED,0.0
HSN,55 - 59,49.97,49.97,30.0,0.0,GIGAZUHAUSE,0.0
KBW,55 - 59,44.98,44.98,30.0,0.0,RED,0.0
HSN,80 and over,37.98,37.98,30.0,0.0,VF,1.0
NRW,60 - 64,39.99,39.99,30.0,0.0,RED,1.0
NRW,25 - 29,44.98,44.98,694.0,0.0,GIGAZUHAUSE,0.0
KBW,25 - 29,54.98,44.98,30.0,0.0,RED,0.0
NRW,55 - 59,29.99,29.99,30.0,0.0,VF,0.0
NRW,under 18,44.99,44.99,30.0,0.0,RED,0.0
KBW,55 - 59,49.97,67.96,30.0,0.0,RED,0.0
NRW,55 - 59,55.98,55.99,30.0,0.0,2PLAY,0.0
NRW,50 - 54,39.98,39.98,137.0,0.0,GIGAZUHAUSE,0.0
HSN,25 - 29,68.97,42.97,30.0,0.0,GIGAZUHAUSE,0.0
NRW,25 - 29,39.99,39.99,30.0,0.0,RED,0.0
KBW,40 - 44,29.99,29.99,30.0,0.0,RED,1.0
NRW,75 - 79,39.99,39.99,30.0,0.0,VF,1.0
NRW,45 - 49,39.99,39.99,30.0,0.0,RED,0.0
KBW,under 18,34.99,34.99,30.0,0.0,RED,0.0
NRW,25 - 29,37.99,37.99,30.0,0.0,VF,0.0
KBW,35 - 39,39.99,39.99,30.0,0.0,RED,0.0
HSN,18 - 24,44.98,44.98,30.0,0.0,VF,0.0
KBW,25 - 29,29.99,29.99,30.0,0.0,INTERNET,0.0
HSN,75 - 79,44.98,44.98,30.0,0.0,VF,1.0
KBW,60 - 64,39.99,39.99,30.0,0.0,RED,0.0
NRW,75 - 79,51.96,34.99,30.0,0.0,RED,0.0
NRW,55 - 59,49.99,49.99,30.0,0.0,RED,1.0
HSN,25 - 29,39.98,39.98,116.0,0.0,GIGAZUHAUSE,0.0
NRW,50 - 54,44.98,44.98,30.0,0.0,VF,1.0
NRW,under 18,52.95,32.99,30.0,0.0,VF,0.0
NRW,65 - 69,29.99,29.99,30.0,0.0,VF,0.0
NRW,under 18,37.98,37.98,30.0,0.0,VF,1.0
HSN,50 - 54,34.99,34.99,30.0,0.0,RED,1.0
HSN,80 and over,0.0,0.0,30.0,0.0,RED,1.0
NRW,75 - 79,29.99,29.99,30.0,0.0,VF,1.0
KBW,50 - 54,19.99,19.99,30.0,0.0,RED,0.0
KBW,50 - 54,44.98,44.98,30.0,0.0,VF,0.0
NRW,40 - 44,44.98,44.98,30.0,0.0,VF,0.0
NRW,60 - 64,49.97,54.97,30.0,0.0,VF,1.0
NRW,45 - 49,68.35,56.95,30.0,0.0,3PLAY,0.0
KBW,75 - 79,34.99,34.99,30.0,0.0,VF,0.0
NRW,75 - 79,49.97,44.97,668.0,0.0,GIGAZUHAUSE,0.0
KBW,under 18,49.98,49.99,30.0,0.0,VF,0.0
KBW,50 - 54,34.99,34.99,30.0,0.0,VF,0.0
NRW,under 18,39.99,39.99,30.0,0.0,GIGAZUHAUSE,1.0
NRW,45 - 49,44.97,44.97,30.0,0.0,VF,0.0
KBW,45 - 49,43.97,43.97,30.0,0.0,VF,1.0
NRW,50 - 54,37.99,34.99,30.0,0.0,VF,0.0
HSN,under 18,44.98,44.98,30.0,0.0,RED,1.0
KBW,25 - 29,62.98,42.97,30.0,0.0,VF,1.0
HSN,55 - 59,34.99,34.99,30.0,0.0,RED,0.0
KBW,under 18,42.99,42.99,30.0,0.0,VF,0.0
KBW,40 - 44,55.97,37.97,30.0,0.0,3PLAY,1.0
NRW,50 - 54,39.99,39.99,30.0,0.0,RED,0.0
HSN,50 - 54,47.99,47.99,30.0,0.0,VF,1.0
NRW,under 18,39.98,39.98,30.0,0.0,RED,0.0
HSN,45 - 49,34.99,34.99,30.0,0.0,RED,0.0
KBW,55 - 59,39.99,39.99,30.0,0.0,VF,0.0
NRW,25 - 29,34.99,34.99,30.0,0.0,RED,1.0
KBW,80 and over,67.93,40.86,30.0,0.0,3PLAY,1.0
KBW,45 - 49,44.97,44.97,30.0,0.0,VF,0.0
KBW,35 - 39,34.99,29.99,30.0,0.0,RED,1.0
NRW,80 and over,60.98,29.99,30.0,0.0,VF,0.0
HSN,45 - 49,74.41,44.97,687.0,0.0,GIGAZUHAUSE,0.0
KBW,50 - 54,42.98,42.98,30.0,0.0,VF,0.0
NRW,55 - 59,34.99,34.99,30.0,0.0,RED,0.0
KBW,55 - 59,60.35,50.9,30.0,0.0,3PLAY,0.0
KBW,under 18,39.99,39.99,30.0,0.0,RED,1.0
HSN,65 - 69,44.98,44.98,30.0,0.0,VF,1.0
NRW,under 18,39.98,39.98,30.0,0.0,RED,1.0
HSN,75 - 79,34.99,34.99,30.0,0.0,RED,1.0
NRW,60 - 64,52.98,52.98,30.0,0.0,VF,1.0
NRW,45 - 49,44.98,44.98,30.0,0.0,RED,1.0
KBW,55 - 59,29.99,29.99,30.0,0.0,RED,0.0
KBW,35 - 39,39.99,39.99,30.0,0.0,RED,0.0
NRW,45 - 49,65.97,29.99,30.0,0.0,VF,0.0
NRW,50 - 54,49.99,49.99,30.0,0.0,RED,1.0
KBW,60 - 64,54.99,54.99,30.0,0.0,RED,1.0
HSN,25 - 29,39.98,39.98,30.0,0.0,VF,1.0
NRW,under 18,34.99,34.99,30.0,0.0,RED,0.0
NRW,50 - 54,54.98,54.99,30.0,0.0,2PLAY,0.0
HSN,65 - 69,44.98,44.98,30.0,0.0,GIGAZUHAUSE,1.0
HSN,80 and over,44.98,44.98,30.0,0.0,RED,1.0
HSN,under 18,34.99,34.99,30.0,0.0,VF,0.0
KBW,75 - 79,42.97,42.97,30.0,0.0,2PLAY,1.0
NRW,25 - 29,44.98,44.98,93.0,0.0,VF,0.0
HSN,50 - 54,74.97,34.99,30.0,0.0,RED,0.0
NRW,50 - 54,34.99,34.99,30.0,0.0,VF,0.0
KBW,25 - 29,44.98,44.98,30.0,0.0,VF,1.0
HSN,under 18,47.97,47.97,30.0,0.0,GIGAZUHAUSE,1.0
NRW,55 - 59,58.98,58.98,30.0,0.0,RED,1.0
NRW,25 - 29,44.98,44.98,30.0,0.0,RED,1.0
NRW,18 - 24,44.98,44.98,30.0,0.0,RED,0.0
KBW,50 - 54,29.99,29.99,30.0,0.0,VF,1.0
NRW,50 - 54,39.99,39.99,30.0,0.0,RED,1.0
KBW,65 - 69,54.99,54.99,30.0,0.0,RED,1.0
HSN,25 - 29,48.97,48.97,30.0,0.0,VF,1.0
NRW,30 - 34,42.98,42.98,30.0,0.0,GIGAZUHAUSE,1.0
KBW,60 - 64,47.99,47.99,30.0,0.0,VF,0.0
KBW,25 - 29,54.99,54.99,30.0,0.0,RED,1.0
NRW,50 - 54,60.98,39.99,30.0,0.0,VF,1.0
NRW,35 - 39,34.99,34.99,30.0,0.0,RED,0.0
NRW,50 - 54,44.98,44.98,30.0,0.0,VF,0.0
HSN,under 18,37.99,37.99,30.0,0.0,VF,1.0
NRW,65 - 69,39.98,39.98,30.0,0.0,RED,1.0
NRW,45 - 49,37.99,37.99,30.0,0.0,VF,0.0
KBW,under 18,58.98,58.98,30.0,0.0,VF,0.0
NRW,75 - 79,39.98,39.98,30.0,0.0,GIGAZUHAUSE,1.0
HSN,25 - 29,34.99,34.99,30.0,0.0,RED,1.0
KBW,50 - 54,44.98,44.98,30.0,0.0,RED,0.0
NRW,25 - 29,44.98,44.98,30.0,0.0,RED,0.0
KBW,40 - 44,47.96,47.96,30.0,0.0,RED,1.0
KBW,50 - 54,44.98,44.98,30.0,0.0,GIGAZUHAUSE,1.0
NRW,50 - 54,44.98,44.98,30.0,0.0,VF,0.0
KBW,under 18,37.98,37.98,30.0,0.0,VF,0.0
NRW,65 - 69,54.99,54.99,30.0,0.0,RED,0.0
NRW,55 - 59,29.99,29.99,30.0,0.0,VF,1.0
HSN,25 - 29,42.98,42.98,30.0,0.0,GIGAZUHAUSE,0.0
NRW,60 - 64,47.96,47.97,30.0,0.0,VF,0.0
NRW,50 - 54,32.99,32.99,30.0,0.0,VF,0.0
NRW,45 - 49,39.99,39.99,30.0,0.0,3PLAY,1.0
NRW,30 - 34,54.99,54.99,30.0,0.0,RED,0.0
KBW,60 - 64,34.99,34.99,30.0,0.0,RED,0.0
KBW,40 - 44,34.99,34.99,30.0,0.0,VF,0.0
KBW,75 - 79,34.99,34.99,30.0,0.0,RED,0.0
KBW,45 - 49,39.98,39.98,30.0,0.0,RED,0.0
NRW,75 - 79,44.98,44.98,30.0,0.0,VF,0.0
NRW,65 - 69,39.98,39.98,30.0,0.0,RED,1.0
NRW,55 - 59,42.98,42.98,30.0,0.0,VF,1.0
NRW,25 - 29,44.98,44.98,30.0,0.0,RED,1.0
KBW,75 - 79,42.98,42.98,30.0,0.0,VF,1.0
KBW,80 and over,49.99,49.99,30.0,0.0,VF,1.0
NRW,60 - 64,44.98,44.98,30.0,0.0,VF,0.0
KBW,75 - 79,44.99,44.99,30.0,0.0,RED,1.0
NRW,50 - 54,39.99,39.99,30.0,0.0,VF,0.0
NRW,40 - 44,59.98,39.98,30.0,0.0,VF,1.0
NRW,65 - 69,44.98,44.98,694.0,0.0,VF,1.0
KBW,60 - 64,29.99,29.99,30.0,0.0,VF,0.0
NRW,55 - 59,32.98,32.98,30.0,0.0,GIGAZUHAUSE,1.0
NRW,under 18,44.98,44.98,30.0,0.0,VF,0.0
NRW,50 - 54,42.98,42.98,30.0,0.0,GIGAZUHAUSE,0.0
HSN,30 - 34,32.99,32.99,30.0,0.0,VF,0.0
NRW,under 18,47.96,47.96,30.0,0.0,VF,1.0
HSN,40 - 44,39.99,39.99,30.0,0.0,RED,0.0
KBW,50 - 54,34.99,34.99,30.0,0.0,RED,1.0
KBW,60 - 64,39.98,39.98,30.0,0.0,VF,0.0
KBW,80 and over,44.98,44.98,30.0,0.0,VF,0.0
KBW,55 - 59,29.99,29.99,30.0,0.0,VF,0.0
KBW,45 - 49,54.97,54.97,30.0,0.0,RED,0.0
HSN,60 - 64,24.99,24.99,30.0,0.0,VF,1.0
KBW,25 - 29,42.98,42.98,30.0,0.0,VF,0.0
HSN,65 - 69,39.99,39.99,30.0,0.0,RED,1.0
NRW,45 - 49,52.96,41.96,30.0,0.0,VF,0.0
KBW,25 - 29,44.98,44.98,84.0,0.0,VF,1.0
KBW,50 - 54,44.98,44.98,30.0,0.0,RED,1.0
HSN,75 - 79,44.98,44.98,30.0,0.0,GIGAZUHAUSE,1.0
NRW,25 - 29,34.99,34.99,30.0,0.0,RED,0.0
KBW,50 - 54,44.98,44.99,30.0,0.0,VF,1.0
KBW,45 - 49,44.98,44.98,30.0,0.0,RED,1.0
KBW,75 - 79,49.99,49.99,30.0,0.0,RED,1.0
KBW,65 - 69,27.99,32.99,30.0,0.0,VF,0.0
HSN,25 - 29,27.99,27.99,30.0,0.0,INTERNET,0.0
NRW,55 - 59,44.98,44.98,30.0,0.0,VF,1.0
NRW,65 - 69,79.96,49.97,30.0,0.0,VF,1.0
KBW,55 - 59,34.99,34.99,30.0,0.0,RED,1.0
HSN,75 - 79,29.99,29.99,30.0,0.0,VF,1.0
HSN,55 - 59,44.98,44.98,642.0,0.0,VF,0.0
NRW,50 - 54,29.98,29.99,30.0,0.0,VF,0.0
HSN,50 - 54,54.99,54.99,30.0,0.0,RED,0.0
NRW,50 - 54,34.99,34.99,30.0,0.0,RED,1.0
HSN,25 - 29,43.98,43.98,30.0,0.0,RED,0.0
HSN,45 - 49,44.98,44.98,30.0,0.0,VF,0.0
KBW,55 - 59,29.97,29.97,30.0,0.0,RED,0.0
NRW,50 - 54,49.99,49.99,30.0,0.0,RED,0.0
HSN,50 - 54,50.95,49.97,30.0,0.0,VF,1.0
HSN,55 - 59,44.98,44.98,30.0,0.0,VF,1.0
NRW,55 - 59,49.97,49.98,30.0,0.0,RED,0.0
KBW,55 - 59,44.98,44.98,30.0,0.0,VF,0.0
NRW,45 - 49,34.99,34.99,30.0,0.0,RED,1.0
HSN,65 - 69,34.99,34.99,30.0,0.0,RED,1.0
NRW,45 - 49,29.99,29.99,30.0,0.0,GIGAZUHAUSE,1.0
NRW,35 - 39,40.97,34.99,30.0,0.0,RED,1.0
NRW,25 - 29,17.99,17.99,30.0,0.0,EAZY,0.0
KBW,75 - 79,45.96,44.98,30.0,0.0,VF,0.0
NRW,50 - 54,44.98,44.98,30.0,0.0,VF,0.0
NRW,18 - 24,39.99,39.99,30.0,0.0,RED,1.0
KBW,25 - 29,44.98,44.98,30.0,0.0,VF,0.0
KBW,80 and over,54.99,54.99,30.0,0.0,VF,0.0
HSN,50 - 54,39.98,39.98,30.0,0.0,RED,1.0
NRW,60 - 64,34.99,34.99,30.0,0.0,RED,1.0
KBW,45 - 49,29.99,59.99,30.0,0.0,VF,0.0
NRW,65 - 69,39.99,39.99,30.0,0.0,VF,0.0
HSN,75 - 79,29.99,29.99,30.0,0.0,RED,0.0
HSN,under 18,44.98,44.98,30.0,0.0,VF,1.0
KBW,75 - 79,54.99,54.99,30.0,0.0,RED,0.0
KBW,55 - 59,24.99,24.99,30.0,0.0,INTERNET,0.0
NRW,45 - 49,44.98,44.98,30.0,0.0,RED,0.0
KBW,50 - 54,34.99,34.99,30.0,0.0,GIGAZUHAUSE,0.0
KBW,35 - 39,59.98,59.98,30.0,0.0,GIGAZUHAUSE,1.0
KBW,75 - 79,34.99,34.99,30.0,0.0,RED,0.0
NRW,30 - 34,45.98,39.99,30.0,0.0,VF,0.0
NRW,65 - 69,56.96,29.99,30.0,0.0,VF,0.0
KBW,under 18,29.99,29.99,30.0,0.0,VF,0.0
NRW,45 - 49,59.98,59.98,30.0,0.0,VF,1.0
NRW,30 - 34,42.98,42.98,30.0,0.0,RED,1.0
HSN,under 18,34.99,34.99,30.0,0.0,RED,0.0
KBW,50 - 54,44.98,44.98,30.0,0.0,VF,1.0
HSN,35 - 39,38.98,38.98,30.0,0.0,RED,0.0
NRW,25 - 29,54.99,54.99,30.0,0.0,VF,0.0
KBW,40 - 44,44.98,44.98,30.0,0.0,VF,0.0
NRW,45 - 49,39.99,39.99,30.0,0.0,VF,0.0
KBW,45 - 49,44.98,44.98,30.0,0.0,VF,1.0
HSN,65 - 69,44.98,44.98,30.0,0.0,VF,0.0
HSN,30 - 34,29.99,29.99,30.0,0.0,VF,1.0
HSN,65 - 69,39.98,39.98,30.0,0.0,VF,0.0
HSN,60 - 64,44.98,44.98,695.0,0.0,RED,1.0
KBW,under 18,44.98,44.98,30.0,0.0,RED,1.0
HSN,60 - 64,44.98,44.98,30.0,0.0,RED,1.0
KBW,25 - 29,54.99,54.99,30.0,0.0,RED,1.0
KBW,40 - 44,47.98,47.99,30.0,0.0,3PLAY,0.0
NRW,75 - 79,44.97,44.98,30.0,0.0,VF,1.0
NRW,25 - 29,39.99,39.99,30.0,0.0,RED,0.0
NRW,25 - 29,48.97,48.97,30.0,0.0,3PLAY,1.0
KBW,55 - 59,44.98,44.98,30.0,0.0,VF,0.0
NRW,under 18,39.98,39.98,30.0,0.0,GIGAZUHAUSE,0.0
KBW,65 - 69,42.97,42.97,30.0,0.0,RED,1.0
NRW,75 - 79,44.97,49.97,30.0,0.0,GIGAZUHAUSE,1.0
NRW,65 - 69,29.99,29.99,30.0,0.0,GIGAZUHAUSE,0.0
KBW,45 - 49,34.99,34.99,30.0,0.0,RED,1.0
NRW,18 - 24,49.99,49.99,30.0,0.0,VF,1.0
HSN,60 - 64,44.98,44.98,30.0,0.0,VF,0.0
NRW,25 - 29,49.98,49.98,30.0,0.0,GIGAZUHAUSE,0.0
NRW,60 - 64,44.98,44.98,30.0,0.0,VF,1.0
NRW,18 - 24,37.98,37.99,30.0,0.0,GIGAZUHAUSE,1.0
KBW,25 - 29,54.99,54.99,30.0,0.0,RED,1.0
NRW,60 - 64,39.99,39.99,30.0,0.0,VF,0.0
NRW,50 - 54,50.98,29.99,30.0,0.0,VF,0.0
NRW,75 - 79,44.98,44.98,30.0,0.0,VF,1.0
NRW,75 - 79,44.98,44.98,30.0,0.0,VF,1.0
NRW,55 - 59,37.98,37.98,30.0,0.0,RED,0.0
HSN,65 - 69,54.98,54.98,30.0,0.0,RED,1.0
KBW,under 18,52.97,52.97,30.0,0.0,VF,0.0
KBW,50 - 54,39.99,39.99,30.0,0.0,RED,1.0
HSN,60 - 64,29.99,29.99,30.0,0.0,VF,1.0
KBW,30 - 34,42.97,42.97,30.0,0.0,VF,1.0
NRW,under 18,30.88,56.98,30.0,0.0,RED,0.0
NRW,50 - 54,39.99,39.99,30.0,0.0,VF,1.0
HSN,40 - 44,37.99,37.99,30.0,0.0,VF,0.0
KBW,25 - 29,44.97,44.97,30.0,0.0,VF,0.0
NRW,65 - 69,34.99,34.99,30.0,0.0,RED,1.0
NRW,45 - 49,73.96,67.96,30.0,0.0,GIGAZUHAUSE,1.0
KBW,80 and over,27.98,27.99,30.0,0.0,GIGAZUHAUSE,0.0
KBW,25 - 29,54.98,54.99,691.0,0.0,VF,1.0
HSN,75 - 79,29.99,29.99,30.0,0.0,VF,1.0
KBW,45 - 49,49.96,49.97,30.0,0.0,VF,0.0
KBW,40 - 44,48.97,48.89,30.0,0.0,2PLAY,0.0
NRW,60 - 64,39.99,39.99,30.0,0.0,VF,0.0
KBW,under 18,49.97,49.97,30.0,0.0,VF,1.0
NRW,18 - 24,44.98,44.98,30.0,0.0,VF,0.0
NRW,40 - 44,59.98,59.98,30.0,0.0,GIGAZUHAUSE,0.0
NRW,45 - 49,45.86,40.97,30.0,0.0,3PLAY,1.0
KBW,40 - 44,32.99,42.98,30.0,0.0,VF,0.0
KBW,60 - 64,34.99,34.99,30.0,0.0,VF,0.0
NRW,60 - 64,39.99,39.99,30.0,0.0,RED,1.0
KBW,55 - 59,44.98,44.98,30.0,0.0,RED,0.0
KBW,65 - 69,27.99,27.99,30.0,0.0,VF,0.0
NRW,60 - 64,62.98,62.98,30.0,0.0,GIGAZUHAUSE,0.0
KBW,under 18,34.99,34.99,30.0,0.0,RED,0.0
KBW,under 18,29.99,29.99,30.0,0.0,INTERNET,0.0
NRW,under 18,61.97,54.99,30.0,0.0,RED,0.0
NRW,75 - 79,54.98,54.98,30.0,0.0,RED,1.0
KBW,65 - 69,49.99,39.99,30.0,0.0,RED,0.0
NRW,80 and over,45.98,45.98,30.0,0.0,GIGAZUHAUSE,0.0
KBW,75 - 79,37.98,37.98,30.0,0.0,VF,0.0
NRW,50 - 54,44.98,44.98,30.0,0.0,RED,1.0
HSN,55 - 59,39.99,39.99,30.0,0.0,RED,1.0
KBW,under 18,42.98,42.98,30.0,0.0,VF,0.0
NRW,60 - 64,38.98,33.98,30.0,0.0,GIGAZUHAUSE,0.0
NRW,50 - 54,34.99,34.99,30.0,0.0,RED,1.0
NRW,under 18,54.99,54.99,30.0,0.0,VF,0.0
HSN,75 - 79,32.99,32.99,30.0,0.0,VF,0.0
NRW,40 - 44,54.99,54.99,30.0,0.0,RED,0.0
HSN,35 - 39,44.98,44.98,30.0,0.0,RED,1.0
KBW,under 18,32.99,62.98,30.0,0.0,VF,1.0
HSN,75 - 79,82.98,42.98,30.0,0.0,GIGAZUHAUSE,0.0
HSN,50 - 54,49.97,49.99,30.0,0.0,RED,0.0
NRW,55 - 59,29.99,29.99,30.0,0.0,VF,1.0
NRW,50 - 54,49.97,49.97,30.0,0.0,VF,1.0
KBW,50 - 54,24.99,24.99,30.0,0.0,RED,0.0
HSN,40 - 44,34.99,34.99,30.0,0.0,RED,0.0
KBW,25 - 29,44.98,44.98,30.0,0.0,RED,0.0
KBW,55 - 59,44.98,44.98,30.0,0.0,RED,0.0
NRW,25 - 29,39.99,39.99,30.0,0.0,VF,1.0
KBW,50 - 54,32.99,32.99,30.0,0.0,VF,0.0
NRW,65 - 69,54.98,54.98,30.0,0.0,RED,1.0
HSN,50 - 54,44.98,44.98,30.0,0.0,RED,1.0
NRW,30 - 34,24.99,24.99,30.0,0.0,INTERNET,0.0
HSN,40 - 44,42.98,42.98,30.0,0.0,GIGAZUHAUSE,0.0
HSN,55 - 59,48.98,48.98,30.0,0.0,RED,0.0
NRW,50 - 54,44.98,44.98,30.0,0.0,VF,1.0
KBW,55 - 59,44.98,44.98,30.0,0.0,VF,0.0
NRW,25 - 29,39.99,39.99,30.0,0.0,RED,0.0
HSN,60 - 64,49.97,49.97,30.0,0.0,VF,0.0
NRW,45 - 49,32.99,32.99,30.0,0.0,VF,0.0
NRW,75 - 79,44.98,44.98,30.0,0.0,VF,0.0
KBW,55 - 59,44.98,44.98,30.0,0.0,VF,1.0
NRW,55 - 59,49.99,49.99,30.0,0.0,VF,0.0
NRW,25 - 29,44.98,44.98,30.0,0.0,VF,0.0
HSN,under 18,39.98,39.98,30.0,0.0,GIGAZUHAUSE,0.0
KBW,45 - 49,54.99,54.99,30.0,0.0,RED,1.0
NRW,under 18,39.99,39.99,30.0,0.0,RED,0.0
KBW,65 - 69,57.97,34.99,30.0,0.0,RED,0.0
NRW,25 - 29,47.98,47.98,677.0,0.0,GIGAZUHAUSE,1.0
NRW,18 - 24,39.99,39.99,91.0,0.0,RED,1.0
KBW,40 - 44,49.97,49.97,30.0,0.0,VF,0.0
KBW,65 - 69,44.98,44.98,30.0,0.0,RED,0.0
NRW,45 - 49,58.98,34.99,30.0,0.0,RED,0.0
KBW,65 - 69,42.98,42.97,30.0,0.0,VF,0.0
HSN,45 - 49,42.98,42.98,30.0,0.0,VF,0.0
KBW,50 - 54,44.98,44.98,30.0,0.0,2PLAY,1.0
KBW,65 - 69,48.97,48.97,30.0,0.0,VF,0.0
NRW,65 - 69,34.99,34.99,30.0,0.0,RED,0.0
KBW,55 - 59,34.99,34.99,30.0,0.0,RED,0.0
NRW,75 - 79,39.99,39.99,303.0,0.0,GIGAZUHAUSE,1.0
NRW,25 - 29,39.99,39.99,30.0,0.0,RED,1.0
KBW,30 - 34,39.99,39.99,30.0,0.0,RED,0.0
HSN,80 and over,62.98,32.99,30.0,0.0,VF,0.0
KBW,18 - 24,63.95,42.97,30.0,0.0,INTERNET,0.0
NRW,65 - 69,34.99,34.99,30.0,0.0,RED,1.0
HSN,under 18,74.95,37.98,30.0,0.0,GIGAZUHAUSE,1.0
KBW,75 - 79,44.98,44.98,30.0,0.0,VF,1.0
KBW,25 - 29,34.99,34.99,30.0,0.0,RED,1.0
KBW,under 18,49.99,49.99,30.0,0.0,VF,0.0
KBW,80 and over,34.99,34.99,30.0,0.0,RED,1.0
HSN,55 - 59,29.99,29.99,30.0,0.0,INTERNET,0.0
KBW,45 - 49,42.97,42.97,30.0,0.0,RED,0.0
KBW,75 - 79,34.99,34.99,30.0,0.0,RED,0.0
KBW,45 - 49,39.99,39.99,30.0,0.0,RED,1.0
KBW,under 18,49.99,49.99,30.0,0.0,GIGAZUHAUSE,1.0
NRW,45 - 49,39.98,39.98,30.0,0.0,RED,0.0
NRW,40 - 44,29.99,29.99,30.0,0.0,RED,0.0
NRW,55 - 59,34.99,34.99,30.0,0.0,RED,1.0
KBW,65 - 69,58.98,58.98,30.0,0.0,RED,0.0
KBW,45 - 49,42.97,42.97,30.0,0.0,3PLAY,1.0
HSN,65 - 69,44.98,44.98,30.0,0.0,VF,0.0
NRW,75 - 79,44.98,44.98,30.0,0.0,GIGAZUHAUSE,1.0
NRW,65 - 69,29.99,29.99,30.0,0.0,VF,0.0
KBW,75 - 79,34.99,34.99,30.0,0.0,RED,0.0
NRW,55 - 59,24.99,24.99,30.0,0.0,INTERNET,0.0
NRW,75 - 79,54.99,54.99,30.0,0.0,RED,1.0
KBW,60 - 64,34.99,55.98,30.0,0.0,RED,1.0
NRW,18 - 24,24.99,19.99,30.0,0.0,GIGAZUHAUSE,0.0
KBW,25 - 29,34.99,34.99,30.0,0.0,RED,1.0
NRW,45 - 49,52.98,52.96,30.0,0.0,GIGAZUHAUSE,0.0
NRW,18 - 24,64.97,44.99,30.0,0.0,RED,0.0
HSN,75 - 79,39.98,39.98,30.0,0.0,RED,0.0
KBW,75 - 79,42.98,42.97,30.0,0.0,VF,1.0
NRW,55 - 59,49.98,29.99,30.0,0.0,RED,1.0
NRW,under 18,39.98,39.98,30.0,0.0,GIGAZUHAUSE,0.0
NRW,40 - 44,68.95,39.99,30.0,0.0,RED,1.0
KBW,45 - 49,47.98,47.98,30.0,0.0,VF,0.0
KBW,25 - 29,44.98,44.98,30.0,0.0,RED,1.0
NRW,50 - 54,84.95,53.96,30.0,0.0,VF,0.0
KBW,45 - 49,43.98,43.98,30.0,0.0,RED,1.0
HSN,80 and over,39.99,39.99,30.0,0.0,RED,0.0
KBW,40 - 44,32.99,32.99,30.0,0.0,VF,0.0
NRW,30 - 34,44.97,44.97,49.0,0.0,GIGAZUHAUSE,1.0
HSN,80 and over,60.93,59.97,668.0,0.0,GIGAZUHAUSE,0.0
NRW,45 - 49,37.99,37.99,30.0,0.0,VF,0.0
NRW,50 - 54,47.96,47.96,30.0,0.0,RED,0.0
NRW,under 18,58.98,37.98,30.0,0.0,GIGAZUHAUSE,0.0
KBW,60 - 64,37.99,37.99,30.0,0.0,VF,1.0
KBW,18 - 24,37.99,37.99,30.0,0.0,VF,0.0
NRW,65 - 69,34.99,34.99,30.0,0.0,VF,1.0
KBW,60 - 64,44.98,44.98,30.0,0.0,VF,0.0
NRW,50 - 54,73.94,52.97,30.0,0.0,VF,0.0
KBW,30 - 34,46.94,30.87,30.0,0.0,3PLAY,1.0
NRW,25 - 29,44.98,44.98,30.0,0.0,GIGAZUHAUSE,1.0
NRW,55 - 59,39.99,39.99,30.0,0.0,RED,1.0
NRW,under 18,34.99,34.99,30.0,0.0,RED,1.0
KBW,under 18,39.99,39.99,30.0,0.0,RED,1.0
KBW,50 - 54,34.99,34.99,30.0,0.0,RED,0.0
HSN,50 - 54,48.97,48.97,30.0,0.0,VF,1.0
NRW,18 - 24,44.98,44.99,30.0,0.0,RED,1.0
NRW,40 - 44,32.99,32.99,30.0,0.0,VF,0.0
KBW,30 - 34,24.99,24.99,30.0,0.0,VF,0.0
NRW,30 - 34,27.99,27.99,30.0,0.0,RED,1.0
HSN,60 - 64,34.99,34.99,30.0,0.0,RED,1.0
NRW,under 18,39.99,39.99,39.0,0.0,RED,1.0
NRW,55 - 59,34.99,34.99,30.0,0.0,RED,1.0
NRW,45 - 49,44.98,44.98,30.0,0.0,VF,1.0
NRW,65 - 69,32.99,32.99,30.0,0.0,VF,1.0
KBW,under 18,34.99,34.99,30.0,0.0,RED,1.0
KBW,45 - 49,29.99,29.99,30.0,0.0,VF,0.0
NRW,60 - 64,39.98,39.98,30.0,0.0,VF,1.0
NRW,50 - 54,34.99,34.99,30.0,0.0,RED,1.0
NRW,55 - 59,44.98,44.98,30.0,0.0,VF,0.0
NRW,55 - 59,44.98,44.98,30.0,0.0,RED,1.0
HSN,50 - 54,34.99,34.99,30.0,1.0,RED,0.0
NRW,60 - 64,39.99,39.99,30.0,0.0,VF,0.0
KBW,45 - 49,44.99,44.99,30.0,0.0,GIGAZUHAUSE,1.0
NRW,75 - 79,39.99,39.99,30.0,0.0,VF,1.0
NRW,50 - 54,44.98,44.98,30.0,0.0,VF,1.0
HSN,65 - 69,39.99,39.99,30.0,0.0,RED,1.0
NRW,45 - 49,34.99,34.99,30.0,0.0,RED,1.0
NRW,under 18,49.97,49.97,30.0,0.0,3PLAY,1.0
KBW,50 - 54,63.96,52.98,30.0,0.0,VF,0.0
NRW,65 - 69,29.99,29.99,30.0,0.0,VF,1.0
HSN,25 - 29,44.98,44.99,30.0,0.0,RED,1.0
KBW,80 and over,39.98,39.98,30.0,0.0,RED,0.0
KBW,30 - 34,34.99,34.99,30.0,0.0,RED,1.0
KBW,75 - 79,54.98,54.99,30.0,0.0,RED,1.0
KBW,60 - 64,65.93,44.98,30.0,0.0,VF,0.0
NRW,55 - 59,29.99,29.99,30.0,0.0,RED,1.0
NRW,40 - 44,39.98,39.98,64.0,1.0,RED,0.0
HSN,60 - 64,42.97,42.97,30.0,0.0,GIGAZUHAUSE,0.0
KBW,30 - 34,40.9,40.86,30.0,0.0,3PLAY,0.0
NRW,45 - 49,52.96,44.98,30.0,0.0,VF,0.0
NRW,75 - 79,34.99,34.99,30.0,0.0,RED,1.0
NRW,75 - 79,44.98,44.98,30.0,0.0,VF,1.0
KBW,45 - 49,29.98,29.99,30.0,0.0,VF,0.0
HSN,55 - 59,34.99,34.99,30.0,0.0,RED,0.0
NRW,50 - 54,44.98,44.98,30.0,0.0,VF,1.0
NRW,60 - 64,34.99,34.99,333.0,0.0,GIGAZUHAUSE,0.0
HSN,35 - 39,59.98,44.98,133.0,0.0,GIGAZUHAUSE,0.0
NRW,40 - 44,44.98,44.98,30.0,0.0,VF,0.0
NRW,65 - 69,49.97,49.97,30.0,0.0,VF,1.0
NRW,75 - 79,39.98,39.98,30.0,0.0,RED,0.0
KBW,under 18,37.98,37.98,30.0,0.0,VF,0.0
KBW,under 18,37.98,37.98,30.0,0.0,GIGAZUHAUSE,1.0
KBW,under 18,52.97,52.97,30.0,0.0,GIGAZUHAUSE,1.0
NRW,25 - 29,39.99,39.99,30.0,0.0,VF,0.0
HSN,under 18,24.99,24.99,30.0,0.0,RED,0.0
NRW,75 - 79,44.98,44.98,30.0,0.0,VF,1.0
NRW,75 - 79,39.99,39.99,30.0,0.0,RED,1.0
NRW,60 - 64,34.98,34.98,30.0,0.0,GIGAZUHAUSE,1.0
KBW,75 - 79,27.99,27.99,30.0,0.0,3PLAY,1.0
NRW,50 - 54,44.98,44.98,30.0,0.0,RED,1.0
NRW,60 - 64,29.99,29.99,30.0,0.0,INTERNET,1.0
NRW,75 - 79,34.99,34.99,30.0,0.0,RED,0.0
KBW,under 18,44.98,44.98,30.0,0.0,RED,0.0
KBW,60 - 64,29.99,29.99,30.0,0.0,VF,0.0
KBW,80 and over,34.99,34.99,30.0,0.0,RED,1.0
HSN,40 - 44,34.99,34.99,30.0,0.0,RED,0.0
NRW,30 - 34,49.99,49.99,30.0,0.0,GIGAZUHAUSE,1.0
NRW,25 - 29,39.99,39.99,30.0,0.0,RED,1.0
NRW,55 - 59,34.99,34.99,30.0,0.0,VF,0.0
NRW,55 - 59,32.99,32.99,30.0,0.0,VF,1.0
NRW,75 - 79,39.98,39.98,30.0,0.0,VF,0.0
KBW,60 - 64,53.98,32.99,30.0,0.0,VF,0.0
HSN,75 - 79,74.96,44.98,30.0,0.0,VF,1.0
NRW,40 - 44,44.98,44.98,30.0,0.0,RED,1.0
KBW,75 - 79,39.99,39.99,30.0,0.0,RED,0.0
HSN,50 - 54,29.99,29.99,30.0,0.0,VF,0.0
HSN,50 - 54,42.98,42.98,30.0,0.0,3PLAY,1.0
HSN,55 - 59,42.98,42.99,30.0,0.0,RED,1.0
KBW,50 - 54,37.99,37.99,30.0,0.0,VF,0.0
NRW,75 - 79,44.98,44.98,30.0,0.0,RED,1.0
KBW,40 - 44,42.97,42.97,30.0,0.0,VF,0.0
NRW,under 18,29.99,29.99,30.0,0.0,RED,0.0
NRW,25 - 29,43.97,43.98,30.0,0.0,RED,1.0
NRW,under 18,44.98,44.98,30.0,0.0,RED,0.0
KBW,75 - 79,54.96,44.98,30.0,0.0,VF,1.0
HSN,75 - 79,38.98,33.98,30.0,0.0,RED,0.0
NRW,75 - 79,59.98,39.98,99.0,0.0,VF,0.0
NRW,45 - 49,49.97,49.97,30.0,0.0,VF,0.0
KBW,75 - 79,49.99,49.99,30.0,0.0,VF,1.0
KBW,under 18,39.98,39.98,30.0,0.0,VF,1.0
KBW,30 - 34,50.91,55.86,30.0,0.0,2PLAY,0.0
KBW,under 18,29.99,29.99,30.0,0.0,VF,0.0
NRW,55 - 59,44.98,44.98,30.0,0.0,RED,0.0
NRW,45 - 49,47.99,47.99,30.0,0.0,VF,1.0
KBW,40 - 44,34.99,34.99,30.0,0.0,RED,0.0
HSN,80 and over,54.99,54.99,30.0,0.0,RED,1.0
HSN,25 - 29,49.98,49.98,30.0,0.0,RED,0.0
HSN,75 - 79,39.98,39.98,696.0,0.0,GIGAZUHAUSE,1.0
HSN,75 - 79,44.98,44.98,30.0,0.0,VF,1.0
NRW,75 - 79,34.99,34.99,30.0,0.0,RED,1.0
NRW,50 - 54,34.99,34.99,30.0,0.0,RED,0.0
NRW,60 - 64,44.98,44.98,30.0,0.0,VF,1.0
KBW,50 - 54,44.98,44.98,30.0,0.0,RED,1.0
HSN,25 - 29,39.99,39.99,30.0,0.0,RED,1.0
HSN,75 - 79,49.99,49.99,30.0,0.0,VF,1.0
KBW,30 - 34,34.99,34.99,30.0,0.0,RED,0.0
KBW,under 18,44.97,44.97,30.0,0.0,VF,1.0
NRW,45 - 49,54.99,54.99,30.0,0.0,VF,0.0
HSN,80 and over,44.98,44.98,30.0,0.0,RED,0.0
HSN,55 - 59,44.98,44.98,30.0,1.0,VF,0.0
NRW,55 - 59,34.99,34.99,30.0,0.0,RED,1.0
NRW,25 - 29,39.99,39.99,30.0,0.0,RED,1.0
NRW,35 - 39,47.97,47.99,30.0,0.0,GIGAZUHAUSE,1.0
NRW,75 - 79,54.99,54.99,30.0,0.0,RED,1.0
NRW,75 - 79,59.99,59.99,30.0,0.0,RED,1.0
NRW,75 - 79,44.98,44.98,30.0,0.0,RED,1.0
NRW,55 - 59,39.97,39.99,30.0,0.0,RED,1.0
KBW,25 - 29,42.98,42.98,91.0,0.0,GIGAZUHAUSE,1.0
HSN,30 - 34,54.98,39.98,30.0,0.0,RED,1.0
NRW,45 - 49,42.97,42.97,30.0,1.0,VF,1.0
KBW,under 18,49.98,49.99,30.0,0.0,VF,1.0
NRW,75 - 79,32.99,32.99,30.0,0.0,VF,0.0
KBW,40 - 44,44.98,44.98,30.0,0.0,VF,0.0
NRW,75 - 79,39.99,39.99,30.0,0.0,VF,0.0
NRW,75 - 79,39.98,39.98,30.0,0.0,GIGAZUHAUSE,0.0
KBW,75 - 79,39.99,39.99,30.0,0.0,RED,0.0
NRW,60 - 64,47.99,47.99,30.0,2.0,VF,0.0
NRW,45 - 49,39.99,39.99,30.0,0.0,RED,0.0
NRW,75 - 79,34.99,34.99,30.0,0.0,VF,1.0
NRW,50 - 54,37.99,37.99,30.0,0.0,VF,0.0
HSN,under 18,44.98,44.98,30.0,0.0,VF,0.0
NRW,75 - 79,52.96,52.96,30.0,0.0,RED,1.0
NRW,55 - 59,34.99,34.99,30.0,0.0,VF,0.0
NRW,75 - 79,62.99,62.99,30.0,0.0,EAZY,1.0
KBW,25 - 29,44.98,44.98,30.0,0.0,RED,1.0
NRW,65 - 69,39.99,39.99,30.0,0.0,RED,1.0
NRW,30 - 34,29.99,29.99,30.0,0.0,VF,0.0
KBW,75 - 79,49.99,49.99,30.0,0.0,RED,1.0
KBW,50 - 54,58.98,37.98,30.0,0.0,VF,0.0
NRW,45 - 49,39.99,39.99,30.0,0.0,RED,0.0
NRW,75 - 79,34.99,34.99,30.0,0.0,RED,1.0
NRW,under 18,42.98,42.98,30.0,0.0,VF,0.0
NRW,40 - 44,42.98,34.99,30.0,0.0,VF,0.0
HSN,65 - 69,54.99,54.99,30.0,0.0,RED,1.0
NRW,under 18,34.99,34.99,30.0,0.0,RED,0.0
NRW,50 - 54,39.99,39.99,30.0,0.0,GIGAZUHAUSE,0.0
NRW,under 18,44.98,44.98,30.0,0.0,RED,0.0
NRW,30 - 34,69.97,33.98,30.0,0.0,2PLAY,0.0
KBW,80 and over,34.99,34.99,30.0,0.0,RED,1.0
HSN,75 - 79,39.99,39.99,30.0,0.0,RED,1.0
NRW,50 - 54,42.98,42.98,30.0,0.0,RED,0.0
NRW,75 - 79,39.98,39.98,30.0,0.0,VF,1.0
NRW,50 - 54,53.98,53.96,30.0,0.0,RED,1.0
KBW,50 - 54,34.99,34.99,30.0,0.0,RED,0.0
NRW,65 - 69,29.99,29.99,30.0,0.0,VF,1.0
NRW,under 18,39.98,39.98,30.0,0.0,VF,0.0
HSN,50 - 54,54.99,54.99,30.0,0.0,RED,0.0
HSN,75 - 79,44.99,44.99,30.0,0.0,RED,0.0
KBW,45 - 49,52.98,52.98,30.0,0.0,2PLAY,0.0
KBW,25 - 29,59.98,39.98,30.0,0.0,GIGAZUHAUSE,0.0
NRW,65 - 69,24.99,24.99,30.0,0.0,GIGAZUHAUSE,0.0
NRW,40 - 44,49.99,49.97,30.0,0.0,VF,0.0
NRW,25 - 29,39.98,39.98,30.0,0.0,GIGAZUHAUSE,0.0
KBW,50 - 54,52.98,52.98,30.0,0.0,GIGAZUHAUSE,1.0
NRW,25 - 29,34.99,34.99,30.0,0.0,RED,1.0
HSN,65 - 69,39.99,39.99,30.0,0.0,VF,1.0
HSN,50 - 54,48.97,48.97,30.0,0.0,3PLAY,1.0
KBW,60 - 64,52.98,52.98,30.0,0.0,2PLAY,0.0
HSN,under 18,49.98,49.98,30.0,0.0,GIGAZUHAUSE,1.0
KBW,55 - 59,49.97,49.97,30.0,0.0,VF,1.0
NRW,75 - 79,32.99,32.99,30.0,0.0,VF,0.0
KBW,50 - 54,60.98,39.99,30.0,0.0,VF,0.0
NRW,45 - 49,54.96,44.98,30.0,0.0,RED,0.0
KBW,25 - 29,44.98,44.98,30.0,0.0,RED,1.0
NRW,60 - 64,52.96,39.98,30.0,0.0,EAZY,0.0
KBW,under 18,39.98,39.98,30.0,0.0,VF,0.0
KBW,45 - 49,45.95,49.97,30.0,0.0,RED,0.0
KBW,50 - 54,39.99,39.99,30.0,0.0,RED,1.0
KBW,55 - 59,29.99,29.99,30.0,0.0,VF,1.0
NRW,30 - 34,39.99,39.99,30.0,0.0,GIGAZUHAUSE,0.0
KBW,45 - 49,29.99,29.99,30.0,0.0,INTERNET,0.0
KBW,35 - 39,34.99,34.99,30.0,0.0,VF,1.0
KBW,under 18,39.99,39.99,30.0,0.0,RED,0.0
NRW,55 - 59,49.98,49.99,30.0,0.0,RED,0.0
NRW,65 - 69,34.99,34.99,30.0,0.0,VF,1.0
NRW,55 - 59,39.99,39.99,30.0,0.0,RED,1.0
NRW,80 and over,53.94,63.98,30.0,0.0,RED,0.0
KBW,50 - 54,44.98,44.98,30.0,0.0,VF,0.0
NRW,30 - 34,39.98,39.98,30.0,0.0,RED,0.0
NRW,under 18,48.97,57.97,30.0,0.0,VF,1.0
KBW,75 - 79,44.98,44.98,30.0,0.0,VF,1.0
NRW,45 - 49,44.97,44.98,30.0,0.0,VF,0.0
NRW,55 - 59,44.98,44.98,30.0,0.0,GIGAZUHAUSE,0.0
KBW,55 - 59,44.98,44.98,30.0,0.0,RED,0.0
NRW,75 - 79,39.99,39.99,30.0,0.0,RED,0.0
KBW,50 - 54,44.97,44.98,30.0,0.0,VF,0.0
HSN,25 - 29,44.99,44.99,30.0,0.0,VF,1.0
NRW,45 - 49,39.99,39.99,30.0,0.0,RED,0.0
NRW,40 - 44,62.98,62.98,30.0,0.0,GIGAZUHAUSE,1.0
KBW,45 - 49,29.99,29.99,30.0,0.0,RED,1.0
NRW,75 - 79,39.98,39.98,30.0,0.0,VF,1.0
KBW,45 - 49,37.98,37.98,30.0,0.0,VF,0.0
NRW,55 - 59,49.97,49.96,30.0,0.0,RED,1.0
KBW,35 - 39,39.98,39.98,30.0,0.0,RED,1.0
HSN,75 - 79,34.99,34.99,30.0,0.0,VF,0.0
NRW,50 - 54,50.97,49.99,30.0,0.0,VF,0.0
NRW,55 - 59,34.99,34.99,30.0,0.0,RED,1.0
KBW,under 18,32.99,32.99,30.0,0.0,VF,0.0
NRW,60 - 64,39.98,39.98,584.0,0.0,GIGAZUHAUSE,0.0
KBW,55 - 59,33.98,30.99,30.0,0.0,RED,0.0
NRW,60 - 64,39.99,39.99,30.0,0.0,VF,1.0
NRW,50 - 54,39.99,39.99,30.0,0.0,RED,0.0
KBW,75 - 79,38.98,38.98,30.0,0.0,RED,1.0
NRW,45 - 49,19.99,19.99,30.0,0.0,EAZY,0.0
HSN,under 18,39.99,39.99,30.0,0.0,RED,1.0
NRW,under 18,54.98,54.98,30.0,0.0,GIGAZUHAUSE,1.0
KBW,25 - 29,29.99,29.99,122.0,0.0,GIGAZUHAUSE,0.0
NRW,40 - 44,44.98,44.98,30.0,0.0,VF,1.0
KBW,40 - 44,29.99,29.99,30.0,0.0,VF,1.0
KBW,45 - 49,44.98,44.98,30.0,0.0,VF,1.0
KBW,under 18,39.98,39.98,164.0,0.0,GIGAZUHAUSE,0.0
KBW,25 - 29,44.98,44.98,30.0,0.0,RED,1.0
KBW,50 - 54,56.95,49.97,30.0,0.0,RED,0.0
KBW,55 - 59,39.99,39.99,30.0,0.0,VF,1.0
NRW,60 - 64,49.97,49.97,30.0,0.0,GIGAZUHAUSE,0.0
HSN,18 - 24,42.98,42.98,30.0,0.0,2PLAY,1.0
HSN,75 - 79,54.97,54.98,30.0,0.0,RED,1.0
KBW,75 - 79,34.99,34.99,30.0,0.0,RED,1.0
KBW,under 18,39.99,39.99,30.0,0.0,VF,0.0
HSN,55 - 59,34.99,34.99,30.0,0.0,RED,1.0
NRW,45 - 49,39.99,39.99,30.0,0.0,RED,0.0
NRW,60 - 64,32.99,32.99,30.0,0.0,GIGAZUHAUSE,1.0
HSN,75 - 79,39.99,39.99,30.0,0.0,RED,0.0
KBW,45 - 49,44.98,44.98,30.0,0.0,3PLAY,1.0
NRW,55 - 59,64.98,39.99,30.0,0.0,RED,0.0
NRW,35 - 39,34.99,34.99,30.0,0.0,RED,1.0
NRW,50 - 54,59.98,59.99,30.0,0.0,VF,0.0
KBW,55 - 59,44.98,44.98,30.0,0.0,VF,1.0
NRW,55 - 59,39.99,39.99,30.0,0.0,RED,0.0
KBW,30 - 34,39.99,39.99,30.0,0.0,RED,0.0
NRW,25 - 29,54.99,54.99,30.0,0.0,RED,0.0
HSN,65 - 69,44.98,44.98,30.0,0.0,VF,1.0
HSN,under 18,58.0,37.98,85.0,0.0,VF,0.0
NRW,25 - 29,44.98,44.98,30.0,0.0,RED,1.0
NRW,55 - 59,44.98,44.98,30.0,0.0,VF,1.0
KBW,55 - 59,34.99,34.99,30.0,0.0,VF,0.0
NRW,25 - 29,29.98,29.98,30.0,0.0,VF,0.0
KBW,60 - 64,29.99,29.99,30.0,0.0,VF,0.0
NRW,25 - 29,44.98,44.98,30.0,0.0,VF,1.0
NRW,75 - 79,68.86,42.98,30.0,0.0,VF,1.0
HSN,25 - 29,39.98,39.98,30.0,0.0,GIGAZUHAUSE,1.0
KBW,50 - 54,49.99,49.99,30.0,0.0,RED,1.0
NRW,50 - 54,51.94,32.87,30.0,0.0,VF,0.0
NRW,80 and over,53.96,32.99,30.0,0.0,VF,1.0
NRW,40 - 44,49.97,49.97,30.0,0.0,VF,1.0
NRW,55 - 59,62.35,52.99,30.0,0.0,GIGAZUHAUSE,1.0
NRW,55 - 59,29.99,29.99,30.0,0.0,VF,1.0
KBW,65 - 69,39.99,39.99,30.0,0.0,RED,1.0
KBW,75 - 79,44.97,44.97,30.0,0.0,VF,0.0
NRW,55 - 59,49.97,49.97,30.0,0.0,VF,0.0
KBW,under 18,42.98,42.98,30.0,0.0,GIGAZUHAUSE,1.0
NRW,50 - 54,62.98,37.98,597.0,0.0,GIGAZUHAUSE,0.0
KBW,25 - 29,34.98,34.98,30.0,0.0,RED,0.0
NRW,75 - 79,39.99,39.99,30.0,0.0,RED,1.0
KBW,under 18,44.98,44.98,30.0,0.0,VF,0.0
KBW,40 - 44,34.99,34.99,30.0,0.0,RED,1.0
HSN,50 - 54,39.99,39.99,30.0,0.0,RED,0.0
NRW,50 - 54,29.99,29.99,30.0,0.0,VF,1.0
NRW,18 - 24,49.99,49.99,30.0,0.0,RED,0.0
NRW,25 - 29,39.98,39.98,30.0,0.0,GIGAZUHAUSE,1.0
NRW,45 - 49,39.99,39.99,30.0,0.0,VF,0.0
KBW,25 - 29,34.99,34.99,99.0,0.0,GIGAZUHAUSE,1.0
NRW,50 - 54,49.97,49.98,30.0,0.0,GIGAZUHAUSE,0.0
KBW,40 - 44,24.99,24.99,30.0,0.0,EAZY,0.0
KBW,75 - 79,52.98,32.98,30.0,0.0,VF,1.0
HSN,75 - 79,39.99,39.99,30.0,0.0,VF,0.0
HSN,45 - 49,42.98,42.98,30.0,0.0,3PLAY,0.0
KBW,under 18,29.99,29.99,30.0,0.0,VF,0.0
KBW,75 - 79,44.98,44.98,30.0,0.0,VF,1.0
HSN,50 - 54,29.99,29.99,30.0,0.0,VF,1.0
NRW,45 - 49,32.99,32.99,30.0,0.0,VF,0.0
KBW,under 18,44.98,44.98,30.0,0.0,RED,0.0
HSN,75 - 79,39.99,39.99,30.0,0.0,VF,1.0
NRW,40 - 44,54.99,54.99,30.0,0.0,RED,1.0
HSN,65 - 69,39.99,39.99,30.0,0.0,VF,1.0
HSN,under 18,24.99,24.99,171.0,0.0,GIGAZUHAUSE,0.0
NRW,55 - 59,44.98,44.98,30.0,0.0,RED,0.0
NRW,45 - 49,29.99,29.99,30.0,0.0,VF,0.0
NRW,80 and over,29.99,29.99,30.0,0.0,VF,1.0
NRW,45 - 49,44.98,44.98,30.0,0.0,VF,1.0
HSN,80 and over,69.97,44.98,30.0,0.0,RED,0.0
KBW,30 - 34,49.99,49.99,30.0,0.0,VF,0.0
KBW,75 - 79,44.98,44.98,30.0,0.0,VF,0.0
KBW,60 - 64,44.98,44.98,30.0,0.0,RED,1.0
HSN,50 - 54,44.98,44.98,30.0,0.0,GIGAZUHAUSE,1.0
KBW,55 - 59,39.99,49.99,30.0,0.0,GIGAZUHAUSE,1.0
NRW,75 - 79,39.99,39.99,30.0,0.0,RED,1.0
NRW,80 and over,44.99,44.99,30.0,0.0,RED,0.0
NRW,50 - 54,60.95,34.99,30.0,0.0,VF,0.0
NRW,50 - 54,34.99,34.99,30.0,0.0,RED,1.0
KBW,75 - 79,54.98,54.99,30.0,0.0,VF,0.0
KBW,25 - 29,34.99,34.99,30.0,0.0,RED,0.0
KBW,65 - 69,74.95,44.98,30.0,0.0,VF,1.0
KBW,25 - 29,44.97,44.97,30.0,0.0,VF,1.0
NRW,40 - 44,54.98,54.98,30.0,0.0,RED,1.0
NRW,55 - 59,34.99,34.99,30.0,0.0,RED,0.0
NRW,30 - 34,29.99,29.99,30.0,0.0,VF,1.0
KBW,75 - 79,58.96,37.99,30.0,0.0,VF,1.0
KBW,60 - 64,42.97,42.98,30.0,0.0,RED,1.0
NRW,45 - 49,39.98,39.98,30.0,0.0,GIGAZUHAUSE,1.0
NRW,65 - 69,49.97,49.97,30.0,0.0,VF,1.0
NRW,55 - 59,29.99,29.99,30.0,0.0,RED,0.0
HSN,75 - 79,39.99,39.99,30.0,0.0,VF,0.0
NRW,40 - 44,44.98,44.98,30.0,0.0,GIGAZUHAUSE,0.0
KBW,75 - 79,44.98,44.98,30.0,0.0,VF,1.0
NRW,45 - 49,39.99,39.99,30.0,0.0,RED,0.0
HSN,80 and over,58.96,58.98,30.0,0.0,RED,0.0
KBW,75 - 79,39.98,39.98,674.0,1.0,GIGAZUHAUSE,1.0
NRW,55 - 59,44.98,44.98,30.0,0.0,VF,0.0
KBW,under 18,39.98,39.98,30.0,0.0,VF,1.0
HSN,65 - 69,39.99,39.99,30.0,0.0,RED,1.0
HSN,55 - 59,34.99,34.99,30.0,0.0,VF,0.0
NRW,under 18,32.99,32.99,30.0,0.0,VF,0.0
NRW,55 - 59,42.97,42.97,30.0,0.0,VF,0.0
KBW,25 - 29,44.98,44.98,30.0,0.0,VF,0.0
KBW,75 - 79,44.98,44.98,30.0,0.0,VF,1.0
NRW,25 - 29,34.99,44.99,30.0,0.0,RED,0.0
NRW,45 - 49,37.99,37.99,30.0,0.0,VF,0.0
NRW,50 - 54,49.97,49.97,30.0,0.0,VF,0.0
NRW,50 - 54,37.99,37.99,30.0,0.0,EAZY,1.0
NRW,65 - 69,34.99,34.99,30.0,0.0,RED,1.0
NRW,45 - 49,37.98,37.98,30.0,0.0,VF,1.0
HSN,40 - 44,29.99,29.99,30.0,0.0,VF,0.0
KBW,55 - 59,37.98,37.98,30.0,0.0,GIGAZUHAUSE,0.0
NRW,80 and over,44.98,44.98,30.0,0.0,GIGAZUHAUSE,1.0
KBW,25 - 29,39.99,39.99,30.0,0.0,RED,0.0
NRW,55 - 59,39.99,39.99,30.0,0.0,VF,0.0
KBW,75 - 79,44.98,44.98,30.0,0.0,VF,1.0
NRW,75 - 79,44.98,44.98,30.0,0.0,VF,1.0
NRW,under 18,29.99,29.99,30.0,0.0,VF,1.0
NRW,60 - 64,34.98,34.98,30.0,0.0,RED,1.0
KBW,55 - 59,47.97,47.97,30.0,0.0,VF,1.0
NRW,60 - 64,34.99,34.99,30.0,0.0,VF,1.0
KBW,25 - 29,44.98,44.98,30.0,0.0,RED,0.0
KBW,55 - 59,44.98,44.98,30.0,0.0,VF,1.0
KBW,30 - 34,49.97,39.99,30.0,0.0,GIGAZUHAUSE,1.0
NRW,under 18,49.99,49.99,30.0,0.0,VF,1.0
KBW,60 - 64,34.99,34.99,30.0,0.0,RED,1.0
HSN,45 - 49,34.99,34.99,30.0,0.0,RED,1.0
HSN,18 - 24,49.97,44.98,30.0,0.0,VF,1.0
KBW,75 - 79,44.97,44.97,30.0,0.0,GIGAZUHAUSE,1.0
NRW,45 - 49,44.98,44.98,30.0,0.0,VF,1.0
NRW,65 - 69,39.99,39.99,30.0,0.0,RED,1.0
HSN,45 - 49,60.98,49.99,30.0,0.0,VF,0.0
HSN,30 - 34,39.98,39.98,30.0,0.0,GIGAZUHAUSE,0.0
KBW,65 - 69,44.98,44.98,30.0,0.0,RED,0.0
HSN,30 - 34,44.98,44.98,30.0,0.0,VF,0.0
NRW,40 - 44,49.97,49.97,30.0,0.0,VF,1.0
NRW,under 18,39.98,39.98,30.0,0.0,VF,1.0
KBW,under 18,43.97,43.97,30.0,0.0,GIGAZUHAUSE,1.0
NRW,55 - 59,39.98,39.98,30.0,0.0,RED,0.0
KBW,under 18,40.9,30.88,30.0,0.0,VF,0.0
KBW,30 - 34,72.94,37.99,30.0,0.0,VF,0.0
NRW,35 - 39,39.99,39.99,30.0,0.0,VF,1.0
KBW,80 and over,33.98,33.98,30.0,0.0,RED,1.0
NRW,65 - 69,78.97,51.97,30.0,0.0,GIGAZUHAUSE,0.0
KBW,50 - 54,29.99,29.99,30.0,0.0,VF,0.0
NRW,under 18,47.98,47.98,30.0,0.0,VF,1.0
NRW,25 - 29,44.98,44.98,30.0,0.0,VF,1.0
KBW,60 - 64,44.99,44.99,30.0,0.0,RED,1.0
NRW,50 - 54,49.98,49.98,683.0,0.0,GIGAZUHAUSE,0.0
HSN,under 18,39.99,39.99,30.0,0.0,VF,0.0
NRW,45 - 49,44.98,44.98,30.0,0.0,RED,0.0
KBW,60 - 64,27.99,27.99,30.0,0.0,GIGAZUHAUSE,0.0
HSN,under 18,42.97,42.98,87.0,0.0,RED,0.0
HSN,55 - 59,44.98,44.98,30.0,1.0,RED,0.0
NRW,25 - 29,58.98,58.98,30.0,0.0,RED,1.0
KBW,60 - 64,49.97,49.97,30.0,0.0,VF,1.0
KBW,50 - 54,44.98,44.98,30.0,0.0,VF,1.0
NRW,30 - 34,52.96,52.97,30.0,0.0,VF,0.0
HSN,25 - 29,42.77,52.95,30.0,0.0,GIGAZUHAUSE,1.0
KBW,under 18,45.97,33.74,30.0,0.0,RED,0.0
NRW,50 - 54,39.98,39.98,30.0,0.0,VF,1.0
NRW,75 - 79,44.97,44.98,30.0,0.0,VF,1.0
HSN,50 - 54,39.99,39.99,30.0,0.0,VF,1.0
NRW,50 - 54,42.98,42.98,30.0,0.0,VF,0.0
NRW,18 - 24,44.98,44.98,30.0,0.0,VF,0.0
HSN,40 - 44,63.78,42.97,30.0,0.0,EAZY,1.0
NRW,under 18,49.99,49.99,30.0,0.0,RED,1.0
KBW,45 - 49,44.98,44.98,30.0,0.0,VF,0.0
KBW,55 - 59,44.98,44.98,30.0,0.0,RED,0.0
KBW,45 - 49,29.99,29.99,30.0,0.0,INTERNET,0.0
NRW,35 - 39,34.99,34.99,30.0,0.0,RED,1.0
NRW,55 - 59,49.98,49.98,30.0,0.0,RED,0.0
NRW,25 - 29,39.98,39.98,30.0,0.0,RED,0.0
KBW,65 - 69,42.98,42.98,30.0,0.0,VF,0.0
HSN,80 and over,49.98,49.98,30.0,0.0,GIGAZUHAUSE,0.0
NRW,80 and over,54.98,39.98,30.0,0.0,RED,0.0
NRW,45 - 49,37.78,37.78,30.0,0.0,VF,0.0
KBW,25 - 29,43.98,43.98,30.0,0.0,RED,0.0
KBW,18 - 24,44.98,44.98,30.0,0.0,VF,1.0
KBW,25 - 29,44.98,44.97,30.0,0.0,3PLAY,0.0
NRW,55 - 59,39.99,39.99,30.0,0.0,RED,1.0
HSN,60 - 64,44.98,44.98,30.0,0.0,VF,1.0
NRW,65 - 69,44.98,44.98,30.0,0.0,RED,1.0
KBW,under 18,44.98,44.98,30.0,0.0,VF,1.0
NRW,65 - 69,39.99,39.99,30.0,0.0,VF,1.0
NRW,under 18,44.98,44.98,30.0,0.0,VF,0.0
KBW,75 - 79,44.98,44.98,30.0,0.0,VF,1.0
HSN,18 - 24,42.97,42.97,30.0,0.0,GIGAZUHAUSE,0.0
NRW,25 - 29,54.97,54.98,30.0,0.0,RED,0.0
KBW,30 - 34,34.99,34.99,30.0,0.0,RED,0.0
NRW,50 - 54,39.99,39.99,30.0,0.0,VF,1.0
KBW,40 - 44,49.98,49.99,30.0,0.0,RED,0.0
KBW,75 - 79,48.97,48.97,30.0,0.0,VF,0.0
HSN,65 - 69,44.98,44.98,30.0,0.0,VF,1.0
NRW,25 - 29,34.99,34.99,30.0,0.0,RED,1.0
KBW,75 - 79,39.99,39.99,30.0,0.0,RED,1.0
KBW,60 - 64,47.97,47.99,30.0,0.0,2PLAY,1.0
KBW,under 18,37.98,58.98,30.0,0.0,RED,0.0
NRW,25 - 29,44.98,44.98,30.0,0.0,RED,1.0
KBW,60 - 64,42.97,42.97,30.0,0.0,VF,1.0
KBW,75 - 79,39.99,39.99,30.0,1.0,VF,0.0
KBW,45 - 49,42.97,42.97,30.0,0.0,GIGAZUHAUSE,1.0
NRW,35 - 39,29.99,39.99,30.0,0.0,VF,1.0
HSN,35 - 39,39.99,39.99,30.0,0.0,RED,1.0
NRW,25 - 29,55.35,34.99,30.0,0.0,RED,0.0
HSN,55 - 59,34.99,34.99,30.0,0.0,RED,1.0
KBW,45 - 49,34.99,34.99,30.0,0.0,RED,0.0
NRW,18 - 24,49.99,49.99,30.0,0.0,GIGAZUHAUSE,1.0
HSN,60 - 64,24.99,24.99,30.0,0.0,VF,0.0
NRW,under 18,64.95,29.99,30.0,0.0,VF,1.0
NRW,80 and over,49.99,49.99,30.0,0.0,RED,1.0
NRW,50 - 54,44.98,44.98,30.0,0.0,VF,0.0
NRW,55 - 59,42.98,42.98,30.0,0.0,RED,1.0
KBW,55 - 59,34.99,32.99,30.0,0.0,VF,0.0
KBW,65 - 69,48.97,48.97,30.0,0.0,GIGAZUHAUSE,0.0
HSN,65 - 69,39.99,39.99,30.0,0.0,RED,1.0
NRW,55 - 59,44.98,44.98,30.0,0.0,RED,0.0
HSN,45 - 49,63.96,42.98,30.0,0.0,EAZY,0.0
HSN,75 - 79,29.99,29.99,30.0,0.0,VF,0.0
KBW,75 - 79,44.98,44.98,30.0,0.0,RED,1.0
KBW,60 - 64,60.99,39.99,30.0,0.0,RED,0.0
KBW,25 - 29,39.98,39.98,30.0,0.0,VF,1.0
NRW,under 18,27.99,27.99,30.0,0.0,GIGAZUHAUSE,0.0
NRW,55 - 59,34.99,34.99,30.0,0.0,RED,0.0
NRW,40 - 44,32.99,32.99,30.0,0.0,GIGAZUHAUSE,0.0
KBW,65 - 69,37.99,37.99,674.0,0.0,VF,0.0
HSN,65 - 69,39.99,39.99,30.0,0.0,RED,1.0
NRW,80 and over,35.35,30.88,30.0,0.0,3PLAY,0.0
NRW,75 - 79,29.99,29.99,30.0,0.0,INTERNET,0.0
KBW,75 - 79,44.98,44.98,30.0,0.0,VF,1.0
KBW,55 - 59,43.98,43.98,30.0,0.0,3PLAY,0.0
KBW,30 - 34,69.98,49.99,697.0,0.0,GIGAZUHAUSE,0.0
HSN,75 - 79,34.99,34.99,30.0,0.0,RED,0.0
KBW,65 - 69,69.96,49.99,668.0,0.0,GIGAZUHAUSE,0.0
NRW,30 - 34,54.95,54.98,30.0,0.0,RED,0.0
NRW,45 - 49,39.99,39.99,30.0,0.0,RED,1.0
KBW,75 - 79,37.99,37.99,30.0,0.0,VF,0.0
NRW,under 18,39.99,39.99,30.0,0.0,VF,1.0
KBW,60 - 64,44.98,44.98,30.0,0.0,GIGAZUHAUSE,0.0
NRW,40 - 44,49.99,49.99,30.0,0.0,VF,0.0
KBW,55 - 59,39.98,39.98,30.0,0.0,GIGAZUHAUSE,0.0
NRW,75 - 79,39.98,39.98,30.0,0.0,VF,0.0
NRW,60 - 64,44.98,44.98,59.0,0.0,RED,1.0
NRW,75 - 79,54.99,54.99,30.0,0.0,RED,1.0
NRW,75 - 79,37.78,37.98,30.0,0.0,GIGAZUHAUSE,1.0
NRW,75 - 79,39.99,39.99,30.0,0.0,RED,0.0
KBW,75 - 79,47.96,47.99,30.0,0.0,VF,0.0
KBW,45 - 49,59.95,49.97,30.0,0.0,VF,1.0
KBW,50 - 54,44.98,44.98,30.0,0.0,RED,1.0
NRW,30 - 34,42.98,42.98,30.0,0.0,GIGAZUHAUSE,0.0
KBW,75 - 79,43.98,43.98,30.0,0.0,RED,1.0
NRW,45 - 49,34.99,34.99,30.0,0.0,RED,1.0
NRW,55 - 59,34.99,34.99,30.0,0.0,RED,1.0
KBW,75 - 79,64.98,44.98,30.0,0.0,RED,0.0
KBW,55 - 59,54.99,54.99,30.0,0.0,RED,0.0
HSN,under 18,34.99,34.99,30.0,0.0,RED,0.0
NRW,55 - 59,44.99,44.99,30.0,0.0,RED,0.0
KBW,25 - 29,24.99,24.99,30.0,0.0,INTERNET,1.0
NRW,25 - 29,39.98,39.98,30.0,0.0,GIGAZUHAUSE,0.0
HSN,40 - 44,49.97,49.97,30.0,0.0,RED,0.0
NRW,45 - 49,39.99,39.99,30.0,0.0,VF,1.0
NRW,80 and over,44.98,44.98,30.0,0.0,VF,0.0
NRW,60 - 64,47.98,44.98,30.0,0.0,VF,1.0
HSN,65 - 69,44.97,44.97,30.0,0.0,VF,0.0
NRW,under 18,34.99,34.99,30.0,0.0,RED,1.0
NRW,25 - 29,54.97,54.98,30.0,0.0,VF,0.0
NRW,under 18,49.99,49.99,30.0,0.0,GIGAZUHAUSE,0.0
HSN,25 - 29,34.99,34.99,30.0,0.0,RED,1.0
NRW,35 - 39,44.98,44.98,30.0,0.0,VF,0.0
KBW,55 - 59,39.99,39.99,30.0,0.0,RED,0.0
HSN,35 - 39,49.99,49.99,30.0,0.0,RED,0.0
KBW,under 18,19.99,39.99,30.0,0.0,GIGAZUHAUSE,0.0
NRW,65 - 69,49.97,49.97,30.0,0.0,VF,0.0
KBW,under 18,42.98,42.98,30.0,0.0,GIGAZUHAUSE,1.0
NRW,45 - 49,37.99,37.99,30.0,0.0,VF,1.0
KBW,50 - 54,39.98,39.98,30.0,0.0,VF,0.0
NRW,65 - 69,49.97,49.97,30.0,0.0,VF,0.0
KBW,75 - 79,34.99,34.99,30.0,0.0,RED,1.0
NRW,45 - 49,39.99,39.99,30.0,0.0,RED,0.0
KBW,45 - 49,44.98,44.98,30.0,0.0,VF,0.0
HSN,65 - 69,39.99,39.99,30.0,0.0,GIGAZUHAUSE,0.0
KBW,under 18,34.99,34.99,30.0,0.0,RED,1.0
NRW,80 and over,65.88,44.99,30.0,0.0,VF,0.0
NRW,30 - 34,44.98,44.98,30.0,0.0,VF,1.0
KBW,under 18,49.99,49.99,30.0,0.0,RED,0.0
KBW,80 and over,79.96,47.96,30.0,0.0,VF,0.0
HSN,25 - 29,38.98,38.98,30.0,0.0,RED,1.0
HSN,60 - 64,49.98,49.98,30.0,0.0,RED,0.0
NRW,80 and over,44.98,44.98,30.0,0.0,RED,0.0
HSN,under 18,44.98,44.98,30.0,0.0,VF,1.0
HSN,40 - 44,49.99,49.99,30.0,0.0,VF,0.0
KBW,25 - 29,34.99,34.99,30.0,0.0,RED,0.0
KBW,75 - 79,44.98,44.98,30.0,0.0,VF,0.0
KBW,25 - 29,44.98,44.98,30.0,0.0,RED,0.0
KBW,75 - 79,24.99,24.99,68.0,0.0,GIGAZUHAUSE,1.0
NRW,under 18,32.99,32.99,30.0,0.0,VF,1.0
NRW,30 - 34,49.99,49.99,30.0,0.0,RED,0.0
KBW,50 - 54,44.98,44.98,30.0,0.0,VF,1.0
KBW,50 - 54,34.99,34.99,30.0,0.0,RED,1.0
HSN,65 - 69,49.99,49.99,30.0,0.0,VF,0.0
NRW,25 - 29,47.98,29.99,30.0,0.0,VF,0.0
NRW,60 - 64,44.99,44.99,30.0,0.0,VF,1.0
NRW,65 - 69,34.99,34.99,30.0,0.0,RED,1.0
NRW,30 - 34,29.99,29.99,30.0,0.0,VF,0.0
NRW,50 - 54,49.98,49.98,30.0,1.0,VF,0.0
NRW,25 - 29,34.99,34.99,30.0,0.0,RED,1.0
NRW,65 - 69,44.98,44.98,30.0,0.0,VF,0.0
NRW,under 18,37.99,37.99,30.0,0.0,VF,1.0
KBW,55 - 59,39.99,39.99,30.0,0.0,VF,0.0
NRW,60 - 64,27.99,27.99,30.0,0.0,INTERNET,1.0
NRW,45 - 49,74.96,57.97,30.0,0.0,VF,0.0
KBW,18 - 24,37.99,37.99,30.0,0.0,VF,0.0
NRW,30 - 34,34.99,34.99,30.0,0.0,RED,0.0
NRW,75 - 79,44.98,44.98,30.0,0.0,VF,1.0
NRW,35 - 39,44.98,44.98,30.0,0.0,VF,0.0
HSN,30 - 34,59.98,39.99,30.0,0.0,VF,0.0
NRW,60 - 64,59.99,29.99,30.0,0.0,VF,0.0
KBW,50 - 54,38.98,38.74,113.0,0.0,RED,0.0
KBW,50 - 54,29.99,29.99,30.0,0.0,RED,0.0
HSN,25 - 29,42.97,42.97,30.0,0.0,GIGAZUHAUSE,1.0
HSN,75 - 79,34.99,34.99,30.0,0.0,RED,1.0
NRW,50 - 54,69.96,49.97,30.0,0.0,RED,0.0
NRW,40 - 44,44.98,44.98,30.0,0.0,VF,1.0
HSN,under 18,29.99,29.99,30.0,0.0,VF,0.0
NRW,75 - 79,43.98,43.98,30.0,0.0,RED,0.0
KBW,65 - 69,29.99,29.99,30.0,0.0,VF,0.0
NRW,under 18,52.97,52.97,30.0,0.0,GIGAZUHAUSE,0.0
NRW,18 - 24,29.99,29.99,30.0,0.0,VF,0.0
KBW,30 - 34,49.99,49.99,30.0,0.0,RED,0.0
KBW,40 - 44,42.98,42.97,30.0,0.0,3PLAY,1.0
HSN,55 - 59,46.97,38.98,30.0,0.0,RED,0.0
KBW,30 - 34,49.99,49.99,30.0,0.0,GIGAZUHAUSE,0.0
KBW,under 18,49.97,49.97,30.0,0.0,VF,1.0
NRW,25 - 29,42.98,42.99,30.0,0.0,VF,0.0
KBW,75 - 79,44.98,44.98,30.0,0.0,VF,1.0
KBW,75 - 79,39.98,39.98,30.0,0.0,VF,1.0
NRW,75 - 79,44.98,44.98,30.0,0.0,RED,1.0
NRW,30 - 34,37.99,74.99,30.0,0.0,GIGAZUHAUSE,1.0
NRW,45 - 49,39.99,39.99,30.0,0.0,RED,1.0
KBW,18 - 24,29.99,29.99,30.0,0.0,VF,1.0
HSN,25 - 29,58.97,58.98,30.0,0.0,RED,1.0
NRW,35 - 39,34.99,34.99,30.0,0.0,VF,0.0
KBW,25 - 29,39.98,39.98,30.0,0.0,RED,0.0
KBW,30 - 34,44.98,44.98,30.0,0.0,VF,0.0
NRW,60 - 64,64.97,49.99,30.0,0.0,VF,0.0
HSN,60 - 64,30.95,30.95,30.0,0.0,RED,0.0
HSN,50 - 54,52.96,52.98,30.0,0.0,GIGAZUHAUSE,1.0
KBW,50 - 54,47.98,47.98,30.0,0.0,VF,0.0
KBW,75 - 79,53.98,38.98,30.0,0.0,VF,1.0
NRW,60 - 64,39.98,39.98,30.0,0.0,GIGAZUHAUSE,0.0
NRW,55 - 59,32.99,32.99,30.0,0.0,VF,0.0
NRW,45 - 49,34.99,24.99,30.0,0.0,RED,0.0
HSN,40 - 44,39.99,39.99,30.0,0.0,RED,1.0
KBW,55 - 59,29.99,29.99,30.0,0.0,VF,1.0
HSN,45 - 49,74.97,49.98,30.0,0.0,RED,0.0
KBW,25 - 29,32.99,32.99,30.0,0.0,GIGAZUHAUSE,1.0
KBW,55 - 59,32.99,32.99,30.0,0.0,RED,1.0
KBW,under 18,44.98,44.98,30.0,0.0,RED,0.0
NRW,75 - 79,44.98,44.98,30.0,0.0,VF,0.0
KBW,45 - 49,44.97,44.97,30.0,0.0,VF,0.0
NRW,55 - 59,24.99,24.99,30.0,0.0,INTERNET,0.0
NRW,25 - 29,44.98,44.98,30.0,0.0,VF,0.0
KBW,50 - 54,38.98,38.98,30.0,0.0,RED,1.0
NRW,50 - 54,54.95,54.98,30.0,0.0,RED,1.0
NRW,55 - 59,39.98,39.98,30.0,0.0,RED,1.0
KBW,65 - 69,39.99,39.99,30.0,0.0,VF,0.0
KBW,under 18,34.99,34.99,30.0,0.0,RED,0.0
NRW,55 - 59,29.99,29.99,30.0,0.0,VF,1.0
KBW,60 - 64,39.98,39.98,30.0,0.0,VF,1.0
KBW,75 - 79,29.99,29.99,30.0,0.0,VF,0.0
NRW,35 - 39,49.99,49.99,30.0,0.0,RED,1.0
NRW,25 - 29,44.98,44.98,30.0,0.0,RED,0.0
HSN,55 - 59,44.98,44.98,30.0,0.0,RED,1.0
NRW,55 - 59,44.98,44.98,30.0,0.0,VF,0.0
HSN,25 - 29,34.99,34.99,30.0,0.0,RED,0.0
NRW,80 and over,29.99,29.99,30.0,0.0,INTERNET,0.0
NRW,55 - 59,44.98,44.98,30.0,0.0,VF,1.0
NRW,60 - 64,44.98,44.98,30.0,0.0,RED,0.0
NRW,25 - 29,42.98,42.98,30.0,0.0,VF,1.0
KBW,55 - 59,34.99,24.99,30.0,0.0,RED,0.0
KBW,18 - 24,50.99,29.99,30.0,0.0,VF,0.0
NRW,65 - 69,34.99,34.99,30.0,0.0,RED,0.0
HSN,25 - 29,39.98,39.98,30.0,0.0,VF,1.0
KBW,50 - 54,34.99,34.99,30.0,0.0,RED,1.0
KBW,45 - 49,49.97,49.97,30.0,0.0,RED,0.0
NRW,50 - 54,32.99,32.99,30.0,0.0,VF,0.0
KBW,40 - 44,69.98,44.98,30.0,0.0,RED,1.0
NRW,40 - 44,39.99,39.99,30.0,0.0,RED,1.0
KBW,65 - 69,50.98,25.98,30.0,0.0,RED,0.0
NRW,75 - 79,44.98,44.98,30.0,0.0,RED,0.0
KBW,80 and over,34.99,34.99,30.0,0.0,RED,0.0
HSN,25 - 29,37.98,37.98,30.0,0.0,GIGAZUHAUSE,1.0
KBW,75 - 79,44.98,44.98,30.0,0.0,VF,0.0
HSN,under 18,34.99,34.99,30.0,0.0,RED,1.0
KBW,50 - 54,63.95,42.97,30.0,0.0,VF,0.0
NRW,60 - 64,34.99,34.99,30.0,0.0,RED,0.0
HSN,65 - 69,29.99,29.99,30.0,0.0,RED,1.0
NRW,75 - 79,44.98,44.98,30.0,0.0,VF,1.0
KBW,50 - 54,44.98,44.98,30.0,0.0,VF,1.0
NRW,under 18,49.99,49.99,30.0,0.0,GIGAZUHAUSE,0.0
NRW,40 - 44,49.99,49.99,30.0,0.0,RED,0.0
KBW,25 - 29,44.98,44.98,30.0,0.0,VF,0.0
KBW,30 - 34,44.98,44.98,30.0,0.0,VF,0.0
NRW,55 - 59,44.98,44.98,30.0,0.0,VF,1.0
HSN,40 - 44,49.99,49.99,30.0,0.0,RED,1.0
KBW,75 - 79,44.98,44.98,30.0,0.0,VF,1.0
HSN,65 - 69,24.99,24.99,30.0,0.0,INTERNET,1.0
NRW,75 - 79,37.99,37.99,30.0,0.0,RED,0.0
HSN,65 - 69,47.97,47.97,30.0,1.0,RED,1.0
HSN,under 18,24.99,24.99,30.0,0.0,INTERNET,0.0
KBW,25 - 29,34.99,34.99,30.0,0.0,VF,1.0
NRW,25 - 29,39.99,39.99,30.0,0.0,VF,0.0
NRW,80 and over,39.99,39.99,30.0,0.0,VF,0.0
NRW,80 and over,49.99,49.99,30.0,0.0,RED,1.0
HSN,50 - 54,44.98,44.98,30.0,1.0,RED,1.0
KBW,25 - 29,44.99,44.99,30.0,0.0,RED,1.0
KBW,45 - 49,49.97,49.99,30.0,0.0,RED,1.0
NRW,80 and over,39.98,39.98,214.0,0.0,GIGAZUHAUSE,0.0
HSN,65 - 69,39.98,39.98,30.0,0.0,RED,0.0
KBW,65 - 69,44.98,44.98,30.0,0.0,VF,0.0
KBW,55 - 59,39.99,39.99,30.0,0.0,RED,0.0
HSN,45 - 49,44.98,44.98,30.0,0.0,RED,0.0
NRW,45 - 49,39.99,39.99,30.0,0.0,VF,0.0
NRW,18 - 24,34.99,34.99,30.0,0.0,VF,1.0
KBW,75 - 79,34.99,34.99,30.0,0.0,VF,1.0
NRW,40 - 44,75.84,44.38,30.0,0.0,3PLAY,0.0
KBW,55 - 59,44.97,44.97,30.0,0.0,RED,1.0
KBW,45 - 49,37.96,37.98,30.0,0.0,VF,1.0
KBW,55 - 59,49.97,49.97,30.0,0.0,VF,0.0
KBW,75 - 79,44.98,44.98,30.0,0.0,3PLAY,1.0
KBW,60 - 64,44.98,44.98,30.0,0.0,VF,0.0
NRW,45 - 49,42.98,42.98,30.0,0.0,VF,1.0
KBW,45 - 49,32.99,32.99,30.0,0.0,VF,1.0
KBW,60 - 64,47.98,47.96,30.0,0.0,VF,1.0
NRW,50 - 54,68.96,49.97,30.0,0.0,VF,0.0
KBW,75 - 79,42.98,42.98,30.0,0.0,VF,1.0
HSN,50 - 54,34.99,34.99,30.0,0.0,RED,1.0
KBW,75 - 79,39.99,39.99,30.0,0.0,RED,1.0
KBW,40 - 44,37.98,37.98,30.0,0.0,VF,0.0
KBW,55 - 59,29.99,29.99,30.0,0.0,VF,1.0
KBW,55 - 59,39.99,39.99,30.0,0.0,VF,0.0
HSN,75 - 79,44.98,44.98,30.0,0.0,RED,0.0
NRW,25 - 29,34.99,34.99,30.0,0.0,RED,0.0
NRW,55 - 59,34.99,34.99,30.0,0.0,RED,1.0
NRW,40 - 44,44.98,44.97,30.0,0.0,RED,1.0
NRW,55 - 59,39.99,39.99,30.0,0.0,RED,1.0
HSN,60 - 64,54.99,54.99,30.0,0.0,RED,0.0
NRW,35 - 39,51.94,62.97,30.0,0.0,RED,0.0
NRW,55 - 59,39.98,39.98,30.0,0.0,RED,1.0
HSN,30 - 34,54.99,54.99,30.0,0.0,RED,0.0
NRW,25 - 29,44.98,44.98,30.0,0.0,VF,0.0
NRW,75 - 79,24.99,24.99,30.0,0.0,VF,0.0
NRW,60 - 64,48.97,48.97,30.0,0.0,VF,0.0
NRW,80 and over,60.96,49.99,30.0,0.0,RED,0.0
NRW,40 - 44,53.98,32.99,30.0,0.0,VF,1.0
KBW,65 - 69,74.98,39.99,30.0,0.0,RED,0.0
HSN,under 18,42.98,42.98,30.0,0.0,VF,1.0
HSN,50 - 54,42.98,42.98,30.0,0.0,VF,1.0
NRW,under 18,34.99,34.99,30.0,0.0,RED,0.0
NRW,40 - 44,32.99,32.99,30.0,0.0,VF,1.0
HSN,25 - 29,39.99,39.99,30.0,0.0,RED,0.0
KBW,40 - 44,42.98,42.98,30.0,0.0,VF,0.0
NRW,60 - 64,37.99,37.99,30.0,0.0,VF,1.0
HSN,80 and over,44.98,44.98,30.0,0.0,RED,1.0
HSN,60 - 64,34.99,34.98,30.0,0.0,RED,1.0
KBW,75 - 79,34.99,34.99,30.0,1.0,VF,1.0
NRW,65 - 69,44.98,44.98,30.0,0.0,VF,1.0
NRW,55 - 59,34.99,34.99,30.0,0.0,RED,0.0
KBW,75 - 79,54.98,54.98,30.0,0.0,VF,0.0
HSN,50 - 54,54.96,54.96,30.0,0.0,RED,0.0
KBW,45 - 49,39.99,39.99,30.0,0.0,VF,1.0
NRW,65 - 69,49.97,49.97,30.0,0.0,GIGAZUHAUSE,1.0
NRW,50 - 54,44.98,44.98,30.0,0.0,VF,1.0
NRW,50 - 54,42.97,42.98,30.0,0.0,VF,1.0
NRW,35 - 39,44.98,44.98,30.0,0.0,RED,1.0
NRW,under 18,34.99,34.99,30.0,0.0,RED,1.0
KBW,80 and over,49.99,49.99,30.0,0.0,RED,0.0
KBW,under 18,49.99,49.97,30.0,0.0,VF,1.0
NRW,45 - 49,70.96,45.95,30.0,0.0,3PLAY,0.0
NRW,45 - 49,70.93,60.95,30.0,0.0,RED,0.0
NRW,45 - 49,42.97,42.97,30.0,0.0,VF,1.0
KBW,under 18,49.97,49.97,30.0,0.0,VF,0.0
KBW,under 18,29.99,29.99,30.0,0.0,VF,0.0
NRW,under 18,44.98,54.98,30.0,0.0,VF,0.0
KBW,55 - 59,44.98,44.98,30.0,0.0,VF,1.0
HSN,65 - 69,54.99,54.99,30.0,0.0,RED,0.0
KBW,80 and over,29.99,29.99,30.0,0.0,3PLAY,1.0
NRW,under 18,39.98,39.98,30.0,0.0,VF,1.0
KBW,30 - 34,54.98,54.99,30.0,0.0,VF,1.0
NRW,45 - 49,29.99,29.99,30.0,0.0,VF,0.0
NRW,30 - 34,39.99,29.99,30.0,0.0,RED,0.0
NRW,under 18,79.96,49.97,30.0,0.0,VF,1.0
NRW,55 - 59,29.99,29.99,30.0,0.0,VF,1.0
NRW,under 18,44.98,44.98,30.0,0.0,VF,0.0
NRW,50 - 54,32.99,32.99,30.0,0.0,EAZY,0.0
NRW,25 - 29,34.99,34.99,30.0,0.0,RED,1.0
KBW,55 - 59,44.98,44.98,30.0,0.0,RED,0.0
KBW,25 - 29,29.99,29.99,30.0,0.0,GIGAZUHAUSE,1.0
NRW,50 - 54,34.99,34.99,30.0,0.0,VF,0.0
NRW,25 - 29,44.98,44.98,30.0,0.0,VF,1.0
NRW,45 - 49,47.98,47.99,30.0,0.0,VF,0.0
NRW,50 - 54,32.99,32.99,30.0,0.0,VF,0.0
HSN,45 - 49,39.99,39.99,30.0,0.0,RED,1.0
KBW,under 18,34.99,34.99,30.0,0.0,RED,0.0
NRW,35 - 39,58.98,58.98,30.0,0.0,VF,1.0
NRW,40 - 44,39.99,39.99,30.0,0.0,VF,0.0
HSN,60 - 64,39.99,39.99,30.0,0.0,RED,1.0
HSN,40 - 44,34.99,34.99,30.0,0.0,RED,0.0
NRW,75 - 79,39.99,39.99,30.0,0.0,RED,1.0
NRW,30 - 34,34.99,34.99,30.0,0.0,RED,1.0
NRW,75 - 79,34.99,34.99,30.0,0.0,RED,1.0
KBW,80 and over,24.99,24.99,30.0,0.0,VF,0.0
NRW,under 18,44.98,44.98,30.0,0.0,VF,1.0
HSN,80 and over,39.99,39.99,30.0,0.0,VF,1.0
KBW,45 - 49,49.99,49.99,30.0,0.0,RED,0.0
KBW,55 - 59,49.99,49.99,30.0,0.0,RED,1.0
NRW,under 18,54.87,54.99,30.0,0.0,VF,1.0
HSN,25 - 29,44.98,44.98,30.0,0.0,VF,1.0
KBW,25 - 29,44.98,44.98,30.0,0.0,RED,1.0
KBW,18 - 24,47.98,47.98,30.0,0.0,VF,0.0
KBW,40 - 44,44.98,44.98,30.0,0.0,VF,0.0
NRW,75 - 79,39.99,39.99,30.0,0.0,RED,0.0
HSN,65 - 69,32.99,32.99,30.0,0.0,EAZY,1.0
NRW,80 and over,34.99,44.99,30.0,0.0,RED,0.0
NRW,25 - 29,44.98,44.98,30.0,0.0,VF,0.0
KBW,40 - 44,50.95,40.95,30.0,0.0,3PLAY,0.0
HSN,50 - 54,54.99,54.99,30.0,0.0,GIGAZUHAUSE,0.0
KBW,30 - 34,74.94,67.97,30.0,0.0,VF,1.0
KBW,50 - 54,54.99,54.99,30.0,0.0,RED,1.0
NRW,40 - 44,49.97,44.98,30.0,0.0,RED,0.0
NRW,under 18,33.0,33.74,30.0,0.0,3PLAY,0.0
KBW,60 - 64,39.99,39.99,30.0,0.0,VF,0.0
KBW,75 - 79,37.98,37.98,30.0,0.0,VF,1.0
NRW,55 - 59,39.99,39.99,30.0,0.0,RED,1.0
NRW,50 - 54,44.98,44.98,30.0,1.0,VF,1.0
KBW,under 18,47.98,47.98,619.0,0.0,GIGAZUHAUSE,0.0
KBW,75 - 79,29.99,29.99,30.0,0.0,VF,0.0
HSN,65 - 69,39.99,39.99,30.0,0.0,RED,0.0
NRW,65 - 69,44.98,44.98,30.0,0.0,VF,0.0
NRW,under 18,44.98,44.98,30.0,0.0,VF,0.0
KBW,40 - 44,58.98,58.98,30.0,0.0,RED,1.0
NRW,under 18,44.98,44.98,30.0,0.0,VF,1.0
NRW,25 - 29,34.99,34.99,30.0,0.0,RED,0.0
HSN,under 18,32.99,32.99,30.0,0.0,VF,1.0
NRW,50 - 54,52.97,39.99,30.0,0.0,3PLAY,0.0
HSN,55 - 59,44.98,44.98,30.0,0.0,RED,0.0
KBW,55 - 59,34.99,34.99,30.0,0.0,RED,0.0
KBW,30 - 34,54.98,54.98,30.0,0.0,RED,1.0
HSN,under 18,29.99,29.99,30.0,0.0,VF,0.0
HSN,75 - 79,59.96,59.98,30.0,0.0,GIGAZUHAUSE,0.0
HSN,40 - 44,29.99,29.99,30.0,0.0,VF,1.0
KBW,55 - 59,39.98,39.98,30.0,0.0,VF,0.0
KBW,30 - 34,39.98,39.98,30.0,0.0,VF,1.0
NRW,35 - 39,49.99,49.99,30.0,0.0,GIGAZUHAUSE,0.0
KBW,75 - 79,42.98,42.98,30.0,0.0,GIGAZUHAUSE,0.0
KBW,25 - 29,62.96,53.98,30.0,0.0,RED,0.0
KBW,65 - 69,27.99,27.99,135.0,0.0,GIGAZUHAUSE,1.0
NRW,60 - 64,44.97,44.97,30.0,0.0,VF,1.0
KBW,50 - 54,74.96,49.98,30.0,0.0,VF,0.0
KBW,75 - 79,43.98,43.98,30.0,0.0,VF,0.0
KBW,65 - 69,39.99,49.99,30.0,0.0,GIGAZUHAUSE,0.0
NRW,under 18,44.98,44.98,30.0,0.0,RED,1.0
NRW,25 - 29,44.98,44.98,30.0,0.0,VF,1.0
HSN,40 - 44,39.99,39.99,30.0,0.0,RED,1.0
KBW,40 - 44,39.99,39.99,30.0,0.0,RED,1.0
HSN,50 - 54,24.99,24.99,30.0,0.0,INTERNET,0.0
HSN,35 - 39,49.97,49.97,30.0,0.0,VF,1.0
NRW,55 - 59,44.98,37.99,30.0,0.0,VF,1.0
HSN,55 - 59,29.99,29.99,30.0,0.0,INTERNET,1.0
KBW,45 - 49,37.99,37.99,30.0,0.0,VF,1.0
NRW,under 18,47.98,47.98,30.0,0.0,VF,0.0
KBW,45 - 49,32.99,32.99,30.0,0.0,VF,0.0
NRW,under 18,39.99,39.99,30.0,0.0,VF,0.0
HSN,60 - 64,49.97,49.97,30.0,0.0,GIGAZUHAUSE,0.0
NRW,55 - 59,29.99,29.99,30.0,0.0,VF,1.0
KBW,65 - 69,39.99,39.99,30.0,0.0,RED,0.0
NRW,50 - 54,49.97,49.97,30.0,0.0,GIGAZUHAUSE,1.0
KBW,40 - 44,44.98,44.98,30.0,0.0,RED,1.0
KBW,75 - 79,24.99,24.99,30.0,0.0,GIGAZUHAUSE,0.0
KBW,55 - 59,44.98,44.98,30.0,0.0,RED,1.0
NRW,75 - 79,44.98,44.98,30.0,0.0,RED,1.0
HSN,55 - 59,39.99,39.99,30.0,0.0,VF,1.0
NRW,40 - 44,29.99,29.99,30.0,0.0,VF,1.0
NRW,80 and over,44.98,44.98,30.0,0.0,RED,1.0
KBW,55 - 59,34.99,34.99,30.0,0.0,RED,1.0
NRW,45 - 49,32.99,32.99,30.0,0.0,VF,1.0
NRW,40 - 44,34.99,34.99,30.0,0.0,RED,1.0
KBW,60 - 64,53.98,53.98,30.0,0.0,GIGAZUHAUSE,0.0
NRW,45 - 49,34.99,34.99,30.0,0.0,RED,0.0
NRW,80 and over,43.97,34.99,30.0,0.0,RED,1.0
NRW,60 - 64,39.99,39.99,30.0,0.0,VF,0.0
NRW,45 - 49,54.98,54.99,30.0,0.0,RED,0.0
KBW,55 - 59,39.99,39.99,30.0,0.0,RED,0.0
KBW,75 - 79,37.98,37.98,30.0,0.0,VF,1.0
KBW,under 18,37.98,37.98,30.0,0.0,VF,1.0
KBW,75 - 79,34.99,34.99,30.0,0.0,RED,1.0
KBW,45 - 49,39.99,39.99,30.0,0.0,RED,1.0
KBW,55 - 59,42.98,42.98,696.0,0.0,GIGAZUHAUSE,0.0
KBW,25 - 29,44.98,44.98,30.0,0.0,VF,1.0
KBW,50 - 54,34.99,34.99,30.0,0.0,RED,1.0
NRW,50 - 54,44.98,44.98,30.0,0.0,VF,1.0
KBW,35 - 39,42.97,42.97,30.0,0.0,2PLAY,1.0
KBW,50 - 54,44.98,44.98,30.0,0.0,VF,1.0
KBW,35 - 39,68.97,47.97,30.0,0.0,RED,0.0
KBW,under 18,49.99,49.99,30.0,0.0,VF,0.0
HSN,50 - 54,39.99,39.99,30.0,0.0,RED,0.0
KBW,65 - 69,34.99,34.99,30.0,0.0,RED,0.0
NRW,75 - 79,47.98,47.98,243.0,0.0,GIGAZUHAUSE,1.0
NRW,55 - 59,34.99,34.99,30.0,0.0,RED,0.0
NRW,55 - 59,34.99,34.99,30.0,0.0,VF,0.0
NRW,under 18,49.97,49.97,30.0,0.0,VF,1.0
NRW,65 - 69,44.98,44.98,30.0,0.0,VF,0.0
KBW,40 - 44,25.0,33.74,30.0,0.0,MMA,0.0
HSN,under 18,52.96,52.96,30.0,0.0,VF,0.0
NRW,45 - 49,34.99,34.99,30.0,0.0,RED,0.0
KBW,25 - 29,44.98,44.98,30.0,0.0,VF,1.0
NRW,75 - 79,44.98,44.98,30.0,0.0,VF,0.0
KBW,40 - 44,44.98,44.98,30.0,0.0,VF,0.0
NRW,75 - 79,49.99,39.99,30.0,0.0,RED,0.0
NRW,60 - 64,44.98,44.98,30.0,0.0,VF,0.0
HSN,75 - 79,39.98,39.98,30.0,0.0,VF,1.0
KBW,55 - 59,54.99,54.99,30.0,0.0,3PLAY,1.0
NRW,75 - 79,49.99,49.99,30.0,0.0,GIGAZUHAUSE,1.0
KBW,65 - 69,34.99,34.99,30.0,0.0,RED,0.0
NRW,40 - 44,34.99,34.99,30.0,0.0,RED,1.0
NRW,25 - 29,34.99,34.99,30.0,1.0,RED,1.0
KBW,50 - 54,0.0,0.0,30.0,0.0,MMA,0.0
NRW,under 18,49.99,49.99,30.0,0.0,RED,1.0
NRW,under 18,59.99,34.99,30.0,0.0,VF,0.0
NRW,45 - 49,44.98,44.98,30.0,0.0,RED,0.0
NRW,25 - 29,44.98,44.98,30.0,0.0,VF,1.0
HSN,75 - 79,34.99,34.99,30.0,0.0,RED,1.0
KBW,40 - 44,34.99,37.99,30.0,0.0,VF,0.0
NRW,60 - 64,35.86,40.9,30.0,0.0,3PLAY,0.0
KBW,40 - 44,42.98,42.97,30.0,0.0,VF,1.0
KBW,60 - 64,34.99,34.99,30.0,0.0,RED,1.0
NRW,25 - 29,39.99,39.99,30.0,0.0,RED,1.0
KBW,65 - 69,49.98,49.99,30.0,0.0,VF,0.0
NRW,40 - 44,49.99,49.99,30.0,0.0,VF,1.0
KBW,55 - 59,34.99,34.99,30.0,0.0,VF,0.0
NRW,18 - 24,39.99,39.99,30.0,0.0,VF,1.0
KBW,25 - 29,49.99,49.99,30.0,0.0,RED,0.0
KBW,80 and over,29.99,29.99,30.0,0.0,VF,0.0
HSN,65 - 69,34.99,34.99,30.0,0.0,RED,1.0
HSN,75 - 79,49.97,49.97,30.0,0.0,VF,1.0
KBW,25 - 29,34.99,34.99,30.0,0.0,RED,0.0
KBW,55 - 59,39.98,39.98,30.0,0.0,VF,1.0
KBW,40 - 44,49.97,49.97,30.0,0.0,GIGAZUHAUSE,0.0
KBW,50 - 54,44.98,44.98,30.0,0.0,RED,1.0
NRW,50 - 54,41.99,29.99,30.0,0.0,VF,1.0
KBW,60 - 64,44.98,44.98,30.0,0.0,VF,1.0
KBW,75 - 79,34.99,34.99,30.0,0.0,VF,1.0
KBW,75 - 79,29.99,29.99,30.0,0.0,VF,1.0
KBW,75 - 79,39.99,39.99,30.0,0.0,RED,1.0
NRW,50 - 54,39.99,39.99,30.0,0.0,RED,0.0
NRW,60 - 64,47.98,47.98,30.0,0.0,GIGAZUHAUSE,1.0
KBW,75 - 79,24.99,24.99,30.0,0.0,INTERNET,1.0
NRW,60 - 64,39.98,39.98,30.0,0.0,RED,0.0
NRW,under 18,37.99,37.99,30.0,0.0,RED,0.0
HSN,75 - 79,39.99,39.99,30.0,0.0,VF,0.0
KBW,55 - 59,34.99,34.99,30.0,0.0,RED,1.0
HSN,65 - 69,58.98,58.98,30.0,0.0,RED,0.0
KBW,45 - 49,39.99,39.99,30.0,0.0,VF,1.0
NRW,75 - 79,34.99,34.99,30.0,0.0,RED,0.0
NRW,55 - 59,75.95,44.98,30.0,0.0,INTERNET,0.0
NRW,25 - 29,34.99,34.99,30.0,0.0,RED,1.0
KBW,50 - 54,39.99,39.99,30.0,0.0,VF,1.0
KBW,75 - 79,38.98,38.98,30.0,0.0,RED,0.0
HSN,55 - 59,44.98,44.98,30.0,0.0,RED,0.0
HSN,50 - 54,59.98,59.98,38.0,0.0,RED,1.0
NRW,25 - 29,39.99,39.99,30.0,0.0,RED,1.0
KBW,under 18,55.98,34.99,30.0,0.0,VF,0.0
HSN,75 - 79,54.98,54.99,30.0,0.0,RED,1.0
KBW,60 - 64,32.99,32.99,30.0,0.0,VF,1.0
NRW,50 - 54,32.99,32.99,30.0,0.0,VF,0.0
HSN,55 - 59,54.99,54.99,30.0,0.0,RED,0.0
KBW,50 - 54,34.99,34.99,30.0,0.0,GIGAZUHAUSE,0.0
NRW,under 18,54.96,54.98,30.0,0.0,RED,1.0
NRW,under 18,54.99,54.99,30.0,0.0,RED,1.0
NRW,75 - 79,44.98,44.98,30.0,0.0,RED,0.0
NRW,60 - 64,32.99,32.99,30.0,0.0,VF,1.0
NRW,35 - 39,24.99,24.99,599.0,1.0,GIGAZUHAUSE,1.0
NRW,75 - 79,39.99,39.99,30.0,0.0,RED,1.0
NRW,40 - 44,35.99,37.99,30.0,0.0,RED,0.0
NRW,25 - 29,39.98,39.98,30.0,0.0,GIGAZUHAUSE,1.0
NRW,50 - 54,57.94,34.96,30.0,0.0,VF,1.0
KBW,50 - 54,48.97,48.97,30.0,1.0,VF,1.0
NRW,50 - 54,56.94,42.42,30.0,0.0,3PLAY,1.0
HSN,35 - 39,57.97,37.99,30.0,0.0,RED,0.0
NRW,65 - 69,22.98,22.98,30.0,0.0,GIGAZUHAUSE,1.0
HSN,75 - 79,70.95,49.97,30.0,0.0,RED,1.0
KBW,75 - 79,34.99,34.99,30.0,0.0,RED,1.0
KBW,50 - 54,49.99,34.99,30.0,0.0,RED,1.0
HSN,45 - 49,39.98,39.99,30.0,0.0,VF,1.0
KBW,50 - 54,39.99,39.99,30.0,0.0,RED,0.0
NRW,55 - 59,39.99,39.99,30.0,0.0,RED,0.0
NRW,under 18,44.98,44.98,30.0,0.0,VF,0.0
KBW,40 - 44,44.98,44.98,30.0,0.0,VF,1.0
NRW,35 - 39,42.97,42.97,123.0,0.0,GIGAZUHAUSE,0.0
NRW,under 18,54.99,54.99,30.0,0.0,RED,0.0
KBW,60 - 64,49.97,49.97,30.0,0.0,VF,1.0
NRW,25 - 29,54.98,54.98,30.0,0.0,VF,0.0
KBW,60 - 64,44.98,44.98,30.0,0.0,VF,1.0
NRW,30 - 34,59.95,69.95,30.0,0.0,VF,0.0
NRW,30 - 34,39.98,39.98,30.0,0.0,RED,1.0
KBW,65 - 69,54.96,54.96,30.0,0.0,VF,0.0
NRW,40 - 44,22.98,22.98,30.0,0.0,2PLAY,1.0
KBW,60 - 64,44.98,44.99,30.0,0.0,VF,1.0
NRW,35 - 39,34.99,34.99,30.0,0.0,RED,1.0
NRW,under 18,44.98,44.98,30.0,0.0,VF,0.0
KBW,under 18,65.0,44.98,30.0,0.0,VF,1.0
KBW,40 - 44,55.93,29.99,30.0,0.0,VF,0.0
NRW,55 - 59,29.99,29.99,30.0,0.0,VF,0.0
KBW,45 - 49,37.98,37.98,30.0,0.0,VF,0.0
KBW,60 - 64,49.97,49.97,30.0,0.0,VF,0.0
KBW,55 - 59,39.99,39.99,30.0,0.0,RED,1.0
HSN,60 - 64,59.96,32.99,30.0,0.0,VF,1.0
NRW,25 - 29,34.99,34.99,30.0,0.0,RED,0.0
HSN,18 - 24,54.99,54.99,30.0,0.0,RED,1.0
KBW,55 - 59,34.99,34.99,30.0,0.0,RED,1.0
NRW,25 - 29,39.99,39.99,30.0,0.0,RED,1.0
NRW,60 - 64,40.9,40.98,30.0,0.0,VF,0.0
NRW,under 18,44.99,44.99,30.0,0.0,GIGAZUHAUSE,0.0
NRW,75 - 79,34.99,34.99,30.0,0.0,RED,1.0
KBW,50 - 54,44.98,44.98,30.0,1.0,VF,0.0
KBW,60 - 64,44.98,44.98,30.0,0.0,VF,0.0
KBW,under 18,59.98,54.99,30.0,0.0,RED,0.0
NRW,75 - 79,32.99,32.99,30.0,0.0,GIGAZUHAUSE,0.0
NRW,35 - 39,39.99,39.99,599.0,0.0,GIGAZUHAUSE,0.0
KBW,55 - 59,44.98,44.98,30.0,0.0,VF,1.0
NRW,50 - 54,49.99,49.99,60.0,0.0,RED,0.0
NRW,40 - 44,44.98,44.98,30.0,0.0,RED,1.0
NRW,under 18,58.98,58.98,30.0,0.0,VF,1.0
HSN,65 - 69,44.99,44.99,30.0,0.0,VF,0.0
NRW,40 - 44,54.99,29.99,30.0,0.0,INTERNET,0.0
KBW,30 - 34,37.99,37.99,30.0,0.0,VF,0.0
KBW,30 - 34,44.68,44.98,30.0,0.0,VF,0.0
KBW,65 - 69,34.99,34.99,30.0,0.0,RED,1.0
KBW,45 - 49,44.98,44.98,30.0,0.0,RED,1.0
HSN,55 - 59,59.98,59.98,354.0,0.0,GIGAZUHAUSE,1.0
HSN,50 - 54,42.97,42.98,30.0,0.0,RED,0.0
HSN,45 - 49,59.99,59.97,30.0,0.0,VF,1.0
HSN,25 - 29,44.98,44.98,30.0,0.0,RED,0.0
KBW,65 - 69,39.98,39.98,30.0,0.0,GIGAZUHAUSE,0.0
KBW,under 18,27.99,27.99,653.0,0.0,GIGAZUHAUSE,0.0
NRW,45 - 49,44.97,44.98,30.0,0.0,VF,1.0
NRW,30 - 34,49.99,49.99,30.0,0.0,VF,1.0
NRW,60 - 64,19.99,19.99,30.0,0.0,EAZY,1.0
KBW,45 - 49,44.98,44.98,30.0,0.0,RED,0.0
NRW,55 - 59,39.99,39.99,30.0,0.0,RED,0.0
NRW,25 - 29,19.99,29.99,30.0,0.0,INTERNET,1.0
KBW,75 - 79,34.99,34.99,30.0,0.0,VF,0.0
KBW,25 - 29,29.97,29.99,30.0,0.0,VF,1.0
HSN,75 - 79,29.99,29.99,30.0,0.0,GIGAZUHAUSE,1.0
NRW,55 - 59,39.98,39.99,30.0,0.0,VF,0.0
KBW,25 - 29,34.99,34.99,30.0,0.0,RED,1.0
NRW,60 - 64,39.99,39.99,30.0,0.0,RED,0.0
NRW,60 - 64,44.97,44.96,30.0,0.0,VF,0.0
NRW,60 - 64,44.97,44.98,30.0,0.0,RED,1.0
KBW,55 - 59,44.98,44.98,30.0,0.0,RED,0.0
NRW,50 - 54,44.97,44.97,30.0,0.0,VF,1.0
NRW,55 - 59,24.99,24.99,30.0,0.0,INTERNET,0.0
NRW,25 - 29,34.99,34.99,30.0,0.0,RED,0.0
NRW,55 - 59,54.98,54.98,30.0,0.0,VF,1.0
KBW,25 - 29,63.96,42.98,30.0,0.0,VF,0.0
NRW,18 - 24,42.99,11.99,30.0,0.0,VF,0.0
HSN,35 - 39,25.98,39.99,30.0,0.0,RED,1.0
NRW,60 - 64,34.99,34.99,30.0,0.0,RED,1.0
NRW,65 - 69,44.98,44.98,30.0,0.0,VF,1.0
KBW,45 - 49,42.97,42.97,30.0,0.0,GIGAZUHAUSE,0.0
HSN,55 - 59,39.99,39.99,30.0,0.0,GIGAZUHAUSE,1.0
HSN,25 - 29,44.98,44.98,30.0,0.0,VF,1.0
KBW,65 - 69,44.98,44.98,30.0,0.0,VF,1.0
KBW,60 - 64,32.99,32.99,30.0,0.0,VF,1.0
NRW,50 - 54,29.99,29.99,30.0,0.0,VF,0.0
KBW,45 - 49,49.97,49.97,615.0,0.0,GIGAZUHAUSE,1.0
KBW,under 18,39.99,39.99,30.0,0.0,RED,0.0
KBW,55 - 59,62.97,44.98,30.0,0.0,RED,0.0
NRW,25 - 29,34.98,34.98,30.0,0.0,GIGAZUHAUSE,0.0
HSN,25 - 29,39.99,39.99,30.0,0.0,RED,1.0
KBW,under 18,44.98,44.98,30.0,0.0,VF,0.0
NRW,50 - 54,34.99,34.99,30.0,0.0,RED,0.0
KBW,65 - 69,43.98,43.98,30.0,0.0,3PLAY,0.0
KBW,under 18,44.97,44.98,30.0,0.0,VF,1.0
NRW,75 - 79,40.98,29.99,30.0,0.0,VF,1.0
NRW,40 - 44,44.98,44.98,30.0,1.0,VF,1.0
KBW,55 - 59,29.99,29.99,30.0,0.0,RED,0.0
KBW,under 18,29.99,29.99,30.0,0.0,RED,1.0
HSN,60 - 64,29.99,29.99,30.0,0.0,VF,1.0
NRW,75 - 79,39.99,39.99,30.0,0.0,GIGAZUHAUSE,1.0
HSN,45 - 49,37.98,32.99,30.0,0.0,VF,0.0
HSN,25 - 29,39.99,39.99,699.0,0.0,GIGAZUHAUSE,1.0
NRW,45 - 49,34.99,34.99,30.0,0.0,RED,0.0
KBW,25 - 29,44.98,44.98,30.0,0.0,VF,0.0
KBW,55 - 59,44.98,44.98,30.0,0.0,VF,1.0
NRW,25 - 29,44.99,44.99,30.0,0.0,VF,0.0
NRW,25 - 29,34.99,34.99,30.0,0.0,RED,0.0
KBW,18 - 24,44.98,44.98,30.0,0.0,VF,1.0
HSN,75 - 79,29.99,29.99,30.0,0.0,RED,0.0
NRW,75 - 79,69.95,44.98,30.0,0.0,RED,1.0
KBW,75 - 79,32.99,32.99,30.0,0.0,VF,1.0
NRW,65 - 69,44.98,44.98,30.0,0.0,VF,0.0
KBW,55 - 59,44.98,44.98,30.0,0.0,VF,1.0
KBW,55 - 59,59.99,59.99,30.0,0.0,3PLAY,1.0
HSN,40 - 44,54.98,54.98,30.0,0.0,3PLAY,0.0
NRW,25 - 29,44.98,44.98,30.0,0.0,RED,0.0
NRW,55 - 59,34.99,34.99,30.0,0.0,RED,1.0
KBW,65 - 69,64.98,44.98,30.0,0.0,GIGAZUHAUSE,0.0
NRW,45 - 49,62.96,52.98,30.0,0.0,RED,1.0
NRW,55 - 59,60.97,169.92,30.0,0.0,2PLAY,0.0
HSN,80 and over,44.98,44.98,30.0,0.0,VF,0.0
NRW,50 - 54,72.96,37.99,30.0,0.0,VF,0.0
NRW,55 - 59,34.99,34.99,30.0,0.0,RED,0.0
KBW,under 18,49.99,49.99,30.0,0.0,GIGAZUHAUSE,0.0
KBW,18 - 24,53.98,53.98,30.0,0.0,RED,0.0
KBW,65 - 69,34.99,34.99,30.0,0.0,RED,0.0
NRW,75 - 79,39.99,39.99,30.0,0.0,VF,1.0
HSN,under 18,37.99,37.99,30.0,0.0,VF,0.0
KBW,under 18,44.98,44.98,30.0,0.0,VF,1.0
KBW,45 - 49,29.99,29.99,30.0,0.0,VF,0.0
KBW,55 - 59,49.99,49.99,30.0,0.0,VF,0.0
NRW,80 and over,47.96,47.97,30.0,0.0,RED,0.0
NRW,50 - 54,39.99,39.99,30.0,0.0,RED,1.0
NRW,25 - 29,47.97,47.97,30.0,0.0,VF,1.0
KBW,30 - 34,34.99,34.99,30.0,0.0,VF,0.0
NRW,60 - 64,49.97,49.97,30.0,0.0,VF,0.0
NRW,under 18,42.97,42.97,30.0,0.0,VF,0.0
KBW,75 - 79,60.97,29.99,30.0,0.0,VF,1.0
KBW,55 - 59,29.99,29.99,30.0,0.0,GIGAZUHAUSE,0.0
NRW,45 - 49,44.98,44.98,30.0,0.0,VF,1.0
NRW,80 and over,49.99,49.99,30.0,0.0,RED,0.0
KBW,75 - 79,47.98,47.97,30.0,0.0,GIGAZUHAUSE,0.0
NRW,80 and over,44.98,44.98,30.0,0.0,VF,0.0
NRW,55 - 59,44.98,44.98,30.0,0.0,VF,0.0
KBW,50 - 54,37.99,37.99,30.0,0.0,VF,0.0
NRW,45 - 49,42.97,42.97,30.0,0.0,3PLAY,1.0
KBW,65 - 69,25.0,25.0,30.0,0.0,3PLAY,1.0
HSN,25 - 29,37.98,37.98,30.0,0.0,VF,0.0
HSN,65 - 69,189.95,65.97,30.0,0.0,VF,1.0
KBW,35 - 39,34.99,34.99,30.0,0.0,RED,1.0
KBW,55 - 59,49.97,49.97,30.0,0.0,RED,1.0
KBW,25 - 29,44.98,44.98,30.0,0.0,RED,0.0
KBW,45 - 49,46.96,54.98,30.0,0.0,RED,1.0
NRW,50 - 54,44.98,44.98,687.0,0.0,GIGAZUHAUSE,1.0
KBW,50 - 54,47.96,47.97,30.0,0.0,VF,1.0
NRW,25 - 29,64.89,64.96,30.0,0.0,RED,1.0
NRW,50 - 54,34.99,34.99,30.0,0.0,RED,1.0
KBW,65 - 69,68.96,49.97,30.0,0.0,VF,0.0
HSN,65 - 69,43.97,43.97,30.0,0.0,RED,0.0
NRW,under 18,39.99,39.99,30.0,0.0,VF,0.0
KBW,60 - 64,29.99,29.99,30.0,0.0,VF,0.0
KBW,60 - 64,44.98,44.98,30.0,0.0,VF,1.0
NRW,under 18,49.99,49.99,30.0,0.0,VF,0.0
KBW,40 - 44,44.98,44.98,30.0,0.0,VF,0.0
HSN,40 - 44,39.98,39.98,30.0,0.0,VF,1.0
NRW,25 - 29,44.98,44.98,30.0,0.0,RED,0.0
KBW,35 - 39,39.99,39.99,30.0,1.0,RED,0.0
KBW,80 and over,39.99,39.99,30.0,0.0,RED,1.0
KBW,60 - 64,44.98,44.98,30.0,0.0,RED,1.0
NRW,55 - 59,39.99,39.99,30.0,0.0,RED,0.0
KBW,45 - 49,44.98,44.98,30.0,0.0,VF,0.0
HSN,35 - 39,53.96,34.99,30.0,0.0,RED,0.0
NRW,60 - 64,39.98,39.98,30.0,0.0,VF,1.0
NRW,50 - 54,42.98,42.98,30.0,0.0,VF,1.0
KBW,55 - 59,58.97,53.97,30.0,0.0,VF,0.0
KBW,30 - 34,34.99,34.99,30.0,0.0,RED,1.0
NRW,65 - 69,44.98,44.98,30.0,0.0,RED,1.0
NRW,25 - 29,44.98,44.98,30.0,0.0,VF,1.0
KBW,75 - 79,47.98,47.98,30.0,0.0,VF,1.0
KBW,25 - 29,19.99,19.99,30.0,0.0,RED,1.0
HSN,18 - 24,54.99,54.99,30.0,0.0,RED,0.0
HSN,50 - 54,44.98,44.98,30.0,0.0,RED,1.0
NRW,45 - 49,69.95,49.97,30.0,0.0,VF,0.0
KBW,75 - 79,44.98,44.98,30.0,0.0,RED,0.0
HSN,80 and over,54.99,54.99,30.0,0.0,2PLAY,0.0
KBW,65 - 69,34.99,34.99,30.0,0.0,RED,1.0
NRW,30 - 34,34.99,34.99,30.0,0.0,RED,0.0
KBW,40 - 44,42.98,42.98,30.0,0.0,VF,0.0
KBW,60 - 64,44.98,44.98,30.0,0.0,VF,0.0
HSN,25 - 29,44.98,44.98,30.0,0.0,VF,1.0
NRW,55 - 59,44.98,44.98,30.0,0.0,VF,1.0
NRW,55 - 59,44.98,44.98,30.0,0.0,VF,0.0
KBW,50 - 54,37.98,37.98,30.0,0.0,VF,0.0
KBW,30 - 34,48.97,32.97,30.0,0.0,VF,0.0
KBW,75 - 79,32.99,32.99,30.0,0.0,VF,0.0
KBW,under 18,44.98,44.98,30.0,0.0,VF,1.0
KBW,under 18,54.97,54.98,30.0,0.0,VF,0.0
KBW,45 - 49,52.96,52.98,30.0,0.0,VF,0.0
NRW,25 - 29,44.98,44.98,30.0,0.0,VF,1.0
KBW,18 - 24,49.99,49.99,30.0,0.0,RED,0.0
KBW,75 - 79,39.99,39.99,30.0,0.0,RED,0.0
KBW,75 - 79,34.99,34.99,30.0,0.0,RED,1.0
KBW,40 - 44,44.98,44.98,30.0,0.0,RED,1.0
NRW,50 - 54,29.98,29.98,30.0,0.0,VF,1.0
NRW,55 - 59,44.98,44.98,30.0,0.0,RED,0.0
NRW,under 18,39.98,39.98,30.0,0.0,VF,0.0
KBW,under 18,47.99,47.99,30.0,0.0,VF,0.0
KBW,45 - 49,42.98,42.98,30.0,0.0,EAZY,0.0
NRW,50 - 54,34.99,34.99,30.0,1.0,RED,1.0
KBW,75 - 79,52.96,52.96,30.0,0.0,VF,1.0
NRW,75 - 79,29.99,29.99,30.0,0.0,VF,0.0
KBW,75 - 79,44.98,44.98,30.0,0.0,RED,0.0
HSN,60 - 64,32.99,32.99,30.0,0.0,VF,1.0
NRW,75 - 79,44.98,44.98,30.0,0.0,GIGAZUHAUSE,1.0
KBW,50 - 54,39.99,39.99,30.0,0.0,RED,1.0
KBW,75 - 79,34.99,34.99,87.0,0.0,RED,0.0
KBW,30 - 34,29.99,29.99,30.0,0.0,VF,1.0
NRW,50 - 54,54.99,54.99,30.0,0.0,RED,0.0
NRW,55 - 59,51.97,32.99,30.0,0.0,VF,1.0
HSN,18 - 24,39.98,39.98,30.0,0.0,VF,1.0
KBW,60 - 64,72.97,47.97,30.0,0.0,VF,0.0
NRW,under 18,34.99,34.99,30.0,0.0,RED,0.0
KBW,under 18,49.97,49.97,30.0,0.0,VF,0.0
KBW,55 - 59,32.99,32.99,30.0,0.0,VF,1.0
HSN,65 - 69,34.99,34.99,30.0,0.0,RED,1.0
NRW,50 - 54,29.98,29.98,30.0,0.0,VF,1.0
NRW,50 - 54,34.99,34.99,30.0,0.0,RED,0.0
NRW,60 - 64,25.98,25.98,30.0,0.0,RED,1.0
HSN,45 - 49,34.99,34.99,30.0,0.0,RED,0.0
NRW,25 - 29,39.99,39.99,30.0,0.0,VF,1.0
KBW,60 - 64,44.98,44.98,30.0,0.0,VF,0.0
NRW,55 - 59,58.98,58.98,30.0,0.0,RED,1.0
HSN,50 - 54,24.99,34.99,30.0,0.0,RED,1.0
NRW,25 - 29,32.99,32.99,30.0,0.0,VF,1.0
KBW,40 - 44,44.97,44.97,30.0,0.0,VF,0.0
KBW,25 - 29,68.96,62.98,30.0,0.0,3PLAY,0.0
NRW,40 - 44,44.98,44.98,30.0,0.0,VF,0.0
NRW,55 - 59,49.99,49.99,30.0,0.0,VF,1.0
KBW,50 - 54,34.99,34.99,30.0,0.0,RED,0.0
NRW,75 - 79,39.99,39.99,30.0,0.0,RED,1.0
HSN,35 - 39,34.99,34.99,30.0,0.0,RED,1.0
NRW,50 - 54,37.98,37.98,30.0,0.0,VF,1.0
NRW,30 - 34,49.99,49.99,30.0,0.0,RED,1.0
NRW,65 - 69,44.98,44.98,30.0,0.0,VF,1.0
KBW,65 - 69,44.98,59.98,30.0,0.0,RED,0.0
KBW,60 - 64,39.99,39.99,30.0,0.0,RED,1.0
KBW,50 - 54,34.99,34.99,30.0,0.0,VF,0.0
NRW,25 - 29,44.98,44.98,30.0,0.0,VF,1.0
KBW,60 - 64,29.99,29.99,30.0,0.0,VF,0.0
NRW,55 - 59,44.98,44.98,30.0,0.0,RED,1.0
KBW,80 and over,30.84,25.0,30.0,0.0,RED,0.0
KBW,30 - 34,42.97,42.97,30.0,0.0,RED,0.0
KBW,25 - 29,34.99,34.99,30.0,0.0,RED,0.0
HSN,75 - 79,39.99,39.99,30.0,0.0,RED,1.0
NRW,55 - 59,44.98,44.98,30.0,0.0,RED,1.0
NRW,25 - 29,39.98,39.98,30.0,0.0,VF,1.0
NRW,35 - 39,32.99,32.99,30.0,0.0,VF,1.0
KBW,under 18,44.98,44.98,30.0,0.0,VF,1.0
KBW,under 18,34.99,34.99,30.0,0.0,RED,0.0
NRW,under 18,39.99,39.99,30.0,0.0,RED,0.0
HSN,30 - 34,44.98,44.98,30.0,0.0,VF,0.0
NRW,75 - 79,44.97,44.99,30.0,0.0,RED,1.0
KBW,65 - 69,34.99,34.99,30.0,0.0,GIGAZUHAUSE,0.0
NRW,under 18,42.98,42.98,30.0,0.0,VF,1.0
HSN,75 - 79,54.96,54.95,30.0,0.0,RED,1.0
NRW,75 - 79,39.99,39.99,30.0,0.0,VF,0.0
NRW,under 18,52.97,149.97,30.0,0.0,RED,0.0
HSN,under 18,24.99,24.99,30.0,0.0,INTERNET,0.0
NRW,75 - 79,34.99,34.99,30.0,0.0,RED,0.0
KBW,under 18,37.98,37.98,30.0,0.0,VF,0.0
NRW,55 - 59,22.99,13.99,30.0,0.0,3PLAY,0.0
HSN,40 - 44,29.99,29.99,30.0,0.0,VF,0.0
NRW,under 18,39.98,39.98,30.0,0.0,RED,1.0
NRW,45 - 49,52.96,52.93,30.0,0.0,VF,1.0
NRW,25 - 29,44.98,44.98,30.0,0.0,VF,1.0
KBW,55 - 59,34.98,34.98,30.0,0.0,RED,1.0
NRW,25 - 29,39.99,39.99,30.0,0.0,RED,0.0
NRW,18 - 24,39.99,39.99,30.0,0.0,RED,0.0
KBW,75 - 79,42.98,63.98,30.0,0.0,RED,1.0
HSN,45 - 49,44.98,44.98,30.0,1.0,RED,1.0
NRW,60 - 64,57.97,53.98,30.0,0.0,RED,1.0
HSN,75 - 79,44.98,44.98,30.0,0.0,VF,0.0
KBW,60 - 64,37.97,37.99,30.0,0.0,VF,1.0
KBW,80 and over,54.98,54.99,30.0,0.0,RED,0.0
HSN,45 - 49,44.98,44.98,30.0,0.0,RED,0.0
HSN,under 18,37.98,41.98,30.0,0.0,GIGAZUHAUSE,0.0
NRW,under 18,39.99,39.99,30.0,0.0,GIGAZUHAUSE,0.0
NRW,60 - 64,44.98,44.98,30.0,0.0,RED,1.0
NRW,75 - 79,37.99,37.99,30.0,0.0,RED,1.0
NRW,45 - 49,29.99,29.99,30.0,0.0,VF,0.0
NRW,under 18,42.98,42.98,30.0,0.0,2PLAY,1.0
KBW,50 - 54,39.99,39.99,30.0,0.0,3PLAY,1.0
NRW,25 - 29,39.99,39.99,30.0,0.0,RED,0.0
NRW,25 - 29,34.99,34.99,30.0,0.0,RED,1.0
NRW,25 - 29,34.99,34.99,30.0,0.0,RED,0.0
NRW,50 - 54,29.99,29.99,30.0,0.0,VF,0.0
NRW,35 - 39,44.99,44.99,30.0,0.0,RED,1.0
NRW,under 18,29.99,29.99,30.0,0.0,VF,0.0
NRW,25 - 29,39.98,39.98,30.0,0.0,GIGAZUHAUSE,0.0
HSN,65 - 69,37.98,53.97,30.0,0.0,VF,1.0
NRW,under 18,54.98,54.99,30.0,0.0,RED,0.0
NRW,25 - 29,44.98,44.98,30.0,0.0,VF,0.0
KBW,75 - 79,37.98,37.98,135.0,0.0,GIGAZUHAUSE,0.0
KBW,25 - 29,44.98,44.98,30.0,0.0,RED,0.0
HSN,under 18,44.98,44.98,30.0,0.0,VF,0.0
KBW,65 - 69,29.99,29.99,30.0,0.0,VF,1.0
NRW,50 - 54,47.98,47.98,528.0,0.0,GIGAZUHAUSE,1.0
KBW,60 - 64,44.99,44.99,30.0,0.0,VF,1.0
NRW,50 - 54,44.98,44.98,30.0,0.0,VF,1.0
HSN,45 - 49,39.99,39.99,30.0,0.0,RED,0.0
NRW,25 - 29,43.98,53.98,30.0,0.0,RED,1.0
NRW,25 - 29,29.99,29.99,30.0,0.0,VF,0.0
NRW,50 - 54,39.99,39.99,30.0,0.0,RED,1.0
KBW,45 - 49,29.99,29.99,30.0,0.0,VF,1.0
NRW,75 - 79,39.99,39.99,30.0,0.0,VF,0.0
NRW,80 and over,32.99,32.99,177.0,0.0,GIGAZUHAUSE,0.0
KBW,35 - 39,39.99,39.99,30.0,0.0,RED,1.0
HSN,under 18,34.99,34.99,30.0,0.0,RED,1.0
NRW,25 - 29,44.98,44.98,30.0,0.0,VF,1.0
KBW,50 - 54,73.97,33.98,30.0,0.0,VF,0.0
NRW,under 18,44.98,44.98,30.0,0.0,VF,1.0
KBW,75 - 79,39.99,39.99,30.0,0.0,RED,1.0
KBW,80 and over,49.99,49.99,30.0,0.0,RED,1.0
KBW,55 - 59,44.98,44.98,30.0,0.0,RED,0.0
KBW,35 - 39,44.98,44.98,30.0,0.0,VF,0.0
NRW,50 - 54,52.98,52.98,339.0,0.0,GIGAZUHAUSE,0.0
NRW,30 - 34,32.99,32.99,30.0,0.0,VF,1.0
NRW,50 - 54,59.97,39.98,30.0,0.0,VF,1.0
NRW,40 - 44,37.98,37.98,30.0,0.0,VF,1.0
KBW,under 18,52.96,52.97,30.0,0.0,RED,1.0
NRW,40 - 44,44.98,44.98,30.0,0.0,VF,1.0
KBW,18 - 24,39.99,39.99,30.0,0.0,RED,0.0
KBW,55 - 59,49.99,49.99,30.0,0.0,RED,1.0
NRW,35 - 39,37.99,37.99,30.0,0.0,GIGAZUHAUSE,0.0
KBW,under 18,49.99,49.99,30.0,0.0,VF,0.0
KBW,18 - 24,44.98,44.98,30.0,0.0,VF,0.0
NRW,45 - 49,44.98,44.98,30.0,0.0,VF,1.0
KBW,65 - 69,39.98,39.98,30.0,0.0,GIGAZUHAUSE,0.0
NRW,under 18,32.99,32.99,30.0,0.0,VF,1.0
HSN,25 - 29,34.98,34.98,30.0,0.0,RED,0.0
KBW,55 - 59,54.99,54.99,30.0,0.0,RED,0.0
KBW,65 - 69,37.78,37.78,30.0,0.0,VF,0.0
KBW,55 - 59,34.99,34.99,30.0,0.0,RED,1.0
NRW,65 - 69,44.98,44.98,30.0,0.0,RED,1.0
KBW,40 - 44,42.98,42.98,30.0,0.0,VF,1.0
KBW,45 - 49,42.98,42.98,30.0,0.0,VF,0.0
HSN,25 - 29,54.98,54.98,30.0,0.0,RED,0.0
NRW,75 - 79,24.99,24.99,30.0,0.0,INTERNET,1.0
KBW,40 - 44,64.96,44.98,30.0,0.0,VF,0.0
KBW,40 - 44,52.96,52.96,30.0,0.0,3PLAY,0.0
HSN,35 - 39,44.98,44.98,30.0,0.0,VF,0.0
KBW,40 - 44,39.99,39.99,30.0,0.0,RED,1.0
HSN,55 - 59,39.97,49.97,30.0,0.0,RED,0.0
NRW,75 - 79,39.98,39.98,30.0,0.0,RED,1.0
HSN,80 and over,54.99,54.99,30.0,0.0,RED,0.0
KBW,25 - 29,39.99,39.99,30.0,0.0,RED,0.0
KBW,45 - 49,44.98,44.98,30.0,0.0,RED,1.0
NRW,50 - 54,47.96,47.96,30.0,0.0,2PLAY,0.0
KBW,75 - 79,29.99,29.99,30.0,0.0,VF,0.0
NRW,60 - 64,29.99,29.99,30.0,0.0,VF,0.0
KBW,18 - 24,29.99,29.99,30.0,0.0,VF,0.0
HSN,60 - 64,34.99,34.99,30.0,0.0,RED,1.0
NRW,under 18,60.98,39.99,30.0,0.0,VF,0.0
NRW,30 - 34,34.99,39.99,30.0,0.0,RED,0.0
KBW,45 - 49,44.98,44.98,30.0,0.0,RED,1.0
HSN,60 - 64,29.98,29.99,30.0,0.0,VF,0.0
NRW,45 - 49,37.99,37.99,30.0,0.0,VF,0.0
KBW,25 - 29,44.98,44.98,30.0,0.0,VF,1.0
KBW,65 - 69,44.98,44.98,30.0,0.0,VF,0.0
NRW,45 - 49,39.99,39.99,30.0,0.0,RED,1.0
NRW,75 - 79,44.98,44.98,30.0,0.0,RED,0.0
NRW,55 - 59,44.98,44.98,30.0,0.0,VF,1.0
KBW,50 - 54,37.99,37.99,30.0,0.0,RED,0.0
KBW,under 18,24.99,22.99,30.0,0.0,INTERNET,1.0
HSN,55 - 59,54.98,54.98,30.0,0.0,RED,1.0
KBW,55 - 59,57.96,49.99,30.0,0.0,VF,1.0
NRW,50 - 54,32.99,32.99,30.0,0.0,RED,0.0
KBW,40 - 44,44.98,44.98,30.0,0.0,RED,0.0
NRW,60 - 64,29.99,29.99,30.0,0.0,INTERNET,0.0
NRW,25 - 29,39.99,39.99,30.0,0.0,RED,1.0
KBW,50 - 54,44.98,44.98,30.0,0.0,VF,0.0
KBW,18 - 24,49.97,49.97,30.0,0.0,VF,0.0
NRW,75 - 79,54.97,54.98,30.0,0.0,RED,1.0
KBW,55 - 59,44.97,44.98,30.0,0.0,VF,1.0
KBW,18 - 24,34.99,34.99,30.0,0.0,RED,1.0
KBW,55 - 59,37.99,37.99,30.0,0.0,VF,0.0
NRW,80 and over,32.99,32.99,30.0,0.0,3PLAY,0.0
KBW,50 - 54,49.97,49.97,30.0,0.0,VF,0.0
NRW,75 - 79,49.97,49.97,30.0,0.0,VF,1.0
NRW,75 - 79,44.98,44.98,30.0,0.0,RED,1.0
NRW,80 and over,44.98,44.98,30.0,0.0,RED,0.0
NRW,40 - 44,54.99,54.99,30.0,0.0,RED,1.0
HSN,50 - 54,44.98,44.98,30.0,0.0,RED,1.0
NRW,75 - 79,39.99,39.99,30.0,0.0,VF,0.0
NRW,25 - 29,29.99,29.99,30.0,0.0,VF,1.0
NRW,under 18,39.99,39.99,30.0,0.0,RED,0.0
KBW,65 - 69,34.99,34.99,30.0,0.0,RED,1.0
KBW,35 - 39,34.99,34.99,30.0,0.0,RED,1.0
HSN,60 - 64,34.99,34.99,30.0,0.0,RED,0.0
NRW,75 - 79,44.98,44.98,30.0,0.0,GIGAZUHAUSE,0.0
KBW,50 - 54,44.98,44.98,30.0,0.0,VF,1.0
KBW,30 - 34,54.99,54.99,30.0,0.0,RED,1.0
HSN,25 - 29,39.99,39.99,30.0,0.0,RED,1.0
KBW,45 - 49,39.98,39.98,30.0,0.0,RED,0.0
NRW,65 - 69,42.98,42.98,30.0,0.0,VF,0.0
KBW,25 - 29,44.98,44.98,30.0,0.0,VF,1.0
KBW,30 - 34,39.99,39.99,30.0,0.0,RED,1.0
NRW,75 - 79,39.99,39.99,30.0,0.0,RED,1.0
KBW,60 - 64,39.98,39.98,30.0,0.0,RED,0.0
NRW,65 - 69,44.98,44.98,30.0,0.0,VF,1.0
HSN,under 18,44.98,44.98,30.0,0.0,VF,1.0
HSN,60 - 64,29.99,29.99,30.0,0.0,VF,0.0
NRW,50 - 54,49.99,49.99,30.0,0.0,GIGAZUHAUSE,0.0
NRW,75 - 79,44.98,44.98,30.0,0.0,RED,1.0
NRW,60 - 64,42.98,42.98,30.0,0.0,GIGAZUHAUSE,0.0
KBW,50 - 54,60.74,45.88,30.0,0.0,2PLAY,1.0
NRW,80 and over,34.99,29.99,30.0,0.0,VF,1.0
NRW,under 18,29.99,29.99,30.0,0.0,RED,1.0
KBW,75 - 79,44.98,44.98,30.0,0.0,VF,1.0
KBW,60 - 64,59.97,34.99,30.0,0.0,RED,1.0
NRW,50 - 54,19.99,19.99,30.0,0.0,VF,0.0
HSN,75 - 79,56.98,39.98,30.0,0.0,VF,0.0
NRW,65 - 69,34.99,34.99,30.0,0.0,VF,0.0
NRW,45 - 49,29.99,29.99,30.0,0.0,VF,1.0
NRW,under 18,54.99,54.99,30.0,0.0,VF,0.0
HSN,25 - 29,29.99,29.99,30.0,0.0,VF,1.0
KBW,30 - 34,49.97,49.99,30.0,0.0,GIGAZUHAUSE,1.0
KBW,60 - 64,44.98,44.98,30.0,0.0,VF,1.0
NRW,40 - 44,29.99,29.99,30.0,0.0,RED,1.0
NRW,25 - 29,29.99,29.99,30.0,0.0,RED,1.0
NRW,45 - 49,44.97,44.97,697.0,0.0,VF,0.0
HSN,65 - 69,62.99,44.99,699.0,0.0,GIGAZUHAUSE,1.0
NRW,25 - 29,47.99,58.98,30.0,0.0,RED,0.0
KBW,45 - 49,63.98,28.98,30.0,0.0,RED,1.0
KBW,45 - 49,39.98,39.99,30.0,0.0,VF,1.0
KBW,40 - 44,49.97,49.97,30.0,0.0,VF,0.0
HSN,80 and over,24.99,24.99,30.0,0.0,GIGAZUHAUSE,1.0
NRW,50 - 54,44.98,44.98,30.0,0.0,VF,0.0
KBW,75 - 79,44.98,44.98,30.0,0.0,VF,1.0
NRW,60 - 64,39.99,39.99,30.0,0.0,RED,1.0
NRW,under 18,44.98,44.98,30.0,0.0,RED,1.0
NRW,45 - 49,52.98,52.98,30.0,0.0,GIGAZUHAUSE,0.0
NRW,30 - 34,44.98,44.98,30.0,0.0,RED,1.0
KBW,50 - 54,34.99,34.99,30.0,0.0,RED,1.0
KBW,under 18,34.99,34.99,30.0,0.0,RED,0.0
KBW,60 - 64,44.98,44.98,30.0,0.0,VF,0.0
HSN,65 - 69,39.99,39.99,30.0,0.0,RED,0.0
NRW,60 - 64,67.97,43.97,30.0,0.0,RED,1.0
NRW,75 - 79,34.99,34.99,84.0,0.0,VF,1.0
NRW,under 18,39.98,39.98,30.0,0.0,RED,1.0
KBW,25 - 29,49.99,49.99,30.0,0.0,VF,1.0
KBW,40 - 44,49.99,49.99,30.0,0.0,VF,1.0
KBW,40 - 44,49.97,49.98,30.0,0.0,VF,0.0
NRW,75 - 79,37.99,37.99,30.0,0.0,3PLAY,0.0
KBW,55 - 59,39.99,39.99,30.0,0.0,RED,0.0
HSN,under 18,54.98,54.98,30.0,0.0,RED,0.0
NRW,25 - 29,34.99,34.99,30.0,0.0,RED,1.0
NRW,65 - 69,44.98,44.98,30.0,0.0,RED,1.0
NRW,65 - 69,39.98,39.97,30.0,0.0,VF,1.0
NRW,50 - 54,44.98,44.98,30.0,0.0,VF,1.0
NRW,55 - 59,37.99,37.99,30.0,0.0,VF,1.0
HSN,18 - 24,44.98,44.98,30.0,0.0,VF,0.0
KBW,55 - 59,34.99,34.99,30.0,0.0,RED,0.0
KBW,55 - 59,34.99,34.99,30.0,0.0,RED,1.0
NRW,25 - 29,44.98,44.98,30.0,0.0,RED,1.0
KBW,45 - 49,37.98,37.99,30.0,0.0,VF,0.0
NRW,55 - 59,34.99,34.99,30.0,0.0,RED,1.0
NRW,55 - 59,44.98,44.98,30.0,0.0,RED,1.0
KBW,75 - 79,49.99,49.99,30.0,0.0,RED,1.0
NRW,60 - 64,29.99,29.99,30.0,0.0,VF,0.0
HSN,50 - 54,39.98,39.98,30.0,0.0,VF,0.0
NRW,30 - 34,24.99,29.99,30.0,0.0,VF,1.0
KBW,75 - 79,59.97,44.99,30.0,0.0,RED,1.0
NRW,25 - 29,39.99,39.99,30.0,0.0,RED,0.0
HSN,40 - 44,24.99,24.99,30.0,0.0,INTERNET,0.0
NRW,under 18,30.98,30.98,30.0,0.0,INTERNET,1.0
NRW,75 - 79,49.99,49.99,30.0,0.0,VF,0.0
NRW,25 - 29,39.98,39.98,30.0,0.0,VF,1.0
KBW,under 18,54.99,44.99,30.0,0.0,VF,1.0
NRW,65 - 69,44.98,44.98,30.0,0.0,VF,0.0
KBW,80 and over,49.99,29.99,30.0,0.0,RED,0.0
HSN,30 - 34,49.97,49.99,30.0,0.0,VF,1.0
NRW,75 - 79,34.99,34.99,30.0,0.0,RED,0.0
NRW,45 - 49,29.99,37.99,30.0,0.0,VF,0.0
KBW,45 - 49,39.99,39.99,30.0,0.0,VF,1.0
HSN,75 - 79,37.99,37.99,30.0,0.0,VF,1.0
HSN,75 - 79,49.99,49.99,30.0,0.0,RED,0.0
NRW,under 18,39.99,39.99,30.0,0.0,RED,1.0
NRW,60 - 64,29.99,29.99,30.0,0.0,INTERNET,1.0
NRW,45 - 49,29.99,19.99,30.0,0.0,VF,0.0
KBW,65 - 69,48.98,48.98,30.0,0.0,VF,0.0
NRW,55 - 59,44.99,44.99,30.0,1.0,RED,1.0
NRW,55 - 59,54.98,62.99,30.0,0.0,RED,0.0
HSN,45 - 49,52.95,52.95,30.0,0.0,3PLAY,0.0
NRW,55 - 59,61.94,30.95,30.0,0.0,3PLAY,0.0
HSN,75 - 79,44.98,44.98,30.0,0.0,VF,1.0
KBW,25 - 29,39.99,39.99,30.0,0.0,RED,1.0
KBW,75 - 79,39.98,39.98,30.0,0.0,GIGAZUHAUSE,1.0
HSN,under 18,59.98,59.99,30.0,0.0,GIGAZUHAUSE,0.0
NRW,30 - 34,32.99,32.99,30.0,0.0,GIGAZUHAUSE,0.0
NRW,25 - 29,44.98,44.98,30.0,0.0,VF,0.0
HSN,75 - 79,29.99,29.99,30.0,0.0,VF,1.0
NRW,under 18,39.98,39.98,30.0,0.0,RED,1.0
KBW,45 - 49,44.98,44.98,30.0,0.0,VF,0.0
NRW,75 - 79,49.99,49.97,30.0,0.0,GIGAZUHAUSE,1.0
HSN,45 - 49,49.97,49.97,30.0,0.0,VF,1.0
NRW,65 - 69,39.99,39.99,30.0,0.0,VF,0.0
NRW,under 18,32.99,32.99,30.0,0.0,GIGAZUHAUSE,0.0
NRW,75 - 79,39.99,39.99,30.0,0.0,VF,1.0
KBW,80 and over,39.99,39.99,30.0,0.0,VF,0.0
NRW,60 - 64,34.99,34.99,30.0,0.0,RED,0.0
NRW,60 - 64,34.99,34.99,30.0,1.0,RED,1.0
NRW,40 - 44,29.99,29.99,30.0,0.0,INTERNET,1.0
HSN,35 - 39,39.99,39.99,30.0,0.0,RED,1.0
KBW,55 - 59,39.99,39.99,30.0,0.0,RED,1.0
KBW,50 - 54,49.97,49.97,30.0,0.0,VF,0.0
HSN,75 - 79,29.99,29.99,30.0,1.0,GIGAZUHAUSE,0.0
HSN,60 - 64,47.99,47.99,30.0,0.0,VF,0.0
KBW,40 - 44,44.98,44.98,30.0,0.0,VF,1.0
HSN,55 - 59,59.97,59.99,30.0,0.0,RED,0.0
HSN,50 - 54,42.98,42.98,30.0,0.0,3PLAY,1.0
KBW,under 18,49.97,49.98,30.0,0.0,VF,1.0
NRW,45 - 49,27.99,27.99,30.0,0.0,VF,0.0
KBW,60 - 64,43.42,48.42,30.0,0.0,RED,1.0
KBW,45 - 49,39.99,39.99,30.0,0.0,RED,1.0
NRW,60 - 64,34.99,34.99,30.0,0.0,VF,1.0
KBW,40 - 44,39.99,39.99,30.0,0.0,VF,0.0
NRW,75 - 79,60.97,39.99,30.0,0.0,VF,1.0
HSN,60 - 64,49.97,49.97,30.0,0.0,VF,1.0
KBW,75 - 79,44.98,44.98,30.0,0.0,VF,0.0
KBW,50 - 54,39.99,39.99,30.0,0.0,RED,1.0
KBW,65 - 69,34.99,34.99,30.0,0.0,RED,1.0
NRW,under 18,39.98,39.98,516.0,0.0,GIGAZUHAUSE,1.0
NRW,50 - 54,60.95,39.99,30.0,0.0,3PLAY,1.0
HSN,60 - 64,39.99,39.99,30.0,0.0,RED,0.0
NRW,under 18,39.99,39.99,30.0,0.0,RED,1.0
KBW,18 - 24,39.99,39.99,30.0,0.0,RED,0.0
KBW,65 - 69,39.99,39.99,30.0,0.0,RED,1.0
KBW,35 - 39,39.99,39.99,30.0,0.0,RED,1.0
NRW,75 - 79,34.99,34.99,30.0,0.0,RED,0.0
HSN,60 - 64,39.99,39.99,30.0,0.0,RED,0.0
NRW,under 18,44.98,44.98,30.0,0.0,RED,1.0
HSN,under 18,29.99,19.99,30.0,0.0,VF,0.0
NRW,25 - 29,49.97,49.97,30.0,0.0,RED,0.0
KBW,75 - 79,39.99,39.99,30.0,0.0,GIGAZUHAUSE,1.0
NRW,50 - 54,62.96,32.99,30.0,0.0,RED,0.0
NRW,75 - 79,34.99,34.99,30.0,0.0,VF,1.0
KBW,55 - 59,69.96,44.98,30.0,0.0,VF,1.0
NRW,55 - 59,49.97,49.97,30.0,0.0,VF,0.0
KBW,75 - 79,29.99,29.99,137.0,0.0,GIGAZUHAUSE,1.0
HSN,50 - 54,29.99,29.99,30.0,0.0,VF,0.0
NRW,60 - 64,29.99,29.99,30.0,0.0,INTERNET,0.0
HSN,75 - 79,47.99,47.98,30.0,0.0,VF,1.0
NRW,25 - 29,49.98,49.98,30.0,0.0,VF,0.0
HSN,75 - 79,54.99,54.99,30.0,0.0,VF,1.0
HSN,55 - 59,44.98,44.98,30.0,0.0,RED,1.0
NRW,55 - 59,39.99,39.99,30.0,0.0,RED,1.0
HSN,55 - 59,47.99,47.99,30.0,0.0,3PLAY,1.0
NRW,75 - 79,63.98,42.98,30.0,0.0,VF,1.0
NRW,55 - 59,42.98,42.98,30.0,0.0,VF,0.0
HSN,45 - 49,39.98,39.98,30.0,0.0,VF,1.0
NRW,45 - 49,38.98,38.98,30.0,0.0,RED,0.0
HSN,75 - 79,34.99,34.99,30.0,0.0,RED,0.0
NRW,55 - 59,44.98,44.98,30.0,0.0,RED,0.0
KBW,55 - 59,44.98,44.98,30.0,0.0,VF,0.0
KBW,45 - 49,39.99,39.99,30.0,0.0,RED,1.0
KBW,45 - 49,39.99,39.99,77.0,0.0,VF,1.0
NRW,45 - 49,44.98,44.98,30.0,0.0,VF,0.0
NRW,75 - 79,54.99,54.99,30.0,0.0,RED,1.0
KBW,60 - 64,37.98,37.98,30.0,0.0,VF,0.0
KBW,75 - 79,29.99,29.99,30.0,0.0,VF,0.0
NRW,50 - 54,44.98,44.98,628.0,0.0,RED,0.0
NRW,under 18,42.97,42.97,30.0,0.0,RED,0.0
NRW,80 and over,29.99,29.99,30.0,0.0,VF,1.0
NRW,30 - 34,29.99,29.99,30.0,0.0,VF,1.0
NRW,50 - 54,34.99,34.99,30.0,0.0,RED,1.0
KBW,55 - 59,42.97,42.97,30.0,0.0,VF,0.0
NRW,55 - 59,43.97,49.97,695.0,0.0,VF,1.0
NRW,65 - 69,24.99,24.99,30.0,0.0,INTERNET,0.0
NRW,75 - 79,44.98,44.98,30.0,1.0,VF,0.0
NRW,50 - 54,34.99,34.99,30.0,0.0,RED,1.0
NRW,45 - 49,29.99,29.99,30.0,0.0,GIGAZUHAUSE,0.0
NRW,40 - 44,42.97,42.97,30.0,0.0,RED,1.0
NRW,80 and over,39.99,39.99,30.0,0.0,RED,0.0
KBW,60 - 64,39.98,39.98,30.0,0.0,VF,0.0
KBW,50 - 54,24.99,24.99,30.0,0.0,INTERNET,1.0
HSN,under 18,29.99,29.99,30.0,0.0,VF,1.0
NRW,25 - 29,49.99,49.99,30.0,0.0,RED,0.0
NRW,55 - 59,44.98,44.98,30.0,0.0,VF,1.0
KBW,55 - 59,38.98,38.98,30.0,0.0,GIGAZUHAUSE,1.0
NRW,40 - 44,30.88,50.93,30.0,0.0,2PLAY,0.0
KBW,45 - 49,74.96,47.96,30.0,0.0,VF,0.0
KBW,40 - 44,44.98,44.98,30.0,0.0,VF,0.0
NRW,45 - 49,43.97,43.98,30.0,0.0,2PLAY,0.0
NRW,65 - 69,49.99,49.99,30.0,0.0,RED,0.0
HSN,30 - 34,58.97,34.99,30.0,0.0,3PLAY,1.0
KBW,40 - 44,29.99,29.99,30.0,0.0,VF,0.0
NRW,75 - 79,29.99,29.99,30.0,0.0,VF,1.0
HSN,75 - 79,69.97,49.97,30.0,0.0,VF,1.0
HSN,55 - 59,44.98,44.98,30.0,0.0,VF,1.0
HSN,75 - 79,44.98,44.98,30.0,0.0,VF,0.0
KBW,40 - 44,37.91,37.78,30.0,0.0,2PLAY,0.0
KBW,75 - 79,27.99,27.99,214.0,0.0,GIGAZUHAUSE,1.0
KBW,60 - 64,47.95,47.95,30.0,0.0,VF,0.0
KBW,55 - 59,44.98,44.98,30.0,0.0,RED,0.0
KBW,18 - 24,44.98,44.98,30.0,0.0,VF,0.0
KBW,40 - 44,48.97,48.97,30.0,0.0,2PLAY,1.0
NRW,25 - 29,48.97,48.97,30.0,0.0,RED,0.0
NRW,25 - 29,39.99,39.99,30.0,0.0,RED,0.0
KBW,60 - 64,68.96,44.98,30.0,0.0,VF,1.0
HSN,65 - 69,44.98,44.98,30.0,0.0,VF,0.0
NRW,75 - 79,48.42,48.97,30.0,0.0,RED,0.0
HSN,30 - 34,29.99,29.99,30.0,0.0,VF,0.0
KBW,40 - 44,39.99,39.99,30.0,0.0,VF,1.0
HSN,60 - 64,39.98,39.99,30.0,0.0,VF,0.0
KBW,60 - 64,49.97,29.99,30.0,0.0,VF,1.0
KBW,25 - 29,34.99,34.99,30.0,0.0,RED,1.0
NRW,65 - 69,52.96,39.99,30.0,0.0,VF,0.0
NRW,75 - 79,44.98,44.98,30.0,0.0,RED,1.0
HSN,50 - 54,49.99,49.99,30.0,0.0,GIGAZUHAUSE,0.0
KBW,45 - 49,24.99,34.99,91.0,0.0,GIGAZUHAUSE,0.0
KBW,50 - 54,44.98,44.98,30.0,0.0,VF,1.0
HSN,65 - 69,50.98,40.98,30.0,0.0,3PLAY,0.0
HSN,45 - 49,39.99,39.99,30.0,0.0,RED,1.0
KBW,55 - 59,42.97,42.97,30.0,0.0,RED,1.0
NRW,under 18,29.99,29.99,30.0,0.0,VF,0.0
NRW,40 - 44,39.98,39.98,30.0,0.0,VF,1.0
KBW,50 - 54,65.96,44.98,30.0,0.0,VF,1.0
NRW,25 - 29,39.99,39.99,30.0,0.0,RED,1.0
KBW,60 - 64,34.99,34.99,30.0,0.0,RED,1.0
KBW,40 - 44,54.98,54.99,30.0,0.0,RED,0.0
KBW,55 - 59,37.99,22.99,30.0,0.0,VF,0.0
NRW,45 - 49,39.99,39.99,30.0,0.0,VF,1.0
HSN,55 - 59,44.98,44.98,30.0,0.0,VF,1.0
NRW,45 - 49,34.99,34.99,30.0,0.0,VF,0.0
KBW,45 - 49,32.99,32.99,30.0,0.0,VF,0.0
NRW,50 - 54,49.99,49.99,30.0,0.0,RED,1.0
KBW,75 - 79,34.99,34.99,30.0,0.0,RED,1.0
HSN,50 - 54,55.97,54.99,30.0,0.0,VF,1.0
KBW,55 - 59,44.98,44.98,30.0,0.0,VF,1.0
NRW,55 - 59,44.98,44.98,30.0,0.0,RED,1.0
HSN,45 - 49,44.98,44.98,30.0,0.0,VF,0.0
NRW,55 - 59,34.99,34.99,30.0,0.0,RED,1.0
KBW,60 - 64,34.99,34.99,30.0,0.0,RED,0.0
HSN,55 - 59,29.99,29.99,30.0,0.0,VF,1.0
KBW,45 - 49,39.99,39.99,30.0,0.0,RED,1.0
NRW,25 - 29,34.99,34.99,30.0,0.0,RED,0.0
KBW,under 18,52.98,44.99,30.0,0.0,VF,0.0
NRW,under 18,39.99,39.99,30.0,0.0,RED,0.0
NRW,35 - 39,47.99,47.99,30.0,0.0,GIGAZUHAUSE,0.0
NRW,45 - 49,42.97,42.98,30.0,0.0,2PLAY,1.0
HSN,75 - 79,34.99,34.99,30.0,0.0,RED,0.0
HSN,25 - 29,44.98,44.98,30.0,0.0,GIGAZUHAUSE,0.0
NRW,40 - 44,19.99,19.99,30.0,0.0,EAZY,0.0
KBW,50 - 54,44.98,44.98,30.0,0.0,GIGAZUHAUSE,0.0
HSN,under 18,39.99,39.99,30.0,0.0,VF,1.0
NRW,40 - 44,27.0,27.99,30.0,0.0,RED,0.0
KBW,30 - 34,44.99,44.99,30.0,0.0,GIGAZUHAUSE,1.0
KBW,55 - 59,34.99,34.99,30.0,0.0,RED,0.0
KBW,80 and over,84.86,56.96,30.0,0.0,VF,0.0
NRW,45 - 49,39.99,39.99,30.0,0.0,VF,1.0
NRW,45 - 49,30.95,30.95,30.0,0.0,VF,1.0
KBW,50 - 54,49.97,49.97,30.0,0.0,VF,1.0
KBW,40 - 44,44.99,44.99,30.0,0.0,RED,1.0
KBW,55 - 59,34.99,34.99,30.0,0.0,RED,1.0
HSN,under 18,49.97,49.97,30.0,0.0,RED,0.0
KBW,65 - 69,29.99,29.99,30.0,0.0,VF,1.0
NRW,25 - 29,39.99,39.99,675.0,0.0,VF,1.0
KBW,35 - 39,44.98,44.98,30.0,0.0,VF,0.0
KBW,60 - 64,39.99,39.99,30.0,0.0,RED,0.0
KBW,25 - 29,39.99,39.99,30.0,0.0,RED,1.0
NRW,65 - 69,42.97,42.97,30.0,0.0,RED,1.0
NRW,55 - 59,44.98,44.98,30.0,0.0,VF,0.0
KBW,60 - 64,44.98,44.98,30.0,0.0,RED,0.0
NRW,40 - 44,33.74,42.98,30.0,0.0,GIGAZUHAUSE,1.0
NRW,30 - 34,44.98,44.98,30.0,0.0,VF,1.0
NRW,30 - 34,29.99,29.99,30.0,0.0,GIGAZUHAUSE,0.0
HSN,60 - 64,39.99,39.99,30.0,0.0,RED,1.0
HSN,45 - 49,37.98,37.99,30.0,0.0,GIGAZUHAUSE,0.0
KBW,80 and over,42.97,32.99,30.0,0.0,VF,0.0
NRW,75 - 79,34.99,34.99,30.0,0.0,RED,1.0
KBW,55 - 59,39.98,39.99,30.0,0.0,VF,1.0
KBW,40 - 44,68.97,44.98,30.0,1.0,VF,1.0
KBW,80 and over,29.99,29.99,30.0,0.0,RED,0.0
NRW,45 - 49,69.96,42.98,30.0,0.0,VF,0.0
HSN,25 - 29,39.99,39.99,30.0,0.0,RED,1.0
KBW,25 - 29,44.98,44.98,30.0,0.0,VF,1.0
KBW,25 - 29,64.95,54.98,30.0,0.0,VF,0.0
NRW,under 18,39.99,39.99,30.0,0.0,RED,1.0
NRW,55 - 59,34.99,34.99,30.0,0.0,RED,0.0
NRW,45 - 49,37.99,37.99,30.0,0.0,VF,0.0
NRW,30 - 34,49.99,49.99,30.0,0.0,VF,1.0
NRW,50 - 54,49.97,49.97,30.0,0.0,VF,1.0
NRW,65 - 69,42.98,42.98,30.0,0.0,VF,0.0
KBW,55 - 59,60.95,39.99,30.0,0.0,VF,1.0
NRW,55 - 59,44.98,44.98,30.0,0.0,VF,1.0
NRW,75 - 79,29.99,29.99,30.0,0.0,VF,1.0
KBW,under 18,64.98,39.99,30.0,0.0,RED,0.0
NRW,75 - 79,49.99,49.99,30.0,0.0,RED,1.0
KBW,40 - 44,54.95,54.98,30.0,0.0,RED,0.0
NRW,50 - 54,54.32,55.78,30.0,0.0,3PLAY,1.0
HSN,under 18,29.99,29.99,30.0,0.0,RED,1.0
NRW,65 - 69,34.99,34.99,30.0,0.0,VF,1.0
NRW,50 - 54,44.98,44.98,30.0,0.0,VF,0.0
NRW,55 - 59,49.97,49.96,30.0,0.0,VF,1.0
KBW,30 - 34,39.98,39.98,30.0,0.0,VF,1.0
KBW,55 - 59,37.99,37.99,30.0,0.0,VF,1.0
NRW,75 - 79,34.99,34.99,30.0,0.0,VF,0.0
KBW,60 - 64,34.99,34.99,30.0,0.0,RED,1.0
NRW,55 - 59,44.98,44.98,30.0,0.0,VF,1.0
NRW,50 - 54,44.98,44.98,30.0,0.0,VF,1.0
HSN,65 - 69,44.98,44.98,30.0,0.0,VF,0.0
HSN,60 - 64,39.99,39.99,30.0,0.0,RED,1.0
KBW,80 and over,34.99,34.99,30.0,0.0,RED,0.0
NRW,60 - 64,34.99,34.99,30.0,0.0,VF,0.0
NRW,30 - 34,44.97,44.89,30.0,0.0,RED,1.0
NRW,25 - 29,54.96,44.98,30.0,0.0,VF,0.0
KBW,55 - 59,39.99,39.99,30.0,0.0,RED,0.0
NRW,50 - 54,34.99,34.99,30.0,0.0,RED,0.0
KBW,40 - 44,29.99,29.99,30.0,0.0,VF,1.0
NRW,65 - 69,44.98,44.98,30.0,0.0,VF,1.0
NRW,55 - 59,39.99,39.99,30.0,0.0,RED,0.0
KBW,50 - 54,34.99,34.99,30.0,0.0,RED,0.0
NRW,55 - 59,44.99,44.99,30.0,0.0,RED,1.0
NRW,65 - 69,49.97,49.97,30.0,0.0,3PLAY,1.0
KBW,under 18,56.87,44.98,30.0,0.0,RED,0.0
HSN,30 - 34,24.99,24.99,30.0,0.0,GIGAZUHAUSE,0.0
NRW,75 - 79,34.99,34.99,30.0,0.0,RED,1.0
KBW,65 - 69,42.98,42.98,30.0,0.0,VF,1.0
KBW,45 - 49,44.98,44.98,30.0,0.0,VF,0.0
NRW,18 - 24,43.97,43.97,30.0,0.0,RED,0.0
KBW,60 - 64,54.99,54.99,30.0,0.0,RED,1.0
KBW,55 - 59,44.99,44.99,675.0,0.0,RED,0.0
HSN,75 - 79,30.95,30.88,30.0,0.0,RED,0.0
NRW,60 - 64,49.99,49.99,30.0,0.0,GIGAZUHAUSE,1.0
KBW,under 18,49.99,49.99,30.0,0.0,VF,0.0
NRW,45 - 49,49.99,49.99,30.0,0.0,RED,1.0
KBW,under 18,34.99,34.99,30.0,0.0,VF,0.0
KBW,55 - 59,42.98,42.98,30.0,1.0,VF,0.0
KBW,50 - 54,59.98,59.98,30.0,0.0,VF,1.0
KBW,35 - 39,34.99,34.99,30.0,0.0,RED,1.0
KBW,65 - 69,39.99,39.99,30.0,0.0,VF,0.0
KBW,30 - 34,44.99,44.99,30.0,0.0,GIGAZUHAUSE,0.0
HSN,75 - 79,54.98,54.98,30.0,0.0,RED,0.0
NRW,50 - 54,44.98,44.98,30.0,0.0,VF,1.0
KBW,25 - 29,29.99,29.99,30.0,0.0,VF,0.0
HSN,50 - 54,61.98,56.98,30.0,0.0,RED,0.0
HSN,50 - 54,58.98,37.99,30.0,0.0,GIGAZUHAUSE,0.0
KBW,40 - 44,39.99,39.99,30.0,0.0,RED,0.0
NRW,75 - 79,29.99,29.99,30.0,0.0,RED,1.0
NRW,50 - 54,39.98,39.98,30.0,0.0,VF,0.0
KBW,55 - 59,54.99,54.99,30.0,0.0,RED,0.0
NRW,75 - 79,44.98,44.98,30.0,0.0,RED,0.0
KBW,under 18,42.97,42.97,30.0,0.0,VF,1.0
NRW,75 - 79,39.99,39.99,30.0,0.0,RED,0.0
KBW,under 18,39.99,39.99,30.0,0.0,RED,1.0
NRW,75 - 79,34.99,34.99,30.0,0.0,VF,0.0
NRW,55 - 59,64.96,44.98,30.0,0.0,VF,1.0
NRW,65 - 69,44.98,44.98,142.0,0.0,GIGAZUHAUSE,1.0
NRW,25 - 29,29.99,29.99,30.0,0.0,INTERNET,0.0
NRW,40 - 44,44.98,44.98,30.0,0.0,RED,0.0
NRW,55 - 59,34.99,34.99,30.0,0.0,RED,1.0
KBW,75 - 79,39.95,39.98,30.0,0.0,VF,1.0
KBW,60 - 64,39.99,39.99,30.0,0.0,VF,0.0
KBW,25 - 29,44.97,44.97,30.0,0.0,VF,0.0
KBW,under 18,34.99,34.99,30.0,0.0,RED,0.0
NRW,25 - 29,49.97,49.97,30.0,0.0,VF,0.0
NRW,25 - 29,47.98,47.98,30.0,0.0,GIGAZUHAUSE,0.0
HSN,75 - 79,52.97,52.97,30.0,0.0,VF,0.0
NRW,60 - 64,34.99,34.99,30.0,0.0,RED,1.0
HSN,65 - 69,62.97,47.97,85.0,0.0,GIGAZUHAUSE,1.0
HSN,55 - 59,39.99,39.99,30.0,0.0,RED,1.0
KBW,50 - 54,63.96,59.96,30.0,0.0,3PLAY,1.0
NRW,60 - 64,48.97,63.97,30.0,0.0,3PLAY,0.0
NRW,25 - 29,44.98,44.98,30.0,0.0,VF,1.0
KBW,55 - 59,24.99,24.99,30.0,0.0,VF,1.0
KBW,35 - 39,34.99,34.99,30.0,0.0,RED,1.0
HSN,55 - 59,39.99,39.98,30.0,0.0,RED,1.0
NRW,80 and over,44.98,44.98,30.0,0.0,RED,1.0
KBW,55 - 59,44.98,44.98,30.0,0.0,GIGAZUHAUSE,1.0
NRW,45 - 49,42.97,42.97,30.0,0.0,GIGAZUHAUSE,0.0
NRW,18 - 24,39.99,39.99,30.0,0.0,VF,0.0
KBW,40 - 44,49.97,49.97,30.0,0.0,VF,0.0
NRW,50 - 54,42.98,42.98,30.0,0.0,VF,1.0
KBW,75 - 79,39.98,39.98,30.0,0.0,VF,0.0
NRW,under 18,44.98,44.98,714.0,0.0,GIGAZUHAUSE,0.0
KBW,50 - 54,49.97,49.97,30.0,0.0,VF,1.0
KBW,75 - 79,44.98,44.98,30.0,1.0,VF,1.0
NRW,under 18,51.97,49.97,30.0,0.0,VF,0.0
NRW,30 - 34,39.99,39.99,30.0,0.0,RED,1.0
KBW,40 - 44,34.99,34.99,30.0,0.0,RED,1.0
KBW,under 18,49.99,49.99,30.0,1.0,RED,0.0
NRW,under 18,44.98,44.98,30.0,0.0,RED,1.0
NRW,50 - 54,39.99,39.99,30.0,0.0,RED,1.0
NRW,25 - 29,24.99,24.99,30.0,0.0,INTERNET,1.0
NRW,under 18,49.99,49.99,30.0,0.0,VF,0.0
NRW,50 - 54,34.99,34.99,30.0,0.0,VF,1.0
KBW,25 - 29,44.98,44.98,30.0,1.0,VF,1.0
KBW,55 - 59,44.98,44.98,30.0,0.0,VF,1.0
KBW,55 - 59,49.98,49.99,30.0,0.0,RED,1.0
KBW,18 - 24,32.99,32.99,30.0,0.0,VF,1.0
NRW,25 - 29,49.97,49.97,30.0,0.0,VF,1.0
NRW,45 - 49,44.97,44.98,30.0,0.0,RED,1.0
KBW,25 - 29,44.98,44.98,30.0,0.0,VF,0.0
NRW,under 18,29.99,29.99,30.0,0.0,VF,1.0
KBW,25 - 29,42.97,42.97,30.0,0.0,RED,1.0
KBW,80 and over,34.99,34.99,30.0,0.0,RED,1.0
HSN,55 - 59,54.98,54.98,30.0,0.0,RED,0.0
KBW,75 - 79,34.99,34.99,30.0,0.0,RED,0.0
HSN,65 - 69,39.99,39.99,30.0,0.0,VF,1.0
NRW,55 - 59,49.99,49.99,30.0,0.0,RED,1.0
NRW,75 - 79,39.99,39.99,30.0,0.0,VF,1.0
NRW,80 and over,34.99,34.99,30.0,0.0,RED,1.0
KBW,55 - 59,60.83,39.98,30.0,0.0,VF,0.0
NRW,25 - 29,39.98,39.98,112.0,0.0,GIGAZUHAUSE,0.0
NRW,55 - 59,44.98,44.98,30.0,0.0,VF,1.0
KBW,25 - 29,44.98,44.98,109.0,0.0,VF,1.0
KBW,65 - 69,39.99,39.99,30.0,0.0,RED,0.0
KBW,35 - 39,49.99,49.99,30.0,0.0,RED,0.0
KBW,under 18,39.98,39.98,30.0,0.0,VF,1.0
NRW,under 18,42.98,42.98,30.0,0.0,VF,0.0
KBW,25 - 29,34.99,34.99,30.0,0.0,RED,0.0
NRW,65 - 69,44.97,44.98,30.0,0.0,VF,0.0
NRW,55 - 59,39.99,39.99,30.0,0.0,RED,1.0
NRW,60 - 64,44.98,44.98,30.0,0.0,VF,0.0
NRW,25 - 29,34.99,34.99,30.0,0.0,RED,0.0
NRW,50 - 54,44.98,44.98,30.0,0.0,VF,0.0
KBW,18 - 24,29.98,29.98,30.0,0.0,GIGAZUHAUSE,1.0
HSN,55 - 59,37.99,37.99,30.0,0.0,VF,1.0
NRW,25 - 29,39.99,39.99,303.0,0.0,GIGAZUHAUSE,1.0
NRW,65 - 69,39.98,39.98,30.0,0.0,VF,0.0
NRW,65 - 69,49.99,49.99,30.0,0.0,VF,1.0
KBW,under 18,32.99,32.99,30.0,0.0,VF,0.0
KBW,under 18,44.98,44.98,30.0,0.0,RED,1.0
KBW,50 - 54,25.0,40.42,30.0,0.0,3PLAY,0.0
KBW,80 and over,70.98,59.98,30.0,0.0,GIGAZUHAUSE,0.0
KBW,30 - 34,79.94,30.95,30.0,0.0,VF,0.0
NRW,40 - 44,42.97,42.97,30.0,0.0,VF,0.0
NRW,18 - 24,47.96,47.96,71.0,0.0,RED,0.0
KBW,60 - 64,49.97,49.97,30.0,0.0,VF,1.0
HSN,55 - 59,42.98,42.99,30.0,0.0,VF,0.0
HSN,50 - 54,74.42,49.99,30.0,0.0,RED,1.0
NRW,55 - 59,39.98,39.98,30.0,0.0,VF,0.0
NRW,50 - 54,34.99,34.99,30.0,0.0,RED,0.0
NRW,75 - 79,39.98,39.98,30.0,0.0,RED,1.0
NRW,55 - 59,52.97,42.98,30.0,0.0,3PLAY,0.0
KBW,75 - 79,32.99,32.99,212.0,0.0,GIGAZUHAUSE,1.0
NRW,55 - 59,34.99,34.99,30.0,0.0,VF,1.0
HSN,35 - 39,34.99,34.99,30.0,0.0,RED,1.0
NRW,50 - 54,59.98,59.98,30.0,0.0,GIGAZUHAUSE,0.0
KBW,30 - 34,39.99,39.99,30.0,0.0,RED,1.0
NRW,50 - 54,54.96,54.96,30.0,0.0,VF,0.0
KBW,75 - 79,49.99,49.99,30.0,1.0,VF,1.0
KBW,40 - 44,32.99,32.99,30.0,0.0,VF,1.0
NRW,30 - 34,74.93,54.99,30.0,0.0,RED,1.0
NRW,under 18,44.98,44.98,30.0,0.0,VF,1.0
NRW,18 - 24,39.99,39.99,30.0,0.0,RED,0.0
KBW,65 - 69,44.98,44.98,30.0,0.0,VF,0.0
NRW,35 - 39,34.99,34.99,30.0,1.0,RED,1.0
NRW,30 - 34,29.99,29.99,30.0,0.0,VF,0.0
NRW,75 - 79,39.99,34.99,30.0,0.0,VF,1.0
HSN,55 - 59,29.99,29.99,30.0,0.0,VF,1.0
KBW,55 - 59,37.99,37.99,30.0,0.0,VF,0.0
HSN,65 - 69,44.98,44.98,30.0,0.0,RED,1.0
NRW,75 - 79,48.97,48.97,30.0,0.0,VF,1.0
KBW,under 18,39.98,39.98,30.0,0.0,RED,0.0
HSN,60 - 64,32.99,37.99,30.0,0.0,VF,0.0
KBW,55 - 59,25.0,39.99,30.0,0.0,RED,1.0
KBW,75 - 79,47.98,47.98,696.0,0.0,GIGAZUHAUSE,0.0
NRW,65 - 69,62.84,42.89,30.0,0.0,2PLAY,0.0
KBW,25 - 29,34.99,34.99,30.0,0.0,RED,1.0
KBW,60 - 64,49.99,49.99,30.0,0.0,RED,0.0
NRW,60 - 64,39.99,39.99,30.0,0.0,VF,0.0
KBW,50 - 54,44.98,44.98,30.0,0.0,VF,1.0
KBW,50 - 54,84.95,35.97,30.0,0.0,3PLAY,1.0
KBW,80 and over,29.98,29.99,30.0,0.0,GIGAZUHAUSE,0.0
HSN,35 - 39,64.98,64.98,30.0,0.0,GIGAZUHAUSE,1.0
KBW,75 - 79,49.97,49.97,30.0,1.0,VF,1.0
NRW,60 - 64,44.98,44.98,30.0,0.0,VF,1.0
HSN,50 - 54,39.99,39.99,30.0,0.0,RED,1.0
KBW,50 - 54,38.98,53.98,30.0,0.0,RED,0.0
KBW,60 - 64,42.98,42.99,30.0,0.0,GIGAZUHAUSE,1.0
KBW,60 - 64,37.99,37.99,30.0,0.0,VF,0.0
KBW,40 - 44,59.98,59.98,30.0,0.0,GIGAZUHAUSE,0.0
HSN,75 - 79,49.99,39.99,30.0,0.0,RED,1.0
NRW,40 - 44,42.98,42.98,30.0,0.0,VF,0.0
NRW,60 - 64,42.98,42.98,30.0,0.0,VF,1.0
KBW,45 - 49,52.98,52.98,30.0,0.0,VF,0.0
NRW,50 - 54,49.99,49.99,30.0,0.0,GIGAZUHAUSE,1.0
HSN,30 - 34,39.99,39.99,30.0,0.0,VF,0.0
KBW,40 - 44,42.97,42.97,30.0,0.0,GIGAZUHAUSE,1.0
NRW,50 - 54,39.99,39.99,30.0,0.0,VF,0.0
NRW,50 - 54,34.99,34.99,30.0,0.0,VF,1.0
HSN,60 - 64,39.98,39.98,30.0,0.0,VF,0.0
NRW,55 - 59,44.97,44.98,30.0,0.0,RED,1.0
NRW,50 - 54,49.97,49.97,30.0,0.0,RED,1.0
NRW,40 - 44,39.98,39.98,30.0,0.0,VF,1.0
NRW,75 - 79,39.99,39.99,30.0,0.0,RED,1.0
NRW,45 - 49,69.95,59.96,30.0,0.0,RED,1.0
KBW,30 - 34,39.99,39.99,30.0,0.0,RED,0.0
NRW,55 - 59,39.99,39.99,30.0,0.0,RED,1.0
HSN,60 - 64,29.99,29.99,30.0,0.0,VF,0.0
NRW,40 - 44,44.98,44.98,99.0,0.0,VF,1.0
KBW,75 - 79,44.98,44.98,30.0,0.0,RED,0.0
HSN,25 - 29,42.98,42.98,30.0,0.0,VF,1.0
NRW,75 - 79,44.98,44.98,697.0,0.0,GIGAZUHAUSE,1.0
NRW,25 - 29,44.98,44.98,30.0,0.0,RED,1.0
KBW,65 - 69,33.98,39.98,30.0,0.0,RED,1.0
NRW,75 - 79,29.99,29.99,30.0,0.0,RED,1.0
NRW,50 - 54,37.99,37.99,30.0,0.0,VF,0.0
NRW,18 - 24,39.99,39.99,30.0,0.0,RED,1.0
NRW,45 - 49,49.97,49.97,30.0,0.0,GIGAZUHAUSE,1.0
NRW,50 - 54,49.97,49.97,30.0,0.0,GIGAZUHAUSE,0.0
KBW,60 - 64,39.99,39.99,30.0,0.0,RED,1.0
KBW,65 - 69,44.97,44.97,30.0,0.0,VF,1.0
NRW,75 - 79,49.97,49.97,30.0,0.0,GIGAZUHAUSE,0.0
NRW,under 18,34.99,34.99,30.0,0.0,RED,1.0
NRW,80 and over,49.99,49.99,30.0,0.0,2PLAY,1.0
KBW,45 - 49,54.99,54.99,30.0,0.0,VF,0.0
KBW,65 - 69,39.99,39.99,30.0,0.0,VF,0.0
KBW,25 - 29,34.99,34.99,30.0,0.0,RED,1.0
KBW,35 - 39,34.99,34.99,30.0,0.0,RED,1.0
NRW,65 - 69,44.98,44.98,30.0,0.0,VF,1.0
NRW,35 - 39,37.99,37.99,30.0,0.0,VF,0.0
NRW,75 - 79,42.97,42.97,30.0,0.0,VF,0.0
KBW,55 - 59,58.98,58.98,30.0,0.0,RED,0.0
NRW,60 - 64,39.99,39.99,30.0,0.0,VF,1.0
KBW,80 and over,24.99,24.99,30.0,0.0,INTERNET,1.0
KBW,under 18,42.97,42.97,30.0,0.0,RED,1.0
KBW,under 18,24.99,24.99,137.0,0.0,GIGAZUHAUSE,0.0
NRW,55 - 59,39.99,39.99,30.0,0.0,VF,0.0
KBW,45 - 49,65.95,44.98,30.0,0.0,VF,1.0
KBW,60 - 64,44.98,44.98,30.0,0.0,RED,1.0
HSN,50 - 54,64.98,39.99,30.0,0.0,EAZY,0.0
KBW,65 - 69,54.98,34.99,30.0,0.0,RED,1.0
NRW,25 - 29,29.99,29.99,30.0,0.0,INTERNET,0.0
NRW,under 18,54.99,54.99,30.0,0.0,RED,0.0
KBW,50 - 54,39.99,39.99,30.0,0.0,RED,0.0
KBW,25 - 29,34.99,34.99,30.0,0.0,RED,0.0
KBW,50 - 54,54.99,54.99,30.0,0.0,RED,1.0
NRW,25 - 29,62.99,63.99,30.0,0.0,2PLAY,0.0
HSN,75 - 79,54.98,54.98,30.0,0.0,VF,1.0
KBW,25 - 29,63.97,52.98,30.0,0.0,GIGAZUHAUSE,0.0
NRW,25 - 29,44.98,44.98,30.0,0.0,VF,0.0
NRW,75 - 79,39.98,39.98,30.0,0.0,VF,0.0
NRW,25 - 29,34.99,34.99,30.0,0.0,RED,1.0
HSN,under 18,38.98,38.98,30.0,0.0,RED,0.0
NRW,60 - 64,74.96,39.98,30.0,0.0,RED,1.0
KBW,75 - 79,39.98,39.98,30.0,0.0,VF,0.0
NRW,80 and over,39.99,39.99,30.0,0.0,VF,1.0
NRW,45 - 49,39.99,39.99,30.0,0.0,VF,0.0
NRW,25 - 29,34.99,34.99,30.0,0.0,RED,0.0
NRW,60 - 64,42.98,42.98,30.0,0.0,RED,1.0
NRW,30 - 34,39.99,39.99,699.0,0.0,GIGAZUHAUSE,1.0
NRW,55 - 59,32.97,32.99,30.0,0.0,VF,1.0
NRW,55 - 59,34.99,34.99,30.0,0.0,RED,1.0
NRW,under 18,39.98,39.98,30.0,0.0,VF,1.0
HSN,50 - 54,39.99,39.99,30.0,0.0,VF,0.0
NRW,60 - 64,29.99,29.99,30.0,0.0,GIGAZUHAUSE,1.0
NRW,65 - 69,44.98,44.98,30.0,0.0,VF,0.0
KBW,75 - 79,44.98,44.98,30.0,0.0,RED,1.0
HSN,50 - 54,42.98,42.98,30.0,0.0,VF,0.0
KBW,55 - 59,42.98,42.98,30.0,0.0,VF,0.0
NRW,80 and over,69.98,49.99,30.0,0.0,VF,1.0
NRW,65 - 69,29.99,29.99,30.0,0.0,VF,1.0
KBW,60 - 64,44.98,44.98,30.0,0.0,VF,0.0
KBW,60 - 64,34.99,34.99,30.0,0.0,RED,0.0
NRW,under 18,29.99,29.99,30.0,0.0,VF,1.0
NRW,60 - 64,42.97,42.97,30.0,0.0,VF,0.0
NRW,75 - 79,37.99,37.99,30.0,0.0,VF,0.0
NRW,65 - 69,72.96,47.97,30.0,0.0,GIGAZUHAUSE,1.0
NRW,35 - 39,44.99,44.99,654.0,0.0,GIGAZUHAUSE,0.0
NRW,65 - 69,34.99,34.99,30.0,0.0,RED,0.0
KBW,25 - 29,44.98,44.98,30.0,0.0,RED,1.0
NRW,55 - 59,44.98,44.98,30.0,0.0,RED,1.0
NRW,60 - 64,57.97,53.86,30.0,0.0,RED,1.0
HSN,75 - 79,34.99,34.99,30.0,0.0,RED,1.0
NRW,25 - 29,58.98,58.98,30.0,0.0,RED,0.0
NRW,55 - 59,54.98,54.98,30.0,0.0,GIGAZUHAUSE,0.0
KBW,18 - 24,39.99,39.99,30.0,0.0,2PLAY,1.0
KBW,60 - 64,32.99,32.99,30.0,0.0,RED,0.0
HSN,65 - 69,34.99,34.99,30.0,0.0,RED,1.0
KBW,25 - 29,37.99,37.99,30.0,0.0,GIGAZUHAUSE,0.0
HSN,25 - 29,44.98,44.98,30.0,0.0,VF,0.0
NRW,55 - 59,34.99,34.99,30.0,0.0,RED,1.0
NRW,30 - 34,78.97,47.97,30.0,0.0,RED,0.0
KBW,30 - 34,65.97,44.98,30.0,0.0,RED,0.0
KBW,75 - 79,39.98,39.98,30.0,0.0,VF,1.0
KBW,55 - 59,29.99,34.99,30.0,0.0,RED,1.0
NRW,75 - 79,34.99,34.99,30.0,0.0,RED,1.0
NRW,45 - 49,44.98,44.98,30.0,0.0,VF,0.0
KBW,65 - 69,39.98,39.98,30.0,0.0,VF,1.0
NRW,75 - 79,34.99,34.99,30.0,0.0,RED,1.0
NRW,40 - 44,27.99,27.99,628.0,0.0,GIGAZUHAUSE,0.0
KBW,25 - 29,44.98,44.98,30.0,0.0,VF,0.0
NRW,55 - 59,24.99,24.99,30.0,0.0,RED,1.0
NRW,25 - 29,54.98,54.98,30.0,0.0,RED,0.0
NRW,75 - 79,39.98,39.98,30.0,0.0,VF,1.0
HSN,25 - 29,34.99,34.99,30.0,0.0,RED,1.0
KBW,35 - 39,34.99,34.99,30.0,0.0,RED,1.0
KBW,60 - 64,44.98,44.98,30.0,0.0,RED,1.0
HSN,55 - 59,42.98,42.98,30.0,0.0,VF,1.0
NRW,50 - 54,34.99,34.99,30.0,0.0,RED,1.0
KBW,45 - 49,44.97,44.97,30.0,0.0,VF,1.0
NRW,75 - 79,39.98,39.98,30.0,0.0,RED,0.0
NRW,75 - 79,42.97,42.98,30.0,0.0,VF,0.0
NRW,under 18,34.99,34.99,30.0,0.0,RED,1.0
NRW,55 - 59,42.98,37.98,30.0,0.0,GIGAZUHAUSE,1.0
NRW,65 - 69,55.98,34.99,30.0,0.0,RED,1.0
KBW,35 - 39,42.97,42.97,30.0,0.0,VF,1.0
NRW,55 - 59,29.99,29.99,30.0,0.0,RED,1.0
KBW,45 - 49,27.99,27.99,30.0,0.0,GIGAZUHAUSE,0.0
HSN,75 - 79,44.98,44.98,30.0,0.0,VF,0.0
NRW,25 - 29,34.98,34.98,30.0,0.0,RED,0.0
NRW,50 - 54,37.99,37.99,30.0,0.0,VF,0.0
HSN,65 - 69,59.97,59.99,30.0,0.0,GIGAZUHAUSE,1.0
NRW,55 - 59,34.99,34.99,30.0,0.0,VF,0.0
NRW,50 - 54,44.98,44.98,30.0,0.0,VF,1.0
KBW,under 18,42.97,42.97,30.0,0.0,VF,1.0
KBW,40 - 44,58.98,58.98,30.0,0.0,RED,0.0
HSN,45 - 49,50.98,29.99,30.0,0.0,VF,0.0
NRW,45 - 49,29.99,29.99,30.0,0.0,VF,0.0
NRW,18 - 24,44.98,44.98,30.0,0.0,VF,1.0
KBW,65 - 69,44.98,44.98,30.0,0.0,VF,1.0
HSN,under 18,39.99,39.99,30.0,0.0,RED,1.0
NRW,60 - 64,39.98,39.98,30.0,0.0,RED,0.0
NRW,55 - 59,34.99,34.99,30.0,0.0,RED,1.0
KBW,25 - 29,44.98,44.98,30.0,1.0,GIGAZUHAUSE,0.0
KBW,75 - 79,44.98,44.98,30.0,0.0,VF,1.0
KBW,40 - 44,39.99,39.99,30.0,0.0,RED,1.0
HSN,40 - 44,48.97,48.97,30.0,0.0,VF,1.0
KBW,55 - 59,39.98,39.98,30.0,0.0,RED,0.0
KBW,50 - 54,24.99,24.99,30.0,0.0,VF,1.0
KBW,50 - 54,38.98,38.98,30.0,0.0,RED,1.0
NRW,55 - 59,39.98,39.98,30.0,0.0,VF,1.0
NRW,25 - 29,34.99,34.99,30.0,0.0,RED,0.0
HSN,25 - 29,49.99,49.99,30.0,0.0,RED,0.0
KBW,45 - 49,44.98,44.98,30.0,0.0,VF,1.0
HSN,under 18,39.98,39.99,30.0,0.0,VF,1.0
NRW,80 and over,39.99,39.99,30.0,0.0,RED,0.0
KBW,50 - 54,42.95,42.97,30.0,0.0,RED,1.0
NRW,40 - 44,39.99,39.99,30.0,0.0,VF,1.0
HSN,under 18,42.98,42.98,30.0,0.0,RED,1.0
NRW,45 - 49,34.98,34.99,30.0,0.0,RED,1.0
NRW,75 - 79,29.99,29.99,30.0,0.0,INTERNET,0.0
NRW,80 and over,29.99,29.99,30.0,0.0,VF,0.0
NRW,under 18,44.98,44.98,30.0,0.0,VF,0.0
KBW,60 - 64,49.97,49.97,30.0,0.0,GIGAZUHAUSE,1.0
HSN,55 - 59,39.98,39.98,30.0,0.0,GIGAZUHAUSE,1.0
NRW,under 18,44.98,44.98,30.0,0.0,VF,1.0
NRW,75 - 79,48.97,48.97,30.0,0.0,GIGAZUHAUSE,0.0
HSN,under 18,44.98,44.98,30.0,0.0,VF,0.0
NRW,75 - 79,44.98,44.98,30.0,0.0,RED,1.0
KBW,40 - 44,39.99,39.99,30.0,0.0,RED,0.0
NRW,25 - 29,39.99,39.99,30.0,0.0,RED,0.0
KBW,25 - 29,44.98,44.98,30.0,0.0,VF,0.0
HSN,55 - 59,49.99,49.99,30.0,0.0,RED,0.0
KBW,55 - 59,34.99,34.99,30.0,0.0,RED,1.0
KBW,50 - 54,34.99,34.99,30.0,0.0,RED,1.0
HSN,30 - 34,34.99,34.99,30.0,0.0,RED,1.0
HSN,75 - 79,37.98,37.98,698.0,0.0,GIGAZUHAUSE,0.0
KBW,45 - 49,44.98,44.98,30.0,0.0,VF,1.0
KBW,under 18,49.97,49.97,30.0,0.0,VF,0.0
KBW,75 - 79,39.99,39.99,30.0,0.0,RED,0.0
NRW,40 - 44,32.99,32.98,30.0,0.0,VF,1.0
NRW,under 18,44.98,44.98,30.0,0.0,VF,1.0
NRW,65 - 69,39.98,39.98,112.0,0.0,GIGAZUHAUSE,0.0
KBW,45 - 49,39.99,39.99,30.0,0.0,RED,1.0
NRW,55 - 59,34.99,34.99,30.0,0.0,RED,0.0
NRW,80 and over,48.97,48.97,136.0,0.0,GIGAZUHAUSE,0.0
NRW,55 - 59,39.99,39.99,30.0,0.0,RED,1.0
NRW,45 - 49,32.95,32.97,30.0,0.0,VF,0.0
HSN,25 - 29,44.98,44.98,30.0,0.0,VF,1.0
KBW,under 18,44.98,44.98,30.0,0.0,VF,1.0
NRW,75 - 79,39.98,39.98,91.0,0.0,GIGAZUHAUSE,1.0
KBW,under 18,44.98,44.98,30.0,0.0,RED,0.0
NRW,25 - 29,34.99,34.99,30.0,0.0,RED,0.0
KBW,50 - 54,42.99,42.99,30.0,0.0,VF,0.0
HSN,45 - 49,39.98,39.98,30.0,0.0,VF,1.0
NRW,45 - 49,34.99,34.99,30.0,0.0,RED,1.0
KBW,30 - 34,39.99,39.99,30.0,0.0,RED,1.0
NRW,75 - 79,42.97,42.97,30.0,0.0,RED,1.0
KBW,75 - 79,44.98,44.98,30.0,0.0,VF,1.0
KBW,75 - 79,34.99,34.99,30.0,0.0,RED,1.0
HSN,55 - 59,34.99,34.99,30.0,0.0,VF,1.0
HSN,25 - 29,39.99,39.99,30.0,0.0,RED,0.0
NRW,45 - 49,25.98,42.98,665.0,0.0,GIGAZUHAUSE,1.0
KBW,50 - 54,48.97,48.97,30.0,0.0,RED,0.0
NRW,55 - 59,29.99,29.99,30.0,0.0,VF,1.0
NRW,65 - 69,39.99,39.99,30.0,0.0,VF,0.0
KBW,65 - 69,57.96,49.97,30.0,0.0,VF,0.0
KBW,under 18,39.99,39.99,30.0,0.0,VF,0.0
NRW,35 - 39,29.99,29.99,30.0,0.0,VF,1.0
NRW,55 - 59,34.99,34.99,30.0,0.0,RED,1.0
KBW,55 - 59,44.98,44.98,30.0,0.0,RED,0.0
KBW,50 - 54,29.99,29.99,30.0,0.0,VF,0.0
KBW,50 - 54,34.99,34.99,30.0,0.0,VF,1.0
NRW,25 - 29,44.98,44.98,74.0,0.0,VF,1.0
NRW,55 - 59,44.98,44.98,30.0,0.0,VF,0.0
NRW,45 - 49,49.99,49.99,30.0,0.0,VF,1.0
KBW,35 - 39,47.96,47.96,30.0,0.0,VF,1.0
NRW,80 and over,39.99,39.99,30.0,0.0,RED,0.0
NRW,30 - 34,44.98,44.98,30.0,0.0,RED,1.0
NRW,75 - 79,39.99,39.99,30.0,0.0,RED,1.0
KBW,under 18,44.98,44.98,30.0,0.0,RED,1.0
NRW,60 - 64,44.98,44.98,30.0,0.0,VF,1.0
KBW,under 18,0.0,0.0,30.0,0.0,2PLAY,0.0
KBW,65 - 69,34.99,34.99,30.0,0.0,RED,1.0
KBW,25 - 29,44.98,44.98,30.0,0.0,RED,1.0
NRW,60 - 64,29.98,29.99,30.0,0.0,VF,0.0
NRW,45 - 49,32.99,32.99,30.0,0.0,VF,1.0
HSN,65 - 69,44.98,44.98,30.0,0.0,VF,0.0
HSN,40 - 44,42.97,42.98,30.0,0.0,VF,0.0
HSN,40 - 44,54.99,54.99,30.0,0.0,RED,0.0
NRW,55 - 59,58.98,58.98,30.0,0.0,RED,0.0
NRW,65 - 69,34.99,34.99,30.0,0.0,RED,1.0
HSN,75 - 79,54.99,54.99,30.0,0.0,RED,1.0
NRW,45 - 49,44.98,44.98,30.0,0.0,RED,1.0
NRW,55 - 59,34.99,34.99,30.0,0.0,RED,1.0
KBW,25 - 29,24.99,24.99,30.0,0.0,RED,1.0
HSN,55 - 59,39.98,39.98,30.0,0.0,RED,1.0
NRW,75 - 79,34.99,34.99,30.0,0.0,RED,1.0
NRW,65 - 69,29.99,29.99,30.0,0.0,VF,0.0
KBW,under 18,39.98,39.98,30.0,0.0,RED,1.0
KBW,25 - 29,44.98,44.98,669.0,0.0,GIGAZUHAUSE,0.0
KBW,55 - 59,44.98,44.98,30.0,0.0,RED,1.0
NRW,75 - 79,39.99,39.98,30.0,0.0,VF,0.0
KBW,55 - 59,39.99,39.99,30.0,0.0,RED,0.0
KBW,55 - 59,49.98,49.98,30.0,0.0,RED,1.0
KBW,75 - 79,39.99,39.99,30.0,0.0,RED,1.0
KBW,65 - 69,29.99,29.99,30.0,0.0,INTERNET,1.0
NRW,50 - 54,44.98,44.98,30.0,0.0,VF,0.0
HSN,50 - 54,34.99,34.99,30.0,0.0,RED,1.0
KBW,55 - 59,44.97,44.97,30.0,0.0,RED,0.0
NRW,75 - 79,43.98,43.97,30.0,0.0,RED,1.0
NRW,55 - 59,44.98,44.98,30.0,0.0,RED,0.0
NRW,75 - 79,49.97,49.97,30.0,0.0,2PLAY,0.0
NRW,55 - 59,64.97,44.98,30.0,0.0,VF,0.0
NRW,75 - 79,44.98,44.98,30.0,0.0,GIGAZUHAUSE,0.0
NRW,35 - 39,37.98,37.98,677.0,2.0,GIGAZUHAUSE,1.0
KBW,under 18,34.99,34.99,30.0,0.0,VF,0.0
NRW,45 - 49,50.98,34.99,30.0,0.0,VF,0.0
HSN,25 - 29,34.99,34.99,30.0,0.0,RED,0.0
HSN,50 - 54,29.99,29.99,30.0,0.0,VF,1.0
NRW,50 - 54,34.99,34.99,30.0,0.0,VF,0.0
KBW,under 18,34.99,34.99,30.0,0.0,RED,0.0
NRW,45 - 49,42.97,42.99,30.0,0.0,VF,0.0
NRW,25 - 29,37.98,37.98,30.0,0.0,VF,1.0
NRW,65 - 69,42.98,42.98,30.0,0.0,GIGAZUHAUSE,1.0
HSN,40 - 44,34.99,34.99,30.0,0.0,RED,1.0
HSN,under 18,42.98,42.98,30.0,0.0,VF,0.0
NRW,75 - 79,39.99,39.99,30.0,0.0,RED,1.0
NRW,50 - 54,34.99,34.99,30.0,0.0,GIGAZUHAUSE,0.0
HSN,55 - 59,39.99,39.99,30.0,0.0,INTERNET,1.0
HSN,65 - 69,49.98,49.98,30.0,0.0,RED,1.0
KBW,25 - 29,42.98,42.98,30.0,0.0,VF,1.0
HSN,25 - 29,39.99,39.99,30.0,0.0,RED,1.0
NRW,45 - 49,39.99,39.99,30.0,0.0,GIGAZUHAUSE,1.0
NRW,65 - 69,34.99,34.99,30.0,0.0,RED,0.0
KBW,40 - 44,48.42,67.88,30.0,0.0,3PLAY,0.0
NRW,45 - 49,39.99,39.99,30.0,0.0,RED,1.0
NRW,25 - 29,44.98,44.98,30.0,0.0,VF,0.0
NRW,25 - 29,39.98,39.98,595.0,0.0,GIGAZUHAUSE,1.0
HSN,50 - 54,69.96,44.98,30.0,0.0,VF,0.0
NRW,65 - 69,64.96,39.98,30.0,0.0,RED,1.0
NRW,60 - 64,44.98,44.98,30.0,0.0,VF,1.0
KBW,30 - 34,62.98,37.99,30.0,0.0,VF,1.0
KBW,25 - 29,34.99,34.99,30.0,0.0,RED,1.0
KBW,45 - 49,42.97,42.97,5.0,0.0,GIGAZUHAUSE,1.0
KBW,40 - 44,41.94,47.96,30.0,0.0,2PLAY,1.0
NRW,55 - 59,39.99,39.99,30.0,0.0,RED,0.0
NRW,50 - 54,39.98,39.98,30.0,0.0,VF,0.0
NRW,75 - 79,39.98,39.98,30.0,1.0,VF,0.0
NRW,30 - 34,39.99,39.99,30.0,0.0,VF,1.0
NRW,80 and over,38.98,38.98,30.0,0.0,RED,1.0
NRW,50 - 54,44.98,44.98,30.0,0.0,RED,0.0
NRW,75 - 79,44.98,44.98,30.0,0.0,GIGAZUHAUSE,0.0
NRW,50 - 54,39.99,39.99,30.0,0.0,VF,0.0
HSN,65 - 69,72.96,52.98,388.0,0.0,GIGAZUHAUSE,0.0
NRW,under 18,44.98,44.98,30.0,0.0,VF,0.0
NRW,25 - 29,44.98,44.98,30.0,0.0,VF,1.0
NRW,55 - 59,44.98,44.98,30.0,0.0,VF,1.0
KBW,75 - 79,39.99,39.99,30.0,0.0,RED,0.0
NRW,55 - 59,53.98,53.98,30.0,0.0,VF,0.0
KBW,25 - 29,44.98,44.98,30.0,0.0,VF,0.0
NRW,18 - 24,54.99,54.99,30.0,0.0,RED,0.0
NRW,55 - 59,34.99,24.99,30.0,0.0,INTERNET,0.0
KBW,60 - 64,55.96,29.99,30.0,0.0,VF,0.0
NRW,40 - 44,44.98,44.98,30.0,0.0,GIGAZUHAUSE,1.0
NRW,80 and over,63.93,43.96,30.0,0.0,RED,0.0
KBW,60 - 64,42.98,42.98,30.0,0.0,VF,1.0
NRW,under 18,29.99,29.99,30.0,0.0,3PLAY,1.0
KBW,25 - 29,34.99,34.99,30.0,0.0,RED,0.0
NRW,55 - 59,34.99,34.99,30.0,0.0,VF,1.0
NRW,40 - 44,44.98,44.98,169.0,0.0,VF,0.0
NRW,25 - 29,44.98,44.98,30.0,0.0,VF,1.0
HSN,40 - 44,39.99,39.99,30.0,0.0,RED,1.0
KBW,75 - 79,34.99,34.99,30.0,0.0,RED,1.0
NRW,40 - 44,29.98,29.98,30.0,0.0,VF,1.0
NRW,18 - 24,47.98,37.98,696.0,0.0,GIGAZUHAUSE,0.0
NRW,50 - 54,30.96,149.96,30.0,0.0,RED,1.0
KBW,45 - 49,59.98,29.99,30.0,0.0,VF,0.0
HSN,45 - 49,29.99,29.99,30.0,0.0,VF,1.0
NRW,75 - 79,39.98,39.98,30.0,1.0,GIGAZUHAUSE,1.0
NRW,45 - 49,44.97,44.97,151.0,0.0,GIGAZUHAUSE,1.0
KBW,under 18,39.99,39.99,30.0,0.0,RED,0.0
NRW,30 - 34,37.99,37.99,30.0,0.0,VF,0.0
NRW,40 - 44,39.99,39.99,30.0,0.0,VF,1.0
NRW,80 and over,60.99,39.99,30.0,0.0,RED,1.0
NRW,55 - 59,54.99,54.99,30.0,0.0,RED,0.0
NRW,35 - 39,30.95,30.95,30.0,0.0,RED,1.0
NRW,75 - 79,44.98,44.98,30.0,0.0,VF,1.0
NRW,45 - 49,29.99,29.99,30.0,0.0,VF,1.0
KBW,25 - 29,59.98,59.98,30.0,0.0,RED,1.0
NRW,55 - 59,39.98,39.98,30.0,0.0,VF,1.0
NRW,75 - 79,37.98,37.98,30.0,0.0,RED,1.0
HSN,55 - 59,39.99,39.99,30.0,0.0,RED,0.0
KBW,50 - 54,24.99,24.99,30.0,0.0,VF,0.0
NRW,under 18,39.99,39.99,30.0,0.0,VF,1.0
KBW,under 18,49.99,49.97,30.0,0.0,RED,0.0
HSN,55 - 59,44.98,44.98,30.0,0.0,RED,1.0
NRW,75 - 79,39.99,39.99,30.0,0.0,RED,1.0
NRW,under 18,34.99,34.99,30.0,0.0,RED,1.0
NRW,60 - 64,44.98,44.98,30.0,0.0,VF,1.0
NRW,75 - 79,39.98,39.98,30.0,0.0,VF,1.0
NRW,40 - 44,57.98,32.99,30.0,0.0,VF,1.0
NRW,under 18,44.98,44.98,30.0,0.0,RED,0.0
NRW,45 - 49,44.98,44.98,30.0,0.0,VF,0.0
KBW,55 - 59,34.99,34.99,30.0,0.0,VF,0.0
NRW,30 - 34,44.98,44.98,30.0,0.0,VF,1.0
KBW,80 and over,37.99,37.99,30.0,0.0,VF,1.0
NRW,45 - 49,44.98,44.98,30.0,0.0,RED,1.0
KBW,18 - 24,49.97,49.97,30.0,0.0,VF,0.0
KBW,under 18,44.98,44.98,30.0,0.0,RED,0.0
HSN,25 - 29,34.99,34.99,30.0,0.0,RED,1.0
KBW,25 - 29,74.96,49.97,137.0,0.0,GIGAZUHAUSE,0.0
KBW,50 - 54,49.97,49.97,30.0,0.0,VF,0.0
NRW,50 - 54,38.93,33.84,30.0,0.0,2PLAY,1.0
NRW,25 - 29,34.99,34.99,30.0,0.0,RED,0.0
NRW,80 and over,39.99,39.99,30.0,0.0,RED,1.0
NRW,55 - 59,39.99,39.99,30.0,0.0,RED,0.0
NRW,60 - 64,37.97,37.97,30.0,0.0,VF,0.0
NRW,45 - 49,34.99,34.99,30.0,0.0,2PLAY,0.0
NRW,45 - 49,49.97,49.97,30.0,0.0,VF,0.0
HSN,under 18,24.99,29.99,30.0,0.0,VF,1.0
KBW,25 - 29,39.99,39.99,30.0,0.0,RED,0.0
KBW,50 - 54,37.99,32.99,30.0,0.0,VF,1.0
NRW,55 - 59,42.99,42.99,30.0,0.0,VF,0.0
KBW,45 - 49,39.99,39.99,30.0,0.0,VF,0.0
HSN,50 - 54,44.98,44.98,30.0,0.0,VF,0.0
NRW,75 - 79,34.99,34.99,30.0,0.0,VF,1.0
HSN,under 18,9.98,56.95,30.0,0.0,GIGAZUHAUSE,0.0
HSN,75 - 79,24.99,24.99,30.0,0.0,INTERNET,1.0
NRW,40 - 44,44.98,44.98,30.0,0.0,VF,0.0
NRW,55 - 59,54.98,54.98,30.0,0.0,RED,0.0
NRW,75 - 79,34.99,34.99,30.0,0.0,RED,1.0
HSN,75 - 79,42.97,42.97,30.0,0.0,GIGAZUHAUSE,0.0
KBW,50 - 54,37.99,37.99,30.0,0.0,VF,0.0
HSN,50 - 54,55.95,34.99,30.0,0.0,RED,0.0
HSN,45 - 49,47.96,47.97,30.0,0.0,VF,0.0
KBW,40 - 44,44.98,44.98,30.0,0.0,RED,0.0
KBW,65 - 69,27.99,27.99,653.0,0.0,GIGAZUHAUSE,1.0
NRW,under 18,42.98,42.98,30.0,0.0,VF,0.0
HSN,75 - 79,37.98,37.98,30.0,0.0,GIGAZUHAUSE,1.0
KBW,50 - 54,39.99,39.99,30.0,0.0,RED,0.0
NRW,18 - 24,54.99,54.99,30.0,0.0,RED,0.0
HSN,65 - 69,44.98,44.98,30.0,0.0,VF,1.0
HSN,25 - 29,44.98,44.98,30.0,0.0,VF,0.0
KBW,60 - 64,42.97,42.97,30.0,0.0,VF,1.0
KBW,25 - 29,44.98,44.98,30.0,0.0,VF,0.0
KBW,50 - 54,79.95,44.98,30.0,0.0,VF,1.0
NRW,75 - 79,19.99,19.99,30.0,0.0,EAZY,0.0
NRW,45 - 49,64.97,39.98,30.0,0.0,RED,0.0
NRW,50 - 54,24.99,24.99,30.0,0.0,VF,0.0
NRW,25 - 29,34.99,34.99,30.0,0.0,RED,1.0
NRW,55 - 59,44.98,34.99,30.0,0.0,VF,0.0
KBW,25 - 29,37.98,37.98,30.0,0.0,VF,0.0
HSN,25 - 29,43.97,43.97,30.0,0.0,VF,0.0
NRW,60 - 64,47.97,47.96,30.0,0.0,VF,1.0
KBW,under 18,39.99,39.99,30.0,0.0,RED,1.0
KBW,25 - 29,34.99,34.99,30.0,0.0,GIGAZUHAUSE,1.0
KBW,75 - 79,44.98,44.98,30.0,0.0,VF,1.0
KBW,80 and over,39.99,39.99,30.0,0.0,VF,0.0
NRW,30 - 34,59.99,59.99,30.0,0.0,GIGAZUHAUSE,1.0
NRW,30 - 34,47.96,37.96,30.0,0.0,VF,0.0
NRW,65 - 69,39.99,39.99,30.0,0.0,RED,1.0
NRW,40 - 44,29.99,29.99,30.0,0.0,RED,0.0
NRW,45 - 49,37.98,52.98,30.0,0.0,VF,1.0
KBW,65 - 69,63.98,39.98,30.0,0.0,GIGAZUHAUSE,1.0
HSN,80 and over,34.99,34.99,30.0,0.0,RED,0.0
NRW,80 and over,44.99,44.99,30.0,0.0,RED,1.0
KBW,75 - 79,39.98,39.98,30.0,0.0,GIGAZUHAUSE,0.0
KBW,65 - 69,29.99,29.99,30.0,0.0,GIGAZUHAUSE,1.0
KBW,75 - 79,54.99,54.99,30.0,0.0,RED,0.0
NRW,25 - 29,49.99,49.99,30.0,0.0,RED,1.0
KBW,40 - 44,47.99,47.99,30.0,0.0,VF,1.0
KBW,18 - 24,29.99,29.99,30.0,0.0,RED,0.0
KBW,75 - 79,39.99,39.99,30.0,0.0,RED,1.0
NRW,40 - 44,32.99,32.99,30.0,0.0,VF,1.0
KBW,65 - 69,44.98,44.98,30.0,0.0,RED,1.0
KBW,under 18,44.98,44.98,30.0,0.0,VF,1.0
NRW,55 - 59,29.99,29.99,30.0,1.0,VF,0.0
KBW,55 - 59,48.97,44.97,30.0,0.0,VF,1.0
NRW,65 - 69,39.98,39.98,30.0,0.0,GIGAZUHAUSE,0.0
KBW,under 18,39.98,39.98,30.0,0.0,VF,0.0
NRW,55 - 59,44.98,44.98,30.0,0.0,VF,0.0
HSN,75 - 79,34.99,34.99,30.0,0.0,RED,1.0
KBW,65 - 69,49.99,49.99,30.0,0.0,GIGAZUHAUSE,1.0
KBW,35 - 39,39.98,39.98,30.0,0.0,GIGAZUHAUSE,1.0
NRW,under 18,52.97,42.97,256.0,0.0,GIGAZUHAUSE,0.0
HSN,18 - 24,44.98,44.98,30.0,0.0,HSI,1.0
NRW,30 - 34,52.98,39.98,30.0,0.0,GIGAZUHAUSE,1.0
NRW,under 18,34.99,34.99,30.0,0.0,RED,1.0
NRW,40 - 44,49.97,49.97,30.0,0.0,RED,0.0
HSN,60 - 64,44.98,44.98,30.0,0.0,RED,0.0
NRW,50 - 54,42.97,42.97,30.0,0.0,VF,0.0
KBW,under 18,37.9,37.78,30.0,0.0,2PLAY,0.0
NRW,50 - 54,44.98,44.98,30.0,0.0,VF,0.0
NRW,45 - 49,59.99,27.99,30.0,0.0,GIGAZUHAUSE,1.0
NRW,under 18,29.99,29.99,30.0,0.0,VF,1.0
KBW,75 - 79,34.99,34.99,30.0,0.0,RED,0.0
NRW,18 - 24,29.99,29.99,30.0,0.0,VF,1.0
NRW,65 - 69,54.97,54.99,30.0,0.0,RED,1.0
NRW,60 - 64,44.98,44.98,30.0,0.0,RED,1.0
KBW,65 - 69,48.97,48.97,30.0,0.0,VF,1.0
KBW,55 - 59,44.98,44.98,30.0,0.0,VF,1.0
NRW,60 - 64,44.98,44.98,30.0,0.0,RED,1.0
KBW,45 - 49,39.99,39.99,30.0,0.0,RED,0.0
NRW,60 - 64,39.99,39.99,30.0,0.0,VF,0.0
NRW,60 - 64,34.99,34.99,30.0,0.0,RED,1.0
NRW,45 - 49,44.98,44.98,30.0,0.0,VF,0.0
KBW,25 - 29,34.99,34.99,30.0,0.0,RED,1.0
NRW,75 - 79,44.98,44.98,30.0,0.0,VF,1.0
KBW,under 18,42.98,42.98,30.0,0.0,VF,1.0
NRW,40 - 44,65.97,55.78,30.0,0.0,GIGAZUHAUSE,0.0
KBW,65 - 69,37.98,37.98,30.0,0.0,VF,0.0
KBW,under 18,29.99,29.99,30.0,0.0,INTERNET,1.0
HSN,40 - 44,42.97,42.97,30.0,0.0,VF,0.0
HSN,under 18,34.99,34.99,30.0,0.0,RED,0.0
NRW,under 18,29.99,29.99,30.0,0.0,GIGAZUHAUSE,1.0
NRW,25 - 29,44.98,44.98,30.0,0.0,VF,1.0
KBW,50 - 54,34.99,34.99,30.0,0.0,RED,1.0
NRW,60 - 64,64.98,44.98,30.0,0.0,RED,0.0
HSN,65 - 69,22.99,37.99,30.0,0.0,EAZY,1.0
NRW,60 - 64,24.99,24.99,309.0,0.0,GIGAZUHAUSE,1.0
NRW,50 - 54,43.98,43.98,30.0,0.0,2PLAY,0.0
NRW,25 - 29,44.98,44.98,30.0,0.0,VF,1.0
NRW,45 - 49,29.99,29.99,30.0,0.0,RED,0.0
HSN,40 - 44,49.97,49.97,30.0,0.0,VF,1.0
HSN,60 - 64,44.98,44.98,30.0,0.0,VF,1.0
HSN,25 - 29,34.99,34.99,30.0,0.0,RED,0.0
KBW,65 - 69,44.98,44.98,30.0,0.0,VF,1.0
KBW,60 - 64,34.99,34.99,30.0,0.0,RED,0.0
NRW,50 - 54,34.98,34.99,30.0,0.0,RED,0.0
NRW,75 - 79,34.99,34.99,30.0,0.0,RED,0.0
KBW,75 - 79,44.98,44.98,30.0,0.0,VF,0.0
KBW,55 - 59,32.99,32.99,388.0,0.0,GIGAZUHAUSE,0.0
NRW,25 - 29,39.98,39.98,30.0,0.0,RED,0.0
KBW,55 - 59,44.99,44.99,30.0,0.0,RED,0.0
KBW,75 - 79,39.99,39.99,30.0,0.0,VF,1.0
KBW,55 - 59,49.99,49.99,30.0,0.0,RED,1.0
NRW,65 - 69,34.99,34.99,30.0,0.0,RED,1.0
NRW,25 - 29,34.99,34.99,30.0,0.0,RED,0.0
KBW,under 18,39.99,39.99,30.0,0.0,RED,0.0
KBW,45 - 49,39.99,39.99,30.0,0.0,RED,1.0
NRW,25 - 29,44.98,44.98,30.0,0.0,RED,0.0
HSN,50 - 54,39.98,39.98,113.0,0.0,GIGAZUHAUSE,0.0
KBW,50 - 54,37.99,37.99,30.0,0.0,VF,0.0
HSN,under 18,39.98,39.98,30.0,0.0,RED,1.0
NRW,65 - 69,34.98,34.98,30.0,0.0,RED,0.0
KBW,75 - 79,29.99,29.99,30.0,0.0,VF,0.0
NRW,60 - 64,44.98,44.98,30.0,0.0,GIGAZUHAUSE,1.0
HSN,under 18,44.98,44.98,30.0,0.0,RED,0.0
KBW,60 - 64,44.98,44.98,30.0,0.0,VF,0.0
KBW,50 - 54,37.99,37.99,30.0,0.0,VF,0.0
HSN,75 - 79,64.98,49.98,599.0,0.0,GIGAZUHAUSE,1.0
NRW,45 - 49,43.97,43.97,30.0,0.0,RED,1.0
NRW,45 - 49,49.97,49.97,30.0,0.0,RED,1.0
NRW,25 - 29,74.95,44.98,30.0,0.0,VF,0.0
NRW,75 - 79,44.98,44.98,30.0,0.0,RED,0.0
NRW,under 18,44.98,44.98,30.0,0.0,VF,1.0
NRW,under 18,42.98,42.98,30.0,0.0,GIGAZUHAUSE,1.0
HSN,under 18,39.98,39.98,30.0,0.0,RED,0.0
HSN,30 - 34,47.99,47.99,30.0,0.0,VF,1.0
HSN,55 - 59,39.99,39.99,30.0,0.0,RED,0.0
NRW,40 - 44,37.99,37.99,30.0,0.0,VF,1.0
NRW,25 - 29,34.99,34.99,30.0,0.0,RED,0.0
NRW,45 - 49,44.97,44.97,30.0,0.0,VF,1.0
HSN,under 18,47.99,41.98,30.0,0.0,VF,0.0
KBW,50 - 54,58.98,58.98,30.0,0.0,VF,0.0
NRW,55 - 59,58.98,58.97,30.0,0.0,RED,1.0
KBW,65 - 69,32.99,32.99,30.0,0.0,VF,0.0
KBW,60 - 64,37.99,37.99,30.0,0.0,RED,0.0
KBW,55 - 59,43.98,33.98,30.0,2.0,RED,1.0
NRW,45 - 49,37.98,37.98,30.0,0.0,VF,0.0
NRW,55 - 59,44.99,44.99,30.0,0.0,RED,0.0
NRW,75 - 79,47.98,47.98,30.0,0.0,VF,1.0
KBW,50 - 54,32.99,32.99,30.0,0.0,VF,0.0
KBW,50 - 54,59.97,59.99,30.0,0.0,GIGAZUHAUSE,0.0
KBW,under 18,54.99,54.99,30.0,0.0,RED,0.0
NRW,25 - 29,34.99,34.99,30.0,0.0,RED,1.0
KBW,30 - 34,47.98,42.98,30.0,0.0,VF,1.0
NRW,25 - 29,79.99,29.99,30.0,0.0,RED,1.0
NRW,25 - 29,44.98,44.98,30.0,3.0,VF,0.0
NRW,75 - 79,64.97,49.97,30.0,0.0,VF,1.0
NRW,75 - 79,44.98,44.98,30.0,0.0,VF,1.0
KBW,45 - 49,39.99,39.99,30.0,0.0,VF,0.0
HSN,75 - 79,44.98,44.98,4.0,0.0,RED,0.0
HSN,65 - 69,59.99,39.99,30.0,0.0,RED,1.0
HSN,55 - 59,49.99,49.99,30.0,0.0,RED,1.0
NRW,65 - 69,29.99,29.99,30.0,0.0,RED,0.0
HSN,30 - 34,39.99,39.99,30.0,0.0,VF,0.0
KBW,60 - 64,44.98,44.98,30.0,0.0,GIGAZUHAUSE,0.0
KBW,30 - 34,47.98,52.98,30.0,0.0,GIGAZUHAUSE,0.0
KBW,75 - 79,39.99,39.99,30.0,0.0,GIGAZUHAUSE,1.0
NRW,40 - 44,47.99,47.99,30.0,0.0,VF,0.0
NRW,75 - 79,42.97,42.97,30.0,0.0,GIGAZUHAUSE,1.0
KBW,75 - 79,44.98,44.98,30.0,0.0,GIGAZUHAUSE,1.0
NRW,60 - 64,52.97,44.99,30.0,0.0,VF,0.0
KBW,55 - 59,44.98,44.98,30.0,0.0,RED,0.0
NRW,45 - 49,29.99,29.99,30.0,0.0,VF,1.0
NRW,75 - 79,44.98,44.98,30.0,0.0,VF,1.0
NRW,60 - 64,39.98,39.98,123.0,0.0,GIGAZUHAUSE,1.0
KBW,45 - 49,43.94,43.97,30.0,0.0,VF,1.0
NRW,40 - 44,39.99,39.99,30.0,0.0,RED,0.0
HSN,35 - 39,68.95,43.97,30.0,0.0,GIGAZUHAUSE,0.0
HSN,75 - 79,39.98,39.98,30.0,0.0,RED,1.0
NRW,60 - 64,44.98,44.98,30.0,0.0,VF,1.0
KBW,30 - 34,32.99,32.99,30.0,1.0,VF,0.0
KBW,50 - 54,44.97,44.98,30.0,0.0,VF,1.0
KBW,50 - 54,49.99,39.99,30.0,0.0,VF,0.0
NRW,35 - 39,63.98,42.98,30.0,0.0,VF,0.0
NRW,65 - 69,34.99,34.99,30.0,0.0,RED,1.0
NRW,under 18,49.97,49.97,30.0,0.0,VF,1.0
HSN,60 - 64,37.99,37.99,30.0,0.0,VF,1.0
NRW,60 - 64,47.99,47.99,30.0,0.0,VF,1.0
KBW,45 - 49,34.99,34.99,30.0,0.0,RED,1.0
KBW,30 - 34,49.99,49.99,30.0,0.0,VF,0.0
KBW,25 - 29,44.98,44.98,30.0,0.0,RED,1.0
KBW,80 and over,34.99,34.99,30.0,0.0,RED,1.0
KBW,40 - 44,59.98,29.99,30.0,0.0,VF,0.0
NRW,50 - 54,44.97,44.98,30.0,0.0,VF,0.0
KBW,under 18,44.98,44.98,30.0,0.0,RED,0.0
KBW,65 - 69,44.98,44.98,30.0,0.0,VF,1.0
NRW,35 - 39,70.99,49.99,30.0,0.0,GIGAZUHAUSE,1.0
HSN,55 - 59,47.97,47.99,53.0,0.0,VF,1.0
NRW,65 - 69,29.99,29.99,30.0,0.0,VF,0.0
KBW,80 and over,32.99,32.99,30.0,0.0,VF,0.0
NRW,under 18,54.97,54.97,30.0,0.0,RED,1.0
NRW,25 - 29,74.97,54.99,30.0,0.0,RED,1.0
KBW,40 - 44,52.98,29.99,30.0,0.0,VF,1.0
NRW,25 - 29,49.99,49.99,574.0,0.0,GIGAZUHAUSE,1.0
NRW,40 - 44,34.99,34.99,30.0,0.0,RED,1.0
NRW,55 - 59,54.98,44.98,30.0,0.0,VF,1.0
NRW,50 - 54,44.98,44.98,30.0,0.0,RED,0.0
NRW,under 18,37.99,37.99,30.0,0.0,VF,0.0
KBW,75 - 79,44.98,44.98,30.0,0.0,RED,1.0
KBW,60 - 64,54.96,54.96,30.0,0.0,VF,1.0
KBW,30 - 34,32.99,32.99,30.0,0.0,VF,1.0
NRW,45 - 49,44.98,44.98,30.0,0.0,RED,1.0
KBW,50 - 54,39.99,39.99,30.0,0.0,VF,0.0
KBW,under 18,32.99,32.99,30.0,0.0,VF,0.0
NRW,50 - 54,39.99,39.99,30.0,0.0,RED,0.0
KBW,55 - 59,59.98,59.98,30.0,0.0,GIGAZUHAUSE,1.0
NRW,80 and over,39.98,39.98,30.0,0.0,VF,1.0
NRW,60 - 64,74.96,34.99,30.0,0.0,RED,0.0
HSN,75 - 79,39.99,39.99,30.0,1.0,RED,0.0
NRW,60 - 64,39.99,39.99,30.0,0.0,RED,0.0
NRW,65 - 69,44.99,44.99,30.0,0.0,RED,0.0
KBW,55 - 59,39.99,39.99,30.0,0.0,RED,1.0
KBW,40 - 44,29.99,29.99,30.0,0.0,VF,0.0
KBW,under 18,49.97,49.97,30.0,0.0,RED,1.0
KBW,30 - 34,56.96,44.98,30.0,0.0,3PLAY,1.0
NRW,55 - 59,44.98,44.98,334.0,0.0,GIGAZUHAUSE,0.0
HSN,60 - 64,44.98,44.98,30.0,0.0,VF,0.0
NRW,65 - 69,49.97,49.97,30.0,0.0,VF,0.0
KBW,under 18,34.99,34.99,30.0,0.0,RED,0.0
KBW,under 18,47.99,47.99,30.0,0.0,VF,0.0
KBW,40 - 44,42.97,42.98,30.0,0.0,VF,1.0
NRW,60 - 64,42.98,35.98,30.0,0.0,VF,1.0
KBW,80 and over,44.98,44.98,30.0,0.0,VF,0.0
NRW,under 18,49.99,49.99,30.0,0.0,RED,1.0
NRW,55 - 59,34.99,34.99,30.0,0.0,RED,0.0
NRW,65 - 69,39.98,39.98,692.0,0.0,RED,0.0
KBW,30 - 34,39.99,39.99,30.0,0.0,RED,1.0
NRW,55 - 59,39.98,39.98,30.0,0.0,VF,1.0
HSN,65 - 69,39.99,39.99,30.0,0.0,VF,0.0
NRW,60 - 64,54.99,54.99,30.0,0.0,RED,1.0
KBW,60 - 64,54.99,54.99,30.0,0.0,RED,0.0
NRW,50 - 54,49.98,44.99,30.0,0.0,VF,0.0
NRW,18 - 24,44.98,44.98,30.0,0.0,VF,1.0
NRW,55 - 59,39.98,39.98,30.0,0.0,VF,0.0
KBW,25 - 29,58.98,33.98,30.0,0.0,RED,0.0
NRW,45 - 49,44.98,44.98,30.0,0.0,VF,1.0
HSN,60 - 64,49.97,49.97,30.0,0.0,VF,0.0
NRW,60 - 64,24.99,24.99,694.0,0.0,INTERNET,1.0
KBW,30 - 34,34.99,34.99,30.0,0.0,RED,0.0
NRW,55 - 59,39.99,39.99,30.0,0.0,RED,0.0
HSN,75 - 79,54.99,54.99,30.0,0.0,RED,0.0
NRW,45 - 49,42.98,42.98,30.0,0.0,VF,0.0
KBW,35 - 39,44.98,44.98,30.0,1.0,VF,1.0
NRW,40 - 44,53.98,32.99,30.0,0.0,VF,0.0
HSN,under 18,49.97,49.97,30.0,0.0,VF,0.0
NRW,75 - 79,34.99,34.99,30.0,0.0,RED,1.0
NRW,60 - 64,48.97,48.97,30.0,0.0,INTERNET,0.0
HSN,under 18,47.99,47.99,30.0,0.0,VF,1.0
KBW,65 - 69,39.99,39.99,30.0,0.0,RED,1.0
HSN,80 and over,34.99,34.99,30.0,0.0,RED,0.0
NRW,75 - 79,39.98,39.98,30.0,0.0,VF,1.0
HSN,30 - 34,60.97,29.99,30.0,0.0,VF,1.0
NRW,25 - 29,44.95,44.98,30.0,0.0,VF,0.0
NRW,55 - 59,44.98,44.98,30.0,0.0,RED,1.0
NRW,55 - 59,34.99,34.99,30.0,0.0,RED,1.0
HSN,30 - 34,52.95,62.98,143.0,0.0,GIGAZUHAUSE,1.0
KBW,under 18,54.94,54.97,30.0,0.0,RED,0.0
KBW,25 - 29,19.99,19.99,30.0,0.0,EAZY,1.0
NRW,50 - 54,44.98,44.98,30.0,0.0,VF,1.0
KBW,45 - 49,32.99,32.99,30.0,0.0,VF,1.0
HSN,30 - 34,39.99,39.99,30.0,0.0,RED,1.0
KBW,60 - 64,34.99,34.99,30.0,0.0,RED,0.0
KBW,60 - 64,42.97,42.97,30.0,0.0,VF,0.0
KBW,45 - 49,44.98,44.98,30.0,0.0,RED,1.0
NRW,60 - 64,39.99,39.99,30.0,0.0,VF,1.0
HSN,55 - 59,34.99,34.99,30.0,0.0,RED,1.0
NRW,60 - 64,44.98,44.98,30.0,0.0,VF,1.0
KBW,60 - 64,39.99,39.99,30.0,0.0,VF,0.0
NRW,50 - 54,52.98,32.99,30.0,0.0,VF,0.0
KBW,under 18,34.99,34.99,30.0,0.0,GIGAZUHAUSE,1.0
HSN,75 - 79,44.98,44.98,30.0,0.0,VF,0.0
KBW,under 18,34.99,34.99,30.0,0.0,RED,1.0
KBW,25 - 29,39.99,39.99,30.0,0.0,VF,0.0
NRW,50 - 54,34.99,34.99,30.0,0.0,RED,1.0
NRW,45 - 49,34.99,34.99,30.0,0.0,RED,1.0
KBW,under 18,75.97,37.99,30.0,0.0,VF,0.0
HSN,45 - 49,49.98,49.98,30.0,0.0,GIGAZUHAUSE,0.0
KBW,under 18,19.99,19.99,30.0,0.0,EAZY,1.0
HSN,under 18,44.98,44.98,30.0,0.0,VF,0.0
KBW,40 - 44,29.99,29.99,30.0,0.0,VF,1.0
NRW,55 - 59,34.99,34.99,30.0,0.0,RED,0.0
NRW,40 - 44,54.98,54.98,30.0,0.0,RED,0.0
KBW,55 - 59,34.99,34.99,30.0,0.0,RED,0.0
NRW,under 18,48.97,44.97,30.0,0.0,RED,0.0
KBW,25 - 29,39.98,39.98,30.0,0.0,RED,1.0
KBW,under 18,49.99,49.99,30.0,0.0,VF,1.0
KBW,75 - 79,29.99,29.99,30.0,0.0,RED,0.0
KBW,25 - 29,49.99,49.99,30.0,0.0,GIGAZUHAUSE,1.0
KBW,75 - 79,34.99,34.99,30.0,0.0,RED,0.0
NRW,25 - 29,34.99,34.99,30.0,0.0,RED,0.0
KBW,65 - 69,29.99,29.99,30.0,0.0,VF,0.0
KBW,75 - 79,29.99,29.99,30.0,0.0,VF,1.0
NRW,60 - 64,58.98,58.92,30.0,0.0,3PLAY,0.0
KBW,25 - 29,53.98,53.99,30.0,0.0,RED,1.0
KBW,55 - 59,39.98,39.99,30.0,0.0,RED,1.0
KBW,25 - 29,44.98,44.98,30.0,0.0,VF,0.0
HSN,under 18,37.98,37.98,30.0,0.0,GIGAZUHAUSE,1.0
NRW,75 - 79,34.99,34.99,30.0,0.0,RED,0.0
KBW,45 - 49,69.95,44.98,30.0,0.0,VF,1.0
NRW,50 - 54,29.99,29.99,30.0,0.0,INTERNET,0.0
HSN,50 - 54,44.98,44.98,30.0,0.0,VF,0.0
HSN,40 - 44,54.99,54.99,30.0,0.0,RED,0.0
NRW,25 - 29,44.98,44.98,30.0,0.0,VF,0.0
HSN,55 - 59,49.99,49.99,30.0,0.0,RED,0.0
NRW,45 - 49,44.98,44.98,30.0,0.0,RED,1.0
KBW,45 - 49,39.98,39.98,30.0,0.0,GIGAZUHAUSE,1.0
NRW,55 - 59,39.98,39.98,30.0,0.0,VF,0.0
NRW,65 - 69,29.99,29.99,30.0,0.0,VF,0.0
KBW,75 - 79,34.99,34.99,30.0,0.0,RED,1.0
NRW,45 - 49,39.98,39.98,30.0,0.0,RED,1.0
HSN,60 - 64,44.98,44.98,30.0,0.0,VF,0.0
KBW,30 - 34,54.99,54.99,30.0,0.0,RED,1.0
HSN,50 - 54,39.98,39.98,30.0,0.0,VF,1.0
KBW,50 - 54,60.98,39.99,30.0,0.0,RED,1.0
NRW,under 18,44.98,44.98,30.0,0.0,RED,1.0
HSN,40 - 44,63.42,42.97,30.0,0.0,RED,0.0
KBW,40 - 44,34.99,34.99,30.0,0.0,RED,0.0
NRW,40 - 44,59.98,59.98,30.0,0.0,VF,0.0
KBW,18 - 24,32.95,32.99,30.0,0.0,VF,0.0
NRW,25 - 29,44.98,44.98,30.0,0.0,RED,0.0
KBW,55 - 59,44.98,44.98,30.0,0.0,VF,1.0
NRW,65 - 69,34.99,34.99,30.0,0.0,RED,1.0
HSN,25 - 29,34.99,34.99,30.0,0.0,RED,1.0
NRW,25 - 29,44.98,44.98,30.0,0.0,RED,1.0
NRW,40 - 44,44.98,39.99,30.0,0.0,RED,0.0
NRW,55 - 59,49.97,49.97,30.0,0.0,GIGAZUHAUSE,0.0
NRW,45 - 49,49.97,49.97,30.0,0.0,GIGAZUHAUSE,0.0
KBW,55 - 59,44.97,44.97,30.0,0.0,VF,1.0
NRW,45 - 49,44.98,44.98,30.0,0.0,VF,1.0
KBW,80 and over,19.99,19.99,30.0,0.0,EAZY,1.0
NRW,55 - 59,73.98,34.99,30.0,0.0,RED,0.0
NRW,25 - 29,44.98,44.98,30.0,0.0,RED,0.0
NRW,55 - 59,49.99,49.99,30.0,0.0,RED,0.0
NRW,40 - 44,29.99,29.99,30.0,0.0,VF,0.0
NRW,75 - 79,59.97,59.98,30.0,0.0,GIGAZUHAUSE,0.0
KBW,55 - 59,34.99,34.99,30.0,0.0,VF,0.0
KBW,65 - 69,44.99,44.99,30.0,0.0,VF,0.0
NRW,18 - 24,11.98,22.98,30.0,0.0,EAZY,0.0
HSN,55 - 59,57.95,37.98,30.0,0.0,VF,1.0
NRW,75 - 79,29.99,29.99,30.0,1.0,VF,1.0
KBW,30 - 34,39.99,39.99,30.0,0.0,VF,0.0
HSN,60 - 64,39.98,39.98,30.0,0.0,VF,0.0
KBW,75 - 79,34.99,34.99,30.0,0.0,RED,1.0
KBW,80 and over,39.98,39.98,30.0,0.0,GIGAZUHAUSE,1.0
NRW,55 - 59,63.97,42.97,30.0,0.0,GIGAZUHAUSE,1.0
KBW,75 - 79,64.98,54.99,30.0,0.0,3PLAY,0.0
KBW,30 - 34,49.97,49.97,30.0,0.0,3PLAY,0.0
KBW,60 - 64,47.96,47.96,30.0,0.0,VF,0.0
NRW,75 - 79,59.98,59.98,192.0,0.0,GIGAZUHAUSE,1.0
KBW,75 - 79,39.98,39.98,30.0,0.0,VF,0.0
NRW,45 - 49,32.99,32.99,30.0,0.0,VF,0.0
KBW,45 - 49,42.97,42.97,30.0,0.0,2PLAY,0.0
KBW,under 18,49.99,49.99,30.0,0.0,GIGAZUHAUSE,0.0
NRW,75 - 79,39.99,39.99,30.0,0.0,VF,0.0
KBW,75 - 79,32.99,32.99,30.0,0.0,GIGAZUHAUSE,0.0
KBW,25 - 29,44.97,44.97,30.0,0.0,RED,0.0
NRW,55 - 59,39.99,39.99,30.0,0.0,RED,1.0
NRW,60 - 64,44.98,44.98,30.0,0.0,RED,1.0
NRW,50 - 54,29.99,29.99,30.0,0.0,VF,0.0
KBW,40 - 44,44.97,44.97,30.0,0.0,RED,0.0
NRW,30 - 34,48.97,48.97,30.0,0.0,RED,0.0
KBW,45 - 49,37.97,37.97,30.0,0.0,GIGAZUHAUSE,1.0
HSN,75 - 79,44.98,44.98,30.0,0.0,VF,0.0
HSN,under 18,44.99,44.99,30.0,0.0,VF,0.0
NRW,65 - 69,54.98,54.98,30.0,0.0,RED,1.0
KBW,50 - 54,44.98,44.98,30.0,0.0,VF,1.0
KBW,75 - 79,32.99,32.99,30.0,0.0,GIGAZUHAUSE,1.0
NRW,55 - 59,34.99,34.99,30.0,0.0,RED,0.0
NRW,45 - 49,49.97,49.97,30.0,0.0,VF,0.0
HSN,75 - 79,42.97,42.97,30.0,0.0,VF,1.0
NRW,50 - 54,44.98,44.98,30.0,0.0,VF,1.0
KBW,45 - 49,27.99,27.99,30.0,0.0,GIGAZUHAUSE,1.0
NRW,55 - 59,49.99,49.99,30.0,0.0,RED,1.0
KBW,65 - 69,49.99,49.99,30.0,0.0,GIGAZUHAUSE,1.0
NRW,75 - 79,34.99,34.99,30.0,0.0,RED,1.0
KBW,45 - 49,39.99,39.99,30.0,0.0,VF,1.0
KBW,under 18,44.98,44.98,30.0,0.0,VF,0.0
KBW,65 - 69,49.99,49.99,30.0,0.0,VF,0.0
NRW,75 - 79,39.99,39.99,30.0,0.0,RED,1.0
HSN,50 - 54,24.99,24.99,30.0,0.0,INTERNET,1.0
NRW,25 - 29,39.99,39.99,30.0,0.0,VF,1.0
NRW,18 - 24,86.97,49.99,30.0,0.0,RED,0.0
KBW,60 - 64,42.98,42.98,30.0,0.0,GIGAZUHAUSE,1.0
NRW,30 - 34,44.98,44.98,30.0,0.0,VF,1.0
KBW,50 - 54,37.78,37.99,30.0,0.0,VF,0.0
KBW,75 - 79,49.99,49.99,30.0,0.0,VF,0.0
HSN,50 - 54,44.98,44.98,30.0,0.0,RED,1.0
NRW,25 - 29,47.98,37.99,30.0,0.0,VF,0.0
HSN,55 - 59,39.98,39.98,30.0,0.0,VF,1.0
KBW,75 - 79,78.74,33.74,30.0,0.0,RED,0.0
HSN,25 - 29,34.99,34.99,30.0,1.0,RED,1.0
KBW,18 - 24,34.99,34.99,30.0,0.0,VF,0.0
HSN,75 - 79,24.99,24.99,30.0,0.0,GIGAZUHAUSE,0.0
NRW,30 - 34,44.98,44.98,435.0,0.0,GIGAZUHAUSE,0.0
KBW,45 - 49,34.99,34.99,30.0,0.0,RED,1.0
NRW,under 18,39.99,39.99,30.0,0.0,VF,1.0
KBW,75 - 79,42.97,42.97,30.0,0.0,VF,0.0
HSN,55 - 59,29.99,29.99,30.0,0.0,VF,0.0
KBW,75 - 79,39.99,39.99,30.0,0.0,VF,0.0
KBW,50 - 54,45.9,40.9,30.0,0.0,3PLAY,1.0
NRW,60 - 64,42.96,42.97,30.0,0.0,VF,0.0
HSN,30 - 34,54.99,54.99,30.0,0.0,RED,1.0
NRW,80 and over,39.99,39.99,30.0,0.0,RED,0.0
NRW,40 - 44,44.97,44.97,30.0,0.0,VF,0.0
KBW,75 - 79,44.98,44.98,30.0,0.0,VF,1.0
KBW,50 - 54,63.95,42.98,30.0,0.0,VF,1.0
HSN,55 - 59,29.99,29.99,30.0,0.0,INTERNET,0.0
NRW,75 - 79,32.99,32.99,30.0,0.0,VF,0.0
NRW,75 - 79,38.98,38.98,30.0,0.0,RED,1.0
NRW,35 - 39,44.98,44.98,30.0,0.0,VF,0.0
KBW,50 - 54,73.96,54.98,30.0,0.0,GIGAZUHAUSE,0.0
NRW,55 - 59,44.97,44.97,30.0,0.0,RED,1.0
NRW,75 - 79,39.98,39.98,30.0,1.0,GIGAZUHAUSE,1.0
KBW,75 - 79,47.99,47.99,30.0,0.0,VF,0.0
HSN,50 - 54,34.99,34.99,30.0,0.0,RED,1.0
HSN,55 - 59,39.99,39.99,30.0,0.0,VF,1.0
HSN,40 - 44,44.98,44.98,30.0,0.0,VF,1.0
NRW,30 - 34,44.98,44.98,30.0,1.0,VF,0.0
HSN,75 - 79,49.99,49.99,30.0,0.0,RED,1.0
NRW,40 - 44,37.98,37.98,30.0,0.0,VF,0.0
HSN,45 - 49,32.99,32.99,30.0,0.0,VF,1.0
KBW,65 - 69,39.99,39.99,30.0,0.0,VF,0.0
HSN,25 - 29,39.99,39.99,30.0,0.0,RED,1.0
KBW,30 - 34,55.98,34.99,30.0,0.0,RED,1.0
KBW,65 - 69,32.99,32.99,30.0,0.0,VF,0.0
NRW,45 - 49,49.99,49.99,30.0,0.0,RED,1.0
KBW,45 - 49,39.98,39.98,30.0,0.0,VF,1.0
KBW,65 - 69,49.97,49.97,30.0,0.0,GIGAZUHAUSE,1.0
KBW,25 - 29,49.99,49.99,30.0,0.0,RED,0.0
NRW,under 18,39.99,39.99,30.0,0.0,GIGAZUHAUSE,1.0
KBW,50 - 54,64.98,64.98,30.0,0.0,RED,1.0
KBW,55 - 59,50.94,34.99,30.0,0.0,RED,1.0
HSN,65 - 69,49.99,49.99,30.0,0.0,RED,0.0
KBW,50 - 54,39.99,39.99,30.0,0.0,VF,1.0
NRW,under 18,34.99,34.99,30.0,0.0,GIGAZUHAUSE,1.0
NRW,under 18,19.99,19.99,30.0,0.0,EAZY,1.0
KBW,65 - 69,37.99,37.99,30.0,0.0,VF,0.0
NRW,25 - 29,39.99,39.99,30.0,0.0,RED,0.0
KBW,50 - 54,29.99,29.99,30.0,0.0,VF,0.0
HSN,55 - 59,44.98,44.98,30.0,0.0,RED,1.0
NRW,80 and over,44.98,44.98,30.0,0.0,RED,1.0
KBW,40 - 44,34.99,34.99,30.0,0.0,RED,1.0
KBW,50 - 54,37.99,37.99,30.0,0.0,VF,0.0
NRW,75 - 79,58.97,52.94,30.0,0.0,3PLAY,1.0
KBW,55 - 59,39.98,39.98,30.0,0.0,RED,1.0
HSN,50 - 54,53.98,53.98,30.0,0.0,RED,0.0
NRW,25 - 29,44.98,44.98,30.0,0.0,VF,0.0
NRW,50 - 54,39.99,39.99,30.0,0.0,GIGAZUHAUSE,1.0
NRW,25 - 29,49.97,49.98,333.0,0.0,GIGAZUHAUSE,1.0
NRW,75 - 79,29.99,29.99,30.0,0.0,VF,1.0
KBW,25 - 29,49.99,49.99,30.0,0.0,RED,1.0
NRW,50 - 54,48.97,48.97,30.0,0.0,VF,1.0
NRW,55 - 59,49.97,49.97,30.0,0.0,RED,0.0
NRW,under 18,39.98,39.98,39.0,0.0,GIGAZUHAUSE,1.0
NRW,60 - 64,44.98,44.98,30.0,0.0,VF,1.0
NRW,75 - 79,29.99,29.99,30.0,0.0,GIGAZUHAUSE,1.0
NRW,40 - 44,69.94,44.98,30.0,0.0,VF,1.0
NRW,75 - 79,37.98,37.98,30.0,0.0,GIGAZUHAUSE,0.0
NRW,60 - 64,44.98,44.98,30.0,0.0,VF,0.0
HSN,50 - 54,44.98,44.98,30.0,0.0,VF,1.0
KBW,45 - 49,68.96,47.96,30.0,0.0,GIGAZUHAUSE,0.0
HSN,under 18,42.97,42.97,30.0,0.0,VF,1.0
NRW,55 - 59,29.99,29.99,30.0,0.0,VF,1.0
HSN,75 - 79,54.98,54.98,30.0,0.0,RED,1.0
HSN,18 - 24,35.9,40.9,30.0,0.0,RED,1.0
KBW,45 - 49,51.95,44.98,30.0,0.0,VF,1.0
HSN,60 - 64,39.99,39.99,30.0,0.0,RED,0.0
KBW,65 - 69,54.99,54.99,30.0,0.0,GIGAZUHAUSE,0.0
KBW,80 and over,54.99,54.99,30.0,0.0,RED,1.0
HSN,55 - 59,29.98,29.99,30.0,0.0,GIGAZUHAUSE,1.0
NRW,25 - 29,44.98,44.98,30.0,0.0,VF,0.0
KBW,40 - 44,39.99,39.99,30.0,0.0,RED,0.0
NRW,25 - 29,39.99,39.99,30.0,0.0,RED,0.0
KBW,75 - 79,39.99,39.99,30.0,0.0,RED,1.0
KBW,under 18,39.98,39.98,30.0,1.0,VF,1.0
KBW,30 - 34,29.99,29.99,30.0,0.0,VF,1.0
NRW,25 - 29,39.99,39.99,30.0,0.0,RED,0.0
NRW,40 - 44,29.98,29.98,30.0,0.0,GIGAZUHAUSE,1.0
KBW,40 - 44,27.99,27.99,30.0,0.0,GIGAZUHAUSE,0.0
NRW,80 and over,42.98,42.98,30.0,0.0,VF,1.0
KBW,65 - 69,39.98,39.98,30.0,0.0,RED,0.0
HSN,55 - 59,37.97,37.97,30.0,0.0,RED,1.0
NRW,55 - 59,49.99,49.99,30.0,0.0,RED,1.0
HSN,45 - 49,44.98,44.98,30.0,0.0,VF,1.0
KBW,45 - 49,44.98,44.98,30.0,0.0,VF,1.0
HSN,55 - 59,75.86,44.98,30.0,0.0,GIGAZUHAUSE,1.0
NRW,75 - 79,39.99,39.99,30.0,0.0,RED,1.0
KBW,30 - 34,62.97,63.98,30.0,0.0,VF,1.0
NRW,45 - 49,44.98,44.98,30.0,0.0,RED,0.0
KBW,75 - 79,47.99,47.99,30.0,0.0,VF,0.0
HSN,75 - 79,44.98,44.98,30.0,0.0,VF,1.0
NRW,80 and over,42.97,42.97,30.0,0.0,VF,1.0
KBW,50 - 54,44.98,44.98,30.0,0.0,VF,0.0
NRW,under 18,44.98,44.98,30.0,0.0,GIGAZUHAUSE,1.0
NRW,under 18,44.98,44.98,30.0,0.0,VF,0.0
KBW,25 - 29,24.99,24.99,30.0,0.0,RED,0.0
KBW,30 - 34,29.99,29.99,30.0,0.0,INTERNET,0.0
NRW,50 - 54,44.98,44.98,30.0,0.0,RED,1.0
KBW,18 - 24,49.98,49.99,30.0,0.0,VF,1.0
NRW,25 - 29,39.99,39.99,30.0,0.0,VF,1.0
KBW,40 - 44,44.98,44.98,30.0,0.0,VF,0.0
NRW,45 - 49,29.99,29.99,30.0,0.0,INTERNET,1.0
NRW,45 - 49,39.98,39.98,30.0,0.0,VF,0.0
NRW,75 - 79,45.98,54.98,30.0,0.0,3PLAY,0.0
NRW,50 - 54,34.99,34.99,30.0,0.0,RED,1.0
KBW,50 - 54,44.98,44.98,30.0,0.0,RED,1.0
HSN,55 - 59,44.98,44.98,30.0,0.0,VF,1.0
NRW,25 - 29,39.98,39.98,30.0,0.0,RED,0.0
KBW,45 - 49,49.97,49.97,30.0,0.0,VF,1.0
KBW,55 - 59,44.98,44.98,30.0,0.0,VF,0.0
HSN,75 - 79,37.99,37.99,30.0,0.0,VF,1.0
NRW,65 - 69,39.99,39.99,30.0,0.0,RED,1.0
NRW,45 - 49,63.96,42.98,30.0,0.0,VF,0.0
KBW,65 - 69,49.97,49.97,30.0,0.0,VF,1.0
HSN,40 - 44,54.99,54.99,30.0,0.0,RED,0.0
KBW,50 - 54,44.99,44.99,30.0,0.0,RED,0.0
HSN,60 - 64,44.98,44.98,30.0,0.0,VF,0.0
HSN,40 - 44,49.99,49.99,30.0,0.0,RED,1.0
NRW,35 - 39,37.98,37.98,30.0,0.0,2PLAY,0.0
NRW,45 - 49,44.97,44.97,30.0,0.0,VF,1.0
KBW,55 - 59,59.99,49.99,30.0,0.0,RED,1.0
HSN,75 - 79,44.98,44.98,30.0,0.0,VF,0.0
NRW,50 - 54,53.96,52.96,30.0,0.0,VF,1.0
NRW,55 - 59,29.99,29.99,30.0,0.0,INTERNET,0.0
NRW,60 - 64,44.98,44.98,30.0,0.0,VF,0.0
NRW,75 - 79,54.99,54.99,30.0,0.0,RED,1.0
HSN,45 - 49,34.99,34.99,30.0,0.0,VF,1.0
NRW,80 and over,34.99,34.99,30.0,0.0,RED,0.0
KBW,25 - 29,44.98,44.98,30.0,1.0,VF,1.0
NRW,75 - 79,39.98,39.98,39.0,0.0,GIGAZUHAUSE,0.0
KBW,25 - 29,44.98,44.98,30.0,0.0,VF,1.0
NRW,35 - 39,39.99,39.99,30.0,0.0,RED,1.0
NRW,25 - 29,39.99,39.99,30.0,0.0,GIGAZUHAUSE,1.0
KBW,40 - 44,42.98,42.98,30.0,0.0,VF,1.0
HSN,25 - 29,44.98,44.98,30.0,0.0,RED,0.0
NRW,60 - 64,29.99,29.99,30.0,0.0,VF,0.0
NRW,60 - 64,49.99,49.99,30.0,0.0,GIGAZUHAUSE,1.0
NRW,60 - 64,74.97,49.97,30.0,0.0,VF,0.0
NRW,75 - 79,39.99,39.99,30.0,0.0,VF,1.0
HSN,55 - 59,54.99,54.99,30.0,0.0,RED,0.0
NRW,55 - 59,39.98,39.98,30.0,0.0,VF,0.0
KBW,30 - 34,48.97,48.97,30.0,0.0,VF,0.0
NRW,30 - 34,34.99,34.99,30.0,0.0,RED,1.0
KBW,55 - 59,44.98,44.98,30.0,0.0,RED,1.0
HSN,25 - 29,39.98,39.98,595.0,0.0,GIGAZUHAUSE,1.0
NRW,55 - 59,42.97,42.98,30.0,0.0,VF,1.0
NRW,75 - 79,39.99,39.99,30.0,0.0,VF,0.0
NRW,75 - 79,44.98,44.98,30.0,0.0,RED,0.0
KBW,45 - 49,44.98,44.98,30.0,0.0,VF,0.0
KBW,25 - 29,44.98,44.98,30.0,0.0,VF,0.0
NRW,65 - 69,37.99,37.99,30.0,0.0,RED,0.0
HSN,25 - 29,74.98,34.99,30.0,0.0,RED,1.0
NRW,45 - 49,29.99,29.99,30.0,0.0,VF,1.0
HSN,65 - 69,169.92,169.92,30.0,0.0,MMA,0.0
NRW,50 - 54,59.98,49.98,30.0,0.0,GIGAZUHAUSE,1.0
NRW,45 - 49,54.99,54.99,30.0,0.0,VF,0.0
HSN,45 - 49,44.98,44.98,30.0,0.0,GIGAZUHAUSE,1.0
HSN,50 - 54,44.98,44.98,30.0,0.0,RED,1.0
KBW,50 - 54,32.99,32.99,30.0,0.0,VF,0.0
NRW,18 - 24,49.97,49.84,30.0,0.0,VF,1.0
HSN,25 - 29,34.99,34.99,30.0,0.0,RED,1.0
NRW,45 - 49,49.97,49.97,30.0,0.0,VF,0.0
NRW,45 - 49,44.98,44.98,30.0,0.0,VF,0.0
HSN,75 - 79,29.99,29.99,30.0,0.0,VF,1.0
NRW,65 - 69,29.99,29.99,30.0,0.0,RED,0.0
KBW,65 - 69,29.99,29.99,30.0,0.0,RED,0.0
KBW,50 - 54,44.98,44.98,30.0,0.0,VF,0.0
NRW,45 - 49,71.95,44.98,30.0,0.0,3PLAY,1.0
NRW,25 - 29,39.98,39.98,30.0,0.0,GIGAZUHAUSE,1.0
NRW,55 - 59,44.97,44.98,30.0,0.0,VF,1.0
NRW,60 - 64,44.98,44.98,30.0,0.0,VF,0.0
NRW,55 - 59,48.97,48.97,30.0,0.0,VF,1.0
NRW,45 - 49,39.99,39.99,30.0,0.0,RED,1.0
HSN,45 - 49,47.98,47.98,30.0,0.0,GIGAZUHAUSE,0.0
NRW,under 18,29.99,29.99,30.0,0.0,RED,1.0
HSN,80 and over,44.98,44.98,30.0,0.0,VF,0.0
NRW,75 - 79,42.98,42.98,30.0,0.0,GIGAZUHAUSE,1.0
KBW,under 18,39.99,39.99,30.0,0.0,VF,0.0
KBW,25 - 29,49.97,49.97,30.0,0.0,VF,0.0
NRW,75 - 79,34.99,34.99,30.0,0.0,RED,1.0
NRW,60 - 64,62.97,42.97,30.0,0.0,RED,0.0
KBW,60 - 64,49.97,49.97,30.0,0.0,GIGAZUHAUSE,0.0
HSN,75 - 79,62.93,62.97,30.0,0.0,VF,0.0
NRW,55 - 59,34.99,34.99,30.0,0.0,RED,0.0
HSN,50 - 54,49.97,49.97,30.0,0.0,VF,0.0
NRW,55 - 59,24.99,24.99,30.0,0.0,INTERNET,0.0
NRW,65 - 69,49.97,49.97,30.0,0.0,VF,0.0
KBW,50 - 54,64.95,64.99,30.0,0.0,2PLAY,1.0
NRW,60 - 64,25.0,44.98,30.0,0.0,RED,1.0
NRW,40 - 44,44.98,44.98,30.0,0.0,VF,1.0
KBW,40 - 44,59.98,39.99,30.0,0.0,RED,1.0
NRW,50 - 54,49.97,49.97,30.0,0.0,VF,0.0
NRW,40 - 44,44.98,44.98,30.0,0.0,VF,0.0
KBW,45 - 49,54.98,44.98,30.0,0.0,VF,1.0
HSN,45 - 49,34.97,29.99,30.0,0.0,VF,0.0
KBW,45 - 49,44.98,44.98,30.0,0.0,RED,0.0
KBW,25 - 29,44.98,44.98,30.0,0.0,RED,1.0
NRW,45 - 49,34.99,34.99,30.0,0.0,RED,0.0
NRW,35 - 39,44.98,44.98,30.0,0.0,VF,1.0
KBW,50 - 54,47.97,47.98,30.0,0.0,GIGAZUHAUSE,0.0
KBW,65 - 69,49.97,49.97,30.0,0.0,VF,0.0
NRW,60 - 64,37.99,29.99,30.0,0.0,VF,0.0
NRW,under 18,34.99,34.99,30.0,0.0,RED,0.0
KBW,80 and over,50.92,189.88,30.0,0.0,RED,0.0
NRW,75 - 79,39.98,39.98,30.0,0.0,VF,1.0
KBW,75 - 79,38.98,38.98,30.0,0.0,RED,1.0
NRW,under 18,54.98,54.98,30.0,0.0,GIGAZUHAUSE,0.0
HSN,under 18,39.98,39.98,30.0,0.0,VF,1.0
NRW,30 - 34,39.99,39.99,30.0,0.0,VF,1.0
KBW,50 - 54,74.96,44.98,30.0,0.0,RED,1.0
KBW,80 and over,39.98,39.98,30.0,0.0,RED,1.0
NRW,under 18,39.98,39.98,30.0,0.0,RED,0.0
NRW,55 - 59,39.98,39.98,30.0,0.0,GIGAZUHAUSE,1.0
NRW,65 - 69,44.98,44.98,30.0,0.0,VF,0.0
KBW,50 - 54,33.74,42.98,30.0,0.0,2PLAY,0.0
NRW,50 - 54,32.97,32.98,30.0,0.0,VF,0.0
NRW,45 - 49,44.98,44.98,30.0,0.0,VF,0.0
HSN,under 18,34.99,34.99,30.0,0.0,GIGAZUHAUSE,1.0
HSN,45 - 49,39.98,39.98,176.0,0.0,GIGAZUHAUSE,0.0
KBW,55 - 59,37.78,37.78,30.0,0.0,VF,0.0
NRW,25 - 29,39.99,39.99,30.0,0.0,VF,1.0
NRW,60 - 64,39.98,39.98,30.0,0.0,GIGAZUHAUSE,1.0
NRW,under 18,47.98,47.98,30.0,0.0,GIGAZUHAUSE,1.0
HSN,60 - 64,67.96,46.96,30.0,0.0,RED,0.0
NRW,55 - 59,34.99,34.99,30.0,0.0,RED,1.0
NRW,under 18,29.99,29.99,30.0,0.0,VF,0.0
KBW,75 - 79,34.99,34.99,164.0,0.0,GIGAZUHAUSE,1.0
HSN,under 18,58.98,29.99,30.0,0.0,VF,0.0
NRW,50 - 54,42.98,42.98,30.0,0.0,VF,1.0
KBW,25 - 29,34.99,34.99,30.0,0.0,RED,0.0
HSN,25 - 29,39.99,39.99,30.0,0.0,RED,0.0
NRW,40 - 44,39.99,39.99,30.0,0.0,VF,0.0
KBW,25 - 29,44.98,44.98,30.0,0.0,VF,0.0
HSN,35 - 39,34.99,34.99,30.0,0.0,RED,1.0
KBW,65 - 69,42.98,42.97,30.0,0.0,VF,0.0
KBW,55 - 59,54.99,54.99,30.0,0.0,GIGAZUHAUSE,1.0
KBW,25 - 29,44.98,44.98,30.0,0.0,VF,1.0
NRW,55 - 59,39.99,39.99,30.0,0.0,RED,0.0
KBW,50 - 54,44.98,44.98,30.0,0.0,RED,1.0
KBW,60 - 64,34.99,34.99,30.0,0.0,VF,0.0
NRW,50 - 54,39.98,39.98,30.0,0.0,VF,0.0
HSN,under 18,24.99,24.99,30.0,0.0,INTERNET,0.0
NRW,45 - 49,37.99,37.99,30.0,0.0,VF,0.0
KBW,40 - 44,44.99,44.98,30.0,0.0,RED,1.0
HSN,75 - 79,44.98,44.98,30.0,0.0,VF,1.0
NRW,65 - 69,58.98,37.98,30.0,0.0,VF,1.0
KBW,60 - 64,37.98,37.98,56.0,0.0,VF,0.0
NRW,65 - 69,37.99,37.99,30.0,0.0,VF,1.0
HSN,40 - 44,22.99,22.98,30.0,0.0,VF,0.0
NRW,60 - 64,44.98,44.98,30.0,0.0,RED,1.0
NRW,60 - 64,34.99,34.99,30.0,2.0,RED,1.0
KBW,25 - 29,34.99,34.99,30.0,0.0,RED,0.0
HSN,25 - 29,44.98,44.98,30.0,0.0,RED,1.0
HSN,50 - 54,39.98,39.98,30.0,0.0,RED,1.0
NRW,65 - 69,34.99,34.99,30.0,0.0,RED,0.0
NRW,under 18,33.98,43.98,30.0,0.0,RED,0.0
NRW,45 - 49,44.98,44.98,30.0,0.0,RED,1.0
NRW,under 18,39.99,39.99,30.0,0.0,RED,1.0
NRW,under 18,34.99,34.99,30.0,0.0,RED,0.0
KBW,45 - 49,44.98,44.98,30.0,0.0,VF,1.0
NRW,30 - 34,49.97,49.97,30.0,0.0,RED,1.0
KBW,50 - 54,49.99,49.99,30.0,0.0,RED,0.0
NRW,45 - 49,34.99,34.99,30.0,0.0,RED,0.0
HSN,60 - 64,63.98,42.98,30.0,0.0,GIGAZUHAUSE,1.0
HSN,35 - 39,39.99,39.99,30.0,0.0,RED,1.0
NRW,55 - 59,44.98,44.98,30.0,0.0,RED,1.0
NRW,50 - 54,37.99,37.99,30.0,0.0,RED,1.0
NRW,60 - 64,34.98,34.99,30.0,0.0,RED,1.0
NRW,30 - 34,55.97,34.99,30.0,0.0,RED,1.0
KBW,40 - 44,39.98,39.98,30.0,0.0,RED,1.0
KBW,50 - 54,54.99,54.99,30.0,0.0,RED,0.0
NRW,55 - 59,44.98,44.98,30.0,1.0,VF,1.0
NRW,75 - 79,44.98,44.98,113.0,0.0,GIGAZUHAUSE,0.0
NRW,25 - 29,70.31,47.99,30.0,0.0,RED,1.0
KBW,40 - 44,44.98,44.98,30.0,0.0,VF,0.0
KBW,65 - 69,44.98,44.98,30.0,0.0,VF,1.0
NRW,25 - 29,34.99,34.99,30.0,0.0,RED,1.0
HSN,45 - 49,39.98,39.98,30.0,0.0,RED,1.0
NRW,25 - 29,34.99,34.99,30.0,0.0,RED,1.0
NRW,25 - 29,39.99,39.99,30.0,0.0,RED,1.0
NRW,60 - 64,49.99,49.99,30.0,0.0,3PLAY,0.0
NRW,50 - 54,34.99,34.99,30.0,0.0,RED,0.0
KBW,75 - 79,49.97,49.98,30.0,0.0,RED,1.0
HSN,25 - 29,42.97,42.97,30.0,0.0,RED,0.0
NRW,35 - 39,47.99,47.99,30.0,0.0,GIGAZUHAUSE,0.0
NRW,25 - 29,39.99,39.99,30.0,0.0,RED,0.0
HSN,75 - 79,47.99,47.99,30.0,0.0,VF,1.0
KBW,55 - 59,58.98,58.97,30.0,0.0,RED,0.0
NRW,75 - 79,39.99,39.99,30.0,0.0,VF,1.0
KBW,25 - 29,54.98,54.98,30.0,0.0,RED,0.0
HSN,25 - 29,44.98,44.98,30.0,0.0,RED,1.0
KBW,under 18,44.98,44.98,30.0,0.0,VF,0.0
HSN,25 - 29,38.98,38.98,30.0,0.0,RED,1.0
NRW,75 - 79,32.99,32.99,30.0,0.0,VF,0.0
KBW,55 - 59,39.99,39.99,30.0,0.0,RED,1.0
KBW,under 18,39.99,29.99,30.0,0.0,RED,1.0
KBW,55 - 59,54.98,49.99,30.0,0.0,RED,1.0
KBW,45 - 49,54.94,42.98,30.0,0.0,VF,1.0
NRW,75 - 79,34.99,34.99,30.0,0.0,RED,0.0
KBW,75 - 79,37.99,37.99,30.0,0.0,VF,0.0
KBW,40 - 44,39.99,39.99,30.0,0.0,VF,1.0
KBW,75 - 79,24.99,24.99,30.0,0.0,INTERNET,1.0
NRW,60 - 64,34.98,34.98,30.0,1.0,GIGAZUHAUSE,0.0
NRW,25 - 29,57.97,43.98,30.0,0.0,GIGAZUHAUSE,1.0
HSN,75 - 79,52.97,39.98,30.0,0.0,VF,0.0
HSN,60 - 64,42.97,42.97,30.0,0.0,VF,0.0
NRW,50 - 54,69.96,53.96,30.0,0.0,VF,0.0
KBW,80 and over,34.99,34.99,30.0,0.0,RED,0.0
NRW,35 - 39,34.99,34.99,30.0,0.0,RED,1.0
NRW,under 18,49.97,49.98,30.0,0.0,VF,1.0
NRW,under 18,29.99,29.99,30.0,0.0,VF,0.0
KBW,under 18,50.97,39.99,30.0,0.0,VF,0.0
HSN,80 and over,34.99,34.99,30.0,0.0,RED,1.0
HSN,50 - 54,44.98,44.98,30.0,0.0,VF,1.0
KBW,30 - 34,34.98,34.98,30.0,0.0,RED,1.0
NRW,40 - 44,42.98,42.98,30.0,0.0,VF,0.0
KBW,55 - 59,44.98,44.98,30.0,0.0,VF,1.0
NRW,55 - 59,44.97,44.99,30.0,0.0,RED,1.0
KBW,60 - 64,34.99,34.99,30.0,0.0,RED,1.0
NRW,65 - 69,49.99,49.99,30.0,0.0,RED,0.0
NRW,under 18,37.98,37.98,30.0,0.0,VF,0.0
HSN,75 - 79,44.98,68.98,30.0,0.0,VF,1.0
KBW,55 - 59,39.98,39.98,30.0,0.0,GIGAZUHAUSE,0.0
HSN,50 - 54,37.99,37.99,30.0,0.0,GIGAZUHAUSE,0.0
NRW,25 - 29,29.98,29.99,30.0,0.0,RED,0.0
NRW,75 - 79,39.98,39.98,30.0,0.0,VF,1.0
KBW,50 - 54,44.98,44.98,30.0,0.0,RED,1.0
KBW,25 - 29,34.99,34.99,30.0,0.0,RED,1.0
KBW,55 - 59,37.98,37.98,30.0,0.0,VF,1.0
KBW,50 - 54,42.86,42.86,30.0,0.0,3PLAY,0.0
NRW,55 - 59,47.99,47.99,30.0,0.0,VF,1.0
HSN,25 - 29,59.98,59.98,30.0,0.0,VF,0.0
NRW,45 - 49,39.98,39.99,30.0,0.0,VF,0.0
NRW,55 - 59,24.99,24.99,30.0,0.0,INTERNET,0.0
NRW,55 - 59,34.99,34.99,93.0,0.0,RED,1.0
NRW,45 - 49,43.98,43.98,30.0,0.0,RED,0.0
NRW,55 - 59,44.98,44.98,30.0,0.0,VF,1.0
NRW,75 - 79,37.98,37.98,30.0,0.0,GIGAZUHAUSE,1.0
NRW,60 - 64,49.97,49.97,30.0,0.0,VF,0.0
NRW,45 - 49,44.98,44.98,30.0,0.0,VF,0.0
NRW,35 - 39,34.99,34.99,30.0,0.0,RED,0.0
NRW,under 18,29.99,29.99,30.0,0.0,VF,1.0
NRW,75 - 79,39.99,39.99,30.0,0.0,RED,0.0
NRW,60 - 64,29.99,29.99,30.0,0.0,VF,1.0
KBW,40 - 44,44.97,44.96,30.0,0.0,VF,0.0
KBW,55 - 59,39.98,39.98,30.0,0.0,VF,1.0
NRW,35 - 39,44.98,44.98,30.0,0.0,VF,1.0
HSN,80 and over,48.97,48.97,30.0,0.0,RED,1.0
HSN,75 - 79,39.98,39.98,30.0,0.0,RED,1.0
HSN,75 - 79,49.97,49.97,30.0,0.0,VF,0.0
NRW,30 - 34,29.99,29.99,30.0,0.0,VF,1.0
NRW,under 18,32.99,32.99,30.0,0.0,VF,0.0
NRW,75 - 79,39.99,39.99,30.0,0.0,VF,0.0
KBW,75 - 79,39.98,39.99,30.0,0.0,GIGAZUHAUSE,1.0
KBW,60 - 64,39.99,39.99,30.0,0.0,VF,0.0
KBW,18 - 24,44.97,44.98,30.0,0.0,GIGAZUHAUSE,0.0
KBW,50 - 54,69.97,49.97,30.0,0.0,VF,0.0
NRW,40 - 44,34.99,34.99,30.0,0.0,RED,1.0
NRW,under 18,34.99,34.99,30.0,0.0,RED,0.0
NRW,50 - 54,39.99,39.99,30.0,0.0,VF,0.0
NRW,30 - 34,39.98,39.98,30.0,0.0,VF,0.0
NRW,65 - 69,44.98,44.98,695.0,0.0,VF,1.0
NRW,50 - 54,37.98,37.98,30.0,0.0,VF,0.0
KBW,under 18,44.98,44.98,30.0,0.0,VF,1.0
HSN,45 - 49,39.99,39.99,30.0,0.0,VF,0.0
NRW,60 - 64,34.99,34.99,30.0,0.0,GIGAZUHAUSE,1.0
KBW,40 - 44,42.97,42.97,30.0,0.0,RED,0.0
KBW,45 - 49,33.98,37.99,30.0,0.0,VF,0.0
HSN,45 - 49,44.98,44.98,30.0,0.0,RED,1.0
KBW,25 - 29,44.98,44.98,30.0,0.0,RED,0.0
NRW,55 - 59,54.99,54.99,30.0,1.0,RED,0.0
NRW,55 - 59,49.99,49.99,4.0,0.0,GIGAZUHAUSE,0.0
HSN,75 - 79,29.99,29.99,30.0,0.0,VF,1.0
HSN,55 - 59,58.14,58.98,30.0,0.0,RED,0.0
KBW,50 - 54,27.99,27.99,126.0,0.0,GIGAZUHAUSE,0.0
KBW,65 - 69,44.98,44.98,30.0,0.0,GIGAZUHAUSE,0.0
KBW,75 - 79,49.98,49.99,30.0,0.0,VF,0.0
KBW,50 - 54,32.99,169.92,30.0,0.0,VF,1.0
NRW,55 - 59,39.98,39.98,30.0,0.0,VF,0.0
KBW,80 and over,58.98,189.88,30.0,0.0,RED,0.0
HSN,25 - 29,34.99,34.99,30.0,0.0,RED,0.0
HSN,under 18,44.98,44.98,30.0,0.0,VF,1.0
NRW,75 - 79,39.99,39.99,30.0,0.0,VF,1.0
NRW,80 and over,37.99,37.99,30.0,0.0,VF,0.0
HSN,25 - 29,44.98,44.98,30.0,0.0,RED,1.0
NRW,65 - 69,39.99,39.99,30.0,0.0,RED,1.0
KBW,75 - 79,39.98,39.98,30.0,0.0,VF,1.0
HSN,under 18,39.99,39.99,30.0,0.0,VF,1.0
NRW,75 - 79,44.98,44.98,30.0,0.0,VF,1.0
KBW,25 - 29,63.97,44.98,30.0,0.0,VF,0.0
NRW,65 - 69,34.99,34.99,30.0,0.0,RED,1.0
NRW,75 - 79,34.99,34.99,30.0,0.0,RED,1.0
KBW,25 - 29,39.99,39.99,30.0,0.0,RED,1.0
NRW,25 - 29,34.99,34.99,30.0,0.0,VF,0.0
NRW,25 - 29,49.99,49.99,30.0,0.0,RED,0.0
NRW,18 - 24,49.97,49.97,30.0,0.0,VF,0.0
NRW,80 and over,29.99,29.99,30.0,0.0,VF,0.0
NRW,50 - 54,39.99,39.99,30.0,0.0,RED,0.0
HSN,30 - 34,69.95,49.97,30.0,0.0,VF,0.0
KBW,25 - 29,65.96,44.98,30.0,0.0,RED,0.0
HSN,60 - 64,39.99,39.99,30.0,0.0,VF,0.0
NRW,25 - 29,34.99,34.99,30.0,1.0,GIGAZUHAUSE,1.0
KBW,50 - 54,34.99,34.99,30.0,0.0,RED,1.0
NRW,25 - 29,44.98,44.98,30.0,0.0,RED,1.0
KBW,75 - 79,29.99,29.99,30.0,0.0,VF,0.0
HSN,60 - 64,62.97,47.97,30.0,0.0,3PLAY,0.0
KBW,55 - 59,44.98,44.98,30.0,0.0,RED,0.0
HSN,50 - 54,44.97,44.97,30.0,0.0,RED,1.0
KBW,under 18,34.99,34.99,30.0,0.0,RED,0.0
NRW,45 - 49,65.77,30.95,30.0,0.0,RED,1.0
KBW,75 - 79,49.99,49.99,30.0,0.0,VF,0.0
NRW,55 - 59,39.99,39.99,30.0,0.0,RED,1.0
KBW,55 - 59,34.99,34.99,30.0,0.0,RED,1.0
KBW,25 - 29,39.99,39.99,30.0,0.0,VF,1.0
NRW,35 - 39,49.97,44.98,30.0,0.0,VF,1.0
NRW,45 - 49,44.98,44.98,30.0,0.0,VF,1.0
NRW,65 - 69,44.98,44.98,30.0,0.0,VF,1.0
NRW,50 - 54,48.97,48.97,30.0,0.0,VF,1.0
NRW,80 and over,29.99,29.99,30.0,0.0,INTERNET,0.0
NRW,55 - 59,44.98,44.98,30.0,0.0,VF,0.0
NRW,65 - 69,39.98,39.98,155.0,1.0,GIGAZUHAUSE,0.0
KBW,65 - 69,44.98,44.98,30.0,0.0,VF,0.0
NRW,50 - 54,59.98,59.98,30.0,0.0,GIGAZUHAUSE,0.0
NRW,60 - 64,42.98,42.98,30.0,0.0,GIGAZUHAUSE,1.0
NRW,25 - 29,44.98,44.98,30.0,0.0,VF,1.0
NRW,55 - 59,24.99,24.99,243.0,0.0,GIGAZUHAUSE,1.0
NRW,40 - 44,35.95,27.99,30.0,0.0,VF,0.0
NRW,under 18,17.99,17.99,30.0,0.0,EAZY,0.0
NRW,under 18,34.99,34.99,30.0,0.0,RED,0.0
NRW,25 - 29,34.99,34.99,30.0,0.0,RED,0.0
HSN,50 - 54,53.96,53.96,30.0,0.0,RED,0.0
HSN,40 - 44,60.97,34.99,719.0,0.0,GIGAZUHAUSE,0.0
NRW,60 - 64,52.96,42.97,30.0,0.0,RED,1.0
KBW,75 - 79,34.99,34.99,30.0,0.0,RED,1.0
HSN,25 - 29,39.98,39.98,30.0,0.0,RED,1.0
NRW,25 - 29,59.98,29.99,30.0,0.0,VF,0.0
NRW,25 - 29,44.98,44.98,30.0,0.0,VF,1.0
NRW,50 - 54,29.99,29.99,30.0,0.0,RED,0.0
KBW,25 - 29,54.98,54.98,30.0,0.0,GIGAZUHAUSE,0.0
NRW,50 - 54,44.98,44.98,30.0,0.0,VF,1.0
NRW,45 - 49,49.97,49.97,30.0,0.0,VF,1.0
NRW,50 - 54,46.95,39.98,30.0,0.0,VF,0.0
NRW,55 - 59,34.99,34.99,30.0,0.0,RED,0.0
KBW,40 - 44,34.99,34.99,30.0,0.0,RED,0.0
KBW,45 - 49,34.99,34.99,30.0,0.0,VF,1.0
NRW,75 - 79,44.98,44.98,30.0,0.0,VF,0.0
HSN,75 - 79,44.98,44.98,30.0,0.0,VF,0.0
KBW,50 - 54,39.98,39.98,30.0,0.0,RED,0.0
NRW,60 - 64,44.98,44.98,30.0,0.0,VF,1.0
NRW,25 - 29,43.98,43.98,30.0,0.0,RED,1.0
KBW,50 - 54,44.98,44.98,30.0,0.0,VF,1.0
KBW,65 - 69,49.97,39.99,30.0,0.0,VF,0.0
KBW,40 - 44,54.99,54.99,30.0,0.0,RED,1.0
NRW,60 - 64,39.98,39.98,30.0,0.0,VF,1.0
NRW,50 - 54,64.97,39.98,30.0,0.0,VF,1.0
KBW,80 and over,64.98,54.98,30.0,0.0,RED,0.0
NRW,80 and over,39.99,39.99,30.0,0.0,VF,1.0
NRW,75 - 79,39.98,39.98,162.0,0.0,GIGAZUHAUSE,1.0
HSN,45 - 49,44.98,44.98,30.0,0.0,RED,1.0
NRW,75 - 79,44.98,44.98,30.0,0.0,VF,1.0
HSN,25 - 29,44.98,44.98,30.0,0.0,VF,1.0
HSN,50 - 54,58.98,58.98,30.0,0.0,RED,0.0
KBW,65 - 69,43.97,43.97,30.0,0.0,VF,0.0
KBW,under 18,43.97,43.98,30.0,0.0,RED,1.0
NRW,30 - 34,44.98,44.98,30.0,0.0,VF,0.0
KBW,60 - 64,44.98,44.98,30.0,0.0,VF,0.0
KBW,65 - 69,62.97,42.97,30.0,0.0,VF,0.0
KBW,55 - 59,37.99,37.99,30.0,0.0,VF,0.0
HSN,25 - 29,54.99,54.99,30.0,0.0,RED,0.0
NRW,65 - 69,29.99,29.99,30.0,0.0,VF,0.0
KBW,under 18,39.99,39.99,30.0,0.0,RED,1.0
HSN,60 - 64,29.99,29.99,30.0,0.0,VF,0.0
KBW,40 - 44,49.99,49.99,30.0,0.0,VF,0.0
KBW,under 18,74.87,44.98,30.0,0.0,VF,1.0
KBW,65 - 69,39.99,39.99,30.0,0.0,GIGAZUHAUSE,1.0
HSN,55 - 59,32.99,32.99,30.0,0.0,GIGAZUHAUSE,0.0
NRW,75 - 79,42.97,42.97,30.0,0.0,VF,1.0
HSN,55 - 59,39.99,39.99,30.0,0.0,RED,0.0
NRW,40 - 44,44.98,44.98,30.0,0.0,VF,0.0
NRW,40 - 44,29.99,29.99,30.0,0.0,VF,1.0
NRW,55 - 59,24.99,24.99,30.0,0.0,GIGAZUHAUSE,0.0
NRW,55 - 59,39.99,39.99,30.0,0.0,RED,1.0
NRW,under 18,39.99,39.99,30.0,0.0,GIGAZUHAUSE,1.0
NRW,45 - 49,34.99,34.99,30.0,0.0,VF,1.0
NRW,45 - 49,64.94,44.98,30.0,0.0,RED,1.0
NRW,75 - 79,39.99,39.99,30.0,0.0,RED,0.0
NRW,under 18,37.98,37.98,30.0,0.0,VF,1.0
HSN,under 18,39.99,39.99,30.0,0.0,RED,0.0
KBW,55 - 59,40.86,35.86,30.0,0.0,3PLAY,0.0
KBW,60 - 64,39.98,39.98,30.0,0.0,VF,1.0
KBW,under 18,39.98,39.99,30.0,0.0,VF,0.0
NRW,75 - 79,44.98,44.98,30.0,0.0,VF,1.0
KBW,60 - 64,48.97,48.97,30.0,0.0,VF,0.0
KBW,50 - 54,73.94,42.97,30.0,0.0,VF,0.0
NRW,under 18,39.99,39.99,30.0,0.0,VF,1.0
KBW,50 - 54,49.98,49.97,597.0,0.0,GIGAZUHAUSE,1.0
NRW,75 - 79,34.99,34.99,30.0,0.0,RED,1.0
KBW,75 - 79,44.98,44.98,30.0,0.0,VF,1.0
NRW,75 - 79,44.98,44.98,30.0,0.0,VF,1.0
NRW,75 - 79,44.98,44.98,30.0,0.0,VF,0.0
KBW,55 - 59,34.99,34.99,30.0,0.0,RED,0.0
HSN,under 18,49.97,49.97,30.0,0.0,RED,0.0
KBW,80 and over,44.99,44.99,30.0,0.0,VF,1.0
HSN,under 18,47.99,47.99,699.0,0.0,VF,1.0
HSN,55 - 59,29.99,29.99,30.0,0.0,RED,1.0
NRW,50 - 54,59.97,59.99,30.0,0.0,GIGAZUHAUSE,1.0
NRW,75 - 79,29.99,29.99,30.0,0.0,VF,0.0
KBW,25 - 29,44.98,44.98,30.0,0.0,VF,1.0
HSN,65 - 69,57.97,53.97,30.0,0.0,RED,1.0
NRW,60 - 64,44.98,44.98,30.0,0.0,VF,1.0
NRW,75 - 79,74.96,54.95,30.0,0.0,GIGAZUHAUSE,0.0
NRW,60 - 64,44.98,44.98,30.0,0.0,VF,1.0
NRW,40 - 44,54.95,54.99,30.0,0.0,RED,1.0
KBW,25 - 29,44.98,44.98,30.0,0.0,VF,1.0
NRW,75 - 79,64.98,74.98,30.0,0.0,VF,1.0
NRW,45 - 49,32.95,32.95,30.0,0.0,VF,0.0
NRW,18 - 24,39.98,39.98,30.0,0.0,VF,1.0
NRW,35 - 39,54.98,54.98,334.0,0.0,GIGAZUHAUSE,0.0
HSN,25 - 29,54.99,54.99,30.0,0.0,VF,1.0
KBW,60 - 64,34.99,34.99,30.0,0.0,RED,0.0
NRW,45 - 49,29.99,29.99,30.0,0.0,VF,1.0
HSN,45 - 49,59.98,59.98,30.0,0.0,RED,1.0
KBW,25 - 29,44.98,44.98,30.0,0.0,RED,0.0
NRW,55 - 59,49.97,49.99,30.0,0.0,VF,1.0
NRW,65 - 69,49.97,49.97,30.0,0.0,VF,0.0
NRW,under 18,34.99,34.99,99.0,0.0,RED,0.0
NRW,45 - 49,44.98,44.98,30.0,0.0,VF,1.0
KBW,45 - 49,42.99,42.98,30.0,0.0,VF,0.0
KBW,45 - 49,42.99,39.99,30.0,0.0,VF,1.0
NRW,40 - 44,44.98,44.98,30.0,0.0,VF,1.0
NRW,65 - 69,24.99,24.99,30.0,0.0,INTERNET,1.0
NRW,55 - 59,49.99,49.99,30.0,0.0,RED,1.0
NRW,under 18,34.99,34.99,30.0,0.0,RED,1.0
NRW,50 - 54,29.99,29.99,30.0,0.0,VF,1.0
HSN,60 - 64,34.99,34.99,30.0,0.0,RED,1.0
HSN,under 18,33.98,33.98,30.0,0.0,RED,1.0
NRW,45 - 49,44.97,44.97,30.0,0.0,VF,0.0
NRW,65 - 69,54.99,54.99,30.0,0.0,RED,0.0
NRW,50 - 54,42.97,42.97,30.0,0.0,GIGAZUHAUSE,0.0
KBW,50 - 54,42.97,42.97,30.0,0.0,VF,0.0
NRW,under 18,24.99,24.99,30.0,0.0,INTERNET,0.0
KBW,65 - 69,24.99,24.99,30.0,0.0,RED,0.0
KBW,75 - 79,44.98,44.98,30.0,1.0,RED,1.0
NRW,55 - 59,44.98,44.98,30.0,0.0,VF,0.0
KBW,25 - 29,44.98,44.98,30.0,0.0,VF,1.0
HSN,75 - 79,34.99,34.99,30.0,0.0,RED,1.0
KBW,75 - 79,29.99,29.99,30.0,0.0,GIGAZUHAUSE,0.0
NRW,25 - 29,59.98,59.99,30.0,0.0,RED,1.0
NRW,75 - 79,34.98,34.98,30.0,0.0,VF,1.0
KBW,55 - 59,34.99,34.99,30.0,0.0,RED,1.0
KBW,45 - 49,49.99,49.99,30.0,0.0,GIGAZUHAUSE,1.0
KBW,18 - 24,39.98,39.98,30.0,0.0,GIGAZUHAUSE,1.0
NRW,25 - 29,39.99,39.99,30.0,0.0,RED,1.0
NRW,35 - 39,29.99,29.99,30.0,0.0,VF,0.0
KBW,under 18,44.98,44.98,30.0,0.0,VF,0.0
NRW,25 - 29,44.99,44.99,30.0,0.0,RED,1.0
NRW,25 - 29,48.97,48.97,30.0,0.0,RED,0.0
NRW,55 - 59,39.98,39.98,30.0,0.0,GIGAZUHAUSE,1.0
KBW,40 - 44,32.99,32.99,30.0,0.0,VF,0.0
NRW,45 - 49,34.99,34.99,30.0,0.0,RED,0.0
NRW,30 - 34,44.98,44.98,30.0,0.0,VF,1.0
NRW,50 - 54,44.98,44.98,30.0,0.0,RED,0.0
KBW,60 - 64,49.97,49.97,30.0,0.0,VF,0.0
NRW,under 18,39.98,39.98,30.0,0.0,VF,1.0
NRW,25 - 29,63.97,42.98,696.0,0.0,GIGAZUHAUSE,0.0
KBW,75 - 79,39.99,39.99,30.0,0.0,RED,1.0
NRW,50 - 54,44.97,44.97,30.0,1.0,VF,1.0
KBW,50 - 54,44.98,44.98,30.0,0.0,VF,0.0
NRW,60 - 64,34.99,34.99,30.0,0.0,RED,0.0
NRW,40 - 44,34.99,34.99,30.0,0.0,GIGAZUHAUSE,1.0
NRW,50 - 54,43.97,43.98,577.0,0.0,GIGAZUHAUSE,1.0
KBW,under 18,44.97,44.97,30.0,0.0,RED,0.0
NRW,45 - 49,34.99,34.99,30.0,0.0,RED,0.0
KBW,30 - 34,59.98,59.98,30.0,0.0,RED,0.0
NRW,under 18,54.96,54.99,30.0,0.0,VF,0.0
KBW,75 - 79,44.98,44.98,30.0,0.0,VF,1.0
NRW,65 - 69,32.99,32.99,30.0,0.0,VF,0.0
HSN,55 - 59,72.99,42.99,77.0,0.0,VF,0.0
KBW,45 - 49,42.98,42.98,30.0,0.0,VF,0.0
KBW,80 and over,48.97,44.97,30.0,0.0,VF,0.0
KBW,25 - 29,39.98,39.98,30.0,0.0,VF,1.0
HSN,under 18,37.99,37.99,30.0,0.0,VF,0.0
KBW,60 - 64,58.98,58.98,30.0,0.0,RED,0.0
KBW,75 - 79,42.98,42.98,30.0,0.0,RED,1.0
NRW,55 - 59,38.98,44.98,30.0,0.0,RED,1.0
NRW,80 and over,44.98,44.98,30.0,0.0,RED,1.0
KBW,80 and over,39.99,39.99,30.0,0.0,RED,0.0
NRW,under 18,49.97,49.97,30.0,0.0,VF,1.0
HSN,75 - 79,44.98,44.98,30.0,0.0,RED,0.0
NRW,65 - 69,44.97,44.98,30.0,0.0,VF,1.0
KBW,65 - 69,44.98,44.98,30.0,0.0,VF,0.0
NRW,35 - 39,34.99,34.99,30.0,0.0,GIGAZUHAUSE,1.0
HSN,50 - 54,34.99,34.99,30.0,0.0,VF,0.0
NRW,25 - 29,29.99,29.99,30.0,0.0,VF,1.0
NRW,60 - 64,49.99,49.99,30.0,0.0,RED,0.0
KBW,under 18,44.98,44.98,30.0,0.0,RED,1.0
NRW,45 - 49,44.98,44.98,30.0,0.0,VF,1.0
KBW,75 - 79,39.98,39.98,30.0,0.0,VF,0.0
KBW,45 - 49,29.99,29.99,30.0,0.0,VF,0.0
HSN,45 - 49,24.99,24.99,30.0,0.0,INTERNET,1.0
NRW,18 - 24,34.99,37.99,30.0,0.0,RED,0.0
KBW,55 - 59,42.97,42.97,30.0,0.0,RED,0.0
NRW,50 - 54,34.99,34.99,30.0,0.0,RED,1.0
KBW,35 - 39,29.99,29.99,30.0,0.0,RED,1.0
KBW,75 - 79,27.99,24.99,30.0,0.0,VF,0.0
NRW,25 - 29,44.98,44.98,30.0,0.0,RED,1.0
KBW,25 - 29,44.97,44.97,30.0,0.0,VF,1.0
NRW,55 - 59,49.97,49.97,116.0,0.0,GIGAZUHAUSE,0.0
KBW,55 - 59,44.98,44.98,30.0,0.0,RED,1.0
NRW,40 - 44,44.98,44.98,30.0,0.0,VF,0.0
KBW,75 - 79,29.99,29.99,30.0,0.0,RED,0.0
NRW,45 - 49,44.98,44.98,30.0,0.0,VF,0.0
HSN,55 - 59,34.99,34.99,30.0,0.0,RED,1.0
NRW,25 - 29,44.98,44.98,30.0,0.0,RED,0.0
NRW,75 - 79,39.99,39.99,30.0,0.0,RED,1.0
HSN,40 - 44,44.98,44.98,30.0,0.0,VF,0.0
NRW,40 - 44,44.98,44.98,30.0,0.0,VF,0.0
KBW,55 - 59,55.93,34.99,30.0,0.0,RED,0.0
NRW,35 - 39,34.99,34.99,30.0,0.0,GIGAZUHAUSE,1.0
NRW,50 - 54,39.98,39.99,30.0,0.0,GIGAZUHAUSE,1.0
NRW,under 18,44.98,44.98,30.0,0.0,VF,0.0
KBW,50 - 54,57.97,42.97,30.0,0.0,GIGAZUHAUSE,0.0
NRW,18 - 24,44.98,44.98,30.0,0.0,VF,0.0
NRW,65 - 69,32.99,32.99,30.0,0.0,GIGAZUHAUSE,1.0
NRW,under 18,54.98,54.98,30.0,0.0,RED,0.0
NRW,25 - 29,29.99,29.99,30.0,0.0,VF,0.0
KBW,under 18,49.97,49.97,30.0,0.0,VF,1.0
KBW,25 - 29,39.98,39.98,30.0,0.0,RED,1.0
KBW,75 - 79,29.99,29.99,30.0,0.0,VF,0.0
KBW,under 18,64.88,25.0,30.0,0.0,RED,0.0
NRW,under 18,44.98,44.98,30.0,0.0,RED,1.0
NRW,30 - 34,29.98,29.98,30.0,0.0,RED,1.0
NRW,75 - 79,49.98,49.97,30.0,0.0,VF,0.0
HSN,55 - 59,44.98,44.98,30.0,0.0,VF,0.0
KBW,60 - 64,44.98,44.98,30.0,0.0,VF,0.0
NRW,75 - 79,39.99,39.99,30.0,0.0,VF,1.0
KBW,60 - 64,44.97,44.97,30.0,0.0,GIGAZUHAUSE,0.0
NRW,under 18,53.96,47.96,30.0,0.0,VF,1.0
NRW,65 - 69,19.99,19.99,30.0,0.0,GIGAZUHAUSE,0.0
NRW,75 - 79,55.93,34.99,30.0,0.0,GIGAZUHAUSE,0.0
NRW,65 - 69,27.99,27.99,30.0,0.0,GIGAZUHAUSE,0.0
KBW,under 18,39.98,39.98,30.0,0.0,RED,0.0
NRW,45 - 49,39.99,39.99,30.0,0.0,VF,0.0
NRW,25 - 29,44.98,44.98,30.0,0.0,VF,1.0
KBW,45 - 49,34.99,34.99,30.0,0.0,RED,0.0
KBW,45 - 49,47.98,47.96,30.0,1.0,VF,0.0
KBW,65 - 69,44.98,44.98,30.0,0.0,VF,1.0
NRW,35 - 39,44.98,44.98,30.0,0.0,RED,0.0
HSN,under 18,44.98,44.98,30.0,0.0,VF,0.0
KBW,under 18,24.99,24.99,643.0,0.0,GIGAZUHAUSE,0.0
NRW,40 - 44,57.97,54.99,30.0,0.0,RED,1.0
KBW,60 - 64,44.98,44.98,692.0,0.0,VF,0.0
NRW,80 and over,42.97,42.97,30.0,0.0,RED,0.0
KBW,25 - 29,39.99,39.99,30.0,0.0,RED,1.0
NRW,75 - 79,50.97,43.97,30.0,0.0,VF,0.0
KBW,75 - 79,44.98,44.98,30.0,0.0,VF,0.0
HSN,60 - 64,29.98,29.98,30.0,0.0,VF,1.0
NRW,55 - 59,42.98,42.98,30.0,0.0,VF,0.0
HSN,50 - 54,47.97,47.98,30.0,0.0,VF,1.0
NRW,60 - 64,39.98,39.98,30.0,0.0,VF,0.0
KBW,50 - 54,58.98,37.98,30.0,0.0,VF,0.0
NRW,under 18,44.77,44.98,30.0,0.0,VF,1.0
NRW,45 - 49,44.97,44.97,30.0,0.0,VF,0.0
KBW,25 - 29,39.99,39.99,30.0,0.0,RED,1.0
NRW,35 - 39,44.98,44.98,30.0,0.0,VF,1.0
HSN,55 - 59,54.99,54.99,30.0,0.0,RED,0.0
KBW,under 18,39.99,39.99,30.0,0.0,VF,1.0
NRW,50 - 54,44.98,44.98,30.0,0.0,VF,1.0
KBW,25 - 29,34.99,34.99,30.0,0.0,GIGAZUHAUSE,1.0
NRW,75 - 79,44.99,44.99,30.0,1.0,RED,1.0
HSN,80 and over,34.99,34.99,30.0,0.0,RED,0.0
KBW,55 - 59,29.99,29.99,30.0,0.0,VF,1.0
KBW,under 18,79.99,39.99,30.0,0.0,VF,0.0
KBW,45 - 49,47.96,47.98,30.0,0.0,GIGAZUHAUSE,1.0
NRW,55 - 59,32.99,32.99,30.0,0.0,VF,0.0
NRW,40 - 44,24.99,24.99,30.0,0.0,GIGAZUHAUSE,0.0
KBW,75 - 79,44.98,44.98,30.0,0.0,RED,1.0
NRW,55 - 59,44.98,44.98,30.0,0.0,VF,0.0
KBW,55 - 59,55.95,65.86,30.0,0.0,3PLAY,1.0
NRW,30 - 34,37.99,37.99,30.0,0.0,VF,1.0
KBW,under 18,42.98,42.98,30.0,0.0,VF,0.0
NRW,25 - 29,39.99,39.99,30.0,0.0,RED,1.0
KBW,under 18,54.96,54.99,30.0,0.0,RED,0.0
HSN,45 - 49,39.99,39.99,143.0,0.0,GIGAZUHAUSE,0.0
HSN,35 - 39,44.98,44.98,30.0,0.0,VF,1.0
NRW,55 - 59,47.96,47.96,30.0,0.0,RED,0.0
NRW,25 - 29,34.99,34.99,30.0,0.0,RED,0.0
HSN,50 - 54,37.98,37.98,30.0,0.0,VF,1.0
NRW,55 - 59,58.98,38.98,30.0,0.0,RED,1.0
NRW,40 - 44,34.98,34.98,30.0,0.0,VF,1.0
KBW,60 - 64,44.98,44.98,30.0,0.0,VF,0.0
KBW,under 18,44.98,44.98,30.0,1.0,3PLAY,0.0
NRW,under 18,39.98,39.98,30.0,0.0,RED,1.0
HSN,65 - 69,49.99,49.99,30.0,0.0,VF,1.0
NRW,25 - 29,44.98,44.98,30.0,0.0,RED,0.0
KBW,75 - 79,39.99,39.99,30.0,0.0,RED,0.0
KBW,40 - 44,29.99,29.99,30.0,0.0,VF,0.0
HSN,55 - 59,27.99,27.99,30.0,0.0,RED,0.0
NRW,25 - 29,34.99,34.99,30.0,0.0,RED,0.0
KBW,55 - 59,61.95,44.99,30.0,0.0,2PLAY,1.0
NRW,40 - 44,39.99,39.99,30.0,0.0,VF,0.0
NRW,75 - 79,39.99,39.99,30.0,0.0,VF,0.0
KBW,55 - 59,44.98,44.98,30.0,0.0,VF,1.0
NRW,under 18,34.99,34.99,30.0,0.0,VF,1.0
KBW,35 - 39,44.98,44.98,108.0,0.0,VF,0.0
KBW,60 - 64,32.98,37.99,30.0,0.0,VF,0.0
NRW,40 - 44,59.97,39.99,30.0,0.0,RED,0.0
NRW,50 - 54,54.98,54.98,30.0,0.0,RED,0.0
KBW,25 - 29,27.99,27.99,30.0,0.0,GIGAZUHAUSE,1.0
NRW,30 - 34,47.99,47.99,30.0,0.0,GIGAZUHAUSE,1.0
KBW,40 - 44,44.98,44.98,30.0,0.0,VF,1.0
HSN,75 - 79,24.99,24.99,30.0,0.0,VF,0.0
KBW,50 - 54,49.99,49.97,30.0,0.0,RED,1.0
NRW,75 - 79,29.99,29.99,30.0,1.0,VF,0.0
HSN,50 - 54,29.99,29.99,30.0,0.0,VF,1.0
KBW,40 - 44,44.98,44.98,30.0,0.0,VF,0.0
NRW,45 - 49,45.93,50.97,30.0,0.0,3PLAY,0.0
KBW,45 - 49,39.98,39.98,498.0,0.0,GIGAZUHAUSE,1.0
KBW,45 - 49,34.99,34.99,30.0,0.0,VF,0.0
NRW,25 - 29,39.99,39.99,30.0,0.0,RED,0.0
NRW,25 - 29,44.98,44.98,30.0,0.0,RED,1.0
KBW,65 - 69,60.97,39.99,30.0,0.0,VF,0.0
KBW,under 18,39.99,39.99,30.0,0.0,RED,1.0
NRW,55 - 59,64.98,44.98,30.0,0.0,RED,0.0
KBW,under 18,44.98,44.98,30.0,0.0,VF,0.0
NRW,60 - 64,49.99,49.99,30.0,0.0,VF,1.0
NRW,55 - 59,34.99,34.99,30.0,0.0,RED,1.0
HSN,65 - 69,39.98,39.98,30.0,0.0,GIGAZUHAUSE,1.0
HSN,55 - 59,47.96,47.96,30.0,0.0,VF,0.0
NRW,30 - 34,42.97,42.97,30.0,0.0,GIGAZUHAUSE,1.0
NRW,under 18,34.99,34.99,30.0,0.0,RED,0.0
NRW,50 - 54,39.99,39.99,30.0,0.0,VF,1.0
KBW,75 - 79,48.97,48.97,30.0,0.0,GIGAZUHAUSE,0.0
KBW,under 18,49.99,49.99,30.0,0.0,RED,1.0
NRW,55 - 59,29.99,29.99,30.0,0.0,VF,1.0
NRW,60 - 64,42.97,42.97,30.0,0.0,3PLAY,1.0
NRW,50 - 54,34.99,34.99,30.0,0.0,RED,0.0
NRW,55 - 59,49.99,49.99,30.0,0.0,RED,1.0
NRW,50 - 54,39.99,39.99,30.0,0.0,VF,1.0
KBW,75 - 79,54.98,54.99,30.0,0.0,GIGAZUHAUSE,1.0
KBW,80 and over,49.97,49.97,30.0,0.0,VF,0.0
NRW,50 - 54,54.97,54.97,30.0,0.0,VF,0.0
HSN,45 - 49,54.98,54.99,30.0,0.0,RED,0.0
HSN,40 - 44,44.98,44.98,30.0,0.0,VF,0.0
KBW,under 18,39.99,39.99,30.0,0.0,GIGAZUHAUSE,1.0
HSN,55 - 59,63.99,42.98,30.0,0.0,RED,0.0
KBW,55 - 59,48.97,48.97,30.0,0.0,VF,1.0
KBW,40 - 44,44.98,44.98,30.0,0.0,VF,1.0
KBW,45 - 49,44.98,44.98,30.0,0.0,VF,1.0
NRW,under 18,49.97,49.97,30.0,0.0,RED,1.0
HSN,75 - 79,49.97,49.97,30.0,0.0,VF,0.0
NRW,25 - 29,44.98,44.98,30.0,0.0,RED,1.0
NRW,50 - 54,32.99,32.99,30.0,0.0,GIGAZUHAUSE,0.0
NRW,75 - 79,34.99,34.99,30.0,0.0,RED,0.0
NRW,55 - 59,42.98,42.98,30.0,0.0,VF,1.0
KBW,25 - 29,54.98,54.99,30.0,0.0,RED,1.0
NRW,75 - 79,44.98,44.98,30.0,0.0,VF,1.0
NRW,55 - 59,49.97,49.97,30.0,0.0,RED,1.0
NRW,25 - 29,39.98,39.98,30.0,0.0,VF,0.0
HSN,45 - 49,29.99,29.99,30.0,0.0,RED,0.0
HSN,60 - 64,39.99,39.99,30.0,0.0,RED,1.0
NRW,under 18,34.99,34.99,30.0,0.0,RED,0.0
KBW,30 - 34,34.99,34.99,30.0,0.0,RED,1.0
NRW,50 - 54,29.99,29.99,30.0,0.0,3PLAY,0.0
KBW,60 - 64,39.98,39.98,673.0,0.0,GIGAZUHAUSE,1.0
KBW,75 - 79,43.98,43.98,30.0,0.0,RED,1.0
NRW,55 - 59,29.99,29.99,30.0,0.0,VF,0.0
NRW,under 18,44.98,44.98,30.0,0.0,VF,1.0
KBW,45 - 49,54.99,54.99,30.0,0.0,VF,1.0
NRW,25 - 29,42.98,42.98,30.0,0.0,GIGAZUHAUSE,0.0
NRW,45 - 49,39.99,39.99,30.0,0.0,RED,0.0
KBW,80 and over,44.98,44.98,30.0,0.0,VF,1.0
NRW,45 - 49,48.97,48.97,30.0,0.0,VF,0.0
KBW,under 18,44.98,44.98,30.0,0.0,VF,0.0
NRW,75 - 79,69.96,49.98,30.0,0.0,VF,1.0
KBW,35 - 39,61.43,48.99,30.0,0.0,RED,1.0
KBW,80 and over,39.99,39.99,30.0,0.0,GIGAZUHAUSE,0.0
NRW,65 - 69,39.99,39.99,30.0,0.0,RED,0.0
NRW,75 - 79,54.98,54.98,30.0,0.0,RED,0.0
KBW,under 18,49.98,54.98,30.0,0.0,RED,1.0
NRW,60 - 64,39.99,39.99,30.0,0.0,RED,0.0
KBW,40 - 44,52.97,52.96,30.0,0.0,VF,0.0
KBW,75 - 79,42.98,62.98,30.0,0.0,VF,0.0
HSN,55 - 59,34.99,34.99,30.0,0.0,RED,0.0
KBW,50 - 54,32.99,32.99,30.0,0.0,VF,1.0
KBW,35 - 39,39.99,39.99,30.0,0.0,VF,1.0
KBW,65 - 69,43.98,43.98,30.0,0.0,RED,1.0
NRW,30 - 34,54.98,54.99,30.0,0.0,RED,1.0
NRW,25 - 29,49.99,49.99,30.0,0.0,RED,0.0
KBW,40 - 44,59.98,59.98,30.0,0.0,VF,1.0
KBW,25 - 29,44.98,44.98,30.0,0.0,VF,1.0
HSN,50 - 54,42.98,42.97,30.0,0.0,VF,0.0
HSN,75 - 79,47.96,47.96,30.0,0.0,VF,0.0
KBW,55 - 59,39.98,39.98,30.0,0.0,VF,1.0
NRW,25 - 29,34.99,34.99,30.0,0.0,RED,0.0
NRW,50 - 54,39.99,39.99,30.0,0.0,GIGAZUHAUSE,1.0
KBW,under 18,65.33,44.98,30.0,0.0,RED,0.0
KBW,65 - 69,49.97,49.97,30.0,0.0,VF,0.0
NRW,30 - 34,34.99,34.99,30.0,0.0,GIGAZUHAUSE,0.0
NRW,45 - 49,42.97,42.97,30.0,0.0,VF,0.0
NRW,75 - 79,49.98,59.98,30.0,0.0,VF,1.0
KBW,under 18,29.99,29.99,30.0,0.0,VF,1.0
KBW,50 - 54,49.98,49.97,30.0,0.0,RED,1.0
KBW,25 - 29,47.98,47.98,30.0,0.0,VF,1.0
HSN,35 - 39,39.99,39.99,30.0,0.0,RED,1.0
NRW,under 18,37.99,37.99,30.0,0.0,VF,1.0
NRW,50 - 54,39.98,39.98,30.0,0.0,VF,0.0
KBW,45 - 49,39.98,49.97,30.0,0.0,RED,0.0
KBW,25 - 29,44.98,44.98,30.0,0.0,VF,0.0
KBW,65 - 69,42.98,42.98,30.0,0.0,2PLAY,0.0
KBW,60 - 64,55.97,43.98,30.0,0.0,RED,0.0
NRW,25 - 29,34.99,34.99,30.0,0.0,RED,0.0
KBW,65 - 69,54.99,54.99,30.0,0.0,VF,0.0
KBW,55 - 59,47.98,47.98,30.0,0.0,VF,0.0
HSN,65 - 69,34.99,34.99,30.0,0.0,RED,1.0
NRW,40 - 44,29.99,29.99,30.0,0.0,GIGAZUHAUSE,1.0
KBW,30 - 34,50.94,45.9,30.0,0.0,3PLAY,0.0
KBW,55 - 59,44.98,37.99,30.0,0.0,VF,0.0
HSN,under 18,48.97,48.97,30.0,0.0,VF,1.0
KBW,40 - 44,39.98,39.98,30.0,0.0,VF,1.0
NRW,75 - 79,29.99,29.99,30.0,0.0,VF,1.0
KBW,25 - 29,44.98,44.98,30.0,0.0,RED,0.0
HSN,55 - 59,44.98,44.98,30.0,0.0,RED,1.0
KBW,under 18,39.99,39.99,30.0,0.0,RED,1.0
NRW,45 - 49,52.96,32.96,30.0,0.0,VF,0.0
NRW,55 - 59,44.98,44.98,30.0,0.0,VF,1.0
NRW,50 - 54,29.99,29.99,30.0,0.0,VF,1.0
NRW,50 - 54,19.99,29.99,30.0,0.0,3PLAY,1.0
KBW,under 18,37.99,37.99,30.0,0.0,VF,0.0
NRW,under 18,44.98,44.98,30.0,0.0,VF,0.0
HSN,45 - 49,44.98,44.98,30.0,0.0,VF,0.0
KBW,65 - 69,39.98,39.98,30.0,0.0,GIGAZUHAUSE,0.0
KBW,50 - 54,59.98,59.98,30.0,0.0,RED,1.0
KBW,60 - 64,54.98,54.99,30.0,0.0,RED,0.0
HSN,60 - 64,34.99,34.99,30.0,0.0,RED,1.0
NRW,45 - 49,44.98,44.98,30.0,0.0,VF,0.0
NRW,55 - 59,34.99,34.99,30.0,0.0,VF,0.0
NRW,75 - 79,44.98,44.98,30.0,0.0,RED,0.0
KBW,under 18,39.98,39.98,653.0,0.0,GIGAZUHAUSE,0.0
NRW,60 - 64,34.99,34.99,30.0,0.0,RED,1.0
KBW,45 - 49,49.99,49.99,30.0,0.0,GIGAZUHAUSE,1.0
KBW,45 - 49,47.97,47.97,109.0,0.0,GIGAZUHAUSE,1.0
NRW,50 - 54,34.99,34.99,30.0,0.0,VF,1.0
NRW,55 - 59,44.98,44.98,30.0,0.0,VF,0.0
KBW,25 - 29,44.98,44.98,30.0,0.0,RED,1.0
HSN,18 - 24,37.98,37.98,126.0,0.0,GIGAZUHAUSE,1.0
NRW,under 18,39.99,39.99,30.0,0.0,RED,0.0
NRW,18 - 24,44.98,44.98,30.0,0.0,RED,0.0
KBW,65 - 69,29.99,29.99,30.0,0.0,VF,0.0
NRW,40 - 44,39.99,39.99,30.0,0.0,RED,1.0
KBW,75 - 79,39.99,39.99,30.0,0.0,VF,1.0
NRW,45 - 49,44.98,29.98,30.0,0.0,VF,1.0
NRW,75 - 79,44.98,44.98,30.0,0.0,VF,0.0
KBW,25 - 29,42.97,42.97,30.0,0.0,3PLAY,0.0
KBW,75 - 79,44.98,44.98,30.0,0.0,VF,0.0
NRW,60 - 64,44.98,44.98,30.0,0.0,VF,0.0
HSN,45 - 49,69.96,49.97,30.0,0.0,3PLAY,1.0
NRW,under 18,39.99,39.99,30.0,0.0,RED,0.0
KBW,under 18,47.99,47.99,30.0,0.0,VF,0.0
NRW,50 - 54,34.99,34.99,30.0,0.0,GIGAZUHAUSE,0.0
HSN,75 - 79,39.99,39.99,30.0,0.0,VF,0.0
NRW,40 - 44,25.97,44.97,60.0,0.0,RED,0.0
NRW,under 18,32.99,32.99,30.0,0.0,VF,1.0
KBW,under 18,34.99,34.99,30.0,0.0,VF,0.0
NRW,65 - 69,44.98,44.99,30.0,0.0,RED,1.0
NRW,25 - 29,39.98,39.98,172.0,0.0,GIGAZUHAUSE,0.0
KBW,40 - 44,39.99,39.99,30.0,0.0,VF,1.0
KBW,25 - 29,19.99,19.99,30.0,0.0,INTERNET,0.0
KBW,50 - 54,29.99,29.99,30.0,0.0,INTERNET,0.0
KBW,45 - 49,44.98,44.98,30.0,0.0,VF,1.0
HSN,55 - 59,39.99,39.99,365.0,0.0,GIGAZUHAUSE,1.0
NRW,45 - 49,44.98,44.98,30.0,0.0,VF,1.0
KBW,65 - 69,44.98,44.98,30.0,0.0,VF,0.0
HSN,55 - 59,34.99,34.99,30.0,0.0,RED,1.0
KBW,55 - 59,42.97,42.97,30.0,0.0,RED,1.0
KBW,45 - 49,37.98,37.98,30.0,0.0,VF,0.0
KBW,55 - 59,44.98,44.98,30.0,0.0,RED,1.0
NRW,under 18,59.99,59.99,30.0,0.0,2PLAY,0.0
KBW,25 - 29,54.99,54.99,30.0,0.0,RED,0.0
NRW,55 - 59,42.98,42.98,30.0,0.0,3PLAY,0.0
HSN,75 - 79,39.99,39.99,30.0,0.0,VF,0.0
HSN,80 and over,54.97,54.99,30.0,0.0,GIGAZUHAUSE,0.0
KBW,50 - 54,34.99,34.99,30.0,0.0,RED,1.0
NRW,25 - 29,44.98,44.98,30.0,0.0,VF,1.0
KBW,50 - 54,62.98,42.98,30.0,0.0,RED,0.0
NRW,55 - 59,37.98,37.98,30.0,0.0,VF,0.0
KBW,40 - 44,49.97,49.97,30.0,0.0,VF,0.0
KBW,80 and over,44.98,44.98,30.0,0.0,RED,1.0
KBW,60 - 64,54.98,54.98,30.0,0.0,RED,0.0
KBW,under 18,48.97,48.97,30.0,0.0,VF,0.0
HSN,50 - 54,39.99,39.99,30.0,0.0,VF,1.0
KBW,75 - 79,29.98,29.99,30.0,0.0,VF,0.0
NRW,25 - 29,73.98,52.98,30.0,0.0,GIGAZUHAUSE,0.0
HSN,under 18,37.98,37.98,30.0,0.0,VF,1.0
NRW,55 - 59,39.99,39.99,30.0,0.0,VF,0.0
KBW,50 - 54,39.98,39.98,30.0,0.0,VF,1.0
NRW,under 18,52.97,47.97,30.0,0.0,3PLAY,0.0
NRW,45 - 49,44.98,44.98,597.0,0.0,VF,0.0
KBW,55 - 59,49.98,49.98,30.0,0.0,VF,1.0
KBW,75 - 79,54.99,54.99,30.0,0.0,RED,0.0
NRW,55 - 59,44.98,44.98,30.0,0.0,VF,0.0
NRW,under 18,39.98,39.98,30.0,0.0,RED,1.0
KBW,40 - 44,49.97,24.99,30.0,0.0,VF,1.0
NRW,under 18,37.98,37.98,30.0,0.0,VF,0.0
NRW,60 - 64,78.96,44.98,30.0,0.0,VF,1.0
NRW,30 - 34,49.98,49.99,30.0,0.0,3PLAY,0.0
NRW,40 - 44,37.98,37.98,155.0,0.0,GIGAZUHAUSE,0.0
NRW,60 - 64,29.99,29.99,30.0,0.0,VF,0.0
HSN,25 - 29,39.99,39.99,30.0,0.0,VF,1.0
NRW,60 - 64,44.98,44.98,30.0,0.0,VF,1.0
NRW,55 - 59,39.99,39.99,30.0,0.0,RED,0.0
HSN,25 - 29,44.98,44.98,30.0,0.0,GIGAZUHAUSE,0.0
NRW,30 - 34,24.99,24.99,30.0,0.0,INTERNET,1.0
KBW,75 - 79,34.99,34.99,30.0,0.0,RED,1.0
NRW,35 - 39,49.97,49.97,30.0,0.0,VF,1.0
NRW,50 - 54,42.97,42.97,347.0,0.0,GIGAZUHAUSE,1.0
NRW,50 - 54,39.99,39.99,30.0,0.0,RED,1.0
NRW,30 - 34,39.99,39.99,30.0,0.0,RED,1.0
NRW,25 - 29,38.98,38.98,30.0,0.0,RED,0.0
KBW,75 - 79,34.99,34.99,30.0,0.0,RED,1.0
NRW,65 - 69,39.99,29.99,30.0,0.0,VF,0.0
HSN,35 - 39,29.98,29.99,30.0,0.0,VF,1.0
HSN,65 - 69,44.99,44.99,30.0,0.0,VF,0.0
NRW,25 - 29,39.98,39.98,30.0,0.0,GIGAZUHAUSE,1.0
NRW,18 - 24,44.98,44.98,30.0,0.0,RED,0.0
NRW,50 - 54,29.99,29.99,30.0,0.0,VF,0.0
NRW,40 - 44,34.99,34.99,30.0,0.0,VF,0.0
KBW,18 - 24,43.97,43.97,30.0,0.0,GIGAZUHAUSE,1.0
KBW,25 - 29,42.97,42.99,30.0,0.0,VF,0.0
NRW,65 - 69,54.99,54.99,30.0,0.0,VF,1.0
KBW,under 18,44.98,44.98,30.0,1.0,VF,1.0
NRW,75 - 79,29.99,29.99,30.0,0.0,VF,1.0
NRW,55 - 59,34.99,34.99,30.0,0.0,RED,0.0
KBW,60 - 64,44.98,44.98,30.0,0.0,VF,1.0
KBW,35 - 39,34.99,34.99,30.0,0.0,GIGAZUHAUSE,1.0
NRW,65 - 69,59.96,59.98,30.0,0.0,VF,0.0
KBW,80 and over,54.98,44.98,30.0,0.0,RED,1.0
NRW,25 - 29,44.98,44.98,30.0,0.0,VF,1.0
NRW,75 - 79,44.98,44.98,30.0,0.0,VF,1.0
NRW,60 - 64,29.99,29.99,30.0,0.0,VF,1.0
NRW,45 - 49,37.98,42.98,30.0,0.0,VF,0.0
HSN,55 - 59,54.99,54.99,30.0,0.0,RED,0.0
NRW,40 - 44,47.99,47.99,30.0,0.0,VF,1.0
NRW,75 - 79,49.99,24.99,30.0,0.0,GIGAZUHAUSE,0.0
NRW,25 - 29,29.99,29.99,30.0,0.0,VF,0.0
HSN,25 - 29,29.98,29.98,30.0,0.0,VF,1.0
NRW,40 - 44,39.99,39.99,30.0,0.0,VF,0.0
KBW,25 - 29,34.99,34.99,164.0,0.0,GIGAZUHAUSE,1.0
NRW,under 18,44.98,44.98,30.0,0.0,RED,1.0
KBW,40 - 44,34.99,34.99,30.0,0.0,VF,0.0
NRW,45 - 49,44.98,44.98,30.0,0.0,VF,0.0
NRW,75 - 79,43.98,43.98,30.0,0.0,RED,0.0
KBW,75 - 79,39.99,39.99,30.0,0.0,VF,0.0
HSN,55 - 59,44.98,44.98,30.0,0.0,GIGAZUHAUSE,1.0
NRW,40 - 44,42.98,42.98,30.0,0.0,2PLAY,0.0
HSN,40 - 44,34.99,34.99,30.0,0.0,RED,1.0
NRW,50 - 54,44.98,44.98,30.0,0.0,VF,0.0
NRW,25 - 29,34.99,34.99,30.0,1.0,RED,0.0
KBW,55 - 59,44.98,44.98,30.0,0.0,RED,1.0
NRW,75 - 79,44.98,44.98,30.0,0.0,VF,1.0
NRW,50 - 54,34.99,34.99,30.0,0.0,RED,1.0
NRW,40 - 44,49.98,49.98,30.0,0.0,VF,0.0
NRW,65 - 69,34.99,34.99,30.0,0.0,RED,1.0
KBW,45 - 49,40.9,40.9,30.0,0.0,3PLAY,0.0
KBW,50 - 54,44.98,44.98,30.0,0.0,RED,1.0
HSN,60 - 64,39.99,39.99,30.0,0.0,RED,1.0
KBW,under 18,44.98,44.98,30.0,0.0,RED,1.0
HSN,25 - 29,44.98,44.98,30.0,0.0,RED,1.0
KBW,45 - 49,49.99,49.99,30.0,0.0,VF,1.0
KBW,80 and over,44.98,44.98,30.0,0.0,VF,1.0
KBW,50 - 54,52.96,52.96,30.0,0.0,GIGAZUHAUSE,1.0
HSN,55 - 59,34.99,34.99,30.0,0.0,RED,1.0
NRW,45 - 49,29.99,29.99,30.0,0.0,VF,1.0
KBW,25 - 29,39.99,39.99,30.0,0.0,RED,1.0
NRW,18 - 24,42.97,42.98,30.0,0.0,3PLAY,1.0
KBW,40 - 44,44.98,44.98,30.0,0.0,RED,1.0
NRW,under 18,34.99,34.99,30.0,0.0,RED,0.0
NRW,55 - 59,39.98,39.98,30.0,0.0,RED,0.0
KBW,under 18,44.98,44.98,30.0,0.0,RED,0.0
NRW,40 - 44,29.99,29.99,30.0,0.0,VF,1.0
KBW,60 - 64,39.98,44.98,30.0,0.0,GIGAZUHAUSE,0.0
KBW,55 - 59,44.98,44.98,30.0,0.0,RED,0.0
HSN,80 and over,60.93,39.99,30.0,0.0,2PLAY,0.0
NRW,75 - 79,37.99,37.99,30.0,0.0,VF,1.0
NRW,55 - 59,54.99,54.99,30.0,0.0,RED,0.0
NRW,25 - 29,49.97,39.99,30.0,0.0,RED,1.0
NRW,45 - 49,49.97,49.97,30.0,0.0,VF,1.0
HSN,75 - 79,39.98,39.98,30.0,0.0,VF,1.0
KBW,under 18,24.99,24.99,30.0,0.0,VF,0.0
HSN,25 - 29,48.97,48.97,30.0,0.0,RED,1.0
HSN,45 - 49,39.98,39.98,30.0,0.0,VF,1.0
NRW,30 - 34,43.98,43.99,30.0,0.0,RED,1.0
NRW,30 - 34,46.97,46.97,30.0,0.0,2PLAY,1.0
NRW,25 - 29,39.98,39.98,30.0,0.0,RED,0.0
NRW,60 - 64,42.97,42.97,30.0,0.0,GIGAZUHAUSE,0.0
HSN,65 - 69,44.98,44.98,30.0,0.0,VF,0.0
HSN,75 - 79,39.99,39.99,30.0,0.0,VF,0.0
KBW,40 - 44,24.99,24.99,30.0,0.0,VF,1.0
NRW,55 - 59,44.98,44.98,30.0,0.0,RED,1.0
NRW,50 - 54,49.99,49.99,30.0,0.0,VF,1.0
NRW,55 - 59,44.98,44.98,30.0,0.0,VF,1.0
HSN,50 - 54,44.99,44.98,30.0,0.0,VF,0.0
KBW,55 - 59,65.98,44.98,30.0,0.0,VF,1.0
HSN,25 - 29,39.99,39.99,30.0,0.0,VF,1.0
NRW,under 18,32.99,32.99,30.0,0.0,VF,0.0
NRW,60 - 64,29.99,29.99,30.0,0.0,INTERNET,1.0
NRW,25 - 29,34.99,34.99,30.0,0.0,RED,1.0
NRW,under 18,39.99,39.99,30.0,0.0,VF,1.0
NRW,18 - 24,63.98,42.98,30.0,0.0,GIGAZUHAUSE,0.0
KBW,30 - 34,44.98,44.98,30.0,0.0,VF,1.0
KBW,60 - 64,44.98,44.98,30.0,0.0,RED,1.0
NRW,45 - 49,64.97,29.97,30.0,0.0,VF,1.0
NRW,under 18,42.98,42.98,30.0,0.0,VF,0.0
NRW,30 - 34,45.95,40.97,30.0,0.0,EAZY,1.0
NRW,40 - 44,44.98,44.98,30.0,0.0,RED,0.0
KBW,50 - 54,44.98,44.98,30.0,0.0,VF,0.0
NRW,65 - 69,44.98,44.98,30.0,0.0,VF,1.0
NRW,25 - 29,24.99,24.99,30.0,0.0,RED,1.0
NRW,45 - 49,34.99,34.99,30.0,0.0,RED,1.0
KBW,55 - 59,34.99,34.99,30.0,0.0,RED,0.0
NRW,18 - 24,39.99,39.99,30.0,0.0,VF,1.0
NRW,65 - 69,44.98,44.98,30.0,0.0,VF,1.0
HSN,80 and over,40.9,40.0,30.0,0.0,MMA,0.0
KBW,25 - 29,39.98,39.98,716.0,0.0,GIGAZUHAUSE,1.0
HSN,25 - 29,34.99,34.99,30.0,0.0,RED,1.0
NRW,30 - 34,49.97,49.97,30.0,0.0,VF,0.0
KBW,55 - 59,44.98,44.98,30.0,0.0,RED,1.0
KBW,50 - 54,44.98,44.98,30.0,1.0,VF,1.0
NRW,75 - 79,37.98,37.98,30.0,0.0,GIGAZUHAUSE,0.0
KBW,25 - 29,34.99,34.99,30.0,0.0,VF,0.0
NRW,75 - 79,49.97,49.97,30.0,0.0,VF,1.0
NRW,50 - 54,44.98,44.98,30.0,0.0,VF,0.0
NRW,under 18,44.98,44.98,30.0,0.0,VF,0.0
KBW,55 - 59,34.99,34.99,30.0,0.0,RED,0.0
HSN,25 - 29,34.98,34.98,30.0,0.0,GIGAZUHAUSE,1.0
HSN,under 18,29.99,29.99,30.0,0.0,RED,1.0
NRW,75 - 79,49.97,49.97,30.0,0.0,VF,1.0
NRW,55 - 59,44.98,44.98,30.0,1.0,VF,1.0
NRW,40 - 44,39.99,39.99,30.0,0.0,RED,1.0
KBW,25 - 29,39.99,39.99,30.0,0.0,RED,1.0
HSN,55 - 59,44.97,44.98,30.0,0.0,RED,1.0
NRW,30 - 34,37.98,37.98,30.0,0.0,VF,0.0
NRW,under 18,44.98,44.98,30.0,0.0,VF,1.0
HSN,40 - 44,29.99,29.99,30.0,0.0,3PLAY,1.0
KBW,75 - 79,64.98,64.98,635.0,0.0,GIGAZUHAUSE,1.0
HSN,65 - 69,24.99,24.99,30.0,0.0,VF,0.0
KBW,45 - 49,29.99,29.99,30.0,0.0,VF,1.0
NRW,35 - 39,42.98,42.98,30.0,0.0,RED,1.0
KBW,under 18,49.99,49.99,30.0,0.0,RED,0.0
KBW,75 - 79,37.98,37.98,596.0,0.0,GIGAZUHAUSE,1.0
NRW,40 - 44,59.98,39.99,30.0,0.0,RED,0.0
NRW,50 - 54,27.99,27.99,162.0,0.0,GIGAZUHAUSE,1.0
HSN,25 - 29,39.99,39.99,30.0,0.0,RED,0.0
KBW,60 - 64,42.98,42.98,30.0,0.0,VF,1.0
KBW,45 - 49,54.99,54.99,30.0,0.0,RED,1.0
KBW,18 - 24,24.98,24.99,30.0,0.0,INTERNET,1.0
KBW,75 - 79,39.98,39.98,30.0,0.0,VF,0.0
NRW,50 - 54,34.99,34.99,30.0,0.0,RED,1.0
NRW,under 18,39.99,39.99,30.0,0.0,VF,1.0
NRW,55 - 59,49.99,49.99,30.0,0.0,RED,0.0
HSN,18 - 24,39.99,39.99,30.0,0.0,RED,0.0
KBW,75 - 79,37.98,37.98,30.0,0.0,VF,1.0
NRW,under 18,32.99,32.99,30.0,0.0,GIGAZUHAUSE,0.0
NRW,75 - 79,39.98,39.98,30.0,0.0,GIGAZUHAUSE,1.0
KBW,50 - 54,34.99,34.99,30.0,0.0,RED,1.0
NRW,55 - 59,44.98,44.98,30.0,0.0,RED,0.0
NRW,under 18,39.98,39.98,30.0,0.0,GIGAZUHAUSE,0.0
HSN,50 - 54,34.99,34.99,30.0,0.0,RED,0.0
KBW,25 - 29,39.99,39.99,30.0,0.0,RED,1.0
NRW,65 - 69,37.98,37.98,242.0,0.0,GIGAZUHAUSE,0.0
HSN,80 and over,39.99,39.99,30.0,0.0,RED,1.0
KBW,60 - 64,32.99,32.99,30.0,0.0,GIGAZUHAUSE,0.0
NRW,50 - 54,34.99,34.99,30.0,0.0,RED,0.0
NRW,40 - 44,44.98,44.98,30.0,0.0,RED,0.0
NRW,45 - 49,60.97,64.98,30.0,0.0,GIGAZUHAUSE,1.0
NRW,under 18,39.99,39.99,30.0,0.0,RED,1.0
KBW,under 18,29.99,29.99,30.0,0.0,VF,0.0
NRW,50 - 54,44.98,44.98,30.0,0.0,RED,1.0
KBW,25 - 29,44.98,44.98,30.0,0.0,VF,1.0
NRW,40 - 44,54.98,54.98,30.0,0.0,RED,1.0
NRW,65 - 69,44.98,44.98,30.0,0.0,VF,1.0
NRW,25 - 29,49.99,49.99,30.0,0.0,RED,1.0
NRW,80 and over,34.99,34.99,30.0,0.0,RED,1.0
NRW,75 - 79,47.98,47.98,30.0,0.0,VF,1.0
NRW,under 18,44.98,44.98,30.0,0.0,VF,1.0
HSN,60 - 64,48.97,48.97,30.0,0.0,RED,1.0
NRW,18 - 24,37.99,37.99,30.0,0.0,VF,0.0
KBW,60 - 64,43.98,43.98,30.0,0.0,RED,0.0
KBW,80 and over,34.99,34.99,30.0,0.0,RED,1.0
NRW,80 and over,34.99,34.99,30.0,0.0,RED,0.0
KBW,40 - 44,29.98,29.98,30.0,0.0,VF,1.0
KBW,80 and over,54.98,54.99,30.0,0.0,RED,1.0
HSN,35 - 39,39.99,39.99,30.0,0.0,RED,1.0
NRW,65 - 69,51.95,37.98,30.0,0.0,VF,0.0
NRW,under 18,39.99,39.99,30.0,0.0,VF,0.0
NRW,18 - 24,44.97,44.97,30.0,0.0,VF,1.0
NRW,75 - 79,39.98,39.98,30.0,0.0,VF,0.0
HSN,50 - 54,29.99,29.99,30.0,0.0,RED,1.0
NRW,45 - 49,42.98,42.98,30.0,0.0,EAZY,1.0
NRW,40 - 44,44.98,44.98,30.0,0.0,VF,1.0
NRW,under 18,39.99,39.99,30.0,0.0,RED,1.0
NRW,55 - 59,34.99,34.99,30.0,0.0,RED,1.0
NRW,75 - 79,34.99,34.99,30.0,0.0,RED,1.0
NRW,25 - 29,29.99,29.99,30.0,0.0,RED,0.0
KBW,18 - 24,54.99,54.99,30.0,0.0,VF,0.0
KBW,40 - 44,79.96,62.96,30.0,0.0,VF,0.0
NRW,25 - 29,58.97,58.98,30.0,0.0,RED,0.0
NRW,50 - 54,39.99,39.99,30.0,0.0,VF,1.0
KBW,25 - 29,49.99,49.99,30.0,0.0,RED,1.0
NRW,55 - 59,44.98,44.98,30.0,0.0,RED,0.0
NRW,80 and over,39.99,39.99,30.0,0.0,RED,0.0
HSN,75 - 79,29.99,29.99,30.0,0.0,VF,1.0
KBW,50 - 54,49.97,49.97,30.0,0.0,3PLAY,0.0
KBW,80 and over,39.98,39.98,30.0,0.0,VF,0.0
NRW,55 - 59,54.96,39.98,30.0,0.0,RED,1.0
NRW,50 - 54,59.98,54.98,30.0,0.0,RED,1.0
KBW,25 - 29,39.98,39.99,5.0,0.0,RED,1.0
HSN,65 - 69,49.98,49.98,30.0,0.0,VF,0.0
HSN,35 - 39,39.99,39.99,30.0,0.0,RED,1.0
KBW,75 - 79,39.99,39.99,30.0,0.0,RED,1.0
NRW,under 18,84.96,44.98,30.0,0.0,VF,0.0
KBW,35 - 39,44.98,44.98,30.0,0.0,VF,0.0
NRW,under 18,44.98,44.98,30.0,0.0,VF,1.0
NRW,40 - 44,62.41,62.97,775.0,0.0,GIGAZUHAUSE,0.0
KBW,under 18,29.99,29.99,30.0,0.0,VF,1.0
KBW,65 - 69,37.98,37.98,30.0,0.0,RED,0.0
NRW,50 - 54,44.98,44.98,30.0,0.0,VF,1.0
NRW,50 - 54,34.97,34.97,30.0,0.0,VF,1.0
KBW,75 - 79,58.98,58.98,30.0,0.0,RED,1.0
NRW,50 - 54,34.99,34.99,30.0,0.0,RED,0.0
KBW,55 - 59,44.98,44.98,30.0,0.0,VF,0.0
KBW,75 - 79,39.98,39.98,129.0,0.0,GIGAZUHAUSE,0.0
NRW,40 - 44,49.99,49.99,30.0,0.0,RED,0.0
HSN,45 - 49,44.99,44.99,30.0,0.0,RED,1.0
KBW,75 - 79,37.78,37.78,30.0,0.0,VF,0.0
HSN,25 - 29,39.99,39.99,30.0,0.0,RED,1.0
NRW,55 - 59,34.99,34.99,30.0,0.0,RED,1.0
KBW,75 - 79,32.99,32.99,30.0,0.0,VF,0.0
NRW,40 - 44,47.98,47.99,30.0,0.0,VF,0.0
KBW,35 - 39,39.99,39.99,30.0,0.0,RED,0.0
HSN,25 - 29,64.98,64.98,30.0,0.0,GIGAZUHAUSE,0.0
NRW,25 - 29,39.99,39.99,30.0,0.0,VF,0.0
NRW,50 - 54,44.98,44.98,30.0,0.0,VF,1.0
NRW,50 - 54,44.98,44.98,30.0,0.0,RED,1.0
HSN,under 18,54.99,54.99,30.0,0.0,RED,0.0
NRW,50 - 54,22.99,27.99,30.0,0.0,GIGAZUHAUSE,0.0
NRW,60 - 64,37.98,37.98,30.0,0.0,GIGAZUHAUSE,0.0
KBW,under 18,37.78,37.78,30.0,0.0,RED,0.0
NRW,60 - 64,29.99,29.99,30.0,0.0,VF,0.0
NRW,60 - 64,54.99,54.99,30.0,0.0,RED,0.0
NRW,under 18,44.98,44.98,30.0,0.0,VF,1.0
NRW,60 - 64,34.99,34.99,30.0,0.0,RED,1.0
NRW,under 18,47.98,47.98,30.0,0.0,VF,0.0
KBW,55 - 59,42.98,42.98,30.0,0.0,VF,1.0
KBW,40 - 44,32.99,32.99,30.0,0.0,VF,0.0
NRW,25 - 29,34.99,34.99,30.0,0.0,RED,0.0
KBW,40 - 44,49.97,49.97,30.0,0.0,GIGAZUHAUSE,1.0
NRW,25 - 29,17.99,17.99,30.0,0.0,EAZY,0.0
KBW,50 - 54,44.98,44.98,30.0,1.0,VF,1.0
HSN,25 - 29,39.98,39.98,30.0,0.0,RED,0.0
KBW,40 - 44,69.96,49.99,30.0,0.0,GIGAZUHAUSE,0.0
HSN,75 - 79,34.99,34.99,30.0,0.0,RED,1.0
NRW,65 - 69,64.97,56.98,577.0,0.0,GIGAZUHAUSE,1.0
NRW,40 - 44,52.98,52.98,30.0,0.0,VF,1.0
NRW,25 - 29,58.98,58.98,30.0,0.0,RED,1.0
KBW,45 - 49,44.98,44.98,30.0,0.0,VF,0.0
NRW,40 - 44,39.99,39.99,30.0,0.0,RED,1.0
KBW,50 - 54,34.99,34.99,30.0,0.0,RED,1.0
NRW,50 - 54,44.98,44.98,30.0,0.0,VF,0.0
KBW,45 - 49,42.97,42.97,30.0,0.0,VF,0.0
HSN,55 - 59,44.98,44.98,30.0,0.0,VF,1.0
HSN,55 - 59,34.99,34.99,30.0,0.0,RED,0.0
NRW,45 - 49,44.98,44.98,30.0,0.0,VF,1.0
NRW,50 - 54,49.97,49.97,30.0,0.0,VF,0.0
NRW,25 - 29,34.99,34.99,30.0,0.0,RED,1.0
NRW,55 - 59,39.99,39.99,30.0,0.0,VF,1.0
HSN,80 and over,49.98,49.98,30.0,0.0,GIGAZUHAUSE,0.0
HSN,75 - 79,32.99,32.99,30.0,0.0,VF,0.0
HSN,25 - 29,45.98,54.98,30.0,0.0,RED,0.0
NRW,60 - 64,37.98,37.99,697.0,0.0,GIGAZUHAUSE,0.0
KBW,40 - 44,43.97,43.97,30.0,0.0,VF,0.0
NRW,75 - 79,52.98,52.98,30.0,0.0,GIGAZUHAUSE,1.0
NRW,55 - 59,44.98,44.97,30.0,0.0,RED,1.0
NRW,75 - 79,34.99,34.99,30.0,0.0,VF,0.0
KBW,60 - 64,42.98,42.98,30.0,0.0,VF,0.0
NRW,25 - 29,34.99,34.99,30.0,0.0,RED,1.0
KBW,50 - 54,44.98,44.98,30.0,0.0,RED,0.0
NRW,55 - 59,49.97,49.97,30.0,0.0,VF,0.0
HSN,60 - 64,59.99,49.99,30.0,0.0,GIGAZUHAUSE,0.0
NRW,55 - 59,37.78,37.99,30.0,0.0,VF,1.0
KBW,65 - 69,58.98,58.98,30.0,0.0,RED,0.0
NRW,under 18,39.99,39.99,30.0,0.0,RED,0.0
KBW,25 - 29,42.97,42.97,30.0,0.0,2PLAY,0.0
NRW,55 - 59,24.99,24.99,30.0,0.0,INTERNET,1.0
HSN,45 - 49,60.95,40.9,30.0,0.0,3PLAY,0.0
NRW,55 - 59,29.99,29.99,30.0,0.0,VF,1.0
NRW,25 - 29,44.98,44.98,30.0,0.0,VF,1.0
KBW,50 - 54,44.98,44.98,30.0,0.0,RED,0.0
KBW,60 - 64,29.99,29.99,30.0,0.0,VF,1.0
KBW,under 18,44.97,44.98,30.0,0.0,VF,0.0
NRW,55 - 59,29.99,29.99,695.0,0.0,VF,1.0
NRW,under 18,59.98,59.99,30.0,0.0,RED,1.0
KBW,40 - 44,44.97,44.98,30.0,0.0,VF,1.0
KBW,75 - 79,44.98,44.98,30.0,0.0,RED,1.0
HSN,30 - 34,49.98,49.98,30.0,0.0,VF,1.0
HSN,55 - 59,54.99,34.99,30.0,0.0,RED,1.0
KBW,50 - 54,44.98,44.98,30.0,0.0,RED,0.0
HSN,30 - 34,54.98,54.98,30.0,0.0,RED,0.0
NRW,under 18,29.99,29.99,30.0,0.0,VF,0.0
NRW,50 - 54,44.98,44.98,30.0,0.0,VF,0.0
KBW,60 - 64,29.99,29.99,30.0,0.0,VF,0.0
KBW,40 - 44,49.97,49.97,30.0,0.0,VF,1.0
NRW,60 - 64,54.99,54.99,30.0,0.0,RED,0.0
HSN,50 - 54,59.98,59.98,30.0,0.0,VF,1.0
NRW,60 - 64,39.98,39.98,30.0,0.0,RED,1.0
KBW,40 - 44,42.97,42.97,30.0,0.0,RED,0.0
KBW,75 - 79,54.98,54.98,30.0,0.0,RED,1.0
NRW,75 - 79,44.98,44.98,30.0,0.0,VF,0.0
NRW,45 - 49,52.96,42.97,30.0,0.0,VF,1.0
KBW,55 - 59,39.98,39.98,553.0,0.0,GIGAZUHAUSE,1.0
KBW,60 - 64,44.98,44.98,30.0,0.0,VF,0.0
KBW,25 - 29,39.98,39.98,30.0,0.0,VF,1.0
NRW,55 - 59,44.98,44.98,30.0,0.0,GIGAZUHAUSE,1.0
NRW,55 - 59,42.98,42.98,30.0,0.0,RED,0.0
KBW,25 - 29,44.98,44.98,30.0,0.0,VF,0.0
NRW,65 - 69,34.99,34.99,30.0,0.0,RED,1.0
HSN,55 - 59,44.98,44.98,30.0,0.0,VF,1.0
HSN,25 - 29,44.98,44.98,30.0,0.0,RED,1.0
KBW,45 - 49,34.99,34.99,30.0,0.0,RED,1.0
NRW,18 - 24,24.99,24.99,30.0,0.0,RED,0.0
HSN,65 - 69,39.99,39.99,30.0,0.0,RED,0.0
KBW,40 - 44,44.98,44.98,30.0,0.0,GIGAZUHAUSE,0.0
NRW,45 - 49,44.98,44.98,30.0,0.0,VF,0.0
NRW,under 18,44.97,44.98,30.0,0.0,RED,0.0
NRW,under 18,34.99,34.99,30.0,0.0,VF,1.0
KBW,25 - 29,39.99,39.99,30.0,2.0,RED,1.0
KBW,65 - 69,47.97,47.97,30.0,0.0,GIGAZUHAUSE,1.0
NRW,75 - 79,49.97,49.97,30.0,0.0,GIGAZUHAUSE,0.0
HSN,80 and over,39.99,39.99,30.0,0.0,RED,0.0
NRW,55 - 59,44.98,44.98,30.0,0.0,VF,1.0
HSN,75 - 79,39.98,39.98,30.0,0.0,RED,1.0
NRW,25 - 29,29.99,29.99,30.0,0.0,INTERNET,1.0
HSN,under 18,49.97,49.97,578.0,0.0,GIGAZUHAUSE,0.0
HSN,30 - 34,39.98,39.98,30.0,0.0,VF,1.0
KBW,65 - 69,54.99,54.99,30.0,0.0,RED,0.0
KBW,45 - 49,42.97,58.97,30.0,0.0,GIGAZUHAUSE,0.0
NRW,60 - 64,49.98,49.99,30.0,0.0,VF,0.0
NRW,80 and over,32.98,32.98,30.0,0.0,GIGAZUHAUSE,0.0
NRW,under 18,49.97,49.97,30.0,0.0,VF,1.0
NRW,25 - 29,39.99,39.99,30.0,0.0,RED,1.0
KBW,75 - 79,49.99,49.99,30.0,0.0,GIGAZUHAUSE,0.0
NRW,50 - 54,0.0,0.0,30.0,0.0,MMA,0.0
NRW,under 18,39.98,39.98,30.0,0.0,VF,1.0
NRW,60 - 64,32.99,32.99,696.0,0.0,GIGAZUHAUSE,1.0
HSN,under 18,39.99,39.99,30.0,0.0,GIGAZUHAUSE,1.0
NRW,50 - 54,42.97,42.97,30.0,0.0,RED,0.0
NRW,under 18,39.98,39.98,30.0,0.0,RED,0.0
NRW,under 18,32.99,32.99,333.0,0.0,GIGAZUHAUSE,1.0
NRW,25 - 29,44.98,44.98,30.0,0.0,VF,1.0
NRW,18 - 24,34.99,34.99,30.0,0.0,RED,1.0
KBW,45 - 49,38.98,38.98,30.0,0.0,RED,0.0
NRW,50 - 54,37.99,37.99,674.0,0.0,GIGAZUHAUSE,1.0
NRW,55 - 59,34.99,34.99,30.0,0.0,RED,1.0
NRW,25 - 29,44.98,44.98,30.0,0.0,RED,1.0
NRW,25 - 29,44.98,44.98,30.0,0.0,VF,1.0
KBW,40 - 44,34.99,34.99,30.0,0.0,RED,1.0
NRW,45 - 49,37.99,37.99,30.0,0.0,VF,1.0
KBW,50 - 54,49.98,49.98,30.0,0.0,RED,1.0
KBW,60 - 64,37.98,37.98,30.0,0.0,GIGAZUHAUSE,0.0
NRW,30 - 34,44.98,44.98,30.0,0.0,VF,0.0
KBW,25 - 29,44.98,44.98,30.0,1.0,RED,1.0
NRW,55 - 59,59.97,39.99,30.0,0.0,RED,1.0
KBW,45 - 49,29.99,29.99,30.0,0.0,VF,1.0
NRW,under 18,34.99,34.99,30.0,0.0,RED,0.0
NRW,30 - 34,39.99,39.99,30.0,0.0,GIGAZUHAUSE,0.0
NRW,under 18,39.98,39.98,368.0,0.0,GIGAZUHAUSE,1.0
KBW,45 - 49,37.99,37.99,30.0,0.0,VF,0.0
HSN,50 - 54,44.98,44.98,30.0,0.0,VF,1.0
NRW,55 - 59,44.98,44.98,30.0,0.0,RED,1.0
NRW,30 - 34,39.99,39.99,30.0,0.0,RED,1.0
HSN,25 - 29,39.99,39.99,30.0,0.0,RED,0.0
KBW,75 - 79,49.97,49.97,30.0,0.0,GIGAZUHAUSE,0.0
KBW,30 - 34,39.99,39.99,30.0,0.0,VF,0.0
NRW,25 - 29,34.99,34.99,30.0,0.0,RED,1.0
NRW,50 - 54,39.99,39.99,30.0,0.0,VF,1.0
NRW,under 18,44.98,44.98,30.0,0.0,VF,0.0
NRW,75 - 79,39.99,39.99,30.0,0.0,RED,0.0
NRW,40 - 44,44.98,44.98,165.0,0.0,GIGAZUHAUSE,0.0
KBW,25 - 29,44.98,44.98,30.0,0.0,RED,1.0
NRW,55 - 59,34.99,34.99,30.0,0.0,RED,0.0
NRW,50 - 54,44.97,44.97,30.0,0.0,VF,0.0
NRW,50 - 54,49.99,49.99,30.0,0.0,VF,1.0
KBW,under 18,49.97,49.97,30.0,0.0,VF,0.0
NRW,30 - 34,34.99,34.99,30.0,0.0,RED,1.0
KBW,45 - 49,74.96,43.98,30.0,0.0,VF,0.0
KBW,45 - 49,34.99,34.99,30.0,0.0,RED,0.0
NRW,50 - 54,29.99,29.99,30.0,0.0,VF,1.0
KBW,55 - 59,47.96,47.97,30.0,0.0,GIGAZUHAUSE,0.0
NRW,65 - 69,44.98,44.98,30.0,0.0,RED,1.0
KBW,30 - 34,44.98,44.98,30.0,0.0,GIGAZUHAUSE,1.0
NRW,75 - 79,39.98,39.98,30.0,0.0,VF,0.0
KBW,under 18,34.99,34.99,30.0,0.0,RED,0.0
KBW,35 - 39,52.98,53.98,30.0,0.0,RED,1.0
NRW,55 - 59,34.99,34.99,30.0,0.0,RED,1.0
KBW,80 and over,44.97,44.98,30.0,0.0,VF,1.0
NRW,55 - 59,34.99,34.99,30.0,0.0,RED,0.0
KBW,30 - 34,39.99,39.99,30.0,0.0,RED,0.0
NRW,60 - 64,44.98,44.98,30.0,0.0,VF,1.0
HSN,30 - 34,42.98,42.98,30.0,0.0,VF,1.0
HSN,80 and over,44.98,44.98,30.0,0.0,3PLAY,1.0
NRW,under 18,44.98,44.98,30.0,0.0,RED,1.0
NRW,40 - 44,65.98,44.98,30.0,0.0,RED,0.0
KBW,45 - 49,44.98,44.98,30.0,0.0,RED,1.0
KBW,55 - 59,44.98,44.98,30.0,0.0,VF,0.0
KBW,25 - 29,44.98,44.98,30.0,0.0,VF,0.0
KBW,60 - 64,44.98,44.98,30.0,0.0,VF,1.0
KBW,under 18,44.97,44.97,30.0,0.0,VF,1.0
NRW,25 - 29,44.98,44.98,596.0,0.0,VF,1.0
KBW,60 - 64,44.98,44.98,30.0,0.0,VF,0.0
KBW,under 18,69.95,44.98,30.0,0.0,VF,1.0
KBW,75 - 79,44.98,44.98,30.0,0.0,VF,0.0
NRW,65 - 69,34.99,34.98,30.0,0.0,RED,1.0
NRW,50 - 54,47.99,47.99,30.0,0.0,3PLAY,1.0
KBW,55 - 59,42.97,42.98,30.0,0.0,GIGAZUHAUSE,1.0
HSN,65 - 69,49.99,49.99,30.0,0.0,RED,1.0
KBW,45 - 49,49.99,49.99,30.0,0.0,RED,0.0
NRW,55 - 59,44.98,44.98,30.0,0.0,RED,1.0
NRW,under 18,48.97,48.97,30.0,0.0,RED,1.0
KBW,50 - 54,42.97,42.97,30.0,0.0,GIGAZUHAUSE,0.0
NRW,65 - 69,49.97,49.97,30.0,0.0,VF,0.0
NRW,55 - 59,29.99,29.99,87.0,0.0,VF,1.0
KBW,55 - 59,34.99,34.99,30.0,0.0,RED,0.0
KBW,55 - 59,39.98,39.98,30.0,0.0,GIGAZUHAUSE,1.0
NRW,45 - 49,47.99,47.99,30.0,0.0,VF,0.0
HSN,55 - 59,39.99,39.99,30.0,0.0,RED,0.0
HSN,25 - 29,44.99,44.99,30.0,0.0,RED,1.0
KBW,65 - 69,32.97,39.99,30.0,0.0,VF,0.0
NRW,65 - 69,33.98,40.98,674.0,1.0,GIGAZUHAUSE,1.0
HSN,40 - 44,42.97,42.98,30.0,0.0,VF,0.0
KBW,80 and over,80.93,42.97,30.0,0.0,3PLAY,1.0
KBW,75 - 79,44.97,44.97,697.0,0.0,VF,1.0
NRW,80 and over,49.96,49.97,30.0,0.0,VF,0.0
NRW,60 - 64,32.99,32.99,30.0,0.0,VF,0.0
NRW,55 - 59,44.98,44.98,30.0,0.0,VF,0.0
NRW,55 - 59,44.98,44.98,30.0,0.0,VF,1.0
HSN,75 - 79,39.98,39.98,30.0,0.0,RED,1.0
NRW,75 - 79,34.99,34.99,30.0,0.0,RED,0.0
NRW,75 - 79,44.98,44.98,30.0,0.0,VF,1.0
KBW,55 - 59,34.99,34.99,30.0,0.0,RED,0.0
KBW,55 - 59,44.97,44.97,93.0,0.0,GIGAZUHAUSE,0.0
NRW,under 18,29.99,29.99,30.0,0.0,VF,0.0
NRW,under 18,34.99,34.99,30.0,0.0,RED,0.0
HSN,75 - 79,39.99,39.99,30.0,0.0,RED,0.0
NRW,under 18,42.98,42.98,30.0,0.0,2PLAY,0.0
KBW,45 - 49,29.99,29.99,30.0,0.0,VF,1.0
NRW,45 - 49,48.97,48.97,30.0,0.0,VF,1.0
KBW,under 18,29.99,29.99,30.0,0.0,VF,1.0
NRW,75 - 79,44.98,44.98,30.0,0.0,VF,0.0
NRW,60 - 64,43.98,43.98,30.0,0.0,RED,0.0
KBW,50 - 54,32.99,32.99,30.0,0.0,VF,0.0
KBW,25 - 29,29.99,29.99,30.0,0.0,VF,0.0
HSN,55 - 59,34.99,34.99,30.0,0.0,RED,1.0
NRW,under 18,49.99,49.99,30.0,0.0,RED,0.0
NRW,25 - 29,39.98,39.98,30.0,0.0,VF,1.0
KBW,45 - 49,47.96,57.96,30.0,0.0,VF,1.0
KBW,75 - 79,34.99,34.99,30.0,0.0,RED,0.0
NRW,35 - 39,39.99,39.99,30.0,0.0,RED,1.0
NRW,50 - 54,42.98,42.98,30.0,0.0,VF,1.0
KBW,60 - 64,72.96,58.98,30.0,0.0,RED,1.0
HSN,40 - 44,39.99,39.99,30.0,0.0,RED,1.0
NRW,under 18,54.96,54.98,30.0,0.0,RED,0.0
NRW,75 - 79,39.99,39.99,30.0,0.0,VF,1.0
NRW,55 - 59,39.99,39.99,30.0,0.0,VF,1.0
KBW,40 - 44,29.99,29.99,30.0,0.0,VF,0.0
KBW,under 18,44.98,44.98,30.0,0.0,RED,1.0
KBW,under 18,44.98,44.98,30.0,0.0,RED,0.0
NRW,35 - 39,34.99,34.99,30.0,0.0,RED,1.0
HSN,60 - 64,44.98,44.98,30.0,0.0,RED,1.0
NRW,80 and over,39.99,39.99,30.0,0.0,VF,1.0
KBW,50 - 54,65.97,44.98,30.0,0.0,RED,0.0
KBW,60 - 64,44.98,44.98,30.0,0.0,VF,1.0
KBW,under 18,44.98,44.98,30.0,0.0,RED,0.0
KBW,40 - 44,42.97,42.97,30.0,0.0,VF,1.0
KBW,under 18,29.99,29.99,30.0,0.0,VF,0.0
KBW,25 - 29,39.98,39.98,30.0,0.0,VF,1.0
NRW,65 - 69,44.97,44.98,30.0,0.0,VF,1.0
NRW,75 - 79,44.98,44.98,30.0,0.0,VF,0.0
KBW,55 - 59,17.99,17.99,30.0,0.0,RED,0.0
NRW,40 - 44,32.99,32.99,30.0,0.0,VF,0.0
HSN,25 - 29,39.99,39.99,30.0,0.0,RED,1.0
NRW,45 - 49,54.98,54.98,30.0,0.0,RED,1.0
KBW,75 - 79,54.96,44.98,30.0,0.0,VF,0.0
KBW,80 and over,32.99,32.99,30.0,0.0,3PLAY,0.0
NRW,55 - 59,44.99,44.99,30.0,0.0,RED,1.0
HSN,25 - 29,39.99,39.99,30.0,0.0,RED,0.0
HSN,75 - 79,50.98,29.98,30.0,0.0,VF,0.0
KBW,50 - 54,44.98,44.98,30.0,0.0,VF,1.0
NRW,45 - 49,49.97,49.97,30.0,0.0,VF,0.0
NRW,30 - 34,34.99,34.99,30.0,0.0,RED,1.0
KBW,55 - 59,34.99,34.99,30.0,0.0,RED,0.0
NRW,55 - 59,42.97,42.97,30.0,0.0,GIGAZUHAUSE,1.0
KBW,55 - 59,34.99,34.99,30.0,0.0,RED,1.0
KBW,45 - 49,44.97,44.98,30.0,0.0,RED,0.0
NRW,55 - 59,35.98,24.99,30.0,0.0,RED,1.0
KBW,45 - 49,44.97,44.99,30.0,0.0,RED,0.0
KBW,75 - 79,44.98,44.98,30.0,0.0,VF,0.0
KBW,40 - 44,37.97,37.99,30.0,0.0,VF,0.0
KBW,18 - 24,44.98,44.98,619.0,0.0,VF,1.0
KBW,80 and over,59.98,44.98,30.0,0.0,GIGAZUHAUSE,0.0
KBW,60 - 64,44.98,44.99,30.0,0.0,VF,0.0
KBW,45 - 49,63.98,42.98,30.0,0.0,2PLAY,1.0
NRW,45 - 49,39.99,39.99,30.0,0.0,RED,0.0
NRW,40 - 44,48.97,62.97,30.0,0.0,RED,0.0
NRW,60 - 64,34.99,34.99,30.0,0.0,RED,0.0
NRW,65 - 69,54.99,54.99,30.0,0.0,RED,1.0
KBW,55 - 59,34.99,34.99,30.0,0.0,RED,1.0
NRW,30 - 34,39.99,39.99,30.0,0.0,VF,1.0
NRW,60 - 64,44.98,44.98,30.0,0.0,VF,1.0
NRW,under 18,44.98,44.98,642.0,0.0,GIGAZUHAUSE,0.0
NRW,50 - 54,44.98,44.98,30.0,0.0,RED,1.0
KBW,25 - 29,38.97,37.98,30.0,0.0,VF,0.0
KBW,45 - 49,42.97,42.98,30.0,0.0,VF,1.0
KBW,45 - 49,58.98,58.98,30.0,0.0,RED,0.0
KBW,40 - 44,50.98,44.98,30.0,0.0,VF,1.0
KBW,30 - 34,30.98,51.98,30.0,0.0,2PLAY,0.0
HSN,30 - 34,39.99,39.99,30.0,0.0,VF,0.0
NRW,40 - 44,39.98,39.99,30.0,0.0,RED,1.0
NRW,75 - 79,39.98,39.98,7.0,0.0,GIGAZUHAUSE,1.0
KBW,30 - 34,44.98,44.98,30.0,0.0,RED,0.0
KBW,65 - 69,44.99,44.99,30.0,0.0,RED,1.0
HSN,25 - 29,39.98,39.98,30.0,0.0,RED,1.0
KBW,65 - 69,39.98,39.98,30.0,0.0,VF,0.0
HSN,75 - 79,37.98,37.98,30.0,0.0,VF,1.0
HSN,50 - 54,49.99,49.99,30.0,0.0,RED,0.0
HSN,60 - 64,39.99,39.99,30.0,0.0,VF,1.0
KBW,75 - 79,49.97,49.97,30.0,0.0,VF,1.0
NRW,under 18,52.98,32.99,30.0,0.0,VF,0.0
HSN,55 - 59,44.98,44.98,30.0,0.0,VF,1.0
NRW,25 - 29,44.98,44.98,30.0,0.0,VF,1.0
KBW,25 - 29,39.98,39.98,30.0,0.0,GIGAZUHAUSE,1.0
NRW,75 - 79,34.99,34.99,30.0,0.0,VF,1.0
NRW,55 - 59,54.95,54.97,30.0,0.0,RED,0.0
NRW,50 - 54,34.99,34.99,30.0,0.0,RED,0.0
HSN,60 - 64,32.99,32.99,30.0,0.0,RED,0.0
HSN,60 - 64,39.99,39.99,30.0,0.0,VF,0.0
NRW,75 - 79,59.98,49.99,30.0,0.0,RED,0.0
KBW,75 - 79,44.98,44.98,30.0,0.0,VF,1.0
NRW,65 - 69,44.98,44.98,30.0,0.0,VF,1.0
KBW,80 and over,39.99,39.99,30.0,0.0,VF,1.0
KBW,50 - 54,29.99,29.99,30.0,0.0,VF,1.0
NRW,under 18,38.98,38.98,30.0,0.0,VF,1.0
KBW,18 - 24,39.98,39.98,30.0,0.0,VF,0.0
KBW,75 - 79,44.98,44.98,30.0,0.0,VF,0.0
KBW,45 - 49,42.93,169.92,30.0,0.0,3PLAY,0.0
KBW,65 - 69,24.99,24.99,30.0,0.0,INTERNET,1.0
KBW,60 - 64,39.98,39.98,30.0,0.0,GIGAZUHAUSE,0.0
HSN,45 - 49,37.99,37.99,30.0,0.0,VF,1.0
KBW,75 - 79,39.99,39.99,30.0,0.0,RED,1.0
NRW,60 - 64,39.99,39.99,30.0,0.0,VF,1.0
NRW,55 - 59,39.99,39.99,30.0,0.0,RED,0.0
NRW,60 - 64,37.99,37.99,30.0,0.0,VF,1.0
NRW,60 - 64,44.98,44.98,30.0,0.0,RED,0.0
HSN,25 - 29,39.98,39.99,30.0,0.0,RED,1.0
NRW,60 - 64,32.99,32.99,30.0,0.0,VF,0.0
NRW,45 - 49,44.98,44.98,30.0,0.0,GIGAZUHAUSE,1.0
NRW,under 18,42.97,42.98,30.0,0.0,VF,1.0
KBW,55 - 59,39.98,39.98,30.0,0.0,GIGAZUHAUSE,0.0
KBW,55 - 59,37.98,37.98,30.0,0.0,VF,0.0
NRW,80 and over,32.99,32.99,30.0,0.0,VF,0.0
NRW,45 - 49,59.98,28.98,30.0,0.0,GIGAZUHAUSE,0.0
NRW,75 - 79,48.97,48.97,30.0,0.0,RED,1.0
KBW,80 and over,39.99,39.99,30.0,0.0,RED,1.0
NRW,55 - 59,24.99,24.99,30.0,0.0,INTERNET,0.0
NRW,45 - 49,42.98,42.98,30.0,0.0,VF,0.0
NRW,55 - 59,32.99,32.99,30.0,0.0,GIGAZUHAUSE,1.0
KBW,50 - 54,44.98,44.98,30.0,0.0,RED,1.0
HSN,75 - 79,44.98,44.98,30.0,0.0,GIGAZUHAUSE,0.0
KBW,75 - 79,42.97,42.98,30.0,0.0,VF,1.0
HSN,65 - 69,34.99,34.99,30.0,0.0,RED,0.0
NRW,25 - 29,34.99,34.99,30.0,0.0,RED,1.0
KBW,50 - 54,34.99,34.99,30.0,0.0,RED,1.0
NRW,50 - 54,44.98,44.98,30.0,0.0,RED,0.0
NRW,45 - 49,34.99,34.99,30.0,0.0,RED,1.0
NRW,40 - 44,54.98,54.98,30.0,0.0,RED,1.0
NRW,40 - 44,29.99,29.99,30.0,0.0,VF,0.0
KBW,30 - 34,44.98,44.98,30.0,0.0,VF,0.0
NRW,under 18,44.98,44.98,30.0,0.0,VF,0.0
NRW,75 - 79,49.97,49.97,30.0,0.0,GIGAZUHAUSE,1.0
NRW,55 - 59,39.99,39.99,30.0,0.0,VF,1.0
HSN,75 - 79,32.99,32.99,30.0,0.0,VF,1.0
NRW,55 - 59,34.99,34.99,30.0,0.0,RED,0.0
NRW,80 and over,34.99,34.99,30.0,2.0,RED,0.0
HSN,75 - 79,39.98,39.98,126.0,0.0,GIGAZUHAUSE,1.0
KBW,50 - 54,44.98,44.98,30.0,0.0,VF,0.0
KBW,75 - 79,39.98,39.98,30.0,0.0,VF,1.0
KBW,65 - 69,44.97,44.97,30.0,0.0,GIGAZUHAUSE,0.0
NRW,18 - 24,78.92,35.96,30.0,0.0,3PLAY,1.0
KBW,55 - 59,33.74,33.74,30.0,0.0,RED,1.0
KBW,18 - 24,42.97,42.97,30.0,0.0,VF,1.0
NRW,25 - 29,44.98,44.98,30.0,0.0,VF,0.0
NRW,75 - 79,29.99,29.99,30.0,0.0,VF,1.0
KBW,18 - 24,29.99,29.99,30.0,0.0,VF,1.0
KBW,25 - 29,39.98,39.98,39.0,0.0,GIGAZUHAUSE,1.0
KBW,60 - 64,44.98,44.98,30.0,0.0,VF,1.0
HSN,55 - 59,44.98,44.98,30.0,0.0,VF,0.0
KBW,55 - 59,77.96,63.96,30.0,0.0,RED,1.0
KBW,75 - 79,29.99,29.99,30.0,0.0,VF,1.0
NRW,55 - 59,34.99,34.99,30.0,0.0,RED,1.0
NRW,45 - 49,39.98,39.98,30.0,0.0,VF,1.0
HSN,50 - 54,49.99,49.99,30.0,0.0,RED,1.0
NRW,45 - 49,38.98,38.98,30.0,0.0,RED,0.0
KBW,45 - 49,44.98,44.98,30.0,0.0,VF,0.0
NRW,75 - 79,37.98,37.98,122.0,0.0,GIGAZUHAUSE,1.0
HSN,40 - 44,39.99,39.99,30.0,0.0,VF,1.0
NRW,25 - 29,44.98,44.98,30.0,0.0,VF,1.0
NRW,65 - 69,49.97,49.97,30.0,0.0,VF,0.0
KBW,80 and over,62.98,37.98,30.0,0.0,VF,0.0
NRW,25 - 29,34.99,34.99,30.0,0.0,RED,0.0
KBW,60 - 64,47.96,47.98,30.0,0.0,GIGAZUHAUSE,1.0
KBW,75 - 79,54.98,54.98,697.0,0.0,RED,0.0
KBW,55 - 59,42.98,42.98,30.0,0.0,VF,0.0
NRW,45 - 49,50.97,59.98,30.0,0.0,VF,0.0
HSN,55 - 59,39.98,39.98,30.0,0.0,VF,0.0
HSN,80 and over,34.99,34.99,30.0,0.0,RED,1.0
HSN,55 - 59,49.99,49.99,30.0,0.0,RED,0.0
NRW,25 - 29,34.99,34.99,30.0,0.0,RED,1.0
KBW,65 - 69,29.99,29.99,30.0,0.0,VF,0.0
KBW,65 - 69,42.97,42.97,30.0,0.0,VF,1.0
KBW,75 - 79,34.99,34.99,30.0,0.0,RED,0.0
KBW,65 - 69,39.99,39.99,30.0,0.0,RED,0.0
HSN,55 - 59,47.97,47.97,30.0,0.0,2PLAY,0.0
NRW,60 - 64,44.98,44.98,30.0,0.0,VF,1.0
HSN,55 - 59,34.99,34.99,30.0,0.0,RED,1.0
NRW,45 - 49,44.98,44.98,30.0,0.0,VF,1.0
NRW,60 - 64,44.98,44.98,30.0,0.0,RED,0.0
NRW,25 - 29,34.99,34.99,30.0,0.0,RED,0.0
NRW,25 - 29,54.99,54.99,30.0,0.0,RED,1.0
KBW,25 - 29,29.99,29.99,30.0,0.0,RED,1.0
HSN,50 - 54,44.98,44.98,30.0,0.0,RED,0.0
HSN,55 - 59,59.97,39.97,30.0,0.0,RED,0.0
KBW,40 - 44,49.99,49.99,30.0,0.0,VF,1.0
NRW,60 - 64,70.95,57.97,30.0,0.0,3PLAY,1.0
KBW,18 - 24,32.99,32.99,30.0,0.0,VF,1.0
NRW,40 - 44,44.98,44.98,30.0,0.0,RED,0.0
NRW,25 - 29,44.98,44.98,30.0,0.0,GIGAZUHAUSE,1.0
NRW,75 - 79,37.99,37.99,30.0,0.0,VF,0.0
KBW,60 - 64,44.99,44.99,30.0,0.0,RED,1.0
NRW,75 - 79,44.98,44.98,30.0,0.0,RED,0.0
KBW,55 - 59,44.98,44.98,30.0,0.0,VF,1.0
KBW,under 18,29.99,29.99,30.0,0.0,RED,1.0
KBW,40 - 44,32.99,42.99,30.0,0.0,VF,0.0
HSN,under 18,49.97,49.97,30.0,0.0,VF,1.0
HSN,under 18,44.98,44.98,30.0,0.0,RED,1.0
KBW,40 - 44,37.99,37.99,30.0,0.0,VF,0.0
HSN,50 - 54,52.96,52.98,30.0,0.0,VF,0.0
KBW,55 - 59,34.99,34.99,30.0,0.0,RED,0.0
KBW,65 - 69,37.99,37.99,30.0,0.0,VF,0.0
KBW,35 - 39,64.97,44.97,30.0,0.0,RED,0.0
KBW,25 - 29,34.99,34.99,30.0,0.0,RED,1.0
NRW,50 - 54,32.99,32.99,30.0,0.0,VF,1.0
NRW,55 - 59,44.98,44.98,30.0,0.0,VF,1.0
KBW,60 - 64,58.98,58.98,30.0,0.0,RED,0.0
NRW,45 - 49,54.98,54.98,30.0,0.0,VF,0.0
KBW,80 and over,34.99,34.99,30.0,0.0,RED,0.0
NRW,25 - 29,44.98,44.98,30.0,0.0,VF,1.0
NRW,75 - 79,39.98,39.98,30.0,0.0,GIGAZUHAUSE,1.0
NRW,60 - 64,37.78,37.78,30.0,0.0,2PLAY,0.0
HSN,75 - 79,29.99,29.99,30.0,0.0,VF,1.0
NRW,75 - 79,44.98,44.98,30.0,0.0,RED,0.0
NRW,80 and over,34.99,34.99,30.0,0.0,RED,1.0
KBW,50 - 54,42.97,42.97,30.0,0.0,VF,1.0
HSN,75 - 79,44.98,44.98,30.0,0.0,VF,1.0
NRW,75 - 79,37.98,44.98,30.0,0.0,VF,0.0
NRW,60 - 64,47.99,47.99,30.0,0.0,RED,1.0
KBW,45 - 49,32.99,32.99,30.0,0.0,GIGAZUHAUSE,0.0
NRW,75 - 79,27.99,27.99,30.0,0.0,GIGAZUHAUSE,1.0
KBW,25 - 29,58.98,58.98,30.0,0.0,RED,1.0
KBW,under 18,37.99,37.99,30.0,0.0,VF,0.0
NRW,35 - 39,39.99,39.99,30.0,0.0,RED,0.0
NRW,55 - 59,44.98,44.98,30.0,0.0,VF,1.0
KBW,65 - 69,37.99,37.99,30.0,0.0,RED,1.0
HSN,30 - 34,32.99,32.99,30.0,0.0,VF,0.0
NRW,60 - 64,38.98,38.98,30.0,0.0,EAZY,1.0
NRW,75 - 79,34.99,34.99,30.0,0.0,RED,0.0
HSN,under 18,49.99,49.99,30.0,0.0,GIGAZUHAUSE,0.0
HSN,40 - 44,0.0,0.0,30.0,0.0,MMA,1.0
KBW,55 - 59,42.97,42.97,30.0,0.0,VF,1.0
KBW,50 - 54,39.99,39.99,30.0,0.0,VF,0.0
KBW,35 - 39,42.98,42.98,30.0,0.0,GIGAZUHAUSE,1.0
NRW,50 - 54,34.97,44.98,30.0,0.0,VF,1.0
NRW,under 18,39.99,39.99,30.0,0.0,RED,1.0
KBW,75 - 79,49.99,49.99,30.0,0.0,RED,0.0
HSN,45 - 49,39.99,39.99,30.0,0.0,RED,1.0
NRW,75 - 79,29.98,29.99,30.0,0.0,RED,0.0
NRW,under 18,39.99,39.99,30.0,0.0,GIGAZUHAUSE,1.0
HSN,50 - 54,69.96,49.97,30.0,0.0,3PLAY,0.0
NRW,80 and over,34.99,49.99,684.0,0.0,GIGAZUHAUSE,0.0
KBW,55 - 59,39.98,39.98,30.0,0.0,GIGAZUHAUSE,0.0
NRW,75 - 79,47.98,47.98,30.0,0.0,VF,1.0
KBW,75 - 79,59.98,39.99,30.0,0.0,3PLAY,0.0
NRW,40 - 44,29.99,29.99,30.0,0.0,VF,1.0
HSN,25 - 29,34.99,34.99,30.0,0.0,RED,0.0
NRW,75 - 79,44.98,44.98,30.0,0.0,RED,0.0
KBW,40 - 44,39.99,39.99,30.0,0.0,2PLAY,1.0
NRW,75 - 79,44.98,44.98,30.0,0.0,VF,1.0
KBW,75 - 79,44.98,44.98,30.0,0.0,RED,0.0
KBW,40 - 44,47.96,47.96,30.0,0.0,VF,0.0
HSN,40 - 44,39.98,39.98,30.0,0.0,RED,0.0
NRW,65 - 69,44.98,44.98,30.0,0.0,3PLAY,1.0
KBW,75 - 79,44.99,44.99,30.0,0.0,RED,1.0
NRW,65 - 69,32.99,32.99,30.0,0.0,VF,0.0
NRW,75 - 79,49.97,49.97,30.0,0.0,VF,1.0
KBW,50 - 54,42.95,42.97,30.0,0.0,VF,0.0
NRW,75 - 79,65.97,44.98,30.0,0.0,3PLAY,1.0
NRW,55 - 59,19.99,19.99,30.0,0.0,EAZY,1.0
KBW,45 - 49,54.99,54.99,30.0,0.0,RED,0.0
KBW,55 - 59,44.98,44.98,30.0,0.0,VF,1.0
NRW,under 18,39.99,39.99,30.0,0.0,VF,0.0
KBW,60 - 64,44.97,44.97,30.0,0.0,VF,1.0
KBW,75 - 79,44.98,44.98,30.0,0.0,RED,1.0
NRW,45 - 49,19.99,19.99,30.0,0.0,RED,0.0
KBW,60 - 64,58.98,58.98,30.0,0.0,RED,0.0
NRW,under 18,39.98,39.98,30.0,0.0,VF,1.0
NRW,55 - 59,29.99,29.99,30.0,0.0,RED,0.0
HSN,55 - 59,59.98,29.99,30.0,0.0,VF,0.0
KBW,55 - 59,39.99,39.99,30.0,0.0,RED,0.0
KBW,80 and over,49.97,49.97,30.0,0.0,RED,1.0
NRW,75 - 79,24.99,34.99,30.0,0.0,VF,1.0
KBW,under 18,54.99,54.99,30.0,0.0,RED,0.0
HSN,60 - 64,34.99,34.99,30.0,0.0,RED,0.0
KBW,65 - 69,27.99,32.99,30.0,0.0,VF,0.0
HSN,50 - 54,37.99,37.98,30.0,0.0,VF,1.0
KBW,18 - 24,29.99,29.99,30.0,0.0,RED,1.0
KBW,25 - 29,49.99,49.99,30.0,0.0,VF,1.0
NRW,50 - 54,74.94,49.89,30.0,0.0,3PLAY,0.0
NRW,under 18,34.99,34.99,30.0,0.0,VF,0.0
NRW,25 - 29,39.98,39.98,30.0,0.0,RED,1.0
KBW,50 - 54,39.99,39.99,30.0,0.0,VF,1.0
NRW,25 - 29,39.99,39.99,30.0,0.0,GIGAZUHAUSE,1.0
KBW,55 - 59,44.98,44.98,30.0,0.0,VF,1.0
KBW,75 - 79,32.99,32.99,186.0,0.0,GIGAZUHAUSE,1.0
HSN,50 - 54,44.98,44.98,30.0,0.0,VF,1.0
NRW,45 - 49,60.98,60.98,30.0,0.0,2PLAY,0.0
KBW,60 - 64,29.98,29.98,30.0,0.0,VF,0.0
KBW,30 - 34,44.97,44.98,595.0,0.0,VF,0.0
NRW,25 - 29,37.98,37.78,30.0,0.0,2PLAY,0.0
NRW,55 - 59,44.98,44.98,30.0,0.0,RED,1.0
KBW,75 - 79,65.95,44.98,30.0,0.0,VF,1.0
NRW,50 - 54,34.97,34.97,30.0,0.0,VF,0.0
NRW,18 - 24,44.98,44.98,30.0,0.0,RED,1.0
HSN,75 - 79,39.98,39.98,30.0,0.0,3PLAY,1.0
NRW,80 and over,39.98,39.99,30.0,0.0,VF,1.0
KBW,25 - 29,29.99,29.99,30.0,0.0,VF,1.0
HSN,75 - 79,34.99,34.99,30.0,0.0,RED,0.0
NRW,65 - 69,52.96,52.96,30.0,0.0,VF,0.0
KBW,25 - 29,34.99,34.99,30.0,0.0,GIGAZUHAUSE,1.0
KBW,50 - 54,44.98,44.98,30.0,0.0,VF,0.0
KBW,50 - 54,49.97,49.97,30.0,0.0,RED,1.0
KBW,65 - 69,44.98,44.98,30.0,0.0,VF,0.0
NRW,60 - 64,49.97,49.97,30.0,0.0,VF,1.0
KBW,40 - 44,49.99,49.99,30.0,0.0,RED,1.0
KBW,75 - 79,47.98,39.99,30.0,0.0,VF,0.0
KBW,25 - 29,34.99,34.99,30.0,0.0,RED,1.0
NRW,65 - 69,42.98,42.98,30.0,0.0,VF,1.0
HSN,25 - 29,34.99,34.99,30.0,0.0,RED,0.0
HSN,30 - 34,64.96,39.99,30.0,0.0,RED,0.0
KBW,60 - 64,44.98,44.98,30.0,0.0,RED,1.0
KBW,50 - 54,44.98,44.98,30.0,0.0,VF,1.0
NRW,65 - 69,59.97,39.98,30.0,0.0,VF,0.0
KBW,25 - 29,44.98,44.98,30.0,0.0,RED,1.0
KBW,18 - 24,34.99,34.99,30.0,0.0,RED,0.0
KBW,35 - 39,53.96,53.96,30.0,0.0,VF,0.0
NRW,30 - 34,33.99,42.99,30.0,0.0,VF,1.0
KBW,40 - 44,44.98,44.98,30.0,0.0,RED,0.0
KBW,25 - 29,44.98,44.98,30.0,0.0,RED,1.0
KBW,45 - 49,32.99,32.99,30.0,0.0,VF,1.0
KBW,55 - 59,54.99,54.99,30.0,0.0,RED,0.0
HSN,50 - 54,44.98,44.98,30.0,0.0,VF,1.0
HSN,65 - 69,47.97,47.97,30.0,0.0,VF,1.0
HSN,75 - 79,44.98,44.98,30.0,0.0,VF,1.0
HSN,55 - 59,49.98,49.98,30.0,0.0,VF,1.0
NRW,25 - 29,34.99,34.99,30.0,1.0,GIGAZUHAUSE,0.0
NRW,75 - 79,34.99,34.99,30.0,0.0,RED,1.0
NRW,65 - 69,39.99,39.99,30.0,0.0,VF,0.0
NRW,50 - 54,44.98,44.98,30.0,0.0,VF,0.0
NRW,65 - 69,49.99,49.99,30.0,0.0,GIGAZUHAUSE,0.0
NRW,55 - 59,34.99,34.99,30.0,0.0,VF,1.0
NRW,25 - 29,44.98,44.98,30.0,0.0,RED,1.0
NRW,under 18,39.99,39.99,30.0,0.0,RED,0.0
HSN,65 - 69,29.99,29.99,30.0,0.0,RED,0.0
NRW,65 - 69,39.98,39.98,30.0,0.0,RED,0.0
NRW,60 - 64,49.97,49.97,30.0,0.0,GIGAZUHAUSE,1.0
NRW,50 - 54,37.98,37.98,254.0,0.0,GIGAZUHAUSE,0.0
NRW,45 - 49,44.98,44.98,30.0,0.0,VF,0.0
NRW,25 - 29,39.98,44.98,30.0,0.0,VF,1.0
NRW,75 - 79,29.99,29.99,30.0,0.0,VF,0.0
HSN,65 - 69,24.99,24.99,30.0,0.0,RED,0.0
NRW,60 - 64,39.98,39.98,30.0,0.0,VF,1.0
NRW,65 - 69,34.99,34.99,30.0,0.0,INTERNET,1.0
HSN,80 and over,49.99,49.99,30.0,0.0,RED,1.0
NRW,18 - 24,44.98,44.98,30.0,0.0,VF,1.0
NRW,50 - 54,55.25,19.99,30.0,0.0,2PLAY,0.0
KBW,45 - 49,34.99,34.99,30.0,0.0,RED,1.0
NRW,50 - 54,34.99,34.99,30.0,0.0,VF,0.0
NRW,25 - 29,34.99,34.99,30.0,0.0,RED,1.0
HSN,65 - 69,49.97,49.97,30.0,0.0,VF,0.0
HSN,75 - 79,74.95,59.98,30.0,0.0,RED,1.0
KBW,65 - 69,59.97,54.99,30.0,0.0,RED,0.0
KBW,25 - 29,44.98,44.98,30.0,0.0,RED,0.0
KBW,25 - 29,44.98,44.98,30.0,0.0,RED,1.0
KBW,45 - 49,49.97,49.97,30.0,0.0,GIGAZUHAUSE,0.0
NRW,80 and over,34.99,34.99,30.0,0.0,RED,1.0
KBW,55 - 59,44.98,44.98,30.0,0.0,RED,1.0
NRW,50 - 54,29.99,29.99,30.0,0.0,VF,0.0
NRW,under 18,34.99,55.96,30.0,0.0,RED,1.0
KBW,60 - 64,29.99,29.99,30.0,0.0,VF,1.0
KBW,under 18,34.99,34.99,30.0,0.0,VF,1.0
KBW,25 - 29,44.98,44.98,30.0,0.0,VF,1.0
NRW,65 - 69,39.99,39.99,30.0,0.0,RED,0.0
KBW,75 - 79,44.98,44.98,30.0,0.0,VF,0.0
NRW,under 18,49.99,49.99,30.0,0.0,VF,1.0
KBW,45 - 49,69.93,44.98,30.0,0.0,VF,1.0
KBW,30 - 34,29.99,29.99,30.0,0.0,VF,0.0
NRW,under 18,19.99,19.99,30.0,0.0,INTERNET,1.0
NRW,25 - 29,44.99,44.99,30.0,0.0,RED,1.0
NRW,65 - 69,34.99,34.99,277.0,0.0,GIGAZUHAUSE,1.0
KBW,65 - 69,44.98,44.98,30.0,0.0,RED,1.0
NRW,55 - 59,34.99,34.99,30.0,0.0,VF,1.0
KBW,45 - 49,24.99,24.99,30.0,0.0,INTERNET,0.0
NRW,60 - 64,24.99,24.99,30.0,0.0,VF,0.0
KBW,65 - 69,42.97,42.97,696.0,0.0,GIGAZUHAUSE,0.0
KBW,18 - 24,49.99,49.99,30.0,0.0,VF,0.0
KBW,50 - 54,74.95,44.98,30.0,0.0,VF,1.0
NRW,30 - 34,49.97,49.97,30.0,0.0,RED,0.0
KBW,50 - 54,34.99,34.99,30.0,0.0,RED,0.0
NRW,75 - 79,34.99,34.99,30.0,0.0,RED,0.0
KBW,55 - 59,44.99,44.99,30.0,0.0,RED,0.0
NRW,80 and over,0.0,0.0,30.0,0.0,MMA,0.0
HSN,60 - 64,44.98,44.98,30.0,0.0,VF,0.0
KBW,60 - 64,39.99,39.99,39.0,0.0,VF,0.0
KBW,50 - 54,44.98,44.98,30.0,0.0,VF,0.0
HSN,75 - 79,63.98,42.98,30.0,0.0,GIGAZUHAUSE,1.0
KBW,45 - 49,29.98,29.98,30.0,0.0,VF,1.0
KBW,40 - 44,78.73,44.98,30.0,0.0,VF,1.0
KBW,30 - 34,19.99,19.99,30.0,0.0,RED,1.0
HSN,40 - 44,43.88,129.0,30.0,0.0,3PLAY,0.0
KBW,40 - 44,39.99,39.99,30.0,0.0,RED,0.0
NRW,25 - 29,39.99,39.99,30.0,0.0,RED,0.0
HSN,25 - 29,39.98,39.98,30.0,0.0,VF,0.0
HSN,35 - 39,44.98,44.98,30.0,0.0,RED,1.0
NRW,75 - 79,44.98,44.98,30.0,0.0,VF,1.0
HSN,40 - 44,42.97,42.98,586.0,0.0,GIGAZUHAUSE,1.0
NRW,40 - 44,29.99,29.99,30.0,0.0,VF,0.0
KBW,30 - 34,44.98,44.98,30.0,0.0,VF,0.0
NRW,55 - 59,44.98,44.98,30.0,0.0,VF,1.0
HSN,55 - 59,39.98,39.98,30.0,0.0,RED,1.0
NRW,75 - 79,34.99,34.99,30.0,0.0,RED,1.0
KBW,55 - 59,32.99,32.99,30.0,0.0,GIGAZUHAUSE,1.0
NRW,under 18,52.98,52.99,30.0,0.0,VF,1.0
NRW,25 - 29,49.97,49.99,30.0,0.0,GIGAZUHAUSE,1.0
KBW,55 - 59,44.98,44.98,30.0,0.0,VF,1.0
NRW,25 - 29,34.99,34.99,30.0,0.0,GIGAZUHAUSE,1.0
KBW,80 and over,37.98,37.98,30.0,0.0,VF,0.0
NRW,50 - 54,44.97,44.97,30.0,0.0,VF,1.0
KBW,40 - 44,32.99,32.99,30.0,0.0,VF,1.0
HSN,30 - 34,54.97,54.98,30.0,0.0,VF,1.0
KBW,75 - 79,39.99,39.99,30.0,0.0,VF,1.0
NRW,65 - 69,34.99,34.99,30.0,0.0,RED,0.0
KBW,35 - 39,34.99,34.99,30.0,0.0,RED,1.0
HSN,50 - 54,54.99,54.99,30.0,0.0,RED,0.0
NRW,75 - 79,39.98,39.98,30.0,0.0,VF,1.0
KBW,75 - 79,32.99,32.99,30.0,0.0,VF,1.0
KBW,30 - 34,34.99,34.99,30.0,0.0,VF,0.0
NRW,45 - 49,39.99,39.99,30.0,0.0,RED,0.0
NRW,55 - 59,44.98,44.98,30.0,0.0,GIGAZUHAUSE,0.0
NRW,under 18,34.99,34.99,30.0,0.0,RED,1.0
KBW,under 18,49.99,49.99,30.0,0.0,GIGAZUHAUSE,0.0
NRW,40 - 44,48.97,48.97,30.0,0.0,RED,0.0
NRW,75 - 79,44.98,44.98,30.0,0.0,VF,0.0
NRW,45 - 49,29.99,29.99,30.0,0.0,VF,1.0
NRW,65 - 69,44.98,44.98,30.0,0.0,RED,0.0
KBW,under 18,29.99,29.99,30.0,0.0,INTERNET,1.0
NRW,25 - 29,42.98,42.98,133.0,0.0,GIGAZUHAUSE,0.0
NRW,75 - 79,39.99,39.99,30.0,0.0,RED,1.0
KBW,25 - 29,51.96,54.99,30.0,0.0,RED,0.0
HSN,40 - 44,39.98,39.98,30.0,0.0,VF,1.0
NRW,75 - 79,69.97,49.99,30.0,0.0,VF,1.0
KBW,25 - 29,39.98,39.98,30.0,0.0,RED,1.0
KBW,25 - 29,39.99,39.99,30.0,0.0,RED,0.0
NRW,40 - 44,29.99,29.99,30.0,0.0,VF,0.0
KBW,35 - 39,44.98,44.98,30.0,0.0,VF,0.0
NRW,75 - 79,42.98,42.98,30.0,0.0,VF,0.0
NRW,50 - 54,44.98,44.98,30.0,0.0,VF,1.0
NRW,75 - 79,49.99,49.99,30.0,0.0,VF,0.0
KBW,75 - 79,39.99,39.99,30.0,0.0,RED,1.0
NRW,45 - 49,44.98,44.98,30.0,0.0,VF,1.0
NRW,75 - 79,39.98,39.98,30.0,0.0,VF,1.0
NRW,65 - 69,40.98,24.99,30.0,0.0,GIGAZUHAUSE,0.0
KBW,80 and over,48.42,48.88,30.0,0.0,3PLAY,1.0
NRW,45 - 49,44.98,39.99,30.0,0.0,VF,0.0
NRW,60 - 64,49.99,49.99,30.0,0.0,GIGAZUHAUSE,0.0
NRW,45 - 49,29.98,29.98,30.0,0.0,VF,1.0
NRW,under 18,39.98,39.98,30.0,0.0,VF,1.0
HSN,65 - 69,29.99,29.99,30.0,0.0,VF,0.0
NRW,50 - 54,49.97,49.99,30.0,0.0,RED,1.0
NRW,25 - 29,29.99,29.99,30.0,0.0,VF,1.0
HSN,25 - 29,54.99,54.99,30.0,0.0,RED,0.0
KBW,40 - 44,27.92,27.8,30.0,0.0,2PLAY,0.0
NRW,25 - 29,39.99,39.99,30.0,0.0,RED,0.0
NRW,under 18,34.99,34.99,30.0,0.0,RED,1.0
KBW,60 - 64,29.99,29.99,30.0,0.0,VF,0.0
NRW,75 - 79,42.98,42.98,30.0,0.0,RED,0.0
NRW,75 - 79,49.99,49.99,30.0,0.0,VF,0.0
HSN,25 - 29,33.98,63.98,634.0,0.0,GIGAZUHAUSE,0.0
NRW,55 - 59,49.97,49.97,30.0,0.0,VF,1.0
KBW,75 - 79,49.99,49.99,30.0,0.0,VF,0.0
HSN,25 - 29,44.98,44.98,339.0,0.0,GIGAZUHAUSE,1.0
HSN,55 - 59,44.98,44.98,30.0,0.0,VF,1.0
KBW,25 - 29,44.98,44.98,30.0,0.0,VF,0.0
HSN,75 - 79,34.98,44.98,30.0,0.0,VF,1.0
NRW,60 - 64,39.98,49.98,30.0,0.0,VF,1.0
NRW,75 - 79,39.98,39.98,30.0,0.0,GIGAZUHAUSE,1.0
HSN,40 - 44,24.99,24.99,30.0,0.0,VF,0.0
KBW,75 - 79,44.98,44.98,30.0,0.0,RED,0.0
KBW,80 and over,39.99,39.99,30.0,0.0,RED,0.0
NRW,25 - 29,34.99,34.99,30.0,0.0,RED,0.0
KBW,18 - 24,64.97,64.97,30.0,0.0,RED,0.0
NRW,under 18,39.98,39.98,30.0,0.0,VF,1.0
KBW,75 - 79,34.99,34.99,30.0,0.0,VF,0.0
NRW,75 - 79,44.98,44.98,30.0,0.0,VF,0.0
NRW,55 - 59,44.98,44.98,30.0,0.0,VF,0.0
NRW,75 - 79,49.97,49.97,30.0,0.0,VF,0.0
NRW,60 - 64,39.98,39.98,30.0,0.0,GIGAZUHAUSE,0.0
KBW,55 - 59,59.98,44.98,30.0,0.0,VF,1.0
NRW,55 - 59,44.98,44.98,30.0,0.0,VF,0.0
KBW,40 - 44,43.97,43.97,30.0,0.0,RED,0.0
KBW,under 18,47.96,61.96,30.0,0.0,VF,0.0
NRW,65 - 69,39.99,39.99,30.0,0.0,VF,0.0
NRW,under 18,32.99,32.99,30.0,0.0,RED,1.0
NRW,75 - 79,37.99,37.99,30.0,0.0,VF,1.0
NRW,25 - 29,39.99,39.99,30.0,0.0,VF,1.0
HSN,50 - 54,39.99,39.99,30.0,0.0,RED,1.0
HSN,55 - 59,44.98,44.98,30.0,0.0,RED,1.0
NRW,30 - 34,42.98,42.98,533.0,0.0,GIGAZUHAUSE,1.0
HSN,75 - 79,50.98,29.99,30.0,0.0,VF,0.0
HSN,55 - 59,63.98,37.98,30.0,0.0,GIGAZUHAUSE,1.0
KBW,75 - 79,68.98,53.99,30.0,0.0,RED,1.0
KBW,45 - 49,29.98,29.99,30.0,0.0,VF,0.0
HSN,75 - 79,34.99,34.99,30.0,0.0,RED,0.0
KBW,55 - 59,32.99,32.99,692.0,0.0,GIGAZUHAUSE,1.0
NRW,50 - 54,49.97,49.97,30.0,0.0,VF,1.0
NRW,25 - 29,32.99,32.99,30.0,0.0,VF,0.0
KBW,60 - 64,39.99,39.99,30.0,0.0,VF,1.0
NRW,55 - 59,39.98,39.98,30.0,0.0,RED,0.0
NRW,under 18,42.97,42.97,30.0,0.0,VF,0.0
KBW,25 - 29,54.99,54.99,30.0,0.0,RED,0.0
HSN,60 - 64,67.96,27.97,30.0,0.0,RED,1.0
HSN,75 - 79,39.99,39.99,30.0,0.0,RED,1.0
KBW,55 - 59,39.99,39.99,30.0,0.0,RED,0.0
KBW,45 - 49,53.96,53.88,30.0,0.0,RED,0.0
HSN,35 - 39,39.99,39.99,30.0,0.0,RED,1.0
KBW,75 - 79,49.98,54.98,30.0,0.0,RED,1.0
HSN,18 - 24,44.98,44.98,30.0,0.0,VF,1.0
NRW,65 - 69,44.98,44.98,30.0,0.0,RED,1.0
NRW,30 - 34,44.98,44.98,30.0,0.0,VF,0.0
KBW,75 - 79,34.99,34.99,30.0,0.0,GIGAZUHAUSE,0.0
NRW,60 - 64,54.99,54.99,30.0,0.0,GIGAZUHAUSE,0.0
KBW,75 - 79,44.97,44.98,30.0,0.0,VF,0.0
NRW,under 18,39.99,39.99,30.0,0.0,RED,0.0
NRW,25 - 29,74.96,39.99,30.0,0.0,RED,0.0
NRW,75 - 79,39.98,39.98,137.0,0.0,GIGAZUHAUSE,0.0
NRW,25 - 29,44.98,44.98,30.0,0.0,RED,0.0
NRW,40 - 44,39.97,39.99,30.0,0.0,VF,1.0
NRW,65 - 69,32.99,32.99,30.0,0.0,VF,1.0
NRW,75 - 79,34.98,34.99,30.0,0.0,RED,0.0
HSN,75 - 79,39.98,39.98,162.0,0.0,VF,1.0
NRW,75 - 79,39.98,39.98,30.0,0.0,RED,1.0
HSN,under 18,53.98,53.98,30.0,0.0,RED,0.0
KBW,75 - 79,34.99,34.99,30.0,0.0,RED,0.0
KBW,25 - 29,44.98,44.98,30.0,0.0,VF,0.0
KBW,35 - 39,49.97,49.97,686.0,0.0,GIGAZUHAUSE,0.0
HSN,35 - 39,39.99,39.99,30.0,0.0,RED,0.0
HSN,25 - 29,57.97,32.99,30.0,0.0,RED,1.0
NRW,45 - 49,32.99,32.99,30.0,0.0,VF,0.0
NRW,55 - 59,29.99,29.99,30.0,0.0,RED,0.0
KBW,75 - 79,69.95,44.98,30.0,0.0,VF,1.0
HSN,60 - 64,53.96,37.98,186.0,0.0,GIGAZUHAUSE,1.0
KBW,55 - 59,49.99,49.99,30.0,0.0,VF,1.0
KBW,75 - 79,44.98,44.98,30.0,0.0,RED,1.0
NRW,80 and over,11.98,11.98,30.0,0.0,RED,0.0
HSN,30 - 34,44.98,44.98,30.0,0.0,VF,1.0
NRW,25 - 29,34.99,34.99,30.0,0.0,VF,0.0
KBW,under 18,44.98,44.98,30.0,0.0,VF,0.0
NRW,25 - 29,44.98,44.98,30.0,0.0,GIGAZUHAUSE,1.0
KBW,under 18,49.97,49.97,30.0,0.0,VF,1.0
KBW,45 - 49,70.98,80.98,30.0,0.0,RED,0.0
NRW,40 - 44,44.98,44.98,30.0,0.0,RED,1.0
NRW,under 18,27.99,27.99,30.0,0.0,RED,0.0
HSN,25 - 29,44.98,44.98,30.0,0.0,VF,0.0
NRW,under 18,29.99,29.99,30.0,0.0,VF,1.0
NRW,50 - 54,44.98,44.98,30.0,0.0,RED,0.0
HSN,55 - 59,39.99,39.99,30.0,0.0,RED,1.0
KBW,under 18,42.98,42.98,30.0,0.0,RED,0.0
KBW,40 - 44,44.98,44.98,30.0,0.0,VF,1.0
KBW,25 - 29,44.97,44.97,30.0,0.0,VF,1.0
HSN,35 - 39,39.98,39.98,30.0,0.0,GIGAZUHAUSE,0.0
NRW,25 - 29,44.98,44.98,30.0,0.0,RED,0.0
KBW,55 - 59,49.99,49.99,30.0,0.0,RED,0.0
KBW,55 - 59,49.98,49.98,30.0,0.0,RED,0.0
NRW,65 - 69,34.99,34.99,30.0,0.0,RED,0.0
NRW,55 - 59,39.99,39.99,30.0,0.0,RED,0.0
NRW,under 18,49.97,49.97,30.0,0.0,GIGAZUHAUSE,1.0
NRW,65 - 69,49.97,49.97,30.0,0.0,VF,1.0
NRW,75 - 79,37.99,37.99,30.0,3.0,GIGAZUHAUSE,1.0
NRW,75 - 79,34.99,34.99,30.0,0.0,RED,1.0
NRW,45 - 49,29.99,29.99,30.0,0.0,VF,0.0
NRW,25 - 29,34.99,34.99,30.0,0.0,RED,1.0
NRW,25 - 29,39.99,39.99,30.0,0.0,RED,1.0
HSN,50 - 54,44.98,44.98,30.0,0.0,VF,0.0
NRW,45 - 49,37.98,37.98,30.0,0.0,GIGAZUHAUSE,0.0
NRW,30 - 34,49.97,49.99,30.0,0.0,RED,0.0
HSN,65 - 69,34.99,34.99,30.0,0.0,RED,1.0
KBW,55 - 59,44.98,44.98,30.0,0.0,VF,1.0
NRW,40 - 44,39.98,39.98,30.0,0.0,VF,0.0
KBW,25 - 29,44.98,44.98,30.0,0.0,RED,1.0
NRW,25 - 29,39.99,39.99,30.0,0.0,RED,1.0
NRW,50 - 54,44.98,44.98,30.0,0.0,RED,1.0
HSN,60 - 64,34.99,34.99,30.0,0.0,RED,0.0
NRW,30 - 34,44.98,44.98,30.0,0.0,VF,1.0
KBW,25 - 29,39.99,39.99,30.0,0.0,RED,0.0
NRW,65 - 69,34.99,34.99,30.0,0.0,RED,0.0
NRW,80 and over,54.99,54.99,30.0,0.0,RED,1.0
NRW,35 - 39,34.99,34.99,30.0,0.0,RED,1.0
HSN,25 - 29,58.98,58.98,30.0,0.0,RED,0.0
KBW,50 - 54,49.99,49.99,7.0,0.0,GIGAZUHAUSE,1.0
NRW,40 - 44,39.99,39.99,30.0,0.0,VF,0.0
HSN,30 - 34,29.99,29.99,30.0,0.0,GIGAZUHAUSE,1.0
KBW,80 and over,34.99,34.99,30.0,0.0,RED,0.0
HSN,25 - 29,42.98,42.98,30.0,0.0,RED,0.0
HSN,75 - 79,64.96,34.99,30.0,0.0,RED,0.0
HSN,40 - 44,34.99,34.99,30.0,0.0,VF,1.0
HSN,45 - 49,39.99,39.99,30.0,0.0,RED,1.0
NRW,60 - 64,44.98,44.98,30.0,0.0,VF,0.0
NRW,75 - 79,50.98,29.99,30.0,0.0,VF,1.0
NRW,25 - 29,39.98,39.98,30.0,0.0,VF,1.0
KBW,65 - 69,44.98,44.98,30.0,0.0,VF,0.0
NRW,18 - 24,29.99,29.99,30.0,0.0,VF,0.0
KBW,50 - 54,78.97,27.99,30.0,0.0,VF,0.0
NRW,40 - 44,52.96,52.98,30.0,0.0,GIGAZUHAUSE,0.0
NRW,40 - 44,44.97,44.98,30.0,0.0,VF,1.0
NRW,75 - 79,39.98,39.98,30.0,0.0,GIGAZUHAUSE,1.0
HSN,80 and over,64.98,44.98,30.0,0.0,RED,1.0
NRW,45 - 49,39.99,39.99,30.0,0.0,GIGAZUHAUSE,0.0
NRW,45 - 49,34.99,34.99,30.0,0.0,RED,1.0
NRW,50 - 54,39.99,39.99,30.0,0.0,GIGAZUHAUSE,1.0
NRW,25 - 29,39.99,39.99,30.0,0.0,RED,1.0
NRW,40 - 44,69.96,32.99,30.0,0.0,GIGAZUHAUSE,1.0
KBW,35 - 39,39.99,39.99,30.0,0.0,GIGAZUHAUSE,0.0
NRW,25 - 29,49.98,49.99,30.0,0.0,GIGAZUHAUSE,1.0
KBW,80 and over,29.99,29.99,30.0,0.0,VF,1.0
KBW,60 - 64,39.98,39.98,30.0,0.0,GIGAZUHAUSE,1.0
HSN,25 - 29,44.98,44.98,30.0,0.0,VF,0.0
KBW,60 - 64,45.95,45.86,30.0,0.0,2PLAY,1.0
NRW,under 18,44.98,44.98,30.0,0.0,RED,0.0
HSN,25 - 29,49.99,49.99,30.0,0.0,RED,0.0
NRW,55 - 59,49.99,49.99,30.0,0.0,VF,1.0
NRW,75 - 79,37.99,37.99,30.0,0.0,VF,1.0
HSN,75 - 79,39.99,39.99,30.0,0.0,RED,0.0
NRW,60 - 64,39.98,39.98,30.0,0.0,RED,0.0
KBW,80 and over,42.97,42.97,30.0,0.0,VF,0.0
KBW,45 - 49,49.99,49.99,30.0,0.0,RED,0.0
NRW,55 - 59,19.99,19.99,692.0,0.0,GIGAZUHAUSE,0.0
KBW,60 - 64,44.98,44.98,30.0,0.0,VF,0.0
NRW,60 - 64,59.99,59.99,30.0,0.0,VF,1.0
NRW,40 - 44,44.98,44.98,30.0,0.0,VF,0.0
NRW,55 - 59,49.99,49.99,30.0,0.0,RED,0.0
KBW,30 - 34,42.98,42.98,30.0,0.0,VF,0.0
KBW,50 - 54,39.98,39.98,30.0,0.0,VF,0.0
KBW,30 - 34,54.98,54.99,30.0,0.0,GIGAZUHAUSE,0.0
KBW,55 - 59,52.98,52.98,30.0,0.0,VF,1.0
NRW,40 - 44,44.98,44.98,30.0,0.0,VF,1.0
KBW,45 - 49,44.98,44.98,30.0,0.0,VF,0.0
KBW,75 - 79,42.97,42.97,30.0,0.0,RED,0.0
HSN,55 - 59,39.98,39.98,30.0,0.0,GIGAZUHAUSE,0.0
KBW,55 - 59,44.98,44.98,30.0,0.0,RED,1.0
KBW,75 - 79,49.97,49.97,30.0,0.0,RED,0.0
HSN,65 - 69,39.98,39.98,696.0,0.0,GIGAZUHAUSE,1.0
KBW,80 and over,44.98,44.98,30.0,0.0,VF,0.0
KBW,30 - 34,39.99,39.99,30.0,0.0,MMA,0.0
KBW,25 - 29,44.98,44.98,30.0,0.0,VF,0.0
NRW,30 - 34,42.97,42.98,30.0,0.0,VF,0.0
KBW,30 - 34,54.99,54.99,30.0,0.0,VF,1.0
HSN,60 - 64,39.99,39.99,30.0,0.0,VF,1.0
NRW,40 - 44,48.97,48.97,30.0,0.0,VF,1.0
NRW,55 - 59,44.98,44.98,30.0,0.0,RED,1.0
KBW,55 - 59,29.99,29.99,30.0,0.0,VF,0.0
NRW,40 - 44,52.96,63.98,30.0,0.0,RED,1.0
NRW,25 - 29,59.97,49.97,30.0,0.0,RED,0.0
HSN,25 - 29,52.98,52.98,30.0,0.0,RED,1.0
NRW,25 - 29,39.98,39.98,30.0,0.0,RED,0.0
KBW,60 - 64,34.97,34.98,30.0,0.0,RED,1.0
NRW,65 - 69,34.99,34.99,30.0,0.0,GIGAZUHAUSE,1.0
HSN,under 18,49.99,49.99,30.0,0.0,RED,1.0
NRW,55 - 59,29.99,29.99,30.0,0.0,RED,0.0
KBW,60 - 64,44.98,44.98,30.0,0.0,VF,1.0
NRW,45 - 49,39.98,39.98,30.0,0.0,VF,1.0
NRW,60 - 64,42.98,42.98,30.0,0.0,VF,1.0
HSN,50 - 54,39.98,39.98,30.0,0.0,VF,0.0
HSN,50 - 54,44.98,44.98,30.0,0.0,VF,0.0
KBW,40 - 44,61.95,40.0,30.0,0.0,3PLAY,0.0
NRW,50 - 54,34.99,34.99,30.0,0.0,RED,0.0
NRW,45 - 49,39.99,39.99,30.0,0.0,VF,1.0
NRW,under 18,44.98,44.98,30.0,0.0,VF,1.0
NRW,60 - 64,44.99,44.99,30.0,0.0,VF,1.0
KBW,18 - 24,39.99,39.99,30.0,0.0,VF,1.0
KBW,60 - 64,34.99,34.99,30.0,0.0,RED,0.0
HSN,45 - 49,32.99,32.99,30.0,0.0,VF,0.0
KBW,75 - 79,47.99,47.99,30.0,0.0,GIGAZUHAUSE,0.0
KBW,under 18,44.97,44.98,30.0,0.0,GIGAZUHAUSE,0.0
KBW,75 - 79,29.99,29.99,30.0,0.0,VF,1.0
NRW,45 - 49,32.99,32.99,30.0,0.0,VF,1.0
NRW,45 - 49,43.97,37.99,30.0,0.0,VF,0.0
NRW,45 - 49,65.95,44.98,30.0,0.0,VF,1.0
HSN,65 - 69,34.99,34.99,30.0,0.0,RED,0.0
HSN,40 - 44,44.98,44.98,30.0,0.0,RED,0.0
KBW,30 - 34,49.97,39.99,30.0,0.0,VF,0.0
NRW,75 - 79,44.98,44.98,30.0,0.0,VF,0.0
KBW,18 - 24,72.95,63.98,30.0,0.0,RED,1.0
HSN,65 - 69,49.97,49.97,30.0,0.0,VF,0.0
KBW,80 and over,51.97,32.99,30.0,0.0,VF,1.0
NRW,80 and over,44.98,44.98,30.0,0.0,RED,1.0
HSN,50 - 54,49.97,49.97,30.0,0.0,VF,0.0
KBW,65 - 69,44.98,44.98,30.0,0.0,RED,0.0
KBW,30 - 34,42.96,42.97,30.0,0.0,VF,1.0
KBW,75 - 79,32.99,32.99,30.0,0.0,VF,0.0
NRW,50 - 54,54.99,54.99,30.0,0.0,RED,0.0
NRW,65 - 69,49.99,49.99,30.0,0.0,RED,0.0
HSN,under 18,39.99,39.99,30.0,0.0,RED,1.0
KBW,75 - 79,49.99,49.99,30.0,0.0,VF,1.0
KBW,50 - 54,44.98,44.98,30.0,0.0,VF,1.0
KBW,75 - 79,54.99,54.99,30.0,0.0,RED,1.0
KBW,under 18,39.99,39.99,30.0,0.0,VF,1.0
KBW,50 - 54,39.99,39.99,30.0,0.0,RED,0.0
HSN,65 - 69,54.99,54.99,30.0,0.0,RED,1.0
KBW,40 - 44,39.99,39.99,30.0,0.0,RED,1.0
KBW,60 - 64,34.99,34.99,30.0,0.0,RED,1.0
NRW,under 18,39.99,39.99,30.0,0.0,VF,1.0
NRW,60 - 64,49.97,49.97,30.0,0.0,VF,1.0
NRW,50 - 54,39.98,39.98,30.0,0.0,VF,1.0
NRW,55 - 59,39.98,39.99,30.0,0.0,RED,0.0
NRW,75 - 79,52.98,52.98,113.0,0.0,GIGAZUHAUSE,1.0
NRW,45 - 49,32.99,32.99,30.0,0.0,VF,0.0
NRW,65 - 69,44.98,44.98,30.0,0.0,RED,0.0
KBW,75 - 79,44.98,44.98,30.0,0.0,GIGAZUHAUSE,1.0
NRW,80 and over,39.98,39.98,30.0,0.0,GIGAZUHAUSE,1.0
HSN,60 - 64,34.99,34.99,30.0,0.0,RED,1.0
NRW,55 - 59,49.99,49.99,30.0,0.0,3PLAY,1.0
KBW,55 - 59,39.99,39.99,30.0,0.0,RED,1.0
NRW,50 - 54,34.99,34.99,30.0,0.0,RED,0.0
KBW,45 - 49,32.99,32.99,30.0,0.0,VF,0.0
KBW,25 - 29,44.98,44.98,30.0,0.0,VF,1.0
NRW,55 - 59,34.99,34.99,30.0,0.0,VF,1.0
NRW,45 - 49,44.98,44.98,30.0,0.0,RED,0.0
NRW,25 - 29,39.99,39.99,30.0,0.0,RED,0.0
HSN,25 - 29,39.99,39.99,30.0,0.0,RED,0.0
KBW,50 - 54,29.99,29.99,30.0,1.0,GIGAZUHAUSE,1.0
HSN,25 - 29,58.98,58.98,30.0,0.0,RED,0.0
NRW,65 - 69,48.97,48.97,30.0,0.0,VF,1.0
NRW,25 - 29,39.98,39.98,30.0,0.0,RED,1.0
KBW,30 - 34,59.97,39.98,30.0,0.0,VF,0.0
NRW,80 and over,62.96,62.98,30.0,0.0,GIGAZUHAUSE,0.0
NRW,under 18,39.99,39.99,30.0,0.0,RED,1.0
NRW,55 - 59,34.99,34.99,30.0,0.0,RED,1.0
NRW,18 - 24,34.99,34.99,30.0,0.0,RED,0.0
KBW,45 - 49,44.97,44.97,30.0,0.0,VF,0.0
KBW,40 - 44,38.98,38.98,30.0,0.0,VF,0.0
NRW,50 - 54,37.98,37.98,30.0,0.0,VF,1.0
NRW,55 - 59,44.98,44.98,135.0,0.0,GIGAZUHAUSE,1.0
HSN,65 - 69,39.99,39.99,30.0,0.0,RED,1.0
KBW,50 - 54,49.99,49.99,30.0,0.0,RED,0.0
KBW,25 - 29,34.99,34.99,30.0,0.0,RED,1.0
KBW,60 - 64,49.97,49.97,30.0,0.0,VF,1.0
NRW,under 18,34.99,34.99,30.0,0.0,RED,0.0
KBW,55 - 59,69.98,44.98,30.0,0.0,VF,1.0
NRW,55 - 59,54.98,59.98,30.0,0.0,RED,1.0
NRW,60 - 64,39.99,39.99,30.0,0.0,VF,0.0
KBW,25 - 29,54.99,54.99,30.0,0.0,RED,1.0
KBW,50 - 54,34.99,34.99,30.0,0.0,GIGAZUHAUSE,1.0
NRW,50 - 54,34.99,34.99,30.0,0.0,RED,0.0
NRW,65 - 69,29.99,29.99,71.0,0.0,VF,1.0
KBW,30 - 34,44.98,44.98,30.0,0.0,RED,1.0
KBW,25 - 29,34.99,34.99,30.0,0.0,RED,1.0
KBW,25 - 29,42.98,42.98,30.0,0.0,GIGAZUHAUSE,0.0
NRW,60 - 64,37.98,37.98,30.0,0.0,VF,0.0
KBW,50 - 54,34.99,34.99,30.0,0.0,RED,0.0
KBW,75 - 79,37.78,37.98,30.0,2.0,GIGAZUHAUSE,0.0
KBW,65 - 69,64.98,44.98,30.0,0.0,VF,1.0
HSN,75 - 79,44.98,44.98,30.0,0.0,RED,0.0
HSN,55 - 59,39.98,39.98,30.0,0.0,RED,1.0
KBW,35 - 39,54.98,54.98,30.0,0.0,RED,1.0
KBW,under 18,42.98,42.98,30.0,0.0,RED,1.0
HSN,75 - 79,37.99,37.99,30.0,0.0,VF,0.0
HSN,under 18,0.0,0.0,30.0,0.0,MMA,0.0
KBW,50 - 54,44.98,44.98,30.0,0.0,VF,0.0
NRW,65 - 69,49.99,49.99,30.0,0.0,RED,1.0
NRW,65 - 69,47.99,47.99,30.0,0.0,RED,0.0
KBW,35 - 39,39.99,39.99,30.0,0.0,VF,1.0
NRW,50 - 54,39.99,39.99,30.0,0.0,RED,0.0
KBW,65 - 69,49.97,49.97,30.0,0.0,VF,1.0
NRW,40 - 44,34.99,34.99,84.0,0.0,RED,0.0
NRW,25 - 29,54.99,54.99,30.0,0.0,RED,1.0
NRW,25 - 29,34.99,34.99,30.0,0.0,RED,1.0
HSN,65 - 69,32.99,32.99,30.0,0.0,GIGAZUHAUSE,1.0
NRW,50 - 54,24.99,24.99,30.0,0.0,VF,1.0
KBW,35 - 39,32.99,32.99,30.0,0.0,GIGAZUHAUSE,0.0
HSN,under 18,19.99,19.99,30.0,1.0,VF,0.0
NRW,60 - 64,37.99,37.99,30.0,0.0,VF,0.0
KBW,75 - 79,34.99,34.99,30.0,0.0,RED,0.0
KBW,75 - 79,39.98,39.98,30.0,0.0,VF,0.0
HSN,65 - 69,39.97,39.97,30.0,0.0,VF,0.0
KBW,50 - 54,34.99,34.99,692.0,0.0,RED,1.0
KBW,under 18,49.98,49.99,30.0,0.0,VF,0.0
KBW,55 - 59,54.98,54.98,30.0,0.0,RED,1.0
NRW,40 - 44,34.99,34.99,30.0,0.0,RED,0.0
KBW,65 - 69,54.99,54.99,30.0,0.0,RED,1.0
KBW,25 - 29,48.97,29.99,30.0,2.0,VF,1.0
HSN,60 - 64,53.97,42.98,30.0,0.0,VF,0.0
KBW,50 - 54,39.99,39.99,30.0,0.0,RED,0.0
HSN,60 - 64,39.99,39.99,30.0,0.0,VF,1.0
HSN,40 - 44,39.99,39.99,30.0,0.0,RED,0.0
KBW,75 - 79,39.99,39.99,30.0,0.0,VF,1.0
NRW,under 18,49.97,49.97,30.0,0.0,VF,0.0
KBW,18 - 24,29.99,29.99,30.0,0.0,VF,1.0
KBW,65 - 69,34.99,34.99,30.0,0.0,RED,0.0
NRW,35 - 39,39.99,39.99,30.0,0.0,GIGAZUHAUSE,1.0
NRW,60 - 64,24.99,24.99,30.0,0.0,VF,1.0
NRW,65 - 69,65.97,44.98,30.0,0.0,RED,0.0
NRW,55 - 59,44.98,44.98,30.0,0.0,VF,1.0
HSN,under 18,29.99,29.99,30.0,0.0,VF,1.0
NRW,25 - 29,34.99,34.99,30.0,0.0,RED,1.0
HSN,45 - 49,39.99,39.99,30.0,0.0,VF,0.0
KBW,75 - 79,29.99,29.99,30.0,0.0,VF,0.0
NRW,55 - 59,44.98,44.98,30.0,0.0,VF,0.0
KBW,60 - 64,29.99,29.99,30.0,0.0,VF,1.0
HSN,25 - 29,37.98,37.98,30.0,0.0,VF,1.0
KBW,under 18,29.99,29.99,30.0,0.0,VF,0.0
HSN,60 - 64,29.99,29.99,30.0,0.0,VF,0.0
NRW,50 - 54,44.98,44.98,30.0,0.0,VF,0.0
HSN,65 - 69,44.98,44.98,30.0,0.0,RED,1.0
NRW,60 - 64,43.98,43.98,30.0,0.0,2PLAY,1.0
NRW,75 - 79,44.99,44.98,30.0,0.0,RED,0.0
NRW,75 - 79,34.99,34.99,30.0,0.0,RED,0.0
KBW,55 - 59,44.98,44.98,30.0,0.0,VF,0.0
HSN,60 - 64,0.0,0.0,30.0,0.0,3PLAY,0.0
HSN,50 - 54,44.98,44.98,30.0,0.0,VF,1.0
KBW,75 - 79,49.97,49.97,30.0,0.0,VF,1.0
HSN,65 - 69,29.99,39.98,30.0,0.0,GIGAZUHAUSE,0.0
NRW,55 - 59,34.99,34.99,30.0,0.0,RED,1.0
NRW,65 - 69,44.98,44.98,30.0,0.0,VF,1.0
KBW,45 - 49,64.96,44.98,30.0,0.0,GIGAZUHAUSE,0.0
NRW,40 - 44,44.98,44.98,30.0,0.0,RED,1.0
KBW,75 - 79,34.99,34.99,30.0,0.0,RED,1.0
HSN,55 - 59,34.99,34.99,30.0,0.0,RED,0.0
KBW,under 18,44.98,44.98,30.0,0.0,VF,1.0
HSN,40 - 44,44.97,44.97,30.0,0.0,VF,1.0
NRW,40 - 44,19.98,29.99,30.0,0.0,VF,1.0
KBW,55 - 59,34.99,34.99,30.0,0.0,RED,1.0
KBW,55 - 59,49.99,49.98,30.0,0.0,RED,0.0
KBW,30 - 34,49.97,49.97,30.0,0.0,RED,1.0
NRW,18 - 24,34.99,34.99,30.0,0.0,GIGAZUHAUSE,1.0
KBW,75 - 79,39.98,39.98,30.0,0.0,VF,0.0
HSN,65 - 69,24.99,24.99,30.0,0.0,RED,0.0
KBW,75 - 79,54.97,54.99,30.0,0.0,RED,1.0
KBW,75 - 79,44.98,44.98,30.0,0.0,VF,1.0
NRW,65 - 69,38.98,38.98,30.0,0.0,RED,0.0
NRW,65 - 69,49.97,49.97,30.0,0.0,VF,0.0
NRW,75 - 79,34.96,34.99,30.0,0.0,VF,0.0
KBW,25 - 29,63.97,44.98,30.0,0.0,VF,0.0
NRW,80 and over,33.74,33.74,30.0,0.0,3PLAY,1.0
KBW,45 - 49,42.97,42.97,30.0,0.0,2PLAY,0.0
HSN,60 - 64,39.99,39.99,30.0,0.0,RED,1.0
NRW,30 - 34,39.98,39.98,30.0,0.0,VF,0.0
NRW,under 18,24.99,24.99,30.0,0.0,VF,1.0
KBW,25 - 29,34.99,34.99,30.0,0.0,RED,0.0
NRW,75 - 79,39.98,39.98,30.0,0.0,GIGAZUHAUSE,0.0
KBW,75 - 79,29.99,29.99,30.0,0.0,VF,0.0
NRW,18 - 24,39.99,39.99,30.0,0.0,VF,1.0
HSN,under 18,58.98,58.98,30.0,0.0,RED,0.0
NRW,60 - 64,39.98,39.98,30.0,1.0,VF,0.0
KBW,25 - 29,44.98,44.98,30.0,0.0,VF,1.0
NRW,55 - 59,34.99,34.99,30.0,0.0,RED,0.0
NRW,50 - 54,55.98,34.99,30.0,0.0,RED,1.0
HSN,45 - 49,59.98,59.98,303.0,0.0,GIGAZUHAUSE,1.0
NRW,55 - 59,44.98,44.98,30.0,0.0,VF,1.0
KBW,80 and over,50.96,40.78,30.0,0.0,RED,0.0
NRW,65 - 69,42.64,42.98,30.0,0.0,RED,0.0
NRW,under 18,39.99,39.99,30.0,0.0,RED,1.0
NRW,65 - 69,49.99,49.99,30.0,0.0,RED,0.0
NRW,50 - 54,39.98,39.98,30.0,0.0,RED,0.0
KBW,60 - 64,44.98,44.98,105.0,0.0,VF,0.0
NRW,25 - 29,59.98,74.98,30.0,0.0,VF,1.0
KBW,25 - 29,44.98,44.98,30.0,0.0,RED,0.0
HSN,30 - 34,44.98,44.98,30.0,0.0,RED,0.0
KBW,55 - 59,47.99,49.99,30.0,0.0,VF,1.0
KBW,30 - 34,37.97,37.97,30.0,0.0,VF,0.0
HSN,25 - 29,44.99,44.99,30.0,0.0,RED,1.0
HSN,45 - 49,37.99,37.99,30.0,0.0,VF,1.0
HSN,75 - 79,34.99,34.99,30.0,0.0,RED,1.0
NRW,35 - 39,39.99,39.99,30.0,0.0,RED,0.0
HSN,45 - 49,39.99,39.99,30.0,0.0,RED,1.0
NRW,25 - 29,34.99,34.99,30.0,0.0,RED,1.0
NRW,65 - 69,43.98,37.99,30.0,0.0,GIGAZUHAUSE,0.0
HSN,under 18,43.98,43.98,130.0,0.0,GIGAZUHAUSE,1.0
NRW,18 - 24,34.99,34.99,30.0,0.0,VF,1.0
NRW,60 - 64,44.97,44.97,30.0,0.0,VF,0.0
HSN,45 - 49,43.98,43.98,30.0,0.0,RED,0.0
KBW,65 - 69,49.99,49.99,30.0,0.0,RED,0.0
HSN,under 18,37.99,37.99,30.0,0.0,VF,1.0
KBW,18 - 24,43.98,43.98,30.0,0.0,RED,1.0
KBW,30 - 34,44.98,44.98,30.0,0.0,VF,0.0
KBW,50 - 54,32.99,32.99,30.0,0.0,GIGAZUHAUSE,0.0
KBW,80 and over,35.97,34.99,30.0,0.0,RED,1.0
NRW,65 - 69,60.98,39.98,30.0,0.0,RED,1.0
KBW,45 - 49,34.99,34.99,30.0,0.0,RED,1.0
KBW,under 18,49.98,49.99,30.0,0.0,VF,0.0
NRW,75 - 79,34.99,34.99,30.0,0.0,RED,1.0
KBW,75 - 79,64.98,54.98,30.0,0.0,GIGAZUHAUSE,1.0
KBW,50 - 54,64.98,44.98,30.0,0.0,VF,1.0
HSN,25 - 29,39.99,39.99,30.0,0.0,RED,0.0
NRW,75 - 79,39.98,39.98,30.0,0.0,VF,1.0
HSN,50 - 54,44.98,44.98,93.0,0.0,GIGAZUHAUSE,1.0
NRW,60 - 64,34.99,34.99,30.0,0.0,RED,0.0
KBW,75 - 79,37.99,37.99,30.0,0.0,2PLAY,0.0
NRW,75 - 79,44.97,44.97,30.0,0.0,GIGAZUHAUSE,1.0
KBW,40 - 44,48.97,48.97,30.0,0.0,VF,0.0
NRW,25 - 29,54.99,54.99,30.0,0.0,RED,0.0
NRW,50 - 54,34.99,34.99,30.0,0.0,VF,1.0
KBW,35 - 39,34.99,34.99,30.0,0.0,RED,0.0
KBW,50 - 54,44.98,44.99,30.0,0.0,VF,0.0
NRW,80 and over,54.95,54.97,30.0,0.0,RED,0.0
NRW,65 - 69,30.88,30.88,30.0,0.0,RED,0.0
HSN,60 - 64,39.99,39.99,30.0,0.0,RED,1.0
NRW,45 - 49,48.42,48.42,30.0,0.0,3PLAY,1.0
HSN,under 18,32.99,32.99,30.0,0.0,GIGAZUHAUSE,0.0
NRW,40 - 44,38.98,38.98,30.0,0.0,RED,0.0
NRW,35 - 39,44.98,44.98,30.0,0.0,VF,0.0
NRW,55 - 59,34.99,34.99,30.0,0.0,GIGAZUHAUSE,0.0
KBW,under 18,39.99,39.99,30.0,0.0,RED,1.0
KBW,30 - 34,44.98,44.98,30.0,0.0,RED,0.0
HSN,50 - 54,39.99,39.99,30.0,0.0,RED,1.0
NRW,75 - 79,39.99,39.99,30.0,0.0,RED,1.0
NRW,30 - 34,39.99,39.99,30.0,0.0,RED,1.0
HSN,75 - 79,24.99,24.99,30.0,0.0,INTERNET,1.0
NRW,80 and over,42.98,42.98,30.0,0.0,2PLAY,1.0
HSN,55 - 59,32.99,32.99,30.0,0.0,VF,0.0
NRW,under 18,42.97,42.97,30.0,0.0,RED,0.0
NRW,65 - 69,49.99,49.99,30.0,0.0,RED,0.0
HSN,40 - 44,59.98,59.98,30.0,0.0,RED,1.0
HSN,80 and over,48.97,48.97,30.0,0.0,RED,1.0
NRW,65 - 69,44.98,44.98,30.0,0.0,VF,0.0
KBW,25 - 29,39.99,39.99,30.0,0.0,RED,0.0
NRW,under 18,39.98,39.98,30.0,0.0,RED,0.0
KBW,30 - 34,37.78,37.78,30.0,0.0,GIGAZUHAUSE,0.0
NRW,55 - 59,44.98,44.98,30.0,0.0,VF,0.0
HSN,25 - 29,33.98,33.98,30.0,0.0,3PLAY,0.0
KBW,75 - 79,44.98,44.98,30.0,0.0,VF,0.0
NRW,55 - 59,44.98,44.98,30.0,0.0,VF,1.0
NRW,65 - 69,39.99,39.99,30.0,1.0,RED,1.0
HSN,under 18,39.98,39.98,30.0,0.0,RED,1.0
NRW,under 18,47.98,47.98,30.0,0.0,VF,1.0
NRW,75 - 79,44.98,44.98,30.0,0.0,VF,1.0
NRW,80 and over,34.99,34.99,30.0,0.0,VF,0.0
HSN,18 - 24,39.98,39.98,30.0,0.0,VF,0.0
KBW,40 - 44,44.98,44.98,30.0,0.0,RED,1.0
NRW,75 - 79,39.99,39.99,304.0,0.0,GIGAZUHAUSE,0.0
NRW,25 - 29,34.99,34.99,30.0,0.0,RED,1.0
KBW,45 - 49,39.97,49.97,30.0,0.0,VF,1.0
NRW,40 - 44,44.98,44.98,30.0,0.0,RED,0.0
KBW,65 - 69,34.99,24.99,30.0,0.0,GIGAZUHAUSE,1.0
NRW,45 - 49,29.99,29.99,30.0,0.0,RED,0.0
HSN,75 - 79,44.98,44.98,30.0,0.0,RED,1.0
KBW,75 - 79,44.98,44.98,30.0,0.0,VF,0.0
HSN,55 - 59,37.99,37.99,30.0,0.0,2PLAY,1.0
KBW,55 - 59,39.98,39.98,30.0,0.0,RED,0.0
NRW,45 - 49,54.99,54.99,30.0,0.0,RED,1.0
KBW,55 - 59,39.99,39.99,30.0,0.0,RED,0.0
NRW,25 - 29,44.98,44.98,30.0,0.0,VF,1.0
NRW,50 - 54,39.99,39.99,30.0,0.0,RED,0.0
NRW,25 - 29,49.99,49.99,30.0,0.0,VF,1.0
KBW,60 - 64,69.94,42.98,30.0,0.0,VF,0.0
HSN,35 - 39,49.99,39.99,30.0,0.0,RED,1.0
NRW,65 - 69,29.99,29.99,30.0,0.0,VF,1.0
KBW,40 - 44,39.99,39.99,30.0,0.0,RED,0.0
NRW,60 - 64,44.98,44.98,30.0,0.0,VF,0.0
KBW,50 - 54,44.98,44.98,30.0,0.0,VF,0.0
HSN,55 - 59,34.99,34.99,30.0,0.0,RED,0.0
NRW,under 18,34.99,34.99,34.0,0.0,RED,1.0
NRW,55 - 59,44.98,44.98,30.0,0.0,VF,1.0
NRW,25 - 29,62.97,62.98,30.0,0.0,VF,1.0
NRW,45 - 49,62.95,59.98,30.0,0.0,VF,0.0
HSN,50 - 54,44.98,44.98,30.0,0.0,VF,0.0
NRW,75 - 79,44.98,44.98,30.0,0.0,RED,0.0
NRW,under 18,44.98,44.98,30.0,0.0,VF,1.0
HSN,50 - 54,19.99,29.99,599.0,0.0,GIGAZUHAUSE,1.0
HSN,25 - 29,44.98,44.98,30.0,0.0,RED,1.0
KBW,55 - 59,43.87,43.98,30.0,0.0,RED,0.0
KBW,under 18,49.99,49.99,30.0,0.0,RED,1.0
NRW,under 18,34.99,34.99,30.0,0.0,RED,1.0
NRW,75 - 79,34.99,24.99,30.0,0.0,GIGAZUHAUSE,0.0
NRW,50 - 54,44.98,44.98,30.0,0.0,RED,1.0
NRW,50 - 54,34.99,34.99,30.0,0.0,VF,0.0
HSN,80 and over,34.99,34.99,30.0,0.0,RED,0.0
KBW,40 - 44,52.96,52.97,30.0,0.0,VF,0.0
KBW,75 - 79,29.99,29.99,30.0,0.0,VF,0.0
KBW,40 - 44,32.99,32.98,31.0,0.0,GIGAZUHAUSE,0.0
HSN,under 18,39.99,39.99,30.0,0.0,RED,1.0
NRW,65 - 69,44.98,44.98,30.0,0.0,VF,0.0
NRW,55 - 59,49.97,49.97,30.0,0.0,RED,1.0
NRW,80 and over,29.95,47.96,30.0,0.0,VF,0.0
NRW,under 18,44.98,44.98,30.0,0.0,VF,1.0
KBW,80 and over,29.99,29.99,30.0,0.0,VF,1.0
NRW,60 - 64,39.98,39.98,93.0,0.0,GIGAZUHAUSE,0.0
NRW,55 - 59,29.99,29.99,30.0,0.0,RED,1.0
NRW,under 18,39.98,39.98,30.0,0.0,VF,0.0
KBW,55 - 59,34.99,34.99,30.0,0.0,RED,1.0
KBW,under 18,39.88,39.65,30.0,0.0,3PLAY,1.0
NRW,under 18,52.98,52.98,30.0,0.0,VF,1.0
KBW,under 18,49.96,49.97,30.0,0.0,VF,0.0
NRW,45 - 49,34.99,34.99,516.0,0.0,GIGAZUHAUSE,1.0
NRW,75 - 79,49.99,49.99,30.0,0.0,RED,0.0
KBW,40 - 44,42.97,42.98,30.0,0.0,2PLAY,0.0
NRW,75 - 79,44.98,44.98,30.0,0.0,VF,0.0
HSN,55 - 59,38.98,38.98,30.0,0.0,RED,0.0
NRW,25 - 29,39.99,39.99,30.0,0.0,RED,0.0
NRW,75 - 79,39.98,39.98,30.0,0.0,VF,0.0
HSN,65 - 69,44.98,44.98,30.0,0.0,RED,1.0
NRW,75 - 79,38.98,55.98,30.0,0.0,3PLAY,1.0
NRW,35 - 39,34.98,34.98,30.0,0.0,RED,0.0
NRW,75 - 79,44.98,44.98,30.0,0.0,VF,1.0
NRW,30 - 34,59.99,59.99,30.0,0.0,RED,0.0
KBW,45 - 49,29.99,29.99,30.0,0.0,VF,1.0
KBW,60 - 64,44.98,44.98,30.0,0.0,VF,0.0
KBW,55 - 59,59.98,54.98,30.0,0.0,RED,0.0
KBW,75 - 79,48.97,48.97,30.0,0.0,VF,1.0
NRW,60 - 64,38.98,38.98,30.0,0.0,RED,0.0
HSN,25 - 29,34.99,34.99,30.0,0.0,RED,1.0
NRW,45 - 49,44.98,44.98,60.0,0.0,VF,0.0
NRW,45 - 49,37.98,37.99,30.0,0.0,VF,1.0
NRW,35 - 39,34.99,34.99,30.0,0.0,RED,0.0
NRW,50 - 54,39.99,39.99,30.0,0.0,RED,1.0
HSN,75 - 79,37.97,37.97,4.0,0.0,GIGAZUHAUSE,0.0
KBW,45 - 49,19.99,19.99,30.0,0.0,VF,0.0
KBW,55 - 59,34.99,34.99,30.0,0.0,RED,1.0
KBW,30 - 34,49.97,49.98,30.0,0.0,3PLAY,1.0
NRW,25 - 29,44.98,44.98,30.0,0.0,VF,0.0
KBW,80 and over,44.98,44.98,30.0,0.0,VF,1.0
KBW,75 - 79,32.99,32.99,30.0,0.0,VF,0.0
HSN,45 - 49,33.9,33.88,30.0,0.0,2PLAY,0.0
KBW,55 - 59,34.99,34.99,30.0,0.0,RED,0.0
HSN,35 - 39,59.98,59.99,30.0,0.0,RED,1.0
KBW,under 18,49.99,49.99,30.0,0.0,RED,1.0
KBW,25 - 29,69.97,49.97,30.0,0.0,RED,1.0
NRW,60 - 64,34.99,34.99,30.0,0.0,RED,1.0
KBW,45 - 49,68.96,62.98,30.0,0.0,GIGAZUHAUSE,0.0
NRW,65 - 69,75.98,49.99,30.0,0.0,GIGAZUHAUSE,1.0
KBW,under 18,39.99,39.99,288.0,0.0,GIGAZUHAUSE,1.0
NRW,75 - 79,44.98,44.98,30.0,0.0,VF,1.0
HSN,30 - 34,32.99,32.99,30.0,0.0,VF,0.0
HSN,60 - 64,39.98,39.98,30.0,0.0,VF,1.0
HSN,25 - 29,39.99,39.99,30.0,0.0,RED,0.0
KBW,under 18,37.99,37.99,30.0,0.0,VF,0.0
KBW,45 - 49,60.96,34.99,30.0,0.0,RED,0.0
NRW,35 - 39,34.99,34.99,30.0,0.0,RED,1.0
KBW,60 - 64,55.97,29.99,30.0,0.0,VF,0.0
NRW,75 - 79,44.98,44.98,30.0,0.0,VF,1.0
KBW,75 - 79,34.99,34.99,30.0,0.0,RED,0.0
NRW,75 - 79,39.99,39.99,30.0,0.0,VF,1.0
KBW,under 18,29.99,29.99,30.0,0.0,RED,1.0
KBW,25 - 29,39.98,39.98,30.0,0.0,GIGAZUHAUSE,0.0
KBW,25 - 29,39.98,39.99,30.0,0.0,RED,1.0
HSN,50 - 54,72.96,46.96,30.0,0.0,2PLAY,0.0
KBW,65 - 69,39.99,39.99,30.0,0.0,VF,1.0
KBW,75 - 79,37.97,37.97,30.0,0.0,VF,1.0
NRW,75 - 79,39.99,39.99,30.0,0.0,GIGAZUHAUSE,1.0
NRW,75 - 79,42.98,42.98,30.0,0.0,GIGAZUHAUSE,1.0
NRW,45 - 49,44.98,44.98,30.0,0.0,RED,1.0
KBW,30 - 34,44.98,44.98,30.0,0.0,VF,1.0
NRW,25 - 29,54.97,54.99,99.0,0.0,RED,1.0
KBW,under 18,44.98,44.98,30.0,0.0,VF,0.0
NRW,80 and over,24.99,24.99,30.0,0.0,VF,0.0
NRW,25 - 29,39.98,39.98,30.0,0.0,VF,0.0
KBW,75 - 79,54.98,54.98,30.0,0.0,GIGAZUHAUSE,1.0
KBW,45 - 49,34.99,34.99,30.0,0.0,RED,0.0
NRW,25 - 29,29.99,29.99,30.0,0.0,VF,1.0
NRW,75 - 79,24.99,24.99,30.0,0.0,GIGAZUHAUSE,1.0
KBW,75 - 79,39.98,39.98,30.0,0.0,VF,0.0
NRW,75 - 79,34.99,34.99,697.0,0.0,RED,0.0
NRW,65 - 69,44.98,44.98,30.0,0.0,VF,0.0
NRW,60 - 64,47.99,47.99,30.0,0.0,GIGAZUHAUSE,0.0
KBW,75 - 79,44.98,44.98,30.0,0.0,VF,1.0
NRW,80 and over,34.99,34.99,30.0,0.0,RED,1.0
NRW,30 - 34,44.98,44.98,30.0,0.0,3PLAY,0.0
KBW,75 - 79,30.88,30.95,30.0,0.0,RED,0.0
KBW,75 - 79,39.99,39.99,30.0,0.0,VF,1.0
HSN,75 - 79,44.98,44.98,30.0,0.0,VF,1.0
KBW,under 18,44.98,44.98,30.0,0.0,VF,0.0
HSN,80 and over,34.99,34.99,30.0,0.0,RED,0.0
HSN,45 - 49,52.96,52.98,30.0,0.0,VF,1.0
HSN,75 - 79,32.98,32.99,30.0,0.0,VF,1.0
KBW,75 - 79,44.98,44.98,30.0,0.0,VF,1.0
KBW,under 18,44.98,44.98,30.0,0.0,VF,0.0
NRW,50 - 54,37.78,37.9,30.0,0.0,VF,1.0
NRW,75 - 79,34.99,34.99,30.0,0.0,INTERNET,0.0
NRW,55 - 59,32.99,32.99,30.0,0.0,VF,1.0
NRW,40 - 44,44.98,44.98,30.0,0.0,VF,0.0
NRW,55 - 59,34.99,34.99,30.0,0.0,RED,1.0
KBW,50 - 54,44.97,44.97,30.0,0.0,VF,1.0
KBW,65 - 69,54.98,54.98,30.0,0.0,VF,0.0
NRW,45 - 49,44.98,44.98,30.0,0.0,VF,1.0
KBW,45 - 49,24.99,24.99,30.0,0.0,VF,1.0
KBW,40 - 44,29.99,29.99,30.0,0.0,INTERNET,1.0
NRW,25 - 29,29.99,29.99,30.0,0.0,VF,1.0
KBW,45 - 49,49.98,24.99,30.0,0.0,VF,1.0
HSN,55 - 59,44.98,44.98,30.0,0.0,VF,0.0
KBW,25 - 29,38.98,38.98,30.0,0.0,RED,1.0
NRW,55 - 59,34.99,34.99,30.0,0.0,RED,0.0
NRW,55 - 59,39.99,39.99,30.0,0.0,RED,1.0
NRW,40 - 44,62.98,42.98,30.0,0.0,VF,0.0
NRW,45 - 49,44.99,44.99,30.0,0.0,VF,0.0
NRW,under 18,74.95,44.98,30.0,0.0,VF,0.0
KBW,65 - 69,37.98,37.98,30.0,0.0,GIGAZUHAUSE,0.0
HSN,55 - 59,60.95,39.99,30.0,0.0,3PLAY,1.0
KBW,45 - 49,44.98,44.98,30.0,0.0,VF,0.0
NRW,40 - 44,44.98,44.98,30.0,0.0,VF,0.0
NRW,55 - 59,42.97,42.97,30.0,0.0,GIGAZUHAUSE,0.0
NRW,65 - 69,44.98,44.98,30.0,0.0,VF,0.0
KBW,45 - 49,39.99,39.99,30.0,0.0,VF,0.0
HSN,55 - 59,39.99,39.99,30.0,0.0,RED,1.0
HSN,65 - 69,48.97,48.97,30.0,0.0,VF,1.0
NRW,50 - 54,49.97,49.97,30.0,0.0,3PLAY,0.0
NRW,75 - 79,44.98,44.98,30.0,0.0,VF,0.0
NRW,55 - 59,44.98,44.98,30.0,0.0,VF,1.0
NRW,25 - 29,39.99,39.99,30.0,0.0,VF,1.0
KBW,50 - 54,49.97,49.97,30.0,0.0,RED,0.0
NRW,under 18,44.99,44.99,30.0,0.0,GIGAZUHAUSE,1.0
NRW,25 - 29,24.99,24.99,30.0,0.0,VF,0.0
NRW,45 - 49,44.98,44.98,30.0,0.0,VF,0.0
KBW,65 - 69,59.98,59.98,30.0,0.0,GIGAZUHAUSE,0.0
KBW,50 - 54,44.98,44.98,30.0,0.0,GIGAZUHAUSE,0.0
NRW,50 - 54,42.97,42.97,30.0,0.0,VF,0.0
NRW,75 - 79,44.98,44.98,30.0,0.0,VF,1.0
NRW,25 - 29,49.97,49.97,30.0,0.0,VF,1.0
NRW,60 - 64,54.98,54.98,30.0,0.0,RED,0.0
NRW,60 - 64,29.98,29.98,30.0,0.0,VF,1.0
HSN,35 - 39,44.97,44.98,30.0,0.0,VF,1.0
HSN,75 - 79,49.99,49.99,30.0,0.0,VF,0.0
NRW,60 - 64,37.98,37.98,30.0,0.0,GIGAZUHAUSE,1.0
HSN,under 18,32.99,32.99,30.0,0.0,GIGAZUHAUSE,0.0
NRW,25 - 29,39.99,39.99,30.0,0.0,VF,1.0
NRW,75 - 79,59.97,59.98,30.0,0.0,RED,0.0
NRW,40 - 44,49.97,49.97,30.0,0.0,VF,0.0
NRW,45 - 49,42.98,42.98,30.0,0.0,VF,0.0
NRW,55 - 59,39.99,39.99,30.0,0.0,RED,1.0
NRW,25 - 29,39.98,39.99,30.0,0.0,VF,1.0
NRW,25 - 29,49.99,49.99,30.0,0.0,RED,0.0
NRW,55 - 59,34.99,34.99,30.0,0.0,RED,0.0
HSN,40 - 44,37.99,37.99,30.0,0.0,VF,0.0
NRW,55 - 59,39.98,39.98,30.0,1.0,VF,1.0
KBW,18 - 24,42.98,42.98,30.0,0.0,VF,0.0
NRW,40 - 44,44.98,44.98,30.0,0.0,VF,0.0
KBW,55 - 59,44.98,44.98,30.0,0.0,RED,0.0
KBW,75 - 79,29.99,29.99,30.0,0.0,VF,0.0
KBW,35 - 39,47.96,37.99,30.0,0.0,VF,1.0
NRW,75 - 79,24.99,24.99,30.0,0.0,INTERNET,1.0
NRW,25 - 29,34.98,44.98,30.0,0.0,RED,1.0
NRW,25 - 29,29.99,29.99,30.0,0.0,VF,1.0
NRW,55 - 59,29.99,29.99,30.0,0.0,RED,1.0
NRW,50 - 54,44.98,44.98,30.0,0.0,VF,0.0
HSN,75 - 79,44.98,44.98,30.0,0.0,VF,1.0
KBW,25 - 29,29.99,29.99,30.0,0.0,VF,1.0
NRW,25 - 29,37.98,37.99,30.0,0.0,RED,0.0
NRW,55 - 59,44.98,44.98,30.0,0.0,RED,0.0
NRW,25 - 29,34.99,34.99,30.0,0.0,RED,0.0
NRW,60 - 64,44.98,44.98,30.0,0.0,RED,1.0
NRW,45 - 49,42.98,42.98,30.0,0.0,VF,0.0
NRW,50 - 54,39.99,39.99,30.0,0.0,VF,0.0
KBW,40 - 44,34.99,34.99,30.0,0.0,RED,1.0
KBW,60 - 64,39.99,39.99,30.0,0.0,VF,1.0
NRW,30 - 34,47.98,47.98,30.0,0.0,VF,1.0
HSN,50 - 54,44.98,44.98,30.0,0.0,RED,1.0
KBW,40 - 44,49.97,49.97,30.0,0.0,RED,1.0
NRW,under 18,29.99,29.99,30.0,0.0,VF,0.0
KBW,45 - 49,37.97,37.98,30.0,0.0,VF,0.0
KBW,35 - 39,39.99,39.99,30.0,0.0,RED,1.0
HSN,45 - 49,44.98,44.98,30.0,0.0,RED,1.0
HSN,30 - 34,52.95,52.96,30.0,0.0,RED,0.0
NRW,50 - 54,49.97,49.99,30.0,0.0,VF,1.0
HSN,65 - 69,29.99,29.99,30.0,0.0,VF,1.0
KBW,80 and over,19.99,19.99,30.0,0.0,EAZY,1.0
NRW,55 - 59,39.99,39.99,30.0,0.0,VF,1.0
NRW,45 - 49,49.97,49.97,30.0,0.0,VF,0.0
NRW,under 18,44.98,44.98,30.0,0.0,VF,0.0
HSN,50 - 54,44.98,44.98,30.0,0.0,VF,0.0
KBW,35 - 39,44.98,44.98,30.0,0.0,VF,1.0
NRW,50 - 54,39.98,39.98,30.0,0.0,VF,1.0
NRW,under 18,39.99,39.99,30.0,0.0,RED,0.0
HSN,60 - 64,39.98,39.98,647.0,0.0,GIGAZUHAUSE,0.0
HSN,65 - 69,44.98,29.98,30.0,0.0,VF,0.0
NRW,50 - 54,45.97,54.97,30.0,0.0,RED,1.0
KBW,75 - 79,39.98,39.98,696.0,0.0,GIGAZUHAUSE,1.0
HSN,25 - 29,44.98,44.98,30.0,0.0,VF,0.0
NRW,55 - 59,39.99,39.99,30.0,0.0,VF,0.0
NRW,65 - 69,34.99,34.99,30.0,0.0,RED,0.0
NRW,40 - 44,49.97,49.97,30.0,0.0,VF,0.0
NRW,45 - 49,34.99,34.99,30.0,0.0,RED,0.0
KBW,under 18,44.98,44.98,30.0,0.0,VF,1.0
KBW,55 - 59,42.97,42.97,30.0,0.0,3PLAY,0.0
KBW,35 - 39,44.98,44.98,30.0,0.0,RED,1.0
NRW,50 - 54,38.84,38.88,30.0,0.0,GIGAZUHAUSE,0.0
KBW,60 - 64,42.97,42.97,30.0,0.0,VF,1.0
NRW,18 - 24,44.98,44.98,30.0,0.0,VF,1.0
NRW,55 - 59,29.99,29.99,30.0,0.0,3PLAY,1.0
KBW,75 - 79,44.98,44.98,30.0,0.0,RED,1.0
NRW,25 - 29,49.97,39.99,30.0,0.0,RED,0.0
KBW,75 - 79,44.98,44.98,30.0,0.0,VF,1.0
HSN,75 - 79,44.98,44.98,30.0,0.0,VF,0.0
HSN,55 - 59,39.98,39.98,30.0,0.0,GIGAZUHAUSE,1.0
NRW,25 - 29,34.99,34.99,30.0,0.0,RED,1.0
NRW,30 - 34,49.99,49.99,30.0,0.0,RED,1.0
HSN,18 - 24,63.98,63.98,30.0,0.0,RED,1.0
KBW,35 - 39,39.98,39.99,30.0,0.0,RED,0.0
NRW,30 - 34,44.98,44.98,30.0,0.0,VF,0.0
NRW,under 18,29.99,29.99,30.0,0.0,VF,0.0
HSN,65 - 69,34.99,34.99,30.0,0.0,RED,1.0
NRW,45 - 49,55.98,34.99,30.0,0.0,RED,1.0
NRW,45 - 49,34.99,34.99,30.0,0.0,RED,0.0
NRW,18 - 24,39.99,39.99,30.0,0.0,VF,0.0
KBW,60 - 64,54.99,54.99,30.0,0.0,RED,0.0
NRW,55 - 59,45.94,39.99,30.0,0.0,RED,0.0
HSN,45 - 49,39.98,39.98,30.0,0.0,VF,1.0
NRW,50 - 54,44.98,44.98,30.0,0.0,VF,1.0
HSN,under 18,69.96,48.97,30.0,0.0,VF,1.0
NRW,55 - 59,42.98,42.98,30.0,0.0,VF,0.0
HSN,75 - 79,32.98,32.99,30.0,0.0,VF,1.0
NRW,25 - 29,44.98,44.98,30.0,0.0,VF,1.0
NRW,65 - 69,37.99,37.99,30.0,0.0,VF,1.0
NRW,40 - 44,44.99,44.99,30.0,0.0,VF,0.0
NRW,55 - 59,44.99,44.99,30.0,0.0,VF,1.0
KBW,75 - 79,49.97,49.97,30.0,0.0,VF,0.0
KBW,75 - 79,34.99,34.99,30.0,0.0,RED,0.0
KBW,25 - 29,32.99,32.99,30.0,0.0,GIGAZUHAUSE,1.0
KBW,60 - 64,43.97,43.97,30.0,0.0,RED,0.0
KBW,40 - 44,38.98,38.98,30.0,0.0,RED,0.0
KBW,25 - 29,44.98,44.98,30.0,0.0,RED,0.0
NRW,60 - 64,34.99,34.99,30.0,0.0,RED,1.0
KBW,50 - 54,44.98,44.98,30.0,0.0,VF,0.0
KBW,75 - 79,39.98,39.98,30.0,0.0,VF,1.0
NRW,45 - 49,34.99,34.99,30.0,0.0,GIGAZUHAUSE,0.0
KBW,25 - 29,34.99,34.99,30.0,0.0,RED,1.0
HSN,50 - 54,49.99,49.99,30.0,0.0,RED,0.0
KBW,55 - 59,39.98,19.99,30.0,0.0,RED,0.0
NRW,45 - 49,37.98,37.98,30.0,0.0,GIGAZUHAUSE,1.0
KBW,50 - 54,34.99,34.99,30.0,0.0,RED,0.0
HSN,under 18,39.98,39.98,30.0,0.0,RED,0.0
KBW,55 - 59,39.98,39.98,30.0,0.0,RED,1.0
NRW,30 - 34,19.99,19.99,30.0,0.0,VF,0.0
KBW,50 - 54,44.98,44.97,30.0,0.0,VF,0.0
KBW,45 - 49,29.99,29.99,30.0,0.0,VF,1.0
NRW,30 - 34,39.99,39.99,30.0,0.0,RED,1.0
HSN,25 - 29,52.95,39.98,30.0,0.0,VF,0.0
KBW,55 - 59,53.99,32.99,30.0,0.0,RED,1.0
HSN,50 - 54,44.97,44.97,30.0,0.0,VF,1.0
HSN,25 - 29,54.99,54.99,30.0,0.0,RED,1.0
KBW,65 - 69,42.97,42.97,30.0,0.0,VF,0.0
HSN,65 - 69,17.99,32.99,30.0,0.0,VF,0.0
NRW,25 - 29,52.97,52.98,30.0,0.0,GIGAZUHAUSE,1.0
KBW,50 - 54,44.98,48.97,30.0,0.0,VF,1.0
HSN,50 - 54,37.99,37.99,30.0,0.0,EAZY,0.0
NRW,60 - 64,29.99,29.99,30.0,0.0,VF,0.0
NRW,under 18,62.97,32.99,30.0,0.0,VF,0.0
KBW,25 - 29,39.99,39.99,49.0,0.0,RED,1.0
HSN,80 and over,49.99,49.99,30.0,0.0,RED,0.0
HSN,50 - 54,52.96,52.98,30.0,0.0,GIGAZUHAUSE,1.0
NRW,25 - 29,54.99,54.99,30.0,0.0,RED,0.0
KBW,65 - 69,53.96,53.96,30.0,0.0,RED,1.0
NRW,50 - 54,32.99,32.99,30.0,0.0,GIGAZUHAUSE,0.0
KBW,50 - 54,37.99,37.99,30.0,0.0,VF,1.0
KBW,60 - 64,42.98,42.98,30.0,0.0,VF,0.0
NRW,75 - 79,34.99,34.99,30.0,0.0,RED,1.0
NRW,25 - 29,39.99,39.99,30.0,0.0,RED,1.0
NRW,65 - 69,34.99,34.99,30.0,0.0,GIGAZUHAUSE,1.0
NRW,under 18,17.99,19.99,30.0,0.0,VF,0.0
KBW,45 - 49,44.98,44.98,30.0,0.0,RED,1.0
NRW,45 - 49,44.98,44.98,30.0,0.0,VF,1.0
NRW,55 - 59,34.99,34.99,30.0,0.0,RED,0.0
NRW,75 - 79,39.99,39.99,30.0,0.0,RED,1.0
NRW,75 - 79,29.99,29.99,30.0,0.0,VF,1.0
HSN,25 - 29,44.97,49.97,30.0,0.0,VF,1.0
HSN,75 - 79,44.98,44.98,30.0,0.0,RED,1.0
KBW,75 - 79,44.98,44.98,30.0,0.0,VF,0.0
NRW,75 - 79,44.98,44.98,30.0,0.0,VF,1.0
KBW,25 - 29,48.97,48.97,30.0,0.0,VF,0.0
HSN,75 - 79,44.98,44.98,30.0,0.0,RED,1.0
HSN,40 - 44,44.98,44.98,30.0,0.0,RED,0.0
NRW,55 - 59,29.99,29.99,30.0,0.0,VF,0.0
NRW,50 - 54,34.99,34.99,30.0,0.0,RED,0.0
HSN,50 - 54,42.98,42.98,30.0,0.0,VF,0.0
NRW,50 - 54,58.98,58.98,30.0,0.0,RED,1.0
NRW,25 - 29,44.98,44.98,30.0,0.0,GIGAZUHAUSE,1.0
KBW,55 - 59,39.99,39.99,30.0,0.0,RED,0.0
NRW,30 - 34,34.99,34.99,30.0,0.0,RED,0.0
NRW,80 and over,44.98,64.98,30.0,0.0,RED,0.0
NRW,40 - 44,65.97,44.98,30.0,0.0,VF,0.0
HSN,40 - 44,39.99,39.99,30.0,0.0,RED,0.0
KBW,under 18,47.96,34.99,30.0,0.0,VF,0.0
NRW,under 18,44.98,44.98,30.0,0.0,VF,0.0
KBW,30 - 34,34.99,34.99,30.0,0.0,VF,1.0
KBW,75 - 79,44.98,44.98,30.0,0.0,VF,1.0
NRW,45 - 49,75.98,49.99,30.0,0.0,VF,0.0
NRW,80 and over,34.99,34.99,30.0,0.0,RED,1.0
NRW,75 - 79,44.98,44.98,30.0,0.0,VF,0.0
NRW,60 - 64,50.98,29.99,30.0,0.0,VF,0.0
NRW,50 - 54,34.99,34.99,30.0,0.0,RED,0.0
NRW,55 - 59,44.98,44.98,30.0,0.0,VF,1.0
NRW,45 - 49,44.98,44.98,30.0,0.0,GIGAZUHAUSE,0.0
NRW,30 - 34,34.99,34.99,30.0,0.0,RED,0.0
NRW,40 - 44,45.96,52.98,30.0,0.0,VF,1.0
KBW,60 - 64,44.98,44.98,30.0,0.0,VF,0.0
KBW,75 - 79,19.99,19.99,30.0,0.0,EAZY,1.0
NRW,25 - 29,54.99,54.99,30.0,0.0,RED,1.0
NRW,65 - 69,44.98,44.98,30.0,0.0,RED,1.0
HSN,55 - 59,44.98,44.98,30.0,0.0,2PLAY,0.0
HSN,25 - 29,39.99,39.99,30.0,0.0,RED,1.0
KBW,25 - 29,54.99,54.99,30.0,0.0,RED,0.0
HSN,60 - 64,70.96,49.98,30.0,0.0,RED,1.0
NRW,75 - 79,49.97,49.97,30.0,0.0,VF,1.0
NRW,60 - 64,37.99,37.99,30.0,0.0,VF,0.0
NRW,60 - 64,29.99,29.99,30.0,0.0,RED,1.0
NRW,65 - 69,44.98,44.98,30.0,0.0,RED,1.0
NRW,40 - 44,48.97,48.97,30.0,0.0,2PLAY,0.0
KBW,60 - 64,64.96,29.98,30.0,0.0,VF,0.0
NRW,75 - 79,44.98,44.98,30.0,0.0,VF,1.0
NRW,45 - 49,49.97,49.97,30.0,0.0,RED,0.0
KBW,55 - 59,44.98,44.98,30.0,0.0,VF,0.0
NRW,40 - 44,64.96,39.98,30.0,0.0,VF,1.0
HSN,under 18,39.99,39.99,30.0,0.0,VF,1.0
NRW,75 - 79,39.99,39.99,30.0,0.0,VF,1.0
KBW,75 - 79,44.98,44.98,30.0,1.0,VF,1.0
NRW,55 - 59,44.98,44.98,30.0,0.0,VF,0.0
HSN,75 - 79,34.99,34.99,30.0,0.0,RED,0.0
NRW,75 - 79,17.99,24.99,242.0,0.0,GIGAZUHAUSE,1.0
NRW,55 - 59,48.97,48.97,30.0,0.0,VF,0.0
KBW,50 - 54,29.99,29.99,30.0,0.0,VF,0.0
NRW,30 - 34,44.98,44.98,30.0,0.0,VF,1.0
NRW,45 - 49,39.98,39.99,133.0,0.0,GIGAZUHAUSE,0.0
NRW,65 - 69,29.98,29.98,30.0,0.0,RED,1.0
NRW,55 - 59,43.98,43.98,30.0,0.0,RED,0.0
NRW,under 18,29.99,29.99,30.0,0.0,VF,0.0
HSN,65 - 69,59.96,59.97,30.0,0.0,VF,0.0
NRW,50 - 54,39.98,39.98,30.0,0.0,VF,1.0
KBW,25 - 29,39.99,39.99,30.0,0.0,RED,1.0
NRW,30 - 34,34.99,34.99,30.0,0.0,RED,0.0
NRW,40 - 44,44.98,44.98,30.0,0.0,VF,1.0
NRW,50 - 54,44.98,44.98,30.0,0.0,RED,1.0
NRW,50 - 54,34.99,34.99,30.0,0.0,RED,1.0
HSN,25 - 29,74.98,63.98,30.0,0.0,GIGAZUHAUSE,1.0
NRW,75 - 79,44.98,44.98,30.0,0.0,VF,0.0
HSN,50 - 54,59.98,44.98,30.0,0.0,VF,1.0
KBW,45 - 49,34.99,34.99,30.0,0.0,RED,1.0
HSN,75 - 79,44.98,44.98,30.0,0.0,VF,1.0
KBW,55 - 59,44.98,44.98,30.0,0.0,RED,1.0
KBW,35 - 39,54.98,54.99,30.0,0.0,RED,1.0
KBW,under 18,39.99,39.99,30.0,0.0,GIGAZUHAUSE,1.0
NRW,60 - 64,44.98,44.98,30.0,0.0,VF,0.0
NRW,40 - 44,49.98,49.99,30.0,0.0,RED,1.0
NRW,25 - 29,39.99,39.99,30.0,0.0,RED,1.0
NRW,50 - 54,29.99,29.99,30.0,0.0,VF,1.0
NRW,25 - 29,39.98,39.98,30.0,0.0,RED,1.0
NRW,25 - 29,34.99,34.99,30.0,0.0,RED,1.0
NRW,55 - 59,49.97,49.97,30.0,0.0,RED,0.0
HSN,65 - 69,42.98,42.98,30.0,0.0,VF,0.0
NRW,65 - 69,58.97,43.98,30.0,0.0,RED,1.0
NRW,75 - 79,59.98,59.99,30.0,0.0,RED,1.0
KBW,50 - 54,39.98,39.98,30.0,0.0,GIGAZUHAUSE,0.0
KBW,25 - 29,38.98,38.98,333.0,0.0,GIGAZUHAUSE,1.0
KBW,55 - 59,34.99,34.99,30.0,0.0,RED,1.0
NRW,45 - 49,42.98,42.99,30.0,0.0,VF,0.0
NRW,60 - 64,44.98,44.98,30.0,0.0,RED,1.0
NRW,75 - 79,39.99,39.99,30.0,0.0,VF,1.0
NRW,80 and over,42.98,42.98,30.0,0.0,VF,0.0
KBW,65 - 69,44.98,44.98,30.0,0.0,VF,1.0
KBW,50 - 54,39.99,39.99,30.0,0.0,VF,0.0
KBW,45 - 49,39.99,39.99,30.0,0.0,VF,1.0
NRW,75 - 79,39.99,39.99,692.0,0.0,RED,0.0
KBW,50 - 54,44.98,44.98,30.0,0.0,VF,1.0
KBW,75 - 79,49.98,49.99,30.0,0.0,GIGAZUHAUSE,0.0
NRW,45 - 49,39.99,39.99,30.0,0.0,RED,1.0
HSN,65 - 69,59.98,49.99,30.0,0.0,RED,0.0
NRW,30 - 34,39.98,39.98,30.0,0.0,VF,1.0
NRW,60 - 64,37.98,37.98,30.0,0.0,VF,0.0
KBW,60 - 64,44.98,44.98,30.0,0.0,VF,1.0
KBW,40 - 44,44.98,44.98,30.0,0.0,VF,1.0
NRW,50 - 54,39.98,39.98,30.0,0.0,GIGAZUHAUSE,1.0
NRW,75 - 79,39.98,39.98,30.0,0.0,GIGAZUHAUSE,1.0
KBW,50 - 54,59.98,59.98,30.0,0.0,RED,1.0
NRW,60 - 64,42.98,42.98,30.0,0.0,VF,0.0
NRW,25 - 29,47.96,47.97,30.0,0.0,RED,0.0
NRW,75 - 79,34.99,34.99,30.0,0.0,RED,1.0
KBW,75 - 79,44.98,44.98,30.0,0.0,VF,1.0
NRW,25 - 29,39.98,39.98,164.0,0.0,GIGAZUHAUSE,1.0
NRW,under 18,68.96,47.98,30.0,0.0,VF,0.0
NRW,40 - 44,44.98,44.98,30.0,0.0,VF,1.0
KBW,55 - 59,44.98,44.98,30.0,0.0,VF,1.0
HSN,30 - 34,37.98,37.98,30.0,0.0,GIGAZUHAUSE,0.0
NRW,45 - 49,32.99,32.99,30.0,1.0,VF,1.0
KBW,65 - 69,63.96,47.98,30.0,0.0,VF,0.0
NRW,80 and over,37.98,37.98,30.0,0.0,VF,0.0
KBW,45 - 49,34.99,34.99,30.0,0.0,RED,0.0
KBW,40 - 44,39.99,39.99,30.0,0.0,RED,1.0
KBW,75 - 79,34.99,34.99,30.0,0.0,RED,1.0
NRW,30 - 34,49.97,49.97,30.0,0.0,GIGAZUHAUSE,0.0
NRW,75 - 79,49.97,49.97,30.0,0.0,RED,0.0
NRW,75 - 79,29.99,29.99,30.0,0.0,VF,1.0
NRW,30 - 34,49.99,49.99,30.0,0.0,GIGAZUHAUSE,1.0
NRW,50 - 54,29.99,29.99,30.0,0.0,RED,0.0
NRW,18 - 24,37.98,37.98,30.0,0.0,VF,0.0
HSN,under 18,39.99,39.99,30.0,0.0,RED,1.0
KBW,80 and over,44.98,44.98,30.0,0.0,3PLAY,0.0
KBW,75 - 79,42.97,42.97,30.0,0.0,VF,0.0
NRW,50 - 54,29.99,29.99,30.0,0.0,VF,0.0
NRW,55 - 59,32.99,32.99,30.0,0.0,VF,0.0
NRW,under 18,58.98,58.98,30.0,0.0,VF,1.0
KBW,25 - 29,44.98,44.98,30.0,0.0,RED,0.0
HSN,50 - 54,29.99,29.99,674.0,0.0,GIGAZUHAUSE,0.0
KBW,55 - 59,29.99,29.99,30.0,0.0,VF,0.0
HSN,80 and over,70.96,49.97,30.0,0.0,RED,1.0
HSN,35 - 39,40.98,40.98,30.0,0.0,RED,1.0
KBW,40 - 44,29.99,29.99,30.0,0.0,RED,1.0
KBW,under 18,39.98,39.98,30.0,0.0,VF,0.0
HSN,under 18,39.98,39.98,30.0,0.0,VF,1.0
HSN,65 - 69,52.98,62.98,30.0,0.0,GIGAZUHAUSE,0.0
NRW,25 - 29,29.99,29.99,30.0,0.0,VF,0.0
KBW,55 - 59,49.97,49.97,30.0,0.0,VF,0.0
NRW,55 - 59,39.99,39.99,30.0,0.0,RED,0.0
NRW,under 18,39.99,39.99,30.0,0.0,RED,0.0
KBW,55 - 59,29.99,29.99,30.0,0.0,VF,1.0
HSN,45 - 49,70.98,49.99,30.0,0.0,RED,0.0
KBW,75 - 79,44.98,44.98,30.0,0.0,VF,0.0
NRW,60 - 64,39.99,39.0,30.0,0.0,VF,0.0
NRW,25 - 29,44.98,44.98,30.0,0.0,GIGAZUHAUSE,0.0
HSN,60 - 64,34.99,34.99,30.0,0.0,RED,0.0
NRW,under 18,34.99,34.99,677.0,0.0,GIGAZUHAUSE,1.0
KBW,80 and over,39.99,39.99,30.0,0.0,RED,1.0
KBW,75 - 79,34.99,34.99,30.0,0.0,GIGAZUHAUSE,0.0
HSN,under 18,44.98,44.98,30.0,0.0,VF,0.0
KBW,50 - 54,37.98,37.98,30.0,0.0,VF,0.0
KBW,60 - 64,39.99,39.99,30.0,0.0,VF,0.0
NRW,30 - 34,65.97,44.98,30.0,0.0,RED,0.0
KBW,60 - 64,29.99,29.99,30.0,0.0,INTERNET,0.0
HSN,under 18,39.99,39.99,30.0,0.0,RED,0.0
KBW,45 - 49,58.98,53.98,30.0,0.0,RED,1.0
KBW,75 - 79,42.98,42.98,30.0,0.0,RED,0.0
KBW,25 - 29,37.99,37.99,30.0,0.0,VF,0.0
KBW,60 - 64,44.98,44.98,30.0,0.0,VF,1.0
HSN,40 - 44,47.96,47.96,30.0,0.0,VF,1.0
NRW,25 - 29,44.98,44.98,30.0,0.0,3PLAY,1.0
NRW,under 18,44.98,44.98,30.0,0.0,VF,1.0
NRW,60 - 64,44.98,44.98,30.0,0.0,RED,0.0
NRW,65 - 69,47.99,47.99,30.0,0.0,RED,1.0
NRW,25 - 29,19.99,19.99,309.0,0.0,GIGAZUHAUSE,1.0
HSN,35 - 39,39.98,39.98,164.0,0.0,RED,1.0
HSN,65 - 69,34.99,34.99,30.0,0.0,RED,1.0
NRW,55 - 59,44.98,44.98,30.0,0.0,VF,1.0
NRW,80 and over,82.95,47.96,30.0,0.0,2PLAY,0.0
NRW,25 - 29,39.98,39.98,30.0,0.0,VF,0.0
NRW,60 - 64,44.98,44.98,30.0,0.0,RED,0.0
KBW,under 18,59.99,49.99,30.0,0.0,GIGAZUHAUSE,1.0
HSN,25 - 29,44.98,44.98,30.0,0.0,RED,0.0
KBW,25 - 29,44.98,44.98,30.0,0.0,VF,0.0
NRW,75 - 79,37.98,37.98,133.0,0.0,GIGAZUHAUSE,0.0
KBW,75 - 79,43.97,43.98,30.0,0.0,RED,0.0
NRW,65 - 69,39.99,39.99,30.0,0.0,RED,0.0
KBW,75 - 79,39.98,39.98,30.0,0.0,VF,1.0
HSN,65 - 69,39.98,39.98,30.0,0.0,VF,1.0
NRW,25 - 29,34.99,34.99,30.0,0.0,RED,1.0
KBW,25 - 29,39.98,39.98,30.0,0.0,VF,0.0
NRW,25 - 29,44.98,44.98,30.0,0.0,RED,1.0
KBW,50 - 54,34.99,34.99,30.0,0.0,RED,1.0
NRW,55 - 59,34.99,34.99,30.0,0.0,GIGAZUHAUSE,1.0
NRW,45 - 49,49.97,49.97,30.0,0.0,VF,1.0
KBW,45 - 49,34.99,34.99,30.0,0.0,RED,0.0
NRW,60 - 64,34.99,34.99,30.0,0.0,RED,1.0
NRW,55 - 59,44.98,44.98,30.0,0.0,RED,0.0
HSN,55 - 59,39.99,39.99,30.0,0.0,RED,0.0
KBW,45 - 49,33.98,44.98,30.0,0.0,RED,0.0
KBW,75 - 79,24.99,24.99,30.0,0.0,GIGAZUHAUSE,0.0
KBW,75 - 79,39.98,39.98,30.0,0.0,GIGAZUHAUSE,1.0
KBW,under 18,37.99,37.99,30.0,2.0,VF,0.0
HSN,under 18,44.98,44.98,30.0,0.0,VF,1.0
NRW,under 18,39.99,39.99,30.0,0.0,VF,0.0
KBW,45 - 49,64.97,39.99,30.0,0.0,GIGAZUHAUSE,0.0
KBW,18 - 24,70.95,49.97,30.0,0.0,RED,0.0
NRW,75 - 79,37.99,37.98,30.0,0.0,VF,0.0
KBW,55 - 59,54.95,54.98,30.0,0.0,RED,1.0
NRW,55 - 59,44.97,44.98,30.0,0.0,VF,0.0
NRW,35 - 39,33.98,38.98,30.0,0.0,GIGAZUHAUSE,0.0
KBW,40 - 44,29.99,29.99,30.0,0.0,VF,0.0
HSN,25 - 29,34.99,34.99,30.0,0.0,RED,0.0
NRW,25 - 29,53.98,53.98,30.0,0.0,RED,1.0
KBW,40 - 44,49.99,49.99,30.0,0.0,RED,1.0
KBW,45 - 49,19.99,19.99,30.0,0.0,EAZY,0.0
KBW,25 - 29,39.98,39.98,30.0,0.0,GIGAZUHAUSE,0.0
KBW,60 - 64,34.99,34.99,30.0,0.0,RED,1.0
NRW,under 18,44.98,44.98,30.0,0.0,VF,1.0
NRW,65 - 69,34.99,34.99,30.0,0.0,RED,1.0
KBW,45 - 49,37.98,37.98,112.0,0.0,GIGAZUHAUSE,0.0
NRW,25 - 29,49.97,49.97,30.0,0.0,VF,1.0
KBW,25 - 29,44.98,44.98,30.0,0.0,RED,1.0
NRW,55 - 59,0.0,40.9,30.0,0.0,2PLAY,0.0
HSN,60 - 64,44.98,44.98,30.0,0.0,RED,0.0
NRW,25 - 29,39.98,39.98,30.0,0.0,GIGAZUHAUSE,1.0
NRW,60 - 64,37.99,37.99,30.0,0.0,3PLAY,0.0
NRW,75 - 79,44.98,44.98,30.0,0.0,VF,0.0
KBW,25 - 29,39.99,39.99,30.0,0.0,RED,0.0
KBW,40 - 44,69.94,44.99,30.0,0.0,VF,0.0
KBW,30 - 34,44.98,44.98,30.0,0.0,VF,0.0
HSN,25 - 29,39.99,39.99,30.0,0.0,RED,1.0
KBW,55 - 59,49.99,49.99,30.0,0.0,RED,0.0
HSN,45 - 49,39.99,39.99,30.0,0.0,VF,1.0
NRW,65 - 69,29.99,29.99,30.0,0.0,VF,1.0
KBW,50 - 54,55.97,49.97,30.0,0.0,GIGAZUHAUSE,0.0
NRW,30 - 34,30.95,34.97,30.0,0.0,VF,1.0
NRW,65 - 69,37.99,37.99,30.0,0.0,GIGAZUHAUSE,1.0
NRW,30 - 34,49.97,49.97,30.0,0.0,VF,1.0
KBW,50 - 54,44.98,44.98,30.0,0.0,VF,1.0
NRW,30 - 34,29.99,29.99,30.0,0.0,VF,1.0
NRW,55 - 59,42.98,42.98,30.0,0.0,VF,1.0
NRW,under 18,49.97,49.97,30.0,0.0,RED,1.0
NRW,80 and over,29.99,29.99,30.0,0.0,RED,1.0
KBW,50 - 54,34.99,34.99,30.0,0.0,RED,0.0
NRW,75 - 79,49.99,49.99,30.0,0.0,RED,0.0
HSN,under 18,39.98,39.98,30.0,0.0,VF,0.0
NRW,80 and over,49.97,49.97,30.0,0.0,RED,0.0
NRW,75 - 79,57.96,44.98,30.0,0.0,VF,0.0
NRW,25 - 29,44.98,44.98,30.0,0.0,RED,1.0
KBW,50 - 54,32.99,32.99,697.0,0.0,GIGAZUHAUSE,0.0
KBW,50 - 54,44.98,44.98,7.0,0.0,VF,1.0
NRW,under 18,37.99,22.99,30.0,0.0,VF,1.0
NRW,55 - 59,34.99,34.99,30.0,0.0,RED,0.0
NRW,35 - 39,49.99,49.99,30.0,0.0,VF,0.0
HSN,40 - 44,39.99,39.99,30.0,0.0,RED,0.0
HSN,25 - 29,39.98,39.98,30.0,0.0,RED,1.0
NRW,75 - 79,32.99,32.99,30.0,0.0,VF,0.0
HSN,25 - 29,52.95,52.88,30.0,0.0,RED,0.0
HSN,55 - 59,44.98,44.98,30.0,0.0,RED,0.0
HSN,60 - 64,47.96,47.96,30.0,0.0,VF,1.0
NRW,25 - 29,44.98,44.98,30.0,0.0,VF,0.0
NRW,55 - 59,59.97,49.97,30.0,0.0,VF,0.0
NRW,25 - 29,44.98,44.98,30.0,0.0,RED,1.0
KBW,under 18,39.99,39.99,30.0,0.0,RED,0.0
NRW,55 - 59,29.99,29.99,30.0,0.0,VF,0.0
KBW,65 - 69,39.98,39.98,30.0,0.0,VF,1.0
HSN,50 - 54,44.97,44.97,35.0,0.0,VF,0.0
HSN,80 and over,30.95,34.98,30.0,0.0,RED,1.0
KBW,60 - 64,34.99,34.99,30.0,0.0,RED,0.0
KBW,25 - 29,39.99,39.99,30.0,0.0,RED,0.0
NRW,40 - 44,59.97,39.99,30.0,0.0,RED,0.0
NRW,50 - 54,39.99,39.99,30.0,0.0,RED,1.0
NRW,35 - 39,42.97,42.97,30.0,0.0,GIGAZUHAUSE,1.0
KBW,30 - 34,29.99,29.99,30.0,0.0,VF,1.0
HSN,75 - 79,39.99,39.99,30.0,0.0,RED,1.0
NRW,45 - 49,52.96,42.98,30.0,0.0,VF,0.0
NRW,25 - 29,39.99,39.99,30.0,0.0,RED,1.0
NRW,65 - 69,42.97,42.97,30.0,0.0,VF,0.0
NRW,55 - 59,54.98,54.98,30.0,0.0,RED,1.0
NRW,55 - 59,44.98,44.98,30.0,0.0,VF,0.0
NRW,60 - 64,34.99,34.99,30.0,0.0,RED,1.0
KBW,25 - 29,49.97,49.98,30.0,0.0,VF,0.0
NRW,50 - 54,39.98,39.98,122.0,0.0,VF,1.0
NRW,75 - 79,44.97,44.98,30.0,0.0,VF,1.0
KBW,55 - 59,43.97,43.97,30.0,0.0,RED,0.0
NRW,50 - 54,49.99,49.99,30.0,0.0,RED,1.0
KBW,35 - 39,49.97,49.97,30.0,0.0,VF,0.0
NRW,under 18,42.97,42.97,30.0,0.0,RED,1.0
KBW,under 18,29.99,29.99,30.0,0.0,VF,0.0
HSN,30 - 34,64.95,44.98,30.0,0.0,VF,0.0
NRW,50 - 54,39.98,39.98,30.0,0.0,RED,1.0
NRW,60 - 64,49.99,49.99,30.0,0.0,VF,0.0
KBW,25 - 29,44.98,44.98,30.0,0.0,VF,1.0
KBW,75 - 79,69.96,44.98,30.0,0.0,RED,1.0
KBW,under 18,54.99,54.99,30.0,0.0,RED,0.0
NRW,50 - 54,33.98,38.98,30.0,0.0,RED,0.0
NRW,75 - 79,34.99,34.99,30.0,0.0,RED,1.0
HSN,75 - 79,24.99,24.99,30.0,0.0,GIGAZUHAUSE,0.0
KBW,under 18,34.99,34.99,30.0,0.0,RED,0.0
NRW,45 - 49,49.99,49.99,30.0,0.0,RED,0.0
HSN,35 - 39,48.97,48.97,30.0,0.0,VF,0.0
HSN,80 and over,49.97,49.97,30.0,0.0,RED,1.0
NRW,under 18,44.98,44.98,30.0,0.0,VF,0.0
NRW,60 - 64,29.99,29.99,30.0,0.0,RED,1.0
KBW,75 - 79,53.98,53.98,30.0,0.0,RED,0.0
NRW,55 - 59,32.99,32.99,30.0,0.0,VF,1.0
HSN,60 - 64,39.98,39.98,30.0,0.0,VF,1.0
NRW,55 - 59,49.97,49.99,30.0,0.0,VF,0.0
KBW,60 - 64,44.98,44.98,30.0,0.0,RED,0.0
KBW,40 - 44,39.98,39.98,30.0,0.0,VF,0.0
KBW,45 - 49,39.98,39.98,30.0,0.0,VF,1.0
NRW,50 - 54,24.99,24.99,30.0,0.0,INTERNET,0.0
NRW,55 - 59,44.98,44.98,30.0,0.0,RED,1.0
NRW,55 - 59,44.98,44.98,30.0,0.0,RED,0.0
KBW,50 - 54,37.98,37.78,30.0,0.0,VF,0.0
NRW,40 - 44,69.94,44.98,30.0,0.0,VF,1.0
KBW,65 - 69,58.98,58.98,30.0,0.0,RED,1.0
HSN,60 - 64,42.97,42.98,30.0,0.0,RED,0.0
KBW,30 - 34,44.97,44.97,30.0,0.0,VF,1.0
KBW,80 and over,39.99,39.99,30.0,0.0,RED,1.0
HSN,65 - 69,38.98,38.98,135.0,0.0,GIGAZUHAUSE,1.0
NRW,45 - 49,63.96,47.98,30.0,0.0,VF,0.0
KBW,40 - 44,47.99,47.99,30.0,0.0,VF,1.0
KBW,55 - 59,29.99,29.99,30.0,0.0,RED,1.0
HSN,25 - 29,34.99,34.99,30.0,0.0,RED,1.0
NRW,25 - 29,48.97,48.97,30.0,0.0,VF,0.0
NRW,65 - 69,69.94,54.99,30.0,0.0,RED,1.0
KBW,under 18,29.99,29.99,30.0,0.0,VF,0.0
KBW,40 - 44,44.98,44.98,30.0,0.0,VF,0.0
NRW,60 - 64,19.99,19.99,30.0,0.0,VF,0.0
KBW,55 - 59,44.98,44.98,30.0,0.0,VF,0.0
KBW,25 - 29,44.98,44.98,30.0,0.0,VF,1.0
NRW,75 - 79,44.98,44.98,30.0,0.0,VF,1.0
HSN,45 - 49,39.99,39.99,30.0,0.0,GIGAZUHAUSE,1.0
HSN,50 - 54,43.98,43.98,30.0,0.0,RED,0.0
KBW,under 18,34.99,34.99,30.0,0.0,RED,0.0
HSN,under 18,48.97,48.97,30.0,0.0,VF,0.0
NRW,55 - 59,34.99,34.99,30.0,0.0,RED,0.0
NRW,60 - 64,49.99,49.99,30.0,0.0,VF,1.0
NRW,45 - 49,30.88,48.97,30.0,0.0,VF,1.0
NRW,55 - 59,34.99,34.99,30.0,0.0,RED,1.0
KBW,50 - 54,69.96,44.98,516.0,0.0,VF,0.0
NRW,35 - 39,39.99,39.99,30.0,0.0,VF,0.0
NRW,65 - 69,34.99,34.99,30.0,0.0,RED,1.0
KBW,55 - 59,37.98,37.98,30.0,0.0,VF,1.0
KBW,50 - 54,39.99,39.99,30.0,0.0,RED,1.0
KBW,80 and over,49.99,49.99,30.0,0.0,GIGAZUHAUSE,1.0
KBW,25 - 29,39.99,39.99,30.0,0.0,RED,1.0
NRW,60 - 64,65.97,44.98,30.0,0.0,VF,1.0
KBW,50 - 54,47.96,47.96,30.0,0.0,VF,1.0
NRW,75 - 79,34.99,34.99,30.0,0.0,RED,1.0
KBW,50 - 54,44.99,44.99,30.0,0.0,VF,0.0
KBW,25 - 29,34.99,34.99,87.0,0.0,GIGAZUHAUSE,0.0
NRW,25 - 29,44.98,44.98,30.0,0.0,RED,1.0
NRW,55 - 59,34.99,34.99,30.0,0.0,RED,1.0
NRW,25 - 29,32.99,32.99,30.0,0.0,GIGAZUHAUSE,0.0
KBW,75 - 79,44.98,44.98,30.0,0.0,VF,1.0
HSN,55 - 59,59.98,59.98,30.0,0.0,RED,0.0
KBW,40 - 44,44.98,44.98,30.0,0.0,RED,1.0
KBW,80 and over,44.98,44.98,30.0,0.0,VF,0.0
KBW,80 and over,29.95,29.98,30.0,0.0,RED,0.0
HSN,25 - 29,39.99,39.99,30.0,0.0,RED,0.0
KBW,75 - 79,44.99,44.99,30.0,0.0,RED,1.0
HSN,80 and over,59.98,59.98,30.0,0.0,RED,1.0
NRW,45 - 49,54.98,54.98,30.0,0.0,VF,1.0
NRW,80 and over,44.98,44.98,30.0,0.0,VF,1.0
NRW,45 - 49,58.98,58.98,30.0,0.0,RED,0.0
KBW,80 and over,44.98,44.98,30.0,0.0,RED,1.0
HSN,45 - 49,49.99,49.99,30.0,0.0,VF,0.0
KBW,30 - 34,44.98,44.98,129.0,0.0,VF,1.0
NRW,75 - 79,47.96,47.96,30.0,0.0,RED,0.0
NRW,80 and over,27.99,27.99,30.0,0.0,2PLAY,0.0
KBW,80 and over,54.99,54.99,30.0,0.0,RED,0.0
HSN,60 - 64,54.99,54.99,649.0,0.0,RED,0.0
HSN,35 - 39,39.98,39.98,30.0,0.0,RED,1.0
HSN,25 - 29,39.99,39.99,30.0,0.0,RED,1.0
KBW,25 - 29,39.98,39.98,30.0,0.0,VF,1.0
NRW,50 - 54,24.98,24.99,30.0,0.0,GIGAZUHAUSE,1.0
NRW,under 18,58.98,33.98,30.0,0.0,RED,0.0
NRW,25 - 29,49.97,49.97,30.0,0.0,VF,0.0
NRW,75 - 79,27.99,27.99,30.0,0.0,GIGAZUHAUSE,0.0
KBW,55 - 59,34.99,34.99,30.0,0.0,RED,1.0
HSN,35 - 39,47.98,52.98,30.0,0.0,GIGAZUHAUSE,1.0
HSN,75 - 79,39.99,39.99,30.0,0.0,RED,1.0
NRW,30 - 34,29.99,29.99,30.0,0.0,EAZY,1.0
NRW,under 18,29.99,29.99,30.0,0.0,VF,1.0
KBW,50 - 54,24.99,29.99,30.0,0.0,VF,0.0
NRW,under 18,39.98,39.98,30.0,0.0,VF,1.0
KBW,75 - 79,37.98,37.98,30.0,0.0,GIGAZUHAUSE,1.0
NRW,40 - 44,47.99,59.99,30.0,0.0,VF,0.0
KBW,75 - 79,37.98,37.98,30.0,0.0,VF,0.0
NRW,25 - 29,29.99,29.99,30.0,0.0,VF,1.0
KBW,75 - 79,49.99,39.99,30.0,0.0,VF,1.0
KBW,55 - 59,54.99,54.99,30.0,0.0,RED,0.0
KBW,under 18,39.99,39.99,30.0,0.0,VF,0.0
NRW,30 - 34,39.99,39.99,30.0,0.0,RED,0.0
KBW,55 - 59,49.97,49.97,30.0,0.0,RED,0.0
KBW,under 18,49.97,49.97,30.0,0.0,VF,0.0
NRW,under 18,39.99,39.98,30.0,0.0,GIGAZUHAUSE,0.0
NRW,25 - 29,39.99,39.99,30.0,0.0,RED,0.0
NRW,55 - 59,44.98,44.98,30.0,0.0,VF,1.0
KBW,18 - 24,44.98,44.98,5.0,0.0,GIGAZUHAUSE,1.0
NRW,65 - 69,34.99,34.99,30.0,0.0,RED,0.0
KBW,under 18,39.99,39.99,30.0,0.0,RED,1.0
KBW,30 - 34,44.98,44.98,30.0,0.0,VF,1.0
HSN,60 - 64,42.97,42.97,30.0,0.0,2PLAY,0.0
HSN,75 - 79,32.99,32.99,30.0,0.0,RED,1.0
KBW,65 - 69,61.97,40.9,30.0,0.0,EAZ,0.0
HSN,75 - 79,39.98,39.98,206.0,0.0,GIGAZUHAUSE,0.0
KBW,25 - 29,44.97,44.98,30.0,0.0,VF,1.0
HSN,under 18,54.99,54.99,30.0,0.0,RED,0.0
KBW,75 - 79,39.99,39.99,30.0,0.0,RED,0.0
HSN,25 - 29,39.98,39.98,30.0,0.0,RED,0.0
NRW,75 - 79,49.97,49.97,30.0,0.0,VF,1.0
NRW,50 - 54,60.98,39.99,30.0,0.0,3PLAY,1.0
HSN,60 - 64,39.98,64.96,30.0,0.0,RED,0.0
NRW,65 - 69,39.99,39.99,30.0,0.0,RED,1.0
KBW,75 - 79,54.98,54.99,30.0,0.0,RED,1.0
HSN,25 - 29,34.99,34.99,30.0,0.0,RED,1.0
KBW,under 18,38.98,38.98,30.0,0.0,RED,0.0
KBW,65 - 69,39.98,39.98,30.0,0.0,VF,0.0
NRW,55 - 59,64.98,44.98,30.0,0.0,VF,1.0
NRW,under 18,24.99,24.99,30.0,0.0,INTERNET,1.0
NRW,30 - 34,44.98,44.98,30.0,0.0,VF,0.0
NRW,75 - 79,39.99,39.99,30.0,0.0,RED,1.0
NRW,75 - 79,34.99,34.99,30.0,0.0,RED,1.0
NRW,25 - 29,34.98,34.98,30.0,0.0,RED,0.0
KBW,60 - 64,37.99,37.99,30.0,0.0,VF,1.0
KBW,75 - 79,44.97,44.97,30.0,0.0,GIGAZUHAUSE,1.0
KBW,45 - 49,49.99,49.99,30.0,0.0,VF,1.0
NRW,under 18,42.98,42.99,30.0,0.0,GIGAZUHAUSE,0.0
NRW,75 - 79,34.99,34.99,30.0,0.0,RED,0.0
KBW,75 - 79,39.99,39.99,30.0,0.0,VF,0.0
NRW,under 18,44.98,44.98,30.0,0.0,3PLAY,0.0
NRW,65 - 69,39.98,39.98,30.0,0.0,VF,0.0
KBW,45 - 49,34.99,34.99,30.0,0.0,VF,1.0
KBW,45 - 49,32.99,32.99,30.0,0.0,VF,1.0
KBW,75 - 79,42.98,32.99,30.0,0.0,GIGAZUHAUSE,1.0
NRW,60 - 64,50.98,29.99,30.0,0.0,VF,0.0
NRW,40 - 44,39.99,39.99,30.0,0.0,RED,1.0
NRW,55 - 59,54.98,54.98,30.0,0.0,RED,0.0
HSN,50 - 54,39.98,39.98,30.0,0.0,GIGAZUHAUSE,1.0
NRW,55 - 59,49.97,49.97,30.0,0.0,VF,0.0
NRW,80 and over,44.98,44.98,30.0,0.0,RED,0.0
HSN,65 - 69,48.97,48.97,30.0,0.0,VF,1.0
NRW,30 - 34,54.98,54.98,30.0,0.0,3PLAY,0.0
KBW,under 18,44.98,44.98,30.0,0.0,RED,1.0
NRW,45 - 49,49.99,49.99,30.0,0.0,VF,0.0
NRW,75 - 79,44.98,44.98,30.0,0.0,VF,1.0
KBW,80 and over,44.98,44.98,30.0,0.0,VF,1.0
NRW,under 18,44.98,44.98,30.0,0.0,RED,1.0
KBW,under 18,39.99,39.99,30.0,0.0,RED,1.0
HSN,55 - 59,42.98,42.98,30.0,0.0,RED,1.0
KBW,75 - 79,34.99,34.99,30.0,0.0,VF,1.0
HSN,50 - 54,44.98,44.98,30.0,0.0,VF,1.0
NRW,50 - 54,34.99,34.99,30.0,0.0,RED,1.0
KBW,80 and over,48.97,48.97,30.0,0.0,VF,1.0
NRW,50 - 54,49.99,49.99,30.0,0.0,RED,1.0
NRW,under 18,42.97,42.97,30.0,0.0,VF,0.0
NRW,50 - 54,44.98,44.98,30.0,0.0,VF,1.0
KBW,under 18,44.98,44.98,30.0,0.0,RED,0.0
NRW,55 - 59,44.98,44.98,30.0,0.0,RED,1.0
HSN,45 - 49,39.98,39.98,112.0,0.0,GIGAZUHAUSE,0.0
NRW,50 - 54,54.98,54.98,30.0,0.0,GIGAZUHAUSE,1.0
HSN,under 18,49.99,49.99,30.0,0.0,RED,0.0
NRW,55 - 59,32.99,32.99,687.0,0.0,VF,0.0
HSN,65 - 69,37.99,37.99,30.0,0.0,GIGAZUHAUSE,1.0
HSN,55 - 59,42.98,42.98,30.0,0.0,VF,1.0
KBW,75 - 79,44.98,44.98,30.0,0.0,VF,1.0
NRW,55 - 59,32.98,32.99,30.0,0.0,VF,0.0
NRW,75 - 79,44.98,44.98,30.0,0.0,VF,0.0
NRW,65 - 69,42.97,42.98,30.0,0.0,RED,0.0
KBW,50 - 54,53.96,53.96,30.0,0.0,VF,0.0
NRW,55 - 59,50.94,44.98,30.0,0.0,VF,1.0
HSN,40 - 44,39.98,39.98,303.0,0.0,GIGAZUHAUSE,1.0
HSN,under 18,44.98,44.98,30.0,0.0,VF,1.0
NRW,80 and over,44.98,44.98,30.0,0.0,VF,1.0
NRW,25 - 29,39.99,39.99,30.0,0.0,RED,0.0
KBW,55 - 59,34.99,34.99,30.0,0.0,RED,1.0
KBW,75 - 79,42.98,42.98,30.0,0.0,VF,1.0
NRW,55 - 59,39.99,39.99,30.0,0.0,VF,1.0
KBW,under 18,48.97,48.97,30.0,0.0,VF,0.0
KBW,55 - 59,44.98,44.98,30.0,0.0,VF,1.0
NRW,25 - 29,48.97,48.97,30.0,0.0,VF,0.0
NRW,40 - 44,44.98,44.98,30.0,0.0,VF,0.0
NRW,75 - 79,44.98,39.99,30.0,0.0,VF,0.0
KBW,75 - 79,30.98,40.98,30.0,0.0,VF,1.0
NRW,55 - 59,39.98,39.98,30.0,1.0,VF,1.0
NRW,75 - 79,49.97,49.97,30.0,0.0,VF,1.0
KBW,25 - 29,39.98,39.98,254.0,0.0,GIGAZUHAUSE,1.0
HSN,under 18,54.99,54.99,30.0,0.0,RED,1.0
HSN,under 18,54.98,54.98,30.0,0.0,RED,0.0
NRW,50 - 54,52.95,32.99,30.0,0.0,VF,0.0
HSN,35 - 39,39.99,39.99,30.0,0.0,RED,0.0
NRW,50 - 54,39.99,39.99,30.0,0.0,VF,1.0
NRW,25 - 29,64.97,29.99,30.0,0.0,VF,0.0
KBW,60 - 64,50.34,50.84,40.0,0.0,3PLAY,0.0
NRW,45 - 49,39.99,39.99,30.0,0.0,GIGAZUHAUSE,0.0
KBW,80 and over,39.98,39.98,30.0,0.0,VF,1.0
NRW,50 - 54,32.99,32.99,30.0,0.0,GIGAZUHAUSE,0.0
NRW,75 - 79,39.99,39.99,30.0,0.0,RED,1.0
NRW,75 - 79,39.98,39.98,30.0,0.0,VF,0.0
HSN,35 - 39,39.98,39.98,30.0,0.0,VF,1.0
NRW,50 - 54,44.98,44.98,30.0,1.0,GIGAZUHAUSE,1.0
NRW,45 - 49,65.97,44.98,30.0,0.0,VF,0.0
NRW,under 18,44.98,44.98,30.0,0.0,RED,1.0
HSN,45 - 49,27.99,27.99,30.0,0.0,GIGAZUHAUSE,1.0
NRW,25 - 29,34.99,34.99,30.0,0.0,VF,1.0
NRW,40 - 44,54.96,53.97,30.0,0.0,3PLAY,0.0
NRW,25 - 29,34.99,34.99,30.0,0.0,RED,0.0
KBW,55 - 59,19.99,19.99,30.0,0.0,INTERNET,1.0
KBW,35 - 39,49.99,49.99,30.0,0.0,RED,0.0
KBW,55 - 59,34.99,34.99,30.0,0.0,RED,0.0
NRW,50 - 54,44.98,44.98,30.0,0.0,VF,1.0
NRW,60 - 64,49.99,49.99,30.0,0.0,RED,1.0
KBW,25 - 29,39.99,39.99,30.0,0.0,RED,1.0
NRW,60 - 64,53.96,32.97,30.0,0.0,GIGAZUHAUSE,1.0
NRW,40 - 44,62.98,62.98,182.0,0.0,GIGAZUHAUSE,1.0
KBW,55 - 59,49.97,24.99,598.0,0.0,GIGAZUHAUSE,0.0
HSN,under 18,44.98,44.98,30.0,0.0,RED,1.0
HSN,45 - 49,49.97,49.97,30.0,0.0,VF,1.0
NRW,75 - 79,39.98,39.98,4.0,0.0,GIGAZUHAUSE,0.0
KBW,60 - 64,42.98,42.98,30.0,0.0,VF,1.0
NRW,25 - 29,32.99,32.99,30.0,0.0,VF,1.0
KBW,75 - 79,39.98,39.98,679.0,0.0,GIGAZUHAUSE,1.0
HSN,75 - 79,37.99,37.99,30.0,0.0,VF,0.0
KBW,25 - 29,34.99,34.99,30.0,0.0,RED,1.0
NRW,40 - 44,60.98,29.99,30.0,0.0,VF,0.0
KBW,65 - 69,44.98,44.98,30.0,0.0,VF,0.0
NRW,55 - 59,39.99,39.99,30.0,0.0,VF,0.0
NRW,18 - 24,39.98,39.98,30.0,0.0,GIGAZUHAUSE,0.0
KBW,25 - 29,45.95,45.96,30.0,0.0,3PLAY,0.0
NRW,60 - 64,44.98,44.98,30.0,0.0,RED,1.0
KBW,60 - 64,49.97,49.97,0.0,0.0,GIGAZUHAUSE,0.0
NRW,40 - 44,24.99,24.99,30.0,0.0,INTERNET,1.0
NRW,80 and over,50.99,25.99,30.0,0.0,RED,1.0
NRW,30 - 34,37.99,37.99,30.0,0.0,VF,1.0
NRW,25 - 29,17.99,27.99,30.0,0.0,GIGAZUHAUSE,0.0
NRW,75 - 79,44.98,44.98,30.0,0.0,VF,1.0
NRW,60 - 64,24.99,24.99,30.0,0.0,INTERNET,0.0
KBW,30 - 34,54.98,54.99,30.0,0.0,3PLAY,0.0
HSN,75 - 79,39.99,39.99,30.0,0.0,RED,0.0
NRW,under 18,39.98,39.98,30.0,0.0,VF,0.0
NRW,35 - 39,39.99,39.99,30.0,0.0,RED,0.0
NRW,50 - 54,72.97,47.97,30.0,0.0,GIGAZUHAUSE,1.0
NRW,50 - 54,54.99,54.99,30.0,0.0,RED,0.0
NRW,75 - 79,39.98,39.98,30.0,0.0,VF,1.0
NRW,75 - 79,47.97,47.97,30.0,0.0,VF,1.0
KBW,25 - 29,39.99,39.99,30.0,0.0,RED,1.0
NRW,25 - 29,39.99,39.99,30.0,0.0,GIGAZUHAUSE,0.0
NRW,55 - 59,44.98,44.98,30.0,0.0,RED,1.0
NRW,40 - 44,47.99,47.99,30.0,0.0,VF,0.0
NRW,55 - 59,49.99,49.99,30.0,0.0,RED,1.0
NRW,30 - 34,42.97,42.97,30.0,0.0,2PLAY,0.0
KBW,45 - 49,70.97,32.98,30.0,0.0,VF,0.0
KBW,under 18,49.97,49.97,30.0,0.0,RED,1.0
NRW,under 18,44.99,44.99,30.0,0.0,VF,0.0
HSN,50 - 54,49.99,49.99,30.0,0.0,VF,0.0
NRW,30 - 34,34.99,34.99,30.0,0.0,RED,0.0
NRW,50 - 54,29.99,29.99,30.0,0.0,VF,0.0
NRW,45 - 49,37.98,37.98,30.0,0.0,VF,0.0
NRW,75 - 79,44.98,44.98,30.0,0.0,VF,1.0
NRW,65 - 69,49.97,49.97,30.0,0.0,VF,1.0
HSN,75 - 79,44.99,44.98,30.0,0.0,VF,0.0
KBW,60 - 64,32.99,32.99,30.0,0.0,VF,1.0
KBW,under 18,34.99,34.99,30.0,0.0,RED,0.0
KBW,45 - 49,54.98,54.99,30.0,0.0,RED,0.0
NRW,30 - 34,39.99,39.99,30.0,0.0,RED,1.0
NRW,75 - 79,49.97,49.99,30.0,0.0,GIGAZUHAUSE,0.0
NRW,35 - 39,34.99,34.99,30.0,0.0,RED,1.0
KBW,55 - 59,56.95,29.98,30.0,0.0,VF,0.0
HSN,25 - 29,34.99,34.99,30.0,0.0,RED,1.0
HSN,75 - 79,52.98,52.98,30.0,0.0,RED,1.0
NRW,75 - 79,34.99,34.99,30.0,0.0,RED,0.0
NRW,25 - 29,49.99,39.99,243.0,0.0,GIGAZUHAUSE,1.0
NRW,75 - 79,29.99,29.99,30.0,0.0,VF,0.0
KBW,55 - 59,34.99,34.99,30.0,0.0,RED,0.0
KBW,45 - 49,44.98,44.98,30.0,0.0,GIGAZUHAUSE,1.0
KBW,80 and over,57.98,34.99,30.0,0.0,VF,1.0
HSN,55 - 59,34.99,34.99,30.0,0.0,RED,0.0
HSN,under 18,59.99,59.99,30.0,0.0,3PLAY,0.0
KBW,75 - 79,44.98,44.98,30.0,0.0,VF,0.0
NRW,under 18,49.99,49.99,30.0,0.0,VF,0.0
KBW,under 18,19.99,19.99,30.0,0.0,VF,1.0
KBW,45 - 49,29.99,29.99,30.0,0.0,VF,1.0
KBW,under 18,37.99,37.99,30.0,0.0,VF,0.0
KBW,60 - 64,37.99,37.99,30.0,0.0,VF,0.0
NRW,under 18,64.98,64.98,30.0,0.0,EAZY,1.0
KBW,35 - 39,34.99,34.99,333.0,0.0,GIGAZUHAUSE,0.0
NRW,75 - 79,32.97,32.99,30.0,0.0,VF,0.0
KBW,60 - 64,37.98,37.98,30.0,0.0,VF,0.0
KBW,45 - 49,29.99,29.99,30.0,0.0,VF,1.0
NRW,55 - 59,34.99,34.99,30.0,0.0,VF,0.0
KBW,75 - 79,39.99,39.99,30.0,0.0,RED,1.0
NRW,65 - 69,44.98,44.98,30.0,0.0,RED,0.0
KBW,75 - 79,49.99,49.99,30.0,0.0,RED,0.0
KBW,65 - 69,29.99,29.99,30.0,0.0,VF,1.0
KBW,40 - 44,49.97,49.97,30.0,0.0,GIGAZUHAUSE,0.0
KBW,45 - 49,47.97,47.96,30.0,0.0,RED,1.0
NRW,55 - 59,29.99,29.99,30.0,0.0,VF,0.0
NRW,60 - 64,34.99,34.99,30.0,0.0,RED,1.0
NRW,45 - 49,47.96,47.96,30.0,0.0,GIGAZUHAUSE,1.0
KBW,75 - 79,34.99,34.99,30.0,0.0,RED,1.0
KBW,30 - 34,49.99,49.99,30.0,0.0,GIGAZUHAUSE,0.0
HSN,60 - 64,44.98,44.98,30.0,0.0,VF,0.0
NRW,75 - 79,44.98,44.98,30.0,2.0,RED,1.0
KBW,45 - 49,42.98,42.98,30.0,0.0,VF,0.0
KBW,45 - 49,27.99,27.99,30.0,0.0,VF,0.0
KBW,50 - 54,71.89,32.99,30.0,0.0,3PLAY,1.0
NRW,65 - 69,54.99,54.99,30.0,0.0,RED,0.0
KBW,60 - 64,39.99,39.99,30.0,0.0,RED,1.0
KBW,45 - 49,38.98,38.98,30.0,0.0,RED,0.0
NRW,65 - 69,37.98,37.97,30.0,0.0,GIGAZUHAUSE,1.0
KBW,75 - 79,44.98,44.98,30.0,0.0,RED,1.0
NRW,55 - 59,34.99,34.99,30.0,0.0,VF,1.0
KBW,under 18,39.98,39.98,30.0,0.0,VF,0.0
KBW,65 - 69,39.99,39.99,30.0,0.0,VF,1.0
HSN,55 - 59,39.98,39.98,30.0,0.0,GIGAZUHAUSE,0.0
KBW,under 18,54.98,54.98,30.0,0.0,GIGAZUHAUSE,0.0
KBW,under 18,44.98,44.98,30.0,0.0,VF,1.0
HSN,40 - 44,39.98,39.99,30.0,0.0,VF,0.0
KBW,40 - 44,49.97,49.97,30.0,0.0,RED,1.0
NRW,55 - 59,44.98,44.98,30.0,0.0,VF,0.0
NRW,50 - 54,48.97,37.99,30.0,0.0,VF,0.0
HSN,55 - 59,44.98,44.98,30.0,0.0,RED,1.0
NRW,55 - 59,34.99,34.99,30.0,0.0,RED,1.0
KBW,25 - 29,39.98,39.98,30.0,0.0,VF,0.0
NRW,18 - 24,39.99,39.99,30.0,0.0,RED,1.0
KBW,65 - 69,52.98,77.99,30.0,0.0,VF,1.0
NRW,55 - 59,44.98,44.98,30.0,0.0,VF,0.0
NRW,35 - 39,54.98,74.35,30.0,0.0,RED,0.0
NRW,45 - 49,44.98,44.98,30.0,0.0,VF,1.0
NRW,65 - 69,39.98,39.99,30.0,0.0,GIGAZUHAUSE,0.0
NRW,45 - 49,63.96,47.99,30.0,0.0,VF,0.0
KBW,55 - 59,54.99,54.99,30.0,0.0,RED,1.0
NRW,65 - 69,49.99,49.99,30.0,0.0,RED,0.0
KBW,50 - 54,44.98,44.98,30.0,0.0,VF,0.0
HSN,25 - 29,54.99,54.99,30.0,0.0,RED,0.0
HSN,under 18,0.0,0.0,30.0,0.0,MMA,0.0
NRW,50 - 54,34.99,34.99,30.0,0.0,RED,0.0
NRW,45 - 49,39.98,39.98,30.0,0.0,GIGAZUHAUSE,1.0
HSN,75 - 79,34.99,34.99,30.0,0.0,RED,1.0
HSN,40 - 44,60.95,44.98,30.0,0.0,VF,0.0
KBW,45 - 49,29.99,29.99,30.0,0.0,VF,0.0
KBW,75 - 79,44.98,44.98,30.0,0.0,VF,1.0
NRW,75 - 79,44.99,44.99,30.0,0.0,VF,0.0
HSN,45 - 49,40.98,0.0,30.0,0.0,VF,1.0
NRW,18 - 24,54.98,34.99,30.0,0.0,VF,0.0
HSN,75 - 79,54.99,54.99,30.0,0.0,RED,0.0
NRW,50 - 54,44.98,44.98,30.0,0.0,3PLAY,1.0
NRW,55 - 59,24.99,24.99,30.0,0.0,VF,1.0
NRW,45 - 49,32.99,32.99,30.0,0.0,VF,0.0
KBW,55 - 59,34.99,34.99,30.0,0.0,RED,0.0
NRW,50 - 54,34.99,34.99,30.0,0.0,RED,1.0
KBW,55 - 59,34.99,34.99,30.0,0.0,RED,1.0
HSN,75 - 79,34.99,34.99,30.0,0.0,RED,1.0
KBW,65 - 69,44.98,44.98,30.0,0.0,RED,1.0
KBW,under 18,39.99,39.99,30.0,0.0,VF,1.0
KBW,75 - 79,37.99,37.99,30.0,0.0,3PLAY,1.0
KBW,50 - 54,34.99,34.99,30.0,0.0,VF,1.0
HSN,80 and over,44.98,44.98,30.0,0.0,RED,1.0
NRW,18 - 24,52.98,52.98,30.0,0.0,GIGAZUHAUSE,1.0
HSN,50 - 54,44.98,44.98,30.0,0.0,VF,0.0
NRW,55 - 59,54.98,54.98,30.0,0.0,RED,0.0
KBW,under 18,44.98,44.98,30.0,0.0,RED,1.0
HSN,75 - 79,47.99,47.99,30.0,0.0,VF,1.0
NRW,65 - 69,44.98,44.98,30.0,0.0,RED,1.0
NRW,40 - 44,70.96,49.97,30.0,0.0,VF,0.0
KBW,25 - 29,34.99,34.99,30.0,0.0,RED,1.0
KBW,40 - 44,44.98,44.98,30.0,0.0,RED,1.0
NRW,75 - 79,59.99,59.99,30.0,0.0,GIGAZUHAUSE,0.0
KBW,under 18,49.99,49.99,30.0,0.0,VF,0.0
KBW,25 - 29,64.98,74.98,30.0,0.0,RED,1.0
NRW,60 - 64,42.98,42.98,30.0,0.0,GIGAZUHAUSE,1.0
NRW,35 - 39,44.98,44.98,30.0,0.0,VF,1.0
HSN,75 - 79,44.98,44.98,30.0,0.0,VF,1.0
NRW,75 - 79,29.99,29.99,30.0,0.0,RED,1.0
NRW,25 - 29,34.99,34.99,30.0,0.0,RED,1.0
KBW,75 - 79,34.99,34.99,30.0,0.0,RED,1.0
KBW,30 - 34,38.98,30.95,30.0,0.0,RED,1.0
HSN,65 - 69,59.99,54.99,30.0,0.0,3PLAY,1.0
NRW,65 - 69,44.98,44.98,30.0,0.0,VF,0.0
KBW,65 - 69,48.97,48.97,30.0,0.0,VF,1.0
NRW,55 - 59,34.99,34.99,30.0,0.0,RED,0.0
HSN,55 - 59,34.99,34.99,30.0,0.0,RED,1.0
KBW,55 - 59,24.99,24.99,30.0,0.0,RED,0.0
KBW,45 - 49,49.97,49.97,30.0,0.0,VF,1.0
KBW,18 - 24,39.99,39.99,30.0,0.0,VF,0.0
NRW,55 - 59,39.99,39.99,30.0,0.0,VF,0.0
NRW,25 - 29,47.97,47.97,30.0,0.0,VF,1.0
KBW,75 - 79,24.99,24.99,30.0,0.0,GIGAZUHAUSE,1.0
HSN,75 - 79,29.99,29.99,598.0,0.0,GIGAZUHAUSE,0.0
KBW,65 - 69,49.99,49.99,565.0,0.0,VF,0.0
KBW,40 - 44,34.99,34.99,30.0,0.0,RED,0.0
HSN,75 - 79,49.99,49.99,30.0,0.0,GIGAZUHAUSE,0.0
KBW,75 - 79,62.97,37.99,30.0,0.0,VF,1.0
HSN,35 - 39,73.97,63.97,30.0,0.0,GIGAZUHAUSE,0.0
NRW,50 - 54,39.99,39.99,30.0,0.0,VF,1.0
HSN,40 - 44,34.99,34.99,30.0,0.0,RED,1.0
NRW,50 - 54,39.99,39.99,30.0,0.0,RED,0.0
KBW,25 - 29,54.99,54.99,30.0,0.0,RED,0.0
HSN,45 - 49,64.95,54.98,30.0,0.0,RED,1.0
KBW,30 - 34,65.96,40.97,30.0,0.0,RED,0.0
NRW,30 - 34,78.92,30.95,30.0,0.0,VF,0.0
KBW,under 18,44.98,44.98,30.0,0.0,VF,0.0
NRW,80 and over,34.99,34.99,30.0,0.0,RED,1.0
KBW,75 - 79,44.98,44.98,30.0,0.0,RED,1.0
KBW,55 - 59,75.98,45.98,30.0,0.0,VF,1.0
NRW,80 and over,39.98,39.98,30.0,0.0,GIGAZUHAUSE,1.0
KBW,60 - 64,44.98,44.98,30.0,0.0,RED,0.0
NRW,55 - 59,39.98,39.98,30.0,0.0,RED,1.0
HSN,45 - 49,44.98,44.98,30.0,0.0,VF,0.0
HSN,under 18,49.97,49.97,30.0,0.0,VF,1.0
NRW,under 18,39.99,39.99,30.0,0.0,GIGAZUHAUSE,1.0
NRW,80 and over,42.97,42.97,30.0,0.0,GIGAZUHAUSE,1.0
KBW,65 - 69,64.97,64.97,123.0,0.0,GIGAZUHAUSE,1.0
NRW,60 - 64,61.96,49.97,30.0,0.0,RED,0.0
NRW,40 - 44,49.97,49.97,30.0,0.0,RED,0.0
NRW,75 - 79,29.99,29.99,30.0,0.0,VF,0.0
KBW,65 - 69,37.99,37.99,30.0,0.0,VF,1.0
KBW,75 - 79,44.98,44.98,30.0,0.0,VF,1.0
KBW,65 - 69,54.99,54.99,30.0,0.0,RED,0.0
NRW,25 - 29,44.98,44.98,30.0,0.0,RED,1.0
NRW,60 - 64,34.99,34.99,30.0,0.0,RED,1.0
NRW,25 - 29,24.99,24.99,30.0,0.0,VF,0.0
KBW,50 - 54,42.98,42.98,30.0,0.0,VF,0.0
KBW,60 - 64,24.99,24.99,30.0,0.0,VF,0.0
KBW,35 - 39,49.98,49.99,30.0,0.0,GIGAZUHAUSE,1.0
HSN,55 - 59,34.99,34.99,30.0,0.0,RED,1.0
KBW,55 - 59,60.98,39.99,30.0,0.0,RED,1.0
NRW,80 and over,32.99,32.99,30.0,0.0,VF,0.0
NRW,under 18,39.99,39.99,30.0,0.0,VF,0.0
KBW,45 - 49,37.98,37.98,30.0,0.0,VF,1.0
NRW,40 - 44,49.99,49.99,30.0,0.0,GIGAZUHAUSE,1.0
NRW,25 - 29,34.99,34.99,30.0,0.0,RED,0.0
NRW,60 - 64,34.99,34.99,30.0,0.0,RED,1.0
NRW,55 - 59,34.99,34.99,30.0,0.0,RED,1.0
HSN,40 - 44,43.98,43.98,30.0,0.0,RED,0.0
KBW,under 18,29.99,29.99,30.0,0.0,VF,0.0
NRW,45 - 49,44.98,44.98,30.0,0.0,VF,1.0
KBW,under 18,54.99,54.99,30.0,0.0,RED,1.0
KBW,55 - 59,65.97,44.98,30.0,0.0,VF,0.0
NRW,60 - 64,44.98,44.98,30.0,0.0,VF,1.0
HSN,60 - 64,44.98,44.98,30.0,0.0,RED,1.0
NRW,75 - 79,39.99,39.99,30.0,0.0,RED,1.0
HSN,30 - 34,43.97,43.97,30.0,0.0,RED,1.0
KBW,30 - 34,27.99,27.99,798.0,0.0,GIGAZUHAUSE,0.0
KBW,50 - 54,49.99,49.99,30.0,0.0,GIGAZUHAUSE,0.0
NRW,75 - 79,49.97,49.97,30.0,0.0,VF,0.0
NRW,80 and over,37.98,37.98,543.0,0.0,GIGAZUHAUSE,0.0
KBW,75 - 79,37.98,37.98,116.0,0.0,GIGAZUHAUSE,0.0
KBW,60 - 64,29.99,29.99,30.0,0.0,VF,0.0
NRW,25 - 29,39.99,39.99,30.0,0.0,RED,0.0
NRW,75 - 79,37.98,37.98,30.0,0.0,VF,1.0
KBW,65 - 69,42.98,42.98,30.0,0.0,VF,1.0
KBW,30 - 34,39.98,39.98,30.0,0.0,VF,0.0
NRW,under 18,24.99,24.99,30.0,0.0,VF,0.0
KBW,25 - 29,34.99,34.99,30.0,0.0,RED,0.0
KBW,under 18,43.98,43.98,30.0,0.0,RED,1.0
HSN,40 - 44,34.99,34.99,333.0,0.0,GIGAZUHAUSE,1.0
KBW,25 - 29,39.99,39.99,30.0,0.0,RED,1.0
NRW,55 - 59,54.98,54.98,30.0,0.0,RED,1.0
KBW,75 - 79,42.98,33.98,30.0,0.0,VF,0.0
HSN,75 - 79,29.99,29.99,30.0,0.0,VF,1.0
NRW,under 18,39.99,39.99,30.0,0.0,RED,1.0
KBW,65 - 69,39.98,39.98,30.0,0.0,RED,0.0
NRW,55 - 59,49.99,49.99,30.0,0.0,RED,0.0
HSN,under 18,44.98,44.98,30.0,0.0,VF,0.0
NRW,45 - 49,29.98,29.98,30.0,0.0,VF,0.0
NRW,under 18,49.98,49.98,30.0,0.0,GIGAZUHAUSE,1.0
KBW,under 18,58.74,46.74,30.0,0.0,RED,0.0
NRW,60 - 64,39.99,39.99,30.0,0.0,RED,0.0
NRW,65 - 69,39.99,39.99,30.0,0.0,RED,0.0
KBW,25 - 29,54.98,34.99,30.0,0.0,GIGAZUHAUSE,0.0
NRW,60 - 64,44.97,44.98,30.0,0.0,GIGAZUHAUSE,1.0
HSN,60 - 64,48.97,48.97,30.0,0.0,VF,1.0
NRW,75 - 79,29.99,29.99,30.0,0.0,VF,1.0
KBW,25 - 29,59.98,39.98,126.0,0.0,GIGAZUHAUSE,0.0
HSN,75 - 79,42.97,42.97,30.0,0.0,GIGAZUHAUSE,0.0
HSN,35 - 39,34.99,34.99,30.0,0.0,RED,1.0
NRW,40 - 44,53.97,53.96,30.0,0.0,RED,0.0
NRW,40 - 44,32.99,32.99,30.0,0.0,GIGAZUHAUSE,0.0
NRW,18 - 24,24.88,24.99,30.0,0.0,INTERNET,1.0
HSN,80 and over,49.98,49.98,30.0,0.0,RED,0.0
KBW,45 - 49,34.99,34.99,30.0,0.0,RED,1.0
NRW,under 18,34.99,34.99,30.0,0.0,RED,1.0
HSN,75 - 79,49.99,49.99,30.0,0.0,RED,0.0
HSN,30 - 34,64.98,64.98,30.0,0.0,RED,1.0
KBW,55 - 59,49.99,49.99,30.0,0.0,RED,1.0
KBW,60 - 64,42.99,42.99,30.0,0.0,RED,0.0
NRW,25 - 29,34.99,34.99,30.0,0.0,RED,1.0
KBW,55 - 59,49.99,49.99,30.0,0.0,RED,1.0
KBW,35 - 39,44.98,44.98,30.0,0.0,VF,1.0
NRW,25 - 29,34.99,34.99,30.0,0.0,RED,1.0
NRW,55 - 59,39.99,39.99,30.0,0.0,VF,0.0
KBW,50 - 54,29.99,29.99,30.0,0.0,INTERNET,1.0
KBW,25 - 29,34.99,34.99,30.0,0.0,RED,1.0
NRW,35 - 39,29.99,29.99,30.0,0.0,INTERNET,0.0
HSN,50 - 54,58.95,129.96,30.0,0.0,RED,0.0
NRW,under 18,44.98,44.98,30.0,0.0,VF,1.0
NRW,25 - 29,44.98,44.98,30.0,0.0,RED,0.0
KBW,65 - 69,44.98,44.98,30.0,0.0,VF,0.0
NRW,50 - 54,29.99,29.99,30.0,0.0,VF,1.0
KBW,45 - 49,44.98,44.98,30.0,0.0,VF,0.0
NRW,35 - 39,34.99,34.99,30.0,0.0,GIGAZUHAUSE,1.0
NRW,30 - 34,37.98,37.78,30.0,0.0,VF,0.0
NRW,55 - 59,34.99,34.99,30.0,0.0,RED,0.0
HSN,65 - 69,54.99,54.99,30.0,0.0,RED,1.0
KBW,65 - 69,34.99,34.99,30.0,0.0,RED,1.0
HSN,45 - 49,34.99,54.99,30.0,0.0,RED,1.0
NRW,80 and over,44.98,44.98,30.0,0.0,VF,1.0
NRW,65 - 69,59.98,59.99,30.0,0.0,3PLAY,0.0
NRW,60 - 64,48.97,48.97,30.0,0.0,GIGAZUHAUSE,1.0
NRW,75 - 79,44.98,44.98,30.0,1.0,VF,0.0
KBW,40 - 44,39.99,39.99,30.0,0.0,RED,1.0
HSN,under 18,39.99,39.99,30.0,0.0,RED,1.0
KBW,50 - 54,44.99,44.99,30.0,0.0,RED,1.0
NRW,55 - 59,44.99,44.99,30.0,0.0,RED,1.0
NRW,25 - 29,49.99,49.99,30.0,0.0,GIGAZUHAUSE,0.0
KBW,65 - 69,47.97,47.97,30.0,0.0,VF,1.0
NRW,50 - 54,34.99,34.99,30.0,0.0,RED,0.0
KBW,25 - 29,29.99,29.99,30.0,0.0,VF,0.0
NRW,25 - 29,29.99,29.99,30.0,0.0,VF,0.0
HSN,30 - 34,32.99,32.99,30.0,0.0,GIGAZUHAUSE,0.0
HSN,45 - 49,38.98,38.98,30.0,0.0,VF,0.0
KBW,65 - 69,44.98,44.98,30.0,0.0,VF,0.0
NRW,35 - 39,37.99,37.99,30.0,0.0,VF,0.0
NRW,60 - 64,44.97,44.98,30.0,0.0,VF,1.0
NRW,75 - 79,49.97,49.97,30.0,0.0,RED,1.0
NRW,55 - 59,24.99,24.99,30.0,0.0,INTERNET,0.0
NRW,40 - 44,44.98,44.98,30.0,0.0,RED,1.0
KBW,55 - 59,44.98,44.98,30.0,0.0,VF,1.0
KBW,75 - 79,49.99,49.99,30.0,0.0,GIGAZUHAUSE,1.0
NRW,55 - 59,34.99,34.99,30.0,0.0,RED,1.0
NRW,75 - 79,42.97,42.97,30.0,0.0,VF,0.0
KBW,60 - 64,69.96,44.98,30.0,0.0,VF,1.0
HSN,30 - 34,39.99,39.99,30.0,0.0,RED,1.0
KBW,40 - 44,34.99,34.99,30.0,0.0,RED,0.0
KBW,50 - 54,44.99,37.99,30.0,0.0,VF,1.0
NRW,45 - 49,32.99,32.99,30.0,0.0,VF,0.0
NRW,25 - 29,39.98,39.98,5.0,0.0,GIGAZUHAUSE,0.0
NRW,25 - 29,34.98,34.98,30.0,0.0,RED,1.0
NRW,25 - 29,39.99,39.99,30.0,0.0,RED,1.0
NRW,55 - 59,59.98,59.98,30.0,0.0,RED,0.0
HSN,40 - 44,52.97,52.97,30.0,0.0,RED,1.0
KBW,45 - 49,33.74,53.96,30.0,0.0,RED,1.0
HSN,50 - 54,42.98,52.98,30.0,0.0,2PLAY,0.0
NRW,under 18,34.99,34.99,30.0,0.0,RED,0.0
NRW,40 - 44,49.97,49.98,30.0,0.0,VF,0.0
NRW,55 - 59,49.97,49.97,30.0,0.0,VF,0.0
KBW,75 - 79,39.99,39.99,30.0,0.0,RED,1.0
KBW,40 - 44,47.98,47.98,99.0,0.0,GIGAZUHAUSE,0.0
KBW,55 - 59,17.99,17.99,30.0,0.0,EAZY,0.0
KBW,55 - 59,44.98,44.98,30.0,0.0,VF,1.0
KBW,under 18,57.84,37.78,30.0,0.0,3PLAY,0.0
NRW,75 - 79,29.99,29.99,30.0,0.0,VF,0.0
NRW,under 18,54.98,39.99,30.0,0.0,VF,1.0
NRW,60 - 64,44.98,44.98,30.0,0.0,VF,1.0
NRW,40 - 44,49.97,49.97,30.0,0.0,VF,1.0
NRW,50 - 54,29.99,29.99,30.0,0.0,VF,1.0
NRW,35 - 39,54.99,54.99,30.0,0.0,RED,0.0
HSN,under 18,19.99,29.99,30.0,0.0,RED,0.0
NRW,40 - 44,37.98,37.98,638.0,0.0,GIGAZUHAUSE,0.0
HSN,75 - 79,49.97,49.97,30.0,0.0,VF,1.0
KBW,65 - 69,44.98,44.98,30.0,0.0,VF,1.0
NRW,65 - 69,27.99,27.99,30.0,0.0,RED,0.0
NRW,30 - 34,59.99,59.99,30.0,0.0,RED,1.0
NRW,50 - 54,24.99,24.99,30.0,0.0,VF,0.0
NRW,80 and over,44.98,44.98,30.0,0.0,VF,1.0
NRW,55 - 59,39.99,39.99,30.0,0.0,RED,1.0
KBW,25 - 29,60.97,40.97,30.0,0.0,3PLAY,1.0
NRW,55 - 59,37.99,37.99,30.0,0.0,VF,0.0
KBW,50 - 54,40.98,64.99,30.0,0.0,RED,0.0
KBW,60 - 64,54.98,54.98,30.0,0.0,RED,1.0
NRW,55 - 59,24.99,24.99,30.0,0.0,INTERNET,0.0
NRW,50 - 54,60.98,56.98,30.0,0.0,VF,1.0
KBW,under 18,34.99,34.99,30.0,0.0,RED,0.0
NRW,75 - 79,39.99,39.99,30.0,0.0,RED,1.0
KBW,45 - 49,42.97,42.97,30.0,0.0,RED,1.0
NRW,under 18,34.99,34.99,30.0,0.0,RED,1.0
NRW,65 - 69,34.99,34.99,30.0,0.0,RED,1.0
NRW,18 - 24,39.99,39.99,30.0,0.0,VF,1.0
NRW,75 - 79,45.98,58.98,30.0,0.0,VF,0.0
NRW,75 - 79,79.94,59.98,30.0,0.0,VF,1.0
NRW,25 - 29,44.98,44.98,30.0,0.0,VF,1.0
NRW,25 - 29,34.99,34.99,30.0,0.0,RED,0.0
NRW,55 - 59,44.98,44.98,30.0,0.0,VF,1.0
NRW,25 - 29,29.99,29.99,30.0,0.0,VF,0.0
KBW,75 - 79,49.99,49.99,30.0,0.0,GIGAZUHAUSE,1.0
KBW,55 - 59,44.98,44.98,30.0,0.0,VF,1.0
NRW,65 - 69,39.99,39.99,30.0,0.0,VF,0.0
KBW,45 - 49,59.97,44.98,30.0,0.0,VF,0.0
KBW,30 - 34,39.98,39.99,30.0,0.0,VF,0.0
NRW,75 - 79,24.99,24.99,123.0,0.0,GIGAZUHAUSE,0.0
NRW,18 - 24,39.99,39.99,30.0,0.0,VF,0.0
HSN,50 - 54,52.98,52.98,30.0,0.0,GIGAZUHAUSE,1.0
NRW,25 - 29,44.98,44.98,30.0,0.0,VF,0.0
HSN,60 - 64,44.98,44.98,30.0,0.0,RED,1.0
NRW,50 - 54,29.99,29.99,30.0,0.0,VF,0.0
NRW,80 and over,42.97,42.97,30.0,0.0,RED,0.0
NRW,60 - 64,43.96,44.98,30.0,0.0,RED,1.0
HSN,50 - 54,37.99,37.99,30.0,0.0,RED,1.0
HSN,80 and over,39.99,39.99,30.0,0.0,RED,1.0
NRW,under 18,44.98,44.98,30.0,0.0,VF,0.0
KBW,45 - 49,44.98,44.98,30.0,0.0,VF,1.0
HSN,65 - 69,44.98,44.98,30.0,0.0,VF,0.0
NRW,75 - 79,34.99,34.99,30.0,0.0,RED,1.0
NRW,40 - 44,62.98,44.98,30.0,0.0,RED,0.0
NRW,55 - 59,37.98,37.98,30.0,0.0,VF,0.0
NRW,25 - 29,34.99,34.99,39.0,0.0,RED,1.0
NRW,55 - 59,54.98,54.99,30.0,0.0,RED,1.0
KBW,50 - 54,49.97,49.97,30.0,0.0,RED,0.0
KBW,75 - 79,79.97,49.99,30.0,0.0,GIGAZUHAUSE,0.0
KBW,55 - 59,44.98,44.98,30.0,0.0,VF,0.0
NRW,25 - 29,44.98,44.98,122.0,0.0,GIGAZUHAUSE,0.0
NRW,40 - 44,29.99,29.99,30.0,0.0,RED,0.0
KBW,50 - 54,39.99,39.99,30.0,0.0,RED,1.0
KBW,50 - 54,49.97,49.97,30.0,0.0,RED,0.0
NRW,30 - 34,49.97,49.97,30.0,0.0,VF,1.0
KBW,60 - 64,44.98,44.98,30.0,0.0,VF,0.0
KBW,under 18,44.98,44.98,30.0,0.0,RED,1.0
NRW,75 - 79,34.99,34.99,30.0,0.0,RED,0.0
HSN,18 - 24,39.99,39.99,30.0,0.0,RED,1.0
KBW,45 - 49,60.97,39.99,30.0,0.0,VF,0.0
NRW,40 - 44,44.98,44.98,30.0,0.0,VF,1.0
HSN,25 - 29,39.99,39.99,30.0,0.0,VF,0.0
KBW,60 - 64,34.99,34.99,30.0,0.0,RED,1.0
NRW,25 - 29,49.98,49.99,30.0,0.0,RED,1.0
NRW,55 - 59,34.99,34.99,30.0,0.0,RED,0.0
NRW,80 and over,54.96,19.99,30.0,0.0,GIGAZUHAUSE,1.0
HSN,40 - 44,44.98,44.98,30.0,0.0,VF,0.0
HSN,50 - 54,39.99,39.99,30.0,0.0,RED,1.0
HSN,45 - 49,54.99,54.99,30.0,0.0,RED,0.0
NRW,55 - 59,44.98,44.98,30.0,0.0,VF,0.0
NRW,75 - 79,39.98,39.98,30.0,0.0,VF,1.0
NRW,35 - 39,54.98,54.99,30.0,0.0,GIGAZUHAUSE,1.0
NRW,55 - 59,44.98,44.98,30.0,0.0,3PLAY,1.0
KBW,25 - 29,34.99,34.99,30.0,0.0,RED,0.0
KBW,55 - 59,39.99,39.99,30.0,0.0,RED,1.0
NRW,25 - 29,38.98,38.98,30.0,0.0,RED,0.0
NRW,45 - 49,39.98,39.98,30.0,0.0,GIGAZUHAUSE,0.0
KBW,75 - 79,44.98,44.98,30.0,0.0,GIGAZUHAUSE,0.0
NRW,55 - 59,44.98,44.98,30.0,0.0,VF,1.0
KBW,45 - 49,33.74,28.74,30.0,0.0,VF,0.0
HSN,75 - 79,39.98,39.98,30.0,0.0,VF,1.0
NRW,under 18,37.99,37.99,30.0,0.0,VF,1.0
NRW,75 - 79,52.98,52.98,30.0,0.0,RED,0.0
KBW,30 - 34,69.94,44.98,30.0,0.0,VF,1.0
NRW,under 18,44.98,44.98,30.0,0.0,RED,1.0
KBW,55 - 59,48.97,48.97,30.0,0.0,VF,1.0
NRW,65 - 69,49.97,49.97,30.0,0.0,RED,0.0
NRW,40 - 44,44.98,44.98,30.0,0.0,VF,1.0
KBW,30 - 34,50.88,40.0,30.0,0.0,2PLAY,0.0
NRW,40 - 44,42.97,29.99,30.0,0.0,VF,0.0
KBW,25 - 29,44.98,44.98,30.0,0.0,RED,1.0
NRW,55 - 59,34.99,34.99,30.0,0.0,RED,0.0
NRW,75 - 79,44.98,44.98,597.0,0.0,GIGAZUHAUSE,0.0
NRW,55 - 59,34.98,34.98,30.0,0.0,GIGAZUHAUSE,0.0
KBW,65 - 69,37.99,37.99,30.0,0.0,VF,0.0
KBW,under 18,37.98,37.98,30.0,0.0,RED,1.0
KBW,under 18,34.99,34.99,30.0,0.0,RED,1.0
HSN,30 - 34,52.95,52.96,30.0,0.0,VF,0.0
NRW,45 - 49,29.99,29.99,30.0,0.0,VF,0.0
KBW,50 - 54,47.96,47.97,697.0,0.0,GIGAZUHAUSE,1.0
HSN,25 - 29,54.97,54.98,30.0,0.0,RED,1.0
KBW,40 - 44,60.88,54.88,30.0,0.0,2PLAY,1.0
NRW,under 18,57.96,32.99,30.0,0.0,VF,1.0
KBW,18 - 24,42.97,42.97,133.0,0.0,GIGAZUHAUSE,0.0
NRW,75 - 79,39.98,39.98,30.0,0.0,VF,0.0
NRW,55 - 59,37.99,37.99,30.0,0.0,VF,1.0
KBW,65 - 69,38.98,38.98,30.0,0.0,RED,0.0
KBW,under 18,43.84,43.42,30.0,0.0,3PLAY,1.0
KBW,75 - 79,39.99,39.99,30.0,0.0,VF,1.0
HSN,under 18,48.97,48.97,30.0,0.0,RED,0.0
NRW,75 - 79,49.99,49.99,30.0,0.0,RED,0.0
KBW,50 - 54,34.99,34.99,30.0,0.0,RED,1.0
NRW,65 - 69,44.98,44.98,30.0,0.0,VF,0.0
NRW,45 - 49,41.94,49.97,30.0,0.0,GIGAZUHAUSE,0.0
KBW,80 and over,47.77,47.97,30.0,0.0,3PLAY,1.0
NRW,45 - 49,49.97,24.99,30.0,0.0,GIGAZUHAUSE,0.0
NRW,65 - 69,49.99,49.99,30.0,0.0,VF,1.0
NRW,45 - 49,29.99,29.99,30.0,0.0,EAZY,1.0
KBW,45 - 49,39.99,39.99,30.0,0.0,RED,0.0
NRW,45 - 49,39.99,39.99,30.0,0.0,RED,0.0
KBW,under 18,34.99,34.99,30.0,0.0,RED,1.0
NRW,40 - 44,169.92,169.92,30.0,0.0,VF,0.0
KBW,45 - 49,39.99,39.99,30.0,0.0,RED,1.0
KBW,25 - 29,44.98,44.98,30.0,0.0,RED,1.0
KBW,50 - 54,44.97,44.97,30.0,0.0,VF,0.0
NRW,60 - 64,34.99,29.99,30.0,0.0,RED,1.0
NRW,45 - 49,49.97,49.99,30.0,0.0,VF,1.0
NRW,75 - 79,34.99,34.99,30.0,0.0,RED,0.0
NRW,under 18,39.98,39.98,30.0,0.0,RED,1.0
HSN,45 - 49,44.98,44.98,30.0,0.0,VF,0.0
NRW,25 - 29,44.98,44.98,30.0,0.0,VF,0.0
NRW,60 - 64,44.98,44.98,30.0,0.0,VF,0.0
NRW,under 18,34.99,34.99,30.0,0.0,RED,1.0
NRW,80 and over,70.98,49.99,30.0,0.0,3PLAY,1.0
NRW,25 - 29,34.99,34.99,30.0,0.0,RED,0.0
NRW,50 - 54,44.98,44.98,30.0,0.0,VF,0.0
HSN,55 - 59,44.98,44.98,30.0,0.0,VF,1.0
NRW,60 - 64,47.98,47.98,30.0,0.0,2PLAY,0.0
NRW,80 and over,39.98,39.98,30.0,0.0,VF,1.0
KBW,55 - 59,44.97,44.97,30.0,0.0,VF,1.0
HSN,55 - 59,52.97,52.97,30.0,0.0,VF,1.0
NRW,under 18,39.99,39.99,30.0,0.0,VF,0.0
HSN,55 - 59,68.97,67.95,30.0,0.0,RED,1.0
NRW,50 - 54,44.98,44.98,30.0,0.0,GIGAZUHAUSE,1.0
NRW,35 - 39,34.99,34.99,30.0,0.0,RED,0.0
NRW,under 18,44.98,44.98,30.0,0.0,VF,1.0
KBW,50 - 54,39.98,39.98,30.0,0.0,GIGAZUHAUSE,1.0
HSN,40 - 44,53.96,53.95,30.0,0.0,RED,1.0
HSN,65 - 69,39.99,39.99,30.0,0.0,VF,1.0
NRW,75 - 79,24.99,24.99,30.0,1.0,INTERNET,0.0
KBW,45 - 49,32.99,32.99,30.0,0.0,VF,1.0
NRW,under 18,39.98,39.98,30.0,0.0,VF,1.0
HSN,75 - 79,44.98,44.98,30.0,0.0,VF,0.0
NRW,45 - 49,34.99,34.99,30.0,0.0,VF,0.0
NRW,75 - 79,44.98,44.98,30.0,0.0,VF,0.0
NRW,75 - 79,44.98,44.98,98.0,0.0,VF,0.0
KBW,55 - 59,49.99,49.99,30.0,0.0,VF,1.0
KBW,25 - 29,32.99,32.99,30.0,0.0,VF,1.0
NRW,45 - 49,49.98,49.98,30.0,0.0,RED,1.0
NRW,60 - 64,42.98,42.98,30.0,0.0,VF,0.0
NRW,45 - 49,189.74,189.88,30.0,0.0,VF,0.0
KBW,60 - 64,44.98,44.98,30.0,0.0,VF,0.0
HSN,60 - 64,55.97,49.97,30.0,0.0,VF,1.0
HSN,65 - 69,34.99,34.99,30.0,0.0,RED,1.0
HSN,55 - 59,54.98,54.98,30.0,0.0,GIGAZUHAUSE,0.0
KBW,under 18,32.99,32.99,30.0,0.0,VF,1.0
NRW,50 - 54,39.98,39.98,30.0,0.0,VF,1.0
NRW,55 - 59,39.99,39.99,30.0,0.0,VF,1.0
NRW,50 - 54,65.97,44.98,30.0,0.0,VF,0.0
HSN,40 - 44,44.98,44.98,30.0,0.0,RED,1.0
NRW,50 - 54,44.98,44.98,30.0,0.0,RED,0.0
NRW,65 - 69,54.97,54.98,30.0,0.0,GIGAZUHAUSE,0.0
HSN,25 - 29,44.98,44.98,30.0,1.0,VF,1.0
NRW,55 - 59,34.99,34.99,30.0,0.0,RED,1.0
KBW,55 - 59,24.99,24.99,30.0,0.0,INTERNET,0.0
KBW,45 - 49,34.99,34.99,30.0,0.0,RED,0.0
NRW,55 - 59,29.99,29.99,30.0,0.0,RED,0.0
NRW,25 - 29,44.98,34.99,30.0,0.0,VF,0.0
NRW,65 - 69,44.98,44.98,30.0,0.0,VF,1.0
NRW,50 - 54,44.98,44.98,30.0,0.0,VF,1.0
NRW,under 18,24.99,24.99,30.0,0.0,VF,0.0
NRW,55 - 59,29.99,29.99,30.0,0.0,INTERNET,0.0
NRW,60 - 64,62.97,37.99,30.0,0.0,VF,0.0
NRW,75 - 79,34.99,34.99,30.0,1.0,RED,0.0
NRW,65 - 69,39.99,39.99,30.0,0.0,RED,0.0
NRW,under 18,44.98,44.98,30.0,0.0,VF,1.0
KBW,50 - 54,34.99,34.99,30.0,0.0,VF,0.0
KBW,75 - 79,34.99,34.99,30.0,0.0,RED,0.0
NRW,under 18,49.99,49.99,30.0,0.0,RED,0.0
HSN,65 - 69,42.98,42.98,597.0,0.0,GIGAZUHAUSE,1.0
KBW,under 18,59.98,59.98,30.0,0.0,GIGAZUHAUSE,1.0
NRW,50 - 54,42.97,42.97,30.0,0.0,VF,1.0
NRW,45 - 49,49.99,49.99,30.0,0.0,GIGAZUHAUSE,1.0
KBW,55 - 59,44.98,44.98,30.0,0.0,VF,1.0
NRW,40 - 44,39.98,39.98,30.0,0.0,VF,0.0
NRW,55 - 59,54.99,54.99,30.0,0.0,RED,0.0
NRW,45 - 49,34.99,34.99,30.0,0.0,VF,0.0
HSN,25 - 29,34.99,34.99,30.0,0.0,RED,0.0
KBW,55 - 59,29.99,29.99,30.0,0.0,RED,1.0
NRW,45 - 49,34.99,34.99,30.0,0.0,VF,0.0
NRW,40 - 44,29.99,29.99,30.0,0.0,VF,0.0
NRW,65 - 69,44.97,44.97,30.0,0.0,VF,0.0
KBW,45 - 49,59.98,59.99,30.0,0.0,RED,1.0
NRW,50 - 54,44.97,44.97,30.0,0.0,VF,1.0
NRW,60 - 64,53.96,39.99,30.0,0.0,VF,0.0
KBW,under 18,39.99,39.99,30.0,0.0,RED,1.0
KBW,55 - 59,39.99,39.99,30.0,0.0,VF,0.0
HSN,60 - 64,34.99,34.99,30.0,0.0,RED,1.0
HSN,45 - 49,19.99,19.99,30.0,0.0,EAZY,0.0
NRW,50 - 54,52.98,52.98,30.0,0.0,GIGAZUHAUSE,1.0
KBW,25 - 29,44.98,44.98,30.0,0.0,RED,0.0
KBW,75 - 79,34.99,34.99,30.0,0.0,RED,0.0
KBW,40 - 44,44.98,44.98,30.0,0.0,RED,1.0
KBW,55 - 59,49.98,49.99,30.0,0.0,GIGAZUHAUSE,1.0
NRW,30 - 34,29.99,29.99,30.0,0.0,VF,1.0
HSN,50 - 54,52.96,52.98,30.0,0.0,VF,0.0
NRW,55 - 59,24.99,24.99,30.0,0.0,INTERNET,0.0
NRW,50 - 54,29.99,29.99,30.0,0.0,INTERNET,1.0
KBW,75 - 79,44.98,44.98,30.0,0.0,VF,1.0
NRW,30 - 34,49.97,49.97,30.0,0.0,GIGAZUHAUSE,0.0
NRW,80 and over,59.98,59.98,30.0,0.0,GIGAZUHAUSE,0.0
KBW,35 - 39,75.94,25.0,30.0,0.0,RED,1.0
NRW,75 - 79,44.98,44.98,30.0,0.0,VF,0.0
NRW,50 - 54,44.98,44.98,30.0,0.0,VF,0.0
NRW,40 - 44,42.97,42.98,30.0,0.0,RED,0.0
NRW,25 - 29,39.99,39.99,30.0,0.0,RED,1.0
HSN,under 18,39.99,39.99,30.0,0.0,RED,1.0
KBW,under 18,54.97,54.99,30.0,0.0,RED,1.0
HSN,55 - 59,39.99,39.99,693.0,0.0,VF,0.0
HSN,60 - 64,39.98,39.98,30.0,1.0,RED,1.0
NRW,25 - 29,44.98,44.98,30.0,0.0,RED,0.0
NRW,65 - 69,39.99,39.99,30.0,0.0,RED,1.0
NRW,80 and over,32.99,32.99,30.0,0.0,GIGAZUHAUSE,1.0
KBW,75 - 79,39.99,39.99,30.0,0.0,RED,1.0
HSN,75 - 79,39.98,39.98,30.0,0.0,RED,1.0
NRW,50 - 54,64.97,44.98,30.0,0.0,GIGAZUHAUSE,1.0
KBW,35 - 39,29.99,29.99,30.0,0.0,VF,1.0
NRW,18 - 24,44.98,44.98,30.0,0.0,VF,1.0
NRW,30 - 34,34.99,34.99,30.0,0.0,VF,1.0
HSN,35 - 39,39.99,39.99,30.0,0.0,RED,0.0
KBW,under 18,44.98,44.98,30.0,0.0,VF,1.0
HSN,75 - 79,49.97,49.97,30.0,0.0,2PLAY,1.0
HSN,25 - 29,44.98,44.98,30.0,0.0,VF,0.0
NRW,under 18,38.98,38.98,30.0,0.0,RED,0.0
HSN,under 18,65.97,44.98,30.0,0.0,RED,0.0
NRW,75 - 79,52.98,32.99,30.0,0.0,VF,0.0
KBW,40 - 44,39.99,39.99,30.0,0.0,VF,0.0
NRW,45 - 49,55.97,34.99,30.0,0.0,RED,1.0
KBW,55 - 59,34.99,34.99,30.0,0.0,RED,0.0
NRW,80 and over,34.99,34.99,30.0,0.0,RED,1.0
KBW,45 - 49,39.99,39.99,30.0,0.0,RED,0.0
NRW,65 - 69,29.99,29.99,30.0,0.0,VF,1.0
HSN,55 - 59,44.98,44.98,30.0,0.0,VF,1.0
HSN,25 - 29,44.98,44.98,30.0,0.0,RED,0.0
NRW,under 18,37.98,37.98,30.0,0.0,GIGAZUHAUSE,0.0
NRW,25 - 29,34.99,34.99,30.0,0.0,RED,0.0
NRW,55 - 59,44.99,44.99,30.0,0.0,RED,0.0
HSN,45 - 49,44.98,44.98,30.0,0.0,VF,0.0
KBW,65 - 69,54.99,54.99,30.0,0.0,2PLAY,0.0
KBW,35 - 39,37.98,37.98,30.0,0.0,VF,0.0
KBW,55 - 59,59.94,49.99,30.0,0.0,3PLAY,0.0
HSN,55 - 59,39.99,39.99,30.0,0.0,RED,1.0
NRW,under 18,34.99,34.99,30.0,0.0,VF,0.0
NRW,50 - 54,49.97,49.97,30.0,0.0,RED,1.0
NRW,55 - 59,44.98,44.98,30.0,0.0,VF,1.0
NRW,45 - 49,47.99,47.99,30.0,0.0,VF,0.0
NRW,75 - 79,39.99,39.99,30.0,0.0,VF,0.0
KBW,80 and over,32.99,32.99,30.0,0.0,VF,0.0
HSN,60 - 64,49.99,49.99,30.0,0.0,GIGAZUHAUSE,1.0
HSN,75 - 79,39.98,39.98,365.0,0.0,GIGAZUHAUSE,1.0
NRW,75 - 79,47.96,47.96,30.0,0.0,RED,0.0
KBW,45 - 49,39.99,39.99,30.0,0.0,RED,0.0
KBW,35 - 39,59.98,44.98,30.0,0.0,VF,1.0
KBW,45 - 49,32.97,32.97,30.0,0.0,3PLAY,0.0
KBW,65 - 69,44.98,44.98,30.0,0.0,VF,0.0
HSN,25 - 29,34.99,34.99,30.0,0.0,RED,1.0
NRW,65 - 69,44.98,44.98,30.0,0.0,RED,0.0
KBW,60 - 64,27.98,27.8,93.0,0.0,GIGAZUHAUSE,1.0
NRW,60 - 64,29.99,29.99,30.0,0.0,VF,1.0
NRW,55 - 59,34.99,34.99,30.0,0.0,RED,0.0
NRW,60 - 64,39.99,39.99,30.0,0.0,RED,1.0
NRW,under 18,44.99,44.99,30.0,0.0,VF,0.0
NRW,45 - 49,39.98,39.98,30.0,0.0,VF,0.0
HSN,under 18,47.99,47.99,30.0,0.0,VF,1.0
NRW,under 18,49.99,49.99,30.0,0.0,VF,1.0
NRW,55 - 59,50.97,29.99,30.0,0.0,VF,0.0
KBW,under 18,44.98,44.98,30.0,0.0,VF,0.0
KBW,25 - 29,29.99,29.99,30.0,0.0,RED,0.0
NRW,55 - 59,50.97,29.99,30.0,0.0,VF,0.0
HSN,35 - 39,34.99,34.99,30.0,0.0,RED,1.0
NRW,60 - 64,39.98,39.99,30.0,0.0,VF,1.0
NRW,under 18,44.98,44.98,30.0,0.0,RED,1.0
NRW,40 - 44,42.97,42.97,30.0,0.0,3PLAY,0.0
KBW,45 - 49,49.99,49.99,30.0,0.0,VF,1.0
KBW,40 - 44,38.98,38.98,30.0,0.0,RED,0.0
HSN,65 - 69,54.98,54.99,30.0,0.0,RED,0.0
NRW,55 - 59,44.98,44.98,30.0,0.0,VF,0.0
KBW,25 - 29,54.99,54.99,30.0,0.0,RED,1.0
NRW,55 - 59,39.99,39.99,30.0,0.0,VF,0.0
KBW,55 - 59,42.99,42.99,30.0,0.0,VF,0.0
KBW,50 - 54,39.98,39.98,30.0,0.0,VF,0.0
NRW,under 18,44.98,44.98,30.0,0.0,VF,1.0
KBW,65 - 69,34.99,34.99,30.0,0.0,RED,1.0
NRW,75 - 79,34.99,34.99,30.0,0.0,GIGAZUHAUSE,0.0
KBW,45 - 49,34.99,34.99,30.0,0.0,RED,1.0
NRW,75 - 79,39.99,39.99,30.0,0.0,RED,1.0
NRW,55 - 59,44.98,44.98,30.0,0.0,RED,0.0
KBW,55 - 59,44.98,44.98,30.0,0.0,RED,0.0
HSN,75 - 79,39.99,39.99,50.0,0.0,RED,0.0
KBW,50 - 54,32.99,32.99,30.0,0.0,VF,0.0
NRW,55 - 59,37.99,37.99,30.0,0.0,VF,1.0
NRW,under 18,39.98,39.98,30.0,0.0,VF,1.0
NRW,25 - 29,34.99,34.99,30.0,0.0,RED,1.0
KBW,under 18,49.99,49.99,30.0,0.0,VF,1.0
KBW,30 - 34,49.96,49.98,30.0,0.0,VF,1.0
KBW,65 - 69,39.99,39.99,30.0,0.0,RED,1.0
KBW,under 18,69.98,44.98,30.0,0.0,RED,1.0
KBW,30 - 34,34.99,34.99,30.0,0.0,VF,0.0
KBW,50 - 54,39.99,39.99,30.0,0.0,RED,0.0
NRW,65 - 69,54.99,54.99,30.0,0.0,GIGAZUHAUSE,1.0
KBW,50 - 54,34.99,34.99,30.0,0.0,RED,1.0
HSN,55 - 59,44.99,44.99,30.0,0.0,VF,1.0
NRW,30 - 34,49.99,49.99,30.0,0.0,RED,1.0
NRW,45 - 49,39.99,39.99,30.0,0.0,RED,1.0
NRW,75 - 79,24.99,24.99,549.0,0.0,GIGAZUHAUSE,1.0
NRW,40 - 44,39.99,39.99,30.0,0.0,RED,0.0
NRW,25 - 29,39.99,39.99,30.0,0.0,VF,1.0
KBW,45 - 49,52.96,42.97,30.0,0.0,VF,0.0
NRW,under 18,29.99,29.99,30.0,0.0,VF,1.0
NRW,25 - 29,39.99,39.99,30.0,0.0,RED,0.0
KBW,50 - 54,52.96,32.99,30.0,0.0,GIGAZUHAUSE,0.0
KBW,55 - 59,44.98,44.98,30.0,0.0,VF,0.0
HSN,35 - 39,44.98,44.98,84.0,0.0,VF,1.0
NRW,50 - 54,39.98,39.98,30.0,0.0,VF,1.0
NRW,25 - 29,44.98,44.98,30.0,0.0,VF,0.0
KBW,45 - 49,34.99,34.99,30.0,0.0,RED,0.0
KBW,75 - 79,49.97,49.97,30.0,0.0,VF,1.0
KBW,under 18,54.99,54.99,30.0,0.0,RED,0.0
NRW,under 18,34.99,34.99,30.0,0.0,RED,1.0
NRW,60 - 64,32.99,32.99,30.0,0.0,VF,0.0
NRW,under 18,49.97,44.98,30.0,0.0,RED,1.0
NRW,55 - 59,44.98,44.98,112.0,0.0,VF,1.0
KBW,40 - 44,58.98,58.98,30.0,0.0,RED,1.0
NRW,45 - 49,44.98,44.98,30.0,0.0,VF,1.0
NRW,45 - 49,47.99,47.99,30.0,0.0,VF,0.0
KBW,60 - 64,29.99,29.99,30.0,0.0,VF,1.0
NRW,60 - 64,34.99,34.99,30.0,0.0,GIGAZUHAUSE,1.0
HSN,40 - 44,37.98,37.98,30.0,0.0,VF,0.0
NRW,55 - 59,24.99,24.99,30.0,0.0,EAZY,1.0
NRW,25 - 29,49.99,49.99,30.0,0.0,VF,0.0
KBW,50 - 54,44.98,44.98,30.0,0.0,VF,0.0
HSN,75 - 79,39.98,39.98,30.0,0.0,VF,1.0
NRW,45 - 49,47.97,47.96,596.0,0.0,GIGAZUHAUSE,1.0
HSN,50 - 54,39.99,39.99,30.0,0.0,VF,0.0
NRW,55 - 59,39.99,39.99,30.0,0.0,VF,1.0
HSN,55 - 59,39.98,39.98,30.0,0.0,RED,0.0
HSN,75 - 79,49.99,49.99,30.0,0.0,RED,0.0
NRW,25 - 29,42.98,42.98,30.0,0.0,3PLAY,0.0
HSN,75 - 79,37.98,37.98,30.0,0.0,VF,1.0
KBW,55 - 59,44.98,44.98,30.0,0.0,VF,0.0
HSN,40 - 44,32.99,32.99,30.0,0.0,VF,0.0
KBW,65 - 69,34.99,34.99,30.0,0.0,VF,1.0
NRW,75 - 79,74.96,39.99,30.0,0.0,RED,1.0
HSN,50 - 54,32.99,32.99,30.0,0.0,VF,1.0
NRW,65 - 69,39.99,39.99,30.0,0.0,2PLAY,0.0
NRW,65 - 69,44.98,44.98,30.0,0.0,VF,1.0
NRW,25 - 29,44.98,44.98,30.0,0.0,RED,0.0
KBW,under 18,39.98,39.98,333.0,0.0,GIGAZUHAUSE,0.0
HSN,75 - 79,54.96,54.98,30.0,0.0,RED,0.0
KBW,25 - 29,34.99,34.99,30.0,0.0,VF,0.0
NRW,55 - 59,69.96,54.98,30.0,0.0,2PLAY,0.0
NRW,75 - 79,44.97,44.97,30.0,0.0,VF,1.0
HSN,50 - 54,49.99,49.99,30.0,0.0,VF,1.0
HSN,25 - 29,44.98,44.98,30.0,0.0,RED,1.0
KBW,65 - 69,29.99,29.99,30.0,0.0,INTERNET,1.0
NRW,under 18,58.98,58.98,30.0,0.0,RED,0.0
KBW,55 - 59,42.98,42.98,30.0,0.0,VF,0.0
NRW,50 - 54,52.96,44.98,30.0,0.0,VF,1.0
HSN,25 - 29,34.99,34.99,30.0,0.0,RED,1.0
KBW,50 - 54,69.96,42.97,30.0,0.0,VF,1.0
NRW,45 - 49,54.97,54.99,30.0,0.0,RED,0.0
KBW,40 - 44,30.97,49.99,30.0,0.0,VF,0.0
KBW,45 - 49,29.99,29.99,30.0,0.0,INTERNET,0.0
NRW,40 - 44,62.96,42.97,30.0,0.0,VF,1.0
NRW,65 - 69,39.99,39.99,30.0,0.0,RED,0.0
KBW,30 - 34,29.99,39.99,567.0,0.0,GIGAZUHAUSE,1.0
KBW,75 - 79,44.97,44.97,30.0,0.0,3PLAY,0.0
NRW,65 - 69,39.99,39.99,30.0,0.0,RED,1.0
NRW,55 - 59,34.99,34.99,30.0,0.0,RED,0.0
NRW,75 - 79,34.99,34.99,30.0,0.0,VF,0.0
NRW,25 - 29,34.99,34.99,30.0,0.0,RED,0.0
HSN,under 18,29.99,29.99,30.0,0.0,VF,1.0
KBW,25 - 29,34.99,24.99,30.0,0.0,RED,1.0
NRW,25 - 29,54.99,54.99,30.0,0.0,RED,1.0
KBW,under 18,24.99,24.99,30.0,0.0,VF,1.0
KBW,under 18,48.97,48.97,30.0,0.0,GIGAZUHAUSE,0.0
HSN,45 - 49,34.99,34.99,30.0,0.0,RED,0.0
HSN,55 - 59,34.99,34.99,30.0,0.0,RED,1.0
NRW,55 - 59,44.98,44.98,30.0,0.0,RED,1.0
HSN,60 - 64,44.98,44.98,30.0,0.0,VF,0.0
KBW,45 - 49,32.99,32.99,30.0,0.0,GIGAZUHAUSE,0.0
KBW,60 - 64,34.99,34.99,30.0,0.0,RED,0.0
KBW,75 - 79,54.98,39.98,30.0,0.0,RED,0.0
NRW,55 - 59,39.98,39.99,30.0,0.0,RED,0.0
HSN,45 - 49,44.98,44.98,30.0,0.0,VF,1.0
KBW,55 - 59,49.99,49.99,30.0,0.0,RED,0.0
KBW,55 - 59,54.99,54.99,30.0,0.0,RED,1.0
KBW,45 - 49,49.99,49.99,30.0,0.0,GIGAZUHAUSE,0.0
HSN,65 - 69,34.99,34.99,30.0,0.0,RED,0.0
NRW,25 - 29,44.97,44.97,30.0,0.0,VF,1.0
KBW,55 - 59,29.99,29.99,30.0,0.0,VF,1.0
NRW,55 - 59,44.98,44.98,30.0,0.0,GIGAZUHAUSE,0.0
KBW,50 - 54,34.99,34.99,30.0,0.0,RED,1.0
NRW,65 - 69,44.98,44.98,30.0,0.0,VF,0.0
KBW,under 18,34.99,34.99,30.0,0.0,VF,0.0
KBW,65 - 69,59.97,59.98,30.0,0.0,VF,1.0
HSN,40 - 44,44.98,44.98,30.0,0.0,GIGAZUHAUSE,0.0
KBW,45 - 49,35.98,35.98,30.0,0.0,VF,0.0
NRW,60 - 64,34.99,34.99,30.0,0.0,RED,0.0
NRW,55 - 59,39.98,39.98,597.0,0.0,RED,1.0
NRW,30 - 34,35.97,35.97,30.0,0.0,2PLAY,0.0
NRW,50 - 54,29.99,29.99,30.0,0.0,VF,0.0
KBW,25 - 29,44.98,44.98,44.0,0.0,VF,0.0
HSN,under 18,48.97,48.97,30.0,0.0,2PLAY,0.0
KBW,65 - 69,44.98,44.98,30.0,0.0,RED,0.0
KBW,30 - 34,37.99,37.99,30.0,0.0,VF,1.0
NRW,75 - 79,59.98,39.98,87.0,0.0,GIGAZUHAUSE,1.0
KBW,50 - 54,49.97,49.97,30.0,0.0,RED,0.0
KBW,65 - 69,34.99,34.99,30.0,0.0,RED,1.0
KBW,30 - 34,34.99,34.99,30.0,0.0,RED,0.0
KBW,60 - 64,32.99,32.99,30.0,0.0,2PLAY,0.0
NRW,under 18,44.98,44.98,30.0,0.0,VF,0.0
NRW,55 - 59,58.97,57.97,30.0,0.0,RED,1.0
KBW,60 - 64,24.99,24.99,30.0,0.0,VF,0.0
HSN,55 - 59,32.99,32.99,30.0,0.0,RED,0.0
NRW,40 - 44,19.99,19.99,30.0,0.0,VF,0.0
KBW,55 - 59,44.98,44.98,30.0,0.0,VF,1.0
NRW,25 - 29,44.98,44.98,30.0,0.0,VF,1.0
KBW,75 - 79,39.98,39.98,30.0,0.0,RED,1.0
HSN,under 18,39.98,39.99,30.0,0.0,RED,0.0
KBW,40 - 44,39.98,39.98,30.0,0.0,RED,0.0
NRW,55 - 59,53.98,32.99,30.0,0.0,VF,1.0
HSN,25 - 29,34.99,34.99,30.0,0.0,RED,0.0
KBW,25 - 29,39.99,39.99,30.0,0.0,RED,0.0
NRW,60 - 64,44.98,44.98,30.0,0.0,RED,1.0
NRW,60 - 64,39.98,39.98,142.0,0.0,GIGAZUHAUSE,1.0
KBW,under 18,29.99,29.99,30.0,0.0,VF,1.0
NRW,40 - 44,34.99,34.99,30.0,0.0,RED,1.0
NRW,50 - 54,49.97,49.97,30.0,0.0,VF,0.0
KBW,25 - 29,44.98,44.98,30.0,1.0,RED,1.0
KBW,65 - 69,34.99,34.99,30.0,0.0,RED,1.0
KBW,45 - 49,54.97,54.99,30.0,0.0,RED,0.0
KBW,25 - 29,44.98,44.98,30.0,0.0,RED,0.0
HSN,25 - 29,58.98,58.98,30.0,0.0,RED,0.0
HSN,55 - 59,54.98,54.98,30.0,0.0,RED,1.0
HSN,65 - 69,34.99,34.99,30.0,0.0,RED,1.0
NRW,35 - 39,34.99,34.99,30.0,0.0,RED,0.0
KBW,65 - 69,44.98,44.98,30.0,0.0,VF,1.0
NRW,35 - 39,44.98,44.98,30.0,0.0,RED,0.0
HSN,45 - 49,29.99,29.99,30.0,0.0,VF,1.0
NRW,50 - 54,44.98,65.97,30.0,0.0,VF,0.0
NRW,25 - 29,19.99,19.99,30.0,0.0,EAZY,1.0
KBW,35 - 39,48.97,48.97,30.0,0.0,GIGAZUHAUSE,0.0
KBW,50 - 54,49.97,49.97,30.0,0.0,RED,0.0
KBW,60 - 64,47.98,47.98,30.0,0.0,GIGAZUHAUSE,0.0
NRW,55 - 59,49.99,49.99,73.0,0.0,RED,1.0
KBW,75 - 79,39.99,39.99,30.0,0.0,RED,0.0
NRW,55 - 59,44.98,44.98,30.0,0.0,RED,0.0
KBW,55 - 59,34.99,34.99,30.0,0.0,RED,1.0
KBW,80 and over,29.99,29.99,30.0,0.0,RED,0.0
NRW,40 - 44,30.95,44.98,675.0,0.0,RED,1.0
NRW,65 - 69,65.38,56.89,30.0,0.0,3PLAY,0.0
KBW,30 - 34,39.99,39.99,30.0,0.0,RED,1.0
NRW,80 and over,39.99,39.99,30.0,0.0,GIGAZUHAUSE,0.0
NRW,45 - 49,59.97,59.97,30.0,0.0,GIGAZUHAUSE,0.0
NRW,50 - 54,42.97,42.97,30.0,0.0,VF,0.0
KBW,60 - 64,44.98,44.98,30.0,0.0,VF,1.0
NRW,under 18,42.98,42.98,30.0,0.0,VF,1.0
KBW,65 - 69,34.99,34.99,30.0,0.0,RED,1.0
NRW,60 - 64,42.97,54.95,30.0,0.0,RED,0.0
NRW,45 - 49,29.99,29.99,30.0,0.0,VF,0.0
NRW,65 - 69,54.99,54.99,30.0,0.0,RED,0.0
KBW,30 - 34,37.98,37.98,30.0,0.0,VF,1.0
NRW,75 - 79,49.97,49.97,30.0,0.0,VF,1.0
KBW,25 - 29,32.99,32.99,30.0,0.0,GIGAZUHAUSE,0.0
KBW,25 - 29,29.99,29.99,30.0,0.0,VF,1.0
KBW,25 - 29,39.98,39.98,133.0,0.0,GIGAZUHAUSE,1.0
HSN,60 - 64,55.84,33.74,30.0,0.0,RED,1.0
HSN,65 - 69,39.99,39.99,30.0,0.0,VF,0.0
NRW,50 - 54,44.98,44.98,30.0,0.0,3PLAY,0.0
NRW,under 18,39.99,39.99,30.0,0.0,VF,1.0
KBW,30 - 34,39.98,39.98,30.0,0.0,GIGAZUHAUSE,0.0
NRW,55 - 59,39.99,39.99,30.0,0.0,RED,1.0
NRW,40 - 44,39.98,39.98,30.0,0.0,GIGAZUHAUSE,0.0
KBW,60 - 64,37.99,37.99,30.0,0.0,VF,0.0
KBW,25 - 29,49.99,49.99,30.0,0.0,RED,1.0
HSN,60 - 64,34.99,34.99,30.0,0.0,RED,0.0
NRW,25 - 29,29.99,29.99,30.0,0.0,VF,1.0
NRW,35 - 39,34.99,34.99,30.0,0.0,RED,1.0
KBW,45 - 49,59.97,62.98,30.0,0.0,VF,1.0
NRW,40 - 44,42.86,42.98,30.0,0.0,3PLAY,1.0
NRW,45 - 49,39.99,39.99,30.0,0.0,VF,1.0
HSN,18 - 24,44.99,44.99,30.0,0.0,GIGAZUHAUSE,1.0
NRW,25 - 29,44.98,44.98,30.0,0.0,RED,1.0
HSN,75 - 79,39.99,39.99,30.0,0.0,VF,0.0
NRW,50 - 54,37.98,37.99,30.0,0.0,VF,1.0
NRW,25 - 29,39.99,39.99,30.0,0.0,RED,1.0
KBW,75 - 79,34.99,34.99,30.0,0.0,RED,1.0
KBW,75 - 79,34.99,34.99,30.0,0.0,RED,1.0
NRW,55 - 59,42.98,42.98,30.0,0.0,VF,1.0
HSN,75 - 79,59.98,59.98,30.0,0.0,VF,0.0
KBW,60 - 64,39.99,39.99,30.0,0.0,RED,1.0
NRW,45 - 49,42.97,42.97,30.0,0.0,VF,1.0
KBW,50 - 54,54.99,54.99,30.0,0.0,RED,1.0
HSN,65 - 69,71.96,169.92,30.0,0.0,VF,0.0
NRW,55 - 59,39.98,39.98,30.0,0.0,VF,1.0
KBW,25 - 29,39.99,39.99,30.0,0.0,VF,1.0
KBW,50 - 54,29.99,29.99,30.0,0.0,VF,1.0
HSN,18 - 24,44.98,44.98,30.0,0.0,RED,0.0
HSN,55 - 59,44.98,44.98,30.0,0.0,RED,1.0
NRW,60 - 64,44.98,44.98,162.0,0.0,GIGAZUHAUSE,0.0
KBW,under 18,48.97,48.97,30.0,0.0,VF,0.0
NRW,55 - 59,39.99,39.99,30.0,0.0,RED,0.0
HSN,50 - 54,29.99,29.99,30.0,0.0,VF,1.0
HSN,75 - 79,34.99,34.99,30.0,0.0,RED,1.0
KBW,40 - 44,39.99,39.99,30.0,0.0,RED,0.0
NRW,50 - 54,39.99,39.99,30.0,0.0,RED,1.0
KBW,45 - 49,38.98,52.98,30.0,0.0,GIGAZUHAUSE,1.0
HSN,60 - 64,39.99,39.99,30.0,0.0,RED,1.0
NRW,65 - 69,29.99,29.99,30.0,0.0,VF,0.0
NRW,55 - 59,29.99,29.99,30.0,0.0,VF,1.0
HSN,25 - 29,29.99,29.99,30.0,0.0,VF,0.0
NRW,40 - 44,42.97,42.97,30.0,0.0,RED,1.0
HSN,55 - 59,44.98,44.98,30.0,0.0,VF,0.0
KBW,55 - 59,47.99,47.99,30.0,0.0,VF,0.0
NRW,25 - 29,39.99,39.99,30.0,0.0,RED,0.0
HSN,30 - 34,44.98,44.98,30.0,0.0,VF,0.0
KBW,30 - 34,45.98,34.98,30.0,0.0,GIGAZUHAUSE,0.0
KBW,50 - 54,54.98,54.98,30.0,0.0,GIGAZUHAUSE,1.0
NRW,40 - 44,32.99,53.99,30.0,0.0,VF,0.0
NRW,60 - 64,49.99,49.99,30.0,0.0,RED,1.0
KBW,50 - 54,44.98,44.98,30.0,0.0,RED,1.0
KBW,under 18,29.99,29.99,30.0,0.0,RED,0.0
KBW,65 - 69,44.98,44.98,30.0,0.0,GIGAZUHAUSE,1.0
HSN,under 18,32.99,32.99,30.0,0.0,VF,0.0
KBW,75 - 79,34.99,34.99,30.0,0.0,RED,0.0
KBW,45 - 49,44.98,44.98,30.0,0.0,VF,1.0
KBW,50 - 54,57.97,44.97,30.0,0.0,VF,0.0
NRW,50 - 54,34.99,34.99,30.0,0.0,GIGAZUHAUSE,0.0
KBW,75 - 79,54.99,29.99,30.0,0.0,VF,0.0
HSN,45 - 49,44.98,44.98,30.0,0.0,RED,0.0
KBW,under 18,39.99,39.99,30.0,0.0,RED,1.0
NRW,50 - 54,34.99,34.99,30.0,0.0,RED,0.0
KBW,50 - 54,74.97,49.99,30.0,0.0,GIGAZUHAUSE,1.0
HSN,55 - 59,29.99,29.99,30.0,0.0,RED,0.0
NRW,25 - 29,47.96,47.98,30.0,0.0,VF,1.0
KBW,75 - 79,44.98,44.98,30.0,0.0,RED,1.0
KBW,40 - 44,44.98,44.98,30.0,0.0,RED,1.0
HSN,55 - 59,52.98,52.98,30.0,0.0,VF,0.0
NRW,35 - 39,54.98,54.99,30.0,0.0,VF,1.0
NRW,55 - 59,49.99,49.99,30.0,0.0,RED,0.0
HSN,50 - 54,34.99,34.99,30.0,0.0,RED,1.0
HSN,65 - 69,49.99,49.99,30.0,0.0,RED,0.0
NRW,50 - 54,44.98,44.98,30.0,0.0,VF,1.0
NRW,under 18,55.95,34.99,30.0,0.0,RED,0.0
NRW,under 18,44.98,44.98,30.0,0.0,VF,1.0
NRW,75 - 79,34.99,34.99,30.0,0.0,VF,1.0
KBW,55 - 59,37.98,37.98,30.0,0.0,VF,1.0
KBW,under 18,39.99,39.99,30.0,0.0,GIGAZUHAUSE,0.0
KBW,50 - 54,34.99,34.99,30.0,0.0,VF,1.0
HSN,25 - 29,52.97,33.97,30.0,0.0,GIGAZUHAUSE,0.0
KBW,75 - 79,39.98,39.98,30.0,0.0,RED,0.0
KBW,45 - 49,47.97,47.97,30.0,0.0,VF,1.0
NRW,under 18,39.99,39.99,30.0,0.0,GIGAZUHAUSE,0.0
NRW,55 - 59,29.99,29.99,30.0,0.0,VF,1.0
NRW,25 - 29,44.98,44.98,30.0,0.0,VF,1.0
KBW,65 - 69,38.98,38.98,30.0,0.0,RED,0.0
NRW,75 - 79,44.98,34.99,30.0,0.0,RED,0.0
KBW,30 - 34,37.98,37.98,30.0,0.0,VF,0.0
KBW,45 - 49,44.98,44.98,30.0,0.0,VF,0.0
KBW,45 - 49,32.99,32.99,30.0,0.0,GIGAZUHAUSE,1.0
NRW,under 18,27.97,27.99,30.0,0.0,GIGAZUHAUSE,0.0
NRW,55 - 59,39.99,39.99,30.0,0.0,GIGAZUHAUSE,1.0
NRW,55 - 59,42.98,42.98,30.0,0.0,RED,0.0
NRW,25 - 29,37.98,37.98,30.0,0.0,VF,0.0
KBW,18 - 24,49.99,49.99,30.0,0.0,VF,0.0
NRW,18 - 24,39.99,39.99,30.0,0.0,RED,1.0
KBW,50 - 54,44.98,44.98,30.0,0.0,VF,1.0
HSN,50 - 54,34.99,34.99,30.0,0.0,RED,1.0
KBW,50 - 54,59.98,49.99,30.0,0.0,RED,0.0
KBW,45 - 49,30.95,30.95,30.0,0.0,2PLAY,0.0
NRW,45 - 49,54.97,49.97,30.0,0.0,VF,0.0
NRW,18 - 24,44.98,44.98,30.0,0.0,RED,0.0
KBW,75 - 79,44.98,44.98,30.0,0.0,RED,1.0
KBW,55 - 59,49.97,49.99,30.0,0.0,VF,0.0
NRW,60 - 64,39.99,39.99,30.0,0.0,GIGAZUHAUSE,1.0
KBW,45 - 49,54.99,54.99,30.0,0.0,RED,0.0
NRW,under 18,42.97,42.97,30.0,0.0,VF,1.0
KBW,25 - 29,34.99,34.99,30.0,0.0,RED,0.0
HSN,75 - 79,29.99,29.99,30.0,0.0,VF,0.0
KBW,35 - 39,52.98,52.97,30.0,0.0,VF,0.0
NRW,60 - 64,54.99,54.99,30.0,0.0,GIGAZUHAUSE,0.0
NRW,55 - 59,19.99,19.99,30.0,0.0,EAZY,1.0
NRW,60 - 64,34.99,34.99,30.0,0.0,RED,1.0
KBW,40 - 44,34.99,34.99,30.0,0.0,RED,1.0
KBW,25 - 29,48.97,48.97,30.0,0.0,RED,1.0
KBW,45 - 49,39.99,39.99,30.0,0.0,RED,1.0
KBW,30 - 34,43.92,43.95,30.0,0.0,VF,1.0
HSN,25 - 29,39.99,39.99,30.0,0.0,RED,0.0
KBW,55 - 59,29.99,29.99,30.0,0.0,VF,0.0
HSN,25 - 29,39.98,39.98,30.0,0.0,GIGAZUHAUSE,1.0
HSN,35 - 39,49.99,49.99,30.0,0.0,GIGAZUHAUSE,0.0
NRW,45 - 49,39.99,39.99,30.0,0.0,RED,1.0
HSN,75 - 79,34.99,34.99,30.0,0.0,RED,0.0
NRW,50 - 54,49.99,49.99,30.0,0.0,GIGAZUHAUSE,0.0
KBW,80 and over,37.99,37.99,30.0,0.0,VF,0.0
NRW,80 and over,59.99,59.99,254.0,0.0,GIGAZUHAUSE,0.0
HSN,50 - 54,44.98,44.98,30.0,0.0,VF,1.0
KBW,60 - 64,39.98,39.98,30.0,0.0,2PLAY,0.0
HSN,50 - 54,53.96,53.96,30.0,0.0,RED,0.0
NRW,30 - 34,39.99,39.99,30.0,0.0,RED,0.0
NRW,75 - 79,34.99,34.99,30.0,0.0,RED,1.0
NRW,40 - 44,49.99,49.99,30.0,0.0,VF,0.0
NRW,under 18,49.97,49.97,30.0,0.0,VF,0.0
NRW,under 18,39.99,39.99,30.0,0.0,VF,0.0
KBW,55 - 59,39.99,39.99,30.0,0.0,RED,0.0
KBW,65 - 69,34.99,34.99,30.0,0.0,VF,1.0
NRW,75 - 79,52.95,52.97,30.0,0.0,VF,0.0
NRW,55 - 59,44.98,44.98,30.0,0.0,RED,1.0
KBW,50 - 54,29.99,29.99,30.0,0.0,VF,1.0
KBW,55 - 59,54.99,54.99,30.0,0.0,RED,0.0
HSN,40 - 44,44.98,44.98,30.0,0.0,RED,0.0
NRW,75 - 79,29.99,29.99,30.0,0.0,RED,0.0
KBW,50 - 54,39.98,39.98,30.0,0.0,RED,1.0
NRW,50 - 54,37.99,37.99,30.0,0.0,VF,1.0
KBW,60 - 64,44.98,44.98,30.0,0.0,VF,1.0
NRW,75 - 79,44.98,44.98,30.0,0.0,RED,0.0
KBW,18 - 24,49.99,49.99,30.0,0.0,RED,1.0
KBW,65 - 69,49.97,49.97,30.0,0.0,VF,0.0
NRW,50 - 54,49.97,49.97,30.0,0.0,VF,1.0
NRW,50 - 54,39.98,39.98,30.0,0.0,VF,0.0
HSN,60 - 64,39.99,39.99,30.0,0.0,RED,0.0
HSN,35 - 39,44.98,44.98,30.0,0.0,RED,0.0
NRW,60 - 64,54.99,54.99,30.0,0.0,RED,1.0
HSN,75 - 79,24.99,24.99,30.0,0.0,RED,0.0
NRW,55 - 59,34.99,34.99,30.0,0.0,GIGAZUHAUSE,1.0
NRW,35 - 39,44.98,44.98,30.0,0.0,VF,1.0
NRW,under 18,34.99,34.99,30.0,0.0,VF,0.0
NRW,under 18,37.99,37.99,30.0,0.0,VF,0.0
NRW,50 - 54,52.97,52.98,30.0,0.0,GIGAZUHAUSE,0.0
KBW,65 - 69,54.97,54.99,30.0,0.0,RED,1.0
NRW,40 - 44,32.99,32.99,30.0,0.0,VF,0.0
NRW,45 - 49,34.99,34.99,30.0,0.0,RED,1.0
NRW,25 - 29,34.99,34.99,30.0,0.0,RED,1.0
NRW,30 - 34,48.97,48.42,30.0,0.0,RED,1.0
NRW,40 - 44,49.97,49.97,30.0,0.0,GIGAZUHAUSE,0.0
KBW,50 - 54,75.86,29.99,30.0,0.0,VF,1.0
NRW,55 - 59,44.98,44.98,30.0,0.0,VF,0.0
NRW,45 - 49,52.98,42.99,30.0,0.0,RED,0.0
NRW,45 - 49,54.99,54.99,30.0,0.0,RED,0.0
NRW,30 - 34,52.96,52.96,30.0,0.0,VF,1.0
KBW,30 - 34,32.99,32.99,30.0,0.0,VF,0.0
KBW,25 - 29,39.98,39.99,30.0,0.0,VF,0.0
NRW,25 - 29,37.98,37.98,30.0,0.0,VF,1.0
KBW,60 - 64,49.97,49.97,30.0,0.0,RED,1.0
NRW,45 - 49,54.99,54.99,30.0,0.0,RED,1.0
KBW,30 - 34,44.98,44.98,30.0,0.0,VF,1.0
NRW,50 - 54,47.97,47.96,30.0,0.0,VF,0.0
NRW,under 18,44.98,44.98,30.0,0.0,VF,1.0
NRW,55 - 59,44.98,44.98,30.0,0.0,VF,0.0
HSN,45 - 49,49.97,44.98,30.0,0.0,VF,0.0
NRW,65 - 69,29.99,29.99,30.0,0.0,VF,0.0
HSN,75 - 79,39.98,39.98,30.0,0.0,RED,1.0
NRW,75 - 79,39.98,39.98,653.0,0.0,GIGAZUHAUSE,1.0
KBW,60 - 64,42.97,42.98,30.0,0.0,VF,0.0
HSN,55 - 59,44.98,44.98,30.0,0.0,RED,0.0
NRW,18 - 24,44.98,44.98,30.0,0.0,RED,0.0
KBW,35 - 39,34.99,34.99,30.0,0.0,RED,1.0
KBW,55 - 59,47.99,37.98,30.0,0.0,VF,0.0
HSN,40 - 44,44.98,44.98,30.0,0.0,VF,1.0
KBW,under 18,49.99,49.99,30.0,0.0,RED,0.0
NRW,55 - 59,39.99,39.99,30.0,0.0,RED,0.0
KBW,under 18,29.99,29.99,99.0,0.0,GIGAZUHAUSE,0.0
HSN,75 - 79,39.99,39.99,30.0,0.0,GIGAZUHAUSE,1.0
NRW,50 - 54,19.99,19.99,30.0,0.0,VF,1.0
NRW,40 - 44,34.99,34.99,30.0,0.0,RED,0.0
KBW,75 - 79,29.99,29.99,30.0,0.0,VF,1.0
NRW,75 - 79,70.86,45.88,30.0,0.0,3PLAY,0.0
NRW,45 - 49,49.99,49.99,30.0,0.0,GIGAZUHAUSE,0.0
NRW,80 and over,34.99,34.99,30.0,0.0,RED,1.0
NRW,65 - 69,78.98,37.98,30.0,0.0,VF,1.0
KBW,60 - 64,22.98,62.98,186.0,0.0,GIGAZUHAUSE,0.0
HSN,60 - 64,37.99,37.99,30.0,0.0,VF,1.0
HSN,25 - 29,42.98,42.98,30.0,0.0,VF,0.0
NRW,75 - 79,37.98,37.98,30.0,0.0,VF,0.0
NRW,75 - 79,39.99,39.99,30.0,0.0,RED,1.0
NRW,75 - 79,34.99,34.99,30.0,0.0,RED,1.0
HSN,under 18,44.98,44.98,30.0,0.0,RED,1.0
NRW,75 - 79,49.98,49.98,30.0,0.0,VF,1.0
KBW,65 - 69,44.98,44.98,30.0,0.0,VF,1.0
NRW,30 - 34,59.97,59.98,30.0,0.0,3PLAY,1.0
KBW,55 - 59,34.99,34.99,30.0,0.0,RED,1.0
NRW,40 - 44,69.96,44.98,30.0,0.0,VF,1.0
KBW,under 18,39.99,39.99,30.0,0.0,RED,1.0
KBW,45 - 49,44.98,44.98,73.0,0.0,VF,0.0
HSN,55 - 59,39.99,39.99,30.0,0.0,RED,0.0
NRW,75 - 79,49.97,49.97,30.0,0.0,RED,1.0
KBW,50 - 54,44.99,44.98,30.0,0.0,VF,0.0
NRW,25 - 29,49.97,49.97,30.0,0.0,VF,1.0
NRW,65 - 69,39.99,39.99,30.0,0.0,VF,1.0
NRW,55 - 59,47.97,44.97,694.0,0.0,GIGAZUHAUSE,0.0
KBW,40 - 44,49.97,49.97,30.0,0.0,VF,0.0
NRW,35 - 39,39.99,39.99,368.0,0.0,GIGAZUHAUSE,1.0
KBW,55 - 59,44.98,44.98,30.0,0.0,RED,1.0
KBW,75 - 79,29.99,29.99,30.0,0.0,RED,0.0
NRW,80 and over,19.99,19.99,30.0,0.0,EAZY,1.0
NRW,60 - 64,29.99,29.99,30.0,0.0,VF,0.0
HSN,35 - 39,39.98,39.98,30.0,0.0,RED,1.0
KBW,55 - 59,44.98,44.98,30.0,0.0,VF,1.0
HSN,55 - 59,34.99,34.99,30.0,0.0,RED,0.0
KBW,40 - 44,44.98,44.98,30.0,0.0,RED,1.0
NRW,55 - 59,53.97,29.99,30.0,0.0,VF,0.0
HSN,50 - 54,44.98,44.98,30.0,0.0,3PLAY,1.0
KBW,under 18,44.98,44.98,30.0,0.0,RED,1.0
NRW,55 - 59,34.99,34.99,30.0,0.0,RED,1.0
KBW,60 - 64,37.99,37.99,30.0,0.0,VF,1.0
KBW,60 - 64,41.97,44.98,30.0,0.0,3PLAY,0.0
NRW,55 - 59,49.97,49.98,30.0,0.0,GIGAZUHAUSE,0.0
HSN,40 - 44,24.99,24.99,30.0,0.0,VF,1.0
KBW,under 18,34.99,34.99,30.0,0.0,RED,0.0
NRW,75 - 79,29.99,29.99,30.0,0.0,GIGAZUHAUSE,1.0
NRW,30 - 34,34.99,34.99,30.0,0.0,GIGAZUHAUSE,1.0
KBW,65 - 69,44.98,44.98,30.0,0.0,RED,1.0
HSN,30 - 34,39.98,39.98,30.0,0.0,RED,1.0
NRW,75 - 79,54.99,54.99,30.0,0.0,RED,0.0
NRW,55 - 59,39.99,39.99,30.0,0.0,RED,0.0
KBW,under 18,39.98,39.98,653.0,0.0,GIGAZUHAUSE,1.0
NRW,60 - 64,39.99,39.99,30.0,0.0,VF,1.0
NRW,75 - 79,42.95,42.97,30.0,0.0,VF,0.0
NRW,55 - 59,42.98,42.98,30.0,0.0,VF,0.0
KBW,50 - 54,39.98,39.98,30.0,0.0,VF,0.0
NRW,75 - 79,39.99,39.99,30.0,0.0,GIGAZUHAUSE,0.0
NRW,under 18,49.99,49.99,30.0,0.0,GIGAZUHAUSE,0.0
KBW,60 - 64,32.99,32.99,30.0,0.0,GIGAZUHAUSE,0.0
NRW,25 - 29,37.99,37.99,30.0,0.0,GIGAZUHAUSE,1.0
NRW,30 - 34,54.97,54.98,30.0,0.0,RED,0.0
KBW,80 and over,49.97,49.97,30.0,0.0,RED,0.0
NRW,25 - 29,44.98,44.98,30.0,0.0,VF,0.0
HSN,35 - 39,29.99,29.99,30.0,0.0,VF,0.0
KBW,45 - 49,32.99,32.99,30.0,0.0,VF,0.0
HSN,75 - 79,59.98,59.98,564.0,0.0,GIGAZUHAUSE,0.0
NRW,50 - 54,39.99,39.99,30.0,0.0,VF,1.0
NRW,30 - 34,39.98,39.98,30.0,0.0,GIGAZUHAUSE,0.0
KBW,55 - 59,44.98,44.98,30.0,0.0,RED,1.0
NRW,25 - 29,29.99,29.99,30.0,0.0,VF,1.0
NRW,65 - 69,37.98,37.98,30.0,0.0,GIGAZUHAUSE,0.0
NRW,30 - 34,39.99,39.99,30.0,0.0,RED,0.0
KBW,under 18,44.98,44.98,30.0,0.0,VF,0.0
KBW,25 - 29,39.98,39.98,30.0,0.0,VF,1.0
NRW,60 - 64,67.95,54.98,30.0,0.0,RED,1.0
KBW,60 - 64,54.99,54.99,30.0,0.0,RED,0.0
HSN,80 and over,44.98,44.98,84.0,0.0,GIGAZUHAUSE,0.0
HSN,25 - 29,44.98,44.98,30.0,0.0,RED,1.0
NRW,75 - 79,39.98,39.98,30.0,0.0,VF,1.0
KBW,under 18,44.98,44.98,30.0,0.0,VF,0.0
KBW,55 - 59,34.99,34.99,30.0,0.0,RED,0.0
NRW,75 - 79,49.97,49.97,30.0,0.0,VF,0.0
NRW,under 18,42.98,42.98,30.0,0.0,VF,0.0
NRW,80 and over,44.98,44.98,30.0,0.0,GIGAZUHAUSE,0.0
NRW,75 - 79,44.98,44.98,30.0,0.0,VF,0.0
NRW,65 - 69,29.99,29.99,30.0,0.0,VF,0.0
HSN,45 - 49,39.98,39.98,126.0,0.0,GIGAZUHAUSE,0.0
KBW,65 - 69,29.99,29.99,30.0,0.0,VF,1.0
NRW,30 - 34,34.99,34.99,30.0,0.0,RED,0.0
NRW,60 - 64,58.98,58.98,30.0,0.0,2PLAY,0.0
NRW,45 - 49,29.99,29.99,30.0,0.0,RED,0.0
NRW,under 18,62.97,47.97,30.0,0.0,VF,0.0
KBW,25 - 29,39.99,39.99,30.0,0.0,RED,0.0
KBW,50 - 54,40.98,44.98,598.0,0.0,GIGAZUHAUSE,0.0
HSN,80 and over,34.99,34.99,30.0,0.0,RED,1.0
NRW,50 - 54,49.97,49.97,30.0,0.0,VF,1.0
NRW,under 18,29.99,29.99,30.0,0.0,VF,1.0
KBW,35 - 39,44.98,44.98,30.0,0.0,RED,0.0
HSN,45 - 49,34.99,34.99,30.0,0.0,RED,1.0
KBW,80 and over,54.98,54.98,30.0,0.0,RED,0.0
NRW,25 - 29,29.99,29.99,30.0,0.0,RED,0.0
NRW,35 - 39,44.98,44.98,30.0,0.0,RED,0.0
HSN,80 and over,34.99,24.99,368.0,0.0,GIGAZUHAUSE,0.0
KBW,under 18,45.96,39.99,30.0,0.0,RED,1.0
NRW,50 - 54,34.99,34.99,30.0,0.0,RED,1.0
NRW,75 - 79,44.98,44.98,30.0,0.0,VF,1.0
KBW,45 - 49,44.98,44.98,30.0,0.0,GIGAZUHAUSE,1.0
HSN,75 - 79,44.98,44.98,30.0,0.0,RED,0.0
NRW,55 - 59,44.98,44.98,30.0,0.0,VF,0.0
KBW,65 - 69,34.99,34.99,30.0,0.0,RED,0.0
NRW,40 - 44,44.98,44.98,30.0,0.0,VF,1.0
HSN,50 - 54,32.99,32.99,30.0,0.0,VF,0.0
HSN,55 - 59,44.99,44.99,30.0,0.0,RED,0.0
HSN,80 and over,34.99,34.99,30.0,0.0,RED,1.0
NRW,35 - 39,34.99,34.99,30.0,0.0,GIGAZUHAUSE,0.0
HSN,60 - 64,54.99,54.99,30.0,0.0,RED,0.0
KBW,18 - 24,29.99,29.99,30.0,0.0,INTERNET,0.0
KBW,65 - 69,49.97,49.99,30.0,0.0,VF,1.0
KBW,40 - 44,54.99,44.99,30.0,0.0,RED,0.0
KBW,under 18,54.98,54.99,30.0,0.0,RED,0.0
NRW,75 - 79,49.99,54.99,30.0,0.0,RED,1.0
NRW,75 - 79,48.97,48.97,30.0,0.0,VF,1.0
NRW,30 - 34,29.99,29.99,30.0,0.0,VF,1.0
HSN,under 18,49.99,49.99,30.0,0.0,RED,1.0
KBW,under 18,42.97,42.97,30.0,0.0,RED,0.0
NRW,75 - 79,59.98,59.98,30.0,0.0,RED,1.0
NRW,45 - 49,34.99,34.99,30.0,0.0,RED,1.0
KBW,45 - 49,24.99,24.99,30.0,0.0,GIGAZUHAUSE,1.0
KBW,55 - 59,44.98,44.98,30.0,0.0,VF,1.0
HSN,25 - 29,49.99,49.99,699.0,0.0,GIGAZUHAUSE,0.0
NRW,55 - 59,34.99,34.99,30.0,0.0,RED,1.0
KBW,75 - 79,34.99,34.99,30.0,0.0,RED,1.0
KBW,60 - 64,44.98,44.98,30.0,0.0,VF,1.0
KBW,65 - 69,37.98,37.78,30.0,0.0,VF,0.0
NRW,45 - 49,42.98,42.98,597.0,0.0,GIGAZUHAUSE,1.0
NRW,55 - 59,42.97,42.97,30.0,0.0,RED,0.0
KBW,25 - 29,44.98,44.98,30.0,0.0,VF,0.0
NRW,25 - 29,34.99,34.99,30.0,0.0,RED,1.0
NRW,25 - 29,39.99,39.99,30.0,0.0,RED,0.0
HSN,65 - 69,32.99,32.99,30.0,0.0,VF,0.0
NRW,under 18,39.99,39.99,30.0,0.0,RED,1.0
NRW,65 - 69,44.98,44.98,30.0,0.0,RED,0.0
KBW,50 - 54,62.97,42.98,30.0,0.0,VF,0.0
NRW,25 - 29,29.99,29.99,30.0,0.0,RED,1.0
KBW,under 18,40.97,32.99,30.0,0.0,VF,0.0
NRW,75 - 79,44.98,44.98,30.0,0.0,VF,0.0
HSN,75 - 79,44.97,44.98,30.0,0.0,VF,0.0
NRW,75 - 79,34.99,34.99,30.0,0.0,RED,0.0
NRW,under 18,37.99,37.99,30.0,0.0,VF,1.0
KBW,75 - 79,39.99,39.99,30.0,0.0,RED,1.0
HSN,75 - 79,39.99,39.99,30.0,0.0,RED,0.0
NRW,55 - 59,64.95,44.98,30.0,0.0,2PLAY,1.0
HSN,55 - 59,44.97,44.97,30.0,0.0,VF,0.0
HSN,50 - 54,37.99,34.99,30.0,0.0,VF,0.0
HSN,25 - 29,34.99,34.99,30.0,0.0,RED,0.0
NRW,55 - 59,44.98,44.98,30.0,0.0,VF,1.0
NRW,75 - 79,49.97,29.99,30.0,0.0,GIGAZUHAUSE,0.0
KBW,under 18,42.98,42.98,30.0,0.0,GIGAZUHAUSE,0.0
NRW,75 - 79,44.99,44.99,30.0,0.0,RED,0.0
KBW,55 - 59,44.98,44.98,30.0,0.0,RED,0.0
NRW,18 - 24,39.99,39.99,30.0,0.0,RED,1.0
NRW,40 - 44,39.99,29.99,30.0,0.0,RED,0.0
HSN,45 - 49,32.99,27.99,30.0,0.0,VF,0.0
NRW,75 - 79,32.99,32.99,30.0,0.0,VF,0.0
KBW,25 - 29,54.99,34.99,30.0,0.0,RED,1.0
NRW,75 - 79,30.95,49.95,30.0,0.0,RED,0.0
NRW,75 - 79,45.97,44.98,30.0,0.0,VF,0.0
NRW,under 18,44.97,44.98,30.0,0.0,VF,0.0
HSN,40 - 44,54.96,54.99,30.0,0.0,RED,1.0
KBW,25 - 29,39.99,39.99,30.0,0.0,RED,1.0
NRW,60 - 64,54.99,54.99,699.0,0.0,GIGAZUHAUSE,0.0
KBW,55 - 59,34.99,34.99,30.0,0.0,RED,1.0
NRW,75 - 79,29.98,29.98,30.0,0.0,VF,1.0
NRW,60 - 64,37.98,37.98,30.0,0.0,GIGAZUHAUSE,0.0
NRW,75 - 79,39.98,39.98,30.0,0.0,VF,0.0
KBW,45 - 49,63.98,39.99,30.0,0.0,VF,0.0
NRW,50 - 54,49.99,49.99,30.0,0.0,GIGAZUHAUSE,0.0
NRW,65 - 69,49.97,49.97,30.0,0.0,3PLAY,0.0
NRW,55 - 59,42.98,42.97,30.0,0.0,RED,1.0
NRW,40 - 44,44.98,44.98,30.0,0.0,VF,1.0
NRW,75 - 79,54.99,54.99,30.0,0.0,RED,0.0
HSN,50 - 54,49.97,49.99,30.0,0.0,VF,0.0
NRW,65 - 69,39.98,39.98,364.0,0.0,GIGAZUHAUSE,1.0
NRW,55 - 59,39.99,39.99,30.0,0.0,VF,1.0
NRW,65 - 69,35.94,58.98,30.0,0.0,VF,0.0
HSN,60 - 64,37.99,37.99,30.0,0.0,VF,1.0
NRW,40 - 44,44.98,44.98,30.0,0.0,VF,1.0
NRW,40 - 44,29.97,29.97,30.0,0.0,VF,0.0
NRW,under 18,34.99,34.99,30.0,0.0,RED,1.0
NRW,80 and over,29.99,29.99,30.0,0.0,VF,0.0
NRW,60 - 64,0.0,0.0,30.0,0.0,MMA,0.0
HSN,40 - 44,37.98,37.98,30.0,0.0,RED,1.0
KBW,45 - 49,39.98,39.98,30.0,0.0,VF,1.0
KBW,55 - 59,44.98,44.98,30.0,0.0,VF,1.0
NRW,55 - 59,39.99,39.99,30.0,0.0,RED,1.0
KBW,75 - 79,49.97,49.97,30.0,0.0,VF,1.0
KBW,under 18,42.98,42.98,30.0,0.0,VF,0.0
HSN,45 - 49,40.97,60.97,30.0,0.0,VF,0.0
NRW,65 - 69,49.99,49.99,297.0,0.0,GIGAZUHAUSE,1.0
HSN,60 - 64,29.99,29.99,30.0,0.0,VF,1.0
KBW,65 - 69,39.99,39.99,30.0,0.0,RED,1.0
KBW,under 18,37.99,37.99,30.0,0.0,VF,1.0
HSN,18 - 24,39.98,39.98,30.0,0.0,VF,0.0
KBW,50 - 54,69.92,39.99,30.0,0.0,RED,1.0
NRW,25 - 29,44.98,44.98,30.0,0.0,VF,1.0
NRW,25 - 29,49.97,49.98,632.0,0.0,GIGAZUHAUSE,1.0
NRW,25 - 29,44.98,44.98,30.0,0.0,VF,0.0
NRW,under 18,54.97,34.99,30.0,0.0,VF,1.0
NRW,45 - 49,44.98,44.98,30.0,0.0,VF,0.0
NRW,55 - 59,44.98,44.98,30.0,0.0,RED,1.0
NRW,60 - 64,39.99,39.99,388.0,0.0,GIGAZUHAUSE,1.0
HSN,75 - 79,34.99,34.99,30.0,0.0,RED,1.0
NRW,25 - 29,39.99,39.99,30.0,0.0,RED,0.0
KBW,75 - 79,44.98,44.98,30.0,0.0,RED,0.0
KBW,50 - 54,44.98,44.98,30.0,0.0,VF,1.0
NRW,40 - 44,79.96,49.99,30.0,0.0,VF,0.0
HSN,25 - 29,29.99,29.99,30.0,0.0,VF,1.0
KBW,40 - 44,39.99,39.99,30.0,0.0,RED,1.0
NRW,80 and over,60.87,50.88,30.0,0.0,3PLAY,0.0
HSN,25 - 29,34.99,34.99,30.0,0.0,RED,1.0
NRW,30 - 34,37.88,37.78,30.0,0.0,RED,0.0
NRW,75 - 79,39.99,39.99,30.0,0.0,RED,1.0
KBW,30 - 34,29.99,29.99,30.0,0.0,VF,1.0
NRW,60 - 64,52.97,52.94,30.0,0.0,VF,0.0
NRW,30 - 34,39.98,39.98,30.0,0.0,VF,1.0
KBW,60 - 64,44.98,44.98,30.0,0.0,VF,0.0
NRW,75 - 79,44.98,44.98,30.0,0.0,VF,0.0
NRW,40 - 44,55.96,49.99,30.0,0.0,VF,0.0
NRW,75 - 79,39.98,39.98,668.0,0.0,GIGAZUHAUSE,1.0
HSN,50 - 54,57.98,37.99,30.0,0.0,GIGAZUHAUSE,0.0
KBW,55 - 59,44.98,44.98,30.0,0.0,VF,0.0
NRW,50 - 54,34.99,34.99,30.0,0.0,RED,1.0
NRW,50 - 54,39.98,39.98,30.0,0.0,VF,0.0
NRW,30 - 34,68.95,39.99,30.0,0.0,VF,0.0
NRW,under 18,40.98,37.99,30.0,0.0,VF,1.0
KBW,45 - 49,44.98,44.98,30.0,0.0,VF,0.0
NRW,50 - 54,34.99,34.99,30.0,0.0,RED,1.0
KBW,30 - 34,37.99,37.99,30.0,0.0,VF,0.0
KBW,30 - 34,44.98,44.98,30.0,0.0,RED,0.0
NRW,65 - 69,29.99,29.99,30.0,0.0,VF,0.0
HSN,50 - 54,34.99,34.99,30.0,0.0,RED,0.0
HSN,25 - 29,39.99,19.99,30.0,0.0,RED,1.0
NRW,35 - 39,54.99,54.99,30.0,0.0,RED,0.0
HSN,80 and over,39.99,39.99,30.0,0.0,RED,1.0
NRW,65 - 69,54.99,54.99,30.0,0.0,RED,0.0
KBW,60 - 64,34.99,34.99,30.0,0.0,RED,1.0
NRW,40 - 44,65.75,44.99,30.0,0.0,2PLAY,0.0
NRW,55 - 59,39.99,39.99,30.0,0.0,VF,1.0
HSN,25 - 29,39.99,39.99,30.0,0.0,RED,1.0
HSN,under 18,48.97,48.97,30.0,0.0,RED,0.0
HSN,65 - 69,39.99,39.99,30.0,0.0,RED,0.0
NRW,25 - 29,34.99,34.99,30.0,0.0,RED,1.0
NRW,25 - 29,34.99,34.99,30.0,0.0,RED,1.0
KBW,65 - 69,44.98,44.98,30.0,0.0,VF,0.0
KBW,65 - 69,34.99,34.99,30.0,0.0,VF,0.0
KBW,55 - 59,29.99,29.99,30.0,0.0,INTERNET,0.0
KBW,60 - 64,47.96,47.96,30.0,0.0,RED,0.0
KBW,under 18,54.98,54.98,30.0,0.0,GIGAZUHAUSE,1.0
KBW,65 - 69,44.98,44.98,30.0,0.0,VF,1.0
NRW,under 18,29.99,29.99,30.0,0.0,RED,1.0
NRW,25 - 29,54.99,54.99,30.0,0.0,RED,1.0
HSN,75 - 79,44.98,44.98,99.0,0.0,VF,1.0
NRW,60 - 64,49.98,49.99,31.0,0.0,GIGAZUHAUSE,1.0
KBW,60 - 64,32.99,32.99,30.0,0.0,VF,0.0
NRW,25 - 29,54.96,39.98,30.0,0.0,RED,0.0
KBW,45 - 49,49.97,49.97,30.0,0.0,VF,1.0
NRW,60 - 64,34.99,34.99,30.0,0.0,RED,1.0
NRW,45 - 49,49.99,49.99,30.0,0.0,GIGAZUHAUSE,0.0
HSN,45 - 49,39.98,39.98,30.0,0.0,VF,0.0
NRW,35 - 39,44.98,44.98,30.0,1.0,RED,1.0
NRW,under 18,44.98,44.98,30.0,1.0,VF,1.0
NRW,65 - 69,39.99,39.99,30.0,0.0,INTERNET,1.0
NRW,55 - 59,39.99,39.99,30.0,0.0,RED,0.0
NRW,30 - 34,34.99,34.99,30.0,0.0,VF,1.0
NRW,45 - 49,64.97,19.99,30.0,0.0,VF,0.0
KBW,65 - 69,49.97,49.99,30.0,0.0,RED,0.0
NRW,75 - 79,44.98,44.98,30.0,0.0,VF,0.0
NRW,75 - 79,59.98,59.98,30.0,0.0,RED,0.0
NRW,65 - 69,44.98,44.98,30.0,0.0,VF,1.0
KBW,60 - 64,39.99,39.99,30.0,0.0,RED,1.0
HSN,under 18,49.97,49.97,30.0,0.0,VF,1.0
KBW,65 - 69,34.99,34.99,30.0,0.0,RED,0.0
HSN,25 - 29,44.98,44.98,30.0,0.0,VF,1.0
NRW,75 - 79,42.98,32.99,30.0,0.0,VF,0.0
NRW,60 - 64,47.97,47.96,30.0,0.0,VF,0.0
HSN,under 18,34.99,34.99,30.0,0.0,VF,1.0
KBW,65 - 69,32.99,32.99,30.0,0.0,VF,1.0
KBW,25 - 29,58.98,58.98,30.0,0.0,RED,1.0
HSN,50 - 54,39.98,39.98,30.0,0.0,RED,0.0
NRW,75 - 79,44.98,44.98,30.0,0.0,VF,1.0
NRW,55 - 59,29.99,29.99,30.0,0.0,VF,0.0
KBW,under 18,34.99,34.99,30.0,0.0,GIGAZUHAUSE,1.0
KBW,45 - 49,44.97,44.97,30.0,0.0,VF,0.0
KBW,75 - 79,49.97,49.97,30.0,0.0,VF,1.0
NRW,under 18,34.99,34.99,30.0,0.0,RED,1.0
NRW,50 - 54,29.99,29.99,30.0,0.0,VF,0.0
KBW,50 - 54,29.99,29.99,136.0,0.0,GIGAZUHAUSE,0.0
NRW,under 18,39.99,39.99,30.0,0.0,RED,1.0
KBW,55 - 59,49.97,49.97,30.0,0.0,RED,1.0
NRW,75 - 79,49.99,49.99,592.0,0.0,GIGAZUHAUSE,1.0
NRW,60 - 64,39.99,39.99,30.0,0.0,RED,0.0
KBW,25 - 29,55.97,44.98,30.0,0.0,3PLAY,0.0
NRW,30 - 34,22.99,22.99,30.0,0.0,EAZY,0.0
KBW,55 - 59,44.98,44.98,30.0,0.0,VF,0.0
NRW,35 - 39,39.98,39.98,30.0,0.0,VF,1.0
NRW,under 18,34.99,34.99,30.0,0.0,RED,0.0
NRW,55 - 59,24.99,24.99,30.0,0.0,GIGAZUHAUSE,1.0
NRW,25 - 29,39.99,39.99,30.0,0.0,VF,0.0
KBW,80 and over,54.99,54.99,30.0,0.0,RED,1.0
KBW,75 - 79,44.97,44.97,30.0,0.0,VF,1.0
KBW,75 - 79,49.99,49.99,30.0,0.0,GIGAZUHAUSE,1.0
NRW,55 - 59,42.97,42.97,30.0,0.0,VF,1.0
NRW,75 - 79,34.99,37.99,30.0,0.0,VF,1.0
HSN,75 - 79,39.99,39.99,30.0,0.0,GIGAZUHAUSE,0.0
KBW,60 - 64,84.95,51.96,30.0,0.0,RED,0.0
KBW,25 - 29,34.99,34.99,30.0,0.0,RED,1.0
KBW,60 - 64,34.99,34.99,30.0,0.0,RED,0.0
KBW,60 - 64,44.98,44.98,30.0,0.0,VF,1.0
NRW,55 - 59,39.99,39.99,30.0,0.0,VF,1.0
KBW,55 - 59,39.99,39.99,30.0,0.0,RED,0.0
NRW,75 - 79,44.97,44.97,30.0,0.0,RED,0.0
NRW,under 18,57.98,42.98,30.0,0.0,VF,0.0
NRW,45 - 49,39.99,39.99,30.0,0.0,RED,0.0
NRW,45 - 49,54.99,54.99,30.0,0.0,RED,0.0
HSN,under 18,37.98,37.98,30.0,0.0,VF,0.0
NRW,45 - 49,44.98,44.98,30.0,0.0,VF,1.0
KBW,45 - 49,39.99,39.99,30.0,0.0,VF,0.0
NRW,80 and over,41.98,32.99,30.0,0.0,VF,0.0
NRW,45 - 49,34.99,34.99,30.0,0.0,RED,1.0
KBW,80 and over,49.97,49.97,30.0,0.0,RED,0.0
NRW,25 - 29,39.98,39.99,30.0,0.0,RED,1.0
NRW,50 - 54,48.97,48.97,30.0,0.0,RED,0.0
NRW,55 - 59,44.98,44.98,30.0,0.0,RED,1.0
KBW,60 - 64,34.99,34.99,30.0,0.0,VF,1.0
NRW,30 - 34,47.94,47.96,30.0,0.0,3PLAY,0.0
NRW,55 - 59,49.99,49.99,30.0,0.0,RED,0.0
NRW,60 - 64,39.99,39.99,30.0,0.0,RED,0.0
NRW,45 - 49,44.98,44.98,30.0,0.0,RED,1.0
NRW,50 - 54,72.96,44.98,30.0,0.0,VF,1.0
HSN,45 - 49,39.99,39.99,30.0,2.0,RED,1.0
KBW,80 and over,25.0,45.0,30.0,0.0,RED,0.0
NRW,25 - 29,44.98,44.98,30.0,0.0,RED,0.0
NRW,50 - 54,39.99,39.99,30.0,0.0,RED,1.0
HSN,40 - 44,49.99,49.99,30.0,0.0,RED,1.0
NRW,75 - 79,54.99,54.99,30.0,0.0,RED,0.0
NRW,under 18,39.99,39.99,30.0,0.0,RED,1.0
NRW,45 - 49,44.98,44.98,30.0,0.0,VF,0.0
HSN,35 - 39,59.98,59.99,30.0,0.0,VF,0.0
KBW,60 - 64,30.95,49.97,30.0,0.0,VF,0.0
KBW,40 - 44,34.99,34.99,30.0,0.0,VF,1.0
NRW,25 - 29,34.99,34.99,30.0,0.0,RED,1.0
HSN,45 - 49,44.98,44.98,30.0,0.0,RED,1.0
NRW,45 - 49,39.99,39.98,30.0,0.0,GIGAZUHAUSE,1.0
NRW,18 - 24,32.99,32.99,30.0,0.0,VF,0.0
KBW,55 - 59,32.99,32.99,30.0,0.0,VF,1.0
NRW,under 18,49.97,49.97,30.0,0.0,VF,0.0
KBW,40 - 44,39.99,39.99,30.0,0.0,VF,0.0
NRW,65 - 69,34.99,34.99,30.0,0.0,RED,0.0
NRW,under 18,68.95,59.98,30.0,0.0,RED,0.0
NRW,50 - 54,34.99,34.99,30.0,0.0,RED,1.0
KBW,under 18,34.99,34.99,30.0,0.0,RED,0.0
KBW,45 - 49,39.99,39.99,30.0,0.0,RED,0.0
NRW,40 - 44,37.99,37.99,30.0,0.0,RED,1.0
HSN,75 - 79,24.99,24.99,30.0,0.0,EAZY,1.0
HSN,25 - 29,55.98,54.99,30.0,0.0,RED,1.0
NRW,50 - 54,44.98,44.98,30.0,0.0,VF,1.0
HSN,45 - 49,29.99,29.99,30.0,0.0,INTERNET,1.0
NRW,35 - 39,34.99,34.99,30.0,0.0,RED,0.0
NRW,65 - 69,49.97,49.97,30.0,0.0,VF,0.0
KBW,30 - 34,44.98,44.98,30.0,0.0,GIGAZUHAUSE,0.0
KBW,50 - 54,58.98,58.98,30.0,0.0,RED,0.0
KBW,40 - 44,34.99,34.99,30.0,0.0,RED,0.0
HSN,45 - 49,39.98,39.98,30.0,0.0,VF,1.0
KBW,25 - 29,44.98,44.98,30.0,0.0,VF,1.0
NRW,55 - 59,44.98,44.98,30.0,0.0,GIGAZUHAUSE,0.0
KBW,45 - 49,44.98,44.98,30.0,0.0,VF,0.0
KBW,under 18,44.98,44.98,30.0,0.0,VF,1.0
KBW,60 - 64,44.98,44.98,30.0,0.0,VF,1.0
KBW,60 - 64,44.98,29.98,30.0,0.0,RED,1.0
KBW,45 - 49,48.97,48.97,30.0,0.0,VF,1.0
KBW,55 - 59,44.98,44.98,30.0,1.0,VF,1.0
NRW,60 - 64,57.97,63.98,30.0,0.0,RED,0.0
KBW,under 18,68.98,41.98,30.0,0.0,RED,1.0
NRW,35 - 39,39.99,39.99,30.0,0.0,RED,1.0
HSN,under 18,34.99,34.99,30.0,0.0,RED,1.0
NRW,55 - 59,48.97,48.97,30.0,0.0,RED,0.0
NRW,30 - 34,44.98,44.98,30.0,0.0,VF,1.0
KBW,55 - 59,44.98,44.98,30.0,0.0,RED,0.0
NRW,65 - 69,39.99,39.99,30.0,0.0,RED,0.0
NRW,60 - 64,34.99,34.99,30.0,0.0,RED,0.0
NRW,60 - 64,47.99,47.99,30.0,0.0,GIGAZUHAUSE,1.0
NRW,75 - 79,32.99,32.99,30.0,0.0,VF,0.0
NRW,50 - 54,63.96,42.98,30.0,0.0,VF,1.0
KBW,under 18,32.99,32.99,30.0,0.0,GIGAZUHAUSE,0.0
KBW,60 - 64,32.99,32.99,30.0,0.0,VF,0.0
NRW,40 - 44,42.96,42.97,30.0,0.0,VF,0.0
KBW,75 - 79,34.99,34.99,30.0,0.0,RED,1.0
KBW,75 - 79,44.98,44.98,30.0,0.0,VF,1.0
HSN,65 - 69,44.97,44.97,30.0,0.0,VF,0.0
KBW,75 - 79,39.99,39.99,30.0,0.0,VF,0.0
KBW,75 - 79,49.97,49.97,30.0,0.0,VF,1.0
NRW,30 - 34,39.98,39.98,30.0,0.0,VF,1.0
NRW,40 - 44,44.97,44.97,30.0,0.0,VF,0.0
KBW,65 - 69,47.94,47.96,30.0,0.0,VF,0.0
HSN,45 - 49,58.96,44.98,30.0,0.0,RED,1.0
NRW,50 - 54,60.94,39.99,30.0,0.0,VF,0.0
KBW,50 - 54,24.99,24.99,30.0,0.0,INTERNET,1.0
NRW,25 - 29,34.99,34.99,30.0,0.0,RED,0.0
NRW,25 - 29,38.98,38.98,30.0,0.0,RED,1.0
HSN,50 - 54,54.99,54.99,30.0,0.0,GIGAZUHAUSE,0.0
NRW,50 - 54,37.78,58.9,30.0,0.0,RED,1.0
KBW,50 - 54,49.99,49.99,30.0,0.0,VF,0.0
KBW,65 - 69,43.98,43.98,30.0,0.0,RED,1.0
KBW,30 - 34,43.97,43.97,30.0,1.0,RED,1.0
NRW,40 - 44,34.98,34.98,30.0,0.0,RED,1.0
NRW,55 - 59,34.99,34.99,30.0,0.0,RED,0.0
KBW,45 - 49,47.96,47.96,30.0,0.0,VF,0.0
NRW,25 - 29,44.98,44.98,30.0,0.0,VF,0.0
NRW,45 - 49,72.95,51.95,30.0,0.0,GIGAZUHAUSE,1.0
HSN,25 - 29,59.99,59.99,30.0,0.0,RED,1.0
HSN,55 - 59,59.98,59.99,30.0,0.0,RED,1.0
HSN,60 - 64,44.98,44.98,30.0,0.0,VF,1.0
KBW,45 - 49,49.99,49.99,30.0,0.0,GIGAZUHAUSE,0.0
KBW,under 18,34.99,34.99,30.0,0.0,RED,1.0
HSN,30 - 34,54.98,54.99,30.0,0.0,RED,1.0
KBW,under 18,34.99,34.99,30.0,0.0,RED,1.0
HSN,75 - 79,34.98,34.98,30.0,0.0,RED,1.0
NRW,35 - 39,44.98,44.98,30.0,0.0,VF,0.0
HSN,75 - 79,34.99,34.99,30.0,0.0,RED,1.0
NRW,75 - 79,37.99,37.99,30.0,0.0,VF,0.0
KBW,55 - 59,39.99,39.99,30.0,0.0,RED,1.0
KBW,35 - 39,29.99,29.99,30.0,0.0,RED,0.0
NRW,25 - 29,24.99,24.99,30.0,0.0,VF,0.0
NRW,35 - 39,34.99,34.99,30.0,0.0,RED,0.0
NRW,18 - 24,44.95,44.98,30.0,0.0,VF,0.0
NRW,35 - 39,53.96,53.96,30.0,0.0,RED,1.0
KBW,55 - 59,58.98,58.98,30.0,0.0,RED,0.0
KBW,under 18,47.96,47.96,30.0,0.0,VF,1.0
NRW,60 - 64,54.99,54.99,30.0,0.0,GIGAZUHAUSE,0.0
KBW,under 18,39.99,39.99,30.0,0.0,RED,1.0
NRW,45 - 49,44.98,44.98,30.0,0.0,GIGAZUHAUSE,0.0
NRW,45 - 49,54.98,54.98,30.0,0.0,RED,1.0
NRW,65 - 69,39.98,39.98,30.0,0.0,GIGAZUHAUSE,0.0
KBW,65 - 69,48.97,48.97,30.0,0.0,VF,1.0
NRW,75 - 79,39.99,39.99,30.0,0.0,RED,1.0
HSN,50 - 54,29.99,29.99,368.0,0.0,GIGAZUHAUSE,1.0
KBW,75 - 79,47.99,47.99,30.0,0.0,VF,0.0
NRW,45 - 49,29.99,29.99,30.0,0.0,VF,1.0
KBW,30 - 34,44.98,44.98,30.0,0.0,VF,1.0
KBW,55 - 59,44.98,44.98,30.0,0.0,RED,1.0
NRW,50 - 54,49.99,49.99,30.0,0.0,RED,0.0
NRW,45 - 49,39.99,39.99,30.0,0.0,VF,0.0
KBW,60 - 64,42.97,42.97,30.0,0.0,RED,1.0
KBW,40 - 44,44.98,44.98,30.0,0.0,RED,0.0
KBW,65 - 69,49.97,49.97,30.0,0.0,VF,0.0
HSN,75 - 79,39.99,39.99,30.0,0.0,RED,1.0
KBW,50 - 54,44.98,44.98,30.0,0.0,VF,1.0
HSN,75 - 79,24.99,24.99,30.0,0.0,RED,0.0
KBW,75 - 79,39.98,39.98,30.0,0.0,RED,1.0
NRW,75 - 79,39.99,39.99,30.0,0.0,RED,1.0
KBW,25 - 29,39.99,39.99,30.0,0.0,RED,1.0
KBW,25 - 29,34.99,34.99,30.0,0.0,RED,0.0
NRW,25 - 29,34.99,34.99,30.0,0.0,RED,1.0
HSN,75 - 79,34.99,44.98,30.0,0.0,RED,1.0
NRW,35 - 39,39.99,39.99,30.0,0.0,RED,0.0
HSN,25 - 29,44.98,44.98,30.0,0.0,RED,1.0
NRW,25 - 29,34.99,34.99,30.0,0.0,RED,1.0
HSN,75 - 79,44.98,44.98,30.0,0.0,RED,1.0
KBW,25 - 29,39.98,39.98,30.0,0.0,RED,1.0
KBW,25 - 29,34.99,34.99,30.0,0.0,RED,1.0
KBW,under 18,27.99,27.99,30.0,0.0,EAZY,0.0
NRW,50 - 54,32.99,32.99,30.0,0.0,RED,0.0
NRW,60 - 64,29.99,29.99,30.0,0.0,VF,1.0
KBW,75 - 79,34.99,34.99,30.0,0.0,RED,0.0
KBW,50 - 54,39.99,39.99,30.0,0.0,RED,1.0
KBW,55 - 59,32.99,32.99,30.0,0.0,VF,0.0
KBW,55 - 59,37.99,37.99,30.0,0.0,VF,0.0
NRW,55 - 59,34.99,34.99,30.0,0.0,RED,0.0
NRW,18 - 24,51.93,63.74,30.0,0.0,2PLAY,0.0
NRW,65 - 69,39.99,39.99,30.0,0.0,RED,0.0
KBW,25 - 29,34.99,34.99,30.0,0.0,RED,1.0
HSN,65 - 69,39.99,39.99,30.0,0.0,RED,1.0
NRW,under 18,39.98,39.98,30.0,0.0,GIGAZUHAUSE,1.0
NRW,80 and over,27.99,17.99,30.0,0.0,VF,0.0
HSN,55 - 59,49.99,49.99,30.0,0.0,GIGAZUHAUSE,1.0
NRW,40 - 44,39.99,39.99,30.0,0.0,GIGAZUHAUSE,1.0
NRW,60 - 64,32.99,32.99,30.0,0.0,VF,0.0
NRW,25 - 29,49.97,49.97,30.0,0.0,VF,1.0
KBW,18 - 24,39.99,29.99,30.0,0.0,VF,1.0
NRW,75 - 79,39.98,39.98,30.0,0.0,GIGAZUHAUSE,1.0
KBW,40 - 44,39.99,39.99,30.0,0.0,RED,1.0
KBW,65 - 69,32.99,32.99,30.0,0.0,VF,1.0
KBW,55 - 59,42.97,42.98,30.0,0.0,VF,0.0
NRW,75 - 79,44.98,44.98,30.0,0.0,RED,1.0
NRW,50 - 54,34.99,34.99,30.0,0.0,RED,1.0
NRW,65 - 69,47.99,49.99,30.0,0.0,GIGAZUHAUSE,1.0
NRW,18 - 24,49.99,49.99,30.0,0.0,GIGAZUHAUSE,1.0
KBW,40 - 44,34.99,34.99,30.0,0.0,RED,0.0
KBW,45 - 49,39.98,39.98,30.0,0.0,RED,0.0
KBW,75 - 79,39.99,39.99,30.0,0.0,VF,0.0
NRW,40 - 44,34.99,34.99,30.0,0.0,RED,0.0
KBW,55 - 59,44.97,44.97,30.0,0.0,VF,1.0
KBW,75 - 79,37.99,37.99,30.0,0.0,VF,0.0
KBW,60 - 64,44.98,44.98,30.0,0.0,RED,1.0
NRW,60 - 64,34.99,34.99,30.0,0.0,RED,0.0
KBW,25 - 29,29.99,29.99,30.0,0.0,VF,0.0
NRW,under 18,44.98,44.98,30.0,0.0,VF,1.0
NRW,55 - 59,37.99,37.99,30.0,0.0,VF,1.0
KBW,45 - 49,44.98,44.98,30.0,0.0,VF,0.0
NRW,55 - 59,34.99,34.99,30.0,0.0,RED,1.0
KBW,60 - 64,59.97,54.99,30.0,0.0,RED,1.0
HSN,25 - 29,33.98,33.98,30.0,0.0,VF,1.0
KBW,65 - 69,49.99,49.99,30.0,0.0,RED,1.0
HSN,25 - 29,44.98,44.98,30.0,0.0,RED,0.0
NRW,50 - 54,60.95,39.98,30.0,0.0,RED,0.0
NRW,65 - 69,44.98,44.98,7.0,0.0,VF,0.0
KBW,35 - 39,58.98,58.98,30.0,0.0,RED,1.0
NRW,45 - 49,29.98,29.98,30.0,0.0,VF,0.0
KBW,60 - 64,42.98,42.98,30.0,0.0,3PLAY,0.0
HSN,60 - 64,44.98,44.98,30.0,0.0,RED,1.0
NRW,50 - 54,24.99,24.99,30.0,0.0,INTERNET,0.0
NRW,50 - 54,44.98,44.98,30.0,0.0,RED,0.0
NRW,80 and over,34.99,34.99,30.0,0.0,VF,0.0
NRW,50 - 54,39.99,39.99,30.0,0.0,RED,0.0
HSN,30 - 34,47.96,47.98,30.0,0.0,RED,0.0
NRW,40 - 44,55.98,37.98,30.0,0.0,VF,0.0
HSN,40 - 44,44.98,44.98,30.0,0.0,VF,0.0
NRW,80 and over,44.98,44.98,30.0,0.0,VF,0.0
NRW,25 - 29,34.99,34.99,30.0,0.0,RED,1.0
NRW,60 - 64,80.98,54.99,30.0,0.0,3PLAY,0.0
NRW,50 - 54,44.98,45.98,30.0,0.0,3PLAY,0.0
KBW,45 - 49,44.98,44.98,30.0,0.0,VF,1.0
KBW,65 - 69,49.97,49.97,30.0,0.0,VF,1.0
HSN,25 - 29,34.99,34.99,30.0,0.0,RED,1.0
NRW,80 and over,44.98,44.98,30.0,0.0,VF,0.0
NRW,60 - 64,29.99,29.99,30.0,0.0,VF,0.0
NRW,45 - 49,42.98,42.98,30.0,0.0,3PLAY,0.0
HSN,75 - 79,30.88,25.0,30.0,0.0,RED,1.0
NRW,65 - 69,49.97,49.97,30.0,0.0,VF,1.0
HSN,35 - 39,39.99,39.99,30.0,0.0,RED,1.0
KBW,30 - 34,49.97,49.97,30.0,0.0,VF,0.0
KBW,45 - 49,44.98,44.98,30.0,0.0,VF,0.0
KBW,75 - 79,44.98,44.98,30.0,0.0,VF,0.0
HSN,35 - 39,39.99,39.99,30.0,0.0,RED,1.0
NRW,40 - 44,44.98,44.98,30.0,0.0,VF,0.0
KBW,60 - 64,44.98,44.99,30.0,0.0,RED,1.0
KBW,65 - 69,39.98,39.99,30.0,0.0,VF,1.0
KBW,50 - 54,39.99,39.99,30.0,0.0,VF,1.0
HSN,55 - 59,38.98,38.98,30.0,0.0,RED,0.0
KBW,80 and over,32.99,32.99,30.0,0.0,GIGAZUHAUSE,1.0
KBW,50 - 54,37.99,37.99,30.0,0.0,VF,0.0
KBW,25 - 29,29.99,29.99,30.0,0.0,GIGAZUHAUSE,0.0
HSN,65 - 69,49.97,49.97,30.0,0.0,VF,1.0
NRW,75 - 79,39.98,39.98,30.0,0.0,VF,1.0
NRW,35 - 39,44.98,44.98,30.0,0.0,RED,1.0
KBW,65 - 69,24.99,24.99,30.0,0.0,RED,0.0
KBW,45 - 49,48.97,48.42,30.0,0.0,VF,1.0
NRW,75 - 79,34.98,39.98,30.0,0.0,RED,1.0
NRW,under 18,34.99,34.99,30.0,0.0,RED,1.0
KBW,45 - 49,29.99,29.99,30.0,0.0,RED,0.0
KBW,35 - 39,75.92,44.98,30.0,0.0,GIGAZUHAUSE,0.0
HSN,75 - 79,42.98,63.98,30.0,0.0,VF,0.0
KBW,65 - 69,34.99,34.99,30.0,0.0,RED,0.0
KBW,50 - 54,62.99,52.99,30.0,0.0,GIGAZUHAUSE,0.0
NRW,30 - 34,60.98,25.98,30.0,0.0,VF,0.0
HSN,under 18,11.98,11.98,30.0,0.0,GIGAZUHAUSE,1.0
NRW,25 - 29,11.98,22.98,30.0,0.0,EAZY,0.0
NRW,under 18,39.99,39.99,30.0,0.0,VF,0.0
KBW,25 - 29,44.98,44.98,30.0,0.0,RED,0.0
KBW,40 - 44,47.99,47.99,30.0,0.0,GIGAZUHAUSE,0.0
NRW,65 - 69,34.99,34.99,30.0,0.0,RED,0.0
KBW,40 - 44,49.98,49.98,30.0,0.0,VF,0.0
NRW,55 - 59,59.99,59.99,30.0,0.0,RED,1.0
NRW,55 - 59,34.98,44.98,30.0,0.0,VF,1.0
NRW,55 - 59,44.98,44.98,30.0,0.0,VF,0.0
KBW,25 - 29,39.98,39.98,30.0,0.0,VF,1.0
KBW,25 - 29,54.99,54.99,30.0,0.0,RED,0.0
KBW,80 and over,47.98,47.98,30.0,0.0,2PLAY,0.0
KBW,75 - 79,44.98,44.98,30.0,0.0,VF,0.0
KBW,60 - 64,68.95,49.99,30.0,0.0,VF,0.0
NRW,25 - 29,34.99,34.99,30.0,0.0,RED,0.0
NRW,45 - 49,34.99,34.99,30.0,0.0,RED,0.0
KBW,50 - 54,44.98,44.98,30.0,0.0,RED,1.0
HSN,80 and over,74.92,44.98,30.0,0.0,RED,0.0
NRW,75 - 79,44.98,44.98,30.0,0.0,VF,1.0
NRW,under 18,44.98,44.98,30.0,0.0,RED,0.0
NRW,40 - 44,29.99,29.99,30.0,0.0,VF,0.0
KBW,55 - 59,34.99,34.99,30.0,0.0,RED,1.0
NRW,55 - 59,44.98,44.98,30.0,0.0,VF,0.0
KBW,50 - 54,64.95,49.97,30.0,0.0,VF,0.0
KBW,75 - 79,49.97,49.97,30.0,0.0,VF,1.0
HSN,50 - 54,0.0,33.98,30.0,0.0,3PLAY,0.0
NRW,75 - 79,39.98,39.98,30.0,0.0,GIGAZUHAUSE,1.0
KBW,75 - 79,37.99,37.99,30.0,0.0,VF,1.0
KBW,45 - 49,49.97,49.97,30.0,0.0,VF,0.0
HSN,75 - 79,29.99,29.99,30.0,0.0,VF,0.0
KBW,30 - 34,44.98,44.98,30.0,0.0,VF,1.0
NRW,60 - 64,45.95,55.97,30.0,0.0,3PLAY,0.0
NRW,55 - 59,44.98,44.98,30.0,0.0,VF,0.0
HSN,50 - 54,0.0,0.0,30.0,0.0,2PLAY,0.0
NRW,under 18,37.98,37.99,30.0,0.0,VF,1.0
KBW,55 - 59,39.98,39.98,30.0,0.0,VF,0.0
NRW,75 - 79,39.99,39.99,30.0,0.0,VF,0.0
NRW,50 - 54,54.96,54.99,30.0,0.0,RED,1.0
KBW,25 - 29,44.98,44.98,30.0,0.0,VF,1.0
NRW,50 - 54,49.97,49.97,30.0,0.0,RED,0.0
KBW,under 18,0.0,0.0,30.0,0.0,MMA,1.0
KBW,25 - 29,39.98,39.98,30.0,0.0,VF,1.0
KBW,65 - 69,75.96,54.96,519.0,0.0,GIGAZUHAUSE,0.0
KBW,50 - 54,84.96,39.98,30.0,0.0,VF,0.0
NRW,25 - 29,37.98,37.98,30.0,0.0,RED,0.0
KBW,75 - 79,34.99,34.99,30.0,0.0,VF,1.0
KBW,55 - 59,44.99,44.99,30.0,0.0,VF,1.0
KBW,50 - 54,44.98,44.98,30.0,0.0,VF,0.0
KBW,25 - 29,44.98,44.98,30.0,0.0,RED,0.0
KBW,45 - 49,44.98,44.98,30.0,0.0,RED,1.0
NRW,35 - 39,54.99,54.99,30.0,0.0,RED,0.0
NRW,under 18,39.99,39.99,30.0,0.0,GIGAZUHAUSE,0.0
KBW,50 - 54,49.99,49.99,73.0,0.0,GIGAZUHAUSE,0.0
NRW,18 - 24,32.99,32.99,30.0,0.0,VF,1.0
HSN,60 - 64,29.99,29.99,30.0,0.0,VF,1.0
KBW,55 - 59,44.98,44.98,30.0,0.0,RED,1.0
NRW,30 - 34,49.98,49.98,30.0,0.0,GIGAZUHAUSE,1.0
KBW,65 - 69,73.85,27.8,30.0,0.0,3PLAY,1.0
HSN,75 - 79,39.99,39.99,30.0,0.0,RED,0.0
NRW,55 - 59,34.99,29.99,30.0,0.0,RED,0.0
HSN,30 - 34,60.87,39.98,30.0,0.0,VF,0.0
KBW,45 - 49,29.99,29.99,30.0,0.0,VF,1.0
KBW,45 - 49,44.98,44.98,30.0,0.0,VF,0.0
NRW,60 - 64,68.99,47.99,30.0,0.0,GIGAZUHAUSE,0.0
NRW,60 - 64,29.99,29.99,30.0,0.0,VF,1.0
KBW,50 - 54,44.98,44.98,30.0,0.0,VF,0.0
HSN,55 - 59,44.98,44.98,30.0,0.0,RED,1.0
NRW,75 - 79,42.98,42.98,30.0,0.0,RED,1.0
KBW,60 - 64,49.97,44.98,30.0,0.0,VF,0.0
NRW,75 - 79,39.99,39.99,30.0,0.0,RED,1.0
KBW,65 - 69,44.98,44.98,30.0,0.0,VF,0.0
KBW,under 18,34.99,34.99,30.0,0.0,RED,1.0
NRW,50 - 54,39.99,39.99,30.0,0.0,RED,1.0
KBW,under 18,43.82,89.84,30.0,0.0,RED,1.0
KBW,80 and over,49.97,39.98,30.0,0.0,3PLAY,1.0
HSN,40 - 44,37.78,37.98,30.0,0.0,VF,1.0
NRW,50 - 54,54.99,54.99,30.0,0.0,RED,0.0
NRW,60 - 64,39.99,39.99,30.0,0.0,VF,0.0
NRW,25 - 29,39.99,39.99,30.0,0.0,GIGAZUHAUSE,0.0
NRW,18 - 24,79.98,49.99,30.0,0.0,VF,0.0
NRW,75 - 79,37.78,37.99,30.0,0.0,VF,1.0
NRW,60 - 64,34.99,34.99,30.0,0.0,RED,1.0
KBW,25 - 29,44.98,44.98,30.0,0.0,VF,0.0
KBW,30 - 34,49.99,49.99,30.0,0.0,GIGAZUHAUSE,1.0
KBW,45 - 49,37.99,37.99,30.0,0.0,VF,1.0
NRW,50 - 54,34.99,34.99,30.0,0.0,RED,0.0
HSN,75 - 79,44.98,44.98,30.0,0.0,VF,1.0
NRW,under 18,54.98,54.98,30.0,0.0,RED,0.0
KBW,45 - 49,39.99,39.99,30.0,0.0,RED,0.0
NRW,18 - 24,39.98,44.98,30.0,0.0,VF,1.0
HSN,50 - 54,59.99,59.99,30.0,0.0,RED,1.0
KBW,60 - 64,50.98,27.99,30.0,0.0,GIGAZUHAUSE,0.0
HSN,40 - 44,42.98,42.98,30.0,0.0,2PLAY,0.0
NRW,45 - 49,29.99,29.99,30.0,0.0,VF,0.0
NRW,25 - 29,29.99,29.99,30.0,0.0,RED,1.0
KBW,55 - 59,49.97,49.97,30.0,0.0,RED,0.0
KBW,50 - 54,24.99,24.99,30.0,0.0,GIGAZUHAUSE,1.0
NRW,60 - 64,44.98,44.98,30.0,0.0,VF,0.0
NRW,80 and over,54.96,44.98,30.0,0.0,RED,0.0
NRW,55 - 59,34.99,34.99,30.0,0.0,51.99,0.0
NRW,25 - 29,44.97,44.98,30.0,0.0,VF,1.0
KBW,50 - 54,34.99,34.99,30.0,0.0,RED,1.0
KBW,55 - 59,39.99,39.99,30.0,0.0,VF,1.0
KBW,75 - 79,34.99,34.99,30.0,0.0,RED,0.0
HSN,80 and over,37.98,37.98,30.0,0.0,VF,0.0
HSN,75 - 79,39.98,39.98,30.0,0.0,GIGAZUHAUSE,1.0
NRW,under 18,54.98,54.99,30.0,0.0,RED,0.0
NRW,75 - 79,44.98,44.98,45.0,0.0,VF,0.0
KBW,under 18,39.99,39.99,30.0,0.0,VF,0.0
NRW,75 - 79,39.99,39.99,30.0,0.0,RED,1.0
NRW,75 - 79,39.99,39.99,30.0,0.0,RED,1.0
KBW,80 and over,39.99,39.99,30.0,0.0,RED,1.0
KBW,40 - 44,44.98,44.99,30.0,0.0,RED,0.0
KBW,80 and over,44.98,44.98,30.0,0.0,RED,1.0
NRW,under 18,44.98,44.98,30.0,0.0,VF,1.0
NRW,55 - 59,42.97,42.97,30.0,0.0,RED,1.0
KBW,80 and over,54.99,54.99,30.0,0.0,RED,0.0
HSN,45 - 49,42.98,42.98,30.0,0.0,VF,1.0
KBW,30 - 34,42.97,42.98,30.0,0.0,VF,0.0
NRW,50 - 54,60.95,39.98,30.0,0.0,VF,0.0
NRW,60 - 64,72.96,44.98,30.0,0.0,VF,1.0
NRW,30 - 34,49.96,49.97,30.0,0.0,GIGAZUHAUSE,0.0
NRW,under 18,52.98,52.98,30.0,0.0,VF,0.0
NRW,50 - 54,34.99,34.99,30.0,0.0,RED,0.0
KBW,75 - 79,44.98,44.98,30.0,0.0,VF,1.0
KBW,65 - 69,39.98,39.98,5.0,0.0,GIGAZUHAUSE,0.0
NRW,55 - 59,54.97,54.99,30.0,0.0,RED,1.0
NRW,75 - 79,44.98,44.98,30.0,0.0,VF,0.0
HSN,50 - 54,56.91,35.68,30.0,0.0,2PLAY,1.0
HSN,45 - 49,39.99,39.99,30.0,0.0,VF,1.0
KBW,50 - 54,44.98,44.98,30.0,0.0,RED,0.0
KBW,60 - 64,19.99,19.99,30.0,0.0,EAZY,0.0
NRW,65 - 69,17.99,17.99,30.0,0.0,RED,0.0
NRW,55 - 59,34.99,34.99,30.0,0.0,RED,1.0
NRW,55 - 59,42.98,42.98,184.0,0.0,GIGAZUHAUSE,1.0
KBW,25 - 29,22.98,37.98,30.0,0.0,GIGAZUHAUSE,1.0
KBW,55 - 59,59.96,44.98,30.0,0.0,RED,1.0
KBW,65 - 69,44.98,44.98,30.0,0.0,VF,0.0
NRW,under 18,62.98,37.99,30.0,0.0,VF,1.0
KBW,65 - 69,44.98,44.98,30.0,0.0,VF,1.0
NRW,40 - 44,32.99,32.99,30.0,0.0,VF,0.0
KBW,75 - 79,44.98,44.98,30.0,0.0,RED,1.0
NRW,55 - 59,49.99,49.99,30.0,0.0,VF,0.0
KBW,30 - 34,34.99,34.99,30.0,0.0,RED,1.0
KBW,75 - 79,29.99,29.99,30.0,0.0,VF,1.0
NRW,25 - 29,52.97,52.98,30.0,0.0,GIGAZUHAUSE,1.0
KBW,65 - 69,44.98,44.98,30.0,0.0,GIGAZUHAUSE,1.0
NRW,75 - 79,24.99,24.99,242.0,0.0,GIGAZUHAUSE,0.0
NRW,55 - 59,39.99,39.99,30.0,0.0,RED,1.0
NRW,75 - 79,63.98,63.98,30.0,0.0,GIGAZUHAUSE,0.0
NRW,under 18,49.99,49.99,30.0,0.0,VF,1.0
NRW,45 - 49,54.98,54.98,30.0,0.0,RED,1.0
KBW,65 - 69,29.99,29.99,30.0,0.0,RED,0.0
NRW,55 - 59,34.99,34.99,30.0,0.0,RED,1.0
NRW,60 - 64,37.98,37.98,30.0,0.0,GIGAZUHAUSE,1.0
KBW,75 - 79,34.99,34.99,30.0,0.0,RED,1.0
KBW,45 - 49,47.99,47.99,30.0,0.0,RED,0.0
NRW,30 - 34,32.99,32.99,30.0,0.0,VF,1.0
NRW,25 - 29,32.99,32.99,30.0,0.0,VF,0.0
KBW,25 - 29,44.98,44.98,30.0,0.0,VF,1.0
HSN,55 - 59,49.97,49.97,30.0,0.0,GIGAZUHAUSE,0.0
KBW,75 - 79,44.98,44.98,30.0,0.0,VF,0.0
NRW,40 - 44,42.99,42.99,30.0,0.0,GIGAZUHAUSE,0.0
HSN,50 - 54,44.97,44.98,30.0,0.0,VF,0.0
NRW,65 - 69,39.99,39.99,30.0,0.0,RED,1.0
HSN,50 - 54,44.98,44.98,30.0,0.0,VF,1.0
NRW,25 - 29,44.98,44.98,30.0,0.0,VF,1.0
NRW,30 - 34,34.99,34.99,30.0,0.0,RED,1.0
NRW,45 - 49,44.98,44.98,30.0,0.0,VF,1.0
NRW,45 - 49,39.99,39.99,30.0,0.0,VF,0.0
NRW,55 - 59,39.99,39.99,30.0,0.0,RED,1.0
KBW,75 - 79,58.96,37.98,30.0,0.0,VF,1.0
NRW,45 - 49,37.98,37.98,30.0,0.0,VF,0.0
KBW,75 - 79,42.98,42.98,30.0,0.0,VF,1.0
NRW,75 - 79,44.98,44.98,30.0,0.0,VF,1.0
NRW,55 - 59,24.99,24.99,699.0,0.0,GIGAZUHAUSE,1.0
NRW,under 18,44.98,44.98,30.0,0.0,VF,1.0
HSN,under 18,32.99,32.99,30.0,0.0,VF,0.0
KBW,80 and over,44.98,44.98,30.0,0.0,VF,0.0
KBW,75 - 79,47.99,47.99,30.0,0.0,VF,1.0
KBW,40 - 44,42.99,37.99,30.0,0.0,VF,1.0
HSN,25 - 29,44.97,44.98,30.0,0.0,VF,0.0
KBW,25 - 29,34.99,34.99,30.0,0.0,RED,1.0
NRW,60 - 64,44.99,44.99,30.0,0.0,RED,1.0
KBW,35 - 39,34.99,34.99,30.0,0.0,RED,0.0
KBW,60 - 64,48.97,48.97,30.0,0.0,VF,1.0
NRW,50 - 54,49.97,49.97,30.0,0.0,VF,1.0
HSN,under 18,54.99,54.99,30.0,0.0,RED,0.0
HSN,75 - 79,39.98,39.98,143.0,0.0,GIGAZUHAUSE,0.0
NRW,25 - 29,19.99,19.99,30.0,0.0,MMA,0.0
NRW,60 - 64,44.98,44.98,30.0,0.0,RED,1.0
KBW,55 - 59,64.98,49.98,30.0,0.0,GIGAZUHAUSE,0.0
NRW,65 - 69,42.97,42.97,30.0,0.0,VF,0.0
NRW,55 - 59,44.98,44.98,30.0,0.0,VF,1.0
KBW,40 - 44,52.98,52.99,30.0,0.0,2PLAY,0.0
HSN,35 - 39,34.99,34.99,30.0,0.0,GIGAZUHAUSE,1.0
NRW,45 - 49,75.97,49.99,30.0,0.0,GIGAZUHAUSE,1.0
NRW,45 - 49,44.98,44.98,30.0,0.0,VF,1.0
NRW,under 18,39.99,39.99,30.0,0.0,VF,0.0
NRW,25 - 29,37.99,37.99,30.0,0.0,VF,1.0
KBW,80 and over,49.99,49.99,30.0,0.0,GIGAZUHAUSE,1.0
KBW,80 and over,39.99,39.99,30.0,0.0,RED,0.0
NRW,25 - 29,44.98,44.98,30.0,0.0,VF,0.0
KBW,under 18,59.98,39.98,30.0,0.0,RED,1.0
KBW,under 18,44.98,44.98,30.0,0.0,RED,0.0
HSN,under 18,72.95,49.97,30.0,0.0,VF,0.0
NRW,55 - 59,42.98,42.98,30.0,0.0,GIGAZUHAUSE,1.0
KBW,35 - 39,44.98,44.98,30.0,0.0,VF,1.0
HSN,55 - 59,27.99,27.99,30.0,0.0,EAZY,0.0
NRW,65 - 69,37.99,37.99,30.0,0.0,VF,0.0
NRW,55 - 59,64.86,39.99,30.0,0.0,RED,1.0
HSN,75 - 79,38.98,38.98,30.0,0.0,VF,1.0
HSN,50 - 54,34.99,34.99,30.0,0.0,RED,1.0
KBW,50 - 54,34.99,34.99,30.0,0.0,RED,0.0
KBW,25 - 29,44.98,44.98,30.0,0.0,RED,1.0
KBW,under 18,44.98,44.98,30.0,0.0,VF,0.0
KBW,under 18,39.99,39.99,30.0,0.0,RED,0.0
HSN,75 - 79,49.99,49.99,30.0,0.0,VF,0.0
HSN,25 - 29,39.98,39.98,30.0,0.0,RED,1.0
NRW,60 - 64,63.97,42.98,30.0,0.0,VF,0.0
HSN,under 18,34.99,34.99,30.0,0.0,RED,0.0
NRW,75 - 79,47.98,53.98,30.0,0.0,GIGAZUHAUSE,1.0
KBW,45 - 49,40.98,34.99,30.0,0.0,RED,0.0
KBW,65 - 69,42.97,42.97,30.0,0.0,VF,0.0
NRW,60 - 64,73.94,51.97,30.0,0.0,3PLAY,1.0
KBW,60 - 64,44.98,44.8,30.0,0.0,2PLAY,0.0
NRW,75 - 79,39.99,39.99,30.0,0.0,VF,0.0
KBW,50 - 54,48.97,48.97,364.0,0.0,GIGAZUHAUSE,0.0
KBW,80 and over,27.97,27.98,30.0,0.0,VF,0.0
HSN,50 - 54,52.96,77.96,30.0,0.0,GIGAZUHAUSE,0.0
HSN,40 - 44,44.98,44.98,30.0,0.0,VF,1.0
KBW,45 - 49,44.98,44.98,30.0,0.0,VF,1.0
NRW,45 - 49,32.99,32.99,30.0,0.0,VF,0.0
NRW,60 - 64,62.97,62.97,30.0,0.0,3PLAY,0.0
KBW,50 - 54,44.98,44.98,30.0,0.0,VF,0.0
NRW,50 - 54,29.99,29.99,30.0,0.0,VF,1.0
NRW,60 - 64,34.99,34.99,30.0,0.0,VF,0.0
KBW,45 - 49,29.99,29.99,30.0,0.0,VF,1.0
NRW,25 - 29,39.98,39.98,30.0,0.0,RED,1.0
HSN,under 18,49.99,49.99,30.0,0.0,RED,0.0
NRW,35 - 39,59.98,59.98,30.0,0.0,GIGAZUHAUSE,1.0
NRW,40 - 44,34.99,34.99,30.0,0.0,RED,1.0
HSN,25 - 29,49.97,49.97,30.0,0.0,VF,0.0
NRW,50 - 54,49.99,49.99,30.0,0.0,RED,1.0
KBW,45 - 49,44.98,44.98,30.0,0.0,VF,0.0
HSN,55 - 59,49.97,49.97,30.0,0.0,RED,0.0
NRW,45 - 49,49.97,49.97,30.0,0.0,RED,1.0
KBW,50 - 54,37.99,37.99,30.0,0.0,VF,0.0
HSN,18 - 24,32.99,32.99,30.0,0.0,2PLAY,0.0
KBW,18 - 24,40.97,35.86,30.0,0.0,VF,1.0
NRW,under 18,34.99,34.99,30.0,0.0,RED,0.0
KBW,55 - 59,44.98,44.98,30.0,0.0,VF,0.0
KBW,60 - 64,189.96,129.96,30.0,1.0,RED,1.0
HSN,25 - 29,54.99,54.99,30.0,0.0,RED,1.0
KBW,50 - 54,44.99,44.99,30.0,0.0,RED,0.0
NRW,55 - 59,44.98,44.98,30.0,0.0,VF,0.0
KBW,25 - 29,34.99,34.99,30.0,0.0,RED,1.0
HSN,60 - 64,39.99,39.99,30.0,0.0,RED,1.0
KBW,25 - 29,42.98,42.98,30.0,0.0,VF,1.0
HSN,25 - 29,39.99,39.99,30.0,0.0,RED,1.0
HSN,40 - 44,44.98,44.98,30.0,0.0,VF,1.0
NRW,50 - 54,64.96,49.98,30.0,0.0,VF,1.0
NRW,50 - 54,74.96,34.99,30.0,0.0,3PLAY,0.0
KBW,65 - 69,39.99,39.99,30.0,0.0,VF,0.0
HSN,50 - 54,49.99,49.99,30.0,0.0,RED,1.0
KBW,75 - 79,44.98,44.98,30.0,0.0,RED,0.0
NRW,75 - 79,39.98,39.98,678.0,0.0,GIGAZUHAUSE,1.0
NRW,75 - 79,49.99,49.99,30.0,0.0,RED,0.0
KBW,40 - 44,39.98,39.98,30.0,0.0,VF,1.0
NRW,75 - 79,44.98,44.98,30.0,0.0,VF,0.0
KBW,35 - 39,44.98,44.98,30.0,1.0,VF,1.0
HSN,55 - 59,44.98,44.98,100.0,1.0,VF,0.0
NRW,under 18,39.99,39.99,30.0,0.0,RED,0.0
NRW,25 - 29,47.99,47.99,30.0,0.0,GIGAZUHAUSE,0.0
NRW,25 - 29,49.97,49.99,653.0,0.0,GIGAZUHAUSE,1.0
KBW,60 - 64,48.97,48.97,30.0,0.0,VF,1.0
HSN,45 - 49,72.97,39.99,30.0,0.0,RED,0.0
NRW,25 - 29,39.98,39.98,30.0,0.0,GIGAZUHAUSE,1.0
NRW,25 - 29,37.98,37.98,30.0,0.0,VF,1.0
HSN,18 - 24,49.97,49.97,30.0,0.0,VF,0.0
KBW,under 18,29.99,29.99,30.0,0.0,GIGAZUHAUSE,1.0
NRW,65 - 69,44.98,44.98,30.0,0.0,VF,0.0
HSN,45 - 49,64.95,44.98,30.0,0.0,VF,1.0
NRW,75 - 79,44.98,44.98,30.0,1.0,VF,1.0
NRW,45 - 49,34.99,34.99,30.0,0.0,RED,1.0
NRW,55 - 59,39.99,39.99,30.0,0.0,VF,0.0
KBW,50 - 54,50.93,37.9,30.0,0.0,2PLAY,0.0
NRW,65 - 69,42.98,63.98,30.0,0.0,VF,1.0
NRW,75 - 79,45.98,25.98,30.0,0.0,GIGAZUHAUSE,1.0
NRW,25 - 29,44.98,44.98,30.0,0.0,VF,1.0
KBW,45 - 49,44.98,44.98,30.0,0.0,VF,0.0
NRW,45 - 49,44.98,44.98,30.0,0.0,RED,0.0
KBW,65 - 69,44.98,44.98,30.0,0.0,RED,0.0
KBW,75 - 79,34.99,34.99,30.0,0.0,RED,1.0
HSN,25 - 29,39.98,39.98,30.0,0.0,RED,0.0
KBW,40 - 44,42.98,42.98,30.0,0.0,VF,1.0
NRW,55 - 59,29.99,29.99,30.0,0.0,VF,1.0
NRW,75 - 79,39.98,39.98,519.0,0.0,GIGAZUHAUSE,1.0
HSN,60 - 64,59.97,59.98,30.0,0.0,GIGAZUHAUSE,1.0
HSN,25 - 29,44.98,44.98,30.0,0.0,RED,0.0
HSN,65 - 69,59.97,59.97,30.0,0.0,VF,0.0
NRW,35 - 39,42.98,42.98,30.0,0.0,3PLAY,1.0
NRW,75 - 79,42.98,42.98,30.0,0.0,GIGAZUHAUSE,1.0
KBW,60 - 64,44.98,44.98,30.0,0.0,VF,1.0
HSN,60 - 64,65.9,44.99,30.0,0.0,3PLAY,1.0
NRW,25 - 29,44.98,44.98,30.0,0.0,RED,1.0
KBW,40 - 44,49.97,49.97,30.0,0.0,VF,0.0
KBW,80 and over,49.99,49.99,30.0,0.0,VF,1.0
KBW,55 - 59,49.97,49.97,30.0,0.0,RED,0.0
HSN,40 - 44,44.98,44.98,30.0,0.0,RED,0.0
KBW,75 - 79,39.99,39.99,30.0,0.0,RED,1.0
HSN,60 - 64,29.99,29.99,30.0,0.0,INTERNET,1.0
NRW,50 - 54,29.99,29.99,30.0,0.0,VF,1.0
KBW,25 - 29,39.99,39.99,30.0,0.0,RED,0.0
NRW,under 18,63.98,42.97,30.0,0.0,RED,1.0
NRW,75 - 79,34.99,34.99,30.0,0.0,VF,0.0
NRW,50 - 54,32.99,32.99,30.0,0.0,VF,0.0
KBW,55 - 59,34.99,34.99,30.0,0.0,VF,1.0
KBW,55 - 59,52.98,52.98,30.0,0.0,VF,0.0
KBW,65 - 69,49.97,49.97,30.0,0.0,GIGAZUHAUSE,0.0
HSN,65 - 69,29.99,29.99,30.0,0.0,VF,0.0
NRW,25 - 29,44.98,44.98,30.0,0.0,VF,1.0
NRW,under 18,44.98,44.98,30.0,0.0,GIGAZUHAUSE,0.0
HSN,80 and over,29.99,29.99,30.0,0.0,VF,0.0
KBW,35 - 39,54.98,54.98,30.0,0.0,VF,0.0
NRW,45 - 49,44.98,44.98,30.0,0.0,RED,1.0
KBW,35 - 39,49.99,49.99,30.0,0.0,RED,1.0
NRW,65 - 69,44.98,44.98,30.0,0.0,VF,0.0
KBW,65 - 69,42.97,42.98,30.0,0.0,VF,0.0
KBW,55 - 59,39.99,39.99,30.0,0.0,RED,1.0
KBW,25 - 29,42.97,63.97,30.0,0.0,RED,0.0
HSN,65 - 69,58.98,38.98,30.0,0.0,RED,1.0
KBW,30 - 34,44.98,44.98,30.0,0.0,VF,0.0
KBW,50 - 54,34.99,34.99,30.0,0.0,RED,0.0
NRW,55 - 59,44.98,44.98,30.0,0.0,RED,0.0
NRW,under 18,38.98,38.98,30.0,0.0,RED,1.0
KBW,under 18,39.98,39.98,30.0,0.0,VF,1.0
NRW,25 - 29,44.98,44.98,30.0,0.0,RED,1.0
NRW,75 - 79,29.99,29.99,30.0,0.0,VF,1.0
KBW,35 - 39,39.99,39.99,30.0,0.0,RED,1.0
NRW,55 - 59,39.99,39.99,30.0,0.0,RED,0.0
NRW,55 - 59,29.99,29.99,30.0,0.0,VF,1.0
KBW,under 18,44.98,44.98,30.0,0.0,VF,1.0
NRW,50 - 54,34.99,34.99,30.0,0.0,VF,0.0
KBW,18 - 24,29.99,29.99,30.0,0.0,VF,1.0
NRW,65 - 69,34.99,34.99,30.0,0.0,RED,1.0
NRW,under 18,52.98,37.98,30.0,0.0,RED,0.0
KBW,55 - 59,34.99,34.99,30.0,0.0,RED,0.0
HSN,75 - 79,54.99,54.99,30.0,0.0,RED,0.0
NRW,75 - 79,34.99,34.99,30.0,0.0,RED,0.0
NRW,65 - 69,49.99,49.99,30.0,0.0,GIGAZUHAUSE,1.0
KBW,75 - 79,49.97,49.97,30.0,0.0,VF,1.0
NRW,under 18,44.98,44.98,30.0,0.0,RED,1.0
KBW,45 - 49,44.98,44.98,30.0,1.0,GIGAZUHAUSE,1.0
HSN,55 - 59,39.98,39.98,30.0,0.0,GIGAZUHAUSE,0.0
KBW,under 18,49.99,49.99,30.0,0.0,RED,0.0
KBW,25 - 29,42.98,42.98,30.0,0.0,GIGAZUHAUSE,0.0
NRW,45 - 49,29.98,29.99,30.0,0.0,3PLAY,0.0
NRW,60 - 64,44.98,44.98,498.0,0.0,GIGAZUHAUSE,1.0
NRW,55 - 59,49.99,49.99,30.0,1.0,GIGAZUHAUSE,1.0
KBW,50 - 54,34.99,34.99,598.0,0.0,GIGAZUHAUSE,1.0
KBW,75 - 79,57.97,43.97,30.0,0.0,RED,0.0
NRW,25 - 29,29.99,29.99,30.0,0.0,VF,1.0
KBW,under 18,39.99,39.99,30.0,0.0,VF,0.0
NRW,55 - 59,49.99,29.99,30.0,0.0,RED,0.0
HSN,50 - 54,42.98,42.98,30.0,0.0,VF,1.0
NRW,60 - 64,54.98,44.98,30.0,0.0,RED,0.0
KBW,55 - 59,39.99,39.99,30.0,0.0,VF,0.0
KBW,50 - 54,44.98,44.98,30.0,0.0,VF,1.0
NRW,60 - 64,44.98,44.98,30.0,0.0,RED,0.0
NRW,75 - 79,42.98,42.98,30.0,0.0,VF,1.0
KBW,35 - 39,34.98,34.98,30.0,1.0,VF,1.0
KBW,30 - 34,34.99,34.99,30.0,0.0,RED,1.0
NRW,45 - 49,42.98,42.98,30.0,0.0,VF,0.0
KBW,80 and over,50.76,50.88,30.0,0.0,3PLAY,0.0
NRW,35 - 39,39.99,39.99,30.0,0.0,VF,1.0
KBW,65 - 69,44.98,44.98,30.0,0.0,VF,1.0
KBW,30 - 34,49.97,49.97,30.0,0.0,VF,1.0
KBW,75 - 79,39.99,39.99,30.0,0.0,RED,1.0
KBW,25 - 29,44.98,44.98,30.0,0.0,RED,0.0
HSN,60 - 64,59.98,59.98,30.0,0.0,GIGAZUHAUSE,0.0
KBW,under 18,39.99,39.99,30.0,0.0,VF,1.0
KBW,50 - 54,63.98,42.98,30.0,0.0,2PLAY,0.0
KBW,25 - 29,59.97,29.97,30.0,0.0,VF,0.0
NRW,65 - 69,44.98,44.98,30.0,0.0,RED,1.0
NRW,55 - 59,44.98,44.98,30.0,0.0,VF,1.0
NRW,55 - 59,39.99,39.99,30.0,0.0,RED,1.0
NRW,60 - 64,44.98,44.98,30.0,0.0,VF,0.0
NRW,under 18,42.98,42.98,30.0,0.0,2PLAY,0.0
KBW,under 18,39.99,29.99,30.0,0.0,VF,1.0
KBW,55 - 59,44.99,44.99,30.0,0.0,RED,1.0
KBW,25 - 29,49.97,49.97,30.0,0.0,VF,1.0
KBW,50 - 54,34.99,34.99,30.0,0.0,RED,1.0
KBW,50 - 54,59.98,59.98,30.0,0.0,3PLAY,0.0
KBW,60 - 64,59.97,44.98,30.0,0.0,VF,1.0
HSN,under 18,29.99,29.99,30.0,0.0,RED,1.0
HSN,75 - 79,54.99,54.99,30.0,0.0,RED,1.0
NRW,25 - 29,44.98,44.98,30.0,0.0,RED,1.0
NRW,25 - 29,39.99,39.99,635.0,0.0,RED,1.0
KBW,40 - 44,42.97,42.97,30.0,0.0,GIGAZUHAUSE,0.0
KBW,40 - 44,42.99,42.99,30.0,0.0,VF,0.0
NRW,25 - 29,34.99,34.99,31.0,0.0,EAZY,1.0
NRW,40 - 44,44.98,44.98,68.0,0.0,VF,0.0
KBW,55 - 59,49.97,39.99,597.0,0.0,VF,1.0
HSN,55 - 59,42.98,42.98,30.0,0.0,RED,1.0
NRW,50 - 54,47.99,47.99,30.0,0.0,VF,1.0
KBW,75 - 79,29.99,29.99,30.0,0.0,RED,0.0
NRW,25 - 29,34.99,34.99,30.0,0.0,RED,1.0
KBW,under 18,45.98,35.98,30.0,0.0,VF,1.0
NRW,under 18,52.97,52.97,30.0,0.0,VF,1.0
KBW,55 - 59,47.98,47.98,30.0,0.0,GIGAZUHAUSE,1.0
HSN,50 - 54,34.99,34.99,30.0,0.0,RED,1.0
NRW,under 18,39.99,39.99,30.0,0.0,RED,0.0
KBW,75 - 79,34.99,34.99,186.0,0.0,GIGAZUHAUSE,0.0
NRW,50 - 54,32.97,32.97,30.0,0.0,VF,0.0
NRW,under 18,49.98,49.98,30.0,0.0,GIGAZUHAUSE,1.0
NRW,under 18,52.95,52.98,30.0,0.0,RED,0.0
NRW,45 - 49,34.99,34.99,30.0,0.0,RED,1.0
HSN,40 - 44,44.98,44.98,113.0,0.0,VF,1.0
NRW,45 - 49,48.97,48.97,30.0,0.0,RED,1.0
KBW,60 - 64,37.99,37.99,30.0,0.0,VF,0.0
NRW,55 - 59,39.99,39.99,30.0,0.0,RED,1.0
KBW,under 18,54.99,54.99,30.0,0.0,RED,1.0
NRW,75 - 79,32.99,32.99,30.0,0.0,VF,0.0
NRW,40 - 44,54.98,54.98,30.0,0.0,RED,1.0
NRW,60 - 64,39.99,39.99,30.0,0.0,RED,0.0
NRW,25 - 29,58.98,58.98,30.0,0.0,RED,1.0
NRW,18 - 24,32.99,32.99,30.0,0.0,VF,1.0
KBW,75 - 79,49.97,44.98,30.0,0.0,VF,1.0
HSN,60 - 64,29.99,29.99,30.0,0.0,GIGAZUHAUSE,1.0
NRW,25 - 29,34.99,34.99,30.0,0.0,RED,1.0
NRW,65 - 69,62.97,39.99,30.0,0.0,RED,0.0
HSN,40 - 44,37.98,37.98,30.0,0.0,VF,0.0
KBW,25 - 29,52.95,62.98,30.0,0.0,GIGAZUHAUSE,1.0
NRW,75 - 79,29.99,29.99,30.0,0.0,VF,0.0
NRW,45 - 49,49.99,49.99,30.0,0.0,GIGAZUHAUSE,0.0
NRW,55 - 59,48.97,48.97,30.0,0.0,3PLAY,0.0
NRW,60 - 64,37.99,37.99,30.0,0.0,VF,0.0
KBW,40 - 44,44.98,44.98,30.0,0.0,RED,1.0
HSN,45 - 49,50.43,45.98,30.0,0.0,3PLAY,0.0
NRW,40 - 44,34.99,34.99,126.0,0.0,VF,0.0
NRW,30 - 34,55.98,34.99,30.0,0.0,RED,0.0
NRW,50 - 54,24.99,24.99,30.0,0.0,INTERNET,1.0
KBW,40 - 44,49.99,49.99,30.0,0.0,RED,1.0
KBW,40 - 44,34.99,34.99,30.0,0.0,RED,1.0
NRW,60 - 64,44.98,44.98,30.0,0.0,VF,0.0
KBW,50 - 54,39.99,39.99,30.0,0.0,RED,1.0
HSN,55 - 59,44.98,44.98,30.0,0.0,RED,0.0
NRW,25 - 29,34.99,34.99,30.0,0.0,RED,0.0
NRW,60 - 64,29.99,29.99,30.0,0.0,VF,0.0
KBW,40 - 44,44.98,44.98,30.0,0.0,RED,1.0
HSN,50 - 54,44.98,44.98,30.0,0.0,VF,1.0
NRW,75 - 79,44.97,44.98,30.0,0.0,VF,1.0
NRW,55 - 59,44.98,44.98,30.0,0.0,VF,0.0
HSN,50 - 54,29.99,29.99,30.0,0.0,VF,1.0
KBW,under 18,44.98,44.98,30.0,0.0,VF,1.0
KBW,60 - 64,44.98,44.98,30.0,0.0,RED,1.0
KBW,50 - 54,49.99,49.99,30.0,0.0,VF,1.0
HSN,65 - 69,59.98,59.98,4.0,0.0,GIGAZUHAUSE,0.0
HSN,45 - 49,63.98,24.99,30.0,0.0,3PLAY,1.0
KBW,75 - 79,44.98,44.98,30.0,0.0,VF,0.0
HSN,25 - 29,47.99,47.99,30.0,0.0,VF,1.0
NRW,65 - 69,34.99,34.99,30.0,0.0,RED,1.0
NRW,35 - 39,34.99,34.99,30.0,0.0,GIGAZUHAUSE,1.0
HSN,65 - 69,34.99,34.99,30.0,0.0,RED,1.0
NRW,75 - 79,43.97,58.98,30.0,0.0,RED,1.0
NRW,75 - 79,49.99,49.99,30.0,0.0,RED,0.0
NRW,65 - 69,39.97,39.9,30.0,0.0,VF,1.0
KBW,30 - 34,34.99,34.99,30.0,0.0,RED,0.0
NRW,50 - 54,49.97,49.97,333.0,0.0,GIGAZUHAUSE,1.0
KBW,65 - 69,44.98,44.98,30.0,0.0,VF,0.0
NRW,50 - 54,68.96,42.97,30.0,0.0,GIGAZUHAUSE,1.0
KBW,under 18,37.98,40.98,30.0,0.0,VF,1.0
NRW,25 - 29,64.96,64.98,30.0,0.0,RED,0.0
KBW,50 - 54,72.95,37.99,30.0,0.0,VF,1.0
NRW,50 - 54,49.98,49.98,30.0,0.0,GIGAZUHAUSE,1.0
NRW,under 18,39.99,39.99,30.0,0.0,GIGAZUHAUSE,0.0
HSN,30 - 34,57.97,42.97,30.0,0.0,VF,0.0
KBW,40 - 44,34.99,34.99,30.0,0.0,RED,1.0
NRW,65 - 69,29.99,29.99,30.0,0.0,VF,0.0
KBW,55 - 59,44.98,44.98,30.0,0.0,VF,1.0
HSN,25 - 29,34.99,34.99,30.0,0.0,RED,0.0
KBW,75 - 79,39.99,39.99,30.0,0.0,RED,0.0
HSN,50 - 54,44.98,44.98,30.0,0.0,VF,0.0
KBW,50 - 54,39.99,39.99,30.0,0.0,VF,1.0
HSN,25 - 29,44.98,44.98,30.0,0.0,RED,1.0
NRW,55 - 59,44.98,44.98,30.0,0.0,RED,1.0
KBW,25 - 29,44.98,44.98,679.0,0.0,GIGAZUHAUSE,1.0
NRW,55 - 59,44.98,44.98,30.0,0.0,RED,0.0
NRW,18 - 24,42.99,42.96,30.0,0.0,VF,0.0
NRW,30 - 34,49.98,49.98,30.0,0.0,VF,1.0
HSN,50 - 54,39.99,39.99,30.0,0.0,VF,1.0
NRW,40 - 44,34.99,34.99,30.0,0.0,RED,1.0
NRW,60 - 64,32.99,32.99,30.0,0.0,VF,0.0
KBW,55 - 59,47.99,47.99,30.0,0.0,VF,1.0
KBW,75 - 79,37.98,37.98,30.0,0.0,VF,1.0
KBW,40 - 44,48.97,49.97,30.0,0.0,RED,1.0
NRW,35 - 39,39.99,39.99,30.0,0.0,RED,1.0
KBW,25 - 29,42.97,42.97,30.0,0.0,VF,1.0
KBW,75 - 79,44.98,44.98,30.0,0.0,RED,1.0
NRW,45 - 49,34.99,34.99,30.0,0.0,RED,1.0
KBW,25 - 29,54.99,54.99,30.0,1.0,RED,0.0
KBW,25 - 29,44.98,44.98,30.0,0.0,RED,1.0
HSN,under 18,39.99,39.99,30.0,0.0,RED,1.0
NRW,65 - 69,39.98,39.98,30.0,0.0,GIGAZUHAUSE,0.0
KBW,under 18,34.99,34.99,30.0,0.0,RED,0.0
HSN,65 - 69,39.99,39.99,30.0,0.0,RED,0.0
NRW,55 - 59,44.98,44.98,30.0,0.0,VF,0.0
HSN,25 - 29,44.98,44.98,130.0,0.0,GIGAZUHAUSE,1.0
KBW,45 - 49,44.97,44.98,30.0,0.0,VF,1.0
NRW,45 - 49,42.97,42.98,30.0,0.0,VF,1.0
KBW,30 - 34,44.98,44.98,30.0,0.0,VF,1.0
NRW,65 - 69,34.99,34.99,30.0,0.0,RED,0.0
KBW,80 and over,39.99,39.99,30.0,0.0,VF,1.0
KBW,75 - 79,34.99,34.99,30.0,0.0,RED,0.0
KBW,45 - 49,44.97,44.97,30.0,0.0,VF,1.0
KBW,45 - 49,37.97,47.96,30.0,0.0,VF,0.0
KBW,25 - 29,44.98,44.98,30.0,0.0,VF,1.0
NRW,80 and over,49.97,49.97,30.0,0.0,VF,1.0
KBW,75 - 79,49.97,49.97,30.0,0.0,VF,1.0
NRW,50 - 54,44.98,44.98,30.0,0.0,VF,1.0
NRW,30 - 34,44.98,44.98,30.0,0.0,RED,1.0
NRW,55 - 59,44.98,44.98,30.0,0.0,RED,0.0
NRW,30 - 34,34.99,34.99,30.0,0.0,RED,1.0
NRW,35 - 39,39.99,39.99,30.0,0.0,RED,0.0
NRW,50 - 54,52.98,52.98,30.0,0.0,GIGAZUHAUSE,0.0
NRW,under 18,54.99,34.99,30.0,0.0,VF,0.0
HSN,40 - 44,44.98,44.98,30.0,0.0,RED,0.0
NRW,80 and over,32.99,32.99,30.0,0.0,GIGAZUHAUSE,0.0
NRW,55 - 59,34.99,34.99,30.0,0.0,RED,1.0
NRW,25 - 29,44.98,44.98,30.0,0.0,VF,1.0
NRW,75 - 79,39.98,39.98,30.0,0.0,RED,1.0
HSN,25 - 29,34.99,34.99,30.0,0.0,VF,1.0
KBW,50 - 54,64.98,64.98,30.0,0.0,GIGAZUHAUSE,1.0
KBW,under 18,39.99,39.99,30.0,0.0,RED,1.0
KBW,25 - 29,29.99,29.99,30.0,0.0,RED,0.0
KBW,under 18,39.99,39.99,574.0,0.0,GIGAZUHAUSE,0.0
NRW,25 - 29,34.99,34.99,30.0,0.0,RED,1.0
NRW,50 - 54,39.99,39.99,30.0,0.0,RED,1.0
KBW,45 - 49,44.98,44.98,30.0,0.0,VF,1.0
NRW,75 - 79,37.99,37.99,30.0,0.0,RED,1.0
NRW,65 - 69,34.99,34.99,30.0,0.0,RED,1.0
NRW,25 - 29,24.99,24.99,333.0,0.0,GIGAZUHAUSE,1.0
NRW,50 - 54,24.99,24.99,30.0,0.0,RED,0.0
KBW,75 - 79,29.99,29.99,30.0,0.0,VF,0.0
NRW,60 - 64,29.99,29.99,30.0,0.0,VF,0.0
NRW,55 - 59,39.99,39.99,30.0,0.0,RED,1.0
NRW,under 18,29.99,29.99,30.0,0.0,RED,0.0
NRW,60 - 64,39.99,39.99,30.0,0.0,RED,1.0
NRW,80 and over,49.98,49.98,30.0,0.0,GIGAZUHAUSE,0.0
NRW,45 - 49,59.97,49.98,254.0,0.0,GIGAZUHAUSE,0.0
NRW,45 - 49,44.98,44.98,30.0,0.0,VF,1.0
HSN,45 - 49,39.99,39.99,30.0,0.0,RED,0.0
KBW,55 - 59,54.99,54.99,30.0,0.0,RED,0.0
KBW,under 18,39.98,44.98,679.0,0.0,GIGAZUHAUSE,0.0
KBW,25 - 29,39.99,39.99,30.0,0.0,RED,0.0
NRW,under 18,39.99,39.99,30.0,0.0,VF,0.0
KBW,40 - 44,45.86,45.88,30.0,0.0,RED,0.0
NRW,60 - 64,39.98,39.98,30.0,0.0,VF,1.0
NRW,80 and over,0.0,0.0,30.0,0.0,MMA,0.0
NRW,45 - 49,29.98,29.99,30.0,0.0,INTERNET,1.0
HSN,35 - 39,34.99,34.99,30.0,0.0,VF,0.0
KBW,75 - 79,39.99,39.99,30.0,0.0,VF,0.0
NRW,65 - 69,49.99,49.99,30.0,0.0,GIGAZUHAUSE,0.0
NRW,40 - 44,44.98,44.98,30.0,0.0,VF,1.0
NRW,65 - 69,29.99,29.99,30.0,0.0,VF,0.0
KBW,45 - 49,24.99,24.99,30.0,0.0,INTERNET,0.0
KBW,75 - 79,29.99,29.99,30.0,0.0,VF,1.0
NRW,under 18,44.98,44.98,30.0,0.0,VF,1.0
NRW,50 - 54,49.97,49.97,30.0,0.0,VF,0.0
KBW,55 - 59,43.96,27.8,30.0,0.0,VF,1.0
KBW,75 - 79,39.99,39.99,30.0,0.0,RED,1.0
NRW,40 - 44,42.98,42.98,30.0,0.0,RED,1.0
KBW,45 - 49,43.98,43.98,30.0,0.0,RED,0.0
NRW,25 - 29,44.98,44.98,30.0,0.0,VF,0.0
NRW,40 - 44,64.98,39.98,30.0,0.0,VF,1.0
NRW,under 18,44.98,44.98,30.0,0.0,VF,1.0
HSN,75 - 79,39.99,39.99,30.0,0.0,RED,1.0
KBW,45 - 49,51.97,44.97,30.0,0.0,VF,0.0
KBW,45 - 49,39.99,39.99,30.0,0.0,RED,1.0
NRW,55 - 59,59.98,69.98,30.0,0.0,RED,0.0
NRW,45 - 49,44.98,44.98,30.0,0.0,RED,0.0
KBW,18 - 24,34.99,34.99,30.0,0.0,RED,0.0
KBW,under 18,49.99,49.99,30.0,0.0,VF,1.0
HSN,45 - 49,44.98,44.98,30.0,0.0,VF,0.0
KBW,45 - 49,34.99,34.99,30.0,0.0,RED,1.0
KBW,55 - 59,42.97,42.97,30.0,0.0,2PLAY,1.0
KBW,45 - 49,44.97,44.97,30.0,0.0,VF,0.0
NRW,45 - 49,37.99,37.99,30.0,0.0,VF,1.0
NRW,55 - 59,34.99,39.99,30.0,1.0,RED,0.0
HSN,18 - 24,39.99,39.99,30.0,0.0,VF,0.0
NRW,60 - 64,38.97,38.98,30.0,0.0,RED,0.0
NRW,75 - 79,70.98,35.98,30.0,0.0,RED,1.0
NRW,50 - 54,29.99,29.99,30.0,0.0,GIGAZUHAUSE,1.0
NRW,75 - 79,39.98,39.98,30.0,0.0,GIGAZUHAUSE,1.0
HSN,55 - 59,44.98,44.98,30.0,0.0,RED,1.0
NRW,30 - 34,34.98,34.98,30.0,0.0,VF,0.0
NRW,50 - 54,29.99,29.99,30.0,0.0,VF,1.0
KBW,25 - 29,39.98,39.98,30.0,0.0,VF,1.0
KBW,65 - 69,55.96,44.98,30.0,0.0,GIGAZUHAUSE,0.0
NRW,50 - 54,34.99,34.99,30.0,0.0,RED,1.0
KBW,under 18,29.99,29.99,30.0,0.0,RED,0.0
NRW,45 - 49,69.96,49.97,30.0,0.0,VF,0.0
NRW,25 - 29,49.97,49.97,30.0,0.0,VF,0.0
NRW,55 - 59,44.98,44.98,30.0,0.0,VF,1.0
NRW,60 - 64,49.97,49.97,30.0,0.0,VF,0.0
HSN,under 18,39.99,39.99,135.0,0.0,GIGAZUHAUSE,1.0
NRW,55 - 59,44.98,44.98,30.0,0.0,VF,1.0
NRW,45 - 49,42.98,42.98,30.0,0.0,VF,0.0
HSN,75 - 79,39.99,39.99,30.0,0.0,RED,1.0
NRW,55 - 59,34.99,34.99,30.0,0.0,RED,1.0
HSN,30 - 34,49.97,49.97,30.0,0.0,VF,0.0
HSN,65 - 69,42.97,39.99,30.0,0.0,GIGAZUHAUSE,0.0
KBW,under 18,44.98,44.98,30.0,0.0,VF,1.0
KBW,35 - 39,59.99,59.99,30.0,0.0,RED,0.0
NRW,under 18,49.96,49.97,696.0,0.0,RED,0.0
NRW,55 - 59,29.99,29.99,30.0,0.0,VF,1.0
KBW,50 - 54,47.98,47.97,30.0,0.0,VF,0.0
NRW,35 - 39,34.99,34.99,30.0,0.0,VF,0.0
HSN,75 - 79,59.99,59.99,30.0,0.0,RED,1.0
KBW,40 - 44,34.99,34.99,30.0,0.0,RED,0.0
NRW,60 - 64,42.98,42.98,30.0,0.0,2PLAY,0.0
KBW,25 - 29,44.98,44.98,30.0,0.0,3PLAY,0.0
NRW,55 - 59,27.99,27.99,30.0,0.0,GIGAZUHAUSE,1.0
KBW,25 - 29,39.99,39.99,30.0,0.0,RED,0.0
NRW,55 - 59,59.97,59.97,30.0,0.0,GIGAZUHAUSE,0.0
KBW,75 - 79,55.95,37.78,30.0,0.0,VF,0.0
NRW,75 - 79,44.98,44.98,30.0,0.0,VF,0.0
KBW,45 - 49,49.97,49.97,30.0,0.0,VF,1.0
NRW,55 - 59,51.96,34.99,30.0,0.0,RED,0.0
NRW,under 18,39.99,39.99,542.0,0.0,GIGAZUHAUSE,1.0
NRW,45 - 49,29.99,29.99,30.0,0.0,VF,1.0
NRW,75 - 79,70.98,39.98,30.0,0.0,RED,1.0
NRW,60 - 64,49.99,49.99,30.0,0.0,RED,1.0
NRW,55 - 59,49.97,49.97,30.0,0.0,VF,0.0
NRW,50 - 54,55.95,39.98,696.0,0.0,GIGAZUHAUSE,0.0
NRW,75 - 79,37.99,37.99,30.0,0.0,3PLAY,0.0
KBW,30 - 34,49.97,49.97,30.0,0.0,VF,1.0
KBW,50 - 54,35.98,37.98,30.0,0.0,VF,1.0
NRW,45 - 49,49.97,49.97,30.0,0.0,VF,0.0
NRW,55 - 59,24.99,24.99,30.0,0.0,INTERNET,0.0
NRW,80 and over,39.98,29.99,30.0,0.0,VF,0.0
NRW,60 - 64,44.98,44.98,30.0,0.0,RED,1.0
NRW,55 - 59,39.98,39.98,30.0,0.0,RED,1.0
KBW,45 - 49,43.97,42.97,30.0,0.0,GIGAZUHAUSE,0.0
KBW,25 - 29,44.98,44.98,91.0,0.0,VF,1.0
HSN,75 - 79,39.99,39.99,30.0,0.0,RED,1.0
KBW,80 and over,34.99,34.99,30.0,0.0,RED,0.0
NRW,60 - 64,29.99,29.99,30.0,0.0,VF,0.0
NRW,40 - 44,34.99,34.99,135.0,0.0,GIGAZUHAUSE,1.0
KBW,50 - 54,64.97,49.97,30.0,0.0,VF,0.0
KBW,55 - 59,54.99,54.99,30.0,0.0,RED,0.0
NRW,65 - 69,44.98,44.98,30.0,0.0,RED,0.0
NRW,65 - 69,39.98,39.98,30.0,0.0,GIGAZUHAUSE,0.0
NRW,75 - 79,39.98,39.98,30.0,0.0,VF,1.0
HSN,25 - 29,42.97,42.97,30.0,0.0,GIGAZUHAUSE,0.0
NRW,80 and over,47.98,52.98,30.0,0.0,VF,0.0
KBW,55 - 59,34.99,34.99,30.0,0.0,RED,1.0
NRW,55 - 59,44.98,44.98,30.0,0.0,RED,0.0
NRW,25 - 29,67.96,39.98,30.0,0.0,VF,1.0
NRW,25 - 29,39.98,39.98,30.0,0.0,RED,0.0
KBW,25 - 29,44.98,44.98,30.0,0.0,RED,1.0
NRW,60 - 64,46.98,44.98,30.0,0.0,VF,1.0
NRW,under 18,45.93,39.99,30.0,0.0,VF,0.0
NRW,55 - 59,57.97,42.98,30.0,0.0,VF,0.0
KBW,30 - 34,29.99,29.99,30.0,0.0,VF,0.0
KBW,40 - 44,44.98,44.98,30.0,0.0,VF,0.0
NRW,under 18,24.99,24.99,30.0,0.0,INTERNET,1.0
HSN,25 - 29,39.98,39.98,30.0,0.0,RED,0.0
NRW,35 - 39,44.98,44.98,632.0,0.0,VF,1.0
HSN,35 - 39,52.96,52.96,30.0,0.0,VF,1.0
KBW,25 - 29,44.98,44.98,30.0,0.0,VF,1.0
NRW,under 18,69.96,44.98,30.0,0.0,RED,0.0
HSN,45 - 49,42.97,42.97,30.0,0.0,2PLAY,0.0
KBW,45 - 49,42.97,42.97,695.0,0.0,VF,0.0
NRW,45 - 49,39.99,39.99,30.0,0.0,RED,0.0
NRW,60 - 64,49.96,49.97,30.0,0.0,GIGAZUHAUSE,1.0
HSN,80 and over,44.98,44.98,30.0,0.0,VF,0.0
KBW,65 - 69,37.98,37.98,30.0,0.0,VF,1.0
KBW,60 - 64,39.99,39.99,30.0,0.0,RED,1.0
NRW,40 - 44,29.99,29.99,30.0,0.0,VF,1.0
NRW,55 - 59,48.97,67.96,30.0,0.0,VF,0.0
KBW,under 18,24.99,34.99,30.0,0.0,RED,1.0
KBW,65 - 69,37.98,37.98,30.0,0.0,VF,0.0
KBW,60 - 64,72.96,49.97,594.0,0.0,VF,1.0
NRW,25 - 29,59.99,59.99,30.0,0.0,RED,0.0
KBW,25 - 29,44.98,44.98,30.0,0.0,VF,0.0
NRW,65 - 69,37.98,37.98,30.0,0.0,VF,0.0
NRW,50 - 54,34.99,34.99,30.0,0.0,RED,1.0
NRW,45 - 49,54.99,54.99,30.0,0.0,RED,1.0
NRW,25 - 29,34.99,34.99,30.0,0.0,RED,1.0
HSN,18 - 24,47.98,47.98,30.0,0.0,VF,1.0
HSN,25 - 29,44.98,44.98,30.0,0.0,RED,0.0
NRW,25 - 29,34.99,34.99,30.0,0.0,RED,0.0
NRW,75 - 79,39.99,39.99,30.0,0.0,RED,0.0
NRW,60 - 64,39.99,39.99,30.0,0.0,2PLAY,0.0
KBW,25 - 29,59.98,59.98,30.0,0.0,RED,0.0
NRW,25 - 29,29.98,39.98,30.0,0.0,VF,1.0
NRW,80 and over,44.98,44.98,30.0,0.0,2PLAY,0.0
NRW,75 - 79,49.97,49.97,30.0,0.0,GIGAZUHAUSE,0.0
KBW,25 - 29,43.98,43.98,30.0,0.0,RED,0.0
NRW,40 - 44,44.99,44.99,30.0,0.0,VF,0.0
HSN,25 - 29,54.96,54.98,30.0,0.0,RED,1.0
NRW,under 18,44.98,44.98,30.0,0.0,RED,1.0
KBW,65 - 69,39.99,39.99,30.0,0.0,RED,1.0
NRW,55 - 59,34.99,34.99,30.0,0.0,RED,1.0
NRW,55 - 59,46.97,37.99,30.0,0.0,RED,1.0
KBW,45 - 49,44.98,44.98,30.0,0.0,VF,0.0
KBW,50 - 54,39.98,39.98,30.0,0.0,GIGAZUHAUSE,1.0
NRW,80 and over,29.99,29.99,30.0,0.0,VF,1.0
HSN,under 18,39.99,39.99,30.0,0.0,RED,0.0
KBW,75 - 79,44.98,44.98,30.0,0.0,VF,1.0
NRW,45 - 49,44.98,44.98,30.0,0.0,VF,0.0
HSN,55 - 59,24.99,24.99,30.0,0.0,RED,0.0
HSN,75 - 79,44.98,44.98,30.0,0.0,VF,0.0
NRW,55 - 59,39.99,39.99,30.0,0.0,RED,0.0
KBW,80 and over,32.99,32.99,30.0,0.0,VF,1.0
NRW,75 - 79,44.98,44.98,30.0,0.0,RED,1.0
KBW,80 and over,54.98,54.98,30.0,0.0,RED,1.0
NRW,25 - 29,44.98,44.98,30.0,0.0,RED,0.0
KBW,65 - 69,47.98,47.98,30.0,0.0,VF,1.0
NRW,25 - 29,42.98,42.99,30.0,0.0,VF,1.0
NRW,25 - 29,52.98,39.98,30.0,0.0,GIGAZUHAUSE,1.0
KBW,80 and over,58.98,37.99,30.0,0.0,3PLAY,0.0
KBW,under 18,42.97,42.97,30.0,0.0,VF,1.0
KBW,45 - 49,39.99,39.99,30.0,0.0,RED,0.0
NRW,45 - 49,44.98,44.98,30.0,1.0,RED,1.0
KBW,25 - 29,39.98,39.98,30.0,0.0,VF,1.0
KBW,55 - 59,42.98,42.98,30.0,0.0,2PLAY,1.0
NRW,under 18,29.99,29.99,30.0,0.0,VF,1.0
NRW,25 - 29,34.99,34.99,30.0,0.0,RED,1.0
HSN,50 - 54,39.98,39.98,30.0,0.0,RED,0.0
NRW,50 - 54,48.97,48.97,30.0,0.0,VF,0.0
KBW,45 - 49,49.99,49.99,30.0,0.0,RED,0.0
HSN,75 - 79,48.97,48.97,30.0,0.0,3PLAY,1.0
HSN,80 and over,37.0,37.78,30.0,0.0,VF,0.0
KBW,under 18,39.99,39.99,30.0,0.0,VF,0.0
KBW,under 18,34.99,34.99,30.0,0.0,RED,0.0
NRW,under 18,49.89,49.89,30.0,0.0,3PLAY,1.0
NRW,under 18,27.99,37.99,92.0,0.0,GIGAZUHAUSE,1.0
NRW,45 - 49,44.98,44.98,30.0,0.0,GIGAZUHAUSE,0.0
HSN,30 - 34,29.99,29.99,30.0,0.0,VF,0.0
NRW,25 - 29,38.98,38.98,30.0,0.0,RED,1.0
KBW,75 - 79,29.99,29.99,30.0,0.0,VF,0.0
NRW,75 - 79,32.99,32.99,30.0,0.0,VF,0.0
NRW,60 - 64,37.99,37.99,30.0,0.0,VF,0.0
NRW,75 - 79,34.99,34.99,30.0,0.0,RED,0.0
KBW,75 - 79,39.99,39.99,574.0,0.0,VF,0.0
NRW,75 - 79,34.99,34.99,30.0,0.0,RED,1.0
KBW,18 - 24,34.99,34.99,30.0,0.0,RED,0.0
NRW,25 - 29,44.98,44.98,30.0,0.0,RED,0.0
KBW,50 - 54,69.96,49.97,30.0,0.0,VF,0.0
NRW,25 - 29,44.98,44.98,30.0,0.0,VF,1.0
KBW,40 - 44,54.98,39.99,30.0,0.0,RED,0.0
NRW,45 - 49,32.99,32.99,30.0,0.0,VF,0.0
NRW,55 - 59,42.98,42.98,30.0,0.0,VF,0.0
NRW,45 - 49,49.99,49.99,30.0,0.0,VF,1.0
KBW,65 - 69,29.99,29.99,30.0,0.0,VF,0.0
NRW,75 - 79,49.97,49.97,30.0,0.0,VF,1.0
NRW,under 18,54.99,54.99,30.0,0.0,RED,1.0
NRW,30 - 34,44.98,44.98,30.0,0.0,RED,1.0
NRW,45 - 49,52.98,52.98,30.0,0.0,VF,0.0
KBW,75 - 79,39.99,39.99,30.0,0.0,RED,1.0
KBW,65 - 69,37.98,37.98,30.0,0.0,VF,1.0
NRW,under 18,39.99,29.99,30.0,0.0,VF,0.0
NRW,55 - 59,34.99,34.99,69.0,0.0,VF,0.0
HSN,under 18,27.99,27.99,30.0,0.0,VF,0.0
NRW,25 - 29,49.99,49.99,30.0,0.0,RED,0.0
NRW,55 - 59,37.98,47.98,498.0,0.0,GIGAZUHAUSE,0.0
NRW,75 - 79,64.95,64.96,30.0,0.0,VF,0.0
HSN,80 and over,34.99,34.99,30.0,0.0,RED,1.0
KBW,under 18,55.97,37.78,30.0,0.0,VF,0.0
HSN,60 - 64,47.96,47.96,30.0,0.0,RED,1.0
NRW,75 - 79,42.98,42.98,30.0,0.0,2PLAY,1.0
NRW,under 18,63.98,42.98,30.0,0.0,VF,0.0
NRW,55 - 59,49.97,49.97,30.0,0.0,VF,0.0
NRW,40 - 44,37.98,44.98,30.0,0.0,VF,1.0
NRW,75 - 79,42.97,47.95,30.0,0.0,3PLAY,0.0
HSN,30 - 34,44.97,44.97,30.0,0.0,3PLAY,0.0
HSN,25 - 29,44.98,44.98,30.0,0.0,3PLAY,1.0
KBW,55 - 59,44.99,44.99,30.0,0.0,VF,0.0
HSN,55 - 59,39.98,39.98,242.0,0.0,GIGAZUHAUSE,1.0
NRW,30 - 34,44.98,44.98,30.0,0.0,GIGAZUHAUSE,1.0
HSN,50 - 54,39.99,39.99,30.0,0.0,RED,0.0
HSN,55 - 59,44.98,44.98,30.0,0.0,VF,0.0
NRW,80 and over,34.99,34.99,30.0,0.0,RED,0.0
HSN,40 - 44,44.98,44.98,30.0,0.0,VF,0.0
NRW,45 - 49,44.98,44.98,30.0,1.0,VF,1.0
NRW,25 - 29,44.98,44.98,30.0,0.0,VF,1.0
NRW,25 - 29,44.98,44.98,30.0,0.0,VF,0.0
KBW,75 - 79,39.98,39.98,30.0,0.0,VF,1.0
NRW,25 - 29,44.98,44.98,30.0,0.0,RED,1.0
KBW,45 - 49,39.99,39.99,30.0,0.0,RED,1.0
KBW,40 - 44,39.99,39.99,30.0,0.0,GIGAZUHAUSE,0.0
KBW,under 18,54.98,39.99,30.0,0.0,VF,0.0
KBW,55 - 59,44.98,44.98,30.0,0.0,RED,1.0
HSN,under 18,39.98,39.99,30.0,0.0,VF,1.0
NRW,under 18,44.98,44.98,30.0,0.0,VF,1.0
NRW,40 - 44,39.98,39.98,30.0,0.0,VF,0.0
KBW,45 - 49,44.98,44.98,30.0,0.0,VF,1.0
NRW,under 18,39.98,39.98,30.0,0.0,RED,0.0
NRW,55 - 59,39.99,39.99,30.0,0.0,VF,0.0
NRW,55 - 59,39.98,39.98,30.0,0.0,RED,0.0
KBW,60 - 64,61.95,49.99,30.0,0.0,GIGAZUHAUSE,1.0
NRW,45 - 49,59.98,59.98,30.0,0.0,VF,0.0
HSN,55 - 59,44.98,44.98,30.0,0.0,RED,0.0
KBW,40 - 44,37.99,37.99,30.0,1.0,VF,1.0
KBW,25 - 29,29.99,29.99,30.0,0.0,GIGAZUHAUSE,1.0
NRW,80 and over,44.98,44.98,30.0,0.0,GIGAZUHAUSE,0.0
KBW,65 - 69,54.99,54.99,30.0,0.0,RED,1.0
NRW,65 - 69,29.99,29.99,30.0,0.0,VF,0.0
NRW,50 - 54,39.98,39.98,368.0,0.0,GIGAZUHAUSE,1.0
KBW,60 - 64,39.99,39.99,30.0,0.0,RED,0.0
HSN,50 - 54,0.0,0.0,30.0,0.0,3PLAY,1.0
KBW,under 18,42.98,42.98,30.0,0.0,VF,1.0
NRW,under 18,29.99,29.99,30.0,0.0,VF,1.0
KBW,45 - 49,42.98,42.98,30.0,0.0,RED,0.0
NRW,50 - 54,39.99,39.99,30.0,0.0,RED,0.0
NRW,80 and over,34.99,34.99,30.0,0.0,RED,0.0
NRW,under 18,42.97,42.97,184.0,0.0,GIGAZUHAUSE,1.0
NRW,50 - 54,29.99,29.99,30.0,0.0,VF,0.0
KBW,30 - 34,39.98,39.98,30.0,0.0,VF,0.0
NRW,50 - 54,49.99,49.99,30.0,0.0,GIGAZUHAUSE,0.0
KBW,under 18,54.98,54.98,30.0,0.0,RED,1.0
HSN,55 - 59,24.99,24.99,30.0,0.0,VF,0.0
NRW,60 - 64,32.99,32.99,30.0,0.0,VF,0.0
NRW,75 - 79,29.99,29.99,30.0,0.0,VF,0.0
NRW,75 - 79,38.98,38.98,30.0,0.0,RED,1.0
NRW,75 - 79,44.98,44.98,106.0,0.0,VF,1.0
KBW,18 - 24,44.98,44.98,30.0,0.0,VF,1.0
NRW,60 - 64,29.99,29.99,30.0,0.0,VF,1.0
KBW,45 - 49,39.99,39.99,30.0,0.0,RED,0.0
NRW,30 - 34,34.99,34.99,30.0,0.0,RED,1.0
NRW,60 - 64,34.99,34.99,30.0,0.0,RED,0.0
NRW,65 - 69,49.97,49.98,577.0,0.0,GIGAZUHAUSE,1.0
NRW,55 - 59,44.98,44.98,30.0,0.0,VF,1.0
HSN,65 - 69,39.98,39.98,116.0,0.0,GIGAZUHAUSE,1.0
HSN,55 - 59,44.98,44.98,30.0,0.0,VF,0.0
NRW,60 - 64,37.99,37.98,30.0,0.0,VF,0.0
KBW,75 - 79,37.99,37.99,30.0,0.0,RED,0.0
HSN,75 - 79,29.98,29.99,30.0,0.0,VF,0.0
NRW,60 - 64,29.99,29.99,30.0,0.0,RED,0.0
HSN,25 - 29,39.99,39.99,30.0,0.0,RED,1.0
KBW,55 - 59,17.99,17.99,30.0,0.0,EAZY,0.0
NRW,55 - 59,39.99,39.99,30.0,0.0,RED,0.0
KBW,25 - 29,29.99,29.99,30.0,0.0,RED,0.0
KBW,75 - 79,42.98,42.98,30.0,0.0,RED,1.0
KBW,60 - 64,42.97,42.97,30.0,0.0,RED,0.0
NRW,60 - 64,58.96,37.99,30.0,0.0,RED,0.0
KBW,65 - 69,29.99,29.99,30.0,0.0,INTERNET,1.0
NRW,25 - 29,39.99,39.99,30.0,0.0,VF,0.0
KBW,50 - 54,39.99,39.99,30.0,0.0,VF,0.0
KBW,65 - 69,49.99,49.99,30.0,0.0,GIGAZUHAUSE,0.0
KBW,45 - 49,49.97,49.97,30.0,0.0,VF,1.0
KBW,60 - 64,29.99,29.99,30.0,0.0,VF,1.0
NRW,under 18,49.97,49.97,30.0,0.0,GIGAZUHAUSE,1.0
NRW,50 - 54,37.98,37.98,30.0,0.0,VF,0.0
NRW,75 - 79,32.99,32.99,30.0,0.0,VF,0.0
HSN,75 - 79,69.95,39.95,30.0,0.0,RED,0.0
KBW,75 - 79,35.94,32.99,30.0,0.0,VF,0.0
NRW,45 - 49,32.97,32.97,30.0,0.0,2PLAY,0.0
KBW,30 - 34,44.98,44.98,30.0,0.0,VF,0.0
NRW,45 - 49,47.97,47.99,30.0,0.0,VF,1.0
NRW,55 - 59,49.99,49.99,30.0,0.0,VF,1.0
KBW,under 18,44.99,44.99,30.0,0.0,VF,1.0
NRW,75 - 79,39.99,39.99,30.0,0.0,RED,1.0
KBW,45 - 49,59.98,59.98,30.0,0.0,VF,1.0
NRW,50 - 54,29.99,29.99,30.0,0.0,VF,0.0
KBW,75 - 79,54.99,54.99,30.0,0.0,RED,0.0
NRW,50 - 54,39.98,39.98,30.0,0.0,VF,0.0
NRW,under 18,24.99,24.99,30.0,0.0,INTERNET,1.0
NRW,under 18,39.98,39.98,39.0,0.0,VF,1.0
NRW,50 - 54,47.96,47.96,30.0,0.0,VF,0.0
KBW,55 - 59,32.99,32.99,30.0,0.0,VF,1.0
NRW,50 - 54,34.99,34.99,30.0,0.0,RED,0.0
KBW,75 - 79,34.99,34.99,30.0,0.0,RED,1.0
NRW,80 and over,54.99,54.99,30.0,0.0,RED,1.0
NRW,25 - 29,44.98,44.98,30.0,0.0,VF,1.0
NRW,65 - 69,44.98,44.98,30.0,0.0,RED,0.0
NRW,40 - 44,54.96,54.97,30.0,0.0,RED,0.0
NRW,40 - 44,39.99,39.99,30.0,0.0,RED,1.0
KBW,75 - 79,34.99,34.99,30.0,0.0,RED,0.0
KBW,25 - 29,39.99,39.99,30.0,0.0,RED,1.0
NRW,65 - 69,44.98,44.98,30.0,0.0,RED,1.0
NRW,75 - 79,32.99,32.99,162.0,0.0,GIGAZUHAUSE,1.0
NRW,45 - 49,32.99,32.99,30.0,0.0,VF,0.0
KBW,75 - 79,34.99,34.99,30.0,0.0,RED,0.0
KBW,30 - 34,59.87,59.99,30.0,0.0,3PLAY,0.0
NRW,40 - 44,34.99,34.99,30.0,0.0,RED,1.0
HSN,75 - 79,39.99,39.99,30.0,0.0,RED,1.0
NRW,50 - 54,44.98,44.98,30.0,0.0,RED,0.0
KBW,30 - 34,29.99,29.99,30.0,0.0,VF,0.0
NRW,60 - 64,44.98,44.98,30.0,0.0,VF,0.0
KBW,60 - 64,54.98,54.99,30.0,0.0,RED,1.0
NRW,75 - 79,48.97,48.97,30.0,0.0,RED,1.0
NRW,55 - 59,34.99,34.99,30.0,0.0,RED,1.0
HSN,55 - 59,44.98,44.98,30.0,0.0,VF,0.0
NRW,under 18,34.99,34.99,30.0,0.0,RED,1.0
NRW,45 - 49,29.99,29.99,30.0,0.0,EAZY,1.0
KBW,50 - 54,59.98,59.98,30.0,0.0,RED,0.0
HSN,75 - 79,44.98,44.98,30.0,0.0,VF,1.0
KBW,under 18,39.98,39.98,30.0,0.0,VF,1.0
KBW,25 - 29,59.98,59.98,30.0,0.0,VF,1.0
NRW,60 - 64,44.98,44.98,30.0,0.0,VF,1.0
NRW,25 - 29,44.98,44.98,30.0,0.0,RED,1.0
HSN,60 - 64,49.97,49.97,30.0,0.0,VF,1.0
HSN,under 18,49.97,49.97,695.0,0.0,GIGAZUHAUSE,0.0
NRW,50 - 54,70.86,39.99,30.0,0.0,VF,1.0
KBW,25 - 29,44.98,44.98,30.0,0.0,VF,0.0
NRW,under 18,34.99,34.99,30.0,0.0,RED,0.0
NRW,35 - 39,65.73,44.98,30.0,0.0,RED,1.0
KBW,45 - 49,34.99,34.99,30.0,0.0,RED,0.0
NRW,45 - 49,43.97,43.97,30.0,0.0,RED,1.0
KBW,30 - 34,39.98,39.98,30.0,0.0,VF,1.0
KBW,45 - 49,69.98,44.98,30.0,0.0,VF,1.0
HSN,40 - 44,39.98,39.98,30.0,0.0,VF,1.0
KBW,60 - 64,34.99,34.99,30.0,0.0,RED,0.0
NRW,25 - 29,34.99,34.99,30.0,0.0,RED,0.0
NRW,35 - 39,39.99,39.99,30.0,0.0,RED,0.0
NRW,55 - 59,39.99,39.99,30.0,0.0,VF,1.0
KBW,45 - 49,49.99,39.99,30.0,0.0,VF,1.0
NRW,55 - 59,34.99,34.99,30.0,0.0,RED,0.0
NRW,60 - 64,49.97,49.97,30.0,0.0,VF,0.0
KBW,under 18,44.98,44.98,30.0,0.0,3PLAY,1.0
NRW,75 - 79,39.99,39.99,30.0,0.0,RED,1.0
NRW,45 - 49,37.99,37.99,30.0,0.0,VF,0.0
NRW,75 - 79,34.99,34.99,30.0,0.0,RED,0.0
NRW,35 - 39,25.97,25.98,30.0,0.0,RED,0.0
NRW,60 - 64,54.98,54.98,30.0,0.0,RED,0.0
NRW,50 - 54,39.99,39.99,30.0,0.0,VF,0.0
KBW,18 - 24,44.98,44.98,30.0,0.0,VF,0.0
NRW,55 - 59,39.98,39.98,30.0,0.0,RED,0.0
HSN,25 - 29,29.99,29.99,30.0,0.0,VF,1.0
KBW,25 - 29,59.95,59.98,30.0,0.0,RED,0.0
NRW,45 - 49,44.98,44.98,30.0,0.0,VF,0.0
KBW,25 - 29,39.98,39.98,133.0,0.0,GIGAZUHAUSE,1.0
KBW,75 - 79,54.99,54.99,30.0,0.0,VF,0.0
KBW,under 18,51.96,37.78,30.0,0.0,RED,0.0
KBW,75 - 79,54.99,54.99,30.0,0.0,RED,1.0
NRW,55 - 59,34.99,34.99,30.0,0.0,RED,0.0
NRW,55 - 59,59.97,39.99,65.0,0.0,VF,1.0
KBW,30 - 34,34.99,34.99,30.0,0.0,RED,1.0
NRW,25 - 29,34.99,34.99,30.0,0.0,RED,1.0
NRW,75 - 79,39.99,39.99,30.0,0.0,RED,0.0
KBW,65 - 69,44.99,44.99,30.0,0.0,VF,1.0
NRW,25 - 29,44.98,44.98,30.0,0.0,GIGAZUHAUSE,0.0
NRW,under 18,39.99,39.99,30.0,0.0,VF,0.0
HSN,50 - 54,47.99,47.99,30.0,0.0,EAZY,1.0
NRW,under 18,44.98,44.98,30.0,0.0,RED,1.0
KBW,50 - 54,73.92,44.98,30.0,0.0,RED,0.0
HSN,under 18,49.99,49.99,30.0,0.0,RED,1.0
NRW,under 18,37.99,37.99,30.0,0.0,VF,1.0
HSN,55 - 59,30.0,30.8,30.0,0.0,RED,1.0
NRW,50 - 54,24.99,24.99,30.0,0.0,VF,0.0
NRW,75 - 79,34.99,34.99,30.0,0.0,RED,1.0
HSN,65 - 69,44.98,44.98,30.0,0.0,VF,0.0
KBW,60 - 64,49.97,49.99,30.0,0.0,VF,0.0
NRW,45 - 49,32.99,32.99,30.0,0.0,VF,1.0
NRW,65 - 69,29.99,29.99,30.0,0.0,VF,0.0
KBW,under 18,34.99,34.99,30.0,0.0,VF,1.0
NRW,55 - 59,44.98,44.98,30.0,0.0,RED,0.0
NRW,75 - 79,39.99,39.99,30.0,0.0,RED,1.0
KBW,35 - 39,54.99,54.99,30.0,0.0,RED,0.0
KBW,55 - 59,39.98,39.98,30.0,0.0,RED,0.0
NRW,60 - 64,29.99,29.99,30.0,0.0,VF,0.0
KBW,under 18,29.99,29.99,30.0,0.0,VF,0.0
HSN,50 - 54,34.99,34.99,30.0,0.0,RED,1.0
NRW,60 - 64,37.99,37.99,30.0,0.0,VF,0.0
KBW,45 - 49,29.99,29.99,30.0,0.0,VF,0.0
KBW,75 - 79,49.99,49.99,30.0,0.0,RED,0.0
NRW,60 - 64,44.98,37.99,30.0,0.0,VF,0.0
NRW,30 - 34,64.94,54.99,30.0,0.0,RED,0.0
HSN,55 - 59,39.99,39.99,30.0,0.0,RED,0.0
KBW,65 - 69,34.99,34.99,30.0,0.0,RED,0.0
NRW,60 - 64,49.99,49.99,30.0,0.0,RED,1.0
NRW,under 18,44.98,44.98,30.0,0.0,VF,1.0
NRW,35 - 39,44.98,44.98,30.0,0.0,VF,0.0
NRW,25 - 29,44.98,44.98,30.0,0.0,RED,0.0
NRW,40 - 44,42.98,42.98,30.0,0.0,RED,0.0
KBW,75 - 79,29.98,29.98,30.0,0.0,VF,0.0
KBW,30 - 34,47.96,47.98,30.0,0.0,VF,1.0
NRW,25 - 29,34.99,34.99,30.0,0.0,RED,1.0
KBW,25 - 29,44.98,44.98,30.0,0.0,VF,1.0
HSN,25 - 29,48.97,48.97,30.0,1.0,GIGAZUHAUSE,1.0
NRW,25 - 29,24.99,24.99,87.0,0.0,GIGAZUHAUSE,0.0
NRW,25 - 29,34.99,34.99,30.0,0.0,RED,0.0
NRW,65 - 69,44.98,44.99,30.0,0.0,VF,1.0
KBW,55 - 59,60.97,44.98,30.0,0.0,VF,0.0
KBW,65 - 69,39.99,39.99,30.0,0.0,VF,1.0
HSN,45 - 49,24.99,24.99,30.0,0.0,INTERNET,0.0
NRW,under 18,44.98,44.98,30.0,0.0,GIGAZUHAUSE,0.0
KBW,under 18,44.98,44.98,30.0,0.0,VF,1.0
NRW,25 - 29,47.99,47.99,30.0,0.0,VF,1.0
NRW,60 - 64,54.95,69.97,30.0,0.0,RED,0.0
NRW,50 - 54,37.98,37.98,30.0,0.0,GIGAZUHAUSE,0.0
NRW,50 - 54,67.96,47.98,30.0,0.0,GIGAZUHAUSE,0.0
NRW,40 - 44,49.97,34.99,30.0,0.0,VF,1.0
NRW,40 - 44,24.98,24.98,694.0,0.0,GIGAZUHAUSE,0.0
HSN,60 - 64,49.99,39.99,30.0,0.0,GIGAZUHAUSE,0.0
HSN,75 - 79,34.99,34.99,30.0,0.0,RED,1.0
KBW,75 - 79,39.99,39.99,30.0,0.0,RED,1.0
NRW,25 - 29,44.98,44.98,30.0,0.0,RED,1.0
KBW,under 18,44.99,44.99,30.0,0.0,RED,1.0
NRW,45 - 49,59.98,44.98,30.0,0.0,VF,0.0
HSN,65 - 69,44.98,44.97,30.0,0.0,3PLAY,0.0
NRW,50 - 54,49.99,49.99,30.0,0.0,GIGAZUHAUSE,0.0
NRW,50 - 54,49.97,49.97,30.0,0.0,VF,1.0
KBW,18 - 24,49.96,49.64,30.0,1.0,VF,0.0
NRW,75 - 79,48.97,48.42,30.0,0.0,VF,1.0
KBW,60 - 64,44.98,44.98,30.0,0.0,VF,0.0
KBW,55 - 59,44.98,44.98,30.0,0.0,GIGAZUHAUSE,0.0
NRW,25 - 29,34.99,34.99,30.0,0.0,VF,0.0
KBW,75 - 79,39.98,39.98,30.0,0.0,VF,0.0
HSN,45 - 49,64.99,39.99,30.0,0.0,RED,1.0
NRW,under 18,42.97,42.98,30.0,0.0,VF,0.0
KBW,25 - 29,49.99,49.99,30.0,0.0,RED,0.0
NRW,75 - 79,32.99,32.98,30.0,0.0,VF,1.0
NRW,45 - 49,37.99,37.99,30.0,0.0,RED,0.0
KBW,80 and over,47.98,41.98,30.0,0.0,VF,0.0
HSN,40 - 44,39.99,39.99,30.0,0.0,VF,1.0
NRW,25 - 29,49.97,49.97,30.0,0.0,RED,1.0
NRW,under 18,45.98,29.99,30.0,0.0,VF,1.0
HSN,55 - 59,39.99,39.99,30.0,0.0,RED,0.0
NRW,75 - 79,39.98,39.98,688.0,0.0,GIGAZUHAUSE,1.0
HSN,50 - 54,44.98,44.98,30.0,0.0,VF,1.0
KBW,55 - 59,44.98,44.98,30.0,0.0,VF,0.0
HSN,50 - 54,42.98,42.98,30.0,0.0,VF,0.0
NRW,60 - 64,58.98,58.98,30.0,0.0,RED,1.0
KBW,under 18,44.98,44.98,30.0,0.0,VF,0.0
HSN,65 - 69,44.98,44.98,30.0,0.0,RED,1.0
HSN,40 - 44,39.99,39.99,30.0,0.0,RED,0.0
KBW,60 - 64,44.98,44.98,30.0,0.0,3PLAY,1.0
NRW,75 - 79,44.97,44.97,30.0,0.0,VF,1.0
NRW,55 - 59,19.99,19.99,30.0,0.0,INTERNET,1.0
HSN,75 - 79,29.99,29.99,30.0,0.0,VF,1.0
NRW,60 - 64,44.98,34.98,30.0,0.0,GIGAZUHAUSE,1.0
HSN,40 - 44,49.97,49.97,30.0,0.0,3PLAY,0.0
NRW,65 - 69,49.97,49.97,30.0,0.0,VF,0.0
KBW,25 - 29,34.99,34.99,30.0,0.0,RED,0.0
NRW,55 - 59,50.98,29.99,30.0,0.0,INTERNET,1.0
HSN,55 - 59,34.99,34.99,30.0,0.0,RED,1.0
NRW,35 - 39,44.98,44.98,30.0,0.0,VF,1.0
NRW,75 - 79,34.99,34.99,30.0,0.0,RED,0.0
NRW,40 - 44,44.98,44.98,30.0,0.0,RED,0.0
HSN,55 - 59,34.99,34.99,30.0,0.0,RED,1.0
NRW,25 - 29,34.99,34.99,30.0,0.0,RED,0.0
NRW,18 - 24,34.99,34.99,30.0,0.0,RED,1.0
NRW,under 18,39.98,39.99,30.0,0.0,VF,0.0
KBW,55 - 59,29.99,29.99,30.0,0.0,VF,0.0
KBW,25 - 29,39.98,39.98,30.0,0.0,VF,1.0
NRW,45 - 49,39.99,39.99,30.0,0.0,GIGAZUHAUSE,0.0
KBW,75 - 79,37.99,37.99,30.0,0.0,VF,0.0
KBW,under 18,39.98,39.98,30.0,0.0,VF,0.0
KBW,50 - 54,63.97,42.98,155.0,0.0,GIGAZUHAUSE,1.0
KBW,45 - 49,44.98,44.98,30.0,0.0,VF,0.0
NRW,under 18,44.98,44.98,30.0,0.0,VF,1.0
KBW,65 - 69,54.98,54.98,30.0,0.0,RED,1.0
NRW,45 - 49,44.98,44.98,30.0,0.0,VF,0.0
NRW,40 - 44,44.98,44.98,30.0,0.0,GIGAZUHAUSE,0.0
NRW,under 18,29.99,29.99,333.0,0.0,GIGAZUHAUSE,1.0
NRW,50 - 54,58.98,43.98,30.0,1.0,RED,0.0
NRW,45 - 49,44.98,44.98,30.0,0.0,GIGAZUHAUSE,0.0
NRW,80 and over,72.9,30.88,30.0,0.0,2PLAY,1.0
NRW,55 - 59,42.98,42.98,254.0,0.0,GIGAZUHAUSE,1.0
NRW,75 - 79,39.99,39.99,30.0,0.0,RED,0.0
HSN,under 18,51.96,29.99,30.0,0.0,VF,0.0
NRW,18 - 24,47.97,57.97,30.0,0.0,VF,0.0
NRW,under 18,37.99,37.99,30.0,0.0,VF,0.0
KBW,under 18,34.99,34.99,30.0,0.0,RED,0.0
NRW,25 - 29,37.99,37.99,30.0,0.0,VF,1.0
NRW,18 - 24,42.97,42.97,30.0,0.0,GIGAZUHAUSE,0.0
KBW,45 - 49,34.99,34.99,30.0,0.0,3PLAY,1.0
NRW,55 - 59,39.99,39.99,30.0,0.0,RED,1.0
KBW,25 - 29,42.98,42.98,30.0,0.0,RED,0.0
NRW,55 - 59,59.96,59.98,30.0,0.0,RED,0.0
NRW,55 - 59,44.98,44.98,30.0,0.0,VF,0.0
KBW,55 - 59,44.98,44.98,30.0,0.0,RED,0.0
NRW,25 - 29,59.97,59.97,30.0,0.0,VF,0.0
NRW,25 - 29,44.98,44.98,30.0,0.0,GIGAZUHAUSE,0.0
KBW,45 - 49,37.98,37.98,30.0,0.0,VF,0.0
NRW,45 - 49,24.99,24.99,30.0,0.0,3PLAY,0.0
NRW,25 - 29,44.98,44.98,30.0,0.0,VF,0.0
NRW,55 - 59,44.98,44.98,30.0,0.0,RED,0.0
HSN,55 - 59,39.99,39.99,30.0,0.0,RED,0.0
NRW,60 - 64,29.99,29.99,30.0,0.0,GIGAZUHAUSE,0.0
NRW,40 - 44,63.97,42.97,30.0,0.0,RED,0.0
KBW,40 - 44,32.99,32.99,30.0,0.0,RED,1.0
NRW,80 and over,35.86,40.86,30.0,0.0,3PLAY,0.0
NRW,under 18,37.99,37.99,30.0,0.0,VF,1.0
KBW,25 - 29,44.98,44.98,30.0,0.0,GIGAZUHAUSE,0.0
NRW,25 - 29,44.98,44.98,30.0,0.0,VF,1.0
HSN,35 - 39,39.98,39.98,30.0,0.0,GIGAZUHAUSE,1.0
KBW,80 and over,39.99,39.99,57.0,0.0,RED,1.0
NRW,55 - 59,34.99,34.99,30.0,0.0,RED,1.0
NRW,50 - 54,61.98,32.99,30.0,0.0,VF,0.0
KBW,60 - 64,30.95,149.92,30.0,0.0,3PLAY,0.0
NRW,under 18,44.98,44.98,30.0,0.0,VF,1.0
KBW,45 - 49,54.99,54.99,30.0,0.0,RED,0.0
KBW,30 - 34,44.98,44.98,30.0,0.0,RED,0.0
NRW,50 - 54,49.99,49.99,30.0,0.0,GIGAZUHAUSE,1.0
NRW,25 - 29,37.99,37.99,30.0,0.0,RED,0.0
KBW,60 - 64,49.99,49.99,30.0,0.0,GIGAZUHAUSE,1.0
NRW,under 18,64.97,44.98,318.0,0.0,GIGAZUHAUSE,1.0
KBW,45 - 49,39.99,39.99,30.0,0.0,RED,1.0
KBW,50 - 54,34.99,34.99,30.0,2.0,RED,1.0
NRW,under 18,44.98,44.98,30.0,0.0,RED,1.0
NRW,45 - 49,47.98,47.98,30.0,0.0,VF,0.0
KBW,50 - 54,39.99,39.99,30.0,0.0,RED,1.0
NRW,45 - 49,54.99,54.99,30.0,0.0,RED,0.0
NRW,45 - 49,42.97,42.97,30.0,0.0,RED,1.0
NRW,55 - 59,29.99,29.99,30.0,0.0,VF,1.0
KBW,under 18,37.78,37.98,30.0,0.0,VF,0.0
NRW,60 - 64,39.98,39.98,30.0,0.0,VF,1.0
NRW,45 - 49,37.98,37.98,542.0,0.0,GIGAZUHAUSE,0.0
NRW,25 - 29,44.98,44.98,30.0,0.0,VF,1.0
KBW,under 18,60.98,39.99,30.0,0.0,VF,1.0
NRW,75 - 79,38.98,38.98,30.0,0.0,RED,1.0
HSN,45 - 49,39.98,39.98,30.0,0.0,GIGAZUHAUSE,1.0
NRW,60 - 64,54.99,34.99,30.0,0.0,VF,0.0
NRW,50 - 54,74.96,33.98,30.0,0.0,VF,0.0
HSN,under 18,44.98,44.98,30.0,0.0,RED,0.0
KBW,30 - 34,42.98,42.98,30.0,0.0,VF,1.0
KBW,40 - 44,44.98,44.98,642.0,0.0,RED,1.0
KBW,18 - 24,74.96,44.98,30.0,0.0,VF,0.0
KBW,40 - 44,52.97,62.95,30.0,0.0,VF,1.0
NRW,55 - 59,24.98,24.99,30.0,0.0,INTERNET,0.0
NRW,50 - 54,34.99,34.99,30.0,0.0,VF,1.0
KBW,60 - 64,29.99,29.99,30.0,0.0,VF,1.0
HSN,25 - 29,32.99,32.99,318.0,0.0,GIGAZUHAUSE,1.0
KBW,50 - 54,42.98,42.98,30.0,0.0,2PLAY,1.0
KBW,25 - 29,44.98,44.98,30.0,0.0,VF,1.0
KBW,60 - 64,39.98,39.98,30.0,0.0,VF,0.0
NRW,under 18,44.98,44.98,30.0,0.0,VF,0.0
NRW,55 - 59,44.98,44.98,30.0,0.0,RED,0.0
NRW,under 18,39.99,39.99,30.0,0.0,RED,1.0
KBW,45 - 49,37.99,37.99,30.0,0.0,VF,0.0
KBW,60 - 64,44.98,44.98,30.0,0.0,VF,0.0
HSN,45 - 49,30.88,30.88,30.0,0.0,RED,0.0
HSN,40 - 44,44.98,44.98,30.0,0.0,INTERNET,1.0
KBW,55 - 59,34.99,34.99,30.0,0.0,RED,0.0
NRW,50 - 54,69.95,44.98,30.0,0.0,3PLAY,0.0
KBW,50 - 54,44.98,44.98,30.0,0.0,VF,0.0
NRW,60 - 64,44.98,44.98,30.0,0.0,VF,1.0
NRW,35 - 39,49.97,49.97,30.0,0.0,RED,1.0
NRW,25 - 29,39.99,39.99,59.0,0.0,RED,0.0
KBW,65 - 69,59.99,59.99,30.0,0.0,VF,1.0
NRW,40 - 44,34.99,34.99,30.0,0.0,RED,1.0
NRW,75 - 79,44.98,44.98,30.0,0.0,VF,1.0
KBW,under 18,48.97,48.97,30.0,0.0,VF,1.0
KBW,25 - 29,49.97,49.97,30.0,0.0,RED,0.0
HSN,60 - 64,34.99,34.99,30.0,0.0,GIGAZUHAUSE,1.0
NRW,65 - 69,49.99,49.99,30.0,0.0,3PLAY,1.0
HSN,45 - 49,39.98,39.98,30.0,0.0,VF,0.0
KBW,75 - 79,62.98,37.98,30.0,0.0,VF,0.0
HSN,40 - 44,39.98,39.98,30.0,0.0,VF,1.0
HSN,25 - 29,44.97,44.98,30.0,0.0,RED,0.0
NRW,30 - 34,42.98,42.98,30.0,0.0,VF,0.0
KBW,55 - 59,44.99,34.99,30.0,0.0,RED,0.0
HSN,under 18,39.99,39.99,30.0,0.0,VF,1.0
NRW,under 18,54.99,54.99,30.0,0.0,RED,0.0
KBW,under 18,49.99,49.99,30.0,0.0,RED,0.0
NRW,40 - 44,54.96,54.98,30.0,0.0,VF,0.0
KBW,under 18,34.99,34.99,30.0,0.0,RED,0.0
KBW,55 - 59,44.98,44.98,30.0,0.0,VF,1.0
KBW,30 - 34,37.99,37.99,30.0,0.0,VF,0.0
NRW,40 - 44,32.99,32.99,30.0,0.0,VF,1.0
KBW,55 - 59,39.99,39.99,30.0,0.0,RED,1.0
NRW,75 - 79,44.98,44.98,30.0,0.0,VF,1.0
NRW,80 and over,49.99,29.99,30.0,0.0,RED,1.0
HSN,under 18,44.98,44.98,30.0,0.0,RED,1.0
KBW,75 - 79,54.98,54.98,30.0,0.0,RED,0.0
NRW,25 - 29,44.98,44.98,30.0,0.0,VF,1.0
NRW,25 - 29,34.99,34.99,30.0,0.0,RED,1.0
NRW,30 - 34,34.99,34.99,30.0,0.0,RED,0.0
NRW,under 18,54.99,54.99,30.0,0.0,RED,0.0
KBW,55 - 59,69.96,49.97,30.0,0.0,VF,0.0
KBW,55 - 59,29.99,29.99,30.0,0.0,VF,0.0
KBW,25 - 29,42.98,42.98,30.0,0.0,VF,0.0
KBW,under 18,29.99,29.99,30.0,0.0,VF,0.0
NRW,30 - 34,34.99,34.99,30.0,0.0,RED,0.0
NRW,75 - 79,44.98,44.98,30.0,0.0,VF,1.0
KBW,65 - 69,39.98,39.98,694.0,0.0,VF,0.0
NRW,50 - 54,47.98,57.98,30.0,0.0,VF,1.0
KBW,25 - 29,44.98,44.98,30.0,0.0,RED,1.0
HSN,25 - 29,34.99,34.99,30.0,0.0,RED,1.0
KBW,30 - 34,42.97,42.97,81.0,0.0,GIGAZUHAUSE,0.0
HSN,40 - 44,42.97,42.97,30.0,0.0,RED,0.0
KBW,75 - 79,34.99,34.99,30.0,0.0,VF,0.0
KBW,25 - 29,54.97,49.97,30.0,0.0,GIGAZUHAUSE,1.0
NRW,65 - 69,42.97,42.97,30.0,0.0,GIGAZUHAUSE,0.0
KBW,45 - 49,59.98,59.99,30.0,0.0,GIGAZUHAUSE,0.0
NRW,25 - 29,34.99,34.99,243.0,0.0,GIGAZUHAUSE,1.0
KBW,55 - 59,34.99,34.99,30.0,0.0,RED,0.0
NRW,25 - 29,39.98,39.98,30.0,0.0,RED,1.0
KBW,75 - 79,37.98,37.99,30.0,0.0,VF,0.0
KBW,60 - 64,34.99,34.99,30.0,0.0,RED,0.0
KBW,50 - 54,44.98,44.98,30.0,0.0,VF,1.0
NRW,55 - 59,49.99,49.99,30.0,0.0,3PLAY,1.0
NRW,55 - 59,44.98,44.98,30.0,0.0,RED,0.0
HSN,under 18,39.98,39.98,30.0,0.0,VF,1.0
NRW,40 - 44,39.99,39.99,30.0,0.0,VF,0.0
KBW,75 - 79,54.98,54.98,574.0,0.0,GIGAZUHAUSE,0.0
KBW,45 - 49,19.99,19.99,30.0,0.0,EAZY,0.0
HSN,under 18,42.97,42.98,30.0,0.0,RED,1.0
NRW,under 18,44.98,44.98,30.0,0.0,VF,1.0
KBW,45 - 49,44.98,44.98,30.0,0.0,VF,1.0
NRW,30 - 34,25.0,51.74,30.0,0.0,3PLAY,1.0
NRW,40 - 44,29.99,29.99,30.0,0.0,VF,0.0
KBW,25 - 29,54.99,54.99,593.0,0.0,RED,1.0
NRW,40 - 44,70.98,49.99,30.0,0.0,VF,0.0
NRW,40 - 44,29.99,29.99,30.0,0.0,VF,1.0
KBW,55 - 59,34.99,34.99,30.0,0.0,VF,0.0
NRW,55 - 59,34.99,34.99,30.0,0.0,RED,1.0
KBW,75 - 79,32.99,32.99,30.0,0.0,VF,1.0
KBW,40 - 44,54.97,54.99,30.0,0.0,RED,0.0
KBW,40 - 44,57.98,37.99,30.0,0.0,VF,0.0
NRW,80 and over,39.99,39.99,30.0,0.0,RED,1.0
KBW,45 - 49,44.98,44.98,30.0,0.0,VF,0.0
KBW,30 - 34,0.0,0.0,30.0,0.0,GIGAZUHAUSE,0.0
NRW,25 - 29,37.98,37.98,30.0,0.0,VF,1.0
NRW,25 - 29,34.99,34.99,30.0,0.0,RED,0.0
NRW,60 - 64,42.97,42.97,30.0,0.0,VF,0.0
HSN,75 - 79,39.99,39.99,30.0,0.0,RED,1.0
NRW,55 - 59,44.98,44.98,30.0,0.0,RED,0.0
HSN,75 - 79,42.98,42.98,30.0,0.0,VF,1.0
NRW,60 - 64,48.97,48.97,30.0,0.0,RED,0.0
KBW,45 - 49,39.99,39.99,30.0,0.0,RED,0.0
NRW,80 and over,57.97,42.97,30.0,0.0,GIGAZUHAUSE,0.0
NRW,75 - 79,34.99,34.99,30.0,0.0,RED,1.0
NRW,75 - 79,42.97,42.97,30.0,0.0,GIGAZUHAUSE,1.0
NRW,25 - 29,39.98,39.98,143.0,0.0,GIGAZUHAUSE,0.0
NRW,under 18,44.98,44.98,30.0,0.0,RED,1.0
KBW,55 - 59,59.97,54.98,695.0,0.0,VF,1.0
KBW,18 - 24,44.98,44.98,30.0,0.0,VF,0.0
NRW,40 - 44,44.98,44.98,30.0,0.0,VF,0.0
HSN,55 - 59,39.99,39.99,30.0,0.0,RED,0.0
NRW,50 - 54,44.98,44.98,30.0,0.0,VF,0.0
KBW,60 - 64,59.99,57.98,30.0,0.0,VF,0.0
NRW,55 - 59,29.99,29.99,30.0,0.0,VF,1.0
KBW,55 - 59,34.99,34.99,30.0,0.0,RED,0.0
KBW,60 - 64,44.98,44.98,30.0,0.0,RED,1.0
KBW,under 18,39.99,39.99,30.0,0.0,VF,1.0
HSN,75 - 79,37.98,37.98,30.0,0.0,GIGAZUHAUSE,0.0
HSN,under 18,37.99,37.99,30.0,0.0,VF,0.0
KBW,65 - 69,49.97,49.97,30.0,0.0,VF,0.0
HSN,55 - 59,69.97,49.97,30.0,0.0,VF,1.0
NRW,55 - 59,44.98,44.98,30.0,0.0,RED,1.0
NRW,50 - 54,34.99,34.99,30.0,0.0,RED,0.0
KBW,45 - 49,52.97,52.97,30.0,0.0,1PLAY,0.0
KBW,50 - 54,34.99,34.99,30.0,0.0,RED,0.0
KBW,under 18,49.99,49.99,30.0,0.0,VF,0.0
NRW,75 - 79,44.98,44.98,30.0,0.0,VF,1.0
NRW,25 - 29,34.99,34.99,30.0,0.0,RED,1.0
NRW,55 - 59,29.99,29.99,30.0,0.0,RED,1.0
NRW,40 - 44,49.97,49.97,30.0,0.0,RED,0.0
KBW,75 - 79,44.98,44.98,30.0,0.0,VF,0.0
NRW,55 - 59,44.98,44.98,30.0,0.0,VF,0.0
KBW,25 - 29,37.99,37.99,30.0,0.0,VF,1.0
NRW,55 - 59,34.99,34.99,30.0,0.0,RED,0.0
HSN,55 - 59,19.99,19.99,30.0,0.0,RED,1.0
KBW,75 - 79,44.98,44.98,30.0,0.0,VF,0.0
HSN,under 18,65.97,61.97,30.0,0.0,VF,1.0
HSN,50 - 54,37.98,37.98,30.0,0.0,VF,0.0
KBW,45 - 49,44.99,44.99,30.0,0.0,RED,1.0
NRW,40 - 44,42.97,42.97,30.0,0.0,GIGAZUHAUSE,1.0
NRW,55 - 59,49.98,49.99,30.0,0.0,VF,0.0
NRW,65 - 69,39.98,39.98,30.0,0.0,RED,0.0
NRW,45 - 49,35.98,45.98,30.0,0.0,3PLAY,1.0
NRW,30 - 34,29.99,29.99,30.0,0.0,VF,1.0
HSN,40 - 44,34.99,34.99,30.0,0.0,RED,0.0
HSN,45 - 49,34.99,34.99,30.0,0.0,VF,0.0
KBW,75 - 79,49.97,49.97,30.0,0.0,VF,1.0
KBW,18 - 24,44.98,44.98,30.0,0.0,RED,0.0
KBW,50 - 54,39.99,34.99,30.0,0.0,VF,0.0
HSN,80 and over,49.99,49.99,30.0,0.0,RED,0.0
NRW,35 - 39,34.98,34.99,30.0,0.0,RED,1.0
KBW,55 - 59,34.99,34.99,30.0,0.0,RED,0.0
HSN,50 - 54,39.99,39.99,30.0,0.0,RED,1.0
KBW,25 - 29,39.98,39.98,30.0,0.0,RED,1.0
KBW,under 18,34.99,39.99,30.0,0.0,RED,0.0
NRW,18 - 24,49.97,49.97,30.0,0.0,VF,1.0
KBW,25 - 29,62.43,62.98,30.0,0.0,GIGAZUHAUSE,1.0
KBW,35 - 39,44.97,44.98,30.0,0.0,VF,1.0
KBW,65 - 69,44.98,44.98,30.0,0.0,VF,1.0
NRW,25 - 29,34.99,34.99,30.0,0.0,RED,1.0
NRW,25 - 29,44.98,44.98,30.0,0.0,RED,1.0
NRW,under 18,42.97,42.97,30.0,0.0,2PLAY,0.0
NRW,55 - 59,45.78,30.95,30.0,0.0,RED,0.0
KBW,60 - 64,39.99,39.99,30.0,0.0,VF,1.0
HSN,75 - 79,49.99,49.99,30.0,0.0,RED,1.0
HSN,55 - 59,49.97,49.99,30.0,0.0,RED,1.0
NRW,55 - 59,44.98,44.98,30.0,0.0,RED,1.0
NRW,under 18,42.97,42.97,30.0,0.0,RED,0.0
KBW,under 18,39.98,39.98,30.0,0.0,VF,1.0
NRW,60 - 64,53.96,32.99,30.0,0.0,VF,0.0
KBW,65 - 69,44.98,44.98,30.0,0.0,VF,0.0
NRW,55 - 59,29.99,29.99,30.0,0.0,RED,0.0
NRW,75 - 79,44.98,44.98,30.0,0.0,VF,1.0
NRW,40 - 44,44.98,44.98,30.0,0.0,VF,1.0
KBW,75 - 79,54.98,54.98,697.0,0.0,GIGAZUHAUSE,1.0
NRW,45 - 49,29.99,29.99,30.0,0.0,VF,1.0
NRW,40 - 44,0.0,0.0,30.0,0.0,80,0.0
KBW,25 - 29,34.99,34.99,30.0,0.0,RED,1.0
NRW,50 - 54,54.99,54.99,30.0,0.0,RED,1.0
NRW,45 - 49,44.98,44.98,30.0,0.0,VF,1.0
HSN,55 - 59,39.99,39.99,30.0,0.0,RED,0.0
NRW,65 - 69,29.98,29.98,30.0,0.0,VF,0.0
NRW,75 - 79,42.97,42.97,693.0,0.0,GIGAZUHAUSE,1.0
NRW,55 - 59,44.98,44.98,30.0,0.0,VF,1.0
KBW,75 - 79,44.98,44.98,30.0,0.0,RED,1.0
NRW,50 - 54,39.99,29.99,30.0,0.0,VF,1.0
KBW,65 - 69,39.98,39.98,30.0,0.0,GIGAZUHAUSE,1.0
KBW,65 - 69,49.97,49.97,30.0,0.0,VF,0.0
NRW,80 and over,44.98,44.98,30.0,0.0,VF,1.0
KBW,65 - 69,44.98,44.98,30.0,0.0,RED,0.0
NRW,45 - 49,63.98,42.98,30.0,0.0,GIGAZUHAUSE,0.0
HSN,60 - 64,34.99,34.99,30.0,0.0,RED,1.0
KBW,55 - 59,47.96,47.96,30.0,0.0,VF,0.0
HSN,35 - 39,34.99,34.99,30.0,0.0,RED,0.0
KBW,25 - 29,54.99,54.99,30.0,0.0,RED,0.0
NRW,80 and over,39.99,39.99,30.0,0.0,VF,0.0
NRW,under 18,34.99,34.99,30.0,0.0,RED,0.0
KBW,30 - 34,34.99,34.99,30.0,0.0,VF,0.0
NRW,80 and over,34.99,34.99,30.0,0.0,RED,1.0
NRW,30 - 34,29.98,29.98,30.0,0.0,VF,0.0
NRW,35 - 39,49.97,49.97,30.0,0.0,VF,1.0
KBW,80 and over,49.99,49.99,30.0,0.0,RED,1.0
KBW,75 - 79,47.99,47.99,30.0,0.0,VF,0.0
NRW,65 - 69,34.99,34.99,30.0,0.0,VF,1.0
NRW,45 - 49,34.99,34.99,30.0,0.0,VF,0.0
KBW,55 - 59,49.97,49.99,30.0,0.0,RED,0.0
NRW,40 - 44,34.99,34.99,30.0,0.0,RED,1.0
NRW,75 - 79,34.99,34.99,30.0,0.0,RED,0.0
KBW,25 - 29,44.98,44.98,30.0,0.0,RED,0.0
HSN,65 - 69,44.99,44.99,30.0,0.0,VF,0.0
NRW,55 - 59,44.98,44.98,30.0,0.0,RED,1.0
KBW,55 - 59,49.99,49.99,30.0,0.0,RED,0.0
NRW,65 - 69,37.99,37.98,30.0,0.0,VF,0.0
KBW,50 - 54,47.98,58.98,30.0,0.0,RED,1.0
NRW,80 and over,52.94,52.96,30.0,0.0,RED,1.0
HSN,75 - 79,44.98,44.98,30.0,0.0,VF,0.0
NRW,55 - 59,44.98,44.98,30.0,0.0,VF,1.0
NRW,60 - 64,34.99,34.99,30.0,0.0,RED,1.0
NRW,60 - 64,37.97,37.98,30.0,0.0,GIGAZUHAUSE,1.0
KBW,25 - 29,39.99,39.99,30.0,0.0,VF,1.0
HSN,60 - 64,58.98,58.98,30.0,0.0,3PLAY,0.0
NRW,25 - 29,39.99,39.99,597.0,0.0,GIGAZUHAUSE,0.0
KBW,75 - 79,44.98,44.98,30.0,0.0,VF,1.0
HSN,55 - 59,34.99,34.99,30.0,0.0,RED,1.0
NRW,50 - 54,49.98,49.98,30.0,0.0,GIGAZUHAUSE,0.0
NRW,55 - 59,37.98,37.99,30.0,0.0,VF,0.0
KBW,25 - 29,34.99,34.99,30.0,0.0,RED,1.0
KBW,40 - 44,47.98,47.98,30.0,0.0,VF,1.0
NRW,45 - 49,49.99,59.99,30.0,0.0,GIGAZUHAUSE,0.0
KBW,40 - 44,44.98,44.98,30.0,0.0,VF,0.0
NRW,60 - 64,39.99,39.99,30.0,0.0,RED,0.0
KBW,25 - 29,44.98,44.98,49.0,0.0,VF,0.0
KBW,18 - 24,49.99,49.99,30.0,0.0,VF,0.0
NRW,45 - 49,64.97,44.97,30.0,0.0,VF,1.0
KBW,50 - 54,42.97,42.98,30.0,0.0,VF,0.0
NRW,50 - 54,39.99,39.99,30.0,0.0,GIGAZUHAUSE,1.0
KBW,25 - 29,63.93,39.99,30.0,0.0,RED,0.0
NRW,55 - 59,39.99,39.99,30.0,0.0,RED,1.0
NRW,40 - 44,44.98,44.98,30.0,0.0,VF,1.0
KBW,80 and over,49.97,49.97,30.0,0.0,VF,1.0
HSN,55 - 59,24.99,24.99,30.0,0.0,RED,1.0
NRW,55 - 59,37.98,44.98,30.0,0.0,VF,0.0
NRW,25 - 29,39.99,39.99,30.0,0.0,RED,1.0
NRW,75 - 79,34.99,34.99,30.0,0.0,RED,1.0
HSN,25 - 29,42.98,29.98,30.0,0.0,VF,0.0
KBW,75 - 79,44.98,44.98,30.0,0.0,VF,0.0
KBW,45 - 49,29.99,29.99,30.0,0.0,VF,1.0
KBW,75 - 79,34.99,34.99,30.0,0.0,RED,1.0
KBW,25 - 29,44.98,44.98,30.0,0.0,RED,1.0
KBW,60 - 64,49.98,49.98,30.0,0.0,VF,1.0
KBW,75 - 79,29.98,29.99,30.0,0.0,INTERNET,0.0
KBW,25 - 29,34.99,34.99,30.0,0.0,VF,1.0
HSN,45 - 49,37.99,37.99,30.0,0.0,VF,0.0
KBW,45 - 49,44.98,44.98,30.0,0.0,VF,1.0
KBW,75 - 79,29.99,29.99,30.0,0.0,RED,1.0
HSN,25 - 29,29.99,29.99,30.0,0.0,VF,1.0
KBW,55 - 59,34.99,34.99,30.0,0.0,RED,0.0
KBW,75 - 79,34.99,34.99,30.0,0.0,RED,0.0
KBW,55 - 59,34.99,34.99,30.0,0.0,RED,1.0
HSN,under 18,34.99,34.99,30.0,0.0,RED,1.0
NRW,80 and over,49.99,49.99,30.0,0.0,RED,0.0
KBW,25 - 29,34.99,34.99,30.0,0.0,GIGAZUHAUSE,1.0
KBW,35 - 39,39.98,39.98,30.0,0.0,RED,1.0
NRW,60 - 64,39.98,39.98,30.0,0.0,VF,0.0
KBW,40 - 44,71.96,37.97,30.0,0.0,VF,0.0
KBW,25 - 29,39.99,39.99,30.0,0.0,RED,1.0
NRW,50 - 54,34.99,34.99,30.0,0.0,RED,0.0
KBW,25 - 29,39.98,39.98,30.0,0.0,RED,1.0
KBW,55 - 59,39.99,39.99,30.0,0.0,RED,1.0
NRW,under 18,59.98,29.99,30.0,0.0,VF,0.0
NRW,75 - 79,34.99,34.99,30.0,0.0,RED,0.0
NRW,55 - 59,34.99,34.99,30.0,0.0,RED,0.0
KBW,45 - 49,44.98,44.98,30.0,0.0,VF,1.0
NRW,65 - 69,44.98,44.98,697.0,0.0,VF,0.0
NRW,30 - 34,59.98,59.98,30.0,0.0,VF,1.0
NRW,55 - 59,44.98,44.98,30.0,0.0,RED,1.0
KBW,25 - 29,24.99,24.99,30.0,0.0,INTERNET,0.0
NRW,under 18,34.99,34.99,30.0,0.0,RED,0.0
NRW,45 - 49,47.99,47.98,30.0,0.0,GIGAZUHAUSE,0.0
HSN,50 - 54,44.98,44.98,30.0,0.0,RED,0.0
KBW,75 - 79,53.96,52.96,30.0,0.0,GIGAZUHAUSE,0.0
NRW,25 - 29,34.99,34.99,30.0,0.0,GIGAZUHAUSE,0.0
NRW,45 - 49,44.98,44.98,30.0,0.0,VF,1.0
KBW,35 - 39,39.98,39.98,30.0,0.0,RED,1.0
NRW,50 - 54,44.98,44.98,30.0,0.0,VF,1.0
NRW,40 - 44,44.98,44.98,30.0,0.0,VF,0.0
KBW,50 - 54,34.99,34.99,30.0,0.0,RED,0.0
HSN,75 - 79,42.97,42.97,30.0,0.0,GIGAZUHAUSE,0.0
HSN,18 - 24,27.99,27.99,30.0,0.0,VF,0.0
NRW,50 - 54,34.99,34.99,30.0,0.0,GIGAZUHAUSE,0.0
KBW,18 - 24,29.99,29.99,30.0,0.0,VF,0.0
KBW,45 - 49,70.98,34.98,30.0,0.0,GIGAZUHAUSE,0.0
HSN,under 18,44.98,44.98,30.0,0.0,VF,0.0
NRW,75 - 79,29.99,29.99,30.0,0.0,RED,0.0
HSN,75 - 79,44.99,44.99,30.0,0.0,VF,0.0
KBW,50 - 54,29.99,29.99,30.0,0.0,VF,1.0
KBW,under 18,37.99,37.99,30.0,0.0,VF,0.0
NRW,65 - 69,42.97,42.97,30.0,0.0,VF,1.0
NRW,65 - 69,39.99,39.99,30.0,0.0,RED,0.0
KBW,55 - 59,29.99,29.99,30.0,0.0,VF,0.0
KBW,under 18,39.99,39.99,30.0,0.0,RED,1.0
KBW,under 18,47.97,47.97,30.0,0.0,2PLAY,0.0
KBW,75 - 79,58.98,58.98,30.0,0.0,RED,1.0
KBW,65 - 69,58.97,37.99,30.0,0.0,VF,1.0
KBW,under 18,44.98,44.98,30.0,0.0,2PLAY,0.0
HSN,60 - 64,39.99,39.99,30.0,0.0,GIGAZUHAUSE,1.0
NRW,75 - 79,39.99,39.99,30.0,0.0,RED,1.0
HSN,50 - 54,44.98,44.98,30.0,0.0,VF,1.0
HSN,75 - 79,37.98,37.98,30.0,0.0,VF,0.0
NRW,50 - 54,49.99,49.99,30.0,0.0,VF,0.0
NRW,25 - 29,49.97,49.97,30.0,0.0,RED,1.0
NRW,under 18,44.98,44.98,30.0,0.0,VF,1.0
NRW,45 - 49,34.99,34.99,30.0,0.0,VF,0.0
KBW,35 - 39,44.98,44.98,30.0,0.0,VF,1.0
NRW,80 and over,34.99,34.99,30.0,0.0,RED,0.0
KBW,under 18,46.97,37.97,30.0,0.0,2PLAY,0.0
NRW,60 - 64,47.98,47.99,30.0,0.0,VF,1.0
NRW,75 - 79,39.99,39.99,30.0,0.0,VF,0.0
NRW,65 - 69,29.99,29.99,30.0,0.0,VF,1.0
NRW,55 - 59,56.95,54.95,30.0,0.0,3PLAY,0.0
NRW,45 - 49,54.98,54.99,67.0,0.0,RED,1.0
NRW,55 - 59,49.98,49.98,30.0,0.0,RED,0.0
NRW,under 18,49.98,50.98,30.0,0.0,VF,0.0
NRW,45 - 49,44.98,44.98,30.0,0.0,VF,1.0
NRW,75 - 79,44.98,44.98,30.0,0.0,RED,0.0
KBW,65 - 69,68.97,42.98,30.0,0.0,3PLAY,0.0
HSN,under 18,34.99,49.99,351.0,0.0,GIGAZUHAUSE,0.0
HSN,under 18,37.99,37.99,30.0,0.0,VF,0.0
NRW,18 - 24,49.97,49.97,30.0,0.0,VF,1.0
NRW,60 - 64,69.96,49.97,30.0,0.0,VF,1.0
KBW,45 - 49,44.98,44.98,30.0,0.0,RED,0.0
NRW,55 - 59,49.97,49.97,30.0,0.0,VF,0.0
HSN,35 - 39,38.98,38.98,30.0,0.0,GIGAZUHAUSE,1.0
KBW,30 - 34,34.99,34.99,30.0,0.0,RED,1.0
KBW,75 - 79,37.98,37.99,30.0,0.0,VF,0.0
KBW,under 18,48.42,48.42,30.0,0.0,3PLAY,1.0
KBW,50 - 54,29.99,29.99,30.0,0.0,VF,0.0
NRW,60 - 64,39.99,39.99,30.0,0.0,VF,0.0
KBW,65 - 69,32.98,32.99,30.0,0.0,VF,0.0
HSN,75 - 79,39.99,39.99,30.0,0.0,RED,1.0
NRW,55 - 59,34.99,34.99,30.0,0.0,RED,1.0
KBW,30 - 34,64.98,59.99,30.0,0.0,RED,0.0
KBW,80 and over,48.97,48.97,30.0,0.0,RED,0.0
KBW,50 - 54,37.97,37.99,30.0,0.0,VF,1.0
NRW,50 - 54,34.99,34.99,30.0,0.0,RED,0.0
NRW,75 - 79,29.99,29.99,30.0,0.0,VF,1.0
NRW,35 - 39,44.98,44.98,30.0,0.0,VF,1.0
KBW,80 and over,45.95,37.98,30.0,0.0,VF,0.0
KBW,25 - 29,54.99,54.99,30.0,0.0,RED,1.0
HSN,55 - 59,34.99,34.99,30.0,0.0,VF,0.0
KBW,18 - 24,39.99,39.99,30.0,0.0,RED,0.0
HSN,75 - 79,37.98,37.99,599.0,0.0,GIGAZUHAUSE,1.0
NRW,80 and over,39.99,39.99,30.0,0.0,VF,1.0
HSN,under 18,29.99,29.99,30.0,0.0,VF,0.0
NRW,35 - 39,39.99,39.99,30.0,0.0,RED,1.0
KBW,under 18,39.98,39.98,30.0,0.0,VF,1.0
KBW,25 - 29,44.98,44.98,30.0,0.0,VF,0.0
HSN,60 - 64,29.99,29.99,30.0,0.0,RED,0.0
NRW,50 - 54,34.99,34.99,30.0,0.0,RED,0.0
NRW,60 - 64,34.99,34.99,30.0,0.0,VF,1.0
KBW,30 - 34,32.95,32.95,30.0,0.0,VF,0.0
KBW,30 - 34,54.98,34.99,30.0,0.0,RED,0.0
NRW,40 - 44,49.97,49.97,30.0,0.0,GIGAZUHAUSE,1.0
HSN,60 - 64,39.98,39.98,84.0,0.0,VF,1.0
NRW,under 18,49.99,49.99,30.0,0.0,RED,0.0
HSN,55 - 59,50.97,49.97,30.0,0.0,VF,0.0
NRW,60 - 64,29.99,29.99,30.0,0.0,VF,1.0
KBW,60 - 64,49.99,49.99,30.0,1.0,RED,1.0
KBW,75 - 79,37.98,37.98,30.0,0.0,VF,1.0
HSN,25 - 29,34.99,34.99,30.0,0.0,RED,1.0
KBW,55 - 59,52.96,52.96,30.0,0.0,VF,0.0
NRW,80 and over,39.99,29.99,30.0,0.0,GIGAZUHAUSE,1.0
NRW,under 18,49.97,49.97,30.0,0.0,RED,1.0
KBW,60 - 64,39.98,39.98,30.0,0.0,VF,0.0
NRW,25 - 29,29.99,29.99,30.0,0.0,EAZY,1.0
KBW,75 - 79,39.99,39.99,30.0,0.0,RED,1.0
NRW,40 - 44,49.97,49.97,30.0,0.0,RED,1.0
NRW,75 - 79,39.99,39.99,30.0,0.0,RED,1.0
KBW,65 - 69,54.98,54.99,30.0,0.0,RED,0.0
KBW,50 - 54,49.99,49.99,30.0,0.0,RED,1.0
HSN,55 - 59,39.99,39.99,30.0,0.0,RED,1.0
NRW,under 18,84.97,39.99,30.0,0.0,VF,0.0
KBW,80 and over,68.86,33.74,30.0,0.0,3PLAY,1.0
NRW,65 - 69,19.99,29.99,30.0,0.0,RED,0.0
KBW,under 18,34.98,34.98,30.0,0.0,RED,1.0
NRW,75 - 79,34.99,34.99,30.0,0.0,VF,1.0
