region,customer_age_class,basket_package_price_disc,internet_package_price_disc,basket_days_until_contract_end,count_previous_cancellations_0_18,internet_product_name,flag_churn
KBW,35 - 39,37.99,37.99,30.0,0.0,VF RIP U-TREUE  ,0.0
NRW,30 - 34,44.98,44.98,30.0,0.0,VF CABLEMAX     ,1.0
NRW,45 - 49,49.99,49.99,30.0,0.0,RED INTERNET & PHONE CABLE U ,0.0
NRW,65 - 69,39.98,39.98,30.0,0.0,RED INTERNET & PHONE CABLE U ,1.0
KBW,50 - 54,52.96,52.96,30.0,0.0,VF CABLEMAX     ,0.0
KBW,50 - 54,39.99,39.99,30.0,0.0,RED INTERNET & PHONE CABLE U ,0.0
HSN,50 - 54,43.98,43.98,30.0,0.0,RED INTERNET & PHONE CABLE U ,1.0
NRW,30 - 34,39.98,39.98,30.0,0.0,RED INTERNET & PHONE CABLE U ,1.0
NRW,30 - 34,32.99,32.99,30.0,0.0,VF RIP U-TREUE  ,1.0
NRW,50 - 54,44.98,44.98,30.0,0.0,RED INTERNET & PHONE CABLE U ,0.0
NRW,60 - 64,49.98,29.99,30.0,0.0,VF RIP U-TREUE  ,1.0
KBW,25 - 29,34.99,34.99,30.0,0.0,RED INTERNET & PHONE CABLE U ,1.0
NRW,55 - 59,44.98,44.98,30.0,0.0,VF CABLEMAX     ,1.0
NRW,35 - 39,54.99,54.99,30.0,0.0,RED INTERNET & PHONE CABLE U ,1.0
KBW,65 - 69,68.97,37.99,30.0,0.0,VF RIP U-TREUE  ,0.0
KBW,55 - 59,59.98,59.98,30.0,0.0,2PLAY PLUS       ,1.0
NRW,40 - 44,44.98,44.98,30.0,0.0,VF CABLEMAX     ,0.0
KBW,55 - 59,53.98,32.99,30.0,0.0,VF RIP U-TREUE  ,1.0
KBW,35 - 39,37.98,37.98,30.0,0.0,VF RIP U-TREUE  ,1.0
NRW,30 - 34,59.95,42.98,30.0,0.0,RED INTERNET & PHONE CABLE U ,0.0
KBW,55 - 59,24.99,24.99,30.0,0.0,INTERNET COMFORT     ,1.0
KBW,50 - 54,44.98,44.98,30.0,0.0,RED INTERNET & PHONE CABLE U ,1.0
NRW,18 - 24,34.99,34.99,30.0,0.0,RED INTERNET & PHONE CABLE U ,1.0
NRW,60 - 64,32.99,32.99,30.0,0.0,VF RIP U-TREUE  ,0.0
HSN,40 - 44,44.98,44.98,30.0,0.0,VF CABLEMAX     ,1.0
NRW,45 - 49,53.95,53.95,30.0,0.0,VF CABLEMAX     ,0.0
NRW,50 - 54,49.97,49.97,30.0,0.0,VF CABLEMAX     ,1.0
NRW,30 - 34,39.98,39.98,30.0,0.0,GIGAZUHAUSE KABEL ,1.0
HSN,40 - 44,39.98,39.98,30.0,0.0,VF RIP U-TREUE  ,1.0
KBW,60 - 64,72.96,44.98,30.0,0.0,VF CABLEMAX     ,0.0
KBW,30 - 34,39.99,39.99,30.0,0.0,RED INTERNET & PHONE CABLE U ,0.0
KBW,25 - 29,34.99,34.99,30.0,0.0,RED INTERNET & PHONE CABLE U ,0.0
KBW,25 - 29,44.98,44.98,30.0,0.0,RED INTERNET & PHONE CABLE U ,1.0
HSN,35 - 39,39.99,39.99,30.0,0.0,VF RIP U-TREUE  ,1.0
NRW,60 - 64,32.99,32.99,30.0,0.0,VF RIP U-TREUE  ,0.0
KBW,50 - 54,32.99,32.99,30.0,0.0,VF RIP U-TREUE  ,1.0
KBW,25 - 29,39.99,39.99,30.0,0.0,RED INTERNET & PHONE CABLE U ,1.0
KBW,35 - 39,59.98,59.98,30.0,0.0,RED INTERNET & PHONE CABLE U ,0.0
HSN,40 - 44,29.99,29.99,30.0,0.0,INTERNET PREMIUM     ,1.0
KBW,80 and over,60.98,39.99,30.0,0.0,VF RIP U-TREUE  ,0.0
KBW,25 - 29,39.99,39.99,30.0,0.0,RED INTERNET & PHONE CABLE U ,1.0
NRW,35 - 39,32.99,32.99,30.0,0.0,VF RIP U-TREUE  ,0.0
NRW,25 - 29,48.96,48.97,30.0,0.0,VF CABLEMAX     ,0.0
NRW,35 - 39,29.99,29.99,30.0,0.0,VF RIP U-TREUE  ,0.0
NRW,35 - 39,44.98,44.98,30.0,0.0,VF CABLEMAX     ,0.0
NRW,80 and over,39.98,39.98,30.0,0.0,RED INTERNET & PHONE CABLE U ,1.0
NRW,60 - 64,47.97,47.97,30.0,0.0,RED INTERNET & PHONE CABLE U ,1.0
NRW,50 - 54,39.99,39.99,25.0,0.0,VF CABLEMAX     ,0.0
KBW,60 - 64,44.98,44.98,30.0,0.0,VF CABLEMAX     ,1.0
NRW,25 - 29,48.97,48.97,30.0,0.0,VF CABLEMAX     ,0.0
NRW,50 - 54,54.98,54.98,30.0,1.0,RED INTERNET & PHONE CABLE U ,0.0
NRW,18 - 24,44.99,44.99,30.0,0.0,RED INTERNET & PHONE CABLE U ,1.0
NRW,35 - 39,34.99,34.99,30.0,0.0,RED INTERNET & PHONE CABLE U ,0.0
HSN,25 - 29,44.98,44.98,30.0,0.0,VF CABLEMAX     ,0.0
KBW,35 - 39,44.98,44.98,30.0,0.0,VF CABLEMAX     ,1.0
KBW,55 - 59,44.98,44.98,30.0,0.0,RED INTERNET & PHONE CABLE U ,1.0
NRW,65 - 69,34.99,34.99,30.0,0.0,RED INTERNET & PHONE CABLE U ,0.0
KBW,50 - 54,44.98,44.98,30.0,0.0,VF CABLEMAX     ,1.0
NRW,30 - 34,39.99,39.99,30.0,0.0,VF RIP U-TREUE  ,1.0
NRW,35 - 39,29.99,29.99,30.0,0.0,VF RIP U-TREUE  ,0.0
HSN,30 - 34,43.98,43.98,30.0,0.0,RED INTERNET & PHONE CABLE U ,1.0
KBW,40 - 44,42.98,42.98,30.0,0.0,VF RIP U-TREUE  ,0.0
KBW,30 - 34,44.98,44.98,30.0,0.0,VF CABLEMAX     ,1.0
KBW,50 - 54,49.97,39.99,30.0,0.0,VF RIP U-TREUE  ,1.0
HSN,50 - 54,32.99,32.99,30.0,0.0,VF RIP U-TREUE  ,1.0
KBW,80 and over,55.98,34.99,30.0,0.0,RED INTERNET & PHONE CABLE U ,0.0
NRW,75 - 79,64.97,39.99,30.0,0.0,VF RIP U-TREUE  ,1.0
NRW,30 - 34,29.99,29.99,30.0,0.0,INTERNET PREMIUM     ,1.0
NRW,25 - 29,39.98,39.98,30.0,0.0,RED INTERNET & PHONE CABLE U ,1.0
NRW,60 - 64,34.98,34.99,30.0,0.0,RED INTERNET & PHONE CABLE U ,1.0
NRW,35 - 39,49.97,49.97,30.0,0.0,VF CABLEMAX     ,0.0
HSN,35 - 39,39.99,39.99,30.0,0.0,RED INTERNET & PHONE CABLE U ,1.0
HSN,80 and over,24.99,24.99,30.0,0.0,INTERNET COMFORT     ,0.0
NRW,50 - 54,54.99,54.99,30.0,0.0,RED INTERNET & PHONE CABLE U ,0.0
KBW,70 - 74,29.99,29.99,30.0,0.0,VF RIP U-TREUE  ,1.0
NRW,25 - 29,44.98,44.98,87.0,0.0,RED INTERNET & PHONE CABLE U ,1.0
HSN,25 - 29,54.99,54.99,30.0,0.0,RED INTERNET & PHONE CABLE U ,1.0
NRW,75 - 79,59.98,39.99,30.0,0.0,VF RIP U-TREUE  ,1.0
NRW,65 - 69,65.87,44.98,30.0,0.0,3PLAY PLUS       ,0.0
NRW,35 - 39,54.98,54.98,30.0,0.0,RED INTERNET & PHONE CABLE U ,1.0
KBW,60 - 64,34.99,34.99,30.0,0.0,RED INTERNET & PHONE CABLE U ,1.0
NRW,65 - 69,42.97,42.97,30.0,0.0,RED INTERNET & PHONE CABLE U ,0.0
KBW,60 - 64,42.97,42.97,30.0,0.0,RED INTERNET & PHONE CABLE U ,1.0
HSN,50 - 54,34.99,34.99,30.0,0.0,RED INTERNET & PHONE CABLE U ,1.0
NRW,18 - 24,11.98,11.98,30.0,0.0,EAZY       ,0.0
NRW,35 - 39,44.98,44.98,30.0,0.0,RED INTERNET & PHONE CABLE U ,1.0
HSN,55 - 59,67.77,37.99,30.0,0.0,VF RIP U-TREUE  ,0.0
KBW,35 - 39,69.96,44.98,30.0,0.0,VF CABLEMAX     ,0.0
NRW,35 - 39,44.98,44.98,30.0,0.0,RED INTERNET & PHONE CABLE U ,1.0
NRW,30 - 34,34.99,34.99,30.0,0.0,RED INTERNET & PHONE CABLE U ,0.0
NRW,80 and over,32.99,32.99,30.0,0.0,VF RIP U-TREUE  ,1.0
KBW,35 - 39,49.97,49.97,30.0,0.0,VF CABLEMAX     ,1.0
KBW,45 - 49,42.98,42.98,30.0,0.0,VF RIP U-TREUE  ,0.0
NRW,25 - 29,48.97,48.98,30.0,0.0,RED INTERNET & PHONE CABLE U ,1.0
NRW,65 - 69,29.99,29.99,30.0,0.0,VF RIP U-TREUE  ,0.0
NRW,18 - 24,29.99,29.99,30.0,0.0,VF RIP U-TREUE  ,0.0
HSN,55 - 59,33.74,33.74,30.0,0.0,GIGAZUHAUSE KABEL ,0.0
KBW,70 - 74,59.97,44.98,30.0,0.0,VF CABLEMAX     ,0.0
HSN,55 - 59,62.98,62.98,30.0,0.0,RED INTERNET & PHONE CABLE U ,1.0
HSN,18 - 24,44.98,44.98,30.0,0.0,VF CABLEMAX     ,1.0
NRW,50 - 54,34.99,34.99,30.0,0.0,RED INTERNET & PHONE CABLE U ,0.0
KBW,30 - 34,29.99,29.99,30.0,0.0,VF RIP U-TREUE  ,1.0
KBW,25 - 29,44.98,44.98,30.0,0.0,RED INTERNET & PHONE CABLE U ,1.0
KBW,30 - 34,64.97,39.99,30.0,0.0,VF RIP U-TREUE  ,1.0
NRW,55 - 59,49.97,49.98,30.0,0.0,RED INTERNET & PHONE CABLE U ,0.0
KBW,30 - 34,44.98,44.98,30.0,0.0,RED INTERNET & PHONE CABLE U ,1.0
NRW,25 - 29,44.98,44.98,30.0,0.0,RED INTERNET & PHONE CABLE U ,0.0
NRW,40 - 44,39.99,39.99,30.0,0.0,RED INTERNET & PHONE CABLE U ,0.0
NRW,18 - 24,39.99,39.99,30.0,0.0,RED INTERNET & PHONE CABLE U ,0.0
HSN,35 - 39,44.98,44.98,30.0,0.0,RED INTERNET & PHONE CABLE U ,1.0
HSN,35 - 39,32.99,32.99,30.0,0.0,VF RIP U-TREUE  ,0.0
NRW,50 - 54,44.98,44.98,30.0,0.0,VF CABLEMAX     ,1.0
KBW,35 - 39,37.99,37.99,30.0,0.0,VF RIP U-TREUE  ,1.0
NRW,60 - 64,49.97,24.99,30.0,0.0,RED INTERNET & PHONE CABLE U ,0.0
HSN,65 - 69,56.95,35.98,30.0,0.0,2PLAY FLY      ,0.0
HSN,35 - 39,44.98,44.98,30.0,0.0,RED INTERNET & PHONE CABLE U ,1.0
NRW,40 - 44,49.97,49.97,30.0,0.0,VF CABLEMAX     ,0.0
KBW,70 - 74,34.99,34.99,30.0,0.0,VF RIP U-TREUE  ,1.0
KBW,65 - 69,32.99,32.99,30.0,0.0,VF RIP U-TREUE  ,0.0
NRW,55 - 59,44.98,44.98,30.0,0.0,VF CABLEMAX     ,0.0
KBW,55 - 59,44.98,44.98,30.0,0.0,VF CABLEMAX     ,0.0
KBW,25 - 29,54.98,54.98,30.0,0.0,GIGAZUHAUSE KABEL ,0.0
KBW,30 - 34,39.98,39.98,122.0,0.0,GIGAZUHAUSE TREUE B ,0.0
KBW,50 - 54,44.99,44.99,30.0,0.0,GIGAZUHAUSE KABEL ,0.0
NRW,60 - 64,34.99,34.99,30.0,0.0,RED INTERNET & PHONE CABLE U ,0.0
NRW,30 - 34,34.99,34.99,30.0,0.0,RED INTERNET & PHONE CABLE U ,1.0
NRW,25 - 29,39.99,39.99,30.0,0.0,VF RIP U-TREUE  ,1.0
HSN,55 - 59,44.98,44.98,30.0,0.0,VF CABLEMAX     ,1.0
HSN,55 - 59,34.99,34.99,30.0,0.0,RED INTERNET & PHONE CABLE U ,1.0
HSN,18 - 24,44.98,44.98,30.0,0.0,RED INTERNET & PHONE CABLE U ,1.0
NRW,30 - 34,29.99,29.99,30.0,0.0,VF RIP U-TREUE  ,1.0
NRW,37 -37,37.96,37.96,30.0,0.0,GIGAZUHAUSE KABEL ,1.0
HSN,55 - 59,49.98,49.98,94.0,0.0,VF CABLEMAX     ,0.0
HSN,75 - 79,38.98,38.98,30.0,0.0,RED INTERNET & PHONE CABLE U ,1.0
NRW,70 - 74,47.96,47.96,30.0,0.0,3PLAY PLUS       ,1.0
KBW,25 - 29,34.99,34.99,30.0,0.0,RED INTERNET & PHONE CABLE U ,0.0
NRW,60 - 64,40.98,24.98,30.0,0.0,GIGAZUHAUSE TREUE C ,0.0
KBW,45 - 49,49.99,49.99,30.0,0.0,GIGAZUHAUSE KABEL ,0.0
KBW,35 - 39,44.98,44.98,30.0,0.0,VF CABLEMAX     ,0.0
NRW,50 - 54,42.97,42.97,30.0,0.0,RED INTERNET & PHONE CABLE U ,1.0
NRW,30 - 34,34.99,34.99,30.0,0.0,RED INTERNET & PHONE CABLE U ,1.0
KBW,80 and over,49.97,39.98,30.0,0.0,VF CABLEMAX     ,1.0
NRW,25 - 29,29.99,29.99,30.0,0.0,VF RIP U-TREUE  ,0.0
HSN,55 - 59,54.99,54.99,30.0,0.0,RED INTERNET & PHONE CABLE U ,0.0
NRW,50 - 54,39.98,39.98,30.0,0.0,VF RIP U-TREUE  ,0.0
NRW,40 - 44,69.98,49.99,30.0,0.0,GIGAZUHAUSE KABEL ,1.0
KBW,25 - 29,54.99,54.99,30.0,0.0,RED INTERNET & PHONE CABLE U ,1.0
KBW,35 - 39,44.98,44.98,30.0,0.0,VF CABLEMAX     ,0.0
NRW,30 - 34,39.98,39.98,30.0,0.0,VF CABLEMAX     ,1.0
NRW,55 - 59,37.98,37.98,30.0,0.0,VF RIP U-TREUE  ,1.0
HSN,25 - 29,39.99,39.99,30.0,0.0,RED INTERNET & PHONE CABLE U ,1.0
KBW,35 - 39,34.99,34.99,30.0,0.0,RED INTERNET & PHONE CABLE U ,0.0
NRW,35 - 39,39.99,39.99,30.0,0.0,RED INTERNET & PHONE CABLE U ,1.0
KBW,45 - 49,69.96,54.98,30.0,0.0,VF RIP U-TREUE  ,1.0
NRW,25 - 29,44.98,44.98,30.0,0.0,RED INTERNET & PHONE CABLE U ,1.0
NRW,40 - 44,47.97,47.99,30.0,0.0,VF RIP U-TREUE  ,1.0
NRW,80 and over,58.95,42.97,30.0,0.0,RED INTERNET & PHONE CABLE U ,1.0
KBW,65 - 69,44.98,44.98,30.0,0.0,VF CABLEMAX     ,0.0
NRW,70 - 74,33.74,33.74,30.0,0.0,VF CABLEMAX     ,0.0
NRW,45 - 49,44.98,44.98,30.0,0.0,VF CABLEMAX     ,1.0
NRW,30 - 34,43.98,43.98,30.0,0.0,RED INTERNET & PHONE CABLE U ,1.0
KBW,25 - 29,32.99,32.99,30.0,0.0,VF RIP U-TREUE  ,1.0
NRW,30 - 34,34.99,34.99,30.0,0.0,GIGAZUHAUSE KABEL ,1.0
HSN,70 - 74,32.99,32.99,30.0,0.0,VF RIP U-TREUE  ,0.0
HSN,25 - 29,34.99,34.99,30.0,0.0,RED INTERNET & PHONE CABLE U ,1.0
NRW,25 - 29,49.96,49.97,30.0,0.0,VF CABLEMAX     ,1.0
NRW,40 - 44,39.99,39.99,30.0,0.0,VF RIP U-TREUE  ,1.0
KBW,80 and over,34.99,34.99,30.0,0.0,RED INTERNET & PHONE CABLE U ,0.0
NRW,45 - 49,39.99,39.99,30.0,0.0,RED INTERNET & PHONE CABLE U ,1.0
NRW,45 - 49,37.98,37.98,30.0,0.0,VF RIP U-TREUE  ,1.0
HSN,45 - 49,39.99,39.99,30.0,0.0,RED INTERNET & PHONE CABLE U ,1.0
KBW,50 - 54,44.98,44.98,30.0,0.0,VF CABLEMAX     ,0.0
NRW,50 - 54,49.99,49.99,30.0,0.0,RED INTERNET & PHONE CABLE U ,1.0
KBW,55 - 59,74.95,39.99,30.0,0.0,VF RIP U-TREUE  ,0.0
KBW,40 - 44,34.99,34.99,30.0,0.0,RED INTERNET & PHONE CABLE U ,1.0
NRW,30 - 34,44.98,44.98,30.0,0.0,VF CABLEMAX     ,0.0
NRW,35 - 39,17.99,17.99,30.0,0.0,EAZY FLEX    ,0.0
NRW,50 - 54,44.97,44.98,30.0,0.0,RED INTERNET & PHONE CABLE U ,0.0
NRW,55 - 59,34.98,34.98,30.0,0.0,RED INTERNET & PHONE CABLE U ,0.0
NRW,50 - 54,49.97,49.97,30.0,0.0,VF CABLEMAX     ,0.0
KBW,18 - 24,44.98,44.98,30.0,0.0,RED INTERNET & PHONE CABLE U ,1.0
KBW,70 - 74,30.34,30.98,30.0,0.0,RED INTERNET & PHONE CABLE U ,0.0
HSN,30 - 34,39.99,39.99,30.0,0.0,RED INTERNET & PHONE CABLE U ,1.0
NRW,35 - 39,34.99,34.99,30.0,0.0,RED INTERNET & PHONE CABLE U ,0.0
NRW,40 - 44,43.97,43.97,30.0,0.0,RED INTERNET & PHONE CABLE U ,0.0
NRW,70 - 74,29.99,29.99,30.0,0.0,VF RIP U-TREUE  ,0.0
HSN,80 and over,27.99,27.99,30.0,0.0,RED INTERNET & PHONE CABLE U ,0.0
NRW,25 - 29,44.98,44.98,30.0,0.0,RED INTERNET & PHONE CABLE U ,0.0
NRW,35 - 39,48.97,48.97,30.0,0.0,RED INTERNET & PHONE CABLE U ,1.0
NRW,55 - 59,42.97,42.97,30.0,0.0,RED INTERNET & PHONE CABLE U ,0.0
NRW,45 - 49,44.98,44.98,30.0,0.0,RED INTERNET & PHONE CABLE U ,1.0
NRW,55 - 59,34.99,34.99,30.0,0.0,RED INTERNET & PHONE CABLE U ,1.0
NRW,45 - 49,52.96,52.96,30.0,0.0,VF CABLEMAX     ,1.0
HSN,50 - 54,29.99,29.99,30.0,0.0,VF RIP U-TREUE  ,1.0
NRW,30 - 34,29.99,29.99,30.0,0.0,VF RIP U-TREUE  ,0.0
HSN,18 - 24,39.98,39.98,30.0,0.0,RED INTERNET & PHONE CABLE U ,1.0
KBW,55 - 59,44.98,44.98,30.0,0.0,VF CABLEMAX     ,0.0
NRW,25 - 29,44.97,44.97,24.0,1.0,GIGAZUHAUSE TREUE B ,1.0
HSN,35 - 39,39.99,39.99,30.0,0.0,RED INTERNET & PHONE CABLE U ,0.0
HSN,25 - 29,54.99,54.99,30.0,0.0,RED INTERNET & PHONE CABLE U ,1.0
HSN,25 - 29,34.99,34.99,30.0,0.0,RED INTERNET & PHONE CABLE U ,1.0
HSN,35 - 39,42.98,42.98,30.0,0.0,VF RIP U-TREUE  ,0.0
HSN,45 - 49,39.99,39.99,30.0,0.0,RED INTERNET & PHONE CABLE U ,0.0
NRW,30 - 34,39.99,39.99,30.0,0.0,RED INTERNET & PHONE CABLE U ,1.0
KBW,50 - 54,39.99,39.99,30.0,0.0,RED INTERNET & PHONE CABLE U ,1.0
NRW,30 - 34,34.99,34.99,30.0,0.0,RED INTERNET & PHONE CABLE U ,1.0
NRW,25 - 29,39.98,44.98,30.0,0.0,VF CABLEMAX     ,1.0
NRW,25 - 29,49.97,29.99,30.0,0.0,RED INTERNET & PHONE CABLE U ,0.0
NRW,55 - 59,43.97,43.97,30.0,0.0,VF CABLEMAX     ,1.0
HSN,65 - 69,39.99,39.99,30.0,0.0,RED INTERNET & PHONE CABLE U ,1.0
NRW,65 - 69,54.98,24.99,30.0,0.0,RED INTERNET & PHONE CABLE U ,0.0
KBW,40 - 44,65.97,44.98,30.0,0.0,VF CABLEMAX     ,0.0
NRW,25 - 29,42.98,42.98,30.0,0.0,VF RIP U-TREUE  ,1.0
NRW,50 - 54,49.97,49.97,30.0,0.0,RED INTERNET & PHONE CABLE U ,1.0
HSN,35 - 39,34.99,34.99,30.0,0.0,RED INTERNET & PHONE CABLE U ,0.0
HSN,35 - 39,39.99,39.99,30.0,0.0,VF RIP U-TREUE  ,1.0
KBW,60 - 64,54.98,54.98,30.0,0.0,RED INTERNET & PHONE CABLE U ,0.0
KBW,65 - 69,34.99,34.99,30.0,0.0,RED INTERNET & PHONE CABLE U ,1.0
NRW,35 - 39,44.98,44.98,30.0,0.0,VF CABLEMAX     ,1.0
NRW,40 - 44,34.99,34.99,30.0,0.0,RED INTERNET & PHONE CABLE U ,1.0
HSN,65 - 69,60.98,39.99,30.0,0.0,RED INTERNET & PHONE CABLE U ,1.0
KBW,30 - 34,44.98,44.98,30.0,0.0,RED INTERNET & PHONE CABLE U ,1.0
KBW,30 - 34,39.99,39.99,30.0,0.0,RED INTERNET & PHONE CABLE U ,1.0
KBW,55 - 59,63.96,42.97,30.0,0.0,RED INTERNET & PHONE CABLE U ,1.0
NRW,70 - 74,39.99,39.99,30.0,0.0,RED INTERNET & PHONE CABLE U ,0.0
KBW,40 - 44,44.98,44.98,30.0,0.0,VF CABLEMAX     ,0.0
KBW,50 - 54,78.94,49.97,30.0,0.0,GIGAZUHAUSE KABEL ,0.0
HSN,30 - 34,39.98,39.98,30.0,0.0,RED INTERNET & PHONE CABLE U ,1.0
NRW,65 - 69,32.99,32.99,30.0,0.0,VF RIP U-TREUE  ,0.0
HSN,60 - 64,44.98,44.98,30.0,0.0,VF CABLEMAX     ,1.0
NRW,45 - 49,32.99,32.99,30.0,0.0,VF RIP U-TREUE  ,0.0
NRW,50 - 54,44.98,44.98,30.0,0.0,VF CABLEMAX     ,1.0
KBW,35 - 39,59.98,39.99,30.0,0.0,RED INTERNET & PHONE CABLE U ,1.0
KBW,35 - 39,44.98,44.98,30.0,0.0,VF CABLEMAX     ,1.0
NRW,35 - 39,39.98,39.98,30.0,0.0,VF CABLEMAX     ,0.0
NRW,40 - 44,37.99,37.99,30.0,0.0,VF RIP U-TREUE  ,0.0
HSN,75 - 79,54.97,39.98,30.0,0.0,RED INTERNET & PHONE CABLE U ,0.0
NRW,45 - 49,54.99,54.99,30.0,0.0,3PLAY JUMP      ,0.0
KBW,70 - 74,39.98,39.98,30.0,0.0,GIGAZUHAUSE KABEL ,0.0
KBW,55 - 59,44.97,44.97,30.0,0.0,RED INTERNET & PHONE CABLE U ,1.0
NRW,65 - 69,54.97,54.98,30.0,0.0,RED INTERNET & PHONE CABLE U ,0.0
KBW,50 - 54,44.98,44.98,30.0,0.0,VF CABLEMAX     ,1.0
KBW,35 - 39,39.99,39.99,40.0,0.0,RED INTERNET & PHONE CABLE U ,0.0
HSN,70 - 74,44.98,44.98,30.0,0.0,RED INTERNET & PHONE CABLE U ,1.0
NRW,50 - 54,34.99,34.99,30.0,0.0,RED INTERNET & PHONE CABLE U ,1.0
KBW,30 - 34,49.99,49.99,30.0,0.0,RED INTERNET & PHONE CABLE U ,1.0
NRW,35 - 39,34.98,24.99,30.0,0.0,RED INTERNET & PHONE CABLE U ,0.0
NRW,60 - 64,34.99,34.99,30.0,0.0,RED INTERNET & PHONE CABLE U ,1.0
KBW,35 - 39,34.99,34.99,30.0,0.0,RED INTERNET & PHONE CABLE U ,0.0
NRW,25 - 29,39.98,39.98,30.0,0.0,RED INTERNET & PHONE CABLE U ,1.0
NRW,45 - 49,34.99,34.99,30.0,0.0,RED INTERNET & PHONE CABLE U ,0.0
KBW,30 - 34,39.98,39.98,30.0,0.0,RED INTERNET & PHONE CABLE U ,0.0
NRW,60 - 64,57.97,37.99,30.0,0.0,VF RIP U-TREUE  ,0.0
NRW,40 - 44,39.98,39.98,30.0,0.0,GIGAZUHAUSE KABEL ,1.0
HSN,55 - 59,39.98,39.98,30.0,0.0,RED INTERNET & PHONE CABLE U ,1.0
HSN,30 - 34,39.98,39.98,30.0,0.0,VF CABLEMAX     ,1.0
NRW,60 - 64,39.99,39.99,30.0,0.0,RED INTERNET & PHONE CABLE U ,0.0
NRW,70 - 74,34.99,34.99,30.0,0.0,RED INTERNET & PHONE CABLE U ,0.0
NRW,25 - 29,34.99,34.99,30.0,0.0,RED INTERNET & PHONE CABLE U ,1.0
HSN,45 - 49,44.98,44.98,30.0,0.0,VF CABLEMAX     ,1.0
HSN,30 - 34,49.97,49.97,30.0,0.0,VF CABLEMAX     ,1.0
HSN,40 - 44,44.99,44.99,30.0,0.0,RED INTERNET & PHONE CABLE U ,0.0
NRW,35 - 39,44.98,44.98,30.0,0.0,RED INTERNET & PHONE CABLE U ,0.0
NRW,30 - 34,44.98,44.98,30.0,0.0,RED INTERNET & PHONE CABLE U ,0.0
HSN,25 - 29,44.99,44.99,30.0,0.0,RED INTERNET & PHONE CABLE U ,1.0
KBW,65 - 69,48.42,48.42,30.0,0.0,3PLAY COMFORT     ,1.0
KBW,50 - 54,44.98,44.98,30.0,0.0,VF CABLEMAX     ,0.0
HSN,40 - 44,37.98,37.98,30.0,0.0,VF RIP U-TREUE  ,1.0
KBW,25 - 29,39.98,39.98,30.0,0.0,RED INTERNET & PHONE CABLE U ,1.0
NRW,30 - 34,44.98,44.98,30.0,0.0,RED INTERNET & PHONE CABLE U ,0.0
KBW,65 - 69,54.99,54.99,30.0,0.0,RED INTERNET & PHONE CABLE U ,1.0
NRW,40 - 44,34.99,34.99,30.0,0.0,RED INTERNET & PHONE CABLE U ,0.0
KBW,55 - 59,49.99,49.99,30.0,0.0,RED INTERNET & PHONE CABLE U ,1.0
HSN,50 - 54,42.97,42.97,30.0,0.0,RED INTERNET & PHONE CABLE U ,0.0
NRW,40 - 44,49.99,49.99,30.0,0.0,RED INTERNET & PHONE CABLE U ,0.0
NRW,50 - 54,49.99,49.99,30.0,0.0,RED INTERNET & PHONE CABLE U ,1.0
NRW,30 - 34,44.97,44.97,30.0,0.0,VF CABLEMAX     ,1.0
KBW,60 - 64,29.98,29.98,30.0,0.0,VF RIP U-TREUE  ,0.0
NRW,35 - 39,52.98,52.98,30.0,0.0,VF RIP U-TREUE  ,1.0
KBW,60 - 64,39.99,39.99,30.0,0.0,RED INTERNET & PHONE CABLE U ,0.0
KBW,55 - 59,52.98,49.99,30.0,0.0,VF RIP U-TREUE  ,1.0
NRW,70 - 74,39.99,39.99,30.0,0.0,RED INTERNET & PHONE CABLE U ,1.0
KBW,45 - 49,49.98,39.99,30.0,0.0,RED INTERNET & PHONE CABLE U ,1.0
NRW,30 - 34,39.98,39.98,30.0,0.0,VF CABLEMAX     ,1.0
KBW,25 - 29,44.98,44.98,30.0,0.0,VF CABLEMAX     ,1.0
HSN,55 - 59,44.98,44.98,30.0,0.0,RED INTERNET & PHONE CABLE U ,0.0
HSN,55 - 59,34.99,34.99,30.0,0.0,RED INTERNET & PHONE CABLE U ,1.0
NRW,18 - 24,39.98,39.98,30.0,0.0,VF CABLEMAX     ,0.0
NRW,50 - 54,42.97,42.97,30.0,0.0,VF CABLEMAX     ,1.0
NRW,25 - 29,44.98,44.98,30.0,0.0,RED INTERNET & PHONE CABLE U ,0.0
NRW,75 - 79,37.99,37.99,30.0,0.0,VF RIP U-TREUE  ,0.0
KBW,65 - 69,73.97,42.98,30.0,0.0,VF RIP U-TREUE  ,0.0
KBW,70 - 74,34.99,34.99,30.0,0.0,RED INTERNET & PHONE CABLE U ,0.0
NRW,89 - 39,39.99,39.99,30.0,0.0,RED INTERNET & PHONE CABLE U ,1.0
KBW,35 - 39,49.99,49.99,30.0,0.0,RED INTERNET & PHONE CABLE U ,0.0
KBW,35 - 39,34.99,34.99,30.0,0.0,3PLAY TREUE      ,0.0
NRW,55 - 59,47.98,47.98,30.0,0.0,2PLAY PLUS       ,1.0
NRW,45 - 49,34.98,34.98,30.0,0.0,VF RIP U-TREUE  ,0.0
NRW,75 - 79,34.99,34.99,30.0,0.0,RED INTERNET & PHONE CABLE U ,0.0
HSN,25 - 29,39.99,39.99,30.0,0.0,VF RIP U-TREUE  ,1.0
HSN,25 - 29,34.99,34.99,30.0,0.0,RED INTERNET & PHONE CABLE U ,0.0
KBW,30 - 34,44.98,44.98,30.0,0.0,RED INTERNET & PHONE CABLE U ,1.0
HSN,40 - 44,54.98,54.98,30.0,0.0,RED INTERNET & PHONE CABLE U ,0.0
KBW,50 - 54,58.98,58.98,30.0,0.0,RED INTERNET & PHONE CABLE U ,1.0
NRW,35 - 39,39.99,39.99,30.0,0.0,RED INTERNET & PHONE CABLE U ,0.0
NRW,25 - 29,39.99,39.99,30.0,0.0,VF CABLEMAX     ,0.0
NRW,55 - 59,54.99,54.99,30.0,0.0,RED INTERNET & PHONE CABLE U ,1.0
HSN,40 - 44,44.98,44.98,30.0,0.0,VF CABLEMAX     ,1.0
KBW,80 and over,37.78,37.78,30.0,0.0,2PLAY        ,0.0
HSN,40 - 44,32.99,32.99,30.0,0.0,VF RIP U-TREUE  ,1.0
HSN,60 - 64,48.97,48.97,30.0,0.0,RED INTERNET & PHONE CABLE U ,0.0
NRW,65 - 69,44.98,44.98,30.0,0.0,VF CABLEMAX     ,0.0
NRW,40 - 44,39.98,39.98,30.0,0.0,RED INTERNET & PHONE CABLE U ,0.0
NRW,35 - 39,44.98,44.98,30.0,0.0,RED INTERNET & PHONE CABLE U ,1.0
KBW,35 - 39,34.99,34.99,30.0,0.0,RED INTERNET & PHONE CABLE U ,1.0
HSN,50 - 54,49.99,49.99,30.0,0.0,RED INTERNET & PHONE CABLE U ,0.0
NRW,55 - 59,39.99,39.99,30.0,0.0,RED INTERNET & PHONE CABLE U ,1.0
KBW,35 - 39,39.98,39.98,30.0,0.0,VF CABLEMAX     ,1.0
NRW,80 and over,39.98,39.98,30.0,0.0,VF CABLEMAX     ,0.0
HSN,35 - 39,39.99,39.99,30.0,0.0,RED INTERNET & PHONE CABLE U ,1.0
HSN,25 - 29,39.98,39.98,30.0,0.0,RED INTERNET & PHONE CABLE U ,1.0
HSN,30 - 34,39.99,39.99,30.0,0.0,RED INTERNET & PHONE CABLE U ,1.0
KBW,55 - 59,42.98,42.98,30.0,0.0,VF RIP U-TREUE  ,1.0
HSN,40 - 44,19.99,19.99,94.0,0.0,GIGAZUHAUSE KABEL ,1.0
NRW,35 - 39,44.98,44.98,30.0,0.0,VF CABLEMAX     ,0.0
KBW,40 - 44,29.99,29.99,30.0,0.0,VF RIP U-TREUE  ,1.0
NRW,65 - 69,56.93,49.97,30.0,0.0,RED INTERNET & PHONE CABLE U ,1.0
HSN,40 - 44,44.98,44.98,30.0,0.0,VF CABLEMAX     ,1.0
KBW,30 - 34,39.98,39.98,30.0,0.0,VF CABLEMAX     ,0.0
HSN,30 - 34,29.99,29.99,30.0,0.0,INTERNET PREMIUM     ,0.0
KBW,80 and over,55.97,34.99,30.0,0.0,RED INTERNET & PHONE CABLE U ,0.0
NRW,30 - 34,29.99,29.99,30.0,0.0,VF RIP U-TREUE  ,1.0
KBW,35 - 39,44.97,44.97,30.0,0.0,RED INTERNET & PHONE CABLE U ,1.0
NRW,40 - 44,38.98,38.98,30.0,0.0,RED INTERNET & PHONE CABLE U ,0.0
HSN,30 - 34,44.98,44.98,30.0,0.0,RED INTERNET & PHONE CABLE U ,1.0
HSN,30 - 34,44.99,44.99,39.0,0.0,GIGAZUHAUSE KABEL ,1.0
NRW,45 - 49,34.99,34.99,30.0,0.0,RED INTERNET & PHONE CABLE U ,0.0
KBW,25 - 29,44.98,44.98,30.0,0.0,RED INTERNET & PHONE CABLE U ,1.0
NRW,30 - 34,34.99,34.99,30.0,0.0,RED INTERNET & PHONE CABLE U ,0.0
NRW,30 - 34,44.99,44.99,30.0,0.0,3PLAY JUMP      ,0.0
KBW,25 - 29,39.99,39.99,30.0,0.0,RED INTERNET & PHONE CABLE U ,1.0
NRW,55 - 59,44.98,44.98,30.0,0.0,VF CABLEMAX     ,1.0
NRW,80 and over,39.98,39.98,30.0,0.0,GIGAZUHAUSE KABEL ,1.0
NRW,80 and over,0.0,0.0,30.0,0.0,MMA        ,0.0
NRW,50 - 54,42.98,42.98,30.0,0.0,VF RIP U-TREUE  ,0.0
HSN,25 - 29,39.99,39.99,30.0,0.0,RED INTERNET & PHONE CABLE U ,0.0
HSN,25 - 29,54.98,54.98,30.0,0.0,RED INTERNET & PHONE CABLE U ,1.0
NRW,45 - 49,49.97,49.97,30.0,0.0,VF CABLEMAX     ,0.0
KBW,45 - 49,47.95,47.96,30.0,0.0,VF RIP U-TREUE  ,1.0
NRW,70 - 74,63.96,42.98,30.0,0.0,RED INTERNET & PHONE CABLE U ,0.0
HSN,40 - 44,39.98,39.98,30.0,0.0,VF CABLEMAX     ,0.0
KBW,40 - 44,39.98,39.98,30.0,0.0,VF CABLEMAX     ,1.0
HSN,25 - 29,29.99,29.99,30.0,0.0,INTERNET PREMIUM     ,0.0
NRW,30 - 34,34.99,34.99,30.0,0.0,RED INTERNET & PHONE CABLE U ,1.0
HSN,25 - 29,34.99,34.99,30.0,0.0,RED INTERNET & PHONE CABLE U ,0.0
NRW,60 - 64,60.98,39.99,30.0,0.0,VF RIP U-TREUE  ,0.0
HSN,45 - 49,44.99,44.99,30.0,0.0,RED INTERNET & PHONE CABLE U ,1.0
NRW,55 - 59,29.99,29.99,30.0,0.0,VF RIP U-TREUE  ,0.0
NRW,40 - 44,39.98,39.98,30.0,0.0,VF CABLEMAX     ,1.0
NRW,40 - 44,55.99,34.99,30.0,0.0,RED INTERNET & PHONE CABLE U ,1.0
KBW,55 - 59,52.98,52.98,30.0,0.0,3PLAY TREUE GENRE    ,0.0
NRW,30 - 34,44.98,44.98,30.0,0.0,RED INTERNET & PHONE CABLE U ,1.0
KBW,25 - 29,39.99,39.99,30.0,0.0,RED INTERNET & PHONE CABLE U ,1.0
KBW,35 - 39,44.98,44.98,30.0,0.0,VF CABLEMAX     ,0.0
NRW,30 - 34,34.99,34.99,30.0,0.0,RED INTERNET & PHONE CABLE U ,0.0
KBW,35 - 39,19.99,19.99,30.0,0.0,EAZY       ,0.0
NRW,80 and over,55.97,32.99,30.0,0.0,VF RIP U-TREUE  ,0.0
KBW,35 - 39,49.99,49.99,30.0,0.0,RED INTERNET & PHONE CABLE U ,0.0
NRW,25 - 29,44.98,44.98,30.0,0.0,RED INTERNET & PHONE CABLE U ,0.0
HSN,30 - 34,44.98,44.98,30.0,0.0,RED INTERNET & PHONE CABLE U ,1.0
KBW,40 - 44,39.98,39.98,126.0,0.0,GIGAZUHAUSE KABEL ,0.0
KBW,45 - 49,39.99,39.99,30.0,0.0,RED INTERNET & PHONE CABLE U ,1.0
KBW,45 - 49,79.94,49.97,30.0,0.0,VF RIP U-TREUE  ,0.0
KBW,40 - 44,32.99,32.99,30.0,0.0,VF RIP U-TREUE  ,1.0
NRW,25 - 29,39.98,39.98,30.0,0.0,RED INTERNET & PHONE CABLE U ,0.0
NRW,45 - 49,45.86,45.86,30.0,0.0,3PLAY JUMP      ,0.0
KBW,35 - 39,44.98,44.98,30.0,0.0,VF CABLEMAX     ,0.0
NRW,30 - 34,39.98,39.98,30.0,0.0,RED INTERNET & PHONE CABLE U ,1.0
NRW,50 - 54,39.98,39.98,30.0,0.0,RED INTERNET & PHONE CABLE U ,1.0
HSN,70 - 74,37.99,37.99,30.0,0.0,VF RIP U-TREUE  ,0.0
KBW,65 - 69,42.97,42.97,30.0,0.0,RED INTERNET & PHONE CABLE U ,0.0
NRW,70 - 74,44.98,44.98,30.0,0.0,RED INTERNET & PHONE CABLE U ,0.0
NRW,50 - 54,44.98,44.98,30.0,0.0,VF CABLEMAX     ,1.0
NRW,55 - 59,34.99,34.99,30.0,0.0,RED INTERNET & PHONE CABLE U ,0.0
NRW,45 - 49,39.99,39.99,30.0,0.0,RED INTERNET & PHONE CABLE U ,0.0
NRW,25 - 29,39.98,39.98,30.0,0.0,VF CABLEMAX     ,1.0
NRW,35 - 39,52.96,52.96,30.0,0.0,VF CABLEMAX     ,1.0
NRW,55 - 59,39.97,39.98,30.0,0.0,VF CABLEMAX     ,0.0
HSN,35 - 39,44.98,44.98,30.0,0.0,RED INTERNET & PHONE CABLE U ,1.0
KBW,35 - 39,59.99,59.99,30.0,0.0,3PLAY FLY      ,1.0
HSN,50 - 54,34.99,34.99,30.0,0.0,RED INTERNET & PHONE CABLE U ,1.0
KBW,45 - 49,54.99,54.99,30.0,0.0,RED INTERNET & PHONE CABLE U ,0.0
NRW,30 - 34,44.98,44.98,30.0,0.0,VF CABLEMAX     ,0.0
KBW,18 - 24,39.98,39.98,30.0,0.0,RED INTERNET & PHONE CABLE U ,1.0
NRW,25 - 29,44.98,44.98,30.0,0.0,RED INTERNET & PHONE CABLE U ,0.0
NRW,75 - 79,34.98,34.98,30.0,0.0,VF RIP U-TREUE  ,0.0
NRW,30 - 34,44.97,44.97,30.0,0.0,RED INTERNET & PHONE CABLE U ,1.0
KBW,70 - 74,34.99,34.99,30.0,0.0,RED INTERNET & PHONE CABLE U ,1.0
KBW,35 - 39,34.99,34.99,30.0,0.0,RED INTERNET & PHONE CABLE U ,0.0
NRW,30 - 34,39.98,39.98,30.0,0.0,RED INTERNET & PHONE CABLE U ,1.0
NRW,40 - 44,44.98,44.98,30.0,0.0,VF CABLEMAX     ,1.0
NRW,70 - 74,40.3,40.0,30.0,0.0,2PLAY PLUS       ,0.0
NRW,55 - 59,44.98,44.98,30.0,0.0,VF CABLEMAX     ,1.0
HSN,60 - 64,34.99,34.99,30.0,0.0,RED INTERNET & PHONE CABLE U ,0.0
KBW,25 - 29,44.98,44.98,30.0,0.0,RED INTERNET & PHONE CABLE U ,1.0
NRW,25 - 29,49.99,49.99,30.0,0.0,RED INTERNET & PHONE CABLE U ,1.0
NRW,35 - 39,39.99,39.99,30.0,0.0,VF RIP U-TREUE  ,1.0
KBW,45 - 49,49.97,49.98,30.0,0.0,VF CABLEMAX     ,1.0
KBW,35 - 39,59.99,59.99,30.0,0.0,RED INTERNET & PHONE CABLE U ,0.0
NRW,50 - 54,44.98,44.98,30.0,0.0,VF CABLEMAX     ,0.0
KBW,55 - 59,52.95,52.96,30.0,0.0,VF CABLEMAX     ,0.0
KBW,50 - 54,44.98,44.98,30.0,0.0,RED INTERNET & PHONE CABLE U ,0.0
KBW,60 - 64,49.97,49.97,30.0,0.0,VF CABLEMAX     ,1.0
NRW,35 - 39,39.99,39.99,30.0,0.0,RED INTERNET & PHONE CABLE U ,0.0
NRW,50 - 54,49.99,49.99,30.0,0.0,RED INTERNET & PHONE CABLE U ,1.0
NRW,40 - 44,39.99,39.99,30.0,0.0,RED INTERNET & PHONE CABLE U ,1.0
NRW,30 - 34,32.99,32.99,30.0,0.0,VF RIP U-TREUE  ,1.0
NRW,55 - 59,54.96,44.98,30.0,0.0,VF CABLEMAX     ,1.0
HSN,40 - 44,52.98,52.98,30.0,0.0,VF RIP U-TREUE  ,0.0
NRW,80 and over,68.95,47.96,30.0,0.0,RED INTERNET & PHONE CABLE U ,0.0
NRW,40 - 44,44.98,44.98,30.0,0.0,RED INTERNET & PHONE CABLE U ,1.0
KBW,65 - 69,34.99,34.99,30.0,0.0,RED INTERNET & PHONE CABLE U ,1.0
NRW,50 - 54,49.99,49.99,30.0,0.0,RED INTERNET & PHONE CABLE U ,0.0
KBW,80 and over,33.74,33.74,30.0,0.0,RED INTERNET & PHONE CABLE U ,1.0
KBW,30 - 34,34.99,34.99,30.0,0.0,RED INTERNET & PHONE CABLE U ,1.0
NRW,40 - 44,59.98,39.99,30.0,0.0,VF RIP U-TREUE  ,1.0
KBW,55 - 59,44.98,44.98,30.0,0.0,VF CABLEMAX     ,1.0
NRW,45 - 49,39.99,39.99,30.0,0.0,VF RIP U-TREUE  ,0.0
KBW,40 - 44,24.99,24.99,30.0,0.0,INTERNET COMFORT     ,1.0
KBW,35 - 39,44.97,44.97,30.0,0.0,VF CABLEMAX     ,1.0
NRW,30 - 34,24.99,24.99,30.0,0.0,INTERNET COMFORT     ,1.0
NRW,35 - 39,44.98,44.98,30.0,0.0,RED INTERNET & PHONE CABLE U ,0.0
NRW,25 - 29,39.99,39.99,30.0,0.0,VF RIP U-TREUE  ,1.0
HSN,35 - 39,44.98,44.98,30.0,0.0,RED INTERNET & PHONE CABLE U ,1.0
KBW,35 - 39,39.99,39.99,30.0,0.0,RED INTERNET & PHONE CABLE U ,1.0
NRW,65 - 69,39.98,34.98,30.0,0.0,VF CABLEMAX     ,1.0
NRW,35 - 39,44.98,44.98,30.0,0.0,RED INTERNET & PHONE CABLE U ,0.0
HSN,55 - 59,44.98,44.98,30.0,0.0,RED INTERNET & PHONE CABLE U ,1.0
NRW,25 - 29,39.99,39.99,30.0,0.0,RED INTERNET & PHONE CABLE U ,1.0
KBW,30 - 34,44.98,44.98,30.0,0.0,VF CABLEMAX     ,1.0
KBW,70 - 74,64.97,39.99,77.0,0.0,VF RIP U-TREUE  ,0.0
HSN,40 - 44,54.99,54.99,30.0,0.0,RED INTERNET & PHONE CABLE U ,1.0
KBW,25 - 29,44.98,44.98,30.0,0.0,RED INTERNET & PHONE CABLE U ,1.0
HSN,75 - 79,34.99,34.99,30.0,0.0,RED INTERNET & PHONE CABLE U ,0.0
HSN,18 - 24,52.98,52.98,30.0,0.0,GIGAZUHAUSE KABEL ,0.0
KBW,30 - 34,55.97,34.99,30.0,0.0,RED INTERNET & PHONE CABLE U ,0.0
KBW,35 - 39,44.99,44.99,30.0,0.0,GIGAZUHAUSE KABEL ,1.0
KBW,40 - 44,34.99,34.99,30.0,0.0,RED INTERNET & PHONE CABLE U ,1.0
HSN,30 - 34,34.99,34.99,30.0,0.0,RED INTERNET & PHONE CABLE U ,1.0
KBW,70 - 74,49.97,49.97,30.0,0.0,VF CABLEMAX     ,0.0
HSN,25 - 29,44.98,44.98,30.0,0.0,VF CABLEMAX     ,1.0
KBW,65 - 69,39.99,39.99,30.0,0.0,RED INTERNET & PHONE CABLE U ,1.0
NRW,80 and over,65.97,44.98,30.0,0.0,VF CABLEMAX     ,0.0
NRW,60 - 64,39.99,39.99,30.0,0.0,RED INTERNET & PHONE CABLE U ,1.0
NRW,45 - 49,39.99,39.99,30.0,0.0,RED INTERNET & PHONE CABLE U ,1.0
KBW,40 - 44,44.98,44.98,30.0,0.0,VF CABLEMAX     ,0.0
KBW,30 - 34,44.98,44.98,30.0,0.0,VF CABLEMAX     ,0.0
KBW,35 - 39,34.99,34.99,30.0,0.0,RED INTERNET & PHONE CABLE U ,1.0
KBW,18 - 24,39.98,39.98,30.0,0.0,RED INTERNET & PHONE CABLE U ,1.0
NRW,35 - 39,42.97,42.97,30.0,0.0,RED INTERNET & PHONE CABLE U ,0.0
NRW,75 - 79,34.99,34.99,30.0,0.0,RED INTERNET & PHONE CABLE U ,1.0
NRW,18 - 24,52.98,52.98,30.0,0.0,RED INTERNET & PHONE CABLE U ,1.0
NRW,25 - 29,39.98,39.98,30.0,0.0,RED INTERNET & PHONE CABLE U ,1.0
NRW,70 - 74,49.99,49.99,30.0,0.0,RED INTERNET & PHONE CABLE U ,0.0
KBW,65 - 69,42.97,42.97,30.0,0.0,2PLAY PLUS       ,0.0
NRW,30 - 34,24.99,24.99,30.0,0.0,INTERNET COMFORT     ,1.0
NRW,35 - 39,44.98,44.98,30.0,0.0,RED INTERNET & PHONE CABLE U ,1.0
KBW,60 - 64,44.98,44.98,30.0,0.0,VF CABLEMAX     ,0.0
KBW,45 - 49,64.96,39.99,30.0,0.0,VF RIP U-TREUE  ,1.0
NRW,55 - 59,49.99,49.99,30.0,0.0,RED INTERNET & PHONE CABLE U ,0.0
NRW,60 - 64,57.97,37.99,30.0,0.0,VF RIP U-TREUE  ,0.0
KBW,25 - 29,49.98,49.98,30.0,0.0,VF CABLEMAX     ,1.0
NRW,65 - 69,39.99,39.99,30.0,0.0,VF RIP U-TREUE  ,0.0
NRW,65 - 69,34.99,34.99,30.0,0.0,RED INTERNET & PHONE CABLE U ,1.0
NRW,55 - 59,30.95,30.95,30.0,0.0,RED INTERNET & PHONE CABLE U ,0.0
HSN,55 - 59,34.99,34.99,30.0,0.0,RED INTERNET & PHONE CABLE U ,0.0
KBW,55 - 59,44.97,44.97,30.0,0.0,VF CABLEMAX     ,0.0
KBW,25 - 29,44.98,44.98,30.0,0.0,RED INTERNET & PHONE CABLE U ,1.0
HSN,40 - 44,52.96,52.96,30.0,0.0,VF CABLEMAX     ,1.0
KBW,35 - 39,49.97,49.97,30.0,0.0,VF CABLEMAX     ,1.0
NRW,80 and over,35.97,27.99,30.0,0.0,RED INTERNET & PHONE CABLE U ,0.0
NRW,45 - 49,44.98,44.98,30.0,0.0,RED INTERNET & PHONE CABLE U ,1.0
NRW,60 - 64,49.99,49.99,30.0,0.0,RED INTERNET & PHONE CABLE U ,1.0
KBW,40 - 44,44.98,44.98,30.0,0.0,RED INTERNET & PHONE CABLE U ,1.0
HSN,45 - 49,32.97,32.97,30.0,0.0,RED INTERNET & PHONE CABLE U ,1.0
HSN,25 - 29,44.98,44.98,30.0,0.0,RED INTERNET & PHONE CABLE U ,1.0
NRW,30 - 34,34.98,34.98,30.0,0.0,RED INTERNET & PHONE CABLE U ,1.0
KBW,25 - 29,44.98,44.98,30.0,0.0,VF CABLEMAX     ,1.0
KBW,45 - 49,44.97,44.97,30.0,0.0,RED INTERNET & PHONE CABLE U ,0.0
KBW,60 - 64,42.97,44.97,30.0,0.0,3PLAY TREUE      ,0.0
NRW,55 - 59,63.96,42.97,30.0,0.0,VF RIP U-TREUE  ,0.0
NRW,45 - 49,49.99,49.99,30.0,0.0,RED INTERNET & PHONE CABLE U ,1.0
NRW,45 - 49,48.97,48.97,30.0,0.0,VF CABLEMAX     ,1.0
NRW,30 - 34,34.99,34.99,30.0,0.0,VF RIP U-TREUE  ,1.0
NRW,65 - 69,44.98,44.98,30.0,0.0,RED INTERNET & PHONE CABLE U ,1.0
KBW,70 - 74,44.98,44.98,30.0,0.0,VF CABLEMAX     ,0.0
NRW,35 - 39,19.99,19.99,30.0,0.0,EAZY       ,1.0
NRW,35 - 39,37.99,37.99,30.0,0.0,VF RIP U-TREUE  ,1.0
NRW,30 - 34,44.98,44.98,30.0,0.0,VF CABLEMAX     ,1.0
NRW,65 - 69,54.98,34.99,30.0,0.0,RED INTERNET & PHONE CABLE U ,1.0
KBW,45 - 49,39.99,39.99,30.0,0.0,VF RIP U-TREUE  ,0.0
NRW,50 - 54,42.98,42.98,30.0,0.0,VF RIP U-TREUE  ,1.0
NRW,55 - 59,34.99,34.99,30.0,0.0,RED INTERNET & PHONE CABLE U ,0.0
KBW,40 - 44,68.97,47.98,30.0,0.0,VF RIP U-TREUE  ,0.0
NRW,25 - 29,44.99,44.99,30.0,0.0,GIGAZUHAUSE KABEL ,0.0
KBW,40 - 44,29.99,29.99,30.0,0.0,VF RIP U-TREUE  ,1.0
NRW,25 - 29,34.99,34.99,30.0,0.0,RED INTERNET & PHONE CABLE U ,1.0
NRW,40 - 44,39.99,39.99,30.0,0.0,RED INTERNET & PHONE CABLE U ,0.0
NRW,65 - 69,54.98,54.98,30.0,0.0,3PLAY JUMP      ,0.0
NRW,55 - 59,57.97,37.99,38.0,0.0,VF RIP U-TREUE  ,0.0
NRW,30 - 34,34.99,34.99,30.0,0.0,RED INTERNET & PHONE CABLE U ,1.0
NRW,55 - 59,44.97,44.97,30.0,0.0,VF CABLEMAX     ,0.0
KBW,80 and over,43.97,43.97,30.0,0.0,RED INTERNET & PHONE CABLE U ,0.0
NRW,75 - 79,34.99,34.99,30.0,0.0,RED INTERNET & PHONE CABLE U ,1.0
KBW,25 - 29,34.99,34.99,30.0,0.0,RED INTERNET & PHONE CABLE U ,0.0
HSN,55 - 59,47.96,37.96,30.0,0.0,RED INTERNET & PHONE CABLE U ,1.0
NRW,40 - 44,48.97,48.97,30.0,0.0,RED INTERNET & PHONE CABLE U ,0.0
NRW,30 - 34,34.99,34.99,30.0,0.0,RED INTERNET & PHONE CABLE U ,0.0
NRW,25 - 29,34.99,34.99,30.0,0.0,RED INTERNET & PHONE CABLE U ,0.0
KBW,80 and over,49.98,49.98,30.0,0.0,RED INTERNET & PHONE CABLE U ,1.0
HSN,40 - 44,42.98,42.98,30.0,0.0,VF RIP U-TREUE  ,1.0
NRW,50 - 54,62.97,62.98,30.0,0.0,2PLAY PLUS       ,1.0
KBW,60 - 64,42.97,42.97,113.0,0.0,GIGAZUHAUSE KABEL ,0.0
KBW,45 - 49,39.98,39.98,30.0,0.0,VF CABLEMAX     ,0.0
KBW,50 - 54,34.99,34.99,30.0,0.0,RED INTERNET & PHONE CABLE U ,0.0
KBW,35 - 39,19.99,19.99,30.0,0.0,EAZY       ,1.0
HSN,35 - 39,44.98,44.98,30.0,0.0,RED INTERNET & PHONE CABLE U ,0.0
NRW,65 - 69,75.98,54.99,30.0,0.0,RED INTERNET & PHONE CABLE U ,1.0
NRW,55 - 59,34.99,34.99,30.0,0.0,RED INTERNET & PHONE CABLE U ,1.0
NRW,45 - 49,44.98,44.98,30.0,0.0,RED INTERNET & PHONE CABLE U ,1.0
NRW,40 - 44,49.99,49.99,30.0,0.0,RED INTERNET & PHONE CABLE U ,0.0
KBW,30 - 34,34.99,34.99,30.0,0.0,VF RIP U-TREUE  ,0.0
KBW,40 - 44,39.99,39.99,30.0,0.0,VF RIP U-TREUE  ,1.0
NRW,25 - 29,44.98,44.98,30.0,0.0,RED INTERNET & PHONE CABLE U ,1.0
KBW,18 - 24,44.98,44.98,30.0,0.0,VF CABLEMAX     ,0.0
KBW,60 - 64,39.98,39.98,30.0,0.0,VF CABLEMAX     ,0.0
NRW,50 - 54,54.99,54.99,30.0,0.0,RED INTERNET & PHONE CABLE U ,0.0
KBW,30 - 34,34.99,34.99,30.0,0.0,RED INTERNET & PHONE CABLE U ,1.0
KBW,45 - 49,39.98,39.98,30.0,0.0,VF CABLEMAX     ,1.0
NRW,40 - 44,49.99,49.99,30.0,0.0,RED INTERNET & PHONE CABLE U ,1.0
KBW,35 - 39,34.99,34.99,30.0,0.0,RED INTERNET & PHONE CABLE U ,0.0
HSN,30 - 34,29.99,29.99,30.0,0.0,VF RIP U-TREUE  ,1.0
NRW,55 - 59,29.99,29.99,30.0,0.0,VF RIP U-TREUE  ,0.0
NRW,55 - 59,32.97,32.97,30.0,0.0,RED INTERNET & PHONE CABLE U ,0.0
NRW,65 - 69,43.98,43.98,30.0,0.0,RED INTERNET & PHONE CABLE U ,1.0
KBW,65 - 69,74.95,44.98,30.0,0.0,VF CABLEMAX     ,0.0
HSN,40 - 44,37.98,37.98,30.0,0.0,VF RIP U-TREUE  ,0.0
NRW,30 - 34,44.98,44.98,30.0,0.0,VF CABLEMAX     ,0.0
KBW,25 - 29,59.99,59.99,30.0,0.0,RED INTERNET & PHONE CABLE U ,1.0
NRW,60 - 64,29.99,29.99,30.0,0.0,INTERNET PREMIUM     ,0.0
KBW,30 - 34,62.98,62.98,30.0,0.0,RED INTERNET & PHONE CABLE U ,1.0
KBW,65 - 69,24.99,24.99,30.0,0.0,INTERNET COMFORT     ,0.0
NRW,60 - 64,24.98,24.98,30.0,0.0,RED INTERNET & PHONE CABLE U ,1.0
KBW,45 - 49,44.98,44.98,30.0,0.0,VF CABLEMAX     ,1.0
HSN,30 - 34,52.98,52.98,30.0,0.0,GIGAZUHAUSE KABEL ,1.0
KBW,35 - 39,39.99,39.99,30.0,0.0,VF RIP U-TREUE  ,0.0
NRW,35 - 39,44.98,44.98,30.0,0.0,VF CABLEMAX     ,1.0
HSN,80 and over,34.98,34.98,30.0,0.0,RED INTERNET & PHONE CABLE U ,0.0
KBW,50 - 54,69.96,44.98,30.0,0.0,VF CABLEMAX     ,1.0
NRW,30 - 34,29.99,29.99,30.0,0.0,VF RIP U-TREUE  ,1.0
NRW,55 - 59,64.97,49.97,30.0,0.0,VF CABLEMAX     ,0.0
NRW,50 - 54,44.98,44.98,30.0,0.0,VF CABLEMAX     ,1.0
KBW,50 - 54,39.99,39.99,30.0,0.0,RED INTERNET & PHONE CABLE U ,0.0
NRW,30 - 34,49.99,49.99,30.0,0.0,RED INTERNET & PHONE CABLE U ,0.0
HSN,35 - 39,44.98,44.98,30.0,0.0,RED INTERNET & PHONE CABLE U ,0.0
KBW,45 - 49,29.98,29.98,30.0,0.0,VF RIP U-TREUE  ,1.0
NRW,50 - 54,42.97,42.98,30.0,0.0,2PLAY PLUS       ,0.0
HSN,80 and over,34.99,34.99,30.0,0.0,RED INTERNET & PHONE CABLE U ,0.0
KBW,55 - 59,29.99,29.99,30.0,0.0,VF RIP U-TREUE  ,1.0
KBW,70 - 74,30.95,30.95,30.0,0.0,RED INTERNET & PHONE CABLE U ,1.0
KBW,40 - 44,34.99,34.99,30.0,0.0,RED INTERNET & PHONE CABLE U ,1.0
NRW,30 - 34,34.99,34.99,30.0,0.0,RED INTERNET & PHONE CABLE U ,0.0
KBW,40 - 44,44.98,44.98,30.0,0.0,VF CABLEMAX     ,1.0
HSN,70 - 74,63.96,42.97,30.0,0.0,RED INTERNET & PHONE CABLE U ,0.0
NRW,80 and over,34.99,34.99,30.0,0.0,RED INTERNET & PHONE CABLE U ,0.0
KBW,30 - 34,44.98,44.98,30.0,0.0,VF CABLEMAX     ,1.0
KBW,30 - 34,24.99,24.99,30.0,0.0,INTERNET COMFORT     ,0.0
KBW,70 - 74,39.99,39.99,30.0,0.0,RED INTERNET & PHONE CABLE U ,1.0
NRW,30 - 34,39.99,39.99,30.0,0.0,RED INTERNET & PHONE CABLE U ,1.0
KBW,40 - 44,79.94,44.98,30.0,0.0,VF CABLEMAX     ,1.0
NRW,55 - 59,39.98,39.98,30.0,0.0,VF CABLEMAX     ,1.0
HSN,35 - 39,34.99,34.99,30.0,0.0,RED INTERNET & PHONE CABLE U ,1.0
HSN,18 - 24,39.98,39.98,30.0,0.0,RED INTERNET & PHONE CABLE U ,1.0
NRW,35 - 39,39.99,39.99,30.0,0.0,RED INTERNET & PHONE CABLE U ,1.0
HSN,18 - 24,49.99,49.99,30.0,0.0,RED INTERNET & PHONE CABLE U ,1.0
NRW,70 - 74,24.99,24.99,30.0,0.0,INTERNET COMFORT     ,1.0
NRW,80 and over,27.8,27.8,30.0,0.0,GIGAZUHAUSE KABEL ,0.0
KBW,50 - 54,44.98,44.98,30.0,0.0,RED INTERNET & PHONE CABLE U ,1.0
NRW,30 - 34,34.99,34.99,30.0,0.0,RED INTERNET & PHONE CABLE U ,0.0
NRW,45 - 49,29.99,29.99,30.0,0.0,INTERNET PREMIUM     ,1.0
HSN,18 - 24,44.99,44.99,30.0,0.0,RED INTERNET & PHONE CABLE U ,1.0
NRW,45 - 49,54.98,54.98,30.0,0.0,RED INTERNET & PHONE CABLE U ,0.0
NRW,60 - 64,59.98,59.98,30.0,0.0,RED INTERNET & PHONE CABLE U ,0.0
KBW,35 - 39,49.97,49.97,30.0,0.0,VF CABLEMAX     ,0.0
NRW,30 - 34,44.98,44.98,30.0,0.0,VF CABLEMAX     ,1.0
HSN,35 - 39,24.99,24.99,30.0,0.0,INTERNET COMFORT     ,1.0
KBW,75 - 79,60.95,44.98,30.0,0.0,VF CABLEMAX     ,0.0
NRW,40 - 44,32.99,32.99,30.0,0.0,VF RIP U-TREUE  ,0.0
NRW,65 - 69,44.98,44.98,30.0,0.0,VF CABLEMAX     ,1.0
HSN,35 - 39,39.98,39.98,30.0,0.0,VF CABLEMAX     ,0.0
NRW,25 - 29,29.99,29.99,30.0,0.0,RED INTERNET & PHONE CABLE U ,0.0
KBW,45 - 49,34.99,34.99,30.0,0.0,RED INTERNET & PHONE CABLE U ,1.0
KBW,40 - 44,53.97,32.99,30.0,0.0,VF RIP U-TREUE  ,1.0
KBW,35 - 39,44.98,44.98,30.0,0.0,RED INTERNET & PHONE CABLE U ,1.0
KBW,60 - 64,39.98,39.98,30.0,0.0,RED INTERNET & PHONE CABLE U ,1.0
KBW,45 - 49,42.97,42.97,30.0,0.0,RED INTERNET & PHONE CABLE U ,0.0
KBW,65 - 69,24.98,24.99,30.0,0.0,INTERNET COMFORT     ,0.0
KBW,80 and over,34.99,34.99,30.0,0.0,RED INTERNET & PHONE CABLE U ,1.0
NRW,35 - 39,48.97,48.97,30.0,0.0,VF CABLEMAX     ,0.0
NRW,50 - 54,62.98,62.98,30.0,0.0,GIGAZUHAUSE KABEL ,1.0
KBW,80 and over,78.94,37.98,30.0,0.0,VF RIP U-TREUE  ,0.0
NRW,65 - 69,44.97,44.97,30.0,0.0,RED INTERNET & PHONE CABLE U ,1.0
KBW,65 - 69,49.34,27.99,30.0,0.0,VF RIP U-TREUE  ,0.0
NRW,40 - 44,48.97,48.97,30.0,0.0,VF CABLEMAX     ,1.0
KBW,70 - 74,34.99,34.99,30.0,0.0,RED INTERNET & PHONE CABLE U ,0.0
NRW,30 - 34,29.99,29.99,30.0,0.0,VF RIP U-TREUE  ,1.0
KBW,40 - 44,44.98,44.98,30.0,0.0,VF CABLEMAX     ,1.0
NRW,50 - 54,29.99,29.99,30.0,0.0,VF RIP U-TREUE  ,0.0
KBW,35 - 39,34.99,34.99,30.0,0.0,RED INTERNET & PHONE CABLE U ,1.0
NRW,45 - 49,44.98,44.98,30.0,0.0,VF CABLEMAX     ,0.0
NRW,65 - 69,34.99,34.99,30.0,0.0,RED INTERNET & PHONE CABLE U ,1.0
NRW,40 - 44,44.98,44.98,30.0,0.0,VF RIP U-TREUE  ,1.0
NRW,70 - 74,62.98,62.98,30.0,0.0,GIGAZUHAUSE KABEL ,0.0
NRW,25 - 29,44.98,44.98,30.0,0.0,RED INTERNET & PHONE CABLE U ,0.0
KBW,50 - 54,48.97,48.97,30.0,0.0,VF CABLEMAX     ,0.0
KBW,75 - 79,64.97,34.99,30.0,0.0,RED INTERNET & PHONE CABLE U ,0.0
NRW,50 - 54,62.97,49.99,30.0,0.0,VF RIP U-TREUE  ,0.0
NRW,55 - 59,39.98,39.98,30.0,0.0,VF CABLEMAX     ,1.0
KBW,60 - 64,70.98,49.99,30.0,0.0,RED INTERNET & PHONE CABLE U ,0.0
KBW,70 - 74,54.96,44.98,30.0,0.0,VF CABLEMAX     ,0.0
HSN,35 - 39,44.98,44.98,30.0,0.0,RED INTERNET & PHONE CABLE U ,1.0
KBW,25 - 29,44.98,44.98,30.0,0.0,RED INTERNET & PHONE CABLE U ,0.0
NRW,60 - 64,59.97,39.99,30.0,0.0,VF RIP U-TREUE  ,0.0
NRW,65 - 69,63.98,63.98,30.0,0.0,RED INTERNET & PHONE CABLE U ,1.0
NRW,75 - 79,34.99,34.99,30.0,0.0,RED INTERNET & PHONE CABLE U ,1.0
NRW,50 - 54,37.99,37.99,30.0,0.0,VF RIP U-TREUE  ,1.0
NRW,35 - 39,29.99,29.99,30.0,0.0,VF RIP U-TREUE  ,0.0
NRW,80 and over,34.99,34.99,30.0,0.0,RED INTERNET & PHONE CABLE U ,1.0
KBW,60 - 64,29.99,29.99,30.0,0.0,RED INTERNET & PHONE CABLE U ,0.0
NRW,30 - 34,39.99,39.99,30.0,0.0,VF CABLEMAX     ,1.0
HSN,18 - 24,44.98,44.98,30.0,0.0,RED INTERNET & PHONE CABLE U ,1.0
KBW,30 - 34,29.99,29.99,30.0,0.0,RED INTERNET & PHONE CABLE U ,1.0
KBW,35 - 39,39.99,39.99,30.0,0.0,RED INTERNET & PHONE CABLE U ,0.0
NRW,70 - 74,34.98,34.98,30.0,0.0,VF RIP U-TREUE  ,1.0
HSN,50 - 54,30.88,30.88,30.0,0.0,RED INTERNET & PHONE CABLE U ,0.0
KBW,50 - 54,34.99,34.99,30.0,0.0,RED INTERNET & PHONE CABLE U ,0.0
HSN,40 - 44,49.99,49.99,30.0,0.0,RED INTERNET & PHONE CABLE U ,0.0
KBW,70 - 74,44.98,44.98,30.0,0.0,RED INTERNET & PHONE CABLE U ,1.0
NRW,55 - 59,34.99,34.99,30.0,0.0,RED INTERNET & PHONE CABLE U ,1.0
NRW,45 - 49,39.98,39.98,30.0,0.0,VF CABLEMAX     ,1.0
NRW,75 - 79,34.99,34.99,30.0,0.0,RED INTERNET & PHONE CABLE U ,1.0
NRW,50 - 54,32.99,32.99,30.0,0.0,VF RIP U-TREUE  ,0.0
HSN,35 - 39,39.98,39.98,30.0,0.0,RED INTERNET & PHONE CABLE U ,0.0
KBW,60 - 64,42.98,42.98,30.0,0.0,VF RIP U-TREUE  ,1.0
KBW,50 - 54,49.97,49.97,30.0,0.0,VF CABLEMAX     ,1.0
NRW,18 - 24,44.98,44.98,30.0,0.0,VF CABLEMAX     ,1.0
NRW,45 - 49,44.98,44.98,30.0,0.0,RED INTERNET & PHONE CABLE U ,1.0
KBW,55 - 59,44.98,44.98,30.0,0.0,VF CABLEMAX     ,1.0
NRW,55 - 59,24.99,24.99,30.0,0.0,INTERNET COMFORT     ,1.0
NRW,70 - 74,34.99,34.99,30.0,0.0,RED INTERNET & PHONE CABLE U ,1.0
KBW,25 - 29,48.97,48.97,30.0,0.0,RED INTERNET & PHONE CABLE U ,1.0
NRW,60 - 64,44.98,44.98,30.0,0.0,RED INTERNET & PHONE CABLE U ,1.0
HSN,45 - 49,32.99,32.99,30.0,0.0,VF RIP U-TREUE  ,1.0
NRW,25 - 29,44.98,44.98,30.0,0.0,VF CABLEMAX     ,1.0
KBW,40 - 44,59.98,59.98,30.0,0.0,RED INTERNET & PHONE CABLE U ,0.0
KBW,35 - 39,44.98,44.98,30.0,0.0,VF CABLEMAX     ,1.0
KBW,50 - 54,63.98,63.98,30.0,0.0,RED INTERNET & PHONE CABLE U ,1.0
NRW,25 - 29,49.97,49.97,30.0,0.0,VF CABLEMAX     ,1.0
KBW,55 - 59,49.99,49.99,30.0,0.0,RED INTERNET & PHONE CABLE U ,1.0
NRW,25 - 29,39.99,39.99,30.0,0.0,RED INTERNET & PHONE CABLE U ,1.0
NRW,35 - 39,52.98,52.98,30.0,0.0,GIGAZUHAUSE KABEL ,0.0
HSN,35 - 39,39.99,39.99,30.0,0.0,RED INTERNET & PHONE CABLE U ,1.0
HSN,30 - 34,44.98,44.98,30.0,0.0,RED INTERNET & PHONE CABLE U ,0.0
NRW,25 - 29,39.99,39.99,30.0,0.0,RED INTERNET & PHONE CABLE U ,0.0
KBW,65 - 69,54.96,44.98,30.0,0.0,VF CABLEMAX     ,0.0
KBW,30 - 34,73.95,44.99,30.0,0.0,VF RIP U-TREUE  ,1.0
KBW,25 - 29,39.99,39.99,30.0,0.0,RED INTERNET & PHONE CABLE U ,0.0
HSN,50 - 54,34.99,34.99,30.0,0.0,RED INTERNET & PHONE CABLE U ,1.0
NRW,45 - 49,39.99,39.99,30.0,0.0,RED INTERNET & PHONE CABLE U ,0.0
NRW,25 - 29,39.98,39.98,30.0,0.0,RED INTERNET & PHONE CABLE U ,1.0
KBW,40 - 44,44.97,44.97,30.0,0.0,VF CABLEMAX     ,0.0
NRW,35 - 39,34.99,34.99,30.0,0.0,VF CABLEMAX     ,1.0
NRW,50 - 54,44.98,44.98,30.0,0.0,VF CABLEMAX     ,1.0
NRW,75 - 79,50.96,50.96,30.0,0.0,VF RIP U-TREUE  ,0.0
NRW,40 - 44,44.99,44.99,30.0,0.0,RED INTERNET & PHONE CABLE U ,1.0
NRW,35 - 39,39.99,39.99,30.0,0.0,RED INTERNET & PHONE CABLE U ,1.0
KBW,60 - 64,39.98,39.98,30.0,0.0,VF CABLEMAX     ,0.0
NRW,45 - 49,39.99,39.99,30.0,0.0,RED INTERNET & PHONE CABLE U ,0.0
NRW,55 - 59,40.97,27.97,30.0,0.0,2PLAY PLUS       ,1.0
KBW,30 - 34,44.98,44.98,30.0,0.0,VF CABLEMAX     ,0.0
KBW,70 - 74,34.99,34.99,30.0,0.0,RED INTERNET & PHONE CABLE U ,1.0
NRW,55 - 59,54.99,54.99,30.0,0.0,RED INTERNET & PHONE CABLE U ,0.0
KBW,45 - 49,39.99,39.99,30.0,0.0,RED INTERNET & PHONE CABLE U ,1.0
HSN,60 - 64,65.97,44.98,30.0,0.0,VF CABLEMAX     ,0.0
KBW,30 - 34,39.99,39.99,30.0,0.0,RED INTERNET & PHONE CABLE U ,1.0
KBW,40 - 44,44.98,44.98,30.0,0.0,VF CABLEMAX     ,1.0
KBW,30 - 34,44.98,44.98,30.0,0.0,RED INTERNET & PHONE CABLE U ,1.0
HSN,80 and over,42.98,42.98,30.0,0.0,3PLAY PLUS       ,1.0
NRW,30 - 34,34.98,34.98,30.0,0.0,RED INTERNET & PHONE CABLE U ,1.0
KBW,30 - 34,39.99,39.99,30.0,0.0,RED INTERNET & PHONE CABLE U ,0.0
KBW,25 - 29,34.99,34.99,30.0,0.0,RED INTERNET & PHONE CABLE U ,1.0
HSN,50 - 54,32.99,32.99,30.0,0.0,VF RIP U-TREUE  ,1.0
KBW,55 - 59,44.97,44.97,30.0,0.0,RED INTERNET & PHONE CABLE U ,0.0
NRW,60 - 64,49.99,49.99,30.0,0.0,GIGAZUHAUSE KABEL ,1.0
NRW,25 - 29,34.98,34.98,30.0,0.0,RED INTERNET & PHONE CABLE U ,0.0
NRW,30 - 34,47.99,47.99,30.0,0.0,VF RIP U-TREUE  ,0.0
KBW,65 - 69,34.99,34.99,30.0,0.0,RED INTERNET & PHONE CABLE U ,1.0
KBW,55 - 59,70.97,49.99,30.0,0.0,RED INTERNET & PHONE CABLE U ,1.0
NRW,80 and over,39.98,39.98,30.0,0.0,VF CABLEMAX     ,1.0
NRW,55 - 59,39.97,39.98,30.0,0.0,VF CABLEMAX     ,0.0
KBW,25 - 29,44.99,44.99,30.0,0.0,RED INTERNET & PHONE CABLE U ,1.0
KBW,25 - 29,44.98,44.98,30.0,0.0,RED INTERNET & PHONE CABLE U ,1.0
HSN,35 - 39,34.99,34.99,30.0,0.0,RED INTERNET & PHONE CABLE U ,1.0
KBW,55 - 59,34.99,34.99,30.0,0.0,RED INTERNET & PHONE CABLE U ,0.0
KBW,30 - 34,17.99,17.99,30.0,0.0,EAZY FLEX    ,1.0
NRW,50 - 54,44.98,44.98,30.0,0.0,RED INTERNET & PHONE CABLE U ,1.0
NRW,40 - 44,29.99,29.99,30.0,0.0,VF RIP U-TREUE  ,1.0
NRW,25 - 29,39.99,39.99,30.0,0.0,RED INTERNET & PHONE CABLE U ,1.0
NRW,50 - 54,44.98,44.98,30.0,0.0,RED INTERNET & PHONE CABLE U ,1.0
NRW,80 and over,27.99,27.99,30.0,0.0,VF RIP U-TREUE  ,0.0
NRW,45 - 49,44.98,44.98,30.0,0.0,VF CABLEMAX     ,0.0
HSN,40 - 44,49.97,49.97,30.0,0.0,VF CABLEMAX     ,1.0
HSN,65 - 69,39.99,39.99,30.0,0.0,RED INTERNET & PHONE CABLE U ,0.0
KBW,40 - 44,49.99,49.99,30.0,0.0,RED INTERNET & PHONE CABLE U ,0.0
HSN,30 - 34,44.98,44.98,30.0,0.0,VF CABLEMAX     ,1.0
HSN,55 - 59,29.99,29.99,30.0,0.0,RED INTERNET & PHONE CABLE U ,1.0
KBW,45 - 49,47.99,47.99,30.0,0.0,VF RIP U-TREUE  ,0.0
NRW,45 - 49,49.99,49.99,30.0,0.0,RED INTERNET & PHONE CABLE U ,1.0
NRW,35 - 39,34.99,34.99,30.0,0.0,RED INTERNET & PHONE CABLE U ,1.0
KBW,45 - 49,39.99,39.99,30.0,0.0,RED INTERNET & PHONE CABLE U ,1.0
NRW,60 - 64,44.98,44.98,30.0,0.0,VF CABLEMAX     ,0.0
KBW,45 - 49,47.99,47.99,30.0,0.0,VF RIP U-TREUE  ,0.0
HSN,60 - 64,39.98,39.98,30.0,0.0,RED INTERNET & PHONE CABLE U ,1.0
NRW,50 - 54,54.99,54.99,30.0,0.0,RED INTERNET & PHONE CABLE U ,0.0
KBW,30 - 34,34.99,34.99,30.0,0.0,RED INTERNET & PHONE CABLE U ,0.0
KBW,40 - 44,44.98,44.98,30.0,0.0,VF CABLEMAX     ,1.0
KBW,60 - 64,39.99,39.99,30.0,0.0,RED INTERNET & PHONE CABLE U ,1.0
NRW,75 - 79,34.99,34.99,30.0,0.0,RED INTERNET & PHONE CABLE U ,0.0
NRW,50 - 54,63.96,42.97,30.0,0.0,RED INTERNET & PHONE CABLE U ,1.0
NRW,55 - 59,29.99,29.99,30.0,0.0,VF RIP U-TREUE  ,0.0
KBW,30 - 34,29.99,29.99,30.0,0.0,INTERNET PREMIUM     ,1.0
HSN,55 - 59,44.98,44.98,30.0,0.0,RED INTERNET & PHONE CABLE U ,1.0
NRW,40 - 44,44.98,44.98,30.0,0.0,VF CABLEMAX     ,1.0
KBW,30 - 34,43.97,43.97,30.0,0.0,RED INTERNET & PHONE CABLE U ,1.0
NRW,25 - 29,44.98,44.98,30.0,0.0,RED INTERNET & PHONE CABLE U ,0.0
HSN,55 - 59,37.98,37.98,30.0,0.0,VF RIP U-TREUE  ,0.0
KBW,80 and over,33.74,33.74,30.0,0.0,RED INTERNET & PHONE CABLE U ,1.0
KBW,30 - 34,34.99,34.99,30.0,0.0,RED INTERNET & PHONE CABLE U ,1.0
NRW,30 - 34,39.98,39.98,30.0,0.0,VF CABLEMAX     ,1.0
NRW,70 - 74,49.97,29.99,30.0,0.0,VF RIP U-TREUE  ,0.0
NRW,30 - 34,39.99,39.99,30.0,0.0,RED INTERNET & PHONE CABLE U ,1.0
HSN,55 - 59,42.98,42.98,30.0,0.0,VF RIP U-TREUE  ,0.0
NRW,18 - 24,34.99,34.99,30.0,0.0,RED INTERNET & PHONE CABLE U ,1.0
KBW,35 - 39,29.99,29.99,30.0,0.0,VF RIP U-TREUE  ,0.0
HSN,55 - 59,54.98,54.98,30.0,0.0,GIGAZUHAUSE KABEL ,0.0
KBW,35 - 39,62.98,37.99,30.0,0.0,VF RIP U-TREUE  ,1.0
KBW,55 - 59,34.99,34.99,30.0,0.0,RED INTERNET & PHONE CABLE U ,1.0
NRW,80 and over,57.97,32.99,30.0,0.0,VF RIP U-TREUE  ,0.0
NRW,40 - 44,29.99,29.99,30.0,0.0,VF RIP U-TREUE  ,0.0
NRW,30 - 34,34.99,34.99,30.0,0.0,RED INTERNET & PHONE CABLE U ,1.0
KBW,35 - 39,34.99,34.99,30.0,0.0,RED INTERNET & PHONE CABLE U ,1.0
KBW,50 - 54,42.97,42.97,30.0,0.0,RED INTERNET & PHONE CABLE U ,1.0
KBW,60 - 64,44.98,44.98,30.0,0.0,VF CABLEMAX     ,0.0
NRW,65 - 69,54.99,54.99,30.0,0.0,RED INTERNET & PHONE CABLE U ,0.0
KBW,80 and over,39.99,39.99,30.0,0.0,RED INTERNET & PHONE CABLE U ,1.0
HSN,35 - 39,43.98,43.98,30.0,0.0,RED INTERNET & PHONE CABLE U ,1.0
NRW,18 - 24,69.96,44.98,30.0,0.0,RED INTERNET & PHONE CABLE U ,1.0
KBW,60 - 64,34.98,37.98,30.0,0.0,VF RIP U-TREUE  ,1.0
NRW,40 - 44,39.99,39.99,30.0,0.0,VF RIP U-TREUE  ,0.0
HSN,25 - 29,34.99,34.99,30.0,0.0,RED INTERNET & PHONE CABLE U ,0.0
KBW,25 - 29,44.98,44.98,30.0,0.0,VF CABLEMAX     ,1.0
NRW,35 - 39,32.99,32.99,30.0,0.0,VF RIP U-TREUE  ,1.0
NRW,80 and over,27.99,27.99,30.0,0.0,RED INTERNET & PHONE CABLE U ,1.0
KBW,60 - 64,24.99,24.99,30.0,0.0,VF RIP U-TREUE  ,0.0
KBW,40 - 44,47.97,47.97,30.0,0.0,2PLAY PLUS       ,1.0
NRW,50 - 54,49.99,49.99,30.0,0.0,RED INTERNET & PHONE CABLE U ,1.0
HSN,35 - 39,39.98,39.98,30.0,0.0,RED INTERNET & PHONE CABLE U ,1.0
HSN,55 - 59,29.99,29.99,30.0,0.0,VF RIP U-TREUE  ,0.0
NRW,55 - 59,59.96,49.97,30.0,0.0,VF CABLEMAX     ,0.0
NRW,40 - 44,32.99,32.99,30.0,0.0,VF RIP U-TREUE  ,1.0
HSN,55 - 59,44.98,44.98,30.0,0.0,VF CABLEMAX     ,1.0
KBW,60 - 64,54.97,49.97,30.0,0.0,VF CABLEMAX     ,1.0
KBW,35 - 39,39.98,39.98,30.0,0.0,VF CABLEMAX     ,1.0
KBW,50 - 54,49.97,49.97,30.0,0.0,VF CABLEMAX     ,0.0
NRW,35 - 39,44.98,44.98,30.0,0.0,VF CABLEMAX     ,0.0
HSN,70 - 74,24.99,24.99,30.0,0.0,VF RIP U-TREUE  ,0.0
HSN,30 - 34,39.98,39.98,30.0,0.0,VF CABLEMAX     ,0.0
NRW,55 - 59,29.99,29.99,30.0,0.0,VF RIP U-TREUE  ,1.0
KBW,18 - 24,43.97,43.97,30.0,0.0,RED INTERNET & PHONE CABLE U ,1.0
NRW,25 - 29,34.99,34.99,30.0,0.0,RED INTERNET & PHONE CABLE U ,0.0
HSN,80 and over,39.99,39.99,30.0,0.0,RED INTERNET & PHONE CABLE U ,1.0
KBW,30 - 34,44.98,44.98,30.0,0.0,VF RIP U-TREUE  ,0.0
HSN,70 - 74,42.98,42.98,30.0,0.0,VF RIP U-TREUE  ,0.0
HSN,40 - 44,44.99,44.99,30.0,0.0,RED INTERNET & PHONE CABLE U ,1.0
NRW,25 - 29,39.97,39.98,30.0,0.0,VF CABLEMAX     ,0.0
KBW,30 - 34,34.99,34.99,39.0,0.0,RED INTERNET & PHONE CABLE U ,1.0
NRW,30 - 34,34.99,34.99,30.0,0.0,RED INTERNET & PHONE CABLE U ,1.0
HSN,60 - 64,44.98,44.98,30.0,0.0,VF CABLEMAX     ,1.0
KBW,25 - 29,37.98,37.98,30.0,0.0,VF RIP U-TREUE  ,1.0
KBW,45 - 49,39.98,39.98,30.0,0.0,GIGAZUHAUSE KABEL ,0.0
NRW,70 - 74,39.99,39.99,30.0,0.0,VF RIP U-TREUE  ,1.0
NRW,40 - 44,62.98,62.98,30.0,0.0,VF RIP U-TREUE  ,0.0
KBW,25 - 29,44.98,44.98,30.0,0.0,RED INTERNET & PHONE CABLE U ,1.0
HSN,40 - 44,29.99,29.99,30.0,0.0,VF RIP U-TREUE  ,1.0
KBW,25 - 29,39.98,39.98,30.0,0.0,RED INTERNET & PHONE CABLE U ,1.0
NRW,80 and over,34.99,34.99,30.0,0.0,RED INTERNET & PHONE CABLE U ,1.0
KBW,55 - 59,51.97,49.99,30.0,0.0,VF RIP U-TREUE  ,0.0
NRW,45 - 49,44.98,44.98,30.0,0.0,VF CABLEMAX     ,0.0
KBW,45 - 49,34.99,34.99,30.0,0.0,RED INTERNET & PHONE CABLE U ,0.0
KBW,40 - 44,29.99,29.99,30.0,0.0,VF RIP U-TREUE  ,0.0
NRW,70 - 74,39.98,39.98,30.0,0.0,VF CABLEMAX     ,1.0
NRW,40 - 44,39.98,39.98,30.0,0.0,RED INTERNET & PHONE CABLE U ,1.0
NRW,35 - 39,39.99,39.99,30.0,0.0,RED INTERNET & PHONE CABLE U ,1.0
KBW,45 - 49,44.98,44.98,30.0,0.0,VF RIP U-TREUE  ,1.0
KBW,55 - 59,39.99,39.99,30.0,0.0,RED INTERNET & PHONE CABLE U ,1.0
NRW,40 - 44,32.99,32.99,30.0,0.0,VF RIP U-TREUE  ,0.0
KBW,65 - 69,34.99,34.99,30.0,0.0,RED INTERNET & PHONE CABLE U ,0.0
NRW,25 - 29,58.98,58.98,30.0,0.0,RED INTERNET & PHONE CABLE U ,0.0
KBW,35 - 39,44.98,44.98,30.0,0.0,RED INTERNET & PHONE CABLE U ,1.0
KBW,30 - 34,32.99,32.99,30.0,0.0,VF RIP U-TREUE  ,1.0
KBW,45 - 49,64.95,44.98,30.0,0.0,VF CABLEMAX     ,0.0
NRW,25 - 29,44.98,44.98,30.0,0.0,RED INTERNET & PHONE CABLE U ,1.0
KBW,70 - 74,37.95,37.98,30.0,0.0,GIGAZUHAUSE KABEL ,0.0
KBW,55 - 59,34.99,34.99,30.0,0.0,RED INTERNET & PHONE CABLE U ,0.0
HSN,40 - 44,40.97,40.97,30.0,0.0,VF CABLEMAX     ,1.0
KBW,80 and over,68.98,38.98,30.0,0.0,RED INTERNET & PHONE CABLE U ,0.0
NRW,65 - 69,49.97,49.97,30.0,0.0,VF CABLEMAX     ,1.0
KBW,65 - 69,39.99,39.99,30.0,0.0,VF RIP U-TREUE  ,0.0
KBW,35 - 39,54.99,54.99,30.0,0.0,RED INTERNET & PHONE CABLE U ,1.0
HSN,35 - 39,29.99,29.99,30.0,0.0,INTERNET PREMIUM     ,1.0
HSN,30 - 34,49.99,49.99,30.0,0.0,RED INTERNET & PHONE CABLE U ,0.0
NRW,30 - 34,39.99,39.99,30.0,0.0,VF RIP U-TREUE  ,0.0
KBW,30 - 34,39.98,39.98,30.0,0.0,VF CABLEMAX     ,0.0
NRW,18 - 24,39.98,39.98,87.0,0.0,VF CABLEMAX     ,0.0
KBW,30 - 34,34.99,34.99,30.0,0.0,RED INTERNET & PHONE CABLE U ,1.0
NRW,80 and over,39.98,39.98,30.0,0.0,VF CABLEMAX     ,0.0
KBW,80 and over,34.99,34.99,30.0,0.0,RED INTERNET & PHONE CABLE U ,0.0
NRW,25 - 29,49.99,49.99,30.0,0.0,RED INTERNET & PHONE CABLE U ,0.0
NRW,50 - 54,29.99,29.99,30.0,0.0,VF RIP U-TREUE  ,1.0
HSN,45 - 49,58.98,58.98,30.0,0.0,RED INTERNET & PHONE CABLE U ,0.0
NRW,50 - 54,44.98,44.98,30.0,0.0,VF CABLEMAX     ,1.0
KBW,35 - 39,34.99,34.99,30.0,0.0,RED INTERNET & PHONE CABLE U ,1.0
KBW,18 - 24,44.98,44.98,30.0,0.0,RED INTERNET & PHONE CABLE U ,1.0
HSN,35 - 39,54.99,54.99,30.0,0.0,RED INTERNET & PHONE CABLE U ,0.0
HSN,35 - 39,44.99,44.99,30.0,0.0,RED INTERNET & PHONE CABLE U ,1.0
HSN,55 - 59,37.99,37.99,30.0,0.0,VF RIP U-TREUE  ,0.0
NRW,35 - 39,44.98,44.98,30.0,0.0,RED INTERNET & PHONE CABLE U ,1.0
NRW,70 - 74,51.97,30.97,30.0,0.0,2PLAY        ,0.0
KBW,25 - 29,33.98,33.98,30.0,0.0,RED INTERNET & PHONE CABLE U ,0.0
KBW,35 - 39,29.99,29.99,30.0,0.0,RED INTERNET & PHONE CABLE U ,1.0
HSN,55 - 59,44.99,44.99,95.0,0.0,GIGAZUHAUSE KABEL ,1.0
NRW,25 - 29,34.99,34.99,30.0,0.0,RED INTERNET & PHONE CABLE U ,1.0
NRW,60 - 64,34.99,34.99,30.0,0.0,RED INTERNET & PHONE CABLE U ,1.0
KBW,35 - 39,34.99,34.99,30.0,0.0,RED INTERNET & PHONE CABLE U ,0.0
HSN,35 - 39,62.98,62.98,30.0,0.0,GIGAZUHAUSE KABEL ,0.0
HSN,50 - 54,34.99,34.99,30.0,0.0,RED INTERNET & PHONE CABLE U ,0.0
KBW,70 - 74,60.98,39.99,30.0,0.0,VF RIP U-TREUE  ,1.0
NRW,18 - 24,34.99,34.99,30.0,0.0,RED INTERNET & PHONE CABLE U ,1.0
NRW,25 - 29,44.98,44.98,30.0,0.0,RED INTERNET & PHONE CABLE U ,1.0
KBW,35 - 39,44.98,44.98,30.0,0.0,VF CABLEMAX     ,1.0
HSN,70 - 74,32.99,32.99,30.0,0.0,VF RIP U-TREUE  ,0.0
NRW,25 - 29,49.97,39.98,30.0,0.0,RED INTERNET & PHONE CABLE U ,1.0
KBW,35 - 39,37.99,37.99,30.0,0.0,VF RIP U-TREUE  ,0.0
HSN,40 - 44,52.98,52.98,30.0,0.0,VF RIP U-TREUE  ,0.0
NRW,45 - 49,59.99,49.99,30.0,0.0,RED INTERNET & PHONE CABLE U ,0.0
KBW,65 - 69,44.98,44.98,30.0,0.0,RED INTERNET & PHONE CABLE U ,1.0
NRW,35 - 39,34.99,34.99,30.0,0.0,RED INTERNET & PHONE CABLE U ,1.0
NRW,30 - 34,24.99,24.99,30.0,0.0,INTERNET COMFORT     ,0.0
NRW,40 - 44,39.99,39.99,30.0,0.0,RED INTERNET & PHONE CABLE U ,1.0
KBW,55 - 59,39.99,39.99,30.0,0.0,RED INTERNET & PHONE CABLE U ,0.0
KBW,60 - 64,39.98,29.99,30.0,0.0,VF RIP U-TREUE  ,1.0
KBW,65 - 69,69.96,39.98,30.0,0.0,VF CABLEMAX     ,0.0
NRW,45 - 49,42.98,42.98,30.0,0.0,VF RIP U-TREUE  ,1.0
NRW,35 - 39,34.99,34.99,30.0,0.0,RED INTERNET & PHONE CABLE U ,1.0
HSN,30 - 34,34.99,34.99,30.0,0.0,RED INTERNET & PHONE CABLE U ,1.0
KBW,45 - 49,39.99,39.99,30.0,0.0,RED INTERNET & PHONE CABLE U ,1.0
NRW,18 - 24,34.99,34.99,30.0,0.0,RED INTERNET & PHONE CABLE U ,1.0
HSN,35 - 39,54.98,54.98,30.0,0.0,RED INTERNET & PHONE CABLE U ,1.0
NRW,60 - 64,49.97,49.97,30.0,0.0,VF CABLEMAX     ,0.0
NRW,55 - 59,44.98,44.98,30.0,0.0,RED INTERNET & PHONE CABLE U ,1.0
NRW,80 and over,65.98,34.99,30.0,0.0,RED INTERNET & PHONE CABLE U ,0.0
NRW,35 - 39,44.98,44.98,30.0,0.0,RED INTERNET & PHONE CABLE U ,0.0
NRW,40 - 44,24.99,24.99,30.0,0.0,INTERNET COMFORT     ,0.0
KBW,55 - 59,37.98,37.98,30.0,0.0,VF RIP U-TREUE  ,1.0
HSN,30 - 34,44.98,44.98,30.0,0.0,RED INTERNET & PHONE CABLE U ,1.0
KBW,55 - 59,34.99,34.99,30.0,0.0,GIGAZUHAUSE KABEL ,0.0
NRW,45 - 49,44.98,44.98,30.0,0.0,VF CABLEMAX     ,1.0
NRW,65 - 69,34.99,34.99,30.0,0.0,RED INTERNET & PHONE CABLE U ,1.0
NRW,50 - 54,44.98,44.98,30.0,0.0,VF CABLEMAX     ,0.0
KBW,25 - 29,39.99,39.99,30.0,0.0,VF RIP U-TREUE  ,1.0
KBW,40 - 44,42.97,42.97,30.0,0.0,3PLAY START       ,0.0
NRW,40 - 44,24.99,24.99,30.0,0.0,INTERNET COMFORT     ,1.0
NRW,55 - 59,44.98,44.98,30.0,0.0,VF CABLEMAX     ,1.0
HSN,60 - 64,44.98,44.98,30.0,0.0,VF CABLEMAX     ,1.0
NRW,35 - 39,39.99,39.99,30.0,0.0,RED INTERNET & PHONE CABLE U ,1.0
NRW,40 - 44,44.99,44.99,30.0,0.0,GIGAZUHAUSE KABEL ,1.0
KBW,55 - 59,34.99,34.99,30.0,0.0,RED INTERNET & PHONE CABLE U ,1.0
NRW,55 - 59,39.98,39.98,30.0,0.0,VF CABLEMAX     ,1.0
KBW,35 - 39,39.99,39.99,30.0,0.0,RED INTERNET & PHONE CABLE U ,1.0
KBW,40 - 44,29.99,29.99,30.0,0.0,VF RIP U-TREUE  ,0.0
HSN,50 - 54,42.97,42.97,30.0,0.0,RED INTERNET & PHONE CABLE U ,1.0
NRW,80 and over,34.99,34.99,30.0,0.0,RED INTERNET & PHONE CABLE U ,0.0
HSN,70 - 74,34.98,34.98,30.0,0.0,VF RIP U-TREUE  ,1.0
KBW,60 - 64,27.99,27.99,30.0,0.0,VF RIP U-TREUE  ,0.0
NRW,30 - 34,34.99,34.99,30.0,0.0,RED INTERNET & PHONE CABLE U ,0.0
KBW,60 - 64,49.97,49.97,30.0,0.0,VF CABLEMAX     ,1.0
KBW,50 - 54,49.97,49.97,30.0,0.0,VF CABLEMAX     ,1.0
KBW,30 - 34,34.99,34.99,30.0,0.0,RED INTERNET & PHONE CABLE U ,1.0
NRW,75 - 79,65.97,44.98,30.0,0.0,VF CABLEMAX     ,1.0
KBW,40 - 44,52.96,52.96,30.0,0.0,VF CABLEMAX     ,0.0
KBW,30 - 34,39.98,39.98,30.0,0.0,VF CABLEMAX     ,0.0
HSN,45 - 49,39.99,39.99,30.0,0.0,RED INTERNET & PHONE CABLE U ,0.0
NRW,35 - 39,34.99,34.99,30.0,0.0,RED INTERNET & PHONE CABLE U ,1.0
KBW,55 - 59,47.96,47.96,30.0,0.0,RED INTERNET & PHONE CABLE U ,0.0
KBW,55 - 59,54.99,54.99,30.0,0.0,RED INTERNET & PHONE CABLE U ,1.0
NRW,30 - 34,24.99,24.99,30.0,0.0,INTERNET COMFORT     ,1.0
KBW,25 - 29,49.97,49.97,30.0,0.0,VF CABLEMAX     ,1.0
KBW,65 - 69,65.97,44.98,30.0,0.0,VF RIP U-TREUE  ,0.0
KBW,40 - 44,39.99,39.99,30.0,0.0,RED INTERNET & PHONE CABLE U ,0.0
KBW,40 - 44,45.98,39.99,30.0,0.0,RED INTERNET & PHONE CABLE U ,0.0
KBW,65 - 69,64.97,39.99,30.0,0.0,RED INTERNET & PHONE CABLE U ,1.0
HSN,25 - 29,39.99,39.99,30.0,0.0,RED INTERNET & PHONE CABLE U ,1.0
KBW,80 and over,34.98,34.98,30.0,0.0,RED INTERNET & PHONE CABLE U ,1.0
HSN,45 - 49,44.98,44.98,30.0,0.0,RED INTERNET & PHONE CABLE U ,0.0
KBW,35 - 39,32.99,32.99,30.0,0.0,VF RIP U-TREUE  ,1.0
NRW,50 - 54,44.98,44.98,30.0,0.0,VF CABLEMAX     ,0.0
NRW,35 - 39,39.99,39.99,30.0,0.0,RED INTERNET & PHONE CABLE U ,1.0
KBW,65 - 69,34.99,34.99,30.0,0.0,RED INTERNET & PHONE CABLE U ,1.0
KBW,70 - 74,34.99,34.99,30.0,0.0,VF RIP U-TREUE  ,0.0
NRW,40 - 44,29.99,29.99,30.0,0.0,VF RIP U-TREUE  ,1.0
NRW,30 - 34,44.98,44.98,30.0,0.0,VF CABLEMAX     ,1.0
KBW,30 - 34,39.98,39.98,30.0,0.0,VF CABLEMAX     ,0.0
NRW,70 - 74,39.98,39.98,30.0,0.0,VF CABLEMAX     ,0.0
NRW,60 - 64,39.99,39.99,30.0,0.0,RED INTERNET & PHONE CABLE U ,0.0
KBW,45 - 49,49.97,49.97,30.0,0.0,VF CABLEMAX     ,0.0
HSN,30 - 34,49.99,49.99,30.0,0.0,RED INTERNET & PHONE CABLE U ,0.0
KBW,35 - 39,44.98,44.98,30.0,0.0,RED INTERNET & PHONE CABLE U ,1.0
HSN,75 - 79,29.99,29.99,30.0,0.0,INTERNET PREMIUM     ,0.0
KBW,65 - 69,49.97,49.97,30.0,0.0,TREUEPLUS     ,0.0
NRW,55 - 59,54.98,54.98,30.0,0.0,3PLAY START       ,0.0
KBW,55 - 59,44.98,44.98,30.0,0.0,VF CABLEMAX     ,0.0
KBW,50 - 54,64.98,49.99,30.0,0.0,RED INTERNET & PHONE CABLE U ,0.0
KBW,40 - 44,58.93,58.97,30.0,0.0,3PLAY COMFORT     ,0.0
KBW,35 - 39,39.99,39.99,30.0,0.0,RED INTERNET & PHONE CABLE U ,1.0
NRW,25 - 29,44.98,44.98,30.0,0.0,VF CABLEMAX     ,1.0
NRW,30 - 34,39.99,39.99,30.0,0.0,RED INTERNET & PHONE CABLE U ,1.0
HSN,25 - 29,44.98,44.98,30.0,0.0,RED INTERNET & PHONE CABLE U ,1.0
NRW,40 - 44,39.99,39.99,30.0,0.0,RED INTERNET & PHONE CABLE U ,0.0
HSN,30 - 34,44.98,44.98,30.0,0.0,VF CABLEMAX     ,1.0
HSN,40 - 44,44.98,44.98,30.0,0.0,VF CABLEMAX     ,1.0
KBW,55 - 59,42.97,42.97,30.0,0.0,3PLAY COMFORT     ,0.0
HSN,25 - 29,54.99,54.99,30.0,0.0,RED INTERNET & PHONE CABLE U ,1.0
HSN,60 - 64,39.98,39.98,30.0,0.0,RED INTERNET & PHONE CABLE U ,0.0
KBW,40 - 44,44.98,44.98,30.0,0.0,VF CABLEMAX     ,0.0
NRW,45 - 49,34.99,34.99,30.0,0.0,RED INTERNET & PHONE CABLE U ,1.0
KBW,30 - 34,29.98,29.98,30.0,0.0,INTERNET PREMIUM     ,0.0
NRW,65 - 69,44.98,44.98,30.0,0.0,VF CABLEMAX     ,1.0
KBW,55 - 59,34.99,34.99,30.0,0.0,RED INTERNET & PHONE CABLE U ,0.0
NRW,40 - 44,37.98,37.98,30.0,0.0,VF RIP U-TREUE  ,0.0
KBW,35 - 39,39.99,39.99,30.0,0.0,RED INTERNET & PHONE CABLE U ,1.0
KBW,45 - 49,54.98,54.98,30.0,0.0,GIGAZUHAUSE KABEL ,0.0
KBW,30 - 34,39.99,39.99,30.0,0.0,RED INTERNET & PHONE CABLE U ,0.0
KBW,45 - 49,44.98,44.98,30.0,0.0,VF CABLEMAX     ,0.0
HSN,25 - 29,39.98,39.98,39.0,0.0,RED INTERNET & PHONE CABLE U ,1.0
NRW,40 - 44,44.98,44.98,30.0,0.0,RED INTERNET & PHONE CABLE U ,1.0
NRW,35 - 39,39.98,39.98,30.0,0.0,RED INTERNET & PHONE CABLE U ,1.0
NRW,35 - 39,49.99,49.99,30.0,0.0,GIGAZUHAUSE KABEL ,0.0
HSN,30 - 34,44.99,44.99,30.0,0.0,GIGAZUHAUSE KABEL ,1.0
KBW,80 and over,55.94,34.95,30.0,0.0,RED INTERNET & PHONE CABLE U ,1.0
HSN,55 - 59,49.97,39.99,30.0,0.0,VF RIP U-TREUE  ,0.0
NRW,35 - 39,39.99,39.99,30.0,0.0,RED INTERNET & PHONE CABLE U ,1.0
NRW,35 - 39,42.98,42.98,30.0,0.0,VF RIP U-TREUE  ,0.0
KBW,75 - 79,50.95,29.99,30.0,0.0,VF RIP U-TREUE  ,0.0
HSN,30 - 34,44.99,44.99,30.0,0.0,GIGAZUHAUSE KABEL ,1.0
NRW,40 - 44,58.98,58.98,30.0,0.0,RED INTERNET & PHONE CABLE U ,0.0
NRW,45 - 49,47.94,47.96,30.0,0.0,3PLAY START       ,0.0
NRW,50 - 54,49.97,39.98,30.0,0.0,VF CABLEMAX     ,0.0
HSN,55 - 59,64.97,44.99,30.0,0.0,VF RIP U-TREUE  ,1.0
NRW,55 - 59,37.99,37.99,59.0,0.0,VF RIP U-TREUE  ,1.0
KBW,35 - 39,58.98,58.98,30.0,0.0,RED INTERNET & PHONE CABLE U ,1.0
NRW,60 - 64,44.98,44.98,30.0,0.0,RED INTERNET & PHONE CABLE U ,0.0
HSN,35 - 39,32.99,32.99,30.0,0.0,VF RIP U-TREUE  ,1.0
NRW,40 - 44,72.96,39.99,30.0,0.0,VF RIP U-TREUE  ,0.0
NRW,25 - 29,24.99,24.99,24.0,0.0,GIGAZUHAUSE TREUE C ,1.0
KBW,35 - 39,65.97,44.98,30.0,0.0,RED INTERNET & PHONE CABLE U ,1.0
KBW,25 - 29,34.99,34.99,30.0,0.0,RED INTERNET & PHONE CABLE U ,1.0
HSN,65 - 69,39.98,39.98,92.0,0.0,VF CABLEMAX     ,0.0
NRW,30 - 34,44.98,44.98,30.0,0.0,VF CABLEMAX     ,0.0
KBW,80 and over,49.97,34.99,30.0,0.0,RED INTERNET & PHONE CABLE U ,0.0
NRW,45 - 49,58.98,58.98,30.0,0.0,RED INTERNET & PHONE CABLE U ,1.0
NRW,45 - 49,42.97,42.97,30.0,0.0,RED INTERNET & PHONE CABLE U ,1.0
NRW,25 - 29,44.98,44.98,30.0,0.0,RED INTERNET & PHONE CABLE U ,1.0
KBW,50 - 54,44.98,44.98,30.0,0.0,VF RIP U-TREUE  ,0.0
NRW,30 - 34,39.99,39.99,30.0,0.0,RED INTERNET & PHONE CABLE U ,1.0
HSN,35 - 39,37.98,37.98,30.0,0.0,RED INTERNET & PHONE CABLE U ,0.0
NRW,55 - 59,54.99,54.99,30.0,0.0,RED INTERNET & PHONE CABLE U ,1.0
NRW,30 - 34,29.99,29.99,30.0,0.0,VF RIP U-TREUE  ,1.0
NRW,60 - 64,30.95,30.95,30.0,0.0,RED INTERNET & PHONE CABLE U ,0.0
HSN,35 - 39,34.99,34.99,30.0,0.0,RED INTERNET & PHONE CABLE U ,1.0
HSN,45 - 49,47.97,47.99,30.0,0.0,VF RIP U-TREUE  ,0.0
NRW,40 - 44,52.97,42.97,30.0,0.0,VF RIP U-TREUE  ,0.0
KBW,50 - 54,44.98,44.98,30.0,0.0,2PLAY PLUS       ,1.0
KBW,25 - 29,34.99,34.99,30.0,0.0,RED INTERNET & PHONE CABLE U ,1.0
HSN,65 - 69,65.97,44.98,30.0,0.0,VF CABLEMAX     ,0.0
NRW,30 - 34,49.98,49.98,30.0,0.0,GIGAZUHAUSE KABEL ,0.0
NRW,60 - 64,37.78,37.78,30.0,0.0,RED INTERNET & PHONE CABLE U ,1.0
NRW,80 and over,32.99,32.99,30.0,0.0,VF RIP U-TREUE  ,1.0
NRW,40 - 44,44.98,44.98,30.0,0.0,VF CABLEMAX     ,0.0
HSN,50 - 54,59.98,59.98,30.0,0.0,RED INTERNET & PHONE CABLE U ,1.0
NRW,50 - 54,29.99,29.99,30.0,0.0,VF RIP U-TREUE  ,1.0
KBW,70 - 74,65.97,44.98,30.0,0.0,VF RIP U-TREUE  ,0.0
KBW,55 - 59,38.98,34.99,30.0,0.0,RED INTERNET & PHONE CABLE U ,1.0
KBW,30 - 34,29.99,29.99,30.0,3.0,VF RIP U-TREUE  ,1.0
NRW,30 - 34,34.99,34.99,30.0,0.0,RED INTERNET & PHONE CABLE U ,1.0
KBW,55 - 59,49.99,49.99,30.0,0.0,GIGAZUHAUSE KABEL ,0.0
NRW,35 - 39,44.98,44.98,30.0,0.0,VF CABLEMAX     ,0.0
NRW,30 - 34,49.97,49.97,30.0,1.0,VF CABLEMAX     ,1.0
KBW,30 - 34,17.99,17.99,30.0,0.0,EAZY FLEX    ,1.0
NRW,60 - 64,54.98,39.99,30.0,0.0,VF RIP U-TREUE  ,0.0
KBW,65 - 69,32.99,32.99,30.0,0.0,VF RIP U-TREUE  ,0.0
NRW,75 - 79,34.98,34.98,30.0,0.0,VF RIP U-TREUE  ,0.0
NRW,55 - 59,44.97,44.97,30.0,0.0,VF CABLEMAX     ,0.0
HSN,50 - 54,59.97,39.99,60.0,0.0,VF CABLEMAX     ,1.0
NRW,30 - 34,34.99,34.99,30.0,0.0,RED INTERNET & PHONE CABLE U ,1.0
NRW,70 - 74,44.98,44.98,30.0,0.0,VF CABLEMAX     ,1.0
HSN,45 - 49,39.98,39.98,30.0,0.0,VF CABLEMAX     ,1.0
NRW,55 - 59,42.97,42.97,30.0,0.0,RED INTERNET & PHONE CABLE U ,1.0
HSN,55 - 59,34.99,24.99,30.0,0.0,RED INTERNET & PHONE CABLE U ,1.0
NRW,30 - 34,29.99,29.99,30.0,0.0,VF RIP U-TREUE  ,1.0
NRW,80 and over,34.99,34.99,30.0,0.0,RED INTERNET & PHONE CABLE U ,1.0
NRW,60 - 64,29.98,29.98,30.0,0.0,RED INTERNET & PHONE CABLE U ,1.0
NRW,55 - 59,49.97,34.99,30.0,0.0,RED INTERNET & PHONE CABLE U ,1.0
KBW,40 - 44,49.97,49.97,30.0,0.0,VF CABLEMAX     ,0.0
NRW,25 - 29,34.99,34.99,30.0,0.0,RED INTERNET & PHONE CABLE U ,1.0
NRW,35 - 39,44.98,44.98,30.0,0.0,VF CABLEMAX     ,0.0
KBW,70 - 74,37.98,37.99,30.0,0.0,VF RIP U-TREUE  ,0.0
NRW,50 - 54,29.99,29.99,30.0,0.0,VF RIP U-TREUE  ,0.0
NRW,60 - 64,29.99,29.99,30.0,0.0,RED INTERNET & PHONE CABLE U ,1.0
NRW,55 - 59,54.98,54.98,30.0,0.0,RED INTERNET & PHONE CABLE U ,0.0
NRW,40 - 44,34.99,34.99,30.0,0.0,VF RIP U-TREUE  ,0.0
KBW,65 - 69,34.99,34.99,30.0,0.0,RED INTERNET & PHONE CABLE U ,0.0
KBW,50 - 54,54.97,34.99,30.0,0.0,RED INTERNET & PHONE CABLE U ,1.0
KBW,70 - 74,37.98,37.98,30.0,0.0,GIGAZUHAUSE KABEL ,0.0
NRW,50 - 54,39.98,39.98,30.0,0.0,VF CABLEMAX     ,1.0
KBW,65 - 69,34.98,34.98,30.0,0.0,VF RIP U-TREUE  ,0.0
KBW,30 - 34,44.98,44.98,30.0,0.0,VF CABLEMAX     ,1.0
NRW,35 - 39,39.99,39.99,30.0,0.0,RED INTERNET & PHONE CABLE U ,1.0
KBW,70 - 74,34.99,34.99,30.0,0.0,VF RIP U-TREUE  ,0.0
HSN,70 - 74,59.99,59.99,30.0,0.0,3PLAY FLY      ,0.0
NRW,25 - 29,44.99,44.99,30.0,0.0,RED INTERNET & PHONE CABLE U ,1.0
KBW,70 - 74,40.9,40.9,30.0,0.0,2PLAY PLUS       ,0.0
HSN,30 - 34,29.99,29.99,30.0,0.0,VF RIP U-TREUE  ,1.0
KBW,60 - 64,69.95,48.97,30.0,0.0,VF CABLEMAX     ,1.0
NRW,55 - 59,63.97,42.98,30.0,0.0,VF RIP U-TREUE  ,1.0
HSN,65 - 69,39.98,39.98,30.0,0.0,RED INTERNET & PHONE CABLE U ,1.0
NRW,30 - 34,39.99,39.99,30.0,0.0,VF RIP U-TREUE  ,1.0
KBW,40 - 44,34.99,34.99,30.0,0.0,RED INTERNET & PHONE CABLE U ,0.0
NRW,65 - 69,54.99,54.99,30.0,0.0,RED INTERNET & PHONE CABLE U ,1.0
KBW,40 - 44,39.98,39.98,30.0,0.0,VF CABLEMAX     ,0.0
KBW,45 - 49,49.99,49.99,30.0,0.0,GIGAZUHAUSE KABEL ,0.0
HSN,30 - 34,39.98,39.98,30.0,0.0,VF CABLEMAX     ,1.0
NRW,50 - 54,54.99,54.99,30.0,0.0,RED INTERNET & PHONE CABLE U ,0.0
NRW,45 - 49,34.99,34.99,30.0,0.0,RED INTERNET & PHONE CABLE U ,1.0
KBW,40 - 44,39.98,39.98,30.0,0.0,VF CABLEMAX     ,0.0
NRW,50 - 54,34.99,34.99,30.0,0.0,RED INTERNET & PHONE CABLE U ,0.0
NRW,30 - 34,44.98,44.98,30.0,0.0,RED INTERNET & PHONE CABLE U ,0.0
KBW,45 - 49,49.97,49.97,30.0,0.0,VF CABLEMAX     ,0.0
KBW,45 - 49,29.99,29.99,30.0,0.0,VF RIP U-TREUE  ,0.0
NRW,30 - 34,29.99,29.99,30.0,0.0,VF RIP U-TREUE  ,0.0
HSN,60 - 64,42.97,42.97,30.0,0.0,3PLAY COMFORT     ,1.0
KBW,35 - 39,44.98,44.98,30.0,0.0,VF CABLEMAX     ,1.0
NRW,55 - 59,44.98,44.98,30.0,0.0,VF CABLEMAX     ,1.0
KBW,60 - 64,49.99,49.99,30.0,0.0,RED INTERNET & PHONE CABLE U ,0.0
NRW,30 - 34,39.99,39.99,30.0,0.0,RED INTERNET & PHONE CABLE U ,0.0
KBW,30 - 34,44.98,44.98,30.0,0.0,VF CABLEMAX     ,1.0
HSN,60 - 64,49.99,49.99,30.0,0.0,RED INTERNET & PHONE CABLE U ,1.0
KBW,45 - 49,54.98,54.98,30.0,0.0,RED INTERNET & PHONE CABLE U ,1.0
KBW,80 and over,50.34,50.98,30.0,0.0,RED INTERNET & PHONE CABLE U ,1.0
KBW,55 - 59,42.98,42.98,30.0,0.0,VF RIP U-TREUE  ,0.0
NRW,55 - 59,39.98,39.98,30.0,0.0,GIGAZUHAUSE KABEL ,0.0
NRW,60 - 64,44.98,44.98,30.0,0.0,VF CABLEMAX     ,0.0
NRW,35 - 39,54.99,54.99,30.0,0.0,RED INTERNET & PHONE CABLE U ,0.0
NRW,25 - 29,44.98,44.98,30.0,0.0,RED INTERNET & PHONE CABLE U ,1.0
NRW,55 - 59,42.98,29.99,34.0,0.0,VF RIP U-TREUE  ,0.0
NRW,30 - 34,49.97,49.97,30.0,0.0,RED INTERNET & PHONE CABLE U ,1.0
NRW,35 - 39,39.99,39.99,30.0,0.0,RED INTERNET & PHONE CABLE U ,1.0
NRW,35 - 39,34.99,34.99,30.0,0.0,RED INTERNET & PHONE CABLE U ,0.0
KBW,55 - 59,44.98,44.98,30.0,0.0,VF CABLEMAX     ,0.0
NRW,60 - 64,43.98,43.98,30.0,0.0,RED INTERNET & PHONE CABLE U ,1.0
NRW,55 - 59,54.98,54.98,30.0,0.0,RED INTERNET & PHONE CABLE U ,0.0
HSN,25 - 29,34.99,34.99,30.0,0.0,RED INTERNET & PHONE CABLE U ,1.0
NRW,65 - 69,32.99,32.99,30.0,0.0,VF RIP U-TREUE  ,1.0
HSN,30 - 34,44.98,44.98,30.0,0.0,VF CABLEMAX     ,1.0
NRW,18 - 24,39.99,39.99,30.0,0.0,RED INTERNET & PHONE CABLE U ,1.0
NRW,25 - 29,24.99,24.99,30.0,0.0,INTERNET COMFORT     ,0.0
KBW,25 - 29,39.98,39.98,30.0,0.0,VF CABLEMAX     ,1.0
KBW,65 - 69,48.97,48.97,30.0,0.0,RED INTERNET & PHONE CABLE U ,0.0
KBW,35 - 39,39.98,39.98,30.0,0.0,RED INTERNET & PHONE CABLE U ,0.0
KBW,55 - 59,47.96,47.96,30.0,0.0,2PLAY PLUS       ,0.0
KBW,35 - 39,44.98,44.98,30.0,0.0,RED INTERNET & PHONE CABLE U ,0.0
NRW,45 - 49,52.97,52.98,30.0,0.0,VF RIP U-TREUE  ,1.0
NRW,40 - 44,39.98,39.98,30.0,0.0,RED INTERNET & PHONE CABLE U ,0.0
NRW,55 - 59,34.99,34.99,30.0,0.0,RED INTERNET & PHONE CABLE U ,0.0
KBW,65 - 69,49.97,29.99,30.0,0.0,VF RIP U-TREUE  ,1.0
KBW,55 - 59,44.98,34.99,30.0,0.0,RED INTERNET & PHONE CABLE U ,0.0
HSN,50 - 54,44.98,44.98,30.0,0.0,VF CABLEMAX     ,0.0
KBW,60 - 64,39.99,39.99,30.0,0.0,RED INTERNET & PHONE CABLE U ,0.0
HSN,40 - 44,58.98,58.98,30.0,0.0,RED INTERNET & PHONE CABLE U ,1.0
KBW,65 - 69,55.34,34.99,30.0,0.0,RED INTERNET & PHONE CABLE U ,0.0
NRW,25 - 29,39.98,39.98,30.0,0.0,RED INTERNET & PHONE CABLE U ,0.0
KBW,80 and over,35.98,35.98,30.0,0.0,RED INTERNET & PHONE CABLE U ,1.0
NRW,30 - 34,44.98,44.98,30.0,0.0,VF CABLEMAX     ,0.0
KBW,75 - 79,29.99,29.99,30.0,0.0,VF RIP U-TREUE  ,0.0
NRW,55 - 59,63.97,42.98,30.0,0.0,GIGAZUHAUSE KABEL ,1.0
NRW,30 - 34,44.98,44.98,30.0,0.0,VF CABLEMAX     ,0.0
HSN,25 - 29,43.97,43.97,30.0,0.0,RED INTERNET & PHONE CABLE U ,1.0
NRW,40 - 44,39.99,39.99,30.0,0.0,RED INTERNET & PHONE CABLE U ,1.0
KBW,40 - 44,39.98,39.98,30.0,0.0,RED INTERNET & PHONE CABLE U ,0.0
KBW,40 - 44,44.98,44.98,30.0,0.0,VF CABLEMAX     ,1.0
KBW,25 - 29,39.98,39.98,30.0,0.0,RED INTERNET & PHONE CABLE U ,1.0
HSN,55 - 59,63.98,57.98,30.0,0.0,3PLAY FLY      ,1.0
HSN,60 - 64,39.98,39.98,30.0,0.0,VF CABLEMAX     ,0.0
KBW,40 - 44,39.99,39.99,30.0,0.0,RED INTERNET & PHONE CABLE U ,1.0
KBW,55 - 59,65.97,44.98,30.0,0.0,VF CABLEMAX     ,1.0
KBW,65 - 69,54.98,34.99,30.0,0.0,RED INTERNET & PHONE CABLE U ,1.0
NRW,45 - 49,68.94,47.95,30.0,0.0,3PLAY PLUS MTA      ,0.0
HSN,55 - 59,39.99,39.99,30.0,0.0,RED INTERNET & PHONE CABLE U ,0.0
KBW,60 - 64,42.97,42.97,30.0,0.0,2PLAY PLUS       ,0.0
NRW,40 - 44,39.98,39.98,30.0,0.0,VF CABLEMAX     ,0.0
NRW,50 - 54,44.98,44.98,30.0,0.0,VF CABLEMAX     ,0.0
KBW,30 - 34,29.99,29.99,30.0,0.0,VF RIP U-TREUE  ,1.0
NRW,65 - 69,43.97,43.97,30.0,0.0,RED INTERNET & PHONE CABLE U ,0.0
NRW,50 - 54,44.98,44.98,30.0,0.0,VF CABLEMAX     ,1.0
NRW,45 - 49,47.97,62.98,123.0,0.0,GIGAZUHAUSE KABEL ,0.0
HSN,35 - 39,44.98,44.98,30.0,0.0,RED INTERNET & PHONE CABLE U ,0.0
KBW,80 and over,24.99,24.99,30.0,0.0,INTERNET COMFORT     ,1.0
NRW,70 - 74,44.97,44.97,30.0,0.0,RED INTERNET & PHONE CABLE U ,0.0
NRW,35 - 39,39.99,39.99,30.0,0.0,RED INTERNET & PHONE CABLE U ,1.0
KBW,30 - 34,27.99,27.99,30.0,0.0,VF RIP U-TREUE  ,0.0
NRW,75 - 79,49.97,49.97,30.0,0.0,VF CABLEMAX     ,1.0
KBW,35 - 39,39.98,39.98,30.0,0.0,VF CABLEMAX     ,0.0
NRW,55 - 59,34.99,34.99,30.0,0.0,RED INTERNET & PHONE CABLE U ,0.0
NRW,35 - 39,29.99,29.99,30.0,0.0,VF RIP U-TREUE  ,1.0
NRW,30 - 34,39.98,39.98,30.0,0.0,RED INTERNET & PHONE CABLE U ,1.0
NRW,80 and over,68.94,47.96,30.0,0.0,VF RIP U-TREUE  ,0.0
KBW,35 - 39,29.99,29.99,30.0,0.0,VF RIP U-TREUE  ,1.0
KBW,60 - 64,29.99,29.99,30.0,0.0,VF RIP U-TREUE  ,1.0
KBW,40 - 44,39.99,39.99,30.0,0.0,RED INTERNET & PHONE CABLE U ,1.0
NRW,55 - 59,38.98,38.98,30.0,0.0,RED INTERNET & PHONE CABLE U ,1.0
NRW,50 - 54,34.99,34.99,30.0,0.0,RED INTERNET & PHONE CABLE U ,1.0
NRW,35 - 39,39.99,39.99,30.0,0.0,VF RIP U-TREUE  ,1.0
KBW,25 - 29,44.98,44.98,30.0,0.0,RED INTERNET & PHONE CABLE U ,1.0
KBW,30 - 34,44.98,44.98,30.0,0.0,VF CABLEMAX     ,1.0
NRW,65 - 69,44.98,44.98,30.0,0.0,VF CABLEMAX     ,1.0
KBW,60 - 64,58.98,58.98,30.0,0.0,RED INTERNET & PHONE CABLE U ,1.0
KBW,45 - 49,37.99,37.99,30.0,0.0,VF RIP U-TREUE  ,0.0
NRW,40 - 44,62.98,62.99,53.0,0.0,GIGAZUHAUSE TREUE B ,1.0
NRW,35 - 39,37.99,37.99,30.0,0.0,VF RIP U-TREUE  ,1.0
KBW,45 - 49,44.98,44.98,30.0,0.0,VF CABLEMAX     ,1.0
NRW,70 - 74,49.96,49.97,30.0,0.0,VF CABLEMAX     ,0.0
NRW,45 - 49,24.99,24.99,30.0,0.0,INTERNET COMFORT     ,1.0
NRW,25 - 29,34.99,34.99,30.0,0.0,RED INTERNET & PHONE CABLE U ,1.0
KBW,55 - 59,49.97,49.97,30.0,0.0,VF CABLEMAX     ,1.0
KBW,35 - 39,44.98,44.98,30.0,0.0,RED INTERNET & PHONE CABLE U ,0.0
KBW,65 - 69,54.99,54.99,30.0,0.0,RED INTERNET & PHONE CABLE U ,0.0
NRW,25 - 29,39.99,39.99,30.0,0.0,RED INTERNET & PHONE CABLE U ,1.0
NRW,25 - 29,24.99,24.99,30.0,0.0,INTERNET COMFORT     ,0.0
KBW,55 - 59,74.96,34.99,30.0,0.0,RED INTERNET & PHONE CABLE U ,1.0
NRW,25 - 29,49.99,49.99,30.0,0.0,RED INTERNET & PHONE CABLE U ,1.0
NRW,40 - 44,39.98,39.98,30.0,0.0,VF CABLEMAX     ,0.0
NRW,25 - 29,39.99,39.99,30.0,0.0,VF RIP U-TREUE  ,0.0
NRW,35 - 39,42.98,42.98,30.0,0.0,VF RIP U-TREUE  ,0.0
NRW,40 - 44,52.98,52.98,30.0,0.0,VF RIP U-TREUE  ,0.0
NRW,30 - 34,39.99,39.99,30.0,0.0,RED INTERNET & PHONE CABLE U ,1.0
NRW,60 - 64,74.96,49.98,30.0,0.0,RED INTERNET & PHONE CABLE U ,0.0
KBW,45 - 49,29.99,29.99,30.0,0.0,VF RIP U-TREUE  ,0.0
NRW,30 - 34,39.99,39.99,30.0,0.0,RED INTERNET & PHONE CABLE U ,1.0
NRW,40 - 44,44.98,44.98,30.0,0.0,VF CABLEMAX     ,1.0
KBW,30 - 34,44.98,44.98,30.0,0.0,RED INTERNET & PHONE CABLE U ,0.0
KBW,55 - 59,69.96,48.97,30.0,0.0,VF CABLEMAX     ,0.0
HSN,60 - 64,39.99,39.99,30.0,0.0,RED INTERNET & PHONE CABLE U ,1.0
KBW,25 - 29,39.99,39.99,30.0,0.0,RED INTERNET & PHONE CABLE U ,0.0
NRW,25 - 29,39.99,39.99,30.0,0.0,VF RIP U-TREUE  ,1.0
HSN,70 - 74,37.99,37.99,30.0,0.0,VF RIP U-TREUE  ,0.0
NRW,55 - 59,39.98,39.98,30.0,0.0,VF CABLEMAX     ,0.0
NRW,70 - 74,29.98,29.98,30.0,0.0,RED INTERNET & PHONE CABLE U ,1.0
HSN,40 - 44,54.99,54.99,30.0,0.0,RED INTERNET & PHONE CABLE U ,0.0
HSN,40 - 44,34.99,34.99,30.0,0.0,RED INTERNET & PHONE CABLE U ,0.0
KBW,65 - 69,59.97,39.99,30.0,0.0,VF RIP U-TREUE  ,1.0
KBW,50 - 54,44.98,44.98,30.0,0.0,RED INTERNET & PHONE CABLE U ,0.0
KBW,45 - 49,54.99,54.99,30.0,0.0,RED INTERNET & PHONE CABLE U ,0.0
NRW,25 - 29,34.99,34.99,30.0,0.0,RED INTERNET & PHONE CABLE U ,1.0
NRW,35 - 39,52.97,52.97,30.0,0.0,VF CABLEMAX     ,1.0
NRW,60 - 64,44.97,44.97,30.0,0.0,3PLAY COMFORT     ,1.0
NRW,60 - 64,39.99,39.99,30.0,0.0,RED INTERNET & PHONE CABLE U ,1.0
KBW,45 - 49,44.98,44.98,30.0,0.0,VF CABLEMAX     ,1.0
KBW,45 - 49,54.99,54.99,30.0,0.0,RED INTERNET & PHONE CABLE U ,0.0
HSN,25 - 29,39.99,39.99,30.0,0.0,RED INTERNET & PHONE CABLE U ,1.0
HSN,35 - 39,44.98,44.98,30.0,0.0,VF CABLEMAX     ,0.0
NRW,30 - 34,48.97,48.97,30.0,0.0,VF CABLEMAX     ,1.0
HSN,65 - 69,59.99,59.99,30.0,0.0,3PLAY TREUE GENRE    ,0.0
NRW,45 - 49,44.98,44.98,30.0,0.0,RED INTERNET & PHONE CABLE U ,1.0
KBW,60 - 64,34.99,34.99,30.0,0.0,VF RIP U-TREUE  ,1.0
KBW,40 - 44,49.98,49.98,30.0,0.0,GIGAZUHAUSE KABEL ,1.0
NRW,55 - 59,39.98,39.98,30.0,0.0,VF CABLEMAX     ,1.0
NRW,25 - 29,34.99,34.99,30.0,0.0,RED INTERNET & PHONE CABLE U ,1.0
NRW,35 - 39,44.98,44.98,30.0,0.0,VF CABLEMAX     ,0.0
NRW,60 - 64,49.98,49.99,30.0,0.0,GIGAZUHAUSE KABEL ,1.0
NRW,50 - 54,44.98,44.98,30.0,0.0,VF CABLEMAX     ,1.0
KBW,40 - 44,39.98,39.98,30.0,0.0,GIGAZUHAUSE KABEL ,1.0
NRW,50 - 54,34.99,34.99,30.0,0.0,RED INTERNET & PHONE CABLE U ,1.0
KBW,65 - 69,78.95,48.97,30.0,0.0,VF CABLEMAX     ,1.0
HSN,55 - 59,54.99,54.99,30.0,0.0,RED INTERNET & PHONE CABLE U ,0.0
NRW,60 - 64,52.96,32.99,30.0,0.0,VF RIP U-TREUE  ,0.0
KBW,65 - 69,34.99,34.99,30.0,0.0,RED INTERNET & PHONE CABLE U ,0.0
KBW,80 and over,59.97,39.98,30.0,0.0,RED INTERNET & PHONE CABLE U ,0.0
KBW,50 - 54,42.97,42.97,30.0,0.0,RED INTERNET & PHONE CABLE U ,0.0
NRW,50 - 54,34.99,34.99,30.0,0.0,RED INTERNET & PHONE CABLE U ,0.0
NRW,70 - 74,47.97,47.96,30.0,0.0,3PLAY TREUE      ,1.0
NRW,60 - 64,30.88,30.88,30.0,0.0,RED INTERNET & PHONE CABLE U ,1.0
KBW,40 - 44,43.97,43.97,30.0,0.0,RED INTERNET & PHONE CABLE U ,0.0
KBW,55 - 59,32.98,32.98,30.0,0.0,VF RIP U-TREUE  ,0.0
KBW,50 - 54,44.98,44.98,30.0,0.0,VF CABLEMAX     ,0.0
NRW,40 - 44,44.98,44.98,30.0,0.0,VF CABLEMAX     ,1.0
KBW,25 - 29,49.99,49.99,30.0,0.0,RED INTERNET & PHONE CABLE U ,0.0
KBW,50 - 54,39.98,39.98,30.0,0.0,RED INTERNET & PHONE CABLE U ,1.0
KBW,25 - 29,37.98,37.98,30.0,0.0,VF RIP U-TREUE  ,1.0
KBW,30 - 34,39.98,39.98,30.0,0.0,RED INTERNET & PHONE CABLE U ,1.0
NRW,30 - 34,37.99,37.99,30.0,0.0,VF RIP U-TREUE  ,1.0
HSN,35 - 39,39.99,39.99,30.0,0.0,RED INTERNET & PHONE CABLE U ,0.0
KBW,25 - 29,62.98,62.98,30.0,0.0,RED INTERNET & PHONE CABLE U ,1.0
KBW,45 - 49,57.97,57.97,30.0,0.0,GIGAZUHAUSE KABEL ,0.0
KBW,45 - 49,39.99,39.99,30.0,0.0,RED INTERNET & PHONE CABLE U ,1.0
HSN,35 - 39,29.99,29.99,30.0,0.0,RED INTERNET & PHONE CABLE U ,0.0
KBW,45 - 49,59.99,59.99,30.0,0.0,RED INTERNET & PHONE CABLE U ,0.0
NRW,25 - 29,34.99,34.99,30.0,0.0,RED INTERNET & PHONE CABLE U ,1.0
NRW,65 - 69,39.99,39.99,30.0,0.0,VF RIP U-TREUE  ,0.0
NRW,65 - 69,32.99,32.99,30.0,0.0,VF RIP U-TREUE  ,1.0
NRW,60 - 64,68.96,47.97,30.0,0.0,RED INTERNET & PHONE CABLE U ,0.0
NRW,35 - 39,39.99,39.99,30.0,0.0,VF RIP U-TREUE  ,0.0
NRW,40 - 44,44.98,44.98,30.0,0.0,VF CABLEMAX     ,0.0
KBW,35 - 39,43.97,43.97,30.0,0.0,RED INTERNET & PHONE CABLE U ,0.0
NRW,50 - 54,54.99,54.99,30.0,0.0,RED INTERNET & PHONE CABLE U ,0.0
NRW,60 - 64,34.98,29.98,30.0,0.0,VF RIP U-TREUE  ,0.0
NRW,40 - 44,34.99,34.99,30.0,0.0,RED INTERNET & PHONE CABLE U ,1.0
HSN,25 - 29,39.99,39.99,30.0,0.0,RED INTERNET & PHONE CABLE U ,1.0
NRW,50 - 54,44.98,44.98,30.0,0.0,VF CABLEMAX     ,0.0
HSN,60 - 64,39.99,39.99,30.0,0.0,VF RIP U-TREUE  ,1.0
HSN,45 - 49,39.98,39.98,30.0,0.0,RED INTERNET & PHONE CABLE U ,1.0
KBW,80 and over,34.99,34.99,30.0,0.0,RED INTERNET & PHONE CABLE U ,1.0
KBW,60 - 64,39.98,39.98,30.0,0.0,VF CABLEMAX     ,0.0
NRW,30 - 34,49.98,49.98,30.0,0.0,TREUEPLUS     ,0.0
KBW,30 - 34,39.99,39.99,30.0,0.0,RED INTERNET & PHONE CABLE U ,0.0
KBW,45 - 49,49.99,49.99,30.0,0.0,RED INTERNET & PHONE CABLE U ,1.0
HSN,18 - 24,44.98,44.98,30.0,0.0,RED INTERNET & PHONE CABLE U ,1.0
NRW,40 - 44,49.99,49.99,30.0,0.0,RED INTERNET & PHONE CABLE U ,1.0
KBW,30 - 34,39.99,39.99,30.0,0.0,RED INTERNET & PHONE CABLE U ,0.0
KBW,80 and over,58.98,58.98,30.0,0.0,RED INTERNET & PHONE CABLE U ,0.0
NRW,30 - 34,34.99,34.99,30.0,0.0,RED INTERNET & PHONE CABLE U ,1.0
NRW,50 - 54,55.95,40.97,30.0,0.0,3PLAY PLUS       ,0.0
NRW,25 - 29,39.98,39.98,30.0,0.0,VF CABLEMAX     ,0.0
NRW,35 - 39,49.99,49.99,30.0,0.0,RED INTERNET & PHONE CABLE U ,0.0
NRW,35 - 39,39.99,39.99,30.0,0.0,RED INTERNET & PHONE CABLE U ,1.0
HSN,60 - 64,44.98,44.98,30.0,0.0,VF CABLEMAX     ,0.0
NRW,65 - 69,62.96,42.97,30.0,0.0,VF RIP U-TREUE  ,0.0
KBW,75 - 79,34.99,34.99,30.0,0.0,RED INTERNET & PHONE CABLE U ,0.0
KBW,30 - 34,59.99,59.99,30.0,0.0,RED INTERNET & PHONE CABLE U ,1.0
NRW,60 - 64,32.99,32.99,30.0,0.0,VF RIP U-TREUE  ,1.0
NRW,55 - 59,54.99,54.99,30.0,0.0,RED INTERNET & PHONE CABLE U ,0.0
NRW,30 - 34,39.99,39.99,30.0,0.0,RED INTERNET & PHONE CABLE U ,1.0
NRW,35 - 39,34.99,34.99,30.0,0.0,RED INTERNET & PHONE CABLE U ,1.0
KBW,75 - 79,49.99,49.99,30.0,0.0,GIGAZUHAUSE KABEL ,1.0
NRW,50 - 54,34.99,34.99,30.0,0.0,RED INTERNET & PHONE CABLE U ,0.0
NRW,60 - 64,29.99,29.99,30.0,0.0,VF RIP U-TREUE  ,0.0
NRW,25 - 29,44.98,44.98,30.0,0.0,RED INTERNET & PHONE CABLE U ,1.0
NRW,30 - 34,39.99,39.99,30.0,0.0,RED INTERNET & PHONE CABLE U ,0.0
NRW,45 - 49,54.99,54.99,30.0,0.0,RED INTERNET & PHONE CABLE U ,0.0
KBW,35 - 39,47.99,47.99,30.0,0.0,VF RIP U-TREUE  ,0.0
KBW,18 - 24,44.98,44.98,30.0,0.0,RED INTERNET & PHONE CABLE U ,1.0
KBW,50 - 54,49.99,49.99,30.0,0.0,RED INTERNET & PHONE CABLE U ,1.0
NRW,50 - 54,39.98,39.98,30.0,0.0,RED INTERNET & PHONE CABLE U ,0.0
NRW,60 - 64,34.99,34.99,30.0,0.0,RED INTERNET & PHONE CABLE U ,0.0
KBW,65 - 69,52.98,52.98,30.0,0.0,GIGAZUHAUSE KABEL ,0.0
NRW,30 - 34,29.99,29.99,30.0,0.0,VF RIP U-TREUE  ,1.0
KBW,35 - 39,44.98,44.98,30.0,0.0,RED INTERNET & PHONE CABLE U ,1.0
KBW,25 - 29,39.99,39.99,30.0,0.0,RED INTERNET & PHONE CABLE U ,1.0
HSN,40 - 44,29.99,29.99,30.0,0.0,RED INTERNET & PHONE CABLE U ,1.0
HSN,45 - 49,39.98,39.98,30.0,0.0,VF CABLEMAX     ,0.0
NRW,35 - 39,39.98,39.98,30.0,0.0,RED INTERNET & PHONE CABLE U ,1.0
KBW,40 - 44,44.98,44.98,30.0,0.0,RED INTERNET & PHONE CABLE U ,1.0
NRW,50 - 54,39.98,39.98,30.0,0.0,RED INTERNET & PHONE CABLE U ,1.0
NRW,55 - 59,56.95,52.96,30.0,0.0,3PLAY TREUE      ,1.0
HSN,35 - 39,44.98,44.98,30.0,0.0,VF CABLEMAX     ,1.0
KBW,45 - 49,29.99,29.99,30.0,0.0,VF RIP U-TREUE  ,0.0
NRW,45 - 49,29.99,29.99,30.0,0.0,RED INTERNET & PHONE CABLE U ,1.0
KBW,65 - 69,59.97,39.99,30.0,0.0,VF RIP U-TREUE  ,0.0
HSN,55 - 59,32.99,32.99,30.0,0.0,VF RIP U-TREUE  ,0.0
NRW,25 - 29,34.99,34.99,30.0,0.0,RED INTERNET & PHONE CABLE U ,1.0
NRW,80 and over,29.99,29.99,30.0,0.0,RED INTERNET & PHONE CABLE U ,1.0
KBW,35 - 39,39.99,39.99,30.0,0.0,RED INTERNET & PHONE CABLE U ,0.0
KBW,25 - 29,44.98,44.98,30.0,0.0,RED INTERNET & PHONE CABLE U ,0.0
KBW,60 - 64,29.99,29.99,30.0,0.0,RED INTERNET & PHONE CABLE U ,1.0
KBW,80 and over,29.99,29.99,30.0,0.0,VF RIP U-TREUE  ,0.0
KBW,40 - 44,58.98,58.98,30.0,0.0,RED INTERNET & PHONE CABLE U ,1.0
KBW,45 - 49,59.98,59.98,30.0,0.0,RED INTERNET & PHONE CABLE U ,1.0
KBW,25 - 29,44.98,44.98,30.0,0.0,RED INTERNET & PHONE CABLE U ,0.0
KBW,35 - 39,29.99,29.99,30.0,0.0,VF RIP U-TREUE  ,0.0
NRW,35 - 39,68.96,47.98,30.0,0.0,VF RIP U-TREUE  ,0.0
NRW,35 - 39,39.98,39.98,30.0,0.0,VF CABLEMAX     ,1.0
NRW,30 - 34,49.97,49.97,30.0,0.0,VF CABLEMAX     ,0.0
NRW,35 - 39,39.99,39.99,30.0,0.0,RED INTERNET & PHONE CABLE U ,1.0
NRW,65 - 69,34.97,34.97,30.0,0.0,VF RIP U-TREUE  ,0.0
HSN,70 - 74,53.98,53.98,30.0,0.0,RED INTERNET & PHONE CABLE U ,0.0
KBW,65 - 69,39.99,39.99,30.0,0.0,VF RIP U-TREUE  ,0.0
NRW,25 - 29,44.98,44.98,30.0,0.0,RED INTERNET & PHONE CABLE U ,1.0
NRW,25 - 29,34.99,34.99,30.0,0.0,RED INTERNET & PHONE CABLE U ,1.0
NRW,35 - 39,62.98,62.98,30.0,0.0,RED INTERNET & PHONE CABLE U ,1.0
HSN,65 - 69,34.99,34.99,30.0,0.0,RED INTERNET & PHONE CABLE U ,1.0
NRW,35 - 39,32.99,32.99,30.0,0.0,VF RIP U-TREUE  ,0.0
KBW,35 - 39,44.98,44.98,30.0,0.0,VF CABLEMAX     ,0.0
HSN,40 - 44,24.99,24.99,30.0,0.0,INTERNET COMFORT     ,1.0
HSN,45 - 49,43.97,43.97,30.0,0.0,RED INTERNET & PHONE CABLE U ,0.0
NRW,40 - 44,59.98,39.99,30.0,0.0,VF RIP U-TREUE  ,1.0
NRW,60 - 64,44.98,44.98,30.0,0.0,VF CABLEMAX     ,1.0
KBW,70 - 74,32.98,32.98,30.0,0.0,2PLAY TREUE      ,0.0
NRW,60 - 64,34.99,34.99,30.0,1.0,RED INTERNET & PHONE CABLE U ,0.0
NRW,50 - 54,44.98,44.98,30.0,0.0,RED INTERNET & PHONE CABLE U ,1.0
NRW,60 - 64,70.96,49.96,30.0,0.0,VF CABLEMAX     ,0.0
HSN,40 - 44,32.98,32.98,30.0,0.0,VF RIP U-TREUE  ,0.0
KBW,50 - 54,44.99,44.99,58.0,0.0,GIGAZUHAUSE KABEL ,0.0
KBW,40 - 44,24.99,24.99,30.0,0.0,INTERNET COMFORT     ,0.0
NRW,30 - 34,39.99,39.99,30.0,0.0,RED INTERNET & PHONE CABLE U ,0.0
NRW,45 - 49,44.98,44.98,30.0,0.0,VF CABLEMAX     ,1.0
NRW,35 - 39,55.97,55.97,30.0,0.0,3PLAY TREUE      ,0.0
KBW,80 and over,29.99,29.99,30.0,0.0,RED INTERNET & PHONE CABLE U ,0.0
NRW,40 - 44,52.97,52.97,30.0,0.0,VF CABLEMAX     ,1.0
NRW,70 - 74,37.98,37.98,30.0,0.0,VF RIP U-TREUE  ,1.0
NRW,50 - 54,34.99,34.99,30.0,0.0,RED INTERNET & PHONE CABLE U ,1.0
KBW,25 - 29,39.98,39.98,85.0,0.0,RED INTERNET & PHONE CABLE U ,1.0
NRW,35 - 39,24.99,24.99,30.0,0.0,INTERNET COMFORT     ,1.0
KBW,45 - 49,49.99,49.99,30.0,0.0,RED INTERNET & PHONE CABLE U ,0.0
NRW,35 - 39,44.99,44.99,30.0,0.0,RED INTERNET & PHONE CABLE U ,1.0
KBW,60 - 64,50.97,29.99,30.0,0.0,VF RIP U-TREUE  ,0.0
NRW,25 - 29,38.98,38.98,30.0,0.0,RED INTERNET & PHONE CABLE U ,1.0
HSN,55 - 59,29.99,29.99,30.0,0.0,VF RIP U-TREUE  ,1.0
NRW,50 - 54,44.97,44.97,30.0,0.0,VF CABLEMAX     ,1.0
HSN,35 - 39,39.98,39.98,30.0,0.0,VF CABLEMAX     ,1.0
HSN,25 - 29,44.98,44.98,30.0,0.0,RED INTERNET & PHONE CABLE U ,1.0
NRW,25 - 29,34.99,34.99,30.0,0.0,RED INTERNET & PHONE CABLE U ,1.0
NRW,50 - 54,29.99,29.99,30.0,0.0,VF RIP U-TREUE  ,0.0
NRW,45 - 49,39.99,39.99,30.0,0.0,VF RIP U-TREUE  ,1.0
KBW,35 - 39,44.98,44.98,30.0,0.0,VF CABLEMAX     ,0.0
HSN,30 - 34,29.99,29.99,30.0,0.0,INTERNET PREMIUM     ,0.0
KBW,25 - 29,39.98,39.98,30.0,0.0,VF CABLEMAX     ,1.0
KBW,70 - 74,33.74,33.74,30.0,0.0,GIGAZUHAUSE KABEL ,0.0
NRW,55 - 59,49.98,49.99,30.0,0.0,RED INTERNET & PHONE CABLE U ,1.0
NRW,60 - 64,37.96,37.98,30.0,0.0,VF RIP U-TREUE  ,1.0
KBW,35 - 39,44.98,44.98,30.0,0.0,VF CABLEMAX     ,1.0
HSN,55 - 59,44.98,44.98,30.0,0.0,VF CABLEMAX     ,0.0
KBW,70 - 74,42.98,42.98,30.0,0.0,VF RIP U-TREUE  ,0.0
NRW,60 - 64,54.98,54.98,30.0,0.0,GIGAZUHAUSE KABEL ,1.0
HSN,55 - 59,42.97,42.97,30.0,0.0,RED INTERNET & PHONE CABLE U ,0.0
HSN,25 - 29,34.99,34.99,30.0,0.0,RED INTERNET & PHONE CABLE U ,1.0
NRW,40 - 44,39.99,39.99,30.0,0.0,RED INTERNET & PHONE CABLE U ,0.0
KBW,25 - 29,44.98,44.98,30.0,0.0,RED INTERNET & PHONE CABLE U ,1.0
NRW,55 - 59,44.97,44.97,30.0,0.0,GIGAZUHAUSE KABEL ,1.0
HSN,40 - 44,34.99,34.99,30.0,0.0,RED INTERNET & PHONE CABLE U ,1.0
NRW,25 - 29,34.99,34.99,30.0,1.0,RED INTERNET & PHONE CABLE U ,1.0
NRW,25 - 29,49.97,49.97,30.0,0.0,RED INTERNET & PHONE CABLE U ,1.0
HSN,65 - 69,34.99,34.99,30.0,0.0,RED INTERNET & PHONE CABLE U ,0.0
NRW,40 - 44,39.99,39.99,30.0,0.0,RED INTERNET & PHONE CABLE U ,0.0
NRW,35 - 39,29.99,29.99,30.0,0.0,VF RIP U-TREUE  ,1.0
NRW,30 - 34,39.98,39.98,30.0,0.0,VF CABLEMAX     ,0.0
NRW,45 - 49,62.97,42.99,30.0,0.0,2PLAY PLUS       ,1.0
NRW,55 - 59,44.98,44.98,30.0,0.0,VF CABLEMAX     ,1.0
KBW,55 - 59,44.98,44.98,30.0,0.0,VF CABLEMAX     ,1.0
NRW,25 - 29,44.99,44.99,30.0,0.0,RED INTERNET & PHONE CABLE U ,1.0
HSN,65 - 69,44.98,44.98,30.0,0.0,VF CABLEMAX     ,0.0
NRW,40 - 44,29.99,29.99,30.0,0.0,VF RIP U-TREUE  ,1.0
NRW,55 - 59,42.98,42.98,30.0,0.0,VF RIP U-TREUE  ,0.0
HSN,30 - 34,44.98,44.98,30.0,0.0,VF CABLEMAX     ,1.0
HSN,65 - 69,29.99,29.99,30.0,0.0,VF RIP U-TREUE  ,0.0
KBW,25 - 29,39.99,39.99,30.0,0.0,RED INTERNET & PHONE CABLE U ,1.0
KBW,25 - 29,44.98,44.98,30.0,0.0,RED INTERNET & PHONE CABLE U ,1.0
NRW,40 - 44,44.98,44.98,66.0,0.0,VF CABLEMAX     ,1.0
NRW,25 - 29,44.98,44.98,30.0,0.0,VF CABLEMAX     ,0.0
KBW,35 - 39,29.99,29.99,30.0,0.0,VF RIP U-TREUE  ,1.0
KBW,70 - 74,47.98,47.98,30.0,0.0,VF RIP U-TREUE  ,1.0
NRW,55 - 59,47.97,44.97,30.0,0.0,VF CABLEMAX     ,0.0
KBW,45 - 49,24.99,24.99,30.0,0.0,INTERNET COMFORT     ,0.0
NRW,60 - 64,44.98,44.98,30.0,0.0,VF RIP U-TREUE  ,0.0
NRW,50 - 54,44.98,44.98,30.0,0.0,VF CABLEMAX     ,0.0
NRW,75 - 79,34.98,34.98,30.0,0.0,RED INTERNET & PHONE CABLE U ,0.0
NRW,40 - 44,50.98,29.99,30.0,0.0,VF RIP U-TREUE  ,1.0
HSN,25 - 29,34.99,34.99,30.0,0.0,RED INTERNET & PHONE CABLE U ,1.0
KBW,50 - 54,54.98,54.98,30.0,0.0,GIGAZUHAUSE KABEL ,0.0
KBW,45 - 49,49.99,49.99,30.0,0.0,GIGAZUHAUSE KABEL ,0.0
KBW,25 - 29,34.99,34.99,30.0,0.0,RED INTERNET & PHONE CABLE U ,1.0
NRW,35 - 39,24.99,24.99,30.0,0.0,INTERNET COMFORT     ,1.0
NRW,65 - 69,32.99,32.99,30.0,0.0,VF RIP U-TREUE  ,1.0
NRW,40 - 44,54.98,44.98,30.0,0.0,VF CABLEMAX     ,0.0
NRW,55 - 59,39.99,39.99,30.0,0.0,RED INTERNET & PHONE CABLE U ,0.0
NRW,30 - 34,72.95,37.99,30.0,0.0,VF RIP U-TREUE  ,1.0
KBW,35 - 39,39.99,39.99,30.0,0.0,RED INTERNET & PHONE CABLE U ,1.0
NRW,30 - 34,39.99,39.99,30.0,0.0,RED INTERNET & PHONE CABLE U ,1.0
NRW,35 - 39,44.98,44.98,30.0,0.0,VF CABLEMAX     ,1.0
HSN,55 - 59,39.99,39.99,30.0,0.0,RED INTERNET & PHONE CABLE U ,1.0
KBW,40 - 44,44.98,44.98,30.0,0.0,RED INTERNET & PHONE CABLE U ,1.0
NRW,55 - 59,39.99,39.99,30.0,0.0,VF RIP U-TREUE  ,0.0
KBW,30 - 34,44.98,44.98,30.0,0.0,VF CABLEMAX     ,0.0
NRW,45 - 49,44.98,44.98,67.0,0.0,VF CABLEMAX     ,1.0
NRW,30 - 34,54.98,54.98,30.0,0.0,GIGAZUHAUSE KABEL ,1.0
NRW,55 - 59,39.99,39.99,30.0,0.0,RED INTERNET & PHONE CABLE U ,1.0
KBW,35 - 39,44.98,44.98,30.0,0.0,RED INTERNET & PHONE CABLE U ,0.0
NRW,60 - 64,34.99,34.99,30.0,0.0,RED INTERNET & PHONE CABLE U ,0.0
NRW,35 - 39,29.99,29.99,30.0,0.0,INTERNET PREMIUM     ,1.0
KBW,60 - 64,34.99,34.99,30.0,0.0,RED INTERNET & PHONE CABLE U ,1.0
NRW,30 - 34,49.97,49.97,30.0,0.0,VF CABLEMAX     ,0.0
HSN,30 - 34,44.98,44.98,30.0,0.0,RED INTERNET & PHONE CABLE U ,1.0
NRW,30 - 34,39.99,39.99,30.0,0.0,RED INTERNET & PHONE CABLE U ,0.0
KBW,60 - 64,49.99,49.99,30.0,0.0,RED INTERNET & PHONE CABLE U ,1.0
KBW,35 - 39,74.95,49.97,30.0,0.0,VF CABLEMAX     ,1.0
HSN,25 - 29,54.99,54.99,30.0,0.0,RED INTERNET & PHONE CABLE U ,1.0
KBW,45 - 49,58.98,37.98,30.0,0.0,VF RIP U-TREUE  ,0.0
NRW,60 - 64,49.97,49.97,30.0,0.0,VF CABLEMAX     ,0.0
NRW,60 - 64,39.98,39.98,30.0,0.0,VF CABLEMAX     ,1.0
KBW,60 - 64,50.97,29.99,30.0,0.0,INTERNET PREMIUM     ,0.0
HSN,50 - 54,54.99,54.99,30.0,0.0,RED INTERNET & PHONE CABLE U ,1.0
NRW,55 - 59,54.97,44.98,30.0,0.0,VF CABLEMAX     ,0.0
NRW,60 - 64,63.37,42.98,30.0,0.0,VF RIP U-TREUE  ,0.0
KBW,65 - 69,37.98,37.98,30.0,0.0,VF RIP U-TREUE  ,1.0
NRW,40 - 44,44.98,44.98,30.0,0.0,RED INTERNET & PHONE CABLE U ,1.0
KBW,70 - 74,68.96,47.98,30.0,0.0,VF RIP U-TREUE  ,0.0
KBW,40 - 44,34.99,34.99,30.0,0.0,RED INTERNET & PHONE CABLE U ,1.0
KBW,60 - 64,24.99,24.99,30.0,0.0,VF RIP U-TREUE  ,1.0
KBW,45 - 49,39.98,39.98,30.0,0.0,VF CABLEMAX     ,0.0
NRW,30 - 34,34.99,34.99,30.0,0.0,RED INTERNET & PHONE CABLE U ,1.0
NRW,45 - 49,68.96,47.99,30.0,0.0,VF RIP U-TREUE  ,0.0
KBW,70 - 74,47.98,47.98,30.0,0.0,VF RIP U-TREUE  ,0.0
KBW,25 - 29,44.98,44.98,30.0,0.0,RED INTERNET & PHONE CABLE U ,1.0
NRW,70 - 74,50.97,50.97,30.0,0.0,3PLAY TREUE      ,0.0
KBW,35 - 39,39.99,39.99,30.0,0.0,RED INTERNET & PHONE CABLE U ,1.0
NRW,35 - 39,48.99,48.99,30.0,0.0,VF RIP U-TREUE  ,0.0
KBW,80 and over,34.99,34.99,30.0,0.0,RED INTERNET & PHONE CABLE U ,1.0
KBW,50 - 54,44.97,44.97,30.0,0.0,RED INTERNET & PHONE CABLE U ,0.0
KBW,35 - 39,54.99,54.99,30.0,0.0,RED INTERNET & PHONE CABLE U ,1.0
NRW,50 - 54,74.95,44.98,30.0,0.0,VF CABLEMAX     ,1.0
KBW,30 - 34,44.98,44.98,30.0,0.0,VF CABLEMAX     ,0.0
NRW,60 - 64,34.99,34.99,30.0,0.0,RED INTERNET & PHONE CABLE U ,1.0
NRW,35 - 39,34.99,34.99,30.0,0.0,RED INTERNET & PHONE CABLE U ,0.0
NRW,60 - 64,59.98,59.98,30.0,0.0,RED INTERNET & PHONE CABLE U ,1.0
NRW,35 - 39,39.99,39.99,30.0,0.0,RED INTERNET & PHONE CABLE U ,0.0
NRW,35 - 39,39.99,39.99,30.0,0.0,RED INTERNET & PHONE CABLE U ,0.0
HSN,50 - 54,39.99,39.99,30.0,0.0,RED INTERNET & PHONE CABLE U ,0.0
KBW,60 - 64,44.99,44.99,30.0,0.0,GIGAZUHAUSE KABEL ,1.0
HSN,25 - 29,44.98,44.98,30.0,0.0,VF CABLEMAX     ,1.0
KBW,55 - 59,49.99,49.99,30.0,0.0,GIGAZUHAUSE KABEL ,1.0
NRW,30 - 34,34.99,34.99,30.0,0.0,RED INTERNET & PHONE CABLE U ,0.0
KBW,45 - 49,49.98,49.98,30.0,0.0,RED INTERNET & PHONE CABLE U ,0.0
NRW,80 and over,29.99,29.99,30.0,0.0,VF RIP U-TREUE  ,1.0
NRW,55 - 59,64.98,44.98,30.0,0.0,VF CABLEMAX     ,0.0
KBW,60 - 64,39.98,39.98,30.0,0.0,VF CABLEMAX     ,0.0
HSN,35 - 39,59.98,39.99,30.0,0.0,VF RIP U-TREUE  ,1.0
NRW,60 - 64,50.98,29.99,30.0,0.0,VF RIP U-TREUE  ,0.0
NRW,25 - 29,54.99,54.99,30.0,0.0,RED INTERNET & PHONE CABLE U ,1.0
NRW,50 - 54,49.96,49.97,30.0,0.0,VF CABLEMAX     ,0.0
HSN,25 - 29,34.99,34.99,30.0,0.0,RED INTERNET & PHONE CABLE U ,1.0
KBW,55 - 59,54.97,34.99,30.0,0.0,RED INTERNET & PHONE CABLE U ,1.0
HSN,50 - 54,49.97,49.97,30.0,0.0,VF CABLEMAX     ,1.0
NRW,60 - 64,39.98,39.98,30.0,0.0,GIGAZUHAUSE KABEL ,0.0
HSN,55 - 59,27.98,27.98,30.0,0.0,RED INTERNET & PHONE CABLE U ,1.0
KBW,40 - 44,62.98,62.98,339.0,0.0,GIGAZUHAUSE KABEL ,0.0
KBW,65 - 69,34.99,34.99,30.0,0.0,RED INTERNET & PHONE CABLE U ,0.0
HSN,75 - 79,39.99,39.99,30.0,0.0,RED INTERNET & PHONE CABLE U ,1.0
KBW,80 and over,29.99,29.99,30.0,0.0,VF RIP U-TREUE  ,1.0
KBW,30 - 34,44.99,44.99,30.0,0.0,GIGAZUHAUSE KABEL ,0.0
KBW,35 - 39,34.99,34.99,30.0,0.0,RED INTERNET & PHONE CABLE U ,1.0
NRW,45 - 49,44.98,44.98,30.0,0.0,RED INTERNET & PHONE CABLE U ,1.0
KBW,30 - 34,29.99,29.99,30.0,0.0,VF RIP U-TREUE  ,1.0
KBW,60 - 64,69.98,54.98,30.0,0.0,GIGAZUHAUSE KABEL ,0.0
KBW,55 - 59,61.96,40.97,30.0,0.0,VF RIP U-TREUE  ,1.0
NRW,35 - 39,54.99,54.99,30.0,0.0,RED INTERNET & PHONE CABLE U ,1.0
NRW,80 and over,65.44,44.98,30.0,0.0,2PLAY PLUS       ,1.0
KBW,60 - 64,24.99,24.99,30.0,0.0,VF RIP U-TREUE  ,0.0
NRW,25 - 29,37.98,37.98,30.0,0.0,VF RIP U-TREUE  ,0.0
KBW,40 - 44,39.98,39.98,30.0,0.0,RED INTERNET & PHONE CABLE U ,1.0
NRW,45 - 49,59.99,59.99,30.0,0.0,GIGAZUHAUSE KABEL ,0.0
KBW,40 - 44,39.99,39.99,30.0,0.0,VF RIP U-TREUE  ,1.0
NRW,40 - 44,47.99,47.99,30.0,0.0,VF RIP U-TREUE  ,1.0
NRW,55 - 59,54.96,44.98,30.0,0.0,VF RIP U-TREUE  ,0.0
HSN,80 and over,29.99,29.99,30.0,0.0,VF RIP U-TREUE  ,0.0
NRW,18 - 24,44.98,44.98,30.0,0.0,VF CABLEMAX     ,1.0
HSN,50 - 54,34.99,34.99,30.0,0.0,RED INTERNET & PHONE CABLE U ,0.0
NRW,35 - 39,34.99,34.99,30.0,0.0,RED INTERNET & PHONE CABLE U ,1.0
HSN,60 - 64,34.99,34.99,30.0,0.0,RED INTERNET & PHONE CABLE U ,1.0
HSN,18 - 24,54.98,54.98,30.0,0.0,RED INTERNET & PHONE CABLE U ,1.0
NRW,35 - 39,34.99,34.99,30.0,0.0,RED INTERNET & PHONE CABLE U ,1.0
KBW,55 - 59,42.98,37.99,30.0,0.0,VF RIP U-TREUE  ,1.0
NRW,50 - 54,49.99,49.99,30.0,0.0,RED INTERNET & PHONE CABLE U ,1.0
KBW,25 - 29,39.98,39.98,30.0,0.0,VF CABLEMAX     ,1.0
KBW,35 - 39,32.99,32.99,30.0,0.0,VF RIP U-TREUE  ,0.0
HSN,45 - 49,39.99,39.99,30.0,0.0,VF RIP U-TREUE  ,1.0
NRW,25 - 29,44.99,44.99,30.0,0.0,RED INTERNET & PHONE CABLE U ,1.0
KBW,40 - 44,44.98,44.98,30.0,0.0,RED INTERNET & PHONE CABLE U ,0.0
KBW,55 - 59,54.98,54.98,30.0,0.0,VF RIP U-TREUE  ,1.0
NRW,25 - 29,44.98,44.98,30.0,0.0,RED INTERNET & PHONE CABLE U ,0.0
NRW,25 - 29,39.99,39.99,30.0,0.0,RED INTERNET & PHONE CABLE U ,1.0
KBW,40 - 44,49.97,49.97,30.0,0.0,VF CABLEMAX     ,0.0
NRW,55 - 59,44.98,44.98,30.0,0.0,RED INTERNET & PHONE CABLE U ,1.0
NRW,25 - 29,44.98,44.98,30.0,0.0,RED INTERNET & PHONE CABLE U ,1.0
KBW,40 - 44,44.98,44.98,30.0,0.0,VF CABLEMAX     ,1.0
KBW,30 - 34,34.99,34.99,30.0,0.0,RED INTERNET & PHONE CABLE U ,1.0
KBW,35 - 39,39.99,39.99,30.0,0.0,RED INTERNET & PHONE CABLE U ,1.0
HSN,25 - 29,34.99,34.99,30.0,0.0,RED INTERNET & PHONE CABLE U ,1.0
NRW,50 - 54,44.98,44.98,30.0,0.0,VF CABLEMAX     ,1.0
KBW,35 - 39,44.98,44.98,30.0,0.0,RED INTERNET & PHONE CABLE U ,1.0
KBW,60 - 64,44.98,44.98,30.0,0.0,RED INTERNET & PHONE CABLE U ,1.0
KBW,25 - 29,60.98,39.99,30.0,0.0,RED INTERNET & PHONE CABLE U ,1.0
NRW,35 - 39,29.99,29.99,30.0,0.0,VF RIP U-TREUE  ,1.0
KBW,25 - 29,39.99,39.99,30.0,0.0,RED INTERNET & PHONE CABLE U ,1.0
NRW,70 - 74,61.94,40.97,30.0,0.0,3PLAY TREUE      ,1.0
NRW,35 - 39,39.98,39.98,30.0,0.0,VF CABLEMAX     ,0.0
KBW,35 - 39,59.97,34.99,30.0,0.0,RED INTERNET & PHONE CABLE U ,0.0
KBW,70 - 74,34.98,34.98,30.0,0.0,GIGAZUHAUSE KABEL ,0.0
NRW,60 - 64,64.97,39.99,30.0,0.0,RED INTERNET & PHONE CABLE U ,0.0
KBW,40 - 44,49.97,49.97,30.0,0.0,VF CABLEMAX     ,1.0
NRW,30 - 34,39.99,39.99,30.0,0.0,VF RIP U-TREUE  ,0.0
NRW,35 - 39,54.99,54.99,30.0,0.0,RED INTERNET & PHONE CABLE U ,0.0
NRW,50 - 54,49.99,49.99,30.0,0.0,RED INTERNET & PHONE CABLE U ,0.0
HSN,65 - 69,24.99,24.99,30.0,0.0,RED INTERNET & PHONE CABLE U ,0.0
NRW,25 - 29,47.97,47.97,30.0,0.0,RED INTERNET & PHONE CABLE U ,1.0
HSN,25 - 29,39.99,39.99,30.0,0.0,RED INTERNET & PHONE CABLE U ,1.0
KBW,40 - 44,39.98,39.98,94.0,0.0,VF CABLEMAX     ,1.0
NRW,45 - 49,39.99,39.99,30.0,0.0,RED INTERNET & PHONE CABLE U ,1.0
HSN,55 - 59,54.98,54.99,30.0,0.0,RED INTERNET & PHONE CABLE U ,0.0
NRW,55 - 59,24.99,24.99,30.0,0.0,INTERNET COMFORT     ,1.0
HSN,40 - 44,39.98,39.98,30.0,0.0,GIGAZUHAUSE KABEL ,0.0
NRW,30 - 34,34.99,34.99,30.0,0.0,RED INTERNET & PHONE CABLE U ,1.0
NRW,45 - 49,44.98,44.98,30.0,0.0,VF CABLEMAX     ,0.0
KBW,40 - 44,37.98,37.98,84.0,0.0,VF RIP U-TREUE  ,1.0
HSN,65 - 69,34.99,34.99,30.0,0.0,RED INTERNET & PHONE CABLE U ,1.0
NRW,50 - 54,39.99,39.99,30.0,0.0,VF RIP U-TREUE  ,0.0
NRW,35 - 39,44.98,44.98,30.0,0.0,VF CABLEMAX     ,0.0
NRW,25 - 29,34.99,34.99,30.0,0.0,RED INTERNET & PHONE CABLE U ,1.0
KBW,70 - 74,74.95,49.98,30.0,0.0,GIGAZUHAUSE KABEL ,1.0
HSN,35 - 39,37.97,37.97,30.0,0.0,RED INTERNET & PHONE CABLE U ,0.0
HSN,40 - 44,58.98,58.98,30.0,0.0,RED INTERNET & PHONE CABLE U ,1.0
KBW,60 - 64,39.99,39.99,30.0,0.0,VF RIP U-TREUE  ,0.0
HSN,60 - 64,24.99,24.99,30.0,0.0,INTERNET COMFORT     ,1.0
KBW,60 - 64,58.97,37.98,30.0,0.0,VF RIP U-TREUE  ,0.0
KBW,55 - 59,44.97,44.97,30.0,0.0,VF CABLEMAX     ,1.0
KBW,55 - 59,24.99,24.99,30.0,0.0,VF RIP U-TREUE  ,1.0
NRW,75 - 79,34.99,34.99,30.0,0.0,RED INTERNET & PHONE CABLE U ,0.0
NRW,35 - 39,44.98,44.98,30.0,0.0,RED INTERNET & PHONE CABLE U ,1.0
NRW,45 - 49,38.98,38.98,30.0,0.0,RED INTERNET & PHONE CABLE U ,1.0
KBW,65 - 69,44.98,44.98,30.0,0.0,VF RIP U-TREUE  ,0.0
NRW,25 - 29,39.99,39.99,30.0,0.0,RED INTERNET & PHONE CABLE U ,1.0
KBW,35 - 39,49.97,49.97,30.0,0.0,VF CABLEMAX     ,0.0
NRW,40 - 44,48.97,38.98,30.0,0.0,RED INTERNET & PHONE CABLE U ,1.0
KBW,18 - 24,34.99,34.99,30.0,0.0,RED INTERNET & PHONE CABLE U ,1.0
KBW,65 - 69,50.97,29.99,30.0,0.0,VF RIP U-TREUE  ,0.0
KBW,70 - 74,30.95,30.95,30.0,0.0,RED INTERNET & PHONE CABLE U ,0.0
NRW,40 - 44,39.99,39.99,30.0,0.0,RED INTERNET & PHONE CABLE U ,1.0
NRW,30 - 34,24.99,24.99,30.0,0.0,INTERNET COMFORT     ,1.0
HSN,35 - 39,32.99,32.99,30.0,0.0,VF RIP U-TREUE  ,1.0
KBW,35 - 39,39.99,39.99,30.0,0.0,RED INTERNET & PHONE CABLE U ,0.0
KBW,70 - 74,42.87,42.94,30.0,0.0,2PLAY PLUS       ,1.0
KBW,45 - 49,50.94,50.96,30.0,0.0,2PLAY TREU      ,0.0
KBW,30 - 34,39.99,39.99,30.0,0.0,RED INTERNET & PHONE CABLE U ,1.0
NRW,35 - 39,39.99,39.99,30.0,0.0,RED INTERNET & PHONE CABLE U ,0.0
HSN,35 - 39,39.99,39.99,30.0,0.0,RED INTERNET & PHONE CABLE U ,1.0
KBW,55 - 59,57.97,37.99,30.0,0.0,VF RIP U-TREUE  ,0.0
NRW,18 - 24,42.98,42.98,30.0,0.0,VF RIP U-TREUE  ,1.0
KBW,35 - 39,44.99,44.99,30.0,0.0,GIGAZUHAUSE KABEL ,1.0
NRW,80 and over,54.96,44.98,30.0,0.0,VF CABLEMAX     ,1.0
HSN,55 - 59,34.99,34.99,30.0,0.0,RED INTERNET & PHONE CABLE U ,0.0
KBW,80 and over,54.96,34.99,30.0,0.0,RED INTERNET & PHONE CABLE U ,0.0
KBW,60 - 64,49.97,49.97,30.0,0.0,RED INTERNET & PHONE CABLE U ,1.0
NRW,45 - 49,29.99,29.99,30.0,0.0,VF RIP U-TREUE  ,0.0
HSN,65 - 69,34.99,34.99,30.0,0.0,RED INTERNET & PHONE CABLE U ,1.0
NRW,55 - 59,44.99,44.99,30.0,0.0,GIGAZUHAUSE KABEL ,1.0
HSN,45 - 49,34.99,34.99,30.0,0.0,RED INTERNET & PHONE CABLE U ,1.0
NRW,35 - 39,44.98,44.98,30.0,0.0,RED INTERNET & PHONE CABLE U ,0.0
NRW,35 - 39,48.97,48.97,30.0,0.0,RED INTERNET & PHONE CABLE U ,1.0
NRW,18 - 24,39.99,39.99,30.0,0.0,RED INTERNET & PHONE CABLE U ,1.0
NRW,70 - 74,60.98,39.99,30.0,0.0,RED INTERNET & PHONE CABLE U ,1.0
NRW,25 - 29,52.98,52.98,30.0,0.0,GIGAZUHAUSE KABEL ,1.0
KBW,60 - 64,50.98,29.99,30.0,0.0,VF RIP U-TREUE  ,1.0
NRW,25 - 29,49.97,49.97,30.0,0.0,RED INTERNET & PHONE CABLE U ,1.0
HSN,35 - 39,44.98,44.98,30.0,0.0,VF CABLEMAX     ,0.0
HSN,35 - 39,39.99,39.99,30.0,0.0,RED INTERNET & PHONE CABLE U ,1.0
HSN,50 - 54,44.98,44.98,30.0,0.0,RED INTERNET & PHONE CABLE U ,0.0
NRW,60 - 64,34.99,34.99,30.0,0.0,VF RIP U-TREUE  ,0.0
KBW,60 - 64,39.99,39.99,30.0,0.0,VF RIP U-TREUE  ,0.0
KBW,65 - 69,42.98,42.98,30.0,0.0,2PLAY PLUS       ,0.0
NRW,65 - 69,39.99,39.99,30.0,0.0,RED INTERNET & PHONE CABLE U ,0.0
NRW,55 - 59,34.99,34.99,30.0,0.0,RED INTERNET & PHONE CABLE U ,0.0
KBW,25 - 29,39.99,39.99,30.0,0.0,RED INTERNET & PHONE CABLE U ,0.0
KBW,60 - 64,49.99,49.99,30.0,0.0,GIGAZUHAUSE KABEL ,0.0
NRW,25 - 29,44.98,44.98,30.0,0.0,RED INTERNET & PHONE CABLE U ,1.0
HSN,65 - 69,44.98,44.98,30.0,0.0,VF CABLEMAX     ,1.0
NRW,35 - 39,47.99,47.99,30.0,0.0,VF RIP U-TREUE  ,1.0
KBW,65 - 69,37.98,37.98,30.0,0.0,VF RIP U-TREUE  ,1.0
KBW,80 and over,29.99,29.99,30.0,0.0,VF RIP U-TREUE  ,0.0
KBW,30 - 34,44.98,44.98,30.0,0.0,VF CABLEMAX     ,1.0
HSN,60 - 64,70.97,49.99,30.0,0.0,3PLAY TREUE GENRE    ,0.0
KBW,35 - 39,29.99,29.99,30.0,0.0,VF RIP U-TREUE  ,1.0
KBW,70 - 74,34.99,34.99,30.0,0.0,RED INTERNET & PHONE CABLE U ,0.0
NRW,25 - 29,44.98,44.98,30.0,0.0,RED INTERNET & PHONE CABLE U ,0.0
NRW,65 - 69,78.98,54.99,30.0,0.0,RED INTERNET & PHONE CABLE U ,1.0
KBW,75 - 79,39.99,34.99,30.0,0.0,RED INTERNET & PHONE CABLE U ,0.0
KBW,65 - 69,34.99,34.99,30.0,0.0,RED INTERNET & PHONE CABLE U ,0.0
KBW,50 - 54,57.97,44.99,30.0,0.0,RED INTERNET & PHONE CABLE U ,0.0
KBW,45 - 49,37.99,37.99,30.0,0.0,VF RIP U-TREUE  ,0.0
NRW,35 - 39,39.99,39.99,30.0,0.0,RED INTERNET & PHONE CABLE U ,1.0
KBW,55 - 59,39.98,39.98,30.0,0.0,RED INTERNET & PHONE CABLE U ,1.0
KBW,80 and over,25.0,25.0,30.0,0.0,RED INTERNET & PHONE CABLE U ,0.0
KBW,60 - 64,44.98,44.98,30.0,0.0,VF CABLEMAX     ,0.0
NRW,60 - 64,42.98,42.98,30.0,0.0,VF RIP U-TREUE  ,1.0
HSN,45 - 49,37.99,37.99,30.0,0.0,VF RIP U-TREUE  ,1.0
KBW,40 - 44,61.98,40.98,30.0,0.0,2PLAY PLUS       ,1.0
KBW,40 - 44,39.99,39.99,30.0,0.0,RED INTERNET & PHONE CABLE U ,0.0
KBW,50 - 54,37.98,37.98,30.0,0.0,VF RIP U-TREUE  ,0.0
NRW,50 - 54,44.98,44.98,30.0,0.0,VF CABLEMAX     ,1.0
NRW,40 - 44,29.99,29.99,30.0,0.0,INTERNET PREMIUM     ,1.0
NRW,55 - 59,60.97,39.98,30.0,0.0,VF CABLEMAX     ,0.0
NRW,60 - 64,50.6,50.52,30.0,0.0,3PLAY JUMP      ,0.0
KBW,40 - 44,57.97,37.99,30.0,0.0,VF RIP U-TREUE  ,0.0
NRW,25 - 29,39.99,39.99,30.0,0.0,VF RIP U-TREUE  ,1.0
KBW,55 - 59,34.99,34.99,30.0,0.0,RED INTERNET & PHONE CABLE U ,1.0
NRW,35 - 39,49.97,49.97,30.0,0.0,VF CABLEMAX     ,0.0
KBW,70 - 74,34.99,34.99,30.0,0.0,RED INTERNET & PHONE CABLE U ,0.0
KBW,35 - 39,39.99,39.99,30.0,0.0,RED INTERNET & PHONE CABLE U ,0.0
HSN,35 - 39,49.97,49.97,30.0,0.0,VF CABLEMAX     ,1.0
HSN,35 - 39,44.98,44.98,30.0,0.0,RED INTERNET & PHONE CABLE U ,1.0
NRW,30 - 34,32.99,32.99,30.0,0.0,VF RIP U-TREUE  ,0.0
NRW,60 - 64,49.99,49.99,30.0,0.0,GIGAZUHAUSE KABEL ,0.0
KBW,50 - 54,42.97,42.97,30.0,0.0,2PLAY PLUS       ,0.0
NRW,65 - 69,59.95,39.99,30.0,0.0,VF RIP U-TREUE  ,0.0
NRW,65 - 69,58.97,37.98,30.0,0.0,VF RIP U-TREUE  ,0.0
NRW,50 - 54,42.98,42.98,30.0,0.0,VF RIP U-TREUE  ,1.0
NRW,40 - 44,42.98,42.98,30.0,0.0,VF RIP U-TREUE  ,1.0
NRW,30 - 34,44.98,44.98,30.0,0.0,VF CABLEMAX     ,1.0
NRW,60 - 64,39.99,39.99,30.0,0.0,RED INTERNET & PHONE CABLE U ,0.0
NRW,40 - 44,49.99,49.99,30.0,0.0,GIGAZUHAUSE KABEL ,1.0
KBW,40 - 44,39.99,39.99,30.0,0.0,RED INTERNET & PHONE CABLE U ,1.0
NRW,75 - 79,37.98,37.98,123.0,0.0,GIGAZUHAUSE TREUE B ,0.0
HSN,50 - 54,34.99,34.99,30.0,0.0,RED INTERNET & PHONE CABLE U ,1.0
NRW,25 - 29,39.99,39.99,30.0,0.0,RED INTERNET & PHONE CABLE U ,0.0
NRW,55 - 59,39.98,39.98,30.0,0.0,VF CABLEMAX     ,0.0
KBW,60 - 64,39.98,39.98,30.0,0.0,RED INTERNET & PHONE CABLE U ,1.0
NRW,60 - 64,48.97,48.97,30.0,0.0,VF CABLEMAX     ,0.0
KBW,45 - 49,49.97,49.97,30.0,0.0,VF CABLEMAX     ,0.0
KBW,45 - 49,42.98,42.98,30.0,0.0,VF RIP U-TREUE  ,0.0
KBW,60 - 64,49.99,49.99,30.0,0.0,GIGAZUHAUSE KABEL ,0.0
KBW,25 - 29,34.99,34.99,30.0,0.0,RED INTERNET & PHONE CABLE U ,1.0
NRW,70 - 74,37.99,37.99,30.0,0.0,VF RIP U-TREUE  ,0.0
NRW,40 - 44,34.99,34.99,30.0,0.0,VF RIP U-TREUE  ,1.0
HSN,25 - 29,44.99,44.99,30.0,0.0,RED INTERNET & PHONE CABLE U ,1.0
KBW,35 - 39,39.98,39.99,30.0,0.0,RED INTERNET & PHONE CABLE U ,1.0
HSN,35 - 39,43.98,43.98,30.0,0.0,RED INTERNET & PHONE CABLE U ,0.0
NRW,40 - 44,29.98,29.98,30.0,0.0,VF RIP U-TREUE  ,0.0
NRW,55 - 59,42.97,42.97,30.0,0.0,GIGAZUHAUSE KABEL ,1.0
NRW,45 - 49,59.99,59.99,30.0,0.0,RED INTERNET & PHONE CABLE U ,0.0
KBW,75 - 79,34.99,34.99,30.0,0.0,RED INTERNET & PHONE CABLE U ,0.0
HSN,60 - 64,44.98,44.98,30.0,0.0,VF CABLEMAX     ,1.0
KBW,55 - 59,29.99,29.99,30.0,0.0,VF RIP U-TREUE  ,0.0
NRW,25 - 29,47.99,47.99,30.0,0.0,VF RIP U-TREUE  ,0.0
KBW,40 - 44,52.98,52.98,30.0,0.0,VF RIP U-TREUE  ,0.0
HSN,55 - 59,39.99,39.99,30.0,0.0,RED INTERNET & PHONE CABLE U ,0.0
NRW,30 - 34,34.99,34.99,30.0,0.0,RED INTERNET & PHONE CABLE U ,0.0
HSN,45 - 49,54.98,54.98,30.0,0.0,RED INTERNET & PHONE CABLE U ,0.0
KBW,40 - 44,67.97,54.98,30.0,0.0,RED INTERNET & PHONE CABLE U ,0.0
KBW,60 - 64,44.98,44.98,30.0,0.0,VF CABLEMAX     ,0.0
NRW,65 - 69,40.9,40.9,30.0,0.0,3PLAY PLUS       ,1.0
NRW,55 - 59,34.99,34.99,30.0,0.0,RED INTERNET & PHONE CABLE U ,1.0
KBW,25 - 29,58.98,58.98,30.0,0.0,RED INTERNET & PHONE CABLE U ,1.0
NRW,30 - 34,44.98,44.98,30.0,0.0,VF CABLEMAX     ,0.0
KBW,70 - 74,44.98,44.98,30.0,0.0,RED INTERNET & PHONE CABLE U ,0.0
NRW,40 - 44,19.99,19.99,30.0,0.0,VF RIP U-TREUE  ,0.0
KBW,30 - 34,44.98,44.98,30.0,0.0,RED INTERNET & PHONE CABLE U ,0.0
KBW,35 - 39,44.98,44.98,30.0,0.0,RED INTERNET & PHONE CABLE U ,0.0
NRW,35 - 39,37.99,37.99,30.0,0.0,VF RIP U-TREUE  ,1.0
HSN,40 - 44,47.97,44.98,30.0,0.0,VF CABLEMAX     ,0.0
KBW,55 - 59,69.96,42.97,30.0,0.0,3PLAY PLUS       ,0.0
NRW,35 - 39,34.99,34.99,30.0,0.0,RED INTERNET & PHONE CABLE U ,1.0
HSN,40 - 44,44.98,44.98,30.0,0.0,VF CABLEMAX     ,0.0
NRW,45 - 49,44.98,44.98,30.0,0.0,VF CABLEMAX     ,1.0
KBW,35 - 39,34.99,34.99,30.0,0.0,RED INTERNET & PHONE CABLE U ,0.0
NRW,35 - 39,42.97,35.98,30.0,0.0,VF RIP U-TREUE  ,0.0
HSN,35 - 39,34.99,34.99,30.0,0.0,RED INTERNET & PHONE CABLE U ,1.0
KBW,35 - 39,39.99,39.99,30.0,0.0,RED INTERNET & PHONE CABLE U ,1.0
NRW,30 - 34,29.99,29.99,30.0,0.0,VF RIP U-TREUE  ,0.0
KBW,70 - 74,42.97,42.97,30.0,0.0,2PLAY TREUE      ,0.0
KBW,35 - 39,49.99,49.99,30.0,0.0,RED INTERNET & PHONE CABLE U ,1.0
NRW,30 - 34,24.99,24.99,30.0,0.0,VF RIP U-TREUE  ,0.0
NRW,65 - 69,44.99,44.99,30.0,0.0,3PLAY TREUE      ,0.0
NRW,55 - 59,59.97,44.98,30.0,0.0,VF CABLEMAX     ,0.0
NRW,35 - 39,39.99,39.99,30.0,0.0,RED INTERNET & PHONE CABLE U ,0.0
NRW,60 - 64,24.99,24.99,30.0,0.0,INTERNET COMFORT     ,0.0
KBW,80 and over,65.97,44.99,30.0,0.0,3PLAY TREUE      ,1.0
KBW,45 - 49,50.98,29.99,30.0,0.0,VF RIP U-TREUE  ,0.0
NRW,35 - 39,39.98,39.98,30.0,0.0,VF CABLEMAX     ,1.0
KBW,25 - 29,44.98,44.98,30.0,0.0,RED INTERNET & PHONE CABLE U ,1.0
NRW,65 - 69,38.98,38.98,30.0,0.0,RED INTERNET & PHONE CABLE U ,1.0
HSN,35 - 39,52.97,37.99,30.0,0.0,VF RIP U-TREUE  ,0.0
KBW,75 - 79,65.98,44.98,30.0,0.0,VF RIP U-TREUE  ,0.0
NRW,18 - 24,39.98,39.98,30.0,0.0,RED INTERNET & PHONE CABLE U ,1.0
NRW,75 - 79,34.99,34.99,30.0,0.0,RED INTERNET & PHONE CABLE U ,1.0
KBW,30 - 34,49.97,49.97,30.0,0.0,RED INTERNET & PHONE CABLE U ,1.0
KBW,30 - 34,29.99,29.99,30.0,0.0,VF RIP U-TREUE  ,0.0
KBW,65 - 69,68.96,47.97,30.0,0.0,3PLAY START       ,0.0
NRW,70 - 74,44.98,44.98,30.0,0.0,VF CABLEMAX     ,0.0
KBW,40 - 44,53.98,53.98,30.0,0.0,RED INTERNET & PHONE CABLE U ,0.0
NRW,40 - 44,34.99,34.99,30.0,0.0,RED INTERNET & PHONE CABLE U ,1.0
KBW,80 and over,42.97,42.97,30.0,0.0,GIGAZUHAUSE KABEL ,0.0
HSN,65 - 69,44.98,44.98,30.0,0.0,RED INTERNET & PHONE CABLE U ,1.0
KBW,65 - 69,49.97,49.97,30.0,0.0,VF CABLEMAX     ,0.0
KBW,60 - 64,29.99,29.99,30.0,0.0,INTERNET PREMIUM     ,1.0
KBW,70 - 74,70.96,49.97,30.0,0.0,RED INTERNET & PHONE CABLE U ,0.0
KBW,55 - 59,37.99,37.99,30.0,0.0,VF RIP U-TREUE  ,0.0
NRW,50 - 54,49.99,49.99,30.0,0.0,RED INTERNET & PHONE CABLE U ,0.0
NRW,30 - 34,44.98,44.98,30.0,0.0,VF CABLEMAX     ,1.0
HSN,25 - 29,34.99,34.99,30.0,0.0,RED INTERNET & PHONE CABLE U ,1.0
KBW,80 and over,68.96,47.96,30.0,0.0,RED INTERNET & PHONE CABLE U ,1.0
KBW,40 - 44,38.98,38.98,30.0,0.0,RED INTERNET & PHONE CABLE U ,1.0
KBW,35 - 39,54.99,54.99,30.0,0.0,RED INTERNET & PHONE CABLE U ,1.0
KBW,40 - 44,39.98,39.98,30.0,0.0,RED INTERNET & PHONE CABLE U ,0.0
KBW,18 - 24,48.97,48.97,30.0,0.0,VF CABLEMAX     ,0.0
NRW,25 - 29,49.99,49.99,30.0,0.0,GIGAZUHAUSE KABEL ,1.0
KBW,45 - 49,44.98,44.98,30.0,0.0,RED INTERNET & PHONE CABLE U ,0.0
KBW,45 - 49,43.95,43.95,30.0,0.0,3PLAY SMART      ,0.0
HSN,35 - 39,34.99,34.99,30.0,0.0,RED INTERNET & PHONE CABLE U ,1.0
NRW,45 - 49,39.99,39.99,30.0,0.0,RED INTERNET & PHONE CABLE U ,1.0
KBW,30 - 34,44.98,44.98,30.0,0.0,RED INTERNET & PHONE CABLE U ,1.0
NRW,18 - 24,39.99,39.99,30.0,0.0,RED INTERNET & PHONE CABLE U ,1.0
HSN,60 - 64,44.98,44.98,30.0,0.0,VF CABLEMAX     ,0.0
NRW,30 - 34,39.99,39.99,30.0,0.0,VF RIP U-TREUE  ,1.0
NRW,70 - 74,49.99,49.99,30.0,0.0,GIGAZUHAUSE KABEL ,0.0
NRW,50 - 54,27.99,27.99,30.0,0.0,RED INTERNET & PHONE CABLE U ,1.0
NRW,35 - 39,24.99,24.99,30.0,0.0,INTERNET COMFORT     ,0.0
KBW,50 - 54,39.99,39.99,30.0,0.0,RED INTERNET & PHONE CABLE U ,1.0
NRW,55 - 59,39.99,39.99,30.0,0.0,RED INTERNET & PHONE CABLE U ,0.0
KBW,45 - 49,32.99,32.99,30.0,0.0,VF RIP U-TREUE  ,1.0
HSN,70 - 74,39.98,39.98,30.0,0.0,GIGAZUHAUSE KABEL ,1.0
HSN,35 - 39,44.98,44.98,30.0,0.0,RED INTERNET & PHONE CABLE U ,1.0
KBW,80 and over,59.97,39.99,30.0,0.0,VF RIP U-TREUE  ,0.0
NRW,40 - 44,49.97,49.97,30.0,0.0,VF CABLEMAX     ,1.0
NRW,70 - 74,39.99,39.99,30.0,0.0,RED INTERNET & PHONE CABLE U ,0.0
NRW,30 - 34,24.99,24.99,30.0,0.0,VF RIP U-TREUE  ,0.0
NRW,40 - 44,34.99,34.99,30.0,0.0,RED INTERNET & PHONE CABLE U ,0.0
KBW,45 - 49,34.99,34.99,30.0,0.0,RED INTERNET & PHONE CABLE U ,1.0
KBW,60 - 64,69.95,49.97,71.0,0.0,VF CABLEMAX     ,1.0
NRW,50 - 54,53.98,53.98,30.0,0.0,RED INTERNET & PHONE CABLE U ,0.0
NRW,45 - 49,64.97,44.98,30.0,0.0,VF CABLEMAX     ,1.0
HSN,40 - 44,49.97,49.97,30.0,0.0,VF CABLEMAX     ,1.0
NRW,25 - 29,63.97,42.97,30.0,0.0,RED INTERNET & PHONE CABLE U ,1.0
NRW,65 - 69,39.98,39.98,30.0,0.0,VF RIP U-TREUE  ,0.0
KBW,40 - 44,54.99,54.99,30.0,0.0,RED INTERNET & PHONE CABLE U ,0.0
KBW,35 - 39,44.98,44.98,30.0,0.0,VF CABLEMAX     ,1.0
KBW,30 - 34,44.98,44.98,30.0,0.0,VF CABLEMAX     ,1.0
KBW,25 - 29,39.98,39.98,30.0,0.0,RED INTERNET & PHONE CABLE U ,1.0
KBW,40 - 44,49.97,49.97,30.0,0.0,VF CABLEMAX     ,0.0
NRW,60 - 64,57.97,42.98,30.0,0.0,VF RIP U-TREUE  ,1.0
NRW,50 - 54,24.99,24.99,30.0,0.0,INTERNET COMFORT     ,1.0
KBW,35 - 39,59.98,39.99,30.0,0.0,RED INTERNET & PHONE CABLE U ,0.0
NRW,35 - 39,39.98,39.98,30.0,0.0,VF CABLEMAX     ,0.0
HSN,45 - 49,42.98,42.98,30.0,0.0,VF RIP U-TREUE  ,0.0
NRW,45 - 49,47.99,47.99,30.0,0.0,VF RIP U-TREUE  ,0.0
NRW,35 - 39,49.97,49.97,30.0,0.0,VF CABLEMAX     ,1.0
NRW,60 - 64,44.97,44.97,30.0,0.0,RED INTERNET & PHONE CABLE U ,0.0
KBW,30 - 34,39.99,39.99,30.0,0.0,VF RIP U-TREUE  ,1.0
NRW,65 - 69,54.96,44.98,30.0,0.0,VF CABLEMAX     ,1.0
NRW,65 - 69,59.97,39.98,30.0,0.0,VF CABLEMAX     ,0.0
HSN,30 - 34,52.97,52.97,30.0,0.0,VF CABLEMAX     ,1.0
KBW,55 - 59,54.99,54.99,30.0,0.0,RED INTERNET & PHONE CABLE U ,1.0
NRW,60 - 64,44.98,44.98,30.0,0.0,VF CABLEMAX     ,1.0
NRW,55 - 59,44.98,44.98,30.0,0.0,VF CABLEMAX     ,1.0
KBW,70 - 74,49.97,39.98,30.0,0.0,VF CABLEMAX     ,0.0
NRW,65 - 69,32.99,32.99,30.0,0.0,VF RIP U-TREUE  ,1.0
HSN,40 - 44,37.99,37.99,30.0,0.0,VF RIP U-TREUE  ,1.0
KBW,45 - 49,54.97,44.98,30.0,0.0,VF RIP U-TREUE  ,0.0
HSN,40 - 44,54.97,44.98,30.0,0.0,VF CABLEMAX     ,1.0
KBW,40 - 44,54.99,54.99,30.0,0.0,RED INTERNET & PHONE CABLE U ,1.0
NRW,18 - 24,44.98,44.98,30.0,0.0,RED INTERNET & PHONE CABLE U ,1.0
NRW,25 - 29,39.99,39.99,30.0,0.0,RED INTERNET & PHONE CABLE U ,0.0
KBW,60 - 64,49.97,49.97,30.0,0.0,VF CABLEMAX     ,0.0
NRW,35 - 39,39.98,29.98,30.0,0.0,VF RIP U-TREUE  ,1.0
NRW,60 - 64,49.99,49.99,30.0,0.0,RED INTERNET & PHONE CABLE U ,1.0
NRW,35 - 39,24.99,24.99,30.0,0.0,INTERNET COMFORT     ,1.0
KBW,30 - 34,49.99,49.99,30.0,0.0,RED INTERNET & PHONE CABLE U ,1.0
NRW,18 - 24,54.99,54.99,30.0,0.0,RED INTERNET & PHONE CABLE U ,1.0
KBW,30 - 34,34.99,34.99,30.0,0.0,RED INTERNET & PHONE CABLE U ,0.0
HSN,25 - 29,34.99,34.99,30.0,0.0,RED INTERNET & PHONE CABLE U ,1.0
KBW,50 - 54,39.99,39.99,30.0,0.0,RED INTERNET & PHONE CABLE U ,0.0
NRW,60 - 64,29.99,29.99,30.0,0.0,VF RIP U-TREUE  ,0.0
KBW,40 - 44,34.99,34.99,30.0,0.0,RED INTERNET & PHONE CABLE U ,0.0
KBW,40 - 44,39.99,39.99,30.0,0.0,RED INTERNET & PHONE CABLE U ,1.0
NRW,35 - 39,24.99,24.99,30.0,0.0,VF RIP U-TREUE  ,1.0
KBW,45 - 49,42.97,42.97,30.0,0.0,RED INTERNET & PHONE CABLE U ,0.0
KBW,55 - 59,24.99,24.99,30.0,0.0,VF RIP U-TREUE  ,0.0
KBW,25 - 29,44.97,44.97,30.0,0.0,RED INTERNET & PHONE CABLE U ,1.0
NRW,30 - 34,34.99,34.99,30.0,0.0,RED INTERNET & PHONE CABLE U ,1.0
NRW,50 - 54,37.99,37.99,30.0,0.0,VF RIP U-TREUE  ,0.0
KBW,35 - 39,29.99,29.99,30.0,0.0,VF RIP U-TREUE  ,0.0
NRW,65 - 69,24.99,24.99,30.0,0.0,INTERNET COMFORT     ,0.0
KBW,50 - 54,34.98,34.98,30.0,0.0,RED INTERNET & PHONE CABLE U ,0.0
NRW,40 - 44,34.99,34.99,30.0,0.0,RED INTERNET & PHONE CABLE U ,0.0
KBW,40 - 44,39.99,39.99,30.0,0.0,VF RIP U-TREUE  ,1.0
HSN,30 - 34,44.98,44.98,30.0,1.0,RED INTERNET & PHONE CABLE U ,1.0
NRW,30 - 34,44.98,44.98,30.0,0.0,VF CABLEMAX     ,0.0
HSN,25 - 29,47.99,47.99,30.0,0.0,VF RIP U-TREUE  ,0.0
HSN,55 - 59,34.99,34.99,30.0,0.0,RED INTERNET & PHONE CABLE U ,1.0
KBW,35 - 39,39.99,39.99,30.0,0.0,RED INTERNET & PHONE CABLE U ,1.0
NRW,40 - 44,24.99,24.99,30.0,0.0,INTERNET COMFORT     ,1.0
HSN,55 - 59,51.94,30.95,30.0,0.0,RED INTERNET & PHONE CABLE U ,1.0
NRW,45 - 49,52.98,52.98,30.0,1.0,VF RIP U-TREUE  ,0.0
KBW,45 - 49,44.98,44.98,30.0,0.0,VF CABLEMAX     ,0.0
HSN,50 - 54,44.99,44.99,30.0,0.0,GIGAZUHAUSE KABEL ,0.0
NRW,60 - 64,34.99,34.99,30.0,0.0,RED INTERNET & PHONE CABLE U ,1.0
KBW,60 - 64,55.98,34.99,30.0,0.0,RED INTERNET & PHONE CABLE U ,0.0
KBW,80 and over,69.96,48.97,30.0,0.0,VF CABLEMAX     ,0.0
KBW,65 - 69,49.97,49.97,30.0,0.0,VF CABLEMAX     ,0.0
HSN,55 - 59,44.98,44.98,30.0,0.0,VF CABLEMAX     ,0.0
HSN,50 - 54,39.99,39.99,30.0,0.0,RED INTERNET & PHONE CABLE U ,0.0
NRW,25 - 29,44.98,44.98,30.0,0.0,VF CABLEMAX     ,0.0
HSN,55 - 59,47.99,47.99,30.0,0.0,RED INTERNET & PHONE CABLE U ,0.0
NRW,50 - 54,49.99,49.99,30.0,0.0,RED INTERNET & PHONE CABLE U ,1.0
HSN,70 - 74,69.95,44.98,30.0,0.0,VF CABLEMAX     ,0.0
HSN,60 - 64,39.98,39.98,30.0,0.0,VF CABLEMAX     ,1.0
NRW,65 - 69,29.98,29.98,30.0,0.0,RED INTERNET & PHONE CABLE U ,1.0
KBW,55 - 59,39.99,39.99,30.0,0.0,VF RIP U-TREUE  ,0.0
HSN,45 - 49,42.98,42.98,30.0,0.0,VF RIP U-TREUE  ,1.0
HSN,35 - 39,70.96,49.97,30.0,0.0,RED INTERNET & PHONE CABLE U ,0.0
HSN,55 - 59,29.99,29.99,30.0,0.0,RED INTERNET & PHONE CABLE U ,0.0
HSN,30 - 34,37.99,37.99,30.0,0.0,VF RIP U-TREUE  ,1.0
NRW,35 - 39,54.99,54.99,30.0,0.0,RED INTERNET & PHONE CABLE U ,1.0
KBW,45 - 49,59.98,59.98,30.0,0.0,RED INTERNET & PHONE CABLE U ,1.0
NRW,75 - 79,34.99,34.99,30.0,0.0,RED INTERNET & PHONE CABLE U ,1.0
HSN,25 - 29,48.97,48.97,30.0,0.0,RED INTERNET & PHONE CABLE U ,1.0
NRW,60 - 64,68.96,37.98,30.0,0.0,VF RIP U-TREUE  ,0.0
HSN,40 - 44,37.98,39.98,30.0,0.0,VF RIP U-TREUE  ,1.0
KBW,45 - 49,49.98,29.99,30.0,0.0,VF RIP U-TREUE  ,1.0
KBW,50 - 54,54.99,54.99,30.0,0.0,RED INTERNET & PHONE CABLE U ,0.0
HSN,35 - 39,34.99,34.99,30.0,0.0,RED INTERNET & PHONE CABLE U ,0.0
HSN,55 - 59,49.97,49.97,30.0,0.0,VF CABLEMAX     ,1.0
NRW,35 - 39,48.97,48.97,30.0,0.0,VF CABLEMAX     ,1.0
NRW,35 - 39,79.94,49.97,30.0,0.0,VF CABLEMAX     ,0.0
NRW,60 - 64,60.97,39.99,30.0,0.0,VF RIP U-TREUE  ,0.0
NRW,45 - 49,44.98,44.98,30.0,0.0,VF CABLEMAX     ,1.0
NRW,30 - 34,39.99,39.99,30.0,0.0,RED INTERNET & PHONE CABLE U ,1.0
NRW,65 - 69,54.96,39.98,30.0,0.0,GIGAZUHAUSE KABEL ,0.0
NRW,65 - 69,34.99,34.99,30.0,0.0,RED INTERNET & PHONE CABLE U ,0.0
KBW,55 - 59,39.99,39.99,30.0,0.0,VF RIP U-TREUE  ,1.0
KBW,80 and over,50.3,29.99,30.0,0.0,VF RIP U-TREUE  ,1.0
KBW,40 - 44,49.99,49.99,30.0,0.0,RED INTERNET & PHONE CABLE U ,1.0
KBW,45 - 49,29.99,29.99,30.0,0.0,VF RIP U-TREUE  ,1.0
NRW,25 - 29,34.99,34.99,30.0,0.0,RED INTERNET & PHONE CABLE U ,1.0
HSN,25 - 29,44.98,44.98,30.0,0.0,RED INTERNET & PHONE CABLE U ,0.0
HSN,60 - 64,39.99,39.99,30.0,0.0,RED INTERNET & PHONE CABLE U ,0.0
KBW,50 - 54,52.97,32.99,30.0,0.0,VF RIP U-TREUE  ,1.0
KBW,25 - 29,44.98,44.98,30.0,0.0,RED INTERNET & PHONE CABLE U ,0.0
NRW,55 - 59,37.98,37.98,30.0,0.0,RED INTERNET & PHONE CABLE U ,0.0
KBW,30 - 34,44.98,44.98,30.0,0.0,RED INTERNET & PHONE CABLE U ,1.0
NRW,30 - 34,39.99,39.99,30.0,0.0,RED INTERNET & PHONE CABLE U ,1.0
NRW,30 - 34,44.97,44.97,30.0,0.0,RED INTERNET & PHONE CABLE U ,1.0
NRW,45 - 49,29.99,29.99,30.0,0.0,VF RIP U-TREUE  ,1.0
NRW,40 - 44,42.96,42.97,30.0,0.0,RED INTERNET & PHONE CABLE U ,1.0
NRW,50 - 54,49.97,39.98,30.0,0.0,VF CABLEMAX     ,1.0
NRW,65 - 69,34.99,34.99,30.0,0.0,RED INTERNET & PHONE CABLE U ,0.0
KBW,40 - 44,48.97,48.97,30.0,0.0,RED INTERNET & PHONE CABLE U ,0.0
HSN,50 - 54,29.99,29.99,30.0,0.0,VF RIP U-TREUE  ,0.0
NRW,45 - 49,39.98,39.98,30.0,0.0,VF CABLEMAX     ,1.0
KBW,55 - 59,34.99,34.99,30.0,0.0,VF RIP U-TREUE  ,0.0
NRW,50 - 54,39.99,39.99,30.0,0.0,RED INTERNET & PHONE CABLE U ,0.0
KBW,45 - 49,44.98,44.98,30.0,0.0,VF CABLEMAX     ,0.0
KBW,65 - 69,39.99,39.99,30.0,0.0,RED INTERNET & PHONE CABLE U ,1.0
NRW,35 - 39,44.97,44.97,30.0,0.0,RED INTERNET & PHONE CABLE U ,1.0
NRW,60 - 64,49.96,29.99,30.0,0.0,VF RIP U-TREUE  ,0.0
NRW,55 - 59,34.99,34.99,30.0,0.0,RED INTERNET & PHONE CABLE U ,0.0
NRW,35 - 39,69.96,48.97,30.0,0.0,RED INTERNET & PHONE CABLE U ,1.0
KBW,30 - 34,29.99,29.99,30.0,0.0,VF RIP U-TREUE  ,1.0
HSN,45 - 49,39.98,39.98,91.0,0.0,GIGAZUHAUSE KABEL ,1.0
KBW,35 - 39,49.97,49.97,30.0,0.0,VF CABLEMAX     ,0.0
NRW,45 - 49,44.98,44.98,30.0,0.0,VF CABLEMAX     ,0.0
NRW,70 - 74,70.97,44.98,30.0,0.0,VF CABLEMAX     ,1.0
HSN,55 - 59,39.98,39.98,30.0,0.0,RED INTERNET & PHONE CABLE U ,0.0
NRW,60 - 64,60.98,39.99,30.0,0.0,VF RIP U-TREUE  ,1.0
KBW,65 - 69,24.99,24.99,30.0,0.0,INTERNET COMFORT     ,0.0
NRW,65 - 69,19.99,19.99,30.0,0.0,EAZY       ,1.0
NRW,55 - 59,64.97,44.98,30.0,0.0,VF CABLEMAX     ,1.0
NRW,60 - 64,44.98,44.98,30.0,0.0,VF CABLEMAX     ,1.0
KBW,45 - 49,49.97,49.97,30.0,0.0,VF CABLEMAX     ,1.0
KBW,35 - 39,44.98,44.98,30.0,0.0,VF CABLEMAX     ,1.0
NRW,40 - 44,47.98,47.98,30.0,0.0,VF RIP U-TREUE  ,1.0
KBW,25 - 29,47.97,47.97,30.0,0.0,VF CABLEMAX     ,0.0
NRW,30 - 34,44.98,44.98,30.0,0.0,VF CABLEMAX     ,1.0
KBW,40 - 44,34.99,34.99,30.0,0.0,VF RIP U-TREUE  ,1.0
KBW,80 and over,44.98,44.98,30.0,0.0,2PLAY TREUE      ,0.0
NRW,45 - 49,54.99,54.99,30.0,0.0,RED INTERNET & PHONE CABLE U ,1.0
NRW,18 - 24,44.98,44.98,30.0,0.0,RED INTERNET & PHONE CABLE U ,1.0
KBW,25 - 29,44.98,44.98,30.0,0.0,VF CABLEMAX     ,1.0
HSN,60 - 64,39.99,39.99,30.0,0.0,RED INTERNET & PHONE CABLE U ,1.0
NRW,60 - 64,53.96,32.96,30.0,0.0,RED INTERNET & PHONE CABLE U ,1.0
NRW,60 - 64,42.95,42.97,30.0,0.0,2PLAY SMART      ,0.0
KBW,45 - 49,29.99,29.99,30.0,0.0,VF RIP U-TREUE  ,1.0
NRW,35 - 39,39.99,39.99,30.0,0.0,VF RIP U-TREUE  ,1.0
KBW,55 - 59,55.95,34.98,30.0,0.0,VF RIP U-TREUE  ,0.0
NRW,80 and over,34.99,34.99,30.0,0.0,RED INTERNET & PHONE CABLE U ,1.0
KBW,55 - 59,34.99,34.99,30.0,0.0,RED INTERNET & PHONE CABLE U ,1.0
KBW,55 - 59,29.99,29.99,30.0,0.0,VF RIP U-TREUE  ,0.0
KBW,30 - 34,17.99,17.99,30.0,0.0,EAZY FLEX    ,1.0
NRW,55 - 59,44.98,44.98,30.0,0.0,VF CABLEMAX     ,0.0
NRW,80 and over,68.97,39.99,30.0,0.0,RED INTERNET & PHONE CABLE U ,0.0
KBW,30 - 34,29.99,29.99,30.0,0.0,VF RIP U-TREUE  ,1.0
NRW,40 - 44,30.88,30.88,30.0,0.0,RED INTERNET & PHONE CABLE U ,1.0
NRW,45 - 49,44.98,44.98,30.0,0.0,VF CABLEMAX     ,0.0
KBW,50 - 54,47.96,47.96,30.0,0.0,RED INTERNET & PHONE CABLE U ,1.0
NRW,18 - 24,39.99,39.99,30.0,0.0,RED INTERNET & PHONE CABLE U ,1.0
KBW,50 - 54,39.99,39.99,30.0,0.0,RED INTERNET & PHONE CABLE U ,0.0
KBW,75 - 79,44.98,44.98,30.0,0.0,RED INTERNET & PHONE CABLE U ,1.0
NRW,35 - 39,29.99,29.99,30.0,0.0,VF RIP U-TREUE  ,1.0
KBW,80 and over,34.99,34.99,30.0,0.0,RED INTERNET & PHONE CABLE U ,1.0
NRW,25 - 29,39.99,39.99,30.0,0.0,RED INTERNET & PHONE CABLE U ,1.0
NRW,60 - 64,43.98,43.98,30.0,0.0,RED INTERNET & PHONE CABLE U ,0.0
NRW,55 - 59,47.96,47.96,30.0,0.0,3PLAY START       ,0.0
KBW,80 and over,62.97,37.99,30.0,0.0,VF RIP U-TREUE  ,0.0
KBW,60 - 64,44.98,44.98,30.0,0.0,RED INTERNET & PHONE CABLE U ,1.0
NRW,50 - 54,42.98,42.98,30.0,0.0,VF RIP U-TREUE  ,0.0
KBW,35 - 39,37.99,37.99,30.0,0.0,VF RIP U-TREUE  ,1.0
KBW,25 - 29,44.98,44.98,30.0,0.0,VF CABLEMAX     ,1.0
KBW,55 - 59,65.97,44.98,30.0,0.0,VF CABLEMAX     ,1.0
NRW,25 - 29,39.99,39.99,30.0,0.0,RED INTERNET & PHONE CABLE U ,1.0
NRW,35 - 39,44.98,44.98,30.0,0.0,RED INTERNET & PHONE CABLE U ,1.0
NRW,35 - 39,44.98,44.98,30.0,0.0,VF CABLEMAX     ,0.0
HSN,30 - 34,34.99,34.99,30.0,0.0,RED INTERNET & PHONE CABLE U ,0.0
HSN,50 - 54,34.99,34.99,30.0,0.0,RED INTERNET & PHONE CABLE U ,0.0
NRW,25 - 29,29.99,29.99,30.0,0.0,VF RIP U-TREUE  ,1.0
HSN,40 - 44,59.98,39.99,30.0,0.0,VF RIP U-TREUE  ,1.0
NRW,60 - 64,39.99,39.99,30.0,0.0,RED INTERNET & PHONE CABLE U ,1.0
NRW,65 - 69,49.97,49.97,30.0,0.0,RED INTERNET & PHONE CABLE U ,0.0
KBW,35 - 39,39.99,39.99,30.0,0.0,RED INTERNET & PHONE CABLE U ,0.0
KBW,35 - 39,53.98,53.98,30.0,0.0,RED INTERNET & PHONE CABLE U ,1.0
HSN,40 - 44,59.97,59.98,30.0,0.0,RED INTERNET & PHONE CABLE U ,1.0
KBW,55 - 59,52.97,32.99,30.0,0.0,VF RIP U-TREUE  ,0.0
NRW,30 - 34,48.97,48.97,30.0,0.0,RED INTERNET & PHONE CABLE U ,1.0
HSN,35 - 39,29.99,29.99,30.0,0.0,RED INTERNET & PHONE CABLE U ,1.0
NRW,35 - 39,44.98,44.98,30.0,0.0,RED INTERNET & PHONE CABLE U ,1.0
HSN,35 - 39,39.98,39.98,30.0,0.0,RED INTERNET & PHONE CABLE U ,1.0
HSN,40 - 44,34.99,34.99,30.0,0.0,RED INTERNET & PHONE CABLE U ,0.0
NRW,50 - 54,44.98,44.98,30.0,0.0,RED INTERNET & PHONE CABLE U ,1.0
KBW,55 - 59,44.97,44.97,30.0,0.0,VF CABLEMAX     ,1.0
KBW,75 - 79,54.95,49.96,112.0,0.0,VF CABLEMAX     ,1.0
KBW,40 - 44,59.98,59.98,30.0,0.0,RED INTERNET & PHONE CABLE U ,1.0
KBW,40 - 44,42.97,42.97,30.0,0.0,RED INTERNET & PHONE CABLE U ,1.0
NRW,25 - 29,42.98,42.98,30.0,0.0,VF RIP U-TREUE  ,0.0
NRW,50 - 54,44.98,44.98,30.0,0.0,VF CABLEMAX     ,1.0
KBW,45 - 49,49.99,49.99,30.0,0.0,RED INTERNET & PHONE CABLE U ,1.0
KBW,40 - 44,48.97,48.97,30.0,0.0,VF CABLEMAX     ,0.0
KBW,65 - 69,44.98,44.98,30.0,0.0,RED INTERNET & PHONE CABLE U ,1.0
NRW,45 - 49,44.98,44.98,30.0,0.0,VF CABLEMAX     ,0.0
NRW,45 - 49,34.98,34.98,30.0,0.0,RED INTERNET & PHONE CABLE U ,1.0
NRW,50 - 54,37.98,37.98,30.0,0.0,VF RIP U-TREUE  ,0.0
NRW,35 - 39,34.99,34.99,30.0,0.0,RED INTERNET & PHONE CABLE U ,1.0
KBW,35 - 39,44.98,44.98,30.0,0.0,RED INTERNET & PHONE CABLE U ,0.0
KBW,65 - 69,34.99,34.99,30.0,0.0,RED INTERNET & PHONE CABLE U ,1.0
KBW,65 - 69,44.98,44.98,30.0,0.0,VF CABLEMAX     ,0.0
KBW,45 - 49,42.97,42.97,30.0,0.0,RED INTERNET & PHONE CABLE U ,1.0
NRW,30 - 34,34.99,34.99,30.0,0.0,RED INTERNET & PHONE CABLE U ,1.0
NRW,40 - 44,29.99,29.99,30.0,0.0,INTERNET PREMIUM     ,0.0
NRW,35 - 39,39.98,39.98,30.0,0.0,RED INTERNET & PHONE CABLE U ,1.0
HSN,35 - 39,44.98,44.98,30.0,0.0,RED INTERNET & PHONE CABLE U ,1.0
KBW,30 - 34,44.98,44.98,30.0,0.0,RED INTERNET & PHONE CABLE U ,1.0
NRW,30 - 34,39.98,39.98,30.0,0.0,RED INTERNET & PHONE CABLE U ,1.0
KBW,35 - 39,34.99,34.99,30.0,0.0,RED INTERNET & PHONE CABLE U ,0.0
NRW,70 - 74,48.97,48.97,30.0,0.0,VF CABLEMAX     ,0.0
KBW,45 - 49,44.98,44.98,30.0,0.0,VF RIP U-TREUE  ,1.0
HSN,55 - 59,39.98,39.98,30.0,0.0,VF CABLEMAX     ,1.0
NRW,45 - 49,44.97,44.97,30.0,0.0,VF CABLEMAX     ,0.0
NRW,25 - 29,34.99,34.99,30.0,0.0,RED INTERNET & PHONE CABLE U ,1.0
NRW,25 - 29,24.99,34.99,30.0,0.0,RED INTERNET & PHONE CABLE U ,1.0
NRW,25 - 29,34.98,34.98,30.0,0.0,RED INTERNET & PHONE CABLE U ,1.0
KBW,55 - 59,44.98,44.98,30.0,0.0,VF CABLEMAX     ,0.0
KBW,40 - 44,48.97,48.97,30.0,0.0,VF CABLEMAX     ,0.0
NRW,30 - 34,44.98,44.98,30.0,0.0,VF CABLEMAX     ,1.0
KBW,25 - 29,48.97,48.97,30.0,0.0,RED INTERNET & PHONE CABLE U ,1.0
NRW,40 - 44,44.98,44.98,30.0,0.0,VF CABLEMAX     ,1.0
NRW,30 - 34,32.99,32.99,30.0,0.0,VF RIP U-TREUE  ,0.0
NRW,25 - 29,39.99,39.99,30.0,0.0,RED INTERNET & PHONE CABLE U ,1.0
HSN,55 - 59,34.99,34.99,30.0,0.0,RED INTERNET & PHONE CABLE U ,1.0
NRW,30 - 34,34.99,34.99,30.0,0.0,RED INTERNET & PHONE CABLE U ,1.0
KBW,50 - 54,44.98,44.98,30.0,0.0,RED INTERNET & PHONE CABLE U ,1.0
NRW,70 - 74,44.98,44.98,30.0,0.0,VF CABLEMAX     ,1.0
KBW,45 - 49,52.98,52.98,30.0,0.0,2PLAY PLUS       ,0.0
KBW,40 - 44,44.98,44.98,30.0,0.0,VF CABLEMAX     ,0.0
NRW,55 - 59,52.99,52.99,30.0,0.0,3PLAY TREUE GENRE    ,0.0
KBW,40 - 44,49.97,49.97,30.0,0.0,VF CABLEMAX     ,0.0
KBW,70 - 74,47.98,47.98,30.0,0.0,2PLAY TREUE      ,0.0
NRW,50 - 54,54.98,54.98,30.0,0.0,RED INTERNET & PHONE CABLE U ,1.0
NRW,30 - 34,34.99,34.99,30.0,0.0,RED INTERNET & PHONE CABLE U ,0.0
NRW,25 - 29,44.98,44.98,60.0,0.0,RED INTERNET & PHONE CABLE U ,1.0
KBW,45 - 49,39.99,39.99,30.0,0.0,RED INTERNET & PHONE CABLE U ,1.0
NRW,40 - 44,39.98,39.98,30.0,0.0,VF CABLEMAX     ,0.0
NRW,35 - 39,44.98,44.98,30.0,0.0,VF CABLEMAX     ,1.0
NRW,35 - 39,34.99,34.99,30.0,0.0,RED INTERNET & PHONE CABLE U ,0.0
HSN,40 - 44,44.98,44.98,30.0,0.0,RED INTERNET & PHONE CABLE U ,1.0
HSN,50 - 54,24.99,24.99,30.0,0.0,INTERNET COMFORT     ,1.0
HSN,25 - 29,34.99,34.99,30.0,0.0,RED INTERNET & PHONE CABLE U ,1.0
KBW,55 - 59,70.96,49.98,30.0,0.0,VF RIP U-TREUE  ,0.0
NRW,70 - 74,32.99,32.99,30.0,0.0,VF RIP U-TREUE  ,0.0
KBW,50 - 54,34.99,34.99,30.0,0.0,RED INTERNET & PHONE CABLE U ,1.0
HSN,80 and over,58.98,58.98,30.0,0.0,RED INTERNET & PHONE CABLE U ,0.0
HSN,30 - 34,44.98,44.98,30.0,0.0,RED INTERNET & PHONE CABLE U ,1.0
KBW,65 - 69,25.0,25.0,30.0,0.0,RED INTERNET & PHONE CABLE U ,0.0
KBW,25 - 29,34.99,34.99,30.0,0.0,VF RIP U-TREUE  ,1.0
NRW,25 - 29,17.99,17.99,30.0,0.0,EAZY FLEX    ,1.0
NRW,55 - 59,44.98,44.98,30.0,0.0,VF CABLEMAX     ,0.0
NRW,60 - 64,44.98,44.98,30.0,0.0,VF CABLEMAX     ,0.0
NRW,25 - 29,34.99,34.99,123.0,0.0,GIGAZUHAUSE KABEL ,1.0
KBW,60 - 64,64.97,39.99,30.0,0.0,RED INTERNET & PHONE CABLE U ,1.0
NRW,25 - 29,39.98,39.98,30.0,0.0,VF CABLEMAX     ,1.0
HSN,55 - 59,29.99,29.99,30.0,0.0,VF RIP U-TREUE  ,0.0
NRW,25 - 29,34.99,34.99,30.0,0.0,RED INTERNET & PHONE CABLE U ,0.0
KBW,65 - 69,44.98,44.98,30.0,0.0,VF CABLEMAX     ,0.0
KBW,40 - 44,27.99,27.99,30.0,0.0,VF RIP U-TREUE  ,1.0
HSN,35 - 39,47.99,47.99,30.0,0.0,VF RIP U-TREUE  ,0.0
KBW,25 - 29,24.99,24.99,30.0,0.0,INTERNET COMFORT     ,1.0
HSN,40 - 44,39.98,39.98,30.0,0.0,VF CABLEMAX     ,1.0
KBW,30 - 34,24.99,24.99,30.0,0.0,INTERNET COMFORT     ,1.0
NRW,35 - 39,44.98,44.98,30.0,0.0,RED INTERNET & PHONE CABLE U ,0.0
NRW,45 - 49,39.99,39.99,30.0,0.0,RED INTERNET & PHONE CABLE U ,1.0
NRW,50 - 54,34.99,34.99,30.0,0.0,RED INTERNET & PHONE CABLE U ,0.0
KBW,65 - 69,29.98,29.98,30.0,0.0,2PLAY TREUE      ,0.0
HSN,45 - 49,24.99,24.99,30.0,0.0,INTERNET COMFORT     ,1.0
HSN,60 - 64,42.98,42.98,30.0,0.0,VF RIP U-TREUE  ,0.0
NRW,40 - 44,59.98,59.98,30.0,0.0,RED INTERNET & PHONE CABLE U ,0.0
KBW,30 - 34,19.99,19.99,30.0,0.0,EAZY       ,1.0
NRW,35 - 39,44.98,44.98,30.0,0.0,VF CABLEMAX     ,1.0
NRW,80 and over,42.98,42.98,30.0,0.0,VF RIP U-TREUE  ,0.0
KBW,30 - 34,49.97,49.97,30.0,0.0,VF CABLEMAX     ,1.0
KBW,25 - 29,39.99,39.99,30.0,0.0,RED INTERNET & PHONE CABLE U ,1.0
HSN,30 - 34,37.98,37.98,30.0,0.0,VF RIP U-TREUE  ,0.0
NRW,45 - 49,44.98,44.98,30.0,0.0,VF CABLEMAX     ,1.0
KBW,45 - 49,49.97,49.97,30.0,0.0,VF CABLEMAX     ,0.0
KBW,18 - 24,39.99,39.99,30.0,0.0,RED INTERNET & PHONE CABLE U ,1.0
KBW,50 - 54,37.97,37.97,30.0,0.0,VF RIP U-TREUE  ,0.0
KBW,18 - 24,39.99,39.99,30.0,0.0,RED INTERNET & PHONE CABLE U ,1.0
HSN,40 - 44,29.99,29.99,30.0,0.0,VF RIP U-TREUE  ,1.0
NRW,35 - 39,44.98,44.98,30.0,0.0,VF CABLEMAX     ,1.0
HSN,30 - 34,44.98,44.98,30.0,0.0,VF CABLEMAX     ,0.0
NRW,50 - 54,54.98,54.98,30.0,0.0,GIGAZUHAUSE KABEL ,0.0
HSN,30 - 34,34.99,34.99,30.0,0.0,RED INTERNET & PHONE CABLE U ,1.0
HSN,65 - 69,34.99,34.99,30.0,0.0,RED INTERNET & PHONE CABLE U ,1.0
NRW,70 - 74,63.97,42.98,30.0,0.0,RED INTERNET & PHONE CABLE U ,0.0
HSN,65 - 69,52.98,29.99,30.0,0.0,VF RIP U-TREUE  ,0.0
KBW,40 - 44,39.98,39.98,30.0,0.0,VF CABLEMAX     ,0.0
NRW,40 - 44,39.99,39.99,30.0,0.0,VF RIP U-TREUE  ,0.0
KBW,50 - 54,44.98,44.98,30.0,0.0,VF CABLEMAX     ,1.0
NRW,35 - 39,44.98,44.98,30.0,0.0,VF CABLEMAX     ,1.0
HSN,45 - 49,44.98,44.98,30.0,0.0,RED INTERNET & PHONE CABLE U ,0.0
KBW,65 - 69,49.97,39.98,30.0,0.0,RED INTERNET & PHONE CABLE U ,0.0
KBW,55 - 59,49.97,49.97,30.0,0.0,VF CABLEMAX     ,1.0
NRW,65 - 69,54.99,54.99,30.0,0.0,RED INTERNET & PHONE CABLE U ,0.0
KBW,55 - 59,44.98,44.98,30.0,0.0,VF CABLEMAX     ,1.0
NRW,45 - 49,44.98,44.98,30.0,0.0,VF CABLEMAX     ,0.0
NRW,35 - 39,44.98,44.98,30.0,0.0,VF CABLEMAX     ,1.0
KBW,30 - 34,58.98,58.98,30.0,0.0,RED INTERNET & PHONE CABLE U ,0.0
KBW,65 - 69,65.97,44.98,30.0,0.0,VF RIP U-TREUE  ,1.0
NRW,30 - 34,44.98,44.98,30.0,0.0,RED INTERNET & PHONE CABLE U ,1.0
HSN,55 - 59,39.98,39.98,30.0,0.0,3PLAY55       ,0.0
NRW,35 - 39,39.99,39.99,30.0,0.0,VF RIP U-TREUE  ,1.0
HSN,65 - 69,40.98,19.99,30.0,0.0,EAZY       ,1.0
HSN,55 - 59,44.98,44.98,30.0,0.0,RED INTERNET & PHONE CABLE U ,1.0
NRW,25 - 29,24.99,24.99,30.0,0.0,INTERNET COMFORT     ,1.0
NRW,35 - 39,54.99,54.99,30.0,0.0,RED INTERNET & PHONE CABLE U ,1.0
KBW,35 - 39,39.99,39.99,30.0,0.0,VF RIP U-TREUE  ,0.0
NRW,80 and over,49.97,34.99,30.0,0.0,RED INTERNET & PHONE CABLE U ,1.0
NRW,30 - 34,44.98,44.98,30.0,0.0,RED INTERNET & PHONE CABLE U ,1.0
NRW,60 - 64,69.98,59.99,30.0,0.0,3PLAY FLY      ,0.0
HSN,30 - 34,44.98,44.98,30.0,0.0,RED INTERNET & PHONE CABLE U ,0.0
KBW,40 - 44,42.98,42.98,30.0,0.0,VF RIP U-TREUE  ,1.0
NRW,70 - 74,32.98,32.98,30.0,0.0,VF RIP U-TREUE  ,0.0
NRW,55 - 59,27.98,27.98,30.0,0.0,RED INTERNET & PHONE CABLE U ,1.0
NRW,80 and over,47.96,47.96,30.0,0.0,RED INTERNET & PHONE CABLE U ,0.0
NRW,60 - 64,34.99,34.99,30.0,0.0,RED INTERNET & PHONE CABLE U ,1.0
HSN,60 - 64,24.99,24.99,30.0,0.0,INTERNET COMFORT     ,0.0
KBW,55 - 59,60.98,39.99,30.0,0.0,VF RIP U-TREUE  ,1.0
KBW,80 and over,78.94,43.98,30.0,0.0,RED INTERNET & PHONE CABLE U ,0.0
KBW,30 - 34,44.98,44.98,30.0,0.0,RED INTERNET & PHONE CABLE U ,1.0
NRW,55 - 59,54.99,54.99,30.0,0.0,RED INTERNET & PHONE CABLE U ,1.0
KBW,75 - 79,44.98,44.98,30.0,0.0,VF RIP U-TREUE  ,0.0
HSN,45 - 49,44.98,44.98,30.0,0.0,RED INTERNET & PHONE CABLE U ,1.0
KBW,18 - 24,39.99,39.99,30.0,0.0,RED INTERNET & PHONE CABLE U ,0.0
KBW,25 - 29,39.98,39.98,30.0,0.0,RED INTERNET & PHONE CABLE U ,1.0
NRW,35 - 39,39.98,39.98,30.0,0.0,VF CABLEMAX     ,1.0
KBW,40 - 44,64.97,39.99,30.0,0.0,RED INTERNET & PHONE CABLE U ,0.0
NRW,25 - 29,44.98,44.98,30.0,0.0,RED INTERNET & PHONE CABLE U ,1.0
KBW,50 - 54,49.98,49.98,30.0,0.0,GIGAZUHAUSE KABEL ,1.0
KBW,25 - 29,44.98,44.98,30.0,0.0,RED INTERNET & PHONE CABLE U ,0.0
HSN,80 and over,32.99,32.99,30.0,0.0,VF RIP U-TREUE  ,0.0
KBW,60 - 64,34.99,34.99,30.0,0.0,RED INTERNET & PHONE CABLE U ,0.0
KBW,35 - 39,44.98,44.98,30.0,0.0,VF CABLEMAX     ,0.0
NRW,80 and over,39.99,39.99,30.0,0.0,RED INTERNET & PHONE CABLE U ,1.0
NRW,60 - 64,49.99,49.99,30.0,0.0,RED INTERNET & PHONE CABLE U ,0.0
HSN,40 - 44,58.77,46.78,30.0,0.0,3PLAY PLUS       ,0.0
HSN,55 - 59,29.98,29.98,30.0,0.0,VF RIP U-TREUE  ,0.0
KBW,35 - 39,39.98,39.98,30.0,0.0,RED INTERNET & PHONE CABLE U ,1.0
KBW,45 - 49,49.99,49.99,30.0,0.0,RED INTERNET & PHONE CABLE U ,1.0
NRW,35 - 39,24.99,24.99,30.0,0.0,INTERNET COMFORT     ,0.0
HSN,45 - 49,44.98,44.98,30.0,0.0,VF CABLEMAX     ,0.0
NRW,45 - 49,34.99,34.99,30.0,0.0,RED INTERNET & PHONE CABLE U ,0.0
KBW,30 - 34,44.97,44.97,30.0,0.0,VF CABLEMAX     ,0.0
NRW,35 - 39,44.98,44.98,30.0,0.0,RED INTERNET & PHONE CABLE U ,0.0
KBW,35 - 39,49.99,49.99,30.0,0.0,GIGAZUHAUSE KABEL ,0.0
NRW,30 - 34,44.98,44.98,30.0,0.0,RED INTERNET & PHONE CABLE U ,1.0
KBW,60 - 64,24.99,24.99,30.0,0.0,INTERNET COMFORT     ,0.0
KBW,35 - 39,34.99,34.99,30.0,0.0,RED INTERNET & PHONE CABLE U ,1.0
KBW,55 - 59,39.98,39.98,30.0,0.0,VF CABLEMAX     ,0.0
KBW,45 - 49,49.97,49.97,30.0,0.0,VF CABLEMAX     ,1.0
KBW,35 - 39,39.99,39.99,30.0,0.0,RED INTERNET & PHONE CABLE U ,1.0
NRW,35 - 39,34.99,34.99,30.0,0.0,RED INTERNET & PHONE CABLE U ,0.0
KBW,60 - 64,39.98,39.98,30.0,0.0,VF CABLEMAX     ,0.0
NRW,25 - 29,34.99,34.99,30.0,0.0,RED INTERNET & PHONE CABLE U ,1.0
KBW,40 - 44,44.98,44.98,30.0,0.0,VF CABLEMAX     ,0.0
NRW,45 - 49,54.99,54.99,30.0,0.0,RED INTERNET & PHONE CABLE U ,1.0
HSN,35 - 39,39.99,39.99,30.0,0.0,VF RIP U-TREUE  ,1.0
NRW,40 - 44,39.99,39.99,30.0,0.0,VF RIP U-TREUE  ,1.0
KBW,50 - 54,44.98,44.98,30.0,0.0,VF CABLEMAX     ,0.0
KBW,45 - 49,42.98,42.98,30.0,0.0,VF RIP U-TREUE  ,0.0
KBW,18 - 24,67.96,64.97,123.0,0.0,GIGAZUHAUSE KABEL ,1.0
HSN,65 - 69,49.99,49.99,30.0,0.0,RED INTERNET & PHONE CABLE U ,0.0
NRW,25 - 29,34.99,34.99,30.0,0.0,RED INTERNET & PHONE CABLE U ,1.0
NRW,45 - 49,39.99,39.99,30.0,0.0,VF RIP U-TREUE  ,1.0
NRW,25 - 29,39.99,39.99,30.0,0.0,RED INTERNET & PHONE CABLE U ,1.0
NRW,35 - 39,34.99,34.99,30.0,0.0,RED INTERNET & PHONE CABLE U ,1.0
KBW,65 - 69,58.98,58.98,30.0,0.0,RED INTERNET & PHONE CABLE U ,0.0
KBW,25 - 29,39.99,39.99,30.0,0.0,RED INTERNET & PHONE CABLE U ,0.0
NRW,45 - 49,49.97,49.97,30.0,0.0,VF CABLEMAX     ,0.0
NRW,70 - 74,39.98,29.99,30.0,0.0,RED INTERNET & PHONE CABLE U ,0.0
NRW,25 - 29,29.99,29.99,30.0,0.0,INTERNET PREMIUM     ,0.0
NRW,35 - 39,39.99,39.99,30.0,0.0,VF RIP U-TREUE  ,1.0
KBW,65 - 69,42.97,42.97,30.0,0.0,RED INTERNET & PHONE CABLE U ,0.0
HSN,50 - 54,44.98,44.98,30.0,0.0,VF CABLEMAX     ,1.0
NRW,80 and over,29.99,29.99,30.0,0.0,VF RIP U-TREUE  ,1.0
KBW,60 - 64,39.99,39.99,30.0,0.0,RED INTERNET & PHONE CABLE U ,0.0
HSN,55 - 59,29.99,29.99,30.0,0.0,VF RIP U-TREUE  ,0.0
KBW,30 - 34,44.99,44.99,30.0,0.0,GIGAZUHAUSE KABEL ,0.0
HSN,25 - 29,34.99,34.99,30.0,0.0,RED INTERNET & PHONE CABLE U ,1.0
KBW,40 - 44,44.98,44.98,30.0,0.0,VF CABLEMAX     ,0.0
NRW,45 - 49,37.99,37.99,30.0,0.0,VF RIP U-TREUE  ,1.0
NRW,45 - 49,54.98,54.98,30.0,0.0,VF RIP U-TREUE  ,1.0
KBW,65 - 69,52.98,52.98,30.0,0.0,VF RIP U-TREUE  ,1.0
NRW,45 - 49,54.98,54.98,30.0,0.0,GIGAZUHAUSE KABEL ,1.0
NRW,50 - 54,44.98,44.98,30.0,0.0,RED INTERNET & PHONE CABLE U ,1.0
NRW,40 - 44,49.97,49.97,30.0,0.0,VF CABLEMAX     ,1.0
KBW,40 - 44,29.99,29.99,30.0,0.0,VF RIP U-TREUE  ,1.0
NRW,25 - 29,39.99,39.99,30.0,0.0,RED INTERNET & PHONE CABLE U ,0.0
KBW,25 - 29,39.98,39.98,30.0,0.0,RED INTERNET & PHONE CABLE U ,1.0
KBW,50 - 54,65.97,44.98,30.0,0.0,RED INTERNET & PHONE CABLE U ,0.0
HSN,75 - 79,49.96,49.97,30.0,0.0,VF CABLEMAX     ,1.0
NRW,80 and over,50.35,50.35,30.0,0.0,3PLAY COMFORT     ,0.0
KBW,60 - 64,25.84,18.84,30.0,0.0,INTERNET        ,0.0
NRW,45 - 49,57.98,42.98,30.0,0.0,VF RIP U-TREUE  ,0.0
NRW,55 - 59,32.99,32.99,30.0,0.0,VF RIP U-TREUE  ,0.0
HSN,35 - 39,39.98,39.98,30.0,0.0,RED INTERNET & PHONE CABLE U ,0.0
HSN,30 - 34,54.99,54.99,30.0,0.0,RED INTERNET & PHONE CABLE U ,1.0
NRW,80 and over,34.99,34.99,30.0,0.0,RED INTERNET & PHONE CABLE U ,0.0
NRW,35 - 39,44.98,44.98,30.0,0.0,VF CABLEMAX     ,1.0
NRW,45 - 49,46.96,39.98,98.0,0.0,GIGAZUHAUSE TREUE B ,1.0
HSN,25 - 29,63.98,63.98,123.0,0.0,GIGAZUHAUSE KABEL ,1.0
HSN,60 - 64,39.98,29.99,30.0,0.0,RED INTERNET & PHONE CABLE U ,1.0
KBW,30 - 34,29.99,29.99,30.0,0.0,VF RIP U-TREUE  ,0.0
NRW,65 - 69,33.74,33.74,30.0,0.0,GIGAZUHAUSE KABEL ,1.0
HSN,60 - 64,46.93,57.33,30.0,0.0,3PLAY TREUE      ,0.0
NRW,50 - 54,64.98,39.99,30.0,0.0,VF RIP U-TREUE  ,0.0
HSN,55 - 59,32.99,32.99,30.0,0.0,VF RIP U-TREUE  ,1.0
KBW,60 - 64,54.97,44.98,30.0,0.0,VF CABLEMAX     ,0.0
KBW,60 - 64,34.99,34.99,30.0,0.0,RED INTERNET & PHONE CABLE U ,0.0
KBW,50 - 54,49.99,49.99,30.0,0.0,RED INTERNET & PHONE CABLE U ,1.0
NRW,60 - 64,32.99,32.99,30.0,0.0,VF RIP U-TREUE  ,1.0
NRW,35 - 39,49.99,49.99,30.0,0.0,VF RIP U-TREUE  ,1.0
NRW,25 - 29,44.98,44.98,30.0,0.0,RED INTERNET & PHONE CABLE U ,1.0
NRW,35 - 39,11.98,11.98,30.0,0.0,EAZY       ,1.0
HSN,50 - 54,49.99,49.99,30.0,0.0,RED INTERNET & PHONE CABLE U ,0.0
NRW,40 - 44,44.97,44.97,30.0,0.0,VF CABLEMAX     ,1.0
HSN,80 and over,69.96,39.99,30.0,0.0,RED INTERNET & PHONE CABLE U ,1.0
NRW,30 - 34,39.99,39.99,30.0,0.0,RED INTERNET & PHONE CABLE U ,1.0
KBW,65 - 69,42.97,42.97,30.0,0.0,RED INTERNET & PHONE CABLE U ,0.0
NRW,75 - 79,34.99,34.99,30.0,0.0,VF RIP U-TREUE  ,0.0
HSN,65 - 69,79.94,49.97,30.0,0.0,VF CABLEMAX     ,0.0
KBW,65 - 69,56.96,42.98,30.0,0.0,VF RIP U-TREUE  ,0.0
KBW,55 - 59,42.97,42.97,30.0,0.0,GIGAZUHAUSE KABEL ,0.0
HSN,30 - 34,34.99,34.99,30.0,0.0,RED INTERNET & PHONE CABLE U ,0.0
NRW,45 - 49,24.99,24.99,30.0,0.0,INTERNET COMFORT     ,0.0
NRW,60 - 64,34.99,34.99,30.0,0.0,RED INTERNET & PHONE CABLE U ,0.0
HSN,40 - 44,39.99,39.99,30.0,0.0,RED INTERNET & PHONE CABLE U ,1.0
NRW,30 - 34,34.99,34.99,30.0,0.0,RED INTERNET & PHONE CABLE U ,0.0
KBW,30 - 34,49.99,49.99,30.0,0.0,RED INTERNET & PHONE CABLE U ,0.0
HSN,18 - 24,42.97,42.97,30.0,0.0,RED INTERNET & PHONE CABLE U ,0.0
NRW,70 - 74,34.99,34.99,30.0,0.0,RED INTERNET & PHONE CABLE U ,0.0
KBW,65 - 69,34.99,34.99,30.0,0.0,RED INTERNET & PHONE CABLE U ,0.0
NRW,80 and over,39.99,39.99,30.0,0.0,RED INTERNET & PHONE CABLE U ,0.0
NRW,35 - 39,29.99,29.99,30.0,0.0,INTERNET PREMIUM     ,0.0
HSN,55 - 59,54.98,54.98,30.0,0.0,RED INTERNET & PHONE CABLE U ,1.0
KBW,30 - 34,44.98,44.98,84.0,0.0,VF CABLEMAX     ,1.0
NRW,35 - 39,39.99,39.99,30.0,0.0,RED INTERNET & PHONE CABLE U ,0.0
HSN,55 - 59,69.95,39.98,30.0,0.0,RED INTERNET & PHONE CABLE U ,1.0
NRW,40 - 44,34.99,34.99,30.0,0.0,RED INTERNET & PHONE CABLE U ,0.0
KBW,50 - 54,42.98,42.98,30.0,0.0,VF RIP U-TREUE  ,0.0
KBW,45 - 49,39.98,39.98,30.0,0.0,RED INTERNET & PHONE CABLE U ,0.0
NRW,40 - 44,33.97,33.98,30.0,0.0,VF RIP U-TREUE  ,1.0
KBW,35 - 39,43.97,43.97,30.0,0.0,RED INTERNET & PHONE CABLE U ,0.0
KBW,40 - 44,39.98,39.98,57.0,0.0,VF CABLEMAX     ,0.0
KBW,55 - 59,64.97,44.98,30.0,0.0,VF CABLEMAX     ,0.0
NRW,30 - 34,39.99,39.99,30.0,0.0,RED INTERNET & PHONE CABLE U ,1.0
NRW,40 - 44,58.31,58.97,30.0,0.0,RED INTERNET & PHONE CABLE U ,1.0
KBW,40 - 44,59.98,39.99,30.0,0.0,VF RIP U-TREUE  ,1.0
KBW,65 - 69,59.98,59.99,639.0,0.0,GIGAZUHAUSE KABEL ,0.0
KBW,80 and over,49.97,49.98,30.0,0.0,RED INTERNET & PHONE CABLE U ,0.0
NRW,30 - 34,29.99,29.99,30.0,0.0,VF RIP U-TREUE  ,1.0
NRW,30 - 34,24.99,24.99,30.0,0.0,INTERNET COMFORT     ,0.0
NRW,30 - 34,39.98,39.98,30.0,0.0,VF CABLEMAX     ,1.0
NRW,40 - 44,42.98,42.98,30.0,0.0,2PLAY PLUS       ,1.0
NRW,25 - 29,44.98,44.98,30.0,0.0,RED INTERNET & PHONE CABLE U ,1.0
NRW,30 - 34,34.99,34.99,30.0,0.0,RED INTERNET & PHONE CABLE U ,0.0
NRW,30 - 34,44.98,44.98,30.0,0.0,VF CABLEMAX     ,1.0
NRW,40 - 44,56.95,49.97,30.0,0.0,VF CABLEMAX     ,1.0
NRW,50 - 54,42.98,42.98,30.0,0.0,VF RIP U-TREUE  ,1.0
KBW,30 - 34,39.98,39.98,30.0,0.0,RED INTERNET & PHONE CABLE U ,1.0
NRW,55 - 59,42.97,42.97,30.0,0.0,RED INTERNET & PHONE CABLE U ,0.0
NRW,35 - 39,59.98,59.98,30.0,0.0,RED INTERNET & PHONE CABLE U ,1.0
NRW,50 - 54,44.98,44.98,30.0,0.0,VF CABLEMAX     ,1.0
NRW,75 - 79,29.99,29.99,30.0,0.0,VF RIP U-TREUE  ,0.0
KBW,30 - 34,44.98,44.98,30.0,0.0,RED INTERNET & PHONE CABLE U ,1.0
NRW,75 - 79,35.87,35.86,30.0,0.0,3PLAY        ,0.0
NRW,30 - 34,42.98,42.98,30.0,0.0,2PLAY PLUS       ,0.0
NRW,70 - 74,55.97,54.98,30.0,0.0,RED INTERNET & PHONE CABLE U ,0.0
NRW,30 - 34,39.99,39.99,30.0,0.0,RED INTERNET & PHONE CABLE U ,1.0
NRW,35 - 39,34.99,34.99,30.0,0.0,RED INTERNET & PHONE CABLE U ,1.0
HSN,30 - 34,49.98,49.98,30.0,0.0,GIGAZUHAUSE KABEL ,0.0
HSN,35 - 39,24.99,24.99,30.0,0.0,INTERNET COMFORT     ,1.0
HSN,25 - 29,39.99,39.99,30.0,0.0,RED INTERNET & PHONE CABLE U ,0.0
KBW,40 - 44,39.98,39.98,30.0,0.0,VF CABLEMAX     ,1.0
NRW,65 - 69,49.97,49.97,30.0,0.0,VF CABLEMAX     ,1.0
NRW,60 - 64,44.98,44.98,30.0,0.0,RED INTERNET & PHONE CABLE U ,1.0
NRW,30 - 34,44.98,44.98,30.0,0.0,RED INTERNET & PHONE CABLE U ,1.0
NRW,60 - 64,49.99,49.99,30.0,0.0,RED INTERNET & PHONE CABLE U ,0.0
KBW,55 - 59,44.98,44.98,30.0,0.0,RED INTERNET & PHONE CABLE U ,1.0
NRW,35 - 39,37.98,37.98,30.0,0.0,VF RIP U-TREUE  ,1.0
NRW,70 - 74,43.98,43.98,30.0,0.0,RED INTERNET & PHONE CABLE U ,1.0
NRW,40 - 44,52.98,52.98,30.0,0.0,VF RIP U-TREUE  ,1.0
KBW,60 - 64,44.98,44.98,30.0,0.0,VF CABLEMAX     ,0.0
NRW,45 - 49,39.98,39.98,30.0,0.0,VF CABLEMAX     ,1.0
NRW,70 - 74,27.99,27.99,30.0,0.0,VF RIP U-TREUE  ,0.0
NRW,55 - 59,68.94,42.98,30.0,0.0,VF RIP U-TREUE  ,1.0
KBW,55 - 59,34.99,34.99,30.0,0.0,RED INTERNET & PHONE CABLE U ,1.0
KBW,35 - 39,39.98,39.98,30.0,0.0,RED INTERNET & PHONE CABLE U ,1.0
NRW,60 - 64,34.99,34.99,30.0,0.0,RED INTERNET & PHONE CABLE U ,1.0
NRW,60 - 64,29.99,29.99,30.0,0.0,VF RIP U-TREUE  ,0.0
NRW,35 - 39,39.99,39.99,30.0,0.0,RED INTERNET & PHONE CABLE U ,1.0
HSN,35 - 39,39.98,39.98,30.0,0.0,RED INTERNET & PHONE CABLE U ,1.0
NRW,35 - 39,34.99,34.99,30.0,0.0,RED INTERNET & PHONE CABLE U ,1.0
KBW,40 - 44,34.99,34.99,30.0,0.0,RED INTERNET & PHONE CABLE U ,1.0
KBW,55 - 59,29.99,29.99,30.0,0.0,INTERNET PREMIUM     ,1.0
NRW,40 - 44,44.98,44.98,30.0,0.0,RED INTERNET & PHONE CABLE U ,0.0
NRW,55 - 59,65.97,44.98,30.0,0.0,VF CABLEMAX     ,0.0
KBW,35 - 39,44.98,44.98,30.0,0.0,RED INTERNET & PHONE CABLE U ,1.0
HSN,30 - 34,44.98,44.98,30.0,0.0,VF CABLEMAX     ,0.0
HSN,25 - 29,44.98,44.98,30.0,0.0,RED INTERNET & PHONE CABLE U ,1.0
NRW,45 - 49,44.98,44.98,30.0,0.0,VF CABLEMAX     ,1.0
NRW,45 - 49,29.99,29.99,30.0,0.0,RED INTERNET & PHONE CABLE U ,0.0
HSN,65 - 69,58.97,37.98,30.0,0.0,VF RIP U-TREUE  ,1.0
NRW,40 - 44,44.98,44.98,30.0,0.0,VF RIP U-TREUE  ,0.0
NRW,45 - 49,44.98,44.98,30.0,0.0,VF CABLEMAX     ,1.0
HSN,60 - 64,34.99,34.99,30.0,0.0,RED INTERNET & PHONE CABLE U ,1.0
HSN,30 - 34,39.99,39.99,30.0,0.0,RED INTERNET & PHONE CABLE U ,1.0
NRW,30 - 34,44.98,44.98,30.0,0.0,RED INTERNET & PHONE CABLE U ,0.0
KBW,45 - 49,34.98,34.99,30.0,0.0,RED INTERNET & PHONE CABLE U ,1.0
KBW,50 - 54,47.97,47.97,30.0,0.0,2PLAY START       ,1.0
KBW,30 - 34,44.98,44.98,30.0,0.0,VF CABLEMAX     ,1.0
NRW,55 - 59,44.98,44.98,30.0,0.0,VF CABLEMAX     ,1.0
NRW,50 - 54,24.99,24.99,30.0,0.0,INTERNET COMFORT     ,1.0
KBW,70 - 74,37.98,37.98,30.0,0.0,VF RIP U-TREUE  ,0.0
NRW,80 and over,27.98,27.98,30.0,0.0,GIGAZUHAUSE KABEL ,0.0
NRW,60 - 64,34.99,34.99,30.0,0.0,RED INTERNET & PHONE CABLE U ,0.0
KBW,25 - 29,44.98,44.98,30.0,0.0,RED INTERNET & PHONE CABLE U ,1.0
KBW,40 - 44,39.99,39.99,30.0,0.0,RED INTERNET & PHONE CABLE U ,1.0
KBW,45 - 49,44.98,44.98,30.0,0.0,VF CABLEMAX     ,1.0
KBW,35 - 39,44.98,44.98,30.0,0.0,VF CABLEMAX     ,1.0
KBW,55 - 59,54.99,54.99,30.0,0.0,RED INTERNET & PHONE CABLE U ,1.0
HSN,25 - 29,37.99,37.99,30.0,0.0,VF RIP U-TREUE  ,1.0
NRW,60 - 64,34.99,34.99,30.0,0.0,VF CABLEMAX     ,1.0
KBW,60 - 64,44.98,44.98,30.0,0.0,RED INTERNET & PHONE CABLE U ,0.0
NRW,45 - 49,44.98,44.98,30.0,0.0,VF CABLEMAX     ,0.0
NRW,35 - 39,39.99,39.99,30.0,0.0,RED INTERNET & PHONE CABLE U ,1.0
KBW,35 - 39,39.99,39.99,30.0,0.0,VF CABLEMAX     ,1.0
KBW,30 - 34,34.99,34.99,30.0,0.0,RED INTERNET & PHONE CABLE U ,0.0
KBW,55 - 59,52.97,42.97,30.0,0.0,RED INTERNET & PHONE CABLE U ,0.0
NRW,25 - 29,34.99,34.99,30.0,0.0,RED INTERNET & PHONE CABLE U ,0.0
KBW,35 - 39,44.98,44.98,30.0,0.0,RED INTERNET & PHONE CABLE U ,0.0
KBW,60 - 64,34.99,34.99,30.0,0.0,RED INTERNET & PHONE CABLE U ,0.0
NRW,65 - 69,32.96,32.97,30.0,0.0,RED INTERNET & PHONE CABLE U ,0.0
KBW,35 - 39,48.97,48.97,30.0,0.0,VF CABLEMAX     ,0.0
KBW,60 - 64,39.99,39.99,30.0,0.0,VF RIP U-TREUE  ,0.0
KBW,25 - 29,44.98,44.98,30.0,0.0,RED INTERNET & PHONE CABLE U ,1.0
NRW,55 - 59,44.98,44.98,30.0,0.0,VF CABLEMAX     ,1.0
HSN,18 - 24,39.99,39.99,30.0,0.0,RED INTERNET & PHONE CABLE U ,0.0
KBW,30 - 34,47.97,37.99,30.0,0.0,VF RIP U-TREUE  ,1.0
NRW,45 - 49,37.99,37.99,30.0,0.0,VF RIP U-TREUE  ,1.0
KBW,50 - 54,44.98,44.98,30.0,0.0,VF CABLEMAX     ,1.0
HSN,30 - 34,37.98,37.98,143.0,0.0,GIGAZUHAUSE KABEL ,1.0
KBW,40 - 44,42.97,42.97,30.0,0.0,RED INTERNET & PHONE CABLE U ,1.0
KBW,30 - 34,39.99,39.99,30.0,0.0,RED INTERNET & PHONE CABLE U ,1.0
KBW,35 - 39,44.99,44.99,30.0,0.0,RED INTERNET & PHONE CABLE U ,0.0
NRW,80 and over,34.99,34.99,30.0,0.0,RED INTERNET & PHONE CABLE U ,1.0
HSN,60 - 64,44.98,44.98,30.0,0.0,RED INTERNET & PHONE CABLE U ,1.0
KBW,55 - 59,75.97,54.98,30.0,0.0,GIGAZUHAUSE KABEL ,0.0
KBW,25 - 29,44.98,44.98,30.0,0.0,VF CABLEMAX     ,0.0
NRW,60 - 64,34.98,34.98,30.0,0.0,VF RIP U-TREUE  ,1.0
KBW,25 - 29,39.99,39.99,30.0,0.0,RED INTERNET & PHONE CABLE U ,1.0
KBW,55 - 59,57.96,42.98,30.0,0.0,VF RIP U-TREUE  ,0.0
NRW,45 - 49,34.99,34.99,30.0,0.0,RED INTERNET & PHONE CABLE U ,0.0
KBW,45 - 49,49.97,49.97,30.0,0.0,VF CABLEMAX     ,1.0
NRW,25 - 29,39.99,39.99,30.0,0.0,RED INTERNET & PHONE CABLE U ,1.0
HSN,50 - 54,39.98,39.98,30.0,0.0,VF CABLEMAX     ,0.0
KBW,45 - 49,39.98,39.98,30.0,0.0,VF CABLEMAX     ,0.0
NRW,40 - 44,47.98,47.98,30.0,0.0,2PLAY PLUS       ,0.0
KBW,40 - 44,68.96,47.96,30.0,0.0,VF RIP U-TREUE  ,0.0
HSN,70 - 74,54.97,34.99,30.0,0.0,RED INTERNET & PHONE CABLE U ,1.0
NRW,25 - 29,34.99,34.99,30.0,0.0,RED INTERNET & PHONE CABLE U ,1.0
NRW,80 and over,34.99,34.99,30.0,0.0,RED INTERNET & PHONE CABLE U ,0.0
NRW,40 - 44,37.99,37.99,30.0,0.0,VF RIP U-TREUE  ,0.0
KBW,25 - 29,34.99,34.99,30.0,0.0,RED INTERNET & PHONE CABLE U ,1.0
KBW,55 - 59,44.98,24.99,30.0,0.0,RED INTERNET & PHONE CABLE U ,1.0
KBW,75 - 79,39.99,39.99,30.0,0.0,VF RIP U-TREUE  ,1.0
KBW,60 - 64,29.99,29.99,30.0,0.0,RED INTERNET & PHONE CABLE U ,0.0
NRW,55 - 59,49.97,49.97,30.0,0.0,VF CABLEMAX     ,1.0
NRW,30 - 34,39.99,39.99,30.0,0.0,RED INTERNET & PHONE CABLE U ,1.0
KBW,65 - 69,61.96,42.98,30.0,0.0,VF RIP U-TREUE  ,0.0
KBW,50 - 54,39.99,39.99,30.0,0.0,RED INTERNET & PHONE CABLE U ,1.0
KBW,45 - 49,49.99,49.99,30.0,0.0,RED INTERNET & PHONE CABLE U ,0.0
NRW,35 - 39,49.99,49.99,30.0,0.0,RED INTERNET & PHONE CABLE U ,1.0
NRW,70 - 74,24.99,24.99,30.0,0.0,INTERNET COMFORT     ,1.0
NRW,35 - 39,34.99,34.99,30.0,0.0,RED INTERNET & PHONE CABLE U ,1.0
NRW,40 - 44,56.96,42.98,30.0,0.0,VF RIP U-TREUE  ,0.0
HSN,45 - 49,50.87,50.88,30.0,0.0,3PLAY FLY      ,1.0
NRW,40 - 44,44.98,44.98,30.0,0.0,VF CABLEMAX     ,1.0
HSN,55 - 59,72.96,42.98,30.0,0.0,VF RIP U-TREUE  ,1.0
NRW,30 - 34,34.99,34.99,30.0,0.0,RED INTERNET & PHONE CABLE U ,1.0
NRW,50 - 54,57.96,47.97,30.0,0.0,GIGAZUHAUSE KABEL ,1.0
NRW,40 - 44,55.96,42.98,30.0,0.0,2PLAY PLUS       ,0.0
NRW,50 - 54,24.99,24.99,30.0,0.0,INTERNET COMFORT     ,1.0
KBW,25 - 29,54.99,54.99,30.0,0.0,RED INTERNET & PHONE CABLE U ,1.0
NRW,50 - 54,44.97,44.97,30.0,0.0,VF CABLEMAX     ,1.0
NRW,35 - 39,17.99,17.99,30.0,0.0,EAZY FLEX    ,1.0
KBW,25 - 29,44.98,44.98,30.0,0.0,RED INTERNET & PHONE CABLE U ,1.0
NRW,40 - 44,42.98,42.98,30.0,0.0,VF RIP U-TREUE  ,0.0
NRW,40 - 44,49.97,49.97,30.0,0.0,VF CABLEMAX     ,1.0
KBW,25 - 29,39.99,39.99,30.0,0.0,RED INTERNET & PHONE CABLE U ,1.0
NRW,50 - 54,49.98,49.98,30.0,0.0,3PLAY PLUS       ,1.0
HSN,65 - 69,24.98,24.98,30.0,0.0,INTERNET COMFORT     ,0.0
KBW,70 - 74,32.97,32.97,30.0,0.0,2PLAY TREUE      ,1.0
KBW,30 - 34,44.98,44.98,30.0,0.0,VF CABLEMAX     ,1.0
NRW,30 - 34,49.99,49.99,30.0,0.0,GIGAZUHAUSE KABEL ,0.0
HSN,45 - 49,29.99,29.99,30.0,0.0,VF RIP U-TREUE  ,1.0
NRW,35 - 39,30.9,30.9,30.0,0.0,RED INTERNET & PHONE CABLE U ,1.0
NRW,55 - 59,34.99,34.99,30.0,0.0,RED INTERNET & PHONE CABLE U ,0.0
NRW,60 - 64,34.99,34.99,30.0,0.0,RED INTERNET & PHONE CABLE U ,1.0
KBW,50 - 54,44.98,44.98,30.0,0.0,VF CABLEMAX     ,1.0
HSN,80 and over,0.0,0.0,30.0,0.0,MMA        ,0.0
NRW,50 - 54,39.99,39.99,30.0,0.0,RED INTERNET & PHONE CABLE U ,0.0
NRW,70 - 74,42.97,42.97,30.0,0.0,2PLAY PLUS       ,0.0
NRW,35 - 39,39.97,39.97,30.0,0.0,VF CABLEMAX     ,0.0
KBW,25 - 29,44.98,44.98,30.0,0.0,RED INTERNET & PHONE CABLE U ,1.0
NRW,60 - 64,52.96,52.96,30.0,0.0,VF CABLEMAX     ,0.0
NRW,25 - 29,44.98,44.98,30.0,0.0,RED INTERNET & PHONE CABLE U ,1.0
KBW,40 - 44,32.99,32.99,30.0,0.0,VF RIP U-TREUE  ,1.0
NRW,80 and over,34.99,34.99,30.0,0.0,RED INTERNET & PHONE CABLE U ,0.0
KBW,70 - 74,74.96,39.99,30.0,0.0,VF RIP U-TREUE  ,0.0
NRW,60 - 64,49.97,49.97,30.0,0.0,VF CABLEMAX     ,0.0
KBW,35 - 39,39.99,39.99,30.0,0.0,RED INTERNET & PHONE CABLE U ,1.0
NRW,30 - 34,24.99,24.99,30.0,0.0,INTERNET COMFORT     ,0.0
KBW,60 - 64,50.33,37.97,30.0,0.0,VF RIP U-TREUE  ,1.0
KBW,25 - 29,44.97,44.97,30.0,0.0,VF CABLEMAX     ,0.0
NRW,45 - 49,54.98,54.98,30.0,0.0,RED INTERNET & PHONE CABLE U ,1.0
NRW,30 - 34,44.98,44.98,30.0,0.0,RED INTERNET & PHONE CABLE U ,1.0
HSN,50 - 54,69.96,44.98,30.0,0.0,VF CABLEMAX     ,0.0
NRW,35 - 39,34.99,34.99,30.0,0.0,RED INTERNET & PHONE CABLE U ,1.0
NRW,30 - 34,48.97,48.97,30.0,0.0,RED INTERNET & PHONE CABLE U ,0.0
NRW,30 - 34,42.97,42.97,30.0,0.0,RED INTERNET & PHONE CABLE U ,0.0
NRW,25 - 29,39.98,39.98,30.0,0.0,RED INTERNET & PHONE CABLE U ,1.0
HSN,45 - 49,70.98,49.99,30.0,0.0,RED INTERNET & PHONE CABLE U ,0.0
KBW,30 - 34,34.99,34.99,30.0,0.0,RED INTERNET & PHONE CABLE U ,0.0
KBW,55 - 59,64.97,39.99,30.0,0.0,RED INTERNET & PHONE CABLE U ,1.0
KBW,60 - 64,78.97,57.97,30.0,0.0,RED INTERNET & PHONE CABLE U ,0.0
KBW,80 and over,51.94,30.95,30.0,0.0,RED INTERNET & PHONE CABLE U ,0.0
KBW,60 - 64,49.97,49.97,30.0,0.0,VF CABLEMAX     ,0.0
NRW,25 - 29,34.99,34.99,30.0,0.0,RED INTERNET & PHONE CABLE U ,1.0
HSN,40 - 44,34.99,34.99,30.0,0.0,RED INTERNET & PHONE CABLE U ,0.0
KBW,55 - 59,34.99,34.99,30.0,0.0,RED INTERNET & PHONE CABLE U ,1.0
KBW,35 - 39,34.99,34.99,30.0,0.0,RED INTERNET & PHONE CABLE U ,1.0
KBW,25 - 29,34.99,34.99,30.0,0.0,RED INTERNET & PHONE CABLE U ,0.0
NRW,80 and over,47.98,37.99,30.0,0.0,VF RIP U-TREUE  ,0.0
KBW,55 - 59,34.99,34.99,30.0,0.0,RED INTERNET & PHONE CABLE U ,0.0
NRW,50 - 54,44.98,44.98,30.0,0.0,VF CABLEMAX     ,1.0
NRW,50 - 54,44.98,44.98,30.0,0.0,VF CABLEMAX     ,1.0
NRW,25 - 29,34.99,34.99,30.0,0.0,RED INTERNET & PHONE CABLE U ,1.0
NRW,35 - 39,34.99,34.99,30.0,0.0,VF RIP U-TREUE  ,0.0
NRW,30 - 34,65.97,44.98,30.0,0.0,VF CABLEMAX     ,1.0
KBW,80 and over,49.97,49.97,30.0,0.0,VF CABLEMAX     ,0.0
KBW,70 - 74,46.96,39.98,30.0,0.0,VF CABLEMAX     ,1.0
NRW,35 - 39,44.98,44.98,30.0,0.0,VF CABLEMAX     ,0.0
NRW,80 and over,43.98,43.98,30.0,0.0,RED INTERNET & PHONE CABLE U ,1.0
NRW,40 - 44,44.98,44.98,30.0,0.0,VF CABLEMAX     ,1.0
NRW,40 - 44,44.98,44.98,30.0,0.0,VF CABLEMAX     ,0.0
KBW,55 - 59,79.95,44.98,30.0,0.0,VF CABLEMAX     ,1.0
KBW,55 - 59,44.98,44.98,30.0,0.0,VF CABLEMAX     ,0.0
KBW,45 - 49,44.98,44.98,30.0,0.0,RED INTERNET & PHONE CABLE U ,0.0
HSN,55 - 59,74.95,44.98,30.0,0.0,RED INTERNET & PHONE CABLE U ,1.0
KBW,50 - 54,72.95,47.96,30.0,0.0,VF CABLEMAX     ,0.0
KBW,60 - 64,49.99,49.99,30.0,0.0,VF RIP U-TREUE  ,0.0
NRW,45 - 49,37.98,37.98,30.0,0.0,VF RIP U-TREUE  ,1.0
NRW,55 - 59,72.96,44.98,30.0,0.0,RED INTERNET & PHONE CABLE U ,1.0
NRW,60 - 64,39.99,39.99,30.0,0.0,RED INTERNET & PHONE CABLE U ,1.0
NRW,50 - 54,49.97,49.97,30.0,0.0,VF CABLEMAX     ,1.0
NRW,18 - 24,42.97,42.97,30.0,0.0,RED INTERNET & PHONE CABLE U ,0.0
NRW,18 - 24,44.98,44.98,30.0,0.0,VF CABLEMAX     ,0.0
NRW,35 - 39,44.98,44.98,30.0,0.0,RED INTERNET & PHONE CABLE U ,1.0
KBW,45 - 49,44.98,44.98,30.0,0.0,VF CABLEMAX     ,1.0
HSN,55 - 59,73.95,39.99,30.0,0.0,VF RIP U-TREUE  ,0.0
KBW,45 - 49,32.99,32.99,30.0,0.0,VF RIP U-TREUE  ,1.0
KBW,35 - 39,59.98,39.99,30.0,0.0,RED INTERNET & PHONE CABLE U ,1.0
KBW,70 - 74,75.97,54.98,30.0,0.0,RED INTERNET & PHONE CABLE U ,0.0
NRW,65 - 69,55.97,34.99,30.0,0.0,VF RIP U-TREUE  ,1.0
HSN,45 - 49,44.98,44.98,30.0,0.0,VF CABLEMAX     ,0.0
KBW,25 - 29,44.98,44.98,30.0,0.0,VF CABLEMAX     ,0.0
NRW,60 - 64,37.97,37.97,30.0,0.0,RED INTERNET & PHONE CABLE U ,0.0
NRW,35 - 39,39.99,39.99,30.0,0.0,RED INTERNET & PHONE CABLE U ,1.0
KBW,55 - 59,70.98,49.99,30.0,0.0,RED INTERNET & PHONE CABLE U ,1.0
NRW,30 - 34,39.98,39.98,30.0,0.0,VF CABLEMAX     ,0.0
NRW,18 - 24,34.99,34.99,30.0,0.0,RED INTERNET & PHONE CABLE U ,0.0
KBW,40 - 44,34.99,34.99,30.0,0.0,RED INTERNET & PHONE CABLE U ,0.0
NRW,45 - 49,44.99,44.99,30.0,0.0,GIGAZUHAUSE KABEL ,1.0
NRW,40 - 44,43.98,43.98,30.0,0.0,VF RIP U-TREUE  ,0.0
KBW,60 - 64,49.99,49.99,30.0,0.0,GIGAZUHAUSE KABEL ,0.0
KBW,35 - 39,44.99,44.99,0.0,0.0,GIGAZUHAUSE KABEL ,1.0
KBW,30 - 34,44.98,44.98,30.0,0.0,RED INTERNET & PHONE CABLE U ,0.0
NRW,40 - 44,32.99,32.99,30.0,0.0,VF RIP U-TREUE  ,1.0
NRW,65 - 69,37.98,37.98,30.0,0.0,VF RIP U-TREUE  ,0.0
KBW,30 - 34,44.98,44.98,30.0,0.0,VF CABLEMAX     ,1.0
KBW,65 - 69,49.97,24.99,30.0,0.0,VF RIP U-TREUE  ,0.0
NRW,60 - 64,42.97,42.97,30.0,0.0,2PLAY TREUE      ,0.0
KBW,80 and over,34.99,34.99,30.0,0.0,RED INTERNET & PHONE CABLE U ,0.0
NRW,80 and over,34.99,34.99,30.0,0.0,RED INTERNET & PHONE CABLE U ,1.0
KBW,35 - 39,29.99,29.99,30.0,0.0,VF RIP U-TREUE  ,1.0
KBW,55 - 59,44.99,44.99,30.0,0.0,GIGAZUHAUSE KABEL ,0.0
HSN,35 - 39,29.99,29.99,30.0,0.0,VF RIP U-TREUE  ,0.0
NRW,40 - 44,44.98,44.98,30.0,0.0,VF CABLEMAX     ,0.0
KBW,40 - 44,44.98,44.98,30.0,0.0,RED INTERNET & PHONE CABLE U ,1.0
KBW,50 - 54,39.98,39.98,30.0,0.0,VF RIP U-TREUE  ,0.0
NRW,55 - 59,54.96,44.96,30.0,0.0,VF CABLEMAX     ,1.0
HSN,30 - 34,34.99,34.99,30.0,0.0,RED INTERNET & PHONE CABLE U ,1.0
NRW,35 - 39,34.99,34.99,30.0,0.0,RED INTERNET & PHONE CABLE U ,1.0
NRW,25 - 29,44.98,44.98,30.0,0.0,RED INTERNET & PHONE CABLE U ,1.0
KBW,80 and over,67.95,42.97,30.0,0.0,RED INTERNET & PHONE CABLE U ,0.0
NRW,25 - 29,44.98,44.98,30.0,0.0,VF CABLEMAX     ,1.0
HSN,55 - 59,39.97,39.98,30.0,0.0,VF CABLEMAX     ,1.0
KBW,25 - 29,39.98,39.98,30.0,0.0,VF RIP U-TREUE  ,0.0
NRW,55 - 59,49.97,44.98,30.0,0.0,VF CABLEMAX     ,0.0
KBW,40 - 44,49.99,49.99,30.0,0.0,RED INTERNET & PHONE CABLE U ,1.0
KBW,80 and over,51.96,81.96,30.0,0.0,RED INTERNET & PHONE CABLE U ,0.0
NRW,50 - 54,34.99,34.99,30.0,0.0,RED INTERNET & PHONE CABLE U ,1.0
KBW,25 - 29,58.98,58.98,30.0,0.0,RED INTERNET & PHONE CABLE U ,1.0
KBW,25 - 29,44.98,44.98,30.0,0.0,VF CABLEMAX     ,1.0
NRW,65 - 69,29.99,29.99,30.0,0.0,RED INTERNET & PHONE CABLE U ,1.0
NRW,60 - 64,34.99,34.99,30.0,0.0,RED INTERNET & PHONE CABLE U ,0.0
NRW,35 - 39,47.99,47.99,30.0,0.0,VF RIP U-TREUE  ,1.0
NRW,45 - 49,47.99,47.99,30.0,0.0,VF RIP U-TREUE  ,0.0
NRW,60 - 64,58.99,58.99,30.0,0.0,RED INTERNET & PHONE CABLE U ,1.0
NRW,35 - 39,34.99,34.99,30.0,0.0,RED INTERNET & PHONE CABLE U ,0.0
NRW,55 - 59,44.98,44.98,30.0,0.0,RED INTERNET & PHONE CABLE U ,0.0
KBW,45 - 49,37.98,37.98,30.0,0.0,VF RIP U-TREUE  ,0.0
NRW,30 - 34,44.98,44.98,30.0,0.0,VF CABLEMAX     ,1.0
KBW,55 - 59,59.97,29.99,30.0,0.0,VF RIP U-TREUE  ,0.0
NRW,25 - 29,39.98,39.98,30.0,0.0,RED INTERNET & PHONE CABLE U ,1.0
NRW,40 - 44,54.99,54.99,30.0,0.0,RED INTERNET & PHONE CABLE U ,1.0
HSN,45 - 49,49.99,49.99,30.0,0.0,RED INTERNET & PHONE CABLE U ,1.0
HSN,35 - 39,44.98,44.98,30.0,0.0,RED INTERNET & PHONE CABLE U ,1.0
KBW,35 - 39,55.98,34.98,30.0,0.0,VF RIP U-TREUE  ,0.0
NRW,25 - 29,39.98,39.98,30.0,0.0,RED INTERNET & PHONE CABLE U ,1.0
HSN,55 - 59,49.99,49.99,30.0,0.0,RED INTERNET & PHONE CABLE U ,0.0
KBW,30 - 34,39.99,39.99,30.0,0.0,RED INTERNET & PHONE CABLE U ,0.0
HSN,60 - 64,39.99,39.99,30.0,0.0,RED INTERNET & PHONE CABLE U ,1.0
HSN,60 - 64,44.98,44.98,30.0,0.0,3PLAY TREUE      ,0.0
HSN,50 - 54,54.99,54.99,30.0,0.0,RED INTERNET & PHONE CABLE U ,0.0
NRW,30 - 34,34.99,34.99,30.0,0.0,RED INTERNET & PHONE CABLE U ,0.0
HSN,40 - 44,48.97,48.97,30.0,0.0,VF CABLEMAX     ,1.0
NRW,65 - 69,54.99,54.99,30.0,0.0,RED INTERNET & PHONE CABLE U ,1.0
KBW,60 - 64,58.98,58.98,30.0,0.0,RED INTERNET & PHONE CABLE U ,1.0
KBW,80 and over,39.99,39.99,30.0,0.0,RED INTERNET & PHONE CABLE U ,0.0
KBW,55 - 59,39.98,39.98,30.0,0.0,VF CABLEMAX     ,1.0
KBW,45 - 49,39.99,39.99,30.0,0.0,RED INTERNET & PHONE CABLE U ,1.0
KBW,55 - 59,44.97,44.97,30.0,0.0,GIGAZUHAUSE KABEL ,0.0
KBW,65 - 69,44.98,34.99,30.0,0.0,VF RIP U-TREUE  ,1.0
NRW,25 - 29,44.98,44.98,30.0,0.0,RED INTERNET & PHONE CABLE U ,1.0
NRW,60 - 64,30.88,30.88,30.0,0.0,RED INTERNET & PHONE CABLE U ,0.0
NRW,80 and over,24.99,24.99,30.0,0.0,INTERNET COMFORT     ,0.0
KBW,60 - 64,63.98,63.98,30.0,0.0,RED INTERNET & PHONE CABLE U ,0.0
HSN,35 - 39,29.99,29.99,30.0,0.0,VF RIP U-TREUE  ,0.0
NRW,40 - 44,33.98,33.98,30.0,0.0,VF RIP U-TREUE  ,0.0
KBW,55 - 59,62.98,62.99,241.0,0.0,GIGAZUHAUSE KABEL ,0.0
NRW,25 - 29,48.97,48.97,30.0,0.0,VF CABLEMAX     ,0.0
HSN,80 and over,39.99,39.99,30.0,0.0,RED INTERNET & PHONE CABLE U ,1.0
NRW,50 - 54,55.97,44.98,30.0,0.0,VF CABLEMAX     ,0.0
HSN,35 - 39,39.99,39.99,30.0,0.0,RED INTERNET & PHONE CABLE U ,1.0
NRW,70 - 74,44.98,44.98,30.0,0.0,VF CABLEMAX     ,1.0
NRW,70 - 74,49.97,49.97,30.0,0.0,RED INTERNET & PHONE CABLE U ,1.0
KBW,55 - 59,39.99,39.99,30.0,0.0,VF RIP U-TREUE  ,0.0
KBW,35 - 39,44.98,44.98,30.0,0.0,RED INTERNET & PHONE CABLE U ,0.0
KBW,60 - 64,69.96,48.97,30.0,0.0,VF CABLEMAX     ,0.0
NRW,35 - 39,54.99,54.99,30.0,0.0,RED INTERNET & PHONE CABLE U ,1.0
KBW,45 - 49,42.98,42.98,30.0,0.0,VF RIP U-TREUE  ,1.0
NRW,35 - 39,39.99,39.99,30.0,0.0,RED INTERNET & PHONE CABLE U ,0.0
NRW,40 - 44,49.99,49.99,30.0,0.0,RED INTERNET & PHONE CABLE U ,0.0
KBW,25 - 29,44.98,44.98,30.0,0.0,RED INTERNET & PHONE CABLE U ,1.0
NRW,65 - 69,64.94,44.98,30.0,0.0,VF RIP U-TREUE  ,0.0
NRW,60 - 64,25.0,25.0,30.0,0.0,RED INTERNET & PHONE CABLE U ,0.0
NRW,75 - 79,44.98,44.98,30.0,0.0,VF CABLEMAX     ,1.0
NRW,50 - 54,42.98,42.98,30.0,0.0,VF RIP U-TREUE  ,1.0
KBW,80 and over,39.99,39.99,30.0,0.0,RED INTERNET & PHONE CABLE U ,1.0
NRW,35 - 39,49.99,49.99,30.0,0.0,RED INTERNET & PHONE CABLE U ,1.0
KBW,40 - 44,54.99,54.99,30.0,0.0,RED INTERNET & PHONE CABLE U ,0.0
KBW,60 - 64,48.98,48.98,30.0,0.0,VF CABLEMAX     ,1.0
KBW,40 - 44,44.98,44.98,30.0,0.0,RED INTERNET & PHONE CABLE U ,1.0
NRW,30 - 34,34.99,34.99,30.0,0.0,RED INTERNET & PHONE CABLE U ,0.0
KBW,45 - 49,44.98,44.98,30.0,0.0,VF CABLEMAX     ,1.0
NRW,30 - 34,34.99,34.99,30.0,0.0,RED INTERNET & PHONE CABLE U ,1.0
NRW,40 - 44,29.99,29.99,30.0,0.0,VF RIP U-TREUE  ,0.0
KBW,25 - 29,39.99,39.99,30.0,0.0,VF RIP U-TREUE  ,1.0
NRW,30 - 34,24.98,24.98,77.0,0.0,RED INTERNET & PHONE CABLE U ,1.0
NRW,75 - 79,39.99,39.99,30.0,0.0,RED INTERNET & PHONE CABLE U ,1.0
HSN,60 - 64,39.99,39.99,30.0,0.0,RED INTERNET & PHONE CABLE U ,0.0
NRW,80 and over,34.99,34.99,30.0,0.0,RED INTERNET & PHONE CABLE U ,0.0
NRW,25 - 29,44.98,44.98,30.0,0.0,RED INTERNET & PHONE CABLE U ,1.0
HSN,75 - 79,49.97,49.97,30.0,0.0,RED INTERNET & PHONE CABLE U ,0.0
NRW,30 - 34,24.99,24.99,30.0,0.0,INTERNET COMFORT     ,0.0
KBW,55 - 59,49.97,49.97,30.0,0.0,VF CABLEMAX     ,0.0
NRW,30 - 34,32.99,32.99,30.0,0.0,VF RIP U-TREUE  ,1.0
KBW,30 - 34,49.99,49.99,30.0,0.0,RED INTERNET & PHONE CABLE U ,1.0
NRW,60 - 64,42.98,42.98,30.0,0.0,2PLAY PLUS       ,1.0
HSN,25 - 29,34.99,34.99,30.0,0.0,RED INTERNET & PHONE CABLE U ,0.0
NRW,70 - 74,29.99,29.99,30.0,0.0,VF RIP U-TREUE  ,0.0
KBW,60 - 64,34.99,34.99,30.0,0.0,VF RIP U-TREUE  ,0.0
NRW,35 - 39,29.99,29.99,30.0,0.0,INTERNET PREMIUM     ,0.0
NRW,60 - 64,44.98,44.98,30.0,0.0,RED INTERNET & PHONE CABLE U ,0.0
HSN,25 - 29,39.98,39.98,30.0,0.0,VF CABLEMAX     ,0.0
NRW,60 - 64,37.98,37.98,30.0,0.0,VF RIP U-TREUE  ,0.0
NRW,60 - 64,44.98,44.98,30.0,0.0,VF CABLEMAX     ,0.0
NRW,55 - 59,44.98,44.98,30.0,0.0,VF CABLEMAX     ,0.0
KBW,18 - 24,44.98,44.98,30.0,0.0,RED INTERNET & PHONE CABLE U ,1.0
NRW,30 - 34,39.99,39.99,30.0,0.0,RED INTERNET & PHONE CABLE U ,1.0
KBW,30 - 34,44.98,44.98,30.0,0.0,VF CABLEMAX     ,0.0
KBW,60 - 64,37.99,37.99,30.0,0.0,VF RIP U-TREUE  ,0.0
NRW,30 - 34,44.98,44.98,30.0,0.0,RED INTERNET & PHONE CABLE U ,1.0
KBW,80 and over,60.98,39.99,30.0,0.0,VF RIP U-TREUE  ,0.0
NRW,70 - 74,34.99,34.99,30.0,0.0,RED INTERNET & PHONE CABLE U ,1.0
NRW,35 - 39,29.99,29.99,30.0,0.0,INTERNET PREMIUM     ,0.0
KBW,30 - 34,39.99,39.99,30.0,0.0,RED INTERNET & PHONE CABLE U ,1.0
NRW,65 - 69,39.99,39.99,30.0,0.0,VF RIP U-TREUE  ,1.0
KBW,70 - 74,44.98,44.98,30.0,0.0,RED INTERNET & PHONE CABLE U ,1.0
KBW,50 - 54,70.97,49.99,30.0,0.0,VF RIP U-TREUE  ,1.0
HSN,45 - 49,39.99,39.99,30.0,0.0,RED INTERNET & PHONE CABLE U ,0.0
NRW,45 - 49,19.99,19.99,30.0,0.0,EAZY       ,0.0
NRW,30 - 34,39.99,39.99,30.0,0.0,RED INTERNET & PHONE CABLE U ,0.0
NRW,40 - 44,44.98,44.98,30.0,0.0,VF CABLEMAX     ,1.0
NRW,60 - 64,27.99,27.99,30.0,0.0,RED INTERNET & PHONE CABLE U ,1.0
KBW,55 - 59,39.98,39.98,30.0,0.0,VF CABLEMAX     ,1.0
NRW,35 - 39,34.99,34.99,30.0,0.0,RED INTERNET & PHONE CABLE U ,0.0
NRW,55 - 59,63.96,42.98,30.0,0.0,VF RIP U-TREUE  ,1.0
HSN,35 - 39,42.97,42.97,30.0,0.0,RED INTERNET & PHONE CABLE U ,1.0
NRW,25 - 29,39.99,39.99,30.0,0.0,RED INTERNET & PHONE CABLE U ,1.0
KBW,30 - 34,34.99,34.99,30.0,0.0,RED INTERNET & PHONE CABLE U ,1.0
KBW,40 - 44,44.98,44.98,30.0,0.0,VF CABLEMAX     ,1.0
NRW,60 - 64,44.98,44.98,30.0,0.0,RED INTERNET & PHONE CABLE U ,1.0
HSN,25 - 29,39.98,39.98,30.0,0.0,RED INTERNET & PHONE CABLE U ,1.0
NRW,45 - 49,44.98,44.98,30.0,0.0,VF CABLEMAX     ,0.0
KBW,65 - 69,64.97,64.98,30.0,0.0,2PLAY FLY      ,0.0
NRW,25 - 29,34.99,34.99,30.0,0.0,RED INTERNET & PHONE CABLE U ,1.0
KBW,45 - 49,59.99,59.99,30.0,0.0,3PLAY FLY      ,1.0
NRW,30 - 34,39.98,39.98,30.0,0.0,RED INTERNET & PHONE CABLE U ,1.0
KBW,45 - 49,63.97,42.99,30.0,0.0,VF RIP U-TREUE  ,1.0
KBW,30 - 34,44.98,44.98,30.0,0.0,VF CABLEMAX     ,1.0
NRW,25 - 29,44.98,44.98,30.0,0.0,RED INTERNET & PHONE CABLE U ,1.0
NRW,35 - 39,24.99,24.99,30.0,0.0,INTERNET COMFORT     ,0.0
KBW,25 - 29,47.99,47.99,30.0,0.0,VF RIP U-TREUE  ,1.0
HSN,40 - 44,57.97,44.98,30.0,0.0,VF CABLEMAX     ,0.0
NRW,40 - 44,49.99,49.99,30.0,0.0,GIGAZUHAUSE KABEL ,1.0
NRW,40 - 44,48.97,48.97,30.0,0.0,VF CABLEMAX     ,0.0
KBW,45 - 49,39.99,39.99,30.0,0.0,VF RIP U-TREUE  ,1.0
KBW,30 - 34,34.99,34.99,30.0,0.0,RED INTERNET & PHONE CABLE U ,0.0
NRW,35 - 39,44.98,44.98,30.0,0.0,VF CABLEMAX     ,0.0
HSN,55 - 59,42.98,42.98,30.0,0.0,VF RIP U-TREUE  ,0.0
NRW,45 - 49,39.98,39.98,30.0,0.0,RED INTERNET & PHONE CABLE U ,1.0
NRW,30 - 34,79.95,44.98,30.0,0.0,VF CABLEMAX     ,1.0
NRW,70 - 74,42.97,42.97,30.0,0.0,RED INTERNET & PHONE CABLE U ,0.0
NRW,80 and over,34.99,34.99,30.0,0.0,RED INTERNET & PHONE CABLE U ,0.0
KBW,55 - 59,54.99,54.99,30.0,0.0,RED INTERNET & PHONE CABLE U ,1.0
KBW,25 - 29,39.99,39.99,30.0,0.0,RED INTERNET & PHONE CABLE U ,0.0
KBW,65 - 69,39.99,39.99,30.0,0.0,RED INTERNET & PHONE CABLE U ,0.0
KBW,18 - 24,44.98,44.98,30.0,0.0,RED INTERNET & PHONE CABLE U ,0.0
KBW,50 - 54,49.99,49.99,30.0,0.0,GIGAZUHAUSE KABEL ,1.0
HSN,45 - 49,34.99,34.99,30.0,0.0,RED INTERNET & PHONE CABLE U ,0.0
KBW,50 - 54,72.96,42.98,30.0,0.0,VF RIP U-TREUE  ,1.0
NRW,70 - 74,62.98,37.99,30.0,0.0,VF RIP U-TREUE  ,0.0
KBW,40 - 44,39.98,39.98,73.0,0.0,VF CABLEMAX     ,1.0
KBW,30 - 34,39.99,39.99,30.0,0.0,RED INTERNET & PHONE CABLE U ,1.0
KBW,40 - 44,49.99,49.99,30.0,0.0,RED INTERNET & PHONE CABLE U ,0.0
NRW,30 - 34,44.98,44.98,30.0,0.0,VF CABLEMAX     ,0.0
NRW,50 - 54,44.98,44.98,30.0,0.0,VF CABLEMAX     ,0.0
HSN,55 - 59,64.96,44.98,30.0,0.0,VF CABLEMAX     ,1.0
HSN,55 - 59,44.97,44.97,30.0,0.0,RED INTERNET & PHONE CABLE U ,0.0
KBW,55 - 59,42.98,42.98,30.0,0.0,VF RIP U-TREUE  ,1.0
NRW,40 - 44,39.98,39.98,214.0,0.0,GIGAZUHAUSE KABEL ,0.0
KBW,55 - 59,32.99,32.99,30.0,0.0,VF RIP U-TREUE  ,1.0
KBW,70 - 74,60.84,39.84,30.0,0.0,3PLAY PLUS       ,0.0
KBW,55 - 59,39.98,39.98,30.0,0.0,VF CABLEMAX     ,1.0
HSN,40 - 44,42.99,42.99,30.0,0.0,VF RIP U-TREUE  ,1.0
HSN,80 and over,49.96,49.97,30.0,0.0,VF CABLEMAX     ,0.0
HSN,35 - 39,24.99,24.99,30.0,0.0,RED INTERNET & PHONE CABLE U ,1.0
NRW,35 - 39,34.99,34.99,30.0,0.0,RED INTERNET & PHONE CABLE U ,0.0
HSN,65 - 69,30.95,30.95,30.0,0.0,RED INTERNET & PHONE CABLE U ,1.0
KBW,65 - 69,39.98,39.98,30.0,0.0,RED INTERNET & PHONE CABLE U ,0.0
NRW,18 - 24,49.97,39.98,30.0,0.0,VF CABLEMAX     ,1.0
KBW,50 - 54,37.99,37.99,30.0,0.0,VF RIP U-TREUE  ,1.0
KBW,35 - 39,49.97,49.97,30.0,0.0,VF CABLEMAX     ,1.0
HSN,35 - 39,34.99,34.99,30.0,0.0,RED INTERNET & PHONE CABLE U ,1.0
KBW,60 - 64,29.99,29.99,30.0,0.0,RED INTERNET & PHONE CABLE U ,0.0
NRW,45 - 49,65.97,44.98,30.0,0.0,VF CABLEMAX     ,1.0
NRW,40 - 44,34.99,34.99,30.0,0.0,RED INTERNET & PHONE CABLE U ,1.0
NRW,35 - 39,54.99,54.99,30.0,0.0,RED INTERNET & PHONE CABLE U ,0.0
NRW,65 - 69,54.98,54.98,30.0,0.0,RED INTERNET & PHONE CABLE U ,0.0
NRW,60 - 64,49.97,29.99,30.0,0.0,VF RIP U-TREUE  ,0.0
KBW,55 - 59,44.97,44.97,30.0,0.0,RED INTERNET & PHONE CABLE U ,1.0
KBW,30 - 34,49.97,49.97,30.0,0.0,VF CABLEMAX     ,0.0
KBW,40 - 44,34.99,34.99,30.0,0.0,RED INTERNET & PHONE CABLE U ,0.0
KBW,50 - 54,49.99,49.99,30.0,0.0,GIGAZUHAUSE KABEL ,0.0
NRW,30 - 34,44.98,44.98,30.0,0.0,RED INTERNET & PHONE CABLE U ,1.0
KBW,35 - 39,29.99,29.99,30.0,0.0,VF RIP U-TREUE  ,0.0
NRW,30 - 34,29.99,29.99,30.0,0.0,INTERNET PREMIUM     ,0.0
KBW,65 - 69,27.99,27.99,30.0,0.0,VF RIP U-TREUE  ,0.0
KBW,30 - 34,34.99,34.99,30.0,0.0,RED INTERNET & PHONE CABLE U ,1.0
NRW,65 - 69,39.99,39.99,30.0,0.0,RED INTERNET & PHONE CABLE U ,1.0
NRW,25 - 29,42.97,42.97,30.0,0.0,RED INTERNET & PHONE CABLE U ,1.0
KBW,30 - 34,39.99,39.99,30.0,0.0,RED INTERNET & PHONE CABLE U ,0.0
NRW,35 - 39,44.98,44.98,30.0,0.0,VF CABLEMAX     ,1.0
KBW,40 - 44,44.98,44.98,30.0,0.0,VF CABLEMAX     ,0.0
KBW,45 - 49,39.99,39.99,30.0,0.0,RED INTERNET & PHONE CABLE U ,1.0
NRW,55 - 59,44.98,44.98,30.0,0.0,VF CABLEMAX     ,0.0
KBW,40 - 44,44.98,44.98,30.0,0.0,VF CABLEMAX     ,1.0
HSN,60 - 64,39.98,39.98,30.0,0.0,VF CABLEMAX     ,0.0
KBW,50 - 54,39.98,39.98,30.0,0.0,VF RIP U-TREUE  ,1.0
NRW,70 - 74,39.98,39.98,30.0,0.0,VF CABLEMAX     ,1.0
KBW,25 - 29,44.98,44.98,30.0,0.0,RED INTERNET & PHONE CABLE U ,1.0
KBW,55 - 59,49.97,44.97,30.0,0.0,VF CABLEMAX     ,0.0
HSN,40 - 44,44.98,44.98,30.0,0.0,RED INTERNET & PHONE CABLE U ,1.0
NRW,60 - 64,63.98,63.98,30.0,0.0,RED INTERNET & PHONE CABLE U ,1.0
NRW,35 - 39,44.98,44.98,30.0,0.0,VF CABLEMAX     ,1.0
NRW,65 - 69,42.97,42.97,30.0,0.0,RED INTERNET & PHONE CABLE U ,0.0
NRW,30 - 34,34.99,34.99,60.0,0.0,RED INTERNET & PHONE CABLE U ,1.0
KBW,60 - 64,49.97,49.97,30.0,0.0,VF CABLEMAX     ,1.0
NRW,60 - 64,39.98,39.98,30.0,0.0,GIGAZUHAUSE KABEL ,1.0
KBW,45 - 49,32.99,32.99,30.0,0.0,VF RIP U-TREUE  ,0.0
KBW,70 - 74,49.99,49.99,30.0,0.0,RED INTERNET & PHONE CABLE U ,1.0
NRW,45 - 49,44.98,44.98,30.0,0.0,VF CABLEMAX     ,0.0
KBW,40 - 44,34.99,34.99,30.0,0.0,RED INTERNET & PHONE CABLE U ,0.0
KBW,60 - 64,34.99,34.99,30.0,0.0,RED INTERNET & PHONE CABLE U ,0.0
NRW,40 - 44,42.98,42.98,30.0,0.0,VF RIP U-TREUE  ,0.0
HSN,65 - 69,55.97,37.99,30.0,0.0,VF RIP U-TREUE  ,1.0
KBW,75 - 79,58.98,58.98,30.0,0.0,RED INTERNET & PHONE CABLE U ,1.0
KBW,25 - 29,29.99,29.99,30.0,0.0,INTERNET PREMIUM     ,1.0
KBW,35 - 39,49.99,49.99,30.0,0.0,RED INTERNET & PHONE CABLE U ,0.0
NRW,25 - 29,54.98,54.98,30.0,0.0,RED INTERNET & PHONE CABLE U ,0.0
NRW,40 - 44,49.98,49.98,30.0,0.0,RED INTERNET & PHONE CABLE U ,0.0
KBW,70 - 74,64.96,44.98,30.0,0.0,VF RIP U-TREUE  ,0.0
NRW,55 - 59,44.98,44.98,30.0,0.0,RED INTERNET & PHONE CABLE U ,1.0
HSN,25 - 29,39.99,39.99,30.0,0.0,RED INTERNET & PHONE CABLE U ,1.0
KBW,35 - 39,32.99,32.99,30.0,0.0,VF RIP U-TREUE  ,0.0
NRW,30 - 34,39.99,39.99,30.0,0.0,RED INTERNET & PHONE CABLE U ,1.0
KBW,35 - 39,39.98,39.98,543.0,0.0,GIGAZUHAUSE KABEL ,1.0
NRW,55 - 59,37.99,37.99,30.0,0.0,VF RIP U-TREUE  ,1.0
NRW,80 and over,29.99,29.99,30.0,0.0,VF RIP U-TREUE  ,0.0
KBW,35 - 39,44.98,44.98,30.0,0.0,RED INTERNET & PHONE CABLE U ,1.0
KBW,60 - 64,27.99,27.99,30.0,0.0,RED INTERNET & PHONE CABLE U ,0.0
NRW,80 and over,49.99,49.99,30.0,0.0,RED INTERNET & PHONE CABLE U ,1.0
NRW,35 - 39,49.98,49.97,30.0,0.0,VF CABLEMAX     ,1.0
NRW,65 - 69,44.98,44.98,30.0,0.0,RED INTERNET & PHONE CABLE U ,0.0
KBW,25 - 29,53.98,53.98,30.0,0.0,RED INTERNET & PHONE CABLE U ,0.0
KBW,35 - 39,59.97,44.98,30.0,0.0,RED INTERNET & PHONE CABLE U ,0.0
NRW,30 - 34,32.99,32.99,30.0,0.0,VF RIP U-TREUE  ,1.0
NRW,25 - 29,39.99,39.99,30.0,0.0,RED INTERNET & PHONE CABLE U ,0.0
NRW,35 - 39,39.99,39.99,30.0,0.0,RED INTERNET & PHONE CABLE U ,0.0
KBW,40 - 44,44.99,44.99,30.0,0.0,GIGAZUHAUSE KABEL ,1.0
KBW,40 - 44,49.99,49.99,30.0,0.0,RED INTERNET & PHONE CABLE U ,1.0
NRW,75 - 79,74.96,49.97,30.0,0.0,VF CABLEMAX     ,0.0
KBW,65 - 69,44.98,44.98,30.0,0.0,RED INTERNET & PHONE CABLE U ,0.0
NRW,30 - 34,49.99,49.99,30.0,0.0,RED INTERNET & PHONE CABLE U ,0.0
HSN,25 - 29,44.98,44.98,30.0,0.0,RED INTERNET & PHONE CABLE U ,1.0
NRW,55 - 59,34.97,34.97,30.0,0.0,VF CABLEMAX     ,1.0
NRW,65 - 69,39.98,39.98,30.0,0.0,VF CABLEMAX     ,0.0
NRW,70 - 74,57.96,46.96,30.0,0.0,RED INTERNET & PHONE CABLE U ,1.0
NRW,60 - 64,32.99,32.99,30.0,0.0,VF RIP U-TREUE  ,1.0
HSN,75 - 79,60.97,39.99,30.0,0.0,RED INTERNET & PHONE CABLE U ,0.0
HSN,60 - 64,42.97,42.97,30.0,0.0,RED INTERNET & PHONE CABLE U ,0.0
KBW,35 - 39,44.98,44.98,30.0,0.0,RED INTERNET & PHONE CABLE U ,1.0
HSN,25 - 29,39.98,39.98,30.0,0.0,VF CABLEMAX     ,1.0
KBW,35 - 39,39.99,39.99,30.0,0.0,RED INTERNET & PHONE CABLE U ,1.0
NRW,35 - 39,34.99,34.99,30.0,0.0,RED INTERNET & PHONE CABLE U ,1.0
NRW,25 - 29,44.98,44.98,30.0,0.0,RED INTERNET & PHONE CABLE U ,0.0
NRW,45 - 49,50.98,29.99,30.0,0.0,VF RIP U-TREUE  ,0.0
KBW,80 and over,44.98,44.98,30.0,0.0,RED INTERNET & PHONE CABLE U ,1.0
NRW,25 - 29,44.98,44.98,30.0,0.0,RED INTERNET & PHONE CABLE U ,1.0
NRW,30 - 34,44.98,44.98,30.0,0.0,RED INTERNET & PHONE CABLE U ,0.0
NRW,75 - 79,49.97,49.97,30.0,0.0,VF CABLEMAX     ,0.0
KBW,55 - 59,39.99,39.99,30.0,0.0,RED INTERNET & PHONE CABLE U ,0.0
HSN,35 - 39,42.97,42.97,30.0,0.0,RED INTERNET & PHONE CABLE U ,0.0
NRW,70 - 74,42.98,42.98,30.0,0.0,VF RIP U-TREUE  ,0.0
KBW,70 - 74,39.99,39.99,30.0,0.0,VF RIP U-TREUE  ,1.0
HSN,25 - 29,44.98,44.98,30.0,0.0,RED INTERNET & PHONE CABLE U ,0.0
HSN,55 - 59,42.97,42.97,30.0,0.0,3PLAY TREUE      ,0.0
NRW,75 - 79,49.99,49.99,30.0,0.0,GIGAZUHAUSE KABEL ,1.0
NRW,25 - 29,44.98,44.98,30.0,0.0,RED INTERNET & PHONE CABLE U ,0.0
NRW,40 - 44,39.99,39.99,30.0,0.0,RED INTERNET & PHONE CABLE U ,1.0
HSN,35 - 39,44.99,44.99,30.0,0.0,GIGAZUHAUSE KABEL ,0.0
NRW,65 - 69,49.97,34.99,30.0,0.0,RED INTERNET & PHONE CABLE U ,1.0
KBW,40 - 44,39.98,39.98,30.0,0.0,VF RIP U-TREUE  ,1.0
NRW,30 - 34,47.99,47.99,30.0,0.0,VF RIP U-TREUE  ,1.0
NRW,60 - 64,44.98,44.98,30.0,0.0,VF CABLEMAX     ,0.0
KBW,60 - 64,49.98,39.99,30.0,0.0,RED INTERNET & PHONE CABLE U ,1.0
NRW,75 - 79,73.97,52.98,30.0,0.0,VF RIP U-TREUE  ,1.0
KBW,50 - 54,29.99,29.99,30.0,0.0,VF RIP U-TREUE  ,1.0
NRW,80 and over,32.98,32.98,30.0,0.0,RED INTERNET & PHONE CABLE U ,1.0
KBW,40 - 44,49.97,49.97,30.0,1.0,VF CABLEMAX     ,0.0
KBW,45 - 49,61.96,44.98,30.0,0.0,VF CABLEMAX     ,0.0
KBW,65 - 69,39.99,39.99,30.0,0.0,RED INTERNET & PHONE CABLE U ,1.0
NRW,55 - 59,42.98,42.98,30.0,0.0,VF RIP U-TREUE  ,0.0
HSN,25 - 29,39.99,39.99,30.0,0.0,RED INTERNET & PHONE CABLE U ,1.0
KBW,35 - 39,39.99,39.99,30.0,0.0,RED INTERNET & PHONE CABLE U ,1.0
NRW,30 - 34,44.98,44.98,30.0,0.0,VF CABLEMAX     ,1.0
NRW,45 - 49,49.99,49.99,30.0,0.0,RED INTERNET & PHONE CABLE U ,1.0
NRW,50 - 54,54.99,54.99,30.0,0.0,RED INTERNET & PHONE CABLE U ,1.0
NRW,30 - 34,34.98,34.98,30.0,0.0,VF RIP U-TREUE  ,1.0
NRW,55 - 59,39.98,39.98,30.0,0.0,VF CABLEMAX     ,0.0
HSN,65 - 69,37.98,37.98,30.0,0.0,VF RIP U-TREUE  ,0.0
HSN,35 - 39,43.97,43.97,30.0,0.0,VF CABLEMAX     ,0.0
HSN,35 - 39,49.97,49.97,30.0,0.0,VF CABLEMAX     ,0.0
NRW,40 - 44,27.99,27.99,30.0,0.0,VF RIP U-TREUE  ,1.0
KBW,70 - 74,42.97,42.97,30.0,0.0,GIGAZUHAUSE KABEL ,0.0
HSN,25 - 29,39.99,39.99,30.0,0.0,RED INTERNET & PHONE CABLE U ,1.0
KBW,35 - 39,49.97,29.99,30.0,0.0,VF RIP U-TREUE  ,0.0
NRW,35 - 39,34.99,34.99,30.0,0.0,RED INTERNET & PHONE CABLE U ,1.0
KBW,30 - 34,44.98,44.98,30.0,0.0,VF CABLEMAX     ,0.0
NRW,30 - 34,48.97,48.97,30.0,0.0,VF CABLEMAX     ,0.0
KBW,30 - 34,73.95,52.96,30.0,0.0,VF RIP U-TREUE  ,1.0
NRW,30 - 34,49.98,49.98,30.0,0.0,GIGAZUHAUSE KABEL ,1.0
HSN,35 - 39,39.99,39.99,30.0,0.0,RED INTERNET & PHONE CABLE U ,1.0
KBW,65 - 69,79.96,44.98,30.0,0.0,VF CABLEMAX     ,0.0
NRW,25 - 29,34.98,34.98,30.0,0.0,RED INTERNET & PHONE CABLE U ,1.0
HSN,35 - 39,44.98,44.98,30.0,0.0,VF CABLEMAX     ,1.0
HSN,45 - 49,44.98,44.98,30.0,0.0,VF CABLEMAX     ,1.0
KBW,55 - 59,54.96,44.98,71.0,0.0,VF CABLEMAX     ,1.0
KBW,60 - 64,34.99,34.99,30.0,0.0,RED INTERNET & PHONE CABLE U ,0.0
NRW,75 - 79,64.98,39.99,30.0,0.0,VF RIP U-TREUE  ,0.0
HSN,80 and over,64.95,54.98,30.0,0.0,GIGAZUHAUSE KABEL ,0.0
NRW,55 - 59,39.99,39.99,30.0,0.0,RED INTERNET & PHONE CABLE U ,0.0
NRW,60 - 64,24.99,24.99,30.0,0.0,INTERNET COMFORT     ,0.0
NRW,80 and over,42.98,42.98,30.0,0.0,VF RIP U-TREUE  ,1.0
KBW,80 and over,44.98,44.98,30.0,0.0,RED INTERNET & PHONE CABLE U ,1.0
NRW,40 - 44,44.98,44.98,30.0,0.0,VF CABLEMAX     ,0.0
KBW,45 - 49,49.97,49.97,30.0,0.0,VF CABLEMAX     ,0.0
NRW,35 - 39,39.99,39.99,30.0,0.0,RED INTERNET & PHONE CABLE U ,1.0
HSN,45 - 49,59.98,39.99,30.0,0.0,VF RIP U-TREUE  ,1.0
NRW,35 - 39,48.98,48.98,30.0,0.0,VF CABLEMAX     ,0.0
NRW,65 - 69,24.99,24.99,30.0,0.0,INTERNET COMFORT     ,1.0
NRW,25 - 29,44.98,44.98,30.0,0.0,RED INTERNET & PHONE CABLE U ,1.0
KBW,40 - 44,34.99,34.99,30.0,0.0,RED INTERNET & PHONE CABLE U ,1.0
KBW,45 - 49,44.98,44.98,30.0,0.0,RED INTERNET & PHONE CABLE U ,1.0
KBW,35 - 39,43.98,43.98,30.0,0.0,RED INTERNET & PHONE CABLE U ,0.0
NRW,80 and over,55.96,44.98,30.0,0.0,RED INTERNET & PHONE CABLE U ,0.0
NRW,55 - 59,32.99,32.99,30.0,0.0,VF RIP U-TREUE  ,0.0
NRW,50 - 54,44.98,44.98,30.0,0.0,VF CABLEMAX     ,1.0
NRW,65 - 69,34.99,34.99,30.0,0.0,RED INTERNET & PHONE CABLE U ,1.0
KBW,75 - 79,49.97,49.97,30.0,0.0,VF CABLEMAX     ,0.0
KBW,65 - 69,39.99,39.99,30.0,0.0,RED INTERNET & PHONE CABLE U ,0.0
NRW,60 - 64,27.99,27.99,30.0,0.0,VF RIP U-TREUE  ,0.0
NRW,65 - 69,34.99,34.99,30.0,0.0,VF RIP U-TREUE  ,0.0
NRW,35 - 39,54.98,54.98,30.0,0.0,RED INTERNET & PHONE CABLE U ,0.0
NRW,80 and over,0.0,0.0,30.0,0.0,MMA        ,0.0
KBW,35 - 39,39.99,39.99,30.0,0.0,RED INTERNET & PHONE CABLE U ,1.0
HSN,50 - 54,44.98,44.98,30.0,0.0,VF CABLEMAX     ,0.0
NRW,75 - 79,39.99,39.99,30.0,0.0,RED INTERNET & PHONE CABLE U ,1.0
NRW,55 - 59,44.98,44.98,30.0,0.0,VF CABLEMAX     ,0.0
NRW,40 - 44,34.99,34.99,30.0,0.0,RED INTERNET & PHONE CABLE U ,0.0
NRW,25 - 29,33.98,33.98,30.0,0.0,RED INTERNET & PHONE CABLE U ,1.0
NRW,65 - 69,39.98,39.98,30.0,0.0,VF CABLEMAX     ,0.0
KBW,35 - 39,44.98,44.98,30.0,0.0,VF CABLEMAX     ,0.0
KBW,35 - 39,39.98,39.98,30.0,0.0,VF CABLEMAX     ,1.0
KBW,60 - 64,64.97,39.99,30.0,0.0,VF RIP U-TREUE  ,1.0
NRW,60 - 64,50.98,29.99,30.0,0.0,VF RIP U-TREUE  ,0.0
HSN,35 - 39,39.97,39.98,30.0,0.0,VF CABLEMAX     ,0.0
NRW,50 - 54,49.98,49.98,30.0,0.0,VF RIP U-TREUE  ,1.0
NRW,35 - 39,34.99,34.99,30.0,0.0,RED INTERNET & PHONE CABLE U ,0.0
NRW,70 - 74,45.97,49.99,30.0,0.0,VF RIP U-TREUE  ,0.0
NRW,35 - 39,32.99,32.99,30.0,0.0,VF RIP U-TREUE  ,1.0
KBW,70 - 74,43.95,43.95,30.0,0.0,RED INTERNET & PHONE CABLE U ,1.0
KBW,35 - 39,34.99,34.99,30.0,0.0,RED INTERNET & PHONE CABLE U ,1.0
NRW,30 - 34,44.98,44.98,30.0,0.0,RED INTERNET & PHONE CABLE U ,1.0
HSN,30 - 34,39.99,39.99,30.0,0.0,RED INTERNET & PHONE CABLE U ,1.0
NRW,35 - 39,34.99,34.99,30.0,0.0,RED INTERNET & PHONE CABLE U ,1.0
NRW,30 - 34,34.99,34.99,30.0,0.0,RED INTERNET & PHONE CABLE U ,1.0
NRW,35 - 39,44.98,44.98,30.0,0.0,VF CABLEMAX     ,1.0
KBW,45 - 49,44.98,44.98,30.0,0.0,VF CABLEMAX     ,1.0
NRW,80 and over,34.99,34.99,30.0,0.0,RED INTERNET & PHONE CABLE U ,0.0
NRW,25 - 29,29.99,29.99,30.0,0.0,VF RIP U-TREUE  ,1.0
KBW,30 - 34,34.99,34.99,30.0,0.0,RED INTERNET & PHONE CABLE U ,1.0
NRW,65 - 69,49.97,34.99,30.0,0.0,RED INTERNET & PHONE CABLE U ,1.0
NRW,75 - 79,42.97,42.97,30.0,0.0,RED INTERNET & PHONE CABLE U ,0.0
KBW,65 - 69,39.98,39.98,30.0,0.0,VF RIP U-TREUE  ,0.0
HSN,50 - 54,49.99,49.99,30.0,0.0,RED INTERNET & PHONE CABLE U ,0.0
NRW,50 - 54,39.99,39.99,30.0,0.0,RED INTERNET & PHONE CABLE U ,1.0
KBW,70 - 74,43.98,43.98,30.0,0.0,RED INTERNET & PHONE CABLE U ,1.0
NRW,40 - 44,44.98,44.98,30.0,0.0,RED INTERNET & PHONE CABLE U ,0.0
KBW,40 - 44,37.99,37.99,30.0,0.0,VF RIP U-TREUE  ,1.0
KBW,18 - 24,39.99,39.99,30.0,0.0,RED INTERNET & PHONE CABLE U ,0.0
KBW,25 - 29,44.98,44.98,30.0,0.0,RED INTERNET & PHONE CABLE U ,1.0
NRW,30 - 34,39.99,39.99,30.0,0.0,RED INTERNET & PHONE CABLE U ,1.0
KBW,60 - 64,63.97,42.98,30.0,0.0,VF RIP U-TREUE  ,0.0
NRW,25 - 29,39.98,39.98,94.0,0.0,GIGAZUHAUSE KABEL ,0.0
NRW,50 - 54,32.99,32.99,30.0,0.0,VF RIP U-TREUE  ,0.0
HSN,45 - 49,39.99,39.99,30.0,0.0,RED INTERNET & PHONE CABLE U ,1.0
NRW,55 - 59,34.99,34.99,30.0,0.0,RED INTERNET & PHONE CABLE U ,1.0
NRW,60 - 64,45.97,39.98,30.0,0.0,VF CABLEMAX     ,0.0
HSN,35 - 39,58.98,58.98,30.0,0.0,RED INTERNET & PHONE CABLE U ,1.0
KBW,80 and over,43.95,43.95,30.0,0.0,RED INTERNET & PHONE CABLE U ,0.0
NRW,65 - 69,34.99,34.99,30.0,0.0,RED INTERNET & PHONE CABLE U ,1.0
NRW,55 - 59,62.98,62.98,30.0,0.0,VF RIP U-TREUE  ,0.0
NRW,55 - 59,70.83,49.99,30.0,0.0,3PLAY TREUE      ,1.0
NRW,40 - 44,44.98,44.98,30.0,0.0,VF CABLEMAX     ,1.0
KBW,35 - 39,29.99,29.99,30.0,0.0,VF RIP U-TREUE  ,0.0
KBW,35 - 39,39.99,39.99,30.0,0.0,RED INTERNET & PHONE CABLE U ,1.0
NRW,75 - 79,39.99,39.99,30.0,0.0,RED INTERNET & PHONE CABLE U ,0.0
NRW,30 - 34,39.98,39.98,30.0,0.0,RED INTERNET & PHONE CABLE U ,0.0
KBW,50 - 54,34.99,34.99,30.0,0.0,RED INTERNET & PHONE CABLE U ,0.0
NRW,55 - 59,39.99,39.99,30.0,0.0,RED INTERNET & PHONE CABLE U ,1.0
NRW,18 - 24,34.99,34.99,30.0,0.0,RED INTERNET & PHONE CABLE U ,1.0
NRW,60 - 64,44.97,44.97,30.0,1.0,VF CABLEMAX     ,1.0
NRW,50 - 54,59.97,39.98,30.0,0.0,VF RIP U-TREUE  ,0.0
HSN,60 - 64,34.99,34.99,30.0,0.0,RED INTERNET & PHONE CABLE U ,1.0
NRW,60 - 64,29.99,29.99,30.0,0.0,VF RIP U-TREUE  ,0.0
KBW,55 - 59,47.97,37.98,30.0,0.0,VF RIP U-TREUE  ,0.0
NRW,70 - 74,62.98,62.98,30.0,0.0,GIGAZUHAUSE KABEL ,1.0
NRW,25 - 29,19.99,19.99,30.0,0.0,EAZY       ,0.0
NRW,45 - 49,39.99,39.99,30.0,0.0,RED INTERNET & PHONE CABLE U ,0.0
KBW,25 - 29,44.99,44.99,30.0,0.0,GIGAZUHAUSE KABEL ,0.0
NRW,35 - 39,39.98,39.98,30.0,0.0,RED INTERNET & PHONE CABLE U ,0.0
NRW,55 - 59,39.98,39.98,30.0,0.0,GIGAZUHAUSE KABEL ,0.0
NRW,35 - 39,44.98,44.98,30.0,0.0,RED INTERNET & PHONE CABLE U ,1.0
NRW,80 and over,19.99,19.99,30.0,0.0,EAZY       ,1.0
HSN,65 - 69,48.97,48.97,30.0,0.0,VF CABLEMAX     ,1.0
KBW,40 - 44,39.99,39.99,30.0,0.0,VF RIP U-TREUE  ,0.0
KBW,55 - 59,43.98,43.98,30.0,0.0,VF RIP U-TREUE  ,0.0
KBW,35 - 39,32.99,32.99,30.0,0.0,VF RIP U-TREUE  ,1.0
KBW,30 - 34,49.99,49.99,30.0,0.0,GIGAZUHAUSE KABEL ,0.0
HSN,60 - 64,39.99,39.99,30.0,0.0,VF RIP U-TREUE  ,0.0
KBW,30 - 34,39.98,39.98,30.0,0.0,VF CABLEMAX     ,1.0
NRW,40 - 44,34.99,34.99,30.0,0.0,RED INTERNET & PHONE CABLE U ,1.0
KBW,65 - 69,42.42,42.42,30.0,0.0,2PLAY        ,1.0
KBW,40 - 44,44.98,44.98,30.0,0.0,VF CABLEMAX     ,1.0
HSN,30 - 34,44.98,44.98,30.0,0.0,VF CABLEMAX     ,1.0
KBW,25 - 29,34.99,34.99,30.0,0.0,RED INTERNET & PHONE CABLE U ,1.0
NRW,40 - 44,42.97,42.97,30.0,0.0,RED INTERNET & PHONE CABLE U ,1.0
NRW,80 and over,34.99,34.99,30.0,0.0,RED INTERNET & PHONE CABLE U ,0.0
NRW,45 - 49,34.99,34.99,30.0,0.0,RED INTERNET & PHONE CABLE U ,1.0
NRW,40 - 44,72.96,42.98,30.0,0.0,VF RIP U-TREUE  ,0.0
HSN,60 - 64,39.99,39.99,30.0,0.0,RED INTERNET & PHONE CABLE U ,0.0
KBW,55 - 59,60.98,39.99,30.0,0.0,VF RIP U-TREUE  ,0.0
NRW,30 - 34,44.98,44.98,30.0,0.0,VF CABLEMAX     ,1.0
HSN,25 - 29,44.98,44.98,30.0,0.0,RED INTERNET & PHONE CABLE U ,1.0
KBW,25 - 29,44.98,44.98,30.0,0.0,RED INTERNET & PHONE CABLE U ,1.0
KBW,30 - 34,44.98,44.98,30.0,0.0,RED INTERNET & PHONE CABLE U ,1.0
HSN,30 - 34,39.98,39.98,30.0,0.0,RED INTERNET & PHONE CABLE U ,1.0
HSN,60 - 64,72.93,47.97,30.0,0.0,VF CABLEMAX     ,1.0
NRW,45 - 49,44.98,44.98,30.0,0.0,VF CABLEMAX     ,1.0
KBW,75 - 79,44.98,44.98,30.0,0.0,VF CABLEMAX     ,0.0
NRW,55 - 59,44.98,44.98,30.0,0.0,RED INTERNET & PHONE CABLE U ,1.0
KBW,80 and over,45.87,45.86,30.0,0.0,3PLAY JUMP      ,0.0
HSN,45 - 49,44.98,44.98,30.0,0.0,VF CABLEMAX     ,0.0
NRW,30 - 34,29.99,29.99,30.0,0.0,INTERNET PREMIUM     ,1.0
HSN,55 - 59,63.96,42.97,30.0,0.0,RED INTERNET & PHONE CABLE U ,0.0
NRW,40 - 44,44.98,44.98,30.0,0.0,VF CABLEMAX     ,1.0
HSN,55 - 59,39.98,39.98,30.0,0.0,VF CABLEMAX     ,0.0
KBW,35 - 39,63.97,42.98,30.0,0.0,VF RIP U-TREUE  ,1.0
NRW,30 - 34,39.99,39.99,30.0,0.0,RED INTERNET & PHONE CABLE U ,1.0
HSN,35 - 39,39.98,39.98,143.0,0.0,GIGAZUHAUSE KABEL ,1.0
HSN,45 - 49,43.97,43.97,30.0,0.0,RED INTERNET & PHONE CABLE U ,0.0
NRW,60 - 64,44.98,44.98,30.0,0.0,RED INTERNET & PHONE CABLE U ,1.0
KBW,35 - 39,39.99,39.99,30.0,0.0,RED INTERNET & PHONE CABLE U ,0.0
KBW,65 - 69,34.98,34.98,30.0,0.0,VF RIP U-TREUE  ,1.0
KBW,30 - 34,44.98,44.98,30.0,0.0,VF CABLEMAX     ,1.0
HSN,55 - 59,52.98,52.98,30.0,0.0,2PLAY TREUE      ,1.0
NRW,35 - 39,39.98,39.98,30.0,0.0,VF CABLEMAX     ,1.0
KBW,60 - 64,72.96,37.99,30.0,0.0,VF RIP U-TREUE  ,1.0
HSN,55 - 59,44.98,44.98,30.0,0.0,VF CABLEMAX     ,1.0
KBW,50 - 54,44.98,44.98,30.0,0.0,VF CABLEMAX     ,1.0
KBW,50 - 54,42.98,42.98,30.0,0.0,VF RIP U-TREUE  ,0.0
NRW,55 - 59,44.98,44.98,30.0,0.0,VF CABLEMAX     ,1.0
HSN,30 - 34,39.99,39.99,30.0,0.0,RED INTERNET & PHONE CABLE U ,1.0
HSN,65 - 69,51.97,49.99,30.0,0.0,RED INTERNET & PHONE CABLE U ,1.0
KBW,30 - 34,52.96,52.96,30.0,0.0,VF CABLEMAX     ,0.0
NRW,35 - 39,39.99,39.99,30.0,0.0,RED INTERNET & PHONE CABLE U ,1.0
KBW,50 - 54,52.96,27.99,30.0,0.0,RED INTERNET & PHONE CABLE U ,1.0
NRW,25 - 29,44.98,44.98,30.0,0.0,RED INTERNET & PHONE CABLE U ,0.0
NRW,30 - 34,37.98,37.98,30.0,0.0,VF RIP U-TREUE  ,1.0
NRW,35 - 39,24.99,24.99,30.0,0.0,INTERNET COMFORT     ,1.0
KBW,60 - 64,54.98,54.98,30.0,0.0,RED INTERNET & PHONE CABLE U ,1.0
NRW,50 - 54,52.98,52.98,30.0,0.0,GIGAZUHAUSE KABEL ,0.0
HSN,30 - 34,44.98,44.98,30.0,0.0,RED INTERNET & PHONE CABLE U ,1.0
NRW,65 - 69,25.0,25.0,30.0,0.0,RED INTERNET & PHONE CABLE U ,0.0
NRW,55 - 59,19.99,19.99,30.0,0.0,EAZY       ,0.0
KBW,30 - 34,24.99,34.99,30.0,0.0,RED INTERNET & PHONE CABLE U ,1.0
HSN,70 - 74,27.99,27.99,30.0,0.0,RED INTERNET & PHONE CABLE U ,0.0
HSN,45 - 49,54.98,54.98,30.0,0.0,RED INTERNET & PHONE CABLE U ,1.0
NRW,35 - 39,37.99,37.99,30.0,0.0,VF RIP U-TREUE  ,0.0
NRW,65 - 69,44.98,44.98,30.0,0.0,RED INTERNET & PHONE CABLE U ,0.0
KBW,35 - 39,29.99,29.99,30.0,0.0,INTERNET PREMIUM     ,0.0
HSN,65 - 69,44.98,44.98,30.0,0.0,RED INTERNET & PHONE CABLE U ,0.0
KBW,55 - 59,29.99,29.99,30.0,0.0,VF RIP U-TREUE  ,0.0
HSN,60 - 64,34.99,34.99,30.0,0.0,RED INTERNET & PHONE CABLE U ,1.0
HSN,45 - 49,62.95,37.99,30.0,0.0,VF RIP U-TREUE  ,1.0
HSN,65 - 69,49.99,39.99,30.0,0.0,VF RIP U-TREUE  ,1.0
NRW,25 - 29,44.98,44.98,30.0,0.0,RED INTERNET & PHONE CABLE U ,1.0
HSN,25 - 29,34.99,34.99,30.0,0.0,RED INTERNET & PHONE CABLE U ,1.0
NRW,40 - 44,19.99,19.99,30.0,0.0,EAZY       ,1.0
NRW,70 - 74,29.99,29.99,30.0,0.0,VF RIP U-TREUE  ,0.0
NRW,40 - 44,39.99,39.99,30.0,0.0,RED INTERNET & PHONE CABLE U ,1.0
NRW,55 - 59,42.98,42.98,30.0,0.0,VF RIP U-TREUE  ,0.0
NRW,45 - 49,19.99,19.99,30.0,0.0,EAZY       ,0.0
HSN,55 - 59,49.97,49.97,30.0,0.0,VF CABLEMAX     ,1.0
KBW,80 and over,34.99,34.99,30.0,0.0,RED INTERNET & PHONE CABLE U ,0.0
HSN,55 - 59,44.98,44.98,30.0,0.0,VF CABLEMAX     ,1.0
KBW,25 - 29,34.99,34.99,30.0,0.0,RED INTERNET & PHONE CABLE U ,1.0
NRW,70 - 74,32.98,32.99,30.0,0.0,VF RIP U-TREUE  ,1.0
HSN,40 - 44,64.97,44.98,30.0,0.0,VF CABLEMAX     ,0.0
KBW,50 - 54,39.98,39.98,30.0,0.0,RED INTERNET & PHONE CABLE U ,0.0
HSN,35 - 39,34.99,34.99,30.0,0.0,RED INTERNET & PHONE CABLE U ,1.0
KBW,25 - 29,44.98,44.98,30.0,0.0,RED INTERNET & PHONE CABLE U ,0.0
NRW,35 - 39,32.99,32.99,30.0,0.0,VF RIP U-TREUE  ,0.0
KBW,45 - 49,39.98,39.98,30.0,0.0,VF CABLEMAX     ,0.0
NRW,40 - 44,44.98,44.98,30.0,0.0,VF CABLEMAX     ,1.0
KBW,55 - 59,64.97,44.98,30.0,0.0,VF CABLEMAX     ,0.0
NRW,55 - 59,42.99,42.99,30.0,0.0,VF RIP U-TREUE  ,0.0
KBW,45 - 49,49.99,49.99,30.0,0.0,GIGAZUHAUSE KABEL ,0.0
HSN,40 - 44,24.99,24.99,30.0,0.0,INTERNET COMFORT     ,1.0
HSN,35 - 39,49.99,49.99,30.0,0.0,RED INTERNET & PHONE CABLE U ,0.0
NRW,40 - 44,39.99,39.99,30.0,0.0,RED INTERNET & PHONE CABLE U ,0.0
HSN,50 - 54,42.98,42.98,30.0,0.0,VF RIP U-TREUE  ,0.0
HSN,18 - 24,39.99,39.99,30.0,0.0,VF RIP U-TREUE  ,1.0
NRW,45 - 49,39.98,39.98,30.0,0.0,VF CABLEMAX     ,1.0
KBW,70 - 74,54.96,34.98,30.0,0.0,VF RIP U-TREUE  ,1.0
HSN,45 - 49,44.98,44.98,30.0,0.0,RED INTERNET & PHONE CABLE U ,1.0
HSN,30 - 34,39.98,39.98,30.0,0.0,RED INTERNET & PHONE CABLE U ,0.0
NRW,35 - 39,44.98,44.98,30.0,0.0,VF CABLEMAX     ,0.0
KBW,25 - 29,44.98,44.98,30.0,0.0,VF CABLEMAX     ,0.0
HSN,30 - 34,39.98,39.98,30.0,0.0,RED INTERNET & PHONE CABLE U ,1.0
NRW,40 - 44,39.98,39.98,214.0,0.0,GIGAZUHAUSE KABEL ,1.0
KBW,65 - 69,49.97,39.99,30.0,0.0,RED INTERNET & PHONE CABLE U ,1.0
NRW,25 - 29,34.99,34.99,30.0,0.0,RED INTERNET & PHONE CABLE U ,1.0
HSN,70 - 74,44.98,44.98,30.0,0.0,VF CABLEMAX     ,0.0
NRW,25 - 29,29.99,29.99,30.0,0.0,INTERNET PREMIUM     ,0.0
HSN,55 - 59,44.98,44.98,30.0,0.0,VF CABLEMAX     ,1.0
NRW,30 - 34,34.99,34.99,30.0,0.0,RED INTERNET & PHONE CABLE U ,1.0
KBW,55 - 59,34.99,34.99,30.0,0.0,RED INTERNET & PHONE CABLE U ,0.0
KBW,25 - 29,34.99,34.99,30.0,0.0,RED INTERNET & PHONE CABLE U ,1.0
HSN,35 - 39,34.99,34.99,30.0,0.0,RED INTERNET & PHONE CABLE U ,0.0
NRW,75 - 79,39.99,39.99,30.0,0.0,RED INTERNET & PHONE CABLE U ,0.0
NRW,50 - 54,38.98,38.98,30.0,0.0,RED INTERNET & PHONE CABLE U ,1.0
NRW,55 - 59,54.97,44.98,30.0,0.0,VF CABLEMAX     ,1.0
NRW,25 - 29,47.98,47.98,30.0,0.0,GIGAZUHAUSE KABEL ,1.0
NRW,35 - 39,44.99,44.99,65.0,0.0,GIGAZUHAUSE KABEL ,1.0
NRW,60 - 64,34.99,34.99,30.0,0.0,RED INTERNET & PHONE CABLE U ,1.0
NRW,70 - 74,55.98,34.99,30.0,0.0,3PLAY TREUE      ,1.0
NRW,45 - 49,52.97,52.97,30.0,0.0,VF CABLEMAX     ,0.0
KBW,60 - 64,49.97,49.97,30.0,0.0,VF CABLEMAX     ,1.0
HSN,35 - 39,44.98,44.98,30.0,0.0,VF CABLEMAX     ,1.0
HSN,55 - 59,54.99,54.99,30.0,0.0,RED INTERNET & PHONE CABLE U ,1.0
KBW,40 - 44,49.97,49.97,30.0,0.0,VF CABLEMAX     ,1.0
NRW,55 - 59,44.98,44.98,30.0,0.0,VF CABLEMAX     ,0.0
KBW,55 - 59,30.95,30.95,30.0,0.0,RED INTERNET & PHONE CABLE U ,0.0
NRW,80 and over,34.99,34.99,30.0,0.0,RED INTERNET & PHONE CABLE U ,1.0
KBW,70 - 74,39.98,39.99,30.0,0.0,RED INTERNET & PHONE CABLE U ,1.0
HSN,50 - 54,32.99,32.99,30.0,0.0,VF RIP U-TREUE  ,0.0
KBW,55 - 59,49.97,49.97,30.0,0.0,VF CABLEMAX     ,0.0
KBW,45 - 49,78.94,57.96,30.0,0.0,2PLAY TREUE      ,1.0
NRW,40 - 44,44.98,44.98,30.0,0.0,VF CABLEMAX     ,1.0
NRW,30 - 34,24.99,24.99,30.0,0.0,INTERNET COMFORT     ,0.0
HSN,40 - 44,44.98,44.98,30.0,0.0,2PLAY COMFORT     ,0.0
NRW,75 - 79,24.99,24.99,30.0,0.0,RED INTERNET & PHONE CABLE U ,0.0
NRW,35 - 39,39.99,39.99,30.0,0.0,RED INTERNET & PHONE CABLE U ,0.0
HSN,60 - 64,58.98,58.98,30.0,0.0,RED INTERNET & PHONE CABLE U ,1.0
NRW,25 - 29,37.99,37.99,30.0,0.0,VF RIP U-TREUE  ,1.0
NRW,60 - 64,44.98,44.98,30.0,0.0,VF CABLEMAX     ,0.0
NRW,35 - 39,29.98,24.98,30.0,0.0,INTERNET COMFORT     ,0.0
KBW,55 - 59,50.98,50.98,30.0,0.0,RED INTERNET & PHONE CABLE U ,0.0
KBW,45 - 49,39.99,39.99,30.0,0.0,RED INTERNET & PHONE CABLE U ,0.0
HSN,60 - 64,34.99,34.99,30.0,0.0,RED INTERNET & PHONE CABLE U ,1.0
NRW,50 - 54,44.98,44.98,30.0,0.0,VF CABLEMAX     ,0.0
KBW,55 - 59,63.96,42.98,30.0,0.0,2PLAY PLUS       ,1.0
KBW,25 - 29,34.99,34.99,30.0,0.0,RED INTERNET & PHONE CABLE U ,1.0
KBW,25 - 29,29.99,29.99,30.0,0.0,VF RIP U-TREUE  ,0.0
NRW,60 - 64,52.97,52.97,30.0,0.0,VF CABLEMAX     ,1.0
HSN,45 - 49,39.99,39.99,30.0,0.0,RED INTERNET & PHONE CABLE U ,1.0
NRW,60 - 64,39.99,39.99,30.0,0.0,VF RIP U-TREUE  ,0.0
HSN,60 - 64,37.99,37.99,30.0,0.0,VF RIP U-TREUE  ,0.0
NRW,70 - 74,70.96,49.97,30.0,0.0,VF CABLEMAX     ,0.0
NRW,35 - 39,34.99,34.99,30.0,0.0,RED INTERNET & PHONE CABLE U ,1.0
NRW,30 - 34,34.99,34.99,30.0,0.0,RED INTERNET & PHONE CABLE U ,0.0
NRW,50 - 54,39.98,39.98,98.0,0.0,GIGAZUHAUSE TREUE B ,1.0
KBW,70 - 74,56.95,30.95,30.0,0.0,RED INTERNET & PHONE CABLE U ,0.0
KBW,70 - 74,34.99,34.99,30.0,0.0,RED INTERNET & PHONE CABLE U ,0.0
KBW,30 - 34,44.97,44.97,30.0,0.0,VF CABLEMAX     ,1.0
NRW,40 - 44,34.99,34.99,30.0,0.0,RED INTERNET & PHONE CABLE U ,1.0
NRW,70 - 74,29.99,29.99,30.0,0.0,RED INTERNET & PHONE CABLE U ,0.0
NRW,35 - 39,44.98,44.98,30.0,0.0,RED INTERNET & PHONE CABLE U ,1.0
NRW,60 - 64,39.99,39.99,30.0,0.0,VF RIP U-TREUE  ,0.0
KBW,35 - 39,39.98,39.98,30.0,0.0,VF CABLEMAX     ,1.0
HSN,30 - 34,24.99,24.99,30.0,0.0,INTERNET COMFORT     ,0.0
NRW,55 - 59,39.98,39.98,30.0,0.0,RED INTERNET & PHONE CABLE U ,1.0
NRW,55 - 59,54.97,44.98,30.0,0.0,VF CABLEMAX     ,0.0
NRW,40 - 44,54.98,54.98,30.0,0.0,RED INTERNET & PHONE CABLE U ,1.0
NRW,50 - 54,42.98,42.98,30.0,0.0,VF RIP U-TREUE  ,0.0
KBW,30 - 34,34.99,34.99,30.0,0.0,RED INTERNET & PHONE CABLE U ,1.0
KBW,65 - 69,44.98,44.98,30.0,0.0,VF CABLEMAX     ,1.0
NRW,60 - 64,39.99,39.99,30.0,0.0,RED INTERNET & PHONE CABLE U ,1.0
NRW,35 - 39,44.98,44.98,30.0,0.0,RED INTERNET & PHONE CABLE U ,0.0
NRW,45 - 49,39.98,39.98,30.0,0.0,RED INTERNET & PHONE CABLE U ,1.0
NRW,55 - 59,49.97,49.97,30.0,0.0,VF CABLEMAX     ,1.0
NRW,35 - 39,39.99,39.99,30.0,0.0,RED INTERNET & PHONE CABLE U ,0.0
HSN,60 - 64,39.98,39.98,112.0,0.0,GIGAZUHAUSE TREUE B ,1.0
NRW,50 - 54,39.99,39.99,30.0,0.0,RED INTERNET & PHONE CABLE U ,1.0
NRW,40 - 44,39.99,39.99,30.0,0.0,VF RIP U-TREUE  ,1.0
KBW,45 - 49,49.99,49.99,30.0,0.0,VF RIP U-TREUE  ,0.0
KBW,55 - 59,42.97,42.97,30.0,0.0,RED INTERNET & PHONE CABLE U ,1.0
NRW,80 and over,44.97,34.97,30.0,0.0,RED INTERNET & PHONE CABLE U ,1.0
KBW,40 - 44,32.97,32.97,30.0,0.0,RED INTERNET & PHONE CABLE U ,0.0
NRW,50 - 54,44.98,44.98,30.0,0.0,RED INTERNET & PHONE CABLE U ,1.0
HSN,50 - 54,49.99,49.99,30.0,0.0,RED INTERNET & PHONE CABLE U ,0.0
NRW,40 - 44,39.99,39.99,30.0,0.0,RED INTERNET & PHONE CABLE U ,1.0
NRW,25 - 29,32.99,32.99,30.0,0.0,VF RIP U-TREUE  ,0.0
NRW,70 - 74,39.99,39.99,30.0,0.0,VF RIP U-TREUE  ,1.0
NRW,30 - 34,44.98,44.98,30.0,0.0,RED INTERNET & PHONE CABLE U ,1.0
NRW,40 - 44,52.96,39.99,30.0,0.0,VF RIP U-TREUE  ,0.0
NRW,70 - 74,34.98,34.98,30.0,0.0,RED INTERNET & PHONE CABLE U ,1.0
NRW,40 - 44,47.99,47.99,30.0,0.0,GIGAZUHAUSE KABEL ,1.0
KBW,35 - 39,39.99,39.99,30.0,0.0,RED INTERNET & PHONE CABLE U ,0.0
KBW,45 - 49,42.97,42.97,30.0,0.0,RED INTERNET & PHONE CABLE U ,0.0
NRW,45 - 49,34.99,34.99,30.0,0.0,RED INTERNET & PHONE CABLE U ,0.0
NRW,35 - 39,39.99,39.99,30.0,0.0,RED INTERNET & PHONE CABLE U ,0.0
KBW,55 - 59,39.98,39.98,30.0,0.0,RED INTERNET & PHONE CABLE U ,1.0
HSN,35 - 39,39.99,39.99,30.0,0.0,RED INTERNET & PHONE CABLE U ,1.0
KBW,40 - 44,59.94,44.98,30.0,0.0,VF CABLEMAX     ,0.0
KBW,55 - 59,53.98,53.98,30.0,0.0,RED INTERNET & PHONE CABLE U ,0.0
HSN,60 - 64,59.97,39.98,30.0,0.0,VF RIP U-TREUE  ,0.0
KBW,40 - 44,29.99,29.99,30.0,0.0,VF RIP U-TREUE  ,0.0
NRW,80 and over,39.99,39.99,30.0,0.0,VF RIP U-TREUE  ,0.0
KBW,40 - 44,49.97,49.97,30.0,0.0,VF CABLEMAX     ,0.0
HSN,50 - 54,39.99,39.99,30.0,0.0,RED INTERNET & PHONE CABLE U ,1.0
NRW,18 - 24,44.98,44.98,30.0,0.0,RED INTERNET & PHONE CABLE U ,1.0
HSN,80 and over,34.99,34.99,30.0,0.0,RED INTERNET & PHONE CABLE U ,1.0
NRW,55 - 59,34.99,34.99,30.0,0.0,RED INTERNET & PHONE CABLE U ,1.0
NRW,40 - 44,34.99,34.99,30.0,0.0,RED INTERNET & PHONE CABLE U ,1.0
HSN,55 - 59,24.99,24.99,30.0,0.0,INTERNET COMFORT     ,0.0
KBW,40 - 44,44.98,44.98,30.0,0.0,RED INTERNET & PHONE CABLE U ,0.0
KBW,50 - 54,33.74,33.74,30.0,0.0,RED INTERNET & PHONE CABLE U ,0.0
HSN,35 - 39,34.99,34.99,30.0,0.0,RED INTERNET & PHONE CABLE U ,0.0
KBW,35 - 39,39.99,39.99,30.0,0.0,RED INTERNET & PHONE CABLE U ,1.0
KBW,60 - 64,32.99,32.99,30.0,0.0,VF RIP U-TREUE  ,0.0
KBW,30 - 34,44.98,44.98,30.0,0.0,VF CABLEMAX     ,0.0
NRW,18 - 24,39.98,39.98,30.0,0.0,RED INTERNET & PHONE CABLE U ,1.0
KBW,50 - 54,54.99,54.99,30.0,0.0,RED INTERNET & PHONE CABLE U ,1.0
NRW,30 - 34,44.98,44.98,30.0,0.0,VF CABLEMAX     ,1.0
HSN,40 - 44,54.96,39.98,30.0,0.0,VF CABLEMAX     ,0.0
HSN,45 - 49,54.98,39.99,30.0,0.0,VF CABLEMAX     ,0.0
KBW,30 - 34,44.97,44.97,30.0,0.0,VF CABLEMAX     ,0.0
NRW,50 - 54,44.98,44.98,30.0,0.0,VF CABLEMAX     ,1.0
NRW,60 - 64,37.98,37.98,30.0,0.0,VF RIP U-TREUE  ,1.0
HSN,45 - 49,59.95,39.98,30.0,0.0,VF CABLEMAX     ,1.0
NRW,55 - 59,44.98,44.98,30.0,0.0,VF CABLEMAX     ,1.0
HSN,40 - 44,49.99,49.99,30.0,0.0,RED INTERNET & PHONE CABLE U ,0.0
KBW,30 - 34,47.97,43.97,30.0,0.0,RED INTERNET & PHONE CABLE U ,1.0
HSN,65 - 69,39.98,39.98,30.0,0.0,VF CABLEMAX     ,1.0
NRW,60 - 64,34.99,34.99,30.0,0.0,RED INTERNET & PHONE CABLE U ,1.0
HSN,35 - 39,39.98,39.98,155.0,0.0,GIGAZUHAUSE KABEL ,0.0
HSN,45 - 49,39.99,39.99,30.0,0.0,RED INTERNET & PHONE CABLE U ,1.0
NRW,65 - 69,65.97,44.98,30.0,0.0,VF CABLEMAX     ,0.0
NRW,55 - 59,44.98,44.98,30.0,0.0,RED INTERNET & PHONE CABLE U ,1.0
NRW,45 - 49,44.98,44.98,30.0,0.0,VF CABLEMAX     ,1.0
NRW,80 and over,72.95,39.98,30.0,0.0,VF CABLEMAX     ,1.0
NRW,30 - 34,39.98,39.98,30.0,0.0,VF CABLEMAX     ,1.0
NRW,45 - 49,42.97,42.97,30.0,0.0,RED INTERNET & PHONE CABLE U ,1.0
HSN,65 - 69,42.98,42.98,30.0,0.0,VF RIP U-TREUE  ,0.0
KBW,35 - 39,44.98,44.98,30.0,0.0,VF CABLEMAX     ,1.0
KBW,40 - 44,39.98,39.98,30.0,0.0,VF CABLEMAX     ,1.0
KBW,50 - 54,64.97,39.99,30.0,0.0,RED INTERNET & PHONE CABLE U ,1.0
NRW,40 - 44,54.96,39.98,30.0,0.0,VF CABLEMAX     ,1.0
NRW,25 - 29,39.98,39.98,30.0,0.0,VF CABLEMAX     ,1.0
NRW,40 - 44,39.99,39.99,30.0,0.0,RED INTERNET & PHONE CABLE U ,1.0
KBW,35 - 39,34.99,34.99,30.0,0.0,RED INTERNET & PHONE CABLE U ,1.0
KBW,50 - 54,44.98,44.98,30.0,0.0,VF CABLEMAX     ,1.0
HSN,55 - 59,24.99,24.99,30.0,0.0,INTERNET COMFORT     ,1.0
HSN,35 - 39,49.99,49.99,30.0,0.0,RED INTERNET & PHONE CABLE U ,1.0
KBW,60 - 64,37.99,37.99,30.0,0.0,VF RIP U-TREUE  ,0.0
NRW,30 - 34,29.99,29.99,30.0,0.0,VF RIP U-TREUE  ,1.0
NRW,40 - 44,49.97,49.97,30.0,0.0,VF CABLEMAX     ,0.0
KBW,35 - 39,37.97,37.97,30.0,1.0,VF RIP U-TREUE  ,1.0
NRW,35 - 39,34.99,34.99,30.0,0.0,RED INTERNET & PHONE CABLE U ,1.0
NRW,80 and over,44.98,44.98,30.0,0.0,RED INTERNET & PHONE CABLE U ,0.0
NRW,50 - 54,39.99,39.99,30.0,0.0,RED INTERNET & PHONE CABLE U ,0.0
KBW,30 - 34,44.98,44.98,30.0,0.0,RED INTERNET & PHONE CABLE U ,0.0
KBW,25 - 29,24.99,24.99,30.0,0.0,INTERNET COMFORT     ,0.0
NRW,25 - 29,24.99,34.99,30.0,0.0,RED INTERNET & PHONE CABLE U ,1.0
NRW,60 - 64,49.99,49.99,30.0,0.0,RED INTERNET & PHONE CABLE U ,1.0
NRW,30 - 34,39.99,39.99,30.0,0.0,RED INTERNET & PHONE CABLE U ,0.0
KBW,30 - 34,39.98,39.98,30.0,0.0,GIGAZUHAUSE KABEL ,1.0
KBW,35 - 39,44.98,44.98,30.0,0.0,VF CABLEMAX     ,0.0
NRW,55 - 59,58.98,58.98,30.0,0.0,RED INTERNET & PHONE CABLE U ,1.0
HSN,35 - 39,42.98,42.98,30.0,0.0,VF RIP U-TREUE  ,0.0
NRW,25 - 29,24.99,24.99,30.0,0.0,INTERNET COMFORT     ,1.0
NRW,60 - 64,44.98,44.98,30.0,0.0,VF RIP U-TREUE  ,0.0
KBW,40 - 44,29.99,29.99,30.0,0.0,VF RIP U-TREUE  ,0.0
HSN,30 - 34,54.99,54.99,30.0,0.0,RED INTERNET & PHONE CABLE U ,1.0
HSN,45 - 49,32.99,32.99,30.0,0.0,VF RIP U-TREUE  ,1.0
NRW,65 - 69,24.99,24.99,30.0,0.0,INTERNET COMFORT     ,0.0
KBW,50 - 54,64.98,64.98,30.0,0.0,TREUEPLUS     ,0.0
NRW,40 - 44,44.98,44.98,30.0,0.0,VF CABLEMAX     ,0.0
NRW,60 - 64,29.99,29.99,30.0,0.0,RED INTERNET & PHONE CABLE U ,0.0
KBW,70 - 74,39.99,39.99,30.0,0.0,RED INTERNET & PHONE CABLE U ,1.0
KBW,65 - 69,30.88,30.88,30.0,0.0,RED INTERNET & PHONE CABLE U ,0.0
NRW,45 - 49,39.99,39.99,30.0,0.0,RED INTERNET & PHONE CABLE U ,1.0
HSN,55 - 59,42.98,42.98,30.0,0.0,VF RIP U-TREUE  ,0.0
NRW,60 - 64,49.97,49.97,30.0,0.0,VF CABLEMAX     ,1.0
HSN,65 - 69,39.98,39.98,30.0,0.0,VF CABLEMAX     ,0.0
NRW,30 - 34,34.99,34.99,30.0,0.0,RED INTERNET & PHONE CABLE U ,1.0
KBW,35 - 39,49.97,49.97,30.0,0.0,VF CABLEMAX     ,1.0
NRW,25 - 29,29.99,29.99,30.0,0.0,INTERNET PREMIUM     ,0.0
NRW,35 - 39,37.98,37.98,30.0,0.0,VF RIP U-TREUE  ,0.0
KBW,60 - 64,34.99,34.99,30.0,0.0,RED INTERNET & PHONE CABLE U ,0.0
NRW,25 - 29,44.98,44.98,30.0,0.0,RED INTERNET & PHONE CABLE U ,1.0
NRW,30 - 34,24.99,24.99,30.0,0.0,INTERNET COMFORT     ,1.0
KBW,65 - 69,39.98,39.98,365.0,0.0,GIGAZUHAUSE KABEL ,1.0
KBW,30 - 34,39.99,39.99,30.0,0.0,RED INTERNET & PHONE CABLE U ,0.0
KBW,60 - 64,44.98,44.98,30.0,0.0,VF CABLEMAX     ,0.0
HSN,60 - 64,59.99,59.99,30.0,0.0,GIGAZUHAUSE KABEL ,0.0
KBW,50 - 54,44.98,44.98,30.0,0.0,RED INTERNET & PHONE CABLE U ,1.0
KBW,35 - 39,44.98,44.98,30.0,0.0,VF CABLEMAX     ,1.0
NRW,50 - 54,34.99,34.99,30.0,0.0,RED INTERNET & PHONE CABLE U ,0.0
NRW,25 - 29,42.97,42.97,30.0,0.0,RED INTERNET & PHONE CABLE U ,1.0
KBW,25 - 29,39.99,39.99,30.0,0.0,VF RIP U-TREUE  ,1.0
NRW,60 - 64,24.99,24.99,30.0,0.0,INTERNET COMFORT     ,0.0
HSN,60 - 64,55.98,34.99,30.0,0.0,RED INTERNET & PHONE CABLE U ,1.0
HSN,30 - 34,34.99,34.99,30.0,0.0,RED INTERNET & PHONE CABLE U ,1.0
NRW,35 - 39,29.99,29.99,30.0,0.0,VF RIP U-TREUE  ,0.0
NRW,30 - 34,44.98,44.98,30.0,0.0,RED INTERNET & PHONE CABLE U ,1.0
HSN,30 - 34,42.97,42.97,30.0,0.0,RED INTERNET & PHONE CABLE U ,1.0
HSN,35 - 39,32.99,32.99,30.0,0.0,VF RIP U-TREUE  ,1.0
NRW,30 - 34,44.98,44.98,30.0,0.0,VF CABLEMAX     ,1.0
NRW,45 - 49,32.99,32.99,30.0,0.0,VF RIP U-TREUE  ,1.0
HSN,60 - 64,32.99,32.99,30.0,0.0,VF RIP U-TREUE  ,0.0
KBW,50 - 54,59.97,49.97,30.0,0.0,VF CABLEMAX     ,1.0
NRW,30 - 34,29.99,29.99,30.0,0.0,VF RIP U-TREUE  ,0.0
KBW,55 - 59,58.98,58.98,30.0,0.0,RED INTERNET & PHONE CABLE U ,1.0
KBW,45 - 49,44.98,44.98,30.0,0.0,VF CABLEMAX     ,0.0
KBW,60 - 64,34.99,34.99,30.0,0.0,RED INTERNET & PHONE CABLE U ,0.0
NRW,30 - 34,34.99,34.99,30.0,0.0,RED INTERNET & PHONE CABLE U ,1.0
NRW,65 - 69,45.41,45.38,30.0,0.0,3PLAY JUMP      ,0.0
NRW,25 - 29,34.99,34.99,30.0,0.0,RED INTERNET & PHONE CABLE U ,1.0
KBW,30 - 34,34.99,34.99,30.0,0.0,RED INTERNET & PHONE CABLE U ,0.0
NRW,25 - 29,29.99,29.99,30.0,0.0,RED INTERNET & PHONE CABLE U ,1.0
HSN,65 - 69,34.99,34.99,30.0,0.0,RED INTERNET & PHONE CABLE U ,1.0
KBW,30 - 34,49.99,49.99,30.0,0.0,RED INTERNET & PHONE CABLE U ,1.0
NRW,40 - 44,34.99,34.99,30.0,0.0,RED INTERNET & PHONE CABLE U ,1.0
NRW,40 - 44,32.99,32.99,30.0,0.0,VF RIP U-TREUE  ,0.0
HSN,30 - 34,44.98,44.98,30.0,0.0,RED INTERNET & PHONE CABLE U ,1.0
KBW,25 - 29,29.99,29.99,30.0,0.0,VF RIP U-TREUE  ,1.0
KBW,30 - 34,49.99,49.99,30.0,0.0,GIGAZUHAUSE KABEL ,1.0
NRW,30 - 34,29.99,29.99,30.0,0.0,VF RIP U-TREUE  ,0.0
NRW,40 - 44,44.98,44.98,30.0,0.0,VF CABLEMAX     ,0.0
NRW,55 - 59,54.99,54.99,30.0,0.0,RED INTERNET & PHONE CABLE U ,1.0
KBW,25 - 29,39.99,39.99,30.0,0.0,RED INTERNET & PHONE CABLE U ,0.0
HSN,18 - 24,34.99,34.99,30.0,0.0,RED INTERNET & PHONE CABLE U ,0.0
HSN,18 - 24,60.98,39.99,30.0,0.0,RED INTERNET & PHONE CABLE U ,0.0
KBW,35 - 39,49.97,49.97,30.0,0.0,VF CABLEMAX     ,1.0
KBW,60 - 64,34.99,34.99,30.0,0.0,RED INTERNET & PHONE CABLE U ,1.0
NRW,70 - 74,30.88,30.88,30.0,0.0,RED INTERNET & PHONE CABLE U ,0.0
NRW,25 - 29,34.99,34.99,30.0,0.0,RED INTERNET & PHONE CABLE U ,1.0
NRW,25 - 29,34.99,34.99,30.0,0.0,RED INTERNET & PHONE CABLE U ,1.0
KBW,30 - 34,39.99,39.99,30.0,0.0,RED INTERNET & PHONE CABLE U ,0.0
KBW,65 - 69,44.98,44.98,30.0,0.0,VF CABLEMAX     ,1.0
NRW,55 - 59,53.95,32.95,30.0,0.0,VF CABLEMAX     ,0.0
HSN,70 - 74,42.98,42.98,30.0,0.0,VF RIP U-TREUE  ,0.0
KBW,40 - 44,24.99,24.99,30.0,0.0,INTERNET COMFORT     ,1.0
KBW,40 - 44,44.98,44.98,30.0,0.0,RED INTERNET & PHONE CABLE U ,1.0
NRW,50 - 54,44.98,44.98,30.0,0.0,VF CABLEMAX     ,0.0
NRW,45 - 49,47.97,47.96,30.0,0.0,GIGAZUHAUSE KABEL ,0.0
KBW,55 - 59,59.96,39.99,30.0,0.0,VF RIP U-TREUE  ,1.0
NRW,40 - 44,34.99,34.99,30.0,0.0,RED INTERNET & PHONE CABLE U ,1.0
HSN,18 - 24,34.99,34.99,30.0,0.0,RED INTERNET & PHONE CABLE U ,1.0
KBW,40 - 44,34.99,34.99,30.0,0.0,RED INTERNET & PHONE CABLE U ,1.0
NRW,45 - 49,44.98,44.98,30.0,0.0,RED INTERNET & PHONE CABLE U ,1.0
NRW,70 - 74,72.96,37.99,30.0,0.0,VF RIP U-TREUE  ,0.0
NRW,65 - 69,68.96,47.96,30.0,0.0,VF RIP U-TREUE  ,0.0
NRW,65 - 69,34.99,34.99,30.0,0.0,RED INTERNET & PHONE CABLE U ,0.0
NRW,80 and over,53.95,53.96,30.0,0.0,VF CABLEMAX     ,0.0
KBW,55 - 59,78.95,39.99,30.0,0.0,RED INTERNET & PHONE CABLE U ,0.0
KBW,60 - 64,29.99,29.99,30.0,0.0,INTERNET PREMIUM     ,0.0
NRW,55 - 59,44.98,44.98,30.0,0.0,VF CABLEMAX     ,0.0
NRW,25 - 29,44.98,44.98,30.0,0.0,RED INTERNET & PHONE CABLE U ,0.0
KBW,35 - 39,37.99,37.99,30.0,0.0,VF RIP U-TREUE  ,1.0
KBW,70 - 74,33.97,74.97,30.0,0.0,3PLAY TREUE      ,0.0
HSN,25 - 29,39.99,39.99,30.0,0.0,RED INTERNET & PHONE CABLE U ,0.0
NRW,70 - 74,29.99,29.99,30.0,0.0,VF RIP U-TREUE  ,0.0
KBW,70 - 74,34.99,34.99,30.0,0.0,RED INTERNET & PHONE CABLE U ,0.0
KBW,45 - 49,39.99,39.99,30.0,0.0,VF RIP U-TREUE  ,1.0
NRW,25 - 29,34.99,34.99,30.0,0.0,RED INTERNET & PHONE CABLE U ,1.0
NRW,25 - 29,34.99,34.99,30.0,0.0,RED INTERNET & PHONE CABLE U ,1.0
NRW,80 and over,34.99,34.99,30.0,0.0,RED INTERNET & PHONE CABLE U ,0.0
HSN,60 - 64,32.99,32.99,30.0,0.0,VF RIP U-TREUE  ,0.0
KBW,50 - 54,34.99,34.99,30.0,0.0,RED INTERNET & PHONE CABLE U ,0.0
HSN,25 - 29,39.99,39.99,30.0,0.0,VF RIP U-TREUE  ,1.0
NRW,18 - 24,44.98,44.98,30.0,0.0,VF CABLEMAX     ,1.0
KBW,18 - 24,44.98,44.98,30.0,0.0,RED INTERNET & PHONE CABLE U ,1.0
HSN,40 - 44,44.98,64.98,30.0,0.0,RED INTERNET & PHONE CABLE U ,0.0
NRW,18 - 24,44.98,44.98,30.0,0.0,RED INTERNET & PHONE CABLE U ,0.0
NRW,50 - 54,44.98,44.98,30.0,0.0,RED INTERNET & PHONE CABLE U ,0.0
KBW,25 - 29,34.99,34.99,30.0,0.0,RED INTERNET & PHONE CABLE U ,1.0
HSN,40 - 44,39.98,39.98,30.0,0.0,VF CABLEMAX     ,0.0
KBW,30 - 34,39.99,39.99,30.0,0.0,VF RIP U-TREUE  ,1.0
KBW,45 - 49,44.98,44.98,30.0,0.0,VF CABLEMAX     ,0.0
KBW,25 - 29,49.99,49.99,30.0,0.0,RED INTERNET & PHONE CABLE U ,1.0
KBW,30 - 34,34.99,34.99,30.0,0.0,RED INTERNET & PHONE CABLE U ,1.0
KBW,25 - 29,44.98,44.98,30.0,0.0,RED INTERNET & PHONE CABLE U ,1.0
KBW,60 - 64,69.96,44.98,30.0,0.0,3PLAY START       ,1.0
KBW,40 - 44,39.99,39.99,30.0,0.0,VF RIP U-TREUE  ,1.0
HSN,60 - 64,50.98,29.99,30.0,0.0,VF RIP U-TREUE  ,1.0
NRW,75 - 79,34.99,34.99,30.0,0.0,RED INTERNET & PHONE CABLE U ,1.0
NRW,35 - 39,34.99,34.99,30.0,0.0,RED INTERNET & PHONE CABLE U ,1.0
NRW,30 - 34,44.98,44.98,30.0,0.0,VF CABLEMAX     ,1.0
NRW,70 - 74,49.97,49.97,30.0,0.0,VF CABLEMAX     ,0.0
KBW,30 - 34,49.98,49.98,30.0,0.0,GIGAZUHAUSE KABEL ,1.0
KBW,80 and over,60.97,39.98,30.0,0.0,VF CABLEMAX     ,0.0
NRW,35 - 39,39.98,39.98,30.0,0.0,RED INTERNET & PHONE CABLE U ,0.0
KBW,80 and over,65.42,55.42,30.0,0.0,3PLAY COMFORT     ,0.0
NRW,30 - 34,39.98,39.98,74.0,0.0,VF CABLEMAX     ,1.0
KBW,70 - 74,54.99,54.99,30.0,0.0,RED INTERNET & PHONE CABLE U ,0.0
KBW,55 - 59,74.97,49.97,30.0,0.0,VF CABLEMAX     ,1.0
HSN,25 - 29,44.98,44.98,30.0,0.0,VF CABLEMAX     ,0.0
KBW,55 - 59,44.98,44.98,30.0,0.0,RED INTERNET & PHONE CABLE U ,1.0
KBW,80 and over,49.99,49.99,30.0,0.0,RED INTERNET & PHONE CABLE U ,1.0
HSN,75 - 79,39.99,39.99,30.0,0.0,RED INTERNET & PHONE CABLE U ,0.0
HSN,50 - 54,34.99,34.99,30.0,0.0,RED INTERNET & PHONE CABLE U ,0.0
HSN,50 - 54,42.98,42.98,30.0,0.0,VF RIP U-TREUE  ,1.0
NRW,70 - 74,69.95,49.97,30.0,0.0,RED INTERNET & PHONE CABLE U ,0.0
NRW,55 - 59,58.98,58.98,30.0,0.0,RED INTERNET & PHONE CABLE U ,1.0
NRW,70 - 74,34.99,34.99,30.0,0.0,RED INTERNET & PHONE CABLE U ,0.0
NRW,50 - 54,44.98,44.98,30.0,0.0,VF CABLEMAX     ,0.0
KBW,55 - 59,42.97,42.97,30.0,0.0,3PLAY START       ,0.0
KBW,30 - 34,32.97,32.97,30.0,0.0,VF RIP U-TREUE  ,1.0
NRW,30 - 34,44.98,44.98,30.0,0.0,VF CABLEMAX     ,1.0
KBW,25 - 29,34.99,34.99,30.0,0.0,RED INTERNET & PHONE CABLE U ,1.0
NRW,50 - 54,59.97,39.99,30.0,0.0,RED INTERNET & PHONE CABLE U ,0.0
NRW,50 - 54,44.99,44.99,30.0,0.0,RED INTERNET & PHONE CABLE U ,1.0
NRW,45 - 49,39.99,39.99,30.0,0.0,VF RIP U-TREUE  ,1.0
KBW,50 - 54,49.99,49.99,30.0,0.0,GIGAZUHAUSE KABEL ,0.0
NRW,50 - 54,60.98,39.99,30.0,0.0,VF RIP U-TREUE  ,1.0
KBW,35 - 39,48.97,48.97,30.0,0.0,RED INTERNET & PHONE CABLE U ,0.0
NRW,70 - 74,39.99,39.99,30.0,0.0,VF RIP U-TREUE  ,0.0
NRW,55 - 59,43.97,43.97,30.0,0.0,RED INTERNET & PHONE CABLE U ,1.0
NRW,40 - 44,29.99,29.99,30.0,0.0,VF RIP U-TREUE  ,0.0
HSN,40 - 44,44.98,44.98,30.0,0.0,VF CABLEMAX     ,0.0
NRW,45 - 49,44.98,44.98,30.0,0.0,RED INTERNET & PHONE CABLE U ,1.0
HSN,40 - 44,40.9,40.9,30.0,0.0,2PLAY PLUS       ,1.0
KBW,50 - 54,42.98,42.98,30.0,0.0,VF RIP U-TREUE  ,0.0
HSN,40 - 44,79.96,49.99,30.0,0.0,RED INTERNET & PHONE CABLE U ,0.0
NRW,60 - 64,44.98,44.98,30.0,0.0,VF CABLEMAX     ,1.0
HSN,18 - 24,44.98,44.98,30.0,0.0,RED INTERNET & PHONE CABLE U ,0.0
KBW,30 - 34,39.99,39.99,30.0,0.0,VF RIP U-TREUE  ,1.0
HSN,50 - 54,34.99,34.99,30.0,0.0,RED INTERNET & PHONE CABLE U ,1.0
NRW,40 - 44,39.99,39.99,30.0,0.0,RED INTERNET & PHONE CABLE U ,1.0
NRW,30 - 34,34.99,34.99,30.0,0.0,RED INTERNET & PHONE CABLE U ,1.0
NRW,25 - 29,39.99,39.99,30.0,0.0,RED INTERNET & PHONE CABLE U ,1.0
HSN,30 - 34,34.99,34.99,30.0,0.0,RED INTERNET & PHONE CABLE U ,1.0
NRW,25 - 29,44.98,44.98,30.0,0.0,VF CABLEMAX     ,1.0
NRW,80 and over,65.98,44.98,30.0,0.0,VF CABLEMAX     ,1.0
NRW,45 - 49,44.98,44.98,30.0,0.0,VF CABLEMAX     ,0.0
KBW,80 and over,69.96,49.97,30.0,0.0,VF CABLEMAX     ,1.0
HSN,35 - 39,34.99,34.99,30.0,0.0,VF RIP U-TREUE  ,1.0
NRW,40 - 44,32.99,32.99,30.0,0.0,VF RIP U-TREUE  ,0.0
NRW,50 - 54,44.98,44.98,30.0,0.0,RED INTERNET & PHONE CABLE U ,0.0
KBW,45 - 49,44.98,44.98,30.0,0.0,VF RIP U-TREUE  ,1.0
KBW,30 - 34,44.98,44.98,30.0,0.0,RED INTERNET & PHONE CABLE U ,0.0
KBW,60 - 64,58.98,37.99,30.0,0.0,VF RIP U-TREUE  ,1.0
KBW,50 - 54,44.98,44.98,30.0,0.0,VF CABLEMAX     ,1.0
NRW,25 - 29,39.98,39.98,65.0,0.0,VF CABLEMAX     ,1.0
KBW,25 - 29,44.98,44.98,30.0,0.0,RED INTERNET & PHONE CABLE U ,1.0
NRW,30 - 34,44.98,44.98,30.0,0.0,RED INTERNET & PHONE CABLE U ,1.0
NRW,80 and over,34.99,34.99,30.0,0.0,VF RIP U-TREUE  ,0.0
KBW,25 - 29,49.99,49.99,30.0,0.0,RED INTERNET & PHONE CABLE U ,0.0
NRW,45 - 49,58.98,58.98,30.0,0.0,RED INTERNET & PHONE CABLE U ,0.0
KBW,55 - 59,42.97,42.97,30.0,0.0,RED INTERNET & PHONE CABLE U ,0.0
KBW,40 - 44,39.99,39.99,30.0,0.0,RED INTERNET & PHONE CABLE U ,1.0
KBW,55 - 59,42.98,42.98,30.0,0.0,VF RIP U-TREUE  ,1.0
NRW,80 and over,39.98,39.98,30.0,0.0,RED INTERNET & PHONE CABLE U ,0.0
KBW,50 - 54,54.98,54.98,30.0,0.0,RED INTERNET & PHONE CABLE U ,1.0
KBW,40 - 44,39.98,39.98,30.0,0.0,VF CABLEMAX     ,0.0
NRW,50 - 54,34.99,34.99,30.0,0.0,RED INTERNET & PHONE CABLE U ,1.0
HSN,40 - 44,44.97,44.97,30.0,0.0,VF CABLEMAX     ,1.0
NRW,25 - 29,42.97,42.97,30.0,0.0,RED INTERNET & PHONE CABLE U ,1.0
NRW,70 - 74,37.98,37.98,30.0,0.0,VF RIP U-TREUE  ,0.0
NRW,55 - 59,49.97,49.97,30.0,0.0,VF CABLEMAX     ,0.0
NRW,70 - 74,49.99,49.99,30.0,0.0,GIGAZUHAUSE KABEL ,0.0
NRW,35 - 39,44.98,44.98,30.0,0.0,RED INTERNET & PHONE CABLE U ,1.0
NRW,40 - 44,44.98,44.98,30.0,0.0,VF CABLEMAX     ,1.0
HSN,40 - 44,44.98,44.98,30.0,0.0,VF CABLEMAX     ,0.0
NRW,35 - 39,35.98,35.98,30.0,0.0,EAZY       ,1.0
KBW,60 - 64,60.98,39.99,30.0,0.0,RED INTERNET & PHONE CABLE U ,1.0
KBW,25 - 29,34.99,34.99,30.0,0.0,RED INTERNET & PHONE CABLE U ,1.0
NRW,40 - 44,42.97,42.97,30.0,0.0,RED INTERNET & PHONE CABLE U ,1.0
KBW,60 - 64,29.98,29.98,30.0,0.0,VF RIP U-TREUE  ,0.0
NRW,45 - 49,54.99,54.99,30.0,0.0,RED INTERNET & PHONE CABLE U ,0.0
NRW,40 - 44,54.98,54.98,30.0,0.0,GIGAZUHAUSE KABEL ,0.0
NRW,25 - 29,39.98,39.98,122.0,0.0,GIGAZUHAUSE KABEL ,0.0
KBW,40 - 44,59.97,49.99,30.0,0.0,VF RIP U-TREUE  ,0.0
NRW,40 - 44,34.98,34.98,30.0,0.0,VF CABLEMAX     ,0.0
KBW,25 - 29,44.98,44.98,30.0,0.0,RED INTERNET & PHONE CABLE U ,1.0
NRW,45 - 49,48.42,48.42,30.0,0.0,3PLAY COMFORT     ,1.0
NRW,25 - 29,39.99,39.99,30.0,0.0,RED INTERNET & PHONE CABLE U ,1.0
KBW,40 - 44,37.99,37.99,30.0,0.0,VF RIP U-TREUE  ,1.0
KBW,55 - 59,39.99,39.99,30.0,0.0,VF RIP U-TREUE  ,0.0
NRW,50 - 54,49.97,49.97,30.0,0.0,VF CABLEMAX     ,1.0
HSN,50 - 54,39.99,39.99,30.0,0.0,RED INTERNET & PHONE CABLE U ,1.0
HSN,30 - 34,49.99,49.99,30.0,0.0,GIGAZUHAUSE KABEL ,1.0
NRW,45 - 49,44.98,44.98,30.0,0.0,RED INTERNET & PHONE CABLE U ,1.0
HSN,55 - 59,58.98,58.98,30.0,0.0,RED INTERNET & PHONE CABLE U ,1.0
NRW,50 - 54,44.98,44.98,30.0,0.0,VF CABLEMAX     ,0.0
NRW,50 - 54,39.98,39.98,30.0,0.0,VF CABLEMAX     ,1.0
HSN,80 and over,39.98,39.98,30.0,0.0,VF CABLEMAX     ,0.0
HSN,75 - 79,56.95,47.96,30.0,0.0,VF CABLEMAX     ,1.0
NRW,35 - 39,42.97,42.97,30.0,0.0,GIGAZUHAUSE KABEL ,1.0
NRW,30 - 34,58.98,58.98,30.0,0.0,RED INTERNET & PHONE CABLE U ,1.0
KBW,50 - 54,32.97,32.97,30.0,0.0,RED INTERNET & PHONE CABLE U ,1.0
NRW,25 - 29,39.99,39.99,30.0,0.0,RED INTERNET & PHONE CABLE U ,1.0
KBW,50 - 54,44.98,44.98,30.0,0.0,VF CABLEMAX     ,1.0
KBW,55 - 59,54.98,54.98,30.0,0.0,VF RIP U-TREUE  ,0.0
NRW,25 - 29,44.98,44.98,30.0,0.0,VF CABLEMAX     ,1.0
NRW,50 - 54,44.99,44.99,30.0,0.0,3PLAY TREUE      ,0.0
KBW,30 - 34,29.99,29.99,30.0,0.0,VF RIP U-TREUE  ,1.0
NRW,65 - 69,34.99,34.99,30.0,0.0,RED INTERNET & PHONE CABLE U ,0.0
HSN,65 - 69,42.98,42.98,30.0,0.0,VF RIP U-TREUE  ,1.0
NRW,80 and over,34.99,34.99,30.0,0.0,RED INTERNET & PHONE CABLE U ,0.0
KBW,25 - 29,44.97,44.97,30.0,0.0,VF CABLEMAX     ,0.0
NRW,50 - 54,39.99,39.99,30.0,0.0,RED INTERNET & PHONE CABLE U ,0.0
HSN,45 - 49,55.98,34.99,30.0,0.0,RED INTERNET & PHONE CABLE U ,1.0
KBW,30 - 34,49.99,49.99,30.0,0.0,RED INTERNET & PHONE CABLE U ,1.0
KBW,25 - 29,37.98,37.98,30.0,0.0,VF RIP U-TREUE  ,0.0
NRW,50 - 54,32.98,32.98,30.0,0.0,VF RIP U-TREUE  ,1.0
KBW,55 - 59,39.99,39.99,30.0,0.0,VF RIP U-TREUE  ,1.0
NRW,55 - 59,32.99,32.99,30.0,0.0,VF RIP U-TREUE  ,0.0
NRW,40 - 44,34.99,34.99,30.0,0.0,RED INTERNET & PHONE CABLE U ,1.0
KBW,65 - 69,44.98,44.98,30.0,0.0,VF RIP U-TREUE  ,0.0
NRW,70 - 74,44.98,44.98,30.0,0.0,VF CABLEMAX     ,0.0
NRW,60 - 64,39.98,39.98,30.0,0.0,RED INTERNET & PHONE CABLE U ,1.0
KBW,65 - 69,63.86,42.98,30.0,0.0,2PLAY        ,0.0
KBW,35 - 39,39.99,39.99,30.0,0.0,VF RIP U-TREUE  ,1.0
NRW,35 - 39,33.98,33.98,30.0,0.0,RED INTERNET & PHONE CABLE U ,1.0
KBW,60 - 64,42.97,42.97,30.0,0.0,RED INTERNET & PHONE CABLE U ,1.0
KBW,65 - 69,42.97,42.97,30.0,0.0,RED INTERNET & PHONE CABLE U ,1.0
NRW,35 - 39,42.97,42.97,30.0,0.0,RED INTERNET & PHONE CABLE U ,1.0
KBW,25 - 29,39.99,39.99,30.0,0.0,RED INTERNET & PHONE CABLE U ,1.0
NRW,30 - 34,44.98,44.98,30.0,0.0,RED INTERNET & PHONE CABLE U ,1.0
HSN,25 - 29,39.99,39.99,30.0,0.0,RED INTERNET & PHONE CABLE U ,1.0
NRW,65 - 69,49.99,49.99,30.0,0.0,GIGAZUHAUSE KABEL ,0.0
KBW,25 - 29,39.98,39.98,30.0,0.0,VF CABLEMAX     ,0.0
NRW,30 - 34,34.98,34.99,30.0,0.0,RED INTERNET & PHONE CABLE U ,1.0
NRW,45 - 49,24.99,24.99,30.0,0.0,RED INTERNET & PHONE CABLE U ,0.0
NRW,35 - 39,39.99,39.99,30.0,0.0,RED INTERNET & PHONE CABLE U ,0.0
NRW,35 - 39,29.99,29.99,30.0,0.0,INTERNET PREMIUM     ,1.0
NRW,35 - 39,29.99,29.99,30.0,0.0,RED INTERNET & PHONE CABLE U ,0.0
NRW,45 - 49,39.99,39.99,30.0,0.0,RED INTERNET & PHONE CABLE U ,0.0
KBW,55 - 59,44.98,44.98,30.0,0.0,VF CABLEMAX     ,1.0
NRW,30 - 34,44.98,44.98,30.0,0.0,VF CABLEMAX     ,0.0
KBW,75 - 79,34.99,34.99,30.0,0.0,RED INTERNET & PHONE CABLE U ,0.0
NRW,60 - 64,29.99,29.99,30.0,0.0,RED INTERNET & PHONE CABLE U ,1.0
NRW,80 and over,60.97,39.99,30.0,0.0,VF RIP U-TREUE  ,0.0
KBW,40 - 44,34.98,34.98,30.0,0.0,VF CABLEMAX     ,1.0
NRW,80 and over,53.98,32.99,30.0,0.0,3PLAY TREUE      ,0.0
HSN,65 - 69,27.99,27.99,30.0,0.0,RED INTERNET & PHONE CABLE U ,0.0
NRW,50 - 54,42.99,42.99,30.0,0.0,VF RIP U-TREUE  ,0.0
NRW,55 - 59,49.97,49.97,30.0,0.0,VF CABLEMAX     ,0.0
KBW,35 - 39,59.99,59.99,30.0,0.0,RED INTERNET & PHONE CABLE U ,1.0
HSN,60 - 64,34.99,34.99,30.0,0.0,RED INTERNET & PHONE CABLE U ,0.0
HSN,45 - 49,42.99,42.99,30.0,0.0,VF RIP U-TREUE  ,0.0
KBW,40 - 44,34.99,34.99,30.0,0.0,RED INTERNET & PHONE CABLE U ,0.0
NRW,25 - 29,49.97,49.97,30.0,0.0,VF CABLEMAX     ,0.0
NRW,35 - 39,39.99,39.99,30.0,0.0,VF RIP U-TREUE  ,1.0
KBW,60 - 64,54.98,24.99,30.0,0.0,VF RIP U-TREUE  ,0.0
KBW,50 - 54,42.98,42.98,30.0,0.0,VF RIP U-TREUE  ,1.0
NRW,35 - 39,34.99,34.99,30.0,0.0,RED INTERNET & PHONE CABLE U ,1.0
NRW,40 - 44,39.98,39.98,30.0,0.0,RED INTERNET & PHONE CABLE U ,1.0
NRW,25 - 29,34.99,34.99,30.0,0.0,RED INTERNET & PHONE CABLE U ,0.0
HSN,80 and over,30.95,30.95,30.0,0.0,RED INTERNET & PHONE CABLE U ,1.0
NRW,25 - 29,39.99,39.99,30.0,0.0,VF RIP U-TREUE  ,1.0
NRW,30 - 34,54.98,44.98,30.0,0.0,VF CABLEMAX     ,1.0
NRW,40 - 44,44.98,44.98,30.0,0.0,VF CABLEMAX     ,1.0
NRW,40 - 44,24.99,24.99,30.0,0.0,INTERNET COMFORT     ,1.0
NRW,18 - 24,44.98,44.98,30.0,0.0,RED INTERNET & PHONE CABLE U ,1.0
NRW,75 - 79,75.95,44.98,30.0,0.0,VF RIP U-TREUE  ,1.0
KBW,65 - 69,39.98,39.98,30.0,0.0,RED INTERNET & PHONE CABLE U ,0.0
NRW,25 - 29,34.99,34.99,30.0,0.0,RED INTERNET & PHONE CABLE U ,1.0
KBW,80 and over,48.42,48.42,30.0,0.0,3PLAY COMFORT     ,0.0
NRW,25 - 29,44.98,44.98,30.0,0.0,VF CABLEMAX     ,0.0
KBW,50 - 54,29.99,29.99,30.0,0.0,VF RIP U-TREUE  ,0.0
NRW,40 - 44,24.99,24.99,30.0,0.0,INTERNET COMFORT     ,0.0
HSN,60 - 64,29.99,29.99,30.0,0.0,VF RIP U-TREUE  ,0.0
KBW,70 - 74,64.95,19.99,30.0,0.0,2PLAY        ,0.0
NRW,55 - 59,40.97,40.97,30.0,0.0,RED INTERNET & PHONE CABLE U ,1.0
NRW,30 - 34,39.98,39.98,30.0,0.0,RED INTERNET & PHONE CABLE U ,1.0
NRW,50 - 54,64.97,44.98,30.0,0.0,VF CABLEMAX     ,0.0
KBW,45 - 49,49.99,49.99,30.0,0.0,RED INTERNET & PHONE CABLE U ,1.0
HSN,35 - 39,54.99,54.99,30.0,0.0,RED INTERNET & PHONE CABLE U ,1.0
NRW,55 - 59,65.97,44.98,30.0,0.0,VF CABLEMAX     ,0.0
KBW,70 - 74,58.35,37.99,30.0,0.0,VF RIP U-TREUE  ,1.0
NRW,18 - 24,44.98,44.98,30.0,0.0,RED INTERNET & PHONE CABLE U ,1.0
NRW,50 - 54,39.98,39.98,30.0,0.0,VF CABLEMAX     ,0.0
HSN,60 - 64,29.99,29.99,30.0,0.0,RED INTERNET & PHONE CABLE U ,0.0
NRW,40 - 44,49.99,49.99,30.0,0.0,GIGAZUHAUSE KABEL ,0.0
NRW,40 - 44,39.99,39.99,30.0,0.0,RED INTERNET & PHONE CABLE U ,1.0
HSN,40 - 44,44.98,44.98,99.0,0.0,RED INTERNET & PHONE CABLE U ,1.0
KBW,40 - 44,44.98,44.98,30.0,0.0,VF CABLEMAX     ,1.0
KBW,45 - 49,44.98,44.98,30.0,0.0,VF CABLEMAX     ,0.0
KBW,50 - 54,57.97,37.99,30.0,0.0,VF RIP U-TREUE  ,1.0
NRW,65 - 69,29.99,29.99,30.0,0.0,RED INTERNET & PHONE CABLE U ,0.0
KBW,40 - 44,49.99,49.99,30.0,0.0,VF RIP U-TREUE  ,0.0
NRW,35 - 39,32.99,32.99,30.0,0.0,VF RIP U-TREUE  ,0.0
HSN,25 - 29,32.99,32.99,30.0,0.0,VF RIP U-TREUE  ,1.0
NRW,18 - 24,44.98,44.98,66.0,0.0,VF CABLEMAX     ,1.0
NRW,65 - 69,34.99,34.99,30.0,0.0,RED INTERNET & PHONE CABLE U ,1.0
KBW,40 - 44,44.98,44.98,30.0,0.0,VF CABLEMAX     ,0.0
KBW,30 - 34,44.98,44.98,30.0,0.0,VF CABLEMAX     ,1.0
KBW,40 - 44,34.99,34.99,30.0,0.0,RED INTERNET & PHONE CABLE U ,1.0
NRW,30 - 34,24.99,24.99,30.0,0.0,INTERNET COMFORT     ,1.0
NRW,45 - 49,37.98,37.98,30.0,0.0,VF RIP U-TREUE  ,0.0
NRW,35 - 39,48.97,48.97,30.0,0.0,RED INTERNET & PHONE CABLE U ,1.0
NRW,70 - 74,63.96,42.97,30.0,0.0,3PLAY START       ,1.0
KBW,35 - 39,34.99,34.99,30.0,0.0,VF RIP U-TREUE  ,0.0
HSN,35 - 39,39.98,39.98,30.0,0.0,VF RIP U-TREUE  ,1.0
HSN,55 - 59,37.98,37.98,30.0,0.0,VF RIP U-TREUE  ,0.0
NRW,65 - 69,49.99,49.99,30.0,0.0,RED INTERNET & PHONE CABLE U ,1.0
HSN,30 - 34,39.99,39.99,30.0,0.0,RED INTERNET & PHONE CABLE U ,0.0
NRW,75 - 79,49.99,49.99,30.0,0.0,RED INTERNET & PHONE CABLE U ,0.0
NRW,50 - 54,44.98,44.98,30.0,0.0,RED INTERNET & PHONE CABLE U ,1.0
NRW,35 - 39,47.96,37.97,30.0,0.0,RED INTERNET & PHONE CABLE U ,0.0
NRW,45 - 49,34.99,34.99,30.0,0.0,RED INTERNET & PHONE CABLE U ,0.0
NRW,45 - 49,44.98,44.98,30.0,0.0,VF CABLEMAX     ,1.0
KBW,70 - 74,34.99,34.99,30.0,0.0,RED INTERNET & PHONE CABLE U ,1.0
KBW,30 - 34,39.98,39.98,30.0,0.0,VF CABLEMAX     ,0.0
KBW,50 - 54,49.99,49.99,30.0,0.0,RED INTERNET & PHONE CABLE U ,1.0
KBW,80 and over,34.99,34.99,30.0,0.0,RED INTERNET & PHONE CABLE U ,0.0
KBW,60 - 64,25.0,25.0,30.0,0.0,RED INTERNET & PHONE CABLE U ,0.0
HSN,65 - 69,32.99,32.99,30.0,0.0,VF RIP U-TREUE  ,0.0
KBW,60 - 64,29.99,29.99,30.0,0.0,VF RIP U-TREUE  ,0.0
NRW,35 - 39,24.99,24.99,30.0,0.0,INTERNET COMFORT     ,0.0
KBW,45 - 49,52.97,52.97,30.0,0.0,VF CABLEMAX     ,1.0
KBW,30 - 34,44.98,44.98,30.0,0.0,RED INTERNET & PHONE CABLE U ,0.0
NRW,50 - 54,37.99,37.99,30.0,0.0,VF RIP U-TREUE  ,1.0
KBW,25 - 29,44.98,44.98,30.0,0.0,RED INTERNET & PHONE CABLE U ,1.0
NRW,50 - 54,44.98,44.98,30.0,0.0,VF CABLEMAX     ,1.0
NRW,35 - 39,39.99,39.99,30.0,0.0,RED INTERNET & PHONE CABLE U ,1.0
KBW,55 - 59,37.98,37.98,30.0,0.0,VF RIP U-TREUE  ,0.0
NRW,70 - 74,32.98,32.98,30.0,0.0,VF RIP U-TREUE  ,0.0
HSN,35 - 39,39.99,39.99,30.0,0.0,RED INTERNET & PHONE CABLE U ,0.0
KBW,30 - 34,39.98,39.98,88.0,0.0,GIGAZUHAUSE KABEL ,1.0
HSN,55 - 59,39.98,39.98,30.0,0.0,RED INTERNET & PHONE CABLE U ,0.0
NRW,45 - 49,44.98,44.98,30.0,0.0,VF CABLEMAX     ,0.0
KBW,65 - 69,34.99,34.99,30.0,0.0,RED INTERNET & PHONE CABLE U ,0.0
NRW,45 - 49,48.97,48.97,30.0,0.0,VF CABLEMAX     ,0.0
HSN,50 - 54,39.98,39.98,30.0,0.0,VF CABLEMAX     ,1.0
HSN,40 - 44,37.99,37.99,30.0,0.0,VF RIP U-TREUE  ,0.0
HSN,30 - 34,44.98,44.98,30.0,0.0,RED INTERNET & PHONE CABLE U ,1.0
NRW,80 and over,45.34,45.98,30.0,0.0,3PLAY JUMP      ,1.0
KBW,75 - 79,64.96,39.99,39.0,0.0,VF CABLEMAX     ,0.0
NRW,65 - 69,38.98,38.98,30.0,0.0,RED INTERNET & PHONE CABLE U ,1.0
HSN,55 - 59,35.99,24.99,30.0,0.0,VF RIP U-TREUE  ,1.0
NRW,25 - 29,34.99,34.99,30.0,0.0,RED INTERNET & PHONE CABLE U ,0.0
NRW,80 and over,34.99,34.99,30.0,0.0,RED INTERNET & PHONE CABLE U ,0.0
KBW,35 - 39,34.99,34.99,30.0,0.0,RED INTERNET & PHONE CABLE U ,1.0
NRW,40 - 44,29.98,29.98,30.0,0.0,VF RIP U-TREUE  ,1.0
NRW,35 - 39,39.98,39.98,30.0,0.0,VF RIP U-TREUE  ,1.0
NRW,35 - 39,49.97,49.97,30.0,0.0,VF CABLEMAX     ,1.0
KBW,35 - 39,44.98,44.98,30.0,0.0,VF CABLEMAX     ,0.0
NRW,25 - 29,34.99,34.99,30.0,0.0,RED INTERNET & PHONE CABLE U ,1.0
HSN,50 - 54,39.99,39.99,30.0,0.0,VF RIP U-TREUE  ,0.0
NRW,35 - 39,34.99,34.99,30.0,0.0,RED INTERNET & PHONE CABLE U ,0.0
NRW,45 - 49,44.98,44.98,30.0,0.0,RED INTERNET & PHONE CABLE U ,0.0
KBW,50 - 54,44.98,44.98,30.0,0.0,VF CABLEMAX     ,1.0
KBW,55 - 59,42.97,42.97,30.0,0.0,RED INTERNET & PHONE CABLE U ,0.0
NRW,80 and over,0.0,0.0,30.0,0.0,MMA        ,0.0
NRW,70 - 74,29.99,29.99,30.0,0.0,VF RIP U-TREUE  ,0.0
KBW,25 - 29,44.98,44.98,30.0,0.0,RED INTERNET & PHONE CABLE U ,1.0
NRW,30 - 34,44.98,44.98,30.0,0.0,RED INTERNET & PHONE CABLE U ,0.0
NRW,40 - 44,37.98,37.98,30.0,0.0,VF RIP U-TREUE  ,0.0
KBW,35 - 39,59.97,44.98,30.0,0.0,VF CABLEMAX     ,1.0
KBW,25 - 29,39.99,39.99,30.0,0.0,RED INTERNET & PHONE CABLE U ,1.0
NRW,65 - 69,44.98,44.98,30.0,0.0,RED INTERNET & PHONE CABLE U ,1.0
KBW,40 - 44,39.99,39.99,30.0,0.0,RED INTERNET & PHONE CABLE U ,1.0
NRW,18 - 24,44.98,44.98,30.0,0.0,VF CABLEMAX     ,0.0
KBW,25 - 29,34.99,34.99,30.0,0.0,RED INTERNET & PHONE CABLE U ,1.0
HSN,45 - 49,62.98,62.98,106.0,0.0,GIGAZUHAUSE KABEL ,1.0
NRW,60 - 64,44.98,44.98,30.0,0.0,VF CABLEMAX     ,1.0
NRW,50 - 54,54.98,54.98,30.0,0.0,GIGAZUHAUSE KABEL ,1.0
NRW,40 - 44,29.99,29.99,30.0,0.0,VF RIP U-TREUE  ,1.0
NRW,75 - 79,39.98,39.99,30.0,0.0,VF RIP U-TREUE  ,0.0
KBW,60 - 64,44.98,44.98,30.0,0.0,VF CABLEMAX     ,1.0
KBW,50 - 54,49.97,49.97,30.0,0.0,VF CABLEMAX     ,1.0
NRW,40 - 44,49.99,49.99,30.0,0.0,GIGAZUHAUSE KABEL ,1.0
KBW,35 - 39,37.98,37.98,30.0,0.0,VF RIP U-TREUE  ,0.0
KBW,30 - 34,44.98,44.98,30.0,0.0,VF CABLEMAX     ,1.0
NRW,50 - 54,44.98,44.98,30.0,0.0,VF CABLEMAX     ,1.0
KBW,65 - 69,49.97,49.97,30.0,0.0,VF CABLEMAX     ,0.0
NRW,55 - 59,34.99,34.99,30.0,0.0,RED INTERNET & PHONE CABLE U ,1.0
NRW,55 - 59,69.96,44.98,30.0,0.0,VF CABLEMAX     ,1.0
KBW,18 - 24,44.98,44.98,30.0,0.0,RED INTERNET & PHONE CABLE U ,0.0
HSN,60 - 64,39.98,29.99,30.0,0.0,RED INTERNET & PHONE CABLE U ,1.0
NRW,60 - 64,32.99,32.99,30.0,0.0,VF RIP U-TREUE  ,1.0
KBW,40 - 44,37.98,37.98,30.0,0.0,VF RIP U-TREUE  ,0.0
KBW,30 - 34,44.98,44.98,30.0,0.0,VF CABLEMAX     ,1.0
NRW,55 - 59,47.98,47.98,30.0,0.0,VF RIP U-TREUE  ,0.0
NRW,30 - 34,44.98,44.98,30.0,0.0,RED INTERNET & PHONE CABLE U ,1.0
NRW,30 - 34,44.98,44.98,80.0,0.0,VF CABLEMAX     ,1.0
KBW,35 - 39,37.99,37.99,30.0,0.0,VF RIP U-TREUE  ,1.0
KBW,65 - 69,44.98,44.98,30.0,0.0,RED INTERNET & PHONE CABLE U ,1.0
NRW,55 - 59,44.98,44.98,30.0,0.0,VF CABLEMAX     ,1.0
KBW,50 - 54,44.98,44.98,30.0,0.0,RED INTERNET & PHONE CABLE U ,1.0
NRW,30 - 34,44.98,44.98,30.0,0.0,RED INTERNET & PHONE CABLE U ,0.0
HSN,65 - 69,69.97,49.99,30.0,0.0,GIGAZUHAUSE KABEL ,1.0
NRW,30 - 34,54.98,54.98,30.0,0.0,RED INTERNET & PHONE CABLE U ,1.0
NRW,65 - 69,39.99,39.99,30.0,0.0,RED INTERNET & PHONE CABLE U ,1.0
KBW,50 - 54,34.99,34.99,30.0,0.0,RED INTERNET & PHONE CABLE U ,1.0
KBW,55 - 59,42.97,42.97,30.0,0.0,RED INTERNET & PHONE CABLE U ,1.0
NRW,60 - 64,19.99,19.99,30.0,0.0,EAZY       ,1.0
NRW,30 - 34,34.99,34.99,30.0,0.0,RED INTERNET & PHONE CABLE U ,0.0
HSN,55 - 59,37.98,37.98,30.0,0.0,VF RIP U-TREUE  ,1.0
HSN,55 - 59,39.98,39.98,30.0,0.0,VF CABLEMAX     ,0.0
KBW,60 - 64,34.99,34.99,30.0,0.0,RED INTERNET & PHONE CABLE U ,1.0
KBW,40 - 44,47.99,47.99,30.0,0.0,VF RIP U-TREUE  ,0.0
NRW,75 - 79,37.98,37.98,30.0,0.0,RED INTERNET & PHONE CABLE U ,1.0
KBW,60 - 64,30.88,30.88,30.0,0.0,RED INTERNET & PHONE CABLE U ,0.0
HSN,55 - 59,44.98,44.98,30.0,0.0,VF CABLEMAX     ,0.0
NRW,30 - 34,44.98,44.98,97.0,0.0,VF CABLEMAX     ,1.0
KBW,25 - 29,44.98,44.98,30.0,0.0,RED INTERNET & PHONE CABLE U ,0.0
KBW,35 - 39,39.98,39.98,30.0,0.0,VF CABLEMAX     ,0.0
NRW,65 - 69,64.98,29.99,30.0,0.0,VF RIP U-TREUE  ,1.0
HSN,60 - 64,44.98,44.98,30.0,0.0,2PLAY FLY      ,0.0
HSN,18 - 24,39.98,39.98,30.0,0.0,VF CABLEMAX     ,1.0
KBW,80 and over,49.97,49.97,30.0,0.0,VF CABLEMAX     ,0.0
KBW,50 - 54,34.99,34.99,30.0,0.0,RED INTERNET & PHONE CABLE U ,1.0
HSN,25 - 29,37.98,37.98,30.0,0.0,VF RIP U-TREUE  ,1.0
NRW,50 - 54,48.97,48.97,30.0,0.0,VF CABLEMAX     ,1.0
KBW,60 - 64,44.98,44.98,30.0,0.0,RED INTERNET & PHONE CABLE U ,0.0
KBW,55 - 59,44.98,44.98,30.0,0.0,VF CABLEMAX     ,0.0
NRW,55 - 59,32.99,32.99,30.0,0.0,VF RIP U-TREUE  ,1.0
NRW,55 - 59,44.98,44.98,30.0,0.0,VF CABLEMAX     ,1.0
KBW,25 - 29,44.98,44.98,30.0,0.0,RED INTERNET & PHONE CABLE U ,1.0
HSN,40 - 44,39.98,39.98,30.0,0.0,VF CABLEMAX     ,1.0
KBW,35 - 39,44.98,44.98,30.0,0.0,VF CABLEMAX     ,1.0
NRW,35 - 39,42.98,42.98,30.0,0.0,VF RIP U-TREUE  ,1.0
HSN,70 - 74,47.96,47.96,30.0,0.0,RED INTERNET & PHONE CABLE U ,0.0
HSN,55 - 59,75.97,44.98,30.0,0.0,VF CABLEMAX     ,0.0
KBW,65 - 69,54.99,34.99,30.0,0.0,RED INTERNET & PHONE CABLE U ,0.0
NRW,40 - 44,39.99,39.99,30.0,0.0,RED INTERNET & PHONE CABLE U ,1.0
HSN,40 - 44,44.98,44.98,30.0,0.0,VF CABLEMAX     ,0.0
HSN,55 - 59,54.99,54.99,30.0,0.0,RED INTERNET & PHONE CABLE U ,1.0
NRW,25 - 29,19.99,19.99,30.0,0.0,EAZY       ,0.0
NRW,70 - 74,34.99,34.99,30.0,1.0,RED INTERNET & PHONE CABLE U ,0.0
NRW,25 - 29,32.99,32.99,30.0,0.0,VF RIP U-TREUE  ,1.0
KBW,25 - 29,39.99,39.99,30.0,0.0,RED INTERNET & PHONE CABLE U ,0.0
KBW,30 - 34,39.98,39.98,86.0,0.0,GIGAZUHAUSE KABEL ,1.0
NRW,60 - 64,44.98,44.98,30.0,0.0,2PLAY PLUS       ,0.0
KBW,50 - 54,59.97,47.97,30.0,0.0,VF RIP U-TREUE  ,1.0
HSN,60 - 64,44.98,44.98,30.0,0.0,VF CABLEMAX     ,1.0
KBW,25 - 29,34.99,34.99,30.0,0.0,RED INTERNET & PHONE CABLE U ,1.0
HSN,40 - 44,39.99,39.99,30.0,0.0,RED INTERNET & PHONE CABLE U ,0.0
KBW,75 - 79,34.99,34.99,30.0,0.0,VF RIP U-TREUE  ,0.0
NRW,25 - 29,54.98,54.98,30.0,0.0,RED INTERNET & PHONE CABLE U ,0.0
KBW,25 - 29,39.99,39.99,30.0,0.0,RED INTERNET & PHONE CABLE U ,0.0
NRW,40 - 44,54.99,54.99,30.0,0.0,RED INTERNET & PHONE CABLE U ,1.0
NRW,70 - 74,27.97,27.97,30.0,0.0,RED INTERNET & PHONE CABLE U ,1.0
KBW,25 - 29,39.98,39.98,30.0,0.0,RED INTERNET & PHONE CABLE U ,0.0
HSN,75 - 79,65.97,44.98,30.0,0.0,VF RIP U-TREUE  ,0.0
KBW,35 - 39,39.98,39.98,30.0,0.0,VF CABLEMAX     ,1.0
HSN,30 - 34,39.99,39.99,30.0,0.0,RED INTERNET & PHONE CABLE U ,0.0
KBW,30 - 34,39.99,39.99,30.0,0.0,RED INTERNET & PHONE CABLE U ,1.0
KBW,55 - 59,44.98,44.98,30.0,0.0,VF RIP U-TREUE  ,1.0
NRW,45 - 49,24.99,24.99,30.0,0.0,INTERNET COMFORT     ,0.0
NRW,35 - 39,24.98,24.98,30.0,0.0,RED INTERNET & PHONE CABLE U ,0.0
NRW,25 - 29,34.99,34.99,30.0,0.0,RED INTERNET & PHONE CABLE U ,1.0
KBW,40 - 44,39.99,39.99,30.0,0.0,RED INTERNET & PHONE CABLE U ,0.0
KBW,50 - 54,49.99,49.99,30.0,0.0,RED INTERNET & PHONE CABLE U ,0.0
KBW,35 - 39,39.99,39.99,30.0,0.0,VF RIP U-TREUE  ,0.0
NRW,55 - 59,49.97,49.97,30.0,1.0,VF CABLEMAX     ,1.0
KBW,25 - 29,44.98,44.98,55.0,0.0,RED INTERNET & PHONE CABLE U ,1.0
HSN,80 and over,34.97,34.98,30.0,0.0,RED INTERNET & PHONE CABLE U ,1.0
NRW,80 and over,34.98,34.98,30.0,0.0,RED INTERNET & PHONE CABLE U ,1.0
HSN,40 - 44,39.98,39.98,30.0,0.0,RED INTERNET & PHONE CABLE U ,1.0
KBW,55 - 59,54.98,54.98,30.0,0.0,GIGAZUHAUSE KABEL ,0.0
KBW,50 - 54,49.97,49.97,30.0,0.0,VF CABLEMAX     ,0.0
NRW,30 - 34,34.99,34.99,30.0,0.0,RED INTERNET & PHONE CABLE U ,0.0
NRW,55 - 59,44.98,44.98,30.0,0.0,VF RIP U-TREUE  ,1.0
KBW,35 - 39,39.99,39.99,30.0,0.0,RED INTERNET & PHONE CABLE U ,1.0
NRW,35 - 39,29.99,29.99,30.0,0.0,VF RIP U-TREUE  ,0.0
KBW,55 - 59,44.98,44.98,30.0,0.0,RED INTERNET & PHONE CABLE U ,1.0
NRW,18 - 24,44.98,44.98,30.0,0.0,VF CABLEMAX     ,1.0
NRW,30 - 34,44.98,44.98,30.0,1.0,VF CABLEMAX     ,0.0
NRW,25 - 29,49.99,49.99,30.0,0.0,RED INTERNET & PHONE CABLE U ,1.0
HSN,35 - 39,29.99,29.99,30.0,0.0,VF RIP U-TREUE  ,1.0
KBW,40 - 44,54.99,54.99,30.0,0.0,RED INTERNET & PHONE CABLE U ,1.0
NRW,45 - 49,54.99,54.99,30.0,0.0,RED INTERNET & PHONE CABLE U ,1.0
KBW,45 - 49,34.99,34.99,30.0,0.0,RED INTERNET & PHONE CABLE U ,1.0
NRW,40 - 44,44.98,44.98,30.0,0.0,VF CABLEMAX     ,0.0
KBW,65 - 69,52.96,52.96,30.0,0.0,3PLAY FLY      ,0.0
NRW,80 and over,68.95,42.99,30.0,0.0,3PLAY TREUE      ,0.0
HSN,55 - 59,54.99,54.99,30.0,0.0,RED INTERNET & PHONE CABLE U ,1.0
KBW,25 - 29,44.98,44.98,30.0,0.0,VF CABLEMAX     ,1.0
HSN,40 - 44,44.98,44.98,30.0,0.0,VF CABLEMAX     ,1.0
KBW,55 - 59,60.98,39.99,30.0,0.0,RED INTERNET & PHONE CABLE U ,1.0
KBW,70 - 74,49.97,49.97,30.0,0.0,VF CABLEMAX     ,1.0
NRW,65 - 69,52.96,52.96,30.0,0.0,3PLAY PLUS       ,0.0
KBW,60 - 64,34.99,34.99,30.0,0.0,RED INTERNET & PHONE CABLE U ,1.0
KBW,40 - 44,39.99,39.99,30.0,0.0,VF RIP U-TREUE  ,1.0
NRW,55 - 59,34.99,34.99,30.0,0.0,RED INTERNET & PHONE CABLE U ,1.0
KBW,35 - 39,44.98,44.98,30.0,0.0,RED INTERNET & PHONE CABLE U ,0.0
HSN,50 - 54,47.97,47.97,30.0,0.0,VF RIP U-TREUE  ,1.0
NRW,30 - 34,29.99,29.99,30.0,0.0,INTERNET PREMIUM     ,0.0
HSN,35 - 39,39.99,39.99,30.0,0.0,RED INTERNET & PHONE CABLE U ,1.0
HSN,35 - 39,39.98,39.98,30.0,0.0,RED INTERNET & PHONE CABLE U ,0.0
NRW,55 - 59,37.99,37.99,30.0,0.0,VF RIP U-TREUE  ,0.0
KBW,35 - 39,58.98,58.98,30.0,0.0,RED INTERNET & PHONE CABLE U ,1.0
NRW,30 - 34,39.99,39.99,30.0,0.0,RED INTERNET & PHONE CABLE U ,1.0
NRW,55 - 59,54.98,54.98,30.0,0.0,GIGAZUHAUSE KABEL ,1.0
KBW,60 - 64,34.99,34.99,30.0,0.0,RED INTERNET & PHONE CABLE U ,0.0
KBW,45 - 49,49.99,49.99,30.0,0.0,RED INTERNET & PHONE CABLE U ,0.0
HSN,35 - 39,44.98,44.98,30.0,0.0,RED INTERNET & PHONE CABLE U ,1.0
KBW,80 and over,70.96,49.96,30.0,0.0,VF CABLEMAX     ,0.0
HSN,40 - 44,44.99,44.99,30.0,0.0,VF CABLEMAX     ,0.0
KBW,40 - 44,49.99,49.99,30.0,0.0,RED INTERNET & PHONE CABLE U ,0.0
KBW,25 - 29,39.98,39.98,30.0,0.0,RED INTERNET & PHONE CABLE U ,0.0
KBW,40 - 44,34.99,34.99,30.0,0.0,RED INTERNET & PHONE CABLE U ,1.0
KBW,18 - 24,44.98,44.98,30.0,0.0,RED INTERNET & PHONE CABLE U ,1.0
KBW,30 - 34,34.99,34.99,97.0,0.0,RED INTERNET & PHONE CABLE U ,1.0
KBW,55 - 59,50.78,50.84,30.0,0.0,3PLAY FLY      ,1.0
HSN,55 - 59,39.99,39.99,30.0,0.0,RED INTERNET & PHONE CABLE U ,0.0
NRW,55 - 59,54.98,54.98,30.0,0.0,GIGAZUHAUSE KABEL ,1.0
NRW,50 - 54,64.97,44.98,30.0,0.0,VF CABLEMAX     ,1.0
KBW,30 - 34,44.98,44.98,30.0,0.0,VF CABLEMAX     ,1.0
NRW,18 - 24,39.98,39.98,30.0,0.0,2PLAY PLUS       ,1.0
NRW,30 - 34,44.98,44.98,30.0,0.0,RED INTERNET & PHONE CABLE U ,1.0
KBW,30 - 34,39.98,39.98,30.0,0.0,RED INTERNET & PHONE CABLE U ,1.0
NRW,25 - 29,34.98,34.98,30.0,1.0,RED INTERNET & PHONE CABLE U ,0.0
NRW,35 - 39,34.99,34.99,30.0,0.0,RED INTERNET & PHONE CABLE U ,0.0
KBW,45 - 49,34.99,34.99,30.0,0.0,RED INTERNET & PHONE CABLE U ,1.0
NRW,55 - 59,54.99,54.99,30.0,0.0,RED INTERNET & PHONE CABLE U ,0.0
KBW,65 - 69,70.98,49.99,30.0,0.0,RED INTERNET & PHONE CABLE U ,0.0
NRW,75 - 79,42.97,42.97,30.0,0.0,2PLAY COMFORT     ,1.0
NRW,55 - 59,33.98,33.98,30.0,0.0,RED INTERNET & PHONE CABLE U ,1.0
KBW,60 - 64,42.97,42.97,30.0,0.0,RED INTERNET & PHONE CABLE U ,0.0
NRW,65 - 69,22.99,22.99,30.0,0.0,EAZY FLEX    ,1.0
NRW,25 - 29,44.98,44.98,30.0,0.0,VF CABLEMAX     ,1.0
NRW,30 - 34,24.99,24.99,30.0,0.0,INTERNET COMFORT     ,1.0
NRW,18 - 24,39.99,39.99,30.0,0.0,RED INTERNET & PHONE CABLE U ,1.0
HSN,35 - 39,53.99,53.99,30.0,0.0,3PLAY START       ,1.0
KBW,60 - 64,58.98,58.98,30.0,0.0,RED INTERNET & PHONE CABLE U ,0.0
KBW,70 - 74,44.98,44.98,30.0,0.0,VF CABLEMAX     ,1.0
KBW,70 - 74,50.97,29.99,30.0,0.0,VF RIP U-TREUE  ,0.0
KBW,35 - 39,39.99,39.99,30.0,0.0,RED INTERNET & PHONE CABLE U ,1.0
NRW,40 - 44,29.99,29.99,30.0,0.0,VF RIP U-TREUE  ,1.0
KBW,40 - 44,39.99,39.99,30.0,0.0,VF RIP U-TREUE  ,1.0
NRW,40 - 44,29.99,29.99,30.0,0.0,RED INTERNET & PHONE CABLE U ,1.0
NRW,30 - 34,44.98,44.98,30.0,0.0,VF CABLEMAX     ,0.0
NRW,25 - 29,44.98,44.98,30.0,0.0,VF CABLEMAX     ,0.0
NRW,55 - 59,34.99,34.99,30.0,0.0,RED INTERNET & PHONE CABLE U ,1.0
KBW,25 - 29,44.98,44.98,30.0,0.0,RED INTERNET & PHONE CABLE U ,0.0
NRW,60 - 64,37.98,37.98,30.0,0.0,VF RIP U-TREUE  ,0.0
KBW,55 - 59,39.98,39.98,30.0,0.0,VF CABLEMAX     ,0.0
NRW,65 - 69,44.98,44.98,30.0,0.0,VF CABLEMAX     ,0.0
NRW,50 - 54,49.97,49.97,30.0,0.0,VF CABLEMAX     ,1.0
NRW,65 - 69,55.97,34.99,30.0,0.0,RED INTERNET & PHONE CABLE U ,0.0
NRW,45 - 49,39.99,39.99,30.0,0.0,VF RIP U-TREUE  ,0.0
NRW,30 - 34,54.98,54.98,30.0,0.0,GIGAZUHAUSE KABEL ,0.0
NRW,25 - 29,39.98,39.98,30.0,0.0,RED INTERNET & PHONE CABLE U ,1.0
KBW,25 - 29,34.99,34.99,30.0,0.0,RED INTERNET & PHONE CABLE U ,0.0
KBW,60 - 64,49.97,49.97,30.0,0.0,RED INTERNET & PHONE CABLE U ,0.0
HSN,55 - 59,29.99,29.99,30.0,0.0,VF RIP U-TREUE  ,1.0
KBW,35 - 39,44.98,44.98,30.0,0.0,VF CABLEMAX     ,1.0
HSN,80 and over,34.99,34.99,30.0,0.0,RED INTERNET & PHONE CABLE U ,1.0
NRW,35 - 39,44.98,44.98,30.0,0.0,VF CABLEMAX     ,1.0
KBW,45 - 49,34.99,34.99,30.0,0.0,RED INTERNET & PHONE CABLE U ,1.0
NRW,40 - 44,24.99,24.99,30.0,0.0,INTERNET COMFORT     ,0.0
HSN,40 - 44,39.99,39.99,30.0,0.0,RED INTERNET & PHONE CABLE U ,0.0
KBW,35 - 39,49.97,49.97,30.0,0.0,VF CABLEMAX     ,1.0
KBW,25 - 29,39.99,39.99,30.0,0.0,RED INTERNET & PHONE CABLE U ,1.0
HSN,60 - 64,34.99,34.99,30.0,0.0,RED INTERNET & PHONE CABLE U ,0.0
KBW,60 - 64,27.99,27.99,30.0,0.0,VF RIP U-TREUE  ,0.0
NRW,55 - 59,54.98,54.98,30.0,0.0,RED INTERNET & PHONE CABLE U ,0.0
HSN,35 - 39,39.99,39.99,30.0,0.0,RED INTERNET & PHONE CABLE U ,1.0
HSN,40 - 44,44.98,44.98,30.0,0.0,RED INTERNET & PHONE CABLE U ,1.0
NRW,25 - 29,39.99,39.99,30.0,0.0,RED INTERNET & PHONE CABLE U ,1.0
KBW,35 - 39,34.99,34.99,30.0,0.0,RED INTERNET & PHONE CABLE U ,0.0
NRW,55 - 59,54.98,54.98,30.0,0.0,GIGAZUHAUSE KABEL ,1.0
HSN,55 - 59,70.95,50.98,30.0,0.0,RED INTERNET & PHONE CABLE U ,1.0
KBW,80 and over,44.98,29.99,30.0,0.0,VF RIP U-TREUE  ,0.0
NRW,60 - 64,64.98,44.99,30.0,0.0,VF RIP U-TREUE  ,1.0
KBW,55 - 59,54.98,54.98,30.0,0.0,RED INTERNET & PHONE CABLE U ,1.0
NRW,30 - 34,44.98,44.98,30.0,0.0,VF CABLEMAX     ,1.0
NRW,40 - 44,39.98,39.98,30.0,0.0,VF CABLEMAX     ,0.0
HSN,25 - 29,34.99,34.99,30.0,0.0,RED INTERNET & PHONE CABLE U ,1.0
NRW,50 - 54,34.99,34.99,30.0,0.0,RED INTERNET & PHONE CABLE U ,0.0
KBW,55 - 59,44.98,44.98,30.0,0.0,RED INTERNET & PHONE CABLE U ,0.0
HSN,30 - 34,39.98,39.98,30.0,0.0,RED INTERNET & PHONE CABLE U ,0.0
NRW,50 - 54,54.99,54.99,30.0,0.0,RED INTERNET & PHONE CABLE U ,0.0
HSN,35 - 39,39.98,39.98,30.0,0.0,RED INTERNET & PHONE CABLE U ,1.0
KBW,40 - 44,39.99,39.99,30.0,0.0,VF RIP U-TREUE  ,0.0
NRW,34 -99,44.97,44.97,30.0,0.0,GIGAZUHAUSE KABEL ,1.0
NRW,40 - 44,42.98,42.98,30.0,0.0,VF RIP U-TREUE  ,1.0
KBW,40 - 44,69.96,44.98,30.0,0.0,VF RIP U-TREUE  ,0.0
KBW,35 - 39,49.97,49.97,30.0,0.0,VF CABLEMAX     ,1.0
HSN,35 - 39,34.99,34.99,30.0,0.0,RED INTERNET & PHONE CABLE U ,1.0
NRW,45 - 49,49.97,49.97,30.0,0.0,VF CABLEMAX     ,0.0
NRW,55 - 59,42.97,42.97,30.0,0.0,RED INTERNET & PHONE CABLE U ,0.0
KBW,70 - 74,34.99,34.99,30.0,0.0,RED INTERNET & PHONE CABLE U ,1.0
KBW,35 - 39,69.96,32.99,30.0,0.0,VF RIP U-TREUE  ,1.0
HSN,35 - 39,49.99,49.99,30.0,0.0,GIGAZUHAUSE KABEL ,1.0
KBW,80 and over,37.97,37.98,30.0,0.0,GIGAZUHAUSE TREUE D ,0.0
KBW,60 - 64,49.97,49.97,30.0,0.0,VF CABLEMAX     ,1.0
HSN,65 - 69,44.98,44.98,30.0,0.0,VF CABLEMAX     ,1.0
KBW,55 - 59,54.99,54.99,30.0,0.0,RED INTERNET & PHONE CABLE U ,0.0
NRW,30 - 34,24.99,24.99,30.0,0.0,INTERNET COMFORT     ,1.0
NRW,70 - 74,34.98,34.98,30.0,0.0,VF CABLEMAX     ,1.0
NRW,55 - 59,44.99,44.99,30.0,0.0,3PLAY TREUE      ,0.0
NRW,40 - 44,24.99,24.99,30.0,0.0,INTERNET COMFORT     ,1.0
NRW,25 - 29,34.99,34.99,30.0,0.0,RED INTERNET & PHONE CABLE U ,1.0
KBW,75 - 79,70.96,44.98,30.0,0.0,VF CABLEMAX     ,1.0
KBW,75 - 79,39.99,39.99,30.0,0.0,RED INTERNET & PHONE CABLE U ,1.0
KBW,60 - 64,34.99,34.99,30.0,0.0,RED INTERNET & PHONE CABLE U ,0.0
NRW,65 - 69,37.78,37.78,30.0,0.0,RED INTERNET & PHONE CABLE U ,0.0
NRW,30 - 34,39.99,39.99,30.0,0.0,VF RIP U-TREUE  ,0.0
NRW,30 - 34,39.98,39.98,30.0,0.0,VF CABLEMAX     ,1.0
KBW,75 - 79,51.95,38.98,30.0,0.0,VF RIP U-TREUE  ,0.0
NRW,25 - 29,34.99,34.99,30.0,0.0,RED INTERNET & PHONE CABLE U ,1.0
NRW,25 - 29,44.98,44.98,30.0,0.0,RED INTERNET & PHONE CABLE U ,0.0
KBW,30 - 34,59.99,59.99,30.0,0.0,RED INTERNET & PHONE CABLE U ,1.0
KBW,45 - 49,54.98,54.98,30.0,0.0,GIGAZUHAUSE KABEL ,0.0
KBW,25 - 29,34.99,34.99,30.0,0.0,RED INTERNET & PHONE CABLE U ,1.0
KBW,80 and over,34.99,34.99,30.0,0.0,RED INTERNET & PHONE CABLE U ,0.0
KBW,55 - 59,34.99,34.99,30.0,0.0,VF RIP U-TREUE  ,1.0
KBW,50 - 54,44.98,44.98,30.0,0.0,RED INTERNET & PHONE CABLE U ,0.0
KBW,35 - 39,24.99,24.99,30.0,0.0,VF RIP U-TREUE  ,1.0
NRW,50 - 54,52.98,52.98,30.0,0.0,3PLAY TREUE GENRE    ,0.0
HSN,35 - 39,48.97,48.97,30.0,0.0,VF CABLEMAX     ,1.0
NRW,65 - 69,34.99,34.99,30.0,0.0,RED INTERNET & PHONE CABLE U ,0.0
KBW,45 - 49,32.99,32.99,30.0,0.0,VF RIP U-TREUE  ,0.0
NRW,40 - 44,42.98,42.98,30.0,0.0,VF RIP U-TREUE  ,0.0
NRW,45 - 49,39.99,39.99,30.0,0.0,RED INTERNET & PHONE CABLE U ,1.0
KBW,80 and over,34.99,34.99,30.0,0.0,RED INTERNET & PHONE CABLE U ,1.0
NRW,70 - 74,60.34,39.98,30.0,0.0,VF CABLEMAX     ,1.0
NRW,60 - 64,29.99,29.99,30.0,0.0,VF RIP U-TREUE  ,0.0
KBW,35 - 39,44.98,44.98,30.0,0.0,RED INTERNET & PHONE CABLE U ,1.0
NRW,25 - 29,39.99,39.99,30.0,0.0,RED INTERNET & PHONE CABLE U ,1.0
KBW,55 - 59,44.98,44.98,30.0,0.0,VF CABLEMAX     ,1.0
NRW,50 - 54,44.98,44.98,30.0,0.0,VF CABLEMAX     ,1.0
NRW,75 - 79,34.99,34.99,30.0,0.0,RED INTERNET & PHONE CABLE U ,1.0
KBW,45 - 49,42.98,42.98,30.0,0.0,VF RIP U-TREUE  ,0.0
KBW,45 - 49,39.98,39.98,30.0,0.0,VF CABLEMAX     ,1.0
HSN,25 - 29,39.99,39.99,30.0,0.0,RED INTERNET & PHONE CABLE U ,1.0
NRW,60 - 64,29.99,29.99,30.0,0.0,VF RIP U-TREUE  ,0.0
KBW,30 - 34,39.99,39.99,30.0,0.0,RED INTERNET & PHONE CABLE U ,1.0
HSN,45 - 49,52.98,52.98,30.0,0.0,GIGAZUHAUSE KABEL ,0.0
KBW,30 - 34,42.98,42.98,30.0,0.0,VF RIP U-TREUE  ,0.0
KBW,80 and over,42.98,42.98,30.0,0.0,2PLAY PLUS       ,0.0
NRW,30 - 34,54.97,54.97,30.0,0.0,RED INTERNET & PHONE CABLE U ,1.0
HSN,60 - 64,70.96,49.97,30.0,0.0,VF CABLEMAX     ,0.0
KBW,25 - 29,47.99,47.99,30.0,0.0,VF RIP U-TREUE  ,0.0
KBW,35 - 39,44.97,44.97,30.0,0.0,VF CABLEMAX     ,0.0
NRW,35 - 39,43.98,43.98,30.0,0.0,RED INTERNET & PHONE CABLE U ,0.0
NRW,55 - 59,44.98,44.98,30.0,0.0,RED INTERNET & PHONE CABLE U ,1.0
KBW,60 - 64,51.94,34.99,30.0,0.0,VF RIP U-TREUE  ,1.0
KBW,75 - 79,44.98,44.98,30.0,0.0,RED INTERNET & PHONE CABLE U ,1.0
HSN,40 - 44,58.98,58.98,30.0,0.0,RED INTERNET & PHONE CABLE U ,0.0
NRW,25 - 29,44.98,44.98,30.0,0.0,RED INTERNET & PHONE CABLE U ,0.0
KBW,30 - 34,39.99,39.99,30.0,0.0,RED INTERNET & PHONE CABLE U ,1.0
HSN,35 - 39,49.99,49.99,30.0,0.0,RED INTERNET & PHONE CABLE U ,0.0
NRW,55 - 59,37.99,37.99,30.0,0.0,VF RIP U-TREUE  ,1.0
NRW,35 - 39,34.99,34.99,30.0,0.0,RED INTERNET & PHONE CABLE U ,1.0
KBW,60 - 64,29.99,29.99,30.0,0.0,VF RIP U-TREUE  ,1.0
KBW,65 - 69,42.97,42.97,30.0,0.0,RED INTERNET & PHONE CABLE U ,0.0
NRW,40 - 44,69.95,44.98,30.0,0.0,VF CABLEMAX     ,1.0
NRW,65 - 69,34.99,34.99,30.0,0.0,RED INTERNET & PHONE CABLE U ,1.0
HSN,60 - 64,27.98,27.99,30.0,0.0,VF RIP U-TREUE  ,1.0
NRW,40 - 44,47.99,47.99,30.0,0.0,VF RIP U-TREUE  ,1.0
NRW,70 - 74,29.99,29.99,30.0,0.0,VF RIP U-TREUE  ,0.0
KBW,40 - 44,34.99,34.99,30.0,0.0,RED INTERNET & PHONE CABLE U ,0.0
HSN,60 - 64,63.97,42.98,30.0,0.0,VF RIP U-TREUE  ,1.0
HSN,80 and over,45.27,18.99,30.0,0.0,GIGAZUHAUSE KABEL ,0.0
HSN,55 - 59,47.98,47.98,30.0,0.0,VF RIP U-TREUE  ,0.0
HSN,30 - 34,44.99,44.99,30.0,0.0,RED INTERNET & PHONE CABLE U ,1.0
NRW,45 - 49,39.98,39.98,30.0,0.0,VF CABLEMAX     ,0.0
KBW,40 - 44,39.99,39.99,30.0,0.0,RED INTERNET & PHONE CABLE U ,1.0
NRW,60 - 64,34.99,34.99,30.0,0.0,RED INTERNET & PHONE CABLE U ,1.0
NRW,50 - 54,44.98,44.98,30.0,0.0,VF CABLEMAX     ,1.0
NRW,65 - 69,65.34,44.98,30.0,0.0,3PLAY PLUS       ,0.0
KBW,30 - 34,65.97,44.98,30.0,0.0,RED INTERNET & PHONE CABLE U ,1.0
KBW,30 - 34,44.98,44.98,30.0,0.0,RED INTERNET & PHONE CABLE U ,1.0
NRW,35 - 39,44.98,44.98,30.0,0.0,VF CABLEMAX     ,0.0
NRW,35 - 39,34.99,34.99,30.0,0.0,RED INTERNET & PHONE CABLE U ,0.0
KBW,18 - 24,34.99,34.99,30.0,0.0,RED INTERNET & PHONE CABLE U ,1.0
NRW,35 - 39,39.98,39.98,30.0,0.0,RED INTERNET & PHONE CABLE U ,0.0
KBW,60 - 64,65.97,44.98,30.0,0.0,VF RIP U-TREUE  ,1.0
HSN,55 - 59,44.98,44.98,30.0,0.0,RED INTERNET & PHONE CABLE U ,1.0
NRW,40 - 44,44.98,44.98,30.0,0.0,VF CABLEMAX     ,0.0
NRW,65 - 69,44.98,44.98,30.0,0.0,VF CABLEMAX     ,1.0
KBW,35 - 39,34.99,34.99,30.0,0.0,RED INTERNET & PHONE CABLE U ,0.0
NRW,55 - 59,49.97,49.97,30.0,0.0,VF CABLEMAX     ,1.0
KBW,45 - 49,44.98,44.98,30.0,0.0,VF CABLEMAX     ,1.0
KBW,75 - 79,59.97,49.99,30.0,1.0,VF RIP U-TREUE  ,1.0
NRW,60 - 64,34.99,34.99,30.0,0.0,RED INTERNET & PHONE CABLE U ,1.0
NRW,75 - 79,44.98,44.98,30.0,0.0,VF CABLEMAX     ,0.0
NRW,40 - 44,44.98,44.98,30.0,0.0,RED INTERNET & PHONE CABLE U ,1.0
NRW,35 - 39,39.99,39.99,30.0,0.0,RED INTERNET & PHONE CABLE U ,1.0
NRW,65 - 69,54.93,44.98,30.0,0.0,VF CABLEMAX     ,0.0
NRW,80 and over,32.98,24.99,30.0,0.0,VF RIP U-TREUE  ,1.0
KBW,55 - 59,65.97,44.98,30.0,0.0,VF RIP U-TREUE  ,1.0
NRW,35 - 39,44.98,44.98,30.0,1.0,RED INTERNET & PHONE CABLE U ,1.0
HSN,80 and over,39.99,39.99,30.0,0.0,RED INTERNET & PHONE CABLE U ,1.0
NRW,25 - 29,49.99,49.99,30.0,0.0,RED INTERNET & PHONE CABLE U ,1.0
KBW,30 - 34,34.99,34.99,30.0,0.0,RED INTERNET & PHONE CABLE U ,0.0
HSN,30 - 34,59.99,59.99,30.0,1.0,VF RIP U-TREUE  ,0.0
NRW,40 - 44,47.97,47.97,30.0,0.0,VF RIP U-TREUE  ,0.0
NRW,25 - 29,39.99,39.99,30.0,0.0,RED INTERNET & PHONE CABLE U ,0.0
NRW,55 - 59,44.98,44.98,30.0,0.0,VF CABLEMAX     ,0.0
KBW,55 - 59,53.97,32.97,30.0,0.0,VF CABLEMAX     ,1.0
NRW,18 - 24,34.99,34.99,30.0,0.0,RED INTERNET & PHONE CABLE U ,1.0
KBW,65 - 69,49.98,49.99,30.0,0.0,RED INTERNET & PHONE CABLE U ,0.0
HSN,25 - 29,39.98,39.98,30.0,0.0,RED INTERNET & PHONE CABLE U ,0.0
HSN,45 - 49,39.99,39.99,30.0,0.0,RED INTERNET & PHONE CABLE U ,1.0
NRW,60 - 64,39.97,39.98,30.0,0.0,VF RIP U-TREUE  ,0.0
KBW,55 - 59,51.97,34.99,30.0,0.0,RED INTERNET & PHONE CABLE U ,1.0
NRW,45 - 49,44.98,29.99,30.0,0.0,VF RIP U-TREUE  ,1.0
HSN,35 - 39,44.98,44.98,30.0,0.0,RED INTERNET & PHONE CABLE U ,0.0
NRW,40 - 44,49.97,49.97,30.0,0.0,VF CABLEMAX     ,1.0
NRW,30 - 34,39.99,39.99,30.0,0.0,RED INTERNET & PHONE CABLE U ,1.0
NRW,18 - 24,44.98,44.98,30.0,0.0,RED INTERNET & PHONE CABLE U ,1.0
KBW,35 - 39,39.99,39.99,30.0,0.0,RED INTERNET & PHONE CABLE U ,1.0
NRW,30 - 34,39.98,39.98,157.0,0.0,VF CABLEMAX     ,0.0
KBW,60 - 64,34.99,34.99,30.0,0.0,RED INTERNET & PHONE CABLE U ,1.0
NRW,30 - 34,34.99,34.99,30.0,0.0,RED INTERNET & PHONE CABLE U ,1.0
KBW,50 - 54,34.99,34.99,30.0,0.0,RED INTERNET & PHONE CABLE U ,0.0
HSN,30 - 34,49.99,49.99,30.0,0.0,RED INTERNET & PHONE CABLE U ,1.0
KBW,60 - 64,49.97,49.97,30.0,0.0,VF CABLEMAX     ,1.0
KBW,60 - 64,34.99,34.99,30.0,0.0,RED INTERNET & PHONE CABLE U ,1.0
HSN,60 - 64,49.99,49.99,30.0,0.0,RED INTERNET & PHONE CABLE U ,0.0
NRW,35 - 39,34.99,34.99,30.0,0.0,RED INTERNET & PHONE CABLE U ,0.0
KBW,50 - 54,44.98,44.98,30.0,0.0,2PLAY START       ,0.0
NRW,30 - 34,39.99,39.99,30.0,0.0,RED INTERNET & PHONE CABLE U ,1.0
NRW,60 - 64,38.98,38.98,30.0,0.0,RED INTERNET & PHONE CABLE U ,1.0
KBW,70 - 74,37.99,37.99,30.0,0.0,VF RIP U-TREUE  ,1.0
KBW,40 - 44,67.96,44.98,30.0,0.0,VF RIP U-TREUE  ,0.0
NRW,35 - 39,54.99,54.99,30.0,0.0,RED INTERNET & PHONE CABLE U ,1.0
NRW,50 - 54,39.98,39.98,30.0,0.0,VF RIP U-TREUE  ,0.0
KBW,40 - 44,49.97,49.97,30.0,0.0,VF CABLEMAX     ,1.0
NRW,60 - 64,34.99,34.99,30.0,0.0,RED INTERNET & PHONE CABLE U ,1.0
KBW,30 - 34,44.98,44.98,30.0,0.0,VF CABLEMAX     ,1.0
KBW,55 - 59,32.99,32.99,30.0,0.0,VF RIP U-TREUE  ,0.0
HSN,25 - 29,44.99,44.99,30.0,0.0,GIGAZUHAUSE KABEL ,1.0
KBW,80 and over,34.99,34.99,30.0,0.0,RED INTERNET & PHONE CABLE U ,0.0
KBW,65 - 69,34.99,34.99,30.0,0.0,RED INTERNET & PHONE CABLE U ,1.0
NRW,55 - 59,48.97,48.97,30.0,0.0,2PLAY TREUE      ,0.0
KBW,45 - 49,54.99,54.99,30.0,0.0,RED INTERNET & PHONE CABLE U ,0.0
NRW,80 and over,75.94,39.98,30.0,0.0,VF CABLEMAX     ,0.0
NRW,40 - 44,47.96,47.96,30.0,0.0,VF CABLEMAX     ,1.0
HSN,35 - 39,39.99,39.99,30.0,0.0,VF RIP U-TREUE  ,1.0
KBW,30 - 34,39.99,39.99,30.0,0.0,RED INTERNET & PHONE CABLE U ,1.0
HSN,70 - 74,34.99,34.99,30.0,0.0,RED INTERNET & PHONE CABLE U ,1.0
KBW,40 - 44,32.99,32.99,30.0,0.0,VF RIP U-TREUE  ,0.0
KBW,55 - 59,59.99,59.99,87.0,0.0,GIGAZUHAUSE KABEL ,1.0
NRW,80 and over,34.98,34.98,30.0,0.0,RED INTERNET & PHONE CABLE U ,0.0
NRW,18 - 24,44.98,44.98,30.0,0.0,VF CABLEMAX     ,1.0
KBW,40 - 44,39.99,39.99,30.0,0.0,RED INTERNET & PHONE CABLE U ,1.0
NRW,25 - 29,62.98,62.98,30.0,0.0,VF CABLEMAX     ,1.0
NRW,55 - 59,44.97,44.97,30.0,0.0,RED INTERNET & PHONE CABLE U ,1.0
NRW,60 - 64,35.86,35.86,30.0,0.0,2PLAY        ,0.0
NRW,18 - 24,0.0,0.0,30.0,0.0,MMA        ,0.0
HSN,70 - 74,45.98,34.99,30.0,0.0,RED INTERNET & PHONE CABLE U ,1.0
NRW,80 and over,34.99,34.99,30.0,0.0,RED INTERNET & PHONE CABLE U ,0.0
NRW,45 - 49,39.99,39.99,30.0,0.0,RED INTERNET & PHONE CABLE U ,1.0
NRW,25 - 29,39.99,39.99,30.0,0.0,RED INTERNET & PHONE CABLE U ,1.0
NRW,35 - 39,42.97,42.97,30.0,0.0,RED INTERNET & PHONE CABLE U ,1.0
HSN,45 - 49,19.99,19.99,30.0,0.0,EAZY       ,1.0
NRW,18 - 24,39.98,39.98,30.0,0.0,RED INTERNET & PHONE CABLE U ,1.0
KBW,55 - 59,39.99,39.99,30.0,0.0,RED INTERNET & PHONE CABLE U ,0.0
KBW,25 - 29,44.98,44.98,30.0,0.0,RED INTERNET & PHONE CABLE U ,1.0
KBW,25 - 29,34.99,34.99,30.0,0.0,RED INTERNET & PHONE CABLE U ,1.0
HSN,55 - 59,44.98,44.98,30.0,1.0,VF CABLEMAX     ,0.0
NRW,35 - 39,34.99,34.99,30.0,0.0,RED INTERNET & PHONE CABLE U ,1.0
KBW,60 - 64,44.98,44.98,30.0,0.0,VF CABLEMAX     ,0.0
NRW,50 - 54,52.96,49.97,30.0,0.0,VF CABLEMAX     ,0.0
KBW,25 - 29,34.99,34.99,30.0,0.0,RED INTERNET & PHONE CABLE U ,1.0
NRW,45 - 49,29.99,29.99,30.0,0.0,RED INTERNET & PHONE CABLE U ,1.0
KBW,60 - 64,44.98,44.98,30.0,0.0,RED INTERNET & PHONE CABLE U ,0.0
HSN,35 - 39,29.99,29.99,30.0,0.0,VF RIP U-TREUE  ,0.0
KBW,50 - 54,49.99,49.99,30.0,0.0,VF RIP U-TREUE  ,0.0
NRW,35 - 39,49.99,49.99,30.0,0.0,RED INTERNET & PHONE CABLE U ,1.0
HSN,70 - 74,42.97,42.97,30.0,0.0,GIGAZUHAUSE KABEL ,1.0
KBW,55 - 59,54.97,44.98,30.0,0.0,VF CABLEMAX     ,0.0
NRW,18 - 24,34.99,34.99,30.0,0.0,RED INTERNET & PHONE CABLE U ,1.0
HSN,50 - 54,34.99,34.99,30.0,0.0,RED INTERNET & PHONE CABLE U ,0.0
KBW,30 - 34,34.99,34.99,30.0,0.0,RED INTERNET & PHONE CABLE U ,0.0
KBW,35 - 39,74.97,44.98,30.0,0.0,VF RIP U-TREUE  ,1.0
KBW,35 - 39,37.99,37.99,30.0,0.0,VF RIP U-TREUE  ,1.0
KBW,80 and over,68.95,47.98,30.0,0.0,RED INTERNET & PHONE CABLE U ,1.0
NRW,50 - 54,44.98,44.98,30.0,0.0,RED INTERNET & PHONE CABLE U ,0.0
NRW,40 - 44,29.99,29.99,30.0,0.0,INTERNET PREMIUM     ,1.0
NRW,60 - 64,44.98,44.98,30.0,0.0,VF CABLEMAX     ,0.0
KBW,60 - 64,55.94,40.98,30.0,0.0,2PLAY39.98     ,0.0
NRW,55 - 59,29.99,29.99,30.0,0.0,VF RIP U-TREUE  ,1.0
NRW,35 - 39,42.97,42.97,30.0,0.0,RED INTERNET & PHONE CABLE U ,0.0
NRW,25 - 29,39.99,39.99,30.0,0.0,RED INTERNET & PHONE CABLE U ,1.0
KBW,35 - 39,29.99,29.99,30.0,0.0,VF RIP U-TREUE  ,1.0
NRW,40 - 44,44.98,44.98,30.0,0.0,VF CABLEMAX     ,1.0
NRW,45 - 49,57.97,42.98,30.0,0.0,VF RIP U-TREUE  ,1.0
KBW,35 - 39,49.99,49.99,30.0,0.0,RED INTERNET & PHONE CABLE U ,1.0
KBW,40 - 44,39.98,39.98,38.0,0.0,GIGAZUHAUSE KABEL ,1.0
KBW,70 - 74,32.99,32.99,30.0,0.0,VF RIP U-TREUE  ,1.0
KBW,60 - 64,34.99,34.99,30.0,0.0,RED INTERNET & PHONE CABLE U ,1.0
NRW,40 - 44,62.98,62.98,30.0,0.0,VF RIP U-TREUE  ,0.0
NRW,35 - 39,34.99,34.99,30.0,0.0,RED INTERNET & PHONE CABLE U ,1.0
HSN,25 - 29,39.98,39.98,30.0,0.0,GIGAZUHAUSE KABEL ,1.0
NRW,70 - 74,30.98,30.98,30.0,0.0,RED INTERNET & PHONE CABLE U ,1.0
NRW,50 - 54,29.99,29.99,30.0,0.0,VF RIP U-TREUE  ,1.0
KBW,70 - 74,37.98,37.98,30.0,0.0,VF RIP U-TREUE  ,0.0
NRW,30 - 34,49.99,49.99,30.0,0.0,RED INTERNET & PHONE CABLE U ,1.0
KBW,25 - 29,79.96,59.99,30.0,0.0,RED INTERNET & PHONE CABLE U ,1.0
NRW,35 - 39,39.99,39.99,30.0,0.0,RED INTERNET & PHONE CABLE U ,1.0
KBW,40 - 44,39.98,39.98,30.0,0.0,VF CABLEMAX     ,1.0
NRW,45 - 49,54.99,54.99,30.0,0.0,RED INTERNET & PHONE CABLE U ,0.0
NRW,30 - 34,39.98,39.98,30.0,0.0,RED INTERNET & PHONE CABLE U ,1.0
NRW,30 - 34,49.97,49.97,30.0,0.0,VF CABLEMAX     ,1.0
HSN,35 - 39,62.97,42.98,30.0,0.0,VF RIP U-TREUE  ,1.0
KBW,60 - 64,46.98,39.99,30.0,0.0,VF RIP U-TREUE  ,1.0
KBW,25 - 29,44.98,44.98,30.0,0.0,RED INTERNET & PHONE CABLE U ,1.0
NRW,40 - 44,44.98,44.98,30.0,0.0,VF CABLEMAX     ,1.0
KBW,25 - 29,44.98,44.98,30.0,0.0,RED INTERNET & PHONE CABLE U ,0.0
KBW,60 - 64,34.99,34.99,30.0,0.0,RED INTERNET & PHONE CABLE U ,0.0
NRW,40 - 44,39.99,39.99,30.0,0.0,RED INTERNET & PHONE CABLE U ,0.0
NRW,45 - 49,29.99,29.99,30.0,0.0,VF RIP U-TREUE  ,0.0
NRW,35 - 39,39.99,39.99,30.0,0.0,RED INTERNET & PHONE CABLE U ,1.0
HSN,45 - 49,62.97,42.97,30.0,0.0,RED INTERNET & PHONE CABLE U ,1.0
HSN,50 - 54,37.98,37.98,30.0,0.0,RED INTERNET & PHONE CABLE U ,0.0
NRW,25 - 29,44.98,44.98,30.0,0.0,VF CABLEMAX     ,1.0
KBW,80 and over,29.99,29.99,30.0,0.0,VF RIP U-TREUE  ,0.0
KBW,35 - 39,54.97,44.98,30.0,0.0,VF CABLEMAX     ,1.0
KBW,70 - 74,60.8,39.78,30.0,0.0,3PLAY        ,0.0
KBW,55 - 59,39.99,39.99,30.0,0.0,RED INTERNET & PHONE CABLE U ,0.0
NRW,35 - 39,34.99,34.99,30.0,0.0,VF RIP U-TREUE  ,0.0
KBW,35 - 39,24.99,24.99,30.0,0.0,INTERNET COMFORT     ,0.0
NRW,50 - 54,44.98,44.98,30.0,0.0,VF CABLEMAX     ,1.0
KBW,30 - 34,34.99,34.99,30.0,0.0,RED INTERNET & PHONE CABLE U ,1.0
NRW,80 and over,53.96,32.99,30.0,0.0,RED INTERNET & PHONE CABLE U ,0.0
NRW,65 - 69,39.99,39.99,30.0,0.0,RED INTERNET & PHONE CABLE U ,1.0
KBW,45 - 49,49.97,49.97,30.0,0.0,VF CABLEMAX     ,1.0
NRW,40 - 44,44.98,44.98,30.0,0.0,VF CABLEMAX     ,1.0
NRW,45 - 49,54.96,44.98,30.0,0.0,VF CABLEMAX     ,0.0
NRW,70 - 74,54.98,34.99,30.0,0.0,RED INTERNET & PHONE CABLE U ,1.0
NRW,45 - 49,60.98,39.99,30.0,0.0,RED INTERNET & PHONE CABLE U ,0.0
HSN,60 - 64,54.99,54.99,30.0,0.0,RED INTERNET & PHONE CABLE U ,0.0
KBW,25 - 29,24.99,24.99,30.0,0.0,INTERNET COMFORT     ,0.0
NRW,40 - 44,17.99,17.99,30.0,0.0,EAZY FLEX    ,0.0
NRW,30 - 34,34.99,34.99,30.0,0.0,RED INTERNET & PHONE CABLE U ,1.0
NRW,35 - 39,49.97,49.97,30.0,0.0,VF CABLEMAX     ,1.0
NRW,25 - 29,44.98,44.98,30.0,0.0,VF CABLEMAX     ,1.0
KBW,40 - 44,24.99,24.99,30.0,0.0,INTERNET COMFORT     ,0.0
NRW,25 - 29,44.98,44.98,30.0,0.0,VF CABLEMAX     ,0.0
KBW,55 - 59,49.97,49.97,30.0,0.0,VF CABLEMAX     ,0.0
KBW,60 - 64,34.99,34.99,30.0,0.0,RED INTERNET & PHONE CABLE U ,0.0
NRW,35 - 39,42.97,42.97,30.0,0.0,RED INTERNET & PHONE CABLE U ,1.0
KBW,25 - 29,44.98,44.98,30.0,0.0,VF CABLEMAX     ,1.0
NRW,50 - 54,34.99,34.99,30.0,0.0,RED INTERNET & PHONE CABLE U ,1.0
KBW,40 - 44,59.97,49.97,30.0,0.0,VF CABLEMAX     ,1.0
KBW,25 - 29,44.98,44.98,30.0,0.0,RED INTERNET & PHONE CABLE U ,1.0
HSN,60 - 64,30.88,30.88,30.0,0.0,GIGAZUHAUSE KABEL ,0.0
KBW,40 - 44,44.98,44.98,30.0,0.0,VF CABLEMAX     ,1.0
KBW,65 - 69,34.99,34.99,30.0,0.0,RED INTERNET & PHONE CABLE U ,1.0
KBW,25 - 29,24.99,24.99,30.0,0.0,INTERNET COMFORT     ,0.0
NRW,80 and over,34.99,34.99,30.0,0.0,RED INTERNET & PHONE CABLE U ,1.0
NRW,55 - 59,58.98,58.98,30.0,0.0,RED INTERNET & PHONE CABLE U ,1.0
KBW,35 - 39,39.99,39.99,30.0,0.0,RED INTERNET & PHONE CABLE U ,1.0
NRW,70 - 74,39.98,39.98,30.0,0.0,VF CABLEMAX     ,1.0
KBW,40 - 44,49.99,49.99,30.0,0.0,VF RIP U-TREUE  ,1.0
KBW,55 - 59,49.97,49.97,112.0,0.0,VF CABLEMAX     ,0.0
NRW,50 - 54,62.97,67.97,30.0,0.0,RED INTERNET & PHONE CABLE U ,0.0
KBW,35 - 39,44.98,44.98,30.0,0.0,VF CABLEMAX     ,1.0
KBW,45 - 49,44.98,44.98,30.0,0.0,VF CABLEMAX     ,0.0
KBW,40 - 44,44.98,44.98,30.0,0.0,RED INTERNET & PHONE CABLE U ,0.0
KBW,30 - 34,54.97,54.98,30.0,0.0,RED INTERNET & PHONE CABLE U ,1.0
NRW,35 - 39,37.98,37.98,53.0,0.0,GIGAZUHAUSE KABEL ,0.0
NRW,25 - 29,34.98,34.98,30.0,0.0,RED INTERNET & PHONE CABLE U ,1.0
KBW,55 - 59,44.98,44.98,30.0,0.0,RED INTERNET & PHONE CABLE U ,1.0
NRW,45 - 49,37.98,37.98,30.0,0.0,VF RIP U-TREUE  ,0.0
HSN,60 - 64,70.96,49.96,30.0,0.0,RED INTERNET & PHONE CABLE U ,1.0
NRW,35 - 39,44.99,44.99,30.0,0.0,RED INTERNET & PHONE CABLE U ,0.0
HSN,75 - 79,39.99,39.99,30.0,0.0,VF RIP U-TREUE  ,1.0
NRW,70 - 74,44.99,44.99,30.0,0.0,3PLAY TREUE      ,1.0
NRW,50 - 54,44.97,44.98,30.0,0.0,VF CABLEMAX     ,1.0
KBW,50 - 54,34.99,34.99,30.0,0.0,RED INTERNET & PHONE CABLE U ,1.0
KBW,45 - 49,42.97,42.97,30.0,0.0,RED INTERNET & PHONE CABLE U ,1.0
KBW,30 - 34,44.98,44.98,30.0,0.0,VF CABLEMAX     ,0.0
NRW,40 - 44,54.96,44.98,30.0,0.0,VF CABLEMAX     ,0.0
NRW,30 - 34,34.99,34.99,30.0,0.0,RED INTERNET & PHONE CABLE U ,1.0
KBW,30 - 34,19.99,19.99,30.0,0.0,1PLAY FLY      ,1.0
KBW,35 - 39,29.99,29.99,30.0,0.0,VF RIP U-TREUE  ,0.0
NRW,65 - 69,34.99,34.99,30.0,0.0,RED INTERNET & PHONE CABLE U ,1.0
NRW,50 - 54,54.99,54.99,30.0,0.0,RED INTERNET & PHONE CABLE U ,1.0
NRW,70 - 74,29.99,29.99,30.0,0.0,VF RIP U-TREUE  ,0.0
KBW,55 - 59,37.86,37.78,30.0,0.0,2PLAY        ,1.0
NRW,55 - 59,19.99,19.99,30.0,0.0,1PLAY        ,0.0
HSN,25 - 29,44.98,44.98,30.0,0.0,RED INTERNET & PHONE CABLE U ,1.0
NRW,35 - 39,39.98,39.98,30.0,0.0,VF CABLEMAX     ,1.0
NRW,45 - 49,49.99,49.99,30.0,0.0,GIGAZUHAUSE KABEL ,0.0
NRW,50 - 54,54.99,54.99,30.0,0.0,RED INTERNET & PHONE CABLE U ,1.0
KBW,60 - 64,62.98,62.98,30.0,0.0,VF RIP U-TREUE  ,0.0
KBW,18 - 24,39.99,39.99,30.0,0.0,RED INTERNET & PHONE CABLE U ,0.0
NRW,45 - 49,47.97,42.97,30.0,0.0,RED INTERNET & PHONE CABLE U ,0.0
KBW,55 - 59,50.43,50.42,30.0,0.0,3PLAY COMFORT     ,0.0
KBW,65 - 69,39.99,39.99,30.0,0.0,VF RIP U-TREUE  ,1.0
NRW,80 and over,34.99,34.99,87.0,0.0,GIGAZUHAUSE KABEL ,1.0
KBW,30 - 34,44.98,44.98,30.0,0.0,VF CABLEMAX     ,1.0
NRW,40 - 44,39.99,39.99,30.0,0.0,VF RIP U-TREUE  ,0.0
NRW,30 - 34,29.99,29.99,30.0,0.0,VF RIP U-TREUE  ,0.0
NRW,70 - 74,44.98,44.98,30.0,0.0,VF CABLEMAX     ,0.0
KBW,30 - 34,44.98,44.98,30.0,0.0,RED INTERNET & PHONE CABLE U ,1.0
KBW,30 - 34,49.99,49.99,30.0,0.0,RED INTERNET & PHONE CABLE U ,0.0
HSN,60 - 64,43.98,43.98,30.0,0.0,RED INTERNET & PHONE CABLE U ,1.0
KBW,50 - 54,61.94,40.97,30.0,0.0,3PLAY START       ,1.0
KBW,35 - 39,29.99,29.99,30.0,0.0,INTERNET PREMIUM     ,1.0
NRW,35 - 39,30.88,30.88,30.0,0.0,RED INTERNET & PHONE CABLE U ,1.0
KBW,65 - 69,29.99,29.99,30.0,0.0,VF RIP U-TREUE  ,0.0
NRW,60 - 64,44.98,44.98,30.0,0.0,VF CABLEMAX     ,1.0
NRW,25 - 29,37.98,37.98,30.0,0.0,VF RIP U-TREUE  ,0.0
NRW,50 - 54,44.98,44.98,30.0,0.0,RED INTERNET & PHONE CABLE U ,1.0
NRW,25 - 29,52.98,52.98,113.0,0.0,GIGAZUHAUSE KABEL ,0.0
KBW,60 - 64,44.98,44.98,30.0,0.0,RED INTERNET & PHONE CABLE U ,1.0
KBW,25 - 29,44.98,44.98,30.0,0.0,VF CABLEMAX     ,1.0
KBW,75 - 79,29.99,29.99,30.0,0.0,VF RIP U-TREUE  ,1.0
NRW,30 - 34,39.98,39.98,98.0,0.0,VF CABLEMAX     ,1.0
HSN,60 - 64,44.98,44.98,30.0,0.0,VF CABLEMAX     ,1.0
NRW,40 - 44,17.99,17.99,30.0,0.0,EAZY FLEX    ,0.0
NRW,30 - 34,64.98,64.98,30.0,0.0,GIGAZUHAUSE KABEL ,0.0
NRW,35 - 39,34.99,34.99,30.0,0.0,RED INTERNET & PHONE CABLE U ,0.0
HSN,18 - 24,42.97,42.97,30.0,0.0,RED INTERNET & PHONE CABLE U ,0.0
NRW,30 - 34,34.99,34.99,30.0,0.0,RED INTERNET & PHONE CABLE U ,1.0
NRW,70 - 74,52.96,52.97,30.0,0.0,VF CABLEMAX     ,0.0
NRW,80 and over,24.99,24.99,30.0,0.0,INTERNET COMFORT     ,0.0
NRW,30 - 34,56.95,39.99,30.0,0.0,VF RIP U-TREUE  ,1.0
NRW,25 - 29,34.99,34.99,30.0,0.0,RED INTERNET & PHONE CABLE U ,1.0
NRW,40 - 44,44.98,44.98,30.0,0.0,VF CABLEMAX     ,1.0
HSN,45 - 49,29.99,29.99,30.0,0.0,RED INTERNET & PHONE CABLE U ,0.0
KBW,35 - 39,44.98,44.98,30.0,0.0,RED INTERNET & PHONE CABLE U ,1.0
KBW,60 - 64,49.97,49.97,30.0,0.0,VF CABLEMAX     ,0.0
KBW,65 - 69,44.98,44.98,30.0,0.0,VF CABLEMAX     ,0.0
KBW,50 - 54,44.97,34.99,30.0,0.0,RED INTERNET & PHONE CABLE U ,0.0
HSN,25 - 29,49.97,49.97,30.0,0.0,RED INTERNET & PHONE CABLE U ,1.0
KBW,25 - 29,44.98,44.98,30.0,0.0,VF CABLEMAX     ,0.0
KBW,18 - 24,44.98,44.98,30.0,0.0,RED INTERNET & PHONE CABLE U ,1.0
NRW,55 - 59,39.98,39.98,30.0,0.0,VF CABLEMAX     ,1.0
NRW,40 - 44,32.99,32.99,30.0,0.0,VF RIP U-TREUE  ,0.0
KBW,35 - 39,39.98,39.98,30.0,0.0,VF CABLEMAX     ,0.0
KBW,55 - 59,39.98,39.98,116.0,0.0,GIGAZUHAUSE KABEL ,1.0
NRW,30 - 34,49.97,49.97,30.0,0.0,VF CABLEMAX     ,1.0
NRW,80 and over,50.97,43.97,30.0,0.0,3PLAY TREUE      ,0.0
KBW,30 - 34,44.98,44.98,30.0,0.0,RED INTERNET & PHONE CABLE U ,1.0
KBW,30 - 34,34.99,34.99,30.0,0.0,RED INTERNET & PHONE CABLE U ,1.0
NRW,55 - 59,44.98,44.98,30.0,0.0,VF CABLEMAX     ,0.0
NRW,25 - 29,39.98,39.98,30.0,0.0,VF CABLEMAX     ,1.0
NRW,55 - 59,24.99,24.99,30.0,0.0,INTERNET COMFORT     ,0.0
NRW,25 - 29,39.99,39.99,30.0,0.0,RED INTERNET & PHONE CABLE U ,1.0
NRW,50 - 54,42.98,42.98,30.0,0.0,VF RIP U-TREUE  ,1.0
NRW,75 - 79,29.99,29.99,30.0,0.0,VF RIP U-TREUE  ,1.0
HSN,60 - 64,42.97,42.97,30.0,0.0,2PLAY TREUE      ,1.0
KBW,60 - 64,54.99,54.99,30.0,0.0,RED INTERNET & PHONE CABLE U ,1.0
NRW,50 - 54,44.98,44.98,30.0,0.0,RED INTERNET & PHONE CABLE U ,0.0
NRW,35 - 39,29.99,29.99,30.0,0.0,VF RIP U-TREUE  ,0.0
KBW,40 - 44,61.96,40.97,30.0,0.0,VF CABLEMAX     ,1.0
KBW,45 - 49,42.98,42.98,30.0,0.0,VF RIP U-TREUE  ,0.0
KBW,30 - 34,44.98,44.98,30.0,0.0,VF RIP U-TREUE  ,0.0
NRW,35 - 39,39.99,39.99,30.0,0.0,RED INTERNET & PHONE CABLE U ,0.0
NRW,30 - 34,39.98,39.98,30.0,0.0,RED INTERNET & PHONE CABLE U ,1.0
NRW,50 - 54,34.99,34.99,30.0,0.0,RED INTERNET & PHONE CABLE U ,0.0
KBW,30 - 34,49.97,49.97,30.0,0.0,RED INTERNET & PHONE CABLE U ,0.0
HSN,50 - 54,37.99,37.99,30.0,0.0,VF RIP U-TREUE  ,1.0
NRW,50 - 54,44.98,44.98,30.0,0.0,VF CABLEMAX     ,0.0
HSN,45 - 49,42.97,42.98,30.0,0.0,VF RIP U-TREUE  ,0.0
NRW,55 - 59,62.98,62.98,30.0,0.0,2PLAY PLUS       ,1.0
KBW,60 - 64,54.99,54.99,30.0,0.0,RED INTERNET & PHONE CABLE U ,1.0
NRW,45 - 49,49.99,49.99,30.0,0.0,RED INTERNET & PHONE CABLE U ,0.0
HSN,60 - 64,39.98,39.98,30.0,0.0,VF RIP U-TREUE  ,0.0
KBW,35 - 39,44.98,44.98,30.0,0.0,VF CABLEMAX     ,0.0
NRW,70 - 74,37.97,37.98,30.0,0.0,VF RIP U-TREUE  ,0.0
NRW,60 - 64,42.98,42.98,30.0,0.0,VF RIP U-TREUE  ,0.0
NRW,75 - 79,34.99,34.99,30.0,0.0,RED INTERNET & PHONE CABLE U ,0.0
NRW,60 - 64,47.99,47.99,30.0,0.0,VF RIP U-TREUE  ,1.0
NRW,35 - 39,34.99,34.99,30.0,0.0,RED INTERNET & PHONE CABLE U ,1.0
HSN,25 - 29,39.99,39.99,30.0,0.0,RED INTERNET & PHONE CABLE U ,1.0
KBW,50 - 54,37.98,37.98,30.0,0.0,VF RIP U-TREUE  ,0.0
HSN,50 - 54,24.99,24.99,30.0,0.0,INTERNET COMFORT     ,1.0
HSN,55 - 59,49.99,49.99,30.0,0.0,RED INTERNET & PHONE CABLE U ,1.0
KBW,25 - 29,39.99,39.99,30.0,0.0,RED INTERNET & PHONE CABLE U ,1.0
KBW,60 - 64,39.98,39.98,30.0,0.0,VF CABLEMAX     ,0.0
KBW,35 - 39,37.99,37.99,30.0,0.0,VF RIP U-TREUE  ,1.0
HSN,40 - 44,39.99,39.99,30.0,0.0,VF RIP U-TREUE  ,0.0
KBW,30 - 34,39.99,39.99,30.0,0.0,RED INTERNET & PHONE CABLE U ,1.0
KBW,45 - 49,24.99,24.99,30.0,0.0,INTERNET COMFORT     ,0.0
HSN,25 - 29,29.99,29.99,30.0,0.0,RED INTERNET & PHONE CABLE U ,1.0
NRW,25 - 29,29.99,29.99,30.0,0.0,VF RIP U-TREUE  ,0.0
NRW,55 - 59,63.96,42.98,30.0,0.0,VF RIP U-TREUE  ,1.0
KBW,55 - 59,49.99,49.99,365.0,0.0,GIGAZUHAUSE CABLEMAX ,0.0
NRW,60 - 64,54.98,34.99,30.0,0.0,RED INTERNET & PHONE CABLE U ,0.0
NRW,35 - 39,39.99,39.99,30.0,0.0,RED INTERNET & PHONE CABLE U ,1.0
NRW,25 - 29,44.98,44.98,30.0,0.0,VF CABLEMAX     ,1.0
KBW,45 - 49,52.98,39.99,30.0,0.0,VF RIP U-TREUE  ,1.0
HSN,60 - 64,60.98,39.98,30.0,0.0,VF RIP U-TREUE  ,1.0
KBW,30 - 34,44.98,44.98,30.0,0.0,VF CABLEMAX     ,0.0
NRW,35 - 39,39.99,39.99,30.0,0.0,RED INTERNET & PHONE CABLE U ,0.0
NRW,40 - 44,29.99,29.99,30.0,0.0,VF RIP U-TREUE  ,0.0
HSN,35 - 39,58.98,58.98,30.0,0.0,RED INTERNET & PHONE CABLE U ,0.0
KBW,30 - 34,44.99,44.99,184.0,0.0,GIGAZUHAUSE KABEL ,1.0
NRW,60 - 64,34.99,34.99,30.0,0.0,RED INTERNET & PHONE CABLE U ,0.0
HSN,55 - 59,53.96,53.96,30.0,0.0,RED INTERNET & PHONE CABLE U ,1.0
NRW,25 - 29,34.99,34.99,30.0,0.0,RED INTERNET & PHONE CABLE U ,0.0
NRW,30 - 34,44.98,44.98,30.0,0.0,VF CABLEMAX     ,1.0
KBW,60 - 64,49.98,49.98,30.0,0.0,RED INTERNET & PHONE CABLE U ,0.0
KBW,70 - 74,49.97,49.97,30.0,0.0,VF CABLEMAX     ,0.0
NRW,60 - 64,34.99,34.99,30.0,0.0,RED INTERNET & PHONE CABLE U ,1.0
HSN,25 - 29,44.98,44.98,30.0,0.0,RED INTERNET & PHONE CABLE U ,0.0
KBW,60 - 64,49.98,49.98,30.0,0.0,VF CABLEMAX     ,0.0
NRW,40 - 44,42.98,42.98,30.0,0.0,VF RIP U-TREUE  ,0.0
HSN,30 - 34,44.98,44.98,30.0,0.0,VF CABLEMAX     ,0.0
NRW,60 - 64,29.99,29.99,30.0,0.0,VF RIP U-TREUE  ,1.0
HSN,65 - 69,54.96,39.98,30.0,0.0,RED INTERNET & PHONE CABLE U ,0.0
KBW,30 - 34,0.0,0.0,30.0,0.0,MMA        ,0.0
HSN,40 - 44,34.99,34.99,30.0,0.0,RED INTERNET & PHONE CABLE U ,0.0
KBW,30 - 34,39.99,39.99,30.0,0.0,RED INTERNET & PHONE CABLE U ,1.0
NRW,25 - 29,34.99,34.99,30.0,0.0,RED INTERNET & PHONE CABLE U ,1.0
KBW,50 - 54,49.99,49.99,30.0,0.0,VF RIP U-TREUE  ,1.0
HSN,40 - 44,32.99,32.99,30.0,0.0,VF RIP U-TREUE  ,0.0
NRW,25 - 29,44.98,44.98,30.0,0.0,VF CABLEMAX     ,1.0
NRW,30 - 34,24.99,24.99,30.0,0.0,INTERNET COMFORT     ,0.0
NRW,30 - 34,39.99,39.99,30.0,0.0,RED INTERNET & PHONE CABLE U ,0.0
KBW,18 - 24,47.98,47.98,318.0,0.0,GIGAZUHAUSE KABEL ,0.0
NRW,40 - 44,44.98,44.98,30.0,0.0,RED INTERNET & PHONE CABLE U ,1.0
NRW,65 - 69,29.99,29.99,30.0,0.0,INTERNET PREMIUM     ,0.0
HSN,60 - 64,39.99,39.99,30.0,0.0,RED INTERNET & PHONE CABLE U ,1.0
KBW,50 - 54,39.99,39.99,30.0,0.0,RED INTERNET & PHONE CABLE U ,1.0
KBW,35 - 39,39.99,39.99,30.0,0.0,RED INTERNET & PHONE CABLE U ,1.0
KBW,80 and over,63.96,42.97,30.0,0.0,RED INTERNET & PHONE CABLE U ,1.0
KBW,45 - 49,34.99,34.99,30.0,0.0,RED INTERNET & PHONE CABLE U ,0.0
KBW,45 - 49,39.99,39.99,30.0,0.0,VF RIP U-TREUE  ,0.0
NRW,45 - 49,32.99,32.99,30.0,0.0,VF RIP U-TREUE  ,0.0
KBW,30 - 34,39.98,39.98,30.0,0.0,RED INTERNET & PHONE CABLE U ,0.0
KBW,35 - 39,39.98,39.98,30.0,0.0,RED INTERNET & PHONE CABLE U ,0.0
KBW,75 - 79,63.96,42.98,30.0,0.0,RED INTERNET & PHONE CABLE U ,0.0
HSN,80 and over,42.97,39.99,30.0,0.0,RED INTERNET & PHONE CABLE U ,0.0
HSN,55 - 59,34.99,34.99,30.0,0.0,RED INTERNET & PHONE CABLE U ,1.0
HSN,55 - 59,47.97,44.98,30.0,0.0,VF CABLEMAX     ,0.0
KBW,35 - 39,54.99,54.99,30.0,0.0,RED INTERNET & PHONE CABLE U ,1.0
HSN,35 - 39,42.98,42.98,30.0,0.0,2PLAY PLUS       ,1.0
HSN,35 - 39,29.99,29.99,30.0,0.0,RED INTERNET & PHONE CABLE U ,0.0
NRW,65 - 69,34.98,39.98,30.0,0.0,VF CABLEMAX     ,0.0
NRW,18 - 24,24.99,24.99,30.0,0.0,INTERNET COMFORT     ,0.0
KBW,30 - 34,39.99,39.99,30.0,0.0,RED INTERNET & PHONE CABLE U ,0.0
NRW,40 - 44,29.99,29.99,30.0,0.0,INTERNET PREMIUM     ,1.0
KBW,40 - 44,39.99,39.99,30.0,0.0,VF RIP U-TREUE  ,1.0
KBW,35 - 39,44.98,44.98,30.0,0.0,VF CABLEMAX     ,1.0
KBW,25 - 29,29.99,29.99,30.0,0.0,INTERNET PREMIUM     ,0.0
KBW,55 - 59,39.99,39.99,30.0,0.0,RED INTERNET & PHONE CABLE U ,1.0
NRW,35 - 39,34.98,34.98,30.0,0.0,VF RIP U-TREUE  ,1.0
KBW,25 - 29,44.98,44.98,30.0,0.0,RED INTERNET & PHONE CABLE U ,1.0
NRW,50 - 54,49.97,49.97,30.0,0.0,VF CABLEMAX     ,1.0
HSN,30 - 34,19.99,19.99,30.0,0.0,EAZY       ,0.0
KBW,70 - 74,42.97,42.97,30.0,0.0,2PLAY START       ,0.0
NRW,40 - 44,42.97,42.97,30.0,0.0,2PLAY START       ,1.0
KBW,30 - 34,54.99,54.99,30.0,0.0,RED INTERNET & PHONE CABLE U ,0.0
NRW,40 - 44,43.98,43.98,30.0,0.0,RED INTERNET & PHONE CABLE U ,1.0
NRW,65 - 69,29.99,29.99,30.0,0.0,VF RIP U-TREUE  ,1.0
KBW,55 - 59,50.97,37.99,30.0,0.0,VF RIP U-TREUE  ,0.0
NRW,50 - 54,42.99,42.99,30.0,0.0,VF RIP U-TREUE  ,0.0
KBW,65 - 69,40.98,34.99,30.0,0.0,RED INTERNET & PHONE CABLE U ,0.0
NRW,55 - 59,44.98,44.98,30.0,0.0,VF CABLEMAX     ,0.0
KBW,35 - 39,39.98,39.98,53.0,0.0,VF CABLEMAX     ,1.0
NRW,35 - 39,54.99,54.99,30.0,0.0,RED INTERNET & PHONE CABLE U ,1.0
NRW,30 - 34,44.98,44.98,30.0,0.0,RED INTERNET & PHONE CABLE U ,1.0
KBW,18 - 24,44.99,44.99,30.0,0.0,RED INTERNET & PHONE CABLE U ,1.0
NRW,30 - 34,44.98,44.98,30.0,0.0,RED INTERNET & PHONE CABLE U ,1.0
KBW,65 - 69,39.99,39.99,30.0,0.0,RED INTERNET & PHONE CABLE U ,1.0
NRW,80 and over,58.94,42.97,30.0,0.0,3PLAY PLUS       ,0.0
KBW,40 - 44,45.98,24.99,30.0,0.0,VF RIP U-TREUE  ,1.0
NRW,35 - 39,44.98,44.98,30.0,0.0,RED INTERNET & PHONE CABLE U ,0.0
HSN,75 - 79,49.99,49.99,30.0,0.0,RED INTERNET & PHONE CABLE U ,1.0
NRW,40 - 44,39.98,39.98,30.0,0.0,VF CABLEMAX     ,0.0
NRW,18 - 24,39.99,39.99,30.0,0.0,RED INTERNET & PHONE CABLE U ,1.0
NRW,30 - 34,44.98,44.98,30.0,0.0,VF CABLEMAX     ,1.0
KBW,35 - 39,44.98,44.98,30.0,0.0,RED INTERNET & PHONE CABLE U ,1.0
NRW,35 - 39,56.95,35.98,30.0,0.0,RED INTERNET & PHONE CABLE U ,0.0
NRW,35 - 39,44.99,44.99,30.0,0.0,GIGAZUHAUSE KABEL ,1.0
NRW,35 - 39,39.99,39.99,30.0,0.0,RED INTERNET & PHONE CABLE U ,0.0
NRW,75 - 79,39.98,29.99,30.0,0.0,VF RIP U-TREUE  ,1.0
NRW,50 - 54,54.99,54.99,30.0,0.0,RED INTERNET & PHONE CABLE U ,0.0
NRW,60 - 64,48.97,48.97,30.0,0.0,VF CABLEMAX     ,1.0
NRW,25 - 29,34.99,34.99,30.0,0.0,RED INTERNET & PHONE CABLE U ,0.0
HSN,55 - 59,49.97,49.97,30.0,0.0,VF CABLEMAX     ,1.0
NRW,30 - 34,44.98,44.98,30.0,0.0,RED INTERNET & PHONE CABLE U ,1.0
KBW,35 - 39,39.99,39.99,30.0,0.0,RED INTERNET & PHONE CABLE U ,1.0
NRW,45 - 49,39.99,39.99,30.0,0.0,RED INTERNET & PHONE CABLE U ,0.0
KBW,75 - 79,42.97,42.97,30.0,0.0,3PLAY TREUE      ,0.0
HSN,40 - 44,39.99,39.99,65.0,0.0,VF RIP U-TREUE  ,0.0
HSN,45 - 49,44.98,44.98,30.0,0.0,RED INTERNET & PHONE CABLE U ,1.0
KBW,65 - 69,48.97,48.97,30.0,0.0,VF CABLEMAX     ,0.0
KBW,60 - 64,39.98,39.98,30.0,0.0,RED INTERNET & PHONE CABLE U ,1.0
KBW,35 - 39,32.99,32.99,30.0,0.0,VF RIP U-TREUE  ,0.0
NRW,30 - 34,34.99,34.99,30.0,0.0,RED INTERNET & PHONE CABLE U ,1.0
KBW,50 - 54,49.97,49.97,30.0,0.0,VF CABLEMAX     ,0.0
KBW,18 - 24,39.99,39.99,30.0,0.0,RED INTERNET & PHONE CABLE U ,0.0
NRW,25 - 29,34.99,34.99,30.0,0.0,RED INTERNET & PHONE CABLE U ,0.0
KBW,50 - 54,49.99,49.99,30.0,0.0,RED INTERNET & PHONE CABLE U ,0.0
NRW,35 - 39,39.99,39.99,30.0,0.0,RED INTERNET & PHONE CABLE U ,0.0
KBW,40 - 44,34.99,34.99,30.0,0.0,RED INTERNET & PHONE CABLE U ,0.0
KBW,55 - 59,44.98,44.98,30.0,0.0,VF CABLEMAX     ,0.0
KBW,45 - 49,49.97,49.97,30.0,0.0,VF CABLEMAX     ,1.0
NRW,55 - 59,49.99,49.99,30.0,0.0,RED INTERNET & PHONE CABLE U ,1.0
NRW,40 - 44,39.99,39.99,30.0,0.0,RED INTERNET & PHONE CABLE U ,1.0
NRW,65 - 69,75.84,54.84,30.0,0.0,3PLAY        ,0.0
KBW,65 - 69,65.97,44.98,30.0,0.0,VF CABLEMAX     ,0.0
HSN,35 - 39,57.97,44.98,30.0,0.0,VF CABLEMAX     ,0.0
NRW,25 - 29,49.99,49.99,30.0,0.0,RED INTERNET & PHONE CABLE U ,0.0
NRW,40 - 44,39.98,39.98,30.0,0.0,VF CABLEMAX     ,1.0
NRW,55 - 59,34.99,34.99,30.0,0.0,RED INTERNET & PHONE CABLE U ,0.0
HSN,25 - 29,39.99,39.99,30.0,0.0,RED INTERNET & PHONE CABLE U ,1.0
HSN,60 - 64,49.98,39.99,30.0,0.0,RED INTERNET & PHONE CABLE U ,1.0
NRW,80 and over,58.98,58.98,30.0,0.0,RED INTERNET & PHONE CABLE U ,0.0
KBW,35 - 39,63.96,42.97,30.0,0.0,2PLAY PLUS       ,1.0
KBW,35 - 39,39.99,39.99,30.0,0.0,RED INTERNET & PHONE CABLE U ,1.0
NRW,35 - 39,42.97,42.97,30.0,0.0,2PLAY COMFORT     ,0.0
KBW,55 - 59,39.99,39.99,30.0,0.0,RED INTERNET & PHONE CABLE U ,0.0
NRW,70 - 74,34.99,34.99,30.0,0.0,VF RIP U-TREUE  ,1.0
KBW,80 and over,34.98,34.98,30.0,0.0,RED INTERNET & PHONE CABLE U ,0.0
KBW,30 - 34,44.98,44.98,30.0,0.0,VF CABLEMAX     ,1.0
KBW,80 and over,33.74,33.74,30.0,0.0,GIGAZUHAUSE KABEL ,0.0
HSN,40 - 44,39.98,39.98,30.0,0.0,VF CABLEMAX     ,0.0
NRW,40 - 44,39.99,39.99,30.0,0.0,VF RIP U-TREUE  ,1.0
NRW,40 - 44,44.98,44.98,30.0,0.0,VF CABLEMAX     ,0.0
KBW,25 - 29,39.99,39.99,30.0,0.0,RED INTERNET & PHONE CABLE U ,0.0
NRW,25 - 29,39.99,39.99,30.0,0.0,RED INTERNET & PHONE CABLE U ,0.0
NRW,70 - 74,55.97,34.99,30.0,0.0,RED INTERNET & PHONE CABLE U ,0.0
KBW,25 - 29,39.98,39.98,30.0,0.0,GIGAZUHAUSE KABEL ,0.0
NRW,40 - 44,49.97,39.98,30.0,0.0,VF CABLEMAX     ,1.0
KBW,80 and over,34.99,34.99,30.0,0.0,RED INTERNET & PHONE CABLE U ,0.0
KBW,60 - 64,44.99,44.99,30.0,0.0,GIGAZUHAUSE KABEL ,1.0
HSN,60 - 64,44.99,44.99,97.0,0.0,GIGAZUHAUSE KABEL ,1.0
NRW,40 - 44,44.98,44.98,30.0,0.0,VF CABLEMAX     ,1.0
NRW,25 - 29,39.99,39.99,30.0,0.0,RED INTERNET & PHONE CABLE U ,1.0
NRW,45 - 49,48.97,48.97,30.0,0.0,VF CABLEMAX     ,0.0
NRW,60 - 64,47.98,47.98,551.0,0.0,GIGAZUHAUSE KABEL ,1.0
NRW,30 - 34,34.99,34.99,30.0,0.0,RED INTERNET & PHONE CABLE U ,0.0
NRW,65 - 69,34.99,34.99,30.0,0.0,RED INTERNET & PHONE CABLE U ,0.0
KBW,30 - 34,24.99,24.99,30.0,0.0,INTERNET COMFORT     ,1.0
NRW,60 - 64,45.97,32.99,30.0,0.0,VF RIP U-TREUE  ,1.0
NRW,40 - 44,39.99,39.99,30.0,0.0,RED INTERNET & PHONE CABLE U ,0.0
HSN,55 - 59,34.99,34.99,30.0,0.0,VF RIP U-TREUE  ,0.0
NRW,30 - 34,44.98,44.98,30.0,0.0,RED INTERNET & PHONE CABLE U ,0.0
KBW,35 - 39,39.99,39.99,30.0,0.0,RED INTERNET & PHONE CABLE U ,0.0
HSN,55 - 59,34.99,34.99,30.0,0.0,RED INTERNET & PHONE CABLE U ,0.0
NRW,25 - 29,39.99,39.99,30.0,0.0,RED INTERNET & PHONE CABLE U ,0.0
NRW,25 - 29,49.99,49.99,30.0,0.0,RED INTERNET & PHONE CABLE U ,1.0
NRW,45 - 49,39.98,39.98,30.0,0.0,VF CABLEMAX     ,0.0
KBW,80 and over,39.99,39.99,30.0,0.0,RED INTERNET & PHONE CABLE U ,0.0
KBW,40 - 44,34.99,34.99,30.0,0.0,RED INTERNET & PHONE CABLE U ,1.0
HSN,65 - 69,24.99,24.99,30.0,0.0,INTERNET COMFORT     ,0.0
KBW,35 - 39,39.99,39.99,30.0,0.0,RED INTERNET & PHONE CABLE U ,1.0
NRW,40 - 44,37.99,37.99,30.0,0.0,VF RIP U-TREUE  ,1.0
NRW,45 - 49,58.97,62.97,30.0,0.0,RED INTERNET & PHONE CABLE U ,0.0
NRW,40 - 44,44.98,44.98,30.0,0.0,VF CABLEMAX     ,1.0
NRW,60 - 64,61.98,39.99,30.0,0.0,VF RIP U-TREUE  ,1.0
HSN,65 - 69,42.98,32.99,30.0,0.0,VF RIP U-TREUE  ,0.0
KBW,60 - 64,42.98,42.98,30.0,0.0,VF RIP U-TREUE  ,1.0
NRW,55 - 59,49.97,44.98,30.0,0.0,3PLAY TREUE      ,1.0
NRW,50 - 54,65.97,44.98,30.0,0.0,VF CABLEMAX     ,0.0
KBW,30 - 34,44.98,44.98,30.0,0.0,RED INTERNET & PHONE CABLE U ,1.0
NRW,25 - 29,44.99,44.99,30.0,0.0,RED INTERNET & PHONE CABLE U ,0.0
NRW,35 - 39,48.97,48.97,30.0,0.0,VF CABLEMAX     ,0.0
NRW,35 - 39,62.98,62.98,30.0,0.0,RED INTERNET & PHONE CABLE U ,1.0
KBW,25 - 29,44.98,44.98,30.0,0.0,RED INTERNET & PHONE CABLE U ,1.0
HSN,45 - 49,39.99,39.99,30.0,0.0,RED INTERNET & PHONE CABLE U ,1.0
NRW,55 - 59,47.97,44.98,30.0,0.0,VF CABLEMAX     ,0.0
NRW,60 - 64,58.98,58.98,30.0,0.0,RED INTERNET & PHONE CABLE U ,0.0
NRW,60 - 64,44.98,44.98,30.0,0.0,VF CABLEMAX     ,1.0
KBW,45 - 49,44.53,44.34,30.0,0.0,VF CABLEMAX     ,0.0
NRW,40 - 44,44.98,44.98,30.0,0.0,VF CABLEMAX     ,1.0
HSN,45 - 49,49.97,49.97,30.0,0.0,VF CABLEMAX     ,1.0
NRW,45 - 49,65.98,44.98,30.0,0.0,VF RIP U-TREUE  ,1.0
KBW,35 - 39,37.98,37.98,30.0,0.0,GIGAZUHAUSE KABEL ,0.0
HSN,25 - 29,44.98,44.98,30.0,0.0,RED INTERNET & PHONE CABLE U ,1.0
NRW,50 - 54,44.98,44.98,30.0,0.0,VF CABLEMAX     ,1.0
NRW,80 and over,37.98,37.98,30.0,0.0,VF RIP U-TREUE  ,0.0
HSN,35 - 39,34.99,34.99,30.0,0.0,RED INTERNET & PHONE CABLE U ,0.0
KBW,55 - 59,44.98,44.98,30.0,0.0,RED INTERNET & PHONE CABLE U ,1.0
NRW,30 - 34,49.97,49.97,30.0,0.0,VF CABLEMAX     ,1.0
NRW,40 - 44,34.99,34.99,30.0,0.0,RED INTERNET & PHONE CABLE U ,0.0
HSN,25 - 29,39.98,39.98,30.0,0.0,VF CABLEMAX     ,1.0
KBW,65 - 69,44.98,44.98,30.0,0.0,VF CABLEMAX     ,0.0
NRW,45 - 49,39.98,39.98,30.0,0.0,VF CABLEMAX     ,1.0
KBW,30 - 34,44.98,44.98,30.0,0.0,RED INTERNET & PHONE CABLE U ,0.0
KBW,18 - 24,44.97,44.97,30.0,0.0,VF CABLEMAX     ,0.0
KBW,50 - 54,44.98,44.98,30.0,0.0,VF CABLEMAX     ,1.0
KBW,35 - 39,29.99,29.99,30.0,0.0,VF RIP U-TREUE  ,0.0
KBW,18 - 24,44.97,44.97,30.0,0.0,RED INTERNET & PHONE CABLE U ,1.0
KBW,70 - 74,35.97,32.99,30.0,0.0,VF RIP U-TREUE  ,0.0
NRW,65 - 69,34.99,34.99,30.0,0.0,RED INTERNET & PHONE CABLE U ,1.0
NRW,30 - 34,47.98,47.98,30.0,0.0,GIGAZUHAUSE KABEL ,0.0
KBW,30 - 34,34.99,34.99,30.0,0.0,RED INTERNET & PHONE CABLE U ,1.0
KBW,40 - 44,49.97,49.97,30.0,0.0,VF CABLEMAX     ,1.0
NRW,60 - 64,52.98,52.98,30.0,0.0,VF RIP U-TREUE  ,0.0
NRW,40 - 44,44.98,44.98,30.0,0.0,VF CABLEMAX     ,0.0
NRW,35 - 39,39.99,39.99,30.0,0.0,RED INTERNET & PHONE CABLE U ,0.0
NRW,35 - 39,44.98,44.98,30.0,0.0,RED INTERNET & PHONE CABLE U ,0.0
NRW,65 - 69,44.98,44.98,30.0,0.0,VF CABLEMAX     ,1.0
KBW,65 - 69,65.97,44.98,30.0,0.0,VF CABLEMAX     ,0.0
HSN,40 - 44,69.96,44.98,30.0,0.0,VF CABLEMAX     ,1.0
NRW,80 and over,45.97,39.98,30.0,0.0,RED INTERNET & PHONE CABLE U ,0.0
NRW,35 - 39,34.99,34.99,30.0,0.0,RED INTERNET & PHONE CABLE U ,0.0
NRW,30 - 34,39.99,39.99,30.0,0.0,RED INTERNET & PHONE CABLE U ,0.0
HSN,35 - 39,44.98,44.98,30.0,0.0,VF CABLEMAX     ,1.0
HSN,45 - 49,44.98,44.98,30.0,0.0,VF CABLEMAX     ,0.0
KBW,40 - 44,49.99,49.99,30.0,0.0,RED INTERNET & PHONE CABLE U ,1.0
NRW,45 - 49,39.99,39.99,30.0,0.0,RED INTERNET & PHONE CABLE U ,1.0
NRW,40 - 44,50.98,29.99,30.0,0.0,VF RIP U-TREUE  ,1.0
NRW,40 - 44,44.98,44.98,30.0,0.0,RED INTERNET & PHONE CABLE U ,0.0
NRW,35 - 39,24.99,24.99,30.0,0.0,INTERNET COMFORT     ,1.0
NRW,60 - 64,74.96,44.98,30.0,0.0,VF CABLEMAX     ,1.0
NRW,60 - 64,24.99,24.99,30.0,0.0,INTERNET COMFORT     ,0.0
NRW,25 - 29,32.99,32.99,30.0,0.0,VF RIP U-TREUE  ,1.0
KBW,30 - 34,39.99,39.99,30.0,0.0,RED INTERNET & PHONE CABLE U ,1.0
NRW,50 - 54,44.97,44.97,30.0,0.0,VF CABLEMAX     ,0.0
NRW,55 - 59,34.99,34.99,30.0,0.0,RED INTERNET & PHONE CABLE U ,1.0
KBW,55 - 59,49.97,49.97,30.0,0.0,VF CABLEMAX     ,1.0
NRW,80 and over,49.97,29.99,30.0,0.0,VF RIP U-TREUE  ,0.0
NRW,18 - 24,38.98,38.98,30.0,0.0,RED INTERNET & PHONE CABLE U ,1.0
NRW,55 - 59,44.98,44.98,30.0,0.0,RED INTERNET & PHONE CABLE U ,1.0
NRW,35 - 39,44.97,44.97,30.0,0.0,RED INTERNET & PHONE CABLE U ,1.0
NRW,30 - 34,39.99,39.99,30.0,0.0,RED INTERNET & PHONE CABLE U ,0.0
KBW,80 and over,24.99,34.99,30.0,1.0,RED INTERNET & PHONE CABLE U ,1.0
HSN,45 - 49,49.97,49.97,30.0,0.0,VF CABLEMAX     ,1.0
KBW,80 and over,74.95,33.96,30.0,0.0,RED INTERNET & PHONE CABLE U ,0.0
KBW,30 - 34,37.99,37.99,30.0,0.0,VF RIP U-TREUE  ,0.0
NRW,60 - 64,47.99,47.99,30.0,0.0,VF RIP U-TREUE  ,0.0
KBW,30 - 34,29.99,29.99,30.0,0.0,INTERNET PREMIUM     ,1.0
KBW,40 - 44,69.96,48.97,30.0,0.0,VF CABLEMAX     ,1.0
NRW,25 - 29,37.98,37.98,30.0,0.0,RED INTERNET & PHONE CABLE U ,0.0
HSN,35 - 39,32.99,32.99,30.0,0.0,VF RIP U-TREUE  ,0.0
NRW,55 - 59,34.99,34.99,30.0,0.0,RED INTERNET & PHONE CABLE U ,0.0
NRW,35 - 39,34.99,34.99,30.0,0.0,RED INTERNET & PHONE CABLE U ,0.0
KBW,35 - 39,44.98,44.98,30.0,0.0,RED INTERNET & PHONE CABLE U ,0.0
KBW,70 - 74,27.99,27.99,30.0,0.0,VF RIP U-TREUE  ,0.0
NRW,60 - 64,49.99,49.99,30.0,0.0,GIGAZUHAUSE KABEL ,1.0
KBW,40 - 44,39.99,39.99,30.0,0.0,RED INTERNET & PHONE CABLE U ,1.0
NRW,40 - 44,39.99,39.99,30.0,0.0,VF RIP U-TREUE  ,1.0
NRW,40 - 44,34.99,34.99,30.0,0.0,RED INTERNET & PHONE CABLE U ,0.0
NRW,40 - 44,29.99,29.99,30.0,0.0,VF RIP U-TREUE  ,1.0
KBW,18 - 24,39.98,39.98,116.0,0.0,GIGAZUHAUSE KABEL ,1.0
NRW,60 - 64,44.98,44.98,30.0,0.0,RED INTERNET & PHONE CABLE U ,1.0
NRW,60 - 64,39.98,39.98,30.0,0.0,RED INTERNET & PHONE CABLE U ,0.0
NRW,60 - 64,44.98,44.98,30.0,0.0,RED INTERNET & PHONE CABLE U ,0.0
KBW,50 - 54,39.99,39.99,30.0,2.0,VF RIP U-TREUE  ,1.0
KBW,70 - 74,29.99,29.99,30.0,0.0,VF RIP U-TREUE  ,0.0
NRW,25 - 29,34.99,34.99,30.0,0.0,RED INTERNET & PHONE CABLE U ,1.0
NRW,55 - 59,42.98,42.98,30.0,0.0,VF RIP U-TREUE  ,0.0
KBW,45 - 49,33.98,33.98,30.0,0.0,RED INTERNET & PHONE CABLE U ,1.0
NRW,40 - 44,39.99,39.99,30.0,0.0,RED INTERNET & PHONE CABLE U ,1.0
NRW,80 and over,34.99,34.99,30.0,0.0,VF RIP U-TREUE  ,0.0
KBW,25 - 29,44.98,44.98,30.0,0.0,VF CABLEMAX     ,0.0
HSN,65 - 69,44.98,44.98,30.0,0.0,VF CABLEMAX     ,0.0
NRW,80 and over,34.99,34.99,30.0,0.0,RED INTERNET & PHONE CABLE U ,0.0
KBW,35 - 39,34.99,34.99,30.0,0.0,RED INTERNET & PHONE CABLE U ,1.0
NRW,30 - 34,52.98,52.98,30.0,0.0,VF RIP U-TREUE  ,1.0
HSN,30 - 34,44.98,44.98,30.0,0.0,RED INTERNET & PHONE CABLE U ,1.0
HSN,55 - 59,42.98,42.98,30.0,0.0,VF RIP U-TREUE  ,0.0
NRW,40 - 44,39.98,39.98,30.0,0.0,VF CABLEMAX     ,0.0
KBW,60 - 64,29.99,29.99,30.0,0.0,VF RIP U-TREUE  ,0.0
NRW,30 - 34,34.99,34.99,30.0,0.0,VF RIP U-TREUE  ,1.0
NRW,40 - 44,42.98,42.98,30.0,0.0,VF RIP U-TREUE  ,0.0
NRW,55 - 59,44.98,44.98,30.0,0.0,RED INTERNET & PHONE CABLE U ,1.0
HSN,80 and over,39.99,39.99,30.0,0.0,RED INTERNET & PHONE CABLE U ,1.0
KBW,75 - 79,39.98,39.98,30.0,0.0,VF CABLEMAX     ,1.0
KBW,45 - 49,34.99,34.99,30.0,0.0,VF RIP U-TREUE  ,0.0
NRW,60 - 64,33.74,33.74,30.0,0.0,3PLAY        ,0.0
KBW,40 - 44,39.98,39.98,30.0,0.0,INTERNET PREMIUM     ,1.0
NRW,50 - 54,44.98,44.98,30.0,0.0,VF CABLEMAX     ,1.0
KBW,65 - 69,37.99,37.99,30.0,0.0,VF RIP U-TREUE  ,1.0
NRW,55 - 59,64.97,44.98,30.0,0.0,VF CABLEMAX     ,0.0
KBW,45 - 49,37.99,37.99,30.0,0.0,VF RIP U-TREUE  ,1.0
NRW,75 - 79,32.99,32.99,30.0,0.0,VF RIP U-TREUE  ,0.0
NRW,30 - 34,24.99,24.99,30.0,0.0,INTERNET COMFORT     ,0.0
KBW,25 - 29,44.99,44.99,31.0,0.0,GIGAZUHAUSE KABEL ,0.0
KBW,60 - 64,54.98,54.98,30.0,0.0,GIGAZUHAUSE KABEL ,1.0
HSN,25 - 29,39.99,39.99,30.0,0.0,RED INTERNET & PHONE CABLE U ,1.0
NRW,65 - 69,68.96,58.97,30.0,0.0,RED INTERNET & PHONE CABLE U ,1.0
KBW,25 - 29,29.99,29.99,30.0,0.0,VF RIP U-TREUE  ,0.0
NRW,45 - 49,56.98,49.99,30.0,0.0,RED INTERNET & PHONE CABLE U ,0.0
NRW,30 - 34,44.98,44.98,30.0,0.0,RED INTERNET & PHONE CABLE U ,1.0
KBW,55 - 59,50.95,49.97,30.0,0.0,VF CABLEMAX     ,1.0
NRW,50 - 54,44.98,44.98,30.0,0.0,VF CABLEMAX     ,1.0
HSN,35 - 39,49.99,49.99,30.0,0.0,RED INTERNET & PHONE CABLE U ,1.0
KBW,45 - 49,34.99,34.99,30.0,0.0,RED INTERNET & PHONE CABLE U ,0.0
NRW,35 - 39,62.98,62.98,30.0,0.0,RED INTERNET & PHONE CABLE U ,0.0
KBW,35 - 39,39.98,39.98,30.0,0.0,VF CABLEMAX     ,1.0
NRW,30 - 34,44.98,44.98,30.0,0.0,RED INTERNET & PHONE CABLE U ,1.0
HSN,50 - 54,54.98,54.98,30.0,0.0,RED INTERNET & PHONE CABLE U ,1.0
HSN,45 - 49,52.98,52.98,30.0,0.0,VF RIP U-TREUE  ,1.0
NRW,25 - 29,39.99,39.99,30.0,0.0,RED INTERNET & PHONE CABLE U ,0.0
NRW,30 - 34,44.98,44.98,30.0,0.0,RED INTERNET & PHONE CABLE U ,1.0
KBW,35 - 39,34.99,34.99,30.0,0.0,RED INTERNET & PHONE CABLE U ,1.0
NRW,35 - 39,34.99,34.99,30.0,0.0,RED INTERNET & PHONE CABLE U ,1.0
NRW,55 - 59,29.99,29.99,30.0,0.0,VF RIP U-TREUE  ,0.0
NRW,60 - 64,24.99,24.99,30.0,0.0,VF RIP U-TREUE  ,1.0
NRW,70 - 74,44.98,29.99,30.0,0.0,VF RIP U-TREUE  ,0.0
KBW,45 - 49,54.99,54.99,30.0,0.0,RED INTERNET & PHONE CABLE U ,1.0
NRW,25 - 29,43.97,43.97,30.0,0.0,RED INTERNET & PHONE CABLE U ,0.0
NRW,35 - 39,39.99,39.99,30.0,0.0,RED INTERNET & PHONE CABLE U ,0.0
KBW,45 - 49,49.98,49.98,30.0,0.0,RED INTERNET & PHONE CABLE U ,0.0
NRW,35 - 39,39.99,39.99,30.0,0.0,RED INTERNET & PHONE CABLE U ,1.0
KBW,65 - 69,51.93,34.97,30.0,0.0,VF RIP U-TREUE  ,0.0
NRW,55 - 59,38.98,38.98,30.0,0.0,RED INTERNET & PHONE CABLE U ,1.0
NRW,70 - 74,25.98,25.98,30.0,0.0,RED INTERNET & PHONE CABLE U ,1.0
NRW,40 - 44,64.97,39.99,30.0,0.0,RED INTERNET & PHONE CABLE U ,1.0
NRW,40 - 44,44.98,44.98,30.0,0.0,RED INTERNET & PHONE CABLE U ,1.0
KBW,18 - 24,39.98,39.98,30.0,0.0,VF CABLEMAX     ,1.0
HSN,45 - 49,44.98,44.98,30.0,0.0,RED INTERNET & PHONE CABLE U ,1.0
HSN,30 - 34,39.99,39.99,30.0,0.0,VF RIP U-TREUE  ,1.0
KBW,60 - 64,44.98,44.98,30.0,0.0,VF CABLEMAX     ,1.0
NRW,40 - 44,34.99,34.99,30.0,0.0,RED INTERNET & PHONE CABLE U ,1.0
KBW,30 - 34,34.99,34.99,30.0,0.0,RED INTERNET & PHONE CABLE U ,1.0
KBW,18 - 24,39.98,39.98,30.0,0.0,RED INTERNET & PHONE CABLE U ,1.0
KBW,40 - 44,44.98,44.98,30.0,0.0,VF CABLEMAX     ,1.0
NRW,40 - 44,54.99,54.99,30.0,0.0,RED INTERNET & PHONE CABLE U ,0.0
NRW,65 - 69,70.34,49.99,30.0,0.0,RED INTERNET & PHONE CABLE U ,0.0
HSN,25 - 29,44.98,44.98,30.0,0.0,RED INTERNET & PHONE CABLE U ,0.0
KBW,40 - 44,27.99,27.99,30.0,0.0,VF RIP U-TREUE  ,0.0
KBW,40 - 44,49.99,49.99,30.0,0.0,RED INTERNET & PHONE CABLE U ,0.0
KBW,40 - 44,39.99,39.99,30.0,0.0,RED INTERNET & PHONE CABLE U ,0.0
NRW,65 - 69,53.96,53.96,30.0,0.0,VF CABLEMAX     ,0.0
NRW,65 - 69,47.78,62.43,30.0,0.0,3PLAY HD BOX      ,1.0
KBW,30 - 34,29.99,29.99,30.0,0.0,VF RIP U-TREUE  ,0.0
NRW,55 - 59,50.98,29.99,30.0,0.0,VF RIP U-TREUE  ,1.0
NRW,30 - 34,34.99,34.99,30.0,0.0,RED INTERNET & PHONE CABLE U ,1.0
HSN,18 - 24,59.98,59.98,30.0,0.0,RED INTERNET & PHONE CABLE U ,1.0
KBW,60 - 64,65.97,44.98,30.0,0.0,VF RIP U-TREUE  ,1.0
NRW,25 - 29,44.98,44.98,30.0,0.0,VF CABLEMAX     ,1.0
NRW,70 - 74,39.99,39.99,30.0,0.0,RED INTERNET & PHONE CABLE U ,0.0
KBW,65 - 69,44.97,44.97,30.0,0.0,RED INTERNET & PHONE CABLE U ,1.0
NRW,70 - 74,32.98,32.98,30.0,0.0,VF RIP U-TREUE  ,0.0
NRW,40 - 44,47.99,47.99,30.0,0.0,VF RIP U-TREUE  ,0.0
NRW,40 - 44,49.97,49.97,30.0,0.0,RED INTERNET & PHONE CABLE U ,1.0
KBW,55 - 59,34.99,34.99,30.0,0.0,VF RIP U-TREUE  ,1.0
NRW,60 - 64,47.95,44.98,30.0,0.0,VF CABLEMAX     ,0.0
HSN,30 - 34,29.99,29.99,30.0,0.0,VF RIP U-TREUE  ,1.0
HSN,35 - 39,29.99,29.99,30.0,0.0,INTERNET PREMIUM     ,1.0
KBW,70 - 74,39.98,29.99,30.0,0.0,VF RIP U-TREUE  ,0.0
NRW,50 - 54,39.98,39.98,30.0,0.0,RED INTERNET & PHONE CABLE U ,1.0
NRW,50 - 54,39.99,39.99,30.0,0.0,RED INTERNET & PHONE CABLE U ,0.0
NRW,40 - 44,44.98,44.98,30.0,0.0,VF CABLEMAX     ,0.0
NRW,25 - 29,44.98,44.98,30.0,0.0,RED INTERNET & PHONE CABLE U ,1.0
NRW,60 - 64,37.97,37.98,30.0,0.0,RED INTERNET & PHONE CABLE U ,0.0
NRW,35 - 39,29.99,29.99,30.0,0.0,VF RIP U-TREUE  ,0.0
KBW,67 - 24,34.99,34.99,30.0,0.0,RED INTERNET & PHONE CABLE U ,1.0
NRW,65 - 69,44.98,44.98,30.0,0.0,VF CABLEMAX     ,1.0
NRW,25 - 29,39.99,39.99,30.0,0.0,RED INTERNET & PHONE CABLE U ,0.0
NRW,30 - 34,37.99,37.99,30.0,0.0,VF RIP U-TREUE  ,0.0
HSN,40 - 44,44.98,44.98,30.0,0.0,VF RIP U-TREUE  ,1.0
KBW,60 - 64,44.98,44.98,30.0,0.0,RED INTERNET & PHONE CABLE U ,0.0
NRW,25 - 29,24.99,24.99,30.0,0.0,INTERNET COMFORT     ,1.0
KBW,60 - 64,47.98,47.98,30.0,0.0,RED INTERNET & PHONE CABLE U ,0.0
KBW,35 - 39,39.98,39.98,30.0,0.0,VF RIP U-TREUE  ,0.0
KBW,40 - 44,42.98,42.98,30.0,0.0,VF RIP U-TREUE  ,1.0
NRW,30 - 34,54.99,54.99,30.0,0.0,RED INTERNET & PHONE CABLE U ,1.0
KBW,70 - 74,34.99,34.99,30.0,0.0,RED INTERNET & PHONE CABLE U ,1.0
KBW,60 - 64,29.99,29.99,30.0,0.0,RED INTERNET & PHONE CABLE U ,0.0
KBW,40 - 44,39.99,39.99,30.0,0.0,RED INTERNET & PHONE CABLE U ,1.0
KBW,30 - 34,44.98,44.98,30.0,0.0,RED INTERNET & PHONE CABLE U ,1.0
NRW,30 - 34,39.98,39.98,30.0,0.0,RED INTERNET & PHONE CABLE U ,1.0
KBW,18 - 24,44.98,44.98,30.0,0.0,RED INTERNET & PHONE CABLE U ,1.0
NRW,40 - 44,44.98,44.98,30.0,0.0,VF CABLEMAX     ,0.0
KBW,35 - 39,44.98,44.98,30.0,0.0,VF CABLEMAX     ,1.0
NRW,50 - 54,39.99,39.99,30.0,0.0,RED INTERNET & PHONE CABLE U ,0.0
HSN,60 - 64,49.97,49.97,30.0,0.0,VF CABLEMAX     ,0.0
NRW,35 - 39,39.98,39.98,30.0,0.0,VF CABLEMAX     ,0.0
HSN,35 - 39,39.99,39.99,30.0,0.0,VF RIP U-TREUE  ,1.0
NRW,70 - 74,48.97,48.97,30.0,0.0,RED INTERNET & PHONE CABLE U ,1.0
KBW,30 - 34,44.98,44.98,30.0,0.0,VF CABLEMAX     ,1.0
NRW,35 - 39,39.98,39.98,30.0,0.0,VF CABLEMAX     ,0.0
KBW,40 - 44,49.99,49.99,30.0,0.0,RED INTERNET & PHONE CABLE U ,0.0
HSN,40 - 44,32.99,32.99,30.0,0.0,VF RIP U-TREUE  ,0.0
KBW,40 - 44,44.98,44.98,30.0,0.0,VF CABLEMAX     ,0.0
KBW,45 - 49,44.98,44.98,30.0,0.0,RED INTERNET & PHONE CABLE U ,0.0
KBW,55 - 59,34.99,34.99,30.0,0.0,RED INTERNET & PHONE CABLE U ,1.0
NRW,25 - 29,44.98,44.98,30.0,0.0,VF CABLEMAX     ,1.0
NRW,35 - 39,49.97,49.97,30.0,0.0,VF CABLEMAX     ,1.0
KBW,50 - 54,47.99,47.99,30.0,0.0,VF RIP U-TREUE  ,1.0
NRW,25 - 29,39.99,39.99,99.0,0.0,RED INTERNET & PHONE CABLE U ,1.0
HSN,60 - 64,39.99,39.99,30.0,0.0,RED INTERNET & PHONE CABLE U ,1.0
NRW,65 - 69,49.97,49.97,30.0,0.0,VF CABLEMAX     ,1.0
KBW,40 - 44,37.99,37.99,30.0,0.0,VF RIP U-TREUE  ,0.0
HSN,50 - 54,49.99,49.99,30.0,0.0,GIGAZUHAUSE KABEL ,1.0
NRW,55 - 59,74.97,44.98,30.0,0.0,VF CABLEMAX     ,1.0
KBW,50 - 54,39.98,39.98,30.0,0.0,VF CABLEMAX     ,0.0
NRW,45 - 49,44.98,44.98,30.0,0.0,VF CABLEMAX     ,0.0
KBW,40 - 44,44.99,44.99,30.0,0.0,RED INTERNET & PHONE CABLE U ,1.0
HSN,40 - 44,29.99,29.99,30.0,0.0,VF RIP U-TREUE  ,0.0
NRW,35 - 39,34.99,34.99,30.0,0.0,RED INTERNET & PHONE CABLE U ,0.0
NRW,50 - 54,49.97,49.97,30.0,0.0,VF CABLEMAX     ,0.0
KBW,65 - 69,39.98,39.98,30.0,0.0,VF CABLEMAX     ,0.0
KBW,60 - 64,47.96,47.96,30.0,0.0,2PLAY PLUS       ,0.0
NRW,70 - 74,39.99,39.99,30.0,0.0,RED INTERNET & PHONE CABLE U ,1.0
NRW,70 - 74,34.99,34.99,30.0,0.0,VF RIP U-TREUE  ,0.0
NRW,60 - 64,34.99,34.99,30.0,0.0,RED INTERNET & PHONE CABLE U ,0.0
NRW,55 - 59,39.99,39.99,30.0,0.0,VF RIP U-TREUE  ,0.0
HSN,55 - 59,34.99,34.99,60.0,0.0,RED INTERNET & PHONE CABLE U ,1.0
HSN,25 - 29,44.97,44.97,30.0,0.0,RED INTERNET & PHONE CABLE U ,1.0
NRW,50 - 54,34.99,34.99,30.0,0.0,RED INTERNET & PHONE CABLE U ,1.0
KBW,75 - 79,44.98,44.98,30.0,0.0,RED INTERNET & PHONE CABLE U ,0.0
KBW,45 - 49,32.99,32.99,30.0,0.0,VF RIP U-TREUE  ,0.0
NRW,40 - 44,27.99,27.99,30.0,0.0,VF RIP U-TREUE  ,1.0
KBW,65 - 69,49.97,49.97,30.0,0.0,VF CABLEMAX     ,0.0
NRW,55 - 59,42.97,42.97,30.0,0.0,GIGAZUHAUSE KABEL ,0.0
KBW,30 - 34,44.98,44.98,30.0,0.0,RED INTERNET & PHONE CABLE U ,1.0
NRW,35 - 39,24.99,24.99,30.0,0.0,INTERNET COMFORT     ,1.0
KBW,70 - 74,49.98,49.98,30.0,0.0,GIGAZUHAUSE KABEL ,1.0
NRW,50 - 54,59.98,59.98,30.0,0.0,RED INTERNET & PHONE CABLE U ,1.0
NRW,55 - 59,29.99,29.99,30.0,0.0,VF RIP U-TREUE  ,0.0
KBW,55 - 59,84.96,54.98,30.0,0.0,RED INTERNET & PHONE CABLE U ,1.0
NRW,60 - 64,34.99,34.99,30.0,0.0,RED INTERNET & PHONE CABLE U ,1.0
NRW,60 - 64,49.97,49.97,30.0,0.0,VF CABLEMAX     ,0.0
KBW,40 - 44,56.95,49.97,30.0,0.0,VF CABLEMAX     ,0.0
HSN,25 - 29,44.98,44.98,30.0,0.0,VF CABLEMAX     ,0.0
NRW,18 - 24,49.97,49.97,30.0,0.0,VF CABLEMAX     ,1.0
NRW,45 - 49,51.97,44.98,30.0,0.0,VF CABLEMAX     ,0.0
NRW,25 - 29,44.99,44.99,30.0,0.0,RED INTERNET & PHONE CABLE U ,1.0
NRW,80 and over,58.77,37.78,30.0,0.0,3PLAY        ,0.0
NRW,35 - 39,44.98,44.98,30.0,0.0,VF CABLEMAX     ,1.0
HSN,50 - 54,29.99,29.99,30.0,0.0,RED INTERNET & PHONE CABLE U ,0.0
NRW,30 - 34,34.99,34.99,30.0,0.0,VF RIP U-TREUE  ,1.0
NRW,30 - 34,44.99,44.99,30.0,1.0,VF RIP U-TREUE  ,1.0
NRW,75 - 79,49.99,49.99,30.0,0.0,GIGAZUHAUSE KABEL ,0.0
HSN,45 - 49,39.98,39.98,78.0,0.0,GIGAZUHAUSE KABEL ,1.0
NRW,65 - 69,44.97,44.97,30.0,0.0,RED INTERNET & PHONE CABLE U ,0.0
NRW,50 - 54,34.99,34.99,30.0,0.0,RED INTERNET & PHONE CABLE U ,1.0
KBW,55 - 59,44.98,44.98,30.0,0.0,VF CABLEMAX     ,0.0
NRW,75 - 79,47.96,29.9,30.0,0.0,3PLAY PLUS       ,1.0
KBW,25 - 29,39.99,39.99,30.0,0.0,RED INTERNET & PHONE CABLE U ,1.0
KBW,40 - 44,24.99,24.99,30.0,0.0,INTERNET COMFORT     ,0.0
KBW,55 - 59,73.98,52.98,30.0,0.0,VF RIP U-TREUE  ,0.0
NRW,40 - 44,44.99,44.99,30.0,0.0,RED INTERNET & PHONE CABLE U ,1.0
KBW,25 - 29,44.99,44.99,30.0,0.0,RED INTERNET & PHONE CABLE U ,1.0
HSN,18 - 24,39.99,39.99,30.0,0.0,RED INTERNET & PHONE CABLE U ,1.0
NRW,30 - 34,49.99,49.99,30.0,1.0,GIGAZUHAUSE KABEL ,1.0
HSN,60 - 64,39.98,39.98,30.0,0.0,RED INTERNET & PHONE CABLE U ,0.0
NRW,30 - 34,34.99,34.99,30.0,0.0,RED INTERNET & PHONE CABLE U ,0.0
NRW,70 - 74,63.98,42.99,30.0,0.0,VF RIP U-TREUE  ,0.0
KBW,80 and over,68.96,47.96,30.0,0.0,GIGAZUHAUSE KABEL ,1.0
HSN,65 - 69,49.99,49.99,30.0,0.0,RED INTERNET & PHONE CABLE U ,1.0
KBW,60 - 64,49.99,49.99,30.0,0.0,GIGAZUHAUSE KABEL ,1.0
KBW,55 - 59,52.99,52.99,30.0,0.0,RED INTERNET & PHONE CABLE U ,0.0
HSN,45 - 49,24.99,24.99,30.0,0.0,INTERNET COMFORT     ,1.0
NRW,30 - 34,44.98,44.98,30.0,0.0,RED INTERNET & PHONE CABLE U ,1.0
NRW,65 - 69,69.96,44.98,30.0,0.0,VF CABLEMAX     ,0.0
NRW,40 - 44,44.98,44.98,30.0,0.0,RED INTERNET & PHONE CABLE U ,1.0
HSN,18 - 24,34.99,34.99,30.0,0.0,RED INTERNET & PHONE CABLE U ,1.0
NRW,25 - 29,39.98,39.98,30.0,0.0,RED INTERNET & PHONE CABLE U ,1.0
KBW,30 - 34,44.98,44.98,30.0,0.0,RED INTERNET & PHONE CABLE U ,0.0
KBW,50 - 54,44.98,44.98,30.0,0.0,VF CABLEMAX     ,1.0
NRW,40 - 44,39.98,39.98,30.0,0.0,RED INTERNET & PHONE CABLE U ,1.0
KBW,60 - 64,54.98,44.98,30.0,0.0,RED INTERNET & PHONE CABLE U ,1.0
KBW,18 - 24,39.98,39.98,30.0,0.0,RED INTERNET & PHONE CABLE U ,0.0
HSN,40 - 44,24.99,24.99,30.0,0.0,INTERNET COMFORT     ,0.0
NRW,25 - 29,44.98,44.98,30.0,0.0,3PLAY START       ,1.0
NRW,45 - 49,44.98,44.98,30.0,0.0,RED INTERNET & PHONE CABLE U ,0.0
NRW,25 - 29,39.99,39.99,30.0,0.0,RED INTERNET & PHONE CABLE U ,1.0
NRW,40 - 44,45.98,24.99,30.0,0.0,VF RIP U-TREUE  ,1.0
NRW,44 - 34,44.99,44.99,30.0,0.0,RED INTERNET & PHONE CABLE U ,1.0
KBW,50 - 54,49.97,49.97,30.0,0.0,VF CABLEMAX     ,0.0
NRW,35 - 39,44.98,44.98,30.0,0.0,VF CABLEMAX     ,1.0
KBW,30 - 34,44.98,44.98,30.0,0.0,RED INTERNET & PHONE CABLE U ,1.0
NRW,55 - 59,39.99,39.99,30.0,0.0,RED INTERNET & PHONE CABLE U ,0.0
NRW,30 - 34,39.99,39.99,30.0,0.0,VF CABLEMAX     ,1.0
HSN,40 - 44,44.98,44.98,30.0,0.0,RED INTERNET & PHONE CABLE U ,1.0
KBW,80 and over,27.98,27.99,30.0,0.0,RED INTERNET & PHONE CABLE U ,0.0
KBW,50 - 54,34.99,34.99,30.0,0.0,RED INTERNET & PHONE CABLE U ,1.0
KBW,60 - 64,54.98,54.98,30.0,0.0,GIGAZUHAUSE KABEL ,0.0
NRW,35 - 39,39.99,39.99,30.0,0.0,VF RIP U-TREUE  ,1.0
KBW,40 - 44,29.99,29.99,30.0,0.0,RED INTERNET & PHONE CABLE U ,1.0
KBW,40 - 44,39.98,39.98,30.0,0.0,VF CABLEMAX     ,0.0
KBW,35 - 39,39.98,39.98,30.0,0.0,RED INTERNET & PHONE CABLE U ,1.0
HSN,50 - 54,54.98,54.98,30.0,0.0,RED INTERNET & PHONE CABLE U ,0.0
KBW,55 - 59,34.99,34.99,30.0,0.0,VF RIP U-TREUE  ,0.0
NRW,18 - 24,39.99,39.99,30.0,0.0,RED INTERNET & PHONE CABLE U ,1.0
KBW,30 - 34,54.99,54.99,30.0,0.0,RED INTERNET & PHONE CABLE U ,0.0
KBW,35 - 39,44.98,44.98,30.0,0.0,VF CABLEMAX     ,1.0
NRW,25 - 29,34.99,34.99,30.0,0.0,RED INTERNET & PHONE CABLE U ,1.0
NRW,60 - 64,65.98,44.99,30.0,0.0,RED INTERNET & PHONE CABLE U ,0.0
KBW,30 - 34,39.99,39.99,30.0,0.0,RED INTERNET & PHONE CABLE U ,0.0
NRW,30 - 34,39.98,39.98,30.0,0.0,VF CABLEMAX     ,1.0
KBW,70 - 74,42.98,42.98,30.0,0.0,VF RIP U-TREUE  ,0.0
NRW,80 and over,19.99,19.99,30.0,0.0,EAZY       ,1.0
HSN,70 - 74,34.99,34.99,30.0,0.0,RED INTERNET & PHONE CABLE U ,1.0
HSN,70 - 74,37.98,37.98,65.0,0.0,GIGAZUHAUSE TREUE D ,0.0
NRW,35 - 39,39.98,39.98,30.0,0.0,RED INTERNET & PHONE CABLE U ,1.0
KBW,50 - 54,44.98,44.98,30.0,0.0,VF CABLEMAX     ,0.0
KBW,35 - 39,19.99,24.99,30.0,0.0,INTERNET COMFORT     ,0.0
NRW,40 - 44,43.98,43.98,45.0,0.0,RED INTERNET & PHONE CABLE U ,1.0
KBW,55 - 59,57.97,37.98,30.0,0.0,VF RIP U-TREUE  ,0.0
NRW,55 - 59,34.99,34.99,30.0,0.0,RED INTERNET & PHONE CABLE U ,0.0
NRW,25 - 29,39.99,39.99,30.0,0.0,RED INTERNET & PHONE CABLE U ,1.0
NRW,40 - 44,42.98,42.98,30.0,0.0,VF RIP U-TREUE  ,0.0
KBW,25 - 29,44.98,44.98,30.0,0.0,RED INTERNET & PHONE CABLE U ,1.0
NRW,35 - 39,49.99,49.99,30.0,0.0,RED INTERNET & PHONE CABLE U ,1.0
KBW,35 - 39,44.98,44.98,30.0,0.0,VF CABLEMAX     ,1.0
NRW,18 - 24,34.99,34.99,30.0,0.0,RED INTERNET & PHONE CABLE U ,0.0
NRW,40 - 44,42.98,34.99,30.0,0.0,RED INTERNET & PHONE CABLE U ,0.0
KBW,30 - 34,49.97,49.97,43.0,0.0,VF CABLEMAX     ,1.0
NRW,70 - 74,65.98,44.99,30.0,0.0,RED INTERNET & PHONE CABLE U ,0.0
NRW,40 - 44,39.99,39.99,30.0,0.0,RED INTERNET & PHONE CABLE U ,1.0
KBW,18 - 24,48.97,48.97,30.0,0.0,RED INTERNET & PHONE CABLE U ,1.0
KBW,40 - 44,39.99,39.99,30.0,0.0,VF RIP U-TREUE  ,0.0
NRW,18 - 24,44.98,44.98,30.0,0.0,VF CABLEMAX     ,0.0
NRW,60 - 64,42.97,42.97,30.0,0.0,GIGAZUHAUSE KABEL ,0.0
NRW,35 - 39,39.98,39.98,30.0,0.0,VF CABLEMAX     ,0.0
NRW,25 - 29,39.99,39.99,30.0,0.0,RED INTERNET & PHONE CABLE U ,0.0
NRW,65 - 69,74.95,44.98,30.0,0.0,VF CABLEMAX     ,0.0
KBW,35 - 39,44.98,44.98,30.0,0.0,RED INTERNET & PHONE CABLE U ,0.0
NRW,55 - 59,29.99,29.99,30.0,0.0,VF RIP U-TREUE  ,1.0
NRW,80 and over,18.99,35.99,30.0,0.0,EAZY       ,0.0
NRW,30 - 34,39.98,39.98,30.0,0.0,RED INTERNET & PHONE CABLE U ,0.0
KBW,40 - 44,39.98,39.98,30.0,0.0,VF CABLEMAX     ,1.0
KBW,25 - 29,44.98,44.98,30.0,0.0,VF CABLEMAX     ,1.0
NRW,30 - 34,39.98,39.98,30.0,0.0,VF CABLEMAX     ,0.0
NRW,25 - 29,39.99,39.99,30.0,0.0,RED INTERNET & PHONE CABLE U ,1.0
KBW,45 - 49,58.98,58.98,30.0,0.0,RED INTERNET & PHONE CABLE U ,1.0
KBW,40 - 44,48.97,48.97,30.0,0.0,RED INTERNET & PHONE CABLE U ,1.0
KBW,45 - 49,39.98,39.98,30.0,0.0,RED INTERNET & PHONE CABLE U ,1.0
NRW,50 - 54,34.99,34.99,30.0,0.0,RED INTERNET & PHONE CABLE U ,0.0
KBW,35 - 39,44.98,44.98,30.0,0.0,VF CABLEMAX     ,0.0
KBW,30 - 34,24.99,24.99,30.0,0.0,INTERNET COMFORT     ,0.0
NRW,40 - 44,38.98,38.98,30.0,0.0,RED INTERNET & PHONE CABLE U ,1.0
NRW,30 - 34,33.98,33.98,30.0,0.0,RED INTERNET & PHONE CABLE U ,1.0
KBW,40 - 44,39.98,39.98,30.0,0.0,VF CABLEMAX     ,0.0
NRW,35 - 39,44.98,44.98,30.0,0.0,VF CABLEMAX     ,1.0
HSN,18 - 24,39.99,39.99,30.0,0.0,RED INTERNET & PHONE CABLE U ,1.0
NRW,35 - 39,42.98,42.98,30.0,0.0,VF RIP U-TREUE  ,0.0
KBW,40 - 44,29.99,29.99,30.0,0.0,RED INTERNET & PHONE CABLE U ,0.0
NRW,30 - 34,49.98,49.98,30.0,0.0,VF CABLEMAX     ,1.0
NRW,55 - 59,68.98,47.99,30.0,0.0,VF RIP U-TREUE  ,0.0
NRW,35 - 39,44.98,44.98,30.0,0.0,RED INTERNET & PHONE CABLE U ,1.0
KBW,40 - 44,39.98,39.98,30.0,0.0,RED INTERNET & PHONE CABLE U ,0.0
NRW,40 - 44,42.98,42.98,30.0,0.0,VF RIP U-TREUE  ,0.0
NRW,55 - 59,49.99,49.99,30.0,0.0,RED INTERNET & PHONE CABLE U ,0.0
HSN,30 - 34,39.99,39.99,30.0,0.0,RED INTERNET & PHONE CABLE U ,0.0
KBW,50 - 54,44.98,44.98,30.0,0.0,RED INTERNET & PHONE CABLE U ,0.0
HSN,35 - 39,54.98,54.98,30.0,0.0,RED INTERNET & PHONE CABLE U ,1.0
NRW,65 - 69,34.94,34.97,30.0,0.0,VF CABLEMAX     ,0.0
NRW,25 - 29,39.99,39.99,30.0,0.0,RED INTERNET & PHONE CABLE U ,0.0
NRW,30 - 34,29.99,29.99,30.0,0.0,RED INTERNET & PHONE CABLE U ,1.0
KBW,40 - 44,49.97,49.97,30.0,0.0,VF CABLEMAX     ,1.0
NRW,50 - 54,44.98,44.98,30.0,0.0,VF CABLEMAX     ,1.0
NRW,45 - 49,24.99,24.99,30.0,0.0,RED INTERNET & PHONE CABLE U ,1.0
KBW,18 - 24,49.99,49.99,30.0,0.0,RED INTERNET & PHONE CABLE U ,1.0
HSN,30 - 34,39.98,39.98,30.0,0.0,RED INTERNET & PHONE CABLE U ,1.0
NRW,80 and over,27.8,27.8,30.0,0.0,RED INTERNET & PHONE CABLE U ,0.0
NRW,55 - 59,39.99,39.99,30.0,0.0,RED INTERNET & PHONE CABLE U ,0.0
HSN,35 - 39,44.98,44.98,30.0,0.0,VF CABLEMAX     ,1.0
HSN,55 - 59,39.99,39.99,30.0,0.0,VF RIP U-TREUE  ,0.0
HSN,80 and over,25.0,25.0,30.0,0.0,RED INTERNET & PHONE CABLE U ,0.0
KBW,18 - 24,44.98,44.98,30.0,0.0,RED INTERNET & PHONE CABLE U ,1.0
NRW,30 - 34,34.99,34.99,30.0,0.0,RED INTERNET & PHONE CABLE U ,1.0
KBW,45 - 49,24.99,24.99,30.0,0.0,VF RIP U-TREUE  ,0.0
NRW,45 - 49,29.99,29.99,30.0,0.0,VF RIP U-TREUE  ,0.0
NRW,45 - 49,39.98,39.98,30.0,0.0,VF CABLEMAX     ,1.0
NRW,65 - 69,51.97,34.99,30.0,0.0,RED INTERNET & PHONE CABLE U ,1.0
NRW,18 - 24,39.99,39.99,30.0,0.0,RED INTERNET & PHONE CABLE U ,1.0
KBW,80 and over,39.98,39.99,30.0,0.0,RED INTERNET & PHONE CABLE U ,0.0
NRW,35 - 39,32.99,32.99,30.0,0.0,VF RIP U-TREUE  ,1.0
KBW,30 - 34,39.99,39.99,30.0,0.0,RED INTERNET & PHONE CABLE U ,0.0
NRW,70 - 74,39.98,39.98,30.0,0.0,VF RIP U-TREUE  ,0.0
KBW,75 - 79,53.96,32.99,30.0,0.0,VF RIP U-TREUE  ,1.0
KBW,45 - 49,44.98,44.98,30.0,0.0,RED INTERNET & PHONE CABLE U ,1.0
NRW,50 - 54,63.97,42.98,30.0,0.0,RED INTERNET & PHONE CABLE U ,1.0
KBW,65 - 69,42.97,42.97,30.0,0.0,RED INTERNET & PHONE CABLE U ,0.0
NRW,25 - 29,63.96,42.97,37.0,0.0,RED INTERNET & PHONE CABLE U ,0.0
KBW,75 - 79,19.99,19.99,30.0,0.0,INTERNET PREMIUM     ,0.0
KBW,40 - 44,59.99,59.99,30.0,0.0,RED INTERNET & PHONE CABLE U ,0.0
NRW,50 - 54,70.98,49.99,30.0,0.0,VF RIP U-TREUE  ,1.0
NRW,18 - 24,39.99,39.99,30.0,0.0,RED INTERNET & PHONE CABLE U ,1.0
NRW,45 - 49,44.98,44.98,30.0,0.0,VF CABLEMAX     ,1.0
KBW,30 - 34,34.99,34.99,30.0,0.0,RED INTERNET & PHONE CABLE U ,1.0
KBW,80 and over,44.98,29.99,30.0,0.0,VF RIP U-TREUE  ,0.0
NRW,30 - 34,39.98,39.98,30.0,0.0,VF CABLEMAX     ,1.0
KBW,35 - 39,39.99,39.99,30.0,0.0,RED INTERNET & PHONE CABLE U ,1.0
NRW,55 - 59,39.98,39.98,30.0,0.0,VF RIP U-TREUE  ,0.0
NRW,35 - 39,29.99,29.99,30.0,0.0,VF RIP U-TREUE  ,1.0
NRW,30 - 34,39.98,39.98,30.0,0.0,RED INTERNET & PHONE CABLE U ,1.0
HSN,35 - 39,24.99,24.99,30.0,0.0,INTERNET COMFORT     ,0.0
KBW,70 - 74,40.98,40.98,30.0,0.0,VF RIP U-TREUE  ,1.0
HSN,18 - 24,39.99,39.99,30.0,0.0,RED INTERNET & PHONE CABLE U ,1.0
NRW,65 - 69,34.99,34.99,30.0,0.0,RED INTERNET & PHONE CABLE U ,0.0
HSN,35 - 39,44.98,44.98,30.0,0.0,RED INTERNET & PHONE CABLE U ,1.0
KBW,25 - 29,44.98,44.98,30.0,0.0,VF CABLEMAX     ,0.0
NRW,40 - 44,44.98,44.98,30.0,0.0,VF CABLEMAX     ,0.0
NRW,65 - 69,51.97,44.98,30.0,0.0,VF CABLEMAX     ,1.0
HSN,35 - 39,24.99,24.99,30.0,0.0,INTERNET COMFORT     ,0.0
NRW,18 - 24,34.99,34.99,30.0,0.0,RED INTERNET & PHONE CABLE U ,0.0
NRW,55 - 59,39.98,39.98,30.0,0.0,VF CABLEMAX     ,0.0
HSN,35 - 39,44.98,44.98,30.0,0.0,RED INTERNET & PHONE CABLE U ,1.0
KBW,60 - 64,42.98,42.98,30.0,0.0,VF RIP U-TREUE  ,0.0
NRW,30 - 34,49.99,49.99,30.0,0.0,RED INTERNET & PHONE CABLE U ,1.0
KBW,60 - 64,39.98,39.98,30.0,0.0,RED INTERNET & PHONE CABLE U ,1.0
NRW,50 - 54,39.98,39.98,30.0,0.0,RED INTERNET & PHONE CABLE U ,1.0
HSN,70 - 74,24.99,24.99,30.0,0.0,INTERNET COMFORT     ,0.0
NRW,50 - 54,29.99,29.99,30.0,0.0,RED INTERNET & PHONE CABLE U ,1.0
NRW,55 - 59,39.99,39.99,30.0,0.0,RED INTERNET & PHONE CABLE U ,0.0
KBW,35 - 39,44.98,44.98,30.0,0.0,VF CABLEMAX     ,0.0
NRW,55 - 59,39.98,39.98,30.0,0.0,VF CABLEMAX     ,0.0
NRW,30 - 34,42.97,42.97,30.0,0.0,RED INTERNET & PHONE CABLE U ,1.0
NRW,35 - 39,44.98,44.98,30.0,0.0,VF CABLEMAX     ,0.0
NRW,30 - 34,29.99,29.99,30.0,0.0,VF RIP U-TREUE  ,0.0
NRW,55 - 59,65.97,44.98,30.0,0.0,VF CABLEMAX     ,0.0
KBW,50 - 54,44.98,44.98,30.0,0.0,VF CABLEMAX     ,1.0
NRW,30 - 34,39.99,39.99,30.0,0.0,VF RIP U-TREUE  ,1.0
HSN,45 - 49,44.98,44.98,30.0,0.0,RED INTERNET & PHONE CABLE U ,1.0
KBW,25 - 29,39.99,39.99,30.0,0.0,RED INTERNET & PHONE CABLE U ,1.0
KBW,65 - 69,42.97,42.97,30.0,0.0,RED INTERNET & PHONE CABLE U ,1.0
KBW,60 - 64,24.99,24.99,30.0,0.0,INTERNET COMFORT     ,0.0
HSN,40 - 44,44.98,34.99,30.0,0.0,RED INTERNET & PHONE CABLE U ,1.0
HSN,18 - 24,44.98,44.98,30.0,0.0,RED INTERNET & PHONE CABLE U ,1.0
KBW,60 - 64,44.98,44.98,30.0,0.0,RED INTERNET & PHONE CABLE U ,1.0
NRW,55 - 59,34.99,34.99,30.0,0.0,RED INTERNET & PHONE CABLE U ,0.0
KBW,55 - 59,39.99,39.99,30.0,0.0,RED INTERNET & PHONE CABLE U ,1.0
NRW,40 - 44,44.98,44.98,30.0,0.0,VF CABLEMAX     ,0.0
NRW,30 - 34,32.99,32.99,30.0,0.0,VF RIP U-TREUE  ,0.0
HSN,30 - 34,44.98,44.98,30.0,0.0,RED INTERNET & PHONE CABLE U ,1.0
KBW,80 and over,65.97,44.98,30.0,0.0,RED INTERNET & PHONE CABLE U ,0.0
NRW,50 - 54,34.99,34.99,30.0,0.0,RED INTERNET & PHONE CABLE U ,1.0
NRW,65 - 69,34.99,34.99,30.0,0.0,RED INTERNET & PHONE CABLE U ,1.0
HSN,60 - 64,34.99,34.99,30.0,0.0,RED INTERNET & PHONE CABLE U ,0.0
KBW,30 - 34,74.96,44.98,30.0,0.0,VF CABLEMAX     ,1.0
KBW,65 - 69,37.98,37.98,30.0,0.0,VF RIP U-TREUE  ,0.0
NRW,35 - 39,44.98,44.98,30.0,0.0,VF CABLEMAX     ,1.0
NRW,55 - 59,69.96,44.98,30.0,0.0,VF CABLEMAX     ,1.0
NRW,45 - 49,54.99,54.99,30.0,0.0,RED INTERNET & PHONE CABLE U ,0.0
HSN,70 - 74,49.99,49.99,30.0,0.0,RED INTERNET & PHONE CABLE U ,1.0
HSN,35 - 39,37.99,37.99,30.0,0.0,VF RIP U-TREUE  ,1.0
NRW,40 - 44,34.99,34.99,30.0,0.0,RED INTERNET & PHONE CABLE U ,0.0
KBW,75 - 79,49.97,49.97,30.0,2.0,VF CABLEMAX     ,0.0
NRW,40 - 44,37.99,37.99,30.0,0.0,VF RIP U-TREUE  ,0.0
NRW,40 - 44,54.99,54.99,30.0,0.0,RED INTERNET & PHONE CABLE U ,0.0
KBW,25 - 29,32.99,32.99,30.0,0.0,VF RIP U-TREUE  ,1.0
KBW,80 and over,60.95,34.99,30.0,0.0,RED INTERNET & PHONE CABLE U ,1.0
HSN,35 - 39,34.99,34.99,30.0,0.0,RED INTERNET & PHONE CABLE U ,1.0
NRW,35 - 39,34.99,34.99,30.0,0.0,RED INTERNET & PHONE CABLE U ,1.0
KBW,70 - 74,39.98,39.98,30.0,0.0,RED INTERNET & PHONE CABLE U ,0.0
KBW,65 - 69,64.96,44.98,30.0,0.0,VF CABLEMAX     ,0.0
NRW,75 - 79,34.99,34.99,30.0,0.0,RED INTERNET & PHONE CABLE U ,0.0
HSN,35 - 39,39.99,39.99,30.0,0.0,RED INTERNET & PHONE CABLE U ,1.0
HSN,65 - 69,65.97,44.98,30.0,0.0,VF CABLEMAX     ,0.0
NRW,40 - 44,39.98,39.98,30.0,0.0,GIGAZUHAUSE KABEL ,0.0
HSN,75 - 79,27.99,27.99,30.0,0.0,VF RIP U-TREUE  ,1.0
HSN,30 - 34,43.98,43.98,30.0,0.0,RED INTERNET & PHONE CABLE U ,0.0
NRW,40 - 44,54.99,54.99,30.0,0.0,RED INTERNET & PHONE CABLE U ,1.0
KBW,18 - 24,47.97,47.97,30.0,0.0,VF CABLEMAX     ,0.0
HSN,55 - 59,39.99,39.99,30.0,0.0,VF RIP U-TREUE  ,1.0
NRW,30 - 34,29.99,29.99,30.0,0.0,INTERNET PREMIUM     ,1.0
NRW,30 - 34,24.99,24.99,30.0,0.0,INTERNET COMFORT     ,0.0
HSN,30 - 34,44.98,44.98,30.0,0.0,RED INTERNET & PHONE CABLE U ,1.0
KBW,80 and over,29.99,29.99,30.0,0.0,RED INTERNET & PHONE CABLE U ,0.0
KBW,45 - 49,39.99,39.99,30.0,0.0,RED INTERNET & PHONE CABLE U ,1.0
HSN,25 - 29,39.99,39.99,30.0,0.0,RED INTERNET & PHONE CABLE U ,1.0
NRW,25 - 29,44.98,44.98,30.0,0.0,RED INTERNET & PHONE CABLE U ,0.0
NRW,50 - 54,44.98,44.98,30.0,0.0,VF CABLEMAX     ,0.0
NRW,60 - 64,40.98,40.98,30.0,0.0,2PLAY PLUS       ,1.0
HSN,30 - 34,39.98,39.98,30.0,0.0,VF CABLEMAX     ,1.0
HSN,30 - 34,39.99,39.99,30.0,0.0,RED INTERNET & PHONE CABLE U ,0.0
HSN,40 - 44,49.97,49.97,30.0,0.0,VF CABLEMAX     ,1.0
NRW,65 - 69,34.99,34.99,30.0,0.0,RED INTERNET & PHONE CABLE U ,1.0
KBW,80 and over,49.97,49.97,30.0,0.0,VF CABLEMAX     ,0.0
NRW,65 - 69,52.98,42.98,30.0,0.0,VF RIP U-TREUE  ,0.0
NRW,40 - 44,44.97,44.97,30.0,0.0,VF CABLEMAX     ,0.0
KBW,45 - 49,49.97,49.97,30.0,0.0,VF CABLEMAX     ,0.0
KBW,60 - 64,42.97,42.97,30.0,0.0,RED INTERNET & PHONE CABLE U ,0.0
NRW,40 - 44,42.99,42.99,30.0,0.0,VF RIP U-TREUE  ,0.0
KBW,50 - 54,63.96,42.98,30.0,0.0,VF RIP U-TREUE  ,0.0
NRW,60 - 64,45.98,39.99,30.0,0.0,VF RIP U-TREUE  ,1.0
NRW,40 - 44,49.97,49.97,30.0,0.0,VF CABLEMAX     ,1.0
KBW,50 - 54,49.97,39.98,98.0,0.0,VF RIP U-TREUE  ,1.0
NRW,30 - 34,29.99,29.99,30.0,0.0,VF RIP U-TREUE  ,0.0
KBW,25 - 29,39.98,39.98,30.0,0.0,VF CABLEMAX     ,0.0
KBW,40 - 44,49.97,35.98,30.0,0.0,VF RIP U-TREUE  ,1.0
KBW,25 - 29,37.99,37.99,30.0,0.0,VF RIP U-TREUE  ,0.0
KBW,40 - 44,44.98,44.98,30.0,0.0,VF CABLEMAX     ,0.0
KBW,55 - 59,44.98,44.98,30.0,0.0,VF CABLEMAX     ,0.0
NRW,45 - 49,44.99,44.99,30.0,0.0,3PLAY TREUE      ,1.0
HSN,18 - 24,44.98,44.98,30.0,0.0,RED INTERNET & PHONE CABLE U ,1.0
KBW,50 - 54,34.99,34.99,30.0,0.0,RED INTERNET & PHONE CABLE U ,0.0
NRW,75 - 79,52.97,52.97,30.0,0.0,3PLAY TREUE      ,1.0
NRW,18 - 24,34.99,34.99,30.0,0.0,RED INTERNET & PHONE CABLE U ,1.0
NRW,40 - 44,24.99,24.99,30.0,0.0,INTERNET COMFORT     ,0.0
KBW,75 - 79,34.99,34.99,30.0,0.0,RED INTERNET & PHONE CABLE U ,0.0
NRW,30 - 34,29.99,29.99,30.0,0.0,VF RIP U-TREUE  ,1.0
NRW,65 - 69,32.98,32.98,30.0,0.0,VF RIP U-TREUE  ,0.0
NRW,65 - 69,48.97,48.97,30.0,0.0,VF CABLEMAX     ,0.0
KBW,60 - 64,65.97,44.98,30.0,0.0,VF RIP U-TREUE  ,0.0
HSN,75 - 79,52.98,52.98,30.0,0.0,GIGAZUHAUSE KABEL ,1.0
KBW,40 - 44,44.98,44.98,30.0,0.0,VF CABLEMAX     ,0.0
NRW,35 - 39,42.97,42.97,30.0,0.0,RED INTERNET & PHONE CABLE U ,1.0
HSN,45 - 49,39.99,39.99,30.0,0.0,VF RIP U-TREUE  ,1.0
HSN,60 - 64,54.97,44.98,30.0,0.0,VF CABLEMAX     ,0.0
HSN,35 - 39,44.98,44.98,30.0,0.0,VF CABLEMAX     ,1.0
KBW,60 - 64,34.99,34.99,30.0,0.0,RED INTERNET & PHONE CABLE U ,1.0
NRW,65 - 69,34.98,34.98,30.0,0.0,RED INTERNET & PHONE CABLE U ,0.0
NRW,40 - 44,60.98,39.99,30.0,0.0,VF RIP U-TREUE  ,0.0
NRW,25 - 29,34.99,34.99,30.0,0.0,RED INTERNET & PHONE CABLE U ,1.0
NRW,25 - 29,39.99,39.99,30.0,0.0,RED INTERNET & PHONE CABLE U ,0.0
NRW,55 - 59,34.99,34.99,6.0,0.0,GIGAZUHAUSE KABEL ,1.0
KBW,35 - 39,59.99,59.99,30.0,0.0,RED INTERNET & PHONE CABLE U ,0.0
NRW,55 - 59,50.98,29.99,30.0,0.0,VF RIP U-TREUE  ,1.0
NRW,65 - 69,44.98,44.98,30.0,0.0,RED INTERNET & PHONE CABLE U ,0.0
KBW,45 - 49,47.99,47.99,30.0,0.0,VF RIP U-TREUE  ,1.0
KBW,40 - 44,30.88,30.88,30.0,0.0,RED INTERNET & PHONE CABLE U ,0.0
KBW,25 - 29,44.98,44.98,30.0,0.0,RED INTERNET & PHONE CABLE U ,1.0
KBW,40 - 44,44.98,44.98,30.0,0.0,VF CABLEMAX     ,1.0
HSN,60 - 64,24.99,24.99,30.0,0.0,RED INTERNET & PHONE CABLE U ,1.0
KBW,30 - 34,44.98,44.98,30.0,0.0,RED INTERNET & PHONE CABLE U ,1.0
KBW,60 - 64,43.98,43.98,30.0,0.0,RED INTERNET & PHONE CABLE U ,1.0
NRW,35 - 39,44.98,44.98,30.0,0.0,VF CABLEMAX     ,0.0
KBW,35 - 39,54.97,54.97,30.0,0.0,RED INTERNET & PHONE CABLE U ,0.0
NRW,25 - 29,44.98,44.98,30.0,0.0,RED INTERNET & PHONE CABLE U ,0.0
HSN,35 - 39,62.97,42.98,30.0,0.0,VF RIP U-TREUE  ,1.0
KBW,75 - 79,57.97,32.99,30.0,0.0,VF RIP U-TREUE  ,1.0
NRW,18 - 24,34.99,34.99,30.0,0.0,RED INTERNET & PHONE CABLE U ,0.0
KBW,55 - 59,62.97,37.98,30.0,0.0,GIGAZUHAUSE KABEL ,1.0
KBW,25 - 29,44.98,44.98,30.0,0.0,RED INTERNET & PHONE CABLE U ,1.0
KBW,35 - 39,34.99,34.99,30.0,0.0,RED INTERNET & PHONE CABLE U ,1.0
KBW,55 - 59,47.96,47.96,30.0,0.0,VF RIP U-TREUE  ,1.0
NRW,25 - 29,39.99,39.99,30.0,0.0,RED INTERNET & PHONE CABLE U ,0.0
NRW,25 - 29,34.99,34.99,30.0,0.0,VF RIP U-TREUE  ,0.0
NRW,25 - 29,39.99,39.99,30.0,0.0,RED INTERNET & PHONE CABLE U ,1.0
NRW,25 - 29,39.98,39.98,30.0,0.0,VF CABLEMAX     ,0.0
KBW,50 - 54,34.99,34.99,30.0,0.0,RED INTERNET & PHONE CABLE U ,0.0
NRW,30 - 34,34.99,34.99,30.0,0.0,VF RIP U-TREUE  ,1.0
NRW,30 - 34,49.98,39.98,126.0,1.0,VF CABLEMAX     ,1.0
KBW,35 - 39,44.98,44.98,30.0,0.0,RED INTERNET & PHONE CABLE U ,1.0
NRW,80 and over,48.97,48.97,30.0,0.0,RED INTERNET & PHONE CABLE U ,1.0
KBW,55 - 59,54.98,54.98,30.0,0.0,GIGAZUHAUSE KABEL ,1.0
NRW,55 - 59,47.97,34.99,30.0,0.0,RED INTERNET & PHONE CABLE U ,0.0
KBW,30 - 34,29.99,29.99,30.0,0.0,VF RIP U-TREUE  ,0.0
NRW,65 - 69,69.96,39.98,30.0,0.0,VF RIP U-TREUE  ,0.0
KBW,40 - 44,39.99,39.99,30.0,0.0,RED INTERNET & PHONE CABLE U ,0.0
NRW,50 - 54,59.99,59.99,30.0,0.0,RED INTERNET & PHONE CABLE U ,0.0
KBW,30 - 34,49.98,49.98,30.0,0.0,RED INTERNET & PHONE CABLE U ,0.0
HSN,60 - 64,34.99,34.99,30.0,0.0,RED INTERNET & PHONE CABLE U ,1.0
KBW,60 - 64,49.97,29.99,30.0,0.0,VF RIP U-TREUE  ,1.0
NRW,60 - 64,39.98,39.98,30.0,0.0,VF RIP U-TREUE  ,1.0
NRW,40 - 44,34.99,34.99,30.0,0.0,RED INTERNET & PHONE CABLE U ,1.0
NRW,70 - 74,27.99,27.99,30.0,0.0,VF RIP U-TREUE  ,0.0
KBW,40 - 44,59.98,59.98,30.0,0.0,RED INTERNET & PHONE CABLE U ,0.0
KBW,25 - 29,39.98,39.98,30.0,0.0,RED INTERNET & PHONE CABLE U ,0.0
NRW,30 - 34,44.98,44.98,30.0,0.0,VF CABLEMAX     ,1.0
NRW,45 - 49,44.99,44.99,92.0,0.0,GIGAZUHAUSE TREUE B ,1.0
NRW,35 - 39,69.96,44.98,30.0,0.0,VF CABLEMAX     ,0.0
KBW,55 - 59,37.99,37.99,30.0,0.0,VF RIP U-TREUE  ,0.0
HSN,35 - 39,44.98,44.98,30.0,0.0,VF CABLEMAX     ,1.0
KBW,65 - 69,44.97,44.97,30.0,0.0,VF CABLEMAX     ,1.0
KBW,45 - 49,48.97,48.97,30.0,0.0,RED INTERNET & PHONE CABLE U ,0.0
NRW,40 - 44,54.99,54.99,30.0,0.0,RED INTERNET & PHONE CABLE U ,1.0
NRW,35 - 39,44.98,44.98,30.0,0.0,RED INTERNET & PHONE CABLE U ,0.0
NRW,40 - 44,49.97,29.99,30.0,0.0,VF RIP U-TREUE  ,0.0
NRW,40 - 44,42.97,42.97,30.0,0.0,RED INTERNET & PHONE CABLE U ,1.0
KBW,70 - 74,65.97,44.98,30.0,0.0,VF RIP U-TREUE  ,0.0
NRW,40 - 44,44.98,44.98,30.0,0.0,VF CABLEMAX     ,0.0
KBW,55 - 59,32.98,32.98,30.0,0.0,VF RIP U-TREUE  ,0.0
KBW,40 - 44,42.97,42.97,30.0,0.0,RED INTERNET & PHONE CABLE U ,0.0
HSN,65 - 69,34.99,34.99,30.0,0.0,RED INTERNET & PHONE CABLE U ,1.0
NRW,55 - 59,49.99,49.99,30.0,0.0,RED INTERNET & PHONE CABLE U ,0.0
NRW,70 - 74,39.98,39.98,30.0,0.0,RED INTERNET & PHONE CABLE U ,1.0
KBW,25 - 29,44.98,44.98,30.0,0.0,RED INTERNET & PHONE CABLE U ,1.0
HSN,45 - 49,44.98,44.98,30.0,0.0,VF CABLEMAX     ,1.0
KBW,50 - 54,60.98,39.99,30.0,0.0,VF RIP U-TREUE  ,1.0
KBW,50 - 54,37.99,37.99,30.0,0.0,VF RIP U-TREUE  ,1.0
NRW,70 - 74,33.74,33.74,30.0,0.0,RED INTERNET & PHONE CABLE U ,1.0
HSN,55 - 59,19.99,19.99,30.0,0.0,EAZY       ,1.0
NRW,35 - 39,29.99,29.99,30.0,0.0,INTERNET PREMIUM     ,1.0
KBW,35 - 39,62.96,42.97,30.0,0.0,VF RIP U-TREUE  ,0.0
NRW,25 - 29,39.99,39.99,30.0,0.0,VF RIP U-TREUE  ,0.0
NRW,30 - 34,44.98,44.98,30.0,0.0,VF CABLEMAX     ,1.0
KBW,60 - 64,39.98,39.99,30.0,0.0,RED INTERNET & PHONE CABLE U ,1.0
NRW,50 - 54,34.99,34.99,30.0,0.0,RED INTERNET & PHONE CABLE U ,1.0
KBW,35 - 39,37.98,37.98,30.0,0.0,VF RIP U-TREUE  ,0.0
NRW,35 - 39,34.99,34.99,30.0,0.0,RED INTERNET & PHONE CABLE U ,0.0
NRW,30 - 34,34.99,34.99,30.0,0.0,RED INTERNET & PHONE CABLE U ,1.0
NRW,25 - 29,39.99,39.99,30.0,0.0,RED INTERNET & PHONE CABLE U ,1.0
KBW,40 - 44,63.98,63.98,30.0,0.0,RED INTERNET & PHONE CABLE U ,0.0
NRW,40 - 44,38.98,38.98,30.0,0.0,RED INTERNET & PHONE CABLE U ,1.0
NRW,25 - 29,24.99,24.99,30.0,0.0,INTERNET COMFORT     ,1.0
HSN,50 - 54,54.98,54.98,30.0,0.0,GIGAZUHAUSE KABEL ,0.0
KBW,35 - 39,29.99,29.99,30.0,0.0,VF RIP U-TREUE  ,0.0
NRW,30 - 34,39.99,39.99,30.0,0.0,RED INTERNET & PHONE CABLE U ,1.0
HSN,55 - 59,34.99,34.99,30.0,0.0,RED INTERNET & PHONE CABLE U ,0.0
NRW,65 - 69,44.98,44.98,30.0,0.0,VF CABLEMAX     ,1.0
KBW,35 - 39,44.98,44.98,30.0,0.0,VF CABLEMAX     ,1.0
NRW,45 - 49,44.98,44.98,30.0,0.0,RED INTERNET & PHONE CABLE U ,0.0
NRW,55 - 59,44.97,44.97,30.0,0.0,RED INTERNET & PHONE CABLE U ,1.0
NRW,60 - 64,43.98,43.98,30.0,0.0,RED INTERNET & PHONE CABLE U ,1.0
KBW,35 - 39,44.98,44.98,30.0,0.0,VF CABLEMAX     ,1.0
NRW,80 and over,34.98,34.98,30.0,0.0,RED INTERNET & PHONE CABLE U ,0.0
KBW,50 - 54,34.99,34.99,30.0,0.0,RED INTERNET & PHONE CABLE U ,1.0
KBW,35 - 39,44.98,44.98,30.0,0.0,RED INTERNET & PHONE CABLE U ,1.0
KBW,80 and over,32.95,32.95,30.0,0.0,2PLAY TREUE      ,0.0
KBW,60 - 64,30.95,30.95,30.0,0.0,RED INTERNET & PHONE CABLE U ,0.0
NRW,65 - 69,34.99,34.99,30.0,0.0,RED INTERNET & PHONE CABLE U ,0.0
NRW,30 - 34,47.96,47.96,30.0,0.0,VF CABLEMAX     ,0.0
KBW,40 - 44,0.0,0.0,30.0,0.0,MMA        ,0.0
NRW,55 - 59,34.99,34.99,624.0,0.0,GIGAZUHAUSE TREUE C ,0.0
HSN,35 - 39,52.98,32.99,30.0,0.0,VF RIP U-TREUE  ,1.0
KBW,25 - 29,44.98,44.98,30.0,0.0,VF CABLEMAX     ,1.0
HSN,55 - 59,64.97,44.98,30.0,0.0,VF CABLEMAX     ,1.0
NRW,50 - 54,40.99,40.0,30.0,0.0,2PLAY PLUS       ,0.0
HSN,40 - 44,42.98,42.98,30.0,0.0,VF RIP U-TREUE  ,1.0
NRW,55 - 59,34.99,34.99,30.0,0.0,RED INTERNET & PHONE CABLE U ,1.0
NRW,18 - 24,44.98,44.98,30.0,0.0,RED INTERNET & PHONE CABLE U ,1.0
NRW,60 - 64,24.99,24.99,30.0,0.0,INTERNET COMFORT     ,0.0
KBW,60 - 64,44.98,44.98,30.0,0.0,VF CABLEMAX     ,1.0
KBW,35 - 39,29.99,29.99,30.0,0.0,VF RIP U-TREUE  ,0.0
KBW,80 and over,49.97,49.97,30.0,0.0,RED INTERNET & PHONE CABLE U ,0.0
KBW,70 - 74,39.98,39.98,30.0,0.0,RED INTERNET & PHONE CABLE U ,1.0
KBW,60 - 64,44.98,44.98,30.0,0.0,RED INTERNET & PHONE CABLE U ,1.0
NRW,30 - 34,49.97,49.97,30.0,0.0,VF CABLEMAX     ,1.0
NRW,40 - 44,39.99,39.99,30.0,0.0,RED INTERNET & PHONE CABLE U ,1.0
KBW,30 - 34,44.98,44.98,30.0,0.0,VF CABLEMAX     ,1.0
HSN,65 - 69,34.99,34.99,30.0,0.0,RED INTERNET & PHONE CABLE U ,1.0
NRW,40 - 44,29.99,29.99,30.0,0.0,VF RIP U-TREUE  ,0.0
NRW,40 - 44,39.98,39.98,30.0,0.0,VF RIP U-TREUE  ,1.0
NRW,50 - 54,52.98,52.98,30.0,0.0,VF RIP U-TREUE  ,0.0
NRW,35 - 39,42.98,42.98,30.0,0.0,VF RIP U-TREUE  ,0.0
NRW,35 - 39,54.99,54.99,30.0,0.0,RED INTERNET & PHONE CABLE U ,0.0
NRW,35 - 39,49.97,49.97,30.0,0.0,VF CABLEMAX     ,0.0
KBW,45 - 49,34.99,34.99,30.0,0.0,RED INTERNET & PHONE CABLE U ,0.0
NRW,35 - 39,49.97,49.97,30.0,0.0,VF CABLEMAX     ,1.0
NRW,50 - 54,39.99,39.99,30.0,0.0,RED INTERNET & PHONE CABLE U ,0.0
KBW,60 - 64,29.98,29.98,30.0,0.0,VF RIP U-TREUE  ,0.0
NRW,40 - 44,39.99,39.99,30.0,0.0,RED INTERNET & PHONE CABLE U ,0.0
KBW,60 - 64,75.95,49.97,30.0,0.0,VF CABLEMAX     ,0.0
KBW,35 - 39,44.98,44.98,30.0,0.0,RED INTERNET & PHONE CABLE U ,1.0
KBW,55 - 59,49.99,49.99,30.0,0.0,RED INTERNET & PHONE CABLE U ,0.0
KBW,35 - 39,44.98,44.98,30.0,0.0,VF RIP U-TREUE  ,1.0
NRW,50 - 54,54.99,54.99,30.0,0.0,RED INTERNET & PHONE CABLE U ,0.0
KBW,65 - 69,51.97,34.99,30.0,0.0,RED INTERNET & PHONE CABLE U ,1.0
KBW,30 - 34,44.98,44.98,30.0,0.0,VF CABLEMAX     ,1.0
HSN,30 - 34,24.99,24.99,30.0,0.0,INTERNET COMFORT     ,1.0
KBW,40 - 44,70.96,49.99,30.0,0.0,RED INTERNET & PHONE CABLE U ,1.0
KBW,40 - 44,44.98,44.98,30.0,0.0,VF CABLEMAX     ,1.0
HSN,30 - 34,49.99,49.99,30.0,0.0,RED INTERNET & PHONE CABLE U ,1.0
HSN,35 - 39,44.98,44.98,30.0,0.0,VF CABLEMAX     ,0.0
NRW,70 - 74,49.97,39.99,30.0,0.0,VF RIP U-TREUE  ,0.0
KBW,60 - 64,52.93,52.96,34.0,0.0,VF CABLEMAX     ,0.0
NRW,45 - 49,49.99,49.99,30.0,0.0,GIGAZUHAUSE KABEL ,1.0
KBW,80 and over,34.99,34.99,30.0,0.0,VF RIP U-TREUE  ,0.0
HSN,80 and over,70.87,49.87,30.0,0.0,3PLAY        ,0.0
NRW,60 - 64,44.97,44.97,30.0,0.0,VF CABLEMAX     ,1.0
NRW,55 - 59,54.99,54.99,30.0,0.0,RED INTERNET & PHONE CABLE U ,1.0
KBW,35 - 39,44.97,38.97,30.0,0.0,RED INTERNET & PHONE CABLE U ,1.0
KBW,40 - 44,34.99,34.99,30.0,0.0,RED INTERNET & PHONE CABLE U ,0.0
KBW,40 - 44,0.0,0.0,30.0,0.0,MMA        ,1.0
KBW,70 - 74,53.96,32.97,30.0,0.0,RED INTERNET & PHONE CABLE U ,0.0
NRW,35 - 39,44.98,44.98,30.0,0.0,VF CABLEMAX     ,0.0
KBW,60 - 64,42.97,42.97,30.0,0.0,RED INTERNET & PHONE CABLE U ,0.0
KBW,35 - 39,44.98,44.98,30.0,0.0,VF CABLEMAX     ,0.0
HSN,75 - 79,54.98,54.98,30.0,0.0,GIGAZUHAUSE KABEL ,1.0
NRW,40 - 44,29.99,29.99,30.0,0.0,VF RIP U-TREUE  ,1.0
NRW,45 - 49,50.97,32.99,30.0,0.0,VF RIP U-TREUE  ,1.0
KBW,60 - 64,52.96,52.96,30.0,0.0,VF CABLEMAX     ,0.0
NRW,40 - 44,24.99,24.99,30.0,0.0,INTERNET COMFORT     ,0.0
HSN,60 - 64,37.98,37.98,30.0,0.0,VF RIP U-TREUE  ,0.0
KBW,60 - 64,53.97,53.97,30.0,0.0,RED INTERNET & PHONE CABLE U ,1.0
HSN,50 - 54,52.96,32.99,93.0,0.0,VF RIP U-TREUE  ,0.0
NRW,55 - 59,58.98,58.98,30.0,0.0,RED INTERNET & PHONE CABLE U ,1.0
NRW,60 - 64,44.98,44.98,30.0,0.0,VF CABLEMAX     ,0.0
KBW,25 - 29,44.98,44.98,30.0,0.0,RED INTERNET & PHONE CABLE U ,1.0
KBW,55 - 59,39.98,39.98,30.0,0.0,VF RIP U-TREUE  ,0.0
NRW,80 and over,34.99,34.99,30.0,0.0,RED INTERNET & PHONE CABLE U ,0.0
NRW,45 - 49,42.97,42.97,30.0,0.0,RED INTERNET & PHONE CABLE U ,1.0
NRW,50 - 54,59.97,49.97,30.0,0.0,VF CABLEMAX     ,0.0
KBW,60 - 64,32.99,32.99,30.0,0.0,VF RIP U-TREUE  ,1.0
NRW,60 - 64,59.97,44.98,30.0,0.0,VF CABLEMAX     ,0.0
KBW,25 - 29,39.99,39.99,30.0,0.0,RED INTERNET & PHONE CABLE U ,1.0
NRW,80 and over,51.95,30.95,30.0,0.0,RED INTERNET & PHONE CABLE U ,1.0
NRW,60 - 64,58.68,37.98,30.0,0.0,RED INTERNET & PHONE CABLE U ,0.0
KBW,70 - 74,50.93,50.95,30.0,0.0,3PLAY TREUE      ,1.0
NRW,45 - 49,44.98,44.98,30.0,0.0,VF CABLEMAX     ,0.0
KBW,70 - 74,42.97,42.97,30.0,0.0,2PLAY        ,0.0
KBW,60 - 64,47.98,47.98,30.0,0.0,2PLAY FLY      ,0.0
NRW,50 - 54,44.98,44.98,30.0,0.0,VF CABLEMAX     ,0.0
NRW,70 - 74,53.96,53.96,30.0,0.0,RED INTERNET & PHONE CABLE U ,1.0
NRW,75 - 79,58.98,37.99,30.0,0.0,VF RIP U-TREUE  ,0.0
NRW,30 - 34,44.98,44.98,30.0,0.0,RED INTERNET & PHONE CABLE U ,1.0
KBW,50 - 54,29.99,29.99,30.0,0.0,INTERNET PREMIUM     ,0.0
HSN,35 - 39,39.99,39.99,30.0,0.0,RED INTERNET & PHONE CABLE U ,0.0
KBW,70 - 74,54.99,54.99,30.0,0.0,RED INTERNET & PHONE CABLE U ,1.0
KBW,40 - 44,54.99,54.99,30.0,0.0,RED INTERNET & PHONE CABLE U ,1.0
KBW,50 - 54,44.98,44.98,30.0,0.0,VF RIP U-TREUE  ,1.0
KBW,75 - 79,34.99,34.99,30.0,0.0,RED INTERNET & PHONE CABLE U ,0.0
HSN,80 and over,49.99,49.99,30.0,0.0,RED INTERNET & PHONE CABLE U ,0.0
KBW,25 - 29,44.98,44.98,30.0,0.0,RED INTERNET & PHONE CABLE U ,0.0
NRW,70 - 74,42.98,42.98,30.0,0.0,VF RIP U-TREUE  ,0.0
KBW,25 - 29,48.97,44.98,30.0,0.0,VF CABLEMAX     ,1.0
NRW,35 - 39,44.98,44.98,30.0,0.0,VF CABLEMAX     ,0.0
KBW,55 - 59,39.99,39.99,30.0,0.0,RED INTERNET & PHONE CABLE U ,1.0
HSN,40 - 44,44.98,44.98,30.0,0.0,VF CABLEMAX     ,0.0
NRW,45 - 49,49.99,49.99,30.0,0.0,RED INTERNET & PHONE CABLE U ,1.0
KBW,50 - 54,44.98,44.98,30.0,0.0,RED INTERNET & PHONE CABLE U ,1.0
NRW,35 - 39,39.99,39.99,30.0,0.0,RED INTERNET & PHONE CABLE U ,0.0
KBW,30 - 34,44.98,44.98,30.0,0.0,RED INTERNET & PHONE CABLE U ,0.0
NRW,35 - 39,34.99,34.99,30.0,0.0,RED INTERNET & PHONE CABLE U ,1.0
KBW,50 - 54,54.98,54.98,30.0,0.0,RED INTERNET & PHONE CABLE U ,1.0
KBW,65 - 69,37.98,37.98,30.0,0.0,VF RIP U-TREUE  ,0.0
HSN,25 - 29,44.99,44.99,184.0,1.0,GIGAZUHAUSE KABEL ,1.0
NRW,45 - 49,49.97,49.97,30.0,0.0,VF CABLEMAX     ,1.0
HSN,35 - 39,32.99,32.99,30.0,0.0,VF RIP U-TREUE  ,1.0
NRW,50 - 54,60.97,39.98,30.0,0.0,VF CABLEMAX     ,1.0
NRW,40 - 44,42.97,42.97,78.0,0.0,GIGAZUHAUSE TREUE D ,0.0
HSN,40 - 44,44.98,44.98,30.0,0.0,RED INTERNET & PHONE CABLE U ,1.0
KBW,45 - 49,54.98,54.98,30.0,0.0,RED INTERNET & PHONE CABLE U ,0.0
HSN,45 - 49,44.98,44.98,30.0,0.0,VF CABLEMAX     ,0.0
KBW,35 - 39,44.98,44.98,30.0,0.0,RED INTERNET & PHONE CABLE U ,1.0
NRW,55 - 59,60.98,39.99,30.0,0.0,VF RIP U-TREUE  ,0.0
KBW,70 - 74,65.98,44.99,30.0,0.0,VF RIP U-TREUE  ,0.0
HSN,30 - 34,39.98,39.98,30.0,0.0,RED INTERNET & PHONE CABLE U ,1.0
KBW,55 - 59,49.97,49.97,30.0,0.0,VF CABLEMAX     ,0.0
KBW,55 - 59,49.97,49.97,30.0,0.0,VF CABLEMAX     ,0.0
NRW,45 - 49,42.97,42.97,30.0,0.0,RED INTERNET & PHONE CABLE U ,1.0
NRW,30 - 34,34.99,34.99,30.0,0.0,RED INTERNET & PHONE CABLE U ,0.0
NRW,50 - 54,44.98,44.98,30.0,0.0,RED INTERNET & PHONE CABLE U ,1.0
NRW,35 - 39,44.98,44.98,30.0,0.0,VF CABLEMAX     ,1.0
NRW,80 and over,69.96,44.98,30.0,0.0,VF CABLEMAX     ,0.0
HSN,25 - 29,34.99,34.99,30.0,0.0,RED INTERNET & PHONE CABLE U ,1.0
NRW,30 - 34,44.98,44.98,30.0,0.0,VF CABLEMAX     ,1.0
NRW,65 - 69,44.97,24.99,36.0,0.0,RED INTERNET & PHONE CABLE U ,1.0
NRW,25 - 29,34.99,34.99,30.0,0.0,RED INTERNET & PHONE CABLE U ,1.0
KBW,35 - 39,39.98,39.98,30.0,0.0,VF CABLEMAX     ,1.0
KBW,65 - 69,44.97,44.97,30.0,0.0,VF CABLEMAX     ,1.0
HSN,50 - 54,78.96,57.97,30.0,0.0,VF RIP U-TREUE  ,1.0
NRW,35 - 39,79.96,44.98,30.0,0.0,VF CABLEMAX     ,1.0
NRW,25 - 29,54.99,54.99,30.0,0.0,RED INTERNET & PHONE CABLE U ,0.0
KBW,70 - 74,74.96,49.97,30.0,0.0,RED INTERNET & PHONE CABLE U ,0.0
KBW,65 - 69,69.96,44.98,30.0,0.0,VF CABLEMAX     ,0.0
NRW,60 - 64,54.96,44.98,30.0,0.0,VF CABLEMAX     ,0.0
HSN,65 - 69,49.97,49.97,30.0,0.0,RED INTERNET & PHONE CABLE U ,1.0
KBW,45 - 49,29.99,29.99,30.0,0.0,VF RIP U-TREUE  ,1.0
KBW,35 - 39,34.99,34.99,30.0,0.0,RED INTERNET & PHONE CABLE U ,1.0
KBW,50 - 54,54.99,54.99,30.0,0.0,RED INTERNET & PHONE CABLE U ,1.0
NRW,50 - 54,37.98,37.98,30.0,0.0,VF RIP U-TREUE  ,0.0
HSN,55 - 59,39.99,39.99,30.0,0.0,RED INTERNET & PHONE CABLE U ,1.0
KBW,35 - 39,49.97,49.97,30.0,0.0,VF CABLEMAX     ,1.0
HSN,45 - 49,44.98,44.98,30.0,0.0,RED INTERNET & PHONE CABLE U ,0.0
KBW,30 - 34,37.98,37.98,30.0,0.0,2PLAY PLUS       ,0.0
NRW,25 - 29,44.98,44.98,30.0,0.0,VF CABLEMAX     ,0.0
KBW,60 - 64,44.98,44.98,30.0,0.0,VF CABLEMAX     ,0.0
NRW,45 - 49,54.99,54.99,30.0,0.0,RED INTERNET & PHONE CABLE U ,1.0
KBW,70 - 74,54.99,54.99,30.0,0.0,RED INTERNET & PHONE CABLE U ,0.0
KBW,70 - 74,35.98,32.99,30.0,0.0,VF RIP U-TREUE  ,0.0
NRW,35 - 39,39.98,39.98,30.0,0.0,RED INTERNET & PHONE CABLE U ,1.0
HSN,65 - 69,37.98,37.98,30.0,0.0,VF RIP U-TREUE  ,0.0
KBW,30 - 34,42.98,42.98,30.0,0.0,VF RIP U-TREUE  ,0.0
KBW,35 - 39,39.98,39.98,30.0,0.0,VF CABLEMAX     ,0.0
NRW,75 - 79,49.97,49.97,30.0,0.0,VF CABLEMAX     ,1.0
NRW,55 - 59,44.98,44.98,30.0,0.0,VF CABLEMAX     ,0.0
NRW,60 - 64,24.99,24.99,30.0,0.0,INTERNET COMFORT     ,0.0
KBW,35 - 39,39.99,39.99,30.0,0.0,RED INTERNET & PHONE CABLE U ,0.0
KBW,25 - 29,44.98,44.98,30.0,0.0,RED INTERNET & PHONE CABLE U ,1.0
NRW,25 - 29,34.99,34.99,30.0,0.0,RED INTERNET & PHONE CABLE U ,1.0
KBW,30 - 34,34.99,34.99,30.0,0.0,RED INTERNET & PHONE CABLE U ,0.0
NRW,40 - 44,34.99,34.99,30.0,0.0,RED INTERNET & PHONE CABLE U ,0.0
HSN,50 - 54,44.98,44.98,30.0,0.0,RED INTERNET & PHONE CABLE U ,1.0
NRW,55 - 59,44.98,44.98,30.0,0.0,VF CABLEMAX     ,0.0
NRW,30 - 34,34.99,34.99,30.0,0.0,RED INTERNET & PHONE CABLE U ,1.0
NRW,80 and over,34.99,34.99,30.0,0.0,RED INTERNET & PHONE CABLE U ,1.0
NRW,35 - 39,44.98,44.98,30.0,0.0,RED INTERNET & PHONE CABLE U ,1.0
NRW,50 - 54,54.99,54.99,30.0,0.0,RED INTERNET & PHONE CABLE U ,1.0
NRW,45 - 49,37.99,37.99,30.0,0.0,VF RIP U-TREUE  ,1.0
NRW,80 and over,58.98,58.98,30.0,0.0,RED INTERNET & PHONE CABLE U ,1.0
NRW,60 - 64,29.98,29.98,30.0,0.0,RED INTERNET & PHONE CABLE U ,1.0
NRW,35 - 39,62.97,42.98,30.0,0.0,VF RIP U-TREUE  ,1.0
KBW,60 - 64,34.99,34.99,30.0,0.0,RED INTERNET & PHONE CABLE U ,0.0
KBW,60 - 64,65.97,44.98,30.0,0.0,VF RIP U-TREUE  ,0.0
NRW,18 - 24,44.98,44.98,30.0,0.0,RED INTERNET & PHONE CABLE U ,1.0
NRW,30 - 34,48.99,48.99,30.0,0.0,VF RIP U-TREUE  ,1.0
NRW,80 and over,42.97,42.97,30.0,0.0,RED INTERNET & PHONE CABLE U ,1.0
NRW,25 - 29,34.99,34.99,30.0,0.0,RED INTERNET & PHONE CABLE U ,1.0
KBW,35 - 39,42.97,42.97,30.0,0.0,RED INTERNET & PHONE CABLE U ,1.0
NRW,65 - 69,34.99,34.99,30.0,0.0,RED INTERNET & PHONE CABLE U ,1.0
NRW,65 - 69,54.97,34.99,30.0,0.0,RED INTERNET & PHONE CABLE U ,1.0
NRW,80 and over,74.95,54.96,30.0,0.0,RED INTERNET & PHONE CABLE U ,0.0
KBW,40 - 44,49.99,49.99,30.0,0.0,RED INTERNET & PHONE CABLE U ,0.0
NRW,50 - 54,54.98,54.98,30.0,0.0,RED INTERNET & PHONE CABLE U ,0.0
NRW,45 - 49,39.99,39.99,30.0,0.0,RED INTERNET & PHONE CABLE U ,0.0
NRW,70 - 74,39.99,39.99,30.0,0.0,VF RIP U-TREUE  ,1.0
NRW,50 - 54,33.98,33.98,30.0,0.0,RED INTERNET & PHONE CABLE U ,1.0
KBW,40 - 44,54.98,54.98,30.0,0.0,RED INTERNET & PHONE CABLE U ,1.0
NRW,30 - 34,29.99,29.99,30.0,0.0,RED INTERNET & PHONE CABLE U ,1.0
NRW,80 and over,51.98,34.99,30.0,0.0,RED INTERNET & PHONE CABLE U ,1.0
NRW,40 - 44,34.99,34.99,30.0,0.0,RED INTERNET & PHONE CABLE U ,1.0
NRW,25 - 29,39.98,39.98,30.0,0.0,RED INTERNET & PHONE CABLE U ,1.0
KBW,40 - 44,44.98,44.98,30.0,0.0,RED INTERNET & PHONE CABLE U ,1.0
KBW,40 - 44,44.98,44.98,30.0,0.0,VF CABLEMAX     ,1.0
HSN,40 - 44,29.99,29.99,30.0,0.0,VF RIP U-TREUE  ,0.0
KBW,30 - 34,39.99,39.99,30.0,0.0,RED INTERNET & PHONE CABLE U ,1.0
KBW,60 - 64,34.99,34.99,30.0,0.0,RED INTERNET & PHONE CABLE U ,1.0
NRW,30 - 34,34.99,34.99,30.0,0.0,RED INTERNET & PHONE CABLE U ,1.0
KBW,30 - 34,48.97,48.97,30.0,0.0,VF CABLEMAX     ,1.0
KBW,80 and over,39.98,39.98,30.0,0.0,RED INTERNET & PHONE CABLE U ,1.0
KBW,75 - 79,58.98,58.98,30.0,0.0,RED INTERNET & PHONE CABLE U ,0.0
KBW,65 - 69,49.99,49.99,30.0,0.0,RED INTERNET & PHONE CABLE U ,1.0
HSN,40 - 44,49.99,49.99,30.0,0.0,GIGAZUHAUSE KABEL ,1.0
KBW,35 - 39,49.97,49.97,30.0,0.0,VF CABLEMAX     ,1.0
NRW,35 - 39,44.98,44.98,30.0,0.0,VF CABLEMAX     ,1.0
NRW,60 - 64,29.99,29.99,30.0,0.0,VF RIP U-TREUE  ,0.0
KBW,65 - 69,33.74,33.74,30.0,0.0,RED INTERNET & PHONE CABLE U ,1.0
HSN,50 - 54,44.98,44.98,30.0,0.0,VF CABLEMAX     ,1.0
NRW,40 - 44,47.99,47.99,30.0,0.0,VF RIP U-TREUE  ,0.0
NRW,30 - 34,39.99,39.99,30.0,0.0,VF RIP U-TREUE  ,0.0
KBW,45 - 49,44.97,44.97,30.0,0.0,RED INTERNET & PHONE CABLE U ,1.0
KBW,60 - 64,33.98,33.98,30.0,0.0,RED INTERNET & PHONE CABLE U ,0.0
NRW,30 - 34,29.99,29.99,30.0,0.0,INTERNET PREMIUM     ,0.0
NRW,55 - 59,59.99,59.99,30.0,0.0,3PLAY FLY      ,0.0
NRW,70 - 74,39.98,39.98,30.0,0.0,VF CABLEMAX     ,0.0
HSN,25 - 29,39.99,39.99,30.0,0.0,RED INTERNET & PHONE CABLE U ,1.0
KBW,40 - 44,37.99,37.99,30.0,0.0,VF RIP U-TREUE  ,0.0
HSN,30 - 34,34.99,34.99,30.0,0.0,RED INTERNET & PHONE CABLE U ,1.0
NRW,55 - 59,44.98,44.98,30.0,0.0,VF CABLEMAX     ,1.0
KBW,35 - 39,44.98,44.98,30.0,0.0,VF CABLEMAX     ,1.0
KBW,35 - 39,37.98,37.98,30.0,0.0,VF RIP U-TREUE  ,0.0
KBW,25 - 29,48.97,48.97,30.0,0.0,RED INTERNET & PHONE CABLE U ,1.0
HSN,75 - 79,50.98,29.99,30.0,0.0,VF RIP U-TREUE  ,0.0
NRW,50 - 54,59.98,59.98,30.0,0.0,GIGAZUHAUSE KABEL ,0.0
NRW,35 - 39,34.99,34.99,30.0,0.0,RED INTERNET & PHONE CABLE U ,1.0
NRW,35 - 39,39.99,39.99,30.0,0.0,RED INTERNET & PHONE CABLE U ,1.0
NRW,25 - 29,39.99,39.99,87.0,0.0,RED INTERNET & PHONE CABLE U ,1.0
NRW,65 - 69,59.97,39.99,30.0,0.0,VF RIP U-TREUE  ,0.0
NRW,25 - 29,39.99,39.99,30.0,0.0,RED INTERNET & PHONE CABLE U ,1.0
KBW,80 and over,39.98,39.98,30.0,0.0,RED INTERNET & PHONE CABLE U ,0.0
KBW,60 - 64,44.97,44.97,30.0,0.0,VF CABLEMAX     ,1.0
NRW,40 - 44,24.99,24.99,30.0,0.0,RED INTERNET & PHONE CABLE U ,1.0
NRW,55 - 59,44.98,44.98,30.0,0.0,VF CABLEMAX     ,0.0
KBW,25 - 29,44.98,44.98,45.0,0.0,RED INTERNET & PHONE CABLE U ,1.0
KBW,45 - 49,39.99,39.99,30.0,0.0,RED INTERNET & PHONE CABLE U ,1.0
NRW,40 - 44,34.99,34.99,30.0,0.0,RED INTERNET & PHONE CABLE U ,0.0
KBW,60 - 64,54.96,44.98,30.0,0.0,VF CABLEMAX     ,1.0
KBW,50 - 54,49.99,49.99,30.0,0.0,RED INTERNET & PHONE CABLE U ,1.0
KBW,50 - 54,44.98,44.98,30.0,0.0,RED INTERNET & PHONE CABLE U ,1.0
NRW,18 - 24,34.99,34.99,30.0,0.0,RED INTERNET & PHONE CABLE U ,1.0
NRW,50 - 54,39.99,39.99,30.0,0.0,RED INTERNET & PHONE CABLE U ,0.0
KBW,30 - 34,39.99,39.99,30.0,0.0,VF RIP U-TREUE  ,1.0
KBW,30 - 34,44.98,44.98,30.0,0.0,RED INTERNET & PHONE CABLE U ,1.0
HSN,35 - 39,44.98,44.98,30.0,0.0,RED INTERNET & PHONE CABLE U ,1.0
NRW,45 - 49,54.99,54.99,30.0,0.0,RED INTERNET & PHONE CABLE U ,1.0
NRW,55 - 59,24.99,24.99,30.0,0.0,INTERNET COMFORT     ,1.0
KBW,55 - 59,44.97,44.97,30.0,0.0,RED INTERNET & PHONE CABLE U ,0.0
KBW,30 - 34,39.99,39.99,30.0,0.0,RED INTERNET & PHONE CABLE U ,1.0
KBW,25 - 29,44.98,44.98,30.0,0.0,RED INTERNET & PHONE CABLE U ,0.0
NRW,25 - 29,34.99,34.99,30.0,0.0,RED INTERNET & PHONE CABLE U ,1.0
KBW,80 and over,59.97,49.99,30.0,0.0,RED INTERNET & PHONE CABLE U ,0.0
KBW,30 - 34,44.98,44.98,30.0,0.0,RED INTERNET & PHONE CABLE U ,1.0
NRW,40 - 44,39.99,39.99,30.0,0.0,RED INTERNET & PHONE CABLE U ,0.0
KBW,45 - 49,49.99,49.99,30.0,0.0,GIGAZUHAUSE KABEL ,1.0
NRW,40 - 44,39.98,39.98,30.0,0.0,VF CABLEMAX     ,1.0
HSN,50 - 54,44.98,44.98,30.0,0.0,RED INTERNET & PHONE CABLE U ,1.0
KBW,40 - 44,54.98,54.98,30.0,0.0,2PLAY PLUS       ,0.0
KBW,60 - 64,42.97,42.97,30.0,0.0,2PLAY PLUS       ,1.0
KBW,35 - 39,42.97,42.98,30.0,0.0,VF RIP U-TREUE  ,1.0
NRW,30 - 34,42.97,42.97,30.0,0.0,RED INTERNET & PHONE CABLE U ,1.0
KBW,75 - 79,44.98,44.98,30.0,0.0,VF CABLEMAX     ,1.0
KBW,60 - 64,49.97,49.97,30.0,0.0,VF CABLEMAX     ,1.0
NRW,75 - 79,34.98,34.99,30.0,0.0,RED INTERNET & PHONE CABLE U ,0.0
HSN,25 - 29,42.98,42.98,30.0,0.0,VF RIP U-TREUE  ,1.0
NRW,25 - 29,39.98,39.98,30.0,0.0,VF CABLEMAX     ,1.0
NRW,40 - 44,49.99,49.99,30.0,0.0,GIGAZUHAUSE KABEL ,0.0
KBW,60 - 64,62.97,37.99,30.0,0.0,VF RIP U-TREUE  ,0.0
KBW,55 - 59,74.95,44.97,30.0,0.0,VF CABLEMAX     ,1.0
NRW,80 and over,34.99,34.99,30.0,0.0,RED INTERNET & PHONE CABLE U ,0.0
KBW,60 - 64,38.98,38.98,30.0,0.0,RED INTERNET & PHONE CABLE U ,1.0
KBW,25 - 29,44.98,44.98,30.0,0.0,RED INTERNET & PHONE CABLE U ,1.0
NRW,40 - 44,24.99,24.99,30.0,0.0,INTERNET COMFORT     ,0.0
KBW,30 - 34,44.98,44.98,30.0,0.0,VF CABLEMAX     ,1.0
HSN,35 - 39,44.98,44.98,30.0,0.0,VF CABLEMAX     ,0.0
HSN,70 - 74,29.99,29.99,30.0,0.0,VF RIP U-TREUE  ,0.0
KBW,55 - 59,39.99,39.99,30.0,0.0,RED INTERNET & PHONE CABLE U ,1.0
NRW,40 - 44,39.99,39.99,30.0,0.0,3PLAY JUMP      ,1.0
NRW,70 - 74,48.98,48.98,30.0,0.0,VF RIP U-TREUE  ,0.0
NRW,25 - 29,34.99,34.99,30.0,0.0,RED INTERNET & PHONE CABLE U ,1.0
KBW,55 - 59,42.97,42.97,30.0,0.0,RED INTERNET & PHONE CABLE U ,0.0
NRW,65 - 69,47.97,44.98,30.0,0.0,VF CABLEMAX     ,0.0
KBW,60 - 64,32.99,32.99,30.0,0.0,VF RIP U-TREUE  ,0.0
NRW,30 - 34,34.99,34.99,30.0,0.0,RED INTERNET & PHONE CABLE U ,0.0
KBW,50 - 54,34.99,34.99,30.0,0.0,RED INTERNET & PHONE CABLE U ,1.0
NRW,35 - 39,39.98,39.98,30.0,0.0,VF CABLEMAX     ,0.0
KBW,70 - 74,54.98,54.98,30.0,0.0,RED INTERNET & PHONE CABLE U ,0.0
HSN,40 - 44,54.99,54.99,30.0,0.0,RED INTERNET & PHONE CABLE U ,0.0
NRW,80 and over,38.98,38.98,30.0,0.0,RED INTERNET & PHONE CABLE U ,0.0
HSN,60 - 64,58.98,58.98,30.0,0.0,RED INTERNET & PHONE CABLE U ,0.0
NRW,30 - 34,38.98,38.98,30.0,0.0,RED INTERNET & PHONE CABLE U ,0.0
HSN,40 - 44,32.99,32.99,30.0,0.0,VF RIP U-TREUE  ,0.0
NRW,40 - 44,49.97,49.97,30.0,0.0,VF CABLEMAX     ,1.0
NRW,50 - 54,55.98,34.99,30.0,0.0,RED INTERNET & PHONE CABLE U ,1.0
NRW,55 - 59,44.98,44.98,30.0,0.0,VF CABLEMAX     ,0.0
HSN,55 - 59,44.97,44.97,30.0,0.0,RED INTERNET & PHONE CABLE U ,1.0
NRW,40 - 44,24.99,24.99,30.0,0.0,INTERNET COMFORT     ,0.0
NRW,55 - 59,44.98,44.98,30.0,0.0,VF CABLEMAX     ,1.0
NRW,50 - 54,44.98,44.98,30.0,0.0,VF CABLEMAX     ,0.0
NRW,25 - 29,39.99,39.99,30.0,0.0,RED INTERNET & PHONE CABLE U ,0.0
KBW,60 - 64,29.99,29.99,30.0,0.0,VF RIP U-TREUE  ,0.0
NRW,80 and over,65.97,44.98,30.0,0.0,VF CABLEMAX     ,0.0
KBW,25 - 29,79.94,44.97,30.0,0.0,VF CABLEMAX     ,1.0
KBW,60 - 64,30.88,30.88,30.0,0.0,RED INTERNET & PHONE CABLE U ,0.0
NRW,45 - 49,42.98,42.98,30.0,0.0,VF RIP U-TREUE  ,1.0
HSN,25 - 29,44.98,44.98,30.0,0.0,RED INTERNET & PHONE CABLE U ,1.0
HSN,35 - 39,37.99,37.99,30.0,0.0,VF RIP U-TREUE  ,1.0
NRW,55 - 59,44.98,44.98,30.0,0.0,VF CABLEMAX     ,1.0
KBW,35 - 39,44.98,44.98,30.0,0.0,RED INTERNET & PHONE CABLE U ,1.0
NRW,35 - 39,32.99,32.99,30.0,0.0,VF RIP U-TREUE  ,0.0
NRW,35 - 39,63.96,42.97,30.0,0.0,VF RIP U-TREUE  ,0.0
NRW,40 - 44,44.98,44.98,30.0,0.0,RED INTERNET & PHONE CABLE U ,0.0
NRW,25 - 29,39.98,39.98,30.0,0.0,RED INTERNET & PHONE CABLE U ,1.0
KBW,80 and over,55.94,34.94,30.0,0.0,VF RIP U-TREUE  ,1.0
KBW,25 - 29,49.97,49.97,30.0,0.0,VF CABLEMAX     ,1.0
NRW,80 and over,34.99,34.99,30.0,0.0,RED INTERNET & PHONE CABLE U ,0.0
NRW,30 - 34,44.98,44.98,30.0,0.0,VF CABLEMAX     ,0.0
NRW,25 - 29,39.98,39.98,123.0,1.0,GIGAZUHAUSE KABEL ,1.0
HSN,65 - 69,53.96,32.99,30.0,0.0,VF RIP U-TREUE  ,1.0
HSN,60 - 64,69.96,48.97,30.0,0.0,RED INTERNET & PHONE CABLE U ,1.0
NRW,80 and over,29.99,29.99,30.0,0.0,VF RIP U-TREUE  ,0.0
HSN,40 - 44,74.97,44.98,30.0,0.0,VF CABLEMAX     ,1.0
KBW,30 - 34,44.98,44.98,30.0,0.0,VF CABLEMAX     ,1.0
NRW,60 - 64,29.99,29.99,30.0,0.0,VF RIP U-TREUE  ,1.0
NRW,60 - 64,34.99,34.99,30.0,0.0,RED INTERNET & PHONE CABLE U ,1.0
NRW,65 - 69,34.99,34.99,30.0,0.0,RED INTERNET & PHONE CABLE U ,1.0
KBW,80 and over,33.74,33.74,30.0,0.0,RED INTERNET & PHONE CABLE U ,1.0
KBW,25 - 29,54.99,54.99,30.0,0.0,RED INTERNET & PHONE CABLE U ,1.0
NRW,70 - 74,29.99,29.99,30.0,0.0,RED INTERNET & PHONE CABLE U ,0.0
HSN,40 - 44,52.96,42.97,30.0,0.0,RED INTERNET & PHONE CABLE U ,1.0
NRW,30 - 34,39.98,39.98,30.0,0.0,VF CABLEMAX     ,0.0
KBW,70 - 74,78.97,51.98,30.0,0.0,VF RIP U-TREUE  ,1.0
NRW,35 - 39,49.98,49.98,30.0,0.0,GIGAZUHAUSE KABEL ,1.0
NRW,35 - 39,34.99,34.99,30.0,0.0,RED INTERNET & PHONE CABLE U ,1.0
KBW,25 - 29,34.99,34.99,30.0,0.0,RED INTERNET & PHONE CABLE U ,1.0
KBW,40 - 44,49.97,49.97,30.0,0.0,VF CABLEMAX     ,1.0
NRW,60 - 64,74.95,44.97,30.0,0.0,VF CABLEMAX     ,0.0
NRW,70 - 74,44.98,44.98,30.0,0.0,VF CABLEMAX     ,0.0
KBW,60 - 64,29.99,29.99,30.0,0.0,VF RIP U-TREUE  ,1.0
KBW,55 - 59,44.98,44.98,30.0,0.0,VF CABLEMAX     ,0.0
NRW,25 - 29,39.98,39.98,30.0,0.0,RED INTERNET & PHONE CABLE U ,1.0
NRW,40 - 44,34.99,34.99,30.0,0.0,RED INTERNET & PHONE CABLE U ,0.0
NRW,35 - 39,34.99,34.99,30.0,0.0,RED INTERNET & PHONE CABLE U ,0.0
KBW,50 - 54,44.98,44.98,30.0,0.0,RED INTERNET & PHONE CABLE U ,1.0
KBW,55 - 59,44.98,44.98,30.0,0.0,VF CABLEMAX     ,0.0
HSN,40 - 44,63.96,42.97,30.0,0.0,RED INTERNET & PHONE CABLE U ,1.0
NRW,80 and over,65.97,44.98,30.0,0.0,VF CABLEMAX     ,0.0
KBW,18 - 24,43.97,43.97,30.0,0.0,RED INTERNET & PHONE CABLE U ,1.0
NRW,30 - 34,37.99,37.99,30.0,0.0,VF RIP U-TREUE  ,0.0
KBW,65 - 69,29.99,29.99,30.0,0.0,VF RIP U-TREUE  ,0.0
NRW,25 - 29,42.97,42.97,30.0,0.0,RED INTERNET & PHONE CABLE U ,1.0
HSN,60 - 64,49.97,49.97,30.0,0.0,VF CABLEMAX     ,0.0
KBW,35 - 39,39.98,39.98,30.0,0.0,VF CABLEMAX     ,0.0
KBW,45 - 49,59.96,44.98,30.0,0.0,VF CABLEMAX     ,0.0
NRW,45 - 49,69.96,44.98,30.0,0.0,VF CABLEMAX     ,1.0
KBW,30 - 34,39.98,39.98,30.0,0.0,RED INTERNET & PHONE CABLE U ,1.0
KBW,25 - 29,44.98,44.98,30.0,0.0,RED INTERNET & PHONE CABLE U ,1.0
NRW,45 - 49,39.99,39.99,30.0,0.0,VF RIP U-TREUE  ,0.0
KBW,65 - 69,34.99,34.99,30.0,0.0,RED INTERNET & PHONE CABLE U ,1.0
HSN,35 - 39,39.98,39.98,30.0,0.0,VF CABLEMAX     ,1.0
HSN,30 - 34,44.98,44.98,30.0,0.0,VF CABLEMAX     ,1.0
KBW,65 - 69,49.97,49.97,30.0,0.0,RED INTERNET & PHONE CABLE U ,1.0
NRW,65 - 69,24.99,24.99,30.0,0.0,INTERNET COMFORT     ,0.0
NRW,50 - 54,29.99,29.99,30.0,0.0,VF RIP U-TREUE  ,1.0
HSN,40 - 44,42.97,42.97,30.0,0.0,2PLAY COMFORT     ,0.0
NRW,55 - 59,49.97,49.97,30.0,0.0,VF CABLEMAX     ,0.0
NRW,30 - 34,29.99,29.99,30.0,0.0,VF RIP U-TREUE  ,0.0
KBW,65 - 69,39.98,39.98,30.0,0.0,VF RIP U-TREUE  ,1.0
HSN,35 - 39,37.98,37.98,130.0,0.0,GIGAZUHAUSE TREUE B ,1.0
NRW,45 - 49,37.99,37.99,30.0,0.0,VF RIP U-TREUE  ,0.0
KBW,75 - 79,54.99,54.99,30.0,0.0,RED INTERNET & PHONE CABLE U ,0.0
KBW,70 - 74,44.98,44.98,30.0,0.0,RED INTERNET & PHONE CABLE U ,1.0
NRW,60 - 64,59.98,59.99,30.0,0.0,RED INTERNET & PHONE CABLE U ,1.0
NRW,30 - 34,32.97,32.97,30.0,0.0,RED INTERNET & PHONE CABLE U ,1.0
NRW,35 - 39,54.98,39.99,30.0,0.0,VF RIP U-TREUE  ,1.0
KBW,55 - 59,38.98,38.98,30.0,0.0,RED INTERNET & PHONE CABLE U ,0.0
NRW,40 - 44,54.99,54.99,30.0,0.0,RED INTERNET & PHONE CABLE U ,1.0
KBW,55 - 59,49.97,44.98,30.0,0.0,VF CABLEMAX     ,1.0
NRW,40 - 44,42.98,42.98,30.0,0.0,VF RIP U-TREUE  ,1.0
KBW,25 - 29,29.99,29.99,30.0,0.0,VF RIP U-TREUE  ,0.0
NRW,50 - 54,44.98,44.98,30.0,0.0,VF CABLEMAX     ,0.0
HSN,50 - 54,32.99,32.99,30.0,0.0,VF RIP U-TREUE  ,0.0
KBW,55 - 59,44.98,44.98,30.0,0.0,VF CABLEMAX     ,0.0
NRW,45 - 49,73.97,44.98,30.0,0.0,VF CABLEMAX     ,1.0
NRW,30 - 34,34.99,34.99,30.0,0.0,RED INTERNET & PHONE CABLE U ,1.0
HSN,25 - 29,44.98,44.98,30.0,0.0,RED INTERNET & PHONE CABLE U ,0.0
KBW,55 - 59,60.98,39.99,30.0,0.0,RED INTERNET & PHONE CABLE U ,0.0
KBW,35 - 39,39.99,39.99,30.0,0.0,VF RIP U-TREUE  ,0.0
KBW,25 - 29,44.98,44.98,30.0,0.0,VF CABLEMAX     ,1.0
NRW,40 - 44,39.99,39.99,30.0,0.0,RED INTERNET & PHONE CABLE U ,0.0
NRW,40 - 44,44.98,44.98,30.0,0.0,VF CABLEMAX     ,1.0
NRW,35 - 39,34.99,34.99,30.0,0.0,RED INTERNET & PHONE CABLE U ,1.0
NRW,25 - 29,44.98,44.98,30.0,0.0,RED INTERNET & PHONE CABLE U ,0.0
HSN,55 - 59,44.98,44.98,30.0,0.0,VF CABLEMAX     ,0.0
KBW,35 - 39,44.98,44.98,30.0,0.0,RED INTERNET & PHONE CABLE U ,0.0
KBW,25 - 29,49.97,49.97,30.0,0.0,VF CABLEMAX     ,1.0
NRW,50 - 54,44.98,44.98,30.0,0.0,VF CABLEMAX     ,0.0
NRW,35 - 39,54.98,54.98,30.0,0.0,GIGAZUHAUSE KABEL ,1.0
KBW,25 - 29,44.98,44.98,30.0,0.0,VF CABLEMAX     ,1.0
HSN,25 - 29,44.99,44.99,30.0,0.0,RED INTERNET & PHONE CABLE U ,1.0
NRW,35 - 39,39.98,39.98,30.0,0.0,VF CABLEMAX     ,1.0
NRW,40 - 44,29.99,29.99,30.0,0.0,VF RIP U-TREUE  ,1.0
NRW,35 - 39,39.99,39.99,30.0,0.0,VF RIP U-TREUE  ,1.0
HSN,75 - 79,34.99,34.99,30.0,0.0,RED INTERNET & PHONE CABLE U ,1.0
NRW,55 - 59,78.97,54.99,30.0,0.0,RED INTERNET & PHONE CABLE U ,0.0
NRW,80 and over,42.98,42.98,30.0,0.0,3PLAY PLUS       ,0.0
NRW,55 - 59,34.99,34.99,30.0,0.0,RED INTERNET & PHONE CABLE U ,1.0
KBW,60 - 64,29.99,29.99,30.0,0.0,RED INTERNET & PHONE CABLE U ,0.0
NRW,25 - 29,54.99,54.99,30.0,0.0,RED INTERNET & PHONE CABLE U ,1.0
NRW,35 - 39,39.99,39.99,30.0,0.0,RED INTERNET & PHONE CABLE U ,0.0
KBW,55 - 59,34.99,34.99,30.0,0.0,RED INTERNET & PHONE CABLE U ,1.0
NRW,45 - 49,49.96,49.97,30.0,0.0,VF CABLEMAX     ,0.0
KBW,55 - 59,24.99,24.99,30.0,0.0,INTERNET COMFORT     ,0.0
KBW,40 - 44,65.97,44.98,30.0,0.0,VF CABLEMAX     ,1.0
KBW,30 - 34,27.99,27.99,30.0,0.0,VF RIP U-TREUE  ,0.0
HSN,35 - 39,35.97,35.97,30.0,0.0,RED INTERNET & PHONE CABLE U ,0.0
NRW,65 - 69,29.99,29.99,30.0,0.0,VF RIP U-TREUE  ,0.0
NRW,18 - 24,44.98,44.98,30.0,0.0,VF CABLEMAX     ,1.0
NRW,35 - 39,34.99,34.99,30.0,0.0,RED INTERNET & PHONE CABLE U ,0.0
HSN,35 - 39,47.96,44.97,30.0,0.0,2PLAY START       ,1.0
NRW,65 - 69,34.99,34.99,30.0,0.0,RED INTERNET & PHONE CABLE U ,1.0
KBW,45 - 49,58.98,58.98,30.0,0.0,RED INTERNET & PHONE CABLE U ,0.0
HSN,30 - 34,54.99,54.99,30.0,0.0,RED INTERNET & PHONE CABLE U ,1.0
KBW,40 - 44,39.99,39.99,30.0,0.0,RED INTERNET & PHONE CABLE U ,1.0
NRW,60 - 64,49.99,49.99,30.0,0.0,RED INTERNET & PHONE CABLE U ,1.0
NRW,25 - 29,44.98,44.98,30.0,0.0,RED INTERNET & PHONE CABLE U ,0.0
KBW,65 - 69,39.99,39.99,30.0,0.0,RED INTERNET & PHONE CABLE U ,0.0
NRW,30 - 34,44.98,44.98,30.0,0.0,VF CABLEMAX     ,0.0
KBW,60 - 64,58.97,37.99,30.0,0.0,VF RIP U-TREUE  ,1.0
NRW,30 - 34,44.98,44.98,30.0,0.0,RED INTERNET & PHONE CABLE U ,0.0
KBW,40 - 44,44.98,44.98,30.0,0.0,RED INTERNET & PHONE CABLE U ,1.0
KBW,35 - 39,44.98,44.98,30.0,0.0,RED INTERNET & PHONE CABLE U ,0.0
NRW,30 - 34,49.98,49.98,30.0,0.0,GIGAZUHAUSE KABEL ,1.0
NRW,65 - 69,34.99,34.99,30.0,0.0,RED INTERNET & PHONE CABLE U ,1.0
NRW,30 - 34,39.98,39.98,30.0,0.0,VF CABLEMAX     ,0.0
NRW,60 - 64,44.97,44.97,30.0,0.0,RED INTERNET & PHONE CABLE U ,0.0
KBW,50 - 54,44.98,44.98,30.0,0.0,3PLAY PLUS       ,0.0
KBW,25 - 29,54.99,54.99,30.0,0.0,RED INTERNET & PHONE CABLE U ,1.0
KBW,25 - 29,33.74,33.74,30.0,0.0,RED INTERNET & PHONE CABLE U ,1.0
NRW,75 - 79,58.98,58.98,30.0,0.0,RED INTERNET & PHONE CABLE U ,0.0
KBW,70 - 74,39.99,39.99,30.0,0.0,RED INTERNET & PHONE CABLE U ,0.0
NRW,25 - 29,44.98,44.98,30.0,0.0,VF CABLEMAX     ,1.0
NRW,70 - 74,54.99,54.99,30.0,0.0,RED INTERNET & PHONE CABLE U ,1.0
HSN,60 - 64,54.99,54.99,30.0,0.0,RED INTERNET & PHONE CABLE U ,0.0
NRW,55 - 59,47.96,47.96,30.0,0.0,RED INTERNET & PHONE CABLE U ,0.0
HSN,75 - 79,34.99,34.99,30.0,0.0,RED INTERNET & PHONE CABLE U ,0.0
NRW,70 - 74,44.98,44.98,30.0,0.0,VF CABLEMAX     ,1.0
KBW,60 - 64,34.99,34.99,30.0,0.0,RED INTERNET & PHONE CABLE U ,0.0
HSN,30 - 34,39.99,39.99,30.0,0.0,VF RIP U-TREUE  ,0.0
KBW,55 - 59,39.98,39.98,30.0,0.0,RED INTERNET & PHONE CABLE U ,0.0
NRW,50 - 54,44.98,44.98,30.0,0.0,VF CABLEMAX     ,1.0
HSN,25 - 29,44.98,44.98,30.0,0.0,RED INTERNET & PHONE CABLE U ,1.0
KBW,40 - 44,37.37,37.37,30.0,0.0,GIGAZUHAUSE KABEL ,0.0
HSN,40 - 44,62.98,62.98,30.0,0.0,RED INTERNET & PHONE CABLE U ,0.0
NRW,50 - 54,52.95,39.98,30.0,0.0,VF CABLEMAX     ,1.0
HSN,55 - 59,34.99,34.99,30.0,0.0,RED INTERNET & PHONE CABLE U ,1.0
HSN,65 - 69,39.99,39.99,30.0,0.0,RED INTERNET & PHONE CABLE U ,1.0
NRW,55 - 59,44.98,44.98,30.0,0.0,RED INTERNET & PHONE CABLE U ,0.0
NRW,25 - 29,39.99,39.99,30.0,0.0,RED INTERNET & PHONE CABLE U ,1.0
NRW,55 - 59,63.98,63.98,30.0,0.0,RED INTERNET & PHONE CABLE U ,0.0
KBW,40 - 44,59.99,59.99,30.0,0.0,3PLAY FLY      ,0.0
NRW,40 - 44,34.99,34.99,30.0,0.0,RED INTERNET & PHONE CABLE U ,0.0
KBW,40 - 44,39.99,39.99,30.0,0.0,RED INTERNET & PHONE CABLE U ,1.0
KBW,45 - 49,39.98,39.98,30.0,0.0,RED INTERNET & PHONE CABLE U ,0.0
KBW,30 - 34,44.98,44.98,30.0,0.0,RED INTERNET & PHONE CABLE U ,0.0
KBW,55 - 59,24.99,24.99,30.0,0.0,INTERNET COMFORT     ,1.0
NRW,30 - 34,39.99,39.99,30.0,0.0,RED INTERNET & PHONE CABLE U ,1.0
NRW,35 - 39,39.98,39.98,30.0,0.0,VF CABLEMAX     ,0.0
KBW,50 - 54,49.97,34.99,30.0,0.0,VF RIP U-TREUE  ,0.0
NRW,30 - 34,39.99,39.99,30.0,0.0,RED INTERNET & PHONE CABLE U ,1.0
KBW,60 - 64,34.98,34.98,30.0,0.0,RED INTERNET & PHONE CABLE U ,1.0
KBW,40 - 44,49.97,39.99,30.0,0.0,VF RIP U-TREUE  ,0.0
HSN,50 - 54,44.99,44.99,88.0,0.0,GIGAZUHAUSE TREUE B ,1.0
NRW,30 - 34,29.99,29.99,30.0,0.0,INTERNET PREMIUM     ,1.0
NRW,25 - 29,44.98,44.98,30.0,0.0,RED INTERNET & PHONE CABLE U ,1.0
NRW,55 - 59,49.97,49.97,30.0,0.0,VF CABLEMAX     ,1.0
NRW,40 - 44,37.98,37.98,30.0,0.0,VF RIP U-TREUE  ,0.0
NRW,40 - 44,54.98,54.98,30.0,0.0,RED INTERNET & PHONE CABLE U ,1.0
NRW,60 - 64,34.99,34.99,30.0,0.0,RED INTERNET & PHONE CABLE U ,0.0
NRW,70 - 74,39.99,39.99,30.0,0.0,RED INTERNET & PHONE CABLE U ,1.0
NRW,60 - 64,44.98,44.98,30.0,0.0,VF CABLEMAX     ,0.0
NRW,45 - 49,44.98,44.98,30.0,0.0,VF CABLEMAX     ,1.0
HSN,35 - 39,46.97,24.99,30.0,0.0,INTERNET COMFORT     ,0.0
KBW,65 - 69,29.98,29.99,30.0,0.0,VF RIP U-TREUE  ,0.0
HSN,55 - 59,44.98,44.98,30.0,0.0,VF CABLEMAX     ,0.0
HSN,50 - 54,29.99,29.99,30.0,0.0,VF RIP U-TREUE  ,0.0
KBW,60 - 64,57.97,37.99,30.0,0.0,VF RIP U-TREUE  ,1.0
KBW,80 and over,43.97,22.98,30.0,0.0,RED INTERNET & PHONE CABLE U ,0.0
NRW,30 - 34,34.99,34.99,30.0,0.0,RED INTERNET & PHONE CABLE U ,0.0
HSN,55 - 59,32.99,32.99,30.0,0.0,VF RIP U-TREUE  ,1.0
NRW,60 - 64,65.98,44.99,30.0,0.0,VF RIP U-TREUE  ,0.0
KBW,40 - 44,39.98,39.98,30.0,0.0,RED INTERNET & PHONE CABLE U ,1.0
HSN,60 - 64,34.99,34.99,30.0,0.0,RED INTERNET & PHONE CABLE U ,1.0
KBW,50 - 54,44.98,44.98,30.0,0.0,VF CABLEMAX     ,0.0
HSN,60 - 64,22.98,22.98,30.0,0.0,EAZY       ,0.0
HSN,35 - 39,42.97,42.97,30.0,0.0,VF CABLEMAX     ,0.0
KBW,60 - 64,60.98,39.99,30.0,0.0,VF RIP U-TREUE  ,1.0
NRW,45 - 49,34.99,34.99,30.0,0.0,RED INTERNET & PHONE CABLE U ,1.0
NRW,45 - 49,44.99,44.99,93.0,0.0,GIGAZUHAUSE TREUE B ,1.0
HSN,55 - 59,37.98,37.98,30.0,0.0,VF RIP U-TREUE  ,1.0
KBW,35 - 39,39.98,39.98,30.0,0.0,RED INTERNET & PHONE CABLE U ,1.0
HSN,55 - 59,44.99,44.99,30.0,0.0,RED INTERNET & PHONE CABLE U ,0.0
NRW,80 and over,64.97,39.99,30.0,0.0,VF RIP U-TREUE  ,0.0
NRW,65 - 69,57.96,37.99,30.0,0.0,VF RIP U-TREUE  ,0.0
HSN,60 - 64,39.97,39.98,30.0,0.0,RED INTERNET & PHONE CABLE U ,0.0
KBW,70 - 74,49.97,34.99,30.0,0.0,RED INTERNET & PHONE CABLE U ,1.0
NRW,30 - 34,34.99,34.99,30.0,0.0,RED INTERNET & PHONE CABLE U ,1.0
NRW,30 - 34,24.99,24.99,30.0,0.0,INTERNET COMFORT     ,0.0
NRW,70 - 74,24.99,24.99,30.0,0.0,RED INTERNET & PHONE CABLE U ,1.0
KBW,30 - 34,39.99,39.99,30.0,0.0,VF RIP U-TREUE  ,0.0
NRW,70 - 74,44.98,44.98,30.0,0.0,VF CABLEMAX     ,0.0
NRW,50 - 54,39.99,39.99,30.0,0.0,VF RIP U-TREUE  ,0.0
NRW,35 - 39,34.99,34.99,30.0,0.0,RED INTERNET & PHONE CABLE U ,0.0
HSN,30 - 34,44.99,44.99,30.0,0.0,GIGAZUHAUSE KABEL ,0.0
NRW,75 - 79,34.98,34.99,30.0,0.0,RED INTERNET & PHONE CABLE U ,0.0
NRW,50 - 54,49.99,49.99,30.0,0.0,RED INTERNET & PHONE CABLE U ,1.0
KBW,80 and over,34.99,34.99,30.0,0.0,RED INTERNET & PHONE CABLE U ,0.0
HSN,65 - 69,24.99,24.99,30.0,0.0,INTERNET COMFORT     ,0.0
KBW,60 - 64,34.99,34.99,30.0,0.0,RED INTERNET & PHONE CABLE U ,0.0
NRW,60 - 64,52.96,42.97,30.0,0.0,RED INTERNET & PHONE CABLE U ,0.0
KBW,60 - 64,34.99,34.99,30.0,0.0,RED INTERNET & PHONE CABLE U ,1.0
NRW,35 - 39,37.99,37.99,30.0,0.0,VF RIP U-TREUE  ,0.0
KBW,40 - 44,42.97,42.97,30.0,0.0,RED INTERNET & PHONE CABLE U ,0.0
NRW,65 - 69,54.98,54.98,30.0,0.0,RED INTERNET & PHONE CABLE U ,1.0
KBW,45 - 49,47.99,47.99,30.0,0.0,VF RIP U-TREUE  ,0.0
HSN,60 - 64,49.99,49.99,30.0,0.0,RED INTERNET & PHONE CABLE U ,1.0
KBW,40 - 44,47.97,47.97,30.0,0.0,RED INTERNET & PHONE CABLE U ,1.0
NRW,30 - 34,44.98,44.98,30.0,0.0,VF CABLEMAX     ,1.0
NRW,40 - 44,42.97,42.97,30.0,0.0,RED INTERNET & PHONE CABLE U ,0.0
KBW,65 - 69,44.99,44.99,30.0,0.0,GIGAZUHAUSE KABEL ,0.0
NRW,25 - 29,42.98,42.98,30.0,0.0,RED INTERNET & PHONE CABLE U ,0.0
NRW,80 and over,55.98,34.99,30.0,0.0,RED INTERNET & PHONE CABLE U ,0.0
HSN,35 - 39,44.98,44.98,30.0,0.0,GIGAZUHAUSE KABEL ,0.0
NRW,65 - 69,44.98,44.98,30.0,0.0,VF CABLEMAX     ,0.0
KBW,55 - 59,44.98,44.98,30.0,0.0,VF CABLEMAX     ,1.0
HSN,65 - 69,55.97,34.99,30.0,0.0,RED INTERNET & PHONE CABLE U ,1.0
KBW,80 and over,64.95,34.99,30.0,0.0,RED INTERNET & PHONE CABLE U ,1.0
NRW,45 - 49,34.99,34.99,30.0,0.0,RED INTERNET & PHONE CABLE U ,0.0
KBW,55 - 59,44.98,44.98,30.0,0.0,RED INTERNET & PHONE CABLE U ,1.0
HSN,55 - 59,44.98,44.98,30.0,0.0,VF CABLEMAX     ,0.0
KBW,70 - 74,55.97,34.99,30.0,0.0,VF RIP U-TREUE  ,1.0
KBW,50 - 54,49.97,49.97,30.0,0.0,VF CABLEMAX     ,0.0
HSN,55 - 59,34.99,34.99,30.0,0.0,RED INTERNET & PHONE CABLE U ,1.0
KBW,55 - 59,49.97,49.97,30.0,0.0,VF CABLEMAX     ,0.0
NRW,60 - 64,42.98,42.98,30.0,0.0,VF RIP U-TREUE  ,0.0
HSN,60 - 64,49.97,49.97,30.0,0.0,VF CABLEMAX     ,1.0
KBW,60 - 64,42.98,42.98,30.0,0.0,VF RIP U-TREUE  ,1.0
KBW,25 - 29,44.98,44.98,30.0,0.0,RED INTERNET & PHONE CABLE U ,0.0
KBW,55 - 59,39.99,39.99,30.0,0.0,VF RIP U-TREUE  ,0.0
NRW,30 - 34,39.99,39.99,30.0,0.0,RED INTERNET & PHONE CABLE U ,1.0
HSN,75 - 79,64.96,39.98,30.0,0.0,VF CABLEMAX     ,1.0
KBW,55 - 59,37.98,37.98,30.0,0.0,VF RIP U-TREUE  ,1.0
KBW,70 - 74,42.97,42.97,30.0,0.0,RED INTERNET & PHONE CABLE U ,0.0
KBW,25 - 29,39.99,39.99,30.0,0.0,RED INTERNET & PHONE CABLE U ,1.0
HSN,45 - 49,39.99,39.99,30.0,0.0,VF RIP U-TREUE  ,1.0
NRW,70 - 74,62.96,37.99,39.0,0.0,VF RIP U-TREUE  ,0.0
KBW,75 - 79,74.96,39.99,30.0,0.0,VF RIP U-TREUE  ,0.0
NRW,50 - 54,39.99,39.99,30.0,0.0,RED INTERNET & PHONE CABLE U ,0.0
KBW,40 - 44,34.99,34.99,30.0,0.0,VF RIP U-TREUE  ,1.0
HSN,55 - 59,57.97,37.98,30.0,0.0,VF RIP U-TREUE  ,0.0
NRW,35 - 39,34.99,34.99,30.0,0.0,RED INTERNET & PHONE CABLE U ,1.0
KBW,30 - 34,49.99,49.99,30.0,0.0,GIGAZUHAUSE KABEL ,1.0
HSN,45 - 49,62.98,62.98,30.0,0.0,RED INTERNET & PHONE CABLE U ,0.0
NRW,25 - 29,39.98,39.98,30.0,0.0,RED INTERNET & PHONE CABLE U ,1.0
NRW,60 - 64,50.98,29.99,30.0,0.0,VF RIP U-TREUE  ,1.0
KBW,18 - 24,39.99,39.99,30.0,0.0,RED INTERNET & PHONE CABLE U ,1.0
KBW,60 - 64,37.99,37.99,30.0,0.0,VF RIP U-TREUE  ,1.0
NRW,40 - 44,32.98,32.98,30.0,0.0,VF RIP U-TREUE  ,0.0
NRW,65 - 69,60.98,39.99,30.0,0.0,VF RIP U-TREUE  ,0.0
NRW,35 - 39,34.99,34.99,30.0,0.0,RED INTERNET & PHONE CABLE U ,0.0
NRW,55 - 59,42.98,42.98,30.0,0.0,VF RIP U-TREUE  ,1.0
KBW,25 - 29,29.99,29.99,30.0,0.0,VF RIP U-TREUE  ,1.0
HSN,65 - 69,47.96,47.96,30.0,0.0,VF RIP U-TREUE  ,0.0
KBW,80 and over,54.98,34.99,30.0,0.0,RED INTERNET & PHONE CABLE U ,1.0
NRW,18 - 24,39.98,39.98,30.0,0.0,VF CABLEMAX     ,1.0
NRW,40 - 44,39.99,39.99,30.0,0.0,RED INTERNET & PHONE CABLE U ,1.0
KBW,35 - 39,39.98,39.98,30.0,0.0,VF CABLEMAX     ,0.0
KBW,70 - 74,62.97,37.99,30.0,0.0,VF RIP U-TREUE  ,1.0
NRW,35 - 39,39.98,39.98,30.0,0.0,VF CABLEMAX     ,1.0
NRW,35 - 39,19.99,19.99,30.0,0.0,24PLAY        ,0.0
KBW,55 - 59,44.98,44.98,30.0,0.0,VF CABLEMAX     ,1.0
KBW,60 - 64,49.97,49.97,30.0,0.0,VF CABLEMAX     ,0.0
KBW,40 - 44,27.99,27.99,30.0,0.0,VF RIP U-TREUE  ,1.0
NRW,45 - 49,44.98,44.98,30.0,0.0,VF CABLEMAX     ,1.0
KBW,60 - 64,34.99,34.99,30.0,0.0,VF RIP U-TREUE  ,1.0
NRW,60 - 64,40.97,40.97,30.0,0.0,RED INTERNET & PHONE CABLE U ,0.0
KBW,35 - 39,34.99,34.99,30.0,0.0,RED INTERNET & PHONE CABLE U ,0.0
HSN,50 - 54,49.97,49.97,30.0,0.0,VF CABLEMAX     ,0.0
NRW,35 - 39,34.99,34.99,30.0,0.0,RED INTERNET & PHONE CABLE U ,0.0
HSN,65 - 69,47.97,47.97,30.0,0.0,RED INTERNET & PHONE CABLE U ,1.0
NRW,30 - 34,44.98,29.99,30.0,0.0,RED INTERNET & PHONE CABLE U ,0.0
NRW,60 - 64,29.99,29.99,30.0,0.0,INTERNET PREMIUM     ,1.0
KBW,30 - 34,34.99,34.99,30.0,0.0,RED INTERNET & PHONE CABLE U ,0.0
NRW,50 - 54,47.97,37.98,30.0,0.0,VF RIP U-TREUE  ,0.0
NRW,35 - 39,44.98,44.98,30.0,0.0,VF CABLEMAX     ,1.0
KBW,35 - 39,39.99,39.99,30.0,0.0,RED INTERNET & PHONE CABLE U ,1.0
KBW,25 - 29,44.98,44.98,30.0,0.0,VF CABLEMAX     ,0.0
NRW,50 - 54,44.99,44.99,30.0,0.0,GIGAZUHAUSE KABEL ,0.0
KBW,60 - 64,48.97,48.97,30.0,0.0,VF CABLEMAX     ,0.0
HSN,45 - 49,48.98,48.98,30.0,0.0,3PLAY TREUE      ,1.0
NRW,30 - 34,44.98,44.98,30.0,0.0,RED INTERNET & PHONE CABLE U ,0.0
KBW,25 - 29,44.98,44.98,30.0,0.0,RED INTERNET & PHONE CABLE U ,1.0
HSN,40 - 44,44.98,44.98,30.0,0.0,VF CABLEMAX     ,1.0
NRW,25 - 29,44.98,44.98,30.0,0.0,RED INTERNET & PHONE CABLE U ,1.0
NRW,55 - 59,49.99,49.99,30.0,0.0,GIGAZUHAUSE KABEL ,0.0
KBW,35 - 39,49.97,49.97,30.0,0.0,VF CABLEMAX     ,1.0
NRW,25 - 29,39.99,39.99,30.0,0.0,RED INTERNET & PHONE CABLE U ,0.0
HSN,30 - 34,39.99,39.99,30.0,0.0,RED INTERNET & PHONE CABLE U ,1.0
NRW,55 - 59,39.98,39.98,30.0,0.0,RED INTERNET & PHONE CABLE U ,1.0
KBW,75 - 79,64.97,44.98,30.0,0.0,RED INTERNET & PHONE CABLE U ,0.0
NRW,35 - 39,38.98,38.98,30.0,0.0,RED INTERNET & PHONE CABLE U ,1.0
NRW,65 - 69,60.98,39.99,30.0,0.0,RED INTERNET & PHONE CABLE U ,1.0
NRW,40 - 44,44.98,44.98,30.0,0.0,VF CABLEMAX     ,0.0
NRW,30 - 34,39.99,39.99,30.0,0.0,VF RIP U-TREUE  ,0.0
KBW,80 and over,34.99,34.99,30.0,0.0,RED INTERNET & PHONE CABLE U ,1.0
NRW,60 - 64,75.98,54.99,30.0,0.0,RED INTERNET & PHONE CABLE U ,1.0
NRW,18 - 24,44.98,44.98,30.0,0.0,VF CABLEMAX     ,1.0
KBW,60 - 64,39.99,39.99,30.0,0.0,RED INTERNET & PHONE CABLE U ,0.0
KBW,70 - 74,34.99,34.99,30.0,0.0,RED INTERNET & PHONE CABLE U ,1.0
NRW,70 - 74,55.98,34.99,30.0,0.0,RED INTERNET & PHONE CABLE U ,1.0
KBW,35 - 39,39.99,39.99,30.0,0.0,RED INTERNET & PHONE CABLE U ,1.0
KBW,65 - 69,49.97,49.97,30.0,0.0,VF CABLEMAX     ,0.0
NRW,55 - 59,44.98,44.98,30.0,0.0,RED INTERNET & PHONE CABLE U ,0.0
KBW,40 - 44,44.98,44.98,30.0,0.0,VF CABLEMAX     ,1.0
NRW,30 - 34,39.99,39.99,30.0,0.0,RED INTERNET & PHONE CABLE U ,1.0
KBW,45 - 49,39.99,39.99,30.0,0.0,VF RIP U-TREUE  ,1.0
HSN,35 - 39,29.99,29.99,30.0,0.0,VF RIP U-TREUE  ,0.0
KBW,60 - 64,54.99,54.99,30.0,0.0,RED INTERNET & PHONE CABLE U ,1.0
NRW,30 - 34,39.98,39.98,30.0,0.0,RED INTERNET & PHONE CABLE U ,1.0
HSN,35 - 39,49.99,49.99,30.0,0.0,RED INTERNET & PHONE CABLE U ,1.0
KBW,40 - 44,34.99,34.99,30.0,0.0,VF RIP U-TREUE  ,1.0
NRW,30 - 34,34.99,34.99,30.0,0.0,RED INTERNET & PHONE CABLE U ,1.0
HSN,25 - 29,39.99,39.99,30.0,0.0,RED INTERNET & PHONE CABLE U ,1.0
KBW,35 - 39,44.98,44.98,30.0,0.0,VF CABLEMAX     ,0.0
KBW,30 - 34,44.98,44.98,30.0,0.0,RED INTERNET & PHONE CABLE U ,1.0
KBW,25 - 29,29.99,29.99,30.0,0.0,INTERNET PREMIUM     ,0.0
NRW,55 - 59,44.98,44.98,30.0,0.0,VF CABLEMAX     ,0.0
NRW,50 - 54,49.98,29.99,30.0,0.0,VF RIP U-TREUE  ,1.0
NRW,40 - 44,44.98,44.98,30.0,0.0,VF RIP U-TREUE  ,1.0
NRW,30 - 34,49.99,49.99,30.0,0.0,GIGAZUHAUSE KABEL ,1.0
KBW,30 - 34,44.98,44.98,30.0,0.0,RED INTERNET & PHONE CABLE U ,1.0
KBW,25 - 29,29.99,29.99,30.0,0.0,VF RIP U-TREUE  ,1.0
NRW,80 and over,40.98,19.99,30.0,0.0,EAZY       ,0.0
HSN,25 - 29,49.97,49.97,30.0,0.0,VF CABLEMAX     ,1.0
NRW,55 - 59,34.99,34.99,30.0,0.0,RED INTERNET & PHONE CABLE U ,1.0
NRW,55 - 59,54.98,54.98,30.0,0.0,RED INTERNET & PHONE CABLE U ,1.0
HSN,18 - 24,34.99,34.99,30.0,0.0,RED INTERNET & PHONE CABLE U ,1.0
KBW,35 - 39,44.98,44.98,30.0,0.0,VF CABLEMAX     ,0.0
KBW,35 - 39,39.99,39.99,30.0,0.0,RED INTERNET & PHONE CABLE U ,1.0
NRW,55 - 59,37.98,37.98,30.0,0.0,VF RIP U-TREUE  ,0.0
KBW,70 - 74,52.96,52.96,30.0,0.0,GIGAZUHAUSE KABEL ,1.0
NRW,65 - 69,63.97,42.97,30.0,0.0,RED INTERNET & PHONE CABLE U ,0.0
NRW,60 - 64,44.98,44.98,30.0,0.0,RED INTERNET & PHONE CABLE U ,1.0
NRW,30 - 34,43.97,43.97,30.0,0.0,RED INTERNET & PHONE CABLE U ,1.0
KBW,40 - 44,48.97,48.97,30.0,0.0,VF CABLEMAX     ,0.0
HSN,40 - 44,34.99,34.99,30.0,0.0,RED INTERNET & PHONE CABLE U ,0.0
NRW,35 - 39,54.96,29.99,30.0,0.0,RED INTERNET & PHONE CABLE U ,0.0
KBW,75 - 79,64.98,64.98,30.0,0.0,2PLAY PLUS       ,0.0
KBW,60 - 64,39.99,39.99,30.0,0.0,RED INTERNET & PHONE CABLE U ,1.0
KBW,60 - 64,44.98,44.98,30.0,0.0,VF CABLEMAX     ,1.0
NRW,30 - 34,44.98,44.98,30.0,0.0,RED INTERNET & PHONE CABLE U ,1.0
KBW,60 - 64,34.99,34.99,30.0,0.0,RED INTERNET & PHONE CABLE U ,1.0
KBW,75 - 79,34.98,34.98,30.0,0.0,VF RIP U-TREUE  ,0.0
NRW,65 - 69,49.99,49.99,30.0,0.0,RED INTERNET & PHONE CABLE U ,0.0
HSN,45 - 49,44.98,44.98,30.0,0.0,RED INTERNET & PHONE CABLE U ,1.0
KBW,25 - 29,44.98,44.98,30.0,0.0,RED INTERNET & PHONE CABLE U ,0.0
NRW,45 - 49,44.98,44.98,30.0,0.0,VF CABLEMAX     ,0.0
NRW,40 - 44,34.99,34.99,30.0,0.0,RED INTERNET & PHONE CABLE U ,1.0
KBW,25 - 29,44.98,44.98,30.0,0.0,VF CABLEMAX     ,1.0
HSN,55 - 59,54.98,54.98,30.0,0.0,RED INTERNET & PHONE CABLE U ,1.0
KBW,35 - 39,49.99,49.99,30.0,0.0,RED INTERNET & PHONE CABLE U ,1.0
KBW,50 - 54,44.98,44.98,30.0,0.0,VF CABLEMAX     ,0.0
NRW,25 - 29,29.99,29.99,30.0,0.0,INTERNET PREMIUM     ,0.0
NRW,75 - 79,39.98,39.98,30.0,0.0,VF CABLEMAX     ,0.0
NRW,40 - 44,34.99,34.99,30.0,0.0,RED INTERNET & PHONE CABLE U ,0.0
NRW,45 - 49,49.97,49.97,30.0,0.0,VF CABLEMAX     ,0.0
KBW,80 and over,34.99,34.99,30.0,0.0,RED INTERNET & PHONE CABLE U ,0.0
NRW,30 - 34,44.98,44.98,30.0,0.0,RED INTERNET & PHONE CABLE U ,1.0
NRW,55 - 59,65.97,44.98,30.0,0.0,VF RIP U-TREUE  ,0.0
KBW,30 - 34,44.99,44.99,30.0,0.0,GIGAZUHAUSE KABEL ,1.0
KBW,30 - 34,44.98,44.98,30.0,0.0,RED INTERNET & PHONE CABLE U ,0.0
NRW,30 - 34,39.99,39.99,30.0,0.0,VF RIP U-TREUE  ,1.0
KBW,80 and over,45.97,32.99,30.0,0.0,VF RIP U-TREUE  ,1.0
KBW,40 - 44,44.98,44.98,30.0,0.0,VF CABLEMAX     ,0.0
NRW,65 - 69,42.98,42.98,30.0,0.0,VF RIP U-TREUE  ,0.0
NRW,65 - 69,39.99,39.99,30.0,0.0,VF RIP U-TREUE  ,0.0
KBW,65 - 69,52.97,52.98,30.0,0.0,VF RIP U-TREUE  ,1.0
KBW,35 - 39,34.99,34.99,30.0,0.0,RED INTERNET & PHONE CABLE U ,0.0
HSN,25 - 29,34.99,34.99,30.0,0.0,RED INTERNET & PHONE CABLE U ,1.0
NRW,45 - 49,39.99,39.99,30.0,0.0,RED INTERNET & PHONE CABLE U ,1.0
NRW,60 - 64,34.99,34.99,30.0,0.0,RED INTERNET & PHONE CABLE U ,0.0
KBW,35 - 39,39.99,39.99,30.0,0.0,RED INTERNET & PHONE CABLE U ,1.0
NRW,50 - 54,34.99,34.99,30.0,0.0,RED INTERNET & PHONE CABLE U ,0.0
KBW,70 - 74,34.99,34.99,30.0,0.0,RED INTERNET & PHONE CABLE U ,0.0
NRW,80 and over,32.99,32.99,30.0,0.0,VF RIP U-TREUE  ,1.0
NRW,25 - 29,44.98,44.98,30.0,0.0,VF CABLEMAX     ,1.0
NRW,55 - 59,44.98,44.98,30.0,0.0,VF CABLEMAX     ,0.0
KBW,45 - 49,49.97,49.97,30.0,0.0,VF CABLEMAX     ,0.0
KBW,75 - 79,42.98,39.99,30.0,0.0,VF RIP U-TREUE  ,0.0
NRW,25 - 29,44.98,44.98,30.0,0.0,RED INTERNET & PHONE CABLE U ,0.0
KBW,40 - 44,44.98,44.98,30.0,0.0,RED INTERNET & PHONE CABLE U ,1.0
HSN,25 - 29,48.97,48.97,30.0,1.0,RED INTERNET & PHONE CABLE U ,1.0
NRW,60 - 64,72.94,42.98,30.0,0.0,VF RIP U-TREUE  ,0.0
KBW,55 - 59,44.98,44.98,30.0,0.0,VF CABLEMAX     ,0.0
KBW,30 - 34,49.99,49.99,30.0,0.0,RED INTERNET & PHONE CABLE U ,1.0
NRW,50 - 54,49.97,49.97,30.0,0.0,VF CABLEMAX     ,1.0
HSN,60 - 64,55.96,39.99,30.0,0.0,VF RIP U-TREUE  ,1.0
KBW,80 and over,34.99,34.99,30.0,0.0,RED INTERNET & PHONE CABLE U ,0.0
KBW,40 - 44,44.98,44.98,30.0,0.0,VF CABLEMAX     ,0.0
NRW,65 - 69,42.98,42.98,30.0,0.0,VF RIP U-TREUE  ,0.0
NRW,80 and over,63.96,42.97,30.0,0.0,3PLAY PLUS       ,0.0
KBW,45 - 49,39.99,39.99,30.0,0.0,VF RIP U-TREUE  ,0.0
NRW,55 - 59,34.99,34.99,30.0,0.0,RED INTERNET & PHONE CABLE U ,0.0
KBW,25 - 29,34.99,34.99,30.0,0.0,RED INTERNET & PHONE CABLE U ,1.0
NRW,55 - 59,39.98,39.98,30.0,0.0,VF RIP U-TREUE  ,1.0
NRW,60 - 64,34.99,34.99,30.0,0.0,RED INTERNET & PHONE CABLE U ,0.0
KBW,65 - 69,79.94,54.98,30.0,0.0,RED INTERNET & PHONE CABLE U ,0.0
HSN,65 - 69,69.96,43.98,30.0,0.0,RED INTERNET & PHONE CABLE U ,0.0
NRW,35 - 39,39.98,39.98,30.0,0.0,RED INTERNET & PHONE CABLE U ,1.0
NRW,50 - 54,37.97,37.98,30.0,0.0,VF RIP U-TREUE  ,0.0
NRW,45 - 49,39.99,39.99,30.0,0.0,RED INTERNET & PHONE CABLE U ,1.0
KBW,70 - 74,78.97,47.98,30.0,0.0,2PLAY TREU      ,1.0
HSN,45 - 49,58.98,58.98,30.0,0.0,RED INTERNET & PHONE CABLE U ,1.0
NRW,45 - 49,44.98,44.98,30.0,0.0,VF CABLEMAX     ,0.0
HSN,40 - 44,54.99,54.99,30.0,0.0,RED INTERNET & PHONE CABLE U ,1.0
NRW,60 - 64,58.98,37.98,30.0,0.0,VF RIP U-TREUE  ,0.0
NRW,80 and over,33.98,33.98,30.0,0.0,RED INTERNET & PHONE CABLE U ,0.0
NRW,55 - 59,75.96,49.97,30.0,0.0,VF CABLEMAX     ,0.0
KBW,60 - 64,75.98,54.99,30.0,0.0,RED INTERNET & PHONE CABLE U ,0.0
KBW,60 - 64,48.97,48.97,30.0,0.0,RED INTERNET & PHONE CABLE U ,0.0
HSN,45 - 49,34.99,34.99,30.0,0.0,RED INTERNET & PHONE CABLE U ,1.0
NRW,18 - 24,39.98,39.98,71.0,0.0,VF CABLEMAX     ,0.0
NRW,40 - 44,44.98,44.98,30.0,0.0,VF CABLEMAX     ,1.0
KBW,30 - 34,34.99,34.99,30.0,0.0,RED INTERNET & PHONE CABLE U ,1.0
NRW,25 - 29,44.98,44.98,30.0,0.0,VF CABLEMAX     ,0.0
NRW,30 - 34,37.99,37.99,30.0,0.0,VF RIP U-TREUE  ,1.0
HSN,55 - 59,44.99,44.99,73.0,0.0,GIGAZUHAUSE KABEL ,0.0
NRW,35 - 39,49.99,49.99,30.0,0.0,RED INTERNET & PHONE CABLE U ,1.0
NRW,45 - 49,29.99,29.99,30.0,0.0,RED INTERNET & PHONE CABLE U ,0.0
NRW,55 - 59,29.99,29.99,30.0,0.0,VF RIP U-TREUE  ,1.0
HSN,40 - 44,34.99,34.99,30.0,0.0,RED INTERNET & PHONE CABLE U ,1.0
KBW,45 - 49,47.98,37.98,30.0,0.0,VF RIP U-TREUE  ,0.0
KBW,35 - 39,52.97,52.97,30.0,0.0,VF CABLEMAX     ,0.0
KBW,80 and over,34.99,34.99,30.0,0.0,VF RIP U-TREUE  ,0.0
KBW,50 - 54,44.98,44.98,30.0,0.0,VF CABLEMAX     ,1.0
NRW,70 - 74,44.98,44.98,30.0,0.0,VF CABLEMAX     ,0.0
HSN,18 - 24,44.98,44.98,30.0,0.0,RED INTERNET & PHONE CABLE U ,1.0
HSN,35 - 39,29.99,29.99,30.0,0.0,INTERNET PREMIUM     ,0.0
NRW,45 - 49,34.99,34.99,30.0,0.0,RED INTERNET & PHONE CABLE U ,1.0
HSN,25 - 29,39.99,39.99,30.0,0.0,RED INTERNET & PHONE CABLE U ,0.0
KBW,55 - 59,54.96,44.97,30.0,0.0,RED INTERNET & PHONE CABLE U ,0.0
HSN,25 - 29,34.99,34.99,30.0,0.0,RED INTERNET & PHONE CABLE U ,1.0
KBW,35 - 39,44.98,44.98,30.0,0.0,RED INTERNET & PHONE CABLE U ,1.0
HSN,55 - 59,44.98,44.98,30.0,0.0,RED INTERNET & PHONE CABLE U ,1.0
NRW,40 - 44,39.98,39.98,126.0,0.0,VF CABLEMAX     ,0.0
KBW,40 - 44,69.96,44.98,30.0,0.0,VF CABLEMAX     ,0.0
KBW,40 - 44,58.98,58.98,30.0,0.0,RED INTERNET & PHONE CABLE U ,1.0
NRW,30 - 34,54.98,54.98,30.0,0.0,RED INTERNET & PHONE CABLE U ,1.0
NRW,18 - 24,34.99,34.99,30.0,0.0,RED INTERNET & PHONE CABLE U ,1.0
KBW,50 - 54,44.98,44.98,30.0,0.0,RED INTERNET & PHONE CABLE U ,1.0
HSN,35 - 39,39.99,39.99,30.0,0.0,RED INTERNET & PHONE CABLE U ,1.0
KBW,60 - 64,47.99,47.99,30.0,0.0,VF RIP U-TREUE  ,0.0
NRW,60 - 64,59.97,39.99,30.0,0.0,VF RIP U-TREUE  ,0.0
KBW,25 - 29,44.98,44.98,30.0,0.0,VF CABLEMAX     ,1.0
NRW,25 - 29,39.99,39.99,30.0,0.0,VF RIP U-TREUE  ,1.0
HSN,35 - 39,44.98,44.98,30.0,0.0,RED INTERNET & PHONE CABLE U ,0.0
NRW,45 - 49,42.98,42.98,30.0,0.0,VF RIP U-TREUE  ,1.0
NRW,45 - 49,37.98,37.98,30.0,0.0,VF RIP U-TREUE  ,0.0
KBW,60 - 64,44.98,44.98,30.0,0.0,VF CABLEMAX     ,0.0
NRW,35 - 39,39.99,39.99,30.0,0.0,VF RIP U-TREUE  ,1.0
KBW,30 - 34,44.98,44.98,30.0,0.0,RED INTERNET & PHONE CABLE U ,1.0
KBW,30 - 34,44.98,44.98,30.0,0.0,VF CABLEMAX     ,0.0
KBW,60 - 64,48.97,48.97,30.0,0.0,VF CABLEMAX     ,0.0
KBW,50 - 54,39.99,39.99,30.0,0.0,RED INTERNET & PHONE CABLE U ,1.0
NRW,50 - 54,44.97,44.97,30.0,0.0,VF CABLEMAX     ,1.0
NRW,45 - 49,49.99,49.99,30.0,0.0,GIGAZUHAUSE KABEL ,1.0
KBW,30 - 34,39.99,39.99,30.0,0.0,RED INTERNET & PHONE CABLE U ,0.0
NRW,40 - 44,44.98,44.98,30.0,0.0,VF CABLEMAX     ,0.0
KBW,70 - 74,39.99,39.99,30.0,0.0,RED INTERNET & PHONE CABLE U ,1.0
HSN,30 - 34,44.99,44.99,30.0,0.0,RED INTERNET & PHONE CABLE U ,1.0
NRW,65 - 69,34.99,34.99,30.0,0.0,RED INTERNET & PHONE CABLE U ,1.0
NRW,18 - 24,39.99,39.99,30.0,0.0,RED INTERNET & PHONE CABLE U ,1.0
KBW,55 - 59,44.98,44.98,30.0,0.0,VF CABLEMAX     ,0.0
NRW,55 - 59,34.99,34.99,30.0,0.0,RED INTERNET & PHONE CABLE U ,1.0
KBW,35 - 39,34.99,34.99,30.0,0.0,RED INTERNET & PHONE CABLE U ,0.0
NRW,25 - 29,44.98,44.98,30.0,0.0,RED INTERNET & PHONE CABLE U ,1.0
KBW,60 - 64,54.99,54.99,30.0,0.0,RED INTERNET & PHONE CABLE U ,0.0
HSN,45 - 49,29.99,29.99,30.0,0.0,VF RIP U-TREUE  ,0.0
KBW,60 - 64,29.99,29.99,30.0,0.0,RED INTERNET & PHONE CABLE U ,1.0
NRW,25 - 29,44.98,44.98,30.0,0.0,VF CABLEMAX     ,1.0
NRW,70 - 74,39.99,39.99,30.0,0.0,RED INTERNET & PHONE CABLE U ,1.0
KBW,50 - 54,29.99,29.99,30.0,0.0,VF RIP U-TREUE  ,0.0
HSN,40 - 44,54.98,54.98,30.0,0.0,VF RIP U-TREUE  ,0.0
NRW,55 - 59,44.97,44.97,30.0,0.0,VF CABLEMAX     ,0.0
KBW,30 - 34,29.98,29.98,30.0,0.0,INTERNET PREMIUM     ,1.0
NRW,60 - 64,44.98,44.98,30.0,0.0,RED INTERNET & PHONE CABLE U ,1.0
NRW,25 - 29,34.99,34.99,30.0,0.0,RED INTERNET & PHONE CABLE U ,1.0
KBW,55 - 59,34.99,34.99,30.0,0.0,RED INTERNET & PHONE CABLE U ,0.0
HSN,45 - 49,39.98,39.98,30.0,0.0,VF CABLEMAX     ,1.0
NRW,50 - 54,49.97,49.97,30.0,0.0,VF CABLEMAX     ,0.0
HSN,60 - 64,48.97,24.99,30.0,0.0,INTERNET COMFORT     ,0.0
NRW,40 - 44,44.98,44.98,30.0,0.0,RED INTERNET & PHONE CABLE U ,1.0
NRW,45 - 49,37.98,37.98,30.0,0.0,VF RIP U-TREUE  ,0.0
NRW,50 - 54,34.99,34.99,30.0,0.0,RED INTERNET & PHONE CABLE U ,1.0
NRW,65 - 69,62.96,37.98,24.0,0.0,GIGAZUHAUSE TREUE B ,0.0
HSN,45 - 49,50.98,37.99,30.0,0.0,VF RIP U-TREUE  ,0.0
KBW,65 - 69,32.98,32.98,30.0,0.0,2PLAY TREUE      ,0.0
KBW,40 - 44,42.97,42.97,30.0,0.0,RED INTERNET & PHONE CABLE U ,0.0
KBW,25 - 29,39.99,39.99,30.0,0.0,RED INTERNET & PHONE CABLE U ,1.0
NRW,40 - 44,39.99,39.99,30.0,0.0,RED INTERNET & PHONE CABLE U ,1.0
HSN,55 - 59,39.98,39.98,30.0,0.0,GIGAZUHAUSE KABEL ,1.0
KBW,25 - 29,34.99,34.99,30.0,0.0,RED INTERNET & PHONE CABLE U ,1.0
NRW,55 - 59,29.99,29.99,30.0,0.0,VF RIP U-TREUE  ,0.0
HSN,55 - 59,42.97,42.97,30.0,0.0,RED INTERNET & PHONE CABLE U ,1.0
KBW,25 - 29,19.99,19.99,30.0,0.0,EAZY       ,1.0
HSN,60 - 64,43.98,43.98,30.0,0.0,RED INTERNET & PHONE CABLE U ,1.0
NRW,70 - 74,29.99,29.99,30.0,0.0,VF RIP U-TREUE  ,1.0
NRW,45 - 49,43.98,43.98,30.0,0.0,RED INTERNET & PHONE CABLE U ,0.0
KBW,30 - 34,29.99,29.99,30.0,0.0,INTERNET PREMIUM     ,1.0
NRW,55 - 59,29.99,29.99,30.0,0.0,VF RIP U-TREUE  ,0.0
NRW,25 - 29,34.99,34.99,30.0,0.0,RED INTERNET & PHONE CABLE U ,1.0
KBW,25 - 29,44.98,44.98,30.0,0.0,VF CABLEMAX     ,0.0
NRW,25 - 29,29.99,29.99,30.0,0.0,VF RIP U-TREUE  ,0.0
KBW,50 - 54,44.98,44.98,30.0,0.0,VF CABLEMAX     ,1.0
NRW,18 - 24,44.98,44.98,30.0,0.0,RED INTERNET & PHONE CABLE U ,1.0
HSN,35 - 39,44.98,44.98,30.0,0.0,RED INTERNET & PHONE CABLE U ,1.0
NRW,40 - 44,44.98,44.98,30.0,0.0,VF CABLEMAX     ,0.0
NRW,55 - 59,57.97,37.99,30.0,0.0,VF RIP U-TREUE  ,0.0
KBW,60 - 64,34.99,34.99,30.0,0.0,RED INTERNET & PHONE CABLE U ,1.0
HSN,30 - 34,34.99,34.99,30.0,0.0,RED INTERNET & PHONE CABLE U ,0.0
KBW,18 - 24,34.99,34.99,30.0,0.0,RED INTERNET & PHONE CABLE U ,1.0
HSN,35 - 39,39.99,39.99,30.0,0.0,RED INTERNET & PHONE CABLE U ,0.0
NRW,50 - 54,42.98,42.98,30.0,0.0,VF RIP U-TREUE  ,1.0
KBW,30 - 34,62.97,42.98,30.0,0.0,VF RIP U-TREUE  ,1.0
NRW,30 - 34,44.98,44.98,30.0,0.0,RED INTERNET & PHONE CABLE U ,1.0
NRW,45 - 49,34.99,34.99,30.0,0.0,RED INTERNET & PHONE CABLE U ,0.0
NRW,35 - 39,39.99,39.99,30.0,0.0,RED INTERNET & PHONE CABLE U ,1.0
KBW,60 - 64,59.96,62.97,30.0,0.0,RED INTERNET & PHONE CABLE U ,1.0
NRW,55 - 59,42.97,42.97,30.0,0.0,RED INTERNET & PHONE CABLE U ,1.0
NRW,18 - 24,44.98,44.98,30.0,0.0,RED INTERNET & PHONE CABLE U ,1.0
NRW,60 - 64,69.94,42.98,30.0,0.0,RED INTERNET & PHONE CABLE U ,1.0
KBW,50 - 54,44.98,44.98,30.0,0.0,VF CABLEMAX     ,1.0
KBW,25 - 29,37.98,37.98,30.0,0.0,VF RIP U-TREUE  ,1.0
NRW,40 - 44,44.97,44.97,30.0,0.0,VF CABLEMAX     ,1.0
KBW,25 - 29,34.99,34.99,30.0,0.0,RED INTERNET & PHONE CABLE U ,1.0
KBW,75 - 79,42.97,42.97,30.0,0.0,RED INTERNET & PHONE CABLE U ,1.0
KBW,45 - 49,39.99,39.99,30.0,0.0,RED INTERNET & PHONE CABLE U ,1.0
NRW,18 - 24,63.97,42.98,30.0,0.0,2PLAY PLUS       ,1.0
KBW,45 - 49,59.98,59.98,30.0,0.0,RED INTERNET & PHONE CABLE U ,0.0
KBW,55 - 59,32.99,32.99,30.0,0.0,VF RIP U-TREUE  ,1.0
HSN,60 - 64,37.98,37.98,24.0,0.0,GIGAZUHAUSE TREUE B ,0.0
KBW,50 - 54,44.98,44.98,30.0,0.0,VF CABLEMAX     ,1.0
HSN,45 - 49,42.98,42.98,30.0,0.0,VF RIP U-TREUE  ,1.0
NRW,35 - 39,29.98,29.98,30.0,0.0,VF RIP U-TREUE  ,0.0
HSN,25 - 29,44.98,44.98,30.0,0.0,RED INTERNET & PHONE CABLE U ,1.0
NRW,40 - 44,39.99,39.99,30.0,0.0,RED INTERNET & PHONE CABLE U ,0.0
NRW,30 - 34,49.97,49.97,30.0,0.0,VF CABLEMAX     ,1.0
HSN,70 - 74,44.98,44.98,30.0,0.0,RED INTERNET & PHONE CABLE U ,0.0
NRW,30 - 34,44.98,44.98,30.0,0.0,RED INTERNET & PHONE CABLE U ,1.0
HSN,55 - 59,69.96,49.99,30.0,0.0,VF RIP U-TREUE  ,1.0
NRW,30 - 34,39.98,39.98,30.0,0.0,RED INTERNET & PHONE CABLE U ,0.0
NRW,30 - 34,29.99,29.99,30.0,0.0,INTERNET PREMIUM     ,0.0
KBW,50 - 54,42.95,42.97,30.0,0.0,RED INTERNET & PHONE CABLE U ,1.0
KBW,30 - 34,44.98,44.98,30.0,0.0,VF CABLEMAX     ,1.0
HSN,45 - 49,42.98,42.98,30.0,0.0,VF RIP U-TREUE  ,0.0
KBW,80 and over,19.99,19.99,30.0,0.0,EAZY       ,1.0
KBW,30 - 34,42.98,42.98,30.0,0.0,VF RIP U-TREUE  ,0.0
NRW,35 - 39,29.99,29.99,30.0,0.0,INTERNET PREMIUM     ,0.0
HSN,70 - 74,32.99,32.99,30.0,0.0,VF RIP U-TREUE  ,0.0
KBW,35 - 39,44.98,44.98,30.0,0.0,RED INTERNET & PHONE CABLE U ,0.0
NRW,45 - 49,39.98,29.99,30.0,0.0,VF RIP U-TREUE  ,1.0
NRW,60 - 64,43.98,43.98,30.0,0.0,RED INTERNET & PHONE CABLE U ,0.0
NRW,45 - 49,39.99,39.99,30.0,0.0,RED INTERNET & PHONE CABLE U ,0.0
KBW,55 - 59,57.97,37.98,30.0,0.0,VF RIP U-TREUE  ,1.0
NRW,70 - 74,30.99,29.99,30.0,0.0,VF RIP U-TREUE  ,0.0
NRW,35 - 39,39.99,39.99,30.0,0.0,RED INTERNET & PHONE CABLE U ,0.0
HSN,30 - 34,44.98,44.98,30.0,0.0,VF CABLEMAX     ,1.0
NRW,30 - 34,39.99,39.99,30.0,0.0,RED INTERNET & PHONE CABLE U ,0.0
HSN,45 - 49,44.98,44.98,30.0,0.0,VF CABLEMAX     ,1.0
KBW,35 - 39,44.98,44.98,30.0,0.0,RED INTERNET & PHONE CABLE U ,1.0
NRW,65 - 69,34.99,34.99,30.0,0.0,RED INTERNET & PHONE CABLE U ,1.0
NRW,50 - 54,44.98,44.98,30.0,0.0,VF CABLEMAX     ,1.0
KBW,45 - 49,27.99,27.99,30.0,0.0,VF RIP U-TREUE  ,1.0
NRW,25 - 29,39.98,39.98,30.0,0.0,RED INTERNET & PHONE CABLE U ,1.0
KBW,55 - 59,29.99,29.99,30.0,0.0,RED INTERNET & PHONE CABLE U ,1.0
KBW,30 - 34,39.99,39.99,30.0,0.0,RED INTERNET & PHONE CABLE U ,1.0
HSN,70 - 74,34.99,34.99,30.0,0.0,RED INTERNET & PHONE CABLE U ,1.0
NRW,55 - 59,34.99,34.99,30.0,0.0,RED INTERNET & PHONE CABLE U ,1.0
NRW,30 - 34,24.99,24.99,30.0,0.0,INTERNET COMFORT     ,1.0
NRW,30 - 34,34.99,34.99,30.0,0.0,RED INTERNET & PHONE CABLE U ,1.0
KBW,25 - 29,39.99,39.99,30.0,0.0,RED INTERNET & PHONE CABLE U ,1.0
NRW,35 - 39,44.98,44.98,30.0,0.0,VF CABLEMAX     ,1.0
NRW,40 - 44,39.99,39.99,30.0,0.0,VF RIP U-TREUE  ,0.0
KBW,35 - 39,39.99,39.99,30.0,0.0,VF RIP U-TREUE  ,0.0
HSN,45 - 49,43.98,43.98,30.0,0.0,RED INTERNET & PHONE CABLE U ,1.0
KBW,45 - 49,42.98,42.98,30.0,0.0,VF RIP U-TREUE  ,0.0
NRW,40 - 44,42.98,42.98,30.0,0.0,VF RIP U-TREUE  ,0.0
NRW,45 - 49,44.98,44.98,30.0,0.0,VF CABLEMAX     ,0.0
NRW,40 - 44,34.99,34.99,30.0,0.0,RED INTERNET & PHONE CABLE U ,1.0
NRW,50 - 54,49.97,49.97,30.0,0.0,VF CABLEMAX     ,1.0
HSN,30 - 34,44.98,44.98,30.0,0.0,RED INTERNET & PHONE CABLE U ,0.0
KBW,60 - 64,49.97,49.97,30.0,0.0,VF CABLEMAX     ,0.0
NRW,70 - 74,44.97,37.97,30.0,0.0,VF RIP U-TREUE  ,0.0
HSN,25 - 29,69.96,44.98,30.0,0.0,RED INTERNET & PHONE CABLE U ,1.0
HSN,25 - 29,44.98,44.98,30.0,0.0,RED INTERNET & PHONE CABLE U ,1.0
KBW,25 - 29,39.98,39.98,30.0,0.0,RED INTERNET & PHONE CABLE U ,1.0
KBW,35 - 39,42.98,42.98,30.0,0.0,2PLAY PLUS       ,0.0
NRW,65 - 69,34.99,34.99,30.0,0.0,RED INTERNET & PHONE CABLE U ,0.0
NRW,50 - 54,37.98,37.98,30.0,0.0,VF RIP U-TREUE  ,0.0
NRW,55 - 59,47.99,47.99,30.0,0.0,VF RIP U-TREUE  ,0.0
NRW,45 - 49,44.98,44.98,30.0,0.0,VF CABLEMAX     ,1.0
NRW,35 - 39,44.98,44.98,30.0,0.0,RED INTERNET & PHONE CABLE U ,1.0
NRW,35 - 39,39.99,39.99,30.0,0.0,VF RIP U-TREUE  ,1.0
NRW,25 - 29,44.98,44.98,30.0,0.0,RED INTERNET & PHONE CABLE U ,1.0
KBW,18 - 24,34.98,34.98,30.0,0.0,RED INTERNET & PHONE CABLE U ,1.0
NRW,35 - 39,39.98,39.98,30.0,0.0,VF CABLEMAX     ,0.0
NRW,30 - 34,49.99,49.99,30.0,0.0,RED INTERNET & PHONE CABLE U ,0.0
NRW,65 - 69,42.97,42.97,30.0,0.0,GIGAZUHAUSE KABEL ,1.0
NRW,65 - 69,62.98,62.98,30.0,0.0,VF CABLEMAX     ,1.0
KBW,35 - 39,34.99,34.99,30.0,0.0,RED INTERNET & PHONE CABLE U ,0.0
NRW,40 - 44,39.99,39.99,30.0,0.0,RED INTERNET & PHONE CABLE U ,1.0
NRW,25 - 29,44.98,44.98,30.0,0.0,RED INTERNET & PHONE CABLE U ,1.0
HSN,65 - 69,29.99,29.99,30.0,0.0,VF RIP U-TREUE  ,1.0
NRW,25 - 29,34.99,34.99,30.0,0.0,RED INTERNET & PHONE CABLE U ,1.0
KBW,18 - 24,47.99,47.99,30.0,0.0,VF RIP U-TREUE  ,1.0
NRW,50 - 54,59.98,59.98,30.0,0.0,RED INTERNET & PHONE CABLE U ,1.0
NRW,35 - 39,39.99,39.99,30.0,0.0,VF RIP U-TREUE  ,0.0
NRW,30 - 34,39.99,39.99,30.0,0.0,RED INTERNET & PHONE CABLE U ,1.0
NRW,50 - 54,39.99,39.99,30.0,0.0,RED INTERNET & PHONE CABLE U ,0.0
KBW,30 - 34,44.98,44.98,30.0,0.0,VF CABLEMAX     ,0.0
HSN,80 and over,59.96,49.97,30.0,0.0,VF CABLEMAX     ,0.0
NRW,70 - 74,39.98,39.98,30.0,0.0,RED INTERNET & PHONE CABLE U ,0.0
KBW,40 - 44,49.99,49.99,30.0,0.0,GIGAZUHAUSE KABEL ,1.0
NRW,50 - 54,54.99,54.99,30.0,0.0,RED INTERNET & PHONE CABLE U ,0.0
NRW,45 - 49,39.98,39.98,30.0,0.0,RED INTERNET & PHONE CABLE U ,0.0
HSN,70 - 74,34.98,34.98,30.0,0.0,RED INTERNET & PHONE CABLE U ,0.0
HSN,60 - 64,29.99,29.99,30.0,0.0,VF RIP U-TREUE  ,1.0
KBW,30 - 34,44.98,44.98,30.0,0.0,VF CABLEMAX     ,0.0
NRW,55 - 59,39.98,39.98,30.0,0.0,RED INTERNET & PHONE CABLE U ,0.0
KBW,80 and over,34.97,34.97,30.0,0.0,RED INTERNET & PHONE CABLE U ,0.0
HSN,25 - 29,39.99,39.99,30.0,0.0,RED INTERNET & PHONE CABLE U ,1.0
NRW,40 - 44,44.98,44.98,30.0,0.0,VF CABLEMAX     ,1.0
KBW,45 - 49,42.97,42.97,30.0,0.0,RED INTERNET & PHONE CABLE U ,1.0
KBW,40 - 44,44.99,44.99,30.0,0.0,VF CABLEMAX     ,0.0
HSN,65 - 69,39.99,39.99,30.0,0.0,RED INTERNET & PHONE CABLE U ,0.0
NRW,70 - 74,68.96,42.98,30.0,0.0,VF RIP U-TREUE  ,0.0
KBW,55 - 59,39.98,39.98,30.0,0.0,VF RIP U-TREUE  ,1.0
NRW,35 - 39,34.99,34.99,30.0,0.0,RED INTERNET & PHONE CABLE U ,1.0
NRW,30 - 34,39.98,39.98,38.0,0.0,GIGAZUHAUSE KABEL ,1.0
HSN,25 - 29,44.98,44.98,30.0,0.0,RED INTERNET & PHONE CABLE U ,0.0
NRW,30 - 34,39.99,39.99,30.0,0.0,RED INTERNET & PHONE CABLE U ,1.0
NRW,80 and over,73.93,52.93,30.0,0.0,3PLAY PLUS MTA      ,1.0
NRW,35 - 39,44.99,44.99,30.0,0.0,RED INTERNET & PHONE CABLE U ,0.0
KBW,40 - 44,58.98,58.98,30.0,0.0,RED INTERNET & PHONE CABLE U ,0.0
KBW,40 - 44,39.99,39.99,30.0,0.0,VF RIP U-TREUE  ,1.0
NRW,30 - 34,42.98,42.98,30.0,0.0,2PLAY START       ,1.0
HSN,40 - 44,58.98,58.98,30.0,0.0,RED INTERNET & PHONE CABLE U ,1.0
NRW,35 - 39,44.98,44.98,30.0,0.0,VF CABLEMAX     ,1.0
NRW,55 - 59,42.98,39.99,30.0,0.0,VF RIP U-TREUE  ,1.0
KBW,50 - 54,44.98,44.98,30.0,0.0,VF CABLEMAX     ,0.0
NRW,25 - 29,39.99,39.99,30.0,0.0,RED INTERNET & PHONE CABLE U ,0.0
KBW,30 - 34,34.98,24.99,30.0,0.0,INTERNET COMFORT     ,1.0
NRW,55 - 59,54.98,54.98,30.0,0.0,RED INTERNET & PHONE CABLE U ,1.0
KBW,45 - 49,52.98,52.98,30.0,0.0,GIGAZUHAUSE KABEL ,0.0
NRW,50 - 54,29.99,29.99,30.0,0.0,VF RIP U-TREUE  ,1.0
NRW,35 - 39,44.98,44.98,30.0,0.0,VF CABLEMAX     ,1.0
KBW,55 - 59,24.99,24.99,30.0,0.0,INTERNET COMFORT     ,0.0
HSN,45 - 49,49.97,39.98,30.0,0.0,VF RIP U-TREUE  ,0.0
HSN,55 - 59,42.98,42.98,30.0,0.0,VF RIP U-TREUE  ,0.0
NRW,35 - 39,44.98,44.98,30.0,0.0,VF CABLEMAX     ,1.0
NRW,75 - 79,69.96,49.97,30.0,0.0,VF CABLEMAX     ,1.0
HSN,40 - 44,44.98,44.98,30.0,0.0,VF CABLEMAX     ,0.0
NRW,35 - 39,42.98,42.98,30.0,0.0,VF RIP U-TREUE  ,0.0
NRW,80 and over,64.98,49.99,30.0,0.0,RED INTERNET & PHONE CABLE U ,0.0
NRW,50 - 54,44.98,44.98,30.0,0.0,RED INTERNET & PHONE CABLE U ,1.0
NRW,70 - 74,29.99,29.99,30.0,0.0,VF RIP U-TREUE  ,0.0
HSN,25 - 29,34.99,34.99,30.0,0.0,RED INTERNET & PHONE CABLE U ,1.0
HSN,65 - 69,42.98,42.98,30.0,0.0,VF RIP U-TREUE  ,1.0
NRW,70 - 74,55.97,34.99,30.0,0.0,RED INTERNET & PHONE CABLE U ,1.0
KBW,65 - 69,44.97,44.97,30.0,0.0,RED INTERNET & PHONE CABLE U ,1.0
NRW,50 - 54,39.99,39.99,30.0,0.0,RED INTERNET & PHONE CABLE U ,1.0
HSN,40 - 44,49.98,49.98,30.0,0.0,RED INTERNET & PHONE CABLE U ,1.0
KBW,55 - 59,49.97,49.97,30.0,0.0,RED INTERNET & PHONE CABLE U ,1.0
NRW,35 - 39,39.99,39.99,30.0,0.0,RED INTERNET & PHONE CABLE U ,1.0
KBW,55 - 59,42.97,42.97,30.0,0.0,RED INTERNET & PHONE CABLE U ,0.0
HSN,55 - 59,48.97,48.97,30.0,0.0,VF CABLEMAX     ,0.0
NRW,55 - 59,34.99,34.99,30.0,0.0,RED INTERNET & PHONE CABLE U ,0.0
HSN,55 - 59,44.99,44.99,30.0,0.0,GIGAZUHAUSE KABEL ,0.0
NRW,30 - 34,39.98,39.98,73.0,0.0,GIGAZUHAUSE KABEL ,0.0
KBW,60 - 64,42.98,42.98,30.0,0.0,VF RIP U-TREUE  ,0.0
NRW,80 and over,34.99,34.99,30.0,0.0,RED INTERNET & PHONE CABLE U ,0.0
NRW,45 - 49,54.99,54.99,30.0,0.0,RED INTERNET & PHONE CABLE U ,1.0
HSN,40 - 44,34.99,34.99,30.0,0.0,RED INTERNET & PHONE CABLE U ,1.0
HSN,50 - 54,42.97,42.97,30.0,0.0,RED INTERNET & PHONE CABLE U ,0.0
NRW,30 - 34,24.99,24.99,30.0,0.0,INTERNET COMFORT     ,0.0
HSN,25 - 29,39.98,39.98,30.0,0.0,RED INTERNET & PHONE CABLE U ,1.0
KBW,55 - 59,44.98,44.98,30.0,0.0,VF CABLEMAX     ,1.0
NRW,35 - 39,24.99,24.99,30.0,0.0,INTERNET COMFORT     ,0.0
NRW,60 - 64,39.99,39.99,30.0,0.0,RED INTERNET & PHONE CABLE U ,0.0
HSN,30 - 34,39.98,39.98,65.0,0.0,VF CABLEMAX     ,1.0
NRW,50 - 54,47.98,47.98,30.0,0.0,VF RIP U-TREUE  ,0.0
KBW,45 - 49,54.98,54.98,30.0,0.0,RED INTERNET & PHONE CABLE U ,0.0
KBW,80 and over,57.96,47.97,30.0,0.0,VF RIP U-TREUE  ,1.0
KBW,55 - 59,47.99,47.99,30.0,0.0,VF RIP U-TREUE  ,0.0
NRW,25 - 29,44.98,44.98,30.0,0.0,RED INTERNET & PHONE CABLE U ,1.0
NRW,35 - 39,49.97,49.97,30.0,0.0,VF CABLEMAX     ,1.0
NRW,55 - 59,44.98,44.98,30.0,0.0,VF CABLEMAX     ,1.0
KBW,60 - 64,68.95,47.97,30.0,0.0,VF RIP U-TREUE  ,1.0
NRW,35 - 39,49.99,49.99,30.0,0.0,RED INTERNET & PHONE CABLE U ,1.0
KBW,65 - 69,37.98,37.98,30.0,0.0,VF RIP U-TREUE  ,1.0
HSN,25 - 29,39.99,39.99,30.0,0.0,RED INTERNET & PHONE CABLE U ,1.0
NRW,45 - 49,34.99,34.99,30.0,0.0,RED INTERNET & PHONE CABLE U ,0.0
KBW,30 - 34,44.98,44.98,30.0,0.0,VF CABLEMAX     ,1.0
NRW,25 - 29,34.99,34.99,30.0,0.0,RED INTERNET & PHONE CABLE U ,0.0
NRW,50 - 54,27.99,27.99,30.0,0.0,VF RIP U-TREUE  ,1.0
NRW,25 - 29,39.99,39.99,30.0,0.0,RED INTERNET & PHONE CABLE U ,1.0
NRW,60 - 64,52.98,52.98,30.0,0.0,VF RIP U-TREUE  ,0.0
HSN,60 - 64,29.99,29.99,30.0,0.0,RED INTERNET & PHONE CABLE U ,0.0
HSN,75 - 79,72.98,49.99,30.0,0.0,VF RIP U-TREUE  ,0.0
NRW,50 - 54,42.97,42.97,30.0,0.0,RED INTERNET & PHONE CABLE U ,1.0
KBW,40 - 44,44.98,44.98,30.0,0.0,VF CABLEMAX     ,0.0
HSN,80 and over,75.95,54.96,30.0,0.0,3PLAY JUMP      ,0.0
NRW,80 and over,33.74,33.74,30.0,0.0,RED INTERNET & PHONE CABLE U ,0.0
KBW,55 - 59,64.98,64.98,30.0,0.0,TREUEPLUS     ,1.0
KBW,65 - 69,44.98,44.98,30.0,0.0,RED INTERNET & PHONE CABLE U ,1.0
NRW,80 and over,39.97,39.98,30.0,0.0,RED INTERNET & PHONE CABLE U ,1.0
NRW,35 - 39,34.99,34.99,30.0,0.0,RED INTERNET & PHONE CABLE U ,0.0
NRW,25 - 29,39.99,39.99,30.0,0.0,RED INTERNET & PHONE CABLE U ,0.0
HSN,40 - 44,54.98,54.98,30.0,0.0,RED INTERNET & PHONE CABLE U ,0.0
NRW,60 - 64,30.88,30.88,30.0,0.0,RED INTERNET & PHONE CABLE U ,0.0
KBW,35 - 39,34.99,34.99,30.0,0.0,VF RIP U-TREUE  ,1.0
KBW,80 and over,65.68,44.98,30.0,0.0,VF CABLEMAX     ,0.0
KBW,60 - 64,54.99,54.99,30.0,0.0,RED INTERNET & PHONE CABLE U ,1.0
HSN,60 - 64,34.99,34.99,30.0,0.0,RED INTERNET & PHONE CABLE U ,0.0
KBW,55 - 59,47.96,47.96,30.0,0.0,VF RIP U-TREUE  ,0.0
NRW,30 - 34,34.99,34.99,30.0,0.0,VF RIP U-TREUE  ,0.0
KBW,45 - 49,51.96,30.96,30.0,0.0,VF CABLEMAX     ,0.0
NRW,40 - 44,34.99,34.99,30.0,0.0,RED INTERNET & PHONE CABLE U ,1.0
KBW,55 - 59,49.99,49.99,30.0,0.0,RED INTERNET & PHONE CABLE U ,0.0
KBW,60 - 64,34.99,34.99,30.0,0.0,RED INTERNET & PHONE CABLE U ,0.0
HSN,60 - 64,68.95,47.96,30.0,0.0,2PLAY START       ,1.0
NRW,35 - 39,49.98,49.98,30.0,0.0,GIGAZUHAUSE KABEL ,1.0
NRW,18 - 24,44.98,44.98,30.0,0.0,RED INTERNET & PHONE CABLE U ,1.0
NRW,55 - 59,29.99,29.99,30.0,0.0,INTERNET PREMIUM     ,0.0
HSN,40 - 44,29.99,29.99,30.0,0.0,VF RIP U-TREUE  ,1.0
NRW,30 - 34,34.99,34.99,30.0,0.0,RED INTERNET & PHONE CABLE U ,1.0
NRW,65 - 69,34.99,34.99,30.0,0.0,RED INTERNET & PHONE CABLE U ,0.0
NRW,65 - 69,54.98,54.98,30.0,0.0,GIGAZUHAUSE KABEL ,0.0
NRW,30 - 34,39.98,39.98,30.0,0.0,VF CABLEMAX     ,1.0
HSN,25 - 29,39.98,39.98,71.0,0.0,GIGAZUHAUSE KABEL ,1.0
NRW,25 - 29,59.97,39.99,30.0,0.0,RED INTERNET & PHONE CABLE U ,1.0
NRW,80 and over,34.99,34.99,30.0,0.0,RED INTERNET & PHONE CABLE U ,1.0
KBW,60 - 64,29.99,29.99,30.0,0.0,INTERNET PREMIUM     ,0.0
HSN,80 and over,39.98,39.98,30.0,0.0,RED INTERNET & PHONE CABLE U ,0.0
KBW,35 - 39,44.99,44.99,30.0,0.0,RED INTERNET & PHONE CABLE U ,1.0
KBW,25 - 29,39.99,39.99,30.0,0.0,RED INTERNET & PHONE CABLE U ,0.0
NRW,80 and over,32.99,32.99,30.0,0.0,VF RIP U-TREUE  ,0.0
NRW,55 - 59,49.99,49.99,30.0,0.0,RED INTERNET & PHONE CABLE U ,0.0
KBW,75 - 79,44.98,62.96,30.0,0.0,RED INTERNET & PHONE CABLE U ,0.0
KBW,60 - 64,37.97,37.98,30.0,0.0,VF RIP U-TREUE  ,0.0
HSN,35 - 39,34.99,34.99,30.0,0.0,RED INTERNET & PHONE CABLE U ,0.0
KBW,25 - 29,39.99,39.99,30.0,0.0,RED INTERNET & PHONE CABLE U ,1.0
KBW,30 - 34,44.98,44.98,30.0,0.0,VF CABLEMAX     ,1.0
NRW,30 - 34,44.98,44.98,30.0,0.0,VF CABLEMAX     ,0.0
KBW,55 - 59,44.99,44.99,30.0,0.0,GIGAZUHAUSE KABEL ,1.0
KBW,45 - 49,32.99,32.99,30.0,0.0,VF RIP U-TREUE  ,1.0
NRW,80 and over,34.99,34.99,30.0,0.0,RED INTERNET & PHONE CABLE U ,0.0
KBW,40 - 44,44.99,44.99,92.0,0.0,GIGAZUHAUSE KABEL ,0.0
KBW,40 - 44,43.97,43.97,30.0,0.0,VF CABLEMAX     ,0.0
NRW,50 - 54,49.98,49.98,30.0,0.0,VF RIP U-TREUE  ,1.0
KBW,60 - 64,54.99,54.99,30.0,0.0,RED INTERNET & PHONE CABLE U ,1.0
NRW,35 - 39,54.99,54.99,30.0,0.0,RED INTERNET & PHONE CABLE U ,0.0
KBW,25 - 29,49.97,49.97,30.0,0.0,VF CABLEMAX     ,1.0
NRW,25 - 29,39.98,39.98,30.0,0.0,RED INTERNET & PHONE CABLE U ,1.0
HSN,30 - 34,30.87,30.88,30.0,0.0,RED INTERNET & PHONE CABLE U ,1.0
NRW,55 - 59,54.98,54.98,30.0,0.0,GIGAZUHAUSE KABEL ,0.0
NRW,25 - 29,39.99,39.99,30.0,0.0,RED INTERNET & PHONE CABLE U ,1.0
NRW,50 - 54,49.99,49.99,30.0,0.0,RED INTERNET & PHONE CABLE U ,0.0
NRW,35 - 39,44.99,44.99,30.0,0.0,GIGAZUHAUSE KABEL ,1.0
HSN,55 - 59,29.99,29.99,30.0,0.0,VF RIP U-TREUE  ,1.0
KBW,25 - 29,39.99,39.99,30.0,0.0,RED INTERNET & PHONE CABLE U ,1.0
HSN,35 - 39,44.98,44.98,30.0,0.0,VF CABLEMAX     ,1.0
KBW,65 - 69,34.99,34.99,30.0,0.0,VF RIP U-TREUE  ,0.0
KBW,60 - 64,34.99,34.99,30.0,0.0,RED INTERNET & PHONE CABLE U ,0.0
KBW,18 - 24,52.99,52.99,30.0,0.0,VF RIP U-TREUE  ,0.0
KBW,45 - 49,52.98,52.98,30.0,0.0,VF RIP U-TREUE  ,0.0
NRW,35 - 39,39.99,39.99,30.0,0.0,RED INTERNET & PHONE CABLE U ,0.0
NRW,30 - 34,29.99,29.99,30.0,0.0,VF RIP U-TREUE  ,0.0
NRW,45 - 49,17.99,17.99,30.0,0.0,EAZY FLEX    ,1.0
KBW,25 - 29,54.98,54.98,30.0,0.0,RED INTERNET & PHONE CABLE U ,1.0
HSN,35 - 39,44.98,44.98,30.0,0.0,VF CABLEMAX     ,0.0
KBW,30 - 34,44.98,44.98,30.0,0.0,VF CABLEMAX     ,0.0
NRW,80 and over,49.97,49.97,30.0,0.0,RED INTERNET & PHONE CABLE U ,0.0
NRW,80 and over,34.99,34.99,30.0,0.0,RED INTERNET & PHONE CABLE U ,1.0
KBW,75 - 79,39.99,39.99,30.0,0.0,RED INTERNET & PHONE CABLE U ,0.0
HSN,30 - 34,34.99,34.99,30.0,0.0,RED INTERNET & PHONE CABLE U ,0.0
KBW,25 - 29,37.99,37.99,30.0,0.0,VF RIP U-TREUE  ,0.0
KBW,30 - 34,34.99,34.99,30.0,0.0,RED INTERNET & PHONE CABLE U ,0.0
NRW,35 - 39,34.99,34.99,30.0,0.0,RED INTERNET & PHONE CABLE U ,1.0
KBW,60 - 64,30.95,30.95,30.0,0.0,RED INTERNET & PHONE CABLE U ,0.0
NRW,40 - 44,52.98,52.98,30.0,0.0,GIGAZUHAUSE KABEL ,0.0
KBW,30 - 34,44.98,44.98,30.0,0.0,VF CABLEMAX     ,0.0
NRW,80 and over,27.99,27.99,30.0,0.0,RED INTERNET & PHONE CABLE U ,0.0
HSN,30 - 34,47.99,47.99,30.0,0.0,VF RIP U-TREUE  ,0.0
NRW,45 - 49,59.98,44.98,30.0,0.0,VF CABLEMAX     ,1.0
NRW,70 - 74,44.98,44.98,30.0,0.0,VF CABLEMAX     ,0.0
NRW,80 and over,34.99,34.99,30.0,0.0,RED INTERNET & PHONE CABLE U ,0.0
NRW,50 - 54,39.99,39.99,30.0,0.0,RED INTERNET & PHONE CABLE U ,0.0
NRW,40 - 44,39.98,39.98,30.0,0.0,RED INTERNET & PHONE CABLE U ,1.0
KBW,55 - 59,73.95,42.98,30.0,0.0,VF RIP U-TREUE  ,1.0
KBW,45 - 49,39.99,39.99,30.0,0.0,RED INTERNET & PHONE CABLE U ,0.0
NRW,35 - 39,39.98,39.98,126.0,0.0,GIGAZUHAUSE KABEL ,1.0
KBW,65 - 69,32.99,32.99,30.0,0.0,VF RIP U-TREUE  ,0.0
KBW,30 - 34,62.98,62.98,30.0,0.0,EAZY       ,0.0
NRW,65 - 69,29.99,29.99,30.0,0.0,VF RIP U-TREUE  ,1.0
NRW,60 - 64,30.95,30.95,30.0,0.0,RED INTERNET & PHONE CABLE U ,0.0
KBW,40 - 44,29.99,29.99,30.0,0.0,VF RIP U-TREUE  ,0.0
KBW,45 - 49,59.99,59.99,30.0,0.0,RED INTERNET & PHONE CABLE U ,0.0
NRW,40 - 44,49.99,49.99,30.0,0.0,RED INTERNET & PHONE CABLE U ,0.0
NRW,35 - 39,44.97,44.97,30.0,0.0,GIGAZUHAUSE KABEL ,0.0
NRW,30 - 34,44.98,44.98,30.0,0.0,RED INTERNET & PHONE CABLE U ,1.0
NRW,25 - 29,34.99,34.99,30.0,0.0,RED INTERNET & PHONE CABLE U ,1.0
KBW,50 - 54,52.96,34.99,30.0,0.0,RED INTERNET & PHONE CABLE U ,1.0
KBW,25 - 29,44.98,44.98,30.0,0.0,VF CABLEMAX     ,0.0
KBW,55 - 59,79.95,44.98,30.0,0.0,VF CABLEMAX     ,1.0
HSN,55 - 59,49.97,29.99,30.0,0.0,VF RIP U-TREUE  ,0.0
NRW,25 - 29,44.99,44.99,30.0,0.0,RED INTERNET & PHONE CABLE U ,0.0
HSN,40 - 44,49.97,49.97,30.0,0.0,VF CABLEMAX     ,0.0
NRW,40 - 44,39.99,39.99,30.0,0.0,RED INTERNET & PHONE CABLE U ,1.0
NRW,35 - 39,37.98,37.98,30.0,0.0,GIGAZUHAUSE KABEL ,1.0
NRW,45 - 49,39.99,39.99,30.0,0.0,RED INTERNET & PHONE CABLE U ,1.0
HSN,75 - 79,34.99,34.99,30.0,0.0,RED INTERNET & PHONE CABLE U ,1.0
HSN,25 - 29,39.99,39.99,30.0,0.0,RED INTERNET & PHONE CABLE U ,1.0
HSN,60 - 64,49.97,49.97,30.0,0.0,VF CABLEMAX     ,0.0
NRW,45 - 49,47.99,47.99,30.0,0.0,VF RIP U-TREUE  ,1.0
NRW,60 - 64,50.98,24.99,30.0,0.0,INTERNET PREMIUM     ,0.0
KBW,25 - 29,24.99,24.99,30.0,0.0,INTERNET COMFORT     ,1.0
KBW,65 - 69,34.99,34.99,30.0,0.0,RED INTERNET & PHONE CABLE U ,1.0
NRW,50 - 54,52.97,32.99,30.0,0.0,VF RIP U-TREUE  ,1.0
KBW,35 - 39,44.98,44.98,30.0,0.0,VF CABLEMAX     ,1.0
NRW,65 - 69,49.97,49.97,30.0,0.0,VF CABLEMAX     ,1.0
KBW,55 - 59,34.99,34.99,30.0,0.0,RED INTERNET & PHONE CABLE U ,0.0
NRW,80 and over,42.97,42.97,30.0,0.0,RED INTERNET & PHONE CABLE U ,0.0
NRW,35 - 39,32.99,32.99,30.0,0.0,VF RIP U-TREUE  ,1.0
NRW,55 - 59,52.98,52.98,30.0,0.0,VF RIP U-TREUE  ,0.0
NRW,18 - 24,44.98,44.98,30.0,0.0,RED INTERNET & PHONE CABLE U ,1.0
HSN,65 - 69,40.9,45.9,30.0,0.0,3PLAY PLUS       ,0.0
KBW,65 - 69,44.98,44.98,30.0,0.0,RED INTERNET & PHONE CABLE U ,1.0
HSN,25 - 29,34.99,34.99,30.0,0.0,RED INTERNET & PHONE CABLE U ,1.0
NRW,65 - 69,57.97,42.98,30.0,0.0,2PLAY PLUS       ,1.0
NRW,40 - 44,44.97,44.97,30.0,0.0,VF CABLEMAX     ,1.0
KBW,50 - 54,42.97,42.97,184.0,0.0,GIGAZUHAUSE KABEL ,1.0
KBW,25 - 29,32.99,32.99,30.0,0.0,VF RIP U-TREUE  ,0.0
NRW,55 - 59,34.97,49.97,30.0,0.0,VF CABLEMAX     ,0.0
KBW,65 - 69,37.99,37.99,30.0,0.0,VF RIP U-TREUE  ,0.0
NRW,45 - 49,39.99,39.99,30.0,0.0,RED INTERNET & PHONE CABLE U ,0.0
HSN,60 - 64,39.99,39.99,30.0,0.0,VF RIP U-TREUE  ,0.0
NRW,55 - 59,42.97,42.97,30.0,0.0,2PLAY TREUE      ,0.0
NRW,30 - 34,44.99,44.99,30.0,0.0,RED INTERNET & PHONE CABLE U ,1.0
NRW,25 - 29,34.99,34.99,30.0,0.0,RED INTERNET & PHONE CABLE U ,0.0
NRW,30 - 34,39.99,39.99,30.0,0.0,RED INTERNET & PHONE CABLE U ,0.0
NRW,65 - 69,54.98,54.98,30.0,0.0,GIGAZUHAUSE KABEL ,0.0
NRW,25 - 29,39.98,39.98,30.0,0.0,RED INTERNET & PHONE CABLE U ,0.0
HSN,40 - 44,34.99,34.99,30.0,0.0,RED INTERNET & PHONE CABLE U ,1.0
NRW,18 - 24,34.99,34.99,30.0,0.0,RED INTERNET & PHONE CABLE U ,0.0
NRW,80 and over,69.96,49.97,30.0,0.0,VF CABLEMAX     ,0.0
NRW,25 - 29,39.99,39.99,30.0,0.0,VF RIP U-TREUE  ,1.0
KBW,60 - 64,58.98,58.98,30.0,0.0,RED INTERNET & PHONE CABLE U ,1.0
KBW,70 - 74,35.98,32.99,30.0,0.0,VF RIP U-TREUE  ,1.0
KBW,30 - 34,44.98,44.98,30.0,0.0,RED INTERNET & PHONE CABLE U ,0.0
NRW,40 - 44,44.98,44.98,30.0,0.0,VF CABLEMAX     ,0.0
NRW,40 - 44,27.99,27.99,30.0,0.0,VF RIP U-TREUE  ,1.0
NRW,45 - 49,34.99,34.99,30.0,0.0,RED INTERNET & PHONE CABLE U ,1.0
NRW,55 - 59,29.99,29.99,30.0,0.0,RED INTERNET & PHONE CABLE U ,0.0
KBW,25 - 29,34.99,34.99,30.0,0.0,RED INTERNET & PHONE CABLE U ,1.0
NRW,25 - 29,38.98,38.98,30.0,0.0,RED INTERNET & PHONE CABLE U ,1.0
HSN,45 - 49,39.99,39.99,30.0,0.0,RED INTERNET & PHONE CABLE U ,1.0
NRW,60 - 64,39.99,39.99,30.0,0.0,VF RIP U-TREUE  ,0.0
KBW,30 - 34,29.99,29.99,30.0,0.0,VF RIP U-TREUE  ,1.0
NRW,30 - 34,34.99,34.99,30.0,0.0,RED INTERNET & PHONE CABLE U ,1.0
HSN,45 - 49,44.98,44.98,30.0,0.0,VF CABLEMAX     ,1.0
NRW,80 and over,32.99,32.99,30.0,0.0,VF RIP U-TREUE  ,0.0
NRW,50 - 54,29.99,29.99,30.0,0.0,VF RIP U-TREUE  ,1.0
HSN,45 - 49,74.96,44.98,30.0,0.0,RED INTERNET & PHONE CABLE U ,0.0
NRW,45 - 49,44.98,44.98,30.0,0.0,VF CABLEMAX     ,1.0
KBW,30 - 34,44.98,44.98,30.0,0.0,VF CABLEMAX     ,1.0
NRW,25 - 29,44.98,44.98,30.0,0.0,RED INTERNET & PHONE CABLE U ,1.0
HSN,50 - 54,64.97,39.99,30.0,0.0,VF RIP U-TREUE  ,0.0
KBW,35 - 39,19.99,19.99,30.0,0.0,EAZY       ,1.0
NRW,25 - 29,39.99,39.99,30.0,0.0,RED INTERNET & PHONE CABLE U ,1.0
NRW,40 - 44,29.99,29.99,30.0,0.0,VF RIP U-TREUE  ,0.0
KBW,30 - 34,34.99,34.99,30.0,0.0,RED INTERNET & PHONE CABLE U ,0.0
NRW,45 - 49,44.98,44.98,30.0,0.0,VF CABLEMAX     ,1.0
NRW,60 - 64,34.99,34.99,30.0,0.0,RED INTERNET & PHONE CABLE U ,1.0
NRW,70 - 74,37.98,37.98,30.0,0.0,VF RIP U-TREUE  ,0.0
KBW,70 - 74,33.74,33.74,30.0,0.0,2PLAY        ,0.0
NRW,35 - 39,49.99,49.99,30.0,0.0,GIGAZUHAUSE KABEL ,1.0
HSN,50 - 54,32.99,32.99,30.0,0.0,VF RIP U-TREUE  ,1.0
HSN,40 - 44,44.98,44.98,30.0,0.0,VF CABLEMAX     ,0.0
NRW,30 - 34,39.98,39.98,30.0,0.0,RED INTERNET & PHONE CABLE U ,1.0
HSN,70 - 74,53.97,53.97,30.0,0.0,VF CABLEMAX     ,1.0
NRW,40 - 44,39.98,39.98,30.0,0.0,VF CABLEMAX     ,1.0
KBW,30 - 34,34.99,34.99,30.0,0.0,RED INTERNET & PHONE CABLE U ,1.0
HSN,40 - 44,39.99,39.99,30.0,0.0,RED INTERNET & PHONE CABLE U ,1.0
NRW,25 - 29,34.99,34.99,30.0,0.0,RED INTERNET & PHONE CABLE U ,1.0
HSN,60 - 64,33.98,33.98,30.0,0.0,RED INTERNET & PHONE CABLE U ,0.0
KBW,60 - 64,72.96,37.99,30.0,0.0,VF RIP U-TREUE  ,0.0
NRW,30 - 34,39.98,39.98,30.0,0.0,RED INTERNET & PHONE CABLE U ,1.0
KBW,60 - 64,29.99,29.99,30.0,0.0,VF RIP U-TREUE  ,0.0
KBW,40 - 44,39.98,39.98,30.0,0.0,RED INTERNET & PHONE CABLE U ,1.0
NRW,70 - 74,44.98,44.98,30.0,0.0,RED INTERNET & PHONE CABLE U ,0.0
KBW,35 - 39,44.98,44.98,30.0,0.0,RED INTERNET & PHONE CABLE U ,1.0
KBW,60 - 64,29.99,29.99,30.0,0.0,VF RIP U-TREUE  ,0.0
NRW,35 - 39,39.98,39.98,30.0,0.0,RED INTERNET & PHONE CABLE U ,1.0
NRW,40 - 44,49.97,49.97,30.0,0.0,VF CABLEMAX     ,1.0
KBW,35 - 39,29.99,29.99,30.0,0.0,VF RIP U-TREUE  ,1.0
NRW,25 - 29,44.98,44.98,30.0,0.0,RED INTERNET & PHONE CABLE U ,1.0
KBW,30 - 34,44.98,44.98,30.0,0.0,VF CABLEMAX     ,0.0
NRW,50 - 54,72.96,44.98,30.0,1.0,VF CABLEMAX     ,1.0
KBW,45 - 49,34.99,34.99,30.0,0.0,RED INTERNET & PHONE CABLE U ,0.0
NRW,55 - 59,44.98,44.98,30.0,0.0,RED INTERNET & PHONE CABLE U ,1.0
NRW,55 - 59,44.98,44.98,30.0,0.0,VF CABLEMAX     ,0.0
KBW,30 - 34,39.99,39.99,30.0,0.0,RED INTERNET & PHONE CABLE U ,1.0
KBW,75 - 79,34.99,34.99,30.0,0.0,RED INTERNET & PHONE CABLE U ,0.0
NRW,35 - 39,40.97,65.97,30.0,0.0,RED INTERNET & PHONE CABLE U ,1.0
NRW,65 - 69,69.96,43.97,30.0,0.0,3PLAY COMFORT     ,1.0
NRW,30 - 34,42.97,42.97,30.0,0.0,RED INTERNET & PHONE CABLE U ,1.0
NRW,55 - 59,24.99,24.99,30.0,0.0,INTERNET COMFORT     ,1.0
KBW,50 - 54,39.98,39.98,30.0,0.0,VF CABLEMAX     ,0.0
HSN,35 - 39,44.98,44.98,30.0,0.0,VF CABLEMAX     ,0.0
KBW,45 - 49,32.99,32.99,30.0,0.0,VF RIP U-TREUE  ,0.0
NRW,30 - 34,39.99,39.99,30.0,0.0,RED INTERNET & PHONE CABLE U ,1.0
KBW,25 - 29,39.99,39.99,30.0,0.0,RED INTERNET & PHONE CABLE U ,0.0
NRW,75 - 79,72.96,27.99,30.0,0.0,VF RIP U-TREUE  ,0.0
NRW,25 - 29,64.97,39.99,43.0,0.0,VF RIP U-TREUE  ,1.0
KBW,25 - 29,39.99,39.99,30.0,0.0,RED INTERNET & PHONE CABLE U ,1.0
KBW,60 - 64,34.99,34.99,30.0,0.0,RED INTERNET & PHONE CABLE U ,0.0
KBW,60 - 64,29.99,29.99,30.0,0.0,INTERNET PREMIUM     ,1.0
NRW,65 - 69,54.98,54.98,30.0,0.0,3PLAY PLUS       ,0.0
KBW,30 - 34,39.99,39.99,30.0,0.0,RED INTERNET & PHONE CABLE U ,1.0
KBW,50 - 54,34.99,34.99,30.0,0.0,RED INTERNET & PHONE CABLE U ,1.0
NRW,30 - 34,29.99,29.99,30.0,0.0,VF RIP U-TREUE  ,1.0
NRW,70 - 74,70.98,49.99,30.0,0.0,RED INTERNET & PHONE CABLE U ,1.0
HSN,60 - 64,39.98,39.98,30.0,0.0,RED INTERNET & PHONE CABLE U ,1.0
KBW,35 - 39,37.98,37.98,30.0,0.0,VF RIP U-TREUE  ,1.0
HSN,40 - 44,34.99,34.99,30.0,0.0,RED INTERNET & PHONE CABLE U ,1.0
NRW,30 - 34,64.98,49.99,30.0,0.0,RED INTERNET & PHONE CABLE U ,0.0
NRW,40 - 44,53.98,53.98,30.0,0.0,RED INTERNET & PHONE CABLE U ,1.0
HSN,35 - 39,44.98,44.98,30.0,0.0,VF CABLEMAX     ,1.0
NRW,30 - 34,44.98,44.98,30.0,0.0,RED INTERNET & PHONE CABLE U ,1.0
NRW,55 - 59,39.99,39.99,30.0,0.0,RED INTERNET & PHONE CABLE U ,1.0
NRW,25 - 29,49.99,49.99,30.0,0.0,RED INTERNET & PHONE CABLE U ,1.0
NRW,30 - 34,39.99,39.99,30.0,0.0,RED INTERNET & PHONE CABLE U ,0.0
NRW,35 - 39,39.99,39.99,30.0,0.0,RED INTERNET & PHONE CABLE U ,1.0
KBW,55 - 59,42.97,42.97,30.0,0.0,RED INTERNET & PHONE CABLE U ,0.0
HSN,60 - 64,44.98,44.98,30.0,0.0,RED INTERNET & PHONE CABLE U ,0.0
NRW,30 - 34,72.95,42.98,30.0,0.0,VF RIP U-TREUE  ,0.0
KBW,55 - 59,39.99,39.99,30.0,0.0,RED INTERNET & PHONE CABLE U ,1.0
KBW,60 - 64,37.99,37.99,30.0,0.0,VF RIP U-TREUE  ,1.0
NRW,40 - 44,59.97,59.98,30.0,0.0,RED INTERNET & PHONE CABLE U ,1.0
KBW,35 - 39,54.98,54.98,30.0,0.0,GIGAZUHAUSE KABEL ,1.0
KBW,80 and over,42.98,42.98,30.0,0.0,VF RIP U-TREUE  ,0.0
NRW,55 - 59,44.98,44.98,30.0,0.0,VF CABLEMAX     ,0.0
KBW,60 - 64,44.98,44.98,30.0,0.0,VF RIP U-TREUE  ,0.0
KBW,18 - 24,24.99,24.99,30.0,0.0,INTERNET COMFORT     ,0.0
KBW,60 - 64,49.97,49.97,30.0,0.0,VF RIP U-TREUE  ,0.0
KBW,40 - 44,39.99,39.99,30.0,0.0,RED INTERNET & PHONE CABLE U ,1.0
NRW,35 - 39,44.99,44.99,30.0,0.0,GIGAZUHAUSE KABEL ,0.0
HSN,60 - 64,59.97,44.98,30.0,0.0,VF CABLEMAX     ,0.0
KBW,30 - 34,34.99,34.99,30.0,0.0,RED INTERNET & PHONE CABLE U ,1.0
NRW,35 - 39,39.99,39.99,30.0,0.0,RED INTERNET & PHONE CABLE U ,0.0
KBW,65 - 69,44.98,44.98,30.0,0.0,VF CABLEMAX     ,1.0
KBW,40 - 44,50.98,29.99,30.0,0.0,VF RIP U-TREUE  ,0.0
NRW,60 - 64,34.99,34.99,30.0,0.0,RED INTERNET & PHONE CABLE U ,0.0
HSN,55 - 59,49.99,49.99,30.0,0.0,RED INTERNET & PHONE CABLE U ,1.0
NRW,30 - 34,39.98,39.98,30.0,0.0,RED INTERNET & PHONE CABLE U ,0.0
NRW,60 - 64,63.96,42.97,30.0,0.0,RED INTERNET & PHONE CABLE U ,0.0
NRW,35 - 39,37.98,37.98,30.0,0.0,VF RIP U-TREUE  ,0.0
HSN,30 - 34,64.98,64.98,30.0,0.0,RED INTERNET & PHONE CABLE U ,1.0
NRW,80 and over,39.99,39.99,30.0,0.0,RED INTERNET & PHONE CABLE U ,1.0
KBW,70 - 74,54.98,39.99,30.0,0.0,VF RIP U-TREUE  ,0.0
NRW,55 - 59,39.99,39.99,30.0,0.0,VF RIP U-TREUE  ,1.0
HSN,65 - 69,44.97,37.98,30.0,0.0,VF RIP U-TREUE  ,1.0
NRW,35 - 39,49.99,49.99,30.0,0.0,RED INTERNET & PHONE CABLE U ,1.0
NRW,30 - 34,24.99,24.99,30.0,0.0,INTERNET COMFORT     ,0.0
NRW,50 - 54,54.98,54.98,30.0,0.0,RED INTERNET & PHONE CABLE U ,0.0
NRW,60 - 64,49.97,49.97,30.0,0.0,VF CABLEMAX     ,0.0
NRW,60 - 64,29.99,29.99,30.0,0.0,VF RIP U-TREUE  ,0.0
KBW,40 - 44,49.97,49.97,30.0,0.0,VF CABLEMAX     ,0.0
NRW,80 and over,34.99,34.99,30.0,0.0,RED INTERNET & PHONE CABLE U ,0.0
KBW,40 - 44,44.98,44.98,30.0,0.0,VF CABLEMAX     ,1.0
KBW,60 - 64,55.87,35.86,30.0,0.0,3PLAY        ,0.0
HSN,60 - 64,42.97,42.97,30.0,0.0,RED INTERNET & PHONE CABLE U ,0.0
NRW,55 - 59,49.99,49.99,30.0,0.0,RED INTERNET & PHONE CABLE U ,1.0
NRW,50 - 54,44.98,44.98,30.0,0.0,VF CABLEMAX     ,0.0
NRW,60 - 64,44.98,44.98,30.0,0.0,RED INTERNET & PHONE CABLE U ,0.0
NRW,30 - 34,34.99,34.99,30.0,0.0,RED INTERNET & PHONE CABLE U ,0.0
NRW,60 - 64,49.99,49.99,30.0,0.0,GIGAZUHAUSE KABEL ,1.0
NRW,25 - 29,44.98,44.98,30.0,0.0,RED INTERNET & PHONE CABLE U ,1.0
HSN,45 - 49,42.97,42.97,30.0,0.0,RED INTERNET & PHONE CABLE U ,1.0
KBW,35 - 39,32.98,32.99,30.0,0.0,VF RIP U-TREUE  ,1.0
HSN,50 - 54,44.98,44.98,30.0,0.0,RED INTERNET & PHONE CABLE U ,1.0
NRW,45 - 49,59.97,39.99,30.0,0.0,VF RIP U-TREUE  ,1.0
KBW,25 - 29,44.98,44.98,30.0,0.0,RED INTERNET & PHONE CABLE U ,0.0
KBW,40 - 44,52.96,39.98,30.0,0.0,VF RIP U-TREUE  ,1.0
HSN,45 - 49,39.99,39.99,30.0,0.0,RED INTERNET & PHONE CABLE U ,1.0
NRW,30 - 34,34.99,34.99,30.0,0.0,RED INTERNET & PHONE CABLE U ,1.0
NRW,55 - 59,44.98,44.98,30.0,0.0,VF CABLEMAX     ,1.0
KBW,40 - 44,39.99,39.99,30.0,0.0,VF RIP U-TREUE  ,1.0
KBW,40 - 44,39.99,39.99,30.0,0.0,RED INTERNET & PHONE CABLE U ,0.0
NRW,65 - 69,44.98,44.98,30.0,0.0,RED INTERNET & PHONE CABLE U ,1.0
KBW,70 - 74,44.97,44.97,30.0,0.0,RED INTERNET & PHONE CABLE U ,0.0
NRW,50 - 54,34.99,34.99,30.0,0.0,RED INTERNET & PHONE CABLE U ,1.0
KBW,65 - 69,34.99,34.99,30.0,0.0,RED INTERNET & PHONE CABLE U ,0.0
KBW,25 - 29,39.99,39.99,30.0,0.0,VF RIP U-TREUE  ,1.0
NRW,70 - 74,49.99,49.99,30.0,0.0,RED INTERNET & PHONE CABLE U ,1.0
KBW,55 - 59,44.98,44.98,30.0,0.0,VF CABLEMAX     ,0.0
NRW,25 - 29,34.99,34.99,30.0,0.0,RED INTERNET & PHONE CABLE U ,0.0
NRW,45 - 49,29.99,29.99,30.0,0.0,VF RIP U-TREUE  ,1.0
KBW,50 - 54,49.99,49.99,30.0,0.0,RED INTERNET & PHONE CABLE U ,0.0
HSN,65 - 69,42.98,42.98,30.0,0.0,VF RIP U-TREUE  ,0.0
KBW,45 - 49,54.99,54.99,30.0,0.0,RED INTERNET & PHONE CABLE U ,0.0
HSN,35 - 39,34.99,34.99,30.0,0.0,RED INTERNET & PHONE CABLE U ,1.0
KBW,30 - 34,44.98,44.98,30.0,0.0,RED INTERNET & PHONE CABLE U ,1.0
NRW,40 - 44,47.99,47.99,30.0,0.0,VF RIP U-TREUE  ,0.0
NRW,65 - 69,59.93,49.97,30.0,0.0,VF CABLEMAX     ,0.0
HSN,60 - 64,44.99,44.99,30.0,0.0,VF CABLEMAX     ,0.0
NRW,35 - 39,44.98,44.98,30.0,0.0,VF CABLEMAX     ,1.0
NRW,40 - 44,24.99,24.99,30.0,0.0,INTERNET COMFORT     ,0.0
KBW,35 - 39,44.98,44.98,30.0,0.0,VF CABLEMAX     ,1.0
NRW,55 - 59,44.98,44.98,30.0,0.0,VF CABLEMAX     ,1.0
HSN,35 - 39,44.98,44.98,30.0,0.0,RED INTERNET & PHONE CABLE U ,0.0
NRW,35 - 39,49.97,49.97,30.0,0.0,VF CABLEMAX     ,1.0
NRW,55 - 59,39.99,39.99,30.0,0.0,VF RIP U-TREUE  ,0.0
NRW,35 - 39,39.98,39.98,30.0,0.0,VF CABLEMAX     ,0.0
KBW,55 - 59,44.98,44.98,30.0,0.0,VF CABLEMAX     ,0.0
NRW,45 - 49,44.98,44.98,30.0,0.0,VF CABLEMAX     ,1.0
NRW,60 - 64,44.98,44.98,30.0,0.0,RED INTERNET & PHONE CABLE U ,1.0
KBW,60 - 64,39.99,39.99,30.0,0.0,RED INTERNET & PHONE CABLE U ,0.0
KBW,60 - 64,39.98,39.98,30.0,0.0,VF CABLEMAX     ,0.0
NRW,65 - 69,42.98,42.98,30.0,0.0,RED INTERNET & PHONE CABLE U ,1.0
KBW,35 - 39,49.99,49.99,30.0,0.0,RED INTERNET & PHONE CABLE U ,0.0
NRW,35 - 39,29.99,29.99,30.0,0.0,RED INTERNET & PHONE CABLE U ,0.0
KBW,50 - 54,54.99,54.99,30.0,0.0,RED INTERNET & PHONE CABLE U ,1.0
NRW,30 - 34,44.99,44.99,30.0,0.0,RED INTERNET & PHONE CABLE U ,1.0
NRW,65 - 69,34.99,24.99,30.0,0.0,VF RIP U-TREUE  ,1.0
KBW,65 - 69,39.98,39.98,30.0,0.0,RED INTERNET & PHONE CABLE U ,1.0
NRW,50 - 54,39.98,39.98,30.0,0.0,RED INTERNET & PHONE CABLE U ,1.0
KBW,60 - 64,35.86,35.86,30.0,0.0,2PLAY        ,0.0
NRW,30 - 34,39.98,39.98,99.0,0.0,VF CABLEMAX     ,1.0
NRW,55 - 59,74.97,44.98,30.0,0.0,VF CABLEMAX     ,1.0
KBW,60 - 64,62.98,39.99,30.0,0.0,VF RIP U-TREUE  ,0.0
HSN,40 - 44,44.98,44.98,30.0,0.0,VF CABLEMAX     ,0.0
KBW,60 - 64,25.0,25.0,30.0,0.0,RED INTERNET & PHONE CABLE U ,1.0
NRW,25 - 29,44.98,44.98,30.0,0.0,VF CABLEMAX     ,1.0
HSN,60 - 64,39.99,39.99,30.0,0.0,RED INTERNET & PHONE CABLE U ,1.0
KBW,45 - 49,34.98,34.99,30.0,0.0,VF RIP U-TREUE  ,0.0
NRW,35 - 39,39.99,39.99,30.0,0.0,RED INTERNET & PHONE CABLE U ,0.0
HSN,55 - 59,42.98,42.98,30.0,0.0,VF RIP U-TREUE  ,1.0
KBW,25 - 29,34.99,34.99,30.0,0.0,RED INTERNET & PHONE CABLE U ,1.0
KBW,70 - 74,52.96,32.99,30.0,0.0,VF RIP U-TREUE  ,1.0
KBW,40 - 44,34.99,34.99,30.0,0.0,RED INTERNET & PHONE CABLE U ,1.0
NRW,25 - 29,44.98,44.98,30.0,0.0,RED INTERNET & PHONE CABLE U ,0.0
KBW,60 - 64,44.98,44.98,30.0,0.0,VF CABLEMAX     ,1.0
KBW,50 - 54,45.94,45.94,30.0,0.0,3PLAY TREUE      ,0.0
KBW,45 - 49,47.98,47.98,30.0,0.0,2PLAY PLUS       ,1.0
NRW,80 and over,59.97,39.99,30.0,0.0,RED INTERNET & PHONE CABLE U ,0.0
NRW,55 - 59,39.99,39.99,30.0,0.0,RED INTERNET & PHONE CABLE U ,0.0
NRW,40 - 44,44.98,44.98,30.0,0.0,VF CABLEMAX     ,1.0
KBW,25 - 29,39.99,39.99,30.0,0.0,RED INTERNET & PHONE CABLE U ,0.0
NRW,65 - 69,42.97,42.97,30.0,0.0,RED INTERNET & PHONE CABLE U ,1.0
NRW,25 - 29,44.98,44.98,30.0,0.0,VF CABLEMAX     ,1.0
NRW,55 - 59,33.98,33.98,30.0,0.0,RED INTERNET & PHONE CABLE U ,1.0
KBW,50 - 54,34.99,34.99,30.0,0.0,RED INTERNET & PHONE CABLE U ,1.0
NRW,70 - 74,34.99,34.99,30.0,0.0,RED INTERNET & PHONE CABLE U ,0.0
NRW,55 - 59,39.98,39.98,30.0,0.0,RED INTERNET & PHONE CABLE U ,1.0
NRW,30 - 34,44.98,44.98,30.0,0.0,RED INTERNET & PHONE CABLE U ,0.0
KBW,45 - 49,34.99,34.99,30.0,0.0,RED INTERNET & PHONE CABLE U ,0.0
KBW,70 - 74,40.98,39.98,30.0,0.0,VF RIP U-TREUE  ,0.0
NRW,45 - 49,34.99,34.99,30.0,0.0,RED INTERNET & PHONE CABLE U ,1.0
KBW,30 - 34,37.98,37.98,30.0,0.0,2PLAY PLUS       ,0.0
NRW,45 - 49,42.97,42.97,30.0,0.0,GIGAZUHAUSE TREUE D ,1.0
NRW,50 - 54,52.98,52.98,30.0,0.0,GIGAZUHAUSE KABEL ,0.0
NRW,60 - 64,34.97,34.98,30.0,0.0,VF RIP U-TREUE  ,0.0
NRW,35 - 39,44.98,44.98,30.0,0.0,VF CABLEMAX     ,0.0
KBW,50 - 54,39.98,39.98,30.0,0.0,RED INTERNET & PHONE CABLE U ,0.0
NRW,55 - 59,35.97,32.99,30.0,0.0,VF RIP U-TREUE  ,0.0
KBW,55 - 59,39.99,39.99,30.0,0.0,VF RIP U-TREUE  ,0.0
NRW,35 - 39,39.98,39.98,30.0,0.0,RED INTERNET & PHONE CABLE U ,0.0
KBW,50 - 54,29.99,29.99,30.0,0.0,VF RIP U-TREUE  ,1.0
NRW,45 - 49,44.98,44.98,30.0,0.0,VF CABLEMAX     ,1.0
NRW,55 - 59,29.99,29.99,30.0,0.0,VF RIP U-TREUE  ,1.0
NRW,40 - 44,19.99,29.99,30.0,0.0,VF RIP U-TREUE  ,0.0
NRW,45 - 49,62.96,39.98,53.0,0.0,VF CABLEMAX     ,1.0
KBW,50 - 54,29.99,29.99,30.0,0.0,VF RIP U-TREUE  ,0.0
KBW,45 - 49,44.99,44.99,30.0,0.0,GIGAZUHAUSE KABEL ,0.0
NRW,35 - 39,32.99,32.99,30.0,0.0,VF RIP U-TREUE  ,1.0
HSN,30 - 34,39.99,39.99,30.0,0.0,RED INTERNET & PHONE CABLE U ,1.0
HSN,50 - 54,44.98,44.98,30.0,0.0,RED INTERNET & PHONE CABLE U ,1.0
KBW,55 - 59,54.99,54.99,30.0,0.0,RED INTERNET & PHONE CABLE U ,1.0
NRW,30 - 34,49.99,49.99,30.0,0.0,RED INTERNET & PHONE CABLE U ,1.0
HSN,18 - 24,24.99,24.99,30.0,0.0,INTERNET COMFORT     ,1.0
NRW,50 - 54,47.99,47.99,30.0,0.0,VF RIP U-TREUE  ,0.0
KBW,50 - 54,44.97,44.97,30.0,0.0,VF CABLEMAX     ,0.0
HSN,45 - 49,39.98,39.98,30.0,0.0,VF CABLEMAX     ,0.0
HSN,65 - 69,42.98,42.98,30.0,0.0,VF RIP U-TREUE  ,0.0
NRW,80 and over,39.98,39.98,30.0,0.0,VF CABLEMAX     ,0.0
NRW,60 - 64,49.98,49.98,30.0,0.0,RED INTERNET & PHONE CABLE U ,0.0
KBW,45 - 49,49.97,49.97,30.0,0.0,VF CABLEMAX     ,1.0
NRW,40 - 44,49.99,49.99,30.0,0.0,GIGAZUHAUSE KABEL ,0.0
HSN,40 - 44,32.99,32.99,30.0,0.0,VF RIP U-TREUE  ,0.0
KBW,50 - 54,50.97,47.97,30.0,0.0,RED INTERNET & PHONE CABLE U ,1.0
NRW,65 - 69,57.97,37.99,30.0,0.0,VF RIP U-TREUE  ,0.0
NRW,30 - 34,44.98,44.98,30.0,0.0,VF CABLEMAX     ,1.0
KBW,25 - 29,44.98,44.98,30.0,0.0,RED INTERNET & PHONE CABLE U ,1.0
HSN,35 - 39,39.99,39.99,30.0,0.0,VF RIP U-TREUE  ,1.0
KBW,70 - 74,74.93,49.97,30.0,0.0,VF CABLEMAX     ,0.0
KBW,30 - 34,65.97,44.99,30.0,0.0,RED INTERNET & PHONE CABLE U ,1.0
HSN,30 - 34,24.99,39.99,30.0,0.0,RED INTERNET & PHONE CABLE U ,1.0
HSN,50 - 54,32.99,32.99,30.0,0.0,VF RIP U-TREUE  ,1.0
NRW,60 - 64,34.99,34.99,30.0,0.0,RED INTERNET & PHONE CABLE U ,1.0
HSN,65 - 69,69.96,39.99,30.0,0.0,RED INTERNET & PHONE CABLE U ,1.0
NRW,45 - 49,39.99,39.99,30.0,0.0,RED INTERNET & PHONE CABLE U ,1.0
NRW,45 - 49,53.96,53.96,30.0,0.0,VF CABLEMAX     ,1.0
KBW,80 and over,42.98,42.98,30.0,0.0,2PLAY PLUS       ,0.0
NRW,60 - 64,47.97,47.97,30.0,0.0,VF RIP U-TREUE  ,0.0
KBW,40 - 44,39.97,29.98,30.0,0.0,VF RIP U-TREUE  ,1.0
NRW,35 - 39,34.99,34.99,30.0,0.0,RED INTERNET & PHONE CABLE U ,1.0
KBW,30 - 34,44.98,44.98,30.0,0.0,VF CABLEMAX     ,1.0
NRW,80 and over,34.98,34.98,30.0,0.0,RED INTERNET & PHONE CABLE U ,0.0
NRW,35 - 39,29.99,29.99,30.0,0.0,RED INTERNET & PHONE CABLE U ,1.0
NRW,70 - 74,34.99,34.99,30.0,0.0,RED INTERNET & PHONE CABLE U ,1.0
NRW,45 - 49,39.99,39.99,30.0,0.0,RED INTERNET & PHONE CABLE U ,1.0
HSN,40 - 44,44.98,44.98,30.0,0.0,VF CABLEMAX     ,0.0
NRW,80 and over,73.95,52.97,30.0,0.0,3PLAY FLY      ,0.0
NRW,50 - 54,48.97,48.97,30.0,0.0,VF CABLEMAX     ,0.0
KBW,40 - 44,44.98,44.98,30.0,0.0,VF CABLEMAX     ,1.0
KBW,50 - 54,32.99,32.99,30.0,0.0,VF RIP U-TREUE  ,1.0
NRW,55 - 59,49.97,39.98,30.0,0.0,VF CABLEMAX     ,1.0
HSN,55 - 59,59.97,44.98,30.0,0.0,VF CABLEMAX     ,0.0
NRW,45 - 49,49.99,49.99,30.0,0.0,RED INTERNET & PHONE CABLE U ,1.0
NRW,45 - 49,78.88,54.98,30.0,0.0,RED INTERNET & PHONE CABLE U ,1.0
KBW,30 - 34,39.99,39.99,30.0,0.0,RED INTERNET & PHONE CABLE U ,1.0
HSN,55 - 59,42.97,42.97,30.0,0.0,RED INTERNET & PHONE CABLE U ,1.0
HSN,55 - 59,44.97,44.97,30.0,0.0,RED INTERNET & PHONE CABLE U ,0.0
HSN,60 - 64,49.99,49.99,30.0,0.0,GIGAZUHAUSE KABEL ,0.0
NRW,35 - 39,29.3,29.99,30.0,0.0,VF RIP U-TREUE  ,1.0
KBW,40 - 44,54.99,54.99,30.0,0.0,RED INTERNET & PHONE CABLE U ,1.0
KBW,25 - 29,39.99,39.99,30.0,0.0,RED INTERNET & PHONE CABLE U ,0.0
NRW,30 - 34,29.99,29.99,30.0,0.0,VF RIP U-TREUE  ,1.0
HSN,35 - 39,39.98,39.98,30.0,0.0,RED INTERNET & PHONE CABLE U ,1.0
KBW,40 - 44,68.95,47.96,30.0,0.0,VF RIP U-TREUE  ,1.0
HSN,40 - 44,34.99,34.99,30.0,0.0,RED INTERNET & PHONE CABLE U ,1.0
KBW,60 - 64,49.97,49.97,30.0,0.0,VF CABLEMAX     ,1.0
HSN,45 - 49,54.99,54.99,30.0,0.0,RED INTERNET & PHONE CABLE U ,1.0
KBW,30 - 34,43.98,43.98,30.0,0.0,RED INTERNET & PHONE CABLE U ,1.0
KBW,30 - 34,39.99,39.99,30.0,0.0,VF RIP U-TREUE  ,1.0
NRW,65 - 69,54.98,54.98,30.0,0.0,GIGAZUHAUSE KABEL ,0.0
KBW,25 - 29,44.98,44.98,30.0,0.0,VF CABLEMAX     ,0.0
NRW,25 - 29,39.98,39.98,30.0,0.0,RED INTERNET & PHONE CABLE U ,1.0
HSN,50 - 54,49.97,49.97,30.0,0.0,VF CABLEMAX     ,1.0
NRW,65 - 69,44.98,44.98,30.0,0.0,VF CABLEMAX     ,0.0
KBW,25 - 29,34.99,34.99,30.0,0.0,RED INTERNET & PHONE CABLE U ,1.0
NRW,40 - 44,29.98,29.98,30.0,0.0,VF RIP U-TREUE  ,0.0
HSN,40 - 44,34.99,34.99,30.0,0.0,RED INTERNET & PHONE CABLE U ,1.0
HSN,25 - 29,34.99,34.99,30.0,0.0,RED INTERNET & PHONE CABLE U ,0.0
NRW,40 - 44,39.99,39.99,30.0,0.0,RED INTERNET & PHONE CABLE U ,1.0
HSN,80 and over,34.99,34.99,30.0,0.0,RED INTERNET & PHONE CABLE U ,0.0
NRW,30 - 34,44.98,44.98,30.0,0.0,VF CABLEMAX     ,0.0
HSN,70 - 74,54.96,44.98,30.0,0.0,VF CABLEMAX     ,1.0
NRW,45 - 49,39.98,39.98,30.0,0.0,VF CABLEMAX     ,1.0
NRW,55 - 59,47.98,37.98,365.0,0.0,GIGAZUHAUSE TREUE C ,1.0
KBW,55 - 59,44.98,44.98,30.0,0.0,VF CABLEMAX     ,1.0
NRW,65 - 69,30.95,30.95,30.0,0.0,RED INTERNET & PHONE CABLE U ,0.0
NRW,30 - 34,44.98,44.98,30.0,0.0,VF CABLEMAX     ,1.0
HSN,60 - 64,24.99,24.99,30.0,0.0,INTERNET COMFORT     ,0.0
HSN,40 - 44,44.98,44.98,30.0,0.0,VF CABLEMAX     ,0.0
KBW,30 - 34,44.98,44.98,30.0,0.0,RED INTERNET & PHONE CABLE U ,1.0
HSN,50 - 54,42.99,42.99,30.0,0.0,VF RIP U-TREUE  ,1.0
KBW,35 - 39,34.99,34.99,30.0,0.0,RED INTERNET & PHONE CABLE U ,0.0
NRW,50 - 54,34.99,34.99,30.0,0.0,VF CABLEMAX     ,1.0
NRW,75 - 79,39.98,29.98,30.0,0.0,RED INTERNET & PHONE CABLE U ,1.0
HSN,55 - 59,54.99,54.99,30.0,0.0,RED INTERNET & PHONE CABLE U ,1.0
KBW,35 - 39,49.97,49.97,30.0,0.0,VF CABLEMAX     ,0.0
HSN,25 - 29,44.98,44.98,30.0,0.0,RED INTERNET & PHONE CABLE U ,1.0
NRW,35 - 39,48.97,48.97,30.0,0.0,RED INTERNET & PHONE CABLE U ,0.0
NRW,75 - 79,34.99,34.99,30.0,0.0,RED INTERNET & PHONE CABLE U ,1.0
HSN,50 - 54,39.99,39.99,30.0,0.0,RED INTERNET & PHONE CABLE U ,0.0
KBW,55 - 59,44.97,44.97,30.0,0.0,VF CABLEMAX     ,0.0
HSN,25 - 29,39.98,39.98,30.0,0.0,RED INTERNET & PHONE CABLE U ,0.0
KBW,35 - 39,34.99,34.99,30.0,0.0,RED INTERNET & PHONE CABLE U ,1.0
KBW,35 - 39,37.98,37.98,30.0,0.0,VF RIP U-TREUE  ,0.0
KBW,50 - 54,44.98,44.98,30.0,0.0,RED INTERNET & PHONE CABLE U ,0.0
KBW,40 - 44,44.98,44.98,30.0,0.0,VF CABLEMAX     ,0.0
NRW,30 - 34,44.98,44.98,30.0,0.0,RED INTERNET & PHONE CABLE U ,0.0
KBW,45 - 49,39.98,24.99,30.0,0.0,INTERNET COMFORT     ,0.0
KBW,55 - 59,44.98,44.98,30.0,0.0,VF RIP U-TREUE  ,1.0
KBW,30 - 34,39.98,39.98,30.0,0.0,RED INTERNET & PHONE CABLE U ,1.0
NRW,30 - 34,34.99,34.99,30.0,0.0,RED INTERNET & PHONE CABLE U ,1.0
NRW,40 - 44,49.99,49.99,30.0,0.0,GIGAZUHAUSE KABEL ,0.0
NRW,35 - 39,53.98,53.98,30.0,0.0,RED INTERNET & PHONE CABLE U ,1.0
KBW,55 - 59,49.98,49.98,30.0,0.0,GIGAZUHAUSE KABEL ,0.0
KBW,55 - 59,34.98,34.98,30.0,0.0,VF CABLEMAX     ,0.0
KBW,55 - 59,39.98,39.98,30.0,0.0,RED INTERNET & PHONE CABLE U ,0.0
NRW,60 - 64,49.99,49.99,30.0,0.0,RED INTERNET & PHONE CABLE U ,0.0
NRW,35 - 39,29.99,29.99,30.0,0.0,VF RIP U-TREUE  ,1.0
KBW,35 - 39,24.99,24.99,30.0,0.0,INTERNET COMFORT     ,0.0
NRW,65 - 69,42.98,42.98,30.0,0.0,VF RIP U-TREUE  ,0.0
NRW,70 - 74,74.96,37.99,30.0,0.0,VF RIP U-TREUE  ,0.0
NRW,35 - 39,29.99,29.99,30.0,0.0,INTERNET PREMIUM     ,1.0
KBW,40 - 44,44.98,44.98,30.0,0.0,RED INTERNET & PHONE CABLE U ,0.0
HSN,55 - 59,54.99,54.99,30.0,0.0,RED INTERNET & PHONE CABLE U ,1.0
HSN,30 - 34,58.98,58.98,30.0,0.0,RED INTERNET & PHONE CABLE U ,1.0
KBW,65 - 69,44.98,34.99,30.0,0.0,RED INTERNET & PHONE CABLE U ,0.0
HSN,40 - 44,39.98,39.98,30.0,0.0,GIGAZUHAUSE KABEL ,0.0
KBW,30 - 34,39.98,39.98,30.0,0.0,RED INTERNET & PHONE CABLE U ,1.0
KBW,80 and over,49.98,49.98,30.0,0.0,GIGAZUHAUSE KABEL ,1.0
NRW,30 - 34,34.99,34.99,30.0,0.0,RED INTERNET & PHONE CABLE U ,1.0
KBW,30 - 34,44.98,44.98,30.0,0.0,RED INTERNET & PHONE CABLE U ,1.0
KBW,55 - 59,56.94,40.95,30.0,0.0,3PLAY TREUE      ,1.0
NRW,18 - 24,44.98,44.98,30.0,0.0,RED INTERNET & PHONE CABLE U ,0.0
KBW,60 - 64,54.98,49.98,30.0,0.0,VF RIP U-TREUE  ,1.0
KBW,55 - 59,44.98,44.98,30.0,0.0,VF CABLEMAX     ,0.0
KBW,45 - 49,44.98,44.98,30.0,0.0,VF CABLEMAX     ,1.0
NRW,40 - 44,42.97,42.97,30.0,0.0,RED INTERNET & PHONE CABLE U ,0.0
NRW,25 - 29,39.99,39.99,30.0,0.0,RED INTERNET & PHONE CABLE U ,1.0
NRW,40 - 44,27.99,27.99,30.0,0.0,VF RIP U-TREUE  ,0.0
HSN,40 - 44,39.98,39.98,30.0,0.0,VF CABLEMAX     ,1.0
HSN,18 - 24,39.97,39.98,39.0,0.0,VF CABLEMAX     ,1.0
HSN,80 and over,34.99,34.99,30.0,0.0,RED INTERNET & PHONE CABLE U ,0.0
NRW,40 - 44,42.98,42.98,30.0,0.0,VF RIP U-TREUE  ,1.0
HSN,55 - 59,42.98,42.98,30.0,0.0,VF RIP U-TREUE  ,1.0
HSN,65 - 69,42.97,42.97,30.0,0.0,RED INTERNET & PHONE CABLE U ,0.0
KBW,25 - 29,38.98,38.98,30.0,0.0,RED INTERNET & PHONE CABLE U ,0.0
KBW,70 - 74,49.99,49.99,30.0,0.0,RED INTERNET & PHONE CABLE U ,0.0
HSN,45 - 49,59.97,49.97,30.0,0.0,VF CABLEMAX     ,0.0
HSN,25 - 29,49.99,49.99,30.0,0.0,RED INTERNET & PHONE CABLE U ,1.0
NRW,40 - 44,39.99,39.99,30.0,0.0,VF RIP U-TREUE  ,1.0
KBW,60 - 64,49.97,49.97,30.0,0.0,VF CABLEMAX     ,0.0
NRW,25 - 29,49.97,49.97,30.0,0.0,VF CABLEMAX     ,1.0
NRW,25 - 29,44.98,44.98,30.0,0.0,RED INTERNET & PHONE CABLE U ,0.0
NRW,75 - 79,34.99,34.99,30.0,0.0,RED INTERNET & PHONE CABLE U ,1.0
NRW,65 - 69,44.98,44.98,30.0,0.0,RED INTERNET & PHONE CABLE U ,1.0
NRW,25 - 29,34.99,34.99,30.0,0.0,RED INTERNET & PHONE CABLE U ,1.0
NRW,25 - 29,54.99,54.99,30.0,0.0,RED INTERNET & PHONE CABLE U ,1.0
HSN,30 - 34,44.98,44.98,30.0,0.0,RED INTERNET & PHONE CABLE U ,1.0
NRW,60 - 64,44.98,44.98,30.0,0.0,VF CABLEMAX     ,0.0
KBW,60 - 64,49.97,49.97,30.0,0.0,RED INTERNET & PHONE CABLE U ,1.0
NRW,65 - 69,44.97,44.97,30.0,0.0,GIGAZUHAUSE KABEL ,1.0
HSN,30 - 34,29.99,29.99,30.0,0.0,VF RIP U-TREUE  ,1.0
NRW,40 - 44,29.99,29.99,30.0,0.0,VF RIP U-TREUE  ,1.0
KBW,30 - 34,37.99,37.99,30.0,0.0,VF RIP U-TREUE  ,1.0
NRW,60 - 64,44.98,44.98,30.0,0.0,VF CABLEMAX     ,1.0
KBW,35 - 39,34.99,34.99,30.0,0.0,RED INTERNET & PHONE CABLE U ,0.0
NRW,30 - 34,70.98,49.99,30.0,0.0,RED INTERNET & PHONE CABLE U ,1.0
HSN,50 - 54,39.98,39.98,30.0,0.0,RED INTERNET & PHONE CABLE U ,1.0
KBW,50 - 54,44.98,44.98,30.0,0.0,RED INTERNET & PHONE CABLE U ,0.0
NRW,60 - 64,24.99,24.99,30.0,0.0,INTERNET COMFORT     ,1.0
KBW,35 - 39,49.99,49.99,30.0,0.0,GIGAZUHAUSE KABEL ,1.0
NRW,75 - 79,64.98,44.99,30.0,0.0,VF RIP U-TREUE  ,0.0
HSN,50 - 54,54.99,54.99,30.0,0.0,RED INTERNET & PHONE CABLE U ,1.0
KBW,65 - 69,39.98,39.98,30.0,0.0,RED INTERNET & PHONE CABLE U ,1.0
HSN,25 - 29,39.99,39.99,30.0,0.0,RED INTERNET & PHONE CABLE U ,1.0
NRW,50 - 54,49.97,49.97,30.0,0.0,VF CABLEMAX     ,0.0
KBW,35 - 39,43.98,43.98,30.0,0.0,RED INTERNET & PHONE CABLE U ,0.0
NRW,30 - 34,44.98,44.98,30.0,0.0,RED INTERNET & PHONE CABLE U ,0.0
NRW,35 - 39,39.99,39.99,30.0,0.0,RED INTERNET & PHONE CABLE U ,1.0
NRW,30 - 34,47.99,47.99,30.0,0.0,VF RIP U-TREUE  ,0.0
NRW,55 - 59,59.99,59.99,30.0,0.0,3PLAY FLY      ,0.0
NRW,35 - 39,49.99,49.99,30.0,0.0,RED INTERNET & PHONE CABLE U ,0.0
KBW,65 - 69,49.97,39.98,30.0,0.0,VF CABLEMAX     ,0.0
HSN,55 - 59,42.98,42.98,30.0,0.0,VF RIP U-TREUE  ,1.0
NRW,70 - 74,24.98,24.99,30.0,0.0,VF RIP U-TREUE  ,1.0
KBW,45 - 49,24.99,24.99,30.0,0.0,INTERNET COMFORT     ,0.0
NRW,60 - 64,61.96,48.97,30.0,0.0,3PLAY START       ,1.0
NRW,50 - 54,48.97,48.97,30.0,0.0,VF CABLEMAX     ,0.0
NRW,25 - 29,39.99,39.99,30.0,0.0,RED INTERNET & PHONE CABLE U ,0.0
NRW,80 and over,47.96,47.96,30.0,0.0,VF RIP U-TREUE  ,0.0
KBW,30 - 34,44.98,44.98,30.0,0.0,VF CABLEMAX     ,1.0
KBW,50 - 54,39.98,39.98,30.0,0.0,VF CABLEMAX     ,1.0
KBW,45 - 49,32.99,32.99,30.0,0.0,VF RIP U-TREUE  ,0.0
KBW,65 - 69,33.74,33.74,30.0,0.0,RED INTERNET & PHONE CABLE U ,0.0
KBW,80 and over,34.99,34.99,30.0,0.0,RED INTERNET & PHONE CABLE U ,0.0
NRW,25 - 29,39.99,39.99,30.0,0.0,RED INTERNET & PHONE CABLE U ,0.0
NRW,30 - 34,49.99,49.99,30.0,0.0,GIGAZUHAUSE KABEL ,1.0
NRW,30 - 34,34.99,34.99,30.0,0.0,RED INTERNET & PHONE CABLE U ,1.0
NRW,75 - 79,62.98,37.99,30.0,0.0,VF RIP U-TREUE  ,0.0
NRW,65 - 69,37.99,37.99,30.0,0.0,VF RIP U-TREUE  ,0.0
HSN,60 - 64,44.98,44.98,30.0,0.0,RED INTERNET & PHONE CABLE U ,1.0
HSN,30 - 34,34.99,34.99,30.0,0.0,RED INTERNET & PHONE CABLE U ,0.0
HSN,65 - 69,49.97,29.99,30.0,0.0,VF RIP U-TREUE  ,0.0
HSN,55 - 59,44.98,44.98,30.0,0.0,RED INTERNET & PHONE CABLE U ,1.0
KBW,50 - 54,44.98,44.98,30.0,0.0,VF CABLEMAX     ,0.0
KBW,45 - 49,39.99,39.99,30.0,0.0,VF RIP U-TREUE  ,0.0
NRW,55 - 59,34.98,34.98,30.0,0.0,RED INTERNET & PHONE CABLE U ,0.0
NRW,55 - 59,44.98,44.98,30.0,0.0,RED INTERNET & PHONE CABLE U ,1.0
KBW,50 - 54,39.98,39.98,30.0,0.0,VF CABLEMAX     ,1.0
NRW,30 - 34,44.98,44.98,30.0,0.0,RED INTERNET & PHONE CABLE U ,0.0
NRW,70 - 74,29.99,29.99,30.0,0.0,VF RIP U-TREUE  ,1.0
NRW,25 - 29,34.99,34.99,30.0,0.0,RED INTERNET & PHONE CABLE U ,1.0
HSN,35 - 39,44.98,44.98,30.0,0.0,RED INTERNET & PHONE CABLE U ,1.0
KBW,35 - 39,34.99,34.99,30.0,0.0,RED INTERNET & PHONE CABLE U ,1.0
KBW,70 - 74,47.99,47.99,30.0,0.0,VF RIP U-TREUE  ,0.0
NRW,30 - 34,39.99,39.99,30.0,0.0,RED INTERNET & PHONE CABLE U ,1.0
KBW,70 - 74,68.95,42.97,30.0,0.0,3PLAY TREUE      ,0.0
HSN,35 - 39,39.98,39.98,73.0,0.0,VF CABLEMAX     ,1.0
HSN,50 - 54,49.97,49.97,30.0,0.0,VF CABLEMAX     ,1.0
NRW,65 - 69,24.99,24.99,30.0,0.0,INTERNET COMFORT     ,0.0
NRW,25 - 29,34.99,34.99,30.0,0.0,RED INTERNET & PHONE CABLE U ,1.0
KBW,65 - 69,55.97,42.98,30.0,0.0,VF RIP U-TREUE  ,0.0
NRW,40 - 44,47.99,47.99,30.0,0.0,VF RIP U-TREUE  ,0.0
NRW,25 - 29,39.98,39.98,30.0,0.0,RED INTERNET & PHONE CABLE U ,1.0
NRW,25 - 29,34.99,34.99,30.0,0.0,RED INTERNET & PHONE CABLE U ,1.0
NRW,25 - 29,39.98,39.98,30.0,0.0,VF CABLEMAX     ,1.0
HSN,30 - 34,44.98,44.98,30.0,0.0,RED INTERNET & PHONE CABLE U ,0.0
HSN,25 - 29,58.98,58.98,30.0,0.0,RED INTERNET & PHONE CABLE U ,1.0
KBW,35 - 39,39.98,39.98,30.0,0.0,RED INTERNET & PHONE CABLE U ,1.0
HSN,30 - 34,39.98,39.98,30.0,0.0,RED INTERNET & PHONE CABLE U ,1.0
NRW,65 - 69,29.99,29.99,30.0,0.0,VF RIP U-TREUE  ,0.0
HSN,60 - 64,34.99,34.99,30.0,0.0,RED INTERNET & PHONE CABLE U ,1.0
KBW,25 - 29,47.99,47.99,30.0,0.0,VF RIP U-TREUE  ,1.0
KBW,80 and over,34.99,34.99,30.0,0.0,RED INTERNET & PHONE CABLE U ,1.0
NRW,40 - 44,39.98,39.98,30.0,0.0,VF CABLEMAX     ,1.0
NRW,30 - 34,39.98,39.98,30.0,0.0,VF CABLEMAX     ,1.0
HSN,40 - 44,39.99,39.99,30.0,0.0,RED INTERNET & PHONE CABLE U ,1.0
NRW,30 - 34,34.99,34.99,30.0,0.0,RED INTERNET & PHONE CABLE U ,1.0
HSN,65 - 69,32.98,32.98,30.0,0.0,VF RIP U-TREUE  ,0.0
KBW,45 - 49,56.95,39.98,30.0,0.0,VF CABLEMAX     ,1.0
NRW,45 - 49,49.99,49.99,30.0,0.0,RED INTERNET & PHONE CABLE U ,0.0
HSN,25 - 29,39.99,39.99,30.0,0.0,RED INTERNET & PHONE CABLE U ,1.0
KBW,35 - 39,44.98,44.98,30.0,0.0,RED INTERNET & PHONE CABLE U ,1.0
KBW,50 - 54,49.97,49.97,30.0,0.0,VF CABLEMAX     ,0.0
NRW,60 - 64,49.99,49.99,30.0,0.0,GIGAZUHAUSE KABEL ,1.0
NRW,55 - 59,69.96,39.98,30.0,0.0,VF CABLEMAX     ,0.0
NRW,35 - 39,34.99,34.99,30.0,0.0,VF RIP U-TREUE  ,0.0
NRW,45 - 49,65.97,44.98,30.0,0.0,VF RIP U-TREUE  ,1.0
NRW,25 - 29,44.98,44.98,30.0,0.0,VF CABLEMAX     ,1.0
KBW,30 - 34,44.98,44.98,30.0,0.0,VF CABLEMAX     ,1.0
NRW,50 - 54,48.97,48.42,30.0,0.0,VF CABLEMAX     ,1.0
HSN,35 - 39,63.97,42.98,30.0,0.0,VF RIP U-TREUE  ,1.0
HSN,55 - 59,54.99,54.99,30.0,0.0,3PLAY JUMP      ,0.0
NRW,25 - 29,44.97,44.97,30.0,0.0,RED INTERNET & PHONE CABLE U ,1.0
NRW,50 - 54,49.99,49.99,30.0,0.0,RED INTERNET & PHONE CABLE U ,1.0
KBW,70 - 74,39.98,39.98,30.0,0.0,VF RIP U-TREUE  ,1.0
KBW,70 - 74,24.99,24.99,30.0,0.0,INTERNET COMFORT     ,1.0
KBW,40 - 44,54.98,54.98,30.0,2.0,VF RIP U-TREUE  ,0.0
HSN,60 - 64,52.98,52.98,30.0,0.0,GIGAZUHAUSE KABEL ,0.0
HSN,55 - 59,49.97,49.97,30.0,0.0,VF CABLEMAX     ,0.0
NRW,35 - 39,58.98,58.98,30.0,0.0,RED INTERNET & PHONE CABLE U ,1.0
NRW,30 - 34,39.99,39.99,30.0,0.0,RED INTERNET & PHONE CABLE U ,1.0
HSN,30 - 34,44.98,44.98,30.0,0.0,VF CABLEMAX     ,1.0
NRW,50 - 54,44.98,44.98,30.0,0.0,VF CABLEMAX     ,1.0
NRW,18 - 24,44.98,44.98,30.0,0.0,VF CABLEMAX     ,1.0
KBW,40 - 44,39.99,39.99,30.0,0.0,VF RIP U-TREUE  ,1.0
NRW,25 - 29,44.98,44.98,30.0,0.0,VF CABLEMAX     ,0.0
HSN,45 - 49,47.99,47.99,30.0,0.0,VF RIP U-TREUE  ,0.0
KBW,30 - 34,44.98,44.98,30.0,0.0,RED INTERNET & PHONE CABLE U ,1.0
KBW,30 - 34,34.99,34.99,30.0,0.0,RED INTERNET & PHONE CABLE U ,1.0
HSN,40 - 44,39.99,39.99,30.0,0.0,RED INTERNET & PHONE CABLE U ,1.0
KBW,55 - 59,49.97,39.98,30.0,0.0,VF CABLEMAX     ,1.0
KBW,40 - 44,59.97,29.99,74.0,0.0,VF RIP U-TREUE  ,1.0
NRW,40 - 44,29.99,29.99,30.0,0.0,VF RIP U-TREUE  ,1.0
NRW,30 - 34,44.98,44.98,30.0,0.0,VF CABLEMAX     ,1.0
KBW,45 - 49,39.99,39.99,30.0,0.0,RED INTERNET & PHONE CABLE U ,0.0
KBW,65 - 69,34.99,34.99,30.0,0.0,RED INTERNET & PHONE CABLE U ,0.0
HSN,25 - 29,24.99,24.99,30.0,0.0,INTERNET COMFORT     ,1.0
NRW,40 - 44,64.98,44.99,30.0,0.0,VF CABLEMAX     ,1.0
KBW,55 - 59,69.96,39.99,30.0,0.0,VF RIP U-TREUE  ,1.0
KBW,60 - 64,34.98,34.98,30.0,0.0,VF RIP U-TREUE  ,0.0
NRW,60 - 64,49.99,49.99,30.0,0.0,RED INTERNET & PHONE CABLE U ,0.0
KBW,60 - 64,34.99,34.99,30.0,0.0,RED INTERNET & PHONE CABLE U ,0.0
HSN,55 - 59,39.99,39.99,30.0,0.0,RED INTERNET & PHONE CABLE U ,0.0
HSN,40 - 44,52.98,52.98,30.0,0.0,VF RIP U-TREUE  ,0.0
NRW,18 - 24,34.99,34.99,30.0,0.0,RED INTERNET & PHONE CABLE U ,1.0
NRW,25 - 29,47.99,47.99,30.0,0.0,VF RIP U-TREUE  ,1.0
HSN,40 - 44,29.99,29.99,30.0,0.0,VF RIP U-TREUE  ,0.0
KBW,45 - 49,39.99,39.99,30.0,0.0,VF RIP U-TREUE  ,1.0
NRW,60 - 64,47.97,37.98,30.0,0.0,VF RIP U-TREUE  ,1.0
HSN,60 - 64,39.99,39.99,30.0,0.0,VF RIP U-TREUE  ,0.0
KBW,30 - 34,39.99,39.99,30.0,0.0,RED INTERNET & PHONE CABLE U ,1.0
NRW,55 - 59,44.98,44.98,30.0,0.0,VF CABLEMAX     ,1.0
HSN,25 - 29,44.98,44.98,30.0,0.0,RED INTERNET & PHONE CABLE U ,1.0
KBW,50 - 54,49.97,49.97,30.0,0.0,VF CABLEMAX     ,1.0
HSN,18 - 24,29.99,29.99,30.0,0.0,VF RIP U-TREUE  ,1.0
NRW,45 - 49,34.99,34.99,30.0,0.0,RED INTERNET & PHONE CABLE U ,0.0
KBW,55 - 59,49.97,49.97,30.0,0.0,VF CABLEMAX     ,1.0
KBW,30 - 34,44.98,44.98,30.0,0.0,RED INTERNET & PHONE CABLE U ,1.0
HSN,35 - 39,39.99,39.99,30.0,0.0,RED INTERNET & PHONE CABLE U ,1.0
KBW,35 - 39,39.99,39.99,30.0,0.0,RED INTERNET & PHONE CABLE U ,1.0
NRW,45 - 49,44.98,44.98,30.0,0.0,VF CABLEMAX     ,1.0
NRW,60 - 64,44.98,44.98,30.0,0.0,RED INTERNET & PHONE CABLE U ,0.0
KBW,35 - 39,39.99,39.99,30.0,0.0,RED INTERNET & PHONE CABLE U ,0.0
NRW,30 - 34,39.99,39.99,30.0,0.0,RED INTERNET & PHONE CABLE U ,1.0
NRW,45 - 49,44.98,44.98,30.0,0.0,VF CABLEMAX     ,1.0
NRW,55 - 59,44.98,44.98,30.0,0.0,VF CABLEMAX     ,0.0
HSN,35 - 39,49.97,49.97,30.0,0.0,VF CABLEMAX     ,0.0
NRW,25 - 29,62.98,62.98,123.0,0.0,GIGAZUHAUSE KABEL ,0.0
NRW,40 - 44,34.98,34.98,30.0,0.0,RED INTERNET & PHONE CABLE U ,1.0
NRW,25 - 29,39.98,39.98,30.0,0.0,RED INTERNET & PHONE CABLE U ,1.0
HSN,18 - 24,44.98,44.98,30.0,0.0,VF CABLEMAX     ,1.0
HSN,25 - 29,34.99,34.99,30.0,0.0,RED INTERNET & PHONE CABLE U ,0.0
NRW,45 - 49,39.99,39.99,30.0,0.0,RED INTERNET & PHONE CABLE U ,0.0
HSN,25 - 29,44.98,44.98,30.0,0.0,VF CABLEMAX     ,1.0
NRW,50 - 54,24.99,24.99,30.0,0.0,RED INTERNET & PHONE CABLE U ,0.0
KBW,60 - 64,52.98,52.98,30.0,0.0,VF RIP U-TREUE  ,0.0
NRW,50 - 54,39.99,39.99,30.0,0.0,RED INTERNET & PHONE CABLE U ,1.0
KBW,40 - 44,69.94,42.98,30.0,0.0,VF RIP U-TREUE  ,0.0
KBW,55 - 59,44.98,44.98,30.0,0.0,VF CABLEMAX     ,0.0
NRW,25 - 29,44.98,44.98,30.0,0.0,VF CABLEMAX     ,0.0
KBW,45 - 49,39.99,39.99,30.0,0.0,RED INTERNET & PHONE CABLE U ,0.0
NRW,35 - 39,58.98,37.98,30.0,0.0,RED INTERNET & PHONE CABLE U ,1.0
KBW,45 - 49,39.99,39.99,30.0,0.0,RED INTERNET & PHONE CABLE U ,0.0
NRW,75 - 79,44.98,44.98,30.0,0.0,VF RIP U-TREUE  ,1.0
KBW,70 - 74,34.99,34.99,30.0,0.0,RED INTERNET & PHONE CABLE U ,1.0
NRW,25 - 29,44.98,44.98,30.0,0.0,RED INTERNET & PHONE CABLE U ,1.0
KBW,45 - 49,39.98,39.98,30.0,0.0,VF CABLEMAX     ,1.0
HSN,40 - 44,49.99,49.99,30.0,0.0,RED INTERNET & PHONE CABLE U ,1.0
KBW,80 and over,25.0,25.0,30.0,0.0,RED INTERNET & PHONE CABLE U ,0.0
KBW,60 - 64,39.99,39.99,30.0,0.0,RED INTERNET & PHONE CABLE U ,0.0
HSN,55 - 59,37.98,37.98,30.0,0.0,VF RIP U-TREUE  ,1.0
NRW,30 - 34,39.99,39.99,30.0,0.0,RED INTERNET & PHONE CABLE U ,1.0
KBW,80 and over,32.99,32.99,30.0,0.0,VF RIP U-TREUE  ,0.0
NRW,25 - 29,39.99,39.99,30.0,0.0,RED INTERNET & PHONE CABLE U ,1.0
KBW,50 - 54,49.97,49.97,30.0,0.0,VF CABLEMAX     ,0.0
KBW,25 - 29,39.99,39.99,30.0,0.0,RED INTERNET & PHONE CABLE U ,1.0
KBW,35 - 39,39.98,39.98,30.0,0.0,VF CABLEMAX     ,0.0
NRW,60 - 64,34.99,34.99,30.0,0.0,RED INTERNET & PHONE CABLE U ,0.0
NRW,40 - 44,29.99,29.99,30.0,0.0,VF RIP U-TREUE  ,0.0
NRW,25 - 29,34.99,34.99,30.0,0.0,RED INTERNET & PHONE CABLE U ,1.0
NRW,30 - 34,34.99,34.99,30.0,0.0,RED INTERNET & PHONE CABLE U ,0.0
NRW,50 - 54,34.99,34.99,30.0,0.0,RED INTERNET & PHONE CABLE U ,1.0
NRW,25 - 29,44.98,44.98,30.0,0.0,VF CABLEMAX     ,1.0
KBW,30 - 34,34.99,34.99,30.0,0.0,RED INTERNET & PHONE CABLE U ,1.0
NRW,35 - 39,44.98,44.98,30.0,0.0,RED INTERNET & PHONE CABLE U ,1.0
KBW,60 - 64,44.99,44.99,30.0,0.0,GIGAZUHAUSE KABEL ,1.0
KBW,30 - 34,39.99,39.99,30.0,0.0,RED INTERNET & PHONE CABLE U ,1.0
KBW,65 - 69,32.99,32.99,30.0,0.0,VF RIP U-TREUE  ,1.0
NRW,60 - 64,44.98,44.98,30.0,0.0,RED INTERNET & PHONE CABLE U ,1.0
NRW,50 - 54,49.97,49.97,30.0,0.0,VF CABLEMAX     ,1.0
HSN,40 - 44,54.99,54.99,30.0,0.0,RED INTERNET & PHONE CABLE U ,0.0
KBW,40 - 44,59.99,49.99,30.0,0.0,RED INTERNET & PHONE CABLE U ,0.0
NRW,30 - 34,44.98,44.98,30.0,0.0,RED INTERNET & PHONE CABLE U ,1.0
NRW,25 - 29,34.99,34.99,30.0,0.0,RED INTERNET & PHONE CABLE U ,0.0
HSN,45 - 49,49.97,49.97,30.0,0.0,VF CABLEMAX     ,0.0
HSN,60 - 64,52.96,32.99,30.0,0.0,VF RIP U-TREUE  ,1.0
KBW,25 - 29,39.98,39.98,30.0,0.0,VF CABLEMAX     ,0.0
NRW,55 - 59,34.99,34.99,30.0,0.0,RED INTERNET & PHONE CABLE U ,0.0
NRW,70 - 74,37.99,37.99,30.0,0.0,VF RIP U-TREUE  ,0.0
NRW,30 - 34,44.98,44.98,30.0,0.0,VF CABLEMAX     ,1.0
NRW,45 - 49,34.99,34.99,30.0,0.0,RED INTERNET & PHONE CABLE U ,0.0
NRW,55 - 59,33.74,33.74,30.0,0.0,2PLAY        ,0.0
NRW,35 - 39,39.98,39.98,30.0,0.0,RED INTERNET & PHONE CABLE U ,1.0
NRW,40 - 44,49.99,49.99,30.0,0.0,RED INTERNET & PHONE CABLE U ,0.0
KBW,40 - 44,49.99,49.99,30.0,0.0,RED INTERNET & PHONE CABLE U ,0.0
KBW,30 - 34,32.99,32.99,30.0,0.0,VF RIP U-TREUE  ,0.0
NRW,25 - 29,58.98,58.98,30.0,0.0,RED INTERNET & PHONE CABLE U ,1.0
NRW,75 - 79,37.98,37.98,30.0,0.0,VF RIP U-TREUE  ,0.0
NRW,70 - 74,34.99,34.99,30.0,0.0,VF RIP U-TREUE  ,1.0
KBW,30 - 34,39.99,39.99,30.0,0.0,RED INTERNET & PHONE CABLE U ,1.0
NRW,45 - 49,22.99,22.99,30.0,0.0,EAZY FLEX    ,0.0
KBW,80 and over,39.99,39.99,30.0,0.0,RED INTERNET & PHONE CABLE U ,0.0
NRW,75 - 79,49.97,49.97,30.0,0.0,VF CABLEMAX     ,1.0
NRW,40 - 44,39.98,39.98,30.0,0.0,RED INTERNET & PHONE CABLE U ,1.0
NRW,40 - 44,24.99,24.99,30.0,0.0,INTERNET COMFORT     ,1.0
NRW,40 - 44,34.99,34.99,30.0,0.0,RED INTERNET & PHONE CABLE U ,1.0
HSN,45 - 49,49.97,49.97,30.0,0.0,VF CABLEMAX     ,0.0
NRW,30 - 34,44.98,44.98,30.0,0.0,RED INTERNET & PHONE CABLE U ,1.0
KBW,70 - 74,49.97,49.97,30.0,0.0,VF CABLEMAX     ,1.0
NRW,40 - 44,39.99,39.99,30.0,0.0,RED INTERNET & PHONE CABLE U ,0.0
KBW,55 - 59,60.96,39.98,30.0,0.0,RED INTERNET & PHONE CABLE U ,1.0
KBW,18 - 24,39.98,39.98,30.0,0.0,RED INTERNET & PHONE CABLE U ,1.0
NRW,40 - 44,44.97,44.97,30.0,0.0,GIGAZUHAUSE KABEL ,1.0
HSN,60 - 64,79.96,49.99,30.0,0.0,RED INTERNET & PHONE CABLE U ,0.0
HSN,65 - 69,42.97,42.97,30.0,0.0,RED INTERNET & PHONE CABLE U ,0.0
NRW,18 - 24,42.98,42.98,30.0,0.0,RED INTERNET & PHONE CABLE U ,0.0
NRW,45 - 49,44.98,44.98,30.0,0.0,RED INTERNET & PHONE CABLE U ,1.0
KBW,40 - 44,39.99,39.99,30.0,0.0,RED INTERNET & PHONE CABLE U ,0.0
KBW,65 - 69,64.97,39.99,30.0,0.0,VF RIP U-TREUE  ,0.0
HSN,40 - 44,39.99,39.99,30.0,0.0,RED INTERNET & PHONE CABLE U ,1.0
NRW,35 - 39,39.99,39.99,30.0,0.0,RED INTERNET & PHONE CABLE U ,1.0
KBW,25 - 29,34.99,34.99,30.0,0.0,RED INTERNET & PHONE CABLE U ,1.0
NRW,35 - 39,44.98,44.98,30.0,0.0,VF CABLEMAX     ,0.0
NRW,65 - 69,56.96,39.98,30.0,0.0,VF CABLEMAX     ,1.0
NRW,25 - 29,39.98,39.98,30.0,0.0,VF CABLEMAX     ,0.0
KBW,25 - 29,39.99,39.99,30.0,0.0,RED INTERNET & PHONE CABLE U ,1.0
KBW,45 - 49,49.99,49.99,30.0,0.0,GIGAZUHAUSE KABEL ,0.0
HSN,25 - 29,34.99,34.99,30.0,0.0,RED INTERNET & PHONE CABLE U ,1.0
HSN,60 - 64,34.99,34.99,30.0,0.0,RED INTERNET & PHONE CABLE U ,1.0
KBW,30 - 34,44.98,44.98,30.0,0.0,VF CABLEMAX     ,1.0
KBW,70 - 74,39.99,39.99,30.0,0.0,RED INTERNET & PHONE CABLE U ,0.0
KBW,65 - 69,47.98,47.98,30.0,0.0,2PLAY PLUS       ,1.0
HSN,35 - 39,34.99,34.99,30.0,0.0,RED INTERNET & PHONE CABLE U ,1.0
NRW,40 - 44,49.99,49.99,30.0,0.0,VF RIP U-TREUE  ,1.0
KBW,40 - 44,42.98,42.98,30.0,0.0,VF RIP U-TREUE  ,0.0
KBW,55 - 59,42.97,42.97,30.0,0.0,RED INTERNET & PHONE CABLE U ,0.0
NRW,55 - 59,47.97,44.98,30.0,0.0,VF RIP U-TREUE  ,1.0
NRW,40 - 44,44.98,44.98,30.0,0.0,VF CABLEMAX     ,1.0
NRW,18 - 24,44.98,44.98,30.0,0.0,VF CABLEMAX     ,1.0
NRW,70 - 74,55.97,34.99,30.0,0.0,RED INTERNET & PHONE CABLE U ,1.0
NRW,65 - 69,60.98,39.99,30.0,0.0,VF RIP U-TREUE  ,0.0
NRW,75 - 79,34.99,34.99,30.0,0.0,VF RIP U-TREUE  ,1.0
HSN,35 - 39,44.98,44.98,30.0,0.0,VF CABLEMAX     ,1.0
HSN,50 - 54,49.99,49.99,30.0,0.0,RED INTERNET & PHONE CABLE U ,1.0
NRW,40 - 44,44.98,44.98,30.0,0.0,RED INTERNET & PHONE CABLE U ,0.0
KBW,30 - 34,44.99,44.99,30.0,0.0,GIGAZUHAUSE KABEL ,1.0
KBW,30 - 34,39.98,39.98,30.0,0.0,RED INTERNET & PHONE CABLE U ,1.0
NRW,25 - 29,44.98,44.98,30.0,0.0,RED INTERNET & PHONE CABLE U ,0.0
KBW,35 - 39,34.99,34.99,30.0,0.0,RED INTERNET & PHONE CABLE U ,0.0
KBW,25 - 29,54.99,54.99,30.0,0.0,RED INTERNET & PHONE CABLE U ,0.0
NRW,50 - 54,34.99,34.99,30.0,0.0,RED INTERNET & PHONE CABLE U ,1.0
NRW,25 - 29,34.99,34.99,99.0,0.0,VF RIP U-TREUE  ,1.0
NRW,30 - 34,44.98,44.98,30.0,0.0,RED INTERNET & PHONE CABLE U ,1.0
NRW,25 - 29,44.98,44.98,30.0,0.0,VF CABLEMAX     ,1.0
NRW,40 - 44,52.98,52.98,30.0,0.0,RED INTERNET & PHONE CABLE U ,0.0
NRW,45 - 49,39.99,39.99,30.0,0.0,VF RIP U-TREUE  ,1.0
NRW,40 - 44,39.98,39.98,30.0,0.0,VF CABLEMAX     ,1.0
KBW,60 - 64,27.99,27.99,30.0,0.0,EAZY       ,0.0
HSN,55 - 59,44.98,44.98,30.0,0.0,VF CABLEMAX     ,1.0
NRW,30 - 34,29.99,29.99,30.0,0.0,VF RIP U-TREUE  ,1.0
HSN,30 - 34,39.98,39.98,30.0,0.0,VF CABLEMAX     ,1.0
KBW,25 - 29,39.99,39.99,30.0,0.0,RED INTERNET & PHONE CABLE U ,1.0
NRW,75 - 79,44.98,44.98,30.0,0.0,RED INTERNET & PHONE CABLE U ,1.0
KBW,40 - 44,34.99,34.99,30.0,0.0,RED INTERNET & PHONE CABLE U ,1.0
HSN,70 - 74,34.99,34.99,30.0,0.0,RED INTERNET & PHONE CABLE U ,1.0
NRW,25 - 29,34.99,34.99,30.0,0.0,RED INTERNET & PHONE CABLE U ,1.0
NRW,35 - 39,44.98,44.98,30.0,0.0,VF CABLEMAX     ,1.0
KBW,70 - 74,32.99,32.99,30.0,0.0,VF RIP U-TREUE  ,0.0
KBW,25 - 29,44.98,44.98,30.0,0.0,RED INTERNET & PHONE CABLE U ,1.0
HSN,30 - 34,39.99,39.99,30.0,0.0,VF RIP U-TREUE  ,0.0
HSN,35 - 39,44.98,44.98,30.0,0.0,RED INTERNET & PHONE CABLE U ,1.0
KBW,50 - 54,47.99,47.99,30.0,0.0,VF RIP U-TREUE  ,1.0
KBW,65 - 69,59.97,29.99,30.0,0.0,VF RIP U-TREUE  ,1.0
KBW,35 - 39,39.98,39.98,30.0,0.0,VF CABLEMAX     ,1.0
NRW,25 - 29,34.99,34.99,30.0,0.0,RED INTERNET & PHONE CABLE U ,1.0
KBW,50 - 54,34.99,34.99,30.0,0.0,RED INTERNET & PHONE CABLE U ,1.0
KBW,45 - 49,44.98,44.98,30.0,0.0,VF CABLEMAX     ,1.0
KBW,30 - 34,49.97,49.97,30.0,0.0,VF CABLEMAX     ,1.0
KBW,45 - 49,19.99,19.99,30.0,0.0,RED INTERNET & PHONE CABLE U ,1.0
KBW,75 - 79,70.97,49.99,30.0,0.0,VF RIP U-TREUE  ,1.0
KBW,25 - 29,19.99,19.99,30.0,0.0,EAZY       ,1.0
KBW,25 - 29,44.98,44.98,30.0,0.0,VF CABLEMAX     ,0.0
KBW,80 and over,34.99,34.99,30.0,0.0,RED INTERNET & PHONE CABLE U ,0.0
KBW,30 - 34,39.99,39.99,30.0,0.0,RED INTERNET & PHONE CABLE U ,0.0
NRW,40 - 44,34.99,34.99,30.0,0.0,RED INTERNET & PHONE CABLE U ,1.0
NRW,75 - 79,62.97,37.99,30.0,0.0,VF RIP U-TREUE  ,1.0
NRW,30 - 34,39.99,39.99,30.0,0.0,RED INTERNET & PHONE CABLE U ,1.0
HSN,35 - 39,34.99,34.99,30.0,0.0,RED INTERNET & PHONE CABLE U ,0.0
NRW,35 - 39,34.98,34.98,30.0,0.0,RED INTERNET & PHONE CABLE U ,1.0
NRW,35 - 39,37.99,37.99,30.0,0.0,VF RIP U-TREUE  ,0.0
KBW,55 - 59,54.99,54.99,30.0,0.0,RED INTERNET & PHONE CABLE U ,0.0
HSN,60 - 64,29.98,29.98,30.0,0.0,GIGAZUHAUSE TREUE C ,0.0
NRW,60 - 64,29.99,29.99,30.0,0.0,RED INTERNET & PHONE CABLE U ,0.0
KBW,65 - 69,34.99,34.99,30.0,0.0,RED INTERNET & PHONE CABLE U ,0.0
NRW,60 - 64,52.98,42.98,30.0,0.0,VF RIP U-TREUE  ,1.0
NRW,50 - 54,37.98,37.98,30.0,0.0,VF RIP U-TREUE  ,1.0
NRW,55 - 59,39.98,39.98,24.0,0.0,GIGAZUHAUSE KABEL ,0.0
NRW,70 - 74,49.97,49.97,30.0,0.0,VF CABLEMAX     ,1.0
NRW,30 - 34,37.98,37.98,30.0,0.0,VF RIP U-TREUE  ,1.0
NRW,35 - 39,39.98,39.98,30.0,0.0,VF CABLEMAX     ,0.0
HSN,55 - 59,53.98,53.98,30.0,0.0,RED INTERNET & PHONE CABLE U ,0.0
NRW,45 - 49,52.98,52.98,30.0,0.0,GIGAZUHAUSE KABEL ,1.0
KBW,60 - 64,37.99,37.99,30.0,0.0,VF RIP U-TREUE  ,0.0
HSN,60 - 64,54.99,54.99,30.0,0.0,RED INTERNET & PHONE CABLE U ,0.0
KBW,35 - 39,39.98,39.98,30.0,0.0,RED INTERNET & PHONE CABLE U ,1.0
NRW,35 - 39,44.98,44.98,30.0,0.0,VF CABLEMAX     ,0.0
NRW,45 - 49,54.98,44.98,30.0,0.0,RED INTERNET & PHONE CABLE U ,1.0
KBW,55 - 59,39.99,39.99,30.0,0.0,VF RIP U-TREUE  ,0.0
HSN,35 - 39,39.99,39.99,30.0,0.0,RED INTERNET & PHONE CABLE U ,1.0
HSN,35 - 39,50.98,29.99,30.0,0.0,VF RIP U-TREUE  ,1.0
KBW,35 - 39,34.98,34.98,30.0,0.0,VF CABLEMAX     ,1.0
KBW,45 - 49,44.98,44.98,30.0,0.0,VF CABLEMAX     ,1.0
KBW,25 - 29,42.98,42.98,30.0,0.0,VF RIP U-TREUE  ,0.0
KBW,45 - 49,57.96,47.96,30.0,0.0,VF CABLEMAX     ,1.0
HSN,30 - 34,39.98,39.98,30.0,0.0,RED INTERNET & PHONE CABLE U ,1.0
KBW,35 - 39,39.98,39.98,30.0,0.0,RED INTERNET & PHONE CABLE U ,1.0
NRW,18 - 24,54.99,54.99,30.0,0.0,RED INTERNET & PHONE CABLE U ,1.0
KBW,35 - 39,57.97,37.98,30.0,0.0,VF RIP U-TREUE  ,0.0
KBW,25 - 29,34.99,34.99,30.0,0.0,RED INTERNET & PHONE CABLE U ,1.0
NRW,30 - 34,37.99,37.99,30.0,0.0,VF RIP U-TREUE  ,1.0
NRW,60 - 64,29.99,29.99,30.0,0.0,VF RIP U-TREUE  ,0.0
KBW,60 - 64,49.99,49.99,30.0,0.0,RED INTERNET & PHONE CABLE U ,0.0
NRW,30 - 34,34.99,34.99,30.0,0.0,RED INTERNET & PHONE CABLE U ,1.0
NRW,55 - 59,42.98,42.98,30.0,0.0,2PLAY PLUS       ,0.0
HSN,60 - 64,39.99,39.99,30.0,0.0,RED INTERNET & PHONE CABLE U ,0.0
NRW,55 - 59,29.99,29.99,30.0,0.0,VF RIP U-TREUE  ,0.0
NRW,35 - 39,39.99,39.99,30.0,0.0,RED INTERNET & PHONE CABLE U ,0.0
NRW,45 - 49,44.98,44.98,30.0,0.0,RED INTERNET & PHONE CABLE U ,0.0
NRW,35 - 39,42.97,42.97,30.0,0.0,RED INTERNET & PHONE CABLE U ,1.0
HSN,30 - 34,39.99,39.99,30.0,0.0,RED INTERNET & PHONE CABLE U ,0.0
NRW,30 - 34,44.98,44.98,30.0,0.0,VF CABLEMAX     ,1.0
NRW,40 - 44,72.97,37.99,30.0,0.0,VF RIP U-TREUE  ,1.0
KBW,30 - 34,44.98,44.98,30.0,0.0,RED INTERNET & PHONE CABLE U ,1.0
HSN,70 - 74,44.98,44.98,30.0,0.0,RED INTERNET & PHONE CABLE U ,1.0
NRW,18 - 24,39.99,39.99,30.0,0.0,RED INTERNET & PHONE CABLE U ,1.0
NRW,55 - 59,54.97,44.98,30.0,0.0,VF RIP U-TREUE  ,1.0
NRW,40 - 44,47.98,47.98,30.0,0.0,2PLAY PLUS       ,0.0
KBW,25 - 29,44.98,44.98,30.0,0.0,RED INTERNET & PHONE CABLE U ,0.0
NRW,40 - 44,61.96,39.99,30.0,0.0,VF RIP U-TREUE  ,1.0
NRW,25 - 29,39.99,39.99,30.0,0.0,RED INTERNET & PHONE CABLE U ,1.0
NRW,60 - 64,45.98,39.99,30.0,0.0,VF RIP U-TREUE  ,1.0
NRW,35 - 39,29.99,29.99,30.0,0.0,VF RIP U-TREUE  ,1.0
NRW,50 - 54,54.99,54.99,30.0,0.0,RED INTERNET & PHONE CABLE U ,1.0
NRW,65 - 69,75.94,44.98,30.0,0.0,3PLAY PLUS       ,1.0
HSN,35 - 39,39.99,39.99,30.0,0.0,RED INTERNET & PHONE CABLE U ,1.0
NRW,50 - 54,44.98,44.98,30.0,0.0,VF CABLEMAX     ,1.0
NRW,30 - 34,44.98,44.98,30.0,0.0,VF CABLEMAX     ,1.0
KBW,55 - 59,72.95,42.98,30.0,0.0,VF RIP U-TREUE  ,0.0
KBW,80 and over,34.99,34.99,30.0,0.0,RED INTERNET & PHONE CABLE U ,0.0
KBW,25 - 29,44.98,44.98,87.0,0.0,RED INTERNET & PHONE CABLE U ,1.0
KBW,55 - 59,39.99,39.99,30.0,0.0,RED INTERNET & PHONE CABLE U ,1.0
HSN,35 - 39,39.99,39.99,30.0,0.0,VF RIP U-TREUE  ,0.0
NRW,30 - 34,27.98,27.98,30.0,0.0,VF RIP U-TREUE  ,0.0
NRW,35 - 39,39.99,39.99,30.0,0.0,VF RIP U-TREUE  ,1.0
HSN,75 - 79,64.98,64.98,30.0,0.0,GIGAZUHAUSE KABEL ,0.0
NRW,65 - 69,34.99,34.99,30.0,0.0,RED INTERNET & PHONE CABLE U ,0.0
NRW,25 - 29,24.99,24.99,30.0,0.0,VF RIP U-TREUE  ,1.0
KBW,40 - 44,44.97,44.97,30.0,0.0,VF CABLEMAX     ,1.0
KBW,35 - 39,44.98,44.98,30.0,0.0,VF CABLEMAX     ,1.0
HSN,40 - 44,9.98,9.98,30.0,0.0,HSI HZ BOX ONLY    ,0.0
KBW,35 - 39,44.98,44.98,30.0,0.0,VF CABLEMAX     ,1.0
NRW,40 - 44,34.99,34.99,30.0,0.0,RED INTERNET & PHONE CABLE U ,0.0
NRW,25 - 29,44.98,44.98,30.0,0.0,RED INTERNET & PHONE CABLE U ,0.0
KBW,40 - 44,44.98,44.98,30.0,0.0,RED INTERNET & PHONE CABLE U ,0.0
HSN,45 - 49,49.98,49.98,30.0,0.0,TREUEPLUS     ,1.0
HSN,30 - 34,24.99,24.99,30.0,0.0,INTERNET COMFORT     ,1.0
NRW,65 - 69,43.97,43.97,30.0,0.0,RED INTERNET & PHONE CABLE U ,1.0
NRW,60 - 64,49.99,49.99,30.0,0.0,RED INTERNET & PHONE CABLE U ,0.0
NRW,50 - 54,55.98,34.99,30.0,0.0,RED INTERNET & PHONE CABLE U ,1.0
KBW,35 - 39,39.98,39.98,30.0,0.0,VF CABLEMAX     ,0.0
KBW,30 - 34,34.99,34.99,30.0,0.0,RED INTERNET & PHONE CABLE U ,1.0
NRW,80 and over,54.97,44.98,30.0,0.0,RED INTERNET & PHONE CABLE U ,0.0
KBW,55 - 59,52.98,52.98,30.0,0.0,2PLAY PLUS       ,0.0
NRW,45 - 49,44.98,44.98,30.0,0.0,RED INTERNET & PHONE CABLE U ,1.0
NRW,70 - 74,39.98,39.98,30.0,0.0,RED INTERNET & PHONE CABLE U ,1.0
HSN,45 - 49,49.97,49.97,30.0,0.0,VF CABLEMAX     ,0.0
NRW,50 - 54,59.99,59.99,30.0,0.0,RED INTERNET & PHONE CABLE U ,1.0
NRW,70 - 74,29.99,29.99,30.0,0.0,VF RIP U-TREUE  ,1.0
KBW,25 - 29,34.99,34.99,30.0,0.0,RED INTERNET & PHONE CABLE U ,1.0
NRW,40 - 44,19.99,19.99,30.0,0.0,30ZY       ,1.0
KBW,35 - 39,37.98,37.98,30.0,0.0,VF RIP U-TREUE  ,0.0
NRW,35 - 39,44.98,44.98,30.0,0.0,RED INTERNET & PHONE CABLE U ,1.0
KBW,35 - 39,39.98,39.98,30.0,0.0,RED INTERNET & PHONE CABLE U ,1.0
NRW,25 - 29,34.99,34.99,30.0,0.0,RED INTERNET & PHONE CABLE U ,1.0
NRW,30 - 34,39.98,39.98,30.0,0.0,VF CABLEMAX     ,0.0
KBW,30 - 34,39.99,39.99,30.0,0.0,RED INTERNET & PHONE CABLE U ,1.0
NRW,45 - 49,32.99,32.99,30.0,0.0,VF RIP U-TREUE  ,1.0
KBW,70 - 74,34.99,34.99,30.0,0.0,RED INTERNET & PHONE CABLE U ,0.0
NRW,40 - 44,47.97,47.97,30.0,0.0,GIGAZUHAUSE KABEL ,1.0
KBW,45 - 49,39.77,39.43,30.0,0.0,3PLAY PLUS       ,0.0
NRW,35 - 39,39.99,39.99,30.0,0.0,RED INTERNET & PHONE CABLE U ,1.0
NRW,25 - 29,44.98,44.98,30.0,0.0,VF CABLEMAX     ,0.0
KBW,65 - 69,70.98,49.99,30.0,0.0,VF RIP U-TREUE  ,1.0
NRW,60 - 64,44.98,44.98,30.0,0.0,RED INTERNET & PHONE CABLE U ,1.0
NRW,80 and over,44.98,44.98,30.0,0.0,VF CABLEMAX     ,1.0
NRW,55 - 59,48.97,48.97,30.0,0.0,3PLAY START       ,0.0
HSN,75 - 79,51.85,40.86,30.0,0.0,2PLAY        ,0.0
KBW,70 - 74,45.98,32.99,30.0,0.0,VF RIP U-TREUE  ,0.0
NRW,55 - 59,49.97,49.97,30.0,0.0,VF CABLEMAX     ,0.0
NRW,30 - 34,24.99,24.99,30.0,0.0,INTERNET COMFORT     ,1.0
NRW,40 - 44,39.98,39.98,30.0,0.0,VF CABLEMAX     ,0.0
NRW,25 - 29,34.99,34.99,30.0,0.0,RED INTERNET & PHONE CABLE U ,0.0
KBW,40 - 44,47.99,47.99,30.0,0.0,VF RIP U-TREUE  ,1.0
HSN,25 - 29,44.98,44.98,30.0,0.0,RED INTERNET & PHONE CABLE U ,0.0
NRW,55 - 59,39.99,39.99,30.0,0.0,VF RIP U-TREUE  ,1.0
NRW,60 - 64,39.99,39.99,30.0,0.0,VF RIP U-TREUE  ,0.0
HSN,35 - 39,29.99,29.99,30.0,0.0,VF RIP U-TREUE  ,1.0
NRW,35 - 39,39.99,39.99,30.0,0.0,RED INTERNET & PHONE CABLE U ,1.0
NRW,40 - 44,39.99,39.99,30.0,0.0,RED INTERNET & PHONE CABLE U ,1.0
KBW,80 and over,34.98,34.98,30.0,0.0,RED INTERNET & PHONE CABLE U ,0.0
KBW,65 - 69,44.98,44.98,30.0,0.0,VF CABLEMAX     ,0.0
KBW,50 - 54,32.99,32.99,30.0,0.0,VF RIP U-TREUE  ,1.0
HSN,25 - 29,39.99,39.99,30.0,0.0,RED INTERNET & PHONE CABLE U ,1.0
NRW,60 - 64,74.95,49.97,30.0,0.0,RED INTERNET & PHONE CABLE U ,1.0
KBW,40 - 44,44.98,44.98,30.0,0.0,VF CABLEMAX     ,1.0
KBW,35 - 39,34.99,34.99,30.0,0.0,RED INTERNET & PHONE CABLE U ,0.0
KBW,60 - 64,34.99,34.99,30.0,0.0,VF RIP U-TREUE  ,1.0
KBW,55 - 59,49.97,49.97,30.0,0.0,VF CABLEMAX     ,0.0
NRW,30 - 34,29.99,29.99,30.0,0.0,VF RIP U-TREUE  ,1.0
NRW,75 - 79,64.98,39.99,30.0,0.0,VF RIP U-TREUE  ,0.0
KBW,25 - 29,44.98,44.98,30.0,0.0,RED INTERNET & PHONE CABLE U ,1.0
KBW,50 - 54,42.97,42.97,30.0,0.0,RED INTERNET & PHONE CABLE U ,0.0
NRW,40 - 44,39.98,39.98,30.0,0.0,VF CABLEMAX     ,1.0
KBW,50 - 54,39.98,39.98,30.0,0.0,GIGAZUHAUSE KABEL ,1.0
HSN,45 - 49,52.98,52.98,30.0,0.0,VF RIP U-TREUE  ,1.0
NRW,30 - 34,24.99,24.99,30.0,0.0,INTERNET COMFORT     ,1.0
NRW,30 - 34,34.99,34.99,30.0,0.0,RED INTERNET & PHONE CABLE U ,1.0
KBW,40 - 44,44.98,44.98,30.0,0.0,VF CABLEMAX     ,1.0
HSN,40 - 44,29.99,29.99,30.0,0.0,VF RIP U-TREUE  ,1.0
KBW,18 - 24,34.99,34.99,30.0,0.0,RED INTERNET & PHONE CABLE U ,1.0
NRW,30 - 34,44.98,44.98,30.0,0.0,VF CABLEMAX     ,0.0
NRW,65 - 69,44.97,44.97,30.0,0.0,RED INTERNET & PHONE CABLE U ,1.0
KBW,70 - 74,49.97,49.97,30.0,0.0,VF CABLEMAX     ,0.0
KBW,60 - 64,29.99,29.99,30.0,0.0,VF RIP U-TREUE  ,0.0
KBW,55 - 59,34.99,34.99,30.0,0.0,RED INTERNET & PHONE CABLE U ,0.0
KBW,55 - 59,44.98,44.98,30.0,0.0,VF CABLEMAX     ,0.0
HSN,30 - 34,47.97,47.97,30.0,0.0,GIGAZUHAUSE KABEL ,1.0
KBW,30 - 34,39.99,39.99,30.0,0.0,RED INTERNET & PHONE CABLE U ,1.0
NRW,25 - 29,47.98,44.98,30.0,0.0,RED INTERNET & PHONE CABLE U ,0.0
NRW,70 - 74,32.99,32.99,30.0,0.0,VF RIP U-TREUE  ,1.0
NRW,80 and over,34.99,34.99,30.0,0.0,RED INTERNET & PHONE CABLE U ,0.0
NRW,30 - 34,44.97,44.98,30.0,0.0,RED INTERNET & PHONE CABLE U ,1.0
NRW,60 - 64,34.99,34.99,30.0,0.0,RED INTERNET & PHONE CABLE U ,0.0
KBW,55 - 59,39.98,39.98,30.0,0.0,VF CABLEMAX     ,0.0
KBW,60 - 64,34.99,34.99,30.0,0.0,RED INTERNET & PHONE CABLE U ,0.0
NRW,65 - 69,39.99,39.99,30.0,0.0,VF RIP U-TREUE  ,1.0
HSN,60 - 64,42.98,42.98,30.0,0.0,VF RIP U-TREUE  ,1.0
NRW,50 - 54,44.97,44.97,30.0,0.0,RED INTERNET & PHONE CABLE U ,1.0
NRW,80 and over,47.97,47.97,30.0,0.0,VF RIP U-TREUE  ,0.0
KBW,55 - 59,54.99,54.99,30.0,0.0,RED INTERNET & PHONE CABLE U ,0.0
KBW,35 - 39,44.98,44.98,30.0,0.0,VF CABLEMAX     ,1.0
KBW,65 - 69,39.98,39.98,30.0,0.0,VF CABLEMAX     ,1.0
NRW,55 - 59,39.98,29.99,30.0,0.0,VF RIP U-TREUE  ,0.0
NRW,60 - 64,34.99,34.99,30.0,0.0,RED INTERNET & PHONE CABLE U ,1.0
KBW,30 - 34,44.98,44.98,30.0,0.0,VF CABLEMAX     ,1.0
KBW,40 - 44,44.98,44.98,30.0,0.0,VF CABLEMAX     ,1.0
NRW,25 - 29,44.98,44.98,30.0,0.0,VF CABLEMAX     ,0.0
KBW,60 - 64,44.98,44.98,30.0,0.0,VF CABLEMAX     ,1.0
KBW,40 - 44,24.99,24.99,30.0,0.0,INTERNET COMFORT     ,1.0
HSN,35 - 39,39.98,39.98,30.0,0.0,RED INTERNET & PHONE CABLE U ,0.0
NRW,35 - 39,48.97,48.97,30.0,0.0,VF CABLEMAX     ,1.0
NRW,75 - 79,59.98,59.98,30.0,0.0,2PLAY FLY      ,0.0
NRW,35 - 39,39.98,39.98,30.0,0.0,VF CABLEMAX     ,1.0
KBW,30 - 34,44.98,44.98,30.0,0.0,RED INTERNET & PHONE CABLE U ,0.0
NRW,70 - 74,50.98,29.99,30.0,0.0,VF RIP U-TREUE  ,0.0
NRW,40 - 44,42.98,42.98,30.0,0.0,VF RIP U-TREUE  ,1.0
KBW,55 - 59,44.98,44.98,30.0,0.0,VF CABLEMAX     ,1.0
NRW,65 - 69,53.98,53.98,30.0,0.0,RED INTERNET & PHONE CABLE U ,1.0
NRW,40 - 44,39.99,39.99,30.0,0.0,RED INTERNET & PHONE CABLE U ,0.0
KBW,65 - 69,69.96,49.97,30.0,0.0,VF CABLEMAX     ,1.0
NRW,70 - 74,50.97,29.99,30.0,0.0,VF RIP U-TREUE  ,0.0
HSN,45 - 49,49.99,49.99,30.0,0.0,RED INTERNET & PHONE CABLE U ,1.0
KBW,50 - 54,39.99,39.99,30.0,0.0,RED INTERNET & PHONE CABLE U ,1.0
HSN,80 and over,34.99,34.99,30.0,0.0,RED INTERNET & PHONE CABLE U ,0.0
KBW,60 - 64,47.97,42.98,30.0,0.0,VF RIP U-TREUE  ,1.0
HSN,35 - 39,32.98,32.98,30.0,0.0,VF RIP U-TREUE  ,0.0
KBW,80 and over,34.99,34.99,30.0,0.0,RED INTERNET & PHONE CABLE U ,0.0
KBW,55 - 59,44.98,44.98,30.0,0.0,VF RIP U-TREUE  ,1.0
KBW,25 - 29,42.98,42.98,30.0,0.0,VF RIP U-TREUE  ,0.0
NRW,40 - 44,49.97,49.97,30.0,0.0,VF CABLEMAX     ,0.0
NRW,80 and over,64.98,39.99,30.0,0.0,3PLAY TREUE      ,1.0
KBW,65 - 69,52.35,32.99,30.0,0.0,VF RIP U-TREUE  ,0.0
KBW,30 - 34,39.99,39.99,30.0,0.0,VF RIP U-TREUE  ,1.0
KBW,55 - 59,49.99,49.99,30.0,0.0,RED INTERNET & PHONE CABLE U ,0.0
KBW,55 - 59,54.98,54.98,30.0,0.0,RED INTERNET & PHONE CABLE U ,1.0
KBW,25 - 29,29.99,29.99,65.0,0.0,VF RIP U-TREUE  ,1.0
NRW,55 - 59,34.99,34.99,30.0,0.0,VF RIP U-TREUE  ,0.0
NRW,55 - 59,60.99,39.99,30.0,0.0,3PLAY TREUE      ,0.0
KBW,40 - 44,34.99,34.99,30.0,0.0,RED INTERNET & PHONE CABLE U ,0.0
KBW,35 - 39,27.99,27.99,30.0,0.0,VF RIP U-TREUE  ,1.0
NRW,25 - 29,52.99,52.99,30.0,0.0,VF RIP U-TREUE  ,0.0
NRW,65 - 69,34.99,34.99,30.0,0.0,RED INTERNET & PHONE CABLE U ,0.0
KBW,55 - 59,44.98,44.98,30.0,0.0,VF RIP U-TREUE  ,1.0
KBW,40 - 44,54.98,54.98,30.0,0.0,GIGAZUHAUSE KABEL ,0.0
NRW,70 - 74,25.97,25.97,30.0,0.0,INTERNET        ,1.0
NRW,45 - 49,39.99,39.99,30.0,0.0,VF RIP U-TREUE  ,1.0
HSN,45 - 49,44.98,44.98,30.0,0.0,RED INTERNET & PHONE CABLE U ,1.0
NRW,40 - 44,34.99,34.99,30.0,0.0,RED INTERNET & PHONE CABLE U ,0.0
NRW,25 - 29,44.99,44.99,30.0,0.0,RED INTERNET & PHONE CABLE U ,0.0
NRW,65 - 69,44.97,44.97,30.0,0.0,RED INTERNET & PHONE CABLE U ,1.0
KBW,70 - 74,35.97,32.99,30.0,0.0,VF RIP U-TREUE  ,0.0
KBW,45 - 49,39.99,39.99,30.0,0.0,VF RIP U-TREUE  ,1.0
KBW,75 - 79,39.99,39.99,30.0,0.0,RED INTERNET & PHONE CABLE U ,0.0
NRW,25 - 29,37.99,37.99,30.0,0.0,VF RIP U-TREUE  ,1.0
NRW,25 - 29,39.98,39.98,30.0,0.0,VF CABLEMAX     ,1.0
KBW,65 - 69,49.97,49.97,30.0,0.0,VF CABLEMAX     ,1.0
NRW,40 - 44,39.98,39.98,30.0,0.0,RED INTERNET & PHONE CABLE U ,1.0
NRW,30 - 34,44.98,44.98,30.0,0.0,RED INTERNET & PHONE CABLE U ,1.0
HSN,60 - 64,39.99,39.99,30.0,0.0,RED INTERNET & PHONE CABLE U ,1.0
KBW,25 - 29,29.99,29.99,30.0,0.0,RED INTERNET & PHONE CABLE U ,1.0
HSN,35 - 39,37.98,37.98,30.0,0.0,VF RIP U-TREUE  ,0.0
KBW,30 - 34,65.97,44.98,30.0,0.0,VF CABLEMAX     ,0.0
NRW,30 - 34,39.98,39.98,30.0,0.0,RED INTERNET & PHONE CABLE U ,0.0
NRW,25 - 29,33.99,33.99,30.0,0.0,RED INTERNET & PHONE CABLE U ,1.0
KBW,65 - 69,72.95,42.97,30.0,0.0,RED INTERNET & PHONE CABLE U ,0.0
NRW,18 - 24,44.98,44.98,30.0,0.0,VF CABLEMAX     ,1.0
KBW,55 - 59,42.97,42.97,30.0,0.0,RED INTERNET & PHONE CABLE U ,1.0
HSN,35 - 39,44.98,44.98,30.0,0.0,VF CABLEMAX     ,0.0
NRW,25 - 29,34.99,34.99,30.0,0.0,RED INTERNET & PHONE CABLE U ,0.0
NRW,35 - 39,54.98,54.99,30.0,0.0,RED INTERNET & PHONE CABLE U ,0.0
NRW,50 - 54,39.99,39.99,30.0,0.0,VF RIP U-TREUE  ,1.0
KBW,80 and over,32.99,32.99,30.0,0.0,VF RIP U-TREUE  ,0.0
HSN,18 - 24,44.98,44.98,30.0,0.0,VF CABLEMAX     ,0.0
NRW,35 - 39,44.97,44.97,30.0,0.0,VF CABLEMAX     ,1.0
HSN,40 - 44,49.97,49.97,30.0,0.0,VF RIP U-TREUE  ,1.0
KBW,65 - 69,54.99,54.99,30.0,0.0,RED INTERNET & PHONE CABLE U ,1.0
NRW,25 - 29,49.97,49.97,30.0,0.0,VF CABLEMAX     ,0.0
NRW,25 - 29,44.98,44.98,30.0,0.0,VF CABLEMAX     ,1.0
KBW,60 - 64,37.98,37.98,30.0,0.0,VF RIP U-TREUE  ,1.0
NRW,35 - 39,29.99,29.99,30.0,0.0,VF RIP U-TREUE  ,1.0
NRW,60 - 64,34.99,34.99,30.0,0.0,RED INTERNET & PHONE CABLE U ,0.0
NRW,55 - 59,54.98,54.98,30.0,0.0,GIGAZUHAUSE KABEL ,0.0
HSN,50 - 54,44.97,44.97,78.0,0.0,VF CABLEMAX     ,1.0
NRW,75 - 79,32.99,32.99,30.0,0.0,VF RIP U-TREUE  ,1.0
KBW,55 - 59,44.98,44.98,30.0,0.0,VF CABLEMAX     ,1.0
KBW,25 - 29,39.99,39.99,30.0,0.0,RED INTERNET & PHONE CABLE U ,0.0
NRW,45 - 49,39.99,39.99,30.0,0.0,RED INTERNET & PHONE CABLE U ,1.0
KBW,80 and over,18.98,18.98,30.0,0.0,RED INTERNET & PHONE CABLE U ,1.0
NRW,70 - 74,54.96,39.98,30.0,0.0,RED INTERNET & PHONE CABLE U ,0.0
HSN,65 - 69,50.98,29.99,30.0,0.0,VF RIP U-TREUE  ,0.0
HSN,25 - 29,39.99,39.99,30.0,0.0,RED INTERNET & PHONE CABLE U ,1.0
NRW,35 - 39,32.99,32.99,30.0,0.0,VF RIP U-TREUE  ,0.0
KBW,55 - 59,69.97,39.98,86.0,0.0,VF CABLEMAX     ,0.0
KBW,40 - 44,44.98,44.98,30.0,0.0,VF CABLEMAX     ,1.0
NRW,40 - 44,39.99,39.99,30.0,0.0,RED INTERNET & PHONE CABLE U ,0.0
NRW,50 - 54,49.99,49.99,30.0,0.0,RED INTERNET & PHONE CABLE U ,0.0
HSN,50 - 54,37.98,37.98,30.0,0.0,VF RIP U-TREUE  ,0.0
NRW,25 - 29,44.98,44.98,30.0,0.0,VF CABLEMAX     ,1.0
KBW,55 - 59,34.98,34.98,30.0,0.0,VF RIP U-TREUE  ,1.0
KBW,30 - 34,44.97,44.97,30.0,0.0,RED INTERNET & PHONE CABLE U ,1.0
HSN,55 - 59,29.99,29.99,30.0,0.0,RED INTERNET & PHONE CABLE U ,0.0
KBW,35 - 39,49.99,49.99,30.0,0.0,RED INTERNET & PHONE CABLE U ,0.0
NRW,70 - 74,54.98,34.99,30.0,0.0,RED INTERNET & PHONE CABLE U ,1.0
KBW,35 - 39,39.98,39.98,30.0,0.0,RED INTERNET & PHONE CABLE U ,0.0
KBW,40 - 44,49.99,49.99,30.0,0.0,RED INTERNET & PHONE CABLE U ,1.0
KBW,70 - 74,40.99,19.99,30.0,0.0,INTERNET PREMIUM     ,0.0
KBW,55 - 59,49.99,49.99,30.0,0.0,RED INTERNET & PHONE CABLE U ,1.0
NRW,50 - 54,44.98,44.98,30.0,0.0,VF CABLEMAX     ,0.0
NRW,35 - 39,44.98,44.98,30.0,0.0,VF CABLEMAX     ,1.0
NRW,35 - 39,34.99,34.99,30.0,0.0,RED INTERNET & PHONE CABLE U ,0.0
HSN,60 - 64,54.99,54.99,30.0,0.0,RED INTERNET & PHONE CABLE U ,1.0
NRW,50 - 54,44.98,44.98,30.0,0.0,VF CABLEMAX     ,1.0
KBW,80 and over,65.34,44.99,30.0,0.0,GIGAZUHAUSE KABEL ,0.0
KBW,55 - 59,37.99,37.99,30.0,0.0,VF RIP U-TREUE  ,1.0
NRW,55 - 59,27.99,27.99,30.0,0.0,VF RIP U-TREUE  ,0.0
NRW,50 - 54,44.98,44.98,30.0,0.0,RED INTERNET & PHONE CABLE U ,1.0
NRW,45 - 49,44.98,44.98,30.0,0.0,VF CABLEMAX     ,1.0
KBW,25 - 29,34.99,34.99,30.0,0.0,VF RIP U-TREUE  ,1.0
HSN,35 - 39,44.98,44.98,30.0,0.0,2PLAY PLUS       ,1.0
HSN,40 - 44,42.98,42.98,30.0,0.0,VF RIP U-TREUE  ,0.0
KBW,35 - 39,34.99,34.99,30.0,0.0,RED INTERNET & PHONE CABLE U ,0.0
KBW,35 - 39,44.98,44.98,30.0,0.0,RED INTERNET & PHONE CABLE U ,0.0
HSN,40 - 44,39.98,39.98,30.0,0.0,VF CABLEMAX     ,1.0
KBW,45 - 49,34.99,34.99,30.0,0.0,RED INTERNET & PHONE CABLE U ,1.0
KBW,45 - 49,44.98,44.98,30.0,0.0,RED INTERNET & PHONE CABLE U ,0.0
KBW,35 - 39,49.99,49.99,30.0,0.0,RED INTERNET & PHONE CABLE U ,0.0
KBW,55 - 59,49.97,49.97,30.0,0.0,VF CABLEMAX     ,1.0
KBW,75 - 79,39.99,39.99,30.0,0.0,VF RIP U-TREUE  ,0.0
NRW,40 - 44,49.99,49.99,30.0,0.0,VF RIP U-TREUE  ,0.0
KBW,80 and over,34.99,34.99,30.0,0.0,RED INTERNET & PHONE CABLE U ,1.0
NRW,45 - 49,39.98,39.98,30.0,0.0,RED INTERNET & PHONE CABLE U ,1.0
KBW,45 - 49,49.99,49.99,30.0,0.0,RED INTERNET & PHONE CABLE U ,0.0
KBW,40 - 44,39.99,39.99,30.0,0.0,RED INTERNET & PHONE CABLE U ,1.0
NRW,25 - 29,44.98,44.98,30.0,0.0,RED INTERNET & PHONE CABLE U ,1.0
KBW,30 - 34,34.99,34.99,30.0,0.0,VF RIP U-TREUE  ,0.0
NRW,40 - 44,62.97,42.98,30.0,0.0,VF RIP U-TREUE  ,1.0
NRW,35 - 39,44.98,44.98,30.0,0.0,VF CABLEMAX     ,1.0
HSN,65 - 69,68.96,47.98,30.0,0.0,VF RIP U-TREUE  ,1.0
NRW,35 - 39,39.99,39.99,30.0,0.0,RED INTERNET & PHONE CABLE U ,1.0
HSN,65 - 69,49.97,49.97,30.0,0.0,VF CABLEMAX     ,0.0
NRW,40 - 44,44.98,44.98,30.0,0.0,VF CABLEMAX     ,0.0
NRW,45 - 49,54.98,54.98,30.0,0.0,RED INTERNET & PHONE CABLE U ,0.0
KBW,40 - 44,34.99,34.99,30.0,0.0,RED INTERNET & PHONE CABLE U ,1.0
NRW,18 - 24,34.99,34.99,30.0,0.0,RED INTERNET & PHONE CABLE U ,1.0
KBW,65 - 69,37.98,37.98,30.0,0.0,VF RIP U-TREUE  ,0.0
HSN,60 - 64,44.98,44.98,30.0,1.0,VF CABLEMAX     ,1.0
NRW,70 - 74,59.98,59.99,30.0,0.0,RED INTERNET & PHONE CABLE U ,1.0
KBW,30 - 34,34.99,34.99,30.0,0.0,RED INTERNET & PHONE CABLE U ,1.0
KBW,45 - 49,34.99,34.99,30.0,0.0,RED INTERNET & PHONE CABLE U ,1.0
NRW,40 - 44,44.98,44.98,30.0,0.0,VF CABLEMAX     ,0.0
NRW,40 - 44,44.99,44.99,30.0,0.0,3PLAY TREUE      ,1.0
HSN,40 - 44,34.99,34.99,30.0,0.0,RED INTERNET & PHONE CABLE U ,0.0
NRW,35 - 39,34.99,34.99,30.0,0.0,RED INTERNET & PHONE CABLE U ,1.0
NRW,25 - 29,34.99,34.99,30.0,0.0,RED INTERNET & PHONE CABLE U ,1.0
NRW,35 - 39,32.99,32.99,30.0,0.0,VF RIP U-TREUE  ,0.0
HSN,25 - 29,43.98,43.98,30.0,0.0,RED INTERNET & PHONE CABLE U ,1.0
NRW,45 - 49,53.96,53.96,30.0,0.0,RED INTERNET & PHONE CABLE U ,0.0
NRW,30 - 34,44.98,44.98,30.0,0.0,RED INTERNET & PHONE CABLE U ,1.0
NRW,80 and over,27.74,27.8,30.0,0.0,GIGAZUHAUSE TREUE B ,0.0
NRW,40 - 44,47.99,47.99,30.0,0.0,VF RIP U-TREUE  ,0.0
NRW,45 - 49,39.99,39.99,30.0,0.0,RED INTERNET & PHONE CABLE U ,0.0
NRW,30 - 34,19.99,19.99,30.0,0.0,1PLAY        ,1.0
NRW,45 - 49,39.98,39.98,30.0,0.0,RED INTERNET & PHONE CABLE U ,1.0
NRW,30 - 34,29.99,29.99,30.0,0.0,VF RIP U-TREUE  ,1.0
NRW,40 - 44,64.95,44.97,30.0,0.0,VF CABLEMAX     ,0.0
NRW,35 - 39,39.99,39.99,30.0,0.0,RED INTERNET & PHONE CABLE U ,1.0
NRW,45 - 49,39.98,39.98,30.0,0.0,RED INTERNET & PHONE CABLE U ,0.0
KBW,60 - 64,49.97,49.97,30.0,0.0,VF CABLEMAX     ,0.0
NRW,35 - 39,29.99,29.99,30.0,0.0,VF RIP U-TREUE  ,0.0
NRW,35 - 39,37.98,37.98,112.0,0.0,GIGAZUHAUSE TREUE D ,1.0
NRW,70 - 74,32.99,32.99,30.0,0.0,VF RIP U-TREUE  ,0.0
NRW,40 - 44,37.98,37.98,30.0,0.0,VF RIP U-TREUE  ,1.0
NRW,40 - 44,39.99,39.99,30.0,0.0,RED INTERNET & PHONE CABLE U ,0.0
NRW,80 and over,24.99,24.99,30.0,0.0,RED INTERNET & PHONE CABLE U ,0.0
NRW,35 - 39,29.99,29.99,30.0,0.0,INTERNET PREMIUM     ,0.0
NRW,50 - 54,64.95,64.96,30.0,0.0,VF CABLEMAX     ,1.0
KBW,55 - 59,74.93,44.98,30.0,0.0,VF CABLEMAX     ,0.0
NRW,35 - 39,34.99,34.99,30.0,0.0,RED INTERNET & PHONE CABLE U ,1.0
NRW,50 - 54,29.98,29.98,30.0,0.0,RED INTERNET & PHONE CABLE U ,0.0
KBW,70 - 74,19.99,19.99,30.0,0.0,1PLAY        ,0.0
KBW,30 - 34,29.99,29.99,30.0,0.0,VF RIP U-TREUE  ,1.0
KBW,45 - 49,32.99,32.99,30.0,0.0,VF RIP U-TREUE  ,1.0
KBW,40 - 44,44.98,44.98,30.0,0.0,VF CABLEMAX     ,0.0
NRW,35 - 39,42.97,42.97,30.0,0.0,RED INTERNET & PHONE CABLE U ,1.0
NRW,35 - 39,38.98,38.98,30.0,0.0,RED INTERNET & PHONE CABLE U ,0.0
NRW,55 - 59,34.99,34.99,30.0,0.0,RED INTERNET & PHONE CABLE U ,1.0
NRW,40 - 44,47.98,47.98,30.0,0.0,GIGAZUHAUSE KABEL ,0.0
NRW,45 - 49,44.98,44.98,30.0,0.0,RED INTERNET & PHONE CABLE U ,1.0
KBW,65 - 69,44.99,44.99,30.0,0.0,3PLAY TREUE      ,0.0
NRW,25 - 29,34.99,34.99,30.0,0.0,RED INTERNET & PHONE CABLE U ,1.0
NRW,55 - 59,37.99,37.99,30.0,0.0,VF RIP U-TREUE  ,1.0
HSN,25 - 29,57.97,32.99,30.0,0.0,VF RIP U-TREUE  ,1.0
NRW,50 - 54,44.98,44.98,30.0,0.0,VF CABLEMAX     ,0.0
HSN,65 - 69,32.99,32.99,30.0,0.0,VF RIP U-TREUE  ,0.0
KBW,45 - 49,49.97,39.98,30.0,0.0,VF CABLEMAX     ,0.0
NRW,30 - 34,39.99,39.99,30.0,0.0,RED INTERNET & PHONE CABLE U ,1.0
KBW,60 - 64,42.97,42.97,30.0,0.0,2PLAY PLUS       ,0.0
KBW,60 - 64,61.97,39.99,30.0,0.0,VF RIP U-TREUE  ,0.0
NRW,30 - 34,34.99,34.99,30.0,0.0,RED INTERNET & PHONE CABLE U ,1.0
NRW,55 - 59,54.99,54.99,30.0,0.0,RED INTERNET & PHONE CABLE U ,0.0
NRW,65 - 69,29.99,29.99,30.0,0.0,VF RIP U-TREUE  ,1.0
KBW,45 - 49,40.86,40.86,30.0,0.0,3PLAY PLUS MTA      ,0.0
NRW,25 - 29,0.0,0.0,30.0,0.0,MMA        ,0.0
HSN,70 - 74,29.99,29.99,30.0,0.0,VF RIP U-TREUE  ,1.0
NRW,25 - 29,44.98,44.98,30.0,0.0,RED INTERNET & PHONE CABLE U ,1.0
HSN,35 - 39,24.99,24.99,30.0,0.0,INTERNET COMFORT     ,0.0
KBW,55 - 59,54.98,54.98,30.0,0.0,RED INTERNET & PHONE CABLE U ,0.0
KBW,80 and over,39.99,39.99,30.0,0.0,RED INTERNET & PHONE CABLE U ,1.0
NRW,80 and over,42.98,42.98,30.0,0.0,VF RIP U-TREUE  ,0.0
HSN,25 - 29,39.99,39.99,30.0,0.0,VF RIP U-TREUE  ,0.0
NRW,30 - 34,54.98,54.98,30.0,0.0,RED INTERNET & PHONE CABLE U ,0.0
NRW,65 - 69,42.98,42.98,30.0,0.0,VF RIP U-TREUE  ,0.0
NRW,25 - 29,34.99,34.99,49.0,0.0,RED INTERNET & PHONE CABLE U ,1.0
KBW,65 - 69,37.97,37.97,30.0,0.0,RED INTERNET & PHONE CABLE U ,1.0
NRW,55 - 59,24.99,24.99,30.0,0.0,VF RIP U-TREUE  ,0.0
HSN,55 - 59,34.99,34.99,30.0,0.0,RED INTERNET & PHONE CABLE U ,1.0
NRW,40 - 44,63.97,42.98,30.0,0.0,VF RIP U-TREUE  ,0.0
HSN,65 - 69,34.99,34.99,30.0,0.0,RED INTERNET & PHONE CABLE U ,0.0
KBW,40 - 44,44.98,44.98,30.0,0.0,VF CABLEMAX     ,1.0
KBW,55 - 59,44.98,44.98,30.0,0.0,VF CABLEMAX     ,0.0
HSN,60 - 64,34.99,34.99,30.0,0.0,RED INTERNET & PHONE CABLE U ,0.0
NRW,70 - 74,43.97,43.97,30.0,0.0,VF CABLEMAX     ,1.0
NRW,65 - 69,42.98,42.98,30.0,0.0,VF RIP U-TREUE  ,1.0
KBW,50 - 54,59.95,59.98,30.0,0.0,2PLAY PREMIUM     ,1.0
KBW,80 and over,35.99,32.99,30.0,0.0,VF RIP U-TREUE  ,1.0
KBW,55 - 59,44.97,44.97,30.0,0.0,VF CABLEMAX     ,0.0
NRW,25 - 29,47.97,44.98,30.0,0.0,RED INTERNET & PHONE CABLE U ,1.0
KBW,35 - 39,44.98,44.98,30.0,0.0,VF CABLEMAX     ,0.0
KBW,30 - 34,24.99,24.99,30.0,0.0,INTERNET COMFORT     ,1.0
NRW,30 - 34,39.99,39.99,30.0,0.0,RED INTERNET & PHONE CABLE U ,1.0
NRW,30 - 34,29.99,29.99,30.0,0.0,VF RIP U-TREUE  ,0.0
NRW,70 - 74,42.98,42.98,30.0,0.0,VF RIP U-TREUE  ,0.0
NRW,30 - 34,62.98,62.98,30.0,0.0,GIGAZUHAUSE KABEL ,0.0
KBW,60 - 64,49.97,49.97,30.0,0.0,VF CABLEMAX     ,0.0
NRW,40 - 44,39.99,39.99,30.0,0.0,RED INTERNET & PHONE CABLE U ,1.0
NRW,75 - 79,32.99,32.99,30.0,0.0,VF RIP U-TREUE  ,0.0
KBW,25 - 29,34.99,34.99,30.0,0.0,RED INTERNET & PHONE CABLE U ,0.0
HSN,30 - 34,44.98,44.98,30.0,0.0,RED INTERNET & PHONE CABLE U ,1.0
NRW,45 - 49,39.98,39.98,30.0,0.0,VF CABLEMAX     ,1.0
KBW,75 - 79,32.98,32.99,30.0,0.0,VF RIP U-TREUE  ,0.0
NRW,25 - 29,34.99,34.99,30.0,0.0,RED INTERNET & PHONE CABLE U ,0.0
NRW,30 - 34,39.98,39.98,30.0,0.0,RED INTERNET & PHONE CABLE U ,1.0
KBW,70 - 74,29.99,29.99,30.0,0.0,INTERNET PREMIUM     ,1.0
NRW,35 - 39,34.99,34.99,30.0,0.0,RED INTERNET & PHONE CABLE U ,1.0
NRW,55 - 59,34.99,34.99,30.0,0.0,RED INTERNET & PHONE CABLE U ,1.0
HSN,40 - 44,44.98,44.98,30.0,0.0,RED INTERNET & PHONE CABLE U ,1.0
NRW,25 - 29,44.98,44.98,30.0,0.0,RED INTERNET & PHONE CABLE U ,1.0
NRW,25 - 29,39.98,39.98,30.0,0.0,RED INTERNET & PHONE CABLE U ,1.0
KBW,40 - 44,24.99,24.99,30.0,0.0,INTERNET COMFORT     ,0.0
NRW,40 - 44,34.99,34.99,30.0,0.0,RED INTERNET & PHONE CABLE U ,1.0
KBW,80 and over,30.88,30.88,30.0,0.0,RED INTERNET & PHONE CABLE U ,0.0
KBW,45 - 49,49.99,49.99,30.0,0.0,RED INTERNET & PHONE CABLE U ,0.0
NRW,35 - 39,39.99,39.99,30.0,0.0,VF RIP U-TREUE  ,0.0
KBW,80 and over,39.98,39.98,30.0,0.0,VF CABLEMAX     ,0.0
HSN,50 - 54,24.99,24.99,30.0,0.0,INTERNET COMFORT     ,0.0
KBW,40 - 44,59.98,59.98,30.0,0.0,RED INTERNET & PHONE CABLE U ,0.0
NRW,50 - 54,52.97,42.98,30.0,0.0,VF RIP U-TREUE  ,0.0
HSN,55 - 59,34.99,34.99,30.0,0.0,RED INTERNET & PHONE CABLE U ,0.0
KBW,25 - 29,39.99,39.99,30.0,0.0,RED INTERNET & PHONE CABLE U ,0.0
KBW,75 - 79,54.97,44.98,30.0,0.0,RED INTERNET & PHONE CABLE U ,0.0
KBW,30 - 34,24.99,24.99,30.0,0.0,INTERNET COMFORT     ,0.0
KBW,30 - 34,42.97,42.97,30.0,0.0,RED INTERNET & PHONE CABLE U ,1.0
KBW,45 - 49,34.99,34.99,30.0,0.0,RED INTERNET & PHONE CABLE U ,1.0
NRW,65 - 69,34.99,34.99,30.0,0.0,RED INTERNET & PHONE CABLE U ,0.0
NRW,25 - 29,34.99,34.99,30.0,0.0,RED INTERNET & PHONE CABLE U ,0.0
HSN,30 - 34,39.99,39.99,30.0,0.0,RED INTERNET & PHONE CABLE U ,1.0
KBW,55 - 59,29.99,29.99,30.0,0.0,RED INTERNET & PHONE CABLE U ,0.0
KBW,75 - 79,49.97,49.97,30.0,0.0,VF CABLEMAX     ,1.0
NRW,30 - 34,39.99,39.99,30.0,0.0,RED INTERNET & PHONE CABLE U ,1.0
KBW,55 - 59,39.98,39.98,30.0,0.0,RED INTERNET & PHONE CABLE U ,1.0
KBW,50 - 54,34.99,34.99,30.0,0.0,RED INTERNET & PHONE CABLE U ,1.0
NRW,30 - 34,39.99,39.99,30.0,0.0,RED INTERNET & PHONE CABLE U ,1.0
NRW,40 - 44,24.99,24.99,30.0,0.0,INTERNET COMFORT     ,0.0
KBW,40 - 44,44.98,44.98,30.0,0.0,VF CABLEMAX     ,0.0
KBW,25 - 29,34.99,34.99,30.0,0.0,RED INTERNET & PHONE CABLE U ,1.0
NRW,25 - 29,44.98,44.98,30.0,0.0,RED INTERNET & PHONE CABLE U ,1.0
NRW,40 - 44,38.98,38.98,30.0,0.0,RED INTERNET & PHONE CABLE U ,1.0
HSN,30 - 34,54.98,54.98,30.0,0.0,RED INTERNET & PHONE CABLE U ,1.0
NRW,50 - 54,24.99,24.99,30.0,0.0,VF RIP U-TREUE  ,1.0
NRW,55 - 59,34.99,34.99,30.0,0.0,RED INTERNET & PHONE CABLE U ,0.0
NRW,50 - 54,63.97,63.97,30.0,0.0,RED INTERNET & PHONE CABLE U ,0.0
NRW,70 - 74,44.98,44.98,30.0,0.0,RED INTERNET & PHONE CABLE U ,1.0
HSN,25 - 29,39.98,39.98,30.0,0.0,RED INTERNET & PHONE CABLE U ,1.0
NRW,40 - 44,24.99,24.99,30.0,0.0,VF RIP U-TREUE  ,1.0
NRW,40 - 44,39.98,39.98,30.0,0.0,RED INTERNET & PHONE CABLE U ,0.0
KBW,65 - 69,34.99,34.99,30.0,0.0,RED INTERNET & PHONE CABLE U ,1.0
NRW,40 - 44,44.98,44.98,30.0,0.0,RED INTERNET & PHONE CABLE U ,1.0
KBW,18 - 24,39.99,39.99,30.0,0.0,RED INTERNET & PHONE CABLE U ,1.0
NRW,60 - 64,42.97,42.97,30.0,0.0,RED INTERNET & PHONE CABLE U ,0.0
KBW,60 - 64,34.99,34.99,30.0,0.0,RED INTERNET & PHONE CABLE U ,0.0
NRW,60 - 64,52.97,52.97,30.0,0.0,2PLAY TREUE      ,1.0
NRW,45 - 49,29.99,29.99,30.0,0.0,VF RIP U-TREUE  ,0.0
HSN,35 - 39,44.98,44.98,30.0,0.0,VF CABLEMAX     ,1.0
KBW,25 - 29,54.98,54.98,30.0,1.0,RED INTERNET & PHONE CABLE U ,1.0
NRW,30 - 34,44.98,34.99,30.0,0.0,RED INTERNET & PHONE CABLE U ,0.0
NRW,60 - 64,44.98,44.98,30.0,0.0,VF CABLEMAX     ,1.0
KBW,60 - 64,50.95,57.97,30.0,0.0,3PLAY START       ,0.0
NRW,25 - 29,34.99,34.99,30.0,0.0,RED INTERNET & PHONE CABLE U ,0.0
HSN,55 - 59,39.98,39.98,30.0,0.0,RED INTERNET & PHONE CABLE U ,0.0
KBW,50 - 54,54.99,54.99,30.0,0.0,RED INTERNET & PHONE CABLE U ,1.0
KBW,40 - 44,44.98,44.98,30.0,0.0,VF RIP U-TREUE  ,0.0
KBW,35 - 39,49.99,49.99,30.0,0.0,RED INTERNET & PHONE CABLE U ,0.0
KBW,70 - 74,29.98,29.98,30.0,0.0,VF RIP U-TREUE  ,0.0
KBW,25 - 29,39.99,39.99,30.0,0.0,RED INTERNET & PHONE CABLE U ,1.0
KBW,40 - 44,29.99,29.99,30.0,0.0,VF RIP U-TREUE  ,1.0
KBW,30 - 34,44.98,44.98,30.0,0.0,VF CABLEMAX     ,0.0
NRW,60 - 64,40.98,24.99,30.0,0.0,VF RIP U-TREUE  ,0.0
NRW,45 - 49,29.99,29.99,30.0,0.0,VF RIP U-TREUE  ,0.0
NRW,35 - 39,48.97,48.97,30.0,0.0,VF CABLEMAX     ,1.0
NRW,30 - 34,34.99,34.99,30.0,0.0,RED INTERNET & PHONE CABLE U ,1.0
KBW,50 - 54,44.98,44.98,30.0,0.0,VF CABLEMAX     ,1.0
NRW,60 - 64,44.98,44.98,30.0,0.0,RED INTERNET & PHONE CABLE U ,1.0
KBW,30 - 34,44.98,44.98,30.0,0.0,VF CABLEMAX     ,0.0
KBW,55 - 59,44.98,44.98,30.0,0.0,RED INTERNET & PHONE CABLE U ,0.0
NRW,50 - 54,44.98,44.98,30.0,0.0,VF RIP U-TREUE  ,1.0
KBW,35 - 39,54.99,54.99,30.0,0.0,RED INTERNET & PHONE CABLE U ,0.0
HSN,55 - 59,34.99,34.99,30.0,0.0,RED INTERNET & PHONE CABLE U ,1.0
KBW,60 - 64,44.98,44.98,30.0,0.0,RED INTERNET & PHONE CABLE U ,1.0
KBW,30 - 34,44.98,44.98,30.0,0.0,RED INTERNET & PHONE CABLE U ,1.0
NRW,75 - 79,37.98,37.98,30.0,0.0,VF RIP U-TREUE  ,1.0
KBW,18 - 24,44.98,44.98,30.0,0.0,RED INTERNET & PHONE CABLE U ,0.0
NRW,65 - 69,53.98,53.98,30.0,0.0,RED INTERNET & PHONE CABLE U ,1.0
HSN,40 - 44,56.96,39.99,30.0,0.0,VF RIP U-TREUE  ,1.0
KBW,35 - 39,39.99,39.99,30.0,0.0,RED INTERNET & PHONE CABLE U ,1.0
HSN,45 - 49,39.99,39.99,30.0,0.0,RED INTERNET & PHONE CABLE U ,0.0
NRW,55 - 59,54.99,54.99,30.0,0.0,RED INTERNET & PHONE CABLE U ,1.0
HSN,40 - 44,44.98,44.98,30.0,0.0,VF CABLEMAX     ,0.0
NRW,80 and over,39.98,39.98,30.0,0.0,VF CABLEMAX     ,1.0
HSN,45 - 49,59.99,59.99,30.0,0.0,RED INTERNET & PHONE CABLE U ,1.0
NRW,65 - 69,34.99,34.99,30.0,0.0,RED INTERNET & PHONE CABLE U ,0.0
KBW,25 - 29,39.99,39.99,30.0,0.0,VF CABLEMAX     ,1.0
NRW,55 - 59,34.98,34.98,35.0,0.0,GIGAZUHAUSE TREUE C ,1.0
NRW,55 - 59,39.99,39.99,30.0,0.0,VF RIP U-TREUE  ,1.0
KBW,75 - 79,44.98,44.98,30.0,0.0,VF RIP U-TREUE  ,0.0
HSN,25 - 29,34.99,34.99,30.0,0.0,RED INTERNET & PHONE CABLE U ,1.0
NRW,25 - 29,34.99,34.99,30.0,0.0,RED INTERNET & PHONE CABLE U ,1.0
NRW,55 - 59,44.98,44.98,30.0,0.0,RED INTERNET & PHONE CABLE U ,1.0
NRW,60 - 64,39.99,39.99,30.0,0.0,VF RIP U-TREUE  ,0.0
NRW,30 - 34,44.98,44.98,30.0,0.0,RED INTERNET & PHONE CABLE U ,0.0
NRW,60 - 64,54.98,54.98,30.0,0.0,GIGAZUHAUSE KABEL ,1.0
NRW,70 - 74,42.97,42.98,30.0,0.0,3PLAY PLUS       ,1.0
NRW,55 - 59,56.96,35.99,30.0,0.0,VF RIP U-TREUE  ,1.0
KBW,35 - 39,42.98,42.98,30.0,0.0,VF RIP U-TREUE  ,0.0
NRW,65 - 69,52.96,37.98,30.0,0.0,VF RIP U-TREUE  ,0.0
KBW,80 and over,32.99,32.99,30.0,0.0,VF RIP U-TREUE  ,1.0
HSN,25 - 29,34.99,34.99,30.0,0.0,RED INTERNET & PHONE CABLE U ,0.0
NRW,65 - 69,44.98,34.99,30.0,0.0,VF RIP U-TREUE  ,0.0
NRW,55 - 59,42.97,42.97,30.0,0.0,RED INTERNET & PHONE CABLE U ,1.0
NRW,35 - 39,44.98,44.98,30.0,0.0,VF CABLEMAX     ,1.0
NRW,55 - 59,44.98,44.98,30.0,0.0,RED INTERNET & PHONE CABLE U ,0.0
NRW,35 - 39,44.98,44.98,30.0,0.0,RED INTERNET & PHONE CABLE U ,0.0
KBW,60 - 64,68.95,44.98,30.0,0.0,VF CABLEMAX     ,1.0
NRW,30 - 34,44.98,44.98,30.0,0.0,VF CABLEMAX     ,1.0
KBW,60 - 64,39.99,39.99,30.0,0.0,RED INTERNET & PHONE CABLE U ,0.0
KBW,30 - 34,39.99,39.99,30.0,0.0,RED INTERNET & PHONE CABLE U ,0.0
KBW,40 - 44,39.98,39.98,30.0,0.0,RED INTERNET & PHONE CABLE U ,0.0
KBW,60 - 64,47.98,47.98,30.0,0.0,2PLAY PLUS       ,1.0
NRW,40 - 44,32.99,32.99,30.0,0.0,VF RIP U-TREUE  ,0.0
NRW,50 - 54,54.96,49.97,30.0,0.0,VF CABLEMAX     ,0.0
NRW,50 - 54,39.99,39.99,30.0,0.0,VF RIP U-TREUE  ,1.0
NRW,55 - 59,50.96,29.98,30.0,0.0,VF RIP U-TREUE  ,0.0
NRW,40 - 44,34.99,34.99,30.0,0.0,RED INTERNET & PHONE CABLE U ,1.0
NRW,35 - 39,34.99,34.99,30.0,0.0,RED INTERNET & PHONE CABLE U ,1.0
NRW,40 - 44,39.99,39.99,30.0,0.0,VF RIP U-TREUE  ,0.0
KBW,25 - 29,34.99,34.99,30.0,0.0,RED INTERNET & PHONE CABLE U ,1.0
HSN,50 - 54,54.99,54.99,30.0,0.0,RED INTERNET & PHONE CABLE U ,1.0
KBW,35 - 39,29.99,29.99,30.0,0.0,VF RIP U-TREUE  ,1.0
KBW,60 - 64,49.97,49.97,30.0,0.0,VF CABLEMAX     ,0.0
KBW,35 - 39,37.98,37.98,30.0,0.0,VF RIP U-TREUE  ,1.0
KBW,35 - 39,44.98,44.98,30.0,0.0,RED INTERNET & PHONE CABLE U ,0.0
KBW,25 - 29,29.99,29.99,30.0,0.0,VF RIP U-TREUE  ,0.0
NRW,35 - 39,34.98,34.98,30.0,0.0,VF RIP U-TREUE  ,1.0
NRW,60 - 64,39.99,39.99,30.0,0.0,VF RIP U-TREUE  ,0.0
NRW,50 - 54,42.98,42.98,30.0,0.0,VF RIP U-TREUE  ,0.0
NRW,40 - 44,49.99,49.99,30.0,0.0,GIGAZUHAUSE KABEL ,1.0
HSN,65 - 69,54.87,54.88,30.0,0.0,3PLAY        ,0.0
NRW,45 - 49,44.98,44.98,30.0,0.0,VF CABLEMAX     ,1.0
NRW,55 - 59,32.99,32.99,30.0,0.0,VF RIP U-TREUE  ,1.0
HSN,35 - 39,59.98,59.98,30.0,0.0,RED INTERNET & PHONE CABLE U ,1.0
NRW,55 - 59,47.97,44.98,30.0,0.0,VF CABLEMAX     ,0.0
NRW,55 - 59,44.97,44.97,30.0,0.0,VF CABLEMAX     ,1.0
KBW,30 - 34,39.99,39.99,30.0,0.0,RED INTERNET & PHONE CABLE U ,0.0
NRW,45 - 49,44.98,44.98,30.0,0.0,VF CABLEMAX     ,1.0
KBW,40 - 44,54.98,54.98,30.0,0.0,RED INTERNET & PHONE CABLE U ,0.0
KBW,40 - 44,39.99,39.99,30.0,0.0,VF RIP U-TREUE  ,0.0
NRW,35 - 39,39.98,39.98,30.0,0.0,VF CABLEMAX     ,0.0
NRW,40 - 44,59.98,59.98,30.0,0.0,RED INTERNET & PHONE CABLE U ,0.0
NRW,40 - 44,34.99,34.99,30.0,0.0,RED INTERNET & PHONE CABLE U ,1.0
KBW,60 - 64,62.96,37.99,30.0,0.0,VF RIP U-TREUE  ,1.0
NRW,60 - 64,39.98,39.98,87.0,0.0,GIGAZUHAUSE KABEL ,1.0
KBW,65 - 69,29.98,29.99,30.0,0.0,VF RIP U-TREUE  ,0.0
KBW,80 and over,32.99,32.99,30.0,0.0,VF RIP U-TREUE  ,1.0
NRW,40 - 44,34.99,34.99,30.0,0.0,RED INTERNET & PHONE CABLE U ,0.0
NRW,30 - 34,44.98,44.98,30.0,1.0,VF CABLEMAX     ,1.0
KBW,55 - 59,44.98,44.98,30.0,0.0,RED INTERNET & PHONE CABLE U ,1.0
HSN,45 - 49,44.98,44.98,30.0,0.0,RED INTERNET & PHONE CABLE U ,1.0
KBW,65 - 69,32.99,32.99,30.0,0.0,VF RIP U-TREUE  ,0.0
NRW,35 - 39,49.97,49.97,30.0,0.0,VF CABLEMAX     ,0.0
HSN,65 - 69,42.97,42.97,30.0,0.0,RED INTERNET & PHONE CABLE U ,0.0
KBW,35 - 39,39.98,39.98,113.0,0.0,GIGAZUHAUSE KABEL ,1.0
NRW,30 - 34,39.99,39.99,60.0,0.0,RED INTERNET & PHONE CABLE U ,1.0
NRW,50 - 54,49.97,49.97,30.0,0.0,VF CABLEMAX     ,0.0
NRW,70 - 74,37.98,37.98,30.0,0.0,VF RIP U-TREUE  ,0.0
NRW,30 - 34,39.98,39.98,30.0,0.0,RED INTERNET & PHONE CABLE U ,0.0
KBW,30 - 34,39.99,39.99,30.0,0.0,RED INTERNET & PHONE CABLE U ,1.0
NRW,45 - 49,44.98,44.98,30.0,0.0,VF CABLEMAX     ,0.0
KBW,30 - 34,49.99,49.99,30.0,0.0,GIGAZUHAUSE KABEL ,0.0
NRW,65 - 69,39.99,39.99,30.0,0.0,VF RIP U-TREUE  ,0.0
KBW,50 - 54,42.98,42.98,30.0,0.0,VF RIP U-TREUE  ,0.0
KBW,45 - 49,44.99,44.99,30.0,0.0,RED INTERNET & PHONE CABLE U ,1.0
NRW,55 - 59,37.98,37.98,30.0,0.0,VF RIP U-TREUE  ,0.0
NRW,80 and over,60.44,29.98,30.0,0.0,RED INTERNET & PHONE CABLE U ,1.0
KBW,60 - 64,44.98,44.98,30.0,0.0,VF CABLEMAX     ,1.0
NRW,65 - 69,42.97,42.97,30.0,0.0,RED INTERNET & PHONE CABLE U ,0.0
NRW,40 - 44,44.98,44.98,30.0,0.0,VF CABLEMAX     ,0.0
KBW,70 - 74,50.97,37.98,30.0,0.0,VF RIP U-TREUE  ,0.0
NRW,25 - 29,39.99,39.99,30.0,0.0,RED INTERNET & PHONE CABLE U ,1.0
NRW,55 - 59,44.99,44.99,30.0,0.0,GIGAZUHAUSE KABEL ,0.0
NRW,40 - 44,39.98,39.98,30.0,0.0,VF CABLEMAX     ,0.0
HSN,40 - 44,44.97,44.97,30.0,0.0,RED INTERNET & PHONE CABLE U ,1.0
KBW,25 - 29,39.98,39.98,30.0,0.0,RED INTERNET & PHONE CABLE U ,0.0
NRW,60 - 64,52.96,52.96,30.0,0.0,VF CABLEMAX     ,0.0
HSN,25 - 29,44.98,44.98,30.0,0.0,RED INTERNET & PHONE CABLE U ,0.0
KBW,65 - 69,37.91,37.78,30.0,0.0,2PLAY        ,0.0
NRW,25 - 29,49.99,49.99,30.0,0.0,RED INTERNET & PHONE CABLE U ,0.0
NRW,55 - 59,39.99,39.99,30.0,0.0,RED INTERNET & PHONE CABLE U ,1.0
NRW,40 - 44,49.99,49.99,30.0,0.0,RED INTERNET & PHONE CABLE U ,0.0
NRW,70 - 74,34.99,34.99,30.0,0.0,RED INTERNET & PHONE CABLE U ,1.0
NRW,45 - 49,47.97,47.97,30.0,0.0,RED INTERNET & PHONE CABLE U ,0.0
KBW,75 - 79,60.95,39.98,30.0,0.0,VF CABLEMAX     ,1.0
KBW,65 - 69,39.98,39.98,30.0,0.0,VF RIP U-TREUE  ,0.0
NRW,55 - 59,37.98,37.98,30.0,0.0,VF RIP U-TREUE  ,1.0
KBW,55 - 59,27.95,27.99,30.0,0.0,RED INTERNET & PHONE CABLE U ,0.0
HSN,25 - 29,39.98,39.98,169.0,0.0,GIGAZUHAUSE KABEL ,0.0
HSN,30 - 34,44.98,44.98,30.0,0.0,RED INTERNET & PHONE CABLE U ,1.0
NRW,55 - 59,63.96,42.97,30.0,0.0,3PLAY PLUS       ,0.0
NRW,25 - 29,39.99,39.99,30.0,0.0,RED INTERNET & PHONE CABLE U ,1.0
NRW,30 - 34,44.98,44.98,30.0,0.0,VF CABLEMAX     ,0.0
HSN,18 - 24,34.99,34.99,30.0,0.0,RED INTERNET & PHONE CABLE U ,1.0
KBW,50 - 54,49.99,49.99,30.0,0.0,RED INTERNET & PHONE CABLE U ,1.0
NRW,40 - 44,44.98,44.98,30.0,0.0,VF CABLEMAX     ,1.0
KBW,35 - 39,47.99,47.99,30.0,0.0,VF RIP U-TREUE  ,0.0
KBW,35 - 39,54.99,54.99,30.0,0.0,RED INTERNET & PHONE CABLE U ,0.0
HSN,65 - 69,69.96,44.98,30.0,0.0,VF CABLEMAX     ,0.0
KBW,80 and over,29.99,29.99,30.0,0.0,INTERNET PREMIUM     ,0.0
NRW,80 and over,34.99,34.99,30.0,0.0,RED INTERNET & PHONE CABLE U ,0.0
KBW,45 - 49,44.98,44.98,30.0,0.0,VF CABLEMAX     ,1.0
HSN,75 - 79,39.99,39.99,30.0,0.0,RED INTERNET & PHONE CABLE U ,1.0
KBW,35 - 39,42.97,42.97,30.0,0.0,GIGAZUHAUSE KABEL ,0.0
NRW,40 - 44,34.99,34.99,30.0,0.0,RED INTERNET & PHONE CABLE U ,1.0
NRW,60 - 64,44.98,44.98,30.0,0.0,VF CABLEMAX     ,0.0
NRW,55 - 59,54.99,54.99,30.0,0.0,RED INTERNET & PHONE CABLE U ,0.0
KBW,65 - 69,34.99,34.99,30.0,0.0,RED INTERNET & PHONE CABLE U ,1.0
NRW,35 - 39,24.99,24.99,30.0,0.0,INTERNET COMFORT     ,1.0
NRW,25 - 29,39.98,39.98,30.0,0.0,RED INTERNET & PHONE CABLE U ,0.0
NRW,30 - 34,44.98,44.98,30.0,0.0,VF CABLEMAX     ,1.0
NRW,65 - 69,40.97,40.97,30.0,0.0,3PLAY PLUS       ,0.0
NRW,60 - 64,44.98,44.98,30.0,0.0,RED INTERNET & PHONE CABLE U ,1.0
KBW,25 - 29,47.99,47.99,30.0,0.0,VF RIP U-TREUE  ,1.0
NRW,30 - 34,39.98,39.98,30.0,0.0,RED INTERNET & PHONE CABLE U ,1.0
KBW,45 - 49,39.99,39.99,30.0,1.0,RED INTERNET & PHONE CABLE U ,0.0
HSN,35 - 39,34.99,34.99,30.0,0.0,RED INTERNET & PHONE CABLE U ,1.0
NRW,45 - 49,34.99,34.99,30.0,0.0,RED INTERNET & PHONE CABLE U ,0.0
KBW,70 - 74,39.98,39.98,30.0,0.0,VF RIP U-TREUE  ,0.0
NRW,40 - 44,39.99,39.99,30.0,0.0,RED INTERNET & PHONE CABLE U ,1.0
NRW,80 and over,34.99,34.99,30.0,0.0,RED INTERNET & PHONE CABLE U ,1.0
HSN,55 - 59,24.99,24.99,30.0,0.0,INTERNET COMFORT     ,1.0
NRW,40 - 44,44.98,44.98,30.0,0.0,RED INTERNET & PHONE CABLE U ,0.0
NRW,60 - 64,39.98,39.98,30.0,0.0,RED INTERNET & PHONE CABLE U ,1.0
NRW,35 - 39,47.99,47.99,30.0,0.0,VF RIP U-TREUE  ,0.0
NRW,25 - 29,34.99,34.99,30.0,0.0,RED INTERNET & PHONE CABLE U ,1.0
NRW,40 - 44,58.98,58.98,30.0,0.0,RED INTERNET & PHONE CABLE U ,0.0
NRW,65 - 69,49.97,39.98,30.0,0.0,VF RIP U-TREUE  ,0.0
KBW,80 and over,34.99,34.99,30.0,0.0,RED INTERNET & PHONE CABLE U ,0.0
KBW,70 - 74,60.98,39.98,30.0,0.0,VF CABLEMAX     ,0.0
NRW,80 and over,34.99,34.99,30.0,0.0,RED INTERNET & PHONE CABLE U ,0.0
NRW,35 - 39,42.98,42.98,30.0,0.0,VF RIP U-TREUE  ,1.0
NRW,25 - 29,34.99,34.99,30.0,0.0,RED INTERNET & PHONE CABLE U ,1.0
NRW,35 - 39,44.98,44.98,30.0,0.0,VF CABLEMAX     ,1.0
HSN,25 - 29,39.98,39.98,6.0,0.0,GIGAZUHAUSE KABEL ,1.0
KBW,55 - 59,34.99,34.99,30.0,0.0,RED INTERNET & PHONE CABLE U ,0.0
NRW,30 - 34,79.96,44.98,30.0,0.0,VF CABLEMAX     ,0.0
KBW,25 - 29,44.98,44.98,30.0,0.0,RED INTERNET & PHONE CABLE U ,0.0
NRW,30 - 34,29.99,29.99,30.0,0.0,VF RIP U-TREUE  ,1.0
NRW,30 - 34,49.99,49.99,30.0,0.0,RED INTERNET & PHONE CABLE U ,0.0
HSN,55 - 59,49.97,49.97,30.0,0.0,VF CABLEMAX     ,0.0
HSN,35 - 39,69.96,44.99,30.0,0.0,RED INTERNET & PHONE CABLE U ,1.0
NRW,60 - 64,34.99,34.99,30.0,0.0,RED INTERNET & PHONE CABLE U ,1.0
KBW,50 - 54,44.98,44.98,30.0,0.0,RED INTERNET & PHONE CABLE U ,1.0
NRW,30 - 34,29.99,29.99,30.0,0.0,INTERNET PREMIUM     ,1.0
KBW,55 - 59,52.96,44.98,30.0,0.0,RED INTERNET & PHONE CABLE U ,1.0
NRW,35 - 39,39.98,39.98,30.0,0.0,VF CABLEMAX     ,1.0
HSN,65 - 69,49.97,29.99,30.0,0.0,VF RIP U-TREUE  ,0.0
NRW,60 - 64,34.99,34.99,30.0,0.0,RED INTERNET & PHONE CABLE U ,0.0
NRW,80 and over,33.74,33.74,30.0,0.0,RED INTERNET & PHONE CABLE U ,1.0
KBW,50 - 54,54.99,54.99,30.0,0.0,RED INTERNET & PHONE CABLE U ,1.0
KBW,50 - 54,59.99,59.99,30.0,0.0,RED INTERNET & PHONE CABLE U ,1.0
HSN,60 - 64,49.97,49.97,30.0,0.0,VF CABLEMAX     ,0.0
HSN,55 - 59,49.99,49.99,30.0,0.0,GIGAZUHAUSE KABEL ,1.0
HSN,45 - 49,49.97,39.98,30.0,0.0,VF CABLEMAX     ,1.0
HSN,35 - 39,39.99,39.99,30.0,0.0,RED INTERNET & PHONE CABLE U ,0.0
HSN,40 - 44,49.99,49.99,30.0,0.0,RED INTERNET & PHONE CABLE U ,1.0
NRW,60 - 64,34.99,34.99,30.0,0.0,RED INTERNET & PHONE CABLE U ,1.0
NRW,40 - 44,39.99,39.99,30.0,0.0,RED INTERNET & PHONE CABLE U ,1.0
HSN,35 - 39,29.99,29.99,30.0,0.0,VF RIP U-TREUE  ,0.0
KBW,55 - 59,49.97,49.97,30.0,0.0,VF CABLEMAX     ,0.0
NRW,50 - 54,27.99,27.99,30.0,0.0,RED INTERNET & PHONE CABLE U ,0.0
NRW,65 - 69,34.99,34.99,30.0,0.0,RED INTERNET & PHONE CABLE U ,0.0
NRW,30 - 34,49.99,49.99,30.0,0.0,VF RIP U-TREUE  ,0.0
KBW,35 - 39,39.99,39.99,30.0,0.0,RED INTERNET & PHONE CABLE U ,0.0
HSN,45 - 49,39.98,39.98,182.0,0.0,GIGAZUHAUSE KABEL ,1.0
NRW,60 - 64,29.99,29.99,30.0,0.0,VF RIP U-TREUE  ,1.0
NRW,40 - 44,44.98,44.98,30.0,0.0,VF CABLEMAX     ,1.0
KBW,40 - 44,49.99,49.99,30.0,0.0,RED INTERNET & PHONE CABLE U ,1.0
NRW,60 - 64,34.99,34.99,30.0,0.0,VF RIP U-TREUE  ,0.0
KBW,25 - 29,54.99,54.99,30.0,0.0,RED INTERNET & PHONE CABLE U ,1.0
KBW,40 - 44,39.99,39.99,30.0,0.0,RED INTERNET & PHONE CABLE U ,1.0
NRW,30 - 34,39.98,39.98,30.0,0.0,VF CABLEMAX     ,0.0
NRW,50 - 54,59.97,59.98,30.0,0.0,RED INTERNET & PHONE CABLE U ,1.0
KBW,30 - 34,39.99,39.99,30.0,0.0,RED INTERNET & PHONE CABLE U ,1.0
HSN,35 - 39,39.98,39.98,30.0,0.0,RED INTERNET & PHONE CABLE U ,1.0
HSN,40 - 44,39.99,39.99,30.0,0.0,RED INTERNET & PHONE CABLE U ,0.0
HSN,35 - 39,59.98,59.98,30.0,0.0,RED INTERNET & PHONE CABLE U ,1.0
HSN,25 - 29,39.98,39.98,30.0,0.0,RED INTERNET & PHONE CABLE U ,1.0
NRW,40 - 44,34.99,34.99,30.0,0.0,RED INTERNET & PHONE CABLE U ,1.0
NRW,45 - 49,49.98,49.98,30.0,0.0,TREUEPLUS     ,0.0
NRW,30 - 34,39.98,39.98,80.0,0.0,GIGAZUHAUSE KABEL ,1.0
KBW,55 - 59,54.98,54.98,30.0,0.0,GIGAZUHAUSE KABEL ,0.0
NRW,70 - 74,44.99,44.99,30.0,0.0,3PLAY TREUE      ,0.0
KBW,35 - 39,39.98,39.98,30.0,0.0,VF CABLEMAX     ,0.0
KBW,30 - 34,39.99,39.99,30.0,0.0,RED INTERNET & PHONE CABLE U ,1.0
KBW,60 - 64,44.98,44.98,30.0,0.0,RED INTERNET & PHONE CABLE U ,1.0
KBW,50 - 54,54.98,49.98,30.0,0.0,RED INTERNET & PHONE CABLE U ,1.0
KBW,70 - 74,39.99,39.99,30.0,0.0,RED INTERNET & PHONE CABLE U ,1.0
NRW,70 - 74,37.99,37.99,30.0,0.0,VF RIP U-TREUE  ,0.0
NRW,70 - 74,39.98,39.98,30.0,0.0,VF CABLEMAX     ,0.0
NRW,45 - 49,42.98,42.98,30.0,0.0,VF RIP U-TREUE  ,0.0
KBW,18 - 24,44.97,44.97,45.0,0.0,VF CABLEMAX     ,1.0
KBW,70 - 74,24.99,24.99,30.0,0.0,INTERNET COMFORT     ,0.0
KBW,25 - 29,34.99,34.99,30.0,0.0,RED INTERNET & PHONE CABLE U ,1.0
NRW,60 - 64,49.97,49.97,30.0,0.0,VF CABLEMAX     ,0.0
NRW,40 - 44,49.99,49.99,30.0,0.0,RED INTERNET & PHONE CABLE U ,1.0
HSN,35 - 39,37.99,37.99,30.0,0.0,VF RIP U-TREUE  ,0.0
KBW,60 - 64,24.99,24.99,30.0,0.0,VF RIP U-TREUE  ,0.0
NRW,25 - 29,44.98,44.98,30.0,0.0,VF CABLEMAX     ,1.0
NRW,70 - 74,44.98,44.98,30.0,0.0,VF CABLEMAX     ,0.0
NRW,50 - 54,34.99,34.99,30.0,0.0,RED INTERNET & PHONE CABLE U ,0.0
HSN,70 - 74,39.98,39.98,30.0,0.0,RED INTERNET & PHONE CABLE U ,1.0
NRW,55 - 59,57.98,37.99,30.0,0.0,VF RIP U-TREUE  ,1.0
NRW,25 - 29,44.98,44.98,30.0,0.0,RED INTERNET & PHONE CABLE U ,0.0
HSN,45 - 49,49.98,49.99,30.0,0.0,RED INTERNET & PHONE CABLE U ,1.0
KBW,40 - 44,61.96,44.98,30.0,0.0,VF CABLEMAX     ,1.0
HSN,35 - 39,39.99,39.99,30.0,0.0,RED INTERNET & PHONE CABLE U ,1.0
NRW,25 - 29,34.99,34.99,30.0,0.0,RED INTERNET & PHONE CABLE U ,1.0
KBW,65 - 69,47.97,47.97,30.0,0.0,VF RIP U-TREUE  ,0.0
NRW,75 - 79,53.96,53.96,30.0,0.0,VF CABLEMAX     ,1.0
NRW,50 - 54,44.98,44.98,30.0,0.0,VF CABLEMAX     ,1.0
NRW,45 - 49,39.98,39.98,30.0,0.0,RED INTERNET & PHONE CABLE U ,0.0
NRW,80 and over,29.98,29.98,30.0,0.0,GIGAZUHAUSE TREUE C ,0.0
KBW,55 - 59,37.99,37.99,30.0,0.0,VF RIP U-TREUE  ,0.0
NRW,25 - 29,39.99,39.99,30.0,0.0,VF RIP U-TREUE  ,1.0
KBW,60 - 64,49.99,49.99,30.0,0.0,RED INTERNET & PHONE CABLE U ,1.0
NRW,70 - 74,44.97,44.97,30.0,0.0,VF CABLEMAX     ,0.0
NRW,45 - 49,39.98,39.98,30.0,0.0,VF CABLEMAX     ,0.0
NRW,40 - 44,44.99,44.99,30.0,0.0,RED INTERNET & PHONE CABLE U ,1.0
KBW,50 - 54,54.99,54.99,30.0,0.0,RED INTERNET & PHONE CABLE U ,1.0
NRW,25 - 29,34.99,34.99,30.0,0.0,RED INTERNET & PHONE CABLE U ,1.0
NRW,30 - 34,62.98,62.98,30.0,0.0,RED INTERNET & PHONE CABLE U ,1.0
NRW,35 - 39,42.99,42.99,30.0,0.0,VF RIP U-TREUE  ,1.0
NRW,40 - 44,39.98,39.98,30.0,0.0,VF CABLEMAX     ,1.0
KBW,25 - 29,44.99,44.99,30.0,0.0,RED INTERNET & PHONE CABLE U ,1.0
NRW,45 - 49,39.99,39.99,30.0,0.0,RED INTERNET & PHONE CABLE U ,1.0
NRW,30 - 34,56.98,56.99,30.0,0.0,RED INTERNET & PHONE CABLE U ,1.0
HSN,60 - 64,49.99,49.99,30.0,0.0,RED INTERNET & PHONE CABLE U ,0.0
KBW,25 - 29,44.98,44.98,30.0,0.0,RED INTERNET & PHONE CABLE U ,0.0
KBW,80 and over,37.99,37.99,30.0,0.0,VF RIP U-TREUE  ,1.0
KBW,30 - 34,39.98,39.98,30.0,0.0,RED INTERNET & PHONE CABLE U ,1.0
HSN,30 - 34,34.99,34.99,30.0,0.0,RED INTERNET & PHONE CABLE U ,1.0
NRW,45 - 49,59.98,59.98,30.0,0.0,RED INTERNET & PHONE CABLE U ,1.0
NRW,80 and over,52.98,52.98,30.0,0.0,GIGAZUHAUSE KABEL ,1.0
NRW,55 - 59,34.99,34.99,30.0,0.0,RED INTERNET & PHONE CABLE U ,1.0
NRW,40 - 44,52.98,49.99,30.0,0.0,3PLAY TREUE      ,0.0
NRW,30 - 34,39.99,39.99,30.0,1.0,RED INTERNET & PHONE CABLE U ,1.0
NRW,45 - 49,27.99,27.99,30.0,0.0,VF RIP U-TREUE  ,0.0
NRW,60 - 64,62.98,62.98,5.0,0.0,GIGAZUHAUSE KABEL ,0.0
KBW,35 - 39,32.99,32.99,30.0,0.0,VF RIP U-TREUE  ,1.0
KBW,40 - 44,72.97,37.99,30.0,0.0,VF RIP U-TREUE  ,1.0
NRW,18 - 24,44.98,44.98,30.0,0.0,RED INTERNET & PHONE CABLE U ,1.0
KBW,60 - 64,42.98,42.98,30.0,0.0,VF RIP U-TREUE  ,1.0
HSN,25 - 29,44.98,44.98,30.0,0.0,VF CABLEMAX     ,1.0
HSN,50 - 54,65.97,44.98,30.0,0.0,RED INTERNET & PHONE CABLE U ,0.0
KBW,55 - 59,52.97,32.99,67.0,0.0,VF RIP U-TREUE  ,1.0
KBW,70 - 74,49.99,49.99,30.0,0.0,GIGAZUHAUSE KABEL ,1.0
HSN,40 - 44,44.98,44.98,30.0,0.0,VF CABLEMAX     ,1.0
NRW,25 - 29,54.99,54.99,30.0,0.0,RED INTERNET & PHONE CABLE U ,0.0
NRW,55 - 59,44.98,44.98,30.0,0.0,RED INTERNET & PHONE CABLE U ,1.0
KBW,25 - 29,34.99,34.99,30.0,0.0,RED INTERNET & PHONE CABLE U ,1.0
KBW,25 - 29,38.98,38.98,30.0,0.0,RED INTERNET & PHONE CABLE U ,1.0
NRW,80 and over,45.98,39.99,30.0,0.0,VF RIP U-TREUE  ,1.0
NRW,40 - 44,45.97,45.97,30.0,0.0,VF CABLEMAX     ,1.0
KBW,35 - 39,39.99,39.99,30.0,0.0,RED INTERNET & PHONE CABLE U ,0.0
KBW,55 - 59,42.97,42.97,30.0,0.0,GIGAZUHAUSE KABEL ,1.0
NRW,65 - 69,49.97,49.97,30.0,0.0,VF CABLEMAX     ,0.0
KBW,40 - 44,34.99,34.99,30.0,0.0,RED INTERNET & PHONE CABLE U ,0.0
KBW,25 - 29,44.98,44.98,30.0,0.0,RED INTERNET & PHONE CABLE U ,1.0
NRW,55 - 59,34.99,34.99,30.0,0.0,RED INTERNET & PHONE CABLE U ,1.0
NRW,30 - 34,54.98,54.98,30.0,0.0,RED INTERNET & PHONE CABLE U ,0.0
NRW,30 - 34,44.98,44.98,30.0,0.0,RED INTERNET & PHONE CABLE U ,1.0
KBW,55 - 59,48.97,48.97,30.0,0.0,RED INTERNET & PHONE CABLE U ,0.0
NRW,35 - 39,39.98,39.98,30.0,0.0,RED INTERNET & PHONE CABLE U ,0.0
KBW,30 - 34,39.99,39.99,30.0,0.0,RED INTERNET & PHONE CABLE U ,1.0
KBW,55 - 59,39.98,39.98,30.0,0.0,VF CABLEMAX     ,0.0
KBW,40 - 44,49.97,49.97,30.0,0.0,VF CABLEMAX     ,0.0
KBW,25 - 29,39.98,39.98,30.0,0.0,VF CABLEMAX     ,1.0
NRW,55 - 59,42.97,42.97,30.0,0.0,RED INTERNET & PHONE CABLE U ,1.0
KBW,50 - 54,34.99,34.99,30.0,0.0,RED INTERNET & PHONE CABLE U ,1.0
NRW,40 - 44,38.98,38.98,30.0,0.0,RED INTERNET & PHONE CABLE U ,0.0
NRW,60 - 64,59.99,59.99,30.0,0.0,3PLAY TREUE      ,1.0
KBW,35 - 39,48.97,48.97,30.0,0.0,VF CABLEMAX     ,0.0
KBW,65 - 69,49.97,49.97,30.0,0.0,VF CABLEMAX     ,1.0
NRW,60 - 64,34.99,34.99,30.0,0.0,RED INTERNET & PHONE CABLE U ,1.0
NRW,55 - 59,29.99,29.99,30.0,0.0,VF RIP U-TREUE  ,1.0
KBW,70 - 74,34.98,34.98,30.0,0.0,VF RIP U-TREUE  ,0.0
NRW,25 - 29,34.99,34.99,30.0,0.0,RED INTERNET & PHONE CABLE U ,1.0
KBW,40 - 44,39.99,39.99,30.0,0.0,RED INTERNET & PHONE CABLE U ,1.0
NRW,55 - 59,34.99,34.99,30.0,0.0,RED INTERNET & PHONE CABLE U ,0.0
HSN,45 - 49,39.99,39.99,30.0,0.0,RED INTERNET & PHONE CABLE U ,1.0
NRW,35 - 39,24.99,24.99,30.0,0.0,INTERNET COMFORT     ,0.0
KBW,65 - 69,42.97,42.97,30.0,0.0,2PLAY PLUS       ,0.0
HSN,35 - 39,44.98,44.98,30.0,0.0,VF CABLEMAX     ,0.0
NRW,65 - 69,44.98,44.98,30.0,0.0,VF CABLEMAX     ,1.0
NRW,55 - 59,44.98,44.98,30.0,0.0,RED INTERNET & PHONE CABLE U ,0.0
KBW,35 - 39,39.99,39.99,30.0,0.0,RED INTERNET & PHONE CABLE U ,0.0
NRW,25 - 29,39.99,39.99,30.0,0.0,RED INTERNET & PHONE CABLE U ,1.0
KBW,45 - 49,50.98,29.99,30.0,0.0,VF RIP U-TREUE  ,1.0
KBW,35 - 39,37.98,37.98,318.0,0.0,GIGAZUHAUSE KABEL ,1.0
NRW,25 - 29,48.97,48.97,30.0,0.0,RED INTERNET & PHONE CABLE U ,1.0
NRW,25 - 29,24.99,24.99,30.0,0.0,INTERNET COMFORT     ,0.0
KBW,80 and over,34.99,34.99,30.0,0.0,RED INTERNET & PHONE CABLE U ,0.0
HSN,30 - 34,34.99,34.99,30.0,0.0,RED INTERNET & PHONE CABLE U ,1.0
NRW,55 - 59,54.98,54.98,30.0,0.0,RED INTERNET & PHONE CABLE U ,1.0
HSN,60 - 64,29.99,29.99,30.0,0.0,VF RIP U-TREUE  ,0.0
NRW,30 - 34,39.99,39.99,30.0,0.0,RED INTERNET & PHONE CABLE U ,0.0
KBW,80 and over,40.97,30.97,30.0,0.0,VF RIP U-TREUE  ,1.0
KBW,55 - 59,44.98,44.98,30.0,0.0,VF CABLEMAX     ,0.0
KBW,40 - 44,0.0,0.0,30.0,0.0,MMA        ,0.0
HSN,40 - 44,24.99,24.99,30.0,0.0,INTERNET COMFORT     ,0.0
HSN,30 - 34,24.99,24.99,30.0,0.0,INTERNET COMFORT     ,0.0
NRW,55 - 59,39.99,39.99,30.0,0.0,RED INTERNET & PHONE CABLE U ,0.0
NRW,30 - 34,34.99,34.99,30.0,0.0,RED INTERNET & PHONE CABLE U ,1.0
KBW,25 - 29,49.97,49.97,30.0,0.0,VF CABLEMAX     ,1.0
NRW,65 - 69,54.98,34.99,30.0,0.0,RED INTERNET & PHONE CABLE U ,1.0
NRW,50 - 54,42.97,42.97,30.0,0.0,GIGAZUHAUSE KABEL ,0.0
KBW,30 - 34,48.97,48.97,30.0,0.0,VF CABLEMAX     ,0.0
NRW,45 - 49,44.98,44.98,30.0,0.0,VF RIP U-TREUE  ,0.0
HSN,35 - 39,39.99,39.99,30.0,0.0,VF RIP U-TREUE  ,0.0
NRW,35 - 39,44.98,44.98,30.0,0.0,VF CABLEMAX     ,0.0
NRW,50 - 54,39.98,39.98,30.0,0.0,VF CABLEMAX     ,1.0
KBW,75 - 79,24.99,24.99,30.0,0.0,VF RIP U-TREUE  ,0.0
NRW,55 - 59,44.98,44.98,30.0,0.0,RED INTERNET & PHONE CABLE U ,0.0
KBW,25 - 29,39.98,39.98,30.0,0.0,RED INTERNET & PHONE CABLE U ,0.0
KBW,45 - 49,39.98,39.98,30.0,0.0,VF CABLEMAX     ,0.0
NRW,45 - 49,49.97,49.97,30.0,0.0,VF CABLEMAX     ,0.0
NRW,75 - 79,39.98,39.98,30.0,0.0,RED INTERNET & PHONE CABLE U ,1.0
HSN,30 - 34,39.98,39.98,30.0,0.0,RED INTERNET & PHONE CABLE U ,1.0
NRW,30 - 34,34.98,34.98,30.0,0.0,RED INTERNET & PHONE CABLE U ,1.0
NRW,50 - 54,24.99,24.99,30.0,0.0,INTERNET COMFORT     ,0.0
KBW,35 - 39,39.99,39.99,30.0,0.0,RED INTERNET & PHONE CABLE U ,0.0
NRW,35 - 39,44.98,44.98,30.0,0.0,RED INTERNET & PHONE CABLE U ,1.0
NRW,25 - 29,44.98,44.98,30.0,0.0,VF CABLEMAX     ,0.0
KBW,60 - 64,58.95,37.97,30.0,0.0,VF RIP U-TREUE  ,0.0
NRW,55 - 59,39.99,39.99,30.0,0.0,VF RIP U-TREUE  ,1.0
HSN,45 - 49,39.98,39.98,30.0,0.0,VF CABLEMAX     ,1.0
NRW,60 - 64,44.98,44.98,30.0,0.0,RED INTERNET & PHONE CABLE U ,0.0
NRW,35 - 39,34.99,34.99,30.0,0.0,RED INTERNET & PHONE CABLE U ,1.0
NRW,30 - 34,34.99,34.99,30.0,0.0,RED INTERNET & PHONE CABLE U ,1.0
KBW,40 - 44,44.98,44.98,30.0,0.0,VF RIP U-TREUE  ,0.0
KBW,60 - 64,29.99,29.99,30.0,0.0,VF RIP U-TREUE  ,1.0
NRW,50 - 54,58.98,58.98,30.0,0.0,RED INTERNET & PHONE CABLE U ,1.0
HSN,55 - 59,39.98,39.98,98.0,0.0,GIGAZUHAUSE KABEL ,1.0
HSN,80 and over,64.97,64.98,30.0,0.0,TREUEPLUS     ,0.0
NRW,50 - 54,72.96,49.99,30.0,0.0,VF RIP U-TREUE  ,1.0
NRW,35 - 39,44.97,44.97,30.0,0.0,RED INTERNET & PHONE CABLE U ,1.0
NRW,35 - 39,39.98,39.98,98.0,0.0,GIGAZUHAUSE KABEL ,1.0
KBW,60 - 64,75.97,54.98,30.0,0.0,RED INTERNET & PHONE CABLE U ,0.0
NRW,40 - 44,44.98,44.98,30.0,0.0,VF CABLEMAX     ,1.0
KBW,30 - 34,34.99,34.99,30.0,0.0,RED INTERNET & PHONE CABLE U ,0.0
HSN,25 - 29,39.98,39.98,30.0,0.0,RED INTERNET & PHONE CABLE U ,0.0
KBW,45 - 49,44.98,44.98,30.0,0.0,VF CABLEMAX     ,0.0
KBW,35 - 39,34.99,34.99,30.0,0.0,RED INTERNET & PHONE CABLE U ,1.0
KBW,35 - 39,39.99,39.99,30.0,0.0,RED INTERNET & PHONE CABLE U ,0.0
NRW,65 - 69,39.98,39.98,30.0,0.0,VF CABLEMAX     ,1.0
NRW,70 - 74,61.96,70.98,30.0,0.0,3PLAY TREUE      ,0.0
NRW,60 - 64,39.99,39.99,30.0,0.0,RED INTERNET & PHONE CABLE U ,1.0
NRW,50 - 54,29.99,29.99,30.0,0.0,INTERNET PREMIUM     ,1.0
NRW,50 - 54,59.98,59.98,30.0,0.0,RED INTERNET & PHONE CABLE U ,1.0
KBW,30 - 34,44.98,44.98,30.0,0.0,VF CABLEMAX     ,1.0
KBW,50 - 54,44.98,44.98,30.0,0.0,RED INTERNET & PHONE CABLE U ,1.0
HSN,55 - 59,39.99,39.99,30.0,0.0,RED INTERNET & PHONE CABLE U ,0.0
HSN,30 - 34,44.98,44.98,30.0,0.0,RED INTERNET & PHONE CABLE U ,1.0
NRW,55 - 59,68.95,44.98,30.0,0.0,RED INTERNET & PHONE CABLE U ,1.0
KBW,35 - 39,29.99,29.99,30.0,0.0,VF RIP U-TREUE  ,1.0
KBW,60 - 64,44.99,44.99,30.0,0.0,GIGAZUHAUSE KABEL ,1.0
NRW,65 - 69,34.99,34.99,30.0,0.0,RED INTERNET & PHONE CABLE U ,1.0
HSN,35 - 39,39.99,39.99,30.0,0.0,VF RIP U-TREUE  ,1.0
NRW,35 - 39,42.97,42.97,30.0,0.0,RED INTERNET & PHONE CABLE U ,0.0
KBW,30 - 34,44.98,44.98,30.0,0.0,RED INTERNET & PHONE CABLE U ,0.0
KBW,40 - 44,54.98,54.98,30.0,0.0,2PLAY JUMP      ,0.0
NRW,40 - 44,34.99,34.99,30.0,0.0,RED INTERNET & PHONE CABLE U ,0.0
KBW,60 - 64,34.99,34.99,30.0,0.0,VF RIP U-TREUE  ,0.0
KBW,30 - 34,54.99,54.99,30.0,0.0,RED INTERNET & PHONE CABLE U ,0.0
NRW,45 - 49,59.97,59.99,30.0,0.0,3PLAY FLY      ,0.0
NRW,60 - 64,34.99,34.99,30.0,0.0,RED INTERNET & PHONE CABLE U ,0.0
HSN,45 - 49,42.98,42.98,30.0,0.0,VF RIP U-TREUE  ,0.0
KBW,35 - 39,59.97,44.98,30.0,0.0,VF CABLEMAX     ,0.0
NRW,45 - 49,34.99,34.99,30.0,0.0,RED INTERNET & PHONE CABLE U ,1.0
HSN,30 - 34,19.99,24.99,30.0,0.0,INTERNET COMFORT     ,1.0
NRW,50 - 54,49.99,49.99,30.0,0.0,GIGAZUHAUSE KABEL ,0.0
KBW,35 - 39,44.98,44.98,30.0,0.0,VF CABLEMAX     ,1.0
NRW,35 - 39,49.99,49.99,30.0,0.0,GIGAZUHAUSE KABEL ,1.0
HSN,25 - 29,39.98,39.98,30.0,0.0,RED INTERNET & PHONE CABLE U ,1.0
NRW,25 - 29,44.98,44.98,30.0,0.0,RED INTERNET & PHONE CABLE U ,0.0
HSN,50 - 54,44.98,44.98,30.0,0.0,RED INTERNET & PHONE CABLE U ,1.0
NRW,60 - 64,44.98,44.98,30.0,0.0,RED INTERNET & PHONE CABLE U ,1.0
KBW,30 - 34,44.98,44.98,30.0,0.0,RED INTERNET & PHONE CABLE U ,1.0
NRW,40 - 44,59.98,34.99,30.0,0.0,RED INTERNET & PHONE CABLE U ,1.0
HSN,60 - 64,49.97,49.97,30.0,0.0,RED INTERNET & PHONE CABLE U ,0.0
KBW,65 - 69,32.99,32.99,30.0,0.0,VF RIP U-TREUE  ,1.0
KBW,65 - 69,32.99,32.99,30.0,0.0,VF RIP U-TREUE  ,0.0
NRW,30 - 34,24.99,24.99,30.0,0.0,INTERNET COMFORT     ,1.0
KBW,80 and over,34.99,34.99,30.0,0.0,RED INTERNET & PHONE CABLE U ,1.0
HSN,35 - 39,34.99,34.99,30.0,0.0,RED INTERNET & PHONE CABLE U ,1.0
KBW,30 - 34,39.99,39.99,30.0,0.0,RED INTERNET & PHONE CABLE U ,1.0
HSN,60 - 64,39.99,39.99,30.0,0.0,RED INTERNET & PHONE CABLE U ,1.0
NRW,60 - 64,39.99,39.99,30.0,0.0,RED INTERNET & PHONE CABLE U ,1.0
NRW,45 - 49,39.99,39.99,30.0,0.0,RED INTERNET & PHONE CABLE U ,1.0
KBW,35 - 39,34.99,34.99,30.0,0.0,RED INTERNET & PHONE CABLE U ,1.0
NRW,70 - 74,44.98,44.98,30.0,0.0,RED INTERNET & PHONE CABLE U ,1.0
NRW,45 - 49,54.99,54.99,30.0,0.0,RED INTERNET & PHONE CABLE U ,0.0
NRW,40 - 44,37.99,37.99,30.0,0.0,VF RIP U-TREUE  ,0.0
KBW,60 - 64,34.98,39.98,98.0,0.0,GIGAZUHAUSE TREUE C ,0.0
NRW,45 - 49,34.98,34.98,30.0,0.0,RED INTERNET & PHONE CABLE U ,0.0
NRW,25 - 29,39.99,39.99,30.0,0.0,RED INTERNET & PHONE CABLE U ,1.0
KBW,70 - 74,67.96,42.97,30.0,0.0,RED INTERNET & PHONE CABLE U ,0.0
KBW,75 - 79,47.96,37.98,30.0,0.0,2PLAY PLUS       ,1.0
NRW,60 - 64,57.97,42.97,30.0,0.0,3PLAY TREUE      ,0.0
KBW,25 - 29,44.98,44.98,30.0,0.0,RED INTERNET & PHONE CABLE U ,1.0
HSN,50 - 54,32.97,32.97,30.0,0.0,RED INTERNET & PHONE CABLE U ,1.0
NRW,45 - 49,29.99,29.99,30.0,0.0,VF RIP U-TREUE  ,0.0
NRW,40 - 44,37.98,37.98,30.0,0.0,RED INTERNET & PHONE CABLE U ,0.0
NRW,45 - 49,34.99,34.99,30.0,0.0,RED INTERNET & PHONE CABLE U ,1.0
HSN,50 - 54,44.98,44.98,75.0,0.0,VF CABLEMAX     ,0.0
NRW,80 and over,25.97,25.97,30.0,0.0,RED INTERNET & PHONE CABLE U ,0.0
KBW,65 - 69,40.98,24.99,30.0,0.0,VF RIP U-TREUE  ,0.0
KBW,45 - 49,44.98,44.98,30.0,0.0,VF CABLEMAX     ,0.0
NRW,55 - 59,54.97,44.98,30.0,0.0,VF CABLEMAX     ,0.0
KBW,50 - 54,39.99,39.99,30.0,0.0,VF RIP U-TREUE  ,1.0
NRW,80 and over,37.98,37.98,30.0,0.0,RED INTERNET & PHONE CABLE U ,1.0
HSN,40 - 44,34.99,34.99,30.0,0.0,RED INTERNET & PHONE CABLE U ,1.0
NRW,40 - 44,61.84,40.4,30.0,0.0,3PLAY FLY      ,0.0
KBW,55 - 59,49.99,49.99,30.0,0.0,RED INTERNET & PHONE CABLE U ,0.0
HSN,50 - 54,44.98,44.98,30.0,0.0,VF CABLEMAX     ,1.0
NRW,55 - 59,49.97,49.97,30.0,0.0,VF CABLEMAX     ,0.0
NRW,40 - 44,49.97,49.97,30.0,0.0,RED INTERNET & PHONE CABLE U ,1.0
NRW,35 - 39,34.99,34.99,30.0,0.0,RED INTERNET & PHONE CABLE U ,1.0
NRW,40 - 44,49.97,49.97,30.0,0.0,VF CABLEMAX     ,0.0
KBW,25 - 29,39.98,39.98,30.0,0.0,RED INTERNET & PHONE CABLE U ,1.0
NRW,40 - 44,39.99,39.99,30.0,0.0,RED INTERNET & PHONE CABLE U ,1.0
NRW,30 - 34,59.98,59.98,30.0,0.0,RED INTERNET & PHONE CABLE U ,1.0
KBW,65 - 69,44.98,44.98,30.0,0.0,VF CABLEMAX     ,0.0
KBW,70 - 74,74.96,44.98,30.0,0.0,VF CABLEMAX     ,0.0
NRW,65 - 69,39.98,39.98,30.0,0.0,RED INTERNET & PHONE CABLE U ,1.0
NRW,30 - 34,34.99,34.99,30.0,0.0,RED INTERNET & PHONE CABLE U ,1.0
NRW,18 - 24,34.99,34.99,30.0,0.0,RED INTERNET & PHONE CABLE U ,1.0
NRW,30 - 34,39.99,39.99,30.0,0.0,RED INTERNET & PHONE CABLE U ,0.0
KBW,30 - 34,39.98,39.98,30.0,0.0,VF CABLEMAX     ,1.0
NRW,40 - 44,34.99,34.99,30.0,0.0,RED INTERNET & PHONE CABLE U ,1.0
KBW,60 - 64,60.97,39.98,30.0,0.0,VF RIP U-TREUE  ,1.0
HSN,30 - 34,42.98,42.98,30.0,0.0,VF RIP U-TREUE  ,0.0
KBW,75 - 79,39.98,39.98,30.0,0.0,VF CABLEMAX     ,1.0
KBW,60 - 64,34.99,34.99,30.0,0.0,RED INTERNET & PHONE CABLE U ,0.0
KBW,45 - 49,44.98,44.98,30.0,0.0,RED INTERNET & PHONE CABLE U ,0.0
NRW,50 - 54,29.99,29.99,30.0,0.0,VF RIP U-TREUE  ,1.0
NRW,35 - 39,44.98,44.98,30.0,0.0,RED INTERNET & PHONE CABLE U ,1.0
NRW,30 - 34,54.99,54.99,30.0,0.0,RED INTERNET & PHONE CABLE U ,1.0
NRW,40 - 44,39.99,39.99,30.0,0.0,RED INTERNET & PHONE CABLE U ,1.0
KBW,35 - 39,54.98,39.98,30.0,0.0,VF CABLEMAX     ,0.0
KBW,60 - 64,33.74,33.74,30.0,0.0,RED INTERNET & PHONE CABLE U ,1.0
HSN,35 - 39,44.98,44.98,30.0,0.0,RED INTERNET & PHONE CABLE U ,1.0
NRW,50 - 54,34.99,34.99,30.0,0.0,RED INTERNET & PHONE CABLE U ,1.0
NRW,35 - 39,54.99,54.99,30.0,0.0,RED INTERNET & PHONE CABLE U ,1.0
NRW,30 - 34,49.97,49.97,30.0,0.0,VF CABLEMAX     ,0.0
NRW,45 - 49,69.96,39.99,30.0,0.0,VF RIP U-TREUE  ,1.0
HSN,55 - 59,59.98,39.99,30.0,0.0,VF RIP U-TREUE  ,0.0
NRW,70 - 74,29.99,29.99,30.0,0.0,VF RIP U-TREUE  ,0.0
NRW,40 - 44,49.97,49.97,30.0,0.0,VF CABLEMAX     ,0.0
KBW,35 - 39,34.99,34.99,30.0,0.0,RED INTERNET & PHONE CABLE U ,0.0
NRW,30 - 34,39.98,39.98,30.0,0.0,RED INTERNET & PHONE CABLE U ,1.0
HSN,25 - 29,44.98,44.98,30.0,0.0,RED INTERNET & PHONE CABLE U ,0.0
KBW,25 - 29,52.98,52.98,30.0,0.0,GIGAZUHAUSE KABEL ,0.0
KBW,30 - 34,42.98,42.98,30.0,0.0,VF RIP U-TREUE  ,0.0
NRW,75 - 79,42.97,42.97,30.0,0.0,RED INTERNET & PHONE CABLE U ,1.0
NRW,35 - 39,44.99,44.99,30.0,0.0,GIGAZUHAUSE KABEL ,0.0
NRW,25 - 29,44.98,44.98,30.0,0.0,VF CABLEMAX     ,1.0
NRW,35 - 39,39.99,39.99,30.0,0.0,VF RIP U-TREUE  ,1.0
NRW,40 - 44,44.98,44.98,30.0,0.0,RED INTERNET & PHONE CABLE U ,0.0
KBW,30 - 34,39.99,39.99,30.0,0.0,VF RIP U-TREUE  ,0.0
NRW,55 - 59,34.99,34.99,30.0,0.0,RED INTERNET & PHONE CABLE U ,1.0
NRW,60 - 64,29.99,29.99,30.0,0.0,VF RIP U-TREUE  ,1.0
KBW,35 - 39,29.99,29.99,30.0,0.0,VF RIP U-TREUE  ,1.0
HSN,40 - 44,48.97,48.97,30.0,0.0,RED INTERNET & PHONE CABLE U ,1.0
NRW,70 - 74,49.99,49.99,30.0,0.0,RED INTERNET & PHONE CABLE U ,0.0
NRW,35 - 39,32.99,32.99,30.0,0.0,VF RIP U-TREUE  ,0.0
NRW,25 - 29,39.98,39.98,30.0,0.0,VF CABLEMAX     ,0.0
NRW,40 - 44,42.98,42.98,30.0,0.0,VF RIP U-TREUE  ,0.0
NRW,25 - 29,44.98,44.98,30.0,0.0,RED INTERNET & PHONE CABLE U ,1.0
NRW,30 - 34,44.99,44.99,30.0,0.0,RED INTERNET & PHONE CABLE U ,1.0
NRW,25 - 29,39.99,39.99,30.0,0.0,RED INTERNET & PHONE CABLE U ,1.0
NRW,70 - 74,40.9,40.9,30.0,0.0,2PLAY PLUS       ,0.0
NRW,35 - 39,29.99,29.99,30.0,0.0,VF RIP U-TREUE  ,0.0
KBW,60 - 64,34.99,34.99,30.0,0.0,RED INTERNET & PHONE CABLE U ,0.0
KBW,50 - 54,34.99,34.99,30.0,0.0,RED INTERNET & PHONE CABLE U ,0.0
NRW,55 - 59,52.93,32.99,30.0,0.0,VF RIP U-TREUE  ,1.0
NRW,65 - 69,49.97,49.97,30.0,0.0,VF CABLEMAX     ,0.0
NRW,55 - 59,39.98,39.98,30.0,0.0,VF CABLEMAX     ,0.0
NRW,45 - 49,44.98,44.98,30.0,0.0,RED INTERNET & PHONE CABLE U ,1.0
KBW,18 - 24,34.99,34.99,30.0,0.0,RED INTERNET & PHONE CABLE U ,1.0
HSN,65 - 69,42.97,42.97,30.0,0.0,RED INTERNET & PHONE CABLE U ,0.0
NRW,50 - 54,49.99,49.99,30.0,0.0,GIGAZUHAUSE TREUE C ,0.0
KBW,70 - 74,47.97,47.97,30.0,0.0,GIGAZUHAUSE KABEL ,0.0
HSN,60 - 64,44.98,44.98,30.0,0.0,VF CABLEMAX     ,0.0
HSN,35 - 39,44.98,44.98,30.0,0.0,VF CABLEMAX     ,1.0
NRW,60 - 64,39.99,39.99,30.0,0.0,VF RIP U-TREUE  ,1.0
HSN,25 - 29,69.98,39.99,30.0,0.0,RED INTERNET & PHONE CABLE U ,1.0
KBW,80 and over,39.99,39.99,30.0,0.0,RED INTERNET & PHONE CABLE U ,0.0
HSN,60 - 64,44.97,44.97,30.0,0.0,VF CABLEMAX     ,0.0
KBW,80 and over,29.98,29.98,30.0,0.0,RED INTERNET & PHONE CABLE U ,0.0
KBW,30 - 34,34.99,34.99,30.0,0.0,RED INTERNET & PHONE CABLE U ,0.0
HSN,30 - 34,44.98,44.98,30.0,0.0,VF CABLEMAX     ,1.0
KBW,30 - 34,44.98,44.98,30.0,0.0,RED INTERNET & PHONE CABLE U ,1.0
NRW,40 - 44,69.98,49.99,30.0,0.0,RED INTERNET & PHONE CABLE U ,1.0
KBW,25 - 29,44.98,44.98,30.0,0.0,RED INTERNET & PHONE CABLE U ,1.0
HSN,30 - 34,52.97,52.97,30.0,0.0,VF CABLEMAX     ,0.0
NRW,80 and over,39.98,39.98,30.0,0.0,RED INTERNET & PHONE CABLE U ,1.0
HSN,50 - 54,44.98,44.98,30.0,2.0,VF CABLEMAX     ,1.0
KBW,18 - 24,44.98,44.98,30.0,0.0,RED INTERNET & PHONE CABLE U ,1.0
NRW,35 - 39,44.98,44.98,30.0,0.0,VF CABLEMAX     ,1.0
KBW,80 and over,49.96,34.99,30.0,0.0,RED INTERNET & PHONE CABLE U ,0.0
KBW,65 - 69,38.98,38.98,30.0,0.0,RED INTERNET & PHONE CABLE U ,1.0
NRW,70 - 74,45.97,39.98,30.0,0.0,VF CABLEMAX     ,1.0
KBW,70 - 74,44.98,44.98,30.0,0.0,VF CABLEMAX     ,1.0
NRW,30 - 34,39.99,39.99,30.0,0.0,RED INTERNET & PHONE CABLE U ,0.0
KBW,30 - 34,44.98,44.98,30.0,0.0,RED INTERNET & PHONE CABLE U ,1.0
HSN,55 - 59,38.98,38.98,30.0,0.0,RED INTERNET & PHONE CABLE U ,1.0
NRW,35 - 39,39.99,39.99,30.0,0.0,RED INTERNET & PHONE CABLE U ,1.0
KBW,35 - 39,39.99,39.99,30.0,0.0,RED INTERNET & PHONE CABLE U ,0.0
HSN,45 - 49,47.98,47.98,30.0,0.0,RED INTERNET & PHONE CABLE U ,0.0
NRW,18 - 24,29.99,29.99,30.0,0.0,INTERNET PREMIUM     ,0.0
KBW,30 - 34,54.99,54.99,30.0,0.0,RED INTERNET & PHONE CABLE U ,0.0
KBW,65 - 69,39.99,39.99,30.0,0.0,VF RIP U-TREUE  ,1.0
KBW,18 - 24,38.98,38.98,30.0,0.0,RED INTERNET & PHONE CABLE U ,1.0
NRW,45 - 49,39.99,39.99,30.0,0.0,VF RIP U-TREUE  ,0.0
NRW,55 - 59,44.98,44.98,30.0,0.0,VF CABLEMAX     ,1.0
NRW,60 - 64,49.99,49.99,30.0,0.0,VF RIP U-TREUE  ,0.0
NRW,25 - 29,24.99,24.99,30.0,0.0,INTERNET COMFORT     ,0.0
NRW,35 - 39,44.98,44.98,30.0,0.0,RED INTERNET & PHONE CABLE U ,0.0
NRW,80 and over,39.99,39.99,30.0,0.0,RED INTERNET & PHONE CABLE U ,0.0
HSN,25 - 29,49.99,49.99,30.0,0.0,RED INTERNET & PHONE CABLE U ,1.0
KBW,75 - 79,44.98,44.98,30.0,0.0,VF CABLEMAX     ,0.0
HSN,35 - 39,34.99,34.99,30.0,0.0,RED INTERNET & PHONE CABLE U ,0.0
KBW,60 - 64,44.98,44.98,30.0,0.0,VF CABLEMAX     ,0.0
NRW,50 - 54,37.98,37.98,30.0,0.0,VF RIP U-TREUE  ,0.0
NRW,25 - 29,29.99,29.99,30.0,0.0,INTERNET PREMIUM     ,0.0
KBW,55 - 59,49.99,49.99,30.0,0.0,GIGAZUHAUSE KABEL ,0.0
KBW,50 - 54,44.98,44.98,30.0,0.0,VF RIP U-TREUE  ,1.0
KBW,65 - 69,34.99,34.99,30.0,0.0,RED INTERNET & PHONE CABLE U ,0.0
HSN,35 - 39,44.98,44.98,30.0,0.0,VF CABLEMAX     ,1.0
KBW,60 - 64,34.99,34.99,30.0,0.0,RED INTERNET & PHONE CABLE U ,0.0
NRW,30 - 34,44.98,44.98,53.0,0.0,RED INTERNET & PHONE CABLE U ,1.0
NRW,35 - 39,39.99,39.99,30.0,0.0,RED INTERNET & PHONE CABLE U ,0.0
HSN,35 - 39,34.99,34.99,30.0,0.0,RED INTERNET & PHONE CABLE U ,0.0
NRW,35 - 39,34.99,34.99,30.0,0.0,RED INTERNET & PHONE CABLE U ,1.0
NRW,35 - 39,39.98,39.98,30.0,0.0,VF CABLEMAX     ,1.0
KBW,35 - 39,34.99,34.99,30.0,0.0,RED INTERNET & PHONE CABLE U ,0.0
HSN,60 - 64,49.97,49.97,30.0,0.0,VF CABLEMAX     ,1.0
KBW,25 - 29,39.99,39.99,30.0,0.0,RED INTERNET & PHONE CABLE U ,1.0
NRW,25 - 29,34.99,34.99,30.0,0.0,RED INTERNET & PHONE CABLE U ,1.0
KBW,35 - 39,37.98,37.98,30.0,0.0,VF RIP U-TREUE  ,0.0
KBW,45 - 49,49.97,49.97,30.0,0.0,VF CABLEMAX     ,0.0
KBW,30 - 34,49.97,49.97,30.0,0.0,VF CABLEMAX     ,1.0
NRW,55 - 59,44.98,44.98,30.0,0.0,VF CABLEMAX     ,1.0
NRW,35 - 39,39.99,39.99,30.0,0.0,RED INTERNET & PHONE CABLE U ,1.0
NRW,30 - 34,44.98,44.98,30.0,0.0,VF CABLEMAX     ,1.0
NRW,55 - 59,30.95,30.95,30.0,0.0,RED INTERNET & PHONE CABLE U ,1.0
HSN,40 - 44,65.97,44.98,30.0,0.0,VF CABLEMAX     ,0.0
NRW,30 - 34,44.98,44.98,30.0,0.0,RED INTERNET & PHONE CABLE U ,1.0
NRW,60 - 64,44.98,44.98,30.0,0.0,VF CABLEMAX     ,1.0
KBW,40 - 44,44.98,44.98,30.0,0.0,VF CABLEMAX     ,1.0
NRW,60 - 64,32.98,32.98,30.0,0.0,2PLAY TREUE      ,0.0
NRW,35 - 39,54.99,54.99,30.0,0.0,RED INTERNET & PHONE CABLE U ,0.0
NRW,40 - 44,39.99,39.99,30.0,0.0,VF RIP U-TREUE  ,1.0
KBW,55 - 59,39.98,39.98,30.0,0.0,VF CABLEMAX     ,0.0
HSN,18 - 24,34.99,34.99,30.0,0.0,RED INTERNET & PHONE CABLE U ,1.0
HSN,35 - 39,48.97,34.99,30.0,0.0,RED INTERNET & PHONE CABLE U ,1.0
NRW,25 - 29,39.98,39.98,30.0,0.0,RED INTERNET & PHONE CABLE U ,1.0
NRW,40 - 44,34.99,34.99,30.0,0.0,RED INTERNET & PHONE CABLE U ,0.0
KBW,50 - 54,49.98,49.98,30.0,0.0,RED INTERNET & PHONE CABLE U ,0.0
NRW,55 - 59,44.98,44.98,30.0,0.0,VF CABLEMAX     ,0.0
KBW,70 - 74,39.98,39.98,30.0,0.0,VF CABLEMAX     ,1.0
NRW,30 - 34,57.97,57.97,30.0,0.0,VF CABLEMAX     ,1.0
NRW,35 - 39,60.98,39.99,30.0,0.0,VF RIP U-TREUE  ,0.0
NRW,30 - 34,44.98,44.98,30.0,0.0,VF RIP U-TREUE  ,0.0
NRW,25 - 29,39.98,39.98,30.0,0.0,RED INTERNET & PHONE CABLE U ,1.0
NRW,25 - 29,44.98,44.98,30.0,0.0,RED INTERNET & PHONE CABLE U ,1.0
KBW,35 - 39,39.99,39.99,30.0,0.0,RED INTERNET & PHONE CABLE U ,0.0
NRW,42 - 24,54.99,54.99,30.0,0.0,RED INTERNET & PHONE CABLE U ,1.0
KBW,55 - 59,49.99,49.99,30.0,0.0,GIGAZUHAUSE KABEL ,0.0
NRW,50 - 54,39.99,39.99,30.0,0.0,RED INTERNET & PHONE CABLE U ,1.0
HSN,35 - 39,37.98,37.98,143.0,0.0,GIGAZUHAUSE TREUE B ,1.0
NRW,80 and over,34.99,34.99,30.0,0.0,RED INTERNET & PHONE CABLE U ,0.0
NRW,80 and over,37.98,37.98,30.0,0.0,VF RIP U-TREUE  ,0.0
NRW,30 - 34,24.99,24.99,30.0,0.0,INTERNET COMFORT     ,0.0
KBW,50 - 54,47.98,47.98,30.0,0.0,VF RIP U-TREUE  ,0.0
KBW,40 - 44,59.95,59.97,30.0,0.0,RED INTERNET & PHONE CABLE U ,0.0
KBW,30 - 34,39.99,39.99,30.0,0.0,RED INTERNET & PHONE CABLE U ,1.0
KBW,65 - 69,43.97,43.97,30.0,0.0,RED INTERNET & PHONE CABLE U ,0.0
KBW,45 - 49,37.98,37.98,30.0,0.0,RED INTERNET & PHONE CABLE U ,1.0
NRW,18 - 24,44.98,44.98,30.0,0.0,RED INTERNET & PHONE CABLE U ,1.0
NRW,35 - 39,34.99,34.99,30.0,0.0,RED INTERNET & PHONE CABLE U ,1.0
HSN,35 - 39,44.98,44.98,30.0,0.0,RED INTERNET & PHONE CABLE U ,1.0
KBW,45 - 49,40.97,40.97,30.0,0.0,VF RIP U-TREUE  ,0.0
HSN,45 - 49,49.99,49.99,30.0,0.0,RED INTERNET & PHONE CABLE U ,1.0
KBW,25 - 29,49.99,49.99,30.0,0.0,RED INTERNET & PHONE CABLE U ,1.0
NRW,25 - 29,44.98,44.98,30.0,0.0,VF CABLEMAX     ,0.0
KBW,70 - 74,59.98,39.99,30.0,0.0,VF RIP U-TREUE  ,1.0
NRW,25 - 29,34.99,34.99,30.0,0.0,RED INTERNET & PHONE CABLE U ,1.0
NRW,40 - 44,49.99,49.99,30.0,0.0,RED INTERNET & PHONE CABLE U ,0.0
NRW,25 - 29,34.99,34.99,30.0,0.0,RED INTERNET & PHONE CABLE U ,1.0
NRW,45 - 49,49.99,49.99,30.0,0.0,RED INTERNET & PHONE CABLE U ,0.0
KBW,55 - 59,49.97,49.97,30.0,0.0,VF CABLEMAX     ,0.0
NRW,55 - 59,37.98,37.98,30.0,0.0,VF RIP U-TREUE  ,1.0
NRW,60 - 64,44.98,44.98,30.0,0.0,VF CABLEMAX     ,1.0
NRW,45 - 49,44.98,44.98,30.0,0.0,VF CABLEMAX     ,1.0
NRW,75 - 79,29.99,29.99,30.0,0.0,VF RIP U-TREUE  ,1.0
NRW,35 - 39,44.98,44.98,30.0,0.0,RED INTERNET & PHONE CABLE U ,1.0
NRW,50 - 54,34.99,34.99,30.0,0.0,RED INTERNET & PHONE CABLE U ,0.0
KBW,60 - 64,34.99,34.99,30.0,0.0,VF RIP U-TREUE  ,1.0
KBW,18 - 24,44.98,44.98,30.0,0.0,RED INTERNET & PHONE CABLE U ,1.0
KBW,30 - 34,54.99,54.99,30.0,0.0,RED INTERNET & PHONE CABLE U ,1.0
HSN,60 - 64,49.99,49.99,30.0,0.0,RED INTERNET & PHONE CABLE U ,1.0
HSN,25 - 29,29.99,29.99,30.0,0.0,VF RIP U-TREUE  ,0.0
HSN,35 - 39,34.99,34.99,30.0,0.0,RED INTERNET & PHONE CABLE U ,0.0
NRW,50 - 54,37.98,37.98,30.0,0.0,VF RIP U-TREUE  ,0.0
KBW,30 - 34,34.99,34.99,30.0,0.0,RED INTERNET & PHONE CABLE U ,1.0
KBW,35 - 39,65.97,44.98,30.0,0.0,VF CABLEMAX     ,0.0
KBW,65 - 69,35.98,32.99,30.0,0.0,VF RIP U-TREUE  ,1.0
NRW,35 - 39,39.99,39.99,30.0,0.0,RED INTERNET & PHONE CABLE U ,1.0
NRW,18 - 24,34.99,34.99,30.0,0.0,RED INTERNET & PHONE CABLE U ,1.0
HSN,25 - 29,44.98,44.98,30.0,0.0,VF CABLEMAX     ,1.0
NRW,30 - 34,39.99,39.99,30.0,0.0,RED INTERNET & PHONE CABLE U ,1.0
KBW,60 - 64,35.98,35.98,30.0,0.0,EAZY       ,0.0
NRW,45 - 49,39.99,39.99,30.0,0.0,VF RIP U-TREUE  ,1.0
NRW,25 - 29,44.98,44.98,30.0,0.0,VF CABLEMAX     ,1.0
NRW,70 - 74,34.99,34.99,30.0,0.0,RED INTERNET & PHONE CABLE U ,1.0
HSN,45 - 49,39.99,39.99,30.0,0.0,RED INTERNET & PHONE CABLE U ,0.0
KBW,75 - 79,34.99,34.99,30.0,0.0,RED INTERNET & PHONE CABLE U ,0.0
KBW,60 - 64,44.98,44.98,30.0,0.0,RED INTERNET & PHONE CABLE U ,0.0
KBW,40 - 44,54.98,54.98,30.0,0.0,RED INTERNET & PHONE CABLE U ,1.0
KBW,30 - 34,39.99,39.99,30.0,0.0,RED INTERNET & PHONE CABLE U ,1.0
KBW,70 - 74,56.95,79.97,30.0,0.0,GIGAZUHAUSE KABEL ,0.0
KBW,80 and over,35.97,32.98,30.0,0.0,RED INTERNET & PHONE CABLE U ,1.0
HSN,65 - 69,60.95,39.98,30.0,0.0,VF RIP U-TREUE  ,0.0
KBW,80 and over,34.99,34.99,30.0,0.0,RED INTERNET & PHONE CABLE U ,0.0
NRW,80 and over,54.99,54.99,30.0,0.0,RED INTERNET & PHONE CABLE U ,0.0
NRW,30 - 34,44.98,44.98,30.0,0.0,RED INTERNET & PHONE CABLE U ,1.0
KBW,40 - 44,44.98,44.98,30.0,0.0,RED INTERNET & PHONE CABLE U ,0.0
KBW,25 - 29,47.97,47.97,30.0,0.0,GIGAZUHAUSE KABEL ,1.0
KBW,65 - 69,44.98,44.98,30.0,0.0,VF RIP U-TREUE  ,0.0
KBW,55 - 59,54.99,54.99,30.0,0.0,RED INTERNET & PHONE CABLE U ,1.0
KBW,55 - 59,44.98,44.98,30.0,0.0,VF RIP U-TREUE  ,1.0
NRW,40 - 44,49.99,49.99,30.0,0.0,RED INTERNET & PHONE CABLE U ,1.0
NRW,40 - 44,39.99,39.99,30.0,0.0,VF RIP U-TREUE  ,0.0
KBW,25 - 29,44.98,44.98,30.0,0.0,RED INTERNET & PHONE CABLE U ,0.0
NRW,60 - 64,56.94,44.98,30.0,0.0,VF CABLEMAX     ,1.0
KBW,45 - 49,44.98,44.98,30.0,0.0,RED INTERNET & PHONE CABLE U ,0.0
HSN,35 - 39,34.99,34.99,30.0,0.0,RED INTERNET & PHONE CABLE U ,1.0
HSN,65 - 69,44.98,44.98,30.0,0.0,RED INTERNET & PHONE CABLE U ,1.0
NRW,50 - 54,39.99,39.99,30.0,0.0,VF RIP U-TREUE  ,0.0
KBW,60 - 64,29.99,29.99,30.0,0.0,VF RIP U-TREUE  ,0.0
KBW,45 - 49,49.98,39.99,30.0,0.0,VF RIP U-TREUE  ,0.0
HSN,35 - 39,39.99,39.99,30.0,0.0,VF RIP U-TREUE  ,1.0
NRW,65 - 69,33.98,33.98,30.0,0.0,RED INTERNET & PHONE CABLE U ,1.0
KBW,45 - 49,34.99,34.99,30.0,0.0,RED INTERNET & PHONE CABLE U ,0.0
HSN,40 - 44,24.99,24.99,30.0,0.0,INTERNET COMFORT     ,0.0
KBW,50 - 54,44.98,44.98,30.0,0.0,VF CABLEMAX     ,1.0
NRW,40 - 44,39.99,39.99,30.0,0.0,RED INTERNET & PHONE CABLE U ,1.0
NRW,35 - 39,29.99,29.99,30.0,0.0,RED INTERNET & PHONE CABLE U ,0.0
KBW,50 - 54,60.97,39.98,30.0,0.0,VF CABLEMAX     ,0.0
NRW,55 - 59,44.98,44.98,30.0,0.0,VF CABLEMAX     ,1.0
NRW,30 - 34,29.99,29.99,30.0,0.0,INTERNET PREMIUM     ,1.0
HSN,35 - 39,44.97,44.97,30.0,0.0,RED INTERNET & PHONE CABLE U ,1.0
KBW,35 - 39,34.99,34.99,30.0,0.0,RED INTERNET & PHONE CABLE U ,0.0
NRW,40 - 44,52.96,42.98,30.0,0.0,VF RIP U-TREUE  ,1.0
NRW,40 - 44,54.99,54.99,30.0,0.0,RED INTERNET & PHONE CABLE U ,0.0
NRW,80 and over,39.98,39.98,30.0,0.0,RED INTERNET & PHONE CABLE U ,0.0
HSN,50 - 54,29.99,29.99,30.0,0.0,INTERNET PREMIUM     ,0.0
KBW,65 - 69,44.98,44.98,30.0,0.0,VF CABLEMAX     ,1.0
NRW,30 - 34,34.99,34.99,30.0,1.0,RED INTERNET & PHONE CABLE U ,1.0
KBW,30 - 34,34.99,34.99,30.0,0.0,RED INTERNET & PHONE CABLE U ,1.0
KBW,40 - 44,19.99,19.99,30.0,0.0,EAZY       ,0.0
NRW,55 - 59,75.41,54.42,30.0,0.0,2PLAY        ,0.0
NRW,70 - 74,68.95,47.93,30.0,0.0,3PLAY PLUS       ,0.0
KBW,70 - 74,29.99,29.99,30.0,0.0,VF RIP U-TREUE  ,0.0
HSN,50 - 54,34.99,34.99,30.0,0.0,RED INTERNET & PHONE CABLE U ,0.0
NRW,30 - 34,34.99,34.99,30.0,0.0,RED INTERNET & PHONE CABLE U ,1.0
NRW,55 - 59,59.99,59.99,30.0,0.0,3PLAY FLY      ,0.0
HSN,30 - 34,34.99,34.99,30.0,0.0,RED INTERNET & PHONE CABLE U ,1.0
KBW,70 - 74,42.97,42.97,30.0,0.0,RED INTERNET & PHONE CABLE U ,0.0
NRW,35 - 39,39.98,39.98,214.0,0.0,GIGAZUHAUSE KABEL ,0.0
NRW,25 - 29,44.98,44.98,30.0,0.0,RED INTERNET & PHONE CABLE U ,1.0
KBW,35 - 39,39.98,39.98,30.0,0.0,VF CABLEMAX     ,1.0
KBW,40 - 44,59.99,59.99,30.0,0.0,3PLAY PLUS       ,1.0
KBW,40 - 44,44.98,44.98,30.0,0.0,VF CABLEMAX     ,0.0
KBW,60 - 64,69.98,49.99,30.0,0.0,GIGAZUHAUSE KABEL ,1.0
NRW,40 - 44,34.99,34.99,50.0,0.0,RED INTERNET & PHONE CABLE U ,1.0
NRW,60 - 64,39.99,39.99,30.0,0.0,RED INTERNET & PHONE CABLE U ,1.0
KBW,35 - 39,29.99,29.99,30.0,0.0,VF RIP U-TREUE  ,1.0
NRW,40 - 44,27.99,27.99,112.0,0.0,GIGAZUHAUSE TREUE B ,1.0
NRW,30 - 34,44.98,44.98,30.0,0.0,VF CABLEMAX     ,0.0
HSN,80 and over,34.99,34.99,30.0,0.0,RED INTERNET & PHONE CABLE U ,0.0
NRW,80 and over,34.99,34.99,30.0,0.0,RED INTERNET & PHONE CABLE U ,0.0
KBW,35 - 39,39.98,39.98,30.0,0.0,VF CABLEMAX     ,0.0
NRW,40 - 44,43.98,43.98,30.0,0.0,RED INTERNET & PHONE CABLE U ,1.0
NRW,60 - 64,57.95,43.97,30.0,0.0,RED INTERNET & PHONE CABLE U ,0.0
NRW,30 - 34,41.98,34.99,30.0,0.0,RED INTERNET & PHONE CABLE U ,1.0
KBW,25 - 29,44.98,44.98,30.0,0.0,RED INTERNET & PHONE CABLE U ,1.0
NRW,30 - 34,44.98,44.98,30.0,0.0,RED INTERNET & PHONE CABLE U ,1.0
HSN,60 - 64,60.96,39.99,30.0,0.0,VF RIP U-TREUE  ,1.0
NRW,60 - 64,44.98,44.98,30.0,0.0,VF CABLEMAX     ,1.0
KBW,30 - 34,44.98,44.98,30.0,0.0,RED INTERNET & PHONE CABLE U ,1.0
KBW,30 - 34,34.99,34.99,6.0,0.0,GIGAZUHAUSE KABEL ,1.0
HSN,35 - 39,29.99,29.99,30.0,0.0,VF RIP U-TREUE  ,0.0
NRW,35 - 39,44.98,44.98,30.0,0.0,VF CABLEMAX     ,1.0
NRW,25 - 29,39.99,39.99,30.0,0.0,RED INTERNET & PHONE CABLE U ,1.0
NRW,40 - 44,44.98,44.98,30.0,0.0,RED INTERNET & PHONE CABLE U ,1.0
NRW,70 - 74,79.94,44.98,30.0,0.0,VF CABLEMAX     ,0.0
NRW,30 - 34,39.99,39.99,30.0,0.0,RED INTERNET & PHONE CABLE U ,1.0
KBW,30 - 34,54.98,54.98,30.0,0.0,VF RIP U-TREUE  ,1.0
KBW,30 - 34,39.99,39.99,30.0,0.0,RED INTERNET & PHONE CABLE U ,0.0
KBW,18 - 24,44.98,44.98,30.0,0.0,RED INTERNET & PHONE CABLE U ,0.0
NRW,50 - 54,39.99,39.99,30.0,0.0,VF RIP U-TREUE  ,0.0
NRW,40 - 44,34.99,34.99,30.0,0.0,RED INTERNET & PHONE CABLE U ,1.0
KBW,45 - 49,44.97,44.97,30.0,0.0,GIGAZUHAUSE KABEL ,0.0
NRW,25 - 29,39.99,39.99,30.0,0.0,VF RIP U-TREUE  ,0.0
KBW,60 - 64,73.97,52.98,30.0,0.0,VF RIP U-TREUE  ,0.0
HSN,55 - 59,47.96,47.96,30.0,0.0,VF CABLEMAX     ,1.0
NRW,35 - 39,34.99,34.99,30.0,0.0,RED INTERNET & PHONE CABLE U ,0.0
KBW,65 - 69,44.98,44.98,30.0,0.0,RED INTERNET & PHONE CABLE U ,0.0
NRW,30 - 34,39.99,39.99,30.0,0.0,RED INTERNET & PHONE CABLE U ,1.0
KBW,35 - 39,49.99,49.99,30.0,0.0,GIGAZUHAUSE KABEL ,0.0
HSN,65 - 69,79.96,27.99,30.0,0.0,VF RIP U-TREUE  ,1.0
KBW,25 - 29,44.98,44.98,30.0,0.0,VF CABLEMAX     ,0.0
HSN,65 - 69,44.98,44.98,30.0,0.0,VF CABLEMAX     ,1.0
NRW,50 - 54,54.99,54.99,30.0,0.0,RED INTERNET & PHONE CABLE U ,0.0
NRW,80 and over,34.99,34.99,30.0,0.0,RED INTERNET & PHONE CABLE U ,0.0
NRW,25 - 29,44.98,44.98,30.0,0.0,RED INTERNET & PHONE CABLE U ,1.0
NRW,30 - 34,39.98,39.98,30.0,0.0,VF CABLEMAX     ,1.0
HSN,60 - 64,42.97,42.97,30.0,0.0,RED INTERNET & PHONE CABLE U ,0.0
HSN,25 - 29,39.99,39.99,30.0,0.0,VF RIP U-TREUE  ,1.0
KBW,65 - 69,74.96,39.98,30.0,0.0,VF RIP U-TREUE  ,1.0
HSN,30 - 34,29.99,29.99,30.0,0.0,VF RIP U-TREUE  ,0.0
KBW,35 - 39,44.98,44.98,30.0,0.0,RED INTERNET & PHONE CABLE U ,1.0
NRW,55 - 59,39.98,39.98,30.0,0.0,RED INTERNET & PHONE CABLE U ,1.0
NRW,60 - 64,42.97,42.97,30.0,0.0,2PLAY TREUE      ,1.0
NRW,60 - 64,49.97,49.97,30.0,0.0,VF CABLEMAX     ,0.0
NRW,45 - 49,54.99,54.99,30.0,0.0,RED INTERNET & PHONE CABLE U ,1.0
NRW,25 - 29,44.98,44.98,30.0,0.0,VF CABLEMAX     ,1.0
NRW,30 - 34,37.99,37.99,30.0,0.0,VF RIP U-TREUE  ,1.0
KBW,55 - 59,34.99,34.99,30.0,0.0,RED INTERNET & PHONE CABLE U ,1.0
KBW,45 - 49,52.96,52.96,30.0,0.0,VF CABLEMAX     ,0.0
HSN,25 - 29,43.98,43.98,30.0,0.0,RED INTERNET & PHONE CABLE U ,0.0
NRW,40 - 44,39.99,39.99,30.0,0.0,RED INTERNET & PHONE CABLE U ,0.0
KBW,60 - 64,24.99,24.99,30.0,0.0,VF RIP U-TREUE  ,1.0
HSN,25 - 29,29.99,29.99,30.0,0.0,INTERNET PREMIUM     ,1.0
NRW,30 - 34,44.98,44.98,30.0,0.0,RED INTERNET & PHONE CABLE U ,1.0
KBW,45 - 49,39.98,39.98,30.0,0.0,VF CABLEMAX     ,1.0
KBW,18 - 24,44.98,44.98,30.0,0.0,RED INTERNET & PHONE CABLE U ,0.0
NRW,40 - 44,64.98,44.98,30.0,0.0,VF CABLEMAX     ,1.0
KBW,65 - 69,39.99,39.99,30.0,0.0,RED INTERNET & PHONE CABLE U ,0.0
KBW,80 and over,34.99,34.99,30.0,0.0,RED INTERNET & PHONE CABLE U ,0.0
NRW,35 - 39,39.98,39.98,30.0,0.0,VF CABLEMAX     ,1.0
NRW,25 - 29,47.98,47.98,30.0,0.0,VF RIP U-TREUE  ,0.0
NRW,25 - 29,44.98,44.98,30.0,0.0,RED INTERNET & PHONE CABLE U ,1.0
HSN,25 - 29,39.99,39.99,30.0,0.0,RED INTERNET & PHONE CABLE U ,0.0
HSN,40 - 44,39.99,39.99,30.0,0.0,RED INTERNET & PHONE CABLE U ,1.0
KBW,60 - 64,61.96,50.97,30.0,0.0,3PLAY PLUS MTA      ,1.0
NRW,75 - 79,39.98,39.98,30.0,0.0,VF CABLEMAX     ,1.0
NRW,40 - 44,63.97,42.97,30.0,0.0,RED INTERNET & PHONE CABLE U ,1.0
NRW,70 - 74,44.98,44.98,30.0,0.0,VF CABLEMAX     ,1.0
KBW,35 - 39,39.98,39.98,30.0,0.0,RED INTERNET & PHONE CABLE U ,1.0
NRW,45 - 49,42.97,42.97,30.0,0.0,GIGAZUHAUSE KABEL ,0.0
NRW,50 - 54,49.99,49.99,30.0,0.0,RED INTERNET & PHONE CABLE U ,0.0
KBW,70 - 74,39.98,39.98,30.0,0.0,VF RIP U-TREUE  ,0.0
NRW,50 - 54,52.98,52.98,30.0,0.0,3PLAY TREUE GENRE    ,0.0
KBW,50 - 54,49.97,49.97,30.0,0.0,VF CABLEMAX     ,0.0
NRW,55 - 59,34.99,34.99,30.0,0.0,RED INTERNET & PHONE CABLE U ,0.0
NRW,65 - 69,42.98,42.98,30.0,0.0,VF RIP U-TREUE  ,0.0
HSN,45 - 49,37.98,37.98,30.0,0.0,RED INTERNET & PHONE CABLE U ,1.0
HSN,35 - 39,54.98,34.99,30.0,0.0,RED INTERNET & PHONE CABLE U ,1.0
HSN,40 - 44,44.99,44.99,30.0,0.0,GIGAZUHAUSE KABEL ,1.0
HSN,35 - 39,39.98,39.98,30.0,0.0,RED INTERNET & PHONE CABLE U ,1.0
HSN,40 - 44,39.99,39.99,30.0,0.0,RED INTERNET & PHONE CABLE U ,1.0
KBW,80 and over,61.77,19.99,30.0,0.0,EAZY       ,0.0
NRW,25 - 29,24.99,24.99,30.0,0.0,INTERNET COMFORT     ,1.0
NRW,75 - 79,59.97,39.99,30.0,0.0,RED INTERNET & PHONE CABLE U ,0.0
NRW,70 - 74,34.99,34.99,30.0,0.0,RED INTERNET & PHONE CABLE U ,0.0
KBW,35 - 39,39.99,39.99,30.0,0.0,RED INTERNET & PHONE CABLE U ,1.0
KBW,60 - 64,44.98,44.98,30.0,0.0,VF CABLEMAX     ,0.0
HSN,35 - 39,39.99,39.99,30.0,0.0,RED INTERNET & PHONE CABLE U ,1.0
KBW,45 - 49,44.98,44.98,30.0,0.0,RED INTERNET & PHONE CABLE U ,1.0
NRW,65 - 69,39.98,39.98,30.0,0.0,VF CABLEMAX     ,1.0
KBW,45 - 49,44.98,44.98,30.0,0.0,VF CABLEMAX     ,1.0
NRW,25 - 29,62.98,62.98,58.0,0.0,GIGAZUHAUSE KABEL ,1.0
KBW,45 - 49,42.98,42.98,30.0,0.0,VF RIP U-TREUE  ,1.0
KBW,35 - 39,34.99,34.99,30.0,0.0,RED INTERNET & PHONE CABLE U ,0.0
HSN,40 - 44,54.98,54.98,30.0,0.0,RED INTERNET & PHONE CABLE U ,1.0
NRW,80 and over,65.97,44.98,30.0,0.0,3PLAY TREUE      ,0.0
NRW,25 - 29,34.99,34.99,30.0,0.0,RED INTERNET & PHONE CABLE U ,1.0
NRW,30 - 34,37.98,32.98,318.0,0.0,GIGAZUHAUSE TREUE B ,0.0
KBW,35 - 39,79.96,49.99,30.0,0.0,RED INTERNET & PHONE CABLE U ,0.0
NRW,50 - 54,61.96,44.98,30.0,0.0,RED INTERNET & PHONE CABLE U ,0.0
NRW,50 - 54,42.98,42.98,30.0,0.0,VF RIP U-TREUE  ,1.0
KBW,75 - 79,34.99,34.99,30.0,0.0,RED INTERNET & PHONE CABLE U ,0.0
KBW,65 - 69,37.98,37.98,30.0,0.0,VF RIP U-TREUE  ,0.0
NRW,25 - 29,44.98,44.98,30.0,0.0,RED INTERNET & PHONE CABLE U ,1.0
NRW,35 - 39,39.99,39.99,30.0,0.0,RED INTERNET & PHONE CABLE U ,0.0
KBW,55 - 59,44.98,44.98,30.0,0.0,RED INTERNET & PHONE CABLE U ,1.0
NRW,55 - 59,54.99,54.99,30.0,0.0,RED INTERNET & PHONE CABLE U ,1.0
HSN,40 - 44,44.98,44.98,30.0,0.0,RED INTERNET & PHONE CABLE U ,1.0
HSN,50 - 54,42.98,42.98,30.0,0.0,VF RIP U-TREUE  ,0.0
KBW,55 - 59,49.97,49.97,30.0,0.0,VF CABLEMAX     ,0.0
NRW,55 - 59,39.99,39.99,30.0,0.0,VF RIP U-TREUE  ,0.0
NRW,35 - 39,44.98,44.98,30.0,0.0,RED INTERNET & PHONE CABLE U ,1.0
NRW,70 - 74,32.99,32.99,30.0,0.0,VF RIP U-TREUE  ,1.0
HSN,25 - 29,19.99,19.99,30.0,0.0,EAZY       ,1.0
NRW,30 - 34,39.99,39.99,30.0,0.0,RED INTERNET & PHONE CABLE U ,1.0
NRW,50 - 54,43.97,43.97,30.0,0.0,VF CABLEMAX     ,0.0
KBW,25 - 29,47.99,47.99,30.0,0.0,VF RIP U-TREUE  ,0.0
KBW,35 - 39,49.99,49.99,30.0,0.0,RED INTERNET & PHONE CABLE U ,0.0
NRW,35 - 39,24.99,24.99,30.0,0.0,INTERNET COMFORT     ,1.0
KBW,25 - 29,34.99,34.99,30.0,0.0,RED INTERNET & PHONE CABLE U ,1.0
HSN,18 - 24,34.99,34.99,30.0,0.0,RED INTERNET & PHONE CABLE U ,1.0
HSN,50 - 54,49.99,49.99,30.0,0.0,RED INTERNET & PHONE CABLE U ,0.0
KBW,25 - 29,39.98,39.98,30.0,0.0,RED INTERNET & PHONE CABLE U ,0.0
KBW,35 - 39,44.98,44.98,30.0,0.0,RED INTERNET & PHONE CABLE U ,0.0
KBW,70 - 74,70.98,49.99,30.0,0.0,RED INTERNET & PHONE CABLE U ,0.0
NRW,35 - 39,39.99,39.99,30.0,0.0,VF RIP U-TREUE  ,1.0
KBW,35 - 39,29.99,29.99,30.0,0.0,VF RIP U-TREUE  ,0.0
KBW,50 - 54,52.97,52.96,30.0,0.0,VF CABLEMAX     ,0.0
NRW,30 - 34,39.99,39.99,30.0,0.0,RED INTERNET & PHONE CABLE U ,0.0
KBW,30 - 34,44.98,44.98,30.0,0.0,RED INTERNET & PHONE CABLE U ,1.0
KBW,60 - 64,42.97,42.97,30.0,0.0,2PLAY TREUE      ,0.0
HSN,25 - 29,24.99,24.99,30.0,0.0,INTERNET COMFORT     ,0.0
KBW,55 - 59,64.97,44.98,30.0,0.0,RED INTERNET & PHONE CABLE U ,1.0
NRW,50 - 54,69.98,54.99,30.0,0.0,RED INTERNET & PHONE CABLE U ,0.0
NRW,45 - 49,39.99,39.99,30.0,0.0,RED INTERNET & PHONE CABLE U ,1.0
NRW,65 - 69,39.98,39.98,30.0,0.0,RED INTERNET & PHONE CABLE U ,1.0
NRW,80 and over,39.98,39.98,88.0,0.0,VF CABLEMAX     ,1.0
KBW,30 - 34,34.99,34.99,30.0,0.0,RED INTERNET & PHONE CABLE U ,1.0
HSN,55 - 59,39.98,39.98,30.0,0.0,RED INTERNET & PHONE CABLE U ,0.0
KBW,25 - 29,24.99,24.99,30.0,0.0,INTERNET COMFORT     ,1.0
NRW,45 - 49,42.97,42.97,30.0,0.0,2PLAY PLUS       ,1.0
NRW,30 - 34,39.99,39.99,30.0,0.0,VF RIP U-TREUE  ,0.0
HSN,35 - 39,44.98,44.98,30.0,0.0,RED INTERNET & PHONE CABLE U ,1.0
HSN,30 - 34,49.99,49.99,30.0,0.0,GIGAZUHAUSE KABEL ,1.0
KBW,35 - 39,44.98,44.98,30.0,0.0,VF CABLEMAX     ,0.0
NRW,60 - 64,39.99,39.99,30.0,0.0,RED INTERNET & PHONE CABLE U ,1.0
NRW,30 - 34,34.99,34.99,30.0,0.0,RED INTERNET & PHONE CABLE U ,1.0
KBW,35 - 39,44.98,44.98,30.0,0.0,RED INTERNET & PHONE CABLE U ,1.0
HSN,35 - 39,44.99,44.99,30.0,0.0,GIGAZUHAUSE KABEL ,1.0
HSN,60 - 64,70.97,49.99,30.0,0.0,RED INTERNET & PHONE CABLE U ,1.0
NRW,30 - 34,39.98,39.98,30.0,0.0,VF CABLEMAX     ,1.0
NRW,35 - 39,44.98,44.98,30.0,0.0,VF CABLEMAX     ,0.0
KBW,60 - 64,49.97,49.97,30.0,0.0,VF CABLEMAX     ,1.0
KBW,60 - 64,44.98,39.99,30.0,0.0,RED INTERNET & PHONE CABLE U ,0.0
KBW,75 - 79,39.99,39.99,30.0,0.0,RED INTERNET & PHONE CABLE U ,0.0
KBW,60 - 64,35.98,32.99,30.0,0.0,VF RIP U-TREUE  ,0.0
NRW,55 - 59,39.98,39.98,30.0,0.0,VF CABLEMAX     ,1.0
NRW,25 - 29,39.98,39.98,30.0,0.0,VF CABLEMAX     ,0.0
KBW,50 - 54,34.99,34.99,30.0,0.0,RED INTERNET & PHONE CABLE U ,0.0
NRW,55 - 59,39.99,39.99,30.0,0.0,RED INTERNET & PHONE CABLE U ,0.0
NRW,60 - 64,50.98,29.99,30.0,0.0,VF RIP U-TREUE  ,1.0
HSN,70 - 74,49.97,39.99,30.0,0.0,VF RIP U-TREUE  ,1.0
HSN,25 - 29,39.99,39.99,30.0,0.0,RED INTERNET & PHONE CABLE U ,1.0
KBW,35 - 39,39.99,39.99,30.0,0.0,VF RIP U-TREUE  ,1.0
NRW,35 - 39,34.99,34.99,30.0,0.0,RED INTERNET & PHONE CABLE U ,1.0
KBW,35 - 39,33.98,33.98,30.0,0.0,RED INTERNET & PHONE CABLE U ,0.0
NRW,50 - 54,44.98,44.98,30.0,0.0,VF CABLEMAX     ,1.0
KBW,45 - 49,52.97,52.97,30.0,0.0,VF CABLEMAX     ,1.0
KBW,30 - 34,44.98,44.98,30.0,0.0,VF CABLEMAX     ,1.0
KBW,25 - 29,37.98,37.98,58.0,0.0,GIGAZUHAUSE TREUE B ,0.0
KBW,45 - 49,49.97,49.97,30.0,0.0,VF CABLEMAX     ,1.0
NRW,70 - 74,27.98,27.98,30.0,0.0,RED INTERNET & PHONE CABLE U ,0.0
HSN,50 - 54,59.97,44.98,30.0,0.0,VF CABLEMAX     ,1.0
NRW,35 - 39,48.97,48.97,30.0,0.0,VF CABLEMAX     ,1.0
HSN,60 - 64,49.99,49.99,30.0,0.0,RED INTERNET & PHONE CABLE U ,1.0
KBW,40 - 44,44.98,44.98,30.0,0.0,RED INTERNET & PHONE CABLE U ,1.0
KBW,18 - 24,27.99,27.99,30.0,0.0,EAZY       ,0.0
KBW,25 - 29,34.99,34.99,30.0,0.0,RED INTERNET & PHONE CABLE U ,0.0
KBW,55 - 59,54.96,39.98,30.0,0.0,VF CABLEMAX     ,0.0
KBW,25 - 29,70.96,49.99,30.0,0.0,RED INTERNET & PHONE CABLE U ,1.0
NRW,55 - 59,54.99,54.99,30.0,0.0,RED INTERNET & PHONE CABLE U ,1.0
HSN,55 - 59,39.99,39.99,30.0,0.0,RED INTERNET & PHONE CABLE U ,0.0
NRW,30 - 34,48.97,48.97,30.0,0.0,RED INTERNET & PHONE CABLE U ,1.0
KBW,25 - 29,34.99,34.99,30.0,0.0,RED INTERNET & PHONE CABLE U ,0.0
NRW,70 - 74,57.97,42.98,30.0,0.0,VF RIP U-TREUE  ,0.0
KBW,25 - 29,34.99,34.99,30.0,0.0,RED INTERNET & PHONE CABLE U ,1.0
KBW,40 - 44,34.99,34.99,30.0,0.0,RED INTERNET & PHONE CABLE U ,1.0
KBW,50 - 54,49.99,49.99,30.0,0.0,RED INTERNET & PHONE CABLE U ,1.0
NRW,40 - 44,29.99,29.99,30.0,0.0,VF RIP U-TREUE  ,0.0
HSN,60 - 64,48.97,48.97,30.0,0.0,VF CABLEMAX     ,1.0
NRW,35 - 39,34.99,34.99,30.0,0.0,RED INTERNET & PHONE CABLE U ,0.0
KBW,25 - 29,34.99,34.99,30.0,0.0,RED INTERNET & PHONE CABLE U ,0.0
NRW,40 - 44,44.98,44.98,30.0,0.0,VF CABLEMAX     ,0.0
HSN,65 - 69,42.98,42.98,30.0,0.0,VF RIP U-TREUE  ,1.0
KBW,40 - 44,29.99,29.99,30.0,0.0,VF RIP U-TREUE  ,1.0
HSN,55 - 59,32.98,32.98,30.0,0.0,VF RIP U-TREUE  ,0.0
HSN,25 - 29,44.98,44.98,30.0,59.0,RED INTERNET & PHONE CABLE U ,1.0
KBW,40 - 44,37.97,37.97,30.0,0.0,RED INTERNET & PHONE CABLE U ,0.0
NRW,60 - 64,32.99,32.99,30.0,0.0,VF RIP U-TREUE  ,1.0
KBW,35 - 39,39.99,39.99,30.0,0.0,RED INTERNET & PHONE CABLE U ,0.0
HSN,55 - 59,84.96,54.99,30.0,0.0,RED INTERNET & PHONE CABLE U ,0.0
KBW,70 - 74,39.98,39.98,30.0,0.0,RED INTERNET & PHONE CABLE U ,0.0
NRW,35 - 39,34.99,34.99,30.0,0.0,RED INTERNET & PHONE CABLE U ,0.0
KBW,65 - 69,49.99,49.99,30.0,0.0,VF RIP U-TREUE  ,1.0
NRW,45 - 49,50.98,29.99,30.0,0.0,VF RIP U-TREUE  ,0.0
KBW,80 and over,34.99,34.99,30.0,0.0,RED INTERNET & PHONE CABLE U ,1.0
NRW,35 - 39,39.98,39.98,30.0,0.0,VF CABLEMAX     ,0.0
HSN,45 - 49,24.99,24.99,30.0,0.0,INTERNET COMFORT     ,0.0
NRW,40 - 44,49.99,49.99,30.0,0.0,RED INTERNET & PHONE CABLE U ,1.0
NRW,30 - 34,34.99,34.99,30.0,0.0,RED INTERNET & PHONE CABLE U ,0.0
KBW,50 - 54,44.98,44.98,30.0,0.0,RED INTERNET & PHONE CABLE U ,0.0
KBW,30 - 34,39.99,39.99,30.0,0.0,RED INTERNET & PHONE CABLE U ,0.0
KBW,55 - 59,44.98,44.98,30.0,0.0,VF CABLEMAX     ,1.0
HSN,40 - 44,34.99,34.99,30.0,0.0,RED INTERNET & PHONE CABLE U ,1.0
KBW,35 - 39,39.99,39.99,30.0,0.0,RED INTERNET & PHONE CABLE U ,1.0
NRW,25 - 29,39.98,39.98,30.0,0.0,VF CABLEMAX     ,0.0
NRW,55 - 59,50.98,29.99,30.0,0.0,VF RIP U-TREUE  ,0.0
NRW,55 - 59,29.99,29.99,30.0,0.0,VF RIP U-TREUE  ,0.0
KBW,80 and over,32.99,32.99,30.0,0.0,VF RIP U-TREUE  ,0.0
NRW,55 - 59,27.99,27.99,30.0,0.0,VF RIP U-TREUE  ,0.0
NRW,30 - 34,33.98,33.98,30.0,0.0,RED INTERNET & PHONE CABLE U ,0.0
NRW,50 - 54,29.99,29.99,30.0,0.0,VF RIP U-TREUE  ,1.0
KBW,25 - 29,39.98,39.98,30.0,0.0,RED INTERNET & PHONE CABLE U ,0.0
KBW,50 - 54,63.97,42.97,30.0,0.0,GIGAZUHAUSE KABEL ,1.0
NRW,75 - 79,42.97,42.97,30.0,0.0,GIGAZUHAUSE KABEL ,1.0
KBW,60 - 64,63.97,42.98,30.0,0.0,VF RIP U-TREUE  ,0.0
KBW,50 - 54,44.98,44.98,30.0,0.0,RED INTERNET & PHONE CABLE U ,1.0
KBW,35 - 39,44.98,44.98,30.0,0.0,VF CABLEMAX     ,1.0
HSN,55 - 59,52.97,42.98,30.0,0.0,RED INTERNET & PHONE CABLE U ,0.0
NRW,35 - 39,39.99,39.99,30.0,0.0,RED INTERNET & PHONE CABLE U ,1.0
HSN,75 - 79,69.96,39.99,30.0,0.0,VF RIP U-TREUE  ,0.0
NRW,18 - 24,39.98,39.98,30.0,0.0,RED INTERNET & PHONE CABLE U ,1.0
HSN,35 - 39,49.99,49.99,30.0,0.0,RED INTERNET & PHONE CABLE U ,1.0
HSN,55 - 59,42.98,42.98,30.0,0.0,VF RIP U-TREUE  ,0.0
NRW,35 - 39,39.99,39.99,30.0,0.0,RED INTERNET & PHONE CABLE U ,1.0
HSN,40 - 44,37.99,37.99,30.0,0.0,VF RIP U-TREUE  ,0.0
NRW,25 - 29,34.99,34.99,30.0,0.0,RED INTERNET & PHONE CABLE U ,1.0
NRW,25 - 29,29.99,29.99,30.0,0.0,VF RIP U-TREUE  ,1.0
HSN,55 - 59,49.97,39.98,30.0,0.0,VF RIP U-TREUE  ,1.0
KBW,40 - 44,44.98,44.98,30.0,0.0,VF CABLEMAX     ,0.0
KBW,30 - 34,39.99,39.99,30.0,2.0,VF RIP U-TREUE  ,0.0
HSN,45 - 49,39.98,39.98,30.0,0.0,VF CABLEMAX     ,0.0
KBW,40 - 44,72.93,51.93,30.0,0.0,3PLAY FLY      ,1.0
NRW,55 - 59,39.99,39.99,30.0,0.0,RED INTERNET & PHONE CABLE U ,0.0
NRW,30 - 34,34.99,34.99,30.0,0.0,RED INTERNET & PHONE CABLE U ,0.0
NRW,40 - 44,34.99,34.99,30.0,0.0,RED INTERNET & PHONE CABLE U ,1.0
KBW,35 - 39,39.99,39.99,30.0,0.0,VF RIP U-TREUE  ,1.0
KBW,80 and over,65.97,44.98,30.0,0.0,VF RIP U-TREUE  ,0.0
HSN,55 - 59,44.97,44.97,30.0,0.0,RED INTERNET & PHONE CABLE U ,1.0
KBW,65 - 69,44.98,44.98,30.0,0.0,RED INTERNET & PHONE CABLE U ,0.0
NRW,50 - 54,34.99,34.99,30.0,0.0,RED INTERNET & PHONE CABLE U ,1.0
KBW,45 - 49,44.98,44.98,30.0,0.0,RED INTERNET & PHONE CABLE U ,0.0
KBW,65 - 69,44.98,44.98,30.0,0.0,RED INTERNET & PHONE CABLE U ,1.0
KBW,40 - 44,60.98,39.99,30.0,0.0,VF RIP U-TREUE  ,0.0
KBW,75 - 79,40.97,40.97,30.0,0.0,RED INTERNET & PHONE CABLE U ,1.0
HSN,70 - 74,39.99,39.99,30.0,0.0,RED INTERNET & PHONE CABLE U ,1.0
KBW,55 - 59,39.98,39.98,30.0,0.0,VF CABLEMAX     ,1.0
NRW,55 - 59,37.98,37.98,30.0,0.0,VF RIP U-TREUE  ,1.0
KBW,35 - 39,44.98,44.98,30.0,0.0,VF CABLEMAX     ,1.0
NRW,25 - 29,29.99,29.99,30.0,0.0,VF RIP U-TREUE  ,1.0
NRW,65 - 69,32.99,32.99,30.0,0.0,VF RIP U-TREUE  ,0.0
NRW,60 - 64,29.99,29.99,30.0,0.0,RED INTERNET & PHONE CABLE U ,1.0
KBW,70 - 74,64.95,44.98,30.0,0.0,RED INTERNET & PHONE CABLE U ,0.0
KBW,35 - 39,44.98,44.98,30.0,0.0,VF CABLEMAX     ,0.0
KBW,50 - 54,62.98,62.98,30.0,0.0,RED INTERNET & PHONE CABLE U ,1.0
NRW,70 - 74,59.98,59.98,30.0,0.0,RED INTERNET & PHONE CABLE U ,0.0
KBW,70 - 74,43.97,43.97,30.0,0.0,RED INTERNET & PHONE CABLE U ,1.0
KBW,50 - 54,49.99,49.99,30.0,0.0,VF RIP U-TREUE  ,1.0
NRW,45 - 49,24.99,24.99,30.0,0.0,INTERNET COMFORT     ,1.0
KBW,50 - 54,39.98,39.98,53.0,0.0,GIGAZUHAUSE KABEL ,0.0
KBW,80 and over,62.97,37.99,30.0,0.0,VF RIP U-TREUE  ,0.0
NRW,40 - 44,29.99,29.99,30.0,0.0,VF RIP U-TREUE  ,1.0
KBW,80 and over,50.98,29.99,30.0,0.0,VF RIP U-TREUE  ,0.0
KBW,50 - 54,44.98,44.98,30.0,0.0,VF CABLEMAX     ,0.0
NRW,25 - 29,32.99,32.99,30.0,0.0,VF RIP U-TREUE  ,0.0
KBW,70 - 74,34.99,34.99,30.0,0.0,RED INTERNET & PHONE CABLE U ,0.0
NRW,25 - 29,39.99,39.99,30.0,0.0,VF RIP U-TREUE  ,1.0
NRW,35 - 39,44.98,44.98,30.0,0.0,RED INTERNET & PHONE CABLE U ,1.0
HSN,30 - 34,29.99,29.99,30.0,0.0,VF RIP U-TREUE  ,1.0
KBW,80 and over,37.99,37.99,30.0,0.0,VF RIP U-TREUE  ,0.0
NRW,25 - 29,39.98,39.98,60.0,0.0,RED INTERNET & PHONE CABLE U ,1.0
KBW,35 - 39,39.98,39.98,30.0,0.0,VF CABLEMAX     ,1.0
NRW,50 - 54,49.99,49.99,30.0,0.0,RED INTERNET & PHONE CABLE U ,0.0
KBW,60 - 64,55.96,39.98,30.0,0.0,VF RIP U-TREUE  ,0.0
KBW,25 - 29,39.98,39.98,30.0,0.0,VF RIP U-TREUE  ,1.0
KBW,50 - 54,29.99,29.99,30.0,0.0,VF RIP U-TREUE  ,1.0
KBW,70 - 74,34.99,34.99,30.0,0.0,RED INTERNET & PHONE CABLE U ,0.0
KBW,25 - 29,39.99,39.99,30.0,0.0,RED INTERNET & PHONE CABLE U ,1.0
KBW,18 - 24,39.99,39.99,30.0,0.0,RED INTERNET & PHONE CABLE U ,1.0
KBW,40 - 44,39.99,39.99,30.0,0.0,VF RIP U-TREUE  ,1.0
KBW,65 - 69,34.99,34.99,30.0,0.0,RED INTERNET & PHONE CABLE U ,0.0
NRW,25 - 29,44.98,44.98,30.0,0.0,RED INTERNET & PHONE CABLE U ,0.0
KBW,35 - 39,49.97,49.97,30.0,0.0,VF CABLEMAX     ,1.0
HSN,65 - 69,60.97,44.98,30.0,0.0,VF CABLEMAX     ,1.0
HSN,40 - 44,29.99,29.99,30.0,0.0,VF RIP U-TREUE  ,0.0
NRW,65 - 69,43.98,43.98,30.0,0.0,RED INTERNET & PHONE CABLE U ,1.0
KBW,30 - 34,34.99,34.99,30.0,0.0,RED INTERNET & PHONE CABLE U ,0.0
NRW,40 - 44,37.99,37.99,30.0,0.0,VF RIP U-TREUE  ,1.0
KBW,25 - 29,39.99,39.99,30.0,0.0,RED INTERNET & PHONE CABLE U ,0.0
KBW,50 - 54,39.99,39.99,30.0,0.0,RED INTERNET & PHONE CABLE U ,1.0
NRW,40 - 44,49.97,49.97,30.0,0.0,VF CABLEMAX     ,0.0
NRW,80 and over,0.0,0.0,30.0,0.0,MMA        ,0.0
NRW,55 - 59,44.98,44.98,30.0,0.0,RED INTERNET & PHONE CABLE U ,1.0
NRW,18 - 24,39.98,39.98,30.0,0.0,RED INTERNET & PHONE CABLE U ,1.0
KBW,30 - 34,44.98,44.98,30.0,0.0,VF CABLEMAX     ,0.0
HSN,18 - 24,44.98,44.98,30.0,0.0,RED INTERNET & PHONE CABLE U ,0.0
NRW,30 - 34,44.98,44.98,30.0,0.0,VF CABLEMAX     ,1.0
HSN,30 - 34,53.98,53.98,30.0,0.0,RED INTERNET & PHONE CABLE U ,1.0
KBW,60 - 64,44.98,44.98,30.0,0.0,RED INTERNET & PHONE CABLE U ,1.0
NRW,50 - 54,37.98,37.98,30.0,0.0,VF RIP U-TREUE  ,1.0
KBW,45 - 49,44.98,44.98,30.0,0.0,RED INTERNET & PHONE CABLE U ,1.0
NRW,25 - 29,44.98,44.98,30.0,0.0,RED INTERNET & PHONE CABLE U ,1.0
HSN,45 - 49,39.99,39.99,30.0,0.0,VF RIP U-TREUE  ,0.0
NRW,65 - 69,32.99,32.99,30.0,0.0,VF RIP U-TREUE  ,1.0
NRW,55 - 59,34.99,34.99,30.0,0.0,RED INTERNET & PHONE CABLE U ,1.0
HSN,55 - 59,57.98,37.99,30.0,0.0,VF RIP U-TREUE  ,0.0
KBW,40 - 44,32.98,32.98,30.0,0.0,VF RIP U-TREUE  ,0.0
KBW,80 and over,53.98,32.99,30.0,0.0,VF RIP U-TREUE  ,1.0
KBW,50 - 54,52.97,52.97,30.0,0.0,VF CABLEMAX     ,1.0
NRW,45 - 49,34.99,34.99,30.0,0.0,RED INTERNET & PHONE CABLE U ,1.0
KBW,35 - 39,37.98,37.98,30.0,0.0,VF RIP U-TREUE  ,0.0
KBW,25 - 29,49.99,49.99,30.0,0.0,RED INTERNET & PHONE CABLE U ,0.0
KBW,40 - 44,49.97,49.97,30.0,0.0,VF CABLEMAX     ,1.0
HSN,60 - 64,30.87,30.88,30.0,0.0,RED INTERNET & PHONE CABLE U ,0.0
NRW,50 - 54,34.99,34.99,30.0,0.0,RED INTERNET & PHONE CABLE U ,1.0
KBW,80 and over,65.97,44.98,30.0,0.0,RED INTERNET & PHONE CABLE U ,0.0
NRW,35 - 39,39.98,39.98,30.0,0.0,RED INTERNET & PHONE CABLE U ,1.0
NRW,75 - 79,51.95,34.99,30.0,0.0,RED INTERNET & PHONE CABLE U ,0.0
KBW,80 and over,74.95,49.97,30.0,0.0,VF CABLEMAX     ,1.0
NRW,35 - 39,48.97,48.97,30.0,0.0,RED INTERNET & PHONE CABLE U ,1.0
NRW,30 - 34,34.99,34.99,30.0,0.0,RED INTERNET & PHONE CABLE U ,1.0
NRW,30 - 34,29.99,29.99,30.0,0.0,VF RIP U-TREUE  ,1.0
HSN,35 - 39,39.98,39.98,30.0,0.0,VF CABLEMAX     ,1.0
HSN,30 - 34,44.97,44.97,30.0,0.0,RED INTERNET & PHONE CABLE U ,1.0
KBW,80 and over,49.98,34.99,30.0,0.0,RED INTERNET & PHONE CABLE U ,1.0
NRW,25 - 29,37.98,37.98,30.0,0.0,RED INTERNET & PHONE CABLE U ,1.0
NRW,40 - 44,34.99,34.99,55.0,0.0,RED INTERNET & PHONE CABLE U ,1.0
NRW,25 - 29,34.99,34.99,30.0,0.0,RED INTERNET & PHONE CABLE U ,1.0
KBW,65 - 69,54.99,54.99,30.0,0.0,RED INTERNET & PHONE CABLE U ,0.0
NRW,40 - 44,54.98,54.98,30.0,0.0,GIGAZUHAUSE KABEL ,1.0
NRW,65 - 69,34.99,34.99,30.0,0.0,RED INTERNET & PHONE CABLE U ,0.0
NRW,30 - 34,39.98,39.98,57.0,1.0,VF CABLEMAX     ,1.0
HSN,40 - 44,44.98,44.98,30.0,0.0,VF CABLEMAX     ,1.0
NRW,45 - 49,54.99,54.99,30.0,0.0,RED INTERNET & PHONE CABLE U ,0.0
NRW,45 - 49,39.98,39.98,30.0,0.0,VF CABLEMAX     ,0.0
NRW,25 - 29,44.98,44.98,30.0,0.0,VF CABLEMAX     ,1.0
NRW,30 - 34,39.99,39.99,30.0,0.0,RED INTERNET & PHONE CABLE U ,1.0
KBW,50 - 54,39.99,39.99,30.0,0.0,VF RIP U-TREUE  ,1.0
KBW,65 - 69,29.98,29.98,30.0,0.0,RED INTERNET & PHONE CABLE U ,1.0
NRW,40 - 44,44.98,44.98,30.0,0.0,RED INTERNET & PHONE CABLE U ,1.0
KBW,40 - 44,52.96,49.97,30.0,0.0,VF CABLEMAX     ,0.0
HSN,25 - 29,34.99,34.99,30.0,0.0,RED INTERNET & PHONE CABLE U ,1.0
KBW,55 - 59,54.99,54.99,30.0,0.0,GIGAZUHAUSE KABEL ,0.0
NRW,25 - 29,37.98,37.98,30.0,0.0,VF RIP U-TREUE  ,0.0
NRW,35 - 39,52.98,52.98,30.0,0.0,VF RIP U-TREUE  ,0.0
KBW,75 - 79,65.97,44.98,30.0,0.0,VF CABLEMAX     ,0.0
KBW,55 - 59,44.98,44.98,30.0,0.0,VF CABLEMAX     ,1.0
KBW,45 - 49,34.99,34.99,30.0,0.0,RED INTERNET & PHONE CABLE U ,0.0
NRW,80 and over,27.99,27.99,30.0,0.0,VF RIP U-TREUE  ,0.0
NRW,30 - 34,24.99,24.99,30.0,0.0,INTERNET COMFORT     ,1.0
HSN,30 - 34,34.99,34.99,30.0,0.0,RED INTERNET & PHONE CABLE U ,1.0
NRW,35 - 39,44.98,44.98,30.0,0.0,VF CABLEMAX     ,0.0
NRW,75 - 79,55.95,34.99,30.0,0.0,VF RIP U-TREUE  ,0.0
KBW,50 - 54,40.97,62.97,30.0,0.0,2PLAY        ,0.0
NRW,25 - 29,44.99,44.99,73.0,0.0,GIGAZUHAUSE KABEL ,0.0
NRW,25 - 29,44.99,44.99,30.0,0.0,RED INTERNET & PHONE CABLE U ,1.0
NRW,25 - 29,34.99,34.99,30.0,0.0,RED INTERNET & PHONE CABLE U ,1.0
KBW,50 - 54,39.99,39.99,30.0,0.0,RED INTERNET & PHONE CABLE U ,0.0
NRW,60 - 64,44.98,44.98,30.0,0.0,VF CABLEMAX     ,1.0
KBW,40 - 44,47.99,47.99,30.0,0.0,VF RIP U-TREUE  ,0.0
NRW,45 - 49,54.98,54.98,30.0,0.0,GIGAZUHAUSE KABEL ,0.0
NRW,45 - 49,34.99,34.99,30.0,0.0,VF RIP U-TREUE  ,1.0
NRW,30 - 34,39.98,39.98,30.0,0.0,VF CABLEMAX     ,0.0
HSN,60 - 64,47.96,42.97,30.0,0.0,3PLAY TREUE      ,1.0
NRW,30 - 34,34.99,34.99,30.0,0.0,RED INTERNET & PHONE CABLE U ,1.0
NRW,65 - 69,34.99,34.99,30.0,0.0,RED INTERNET & PHONE CABLE U ,1.0
NRW,40 - 44,39.99,39.99,30.0,0.0,RED INTERNET & PHONE CABLE U ,0.0
HSN,60 - 64,27.99,27.99,30.0,0.0,VF RIP U-TREUE  ,0.0
NRW,60 - 64,75.97,54.98,30.0,0.0,RED INTERNET & PHONE CABLE U ,1.0
NRW,25 - 29,39.99,39.99,30.0,0.0,RED INTERNET & PHONE CABLE U ,1.0
HSN,65 - 69,37.99,37.99,30.0,0.0,VF RIP U-TREUE  ,1.0
NRW,30 - 34,39.99,39.99,30.0,0.0,RED INTERNET & PHONE CABLE U ,1.0
KBW,65 - 69,34.99,34.99,30.0,0.0,RED INTERNET & PHONE CABLE U ,0.0
NRW,80 and over,0.0,0.0,30.0,0.0,MMA        ,0.0
KBW,30 - 34,58.98,58.98,30.0,0.0,RED INTERNET & PHONE CABLE U ,1.0
KBW,65 - 69,49.97,49.97,30.0,0.0,VF CABLEMAX     ,1.0
KBW,45 - 49,39.98,39.98,30.0,0.0,RED INTERNET & PHONE CABLE U ,0.0
KBW,65 - 69,44.98,44.98,30.0,0.0,VF CABLEMAX     ,0.0
HSN,65 - 69,29.99,29.99,30.0,0.0,VF RIP U-TREUE  ,0.0
KBW,30 - 34,34.99,34.99,30.0,0.0,RED INTERNET & PHONE CABLE U ,1.0
KBW,70 - 74,40.9,40.9,30.0,0.0,2PLAY        ,1.0
HSN,25 - 29,54.99,54.99,30.0,0.0,RED INTERNET & PHONE CABLE U ,1.0
NRW,25 - 29,29.99,29.99,30.0,0.0,VF RIP U-TREUE  ,0.0
HSN,18 - 24,29.99,29.99,30.0,0.0,INTERNET PREMIUM     ,0.0
NRW,55 - 59,39.98,39.98,30.0,0.0,RED INTERNET & PHONE CABLE U ,0.0
NRW,40 - 44,42.98,42.98,30.0,0.0,VF RIP U-TREUE  ,1.0
KBW,55 - 59,52.97,37.99,30.0,0.0,VF RIP U-TREUE  ,1.0
HSN,50 - 54,44.99,44.99,30.0,0.0,RED INTERNET & PHONE CABLE U ,0.0
KBW,50 - 54,44.97,44.98,30.0,0.0,RED INTERNET & PHONE CABLE U ,1.0
KBW,35 - 39,44.98,44.98,30.0,0.0,RED INTERNET & PHONE CABLE U ,1.0
HSN,55 - 59,34.99,34.99,30.0,0.0,RED INTERNET & PHONE CABLE U ,1.0
KBW,55 - 59,54.98,54.98,30.0,0.0,VF RIP U-TREUE  ,1.0
NRW,25 - 29,54.99,54.99,30.0,0.0,RED INTERNET & PHONE CABLE U ,1.0
NRW,35 - 39,53.96,32.97,30.0,0.0,VF CABLEMAX     ,1.0
KBW,55 - 59,84.96,49.97,30.0,0.0,VF CABLEMAX     ,0.0
NRW,30 - 34,42.98,42.98,30.0,0.0,RED INTERNET & PHONE CABLE U ,1.0
NRW,55 - 59,62.98,62.98,30.0,0.0,VF RIP U-TREUE  ,1.0
NRW,35 - 39,34.99,34.99,30.0,0.0,RED INTERNET & PHONE CABLE U ,0.0
KBW,45 - 49,49.98,49.98,30.0,0.0,VF RIP U-TREUE  ,1.0
NRW,30 - 34,39.99,39.99,30.0,0.0,RED INTERNET & PHONE CABLE U ,1.0
KBW,50 - 54,47.99,47.99,30.0,0.0,VF RIP U-TREUE  ,1.0
HSN,80 and over,58.84,37.84,30.0,0.0,2PLAY        ,0.0
KBW,35 - 39,24.99,24.99,30.0,0.0,47NET COMFORT     ,1.0
NRW,25 - 29,48.97,48.97,30.0,0.0,VF CABLEMAX     ,1.0
KBW,40 - 44,44.98,44.98,30.0,0.0,VF CABLEMAX     ,1.0
KBW,40 - 44,57.98,47.99,30.0,0.0,VF RIP U-TREUE  ,1.0
NRW,40 - 44,34.99,34.99,30.0,0.0,RED INTERNET & PHONE CABLE U ,0.0
HSN,60 - 64,78.95,43.98,30.0,0.0,RED INTERNET & PHONE CABLE U ,0.0
KBW,55 - 59,29.98,29.98,30.0,1.0,RED INTERNET & PHONE CABLE U ,0.0
KBW,30 - 34,44.98,44.98,30.0,0.0,RED INTERNET & PHONE CABLE U ,0.0
NRW,40 - 44,44.98,44.98,30.0,0.0,RED INTERNET & PHONE CABLE U ,0.0
NRW,30 - 34,58.98,58.98,30.0,0.0,RED INTERNET & PHONE CABLE U ,0.0
HSN,30 - 34,52.96,42.97,30.0,0.0,VF RIP U-TREUE  ,1.0
HSN,30 - 34,39.99,39.99,30.0,0.0,VF RIP U-TREUE  ,1.0
KBW,50 - 54,39.99,39.99,30.0,0.0,RED INTERNET & PHONE CABLE U ,0.0
NRW,30 - 34,34.97,34.98,30.0,0.0,RED INTERNET & PHONE CABLE U ,1.0
HSN,30 - 34,44.98,44.98,30.0,0.0,RED INTERNET & PHONE CABLE U ,1.0
HSN,75 - 79,47.97,47.97,30.0,0.0,GIGAZUHAUSE KABEL ,0.0
NRW,55 - 59,44.97,44.97,86.0,0.0,GIGAZUHAUSE KABEL ,0.0
NRW,55 - 59,39.9,39.9,30.0,0.0,RED INTERNET & PHONE CABLE U ,1.0
NRW,60 - 64,43.98,43.98,30.0,0.0,3PLAY PLUS       ,0.0
NRW,40 - 44,39.99,39.99,30.0,0.0,VF CABLEMAX     ,0.0
KBW,75 - 79,39.99,39.99,30.0,0.0,RED INTERNET & PHONE CABLE U ,1.0
HSN,40 - 44,24.99,24.99,30.0,0.0,INTERNET COMFORT     ,0.0
NRW,65 - 69,49.97,49.97,30.0,0.0,VF CABLEMAX     ,0.0
NRW,80 and over,32.99,32.99,30.0,0.0,VF RIP U-TREUE  ,1.0
KBW,25 - 29,44.98,44.98,30.0,0.0,RED INTERNET & PHONE CABLE U ,1.0
KBW,25 - 29,39.98,39.98,30.0,0.0,RED INTERNET & PHONE CABLE U ,0.0
KBW,63 - 24,34.99,34.99,30.0,0.0,RED INTERNET & PHONE CABLE U ,1.0
HSN,70 - 74,70.97,29.99,30.0,0.0,VF RIP U-TREUE  ,0.0
HSN,65 - 69,49.97,34.99,30.0,0.0,RED INTERNET & PHONE CABLE U ,1.0
NRW,35 - 39,39.99,39.99,30.0,0.0,VF RIP U-TREUE  ,1.0
KBW,35 - 39,60.98,39.99,30.0,0.0,VF RIP U-TREUE  ,1.0
KBW,55 - 59,52.96,34.99,30.0,0.0,VF RIP U-TREUE  ,0.0
KBW,55 - 59,60.95,39.99,30.0,0.0,VF RIP U-TREUE  ,0.0
KBW,60 - 64,44.98,44.98,30.0,0.0,RED INTERNET & PHONE CABLE U ,0.0
HSN,65 - 69,49.98,39.99,30.0,0.0,VF RIP U-TREUE  ,1.0
HSN,25 - 29,39.98,39.98,30.0,0.0,VF CABLEMAX     ,1.0
KBW,40 - 44,39.98,39.98,30.0,0.0,VF CABLEMAX     ,1.0
NRW,70 - 74,27.99,27.99,30.0,0.0,VF RIP U-TREUE  ,1.0
KBW,60 - 64,43.97,43.97,30.0,0.0,RED INTERNET & PHONE CABLE U ,0.0
HSN,60 - 64,44.98,44.98,30.0,0.0,VF RIP U-TREUE  ,1.0
KBW,60 - 64,34.99,34.99,30.0,0.0,RED INTERNET & PHONE CABLE U ,0.0
KBW,35 - 39,59.99,59.99,30.0,0.0,3PLAY FLY      ,0.0
KBW,18 - 24,39.98,39.98,39.0,0.0,RED INTERNET & PHONE CABLE U ,1.0
KBW,35 - 39,39.99,39.99,30.0,0.0,RED INTERNET & PHONE CABLE U ,1.0
NRW,40 - 44,58.98,58.98,30.0,0.0,RED INTERNET & PHONE CABLE U ,1.0
KBW,75 - 79,59.99,59.99,30.0,0.0,GIGAZUHAUSE KABEL ,0.0
HSN,50 - 54,63.97,42.97,30.0,0.0,RED INTERNET & PHONE CABLE U ,0.0
KBW,55 - 59,58.98,58.98,30.0,0.0,RED INTERNET & PHONE CABLE U ,1.0
HSN,55 - 59,32.99,32.99,30.0,0.0,VF RIP U-TREUE  ,0.0
KBW,30 - 34,44.98,44.98,30.0,0.0,RED INTERNET & PHONE CABLE U ,1.0
KBW,30 - 34,44.97,44.97,30.0,0.0,RED INTERNET & PHONE CABLE U ,1.0
KBW,55 - 59,44.98,44.98,30.0,0.0,RED INTERNET & PHONE CABLE U ,1.0
HSN,60 - 64,52.96,52.96,30.0,0.0,VF CABLEMAX     ,1.0
KBW,65 - 69,39.98,39.98,30.0,0.0,VF CABLEMAX     ,1.0
HSN,50 - 54,64.98,39.99,30.0,0.0,RED INTERNET & PHONE CABLE U ,1.0
KBW,40 - 44,67.95,44.98,30.0,0.0,VF RIP U-TREUE  ,1.0
NRW,40 - 44,44.98,44.98,30.0,0.0,RED INTERNET & PHONE CABLE U ,1.0
NRW,40 - 44,44.98,44.98,30.0,0.0,RED INTERNET & PHONE CABLE U ,1.0
HSN,30 - 34,54.98,54.98,30.0,0.0,GIGAZUHAUSE KABEL ,1.0
KBW,60 - 64,49.99,49.99,30.0,0.0,RED INTERNET & PHONE CABLE U ,1.0
HSN,55 - 59,44.98,44.98,30.0,0.0,VF CABLEMAX     ,0.0
NRW,35 - 39,24.99,34.99,30.0,0.0,RED INTERNET & PHONE CABLE U ,0.0
NRW,25 - 29,44.98,44.98,30.0,0.0,RED INTERNET & PHONE CABLE U ,1.0
NRW,30 - 34,44.98,44.98,30.0,0.0,RED INTERNET & PHONE CABLE U ,1.0
NRW,40 - 44,39.99,39.99,30.0,0.0,RED INTERNET & PHONE CABLE U ,1.0
HSN,35 - 39,34.99,34.99,30.0,0.0,RED INTERNET & PHONE CABLE U ,1.0
NRW,35 - 39,39.99,39.99,30.0,0.0,RED INTERNET & PHONE CABLE U ,1.0
KBW,55 - 59,34.99,34.99,30.0,0.0,RED INTERNET & PHONE CABLE U ,1.0
KBW,35 - 39,49.98,49.98,30.0,0.0,GIGAZUHAUSE KABEL ,1.0
NRW,75 - 79,34.99,34.99,30.0,0.0,RED INTERNET & PHONE CABLE U ,0.0
NRW,55 - 59,44.97,44.97,30.0,0.0,RED INTERNET & PHONE CABLE U ,1.0
NRW,40 - 44,54.99,54.99,30.0,0.0,RED INTERNET & PHONE CABLE U ,1.0
NRW,60 - 64,55.97,34.99,30.0,0.0,RED INTERNET & PHONE CABLE U ,0.0
KBW,35 - 39,44.98,44.98,30.0,0.0,VF CABLEMAX     ,0.0
KBW,75 - 79,29.98,29.98,30.0,0.0,VF RIP U-TREUE  ,0.0
NRW,50 - 54,49.97,49.97,30.0,0.0,RED INTERNET & PHONE CABLE U ,0.0
NRW,55 - 59,64.94,44.98,30.0,0.0,VF CABLEMAX     ,1.0
HSN,35 - 39,34.99,34.99,30.0,0.0,RED INTERNET & PHONE CABLE U ,1.0
KBW,60 - 64,49.97,39.99,30.0,0.0,RED INTERNET & PHONE CABLE U ,0.0
KBW,45 - 49,34.99,34.99,30.0,0.0,RED INTERNET & PHONE CABLE U ,0.0
NRW,50 - 54,49.99,49.99,30.0,0.0,RED INTERNET & PHONE CABLE U ,0.0
NRW,35 - 39,44.98,44.98,30.0,0.0,RED INTERNET & PHONE CABLE U ,1.0
KBW,25 - 29,44.98,44.98,98.0,0.0,VF CABLEMAX     ,1.0
KBW,45 - 49,39.99,39.99,30.0,0.0,VF RIP U-TREUE  ,1.0
NRW,45 - 49,39.99,39.99,30.0,0.0,RED INTERNET & PHONE CABLE U ,1.0
KBW,80 and over,64.97,39.99,30.0,0.0,RED INTERNET & PHONE CABLE U ,0.0
NRW,35 - 39,22.99,22.99,30.0,0.0,EAZY FLEX    ,0.0
NRW,70 - 74,39.98,39.98,30.0,0.0,GIGAZUHAUSE KABEL ,1.0
NRW,55 - 59,49.99,49.99,30.0,0.0,RED INTERNET & PHONE CABLE U ,0.0
HSN,60 - 64,39.98,39.98,30.0,0.0,VF CABLEMAX     ,0.0
NRW,65 - 69,49.98,39.99,30.0,0.0,VF RIP U-TREUE  ,1.0
NRW,65 - 69,34.99,34.99,30.0,0.0,RED INTERNET & PHONE CABLE U ,1.0
NRW,55 - 59,63.97,42.98,30.0,0.0,VF RIP U-TREUE  ,1.0
KBW,35 - 39,84.96,54.98,30.0,0.0,RED INTERNET & PHONE CABLE U ,0.0
NRW,45 - 49,39.98,39.98,30.0,0.0,VF CABLEMAX     ,0.0
KBW,25 - 29,34.99,34.99,30.0,0.0,RED INTERNET & PHONE CABLE U ,1.0
NRW,25 - 29,39.98,39.98,30.0,0.0,RED INTERNET & PHONE CABLE U ,0.0
NRW,35 - 39,34.99,34.99,30.0,0.0,RED INTERNET & PHONE CABLE U ,0.0
KBW,60 - 64,24.99,24.99,30.0,0.0,INTERNET COMFORT     ,1.0
NRW,25 - 29,44.99,44.99,98.0,0.0,VF CABLEMAX     ,1.0
KBW,35 - 39,39.98,39.98,30.0,0.0,VF CABLEMAX     ,0.0
NRW,50 - 54,49.97,49.97,30.0,0.0,VF CABLEMAX     ,1.0
NRW,25 - 29,34.99,34.99,30.0,0.0,RED INTERNET & PHONE CABLE U ,1.0
NRW,40 - 44,47.98,47.98,30.0,0.0,VF RIP U-TREUE  ,1.0
NRW,40 - 44,42.98,42.98,30.0,0.0,VF RIP U-TREUE  ,0.0
NRW,40 - 44,44.98,44.98,37.0,0.0,VF CABLEMAX     ,0.0
KBW,55 - 59,44.98,44.98,30.0,0.0,RED INTERNET & PHONE CABLE U ,0.0
NRW,55 - 59,0.0,0.0,30.0,0.0,MMA        ,1.0
NRW,45 - 49,44.98,44.98,30.0,0.0,VF CABLEMAX     ,0.0
HSN,40 - 44,29.99,29.99,30.0,0.0,INTERNET PREMIUM     ,0.0
NRW,50 - 54,79.96,54.99,30.0,0.0,RED INTERNET & PHONE CABLE U ,0.0
NRW,45 - 49,44.99,44.99,30.0,0.0,GIGAZUHAUSE KABEL ,1.0
NRW,35 - 39,47.98,47.98,30.0,0.0,GIGAZUHAUSE KABEL ,1.0
NRW,30 - 34,34.99,34.99,30.0,0.0,RED INTERNET & PHONE CABLE U ,0.0
HSN,30 - 34,49.99,49.99,30.0,0.0,RED INTERNET & PHONE CABLE U ,0.0
NRW,65 - 69,34.99,34.99,30.0,0.0,RED INTERNET & PHONE CABLE U ,1.0
NRW,40 - 44,39.98,39.98,30.0,0.0,VF CABLEMAX     ,0.0
NRW,25 - 29,44.98,44.98,30.0,0.0,RED INTERNET & PHONE CABLE U ,1.0
NRW,30 - 34,39.99,39.99,30.0,0.0,RED INTERNET & PHONE CABLE U ,1.0
KBW,60 - 64,49.97,49.97,30.0,0.0,VF CABLEMAX     ,0.0
HSN,40 - 44,49.97,42.97,30.0,0.0,RED INTERNET & PHONE CABLE U ,1.0
NRW,30 - 34,39.98,39.98,30.0,0.0,VF CABLEMAX     ,1.0
NRW,35 - 39,42.98,42.98,30.0,0.0,2PLAY PLUS       ,1.0
KBW,45 - 49,44.98,44.98,30.0,0.0,RED INTERNET & PHONE CABLE U ,0.0
KBW,60 - 64,51.95,30.95,30.0,0.0,RED INTERNET & PHONE CABLE U ,0.0
NRW,35 - 39,39.99,39.99,30.0,0.0,VF RIP U-TREUE  ,1.0
NRW,60 - 64,73.94,49.97,77.0,0.0,VF CABLEMAX     ,0.0
KBW,60 - 64,34.99,34.99,30.0,0.0,RED INTERNET & PHONE CABLE U ,0.0
KBW,25 - 29,39.99,39.99,30.0,0.0,RED INTERNET & PHONE CABLE U ,1.0
KBW,65 - 69,32.97,32.97,30.0,0.0,2PLAY TREUE      ,1.0
NRW,40 - 44,44.99,44.99,30.0,0.0,GIGAZUHAUSE KABEL ,0.0
KBW,25 - 29,39.99,39.99,30.0,0.0,VF RIP U-TREUE  ,1.0
HSN,30 - 34,39.99,39.99,30.0,0.0,RED INTERNET & PHONE CABLE U ,1.0
KBW,80 and over,50.98,29.99,30.0,0.0,VF RIP U-TREUE  ,1.0
HSN,45 - 49,44.98,44.98,30.0,0.0,VF CABLEMAX     ,0.0
HSN,40 - 44,30.95,30.95,30.0,0.0,RED INTERNET & PHONE CABLE U ,1.0
NRW,65 - 69,39.99,39.99,30.0,0.0,VF RIP U-TREUE  ,1.0
NRW,55 - 59,44.98,44.98,30.0,0.0,RED INTERNET & PHONE CABLE U ,1.0
NRW,40 - 44,34.99,34.99,30.0,0.0,RED INTERNET & PHONE CABLE U ,0.0
NRW,30 - 34,39.98,39.98,30.0,0.0,RED INTERNET & PHONE CABLE U ,0.0
NRW,40 - 44,44.99,44.99,30.0,0.0,VF RIP U-TREUE  ,1.0
KBW,60 - 64,44.98,44.98,30.0,0.0,VF CABLEMAX     ,0.0
KBW,30 - 34,49.99,49.99,30.0,0.0,RED INTERNET & PHONE CABLE U ,1.0
NRW,65 - 69,47.98,47.98,30.0,0.0,VF RIP U-TREUE  ,1.0
KBW,18 - 24,34.99,34.99,30.0,0.0,RED INTERNET & PHONE CABLE U ,1.0
NRW,30 - 34,24.99,24.99,30.0,0.0,INTERNET COMFORT     ,0.0
HSN,18 - 24,44.98,44.98,30.0,0.0,VF CABLEMAX     ,1.0
KBW,70 - 74,44.97,44.97,30.0,0.0,VF CABLEMAX     ,0.0
NRW,35 - 39,39.98,39.98,30.0,0.0,VF CABLEMAX     ,0.0
NRW,25 - 29,39.99,39.99,30.0,0.0,RED INTERNET & PHONE CABLE U ,1.0
KBW,65 - 69,80.96,44.98,30.0,0.0,VF RIP U-TREUE  ,0.0
KBW,25 - 29,44.98,44.98,30.0,0.0,RED INTERNET & PHONE CABLE U ,1.0
NRW,60 - 64,59.98,59.98,30.0,0.0,GIGAZUHAUSE KABEL ,0.0
NRW,40 - 44,37.99,37.99,30.0,0.0,VF RIP U-TREUE  ,0.0
KBW,55 - 59,53.97,32.99,30.0,0.0,VF RIP U-TREUE  ,1.0
NRW,18 - 24,44.98,44.98,30.0,0.0,VF CABLEMAX     ,1.0
KBW,30 - 34,62.98,62.98,30.0,0.0,GIGAZUHAUSE KABEL ,0.0
HSN,70 - 74,54.99,54.99,30.0,0.0,RED INTERNET & PHONE CABLE U ,1.0
HSN,45 - 49,39.99,39.99,30.0,0.0,RED INTERNET & PHONE CABLE U ,0.0
NRW,35 - 39,29.99,29.99,30.0,0.0,VF RIP U-TREUE  ,1.0
KBW,40 - 44,69.97,49.99,30.0,0.0,VF RIP U-TREUE  ,0.0
NRW,40 - 44,29.98,29.98,30.0,0.0,RED INTERNET & PHONE CABLE U ,1.0
KBW,65 - 69,39.99,39.99,30.0,0.0,VF RIP U-TREUE  ,1.0
KBW,25 - 29,44.98,44.98,30.0,0.0,VF CABLEMAX     ,1.0
KBW,30 - 34,44.98,44.98,30.0,0.0,RED INTERNET & PHONE CABLE U ,1.0
KBW,30 - 34,39.99,39.99,30.0,0.0,RED INTERNET & PHONE CABLE U ,0.0
NRW,35 - 39,47.98,47.98,30.0,0.0,GIGAZUHAUSE KABEL ,1.0
HSN,60 - 64,34.99,34.99,30.0,0.0,RED INTERNET & PHONE CABLE U ,1.0
KBW,40 - 44,59.97,49.99,30.0,0.0,VF CABLEMAX     ,0.0
KBW,80 and over,59.98,59.98,30.0,0.0,RED INTERNET & PHONE CABLE U ,0.0
NRW,40 - 44,37.98,37.98,30.0,0.0,VF RIP U-TREUE  ,1.0
NRW,18 - 24,44.98,44.98,30.0,0.0,RED INTERNET & PHONE CABLE U ,1.0
NRW,45 - 49,39.99,39.99,30.0,0.0,RED INTERNET & PHONE CABLE U ,1.0
HSN,30 - 34,44.98,44.98,30.0,0.0,VF CABLEMAX     ,1.0
HSN,30 - 34,34.99,34.99,30.0,0.0,RED INTERNET & PHONE CABLE U ,0.0
NRW,40 - 44,34.99,34.99,30.0,0.0,RED INTERNET & PHONE CABLE U ,1.0
KBW,60 - 64,44.98,44.98,30.0,0.0,VF CABLEMAX     ,1.0
NRW,45 - 49,29.99,29.99,30.0,0.0,INTERNET PREMIUM     ,1.0
NRW,80 and over,74.95,39.98,30.0,0.0,VF CABLEMAX     ,1.0
NRW,80 and over,25.0,25.0,30.0,0.0,RED INTERNET & PHONE CABLE U ,0.0
NRW,35 - 39,54.99,54.99,30.0,0.0,RED INTERNET & PHONE CABLE U ,0.0
KBW,60 - 64,44.98,44.98,30.0,0.0,VF CABLEMAX     ,0.0
NRW,35 - 39,24.99,24.99,30.0,0.0,VF RIP U-TREUE  ,0.0
NRW,65 - 69,34.99,34.99,30.0,0.0,RED INTERNET & PHONE CABLE U ,1.0
KBW,40 - 44,54.99,54.99,30.0,0.0,RED INTERNET & PHONE CABLE U ,0.0
KBW,30 - 34,34.99,34.99,30.0,0.0,RED INTERNET & PHONE CABLE U ,1.0
KBW,30 - 34,43.98,43.98,30.0,0.0,RED INTERNET & PHONE CABLE U ,1.0
NRW,40 - 44,34.99,34.99,30.0,0.0,RED INTERNET & PHONE CABLE U ,0.0
NRW,40 - 44,39.99,39.99,30.0,0.0,RED INTERNET & PHONE CABLE U ,1.0
NRW,55 - 59,37.98,37.98,30.0,0.0,VF RIP U-TREUE  ,1.0
NRW,40 - 44,34.99,34.99,30.0,0.0,RED INTERNET & PHONE CABLE U ,0.0
NRW,30 - 34,24.99,24.99,30.0,0.0,INTERNET COMFORT     ,0.0
NRW,65 - 69,49.97,39.98,30.0,0.0,RED INTERNET & PHONE CABLE U ,0.0
NRW,25 - 29,44.98,44.98,30.0,0.0,RED INTERNET & PHONE CABLE U ,1.0
NRW,55 - 59,37.98,37.98,30.0,0.0,VF RIP U-TREUE  ,1.0
NRW,55 - 59,44.98,44.98,30.0,0.0,RED INTERNET & PHONE CABLE U ,0.0
KBW,30 - 34,39.98,39.98,30.0,0.0,VF CABLEMAX     ,1.0
NRW,35 - 39,49.97,49.97,30.0,0.0,VF CABLEMAX     ,1.0
NRW,25 - 29,39.98,39.98,30.0,0.0,RED INTERNET & PHONE CABLE U ,1.0
HSN,60 - 64,34.99,34.99,30.0,0.0,RED INTERNET & PHONE CABLE U ,1.0
NRW,50 - 54,54.98,54.98,30.0,0.0,RED INTERNET & PHONE CABLE U ,1.0
NRW,65 - 69,54.98,54.98,30.0,0.0,RED INTERNET & PHONE CABLE U ,1.0
HSN,55 - 59,54.99,54.99,30.0,0.0,RED INTERNET & PHONE CABLE U ,1.0
NRW,60 - 64,44.98,44.98,30.0,0.0,VF CABLEMAX     ,0.0
NRW,40 - 44,48.97,24.99,30.0,0.0,INTERNET COMFORT     ,1.0
NRW,25 - 29,34.99,34.99,30.0,0.0,RED INTERNET & PHONE CABLE U ,1.0
NRW,35 - 39,29.99,29.99,30.0,0.0,VF RIP U-TREUE  ,1.0
KBW,35 - 39,44.98,44.98,30.0,0.0,VF CABLEMAX     ,1.0
HSN,50 - 54,53.98,53.98,30.0,0.0,RED INTERNET & PHONE CABLE U ,1.0
NRW,55 - 59,39.99,39.99,30.0,0.0,RED INTERNET & PHONE CABLE U ,1.0
KBW,30 - 34,39.99,39.99,30.0,0.0,RED INTERNET & PHONE CABLE U ,1.0
NRW,18 - 24,34.99,34.99,30.0,0.0,RED INTERNET & PHONE CABLE U ,1.0
KBW,50 - 54,39.99,39.99,30.0,0.0,VF RIP U-TREUE  ,0.0
KBW,45 - 49,44.98,44.98,30.0,0.0,RED INTERNET & PHONE CABLE U ,0.0
NRW,70 - 74,42.97,42.97,30.0,0.0,RED INTERNET & PHONE CABLE U ,1.0
KBW,40 - 44,44.98,44.98,30.0,0.0,RED INTERNET & PHONE CABLE U ,1.0
NRW,65 - 69,34.99,34.99,30.0,0.0,RED INTERNET & PHONE CABLE U ,0.0
NRW,45 - 49,34.97,34.98,30.0,0.0,VF RIP U-TREUE  ,0.0
HSN,45 - 49,49.99,49.99,30.0,0.0,RED INTERNET & PHONE CABLE U ,1.0
NRW,65 - 69,69.96,39.98,30.0,0.0,RED INTERNET & PHONE CABLE U ,0.0
KBW,30 - 34,44.98,44.98,30.0,0.0,RED INTERNET & PHONE CABLE U ,1.0
NRW,45 - 49,39.99,39.99,30.0,0.0,VF RIP U-TREUE  ,1.0
KBW,70 - 74,39.98,39.98,30.0,0.0,VF CABLEMAX     ,1.0
HSN,55 - 59,34.99,34.99,30.0,0.0,RED INTERNET & PHONE CABLE U ,1.0
KBW,25 - 29,47.99,44.99,30.0,0.0,GIGAZUHAUSE KABEL ,1.0
NRW,80 and over,68.97,47.98,30.0,0.0,VF RIP U-TREUE  ,1.0
KBW,75 - 79,32.97,32.97,30.0,0.0,2PLAY TREUE      ,1.0
HSN,30 - 34,34.99,34.99,30.0,0.0,RED INTERNET & PHONE CABLE U ,0.0
NRW,35 - 39,39.98,39.98,112.0,0.0,GIGAZUHAUSE KABEL ,0.0
KBW,45 - 49,44.97,44.97,30.0,0.0,VF CABLEMAX     ,1.0
NRW,45 - 49,39.99,39.99,30.0,0.0,VF RIP U-TREUE  ,0.0
KBW,40 - 44,49.97,49.97,30.0,0.0,VF CABLEMAX     ,1.0
HSN,55 - 59,39.99,39.99,30.0,0.0,RED INTERNET & PHONE CABLE U ,0.0
NRW,25 - 29,39.99,39.99,30.0,0.0,RED INTERNET & PHONE CABLE U ,1.0
KBW,35 - 39,34.99,34.99,30.0,0.0,RED INTERNET & PHONE CABLE U ,0.0
NRW,55 - 59,49.96,49.98,30.0,0.0,VF CABLEMAX     ,1.0
NRW,45 - 49,60.97,39.99,30.0,0.0,VF RIP U-TREUE  ,0.0
KBW,30 - 34,44.98,44.98,30.0,0.0,RED INTERNET & PHONE CABLE U ,0.0
NRW,55 - 59,34.99,34.99,30.0,0.0,RED INTERNET & PHONE CABLE U ,0.0
HSN,45 - 49,49.97,49.97,30.0,0.0,VF CABLEMAX     ,1.0
HSN,50 - 54,42.98,42.98,30.0,0.0,VF RIP U-TREUE  ,1.0
HSN,30 - 34,48.97,48.97,30.0,0.0,VF CABLEMAX     ,1.0
HSN,75 - 79,54.98,54.98,30.0,0.0,GIGAZUHAUSE KABEL ,0.0
HSN,45 - 49,49.99,49.99,30.0,0.0,RED INTERNET & PHONE CABLE U ,0.0
NRW,80 and over,29.99,29.99,30.0,0.0,VF RIP U-TREUE  ,0.0
KBW,35 - 39,39.99,39.99,30.0,0.0,VF RIP U-TREUE  ,1.0
HSN,55 - 59,34.99,34.99,30.0,0.0,RED INTERNET & PHONE CABLE U ,0.0
NRW,55 - 59,34.99,34.99,30.0,0.0,RED INTERNET & PHONE CABLE U ,0.0
NRW,25 - 29,48.97,42.97,30.0,0.0,RED INTERNET & PHONE CABLE U ,1.0
HSN,60 - 64,54.96,44.98,30.0,0.0,VF CABLEMAX     ,0.0
KBW,70 - 74,64.97,44.98,30.0,0.0,VF CABLEMAX     ,1.0
NRW,50 - 54,49.99,49.99,30.0,0.0,VF RIP U-TREUE  ,0.0
KBW,45 - 49,29.99,29.99,30.0,0.0,INTERNET PREMIUM     ,0.0
KBW,50 - 54,39.99,39.99,30.0,0.0,VF CABLEMAX     ,1.0
NRW,30 - 34,54.99,54.99,30.0,0.0,RED INTERNET & PHONE CABLE U ,1.0
NRW,35 - 39,24.99,24.99,30.0,0.0,INTERNET COMFORT     ,1.0
KBW,25 - 29,44.98,44.98,30.0,0.0,RED INTERNET & PHONE CABLE U ,1.0
KBW,25 - 29,39.99,39.99,30.0,0.0,VF RIP U-TREUE  ,1.0
KBW,35 - 39,44.98,44.98,30.0,0.0,VF CABLEMAX     ,1.0
KBW,70 - 74,60.98,39.99,30.0,0.0,RED INTERNET & PHONE CABLE U ,0.0
NRW,25 - 29,34.99,34.99,30.0,0.0,RED INTERNET & PHONE CABLE U ,1.0
KBW,45 - 49,44.98,44.98,30.0,0.0,VF CABLEMAX     ,0.0
HSN,60 - 64,44.98,44.98,30.0,0.0,RED INTERNET & PHONE CABLE U ,1.0
HSN,50 - 54,49.99,49.99,30.0,0.0,RED INTERNET & PHONE CABLE U ,0.0
NRW,55 - 59,34.99,34.99,30.0,0.0,RED INTERNET & PHONE CABLE U ,0.0
KBW,30 - 34,64.96,64.97,30.0,0.0,VF CABLEMAX     ,0.0
NRW,75 - 79,54.98,54.98,30.0,0.0,GIGAZUHAUSE KABEL ,1.0
KBW,50 - 54,32.99,32.99,30.0,0.0,VF RIP U-TREUE  ,1.0
NRW,50 - 54,44.98,44.98,30.0,0.0,VF CABLEMAX     ,0.0
NRW,35 - 39,39.99,39.99,30.0,0.0,RED INTERNET & PHONE CABLE U ,1.0
NRW,45 - 49,29.99,29.99,30.0,0.0,VF RIP U-TREUE  ,0.0
NRW,30 - 34,39.99,39.99,30.0,0.0,RED INTERNET & PHONE CABLE U ,0.0
NRW,65 - 69,32.99,32.99,30.0,0.0,VF RIP U-TREUE  ,0.0
KBW,35 - 39,39.99,39.99,30.0,0.0,VF RIP U-TREUE  ,0.0
HSN,65 - 69,65.34,44.97,30.0,0.0,3PLAY COMFORT     ,0.0
KBW,55 - 59,47.97,47.97,30.0,0.0,VF RIP U-TREUE  ,1.0
NRW,55 - 59,49.97,49.97,30.0,0.0,VF CABLEMAX     ,1.0
KBW,35 - 39,44.98,44.98,30.0,0.0,VF CABLEMAX     ,0.0
KBW,35 - 39,49.99,49.99,30.0,0.0,RED INTERNET & PHONE CABLE U ,0.0
NRW,25 - 29,39.98,39.98,30.0,0.0,RED INTERNET & PHONE CABLE U ,1.0
NRW,60 - 64,24.99,24.99,30.0,0.0,INTERNET COMFORT     ,0.0
KBW,30 - 34,44.98,44.98,30.0,0.0,RED INTERNET & PHONE CABLE U ,1.0
KBW,25 - 29,39.98,39.98,30.0,0.0,VF CABLEMAX     ,0.0
NRW,30 - 34,39.98,39.98,30.0,0.0,GIGAZUHAUSE KABEL ,0.0
NRW,25 - 29,49.97,49.97,30.0,0.0,VF CABLEMAX     ,0.0
NRW,25 - 29,44.98,44.98,30.0,0.0,RED INTERNET & PHONE CABLE U ,1.0
NRW,55 - 59,73.98,52.99,30.0,0.0,VF RIP U-TREUE  ,1.0
NRW,30 - 34,69.96,44.98,30.0,0.0,VF CABLEMAX     ,0.0
HSN,30 - 34,34.99,34.99,30.0,0.0,RED INTERNET & PHONE CABLE U ,1.0
HSN,35 - 39,39.97,39.98,30.0,0.0,VF CABLEMAX     ,0.0
NRW,40 - 44,42.97,42.97,30.0,0.0,3PLAY START       ,1.0
KBW,80 and over,29.99,29.99,30.0,0.0,VF RIP U-TREUE  ,1.0
KBW,65 - 69,29.98,29.98,30.0,0.0,VF RIP U-TREUE  ,0.0
NRW,25 - 29,58.98,58.98,30.0,0.0,RED INTERNET & PHONE CABLE U ,1.0
KBW,50 - 54,54.98,54.98,30.0,0.0,VF RIP U-TREUE  ,0.0
KBW,75 - 79,72.96,37.98,30.0,0.0,VF RIP U-TREUE  ,1.0
NRW,60 - 64,39.99,39.99,30.0,0.0,RED INTERNET & PHONE CABLE U ,1.0
NRW,65 - 69,42.97,42.97,30.0,0.0,RED INTERNET & PHONE CABLE U ,0.0
KBW,80 and over,34.99,34.99,30.0,0.0,RED INTERNET & PHONE CABLE U ,0.0
NRW,65 - 69,34.99,34.99,30.0,0.0,RED INTERNET & PHONE CABLE U ,1.0
NRW,55 - 59,54.99,54.99,30.0,0.0,RED INTERNET & PHONE CABLE U ,0.0
KBW,40 - 44,39.98,39.98,30.0,0.0,VF CABLEMAX     ,0.0
KBW,80 and over,74.97,39.99,30.0,0.0,VF RIP U-TREUE  ,0.0
KBW,40 - 44,44.98,44.98,30.0,0.0,RED INTERNET & PHONE CABLE U ,0.0
NRW,80 and over,64.98,64.98,30.0,0.0,TREUEPLUS     ,0.0
KBW,60 - 64,39.98,39.98,337.0,0.0,GIGAZUHAUSE KABEL ,0.0
NRW,30 - 34,39.98,39.98,30.0,0.0,RED INTERNET & PHONE CABLE U ,1.0
NRW,35 - 39,39.99,39.99,30.0,0.0,VF RIP U-TREUE  ,1.0
KBW,18 - 24,37.98,37.98,30.0,0.0,VF RIP U-TREUE  ,0.0
KBW,35 - 39,42.97,42.97,30.0,0.0,RED INTERNET & PHONE CABLE U ,1.0
NRW,35 - 39,42.98,42.98,30.0,0.0,VF RIP U-TREUE  ,1.0
HSN,80 and over,75.98,54.99,30.0,0.0,RED INTERNET & PHONE CABLE U ,0.0
NRW,35 - 39,29.99,29.99,30.0,0.0,VF RIP U-TREUE  ,0.0
HSN,35 - 39,42.98,42.98,30.0,0.0,VF RIP U-TREUE  ,1.0
KBW,80 and over,32.99,32.99,30.0,0.0,VF RIP U-TREUE  ,0.0
HSN,60 - 64,29.99,29.99,30.0,0.0,VF RIP U-TREUE  ,0.0
KBW,65 - 69,24.99,24.99,30.0,0.0,INTERNET COMFORT     ,0.0
KBW,30 - 34,63.98,63.98,30.0,0.0,RED INTERNET & PHONE CABLE U ,1.0
NRW,80 and over,51.97,30.95,30.0,0.0,RED INTERNET & PHONE CABLE U ,0.0
KBW,35 - 39,49.99,49.99,30.0,0.0,GIGAZUHAUSE KABEL ,0.0
NRW,45 - 49,34.99,34.99,30.0,0.0,RED INTERNET & PHONE CABLE U ,1.0
KBW,60 - 64,54.99,54.99,30.0,0.0,RED INTERNET & PHONE CABLE U ,1.0
HSN,45 - 49,42.97,42.97,30.0,0.0,2PLAY START       ,0.0
KBW,60 - 64,68.95,47.96,30.0,0.0,3PLAY        ,0.0
KBW,55 - 59,39.99,39.99,30.0,0.0,RED INTERNET & PHONE CABLE U ,0.0
KBW,60 - 64,44.97,44.97,30.0,0.0,RED INTERNET & PHONE CABLE U ,1.0
NRW,25 - 29,79.96,49.97,30.0,0.0,VF CABLEMAX     ,0.0
NRW,35 - 39,39.99,39.99,30.0,0.0,RED INTERNET & PHONE CABLE U ,1.0
KBW,70 - 74,53.96,53.96,30.0,0.0,RED INTERNET & PHONE CABLE U ,0.0
KBW,30 - 34,44.98,44.98,30.0,0.0,VF CABLEMAX     ,1.0
KBW,45 - 49,44.98,44.98,30.0,0.0,VF CABLEMAX     ,1.0
NRW,65 - 69,55.95,39.98,30.0,0.0,3PLAY START       ,0.0
NRW,35 - 39,39.98,39.98,30.0,0.0,RED INTERNET & PHONE CABLE U ,1.0
KBW,35 - 39,44.98,44.98,30.0,0.0,RED INTERNET & PHONE CABLE U ,1.0
NRW,55 - 59,59.98,39.99,30.0,0.0,VF RIP U-TREUE  ,0.0
HSN,18 - 24,39.98,39.98,116.0,0.0,GIGAZUHAUSE KABEL ,0.0
NRW,55 - 59,44.98,44.98,30.0,0.0,VF CABLEMAX     ,1.0
NRW,55 - 59,49.99,49.99,30.0,0.0,RED INTERNET & PHONE CABLE U ,1.0
NRW,60 - 64,39.99,39.99,30.0,0.0,VF RIP U-TREUE  ,1.0
HSN,40 - 44,39.99,39.99,30.0,0.0,RED INTERNET & PHONE CABLE U ,0.0
NRW,55 - 59,63.96,42.97,30.0,0.0,3PLAY START       ,0.0
KBW,25 - 29,44.98,44.98,30.0,0.0,VF CABLEMAX     ,0.0
KBW,65 - 69,49.97,49.97,30.0,0.0,VF CABLEMAX     ,0.0
KBW,35 - 39,54.97,39.98,30.0,0.0,VF CABLEMAX     ,1.0
NRW,40 - 44,44.98,44.98,30.0,0.0,VF CABLEMAX     ,1.0
NRW,60 - 64,48.97,48.97,30.0,0.0,VF CABLEMAX     ,0.0
NRW,40 - 44,44.98,44.98,30.0,0.0,VF CABLEMAX     ,0.0
NRW,50 - 54,44.98,44.98,30.0,0.0,VF CABLEMAX     ,1.0
KBW,50 - 54,49.99,49.99,30.0,0.0,RED INTERNET & PHONE CABLE U ,1.0
NRW,30 - 34,34.99,34.99,30.0,0.0,RED INTERNET & PHONE CABLE U ,1.0
NRW,25 - 29,44.98,44.98,30.0,0.0,RED INTERNET & PHONE CABLE U ,1.0
NRW,30 - 34,34.99,34.99,30.0,0.0,RED INTERNET & PHONE CABLE U ,1.0
HSN,35 - 39,37.99,37.99,30.0,0.0,VF RIP U-TREUE  ,0.0
HSN,40 - 44,34.99,34.99,30.0,0.0,RED INTERNET & PHONE CABLE U ,0.0
NRW,18 - 24,34.99,34.99,30.0,0.0,RED INTERNET & PHONE CABLE U ,1.0
KBW,30 - 34,29.99,29.99,30.0,0.0,VF RIP U-TREUE  ,0.0
KBW,35 - 39,32.99,32.99,30.0,0.0,VF RIP U-TREUE  ,1.0
KBW,55 - 59,54.99,54.99,30.0,0.0,RED INTERNET & PHONE CABLE U ,0.0
KBW,35 - 39,44.98,44.98,30.0,0.0,VF CABLEMAX     ,1.0
NRW,25 - 29,44.98,44.98,30.0,0.0,RED INTERNET & PHONE CABLE U ,1.0
NRW,35 - 39,24.98,34.98,30.0,0.0,RED INTERNET & PHONE CABLE U ,1.0
KBW,30 - 34,39.99,39.99,30.0,0.0,RED INTERNET & PHONE CABLE U ,0.0
KBW,55 - 59,54.99,54.99,30.0,0.0,RED INTERNET & PHONE CABLE U ,1.0
KBW,30 - 34,44.98,44.98,30.0,0.0,RED INTERNET & PHONE CABLE U ,1.0
NRW,55 - 59,24.99,24.99,30.0,0.0,INTERNET COMFORT     ,1.0
NRW,55 - 59,54.98,54.98,30.0,0.0,GIGAZUHAUSE KABEL ,1.0
NRW,30 - 34,44.98,44.98,30.0,0.0,VF CABLEMAX     ,0.0
NRW,70 - 74,39.98,39.98,30.0,0.0,VF CABLEMAX     ,0.0
KBW,65 - 69,49.99,49.99,30.0,0.0,RED INTERNET & PHONE CABLE U ,0.0
NRW,40 - 44,44.97,44.97,30.0,0.0,VF CABLEMAX     ,0.0
HSN,45 - 49,39.98,39.98,30.0,0.0,VF CABLEMAX     ,1.0
HSN,35 - 39,38.98,38.98,30.0,0.0,RED INTERNET & PHONE CABLE U ,1.0
NRW,35 - 39,47.98,47.98,30.0,0.0,2PLAY PLUS       ,0.0
KBW,25 - 29,44.98,44.98,30.0,0.0,RED INTERNET & PHONE CABLE U ,1.0
NRW,25 - 29,39.98,39.98,30.0,0.0,VF CABLEMAX     ,1.0
KBW,50 - 54,44.98,44.98,30.0,0.0,VF CABLEMAX     ,1.0
NRW,30 - 34,24.99,24.99,30.0,0.0,INTERNET COMFORT     ,1.0
KBW,40 - 44,49.99,49.99,30.0,0.0,RED INTERNET & PHONE CABLE U ,0.0
KBW,30 - 34,34.99,34.99,30.0,0.0,RED INTERNET & PHONE CABLE U ,1.0
NRW,35 - 39,44.98,44.98,30.0,0.0,VF CABLEMAX     ,1.0
NRW,50 - 54,34.99,34.99,30.0,0.0,RED INTERNET & PHONE CABLE U ,1.0
NRW,40 - 44,44.98,44.98,30.0,0.0,RED INTERNET & PHONE CABLE U ,1.0
NRW,50 - 54,58.97,37.98,30.0,0.0,VF RIP U-TREUE  ,0.0
NRW,45 - 49,34.99,34.99,30.0,0.0,RED INTERNET & PHONE CABLE U ,1.0
KBW,60 - 64,34.99,34.99,30.0,0.0,RED INTERNET & PHONE CABLE U ,1.0
KBW,25 - 29,29.99,29.99,30.0,0.0,VF RIP U-TREUE  ,1.0
NRW,55 - 59,44.98,44.98,30.0,0.0,VF CABLEMAX     ,1.0
KBW,60 - 64,68.98,37.99,30.0,0.0,VF RIP U-TREUE  ,0.0
NRW,55 - 59,39.98,39.98,30.0,0.0,VF CABLEMAX     ,1.0
NRW,45 - 49,54.99,54.99,30.0,0.0,RED INTERNET & PHONE CABLE U ,1.0
KBW,45 - 49,44.98,44.98,30.0,0.0,VF CABLEMAX     ,1.0
HSN,50 - 54,34.99,34.99,30.0,0.0,RED INTERNET & PHONE CABLE U ,1.0
NRW,45 - 49,37.98,37.98,30.0,0.0,VF RIP U-TREUE  ,0.0
HSN,40 - 44,39.98,39.98,30.0,0.0,VF CABLEMAX     ,0.0
NRW,70 - 74,34.99,34.99,30.0,0.0,RED INTERNET & PHONE CABLE U ,0.0
NRW,75 - 79,39.99,39.99,30.0,0.0,RED INTERNET & PHONE CABLE U ,0.0
NRW,60 - 64,32.98,32.98,30.0,0.0,VF RIP U-TREUE  ,0.0
KBW,25 - 29,39.99,39.99,30.0,0.0,RED INTERNET & PHONE CABLE U ,1.0
NRW,40 - 44,44.98,44.98,30.0,0.0,VF CABLEMAX     ,0.0
HSN,60 - 64,53.96,53.96,30.0,0.0,RED INTERNET & PHONE CABLE U ,0.0
NRW,35 - 39,24.99,24.99,30.0,0.0,INTERNET COMFORT     ,1.0
HSN,35 - 39,34.99,34.99,30.0,0.0,RED INTERNET & PHONE CABLE U ,1.0
KBW,60 - 64,29.99,29.99,30.0,0.0,VF RIP U-TREUE  ,1.0
NRW,65 - 69,39.99,39.99,30.0,0.0,RED INTERNET & PHONE CABLE U ,0.0
NRW,60 - 64,60.99,39.99,30.0,0.0,VF RIP U-TREUE  ,0.0
NRW,25 - 29,50.98,29.99,30.0,0.0,VF RIP U-TREUE  ,1.0
NRW,75 - 79,37.98,37.98,30.0,0.0,VF RIP U-TREUE  ,0.0
HSN,30 - 34,49.99,49.99,30.0,0.0,RED INTERNET & PHONE CABLE U ,1.0
NRW,45 - 49,49.96,49.97,30.0,0.0,VF CABLEMAX     ,0.0
KBW,30 - 34,44.98,44.98,30.0,0.0,RED INTERNET & PHONE CABLE U ,0.0
NRW,55 - 59,37.99,37.99,30.0,0.0,VF RIP U-TREUE  ,0.0
HSN,40 - 44,37.98,37.98,30.0,0.0,VF RIP U-TREUE  ,0.0
HSN,40 - 44,59.98,39.99,30.0,0.0,RED INTERNET & PHONE CABLE U ,1.0
HSN,45 - 49,39.99,39.99,30.0,0.0,RED INTERNET & PHONE CABLE U ,1.0
KBW,35 - 39,44.98,44.98,30.0,0.0,RED INTERNET & PHONE CABLE U ,1.0
NRW,50 - 54,42.97,42.97,30.0,0.0,3PLAY TREUE      ,0.0
KBW,30 - 34,34.99,34.99,30.0,0.0,RED INTERNET & PHONE CABLE U ,0.0
KBW,30 - 34,32.99,32.99,30.0,1.0,VF RIP U-TREUE  ,1.0
KBW,25 - 29,44.98,44.98,30.0,0.0,RED INTERNET & PHONE CABLE U ,1.0
NRW,25 - 29,39.99,39.99,30.0,0.0,RED INTERNET & PHONE CABLE U ,1.0
KBW,60 - 64,44.98,44.98,30.0,0.0,3PLAY TREUE      ,1.0
NRW,18 - 24,39.98,39.98,30.0,0.0,VF CABLEMAX     ,0.0
KBW,35 - 39,39.98,39.98,30.0,0.0,VF CABLEMAX     ,0.0
NRW,35 - 39,38.98,38.98,30.0,0.0,RED INTERNET & PHONE CABLE U ,0.0
NRW,35 - 39,34.99,34.99,30.0,0.0,RED INTERNET & PHONE CABLE U ,0.0
HSN,65 - 69,39.98,39.98,30.0,0.0,VF RIP U-TREUE  ,0.0
KBW,18 - 24,34.99,34.99,30.0,0.0,RED INTERNET & PHONE CABLE U ,0.0
HSN,50 - 54,54.99,54.99,30.0,0.0,RED INTERNET & PHONE CABLE U ,0.0
KBW,40 - 44,42.97,42.97,30.0,0.0,RED INTERNET & PHONE CABLE U ,0.0
KBW,35 - 39,39.99,39.99,30.0,0.0,RED INTERNET & PHONE CABLE U ,0.0
NRW,35 - 39,39.98,39.98,30.0,0.0,RED INTERNET & PHONE CABLE U ,1.0
NRW,50 - 54,39.98,39.98,30.0,0.0,VF CABLEMAX     ,1.0
HSN,80 and over,54.98,54.98,30.0,0.0,GIGAZUHAUSE KABEL ,1.0
NRW,50 - 54,44.98,44.98,30.0,0.0,VF CABLEMAX     ,1.0
KBW,70 - 74,44.97,44.98,30.0,0.0,VF CABLEMAX     ,1.0
NRW,45 - 49,75.97,54.98,30.0,0.0,VF RIP U-TREUE  ,0.0
NRW,40 - 44,44.98,44.98,30.0,0.0,VF CABLEMAX     ,1.0
KBW,35 - 39,44.98,44.98,30.0,0.0,VF CABLEMAX     ,1.0
KBW,60 - 64,27.99,27.99,30.0,0.0,RED INTERNET & PHONE CABLE U ,0.0
KBW,55 - 59,44.98,44.98,30.0,0.0,VF CABLEMAX     ,1.0
NRW,55 - 59,37.98,37.98,30.0,0.0,VF RIP U-TREUE  ,1.0
KBW,55 - 59,44.98,44.98,30.0,0.0,RED INTERNET & PHONE CABLE U ,1.0
HSN,70 - 74,19.99,19.99,30.0,0.0,EAZY       ,1.0
NRW,25 - 29,37.98,37.98,339.0,0.0,GIGAZUHAUSE KABEL ,1.0
NRW,35 - 39,39.99,39.99,30.0,0.0,RED INTERNET & PHONE CABLE U ,0.0
HSN,45 - 49,49.97,49.97,30.0,0.0,VF CABLEMAX     ,1.0
NRW,35 - 39,34.99,34.99,30.0,0.0,RED INTERNET & PHONE CABLE U ,1.0
NRW,30 - 34,44.98,44.98,30.0,0.0,RED INTERNET & PHONE CABLE U ,1.0
NRW,35 - 39,39.99,39.99,30.0,0.0,RED INTERNET & PHONE CABLE U ,1.0
NRW,45 - 49,44.98,44.98,30.0,0.0,VF CABLEMAX     ,1.0
KBW,35 - 39,38.98,38.98,30.0,0.0,RED INTERNET & PHONE CABLE U ,1.0
NRW,60 - 64,43.35,43.78,30.0,0.0,3PLAY        ,1.0
KBW,30 - 34,39.98,39.98,30.0,0.0,RED INTERNET & PHONE CABLE U ,0.0
NRW,25 - 29,39.98,39.98,30.0,0.0,RED INTERNET & PHONE CABLE U ,0.0
KBW,70 - 74,52.98,44.98,30.0,0.0,VF CABLEMAX     ,0.0
KBW,55 - 59,49.97,49.97,30.0,0.0,RED INTERNET & PHONE CABLE U ,1.0
NRW,40 - 44,49.97,49.97,30.0,0.0,RED INTERNET & PHONE CABLE U ,1.0
NRW,40 - 44,19.99,19.99,30.0,0.0,EAZY       ,0.0
KBW,45 - 49,44.98,44.98,30.0,0.0,VF CABLEMAX     ,0.0
KBW,25 - 29,39.98,39.98,30.0,0.0,RED INTERNET & PHONE CABLE U ,1.0
KBW,60 - 64,39.98,39.98,30.0,0.0,VF CABLEMAX     ,0.0
KBW,50 - 54,54.99,54.99,30.0,0.0,RED INTERNET & PHONE CABLE U ,0.0
NRW,30 - 34,39.99,39.99,30.0,0.0,VF RIP U-TREUE  ,0.0
KBW,45 - 49,46.96,44.98,30.0,0.0,VF CABLEMAX     ,1.0
NRW,65 - 69,68.97,53.98,30.0,0.0,VF RIP U-TREUE  ,0.0
KBW,45 - 49,44.98,44.98,30.0,0.0,VF CABLEMAX     ,0.0
KBW,60 - 64,44.98,44.98,30.0,0.0,RED INTERNET & PHONE CABLE U ,0.0
KBW,60 - 64,44.98,44.98,30.0,0.0,RED INTERNET & PHONE CABLE U ,0.0
KBW,80 and over,32.99,32.99,30.0,0.0,VF RIP U-TREUE  ,0.0
NRW,60 - 64,47.98,37.99,30.0,0.0,VF RIP U-TREUE  ,0.0
NRW,55 - 59,47.98,47.98,30.0,0.0,3PLAY PLUS       ,0.0
HSN,40 - 44,44.98,44.98,30.0,0.0,VF CABLEMAX     ,1.0
NRW,30 - 34,44.98,44.98,30.0,0.0,VF CABLEMAX     ,0.0
KBW,50 - 54,40.98,40.98,30.0,0.0,2PLAY PLUS       ,0.0
HSN,80 and over,39.99,39.99,30.0,0.0,RED INTERNET & PHONE CABLE U ,0.0
HSN,35 - 39,52.98,52.98,30.0,0.0,VF RIP U-TREUE  ,1.0
NRW,30 - 34,44.98,44.98,96.0,0.0,VF CABLEMAX     ,1.0
NRW,60 - 64,64.97,39.99,30.0,0.0,VF RIP U-TREUE  ,1.0
HSN,80 and over,54.97,34.99,30.0,0.0,RED INTERNET & PHONE CABLE U ,0.0
HSN,55 - 59,69.98,49.99,30.0,0.0,GIGAZUHAUSE KABEL ,1.0
KBW,35 - 39,37.98,37.98,30.0,0.0,VF RIP U-TREUE  ,1.0
NRW,50 - 54,39.99,39.99,30.0,0.0,VF RIP U-TREUE  ,1.0
NRW,60 - 64,59.94,44.98,30.0,0.0,VF CABLEMAX     ,0.0
HSN,35 - 39,39.99,39.99,30.0,0.0,RED INTERNET & PHONE CABLE U ,1.0
HSN,40 - 44,38.98,38.98,30.0,0.0,RED INTERNET & PHONE CABLE U ,1.0
HSN,55 - 59,34.99,34.99,30.0,0.0,RED INTERNET & PHONE CABLE U ,1.0
NRW,35 - 39,42.94,42.97,30.0,0.0,VF RIP U-TREUE  ,0.0
KBW,40 - 44,39.98,39.98,30.0,0.0,VF CABLEMAX     ,1.0
NRW,35 - 39,39.99,39.99,30.0,0.0,RED INTERNET & PHONE CABLE U ,0.0
NRW,25 - 29,54.98,54.98,30.0,0.0,RED INTERNET & PHONE CABLE U ,0.0
HSN,60 - 64,39.99,39.99,30.0,0.0,VF RIP U-TREUE  ,0.0
KBW,40 - 44,34.99,34.99,30.0,0.0,VF RIP U-TREUE  ,0.0
NRW,55 - 59,34.99,34.99,30.0,0.0,RED INTERNET & PHONE CABLE U ,0.0
NRW,25 - 29,47.99,47.99,30.0,0.0,VF RIP U-TREUE  ,1.0
HSN,80 and over,39.98,39.98,30.0,0.0,VF CABLEMAX     ,0.0
NRW,35 - 39,44.98,44.98,30.0,0.0,RED INTERNET & PHONE CABLE U ,1.0
KBW,40 - 44,44.98,44.98,30.0,0.0,VF CABLEMAX     ,1.0
KBW,70 - 74,32.98,32.98,30.0,0.0,2PLAY TREU      ,0.0
NRW,18 - 24,47.99,47.99,30.0,0.0,RED INTERNET & PHONE CABLE U ,1.0
HSN,45 - 49,47.97,47.97,30.0,0.0,GIGAZUHAUSE KABEL ,1.0
HSN,35 - 39,44.98,44.98,30.0,0.0,RED INTERNET & PHONE CABLE U ,1.0
NRW,60 - 64,50.98,29.99,30.0,0.0,VF RIP U-TREUE  ,0.0
NRW,30 - 34,32.99,32.99,30.0,0.0,VF RIP U-TREUE  ,1.0
NRW,25 - 29,29.99,29.99,30.0,0.0,VF RIP U-TREUE  ,0.0
NRW,30 - 34,39.98,39.98,30.0,0.0,VF CABLEMAX     ,1.0
KBW,50 - 54,44.98,44.98,30.0,0.0,VF CABLEMAX     ,0.0
KBW,40 - 44,44.97,29.99,30.0,0.0,VF RIP U-TREUE  ,1.0
NRW,70 - 74,29.99,29.99,30.0,0.0,VF RIP U-TREUE  ,0.0
NRW,25 - 29,44.98,44.98,30.0,0.0,RED INTERNET & PHONE CABLE U ,1.0
KBW,25 - 29,34.99,34.99,30.0,0.0,RED INTERNET & PHONE CABLE U ,0.0
KBW,45 - 49,48.96,48.97,30.0,0.0,RED INTERNET & PHONE CABLE U ,1.0
KBW,30 - 34,17.99,17.99,30.0,0.0,EAZY FLEX    ,1.0
NRW,60 - 64,34.99,34.99,30.0,0.0,RED INTERNET & PHONE CABLE U ,0.0
NRW,18 - 24,44.97,44.97,44.0,1.0,VF CABLEMAX     ,1.0
NRW,40 - 44,47.99,47.99,30.0,0.0,VF RIP U-TREUE  ,0.0
KBW,18 - 24,17.99,17.99,30.0,0.0,EAZY FLEX    ,0.0
KBW,40 - 44,58.98,58.98,30.0,0.0,RED INTERNET & PHONE CABLE U ,1.0
NRW,25 - 29,39.99,39.99,30.0,0.0,RED INTERNET & PHONE CABLE U ,0.0
NRW,35 - 39,39.98,39.98,30.0,0.0,VF CABLEMAX     ,1.0
HSN,60 - 64,49.97,49.97,30.0,0.0,VF CABLEMAX     ,1.0
NRW,30 - 34,44.98,44.98,30.0,0.0,VF CABLEMAX     ,0.0
KBW,45 - 49,49.97,49.97,30.0,0.0,VF CABLEMAX     ,0.0
KBW,65 - 69,55.97,34.99,30.0,0.0,RED INTERNET & PHONE CABLE U ,0.0
NRW,60 - 64,34.99,34.99,30.0,0.0,RED INTERNET & PHONE CABLE U ,1.0
HSN,40 - 44,37.99,37.99,30.0,0.0,VF RIP U-TREUE  ,0.0
KBW,35 - 39,44.98,44.98,30.0,0.0,VF CABLEMAX     ,1.0
HSN,25 - 29,37.99,37.99,30.0,0.0,VF RIP U-TREUE  ,0.0
KBW,45 - 49,42.98,42.98,30.0,0.0,VF RIP U-TREUE  ,0.0
KBW,80 and over,42.94,42.96,30.0,0.0,RED INTERNET & PHONE CABLE U ,0.0
HSN,40 - 44,44.99,44.99,30.0,0.0,RED INTERNET & PHONE CABLE U ,1.0
KBW,60 - 64,57.97,42.98,30.0,0.0,2PLAY TREUE      ,0.0
KBW,25 - 29,34.99,34.99,30.0,0.0,RED INTERNET & PHONE CABLE U ,1.0
NRW,70 - 74,44.98,44.98,30.0,0.0,RED INTERNET & PHONE CABLE U ,0.0
NRW,60 - 64,39.99,39.99,30.0,0.0,RED INTERNET & PHONE CABLE U ,1.0
HSN,55 - 59,44.99,44.99,30.0,0.0,RED INTERNET & PHONE CABLE U ,1.0
KBW,80 and over,42.87,42.95,30.0,0.0,2PLAY        ,0.0
HSN,35 - 39,24.99,24.99,30.0,0.0,INTERNET COMFORT     ,1.0
NRW,50 - 54,42.98,42.98,30.0,0.0,VF RIP U-TREUE  ,1.0
NRW,55 - 59,39.99,39.99,30.0,0.0,VF RIP U-TREUE  ,1.0
KBW,50 - 54,54.99,54.99,30.0,0.0,RED INTERNET & PHONE CABLE U ,1.0
NRW,18 - 24,58.36,37.65,30.0,0.0,RED INTERNET & PHONE CABLE U ,1.0
NRW,60 - 64,29.99,29.99,30.0,0.0,RED INTERNET & PHONE CABLE U ,0.0
KBW,25 - 29,62.98,62.98,30.0,0.0,RED INTERNET & PHONE CABLE U ,1.0
KBW,55 - 59,39.98,39.98,30.0,0.0,RED INTERNET & PHONE CABLE U ,0.0
HSN,30 - 34,34.99,34.99,30.0,0.0,RED INTERNET & PHONE CABLE U ,1.0
KBW,35 - 39,39.99,39.99,30.0,0.0,RED INTERNET & PHONE CABLE U ,0.0
NRW,30 - 34,29.98,29.98,30.0,0.0,GIGAZUHAUSE KABEL ,1.0
NRW,50 - 54,32.99,32.99,30.0,0.0,VF RIP U-TREUE  ,1.0
KBW,40 - 44,29.99,29.99,30.0,0.0,VF RIP U-TREUE  ,1.0
KBW,18 - 24,39.99,39.99,30.0,0.0,RED INTERNET & PHONE CABLE U ,1.0
NRW,30 - 34,49.99,49.99,30.0,0.0,GIGAZUHAUSE KABEL ,1.0
KBW,25 - 29,34.99,34.99,30.0,0.0,RED INTERNET & PHONE CABLE U ,1.0
KBW,65 - 69,29.99,29.99,30.0,0.0,RED INTERNET & PHONE CABLE U ,0.0
NRW,35 - 39,44.98,44.98,30.0,0.0,VF CABLEMAX     ,1.0
NRW,40 - 44,49.97,49.97,30.0,0.0,VF CABLEMAX     ,0.0
NRW,35 - 39,49.99,49.99,30.0,0.0,RED INTERNET & PHONE CABLE U ,1.0
KBW,40 - 44,32.99,32.99,30.0,0.0,VF RIP U-TREUE  ,0.0
HSN,55 - 59,54.98,34.99,30.0,0.0,RED INTERNET & PHONE CABLE U ,0.0
NRW,30 - 34,49.99,49.99,30.0,0.0,RED INTERNET & PHONE CABLE U ,0.0
NRW,40 - 44,34.99,34.99,30.0,1.0,VF RIP U-TREUE  ,1.0
KBW,55 - 59,42.98,42.98,30.0,0.0,VF RIP U-TREUE  ,1.0
NRW,45 - 49,34.99,34.99,30.0,0.0,RED INTERNET & PHONE CABLE U ,0.0
KBW,55 - 59,54.98,54.98,30.0,0.0,GIGAZUHAUSE KABEL ,0.0
KBW,55 - 59,60.97,39.98,30.0,0.0,RED INTERNET & PHONE CABLE U ,1.0
NRW,60 - 64,29.99,29.99,30.0,0.0,VF RIP U-TREUE  ,1.0
KBW,18 - 24,44.98,44.98,30.0,0.0,RED INTERNET & PHONE CABLE U ,1.0
KBW,55 - 59,44.98,34.99,30.0,0.0,RED INTERNET & PHONE CABLE U ,0.0
NRW,60 - 64,48.97,48.97,30.0,0.0,VF CABLEMAX     ,1.0
NRW,50 - 54,44.98,44.98,30.0,0.0,2PLAY PLUS       ,1.0
HSN,25 - 29,44.98,44.98,30.0,0.0,RED INTERNET & PHONE CABLE U ,0.0
KBW,65 - 69,73.33,62.98,30.0,0.0,RED INTERNET & PHONE CABLE U ,0.0
KBW,75 - 79,54.99,54.99,30.0,0.0,RED INTERNET & PHONE CABLE U ,1.0
KBW,65 - 69,42.98,42.98,30.0,0.0,VF RIP U-TREUE  ,1.0
NRW,35 - 39,32.99,32.99,30.0,0.0,VF RIP U-TREUE  ,1.0
NRW,35 - 39,35.97,35.97,30.0,0.0,RED INTERNET & PHONE CABLE U ,0.0
HSN,35 - 39,39.98,39.98,133.0,0.0,GIGAZUHAUSE KABEL ,1.0
NRW,65 - 69,32.99,32.99,30.0,0.0,VF RIP U-TREUE  ,1.0
NRW,35 - 39,44.98,44.98,30.0,0.0,RED INTERNET & PHONE CABLE U ,1.0
NRW,50 - 54,0.0,0.0,30.0,0.0,MMA        ,0.0
NRW,50 - 54,34.99,34.99,30.0,0.0,RED INTERNET & PHONE CABLE U ,1.0
NRW,35 - 39,39.99,39.99,30.0,0.0,RED INTERNET & PHONE CABLE U ,1.0
KBW,40 - 44,59.97,59.98,30.0,0.0,RED INTERNET & PHONE CABLE U ,1.0
KBW,60 - 64,39.98,39.98,30.0,0.0,VF CABLEMAX     ,1.0
HSN,45 - 49,39.98,39.98,30.0,0.0,RED INTERNET & PHONE CABLE U ,0.0
KBW,25 - 29,34.99,34.99,44.0,0.0,GIGAZUHAUSE KABEL ,0.0
NRW,60 - 64,49.99,49.99,30.0,0.0,RED INTERNET & PHONE CABLE U ,0.0
NRW,35 - 39,34.99,34.99,30.0,0.0,RED INTERNET & PHONE CABLE U ,0.0
KBW,35 - 39,54.99,54.99,30.0,0.0,RED INTERNET & PHONE CABLE U ,1.0
NRW,25 - 29,44.98,44.98,30.0,0.0,RED INTERNET & PHONE CABLE U ,1.0
KBW,25 - 29,44.98,44.98,30.0,0.0,RED INTERNET & PHONE CABLE U ,1.0
NRW,35 - 39,49.99,49.99,30.0,0.0,RED INTERNET & PHONE CABLE U ,0.0
KBW,25 - 29,44.98,44.98,30.0,0.0,RED INTERNET & PHONE CABLE U ,0.0
NRW,40 - 44,44.98,44.98,30.0,0.0,VF CABLEMAX     ,1.0
KBW,60 - 64,44.98,44.98,30.0,0.0,RED INTERNET & PHONE CABLE U ,0.0
HSN,40 - 44,37.99,37.99,30.0,0.0,VF RIP U-TREUE  ,0.0
NRW,70 - 74,61.96,44.98,30.0,0.0,VF CABLEMAX     ,0.0
NRW,30 - 34,17.99,17.99,30.0,0.0,EAZY FLEX    ,1.0
NRW,40 - 44,44.98,44.98,30.0,0.0,VF CABLEMAX     ,1.0
HSN,45 - 49,44.98,44.98,30.0,0.0,VF CABLEMAX     ,0.0
NRW,40 - 44,44.98,44.98,30.0,0.0,VF RIP U-TREUE  ,1.0
KBW,35 - 39,29.99,29.99,30.0,0.0,VF RIP U-TREUE  ,0.0
HSN,45 - 49,49.99,49.99,30.0,0.0,GIGAZUHAUSE KABEL ,0.0
KBW,50 - 54,39.98,39.98,30.0,0.0,VF CABLEMAX     ,1.0
KBW,50 - 54,34.99,34.99,30.0,0.0,RED INTERNET & PHONE CABLE U ,1.0
KBW,40 - 44,44.98,44.98,30.0,0.0,RED INTERNET & PHONE CABLE U ,1.0
NRW,30 - 34,39.99,39.99,30.0,0.0,RED INTERNET & PHONE CABLE U ,1.0
HSN,50 - 54,44.98,44.98,30.0,0.0,VF CABLEMAX     ,0.0
KBW,70 - 74,34.99,34.99,30.0,0.0,GIGAZUHAUSE KABEL ,1.0
KBW,55 - 59,49.97,49.97,30.0,0.0,VF CABLEMAX     ,0.0
KBW,30 - 34,39.98,39.98,30.0,0.0,RED INTERNET & PHONE CABLE U ,1.0
HSN,45 - 49,63.97,42.98,30.0,0.0,VF RIP U-TREUE  ,1.0
NRW,55 - 59,44.98,44.98,30.0,0.0,VF CABLEMAX     ,0.0
KBW,25 - 29,44.98,44.98,30.0,0.0,VF CABLEMAX     ,1.0
NRW,25 - 29,39.99,39.99,30.0,0.0,RED INTERNET & PHONE CABLE U ,0.0
NRW,35 - 39,34.99,34.99,30.0,0.0,RED INTERNET & PHONE CABLE U ,1.0
HSN,55 - 59,52.98,52.98,30.0,0.0,GIGAZUHAUSE KABEL ,1.0
NRW,60 - 64,44.98,44.98,30.0,0.0,RED INTERNET & PHONE CABLE U ,1.0
HSN,35 - 39,39.98,39.98,30.0,0.0,RED INTERNET & PHONE CABLE U ,1.0
KBW,55 - 59,44.98,44.98,30.0,0.0,VF RIP U-TREUE  ,1.0
NRW,30 - 34,34.99,34.99,30.0,0.0,RED INTERNET & PHONE CABLE U ,1.0
NRW,50 - 54,52.96,37.98,30.0,0.0,VF RIP U-TREUE  ,0.0
KBW,75 - 79,34.99,34.99,30.0,0.0,RED INTERNET & PHONE CABLE U ,1.0
NRW,50 - 54,54.97,44.98,30.0,0.0,VF CABLEMAX     ,1.0
NRW,45 - 49,44.98,44.98,30.0,0.0,VF CABLEMAX     ,1.0
KBW,60 - 64,34.98,34.98,30.0,0.0,RED INTERNET & PHONE CABLE U ,1.0
KBW,30 - 34,44.98,44.98,30.0,0.0,VF CABLEMAX     ,0.0
KBW,40 - 44,54.99,54.99,30.0,0.0,RED INTERNET & PHONE CABLE U ,0.0
NRW,55 - 59,44.99,44.99,30.0,0.0,GIGAZUHAUSE KABEL ,1.0
HSN,30 - 34,49.99,49.99,30.0,0.0,VF RIP U-TREUE  ,1.0
KBW,45 - 49,58.98,58.98,30.0,0.0,RED INTERNET & PHONE CABLE U ,0.0
HSN,70 - 74,39.99,39.99,30.0,0.0,RED INTERNET & PHONE CABLE U ,0.0
KBW,80 and over,60.35,39.99,30.0,0.0,RED INTERNET & PHONE CABLE U ,0.0
NRW,60 - 64,19.99,19.99,30.0,0.0,RED INTERNET & PHONE CABLE U ,1.0
NRW,35 - 39,39.98,39.98,30.0,0.0,VF CABLEMAX     ,0.0
NRW,30 - 34,39.98,39.98,30.0,0.0,RED INTERNET & PHONE CABLE U ,1.0
HSN,50 - 54,47.97,44.98,30.0,0.0,VF CABLEMAX     ,1.0
NRW,65 - 69,73.96,37.99,30.0,0.0,VF RIP U-TREUE  ,0.0
NRW,30 - 34,49.97,49.97,30.0,0.0,RED INTERNET & PHONE CABLE U ,1.0
NRW,70 - 74,60.98,49.99,30.0,0.0,RED INTERNET & PHONE CABLE U ,1.0
NRW,60 - 64,65.97,44.98,30.0,0.0,VF CABLEMAX     ,0.0
NRW,25 - 29,44.98,44.98,30.0,0.0,RED INTERNET & PHONE CABLE U ,1.0
KBW,25 - 29,49.99,49.99,30.0,0.0,RED INTERNET & PHONE CABLE U ,1.0
NRW,50 - 54,39.98,39.98,30.0,0.0,RED INTERNET & PHONE CABLE U ,0.0
NRW,40 - 44,52.77,39.99,30.0,0.0,VF RIP U-TREUE  ,1.0
NRW,50 - 54,50.98,29.99,542.0,0.0,VF RIP U-TREUE  ,1.0
HSN,50 - 54,19.99,29.99,30.0,0.0,VF RIP U-TREUE  ,1.0
KBW,45 - 49,63.98,63.98,30.0,0.0,RED INTERNET & PHONE CABLE U ,1.0
NRW,65 - 69,44.98,44.98,30.0,0.0,VF CABLEMAX     ,1.0
NRW,55 - 59,59.99,59.99,30.0,0.0,3PLAY TREUE      ,0.0
KBW,70 - 74,39.99,39.99,30.0,0.0,RED INTERNET & PHONE CABLE U ,0.0
NRW,55 - 59,49.99,49.99,30.0,0.0,RED INTERNET & PHONE CABLE U ,1.0
HSN,50 - 54,54.98,54.98,30.0,0.0,RED INTERNET & PHONE CABLE U ,0.0
NRW,40 - 44,49.97,49.97,30.0,0.0,VF CABLEMAX     ,1.0
HSN,55 - 59,34.99,34.99,30.0,0.0,RED INTERNET & PHONE CABLE U ,1.0
HSN,30 - 34,62.97,62.98,30.0,0.0,RED INTERNET & PHONE CABLE U ,1.0
NRW,35 - 39,58.97,58.97,30.0,0.0,RED INTERNET & PHONE CABLE U ,1.0
NRW,75 - 79,65.98,44.99,30.0,0.0,3PLAY TREUE      ,0.0
HSN,60 - 64,39.98,39.98,30.0,0.0,GIGAZUHAUSE KABEL ,0.0
HSN,50 - 54,39.99,39.99,30.0,0.0,RED INTERNET & PHONE CABLE U ,0.0
NRW,50 - 54,34.99,34.99,30.0,0.0,RED INTERNET & PHONE CABLE U ,1.0
KBW,35 - 39,39.98,39.98,30.0,0.0,VF CABLEMAX     ,0.0
KBW,40 - 44,49.98,49.98,30.0,0.0,VF CABLEMAX     ,1.0
NRW,55 - 59,42.98,42.98,30.0,0.0,VF RIP U-TREUE  ,0.0
HSN,55 - 59,46.98,39.99,30.0,0.0,VF RIP U-TREUE  ,0.0
KBW,25 - 29,29.99,29.99,30.0,0.0,VF RIP U-TREUE  ,1.0
KBW,35 - 39,44.98,44.98,30.0,0.0,VF CABLEMAX     ,0.0
KBW,35 - 39,44.98,44.98,30.0,0.0,VF CABLEMAX     ,0.0
KBW,35 - 39,39.99,39.99,30.0,0.0,RED INTERNET & PHONE CABLE U ,1.0
NRW,55 - 59,39.98,39.98,30.0,0.0,VF CABLEMAX     ,1.0
KBW,60 - 64,44.97,44.97,30.0,0.0,GIGAZUHAUSE KABEL ,0.0
NRW,40 - 44,39.98,39.98,30.0,0.0,VF CABLEMAX     ,0.0
HSN,55 - 59,64.97,44.99,30.0,0.0,RED INTERNET & PHONE CABLE U ,1.0
NRW,75 - 79,39.98,39.98,30.0,0.0,VF RIP U-TREUE  ,1.0
NRW,35 - 39,39.99,39.99,30.0,0.0,RED INTERNET & PHONE CABLE U ,0.0
NRW,45 - 49,44.98,44.98,30.0,0.0,VF CABLEMAX     ,0.0
NRW,50 - 54,39.98,39.98,619.0,0.0,GIGAZUHAUSE KABEL ,0.0
NRW,35 - 39,39.99,39.99,30.0,0.0,RED INTERNET & PHONE CABLE U ,0.0
NRW,25 - 29,54.99,54.99,30.0,0.0,RED INTERNET & PHONE CABLE U ,1.0
NRW,55 - 59,34.99,34.99,30.0,0.0,RED INTERNET & PHONE CABLE U ,0.0
NRW,45 - 49,34.99,34.99,30.0,0.0,RED INTERNET & PHONE CABLE U ,1.0
KBW,80 and over,60.96,39.98,30.0,0.0,GIGAZUHAUSE KABEL ,1.0
HSN,35 - 39,39.99,39.99,30.0,0.0,RED INTERNET & PHONE CABLE U ,1.0
NRW,25 - 29,39.99,39.99,30.0,0.0,RED INTERNET & PHONE CABLE U ,1.0
NRW,80 and over,34.99,34.99,30.0,0.0,RED INTERNET & PHONE CABLE U ,1.0
KBW,80 and over,49.97,39.99,30.0,0.0,RED INTERNET & PHONE CABLE U ,0.0
HSN,80 and over,49.99,49.99,30.0,0.0,RED INTERNET & PHONE CABLE U ,0.0
HSN,70 - 74,64.98,39.99,30.0,0.0,RED INTERNET & PHONE CABLE U ,1.0
KBW,50 - 54,44.98,44.98,30.0,0.0,VF CABLEMAX     ,0.0
NRW,50 - 54,44.98,44.98,30.0,0.0,VF CABLEMAX     ,1.0
NRW,25 - 29,39.99,39.99,30.0,0.0,RED INTERNET & PHONE CABLE U ,1.0
NRW,18 - 24,42.97,42.97,87.0,0.0,RED INTERNET & PHONE CABLE U ,1.0
HSN,55 - 59,37.98,37.98,30.0,0.0,VF RIP U-TREUE  ,0.0
KBW,25 - 29,39.99,39.99,30.0,0.0,RED INTERNET & PHONE CABLE U ,0.0
KBW,25 - 29,39.99,39.99,30.0,0.0,RED INTERNET & PHONE CABLE U ,0.0
NRW,50 - 54,44.98,44.98,30.0,0.0,VF CABLEMAX     ,0.0
NRW,50 - 54,49.99,49.99,30.0,0.0,RED INTERNET & PHONE CABLE U ,0.0
NRW,25 - 29,64.97,39.99,30.0,0.0,RED INTERNET & PHONE CABLE U ,0.0
NRW,30 - 34,39.99,39.99,30.0,0.0,RED INTERNET & PHONE CABLE U ,1.0
NRW,60 - 64,44.98,44.98,30.0,0.0,VF CABLEMAX     ,1.0
KBW,50 - 54,49.99,49.99,30.0,0.0,3PLAY TREUE      ,0.0
NRW,18 - 24,34.99,34.99,30.0,0.0,RED INTERNET & PHONE CABLE U ,1.0
NRW,75 - 79,34.99,34.99,30.0,0.0,RED INTERNET & PHONE CABLE U ,1.0
KBW,30 - 34,39.98,39.98,30.0,0.0,VF CABLEMAX     ,1.0
NRW,55 - 59,60.99,39.99,30.0,0.0,VF RIP U-TREUE  ,0.0
HSN,60 - 64,34.98,34.98,30.0,0.0,RED INTERNET & PHONE CABLE U ,0.0
NRW,75 - 79,32.99,32.99,30.0,0.0,RED INTERNET & PHONE CABLE U ,0.0
NRW,60 - 64,40.9,40.9,30.0,0.0,2PLAY PLUS       ,0.0
NRW,40 - 44,44.98,44.98,30.0,0.0,VF CABLEMAX     ,1.0
NRW,40 - 44,34.99,34.99,30.0,0.0,RED INTERNET & PHONE CABLE U ,0.0
HSN,40 - 44,39.99,39.99,30.0,0.0,RED INTERNET & PHONE CABLE U ,0.0
HSN,55 - 59,34.99,34.99,30.0,0.0,RED INTERNET & PHONE CABLE U ,1.0
KBW,30 - 34,39.99,39.99,30.0,0.0,VF RIP U-TREUE  ,0.0
NRW,60 - 64,59.94,44.98,30.0,0.0,VF CABLEMAX     ,0.0
KBW,50 - 54,42.97,42.97,30.0,0.0,RED INTERNET & PHONE CABLE U ,0.0
NRW,25 - 29,39.99,39.99,30.0,0.0,RED INTERNET & PHONE CABLE U ,1.0
NRW,30 - 34,52.97,32.99,30.0,0.0,VF RIP U-TREUE  ,0.0
NRW,65 - 69,49.97,49.97,30.0,0.0,VF CABLEMAX     ,0.0
NRW,40 - 44,59.98,59.98,30.0,0.0,RED INTERNET & PHONE CABLE U ,0.0
KBW,65 - 69,39.99,39.99,30.0,0.0,RED INTERNET & PHONE CABLE U ,1.0
HSN,35 - 39,39.99,39.99,30.0,0.0,RED INTERNET & PHONE CABLE U ,1.0
KBW,40 - 44,37.99,37.99,30.0,0.0,VF RIP U-TREUE  ,0.0
KBW,45 - 49,59.98,59.98,30.0,0.0,RED INTERNET & PHONE CABLE U ,1.0
NRW,55 - 59,39.98,39.98,112.0,0.0,GIGAZUHAUSE KABEL ,1.0
HSN,35 - 39,39.98,39.98,30.0,0.0,VF CABLEMAX     ,1.0
NRW,65 - 69,59.98,59.98,30.0,0.0,RED INTERNET & PHONE CABLE U ,1.0
HSN,35 - 39,34.99,24.99,30.0,0.0,RED INTERNET & PHONE CABLE U ,1.0
NRW,30 - 34,39.99,39.99,30.0,0.0,RED INTERNET & PHONE CABLE U ,0.0
KBW,60 - 64,44.98,44.98,30.0,0.0,VF CABLEMAX     ,1.0
NRW,35 - 39,27.98,27.98,30.0,0.0,VF RIP U-TREUE  ,1.0
NRW,50 - 54,29.99,29.99,30.0,0.0,VF RIP U-TREUE  ,0.0
NRW,40 - 44,39.98,39.98,30.0,0.0,VF CABLEMAX     ,1.0
NRW,25 - 29,62.98,62.98,30.0,0.0,RED INTERNET & PHONE CABLE U ,1.0
KBW,35 - 39,44.98,44.98,30.0,0.0,RED INTERNET & PHONE CABLE U ,0.0
NRW,60 - 64,84.96,49.99,30.0,0.0,RED INTERNET & PHONE CABLE U ,0.0
KBW,40 - 44,39.99,39.99,30.0,0.0,RED INTERNET & PHONE CABLE U ,0.0
NRW,45 - 49,44.98,44.98,30.0,0.0,RED INTERNET & PHONE CABLE U ,1.0
KBW,30 - 34,38.98,38.98,30.0,0.0,RED INTERNET & PHONE CABLE U ,1.0
NRW,35 - 39,39.98,39.98,30.0,0.0,RED INTERNET & PHONE CABLE U ,0.0
NRW,30 - 34,39.98,39.98,30.0,0.0,GIGAZUHAUSE KABEL ,1.0
KBW,30 - 34,58.98,58.98,30.0,0.0,RED INTERNET & PHONE CABLE U ,1.0
KBW,70 - 74,60.98,39.99,30.0,0.0,VF CABLEMAX     ,1.0
NRW,45 - 49,49.99,49.99,30.0,0.0,RED INTERNET & PHONE CABLE U ,1.0
KBW,25 - 29,24.99,24.99,123.0,0.0,GIGAZUHAUSE TREUE C ,0.0
KBW,55 - 59,54.99,54.99,30.0,0.0,RED INTERNET & PHONE CABLE U ,0.0
NRW,40 - 44,42.97,42.97,30.0,0.0,RED INTERNET & PHONE CABLE U ,1.0
HSN,60 - 64,34.99,34.99,30.0,0.0,RED INTERNET & PHONE CABLE U ,1.0
HSN,25 - 29,39.98,39.98,30.0,0.0,RED INTERNET & PHONE CABLE U ,0.0
KBW,55 - 59,42.98,42.98,30.0,0.0,VF RIP U-TREUE  ,1.0
KBW,40 - 44,44.98,44.98,30.0,0.0,RED INTERNET & PHONE CABLE U ,0.0
NRW,40 - 44,34.99,34.99,30.0,0.0,RED INTERNET & PHONE CABLE U ,1.0
NRW,25 - 29,39.99,39.99,30.0,0.0,RED INTERNET & PHONE CABLE U ,1.0
NRW,30 - 34,49.99,49.99,30.0,0.0,GIGAZUHAUSE KABEL ,1.0
NRW,35 - 39,44.98,44.98,30.0,0.0,RED INTERNET & PHONE CABLE U ,1.0
HSN,60 - 64,47.98,47.98,30.0,0.0,GIGAZUHAUSE KABEL ,0.0
NRW,35 - 39,44.99,44.99,30.0,0.0,GIGAZUHAUSE KABEL ,1.0
HSN,40 - 44,34.99,34.99,30.0,0.0,RED INTERNET & PHONE CABLE U ,0.0
NRW,40 - 44,39.99,39.99,30.0,0.0,RED INTERNET & PHONE CABLE U ,1.0
KBW,80 and over,47.96,42.97,30.0,0.0,2PLAY PLUS       ,0.0
NRW,45 - 49,49.97,49.97,30.0,0.0,VF CABLEMAX     ,0.0
NRW,70 - 74,39.99,39.99,30.0,0.0,RED INTERNET & PHONE CABLE U ,1.0
HSN,65 - 69,49.99,49.99,30.0,0.0,GIGAZUHAUSE KABEL ,1.0
NRW,65 - 69,52.98,52.98,30.0,0.0,VF RIP U-TREUE  ,1.0
NRW,30 - 34,29.99,29.99,30.0,0.0,INTERNET PREMIUM     ,1.0
HSN,30 - 34,34.99,34.99,30.0,0.0,RED INTERNET & PHONE CABLE U ,1.0
NRW,55 - 59,46.97,24.99,30.0,0.0,VF RIP U-TREUE  ,1.0
NRW,30 - 34,39.98,39.98,30.0,0.0,RED INTERNET & PHONE CABLE U ,0.0
HSN,25 - 29,47.99,47.99,30.0,0.0,VF RIP U-TREUE  ,1.0
NRW,35 - 39,44.98,44.98,30.0,0.0,VF CABLEMAX     ,1.0
KBW,55 - 59,63.96,42.97,30.0,0.0,RED INTERNET & PHONE CABLE U ,1.0
NRW,18 - 24,44.98,44.98,35.0,0.0,VF CABLEMAX     ,1.0
NRW,55 - 59,34.99,34.99,30.0,0.0,VF RIP U-TREUE  ,1.0
NRW,60 - 64,49.99,49.99,30.0,0.0,RED INTERNET & PHONE CABLE U ,0.0
HSN,40 - 44,44.98,44.98,30.0,0.0,VF CABLEMAX     ,1.0
HSN,45 - 49,63.97,63.97,30.0,0.0,RED INTERNET & PHONE CABLE U ,0.0
KBW,75 - 79,39.98,39.98,30.0,0.0,VF RIP U-TREUE  ,1.0
NRW,45 - 49,49.99,49.99,30.0,0.0,RED INTERNET & PHONE CABLE U ,0.0
KBW,35 - 39,49.99,49.99,30.0,0.0,RED INTERNET & PHONE CABLE U ,1.0
NRW,60 - 64,49.97,49.97,30.0,0.0,VF CABLEMAX     ,0.0
HSN,35 - 39,44.98,44.98,30.0,0.0,VF CABLEMAX     ,1.0
KBW,80 and over,35.34,35.99,30.0,0.0,RED INTERNET & PHONE CABLE U ,1.0
HSN,55 - 59,39.98,39.98,30.0,0.0,VF CABLEMAX     ,0.0
KBW,35 - 39,34.99,34.99,30.0,0.0,RED INTERNET & PHONE CABLE U ,0.0
KBW,40 - 44,54.99,54.99,30.0,0.0,RED INTERNET & PHONE CABLE U ,0.0
NRW,70 - 74,29.99,29.99,30.0,0.0,RED INTERNET & PHONE CABLE U ,1.0
NRW,60 - 64,49.97,49.97,30.0,0.0,VF CABLEMAX     ,1.0
NRW,45 - 49,59.98,59.98,30.0,0.0,RED INTERNET & PHONE CABLE U ,1.0
KBW,50 - 54,34.99,34.99,30.0,0.0,RED INTERNET & PHONE CABLE U ,0.0
KBW,80 and over,60.25,27.8,30.0,0.0,2PLAY        ,0.0
KBW,35 - 39,44.98,44.98,30.0,0.0,VF CABLEMAX     ,0.0
NRW,40 - 44,42.97,42.97,30.0,0.0,2PLAY SMART      ,1.0
NRW,55 - 59,54.98,54.98,30.0,0.0,RED INTERNET & PHONE CABLE U ,1.0
NRW,25 - 29,34.99,34.99,30.0,0.0,RED INTERNET & PHONE CABLE U ,1.0
NRW,30 - 34,34.99,34.99,30.0,0.0,RED INTERNET & PHONE CABLE U ,1.0
KBW,70 - 74,58.77,37.78,30.0,0.0,2PLAY        ,0.0
KBW,35 - 39,46.97,34.99,30.0,0.0,RED INTERNET & PHONE CABLE U ,0.0
NRW,35 - 39,34.99,34.99,30.0,0.0,RED INTERNET & PHONE CABLE U ,0.0
HSN,65 - 69,34.99,34.99,30.0,0.0,RED INTERNET & PHONE CABLE U ,1.0
KBW,55 - 59,49.99,49.99,30.0,0.0,GIGAZUHAUSE KABEL ,1.0
NRW,75 - 79,60.97,39.98,30.0,0.0,RED INTERNET & PHONE CABLE U ,0.0
NRW,60 - 64,47.99,47.99,30.0,0.0,VF RIP U-TREUE  ,1.0
KBW,80 and over,35.0,35.0,30.0,0.0,3PLAY PLUS       ,0.0
HSN,60 - 64,44.98,44.98,30.0,0.0,RED INTERNET & PHONE CABLE U ,1.0
HSN,40 - 44,32.99,32.99,30.0,0.0,VF RIP U-TREUE  ,1.0
HSN,30 - 34,49.99,49.99,30.0,0.0,RED INTERNET & PHONE CABLE U ,0.0
KBW,50 - 54,19.99,19.99,30.0,0.0,1PLAY        ,1.0
NRW,25 - 29,39.99,39.99,30.0,0.0,RED INTERNET & PHONE CABLE U ,1.0
KBW,55 - 59,49.97,49.97,30.0,0.0,VF CABLEMAX     ,1.0
KBW,60 - 64,43.97,43.97,30.0,0.0,RED INTERNET & PHONE CABLE U ,0.0
NRW,40 - 44,39.99,39.99,30.0,0.0,RED INTERNET & PHONE CABLE U ,1.0
KBW,35 - 39,32.99,32.99,30.0,0.0,GIGAZUHAUSE KABEL ,0.0
KBW,60 - 64,49.99,49.99,30.0,0.0,GIGAZUHAUSE KABEL ,1.0
HSN,55 - 59,29.99,29.99,30.0,0.0,RED INTERNET & PHONE CABLE U ,0.0
NRW,30 - 34,27.99,27.99,30.0,1.0,VF RIP U-TREUE  ,1.0
NRW,25 - 29,39.99,39.99,30.0,0.0,RED INTERNET & PHONE CABLE U ,1.0
KBW,65 - 69,44.97,44.97,30.0,0.0,RED INTERNET & PHONE CABLE U ,0.0
NRW,30 - 34,37.99,37.99,30.0,0.0,VF RIP U-TREUE  ,1.0
NRW,25 - 29,44.98,44.98,30.0,0.0,VF CABLEMAX     ,0.0
NRW,35 - 39,39.99,39.99,30.0,0.0,RED INTERNET & PHONE CABLE U ,1.0
NRW,18 - 24,42.98,42.98,30.0,0.0,VF RIP U-TREUE  ,1.0
NRW,25 - 29,34.99,34.99,30.0,0.0,RED INTERNET & PHONE CABLE U ,0.0
NRW,45 - 49,39.98,39.98,30.0,0.0,RED INTERNET & PHONE CABLE U ,0.0
NRW,60 - 64,49.97,49.97,30.0,0.0,RED INTERNET & PHONE CABLE U ,1.0
NRW,55 - 59,42.98,42.98,30.0,0.0,VF RIP U-TREUE  ,0.0
NRW,30 - 34,39.99,39.99,30.0,0.0,RED INTERNET & PHONE CABLE U ,1.0
HSN,55 - 59,70.96,49.97,30.0,0.0,VF CABLEMAX     ,0.0
HSN,50 - 54,62.98,37.99,30.0,0.0,VF RIP U-TREUE  ,1.0
NRW,30 - 34,34.98,34.98,30.0,0.0,VF CABLEMAX     ,0.0
KBW,25 - 29,34.99,34.99,30.0,0.0,RED INTERNET & PHONE CABLE U ,1.0
KBW,45 - 49,44.98,44.98,30.0,0.0,VF CABLEMAX     ,0.0
KBW,70 - 74,69.97,44.98,30.0,0.0,VF RIP U-TREUE  ,1.0
NRW,50 - 54,34.99,34.99,30.0,0.0,RED INTERNET & PHONE CABLE U ,0.0
NRW,55 - 59,39.99,39.99,30.0,0.0,RED INTERNET & PHONE CABLE U ,0.0
NRW,35 - 39,44.98,44.98,30.0,0.0,VF CABLEMAX     ,1.0
NRW,40 - 44,44.98,44.98,30.0,0.0,VF CABLEMAX     ,1.0
HSN,30 - 34,34.99,34.99,30.0,0.0,RED INTERNET & PHONE CABLE U ,1.0
NRW,35 - 39,24.99,24.99,30.0,0.0,RED INTERNET & PHONE CABLE U ,1.0
HSN,35 - 39,39.98,39.98,30.0,0.0,VF CABLEMAX     ,1.0
KBW,55 - 59,49.99,49.99,30.0,0.0,RED INTERNET & PHONE CABLE U ,1.0
NRW,35 - 39,39.98,39.98,30.0,0.0,RED INTERNET & PHONE CABLE U ,1.0
NRW,50 - 54,49.97,49.97,30.0,0.0,VF CABLEMAX     ,1.0
HSN,50 - 54,34.99,34.99,30.0,0.0,RED INTERNET & PHONE CABLE U ,0.0
NRW,30 - 34,34.99,34.99,30.0,0.0,RED INTERNET & PHONE CABLE U ,1.0
NRW,40 - 44,24.99,24.99,30.0,0.0,INTERNET COMFORT     ,1.0
NRW,45 - 49,57.98,32.99,30.0,0.0,VF RIP U-TREUE  ,0.0
NRW,35 - 39,39.98,39.98,30.0,0.0,RED INTERNET & PHONE CABLE U ,1.0
KBW,25 - 29,39.98,39.98,30.0,0.0,VF CABLEMAX     ,1.0
KBW,55 - 59,62.97,49.97,30.0,0.0,VF CABLEMAX     ,0.0
KBW,35 - 39,37.98,37.98,30.0,0.0,VF RIP U-TREUE  ,0.0
NRW,35 - 39,39.98,39.98,30.0,0.0,RED INTERNET & PHONE CABLE U ,0.0
HSN,50 - 54,49.99,49.99,30.0,0.0,RED INTERNET & PHONE CABLE U ,1.0
HSN,60 - 64,34.99,34.99,30.0,0.0,RED INTERNET & PHONE CABLE U ,0.0
NRW,18 - 24,44.98,44.98,30.0,0.0,RED INTERNET & PHONE CABLE U ,1.0
HSN,30 - 34,34.99,34.99,30.0,0.0,RED INTERNET & PHONE CABLE U ,0.0
NRW,75 - 79,39.98,39.98,30.0,0.0,RED INTERNET & PHONE CABLE U ,0.0
KBW,30 - 34,42.98,42.98,30.0,0.0,VF RIP U-TREUE  ,1.0
KBW,30 - 34,39.99,39.99,30.0,0.0,RED INTERNET & PHONE CABLE U ,0.0
KBW,25 - 29,49.99,49.99,30.0,0.0,RED INTERNET & PHONE CABLE U ,1.0
KBW,80 and over,58.98,58.98,30.0,0.0,RED INTERNET & PHONE CABLE U ,1.0
NRW,50 - 54,39.99,39.99,30.0,0.0,RED INTERNET & PHONE CABLE U ,0.0
KBW,40 - 44,48.97,48.97,30.0,0.0,VF CABLEMAX     ,1.0
HSN,25 - 29,39.99,39.99,30.0,0.0,RED INTERNET & PHONE CABLE U ,0.0
NRW,40 - 44,64.98,64.98,30.0,0.0,3PLAY FLY      ,1.0
HSN,55 - 59,47.98,44.98,30.0,0.0,VF CABLEMAX     ,1.0
KBW,55 - 59,29.99,29.99,30.0,0.0,VF RIP U-TREUE  ,0.0
NRW,55 - 59,49.98,49.98,30.0,0.0,GIGAZUHAUSE KABEL ,0.0
NRW,40 - 44,42.97,42.97,30.0,0.0,RED INTERNET & PHONE CABLE U ,1.0
KBW,18 - 24,44.98,44.98,30.0,0.0,RED INTERNET & PHONE CABLE U ,1.0
KBW,45 - 49,34.99,34.99,30.0,0.0,RED INTERNET & PHONE CABLE U ,0.0
KBW,30 - 34,39.98,39.98,30.0,0.0,GIGAZUHAUSE KABEL ,0.0
KBW,80 and over,39.98,39.98,30.0,0.0,RED INTERNET & PHONE CABLE U ,0.0
HSN,30 - 34,44.98,44.98,30.0,0.0,RED INTERNET & PHONE CABLE U ,1.0
KBW,35 - 39,38.98,38.98,30.0,0.0,RED INTERNET & PHONE CABLE U ,1.0
NRW,65 - 69,39.98,39.98,30.0,0.0,VF CABLEMAX     ,0.0
KBW,60 - 64,54.99,54.99,30.0,0.0,VF RIP U-TREUE  ,0.0
HSN,55 - 59,32.99,32.99,30.0,0.0,VF RIP U-TREUE  ,1.0
NRW,60 - 64,39.98,39.98,30.0,0.0,VF CABLEMAX     ,0.0
NRW,50 - 54,49.98,29.99,30.0,0.0,VF RIP U-TREUE  ,1.0
NRW,55 - 59,44.98,44.98,30.0,0.0,VF CABLEMAX     ,0.0
KBW,65 - 69,49.97,49.97,30.0,0.0,VF CABLEMAX     ,0.0
KBW,45 - 49,39.99,39.99,30.0,0.0,RED INTERNET & PHONE CABLE U ,0.0
NRW,70 - 74,49.97,49.97,30.0,0.0,VF CABLEMAX     ,0.0
KBW,65 - 69,37.78,37.78,30.0,0.0,RED INTERNET & PHONE CABLE U ,1.0
HSN,40 - 44,37.99,37.99,30.0,0.0,VF RIP U-TREUE  ,0.0
NRW,35 - 39,49.99,49.99,30.0,0.0,RED INTERNET & PHONE CABLE U ,1.0
NRW,30 - 34,34.99,34.99,30.0,0.0,RED INTERNET & PHONE CABLE U ,1.0
KBW,65 - 69,61.96,55.97,30.0,0.0,3PLAY TREUE      ,0.0
NRW,30 - 34,39.98,29.99,30.0,0.0,RED INTERNET & PHONE CABLE U ,1.0
NRW,25 - 29,44.99,44.99,30.0,0.0,GIGAZUHAUSE KABEL ,1.0
KBW,80 and over,34.99,34.99,30.0,0.0,RED INTERNET & PHONE CABLE U ,0.0
NRW,80 and over,49.99,49.99,30.0,0.0,RED INTERNET & PHONE CABLE U ,1.0
NRW,65 - 69,34.99,34.99,30.0,0.0,RED INTERNET & PHONE CABLE U ,1.0
HSN,30 - 34,49.97,49.97,30.0,0.0,RED INTERNET & PHONE CABLE U ,1.0
NRW,55 - 59,49.97,37.98,30.0,0.0,VF RIP U-TREUE  ,1.0
KBW,50 - 54,34.99,34.99,30.0,0.0,RED INTERNET & PHONE CABLE U ,1.0
NRW,60 - 64,49.97,39.98,30.0,0.0,VF CABLEMAX     ,0.0
KBW,40 - 44,49.86,49.86,30.0,0.0,3PLAY COMFORT     ,0.0
KBW,55 - 59,58.98,58.98,30.0,0.0,RED INTERNET & PHONE CABLE U ,1.0
KBW,35 - 39,44.98,44.98,30.0,0.0,VF CABLEMAX     ,1.0
KBW,40 - 44,44.98,44.98,30.0,0.0,VF CABLEMAX     ,0.0
NRW,40 - 44,44.98,44.98,30.0,0.0,RED INTERNET & PHONE CABLE U ,1.0
HSN,35 - 39,24.99,24.99,30.0,0.0,INTERNET COMFORT     ,1.0
KBW,18 - 24,44.98,44.98,30.0,0.0,RED INTERNET & PHONE CABLE U ,1.0
KBW,45 - 49,49.97,49.97,30.0,0.0,VF CABLEMAX     ,0.0
KBW,30 - 34,39.99,39.99,30.0,0.0,RED INTERNET & PHONE CABLE U ,1.0
NRW,25 - 29,44.98,44.98,30.0,0.0,RED INTERNET & PHONE CABLE U ,1.0
NRW,25 - 29,39.99,39.99,30.0,0.0,RED INTERNET & PHONE CABLE U ,0.0
KBW,50 - 54,49.97,49.97,30.0,0.0,VF CABLEMAX     ,0.0
NRW,35 - 39,39.98,39.98,30.0,0.0,VF RIP U-TREUE  ,1.0
NRW,50 - 54,39.98,39.98,30.0,0.0,VF CABLEMAX     ,1.0
HSN,60 - 64,34.99,34.99,30.0,0.0,RED INTERNET & PHONE CABLE U ,1.0
NRW,60 - 64,59.98,44.99,30.0,0.0,RED INTERNET & PHONE CABLE U ,0.0
KBW,30 - 34,44.98,44.98,30.0,0.0,RED INTERNET & PHONE CABLE U ,1.0
NRW,75 - 79,34.99,34.99,30.0,0.0,RED INTERNET & PHONE CABLE U ,1.0
HSN,70 - 74,48.97,32.99,30.0,0.0,VF RIP U-TREUE  ,0.0
NRW,50 - 54,39.98,39.98,30.0,0.0,RED INTERNET & PHONE CABLE U ,0.0
KBW,30 - 34,49.99,49.99,30.0,0.0,GIGAZUHAUSE KABEL ,0.0
NRW,30 - 34,44.99,44.99,30.0,0.0,GIGAZUHAUSE KABEL ,1.0
NRW,30 - 34,42.98,42.98,30.0,0.0,2PLAY PLUS       ,0.0
HSN,40 - 44,44.98,44.98,30.0,0.0,RED INTERNET & PHONE CABLE U ,1.0
NRW,35 - 39,32.99,32.99,30.0,0.0,VF RIP U-TREUE  ,1.0
KBW,60 - 64,44.98,44.98,30.0,0.0,VF CABLEMAX     ,1.0
NRW,40 - 44,44.98,44.98,30.0,0.0,VF CABLEMAX     ,0.0
NRW,30 - 34,44.98,44.98,30.0,0.0,VF CABLEMAX     ,1.0
HSN,80 and over,35.86,45.86,30.0,0.0,3PLAY        ,0.0
KBW,35 - 39,24.99,24.99,30.0,0.0,INTERNET COMFORT     ,0.0
NRW,55 - 59,64.97,57.97,30.0,0.0,3PLAY TREUE      ,0.0
NRW,35 - 39,34.99,34.99,30.0,0.0,RED INTERNET & PHONE CABLE U ,1.0
NRW,35 - 39,44.98,44.98,30.0,0.0,VF CABLEMAX     ,1.0
KBW,80 and over,57.97,30.99,30.0,0.0,RED INTERNET & PHONE CABLE U ,0.0
KBW,60 - 64,49.99,49.99,30.0,0.0,RED INTERNET & PHONE CABLE U ,1.0
NRW,80 and over,55.35,34.99,30.0,0.0,RED INTERNET & PHONE CABLE U ,1.0
HSN,25 - 29,34.99,34.99,30.0,0.0,RED INTERNET & PHONE CABLE U ,1.0
HSN,35 - 39,29.99,29.99,30.0,0.0,RED INTERNET & PHONE CABLE U ,1.0
KBW,35 - 39,39.99,39.99,30.0,0.0,RED INTERNET & PHONE CABLE U ,1.0
KBW,45 - 49,54.99,54.99,30.0,0.0,RED INTERNET & PHONE CABLE U ,0.0
KBW,60 - 64,29.99,29.99,30.0,0.0,VF RIP U-TREUE  ,0.0
NRW,35 - 39,49.99,49.99,30.0,0.0,RED INTERNET & PHONE CABLE U ,1.0
KBW,40 - 44,44.98,44.98,30.0,0.0,VF CABLEMAX     ,0.0
HSN,55 - 59,27.99,27.99,30.0,0.0,VF RIP U-TREUE  ,0.0
NRW,55 - 59,64.97,44.98,30.0,0.0,VF CABLEMAX     ,0.0
NRW,18 - 24,48.97,48.97,30.0,0.0,VF CABLEMAX     ,1.0
NRW,40 - 44,37.98,37.98,30.0,0.0,VF RIP U-TREUE  ,0.0
KBW,50 - 54,64.95,44.98,30.0,0.0,VF CABLEMAX     ,1.0
NRW,55 - 59,44.98,44.98,30.0,0.0,RED INTERNET & PHONE CABLE U ,0.0
HSN,40 - 44,39.99,39.99,30.0,0.0,RED INTERNET & PHONE CABLE U ,1.0
NRW,30 - 34,39.98,39.98,30.0,0.0,VF CABLEMAX     ,1.0
NRW,75 - 79,37.98,37.98,30.0,0.0,VF RIP U-TREUE  ,0.0
NRW,25 - 29,44.98,44.98,30.0,0.0,VF CABLEMAX     ,0.0
NRW,60 - 64,54.99,54.99,30.0,0.0,RED INTERNET & PHONE CABLE U ,1.0
KBW,55 - 59,34.99,34.99,30.0,0.0,RED INTERNET & PHONE CABLE U ,1.0
HSN,55 - 59,42.98,42.98,30.0,0.0,2PLAY PLUS       ,0.0
NRW,50 - 54,44.98,44.98,30.0,0.0,VF CABLEMAX     ,1.0
KBW,65 - 69,49.99,49.99,30.0,0.0,RED INTERNET & PHONE CABLE U ,0.0
HSN,35 - 39,39.98,39.98,30.0,0.0,RED INTERNET & PHONE CABLE U ,1.0
NRW,18 - 24,39.98,39.98,116.0,0.0,GIGAZUHAUSE KABEL ,1.0
KBW,65 - 69,34.99,34.99,30.0,0.0,RED INTERNET & PHONE CABLE U ,1.0
NRW,35 - 39,44.98,44.98,30.0,0.0,VF CABLEMAX     ,1.0
KBW,40 - 44,49.96,49.97,30.0,0.0,VF CABLEMAX     ,0.0
KBW,80 and over,63.95,42.97,30.0,0.0,2PLAY PLUS       ,0.0
KBW,35 - 39,34.99,34.99,30.0,0.0,RED INTERNET & PHONE CABLE U ,0.0
NRW,35 - 39,49.99,49.99,30.0,0.0,RED INTERNET & PHONE CABLE U ,1.0
NRW,30 - 34,44.98,44.98,30.0,0.0,VF CABLEMAX     ,1.0
NRW,65 - 69,29.99,29.99,30.0,0.0,VF RIP U-TREUE  ,1.0
KBW,30 - 34,44.97,44.97,30.0,0.0,RED INTERNET & PHONE CABLE U ,1.0
HSN,35 - 39,39.99,39.99,30.0,0.0,RED INTERNET & PHONE CABLE U ,1.0
NRW,40 - 44,29.99,29.99,30.0,0.0,RED INTERNET & PHONE CABLE U ,0.0
NRW,35 - 39,39.99,39.99,30.0,0.0,RED INTERNET & PHONE CABLE U ,1.0
KBW,65 - 69,69.97,49.99,30.0,0.0,RED INTERNET & PHONE CABLE U ,1.0
KBW,35 - 39,60.96,39.98,30.0,0.0,VF RIP U-TREUE  ,1.0
NRW,55 - 59,34.99,34.99,30.0,0.0,RED INTERNET & PHONE CABLE U ,1.0
KBW,65 - 69,74.95,49.97,30.0,0.0,VF CABLEMAX     ,1.0
HSN,30 - 34,34.99,34.99,64.0,0.0,RED INTERNET & PHONE CABLE U ,1.0
KBW,25 - 29,44.98,44.98,30.0,0.0,RED INTERNET & PHONE CABLE U ,1.0
HSN,70 - 74,74.95,49.97,30.0,0.0,VF CABLEMAX     ,0.0
NRW,30 - 34,34.99,34.99,30.0,0.0,RED INTERNET & PHONE CABLE U ,1.0
KBW,25 - 29,44.98,44.98,30.0,0.0,RED INTERNET & PHONE CABLE U ,1.0
KBW,30 - 34,34.99,34.99,30.0,0.0,RED INTERNET & PHONE CABLE U ,1.0
KBW,40 - 44,44.98,44.98,30.0,0.0,VF CABLEMAX     ,0.0
KBW,35 - 39,24.99,24.99,30.0,0.0,INTERNET COMFORT     ,0.0
NRW,30 - 34,24.99,24.99,30.0,0.0,INTERNET COMFORT     ,0.0
KBW,25 - 29,34.99,34.99,30.0,0.0,RED INTERNET & PHONE CABLE U ,1.0
NRW,30 - 34,39.98,39.98,30.0,0.0,RED INTERNET & PHONE CABLE U ,0.0
KBW,25 - 29,39.98,39.98,30.0,0.0,RED INTERNET & PHONE CABLE U ,1.0
NRW,80 and over,59.98,59.99,30.0,0.0,RED INTERNET & PHONE CABLE U ,1.0
NRW,40 - 44,24.99,24.99,30.0,0.0,INTERNET COMFORT     ,1.0
NRW,40 - 44,39.98,39.98,30.0,0.0,RED INTERNET & PHONE CABLE U ,0.0
KBW,40 - 44,44.98,44.98,30.0,0.0,VF CABLEMAX     ,1.0
KBW,60 - 64,39.99,39.99,30.0,0.0,RED INTERNET & PHONE CABLE U ,1.0
NRW,40 - 44,44.97,44.97,30.0,0.0,VF CABLEMAX     ,0.0
KBW,18 - 24,44.98,44.98,30.0,0.0,RED INTERNET & PHONE CABLE U ,0.0
KBW,30 - 34,39.98,39.98,30.0,0.0,RED INTERNET & PHONE CABLE U ,0.0
HSN,30 - 34,44.98,44.98,30.0,0.0,VF CABLEMAX     ,1.0
NRW,50 - 54,29.99,29.99,30.0,0.0,VF RIP U-TREUE  ,0.0
NRW,25 - 29,34.99,34.99,30.0,0.0,RED INTERNET & PHONE CABLE U ,1.0
NRW,35 - 39,44.98,44.98,30.0,0.0,VF CABLEMAX     ,1.0
NRW,40 - 44,74.96,44.98,30.0,0.0,VF CABLEMAX     ,0.0
KBW,60 - 64,60.98,39.99,30.0,0.0,VF RIP U-TREUE  ,0.0
NRW,60 - 64,64.95,64.97,30.0,0.0,TREUEPLUS     ,0.0
NRW,40 - 44,39.99,39.99,30.0,0.0,VF RIP U-TREUE  ,1.0
KBW,35 - 39,49.99,49.99,30.0,0.0,RED INTERNET & PHONE CABLE U ,0.0
NRW,25 - 29,44.97,44.97,30.0,0.0,RED INTERNET & PHONE CABLE U ,0.0
KBW,65 - 69,49.97,39.98,30.0,0.0,VF CABLEMAX     ,0.0
NRW,40 - 44,49.97,39.98,30.0,0.0,VF CABLEMAX     ,0.0
NRW,35 - 39,49.97,49.97,30.0,0.0,VF CABLEMAX     ,0.0
NRW,50 - 54,54.98,54.98,30.0,0.0,GIGAZUHAUSE KABEL ,0.0
NRW,55 - 59,29.98,29.98,30.0,0.0,INTERNET PREMIUM     ,0.0
NRW,40 - 44,32.99,32.99,30.0,0.0,VF RIP U-TREUE  ,0.0
KBW,30 - 34,34.99,34.99,30.0,0.0,RED INTERNET & PHONE CABLE U ,1.0
HSN,35 - 39,49.97,49.97,30.0,0.0,VF CABLEMAX     ,0.0
KBW,30 - 34,29.99,29.99,30.0,0.0,INTERNET PREMIUM     ,0.0
NRW,40 - 44,29.99,29.99,30.0,0.0,VF RIP U-TREUE  ,0.0
KBW,70 - 74,42.98,42.98,30.0,0.0,VF RIP U-TREUE  ,0.0
KBW,35 - 39,42.97,42.97,30.0,0.0,RED INTERNET & PHONE CABLE U ,1.0
NRW,35 - 39,34.99,34.99,30.0,0.0,RED INTERNET & PHONE CABLE U ,1.0
NRW,50 - 54,52.99,52.99,30.0,0.0,VF RIP U-TREUE  ,0.0
KBW,80 and over,27.99,27.99,30.0,0.0,2PLAY        ,1.0
HSN,40 - 44,44.98,44.98,30.0,0.0,VF CABLEMAX     ,1.0
HSN,18 - 24,39.99,39.99,30.0,0.0,RED INTERNET & PHONE CABLE U ,1.0
NRW,25 - 29,34.99,34.99,30.0,0.0,RED INTERNET & PHONE CABLE U ,0.0
HSN,30 - 34,34.99,34.99,30.0,0.0,VF RIP U-TREUE  ,1.0
NRW,80 and over,65.97,44.99,30.0,0.0,3PLAY PLUS       ,0.0
KBW,30 - 34,44.98,44.98,30.0,0.0,VF CABLEMAX     ,0.0
NRW,18 - 24,39.99,39.99,30.0,0.0,VF RIP U-TREUE  ,1.0
NRW,60 - 64,62.97,42.98,30.0,0.0,VF RIP U-TREUE  ,0.0
NRW,30 - 34,39.98,39.98,30.0,0.0,RED INTERNET & PHONE CABLE U ,1.0
KBW,25 - 29,44.98,44.98,30.0,0.0,RED INTERNET & PHONE CABLE U ,0.0
KBW,30 - 34,44.98,44.97,30.0,1.0,RED INTERNET & PHONE CABLE U ,1.0
HSN,40 - 44,43.98,43.98,30.0,0.0,RED INTERNET & PHONE CABLE U ,1.0
NRW,80 and over,69.96,44.98,30.0,0.0,VF CABLEMAX     ,0.0
NRW,40 - 44,27.99,27.99,30.0,0.0,VF RIP U-TREUE  ,1.0
NRW,35 - 39,49.98,49.98,30.0,0.0,RED INTERNET & PHONE CABLE U ,1.0
NRW,70 - 74,43.98,43.98,30.0,0.0,RED INTERNET & PHONE CABLE U ,1.0
NRW,60 - 64,39.99,39.99,30.0,0.0,RED INTERNET & PHONE CABLE U ,1.0
KBW,80 and over,59.97,34.99,30.0,0.0,RED INTERNET & PHONE CABLE U ,1.0
NRW,35 - 39,49.97,49.97,30.0,0.0,VF CABLEMAX     ,1.0
KBW,30 - 34,54.99,54.99,30.0,0.0,RED INTERNET & PHONE CABLE U ,0.0
HSN,35 - 39,57.97,37.99,30.0,0.0,VF RIP U-TREUE  ,0.0
HSN,25 - 29,39.99,39.99,30.0,0.0,RED INTERNET & PHONE CABLE U ,1.0
HSN,55 - 59,49.97,49.97,30.0,0.0,VF CABLEMAX     ,0.0
NRW,25 - 29,34.99,34.99,30.0,0.0,RED INTERNET & PHONE CABLE U ,1.0
HSN,30 - 34,24.99,24.99,30.0,0.0,INTERNET COMFORT     ,0.0
NRW,35 - 39,54.98,54.98,30.0,0.0,RED INTERNET & PHONE CABLE U ,1.0
HSN,30 - 34,39.99,39.99,30.0,0.0,RED INTERNET & PHONE CABLE U ,1.0
HSN,35 - 39,34.99,34.99,30.0,0.0,RED INTERNET & PHONE CABLE U ,1.0
NRW,50 - 54,44.98,44.98,30.0,0.0,VF CABLEMAX     ,0.0
KBW,80 and over,25.0,25.0,30.0,0.0,RED INTERNET & PHONE CABLE U ,0.0
NRW,35 - 39,39.98,39.98,30.0,0.0,VF CABLEMAX     ,1.0
NRW,45 - 49,62.98,62.98,30.0,0.0,GIGAZUHAUSE KABEL ,1.0
KBW,30 - 34,44.98,44.98,30.0,0.0,RED INTERNET & PHONE CABLE U ,0.0
KBW,55 - 59,68.93,47.98,30.0,0.0,VF RIP U-TREUE  ,1.0
NRW,50 - 54,32.99,32.99,30.0,0.0,VF RIP U-TREUE  ,0.0
KBW,35 - 39,44.97,44.97,30.0,0.0,RED INTERNET & PHONE CABLE U ,1.0
NRW,80 and over,34.99,34.99,30.0,0.0,RED INTERNET & PHONE CABLE U ,0.0
KBW,65 - 69,63.97,42.97,30.0,0.0,VF RIP U-TREUE  ,1.0
NRW,30 - 34,24.99,24.99,30.0,0.0,RED INTERNET & PHONE CABLE U ,1.0
KBW,35 - 39,34.99,34.99,30.0,0.0,RED INTERNET & PHONE CABLE U ,1.0
NRW,35 - 39,39.98,39.98,30.0,0.0,VF CABLEMAX     ,0.0
KBW,30 - 34,39.99,39.99,30.0,0.0,RED INTERNET & PHONE CABLE U ,1.0
NRW,80 and over,34.99,34.99,30.0,0.0,VF RIP U-TREUE  ,0.0
HSN,55 - 59,24.99,24.99,30.0,0.0,INTERNET COMFORT     ,1.0
HSN,45 - 49,44.99,44.99,30.0,0.0,2PLAY TREUE      ,0.0
NRW,45 - 49,24.99,24.99,30.0,0.0,INTERNET COMFORT     ,1.0
NRW,60 - 64,39.99,39.99,30.0,0.0,VF CABLEMAX     ,0.0
KBW,25 - 29,34.99,34.99,30.0,0.0,RED INTERNET & PHONE CABLE U ,1.0
NRW,18 - 24,44.98,44.98,97.0,0.0,VF CABLEMAX     ,1.0
NRW,18 - 24,47.99,47.99,30.0,0.0,RED INTERNET & PHONE CABLE U ,1.0
NRW,35 - 39,42.97,42.97,30.0,0.0,GIGAZUHAUSE KABEL ,0.0
NRW,50 - 54,42.97,42.97,30.0,0.0,GIGAZUHAUSE KABEL ,1.0
NRW,60 - 64,34.99,34.99,30.0,0.0,RED INTERNET & PHONE CABLE U ,0.0
KBW,55 - 59,42.97,42.97,30.0,0.0,RED INTERNET & PHONE CABLE U ,1.0
NRW,40 - 44,39.98,39.98,30.0,0.0,VF CABLEMAX     ,0.0
NRW,70 - 74,29.99,29.99,30.0,0.0,RED INTERNET & PHONE CABLE U ,0.0
NRW,55 - 59,54.96,49.97,30.0,0.0,VF CABLEMAX     ,1.0
HSN,50 - 54,34.99,34.99,30.0,0.0,RED INTERNET & PHONE CABLE U ,1.0
NRW,50 - 54,39.98,39.98,30.0,0.0,VF CABLEMAX     ,1.0
HSN,50 - 54,34.99,34.99,30.0,0.0,RED INTERNET & PHONE CABLE U ,1.0
HSN,40 - 44,44.98,44.98,30.0,0.0,VF CABLEMAX     ,1.0
HSN,45 - 49,39.99,39.99,30.0,0.0,RED INTERNET & PHONE CABLE U ,0.0
HSN,75 - 79,39.99,39.99,30.0,0.0,RED INTERNET & PHONE CABLE U ,1.0
NRW,40 - 44,49.97,39.98,30.0,0.0,VF CABLEMAX     ,0.0
KBW,50 - 54,44.97,44.97,30.0,0.0,VF CABLEMAX     ,1.0
NRW,40 - 44,0.0,0.0,30.0,0.0,MMA        ,0.0
HSN,65 - 69,0.0,0.0,30.0,0.0,MMA        ,1.0
NRW,50 - 54,84.94,49.99,30.0,0.0,RED INTERNET & PHONE CABLE U ,0.0
NRW,75 - 79,39.99,39.99,30.0,0.0,RED INTERNET & PHONE CABLE U ,0.0
KBW,55 - 59,49.97,49.97,30.0,0.0,VF CABLEMAX     ,0.0
KBW,65 - 69,54.98,54.98,30.0,0.0,RED INTERNET & PHONE CABLE U ,0.0
NRW,65 - 69,79.96,42.98,30.0,0.0,VF RIP U-TREUE  ,0.0
NRW,50 - 54,62.97,42.98,30.0,0.0,VF RIP U-TREUE  ,0.0
NRW,30 - 34,44.98,44.98,30.0,0.0,VF CABLEMAX     ,1.0
NRW,75 - 79,74.95,47.97,30.0,0.0,VF RIP U-TREUE  ,1.0
NRW,30 - 34,39.99,39.99,30.0,1.0,RED INTERNET & PHONE CABLE U ,1.0
HSN,40 - 44,59.98,59.98,30.0,0.0,RED INTERNET & PHONE CABLE U ,0.0
KBW,50 - 54,44.98,44.98,30.0,1.0,VF CABLEMAX     ,1.0
HSN,60 - 64,49.97,49.97,30.0,0.0,VF CABLEMAX     ,0.0
HSN,35 - 39,44.98,44.98,30.0,0.0,VF CABLEMAX     ,1.0
NRW,45 - 49,42.97,42.97,30.0,0.0,3PLAY TREUE      ,0.0
NRW,75 - 79,29.99,29.99,30.0,0.0,INTERNET PREMIUM     ,0.0
NRW,25 - 29,44.98,44.98,30.0,0.0,VF CABLEMAX     ,1.0
KBW,45 - 49,39.99,39.99,30.0,0.0,RED INTERNET & PHONE CABLE U ,0.0
KBW,35 - 39,62.97,42.97,30.0,0.0,RED INTERNET & PHONE CABLE U ,1.0
KBW,35 - 39,49.99,49.99,30.0,0.0,RED INTERNET & PHONE CABLE U ,0.0
HSN,40 - 44,39.99,39.99,30.0,0.0,RED INTERNET & PHONE CABLE U ,1.0
NRW,25 - 29,44.98,44.98,30.0,0.0,RED INTERNET & PHONE CABLE U ,1.0
KBW,50 - 54,39.99,39.99,30.0,0.0,RED INTERNET & PHONE CABLE U ,1.0
NRW,35 - 39,44.98,44.98,30.0,0.0,VF CABLEMAX     ,0.0
NRW,25 - 29,39.99,39.99,30.0,0.0,RED INTERNET & PHONE CABLE U ,0.0
NRW,55 - 59,44.98,44.98,30.0,0.0,VF CABLEMAX     ,0.0
NRW,70 - 74,44.98,44.98,30.0,0.0,VF CABLEMAX     ,1.0
KBW,45 - 49,39.98,39.98,30.0,0.0,VF CABLEMAX     ,0.0
HSN,35 - 39,39.99,39.99,30.0,0.0,RED INTERNET & PHONE CABLE U ,1.0
KBW,35 - 39,42.98,42.98,30.0,0.0,VF RIP U-TREUE  ,1.0
KBW,40 - 44,57.93,44.98,30.0,0.0,VF RIP U-TREUE  ,0.0
NRW,35 - 39,39.98,39.98,86.0,0.0,GIGAZUHAUSE KABEL ,1.0
NRW,35 - 39,34.99,34.99,30.0,0.0,RED INTERNET & PHONE CABLE U ,1.0
HSN,40 - 44,37.99,37.99,30.0,0.0,VF RIP U-TREUE  ,1.0
NRW,45 - 49,34.99,34.99,30.0,0.0,RED INTERNET & PHONE CABLE U ,0.0
NRW,35 - 39,44.98,44.98,30.0,1.0,VF CABLEMAX     ,1.0
NRW,55 - 59,47.99,47.99,30.0,0.0,VF RIP U-TREUE  ,0.0
KBW,30 - 34,37.98,37.98,30.0,0.0,VF RIP U-TREUE  ,1.0
NRW,40 - 44,59.98,34.99,30.0,0.0,VF RIP U-TREUE  ,1.0
NRW,30 - 34,34.99,34.99,30.0,0.0,RED INTERNET & PHONE CABLE U ,1.0
NRW,70 - 74,27.99,27.99,30.0,0.0,VF RIP U-TREUE  ,1.0
KBW,70 - 74,63.96,42.98,30.0,0.0,VF RIP U-TREUE  ,0.0
KBW,25 - 29,34.99,34.99,30.0,0.0,RED INTERNET & PHONE CABLE U ,1.0
HSN,75 - 79,42.97,42.97,30.0,0.0,2PLAY PLUS       ,0.0
KBW,18 - 24,39.98,39.98,30.0,0.0,RED INTERNET & PHONE CABLE U ,1.0
NRW,35 - 39,39.98,39.98,30.0,0.0,VF CABLEMAX     ,1.0
NRW,25 - 29,47.96,47.96,30.0,0.0,2PLAY START       ,0.0
NRW,70 - 74,34.99,34.99,30.0,0.0,RED INTERNET & PHONE CABLE U ,1.0
KBW,40 - 44,34.99,34.99,30.0,0.0,VF RIP U-TREUE  ,1.0
HSN,55 - 59,34.99,34.99,30.0,0.0,RED INTERNET & PHONE CABLE U ,1.0
NRW,50 - 54,29.99,29.99,30.0,0.0,RED INTERNET & PHONE CABLE U ,1.0
NRW,30 - 34,44.98,44.98,30.0,0.0,VF CABLEMAX     ,1.0
HSN,60 - 64,55.98,34.99,30.0,0.0,RED INTERNET & PHONE CABLE U ,0.0
HSN,65 - 69,44.98,44.98,30.0,0.0,RED INTERNET & PHONE CABLE U ,1.0
KBW,55 - 59,47.99,47.99,30.0,0.0,VF RIP U-TREUE  ,0.0
KBW,60 - 64,68.94,47.96,30.0,0.0,RED INTERNET & PHONE CABLE U ,0.0
NRW,18 - 24,39.99,39.99,30.0,0.0,RED INTERNET & PHONE CABLE U ,0.0
NRW,55 - 59,54.98,54.98,30.0,0.0,RED INTERNET & PHONE CABLE U ,0.0
NRW,55 - 59,42.97,42.97,30.0,0.0,2PLAY START       ,0.0
NRW,45 - 49,44.98,44.98,30.0,0.0,VF CABLEMAX     ,0.0
HSN,35 - 39,44.98,44.98,30.0,0.0,RED INTERNET & PHONE CABLE U ,0.0
KBW,55 - 59,44.98,44.98,30.0,0.0,VF CABLEMAX     ,1.0
NRW,40 - 44,37.99,37.99,30.0,0.0,VF RIP U-TREUE  ,1.0
HSN,50 - 54,44.98,44.98,30.0,0.0,VF RIP U-TREUE  ,0.0
KBW,30 - 34,49.99,49.99,30.0,0.0,GIGAZUHAUSE KABEL ,1.0
NRW,55 - 59,34.99,34.99,30.0,0.0,VF RIP U-TREUE  ,0.0
HSN,18 - 24,42.97,42.97,30.0,0.0,RED INTERNET & PHONE CABLE U ,1.0
NRW,65 - 69,48.42,48.42,30.0,0.0,3PLAY COMFORT     ,0.0
NRW,45 - 49,39.99,39.99,30.0,0.0,VF RIP U-TREUE  ,0.0
KBW,50 - 54,49.99,49.99,30.0,0.0,GIGAZUHAUSE KABEL ,0.0
NRW,35 - 39,34.99,34.99,30.0,0.0,RED INTERNET & PHONE CABLE U ,1.0
NRW,60 - 64,42.98,42.98,30.0,0.0,RED INTERNET & PHONE CABLE U ,0.0
HSN,55 - 59,44.98,44.98,30.0,0.0,VF CABLEMAX     ,0.0
NRW,65 - 69,44.98,34.99,30.0,0.0,RED INTERNET & PHONE CABLE U ,0.0
NRW,40 - 44,49.98,49.99,30.0,0.0,VF RIP U-TREUE  ,0.0
NRW,65 - 69,24.99,24.99,30.0,0.0,INTERNET COMFORT     ,0.0
KBW,35 - 39,39.99,39.99,30.0,0.0,RED INTERNET & PHONE CABLE U ,0.0
KBW,25 - 29,59.99,59.99,30.0,0.0,RED INTERNET & PHONE CABLE U ,1.0
NRW,80 and over,62.98,62.98,30.0,0.0,GIGAZUHAUSE KABEL ,1.0
NRW,25 - 29,29.99,29.99,30.0,0.0,INTERNET PREMIUM     ,1.0
NRW,35 - 39,24.99,24.99,30.0,0.0,INTERNET COMFORT     ,0.0
KBW,35 - 39,39.98,39.98,214.0,0.0,GIGAZUHAUSE KABEL ,1.0
KBW,80 and over,44.98,44.98,30.0,0.0,VF CABLEMAX     ,0.0
NRW,35 - 39,54.98,54.98,30.0,0.0,RED INTERNET & PHONE CABLE U ,1.0
NRW,40 - 44,39.99,39.99,30.0,0.0,RED INTERNET & PHONE CABLE U ,1.0
NRW,25 - 29,39.99,39.99,30.0,0.0,RED INTERNET & PHONE CABLE U ,1.0
KBW,40 - 44,37.99,37.99,30.0,0.0,VF RIP U-TREUE  ,1.0
KBW,70 - 74,44.99,44.99,30.0,0.0,GIGAZUHAUSE KABEL ,0.0
KBW,35 - 39,37.98,37.98,30.0,0.0,VF RIP U-TREUE  ,0.0
NRW,18 - 24,34.99,34.99,30.0,0.0,RED INTERNET & PHONE CABLE U ,1.0
KBW,35 - 39,39.99,39.99,30.0,0.0,RED INTERNET & PHONE CABLE U ,1.0
KBW,40 - 44,58.98,58.98,30.0,0.0,RED INTERNET & PHONE CABLE U ,1.0
HSN,35 - 39,39.98,39.98,92.0,0.0,GIGAZUHAUSE KABEL ,1.0
NRW,70 - 74,64.97,44.98,30.0,0.0,VF CABLEMAX     ,1.0
NRW,30 - 34,29.99,29.99,30.0,0.0,VF RIP U-TREUE  ,1.0
NRW,35 - 39,59.99,59.99,30.0,0.0,3PLAY FLY      ,1.0
NRW,30 - 34,29.99,29.99,30.0,0.0,INTERNET PREMIUM     ,0.0
NRW,40 - 44,54.98,54.98,30.0,0.0,RED INTERNET & PHONE CABLE U ,0.0
NRW,35 - 39,44.98,44.98,30.0,0.0,VF CABLEMAX     ,0.0
NRW,60 - 64,39.99,39.99,30.0,0.0,RED INTERNET & PHONE CABLE U ,0.0
KBW,55 - 59,74.94,49.97,30.0,0.0,VF CABLEMAX     ,1.0
KBW,35 - 39,39.99,39.99,30.0,0.0,VF RIP U-TREUE  ,1.0
NRW,40 - 44,34.99,34.99,30.0,0.0,RED INTERNET & PHONE CABLE U ,1.0
NRW,45 - 49,29.99,29.99,30.0,0.0,VF RIP U-TREUE  ,0.0
KBW,30 - 34,19.99,19.99,30.0,0.0,EAZY       ,0.0
HSN,45 - 49,44.98,44.98,30.0,0.0,VF CABLEMAX     ,1.0
NRW,80 and over,34.99,34.99,30.0,0.0,RED INTERNET & PHONE CABLE U ,0.0
NRW,35 - 39,37.98,37.98,30.0,0.0,VF RIP U-TREUE  ,1.0
KBW,65 - 69,61.86,40.86,30.0,0.0,3PLAY        ,0.0
NRW,55 - 59,44.98,44.98,30.0,0.0,VF CABLEMAX     ,0.0
NRW,80 and over,64.97,39.99,30.0,0.0,RED INTERNET & PHONE CABLE U ,0.0
KBW,50 - 54,49.97,49.97,30.0,0.0,VF CABLEMAX     ,1.0
KBW,80 and over,40.9,40.9,30.0,0.0,2PLAY        ,0.0
NRW,55 - 59,79.96,42.98,30.0,0.0,VF RIP U-TREUE  ,1.0
KBW,50 - 54,34.99,34.99,30.0,0.0,RED INTERNET & PHONE CABLE U ,1.0
KBW,35 - 39,44.99,44.99,30.0,0.0,GIGAZUHAUSE KABEL ,0.0
KBW,50 - 54,37.99,37.99,30.0,0.0,VF RIP U-TREUE  ,0.0
NRW,55 - 59,39.98,39.98,30.0,0.0,RED INTERNET & PHONE CABLE U ,1.0
HSN,30 - 34,44.98,44.98,30.0,0.0,RED INTERNET & PHONE CABLE U ,1.0
NRW,65 - 69,54.97,54.98,30.0,0.0,3PLAY START       ,0.0
NRW,25 - 29,34.99,34.99,30.0,0.0,RED INTERNET & PHONE CABLE U ,1.0
NRW,45 - 49,44.98,44.98,30.0,0.0,VF CABLEMAX     ,0.0
NRW,35 - 39,49.97,49.97,30.0,0.0,VF CABLEMAX     ,0.0
HSN,35 - 39,44.98,44.98,30.0,0.0,VF CABLEMAX     ,1.0
NRW,35 - 39,39.99,39.99,30.0,0.0,VF RIP U-TREUE  ,1.0
NRW,35 - 39,34.99,34.99,30.0,0.0,RED INTERNET & PHONE CABLE U ,1.0
NRW,45 - 49,34.99,34.99,30.0,0.0,RED INTERNET & PHONE CABLE U ,1.0
NRW,40 - 44,47.99,47.99,30.0,0.0,VF RIP U-TREUE  ,0.0
NRW,80 and over,78.97,57.97,30.0,0.0,3PLAY TREUE      ,0.0
NRW,55 - 59,44.98,44.98,30.0,0.0,RED INTERNET & PHONE CABLE U ,0.0
NRW,70 - 74,29.99,29.99,30.0,0.0,VF RIP U-TREUE  ,0.0
KBW,30 - 34,24.99,24.99,30.0,0.0,INTERNET COMFORT     ,1.0
HSN,35 - 39,44.98,44.98,30.0,0.0,RED INTERNET & PHONE CABLE U ,0.0
KBW,30 - 34,44.97,44.97,30.0,0.0,RED INTERNET & PHONE CABLE U ,1.0
HSN,45 - 49,44.98,44.98,30.0,0.0,VF CABLEMAX     ,1.0
KBW,35 - 39,44.98,44.98,30.0,0.0,RED INTERNET & PHONE CABLE U ,1.0
KBW,80 and over,42.97,42.97,30.0,0.0,RED INTERNET & PHONE CABLE U ,0.0
NRW,25 - 29,39.99,39.99,30.0,0.0,RED INTERNET & PHONE CABLE U ,0.0
NRW,35 - 39,44.98,44.98,30.0,0.0,RED INTERNET & PHONE CABLE U ,1.0
KBW,75 - 79,60.97,39.98,30.0,0.0,VF RIP U-TREUE  ,0.0
KBW,25 - 29,39.99,39.99,30.0,0.0,RED INTERNET & PHONE CABLE U ,1.0
HSN,35 - 39,34.99,34.99,30.0,0.0,RED INTERNET & PHONE CABLE U ,1.0
HSN,40 - 44,44.98,44.98,30.0,0.0,VF RIP U-TREUE  ,1.0
KBW,30 - 34,37.98,37.98,30.0,0.0,VF RIP U-TREUE  ,0.0
NRW,35 - 39,34.99,34.99,30.0,0.0,RED INTERNET & PHONE CABLE U ,1.0
NRW,70 - 74,67.97,37.99,30.0,0.0,VF RIP U-TREUE  ,1.0
NRW,60 - 64,49.97,49.97,30.0,0.0,VF CABLEMAX     ,0.0
NRW,40 - 44,34.98,34.98,30.0,0.0,VF RIP U-TREUE  ,0.0
KBW,30 - 34,39.99,39.99,30.0,0.0,RED INTERNET & PHONE CABLE U ,1.0
NRW,25 - 29,44.98,44.98,30.0,0.0,RED INTERNET & PHONE CABLE U ,0.0
KBW,60 - 64,57.96,37.98,30.0,0.0,VF RIP U-TREUE  ,1.0
HSN,40 - 44,29.99,29.99,30.0,0.0,RED INTERNET & PHONE CABLE U ,1.0
NRW,30 - 34,34.99,34.99,30.0,0.0,RED INTERNET & PHONE CABLE U ,1.0
KBW,30 - 34,44.98,44.98,30.0,0.0,VF CABLEMAX     ,1.0
NRW,25 - 29,44.98,44.98,30.0,0.0,VF CABLEMAX     ,0.0
NRW,55 - 59,44.98,44.98,30.0,0.0,RED INTERNET & PHONE CABLE U ,0.0
NRW,25 - 29,39.99,39.99,30.0,0.0,RED INTERNET & PHONE CABLE U ,1.0
KBW,45 - 49,44.98,44.98,30.0,0.0,RED INTERNET & PHONE CABLE U ,1.0
HSN,40 - 44,49.99,49.99,30.0,0.0,GIGAZUHAUSE KABEL ,1.0
KBW,80 and over,27.99,27.99,30.0,0.0,GIGAZUHAUSE TREUE B ,0.0
HSN,55 - 59,49.99,49.99,30.0,0.0,RED INTERNET & PHONE CABLE U ,0.0
HSN,35 - 39,39.99,39.99,30.0,0.0,RED INTERNET & PHONE CABLE U ,1.0
KBW,70 - 74,45.95,45.95,30.0,0.0,3PLAY TREUE GENRE    ,0.0
NRW,60 - 64,59.97,44.98,30.0,0.0,VF CABLEMAX     ,1.0
KBW,50 - 54,44.98,44.98,30.0,0.0,RED INTERNET & PHONE CABLE U ,1.0
KBW,75 - 79,34.99,34.99,30.0,0.0,VF RIP U-TREUE  ,0.0
NRW,40 - 44,44.98,44.98,30.0,0.0,VF CABLEMAX     ,1.0
HSN,40 - 44,62.96,42.98,30.0,0.0,VF RIP U-TREUE  ,0.0
HSN,35 - 39,32.99,32.99,30.0,0.0,VF RIP U-TREUE  ,0.0
KBW,25 - 29,39.99,39.99,30.0,0.0,RED INTERNET & PHONE CABLE U ,1.0
NRW,55 - 59,44.98,44.98,30.0,0.0,RED INTERNET & PHONE CABLE U ,0.0
KBW,50 - 54,49.97,49.97,30.0,0.0,VF CABLEMAX     ,0.0
NRW,25 - 29,34.99,34.99,30.0,0.0,RED INTERNET & PHONE CABLE U ,0.0
KBW,35 - 39,39.98,39.98,30.0,0.0,VF CABLEMAX     ,0.0
HSN,35 - 39,44.98,44.98,30.0,0.0,VF CABLEMAX     ,0.0
NRW,25 - 29,44.98,44.98,30.0,0.0,RED INTERNET & PHONE CABLE U ,0.0
KBW,35 - 39,44.98,44.98,30.0,0.0,VF CABLEMAX     ,0.0
NRW,55 - 59,44.98,44.98,30.0,0.0,VF CABLEMAX     ,0.0
HSN,18 - 24,39.99,39.99,30.0,0.0,RED INTERNET & PHONE CABLE U ,1.0
KBW,50 - 54,44.98,44.98,30.0,0.0,VF CABLEMAX     ,0.0
HSN,35 - 39,49.99,49.99,30.0,0.0,RED INTERNET & PHONE CABLE U ,1.0
HSN,80 and over,50.98,29.99,30.0,0.0,VF RIP U-TREUE  ,1.0
KBW,65 - 69,49.99,49.99,30.0,0.0,GIGAZUHAUSE KABEL ,0.0
HSN,55 - 59,44.98,44.98,30.0,0.0,VF CABLEMAX     ,1.0
NRW,25 - 29,39.99,39.99,30.0,0.0,RED INTERNET & PHONE CABLE U ,1.0
HSN,30 - 34,47.96,47.96,30.0,0.0,RED INTERNET & PHONE CABLE U ,1.0
KBW,25 - 29,44.98,44.98,30.0,0.0,RED INTERNET & PHONE CABLE U ,1.0
NRW,30 - 34,39.98,39.98,30.0,0.0,VF CABLEMAX     ,1.0
KBW,55 - 59,44.98,44.98,30.0,0.0,VF CABLEMAX     ,1.0
HSN,50 - 54,34.99,34.99,30.0,0.0,RED INTERNET & PHONE CABLE U ,1.0
NRW,25 - 29,34.99,34.99,30.0,0.0,RED INTERNET & PHONE CABLE U ,1.0
NRW,65 - 69,63.96,42.97,30.0,0.0,RED INTERNET & PHONE CABLE U ,0.0
HSN,80 and over,38.98,38.98,30.0,0.0,RED INTERNET & PHONE CABLE U ,1.0
NRW,30 - 34,44.98,44.98,30.0,0.0,RED INTERNET & PHONE CABLE U ,1.0
NRW,25 - 29,34.99,34.99,30.0,0.0,RED INTERNET & PHONE CABLE U ,1.0
KBW,30 - 34,39.99,39.99,30.0,0.0,RED INTERNET & PHONE CABLE U ,1.0
NRW,40 - 44,72.96,44.98,30.0,0.0,VF CABLEMAX     ,1.0
KBW,40 - 44,39.99,39.99,30.0,0.0,RED INTERNET & PHONE CABLE U ,1.0
NRW,60 - 64,37.98,37.98,30.0,0.0,VF RIP U-TREUE  ,0.0
NRW,40 - 44,39.99,39.99,30.0,0.0,VF RIP U-TREUE  ,1.0
HSN,55 - 59,49.99,49.99,30.0,0.0,VF RIP U-TREUE  ,0.0
KBW,65 - 69,49.97,29.99,30.0,0.0,VF RIP U-TREUE  ,1.0
NRW,55 - 59,47.97,47.97,30.0,0.0,VF CABLEMAX     ,0.0
HSN,50 - 54,44.98,44.98,30.0,0.0,VF CABLEMAX     ,1.0
KBW,50 - 54,49.99,49.99,30.0,0.0,RED INTERNET & PHONE CABLE U ,0.0
KBW,35 - 39,47.98,47.98,30.0,0.0,GIGAZUHAUSE KABEL ,0.0
NRW,60 - 64,34.99,34.99,30.0,0.0,RED INTERNET & PHONE CABLE U ,0.0
NRW,60 - 64,42.98,42.98,30.0,0.0,VF RIP U-TREUE  ,0.0
HSN,35 - 39,34.99,34.99,30.0,0.0,VF RIP U-TREUE  ,1.0
KBW,55 - 59,34.99,34.99,30.0,0.0,RED INTERNET & PHONE CABLE U ,1.0
KBW,30 - 34,29.99,29.99,30.0,0.0,INTERNET PREMIUM     ,0.0
NRW,60 - 64,73.98,52.99,30.0,0.0,3PLAY TREUE GENRE    ,0.0
NRW,30 - 34,42.97,42.97,30.0,0.0,RED INTERNET & PHONE CABLE U ,0.0
KBW,40 - 44,44.98,44.98,30.0,0.0,RED INTERNET & PHONE CABLE U ,0.0
NRW,45 - 49,39.99,39.99,30.0,0.0,RED INTERNET & PHONE CABLE U ,1.0
NRW,25 - 29,39.99,39.99,30.0,0.0,RED INTERNET & PHONE CABLE U ,1.0
NRW,70 - 74,40.9,40.9,30.0,0.0,2PLAY PLUS       ,1.0
KBW,65 - 69,65.97,44.98,30.0,0.0,VF CABLEMAX     ,1.0
NRW,60 - 64,63.96,42.97,30.0,0.0,RED INTERNET & PHONE CABLE U ,0.0
NRW,45 - 49,44.98,44.98,30.0,0.0,VF CABLEMAX     ,1.0
NRW,30 - 34,44.98,44.98,30.0,0.0,VF CABLEMAX     ,0.0
KBW,65 - 69,29.99,29.99,30.0,0.0,VF RIP U-TREUE  ,1.0
NRW,40 - 44,42.97,42.97,30.0,0.0,3PLAY PLUS       ,0.0
NRW,70 - 74,42.98,42.98,30.0,0.0,VF RIP U-TREUE  ,1.0
NRW,50 - 54,39.98,39.98,30.0,0.0,RED INTERNET & PHONE CABLE U ,0.0
NRW,25 - 29,39.99,39.99,30.0,0.0,RED INTERNET & PHONE CABLE U ,1.0
HSN,55 - 59,34.99,34.99,30.0,0.0,RED INTERNET & PHONE CABLE U ,1.0
KBW,25 - 29,39.99,39.99,30.0,0.0,RED INTERNET & PHONE CABLE U ,1.0
KBW,40 - 44,44.98,44.98,30.0,0.0,VF CABLEMAX     ,1.0
NRW,40 - 44,47.97,37.97,30.0,0.0,RED INTERNET & PHONE CABLE U ,0.0
NRW,25 - 29,44.98,44.98,50.0,0.0,VF CABLEMAX     ,1.0
NRW,50 - 54,34.99,34.99,30.0,0.0,RED INTERNET & PHONE CABLE U ,1.0
HSN,45 - 49,49.99,49.99,30.0,0.0,GIGAZUHAUSE KABEL ,1.0
NRW,40 - 44,39.98,39.98,30.0,0.0,VF CABLEMAX     ,0.0
KBW,45 - 49,34.99,34.99,30.0,0.0,RED INTERNET & PHONE CABLE U ,1.0
NRW,30 - 34,37.99,37.99,30.0,0.0,VF RIP U-TREUE  ,0.0
NRW,70 - 74,49.97,29.99,30.0,0.0,VF RIP U-TREUE  ,0.0
NRW,40 - 44,24.99,24.99,30.0,0.0,INTERNET COMFORT     ,1.0
NRW,60 - 64,34.99,34.99,30.0,0.0,VF RIP U-TREUE  ,1.0
KBW,60 - 64,32.99,32.99,30.0,0.0,VF RIP U-TREUE  ,0.0
KBW,55 - 59,39.99,39.99,30.0,0.0,VF RIP U-TREUE  ,0.0
NRW,25 - 29,34.99,34.99,30.0,0.0,RED INTERNET & PHONE CABLE U ,1.0
HSN,40 - 44,34.99,34.99,30.0,0.0,RED INTERNET & PHONE CABLE U ,1.0
NRW,35 - 39,30.88,98.98,30.0,0.0,EAZY FLEX    ,1.0
NRW,60 - 64,34.99,34.99,30.0,0.0,RED INTERNET & PHONE CABLE U ,1.0
NRW,65 - 69,29.99,29.99,112.0,0.0,VF RIP U-TREUE  ,0.0
NRW,45 - 49,29.98,29.98,30.0,0.0,VF RIP U-TREUE  ,0.0
KBW,35 - 39,34.99,34.99,30.0,0.0,RED INTERNET & PHONE CABLE U ,1.0
KBW,60 - 64,47.96,47.96,30.0,0.0,GIGAZUHAUSE KABEL ,1.0
NRW,60 - 64,43.95,43.95,30.0,0.0,3PLAY SMART      ,1.0
KBW,70 - 74,75.95,54.96,30.0,0.0,3PLAY TREUE      ,1.0
KBW,65 - 69,74.95,49.99,30.0,0.0,RED INTERNET & PHONE CABLE U ,1.0
NRW,40 - 44,34.99,34.99,30.0,0.0,RED INTERNET & PHONE CABLE U ,0.0
NRW,65 - 69,34.99,34.99,30.0,0.0,RED INTERNET & PHONE CABLE U ,0.0
KBW,40 - 44,54.98,54.98,30.0,0.0,RED INTERNET & PHONE CABLE U ,0.0
NRW,40 - 44,24.99,24.99,30.0,0.0,RED INTERNET & PHONE CABLE U ,1.0
NRW,60 - 64,34.99,34.99,30.0,0.0,RED INTERNET & PHONE CABLE U ,1.0
KBW,25 - 29,34.99,34.99,30.0,0.0,RED INTERNET & PHONE CABLE U ,0.0
KBW,65 - 69,34.99,34.99,30.0,0.0,RED INTERNET & PHONE CABLE U ,0.0
KBW,65 - 69,53.98,32.99,30.0,0.0,VF RIP U-TREUE  ,0.0
NRW,65 - 69,39.99,39.99,30.0,0.0,RED INTERNET & PHONE CABLE U ,1.0
HSN,30 - 34,39.98,39.98,30.0,0.0,RED INTERNET & PHONE CABLE U ,1.0
NRW,30 - 34,49.97,49.97,30.0,0.0,RED INTERNET & PHONE CABLE U ,1.0
NRW,30 - 34,49.97,49.97,30.0,0.0,VF CABLEMAX     ,1.0
NRW,45 - 49,34.99,34.99,30.0,0.0,RED INTERNET & PHONE CABLE U ,1.0
NRW,30 - 34,44.98,44.98,30.0,0.0,RED INTERNET & PHONE CABLE U ,1.0
HSN,70 - 74,24.99,24.99,30.0,0.0,RED INTERNET & PHONE CABLE U ,0.0
KBW,70 - 74,39.99,39.99,30.0,0.0,RED INTERNET & PHONE CABLE U ,0.0
NRW,45 - 49,44.98,44.98,30.0,0.0,RED INTERNET & PHONE CABLE U ,1.0
NRW,40 - 44,48.97,48.97,30.0,0.0,VF CABLEMAX     ,1.0
NRW,70 - 74,39.99,39.99,30.0,0.0,RED INTERNET & PHONE CABLE U ,1.0
NRW,45 - 49,44.98,34.99,30.0,0.0,RED INTERNET & PHONE CABLE U ,1.0
NRW,25 - 29,39.99,39.99,30.0,0.0,RED INTERNET & PHONE CABLE U ,1.0
KBW,60 - 64,24.99,24.99,30.0,0.0,VF RIP U-TREUE  ,0.0
HSN,80 and over,42.98,32.99,30.0,0.0,VF RIP U-TREUE  ,0.0
NRW,55 - 59,44.98,44.98,30.0,0.0,3PLAY PLUS       ,0.0
KBW,25 - 29,39.99,39.99,30.0,0.0,RED INTERNET & PHONE CABLE U ,0.0
KBW,55 - 59,39.98,39.98,30.0,0.0,RED INTERNET & PHONE CABLE U ,1.0
NRW,35 - 39,44.98,44.98,30.0,0.0,RED INTERNET & PHONE CABLE U ,0.0
NRW,45 - 49,34.99,34.99,30.0,0.0,RED INTERNET & PHONE CABLE U ,1.0
KBW,35 - 39,39.99,39.99,30.0,0.0,VF RIP U-TREUE  ,1.0
NRW,35 - 39,39.99,39.99,30.0,0.0,RED INTERNET & PHONE CABLE U ,1.0
KBW,80 and over,49.99,49.99,30.0,0.0,GIGAZUHAUSE KABEL ,0.0
KBW,60 - 64,54.98,54.98,30.0,0.0,GIGAZUHAUSE KABEL ,0.0
NRW,40 - 44,24.99,24.99,30.0,0.0,INTERNET COMFORT     ,0.0
KBW,60 - 64,56.95,42.98,30.0,0.0,RED INTERNET & PHONE CABLE U ,0.0
NRW,45 - 49,29.99,29.99,30.0,0.0,VF RIP U-TREUE  ,0.0
NRW,50 - 54,49.97,39.98,30.0,0.0,VF CABLEMAX     ,1.0
NRW,75 - 79,34.99,34.99,30.0,0.0,VF RIP U-TREUE  ,0.0
KBW,60 - 64,29.99,29.99,30.0,0.0,INTERNET PREMIUM     ,0.0
HSN,40 - 44,44.98,44.98,30.0,0.0,VF CABLEMAX     ,0.0
NRW,60 - 64,34.99,34.99,30.0,0.0,RED INTERNET & PHONE CABLE U ,0.0
NRW,25 - 29,44.99,44.99,53.0,0.0,GIGAZUHAUSE KABEL ,0.0
NRW,65 - 69,39.99,39.99,30.0,0.0,RED INTERNET & PHONE CABLE U ,0.0
KBW,25 - 29,54.99,54.99,30.0,0.0,RED INTERNET & PHONE CABLE U ,1.0
KBW,40 - 44,42.99,42.99,30.0,0.0,VF RIP U-TREUE  ,0.0
NRW,45 - 49,46.98,39.99,30.0,0.0,VF RIP U-TREUE  ,1.0
NRW,30 - 34,42.97,42.97,30.0,0.0,RED INTERNET & PHONE CABLE U ,1.0
NRW,50 - 54,60.98,39.99,30.0,0.0,VF RIP U-TREUE  ,1.0
KBW,45 - 49,59.97,54.97,30.0,0.0,RED INTERNET & PHONE CABLE U ,0.0
NRW,35 - 39,34.99,34.99,30.0,0.0,RED INTERNET & PHONE CABLE U ,1.0
NRW,60 - 64,34.99,34.99,30.0,0.0,RED INTERNET & PHONE CABLE U ,1.0
KBW,80 and over,49.99,49.99,30.0,0.0,GIGAZUHAUSE KABEL ,0.0
KBW,30 - 34,44.98,44.98,30.0,0.0,VF CABLEMAX     ,0.0
KBW,60 - 64,58.95,37.95,30.0,0.0,2PLAY        ,1.0
NRW,30 - 34,54.99,54.99,30.0,0.0,RED INTERNET & PHONE CABLE U ,0.0
NRW,50 - 54,44.98,44.98,30.0,0.0,VF CABLEMAX     ,0.0
NRW,80 and over,39.98,39.98,30.0,0.0,VF CABLEMAX     ,0.0
KBW,50 - 54,29.99,29.99,30.0,0.0,VF RIP U-TREUE  ,0.0
KBW,70 - 74,64.98,64.98,30.0,0.0,GIGAZUHAUSE KABEL ,0.0
NRW,80 and over,32.99,32.99,30.0,0.0,VF RIP U-TREUE  ,1.0
KBW,75 - 79,44.97,44.97,30.0,0.0,VF CABLEMAX     ,0.0
HSN,60 - 64,39.98,39.98,30.0,0.0,VF RIP U-TREUE  ,1.0
NRW,45 - 49,37.98,37.98,30.0,0.0,VF RIP U-TREUE  ,1.0
NRW,40 - 44,39.99,39.99,30.0,0.0,VF RIP U-TREUE  ,1.0
HSN,35 - 39,44.98,44.98,30.0,0.0,RED INTERNET & PHONE CABLE U ,0.0
NRW,35 - 39,54.99,54.99,30.0,0.0,RED INTERNET & PHONE CABLE U ,1.0
KBW,60 - 64,49.99,49.99,30.0,0.0,RED INTERNET & PHONE CABLE U ,1.0
KBW,30 - 34,39.99,39.99,30.0,0.0,VF RIP U-TREUE  ,0.0
NRW,40 - 44,29.99,29.99,30.0,0.0,VF RIP U-TREUE  ,0.0
NRW,55 - 59,39.99,39.99,30.0,0.0,VF RIP U-TREUE  ,0.0
KBW,70 - 74,49.97,49.97,30.0,0.0,VF CABLEMAX     ,1.0
NRW,30 - 34,61.96,44.98,30.0,0.0,VF CABLEMAX     ,1.0
NRW,35 - 39,49.99,49.99,30.0,0.0,RED INTERNET & PHONE CABLE U ,1.0
NRW,75 - 79,33.74,33.74,30.0,0.0,RED INTERNET & PHONE CABLE U ,0.0
NRW,25 - 29,34.99,34.99,30.0,0.0,RED INTERNET & PHONE CABLE U ,1.0
HSN,80 and over,59.95,39.99,30.0,0.0,RED INTERNET & PHONE CABLE U ,1.0
NRW,80 and over,50.98,29.99,30.0,0.0,RED INTERNET & PHONE CABLE U ,1.0
NRW,50 - 54,34.99,34.99,30.0,0.0,RED INTERNET & PHONE CABLE U ,1.0
NRW,35 - 39,44.98,44.98,30.0,0.0,RED INTERNET & PHONE CABLE U ,1.0
NRW,50 - 54,44.98,44.98,30.0,0.0,RED INTERNET & PHONE CABLE U ,1.0
HSN,55 - 59,44.98,44.98,30.0,0.0,VF CABLEMAX     ,1.0
KBW,60 - 64,49.97,49.97,30.0,0.0,VF CABLEMAX     ,0.0
HSN,45 - 49,19.99,19.99,30.0,0.0,2PLAY        ,1.0
KBW,30 - 34,44.98,44.98,30.0,0.0,RED INTERNET & PHONE CABLE U ,1.0
KBW,25 - 29,70.96,49.97,30.0,0.0,VF CABLEMAX     ,0.0
KBW,30 - 34,38.98,38.98,30.0,0.0,RED INTERNET & PHONE CABLE U ,1.0
HSN,35 - 39,44.98,44.98,30.0,0.0,RED INTERNET & PHONE CABLE U ,1.0
KBW,55 - 59,39.98,39.98,30.0,0.0,GIGAZUHAUSE KABEL ,1.0
NRW,25 - 29,49.99,49.99,30.0,0.0,GIGAZUHAUSE KABEL ,1.0
KBW,35 - 39,39.99,39.99,30.0,0.0,VF RIP U-TREUE  ,0.0
NRW,45 - 49,78.94,42.97,30.0,0.0,VF RIP U-TREUE  ,0.0
KBW,65 - 69,39.98,39.98,30.0,0.0,VF CABLEMAX     ,1.0
KBW,80 and over,54.98,54.98,30.0,0.0,RED INTERNET & PHONE CABLE U ,1.0
NRW,30 - 34,34.99,34.99,30.0,0.0,RED INTERNET & PHONE CABLE U ,1.0
KBW,25 - 29,34.99,34.99,30.0,0.0,RED INTERNET & PHONE CABLE U ,1.0
KBW,60 - 64,60.98,39.99,30.0,0.0,VF RIP U-TREUE  ,0.0
NRW,45 - 49,68.96,47.97,30.0,0.0,VF RIP U-TREUE  ,0.0
NRW,25 - 29,44.98,44.98,30.0,0.0,VF CABLEMAX     ,1.0
KBW,35 - 39,39.98,39.98,30.0,0.0,VF CABLEMAX     ,1.0
HSN,60 - 64,29.99,29.99,30.0,0.0,VF RIP U-TREUE  ,0.0
KBW,35 - 39,39.98,39.98,30.0,0.0,VF CABLEMAX     ,1.0
KBW,70 - 74,44.98,44.98,30.0,0.0,VF CABLEMAX     ,1.0
NRW,25 - 29,44.98,44.98,30.0,0.0,RED INTERNET & PHONE CABLE U ,1.0
KBW,70 - 74,78.96,43.98,30.0,0.0,RED INTERNET & PHONE CABLE U ,0.0
NRW,55 - 59,32.97,32.97,30.0,0.0,RED INTERNET & PHONE CABLE U ,0.0
NRW,18 - 24,37.99,37.99,30.0,0.0,VF RIP U-TREUE  ,0.0
NRW,25 - 29,44.98,44.98,30.0,0.0,RED INTERNET & PHONE CABLE U ,0.0
NRW,70 - 74,34.98,34.98,30.0,0.0,VF RIP U-TREUE  ,0.0
NRW,45 - 49,29.99,29.99,30.0,0.0,RED INTERNET & PHONE CABLE U ,0.0
KBW,35 - 39,49.99,49.99,30.0,0.0,RED INTERNET & PHONE CABLE U ,1.0
NRW,35 - 39,49.97,49.97,30.0,0.0,VF CABLEMAX     ,1.0
NRW,35 - 39,44.98,44.98,30.0,0.0,VF CABLEMAX     ,1.0
KBW,70 - 74,64.96,39.98,30.0,0.0,VF CABLEMAX     ,1.0
HSN,60 - 64,59.98,39.99,30.0,0.0,VF RIP U-TREUE  ,0.0
KBW,65 - 69,55.98,34.99,30.0,0.0,RED INTERNET & PHONE CABLE U ,1.0
NRW,60 - 64,29.99,29.99,30.0,0.0,VF RIP U-TREUE  ,1.0
HSN,35 - 39,44.98,44.98,30.0,0.0,RED INTERNET & PHONE CABLE U ,1.0
HSN,65 - 69,42.98,42.98,30.0,0.0,VF RIP U-TREUE  ,0.0
NRW,25 - 29,44.98,44.98,30.0,0.0,RED INTERNET & PHONE CABLE U ,1.0
KBW,60 - 64,49.97,49.97,30.0,0.0,VF CABLEMAX     ,0.0
NRW,45 - 49,44.98,44.98,30.0,0.0,VF CABLEMAX     ,0.0
HSN,35 - 39,39.99,39.99,30.0,0.0,RED INTERNET & PHONE CABLE U ,1.0
NRW,80 and over,42.98,42.98,30.0,0.0,RED INTERNET & PHONE CABLE U ,0.0
HSN,65 - 69,44.98,44.98,30.0,0.0,VF CABLEMAX     ,1.0
KBW,40 - 44,59.99,59.99,30.0,0.0,RED INTERNET & PHONE CABLE U ,0.0
NRW,80 and over,49.98,49.98,30.0,0.0,RED INTERNET & PHONE CABLE U ,0.0
KBW,60 - 64,47.97,47.99,30.0,0.0,VF RIP U-TREUE  ,0.0
NRW,35 - 39,44.99,44.99,30.0,0.0,GIGAZUHAUSE KABEL ,0.0
NRW,55 - 59,44.98,44.98,30.0,0.0,VF CABLEMAX     ,0.0
KBW,70 - 74,29.99,29.99,30.0,0.0,INTERNET PREMIUM     ,0.0
NRW,25 - 29,39.99,39.99,30.0,0.0,RED INTERNET & PHONE CABLE U ,1.0
KBW,70 - 74,38.98,38.98,30.0,0.0,RED INTERNET & PHONE CABLE U ,0.0
NRW,45 - 49,29.99,29.99,30.0,0.0,VF RIP U-TREUE  ,0.0
KBW,40 - 44,44.98,44.98,30.0,0.0,RED INTERNET & PHONE CABLE U ,0.0
KBW,65 - 69,44.98,44.98,30.0,0.0,RED INTERNET & PHONE CABLE U ,0.0
NRW,25 - 29,39.99,39.99,30.0,0.0,RED INTERNET & PHONE CABLE U ,0.0
KBW,25 - 29,59.98,59.98,30.0,0.0,RED INTERNET & PHONE CABLE U ,0.0
NRW,80 and over,34.99,34.99,30.0,0.0,RED INTERNET & PHONE CABLE U ,0.0
NRW,35 - 39,44.98,44.98,30.0,0.0,RED INTERNET & PHONE CABLE U ,1.0
HSN,50 - 54,29.99,29.99,30.0,0.0,RED INTERNET & PHONE CABLE U ,0.0
KBW,40 - 44,39.99,39.99,30.0,0.0,RED INTERNET & PHONE CABLE U ,1.0
NRW,80 and over,69.95,49.97,30.0,0.0,VF CABLEMAX     ,0.0
NRW,30 - 34,29.99,29.99,30.0,0.0,RED INTERNET & PHONE CABLE U ,1.0
KBW,18 - 24,42.97,42.97,30.0,0.0,RED INTERNET & PHONE CABLE U ,1.0
KBW,35 - 39,29.99,29.99,30.0,0.0,VF RIP U-TREUE  ,0.0
HSN,40 - 44,49.99,49.99,30.0,0.0,RED INTERNET & PHONE CABLE U ,0.0
KBW,40 - 44,44.99,44.99,30.0,0.0,RED INTERNET & PHONE CABLE U ,0.0
KBW,75 - 79,37.97,37.97,30.0,0.0,RED INTERNET & PHONE CABLE U ,1.0
NRW,50 - 54,0.0,0.0,30.0,0.0,MMA        ,0.0
NRW,50 - 54,39.99,39.99,30.0,0.0,RED INTERNET & PHONE CABLE U ,1.0
HSN,45 - 49,69.96,39.98,30.0,0.0,VF CABLEMAX     ,1.0
NRW,55 - 59,44.98,44.98,30.0,0.0,VF CABLEMAX     ,0.0
KBW,75 - 79,34.99,34.99,30.0,0.0,RED INTERNET & PHONE CABLE U ,0.0
NRW,55 - 59,42.98,42.98,30.0,0.0,2PLAY PLUS       ,0.0
NRW,40 - 44,58.98,58.98,30.0,0.0,RED INTERNET & PHONE CABLE U ,1.0
HSN,30 - 34,39.99,39.99,30.0,0.0,RED INTERNET & PHONE CABLE U ,0.0
NRW,40 - 44,63.98,63.98,339.0,0.0,VF RIP U-TREUE  ,0.0
NRW,80 and over,40.97,19.99,30.0,0.0,TELEFON HSI    ,0.0
NRW,60 - 64,39.98,39.98,30.0,0.0,VF CABLEMAX     ,0.0
HSN,55 - 59,50.96,50.96,30.0,0.0,VF CABLEMAX     ,0.0
NRW,65 - 69,34.99,34.99,30.0,0.0,RED INTERNET & PHONE CABLE U ,1.0
KBW,55 - 59,44.97,44.97,30.0,0.0,VF CABLEMAX     ,1.0
HSN,50 - 54,44.98,44.98,30.0,0.0,RED INTERNET & PHONE CABLE U ,0.0
KBW,55 - 59,49.96,49.97,30.0,0.0,VF CABLEMAX     ,0.0
KBW,40 - 44,44.98,44.98,30.0,0.0,RED INTERNET & PHONE CABLE U ,1.0
NRW,55 - 59,49.97,49.97,30.0,0.0,VF CABLEMAX     ,1.0
HSN,55 - 59,39.98,39.98,30.0,0.0,VF CABLEMAX     ,0.0
NRW,70 - 74,34.99,34.99,30.0,0.0,RED INTERNET & PHONE CABLE U ,1.0
HSN,30 - 34,44.98,44.98,30.0,0.0,VF CABLEMAX     ,0.0
KBW,60 - 64,59.98,59.99,30.0,0.0,RED INTERNET & PHONE CABLE U ,1.0
NRW,75 - 79,34.99,34.99,30.0,0.0,RED INTERNET & PHONE CABLE U ,1.0
NRW,35 - 39,39.99,39.99,30.0,0.0,RED INTERNET & PHONE CABLE U ,1.0
KBW,60 - 64,39.98,39.98,30.0,0.0,VF CABLEMAX     ,1.0
NRW,18 - 24,39.99,39.99,30.0,0.0,RED INTERNET & PHONE CABLE U ,1.0
HSN,45 - 49,69.96,49.97,30.0,0.0,VF CABLEMAX     ,1.0
NRW,50 - 54,54.99,54.99,30.0,0.0,RED INTERNET & PHONE CABLE U ,0.0
KBW,25 - 29,34.99,34.99,30.0,0.0,RED INTERNET & PHONE CABLE U ,0.0
KBW,70 - 74,27.99,27.99,30.0,0.0,RED INTERNET & PHONE CABLE U ,0.0
HSN,18 - 24,39.98,39.98,89.0,0.0,GIGAZUHAUSE KABEL ,1.0
HSN,25 - 29,34.99,34.99,30.0,0.0,RED INTERNET & PHONE CABLE U ,1.0
NRW,50 - 54,39.98,39.98,30.0,0.0,RED INTERNET & PHONE CABLE U ,0.0
KBW,30 - 34,34.99,34.99,30.0,0.0,VF RIP U-TREUE  ,1.0
NRW,50 - 54,49.97,49.97,30.0,0.0,VF CABLEMAX     ,1.0
HSN,35 - 39,34.99,34.99,30.0,0.0,RED INTERNET & PHONE CABLE U ,0.0
KBW,55 - 59,49.98,29.99,30.0,0.0,RED INTERNET & PHONE CABLE U ,0.0
NRW,70 - 74,39.99,39.99,30.0,0.0,RED INTERNET & PHONE CABLE U ,1.0
NRW,35 - 39,34.99,34.99,30.0,0.0,RED INTERNET & PHONE CABLE U ,1.0
NRW,30 - 34,29.99,29.99,30.0,0.0,INTERNET PREMIUM     ,1.0
NRW,50 - 54,44.98,44.98,30.0,0.0,RED INTERNET & PHONE CABLE U ,0.0
NRW,45 - 49,39.99,39.99,30.0,0.0,RED INTERNET & PHONE CABLE U ,1.0
NRW,65 - 69,34.99,34.99,30.0,0.0,RED INTERNET & PHONE CABLE U ,0.0
KBW,40 - 44,34.99,34.99,30.0,0.0,RED INTERNET & PHONE CABLE U ,1.0
KBW,45 - 49,39.99,39.99,30.0,0.0,VF RIP U-TREUE  ,1.0
NRW,25 - 29,39.99,39.99,30.0,0.0,VF RIP U-TREUE  ,1.0
KBW,55 - 59,39.99,39.99,30.0,0.0,RED INTERNET & PHONE CABLE U ,1.0
KBW,45 - 49,42.98,42.98,30.0,0.0,VF RIP U-TREUE  ,1.0
KBW,35 - 39,44.98,44.98,30.0,0.0,VF CABLEMAX     ,0.0
NRW,40 - 44,24.99,24.99,30.0,1.0,VF RIP U-TREUE  ,0.0
KBW,35 - 39,53.98,53.98,30.0,0.0,2PLAY PLUS       ,0.0
HSN,60 - 64,39.98,39.98,30.0,0.0,VF CABLEMAX     ,1.0
NRW,30 - 34,39.99,39.99,30.0,0.0,VF CABLEMAX     ,0.0
NRW,30 - 34,39.99,39.99,30.0,0.0,RED INTERNET & PHONE CABLE U ,1.0
KBW,35 - 39,49.97,49.97,30.0,0.0,VF CABLEMAX     ,1.0
NRW,80 and over,49.96,49.97,30.0,0.0,VF CABLEMAX     ,0.0
NRW,45 - 49,32.98,32.98,30.0,0.0,VF RIP U-TREUE  ,1.0
KBW,45 - 49,44.98,44.98,30.0,0.0,VF CABLEMAX     ,1.0
HSN,55 - 59,29.99,29.99,30.0,0.0,VF RIP U-TREUE  ,1.0
KBW,45 - 49,39.98,39.98,30.0,0.0,VF CABLEMAX     ,0.0
KBW,35 - 39,44.98,44.98,30.0,0.0,RED INTERNET & PHONE CABLE U ,1.0
HSN,40 - 44,44.98,44.98,30.0,0.0,RED INTERNET & PHONE CABLE U ,0.0
KBW,60 - 64,54.99,54.99,30.0,0.0,RED INTERNET & PHONE CABLE U ,0.0
NRW,35 - 39,44.98,44.98,30.0,0.0,VF CABLEMAX     ,0.0
NRW,30 - 34,39.98,39.98,30.0,0.0,VF CABLEMAX     ,1.0
KBW,45 - 49,44.98,44.98,30.0,0.0,VF CABLEMAX     ,1.0
KBW,50 - 54,44.98,44.98,30.0,0.0,RED INTERNET & PHONE CABLE U ,1.0
NRW,30 - 34,39.98,39.98,30.0,0.0,GIGAZUHAUSE KABEL ,0.0
NRW,35 - 39,39.98,39.98,30.0,0.0,VF CABLEMAX     ,1.0
NRW,75 - 79,54.96,49.99,30.0,0.0,RED INTERNET & PHONE CABLE U ,0.0
NRW,40 - 44,44.98,44.98,30.0,0.0,RED INTERNET & PHONE CABLE U ,1.0
NRW,40 - 44,29.99,29.99,30.0,0.0,VF RIP U-TREUE  ,1.0
NRW,30 - 34,44.99,44.99,30.0,0.0,GIGAZUHAUSE KABEL ,1.0
KBW,75 - 79,34.99,34.99,30.0,0.0,RED INTERNET & PHONE CABLE U ,0.0
NRW,35 - 39,39.99,39.99,30.0,0.0,RED INTERNET & PHONE CABLE U ,0.0
NRW,50 - 54,39.99,39.99,30.0,0.0,RED INTERNET & PHONE CABLE U ,0.0
NRW,30 - 34,34.99,34.99,30.0,0.0,RED INTERNET & PHONE CABLE U ,1.0
KBW,60 - 64,42.98,42.98,30.0,0.0,VF RIP U-TREUE  ,0.0
NRW,45 - 49,29.99,29.99,30.0,0.0,VF RIP U-TREUE  ,0.0
NRW,30 - 34,39.99,39.99,30.0,0.0,RED INTERNET & PHONE CABLE U ,1.0
HSN,45 - 49,53.98,53.98,30.0,0.0,RED INTERNET & PHONE CABLE U ,1.0
HSN,65 - 69,49.97,49.97,30.0,0.0,RED INTERNET & PHONE CABLE U ,0.0
NRW,50 - 54,44.98,44.98,30.0,0.0,VF CABLEMAX     ,1.0
KBW,60 - 64,54.99,54.99,30.0,0.0,RED INTERNET & PHONE CABLE U ,1.0
NRW,65 - 69,29.99,29.99,30.0,0.0,VF RIP U-TREUE  ,0.0
HSN,55 - 59,69.96,44.98,30.0,0.0,VF CABLEMAX     ,0.0
HSN,45 - 49,39.99,39.99,30.0,0.0,RED INTERNET & PHONE CABLE U ,0.0
NRW,50 - 54,54.99,54.99,30.0,0.0,RED INTERNET & PHONE CABLE U ,0.0
KBW,30 - 34,39.99,39.99,30.0,0.0,RED INTERNET & PHONE CABLE U ,1.0
HSN,40 - 44,47.98,47.98,30.0,0.0,GIGAZUHAUSE KABEL ,0.0
HSN,35 - 39,39.98,39.98,30.0,0.0,VF CABLEMAX     ,1.0
KBW,25 - 29,39.98,39.98,30.0,0.0,RED INTERNET & PHONE CABLE U ,1.0
NRW,35 - 39,39.98,39.98,365.0,0.0,GIGAZUHAUSE KABEL ,1.0
NRW,35 - 39,53.96,53.96,30.0,0.0,VF CABLEMAX     ,1.0
KBW,55 - 59,64.97,64.97,30.0,0.0,2PLAY FLY      ,0.0
NRW,30 - 34,39.99,39.99,30.0,0.0,RED INTERNET & PHONE CABLE U ,0.0
NRW,35 - 39,34.99,34.99,30.0,0.0,RED INTERNET & PHONE CABLE U ,0.0
HSN,60 - 64,34.99,34.99,30.0,0.0,RED INTERNET & PHONE CABLE U ,1.0
NRW,70 - 74,39.99,39.99,30.0,0.0,VF RIP U-TREUE  ,0.0
NRW,45 - 49,44.97,44.97,30.0,0.0,VF CABLEMAX     ,1.0
NRW,30 - 34,49.99,49.99,30.0,0.0,RED INTERNET & PHONE CABLE U ,1.0
NRW,65 - 69,42.98,42.98,30.0,0.0,VF RIP U-TREUE  ,1.0
NRW,65 - 69,39.99,39.99,30.0,0.0,VF RIP U-TREUE  ,0.0
KBW,40 - 44,39.99,39.99,30.0,0.0,VF RIP U-TREUE  ,1.0
NRW,35 - 39,47.97,37.98,30.0,0.0,VF RIP U-TREUE  ,0.0
KBW,35 - 39,59.99,59.99,30.0,0.0,RED INTERNET & PHONE CABLE U ,0.0
KBW,55 - 59,60.98,39.99,30.0,0.0,VF RIP U-TREUE  ,0.0
HSN,50 - 54,29.99,29.99,30.0,0.0,VF RIP U-TREUE  ,0.0
KBW,35 - 39,29.99,29.99,30.0,0.0,VF RIP U-TREUE  ,1.0
HSN,55 - 59,39.99,39.99,30.0,0.0,RED INTERNET & PHONE CABLE U ,1.0
NRW,25 - 29,39.98,39.98,30.0,0.0,RED INTERNET & PHONE CABLE U ,0.0
NRW,65 - 69,40.99,29.99,30.0,0.0,RED INTERNET & PHONE CABLE U ,0.0
HSN,55 - 59,63.96,63.96,30.0,0.0,RED INTERNET & PHONE CABLE U ,1.0
HSN,45 - 49,24.99,24.99,30.0,0.0,INTERNET COMFORT     ,1.0
KBW,35 - 39,29.99,29.99,30.0,0.0,VF RIP U-TREUE  ,0.0
KBW,18 - 24,44.98,44.98,30.0,0.0,VF CABLEMAX     ,0.0
NRW,65 - 69,29.99,29.99,30.0,0.0,VF RIP U-TREUE  ,0.0
HSN,75 - 79,39.99,39.99,30.0,0.0,VF RIP U-TREUE  ,1.0
HSN,50 - 54,79.96,49.98,30.0,0.0,VF CABLEMAX     ,0.0
KBW,40 - 44,68.97,47.99,30.0,0.0,RED INTERNET & PHONE CABLE U ,0.0
