,customer_age_class,region,basket_package_price_disc,internet_package_price_disc,basket_days_until_contract_end,count_previous_cancellations_0_18,internet_product_name,flag_churn
0,60 - 64,KBW,39.99,37.99,30.0,0.0,RED INTERNET & PHONE CABLE U,0.0
1,35 - 39,NRW,49.97,44.98,30.0,0.0,RED INTERNET & PHONE CABLE U,1.0
2,60 - 64,KBW,37.97,37.97,30.0,0.0,VF CABLEMAX,0.0
3,25 - 29,HSN,37.98,29.99,30.0,0.0,RED INTERNET & PHONE CABLE U,1.0
4,40 - 44,KBW,44.98,44.98,30.0,0.0,VF CABLEMAX,0.0
5,55 - 59,KBW,44.98,39.99,30.0,0.0,RED INTERNET & PHONE CABLE U,0.0
6,40 - 44,KBW,39.99,39.99,30.0,0.0,RED INTERNET & PHONE CABLE U,0.0
7,80 and over,NRW,32.98,44.99,30.0,0.0,RED INTERNET & PHONE CABLE U,0.0
8,25 - 29,KBW,44.99,37.99,30.0,0.0,GIGAZUHAUSE KABEL,1.0
9,40 - 44,KBW,44.98,44.99,30.0,0.0,RED INTERNET & PHONE CABLE U,0.0
10,35 - 39,NRW,37.97,44.99,30.0,0.0,GIGAZUHAUSE KABEL,0.0
11,40 - 44,NRW,54.97,57.99,30.0,0.0,VF RIP U-TREUE,0.0
12,40 - 44,NRW,34.99,39.98,30.0,0.0,VF RIP U-TREUE,0.0
13,40 - 44,NRW,44.98,39.97,30.0,0.0,RED INTERNET & PHONE CABLE U,0.0
14,35 - 39,NRW,44.99,39.97,30.0,0.0,RED INTERNET & PHONE CABLE U,0.0
15,40 - 44,NRW,39.99,44.99,30.0,0.0,RED INTERNET & PHONE CABLE U,1.0
16,25 - 29,NRW,34.98,54.97,30.0,0.0,RED INTERNET & PHONE CABLE U,1.0
17,55 - 59,NRW,49.98,29.98,30.0,0.0,RED INTERNET & PHONE CABLE U,1.0
18,30 - 34,NRW,39.99,39.99,30.0,0.0,VF RIP U-TREUE,0.0
19,40 - 44,KBW,44.98,39.98,30.0,0.0,RED INTERNET & PHONE CABLE U,1.0
20,40 - 44,NRW,39.99,34.99,30.0,0.0,RED INTERNET & PHONE CABLE U,1.0
21,55 - 59,KBW,39.99,49.99,30.0,0.0,GIGAZUHAUSE KABEL,1.0
22,55 - 59,NRW,44.98,44.99,30.0,0.0,RED INTERNET & PHONE CABLE U,0.0
23,40 - 44,NRW,39.97,44.98,30.0,0.0,RED INTERNET & PHONE CABLE U,1.0
24,55 - 59,KBW,39.97,49.97,30.0,0.0,RED INTERNET & PHONE CABLE U,1.0
25,50 - 54,KBW,34.99,44.98,30.0,0.0,RED INTERNET & PHONE CABLE U,0.0
26,25 - 29,NRW,44.99,44.99,30.0,0.0,VF RIP U-TREUE,0.0
27,30 - 34,KBW,44.98,39.99,30.0,0.0,VF CABLEMAX,0.0
28,25 - 29,NRW,49.98,39.98,30.0,0.0,VF CABLEMAX,0.0
29,55 - 59,NRW,34.98,39.99,30.0,0.0,VF CABLEMAX,0.0
30,50 - 54,KBW,44.98,39.99,30.0,0.0,RED INTERNET & PHONE CABLE U,1.0
31,18 - 24,NRW,44.98,49.99,30.0,0.0,VF RIP U-TREUE,1.0
32,60 - 64,KBW,39.99,49.98,30.0,0.0,VF CABLEMAX,0.0
33,45 - 49,NRW,39.99,34.99,30.0,0.0,VF RIP U-TREUE,0.0
34,40 - 44,KBW,44.98,39.99,30.0,0.0,RED INTERNET & PHONE CABLE U,1.0
35,40 - 44,NRW,34.99,42.98,30.0,0.0,RED INTERNET & PHONE CABLE U,0.0
36,30 - 34,NRW,58.98,39.99,30.0,0.0,RED INTERNET & PHONE CABLE U,0.0
37,40 - 44,NRW,44.99,39.98,30.0,0.0,VF RIP U-TREUE,0.0
38,50 - 54,KBW,39.98,39.99,30.0,0.0,VF CABLEMAX,0.0
39,25 - 29,NRW,42.99,39.98,30.0,0.0,RED INTERNET & PHONE CABLE U,0.0
40,30 - 34,NRW,29.99,44.99,30.0,0.0,GIGAZUHAUSE KABEL,1.0
41,25 - 29,NRW,32.99,39.97,30.0,0.0,VF RIP U-TREUE,1.0
42,25 - 29,NRW,34.99,34.98,30.0,0.0,RED INTERNET & PHONE CABLE U,1.0
43,30 - 34,NRW,34.98,39.98,30.0,0.0,RED INTERNET & PHONE CABLE U,0.0
44,55 - 59,KBW,39.98,44.99,30.0,0.0,RED INTERNET & PHONE CABLE U,0.0
45,40 - 44,NRW,39.99,34.99,30.0,0.0,VF RIP U-TREUE,1.0
46,18 - 24,NRW,44.99,39.99,30.0,0.0,GIGAZUHAUSE KABEL,0.0
47,60 - 64,NRW,34.99,37.98,30.0,0.0,RED INTERNET & PHONE CABLE U,0.0
48,35 - 39,NRW,44.99,39.98,30.0,0.0,VF CABLEMAX,0.0
49,60 - 64,NRW,44.98,39.99,30.0,0.0,VF CABLEMAX,1.0
50,50 - 54,NRW,39.99,49.98,30.0,0.0,RED INTERNET & PHONE CABLE U,1.0
51,60 - 64,NRW,42.98,42.99,30.0,0.0,RED INTERNET & PHONE CABLE U,0.0
52,60 - 64,HSN,39.98,34.99,30.0,0.0,VF RIP U-TREUE,1.0
53,60 - 64,NRW,39.98,49.98,30.0,0.0,RED INTERNET & PHONE CABLE U,0.0
54,35 - 39,KBW,44.97,42.98,30.0,0.0,VF RIP U-TREUE,0.0
55,40 - 44,NRW,39.99,42.98,30.0,0.0,RED INTERNET & PHONE CABLE U,1.0
56,45 - 49,KBW,39.99,44.99,30.0,0.0,RED INTERNET & PHONE CABLE U,0.0
57,35 - 39,HSN,39.98,44.98,30.0,0.0,RED INTERNET & PHONE CABLE U,1.0
58,70 - 74,KBW,44.99,39.99,30.0,0.0,VF CABLEMAX,1.0
59,45 - 49,HSN,39.99,44.97,30.0,0.0,RED INTERNET & PHONE CABLE U,0.0
60,40 - 44,KBW,49.97,49.98,30.0,0.0,RED INTERNET & PHONE CABLE U,0.0
61,35 - 39,NRW,34.99,44.97,30.0,0.0,RED INTERNET & PHONE CABLE U,1.0
62,50 - 54,NRW,34.98,49.98,30.0,0.0,RED INTERNET & PHONE CABLE U,1.0
63,35 - 39,HSN,39.99,54.99,30.0,0.0,RED INTERNET & PHONE CABLE U,1.0
64,30 - 34,KBW,39.98,44.99,30.0,0.0,VF RIP U-TREUE,0.0
65,40 - 44,KBW,34.98,34.99,30.0,0.0,GIGAZUHAUSE KABEL,1.0
66,30 - 34,NRW,49.99,44.99,5.0,0.0,VF RIP U-TREUE,1.0
67,30 - 34,NRW,39.99,44.98,30.0,0.0,RED INTERNET & PHONE CABLE U,1.0
68,45 - 49,NRW,39.99,44.99,30.0,0.0,RED INTERNET & PHONE CABLE U,1.0
69,30 - 34,NRW,39.99,37.97,30.0,0.0,RED INTERNET & PHONE CABLE U,1.0
70,30 - 34,NRW,44.98,32.99,30.0,0.0,RED INTERNET & PHONE CABLE U,1.0
71,30 - 34,KBW,62.98,11.99,30.0,0.0,RED INTERNET & PHONE CABLE U,0.0
72,30 - 34,NRW,54.99,49.97,30.0,1.0,VF RIP U-TREUE,0.0
73,55 - 59,HSN,29.98,44.99,30.0,0.0,RED INTERNET & PHONE CABLE U,0.0
74,65 - 69,HSN,34.97,39.99,30.0,0.0,RED INTERNET & PHONE CABLE U,1.0
75,30 - 34,KBW,49.98,29.99,30.0,0.0,RED INTERNET & PHONE CABLE U,0.0
76,40 - 44,NRW,39.97,34.98,30.0,0.0,RED INTERNET & PHONE CABLE U,1.0
77,30 - 34,HSN,39.98,44.99,30.0,0.0,RED INTERNET & PHONE CABLE U,1.0
78,25 - 29,NRW,39.99,19.98,30.0,0.0,GIGAZUHAUSE KABEL,0.0
79,50 - 54,KBW,62.98,34.98,30.0,0.0,VF CABLEMAX,0.0
80,30 - 34,NRW,42.97,44.97,30.0,0.0,VF RIP U-TREUE,0.0
81,45 - 49,NRW,39.98,39.99,30.0,0.0,GIGAZUHAUSE KABEL,1.0
82,60 - 64,NRW,34.99,39.98,30.0,0.0,RED INTERNET & PHONE CABLE U,0.0
83,35 - 39,HSN,34.98,49.98,30.0,0.0,RED INTERNET & PHONE CABLE U,0.0
84,18 - 24,NRW,42.98,44.99,30.0,0.0,VF RIP U-TREUE,0.0
85,40 - 44,HSN,29.98,34.98,30.0,0.0,RED INTERNET & PHONE CABLE U,1.0
86,25 - 29,NRW,32.98,39.98,30.0,0.0,VF CABLEMAX,0.0
87,40 - 44,NRW,39.99,34.99,30.0,0.0,RED INTERNET & PHONE CABLE U,1.0
88,40 - 44,NRW,34.99,44.99,30.0,0.0,GIGAZUHAUSE TREUE B,1.0
89,35 - 39,KBW,39.99,34.98,30.0,0.0,RED INTERNET & PHONE CABLE U,0.0
90,55 - 59,KBW,39.99,34.97,30.0,0.0,RED INTERNET & PHONE CABLE U,1.0
91,65 - 69,HSN,29.99,44.98,30.0,0.0,VF CABLEMAX,0.0
92,25 - 29,HSN,49.97,32.98,30.0,0.0,RED INTERNET & PHONE CABLE U,1.0
93,30 - 34,HSN,44.99,49.97,30.0,0.0,RED INTERNET & PHONE CABLE U,1.0
94,25 - 29,NRW,34.98,44.97,30.0,0.0,RED INTERNET & PHONE CABLE U,1.0
95,45 - 49,KBW,39.99,44.98,30.0,0.0,VF CABLEMAX,0.0
96,45 - 49,NRW,39.99,39.98,30.0,0.0,RED INTERNET & PHONE CABLE U,0.0
97,25 - 29,NRW,29.99,29.98,30.0,0.0,GIGAZUHAUSE KABEL,1.0
98,25 - 29,HSN,39.98,44.99,30.0,0.0,VF CABLEMAX,1.0
99,35 - 39,NRW,49.99,49.98,30.0,0.0,RED INTERNET & PHONE CABLE U,0.0
100,40 - 44,KBW,39.98,44.99,30.0,0.0,RED INTERNET & PHONE CABLE U,1.0
101,35 - 39,HSN,29.98,39.97,30.0,0.0,VF RIP U-TREUE,0.0
102,60 - 64,HSN,63.99,49.99,30.0,0.0,GIGAZUHAUSE KABEL,0.0
103,35 - 39,NRW,39.98,34.99,30.0,0.0,VF RIP U-TREUE,1.0
104,60 - 64,NRW,44.98,39.98,30.0,0.0,GIGAZUHAUSE KABEL,1.0
105,35 - 39,KBW,34.98,44.98,30.0,0.0,RED INTERNET & PHONE CABLE U,1.0
106,25 - 29,NRW,44.98,44.98,30.0,0.0,VF CABLEMAX,0.0
107,50 - 54,NRW,44.97,34.98,30.0,0.0,RED INTERNET & PHONE CABLE U,1.0
108,35 - 39,KBW,39.99,59.98,30.0,0.0,VF RIP U-TREUE,1.0
109,35 - 39,NRW,49.98,34.99,30.0,0.0,GIGAZUHAUSE KABEL,1.0
110,40 - 44,NRW,49.98,39.98,30.0,0.0,RED INTERNET & PHONE CABLE U,0.0
111,55 - 59,NRW,39.98,44.98,6.0,0.0,VF CABLEMAX,0.0
112,25 - 29,KBW,54.99,34.98,30.0,0.0,VF RIP U-TREUE,1.0
113,35 - 39,KBW,34.96,44.98,30.0,0.0,RED INTERNET & PHONE CABLE U,1.0
114,40 - 44,KBW,52.99,44.99,30.0,0.0,RED INTERNET & PHONE CABLE U,1.0
115,25 - 29,NRW,39.98,44.99,30.0,0.0,RED INTERNET & PHONE CABLE U,0.0
116,30 - 34,KBW,39.98,29.99,30.0,0.0,RED INTERNET & PHONE CABLE U,1.0
117,60 - 64,HSN,44.99,39.98,30.0,0.0,RED INTERNET & PHONE CABLE U,1.0
118,35 - 39,NRW,34.98,44.99,30.0,0.0,RED INTERNET & PHONE CABLE U,0.0
119,35 - 39,KBW,44.97,39.99,30.0,0.0,RED INTERNET & PHONE CABLE U,0.0
120,30 - 34,KBW,39.99,34.99,30.0,0.0,VF RIP U-TREUE,1.0
121,30 - 34,NRW,44.99,39.99,30.0,0.0,VF CABLEMAX,1.0
122,40 - 44,KBW,39.98,42.99,30.0,0.0,VF RIP U-TREUE,0.0
123,25 - 29,NRW,44.99,44.98,30.0,0.0,VF CABLEMAX,1.0
124,25 - 29,NRW,34.98,63.98,30.0,0.0,RED INTERNET & PHONE CABLE U,1.0
125,25 - 29,NRW,44.98,39.99,30.0,0.0,RED INTERNET & PHONE CABLE U,0.0
126,35 - 39,NRW,34.99,39.99,30.0,0.0,RED INTERNET & PHONE CABLE U,0.0
127,30 - 34,NRW,39.98,44.98,30.0,0.0,GIGAZUHAUSE KABEL,0.0
128,40 - 44,KBW,39.99,44.99,30.0,0.0,RED INTERNET & PHONE CABLE U,1.0
129,35 - 39,NRW,44.99,44.99,30.0,0.0,VF RIP U-TREUE,0.0
130,60 - 64,NRW,44.98,44.98,30.0,0.0,VF CABLEMAX,1.0
131,40 - 44,KBW,29.98,49.99,30.0,0.0,RED INTERNET & PHONE CABLE U,0.0
132,50 - 54,NRW,34.99,34.99,30.0,0.0,VF RIP U-TREUE,0.0
133,55 - 59,KBW,44.98,44.99,30.0,0.0,RED INTERNET & PHONE CABLE U,0.0
134,55 - 59,KBW,34.98,44.99,30.0,0.0,RED INTERNET & PHONE CABLE U,0.0
135,55 - 59,HSN,44.98,49.99,30.0,0.0,GIGAZUHAUSE KABEL,0.0
136,40 - 44,NRW,54.99,49.99,30.0,0.0,RED INTERNET & PHONE CABLE U,1.0
137,45 - 49,KBW,39.99,39.99,30.0,0.0,RED INTERNET & PHONE CABLE U,0.0
138,40 - 44,KBW,34.99,34.99,30.0,0.0,RED INTERNET & PHONE CABLE U,0.0
139,35 - 39,KBW,29.97,44.98,30.0,0.0,RED INTERNET & PHONE CABLE U,1.0
140,45 - 49,NRW,49.99,39.99,30.0,0.0,VF RIP U-TREUE,0.0
141,25 - 29,KBW,44.99,39.97,30.0,0.0,GIGAZUHAUSE KABEL,1.0
142,30 - 34,NRW,34.98,49.98,30.0,0.0,RED INTERNET & PHONE CABLE U,0.0
143,35 - 39,NRW,39.99,39.98,30.0,0.0,RED INTERNET & PHONE CABLE U,1.0
144,40 - 44,NRW,32.98,32.98,30.0,0.0,RED INTERNET & PHONE CABLE U,1.0
145,80 and over,NRW,29.99,44.99,30.0,0.0,RED INTERNET & PHONE CABLE U,0.0
146,60 - 64,HSN,42.98,39.98,30.0,0.0,RED INTERNET & PHONE CABLE U,1.0
147,30 - 34,NRW,34.98,39.99,30.0,0.0,VF CABLEMAX,0.0
148,40 - 44,KBW,62.98,49.99,30.0,0.0,VF RIP U-TREUE,1.0
149,55 - 59,NRW,39.98,44.97,30.0,0.0,VF RIP U-TREUE,1.0
150,45 - 49,NRW,44.98,42.97,30.0,0.0,VF RIP U-TREUE,0.0
151,40 - 44,NRW,39.99,44.98,30.0,0.0,VF CABLEMAX,1.0
152,25 - 29,NRW,39.99,44.99,30.0,0.0,RED INTERNET & PHONE CABLE U,1.0
153,40 - 44,NRW,44.98,49.97,30.0,0.0,RED INTERNET & PHONE CABLE U,0.0
154,35 - 39,NRW,34.99,54.99,30.0,0.0,VF CABLEMAX,1.0
155,55 - 59,NRW,34.98,44.98,30.0,0.0,RED INTERNET & PHONE CABLE U,0.0
156,35 - 39,HSN,34.99,44.99,30.0,0.0,RED INTERNET & PHONE CABLE U,0.0
157,60 - 64,KBW,37.97,39.99,30.0,0.0,RED INTERNET & PHONE CABLE U,0.0
158,30 - 34,NRW,44.97,44.99,30.0,0.0,VF RIP U-TREUE,0.0
159,45 - 49,KBW,39.99,42.97,30.0,0.0,RED INTERNET & PHONE CABLE U,1.0
160,30 - 34,KBW,44.98,34.97,30.0,0.0,GIGAZUHAUSE KABEL,0.0
161,35 - 39,NRW,39.98,39.97,30.0,0.0,RED INTERNET & PHONE CABLE U,1.0
162,55 - 59,NRW,39.99,44.97,30.0,0.0,VF CABLEMAX,0.0
163,30 - 34,NRW,49.97,39.99,30.0,0.0,RED INTERNET & PHONE CABLE U,1.0
164,35 - 39,KBW,44.99,39.98,30.0,0.0,RED INTERNET & PHONE CABLE U,1.0
165,30 - 34,HSN,39.99,39.99,30.0,0.0,RED INTERNET & PHONE CABLE U,0.0
166,80 and over,KBW,39.99,29.99,30.0,0.0,VF CABLEMAX,1.0
167,30 - 34,NRW,29.99,39.99,30.0,0.0,RED INTERNET & PHONE CABLE U,0.0
168,50 - 54,KBW,39.98,39.99,30.0,0.0,RED INTERNET & PHONE CABLE U,0.0
169,35 - 39,NRW,32.99,34.99,30.0,0.0,VF RIP U-TREUE,1.0
170,35 - 39,NRW,44.98,44.99,30.0,0.0,RED INTERNET & PHONE CABLE U,0.0
171,40 - 44,NRW,39.99,34.99,30.0,0.0,RED INTERNET & PHONE CABLE U,1.0
172,60 - 64,NRW,34.97,44.98,30.0,0.0,RED INTERNET & PHONE CABLE U,0.0
173,40 - 44,HSN,39.99,34.98,30.0,0.0,VF RIP U-TREUE,0.0
174,35 - 39,NRW,39.98,34.98,30.0,0.0,GIGAZUHAUSE KABEL,0.0
175,45 - 49,HSN,44.98,32.98,30.0,0.0,RED INTERNET & PHONE CABLE U,1.0
176,60 - 64,KBW,49.98,44.99,30.0,0.0,RED INTERNET & PHONE CABLE U,1.0
177,45 - 49,NRW,39.99,44.99,30.0,0.0,VF RIP U-TREUE,0.0
178,65 - 69,KBW,34.99,54.99,30.0,0.0,VF RIP U-TREUE,1.0
179,60 - 64,HSN,44.99,34.99,30.0,0.0,RED INTERNET & PHONE CABLE U,1.0
180,25 - 29,NRW,49.99,37.99,30.0,0.0,RED INTERNET & PHONE CABLE U,0.0
181,55 - 59,KBW,29.99,44.99,30.0,0.0,VF RIP U-TREUE,1.0
182,65 - 69,NRW,44.98,44.99,30.0,0.0,RED INTERNET & PHONE CABLE U,0.0
183,35 - 39,HSN,49.99,34.99,30.0,0.0,GIGAZUHAUSE KABEL,0.0
184,40 - 44,KBW,44.98,44.98,30.0,0.0,VF CABLEMAX,0.0
185,25 - 29,KBW,44.99,34.99,30.0,0.0,VF RIP U-TREUE,1.0
186,25 - 29,KBW,39.98,39.98,30.0,0.0,VF RIP U-TREUE,1.0
187,35 - 39,KBW,44.99,44.98,30.0,0.0,RED INTERNET & PHONE CABLE U,1.0
188,25 - 29,NRW,44.98,54.98,30.0,0.0,RED INTERNET & PHONE CABLE U,1.0
189,40 - 44,HSN,34.98,32.99,30.0,0.0,VF RIP U-TREUE,1.0
190,30 - 34,HSN,39.98,32.98,30.0,0.0,RED INTERNET & PHONE CABLE U,1.0
191,30 - 34,NRW,34.99,39.99,30.0,0.0,RED INTERNET & PHONE CABLE U,1.0
192,40 - 44,HSN,49.99,44.98,30.0,0.0,VF RIP U-TREUE,0.0
193,35 - 39,HSN,54.98,39.99,30.0,0.0,VF CABLEMAX,0.0
194,25 - 29,HSN,49.97,34.97,30.0,0.0,RED INTERNET & PHONE CABLE U,1.0
195,35 - 39,KBW,39.98,39.99,30.0,0.0,VF CABLEMAX,0.0
196,55 - 59,NRW,44.98,29.98,30.0,0.0,RED INTERNET & PHONE CABLE U,1.0
197,30 - 34,NRW,54.98,44.98,30.0,0.0,RED INTERNET & PHONE CABLE U,1.0
198,40 - 44,NRW,39.98,34.98,30.0,0.0,RED INTERNET & PHONE CABLE U,0.0
199,35 - 39,NRW,44.99,49.98,30.0,0.0,VF RIP U-TREUE,1.0
200,35 - 39,HSN,29.97,39.98,30.0,0.0,RED INTERNET & PHONE CABLE U,0.0
201,30 - 34,HSN,34.99,49.98,30.0,0.0,VF RIP U-TREUE,0.0
202,35 - 39,NRW,49.99,39.98,30.0,0.0,RED INTERNET & PHONE CABLE U,1.0
203,30 - 34,KBW,34.98,39.99,30.0,0.0,RED INTERNET & PHONE CABLE U,0.0
204,45 - 49,KBW,39.98,37.97,30.0,0.0,VF CABLEMAX,0.0
205,45 - 49,NRW,44.98,44.99,30.0,0.0,RED INTERNET & PHONE CABLE U,1.0
206,35 - 39,HSN,39.98,39.97,30.0,0.0,RED INTERNET & PHONE CABLE U,0.0
207,60 - 64,KBW,44.98,44.98,30.0,0.0,VF RIP U-TREUE,0.0
208,40 - 44,NRW,34.97,58.99,30.0,0.0,RED INTERNET & PHONE CABLE U,0.0
209,30 - 34,NRW,39.98,32.98,30.0,0.0,VF RIP U-TREUE,0.0
210,18 - 24,KBW,39.99,34.98,30.0,0.0,VF RIP U-TREUE,1.0
211,35 - 39,KBW,44.99,39.99,59.0,0.0,RED INTERNET & PHONE CABLE U,0.0
212,40 - 44,KBW,44.98,39.98,30.0,0.0,GIGAZUHAUSE KABEL,1.0
213,40 - 44,NRW,44.99,37.98,30.0,0.0,GIGAZUHAUSE KABEL,1.0
214,50 - 54,KBW,34.99,34.99,30.0,0.0,RED INTERNET & PHONE CABLE U,1.0
215,40 - 44,KBW,39.99,49.97,30.0,0.0,VF CABLEMAX,1.0
216,35 - 39,NRW,39.99,49.99,30.0,0.0,RED INTERNET & PHONE CABLE U,0.0
217,50 - 54,KBW,35.99,44.98,30.0,0.0,VF RIP U-TREUE,0.0
218,60 - 64,KBW,44.98,44.98,30.0,0.0,GIGAZUHAUSE TREUE C,0.0
219,60 - 64,KBW,49.98,39.99,30.0,0.0,VF RIP U-TREUE,0.0
220,25 - 29,NRW,67.98,44.99,30.0,0.0,RED INTERNET & PHONE CABLE U,0.0
221,55 - 59,KBW,44.99,49.99,30.0,0.0,VF RIP U-TREUE,1.0
222,40 - 44,NRW,29.98,44.98,30.0,0.0,RED INTERNET & PHONE CABLE U,0.0
223,80 and over,KBW,29.99,37.99,30.0,0.0,RED INTERNET & PHONE CABLE U,0.0
224,55 - 59,NRW,42.98,44.97,30.0,0.0,VF RIP U-TREUE,0.0
225,40 - 44,KBW,39.99,54.99,30.0,0.0,RED INTERNET & PHONE CABLE U,1.0
226,45 - 49,HSN,34.99,29.99,30.0,0.0,GIGAZUHAUSE KABEL,0.0
227,30 - 34,KBW,54.98,54.99,30.0,0.0,VF RIP U-TREUE,0.0
228,35 - 39,KBW,39.98,54.99,30.0,0.0,RED INTERNET & PHONE CABLE U,0.0
229,35 - 39,NRW,39.99,34.98,30.0,0.0,RED INTERNET & PHONE CABLE U,0.0
230,40 - 44,NRW,24.99,34.99,30.0,0.0,RED INTERNET & PHONE CABLE U,0.0
231,25 - 29,NRW,39.99,29.99,30.0,0.0,RED INTERNET & PHONE CABLE U,1.0
232,55 - 59,NRW,42.97,34.98,30.0,0.0,VF RIP U-TREUE,0.0
233,25 - 29,NRW,39.99,29.99,30.0,0.0,VF CABLEMAX,0.0
234,25 - 29,HSN,39.99,39.98,30.0,0.0,RED INTERNET & PHONE CABLE U,0.0
235,40 - 44,KBW,39.98,54.99,30.0,0.0,VF CABLEMAX,0.0
236,60 - 64,NRW,44.99,49.99,30.0,0.0,RED INTERNET & PHONE CABLE U,1.0
237,40 - 44,NRW,29.85,34.99,30.0,0.0,GIGAZUHAUSE KABEL,0.0
238,35 - 39,NRW,34.98,39.98,30.0,0.0,GIGAZUHAUSE KABEL,0.0
239,60 - 64,KBW,39.98,49.98,30.0,0.0,VF RIP U-TREUE,1.0
240,60 - 64,NRW,34.98,44.99,30.0,0.0,RED INTERNET & PHONE CABLE U,1.0
241,50 - 54,NRW,34.96,44.99,30.0,0.0,RED INTERNET & PHONE CABLE U,1.0
242,35 - 39,KBW,29.97,39.99,30.0,0.0,RED INTERNET & PHONE CABLE U,1.0
243,35 - 39,KBW,39.99,44.98,30.0,0.0,GIGAZUHAUSE KABEL,0.0
244,40 - 44,NRW,32.97,39.99,30.0,0.0,GIGAZUHAUSE KABEL,1.0
245,50 - 54,NRW,39.99,44.99,30.0,0.0,RED INTERNET & PHONE CABLE U,1.0
246,60 - 64,HSN,42.99,34.99,30.0,0.0,RED INTERNET & PHONE CABLE U,1.0
247,35 - 39,NRW,49.99,39.99,30.0,0.0,VF RIP U-TREUE,0.0
248,55 - 59,KBW,42.98,34.99,30.0,0.0,VF RIP U-TREUE,0.0
250,18 - 24,KBW,49.99,39.99,30.0,0.0,RED INTERNET & PHONE CABLE U,1.0
252,30 - 34,NRW,54.99,44.98,30.0,0.0,VF CABLEMAX,1.0
253,25 - 29,NRW,34.98,39.99,30.0,0.0,GIGAZUHAUSE KABEL,1.0
254,35 - 39,NRW,44.99,44.99,30.0,0.0,VF CABLEMAX,1.0
255,30 - 34,KBW,42.99,29.97,30.0,0.0,GIGAZUHAUSE KABEL,1.0
256,50 - 54,NRW,44.99,39.99,30.0,0.0,RED INTERNET & PHONE CABLE U,1.0
257,60 - 64,KBW,39.98,39.98,30.0,0.0,RED INTERNET & PHONE CABLE U,0.0
258,80 and over,KBW,39.98,39.98,30.0,0.0,VF RIP U-TREUE,0.0
259,80 and over,KBW,39.99,37.98,30.0,0.0,RED INTERNET & PHONE CABLE U,0.0
260,30 - 34,NRW,39.99,39.99,30.0,0.0,RED INTERNET & PHONE CABLE U,1.0
261,30 - 34,NRW,39.99,34.98,30.0,0.0,VF RIP U-TREUE,1.0
262,55 - 59,NRW,49.98,39.99,30.0,0.0,RED INTERNET & PHONE CABLE U,0.0
263,35 - 39,NRW,39.99,44.99,30.0,0.0,GIGAZUHAUSE KABEL,0.0
264,60 - 64,NRW,44.99,39.99,30.0,0.0,VF RIP U-TREUE,1.0
265,35 - 39,NRW,39.99,34.98,30.0,0.0,RED INTERNET & PHONE CABLE U,1.0
266,80 and over,KBW,39.99,39.99,30.0,0.0,RED INTERNET & PHONE CABLE U,1.0
267,50 - 54,NRW,49.99,54.98,30.0,0.0,RED INTERNET & PHONE CABLE U,0.0
268,30 - 34,KBW,44.99,39.99,30.0,0.0,VF RIP U-TREUE,1.0
269,35 - 39,NRW,34.99,37.98,30.0,0.0,RED INTERNET & PHONE CABLE U,0.0
270,55 - 59,NRW,29.98,29.99,30.0,0.0,RED INTERNET & PHONE CABLE U,0.0
271,35 - 39,KBW,44.99,44.99,30.0,0.0,VF RIP U-TREUE,1.0
272,35 - 39,KBW,39.99,39.98,30.0,0.0,VF RIP U-TREUE,0.0
273,45 - 49,NRW,34.98,49.99,30.0,0.0,RED INTERNET & PHONE CABLE U,1.0
274,35 - 39,NRW,34.97,49.99,30.0,0.0,RED INTERNET & PHONE CABLE U,0.0
275,30 - 34,NRW,34.99,39.98,30.0,0.0,VF CABLEMAX,0.0
276,55 - 59,KBW,44.98,39.98,30.0,0.0,RED INTERNET & PHONE CABLE U,0.0
277,40 - 44,KBW,49.96,37.99,30.0,0.0,VF CABLEMAX,1.0
278,30 - 34,KBW,39.99,44.99,30.0,0.0,GIGAZUHAUSE KABEL,1.0
279,25 - 29,KBW,44.98,29.97,30.0,0.0,RED INTERNET & PHONE CABLE U,1.0
280,25 - 29,NRW,39.99,44.99,30.0,0.0,RED INTERNET & PHONE CABLE U,1.0
281,45 - 49,NRW,34.98,49.98,30.0,0.0,VF RIP U-TREUE,1.0
282,40 - 44,NRW,39.99,44.98,30.0,0.0,RED INTERNET & PHONE CABLE U,1.0
283,35 - 39,NRW,39.99,34.99,30.0,0.0,VF RIP U-TREUE,0.0
284,45 - 49,NRW,44.98,29.99,30.0,0.0,VF RIP U-TREUE,1.0
285,40 - 44,NRW,34.99,34.99,30.0,0.0,RED INTERNET & PHONE CABLE U,1.0
286,50 - 54,KBW,44.99,39.98,30.0,0.0,RED INTERNET & PHONE CABLE U,0.0
287,18 - 24,NRW,49.98,44.99,30.0,0.0,VF RIP U-TREUE,0.0
288,55 - 59,KBW,39.99,44.98,30.0,0.0,RED INTERNET & PHONE CABLE U,0.0
289,55 - 59,KBW,34.99,39.99,30.0,0.0,RED INTERNET & PHONE CABLE U,1.0
290,45 - 49,HSN,39.99,44.99,30.0,0.0,RED INTERNET & PHONE CABLE U,0.0
291,55 - 59,NRW,39.99,49.99,30.0,0.0,RED INTERNET & PHONE CABLE U,0.0
292,25 - 29,NRW,55.99,44.99,30.0,0.0,VF CABLEMAX,1.0
293,25 - 29,HSN,34.99,44.98,6.0,0.0,RED INTERNET & PHONE CABLE U,1.0
294,40 - 44,KBW,39.99,44.98,30.0,0.0,VF CABLEMAX,1.0
295,40 - 44,NRW,34.97,34.99,30.0,0.0,RED INTERNET & PHONE CABLE U,0.0
296,35 - 39,KBW,54.97,44.98,30.0,0.0,VF CABLEMAX,1.0
297,50 - 54,HSN,44.98,44.98,30.0,0.0,GIGAZUHAUSE KABEL,1.0
298,35 - 39,NRW,44.99,44.98,30.0,0.0,VF RIP U-TREUE,0.0
299,30 - 34,KBW,34.98,49.99,30.0,0.0,RED INTERNET & PHONE CABLE U,1.0
300,30 - 34,NRW,44.98,39.99,30.0,0.0,GIGAZUHAUSE KABEL,1.0
301,40 - 44,KBW,44.98,39.99,30.0,0.0,VF RIP U-TREUE,0.0
302,40 - 44,KBW,44.99,34.99,30.0,0.0,RED INTERNET & PHONE CABLE U,0.0
303,50 - 54,NRW,42.99,44.98,30.0,0.0,VF RIP U-TREUE,0.0
304,40 - 44,KBW,49.99,44.99,30.0,0.0,VF RIP U-TREUE,0.0
305,35 - 39,KBW,34.99,44.99,30.0,0.0,VF CABLEMAX,0.0
306,35 - 39,NRW,44.99,37.98,30.0,0.0,RED INTERNET & PHONE CABLE U,1.0
307,55 - 59,KBW,39.99,49.99,30.0,0.0,RED INTERNET & PHONE CABLE U,0.0
308,40 - 44,HSN,39.99,44.98,30.0,0.0,RED INTERNET & PHONE CABLE U,1.0
309,25 - 29,NRW,44.98,54.98,30.0,0.0,RED INTERNET & PHONE CABLE U,0.0
310,35 - 39,KBW,44.99,44.99,30.0,0.0,RED INTERNET & PHONE CABLE U,1.0
311,35 - 39,NRW,29.98,44.99,30.0,0.0,VF RIP U-TREUE,1.0
312,65 - 69,KBW,34.96,39.99,30.0,0.0,VF CABLEMAX,1.0
313,40 - 44,NRW,44.97,34.98,30.0,0.0,RED INTERNET & PHONE CABLE U,1.0
314,45 - 49,NRW,39.98,39.98,30.0,0.0,GIGAZUHAUSE KABEL,0.0
315,45 - 49,NRW,29.99,32.98,30.0,0.0,RED INTERNET & PHONE CABLE U,1.0
316,40 - 44,HSN,44.98,44.97,30.0,0.0,VF RIP U-TREUE,1.0
317,50 - 54,NRW,44.98,44.98,30.0,0.0,RED INTERNET & PHONE CABLE U,1.0
318,25 - 29,NRW,39.98,34.99,30.0,0.0,VF CABLEMAX,1.0
319,50 - 54,NRW,44.97,34.98,30.0,0.0,GIGAZUHAUSE KABEL,1.0
320,40 - 44,KBW,44.99,34.99,30.0,0.0,RED INTERNET & PHONE CABLE U,0.0
321,55 - 59,NRW,34.98,44.99,30.0,0.0,VF RIP U-TREUE,1.0
322,35 - 39,NRW,69.98,29.99,30.0,0.0,RED INTERNET & PHONE CABLE U,0.0
323,40 - 44,NRW,34.97,39.98,30.0,0.0,RED INTERNET & PHONE CABLE U,1.0
324,40 - 44,HSN,39.98,39.99,30.0,0.0,RED INTERNET & PHONE CABLE U,0.0
325,25 - 29,KBW,34.99,44.99,30.0,0.0,RED INTERNET & PHONE CABLE U,1.0
326,35 - 39,KBW,44.99,44.98,30.0,0.0,GIGAZUHAUSE KABEL,0.0
327,40 - 44,NRW,34.98,44.98,30.0,0.0,VF RIP U-TREUE,0.0
328,30 - 34,NRW,39.98,19.98,30.0,0.0,RED INTERNET & PHONE CABLE U,1.0
329,80 and over,HSN,39.98,39.99,30.0,0.0,VF CABLEMAX,1.0
330,30 - 34,KBW,42.97,39.98,30.0,0.0,RED INTERNET & PHONE CABLE U,0.0
331,25 - 29,NRW,37.98,44.99,30.0,0.0,RED INTERNET & PHONE CABLE U,1.0
332,40 - 44,NRW,34.99,47.99,30.0,0.0,VF RIP U-TREUE,1.0
333,35 - 39,KBW,39.99,44.99,30.0,0.0,RED INTERNET & PHONE CABLE U,1.0
334,35 - 39,KBW,44.98,29.98,30.0,0.0,GIGAZUHAUSE KABEL,1.0
335,40 - 44,NRW,39.99,34.99,6.0,0.0,GIGAZUHAUSE KABEL,0.0
336,18 - 24,NRW,34.98,47.99,30.0,0.0,RED INTERNET & PHONE CABLE U,1.0
337,25 - 29,NRW,39.98,34.98,30.0,0.0,RED INTERNET & PHONE CABLE U,1.0
338,35 - 39,NRW,37.99,34.98,30.0,0.0,RED INTERNET & PHONE CABLE U,0.0
339,55 - 59,NRW,44.99,39.99,30.0,0.0,VF RIP U-TREUE,0.0
340,35 - 39,NRW,34.99,49.98,30.0,0.0,RED INTERNET & PHONE CABLE U,0.0
341,50 - 54,NRW,49.99,39.99,30.0,0.0,RED INTERNET & PHONE CABLE U,1.0
342,50 - 54,KBW,44.99,24.98,30.0,0.0,RED INTERNET & PHONE CABLE U,0.0
343,30 - 34,NRW,42.99,39.99,30.0,0.0,RED INTERNET & PHONE CABLE U,1.0
344,35 - 39,NRW,44.98,34.98,30.0,0.0,RED INTERNET & PHONE CABLE U,1.0
345,25 - 29,NRW,49.99,39.99,30.0,0.0,RED INTERNET & PHONE CABLE U,1.0
346,35 - 39,KBW,34.98,34.99,30.0,0.0,RED INTERNET & PHONE CABLE U,1.0
347,35 - 39,NRW,24.98,34.99,30.0,0.0,VF RIP U-TREUE,0.0
348,40 - 44,KBW,39.99,42.99,30.0,0.0,VF CABLEMAX,0.0
349,25 - 29,NRW,29.98,44.99,30.0,0.0,GIGAZUHAUSE KABEL,0.0
350,35 - 39,NRW,39.99,39.97,30.0,0.0,VF RIP U-TREUE,0.0
351,25 - 29,HSN,39.98,44.99,30.0,0.0,RED INTERNET & PHONE CABLE U,0.0
352,25 - 29,HSN,34.98,39.99,30.0,0.0,VF CABLEMAX,1.0
353,65 - 69,NRW,44.99,42.98,30.0,0.0,RED INTERNET & PHONE CABLE U,0.0
354,55 - 59,NRW,44.98,29.97,30.0,0.0,RED INTERNET & PHONE CABLE U,1.0
355,30 - 34,NRW,44.97,39.99,30.0,0.0,RED INTERNET & PHONE CABLE U,0.0
356,40 - 44,KBW,44.99,39.99,30.0,0.0,VF RIP U-TREUE,0.0
357,45 - 49,KBW,39.98,42.99,30.0,0.0,RED INTERNET & PHONE CABLE U,0.0
358,40 - 44,KBW,44.99,34.99,30.0,0.0,RED INTERNET & PHONE CABLE U,0.0
359,35 - 39,NRW,34.98,49.99,30.0,0.0,RED INTERNET & PHONE CABLE U,0.0
360,50 - 54,KBW,54.98,44.98,30.0,0.0,VF CABLEMAX,1.0
361,18 - 24,KBW,39.99,44.99,30.0,0.0,RED INTERNET & PHONE CABLE U,0.0
362,35 - 39,NRW,44.99,37.98,30.0,0.0,VF RIP U-TREUE,1.0
363,55 - 59,NRW,39.99,39.99,30.0,0.0,VF CABLEMAX,0.0
364,60 - 64,KBW,44.99,42.98,30.0,0.0,RED INTERNET & PHONE CABLE U,1.0
365,35 - 39,KBW,32.99,39.98,30.0,0.0,VF CABLEMAX,0.0
366,25 - 29,HSN,44.99,39.97,30.0,0.0,VF RIP U-TREUE,0.0
367,35 - 39,KBW,44.99,49.99,30.0,0.0,RED INTERNET & PHONE CABLE U,1.0
368,30 - 34,NRW,44.98,44.99,30.0,0.0,RED INTERNET & PHONE CABLE U,0.0
369,65 - 69,KBW,39.98,44.99,30.0,0.0,VF RIP U-TREUE,1.0
370,25 - 29,NRW,44.99,58.99,30.0,0.0,VF CABLEMAX,0.0
371,55 - 59,KBW,49.97,29.98,30.0,0.0,RED INTERNET & PHONE CABLE U,1.0
372,55 - 59,NRW,44.99,39.99,30.0,0.0,RED INTERNET & PHONE CABLE U,0.0
373,25 - 29,KBW,34.99,44.98,30.0,0.0,RED INTERNET & PHONE CABLE U,1.0
374,40 - 44,NRW,39.99,49.99,30.0,0.0,RED INTERNET & PHONE CABLE U,0.0
375,35 - 39,NRW,44.99,39.99,30.0,0.0,RED INTERNET & PHONE CABLE U,0.0
376,45 - 49,KBW,34.99,39.99,30.0,0.0,RED INTERNET & PHONE CABLE U,1.0
377,40 - 44,NRW,62.98,39.99,30.0,0.0,RED INTERNET & PHONE CABLE U,0.0
378,45 - 49,NRW,44.99,39.99,30.0,0.0,VF CABLEMAX,1.0
379,35 - 39,HSN,44.98,39.98,30.0,0.0,VF RIP U-TREUE,0.0
380,60 - 64,KBW,37.99,34.99,30.0,0.0,RED INTERNET & PHONE CABLE U,1.0
381,60 - 64,KBW,37.99,34.98,30.0,0.0,RED INTERNET & PHONE CABLE U,0.0
382,40 - 44,NRW,39.98,39.98,30.0,0.0,RED INTERNET & PHONE CABLE U,1.0
383,65 - 69,KBW,39.98,39.99,30.0,0.0,RED INTERNET & PHONE CABLE U,0.0
384,60 - 64,KBW,34.99,49.99,30.0,0.0,VF RIP U-TREUE,1.0
385,35 - 39,NRW,39.99,24.98,30.0,0.0,RED INTERNET & PHONE CABLE U,0.0
387,35 - 39,KBW,39.99,44.98,30.0,0.0,RED INTERNET & PHONE CABLE U,0.0
388,55 - 59,NRW,39.99,44.98,30.0,0.0,RED INTERNET & PHONE CABLE U,0.0
389,40 - 44,NRW,44.98,44.98,30.0,0.0,VF RIP U-TREUE,1.0
390,35 - 39,KBW,37.99,49.97,30.0,0.0,RED INTERNET & PHONE CABLE U,0.0
391,60 - 64,KBW,39.98,44.99,30.0,0.0,GIGAZUHAUSE KABEL,0.0
392,35 - 39,KBW,49.99,44.98,30.0,0.0,VF CABLEMAX,1.0
393,35 - 39,KBW,32.99,29.98,30.0,0.0,GIGAZUHAUSE KABEL,1.0
394,35 - 39,NRW,39.99,29.98,30.0,0.0,RED INTERNET & PHONE CABLE U,0.0
395,50 - 54,NRW,44.99,39.99,30.0,0.0,VF RIP U-TREUE,0.0
396,35 - 39,KBW,49.98,34.98,30.0,0.0,RED INTERNET & PHONE CABLE U,1.0
397,55 - 59,KBW,44.98,34.98,30.0,0.0,RED INTERNET & PHONE CABLE U,0.0
398,30 - 34,HSN,47.97,39.96,30.0,0.0,RED INTERNET & PHONE CABLE U,0.0
399,40 - 44,HSN,39.99,42.97,30.0,0.0,RED INTERNET & PHONE CABLE U,0.0
400,45 - 49,NRW,39.98,34.99,30.0,0.0,RED INTERNET & PHONE CABLE U,0.0
401,35 - 39,NRW,39.99,44.99,30.0,0.0,VF RIP U-TREUE,0.0
402,30 - 34,KBW,44.97,54.98,30.0,0.0,VF RIP U-TREUE,1.0
403,80 and over,NRW,49.99,34.98,30.0,0.0,RED INTERNET & PHONE CABLE U,1.0
404,35 - 39,KBW,39.99,39.98,30.0,0.0,EAZY,0.0
405,70 - 74,KBW,34.99,39.99,30.0,0.0,RED INTERNET & PHONE CABLE U,1.0
406,55 - 59,KBW,39.99,29.98,30.0,0.0,VF RIP U-TREUE,0.0
407,30 - 34,KBW,34.99,39.99,30.0,0.0,VF RIP U-TREUE,0.0
408,30 - 34,NRW,44.99,44.99,30.0,0.0,RED INTERNET & PHONE CABLE U,1.0
409,40 - 44,KBW,54.98,44.98,30.0,0.0,RED INTERNET & PHONE CABLE U,1.0
410,45 - 49,KBW,44.99,49.98,30.0,0.0,GIGAZUHAUSE KABEL,0.0
411,40 - 44,NRW,44.98,29.98,30.0,0.0,VF RIP U-TREUE,0.0
412,50 - 54,NRW,39.98,44.97,30.0,0.0,RED INTERNET & PHONE CABLE U,0.0
413,25 - 29,NRW,39.97,54.99,30.0,0.0,GIGAZUHAUSE KABEL,1.0
414,40 - 44,KBW,34.97,49.98,30.0,0.0,RED INTERNET & PHONE CABLE U,0.0
415,65 - 69,NRW,39.99,44.99,30.0,0.0,RED INTERNET & PHONE CABLE U,0.0
416,25 - 29,NRW,39.97,44.99,30.0,0.0,RED INTERNET & PHONE CABLE U,1.0
417,50 - 54,KBW,44.98,34.98,30.0,0.0,VF RIP U-TREUE,1.0
418,40 - 44,KBW,44.98,34.99,30.0,0.0,VF RIP U-TREUE,1.0
419,35 - 39,HSN,49.99,39.99,30.0,0.0,RED INTERNET & PHONE CABLE U,0.0
420,35 - 39,KBW,39.99,44.98,30.0,0.0,VF CABLEMAX,0.0
421,50 - 54,KBW,39.98,29.98,30.0,0.0,VF RIP U-TREUE,1.0
422,30 - 34,KBW,44.99,34.98,30.0,0.0,RED INTERNET & PHONE CABLE U,0.0
423,30 - 34,NRW,34.99,49.99,30.0,0.0,RED INTERNET & PHONE CABLE U,1.0
424,55 - 59,NRW,39.99,34.99,30.0,0.0,GIGAZUHAUSE KABEL,0.0
425,60 - 64,KBW,39.98,44.99,30.0,0.0,RED INTERNET & PHONE CABLE U,1.0
426,35 - 39,KBW,34.99,34.99,30.0,0.0,RED INTERNET & PHONE CABLE U,1.0
427,35 - 39,NRW,44.97,39.97,30.0,0.0,RED INTERNET & PHONE CABLE U,1.0
428,55 - 59,NRW,29.99,39.97,30.0,0.0,VF CABLEMAX,0.0
429,35 - 39,NRW,49.99,29.97,30.0,0.0,GIGAZUHAUSE KABEL,1.0
430,45 - 49,KBW,44.99,39.98,30.0,0.0,RED INTERNET & PHONE CABLE U,0.0
431,45 - 49,KBW,44.99,34.99,30.0,0.0,VF RIP U-TREUE,1.0
432,35 - 39,HSN,32.97,37.99,30.0,0.0,VF CABLEMAX,1.0
433,55 - 59,HSN,39.98,49.99,30.0,0.0,GIGAZUHAUSE KABEL,1.0
434,40 - 44,NRW,34.98,44.97,30.0,0.0,RED INTERNET & PHONE CABLE U,1.0
435,70 - 74,KBW,39.98,34.99,30.0,0.0,RED INTERNET & PHONE CABLE U,0.0
436,35 - 39,NRW,39.99,39.99,30.0,0.0,GIGAZUHAUSE KABEL,1.0
437,35 - 39,HSN,39.98,44.98,30.0,0.0,VF RIP U-TREUE,1.0
438,55 - 59,KBW,32.98,44.99,30.0,0.0,VF CABLEMAX,1.0
439,30 - 34,KBW,44.99,39.99,30.0,0.0,RED INTERNET & PHONE CABLE U,1.0
440,60 - 64,NRW,44.99,39.99,30.0,0.0,RED INTERNET & PHONE CABLE U,1.0
441,55 - 59,KBW,34.98,24.99,30.0,0.0,RED INTERNET & PHONE CABLE U,1.0
442,30 - 34,KBW,49.98,34.99,30.0,1.0,VF RIP U-TREUE,0.0
443,30 - 34,KBW,29.99,39.99,30.0,0.0,RED INTERNET & PHONE CABLE U,0.0
444,18 - 24,KBW,39.99,34.98,30.0,0.0,VF RIP U-TREUE,0.0
445,55 - 59,NRW,39.99,49.99,30.0,0.0,GIGAZUHAUSE KABEL,0.0
446,25 - 29,HSN,29.98,39.97,30.0,0.0,RED INTERNET & PHONE CABLE U,0.0
447,35 - 39,KBW,44.97,49.99,30.0,0.0,GIGAZUHAUSE KABEL,0.0
448,35 - 39,KBW,42.97,39.97,30.0,0.0,RED INTERNET & PHONE CABLE U,1.0
449,30 - 34,HSN,44.99,49.99,30.0,0.0,RED INTERNET & PHONE CABLE U,1.0
450,60 - 64,NRW,39.98,29.98,30.0,0.0,GIGAZUHAUSE KABEL,0.0
451,45 - 49,NRW,34.99,49.97,30.0,0.0,VF RIP U-TREUE,1.0
452,45 - 49,NRW,44.98,34.99,30.0,0.0,VF RIP U-TREUE,0.0
453,35 - 39,NRW,39.99,44.99,30.0,0.0,RED INTERNET & PHONE CABLE U,0.0
454,50 - 54,HSN,34.98,54.98,30.0,0.0,RED INTERNET & PHONE CABLE U,0.0
455,25 - 29,NRW,44.97,39.98,30.0,0.0,VF CABLEMAX,0.0
456,30 - 34,NRW,39.97,34.98,30.0,0.0,RED INTERNET & PHONE CABLE U,1.0
457,35 - 39,KBW,39.99,49.99,30.0,0.0,RED INTERNET & PHONE CABLE U,1.0
458,18 - 24,NRW,44.99,54.98,30.0,0.0,RED INTERNET & PHONE CABLE U,0.0
459,65 - 69,NRW,29.99,49.99,30.0,0.0,RED INTERNET & PHONE CABLE U,0.0
460,40 - 44,KBW,44.99,49.99,30.0,0.0,RED INTERNET & PHONE CABLE U,0.0
461,55 - 59,KBW,39.99,44.97,30.0,0.0,RED INTERNET & PHONE CABLE U,1.0
462,45 - 49,KBW,34.98,37.99,30.0,0.0,GIGAZUHAUSE KABEL,0.0
463,30 - 34,KBW,44.97,34.99,30.0,0.0,RED INTERNET & PHONE CABLE U,0.0
464,75 - 79,KBW,39.99,29.97,30.0,0.0,RED INTERNET & PHONE CABLE U,1.0
465,50 - 54,NRW,49.99,39.95,30.0,0.0,GIGAZUHAUSE TREUE C,0.0
466,30 - 34,HSN,11.98,39.98,30.0,0.0,VF CABLEMAX,1.0
467,35 - 39,NRW,32.99,39.98,30.0,0.0,VF CABLEMAX,1.0
468,35 - 39,NRW,34.98,39.99,30.0,0.0,RED INTERNET & PHONE CABLE U,0.0
469,30 - 34,KBW,37.99,39.99,30.0,0.0,RED INTERNET & PHONE CABLE U,1.0
470,40 - 44,HSN,44.98,44.99,30.0,0.0,RED INTERNET & PHONE CABLE U,0.0
471,35 - 39,HSN,44.99,39.99,30.0,0.0,VF RIP U-TREUE,1.0
472,25 - 29,NRW,44.98,39.99,30.0,0.0,VF RIP U-TREUE,1.0
473,30 - 34,NRW,37.98,32.99,30.0,0.0,VF CABLEMAX,1.0
474,45 - 49,NRW,44.99,44.99,30.0,0.0,RED INTERNET & PHONE CABLE U,1.0
475,35 - 39,NRW,34.99,37.98,30.0,0.0,VF RIP U-TREUE,1.0
476,40 - 44,NRW,39.98,39.98,30.0,0.0,RED INTERNET & PHONE CABLE U,1.0
477,45 - 49,NRW,49.98,39.98,30.0,0.0,RED INTERNET & PHONE CABLE U,0.0
478,65 - 69,HSN,34.97,44.99,30.0,0.0,RED INTERNET & PHONE CABLE U,1.0
479,45 - 49,KBW,42.98,34.97,30.0,0.0,RED INTERNET & PHONE CABLE U,0.0
480,25 - 29,KBW,34.98,44.99,30.0,0.0,GIGAZUHAUSE KABEL,0.0
481,50 - 54,NRW,44.98,34.99,30.0,0.0,VF RIP U-TREUE,0.0
482,18 - 24,KBW,49.99,34.99,30.0,0.0,GIGAZUHAUSE KABEL,0.0
483,55 - 59,KBW,44.97,42.99,30.0,0.0,RED INTERNET & PHONE CABLE U,0.0
484,30 - 34,NRW,49.99,49.98,30.0,0.0,RED INTERNET & PHONE CABLE U,0.0
485,18 - 24,KBW,44.99,42.99,30.0,0.0,RED INTERNET & PHONE CABLE U,1.0
486,55 - 59,NRW,49.98,29.98,30.0,0.0,RED INTERNET & PHONE CABLE U,0.0
487,25 - 29,NRW,29.99,44.98,30.0,0.0,VF CABLEMAX,0.0
488,30 - 34,NRW,39.98,32.98,30.0,0.0,RED INTERNET & PHONE CABLE U,1.0
489,40 - 44,KBW,29.98,34.99,30.0,0.0,RED INTERNET & PHONE CABLE U,0.0
490,80 and over,NRW,29.99,34.99,30.0,0.0,VF CABLEMAX,1.0
491,60 - 64,KBW,34.97,58.96,5.0,0.0,RED INTERNET & PHONE CABLE U,1.0
492,60 - 64,NRW,44.97,39.99,30.0,0.0,RED INTERNET & PHONE CABLE U,1.0
493,35 - 39,KBW,34.99,39.98,30.0,0.0,VF RIP U-TREUE,1.0
494,30 - 34,HSN,39.99,32.99,30.0,0.0,GIGAZUHAUSE KABEL,0.0
495,25 - 29,NRW,44.99,37.98,30.0,0.0,VF CABLEMAX,0.0
496,25 - 29,NRW,34.97,44.98,30.0,0.0,RED INTERNET & PHONE CABLE U,1.0
497,55 - 59,NRW,59.98,34.98,30.0,0.0,GIGAZUHAUSE KABEL,0.0
498,45 - 49,KBW,39.98,44.99,30.0,0.0,RED INTERNET & PHONE CABLE U,0.0
499,18 - 24,KBW,44.98,49.99,30.0,0.0,VF RIP U-TREUE,1.0
500,30 - 34,HSN,44.99,44.99,30.0,0.0,RED INTERNET & PHONE CABLE U,1.0
501,35 - 39,NRW,34.98,44.99,30.0,0.0,GIGAZUHAUSE KABEL,0.0
502,35 - 39,KBW,44.99,44.99,30.0,1.0,VF RIP U-TREUE,1.0
503,50 - 54,NRW,39.98,44.99,30.0,0.0,RED INTERNET & PHONE CABLE U,1.0
504,35 - 39,NRW,37.99,39.99,30.0,0.0,VF CABLEMAX,0.0
505,25 - 29,KBW,39.99,44.97,30.0,0.0,RED INTERNET & PHONE CABLE U,0.0
506,40 - 44,NRW,34.99,44.98,30.0,0.0,RED INTERNET & PHONE CABLE U,1.0
507,25 - 29,KBW,44.99,39.98,30.0,0.0,VF RIP U-TREUE,0.0
508,40 - 44,NRW,29.99,39.99,30.0,0.0,RED INTERNET & PHONE CABLE U,0.0
509,40 - 44,KBW,34.0,58.98,30.0,0.0,RED INTERNET & PHONE CABLE U,0.0
510,55 - 59,NRW,34.98,39.98,30.0,0.0,VF RIP U-TREUE,0.0
511,45 - 49,KBW,39.99,39.99,30.0,0.0,RED INTERNET & PHONE CABLE U,1.0
512,60 - 64,HSN,34.99,44.98,30.0,0.0,VF RIP U-TREUE,0.0
513,35 - 39,KBW,39.99,29.99,30.0,0.0,RED INTERNET & PHONE CABLE U,0.0
514,40 - 44,NRW,29.99,44.99,30.0,0.0,RED INTERNET & PHONE CABLE U,0.0
515,60 - 64,NRW,44.98,39.99,30.0,0.0,VF RIP U-TREUE,1.0
516,55 - 59,KBW,39.98,44.98,30.0,0.0,RED INTERNET & PHONE CABLE U,1.0
517,25 - 29,KBW,39.99,58.98,30.0,0.0,RED INTERNET & PHONE CABLE U,1.0
518,40 - 44,NRW,39.98,32.99,30.0,0.0,RED INTERNET & PHONE CABLE U,1.0
519,40 - 44,NRW,39.97,29.98,30.0,0.0,GIGAZUHAUSE KABEL,1.0
520,40 - 44,NRW,34.99,39.99,30.0,0.0,RED INTERNET & PHONE CABLE U,1.0
521,80 and over,NRW,39.98,44.99,30.0,0.0,RED INTERNET & PHONE CABLE U,0.0
522,40 - 44,KBW,39.98,49.99,30.0,0.0,RED INTERNET & PHONE CABLE U,1.0
523,40 - 44,NRW,44.99,39.99,30.0,0.0,RED INTERNET & PHONE CABLE U,0.0
524,55 - 59,NRW,44.98,34.98,30.0,0.0,RED INTERNET & PHONE CABLE U,1.0
525,35 - 39,KBW,34.98,58.99,30.0,0.0,RED INTERNET & PHONE CABLE U,1.0
526,35 - 39,NRW,39.97,42.99,30.0,0.0,GIGAZUHAUSE KABEL,1.0
527,30 - 34,NRW,54.96,44.97,30.0,0.0,VF CABLEMAX,1.0
528,80 and over,NRW,34.99,34.98,30.0,0.0,RED INTERNET & PHONE CABLE U,0.0
529,60 - 64,KBW,47.99,59.98,30.0,0.0,VF RIP U-TREUE,0.0
530,45 - 49,NRW,39.99,39.98,30.0,0.0,VF RIP U-TREUE,0.0
531,55 - 59,KBW,49.98,39.98,30.0,0.0,VF RIP U-TREUE,0.0
532,55 - 59,NRW,44.99,49.98,30.0,0.0,RED INTERNET & PHONE CABLE U,0.0
533,40 - 44,HSN,39.98,42.98,30.0,0.0,GIGAZUHAUSE KABEL,0.0
534,40 - 44,NRW,44.99,44.98,30.0,0.0,RED INTERNET & PHONE CABLE U,0.0
535,40 - 44,KBW,44.99,34.98,30.0,0.0,VF RIP U-TREUE,1.0
536,25 - 29,NRW,44.99,42.98,30.0,0.0,GIGAZUHAUSE KABEL,1.0
537,25 - 29,NRW,44.98,39.99,30.0,0.0,RED INTERNET & PHONE CABLE U,1.0
538,40 - 44,KBW,42.99,29.99,30.0,0.0,RED INTERNET & PHONE CABLE U,1.0
539,45 - 49,HSN,49.98,54.98,30.0,0.0,VF RIP U-TREUE,1.0
540,60 - 64,KBW,49.99,39.98,30.0,0.0,GIGAZUHAUSE KABEL,0.0
541,65 - 69,NRW,32.99,49.98,30.0,0.0,RED INTERNET & PHONE CABLE U,1.0
542,25 - 29,NRW,34.99,39.98,30.0,0.0,RED INTERNET & PHONE CABLE U,0.0
543,50 - 54,KBW,39.98,29.98,30.0,0.0,VF CABLEMAX,1.0
544,40 - 44,NRW,34.99,39.99,30.0,0.0,RED INTERNET & PHONE CABLE U,1.0
545,45 - 49,NRW,34.98,49.98,30.0,0.0,RED INTERNET & PHONE CABLE U,0.0
546,35 - 39,NRW,39.97,44.99,30.0,0.0,RED INTERNET & PHONE CABLE U,0.0
547,35 - 39,NRW,39.99,49.97,30.0,0.0,VF RIP U-TREUE,0.0
548,30 - 34,NRW,44.98,44.98,30.0,0.0,VF RIP U-TREUE,1.0
549,40 - 44,KBW,39.99,44.98,30.0,0.0,GIGAZUHAUSE KABEL,1.0
550,18 - 24,NRW,39.99,44.97,30.0,0.0,RED INTERNET & PHONE CABLE U,0.0
551,30 - 34,NRW,44.98,69.99,30.0,0.0,RED INTERNET & PHONE CABLE U,1.0
552,35 - 39,KBW,44.98,34.98,30.0,0.0,RED INTERNET & PHONE CABLE U,1.0
553,50 - 54,KBW,44.98,44.99,30.0,0.0,VF CABLEMAX,0.0
554,35 - 39,NRW,29.98,44.98,30.0,0.0,RED INTERNET & PHONE CABLE U,1.0
555,50 - 54,KBW,34.97,39.98,30.0,0.0,RED INTERNET & PHONE CABLE U,1.0
556,60 - 64,NRW,29.99,42.98,30.0,0.0,RED INTERNET & PHONE CABLE U,0.0
557,45 - 49,NRW,49.99,44.98,30.0,0.0,GIGAZUHAUSE KABEL,1.0
558,60 - 64,NRW,49.98,54.98,30.0,0.0,GIGAZUHAUSE KABEL,0.0
559,30 - 34,NRW,39.99,39.99,30.0,0.0,VF RIP U-TREUE,1.0
560,45 - 49,HSN,39.99,39.99,30.0,0.0,GIGAZUHAUSE KABEL,1.0
561,50 - 54,NRW,44.98,49.98,30.0,0.0,RED INTERNET & PHONE CABLE U,1.0
562,35 - 39,NRW,52.99,29.99,30.0,0.0,VF CABLEMAX,0.0
563,40 - 44,KBW,34.98,34.99,30.0,0.0,VF CABLEMAX,1.0
564,25 - 29,KBW,54.99,39.99,30.0,0.0,RED INTERNET & PHONE CABLE U,1.0
565,40 - 44,NRW,39.99,34.99,30.0,0.0,VF CABLEMAX,1.0
566,50 - 54,HSN,44.99,39.98,30.0,0.0,VF RIP U-TREUE,0.0
567,60 - 64,NRW,44.98,34.97,30.0,0.0,RED INTERNET & PHONE CABLE U,0.0
568,50 - 54,KBW,39.98,44.99,30.0,0.0,RED INTERNET & PHONE CABLE U,1.0
569,40 - 44,HSN,39.97,49.99,30.0,0.0,RED INTERNET & PHONE CABLE U,0.0
570,35 - 39,NRW,44.98,44.99,30.0,0.0,RED INTERNET & PHONE CABLE U,1.0
571,40 - 44,NRW,39.98,34.99,30.0,0.0,RED INTERNET & PHONE CABLE U,1.0
572,40 - 44,KBW,44.99,49.99,30.0,0.0,GIGAZUHAUSE KABEL,0.0
573,45 - 49,NRW,29.99,37.98,30.0,0.0,RED INTERNET & PHONE CABLE U,1.0
574,60 - 64,NRW,39.97,44.98,30.0,0.0,VF RIP U-TREUE,0.0
575,65 - 69,NRW,39.98,44.98,30.0,0.0,VF CABLEMAX,0.0
576,40 - 44,KBW,32.98,39.99,30.0,0.0,VF RIP U-TREUE,1.0
577,35 - 39,NRW,44.99,42.98,30.0,0.0,RED INTERNET & PHONE CABLE U,0.0
578,35 - 39,NRW,49.99,44.98,30.0,0.0,VF RIP U-TREUE,0.0
579,55 - 59,NRW,44.99,39.98,30.0,0.0,RED INTERNET & PHONE CABLE U,0.0
580,25 - 29,HSN,39.99,42.99,30.0,0.0,VF RIP U-TREUE,1.0
581,60 - 64,NRW,44.97,29.97,30.0,0.0,VF RIP U-TREUE,0.0
582,30 - 34,HSN,39.99,49.98,30.0,0.0,GIGAZUHAUSE KABEL,0.0
583,30 - 34,KBW,39.99,34.98,30.0,0.0,GIGAZUHAUSE KABEL,0.0
584,40 - 44,NRW,29.99,34.98,30.0,0.0,VF RIP U-TREUE,1.0
585,55 - 59,KBW,34.97,39.98,30.0,0.0,VF RIP U-TREUE,1.0
586,50 - 54,KBW,34.99,39.98,30.0,0.0,VF RIP U-TREUE,1.0
587,55 - 59,KBW,44.99,44.99,30.0,0.0,RED INTERNET & PHONE CABLE U,0.0
588,30 - 34,NRW,44.99,39.97,30.0,0.0,GIGAZUHAUSE KABEL,0.0
589,25 - 29,KBW,39.99,44.99,30.0,0.0,RED INTERNET & PHONE CABLE U,1.0
590,25 - 29,KBW,34.97,39.98,30.0,0.0,GIGAZUHAUSE KABEL,1.0
591,80 and over,NRW,39.99,44.99,30.0,0.0,VF RIP U-TREUE,0.0
592,50 - 54,KBW,34.98,44.99,30.0,0.0,GIGAZUHAUSE KABEL,0.0
593,60 - 64,NRW,34.98,34.99,30.0,0.0,VF CABLEMAX,1.0
594,35 - 39,KBW,29.98,37.99,30.0,0.0,GIGAZUHAUSE KABEL,0.0
595,80 and over,HSN,49.99,34.99,30.0,0.0,RED INTERNET & PHONE CABLE U,1.0
596,35 - 39,NRW,49.98,29.98,30.0,0.0,GIGAZUHAUSE KABEL,0.0
597,60 - 64,NRW,37.98,54.99,30.0,0.0,VF RIP U-TREUE,1.0
598,35 - 39,HSN,39.97,49.98,30.0,0.0,RED INTERNET & PHONE CABLE U,0.0
599,25 - 29,NRW,44.98,39.98,30.0,0.0,RED INTERNET & PHONE CABLE U,0.0
600,50 - 54,NRW,34.98,54.99,30.0,0.0,GIGAZUHAUSE KABEL,1.0
601,40 - 44,HSN,49.98,39.99,30.0,0.0,VF RIP U-TREUE,1.0
602,45 - 49,NRW,44.99,44.97,30.0,0.0,RED INTERNET & PHONE CABLE U,0.0
603,35 - 39,KBW,29.98,44.99,30.0,0.0,RED INTERNET & PHONE CABLE U,0.0
604,40 - 44,KBW,39.99,39.98,30.0,0.0,RED INTERNET & PHONE CABLE U,0.0
605,40 - 44,KBW,42.99,49.99,30.0,0.0,RED INTERNET & PHONE CABLE U,1.0
606,25 - 29,NRW,34.98,44.99,30.0,0.0,RED INTERNET & PHONE CABLE U,1.0
607,55 - 59,NRW,44.99,39.99,30.0,0.0,RED INTERNET & PHONE CABLE U,1.0
608,40 - 44,KBW,44.99,44.99,30.0,0.0,RED INTERNET & PHONE CABLE U,1.0
609,35 - 39,HSN,54.99,44.99,30.0,0.0,RED INTERNET & PHONE CABLE U,1.0
610,30 - 34,NRW,39.98,29.97,30.0,0.0,VF RIP U-TREUE,1.0
611,30 - 34,KBW,49.99,39.98,30.0,0.0,RED INTERNET & PHONE CABLE U,1.0
612,65 - 69,NRW,34.98,34.99,30.0,0.0,RED INTERNET & PHONE CABLE U,0.0
613,55 - 59,KBW,34.99,49.99,30.0,0.0,RED INTERNET & PHONE CABLE U,0.0
614,55 - 59,KBW,34.99,54.99,30.0,0.0,VF CABLEMAX,0.0
615,25 - 29,NRW,39.97,34.99,30.0,0.0,VF RIP U-TREUE,0.0
616,45 - 49,NRW,54.99,39.98,30.0,0.0,RED INTERNET & PHONE CABLE U,1.0
617,40 - 44,KBW,59.98,39.97,30.0,0.0,RED INTERNET & PHONE CABLE U,0.0
618,45 - 49,KBW,29.99,34.98,30.0,0.0,RED INTERNET & PHONE CABLE U,1.0
619,35 - 39,NRW,44.99,39.99,30.0,0.0,RED INTERNET & PHONE CABLE U,1.0
620,40 - 44,KBW,49.99,34.98,30.0,0.0,VF CABLEMAX,0.0
621,40 - 44,KBW,44.99,44.98,30.0,0.0,RED INTERNET & PHONE CABLE U,0.0
622,55 - 59,NRW,34.99,34.99,30.0,0.0,VF RIP U-TREUE,0.0
623,35 - 39,KBW,44.99,44.99,30.0,0.0,RED INTERNET & PHONE CABLE U,1.0
624,55 - 59,NRW,34.99,44.99,30.0,0.0,RED INTERNET & PHONE CABLE U,0.0
625,60 - 64,NRW,39.99,39.99,30.0,0.0,VF RIP U-TREUE,1.0
626,75 - 79,KBW,39.97,35.99,30.0,0.0,RED INTERNET & PHONE CABLE U,1.0
627,55 - 59,NRW,39.99,34.98,30.0,0.0,RED INTERNET & PHONE CABLE U,0.0
628,35 - 39,NRW,44.99,39.99,30.0,0.0,RED INTERNET & PHONE CABLE U,0.0
629,65 - 69,KBW,49.98,39.98,30.0,0.0,VF CABLEMAX,0.0
630,35 - 39,NRW,34.98,44.97,30.0,0.0,GIGAZUHAUSE KABEL,1.0
631,35 - 39,NRW,39.99,44.99,30.0,0.0,VF CABLEMAX,0.0
632,55 - 59,NRW,39.99,49.98,30.0,0.0,RED INTERNET & PHONE CABLE U,0.0
633,25 - 29,NRW,34.99,29.98,30.0,0.0,VF CABLEMAX,1.0
634,35 - 39,KBW,34.98,39.99,30.0,0.0,VF CABLEMAX,1.0
635,40 - 44,NRW,44.99,44.97,30.0,0.0,GIGAZUHAUSE KABEL,0.0
636,25 - 29,HSN,39.98,34.98,30.0,0.0,RED INTERNET & PHONE CABLE U,0.0
637,45 - 49,NRW,42.98,44.99,30.0,0.0,RED INTERNET & PHONE CABLE U,1.0
638,25 - 29,HSN,49.97,39.99,30.0,0.0,VF CABLEMAX,0.0
639,45 - 49,KBW,39.99,44.99,30.0,0.0,RED INTERNET & PHONE CABLE U,1.0
640,55 - 59,NRW,39.98,51.99,30.0,0.0,VF RIP U-TREUE,0.0
641,35 - 39,NRW,34.99,39.98,30.0,0.0,VF RIP U-TREUE,1.0
642,40 - 44,NRW,44.99,39.98,30.0,0.0,GIGAZUHAUSE KABEL,1.0
643,25 - 29,NRW,39.97,34.99,30.0,0.0,VF RIP U-TREUE,0.0
644,30 - 34,NRW,49.99,44.98,30.0,0.0,RED INTERNET & PHONE CABLE U,1.0
645,65 - 69,KBW,34.99,49.99,30.0,0.0,VF RIP U-TREUE,0.0
646,40 - 44,KBW,44.98,44.99,30.0,0.0,VF CABLEMAX,0.0
647,35 - 39,NRW,34.99,39.99,30.0,0.0,VF RIP U-TREUE,1.0
648,50 - 54,NRW,44.99,39.99,30.0,0.0,GIGAZUHAUSE KABEL,1.0
649,60 - 64,NRW,34.99,39.98,30.0,0.0,RED INTERNET & PHONE CABLE U,0.0
650,25 - 29,NRW,34.99,34.98,30.0,0.0,RED INTERNET & PHONE CABLE U,1.0
651,30 - 34,NRW,49.97,39.98,30.0,0.0,RED INTERNET & PHONE CABLE U,1.0
652,25 - 29,NRW,44.98,54.99,30.0,0.0,VF CABLEMAX,0.0
653,60 - 64,KBW,44.99,44.99,30.0,0.0,GIGAZUHAUSE KABEL,0.0
654,35 - 39,KBW,44.99,42.99,30.0,0.0,RED INTERNET & PHONE CABLE U,0.0
655,30 - 34,NRW,39.98,34.99,30.0,0.0,VF CABLEMAX,0.0
656,40 - 44,KBW,49.99,39.99,30.0,0.0,VF CABLEMAX,0.0
657,80 and over,KBW,34.97,29.98,30.0,0.0,VF RIP U-TREUE,1.0
658,75 - 79,NRW,39.97,39.99,30.0,0.0,RED INTERNET & PHONE CABLE U,1.0
659,55 - 59,NRW,39.99,29.97,30.0,0.0,GIGAZUHAUSE TREUE B,0.0
660,50 - 54,HSN,34.98,44.99,30.0,0.0,VF RIP U-TREUE,1.0
661,35 - 39,HSN,34.99,34.99,30.0,0.0,VF RIP U-TREUE,1.0
662,35 - 39,NRW,44.98,39.98,30.0,0.0,RED INTERNET & PHONE CABLE U,1.0
663,50 - 54,KBW,44.98,44.98,30.0,0.0,VF CABLEMAX,1.0
664,60 - 64,NRW,44.98,44.99,30.0,0.0,GIGAZUHAUSE TREUE B,1.0
665,25 - 29,NRW,44.99,64.98,30.0,0.0,RED INTERNET & PHONE CABLE U,1.0
666,35 - 39,KBW,32.99,29.99,30.0,0.0,VF CABLEMAX,0.0
667,55 - 59,NRW,44.99,49.99,30.0,0.0,GIGAZUHAUSE KABEL,0.0
668,60 - 64,HSN,34.99,39.99,30.0,0.0,RED INTERNET & PHONE CABLE U,1.0
669,40 - 44,NRW,34.98,29.98,30.0,0.0,RED INTERNET & PHONE CABLE U,1.0
670,35 - 39,KBW,34.99,49.98,30.0,0.0,GIGAZUHAUSE KABEL,0.0
671,30 - 34,NRW,39.99,29.99,30.0,0.0,GIGAZUHAUSE KABEL,1.0
672,35 - 39,NRW,49.98,39.97,30.0,0.0,RED INTERNET & PHONE CABLE U,0.0
673,35 - 39,KBW,34.98,39.98,30.0,0.0,RED INTERNET & PHONE CABLE U,1.0
674,40 - 44,KBW,39.99,44.99,30.0,0.0,VF RIP U-TREUE,1.0
675,35 - 39,KBW,29.97,44.98,30.0,0.0,RED INTERNET & PHONE CABLE U,1.0
676,55 - 59,NRW,34.97,34.98,30.0,0.0,VF RIP U-TREUE,0.0
677,35 - 39,KBW,39.99,39.99,30.0,0.0,VF RIP U-TREUE,1.0
678,35 - 39,NRW,49.98,59.98,30.0,0.0,RED INTERNET & PHONE CABLE U,1.0
679,35 - 39,HSN,37.98,44.98,30.0,0.0,GIGAZUHAUSE KABEL,0.0
680,35 - 39,HSN,44.98,49.98,30.0,0.0,GIGAZUHAUSE KABEL,0.0
681,40 - 44,HSN,68.99,44.97,30.0,0.0,RED INTERNET & PHONE CABLE U,1.0
682,60 - 64,KBW,39.99,44.98,30.0,0.0,GIGAZUHAUSE KABEL,1.0
683,50 - 54,HSN,29.98,34.98,30.0,0.0,RED INTERNET & PHONE CABLE U,1.0
684,25 - 29,KBW,39.99,49.98,30.0,0.0,RED INTERNET & PHONE CABLE U,0.0
685,35 - 39,HSN,44.99,34.98,30.0,0.0,VF RIP U-TREUE,0.0
686,40 - 44,NRW,44.98,39.98,30.0,0.0,RED INTERNET & PHONE CABLE U,0.0
687,35 - 39,NRW,44.99,39.99,30.0,0.0,VF CABLEMAX,0.0
688,65 - 69,NRW,42.99,44.98,30.0,0.0,RED INTERNET & PHONE CABLE U,0.0
689,30 - 34,HSN,24.98,44.99,30.0,0.0,VF RIP U-TREUE,0.0
690,25 - 29,HSN,44.98,29.97,30.0,0.0,VF RIP U-TREUE,0.0
691,40 - 44,KBW,44.98,39.99,30.0,0.0,RED INTERNET & PHONE CABLE U,0.0
692,30 - 34,NRW,44.97,39.99,30.0,0.0,RED INTERNET & PHONE CABLE U,1.0
693,60 - 64,KBW,39.99,44.98,30.0,0.0,VF RIP U-TREUE,0.0
694,35 - 39,HSN,39.98,44.98,30.0,0.0,RED INTERNET & PHONE CABLE U,0.0
695,25 - 29,NRW,34.98,34.99,30.0,0.0,RED INTERNET & PHONE CABLE U,1.0
696,35 - 39,HSN,44.95,44.99,30.0,0.0,RED INTERNET & PHONE CABLE U,0.0
697,30 - 34,KBW,39.99,39.98,30.0,0.0,GIGAZUHAUSE KABEL,0.0
698,25 - 29,NRW,44.99,34.98,30.0,0.0,RED INTERNET & PHONE CABLE U,0.0
699,35 - 39,HSN,34.99,34.99,30.0,0.0,RED INTERNET & PHONE CABLE U,0.0
700,25 - 29,NRW,44.99,44.99,30.0,0.0,RED INTERNET & PHONE CABLE U,0.0
701,30 - 34,KBW,39.97,29.99,30.0,0.0,VF CABLEMAX,1.0
702,35 - 39,KBW,44.99,39.99,30.0,0.0,RED INTERNET & PHONE CABLE U,1.0
703,30 - 34,NRW,44.97,39.99,30.0,0.0,RED INTERNET & PHONE CABLE U,1.0
704,60 - 64,KBW,39.99,49.99,30.0,0.0,RED INTERNET & PHONE CABLE U,1.0
705,35 - 39,HSN,39.99,39.99,30.0,0.0,VF CABLEMAX,1.0
706,35 - 39,NRW,34.98,44.98,30.0,0.0,RED INTERNET & PHONE CABLE U,1.0
707,55 - 59,NRW,39.99,39.99,30.0,0.0,GIGAZUHAUSE TREUE C,0.0
708,35 - 39,NRW,32.99,32.98,30.0,0.0,VF RIP U-TREUE,0.0
709,60 - 64,NRW,44.98,34.99,30.0,0.0,RED INTERNET & PHONE CABLE U,1.0
710,40 - 44,KBW,34.99,39.98,30.0,0.0,128KBIT,0.0
711,35 - 39,NRW,39.98,34.96,30.0,0.0,VF CABLEMAX,0.0
712,30 - 34,KBW,34.99,44.99,30.0,0.0,VF CABLEMAX,0.0
713,60 - 64,NRW,34.99,39.97,30.0,0.0,VF RIP U-TREUE,1.0
714,30 - 34,KBW,39.96,39.98,30.0,0.0,VF RIP U-TREUE,0.0
715,40 - 44,NRW,44.98,39.99,30.0,0.0,VF CABLEMAX,0.0
716,35 - 39,NRW,44.98,29.99,30.0,0.0,GIGAZUHAUSE KABEL,1.0
717,70 - 74,KBW,44.98,34.99,30.0,0.0,VF CABLEMAX,0.0
718,40 - 44,KBW,34.99,54.97,30.0,0.0,VF RIP U-TREUE,0.0
719,25 - 29,NRW,32.98,34.98,30.0,0.0,RED INTERNET & PHONE CABLE U,0.0
720,30 - 34,NRW,39.99,32.98,30.0,0.0,RED INTERNET & PHONE CABLE U,0.0
721,40 - 44,KBW,44.99,44.99,30.0,0.0,RED INTERNET & PHONE CABLE U,1.0
722,50 - 54,KBW,44.98,32.98,30.0,0.0,RED INTERNET & PHONE CABLE U,1.0
723,25 - 29,KBW,39.99,39.98,30.0,0.0,RED INTERNET & PHONE CABLE U,1.0
724,25 - 29,NRW,39.99,44.99,30.0,0.0,VF CABLEMAX,0.0
725,65 - 69,KBW,32.97,44.98,30.0,0.0,RED INTERNET & PHONE CABLE U,1.0
726,60 - 64,NRW,44.98,34.99,30.0,0.0,VF RIP U-TREUE,0.0
727,25 - 29,KBW,39.99,44.99,30.0,0.0,VF RIP U-TREUE,0.0
728,50 - 54,NRW,42.99,34.99,30.0,0.0,RED INTERNET & PHONE CABLE U,1.0
729,40 - 44,KBW,34.97,44.99,30.0,0.0,RED INTERNET & PHONE CABLE U,1.0
730,55 - 59,NRW,34.99,37.99,30.0,0.0,GIGAZUHAUSE KABEL,0.0
731,35 - 39,KBW,39.99,47.99,30.0,0.0,VF RIP U-TREUE,0.0
732,45 - 49,KBW,49.98,44.99,30.0,0.0,RED INTERNET & PHONE CABLE U,1.0
733,55 - 59,KBW,63.98,39.99,30.0,1.0,VF RIP U-TREUE,1.0
734,25 - 29,NRW,44.98,44.99,30.0,0.0,VF RIP U-TREUE,0.0
735,18 - 24,KBW,44.99,34.96,30.0,0.0,RED INTERNET & PHONE CABLE U,1.0
736,35 - 39,NRW,44.99,34.99,30.0,0.0,RED INTERNET & PHONE CABLE U,0.0
737,25 - 29,KBW,39.98,37.99,30.0,0.0,GIGAZUHAUSE KABEL,1.0
738,50 - 54,NRW,44.97,42.97,30.0,0.0,RED INTERNET & PHONE CABLE U,1.0
739,30 - 34,NRW,44.99,39.97,30.0,0.0,RED INTERNET & PHONE CABLE U,0.0
740,25 - 29,KBW,34.98,39.99,30.0,0.0,RED INTERNET & PHONE CABLE U,1.0
741,35 - 39,NRW,44.98,34.98,30.0,0.0,VF RIP U-TREUE,1.0
742,40 - 44,KBW,44.99,39.99,30.0,0.0,GIGAZUHAUSE KABEL,0.0
743,30 - 34,KBW,39.98,44.99,30.0,0.0,VF CABLEMAX,1.0
744,30 - 34,HSN,44.99,44.98,30.0,0.0,RED INTERNET & PHONE CABLE U,0.0
745,35 - 39,NRW,34.99,39.99,30.0,0.0,VF CABLEMAX,1.0
746,35 - 39,NRW,44.97,39.96,30.0,0.0,RED INTERNET & PHONE CABLE U,0.0
747,55 - 59,NRW,29.98,39.99,30.0,0.0,RED INTERNET & PHONE CABLE U,0.0
748,30 - 34,NRW,49.98,32.99,30.0,0.0,RED INTERNET & PHONE CABLE U,0.0
749,35 - 39,NRW,34.98,44.99,30.0,0.0,RED INTERNET & PHONE CABLE U,1.0
750,25 - 29,NRW,49.98,39.98,30.0,0.0,VF RIP U-TREUE,1.0
751,35 - 39,NRW,44.98,29.99,30.0,0.0,VF RIP U-TREUE,0.0
752,50 - 54,NRW,44.99,39.98,30.0,0.0,GIGAZUHAUSE KABEL,1.0
753,25 - 29,HSN,44.99,29.99,30.0,0.0,RED INTERNET & PHONE CABLE U,1.0
754,35 - 39,NRW,39.98,29.98,30.0,0.0,RED INTERNET & PHONE CABLE U,1.0
755,40 - 44,NRW,44.99,29.99,30.0,0.0,RED INTERNET & PHONE CABLE U,0.0
756,60 - 64,NRW,39.98,44.99,30.0,0.0,RED INTERNET & PHONE CABLE U,0.0
757,55 - 59,KBW,39.98,39.98,30.0,0.0,RED INTERNET & PHONE CABLE U,1.0
758,35 - 39,HSN,37.98,37.99,30.0,0.0,RED INTERNET & PHONE CABLE U,0.0
759,30 - 34,NRW,44.99,39.98,30.0,0.0,RED INTERNET & PHONE CABLE U,0.0
760,35 - 39,KBW,52.98,34.98,30.0,0.0,GIGAZUHAUSE KABEL,1.0
761,35 - 39,NRW,44.99,44.98,30.0,1.0,RED INTERNET & PHONE CABLE U,1.0
762,50 - 54,NRW,39.98,44.98,30.0,0.0,VF RIP U-TREUE,1.0
763,25 - 29,HSN,49.97,29.99,30.0,0.0,VF RIP U-TREUE,0.0
764,60 - 64,NRW,34.98,34.97,30.0,0.0,GIGAZUHAUSE KABEL,1.0
765,30 - 34,NRW,34.98,49.99,30.0,0.0,VF RIP U-TREUE,1.0
766,35 - 39,HSN,39.99,54.99,30.0,0.0,RED INTERNET & PHONE CABLE U,1.0
767,25 - 29,NRW,34.99,39.97,30.0,0.0,RED INTERNET & PHONE CABLE U,1.0
768,40 - 44,NRW,34.98,34.99,30.0,0.0,RED INTERNET & PHONE CABLE U,1.0
769,40 - 44,KBW,44.99,34.99,30.0,0.0,GIGAZUHAUSE KABEL,1.0
770,55 - 59,NRW,39.98,39.98,30.0,0.0,RED INTERNET & PHONE CABLE U,0.0
771,55 - 59,NRW,49.99,29.97,30.0,0.0,RED INTERNET & PHONE CABLE U,0.0
772,40 - 44,NRW,44.99,39.99,30.0,0.0,RED INTERNET & PHONE CABLE U,1.0
773,35 - 39,HSN,39.99,37.97,30.0,0.0,RED INTERNET & PHONE CABLE U,0.0
774,55 - 59,KBW,34.98,32.99,30.0,0.0,RED INTERNET & PHONE CABLE U,1.0
775,30 - 34,NRW,34.98,44.98,6.0,0.0,RED INTERNET & PHONE CABLE U,1.0
776,55 - 59,HSN,44.99,44.98,30.0,0.0,RED INTERNET & PHONE CABLE U,1.0
777,30 - 34,KBW,44.99,44.99,30.0,1.0,GIGAZUHAUSE KABEL,1.0
778,40 - 44,KBW,39.97,34.99,30.0,0.0,RED INTERNET & PHONE CABLE U,0.0
779,40 - 44,NRW,44.97,34.98,30.0,0.0,RED INTERNET & PHONE CABLE U,0.0
780,55 - 59,KBW,44.98,34.99,2.0,0.0,RED INTERNET & PHONE CABLE U,1.0
781,30 - 34,HSN,44.98,39.97,30.0,0.0,VF CABLEMAX,1.0
782,65 - 69,KBW,54.99,37.99,30.0,0.0,RED INTERNET & PHONE CABLE U,0.0
783,55 - 59,KBW,34.98,37.99,30.0,0.0,VF CABLEMAX,0.0
784,30 - 34,KBW,54.99,44.97,30.0,0.0,RED INTERNET & PHONE CABLE U,1.0
785,55 - 59,KBW,39.97,39.98,30.0,0.0,RED INTERNET & PHONE CABLE U,1.0
786,25 - 29,NRW,44.99,44.98,30.0,0.0,RED INTERNET & PHONE CABLE U,1.0
787,55 - 59,NRW,49.99,44.99,30.0,0.0,RED INTERNET & PHONE CABLE U,1.0
788,25 - 29,NRW,39.98,37.99,30.0,0.0,RED INTERNET & PHONE CABLE U,0.0
789,25 - 29,KBW,29.98,52.99,30.0,0.0,RED INTERNET & PHONE CABLE U,0.0
790,25 - 29,KBW,54.99,39.99,30.0,0.0,RED INTERNET & PHONE CABLE U,0.0
791,25 - 29,KBW,39.97,44.98,30.0,0.0,VF RIP U-TREUE,1.0
792,30 - 34,KBW,34.99,34.99,30.0,0.0,VF RIP U-TREUE,1.0
793,30 - 34,NRW,34.99,34.98,30.0,0.0,RED INTERNET & PHONE CABLE U,1.0
794,30 - 34,NRW,44.99,44.99,30.0,0.0,RED INTERNET & PHONE CABLE U,0.0
795,45 - 49,KBW,39.98,34.99,30.0,0.0,RED INTERNET & PHONE CABLE U,1.0
796,25 - 29,KBW,44.98,39.98,30.0,0.0,RED INTERNET & PHONE CABLE U,0.0
797,80 and over,KBW,29.99,39.98,30.0,0.0,RED INTERNET & PHONE CABLE U,1.0
798,30 - 34,NRW,39.99,39.99,30.0,0.0,RED INTERNET & PHONE CABLE U,1.0
799,35 - 39,NRW,44.99,34.98,6.0,0.0,RED INTERNET & PHONE CABLE U,1.0
800,40 - 44,KBW,39.98,49.98,30.0,0.0,RED INTERNET & PHONE CABLE U,0.0
801,35 - 39,NRW,39.98,44.97,30.0,0.0,RED INTERNET & PHONE CABLE U,0.0
802,45 - 49,KBW,29.99,44.99,30.0,0.0,VF RIP U-TREUE,0.0
803,30 - 34,NRW,44.98,29.99,30.0,0.0,VF RIP U-TREUE,1.0
804,30 - 34,NRW,34.99,44.98,30.0,0.0,RED INTERNET & PHONE CABLE U,1.0
805,55 - 59,NRW,44.98,44.99,30.0,0.0,RED INTERNET & PHONE CABLE U,0.0
806,60 - 64,NRW,44.98,39.99,30.0,0.0,VF RIP U-TREUE,1.0
807,55 - 59,NRW,39.99,49.99,30.0,0.0,RED INTERNET & PHONE CABLE U,0.0
808,80 and over,NRW,34.99,39.99,30.0,0.0,VF RIP U-TREUE,1.0
809,25 - 29,NRW,34.99,39.99,30.0,0.0,GIGAZUHAUSE KABEL,0.0
810,40 - 44,KBW,29.99,32.99,30.0,0.0,VF RIP U-TREUE,0.0
811,55 - 59,HSN,44.96,42.97,30.0,0.0,RED INTERNET & PHONE CABLE U,0.0
812,40 - 44,KBW,29.98,54.99,30.0,0.0,VF CABLEMAX,0.0
813,65 - 69,KBW,34.94,44.99,30.0,0.0,GIGAZUHAUSE KABEL,1.0
814,55 - 59,NRW,39.99,34.98,30.0,0.0,RED INTERNET & PHONE CABLE U,1.0
815,45 - 49,KBW,44.98,44.99,30.0,0.0,RED INTERNET & PHONE CABLE U,1.0
816,25 - 29,KBW,39.98,39.98,30.0,0.0,VF CABLEMAX,0.0
817,30 - 34,HSN,44.98,54.99,30.0,0.0,VF CABLEMAX,1.0
818,35 - 39,NRW,34.98,44.98,30.0,0.0,RED INTERNET & PHONE CABLE U,1.0
819,30 - 34,NRW,44.98,39.98,30.0,0.0,GIGAZUHAUSE KABEL,1.0
820,40 - 44,KBW,44.98,37.98,30.0,0.0,VF RIP U-TREUE,1.0
821,45 - 49,NRW,34.97,42.98,30.0,0.0,RED INTERNET & PHONE CABLE U,0.0
822,35 - 39,KBW,39.99,44.99,30.0,0.0,RED INTERNET & PHONE CABLE U,1.0
823,30 - 34,NRW,49.98,39.98,30.0,0.0,GIGAZUHAUSE KABEL,1.0
824,35 - 39,KBW,29.99,44.98,30.0,0.0,RED INTERNET & PHONE CABLE U,1.0
825,65 - 69,NRW,44.99,34.99,30.0,0.0,VF RIP U-TREUE,0.0
826,40 - 44,NRW,49.98,44.98,30.0,0.0,VF RIP U-TREUE,0.0
827,55 - 59,NRW,34.98,34.99,30.0,0.0,RED INTERNET & PHONE CABLE U,1.0
828,25 - 29,KBW,49.99,34.99,30.0,0.0,VF RIP U-TREUE,1.0
829,35 - 39,HSN,39.98,42.98,30.0,0.0,RED INTERNET & PHONE CABLE U,0.0
830,60 - 64,KBW,34.99,49.99,30.0,0.0,RED INTERNET & PHONE CABLE U,1.0
831,40 - 44,KBW,44.97,49.99,30.0,0.0,VF CABLEMAX,1.0
832,30 - 34,NRW,44.98,44.99,30.0,0.0,GIGAZUHAUSE KABEL,1.0
833,60 - 64,NRW,39.99,49.99,30.0,0.0,GIGAZUHAUSE KABEL,0.0
834,35 - 39,HSN,39.98,44.98,30.0,0.0,RED INTERNET & PHONE CABLE U,1.0
835,30 - 34,NRW,49.98,37.97,30.0,0.0,RED INTERNET & PHONE CABLE U,1.0
836,30 - 34,KBW,39.99,44.98,30.0,0.0,RED INTERNET & PHONE CABLE U,1.0
837,45 - 49,KBW,37.98,44.99,30.0,0.0,VF CABLEMAX,1.0
838,60 - 64,NRW,34.99,44.98,30.0,0.0,RED INTERNET & PHONE CABLE U,1.0
839,40 - 44,NRW,44.99,37.98,30.0,0.0,RED INTERNET & PHONE CABLE U,1.0
840,18 - 24,NRW,29.98,49.97,30.0,0.0,RED INTERNET & PHONE CABLE U,1.0
841,40 - 44,NRW,44.97,39.98,30.0,0.0,RED INTERNET & PHONE CABLE U,0.0
842,65 - 69,NRW,24.99,44.99,30.0,0.0,RED INTERNET & PHONE CABLE U,1.0
843,55 - 59,KBW,44.98,44.98,30.0,0.0,RED INTERNET & PHONE CABLE U,0.0
844,35 - 39,KBW,39.99,39.98,30.0,0.0,VF CABLEMAX,1.0
845,40 - 44,HSN,44.99,39.99,30.0,1.0,RED INTERNET & PHONE CABLE U,0.0
846,30 - 34,NRW,39.99,44.97,30.0,0.0,VF RIP U-TREUE,0.0
847,35 - 39,HSN,34.98,44.98,30.0,0.0,RED INTERNET & PHONE CABLE U,1.0
848,30 - 34,KBW,39.99,34.99,30.0,0.0,RED INTERNET & PHONE CABLE U,0.0
849,80 and over,HSN,39.99,39.97,30.0,0.0,RED INTERNET & PHONE CABLE U,1.0
850,35 - 39,NRW,34.97,39.99,30.0,0.0,RED INTERNET & PHONE CABLE U,0.0
851,35 - 39,KBW,34.98,39.99,30.0,0.0,RED INTERNET & PHONE CABLE U,0.0
852,35 - 39,HSN,29.98,39.99,30.0,0.0,VF CABLEMAX,0.0
853,40 - 44,KBW,44.98,34.98,30.0,0.0,VF RIP U-TREUE,1.0
854,25 - 29,KBW,44.97,29.98,30.0,0.0,RED INTERNET & PHONE CABLE U,0.0
855,35 - 39,KBW,39.99,34.99,30.0,0.0,RED INTERNET & PHONE CABLE U,1.0
856,25 - 29,NRW,39.99,44.98,30.0,0.0,RED INTERNET & PHONE CABLE U,1.0
857,30 - 34,KBW,44.99,49.98,30.0,0.0,GIGAZUHAUSE KABEL,1.0
858,60 - 64,KBW,49.99,34.99,30.0,0.0,RED INTERNET & PHONE CABLE U,0.0
859,35 - 39,NRW,44.98,49.99,30.0,0.0,VF RIP U-TREUE,1.0
860,60 - 64,KBW,44.98,39.98,30.0,0.0,VF RIP U-TREUE,1.0
861,45 - 49,HSN,44.99,44.99,30.0,0.0,RED INTERNET & PHONE CABLE U,1.0
862,50 - 54,HSN,44.98,34.98,30.0,0.0,RED INTERNET & PHONE CABLE U,0.0
863,25 - 29,KBW,39.99,39.99,30.0,0.0,RED INTERNET & PHONE CABLE U,0.0
864,35 - 39,NRW,44.99,34.99,30.0,0.0,RED INTERNET & PHONE CABLE U,0.0
865,30 - 34,KBW,44.99,49.99,30.0,0.0,VF CABLEMAX,0.0
866,35 - 39,KBW,44.98,34.99,30.0,0.0,RED INTERNET & PHONE CABLE U,0.0
867,60 - 64,HSN,39.99,39.99,30.0,0.0,RED INTERNET & PHONE CABLE U,1.0
868,50 - 54,KBW,44.99,34.98,30.0,0.0,RED INTERNET & PHONE CABLE U,0.0
869,65 - 69,NRW,39.99,39.98,30.0,0.0,VF RIP U-TREUE,1.0
870,50 - 54,KBW,39.99,39.98,30.0,0.0,GIGAZUHAUSE KABEL,0.0
871,35 - 39,HSN,39.99,44.98,30.0,0.0,GIGAZUHAUSE TREUE B,1.0
872,18 - 24,KBW,44.99,39.98,30.0,0.0,VF RIP U-TREUE,1.0
873,55 - 59,NRW,39.97,39.99,30.0,0.0,VF CABLEMAX,0.0
874,30 - 34,NRW,39.99,39.99,30.0,0.0,RED INTERNET & PHONE CABLE U,1.0
875,40 - 44,NRW,44.99,29.97,30.0,0.0,RED INTERNET & PHONE CABLE U,1.0
876,55 - 59,KBW,44.98,39.99,30.0,0.0,RED INTERNET & PHONE CABLE U,1.0
877,45 - 49,KBW,34.99,44.99,30.0,0.0,VF CABLEMAX,1.0
878,25 - 29,KBW,39.98,44.99,30.0,0.0,VF CABLEMAX,1.0
879,45 - 49,NRW,44.98,44.97,30.0,0.0,RED INTERNET & PHONE CABLE U,0.0
880,45 - 49,NRW,49.98,44.99,30.0,0.0,RED INTERNET & PHONE CABLE U,1.0
881,30 - 34,KBW,34.99,39.99,30.0,0.0,RED INTERNET & PHONE CABLE U,0.0
882,50 - 54,NRW,44.99,42.99,30.0,0.0,RED INTERNET & PHONE CABLE U,1.0
883,55 - 59,KBW,34.97,39.98,30.0,0.0,VF RIP U-TREUE,0.0
884,25 - 29,KBW,44.99,44.97,30.0,0.0,RED INTERNET & PHONE CABLE U,1.0
885,35 - 39,KBW,44.98,54.97,30.0,0.0,RED INTERNET & PHONE CABLE U,0.0
886,30 - 34,KBW,34.98,44.99,30.0,0.0,VF RIP U-TREUE,0.0
887,50 - 54,NRW,39.98,32.99,30.0,0.0,VF CABLEMAX,0.0
888,35 - 39,KBW,49.98,44.99,30.0,0.0,RED INTERNET & PHONE CABLE U,1.0
889,50 - 54,NRW,44.98,39.99,30.0,0.0,VF CABLEMAX,0.0
890,45 - 49,NRW,39.99,39.98,30.0,0.0,VF CABLEMAX,1.0
891,30 - 34,NRW,44.99,39.99,30.0,0.0,VF CABLEMAX,1.0
892,35 - 39,NRW,44.99,39.99,30.0,0.0,GIGAZUHAUSE KABEL,0.0
893,60 - 64,KBW,44.99,54.97,30.0,0.0,VF RIP U-TREUE,1.0
894,30 - 34,KBW,17.98,39.98,30.0,0.0,VF RIP U-TREUE,0.0
895,25 - 29,NRW,44.97,44.98,30.0,0.0,VF RIP U-TREUE,1.0
896,65 - 69,KBW,44.98,44.98,30.0,0.0,RED INTERNET & PHONE CABLE U,0.0
897,25 - 29,NRW,44.98,39.99,30.0,0.0,RED INTERNET & PHONE CABLE U,0.0
898,55 - 59,NRW,37.99,39.99,30.0,0.0,VF CABLEMAX,1.0
899,25 - 29,NRW,49.99,44.99,30.0,0.0,RED INTERNET & PHONE CABLE U,1.0
900,35 - 39,NRW,39.99,44.99,30.0,0.0,RED INTERNET & PHONE CABLE U,0.0
901,40 - 44,KBW,37.99,39.98,30.0,0.0,RED INTERNET & PHONE CABLE U,0.0
902,45 - 49,HSN,49.99,39.98,30.0,0.0,RED INTERNET & PHONE CABLE U,0.0
903,30 - 34,KBW,39.99,34.98,30.0,0.0,VF RIP U-TREUE,0.0
904,55 - 59,NRW,39.98,39.99,30.0,0.0,VF RIP U-TREUE,1.0
905,40 - 44,KBW,34.99,54.99,30.0,0.0,RED INTERNET & PHONE CABLE U,0.0
906,30 - 34,NRW,34.98,39.99,30.0,0.0,VF CABLEMAX,1.0
907,35 - 39,NRW,34.99,44.97,30.0,0.0,VF RIP U-TREUE,1.0
908,30 - 34,NRW,44.98,39.99,30.0,0.0,VF RIP U-TREUE,1.0
909,18 - 24,NRW,44.99,39.99,30.0,0.0,RED INTERNET & PHONE CABLE U,0.0
910,35 - 39,NRW,49.98,24.99,30.0,0.0,RED INTERNET & PHONE CABLE U,0.0
911,30 - 34,KBW,44.98,32.97,30.0,0.0,GIGAZUHAUSE KABEL,1.0
912,35 - 39,NRW,34.99,29.98,30.0,0.0,VF RIP U-TREUE,1.0
913,35 - 39,KBW,29.99,34.98,30.0,0.0,RED INTERNET & PHONE CABLE U,1.0
914,30 - 34,NRW,29.99,39.98,30.0,0.0,RED INTERNET & PHONE CABLE U,0.0
915,60 - 64,NRW,39.99,39.98,30.0,0.0,VF RIP U-TREUE,1.0
916,50 - 54,NRW,42.99,39.99,30.0,0.0,RED INTERNET & PHONE CABLE U,1.0
917,60 - 64,NRW,39.99,42.99,30.0,0.0,RED INTERNET & PHONE CABLE U,0.0
918,35 - 39,KBW,34.99,37.98,30.0,0.0,RED INTERNET & PHONE CABLE U,0.0
919,40 - 44,NRW,34.98,44.97,30.0,0.0,RED INTERNET & PHONE CABLE U,1.0
920,35 - 39,KBW,44.98,37.99,30.0,0.0,VF RIP U-TREUE,0.0
921,60 - 64,KBW,44.98,39.98,30.0,0.0,RED INTERNET & PHONE CABLE U,0.0
922,30 - 34,HSN,44.97,42.99,30.0,0.0,VF CABLEMAX,1.0
923,50 - 54,NRW,44.98,39.99,30.0,0.0,RED INTERNET & PHONE CABLE U,1.0
924,65 - 69,NRW,49.99,29.99,30.0,0.0,VF CABLEMAX,1.0
925,35 - 39,NRW,44.99,49.99,30.0,0.0,VF RIP U-TREUE,1.0
926,25 - 29,NRW,49.99,39.99,30.0,0.0,VF CABLEMAX,0.0
927,30 - 34,NRW,32.99,39.99,30.0,0.0,RED INTERNET & PHONE CABLE U,1.0
928,35 - 39,KBW,44.99,32.99,30.0,0.0,VF RIP U-TREUE,0.0
929,30 - 34,KBW,44.99,39.98,30.0,0.0,RED INTERNET & PHONE CABLE U,1.0
930,30 - 34,KBW,44.99,44.98,30.0,0.0,GIGAZUHAUSE KABEL,1.0
931,50 - 54,KBW,34.99,34.98,30.0,0.0,RED INTERNET & PHONE CABLE U,1.0
932,40 - 44,NRW,39.98,34.97,30.0,0.0,GIGAZUHAUSE KABEL,1.0
933,25 - 29,NRW,42.98,19.99,30.0,0.0,RED INTERNET & PHONE CABLE U,1.0
934,30 - 34,NRW,39.99,34.98,30.0,0.0,RED INTERNET & PHONE CABLE U,1.0
935,35 - 39,NRW,39.98,54.99,30.0,0.0,VF CABLEMAX,1.0
936,80 and over,NRW,39.99,34.99,30.0,0.0,RED INTERNET & PHONE CABLE U,1.0
937,35 - 39,KBW,34.98,44.98,30.0,0.0,RED INTERNET & PHONE CABLE U,1.0
938,35 - 39,KBW,37.98,34.99,30.0,0.0,RED INTERNET & PHONE CABLE U,1.0
939,30 - 34,NRW,29.99,39.97,30.0,0.0,RED INTERNET & PHONE CABLE U,1.0
940,35 - 39,NRW,34.98,29.98,30.0,0.0,RED INTERNET & PHONE CABLE U,1.0
941,35 - 39,NRW,44.99,32.98,30.0,0.0,RED INTERNET & PHONE CABLE U,0.0
942,40 - 44,NRW,34.98,39.98,30.0,0.0,RED INTERNET & PHONE CABLE U,1.0
943,25 - 29,NRW,44.98,39.98,30.0,0.0,RED INTERNET & PHONE CABLE U,0.0
944,45 - 49,HSN,49.99,34.97,30.0,0.0,RED INTERNET & PHONE CABLE U,1.0
945,35 - 39,NRW,44.99,44.99,30.0,0.0,VF CABLEMAX,0.0
946,60 - 64,NRW,34.99,47.98,30.0,0.0,VF CABLEMAX,0.0
947,35 - 39,NRW,39.97,39.98,30.0,0.0,RED INTERNET & PHONE CABLE U,0.0
948,30 - 34,NRW,44.98,44.99,30.0,0.0,VF RIP U-TREUE,0.0
949,35 - 39,NRW,39.99,44.99,30.0,0.0,RED INTERNET & PHONE CABLE U,0.0
950,50 - 54,KBW,44.99,39.96,30.0,0.0,RED INTERNET & PHONE CABLE U,0.0
951,40 - 44,NRW,39.99,49.98,30.0,0.0,VF RIP U-TREUE,0.0
952,40 - 44,NRW,34.99,39.99,30.0,0.0,RED INTERNET & PHONE CABLE U,0.0
953,30 - 34,KBW,49.98,39.98,30.0,0.0,RED INTERNET & PHONE CABLE U,1.0
954,45 - 49,HSN,44.99,49.99,30.0,0.0,VF CABLEMAX,0.0
955,50 - 54,NRW,54.99,34.98,30.0,0.0,RED INTERNET & PHONE CABLE U,1.0
956,35 - 39,NRW,39.99,39.99,30.0,0.0,RED INTERNET & PHONE CABLE U,1.0
957,35 - 39,NRW,34.98,44.98,30.0,0.0,RED INTERNET & PHONE CABLE U,0.0
958,30 - 34,HSN,44.99,49.99,30.0,0.0,RED INTERNET & PHONE CABLE U,0.0
959,25 - 29,HSN,34.99,44.98,30.0,0.0,VF RIP U-TREUE,0.0
960,60 - 64,NRW,24.99,44.99,30.0,0.0,RED INTERNET & PHONE CABLE U,0.0
961,40 - 44,NRW,39.99,44.99,30.0,0.0,VF RIP U-TREUE,1.0
962,30 - 34,KBW,29.98,44.98,30.0,0.0,GIGAZUHAUSE KABEL,1.0
963,25 - 29,NRW,42.99,44.98,30.0,0.0,VF RIP U-TREUE,0.0
964,50 - 54,KBW,39.99,39.98,30.0,0.0,RED INTERNET & PHONE CABLE U,0.0
965,40 - 44,NRW,49.97,34.99,30.0,0.0,RED INTERNET & PHONE CABLE U,0.0
966,30 - 34,NRW,44.98,42.98,30.0,0.0,VF RIP U-TREUE,0.0
967,35 - 39,NRW,44.99,49.98,30.0,0.0,RED INTERNET & PHONE CABLE U,1.0
968,80 and over,KBW,39.96,34.99,30.0,0.0,GIGAZUHAUSE KABEL,1.0
969,55 - 59,KBW,44.97,44.99,30.0,0.0,RED INTERNET & PHONE CABLE U,1.0
970,35 - 39,NRW,29.98,34.99,30.0,0.0,RED INTERNET & PHONE CABLE U,1.0
971,40 - 44,KBW,34.99,34.99,30.0,0.0,RED INTERNET & PHONE CABLE U,0.0
972,55 - 59,NRW,39.99,34.99,30.0,0.0,RED INTERNET & PHONE CABLE U,0.0
973,25 - 29,NRW,34.99,44.97,30.0,0.0,RED INTERNET & PHONE CABLE U,1.0
974,45 - 49,HSN,37.99,49.99,30.0,0.0,RED INTERNET & PHONE CABLE U,1.0
975,50 - 54,KBW,39.98,39.99,30.0,0.0,RED INTERNET & PHONE CABLE U,1.0
976,40 - 44,HSN,39.98,39.98,30.0,0.0,GIGAZUHAUSE KABEL,0.0
977,25 - 29,NRW,34.96,24.99,30.0,0.0,VF CABLEMAX,1.0
978,60 - 64,NRW,49.98,34.97,30.0,0.0,VF CABLEMAX,0.0
979,50 - 54,KBW,54.99,29.98,30.0,0.0,VF CABLEMAX,1.0
980,60 - 64,NRW,44.98,44.98,30.0,0.0,VF RIP U-TREUE,0.0
981,45 - 49,KBW,44.99,39.99,30.0,0.0,RED INTERNET & PHONE CABLE U,1.0
982,35 - 39,KBW,44.98,34.98,30.0,0.0,VF RIP U-TREUE,1.0
983,55 - 59,KBW,44.99,44.98,4.0,0.0,VF RIP U-TREUE,0.0
984,40 - 44,HSN,34.97,44.99,30.0,0.0,RED INTERNET & PHONE CABLE U,1.0
985,25 - 29,KBW,39.99,49.98,30.0,0.0,VF CABLEMAX,0.0
986,55 - 59,NRW,44.99,44.98,30.0,0.0,RED INTERNET & PHONE CABLE U,1.0
987,35 - 39,NRW,39.98,39.97,30.0,0.0,RED INTERNET & PHONE CABLE U,0.0
988,70 - 74,KBW,44.98,39.99,30.0,0.0,VF CABLEMAX,0.0
989,25 - 29,NRW,44.98,44.99,30.0,0.0,RED INTERNET & PHONE CABLE U,1.0
990,70 - 74,KBW,44.99,32.99,30.0,0.0,RED INTERNET & PHONE CABLE U,1.0
991,40 - 44,NRW,34.98,39.98,30.0,0.0,RED INTERNET & PHONE CABLE U,0.0
992,50 - 54,NRW,44.99,44.98,30.0,0.0,GIGAZUHAUSE KABEL,1.0
993,45 - 49,KBW,49.99,54.98,30.0,0.0,VF RIP U-TREUE,1.0
994,30 - 34,NRW,44.99,44.99,30.0,0.0,GIGAZUHAUSE TREUE B,0.0
995,50 - 54,NRW,44.98,39.96,30.0,0.0,RED INTERNET & PHONE CABLE U,1.0
996,55 - 59,KBW,49.99,44.99,30.0,0.0,RED INTERNET & PHONE CABLE U,0.0
997,60 - 64,NRW,44.98,29.99,30.0,0.0,RED INTERNET & PHONE CABLE U,0.0
998,35 - 39,NRW,34.99,32.99,30.0,0.0,VF RIP U-TREUE,0.0
999,40 - 44,KBW,39.98,44.97,30.0,0.0,VF CABLEMAX,1.0
1000,55 - 59,NRW,24.98,37.97,30.0,0.0,RED INTERNET & PHONE CABLE U,1.0
1001,60 - 64,NRW,44.99,44.98,30.0,0.0,VF CABLEMAX,1.0
1002,25 - 29,KBW,49.99,39.99,30.0,0.0,VF RIP U-TREUE,0.0
1003,35 - 39,NRW,39.99,39.99,30.0,0.0,RED INTERNET & PHONE CABLE U,0.0
1004,30 - 34,NRW,34.99,39.98,30.0,0.0,RED INTERNET & PHONE CABLE U,1.0
1005,30 - 34,NRW,39.97,44.99,30.0,0.0,RED INTERNET & PHONE CABLE U,0.0
1006,25 - 29,NRW,44.98,39.99,30.0,0.0,GIGAZUHAUSE KABEL,1.0
1007,60 - 64,NRW,39.99,44.98,30.0,0.0,VF RIP U-TREUE,1.0
1008,50 - 54,NRW,39.98,44.99,30.0,0.0,RED INTERNET & PHONE CABLE U,1.0
1009,35 - 39,NRW,44.98,44.99,30.0,0.0,RED INTERNET & PHONE CABLE U,0.0
1010,25 - 29,NRW,34.97,39.98,30.0,0.0,RED INTERNET & PHONE CABLE U,0.0
1011,55 - 59,KBW,39.98,39.99,30.0,0.0,RED INTERNET & PHONE CABLE U,1.0
1012,30 - 34,NRW,29.99,44.99,30.0,0.0,VF RIP U-TREUE,1.0
1013,40 - 44,NRW,39.98,34.98,30.0,0.0,VF RIP U-TREUE,1.0
1014,55 - 59,HSN,42.99,19.97,30.0,0.0,RED INTERNET & PHONE CABLE U,1.0
1015,35 - 39,NRW,39.99,39.97,30.0,0.0,VF CABLEMAX,1.0
1016,35 - 39,NRW,39.98,44.98,30.0,0.0,RED INTERNET & PHONE CABLE U,1.0
1017,55 - 59,NRW,44.98,44.98,30.0,0.0,RED INTERNET & PHONE CABLE U,1.0
1018,65 - 69,HSN,44.98,39.98,30.0,0.0,VF RIP U-TREUE,0.0
1019,60 - 64,NRW,34.99,34.97,30.0,0.0,VF RIP U-TREUE,1.0
1020,55 - 59,NRW,39.99,44.97,30.0,0.0,RED INTERNET & PHONE CABLE U,1.0
1021,60 - 64,HSN,44.98,44.99,30.0,0.0,GIGAZUHAUSE KABEL,1.0
1022,40 - 44,KBW,39.97,44.99,30.0,0.0,RED INTERNET & PHONE CABLE U,1.0
1023,25 - 29,NRW,34.99,39.98,30.0,0.0,VF CABLEMAX,1.0
1024,35 - 39,NRW,44.99,39.99,30.0,0.0,VF CABLEMAX,1.0
1025,25 - 29,NRW,58.98,44.99,30.0,0.0,RED INTERNET & PHONE CABLE U,0.0
1026,30 - 34,NRW,24.99,34.99,30.0,0.0,RED INTERNET & PHONE CABLE U,0.0
1027,25 - 29,NRW,49.99,34.99,30.0,0.0,RED INTERNET & PHONE CABLE U,0.0
1028,30 - 34,KBW,44.99,39.99,30.0,0.0,GIGAZUHAUSE KABEL,1.0
1029,55 - 59,NRW,29.99,44.98,30.0,0.0,VF RIP U-TREUE,0.0
1030,25 - 29,KBW,34.99,49.98,30.0,0.0,VF RIP U-TREUE,1.0
1031,30 - 34,HSN,39.99,44.96,30.0,0.0,VF RIP U-TREUE,0.0
1032,55 - 59,NRW,34.98,34.97,30.0,0.0,VF RIP U-TREUE,0.0
1033,55 - 59,NRW,44.98,44.99,30.0,0.0,GIGAZUHAUSE KABEL,0.0
1034,35 - 39,NRW,44.98,39.98,30.0,0.0,RED INTERNET & PHONE CABLE U,0.0
1035,35 - 39,NRW,49.99,44.99,30.0,0.0,VF RIP U-TREUE,0.0
1036,55 - 59,NRW,34.98,44.97,30.0,0.0,RED INTERNET & PHONE CABLE U,1.0
1037,35 - 39,NRW,34.99,44.99,30.0,0.0,RED INTERNET & PHONE CABLE U,1.0
1038,50 - 54,HSN,39.99,39.99,30.0,0.0,VF CABLEMAX,0.0
1039,30 - 34,NRW,49.98,34.99,30.0,0.0,RED INTERNET & PHONE CABLE U,1.0
1040,25 - 29,NRW,44.98,24.98,30.0,0.0,VF RIP U-TREUE,1.0
1041,40 - 44,HSN,39.98,34.99,30.0,0.0,RED INTERNET & PHONE CABLE U,1.0
1042,25 - 29,KBW,34.99,49.98,30.0,0.0,RED INTERNET & PHONE CABLE U,1.0
1043,50 - 54,KBW,34.98,44.98,30.0,0.0,VF CABLEMAX,0.0
1044,35 - 39,NRW,39.99,44.97,30.0,0.0,RED INTERNET & PHONE CABLE U,1.0
1045,35 - 39,NRW,34.99,32.98,30.0,0.0,RED INTERNET & PHONE CABLE U,0.0
1046,35 - 39,KBW,34.97,34.98,30.0,0.0,VF CABLEMAX,0.0
1047,35 - 39,NRW,34.99,39.99,30.0,0.0,VF CABLEMAX,0.0
1048,35 - 39,NRW,39.98,39.99,30.0,0.0,VF RIP U-TREUE,1.0
1049,35 - 39,NRW,44.98,39.98,30.0,0.0,RED INTERNET & PHONE CABLE U,0.0
1050,25 - 29,NRW,32.98,44.98,30.0,0.0,VF CABLEMAX,0.0
1051,40 - 44,NRW,29.98,44.97,30.0,0.0,VF RIP U-TREUE,1.0
1052,35 - 39,NRW,34.98,44.98,30.0,0.0,RED INTERNET & PHONE CABLE U,0.0
1053,65 - 69,HSN,34.98,39.99,30.0,0.0,RED INTERNET & PHONE CABLE U,1.0
1054,30 - 34,NRW,32.98,34.99,30.0,0.0,RED INTERNET & PHONE CABLE U,0.0
1055,25 - 29,KBW,39.97,44.98,30.0,0.0,VF RIP U-TREUE,1.0
1056,25 - 29,HSN,39.99,44.99,30.0,0.0,RED INTERNET & PHONE CABLE U,0.0
1057,55 - 59,NRW,39.99,39.99,30.0,0.0,VF RIP U-TREUE,0.0
1058,50 - 54,HSN,34.99,39.99,30.0,0.0,RED INTERNET & PHONE CABLE U,1.0
1059,40 - 44,NRW,37.98,44.99,30.0,0.0,RED INTERNET & PHONE CABLE U,1.0
1060,40 - 44,NRW,49.99,39.99,30.0,0.0,VF RIP U-TREUE,0.0
1061,25 - 29,NRW,34.99,44.99,30.0,0.0,RED INTERNET & PHONE CABLE U,0.0
1062,35 - 39,KBW,44.99,44.99,30.0,0.0,VF CABLEMAX,0.0
1063,35 - 39,KBW,29.99,34.99,30.0,0.0,RED INTERNET & PHONE CABLE U,0.0
1064,50 - 54,HSN,44.98,39.98,30.0,0.0,VF RIP U-TREUE,1.0
1065,35 - 39,NRW,44.97,62.99,30.0,0.0,RED INTERNET & PHONE CABLE U,0.0
1066,45 - 49,NRW,32.99,44.99,30.0,0.0,RED INTERNET & PHONE CABLE U,1.0
1067,35 - 39,NRW,39.99,34.98,30.0,0.0,RED INTERNET & PHONE CABLE U,1.0
1068,35 - 39,HSN,44.98,34.99,30.0,0.0,RED INTERNET & PHONE CABLE U,0.0
1069,35 - 39,KBW,34.99,37.99,30.0,0.0,RED INTERNET & PHONE CABLE U,1.0
1070,60 - 64,HSN,44.98,39.98,30.0,0.0,RED INTERNET & PHONE CABLE U,0.0
1071,25 - 29,NRW,54.99,44.98,30.0,0.0,RED INTERNET & PHONE CABLE U,0.0
1072,35 - 39,KBW,29.98,44.98,30.0,0.0,VF RIP U-TREUE,1.0
1073,35 - 39,NRW,39.97,34.99,30.0,0.0,RED INTERNET & PHONE CABLE U,0.0
1074,40 - 44,NRW,49.99,34.98,30.0,0.0,RED INTERNET & PHONE CABLE U,0.0
1075,35 - 39,NRW,54.98,44.99,30.0,0.0,RED INTERNET & PHONE CABLE U,1.0
1076,35 - 39,NRW,39.98,44.98,30.0,0.0,RED INTERNET & PHONE CABLE U,0.0
1077,50 - 54,KBW,44.98,29.98,30.0,0.0,RED INTERNET & PHONE CABLE U,0.0
1078,80 and over,KBW,37.97,44.98,30.0,0.0,VF RIP U-TREUE,0.0
1079,35 - 39,KBW,44.97,44.97,30.0,0.0,VF RIP U-TREUE,1.0
1080,30 - 34,NRW,49.98,54.98,30.0,0.0,RED INTERNET & PHONE CABLE U,0.0
1081,25 - 29,NRW,34.98,39.97,30.0,0.0,VF CABLEMAX,1.0
1082,35 - 39,KBW,42.98,42.99,30.0,0.0,VF RIP U-TREUE,1.0
1083,35 - 39,NRW,39.99,44.99,30.0,0.0,RED INTERNET & PHONE CABLE U,0.0
1084,30 - 34,KBW,44.98,37.99,30.0,0.0,VF CABLEMAX,0.0
1085,65 - 69,NRW,44.98,44.99,30.0,0.0,RED INTERNET & PHONE CABLE U,1.0
1086,55 - 59,NRW,34.99,34.99,30.0,0.0,GIGAZUHAUSE KABEL,1.0
1087,55 - 59,KBW,49.99,44.99,30.0,0.0,RED INTERNET & PHONE CABLE U,0.0
1088,35 - 39,NRW,44.98,34.98,30.0,0.0,RED INTERNET & PHONE CABLE U,0.0
1089,30 - 34,NRW,47.98,29.99,30.0,0.0,RED INTERNET & PHONE CABLE U,0.0
1090,60 - 64,KBW,44.98,29.98,30.0,0.0,RED INTERNET & PHONE CABLE U,1.0
1091,50 - 54,NRW,34.99,44.99,30.0,0.0,VF RIP U-TREUE,0.0
1092,45 - 49,NRW,39.98,39.99,30.0,0.0,RED INTERNET & PHONE CABLE U,0.0
1093,70 - 74,NRW,49.96,39.99,30.0,0.0,GIGAZUHAUSE KABEL,1.0
1094,60 - 64,NRW,34.99,39.98,30.0,0.0,RED INTERNET & PHONE CABLE U,0.0
1095,30 - 34,NRW,34.99,58.99,30.0,0.0,RED INTERNET & PHONE CABLE U,1.0
1096,45 - 49,NRW,39.99,44.98,30.0,0.0,RED INTERNET & PHONE CABLE U,1.0
1097,30 - 34,KBW,39.99,44.98,30.0,0.0,RED INTERNET & PHONE CABLE U,0.0
1098,50 - 54,NRW,39.99,44.98,30.0,0.0,RED INTERNET & PHONE CABLE U,0.0
1099,25 - 29,NRW,44.98,39.99,30.0,0.0,VF RIP U-TREUE,0.0
1100,25 - 29,NRW,74.98,39.99,30.0,0.0,RED INTERNET & PHONE CABLE U,1.0
1101,40 - 44,NRW,44.97,44.98,30.0,0.0,RED INTERNET & PHONE CABLE U,1.0
1102,35 - 39,KBW,44.98,44.98,30.0,0.0,VF RIP U-TREUE,0.0
1103,35 - 39,KBW,39.98,34.97,30.0,0.0,RED INTERNET & PHONE CABLE U,1.0
1104,50 - 54,NRW,34.99,34.98,30.0,0.0,VF RIP U-TREUE,1.0
1105,80 and over,KBW,45.99,44.98,30.0,0.0,RED INTERNET & PHONE CABLE U,1.0
1106,30 - 34,NRW,39.99,34.99,30.0,0.0,VF RIP U-TREUE,0.0
1107,25 - 29,HSN,37.98,44.98,30.0,0.0,GIGAZUHAUSE KABEL,1.0
1108,40 - 44,NRW,39.99,44.97,30.0,0.0,RED INTERNET & PHONE CABLE U,1.0
1109,35 - 39,NRW,32.99,39.99,30.0,0.0,RED INTERNET & PHONE CABLE U,0.0
1110,50 - 54,KBW,69.99,34.99,30.0,0.0,RED INTERNET & PHONE CABLE U,1.0
1111,65 - 69,NRW,44.98,39.98,30.0,0.0,RED INTERNET & PHONE CABLE U,0.0
1112,50 - 54,NRW,39.99,39.98,30.0,0.0,VF CABLEMAX,1.0
1113,35 - 39,NRW,44.99,44.99,30.0,0.0,RED INTERNET & PHONE CABLE U,1.0
1114,30 - 34,KBW,49.98,39.98,30.0,0.0,RED INTERNET & PHONE CABLE U,0.0
1115,55 - 59,KBW,39.99,49.99,30.0,0.0,VF CABLEMAX,0.0
1116,25 - 29,NRW,42.98,39.98,30.0,0.0,VF RIP U-TREUE,0.0
1117,25 - 29,KBW,39.99,44.98,30.0,0.0,GIGAZUHAUSE KABEL,0.0
1118,80 and over,KBW,39.99,39.98,30.0,0.0,RED INTERNET & PHONE CABLE U,1.0
1119,35 - 39,HSN,44.98,34.99,30.0,0.0,RED INTERNET & PHONE CABLE U,0.0
1120,60 - 64,HSN,42.99,49.98,30.0,0.0,RED INTERNET & PHONE CABLE U,0.0
1121,35 - 39,KBW,44.99,44.99,30.0,0.0,VF RIP U-TREUE,1.0
1122,60 - 64,HSN,44.98,39.95,30.0,0.0,RED INTERNET & PHONE CABLE U,1.0
1123,30 - 34,NRW,32.99,44.99,30.0,0.0,RED INTERNET & PHONE CABLE U,1.0
1124,30 - 34,KBW,39.98,39.99,30.0,0.0,VF RIP U-TREUE,1.0
1125,30 - 34,NRW,39.98,34.99,30.0,0.0,RED INTERNET & PHONE CABLE U,0.0
1126,35 - 39,NRW,34.98,44.99,30.0,0.0,VF RIP U-TREUE,1.0
1127,70 - 74,HSN,44.98,54.98,30.0,0.0,VF CABLEMAX,0.0
1128,30 - 34,NRW,34.99,44.99,30.0,0.0,VF CABLEMAX,1.0
1129,25 - 29,NRW,39.99,44.99,30.0,0.0,RED INTERNET & PHONE CABLE U,0.0
1130,30 - 34,NRW,11.98,39.99,30.0,0.0,RED INTERNET & PHONE CABLE U,1.0
1131,55 - 59,KBW,34.99,39.98,30.0,0.0,GIGAZUHAUSE KABEL,0.0
1132,60 - 64,NRW,44.98,44.99,30.0,1.0,RED INTERNET & PHONE CABLE U,0.0
1133,55 - 59,NRW,39.99,42.98,30.0,0.0,VF CABLEMAX,0.0
1134,30 - 34,NRW,37.98,44.99,30.0,0.0,RED INTERNET & PHONE CABLE U,0.0
1135,40 - 44,KBW,39.98,34.99,30.0,0.0,VF CABLEMAX,0.0
1136,60 - 64,NRW,32.99,44.98,30.0,0.0,VF RIP U-TREUE,1.0
1137,50 - 54,KBW,39.98,29.98,30.0,0.0,VF RIP U-TREUE,0.0
1138,35 - 39,KBW,44.99,49.99,30.0,0.0,VF CABLEMAX,0.0
1139,40 - 44,KBW,39.99,49.99,30.0,0.0,VF RIP U-TREUE,1.0
1140,80 and over,KBW,34.98,39.96,30.0,0.0,VF RIP U-TREUE,0.0
1141,60 - 64,KBW,44.99,49.99,30.0,0.0,VF RIP U-TREUE,1.0
1142,45 - 49,HSN,44.99,34.98,30.0,0.0,RED INTERNET & PHONE CABLE U,0.0
1143,35 - 39,NRW,34.98,34.98,30.0,0.0,GIGAZUHAUSE KABEL,0.0
1144,40 - 44,NRW,44.99,39.99,30.0,0.0,RED INTERNET & PHONE CABLE U,0.0
1145,30 - 34,NRW,34.98,39.98,30.0,0.0,VF RIP U-TREUE,0.0
1146,40 - 44,NRW,39.98,44.99,30.0,0.0,GIGAZUHAUSE KABEL,1.0
1147,35 - 39,NRW,34.99,44.97,30.0,0.0,RED INTERNET & PHONE CABLE U,1.0
1148,60 - 64,NRW,34.96,39.99,30.0,0.0,VF CABLEMAX,0.0
1149,25 - 29,NRW,39.99,34.98,30.0,0.0,RED INTERNET & PHONE CABLE U,0.0
1150,55 - 59,NRW,29.98,39.99,30.0,0.0,RED INTERNET & PHONE CABLE U,1.0
1151,30 - 34,NRW,39.99,39.99,6.0,0.0,VF CABLEMAX,1.0
1152,25 - 29,KBW,49.99,44.99,30.0,0.0,RED INTERNET & PHONE CABLE U,1.0
1153,35 - 39,KBW,54.99,44.99,30.0,0.0,VF RIP U-TREUE,0.0
1154,30 - 34,NRW,49.98,44.98,30.0,0.0,RED INTERNET & PHONE CABLE U,0.0
1155,25 - 29,KBW,39.98,44.99,30.0,0.0,VF CABLEMAX,1.0
1156,40 - 44,KBW,39.99,34.98,30.0,0.0,GIGAZUHAUSE KABEL,1.0
1157,30 - 34,NRW,44.97,44.98,30.0,0.0,VF RIP U-TREUE,1.0
1158,25 - 29,KBW,34.99,34.98,30.0,0.0,RED INTERNET & PHONE CABLE U,1.0
1159,40 - 44,NRW,29.99,44.98,30.0,0.0,VF CABLEMAX,0.0
1160,30 - 34,NRW,39.99,44.99,30.0,0.0,RED INTERNET & PHONE CABLE U,1.0
1161,35 - 39,NRW,34.98,44.99,30.0,0.0,RED INTERNET & PHONE CABLE U,0.0
1162,35 - 39,KBW,37.99,44.99,30.0,0.0,RED INTERNET & PHONE CABLE U,0.0
1163,25 - 29,NRW,39.99,39.99,30.0,0.0,VF RIP U-TREUE,0.0
1164,65 - 69,NRW,49.99,44.99,30.0,0.0,RED INTERNET & PHONE CABLE U,1.0
1165,60 - 64,NRW,44.98,24.97,30.0,0.0,GIGAZUHAUSE KABEL,1.0
1166,60 - 64,NRW,49.98,44.98,30.0,0.0,VF RIP U-TREUE,1.0
1167,25 - 29,KBW,44.99,39.99,30.0,0.0,VF CABLEMAX,0.0
1168,35 - 39,KBW,44.98,44.99,30.0,0.0,RED INTERNET & PHONE CABLE U,1.0
1169,35 - 39,NRW,49.99,44.98,30.0,0.0,RED INTERNET & PHONE CABLE U,1.0
1170,60 - 64,NRW,44.99,54.98,30.0,0.0,GIGAZUHAUSE TREUE C,0.0
1171,25 - 29,HSN,44.99,49.99,30.0,0.0,RED INTERNET & PHONE CABLE U,0.0
1172,30 - 34,KBW,44.97,34.99,30.0,0.0,VF RIP U-TREUE,1.0
1173,40 - 44,NRW,34.98,34.98,30.0,0.0,RED INTERNET & PHONE CABLE U,0.0
1174,60 - 64,HSN,54.98,39.98,30.0,0.0,VF CABLEMAX,0.0
1175,40 - 44,KBW,42.98,32.97,30.0,0.0,RED INTERNET & PHONE CABLE U,0.0
1176,55 - 59,KBW,44.98,37.98,30.0,0.0,RED INTERNET & PHONE CABLE U,1.0
1177,25 - 29,KBW,34.99,44.99,30.0,0.0,RED INTERNET & PHONE CABLE U,0.0
1178,40 - 44,HSN,44.99,44.98,30.0,0.0,GIGAZUHAUSE KABEL,1.0
1179,60 - 64,NRW,44.99,44.99,30.0,0.0,VF RIP U-TREUE,1.0
1180,35 - 39,KBW,44.99,44.98,30.0,0.0,RED INTERNET & PHONE CABLE U,0.0
1181,40 - 44,KBW,39.99,34.99,30.0,0.0,VF CABLEMAX,0.0
1182,35 - 39,NRW,32.98,39.99,30.0,0.0,RED INTERNET & PHONE CABLE U,1.0
1183,35 - 39,NRW,44.99,39.98,30.0,0.0,RED INTERNET & PHONE CABLE U,0.0
1184,80 and over,NRW,54.99,34.96,30.0,0.0,VF RIP U-TREUE,0.0
1185,50 - 54,NRW,34.99,39.99,30.0,0.0,VF RIP U-TREUE,1.0
1186,30 - 34,NRW,44.99,34.99,30.0,0.0,RED INTERNET & PHONE CABLE U,1.0
1187,40 - 44,NRW,39.98,39.98,30.0,0.0,GIGAZUHAUSE KABEL,0.0
1188,30 - 34,NRW,34.97,34.98,30.0,0.0,VF RIP U-TREUE,1.0
1189,35 - 39,NRW,39.98,54.98,30.0,0.0,RED INTERNET & PHONE CABLE U,0.0
1190,25 - 29,KBW,34.98,39.98,30.0,0.0,RED INTERNET & PHONE CABLE U,1.0
1191,35 - 39,KBW,34.99,29.99,30.0,0.0,VF RIP U-TREUE,1.0
1192,35 - 39,HSN,29.98,39.99,30.0,0.0,RED INTERNET & PHONE CABLE U,0.0
1193,60 - 64,HSN,44.98,39.97,30.0,0.0,VF RIP U-TREUE,1.0
1194,35 - 39,NRW,39.99,29.98,30.0,0.0,VF RIP U-TREUE,0.0
1195,50 - 54,NRW,37.99,39.99,30.0,0.0,RED INTERNET & PHONE CABLE U,0.0
1196,55 - 59,HSN,44.98,43.99,30.0,0.0,GIGAZUHAUSE KABEL,1.0
1197,35 - 39,KBW,34.98,39.99,30.0,0.0,RED INTERNET & PHONE CABLE U,0.0
1198,50 - 54,NRW,39.99,44.98,30.0,0.0,RED INTERNET & PHONE CABLE U,0.0
1199,25 - 29,KBW,44.97,49.98,30.0,0.0,RED INTERNET & PHONE CABLE U,0.0
1200,40 - 44,HSN,44.99,54.98,30.0,0.0,RED INTERNET & PHONE CABLE U,0.0
1201,60 - 64,HSN,42.99,34.99,30.0,0.0,RED INTERNET & PHONE CABLE U,0.0
1202,80 and over,HSN,44.99,44.98,30.0,1.0,RED INTERNET & PHONE CABLE U,1.0
1203,30 - 34,KBW,44.98,44.97,30.0,0.0,GIGAZUHAUSE KABEL,1.0
1204,40 - 44,NRW,44.98,44.99,30.0,0.0,RED INTERNET & PHONE CABLE U,1.0
1205,30 - 34,HSN,44.99,32.99,30.0,0.0,RED INTERNET & PHONE CABLE U,0.0
1206,40 - 44,NRW,49.99,44.98,30.0,0.0,RED INTERNET & PHONE CABLE U,1.0
1207,30 - 34,NRW,39.98,39.98,30.0,0.0,VF RIP U-TREUE,0.0
1208,30 - 34,NRW,54.99,39.98,30.0,0.0,RED INTERNET & PHONE CABLE U,1.0
1209,60 - 64,KBW,44.99,44.98,30.0,0.0,RED INTERNET & PHONE CABLE U,0.0
1210,30 - 34,KBW,42.99,44.99,30.0,0.0,VF RIP U-TREUE,0.0
1211,35 - 39,NRW,34.99,44.98,30.0,0.0,RED INTERNET & PHONE CABLE U,1.0
1212,35 - 39,NRW,39.99,34.99,30.0,0.0,RED INTERNET & PHONE CABLE U,1.0
1213,30 - 34,HSN,39.98,34.99,30.0,0.0,RED INTERNET & PHONE CABLE U,1.0
1214,60 - 64,HSN,29.99,39.98,30.0,0.0,VF RIP U-TREUE,0.0
1215,45 - 49,KBW,44.98,44.99,30.0,0.0,VF CABLEMAX,1.0
1216,35 - 39,KBW,39.98,39.98,30.0,0.0,VF RIP U-TREUE,1.0
1217,35 - 39,KBW,44.99,39.97,30.0,0.0,RED INTERNET & PHONE CABLE U,0.0
1218,30 - 34,NRW,44.98,44.98,30.0,0.0,VF CABLEMAX,1.0
1219,25 - 29,KBW,44.98,49.99,30.0,0.0,RED INTERNET & PHONE CABLE U,1.0
1220,30 - 34,HSN,39.98,32.98,30.0,0.0,VF RIP U-TREUE,0.0
1221,60 - 64,KBW,74.99,59.99,30.0,0.0,RED INTERNET & PHONE CABLE U,0.0
1222,60 - 64,NRW,44.99,34.99,30.0,0.0,VF RIP U-TREUE,0.0
1223,30 - 34,NRW,34.98,34.98,30.0,0.0,RED INTERNET & PHONE CABLE U,0.0
1224,25 - 29,HSN,42.99,34.98,30.0,0.0,GIGAZUHAUSE KABEL,0.0
1225,60 - 64,KBW,44.98,42.98,30.0,0.0,RED INTERNET & PHONE CABLE U,1.0
1226,60 - 64,HSN,54.99,44.98,30.0,0.0,RED INTERNET & PHONE CABLE U,1.0
1227,35 - 39,KBW,29.99,29.99,30.0,0.0,VF CABLEMAX,1.0
1228,45 - 49,NRW,29.99,44.98,30.0,0.0,VF CABLEMAX,1.0
1229,60 - 64,NRW,49.99,34.98,30.0,0.0,RED INTERNET & PHONE CABLE U,1.0
1230,35 - 39,KBW,39.97,44.97,30.0,0.0,RED INTERNET & PHONE CABLE U,1.0
1231,30 - 34,HSN,39.99,29.98,30.0,1.0,RED INTERNET & PHONE CABLE U,0.0
1232,65 - 69,NRW,42.98,39.98,30.0,0.0,VF CABLEMAX,0.0
1233,30 - 34,NRW,34.99,39.99,30.0,0.0,RED INTERNET & PHONE CABLE U,1.0
1234,30 - 34,NRW,39.98,39.99,30.0,0.0,GIGAZUHAUSE KABEL,1.0
1235,50 - 54,NRW,49.98,49.98,30.0,0.0,VF CABLEMAX,0.0
1236,55 - 59,NRW,39.99,44.98,30.0,0.0,RED INTERNET & PHONE CABLE U,1.0
1237,55 - 59,KBW,44.98,39.99,30.0,0.0,RED INTERNET & PHONE CABLE U,0.0
1238,50 - 54,HSN,39.98,44.98,30.0,0.0,VF CABLEMAX,1.0
1239,60 - 64,NRW,34.98,39.96,30.0,0.0,RED INTERNET & PHONE CABLE U,1.0
1240,30 - 34,NRW,44.99,39.98,30.0,0.0,RED INTERNET & PHONE CABLE U,1.0
1241,35 - 39,KBW,39.98,49.98,30.0,0.0,RED INTERNET & PHONE CABLE U,0.0
1242,25 - 29,NRW,44.98,46.98,30.0,0.0,GIGAZUHAUSE KABEL,0.0
1243,55 - 59,NRW,44.98,44.99,30.0,0.0,RED INTERNET & PHONE CABLE U,0.0
1244,55 - 59,KBW,49.99,32.99,30.0,0.0,VF CABLEMAX,0.0
1245,40 - 44,KBW,39.98,29.98,30.0,0.0,RED INTERNET & PHONE CABLE U,1.0
1246,40 - 44,KBW,39.98,34.99,30.0,0.0,RED INTERNET & PHONE CABLE U,0.0
1247,30 - 34,NRW,29.98,44.99,30.0,0.0,RED INTERNET & PHONE CABLE U,0.0
1248,40 - 44,KBW,39.99,42.98,30.0,0.0,RED INTERNET & PHONE CABLE U,0.0
1249,55 - 59,KBW,39.98,32.98,30.0,0.0,RED INTERNET & PHONE CABLE U,1.0
1250,30 - 34,NRW,34.98,29.98,30.0,0.0,RED INTERNET & PHONE CABLE U,1.0
1251,35 - 39,NRW,44.98,34.98,30.0,0.0,RED INTERNET & PHONE CABLE U,0.0
1252,40 - 44,NRW,40.99,34.99,30.0,0.0,VF CABLEMAX,0.0
1253,55 - 59,NRW,34.99,44.99,30.0,0.0,RED INTERNET & PHONE CABLE U,1.0
1254,50 - 54,NRW,44.99,44.99,30.0,0.0,VF RIP U-TREUE,0.0
1255,70 - 74,HSN,44.98,44.99,30.0,0.0,RED INTERNET & PHONE CABLE U,0.0
1256,30 - 34,KBW,39.99,39.99,30.0,0.0,GIGAZUHAUSE TREUE C,1.0
1257,30 - 34,KBW,34.98,34.98,30.0,0.0,RED INTERNET & PHONE CABLE U,1.0
1258,40 - 44,KBW,49.99,44.99,30.0,0.0,RED INTERNET & PHONE CABLE U,0.0
1259,35 - 39,KBW,34.98,39.97,30.0,0.0,RED INTERNET & PHONE CABLE U,1.0
1260,30 - 34,NRW,37.98,29.95,30.0,0.0,VF CABLEMAX,1.0
1261,35 - 39,NRW,34.99,34.97,30.0,0.0,RED INTERNET & PHONE CABLE U,1.0
1262,60 - 64,HSN,44.97,39.99,30.0,0.0,GIGAZUHAUSE KABEL,0.0
1263,30 - 34,NRW,49.99,27.99,30.0,0.0,RED INTERNET & PHONE CABLE U,0.0
1264,30 - 34,KBW,44.99,39.98,30.0,0.0,RED INTERNET & PHONE CABLE U,0.0
1265,35 - 39,NRW,39.98,39.99,30.0,0.0,RED INTERNET & PHONE CABLE U,1.0
1266,35 - 39,NRW,49.99,49.99,30.0,0.0,VF RIP U-TREUE,1.0
1267,35 - 39,HSN,44.98,39.99,30.0,0.0,RED INTERNET & PHONE CABLE U,1.0
1268,50 - 54,NRW,44.98,39.99,30.0,0.0,GIGAZUHAUSE KABEL,1.0
1269,45 - 49,NRW,42.97,54.98,30.0,0.0,VF CABLEMAX,0.0
1270,55 - 59,NRW,39.97,29.97,30.0,0.0,VF RIP U-TREUE,1.0
1271,50 - 54,KBW,44.99,44.98,30.0,0.0,RED INTERNET & PHONE CABLE U,0.0
1272,25 - 29,NRW,34.99,34.99,30.0,0.0,GIGAZUHAUSE KABEL,0.0
1273,18 - 24,NRW,44.96,39.98,30.0,0.0,RED INTERNET & PHONE CABLE U,0.0
1274,60 - 64,NRW,39.98,44.98,30.0,0.0,RED INTERNET & PHONE CABLE U,1.0
1275,60 - 64,NRW,39.98,44.99,30.0,0.0,RED INTERNET & PHONE CABLE U,1.0
1276,55 - 59,KBW,44.98,39.98,30.0,0.0,RED INTERNET & PHONE CABLE U,0.0
1277,35 - 39,NRW,34.97,34.99,30.0,0.0,RED INTERNET & PHONE CABLE U,0.0
1278,25 - 29,NRW,37.98,42.98,30.0,0.0,RED INTERNET & PHONE CABLE U,1.0
1279,40 - 44,KBW,49.96,34.99,30.0,0.0,VF CABLEMAX,1.0
1280,45 - 49,NRW,32.98,39.98,30.0,0.0,VF CABLEMAX,0.0
1281,50 - 54,NRW,44.99,34.98,30.0,0.0,RED INTERNET & PHONE CABLE U,0.0
1282,60 - 64,NRW,39.98,34.98,30.0,0.0,VF RIP U-TREUE,0.0
1283,30 - 34,NRW,39.98,44.99,30.0,0.0,VF RIP U-TREUE,0.0
1284,40 - 44,NRW,49.98,44.98,30.0,0.0,GIGAZUHAUSE KABEL,1.0
1285,35 - 39,NRW,49.98,34.98,30.0,0.0,RED INTERNET & PHONE CABLE U,1.0
1286,30 - 34,HSN,34.99,44.99,30.0,0.0,RED INTERNET & PHONE CABLE U,1.0
1287,30 - 34,KBW,43.98,34.98,30.0,0.0,GIGAZUHAUSE KABEL,1.0
1288,55 - 59,HSN,39.97,29.99,30.0,0.0,RED INTERNET & PHONE CABLE U,1.0
1289,30 - 34,HSN,44.97,29.97,30.0,0.0,RED INTERNET & PHONE CABLE U,1.0
1290,25 - 29,NRW,44.99,54.98,30.0,0.0,VF RIP U-TREUE,1.0
1291,65 - 69,HSN,39.99,49.98,30.0,0.0,VF RIP U-TREUE,0.0
1292,40 - 44,HSN,39.98,39.97,30.0,0.0,VF RIP U-TREUE,0.0
1293,30 - 34,KBW,47.99,39.99,30.0,0.0,RED INTERNET & PHONE CABLE U,1.0
1294,25 - 29,NRW,39.97,39.98,30.0,0.0,VF RIP U-TREUE,1.0
1295,30 - 34,NRW,39.98,34.99,30.0,0.0,VF CABLEMAX,0.0
1296,35 - 39,KBW,29.98,49.98,30.0,0.0,RED INTERNET & PHONE CABLE U,0.0
1297,55 - 59,NRW,44.97,49.98,30.0,0.0,VF RIP U-TREUE,0.0
1298,35 - 39,HSN,39.99,39.98,30.0,0.0,GIGAZUHAUSE KABEL,0.0
1299,50 - 54,NRW,39.99,49.98,30.0,0.0,RED INTERNET & PHONE CABLE U,0.0
1300,30 - 34,KBW,39.98,44.98,30.0,0.0,RED INTERNET & PHONE CABLE U,1.0
1301,35 - 39,HSN,44.99,39.99,30.0,0.0,VF RIP U-TREUE,1.0
1302,18 - 24,NRW,39.98,39.98,30.0,0.0,VF RIP U-TREUE,1.0
1303,40 - 44,KBW,34.98,44.98,30.0,0.0,RED INTERNET & PHONE CABLE U,0.0
1304,40 - 44,HSN,39.99,39.99,30.0,0.0,VF RIP U-TREUE,0.0
1305,40 - 44,NRW,44.98,49.98,30.0,0.0,GIGAZUHAUSE KABEL,0.0
1306,35 - 39,NRW,44.97,44.99,30.0,0.0,RED INTERNET & PHONE CABLE U,0.0
1308,30 - 34,KBW,49.97,44.99,30.0,0.0,RED INTERNET & PHONE CABLE U,0.0
1309,40 - 44,NRW,44.99,39.97,30.0,0.0,RED INTERNET & PHONE CABLE U,1.0
1310,45 - 49,KBW,39.99,37.99,30.0,0.0,RED INTERNET & PHONE CABLE U,0.0
1311,40 - 44,KBW,39.99,44.99,30.0,0.0,VF CABLEMAX,0.0
1312,65 - 69,HSN,34.97,44.99,30.0,0.0,RED INTERNET & PHONE CABLE U,0.0
1313,60 - 64,HSN,39.98,44.98,30.0,0.0,RED INTERNET & PHONE CABLE U,1.0
1314,35 - 39,NRW,34.98,34.97,30.0,0.0,RED INTERNET & PHONE CABLE U,0.0
1315,25 - 29,NRW,39.98,32.99,30.0,0.0,RED INTERNET & PHONE CABLE U,1.0
1316,35 - 39,KBW,44.99,39.99,30.0,0.0,VF RIP U-TREUE,0.0
1317,40 - 44,KBW,39.98,34.98,30.0,0.0,RED INTERNET & PHONE CABLE U,1.0
1318,60 - 64,NRW,44.99,39.98,7.0,0.0,RED INTERNET & PHONE CABLE U,0.0
1319,50 - 54,NRW,44.98,34.98,30.0,0.0,VF CABLEMAX,0.0
1320,40 - 44,NRW,39.99,44.99,30.0,0.0,RED INTERNET & PHONE CABLE U,0.0
1321,40 - 44,NRW,54.97,44.99,30.0,0.0,RED INTERNET & PHONE CABLE U,1.0
1322,60 - 64,HSN,39.99,37.99,30.0,0.0,VF RIP U-TREUE,1.0
1323,50 - 54,HSN,44.98,69.98,30.0,0.0,RED INTERNET & PHONE CABLE U,0.0
1324,25 - 29,KBW,39.98,49.98,30.0,0.0,RED INTERNET & PHONE CABLE U,1.0
1325,35 - 39,NRW,44.99,34.97,30.0,0.0,RED INTERNET & PHONE CABLE U,1.0
1326,30 - 34,KBW,34.99,49.98,30.0,0.0,VF RIP U-TREUE,0.0
1327,40 - 44,NRW,34.98,44.98,30.0,0.0,VF CABLEMAX,0.0
1328,30 - 34,HSN,49.99,34.98,30.0,0.0,GIGAZUHAUSE KABEL,1.0
1329,25 - 29,KBW,34.99,34.98,30.0,0.0,RED INTERNET & PHONE CABLE U,1.0
1330,35 - 39,NRW,44.97,34.98,30.0,0.0,RED INTERNET & PHONE CABLE U,0.0
1331,50 - 54,NRW,49.98,44.99,30.0,0.0,RED INTERNET & PHONE CABLE U,1.0
1332,35 - 39,NRW,44.99,39.99,30.0,0.0,VF RIP U-TREUE,0.0
1333,80 and over,NRW,49.98,34.98,30.0,0.0,RED INTERNET & PHONE CABLE U,1.0
1334,40 - 44,NRW,34.98,58.99,30.0,0.0,VF RIP U-TREUE,0.0
1335,45 - 49,KBW,44.99,34.98,30.0,0.0,VF RIP U-TREUE,0.0
1336,25 - 29,KBW,42.98,69.99,30.0,0.0,RED INTERNET & PHONE CABLE U,0.0
1337,35 - 39,NRW,34.98,39.98,30.0,0.0,RED INTERNET & PHONE CABLE U,0.0
1338,35 - 39,KBW,44.98,44.98,30.0,0.0,GIGAZUHAUSE KABEL,1.0
1339,35 - 39,NRW,34.99,34.99,30.0,0.0,RED INTERNET & PHONE CABLE U,0.0
1340,25 - 29,NRW,44.99,44.98,30.0,0.0,GIGAZUHAUSE KABEL,1.0
1341,70 - 74,NRW,34.98,44.99,30.0,0.0,RED INTERNET & PHONE CABLE U,1.0
1342,55 - 59,KBW,44.99,44.99,30.0,0.0,VF CABLEMAX,1.0
1343,60 - 64,HSN,49.99,39.99,30.0,0.0,VF CABLEMAX,0.0
1344,40 - 44,KBW,44.97,34.99,30.0,0.0,VF CABLEMAX,0.0
1345,50 - 54,NRW,67.99,54.98,30.0,0.0,VF CABLEMAX,1.0
1346,35 - 39,NRW,32.97,44.99,30.0,0.0,VF RIP U-TREUE,1.0
1347,60 - 64,KBW,39.98,39.98,30.0,0.0,RED INTERNET & PHONE CABLE U,1.0
1348,40 - 44,NRW,39.98,44.98,30.0,0.0,VF CABLEMAX,1.0
1349,40 - 44,KBW,38.98,32.98,30.0,0.0,VF CABLEMAX,1.0
1350,35 - 39,KBW,44.97,32.98,30.0,0.0,RED INTERNET & PHONE CABLE U,0.0
1351,40 - 44,NRW,39.99,44.98,30.0,0.0,RED INTERNET & PHONE CABLE U,1.0
1352,35 - 39,NRW,34.97,39.98,30.0,0.0,RED INTERNET & PHONE CABLE U,0.0
1353,50 - 54,KBW,34.99,34.99,30.0,0.0,RED INTERNET & PHONE CABLE U,1.0
1354,25 - 29,NRW,44.98,34.98,30.0,0.0,RED INTERNET & PHONE CABLE U,0.0
1355,65 - 69,KBW,45.99,44.98,30.0,0.0,VF CABLEMAX,1.0
1356,25 - 29,NRW,39.98,39.98,30.0,0.0,GIGAZUHAUSE KABEL,0.0
1357,50 - 54,HSN,49.98,39.98,30.0,0.0,GIGAZUHAUSE KABEL,0.0
1358,40 - 44,HSN,29.97,34.99,30.0,0.0,RED INTERNET & PHONE CABLE U,0.0
1359,50 - 54,NRW,39.98,49.98,30.0,0.0,RED INTERNET & PHONE CABLE U,0.0
1360,65 - 69,NRW,34.98,54.97,30.0,0.0,RED INTERNET & PHONE CABLE U,0.0
1361,30 - 34,NRW,44.98,37.98,30.0,0.0,RED INTERNET & PHONE CABLE U,0.0
1362,55 - 59,KBW,44.99,39.99,30.0,0.0,RED INTERNET & PHONE CABLE U,1.0
1363,50 - 54,NRW,34.98,34.99,30.0,0.0,RED INTERNET & PHONE CABLE U,0.0
1364,50 - 54,NRW,39.98,54.98,30.0,0.0,VF CABLEMAX,0.0
1365,60 - 64,NRW,39.99,44.99,30.0,0.0,GIGAZUHAUSE KABEL,0.0
1366,35 - 39,NRW,42.98,34.98,30.0,0.0,GIGAZUHAUSE KABEL,1.0
1367,35 - 39,NRW,44.98,44.98,30.0,0.0,VF RIP U-TREUE,0.0
1368,30 - 34,NRW,44.98,44.99,30.0,0.0,RED INTERNET & PHONE CABLE U,0.0
1369,30 - 34,KBW,44.99,44.99,30.0,0.0,RED INTERNET & PHONE CABLE U,0.0
1370,50 - 54,HSN,32.97,39.99,30.0,0.0,VF CABLEMAX,0.0
1371,30 - 34,NRW,44.98,44.98,30.0,0.0,RED INTERNET & PHONE CABLE U,1.0
1372,35 - 39,HSN,34.98,39.99,30.0,0.0,VF RIP U-TREUE,1.0
1373,35 - 39,NRW,39.99,34.98,30.0,0.0,RED INTERNET & PHONE CABLE U,1.0
1374,30 - 34,NRW,29.98,32.99,30.0,0.0,RED INTERNET & PHONE CABLE U,0.0
1375,40 - 44,NRW,44.99,44.99,30.0,0.0,RED INTERNET & PHONE CABLE U,1.0
1376,80 and over,KBW,69.98,29.97,30.0,0.0,RED INTERNET & PHONE CABLE U,0.0
1377,50 - 54,KBW,44.98,44.97,30.0,0.0,RED INTERNET & PHONE CABLE U,0.0
1378,30 - 34,NRW,44.99,44.97,30.0,0.0,RED INTERNET & PHONE CABLE U,1.0
1379,45 - 49,NRW,44.98,39.99,30.0,0.0,RED INTERNET & PHONE CABLE U,0.0
1380,80 and over,NRW,39.99,44.98,30.0,0.0,VF RIP U-TREUE,0.0
1381,50 - 54,NRW,44.98,34.99,30.0,0.0,RED INTERNET & PHONE CABLE U,1.0
1382,55 - 59,NRW,34.99,44.98,30.0,0.0,RED INTERNET & PHONE CABLE U,0.0
1383,50 - 54,HSN,49.97,44.98,30.0,0.0,RED INTERNET & PHONE CABLE U,1.0
1384,55 - 59,NRW,44.99,39.98,30.0,0.0,GIGAZUHAUSE KABEL,1.0
1385,35 - 39,HSN,34.99,44.99,30.0,0.0,RED INTERNET & PHONE CABLE U,1.0
1386,50 - 54,KBW,39.98,29.98,30.0,0.0,RED INTERNET & PHONE CABLE U,0.0
1387,55 - 59,KBW,29.97,49.98,30.0,0.0,MMA,1.0
1388,60 - 64,HSN,44.99,34.97,30.0,0.0,VF RIP U-TREUE,0.0
1389,60 - 64,NRW,44.98,37.99,30.0,0.0,RED INTERNET & PHONE CABLE U,1.0
1390,50 - 54,NRW,44.99,34.98,30.0,0.0,RED INTERNET & PHONE CABLE U,0.0
1391,30 - 34,HSN,44.97,39.99,30.0,0.0,RED INTERNET & PHONE CABLE U,0.0
1392,65 - 69,NRW,44.99,44.99,30.0,0.0,RED INTERNET & PHONE CABLE U,0.0
1393,35 - 39,HSN,29.98,39.98,30.0,0.0,RED INTERNET & PHONE CABLE U,1.0
1394,55 - 59,NRW,45.99,39.97,30.0,0.0,VF RIP U-TREUE,0.0
1395,30 - 34,KBW,44.98,44.99,30.0,0.0,VF CABLEMAX,1.0
1396,70 - 74,NRW,44.98,49.97,30.0,0.0,GIGAZUHAUSE KABEL,1.0
1397,60 - 64,HSN,44.99,39.98,30.0,0.0,RED INTERNET & PHONE CABLE U,1.0
1398,70 - 74,KBW,39.99,29.98,30.0,0.0,RED INTERNET & PHONE CABLE U,0.0
1399,55 - 59,KBW,39.99,44.99,30.0,0.0,RED INTERNET & PHONE CABLE U,1.0
1400,30 - 34,HSN,39.99,29.99,30.0,0.0,GIGAZUHAUSE KABEL,0.0
1401,40 - 44,NRW,39.99,39.98,30.0,0.0,GIGAZUHAUSE KABEL,1.0
1402,55 - 59,KBW,39.99,49.97,30.0,0.0,RED INTERNET & PHONE CABLE U,0.0
1403,60 - 64,NRW,39.97,29.99,30.0,0.0,GIGAZUHAUSE KABEL,0.0
1404,50 - 54,KBW,44.98,39.98,30.0,0.0,RED INTERNET & PHONE CABLE U,1.0
1405,40 - 44,KBW,44.98,29.98,30.0,0.0,RED INTERNET & PHONE CABLE U,0.0
1406,30 - 34,NRW,37.99,39.98,30.0,0.0,GIGAZUHAUSE KABEL,0.0
1407,18 - 24,NRW,34.99,39.99,30.0,0.0,GIGAZUHAUSE KABEL,1.0
1408,30 - 34,NRW,39.99,44.98,30.0,0.0,GIGAZUHAUSE KABEL,1.0
1409,35 - 39,KBW,39.99,54.99,30.0,0.0,RED INTERNET & PHONE CABLE U,0.0
1410,50 - 54,NRW,34.98,44.97,30.0,0.0,VF CABLEMAX,0.0
1411,40 - 44,KBW,39.99,34.98,30.0,0.0,GIGAZUHAUSE KABEL,1.0
1412,25 - 29,HSN,39.99,39.99,30.0,0.0,GIGAZUHAUSE KABEL,0.0
1413,55 - 59,KBW,39.99,39.98,30.0,0.0,RED INTERNET & PHONE CABLE U,0.0
1414,30 - 34,KBW,49.98,39.99,30.0,0.0,VF RIP U-TREUE,1.0
1415,30 - 34,HSN,44.98,44.98,30.0,0.0,VF RIP U-TREUE,1.0
1416,55 - 59,NRW,54.99,29.99,30.0,0.0,VF RIP U-TREUE,1.0
1417,40 - 44,NRW,44.98,39.97,30.0,0.0,RED INTERNET & PHONE CABLE U,1.0
1418,40 - 44,NRW,34.99,44.99,30.0,0.0,RED INTERNET & PHONE CABLE U,0.0
1419,70 - 74,NRW,34.99,49.98,30.0,0.0,RED INTERNET & PHONE CABLE U,0.0
1420,35 - 39,NRW,44.98,44.98,30.0,0.0,RED INTERNET & PHONE CABLE U,0.0
1421,40 - 44,KBW,42.98,39.98,30.0,0.0,RED INTERNET & PHONE CABLE U,1.0
1422,55 - 59,NRW,44.98,29.98,30.0,0.0,GIGAZUHAUSE KABEL,0.0
1423,35 - 39,KBW,34.99,44.97,30.0,0.0,GIGAZUHAUSE KABEL,0.0
1424,35 - 39,NRW,39.99,44.99,30.0,0.0,VF CABLEMAX,1.0
1425,55 - 59,KBW,44.98,39.99,30.0,0.0,RED INTERNET & PHONE CABLE U,1.0
1426,40 - 44,NRW,39.98,39.99,30.0,0.0,VF CABLEMAX,1.0
1427,45 - 49,NRW,54.99,54.98,30.0,0.0,VF CABLEMAX,0.0
1428,35 - 39,KBW,44.98,32.97,30.0,0.0,RED INTERNET & PHONE CABLE U,1.0
1429,40 - 44,NRW,44.99,44.99,30.0,0.0,RED INTERNET & PHONE CABLE U,1.0
1430,40 - 44,NRW,39.99,32.98,30.0,0.0,VF RIP U-TREUE,0.0
1431,50 - 54,HSN,34.98,34.99,30.0,0.0,VF CABLEMAX,0.0
1432,60 - 64,NRW,49.99,44.99,30.0,0.0,RED INTERNET & PHONE CABLE U,1.0
1433,40 - 44,NRW,49.99,39.99,30.0,0.0,VF RIP U-TREUE,1.0
1434,18 - 24,NRW,34.98,37.99,30.0,0.0,RED INTERNET & PHONE CABLE U,0.0
1435,80 and over,KBW,44.98,49.99,30.0,0.0,RED INTERNET & PHONE CABLE U,0.0
1436,25 - 29,NRW,39.99,49.98,30.0,0.0,RED INTERNET & PHONE CABLE U,0.0
1437,25 - 29,NRW,34.99,44.99,30.0,0.0,RED INTERNET & PHONE CABLE U,0.0
1438,35 - 39,NRW,39.98,44.99,30.0,0.0,VF CABLEMAX,0.0
1439,25 - 29,NRW,39.98,42.98,30.0,0.0,RED INTERNET & PHONE CABLE U,1.0
1440,35 - 39,KBW,39.98,42.97,30.0,0.0,VF RIP U-TREUE,0.0
1442,55 - 59,NRW,49.97,39.98,30.0,0.0,VF CABLEMAX,0.0
1443,55 - 59,NRW,49.99,32.99,30.0,0.0,VF RIP U-TREUE,1.0
1444,40 - 44,KBW,39.97,39.99,30.0,0.0,VF CABLEMAX,0.0
1445,40 - 44,HSN,44.99,39.98,30.0,0.0,RED INTERNET & PHONE CABLE U,1.0
1446,60 - 64,NRW,54.99,29.99,30.0,0.0,RED INTERNET & PHONE CABLE U,1.0
1447,60 - 64,KBW,34.98,35.99,30.0,0.0,RED INTERNET & PHONE CABLE U,1.0
1448,30 - 34,KBW,39.99,49.99,30.0,0.0,RED INTERNET & PHONE CABLE U,0.0
1449,25 - 29,NRW,44.98,34.99,30.0,0.0,RED INTERNET & PHONE CABLE U,0.0
1450,55 - 59,NRW,49.98,44.99,30.0,0.0,RED INTERNET & PHONE CABLE U,0.0
1451,60 - 64,NRW,37.98,54.99,30.0,0.0,RED INTERNET & PHONE CABLE U,1.0
1452,55 - 59,HSN,44.98,44.99,30.0,0.0,VF CABLEMAX,1.0
1453,30 - 34,KBW,34.99,34.99,30.0,0.0,RED INTERNET & PHONE CABLE U,0.0
1454,35 - 39,NRW,29.98,29.98,30.0,0.0,VF CABLEMAX,1.0
1455,50 - 54,NRW,49.99,39.99,30.0,0.0,VF RIP U-TREUE,0.0
1456,55 - 59,NRW,39.99,49.99,30.0,0.0,VF RIP U-TREUE,1.0
1457,35 - 39,KBW,44.97,39.98,30.0,0.0,RED INTERNET & PHONE CABLE U,0.0
1458,35 - 39,KBW,32.99,49.99,30.0,0.0,RED INTERNET & PHONE CABLE U,0.0
1459,30 - 34,HSN,32.98,44.99,30.0,0.0,RED INTERNET & PHONE CABLE U,1.0
1460,50 - 54,HSN,44.98,44.99,30.0,0.0,RED INTERNET & PHONE CABLE U,0.0
1461,45 - 49,KBW,34.97,44.98,30.0,0.0,VF RIP U-TREUE,0.0
1462,35 - 39,HSN,34.98,49.99,30.0,0.0,RED INTERNET & PHONE CABLE U,0.0
1463,30 - 34,NRW,29.99,44.99,30.0,0.0,RED INTERNET & PHONE CABLE U,1.0
1464,25 - 29,HSN,29.99,39.98,30.0,0.0,RED INTERNET & PHONE CABLE U,0.0
1465,55 - 59,NRW,44.99,49.99,6.0,0.0,GIGAZUHAUSE KABEL,0.0
1466,25 - 29,NRW,39.99,39.99,30.0,0.0,RED INTERNET & PHONE CABLE U,0.0
1467,40 - 44,NRW,59.98,39.99,30.0,0.0,GIGAZUHAUSE KABEL,1.0
1468,55 - 59,KBW,44.97,32.99,30.0,0.0,VF RIP U-TREUE,1.0
1469,40 - 44,NRW,29.98,52.98,30.0,0.0,VF RIP U-TREUE,1.0
1470,80 and over,NRW,44.99,44.97,30.0,0.0,GIGAZUHAUSE KABEL,0.0
1471,40 - 44,NRW,44.99,44.99,30.0,0.0,VF RIP U-TREUE,1.0
1472,35 - 39,KBW,44.98,44.98,30.0,0.0,VF RIP U-TREUE,0.0
1473,35 - 39,NRW,34.99,39.98,30.0,0.0,GIGAZUHAUSE KABEL,1.0
1474,45 - 49,NRW,29.99,44.99,30.0,0.0,RED INTERNET & PHONE CABLE U,0.0
1475,35 - 39,KBW,44.99,49.99,30.0,0.0,RED INTERNET & PHONE CABLE U,0.0
1476,55 - 59,HSN,39.99,39.99,30.0,0.0,RED INTERNET & PHONE CABLE U,1.0
1477,30 - 34,NRW,44.98,44.99,30.0,0.0,VF RIP U-TREUE,1.0
1478,50 - 54,KBW,49.97,39.98,30.0,0.0,RED INTERNET & PHONE CABLE U,1.0
1479,30 - 34,HSN,34.98,39.99,30.0,0.0,RED INTERNET & PHONE CABLE U,0.0
1480,25 - 29,NRW,44.99,39.99,30.0,0.0,VF RIP U-TREUE,1.0
1481,35 - 39,NRW,34.99,39.99,30.0,0.0,GIGAZUHAUSE KABEL,0.0
1482,30 - 34,NRW,44.98,49.98,30.0,0.0,VF CABLEMAX,1.0
1483,40 - 44,NRW,32.98,44.99,30.0,0.0,VF RIP U-TREUE,1.0
1484,40 - 44,NRW,44.99,44.99,30.0,0.0,VF CABLEMAX,1.0
1485,65 - 69,NRW,44.99,44.97,30.0,0.0,VF CABLEMAX,0.0
1486,30 - 34,NRW,34.97,39.95,30.0,0.0,RED INTERNET & PHONE CABLE U,0.0
1487,45 - 49,KBW,34.99,69.99,30.0,0.0,VF RIP U-TREUE,0.0
1488,35 - 39,NRW,39.98,39.99,30.0,0.0,RED INTERNET & PHONE CABLE U,1.0
1489,50 - 54,KBW,39.97,34.99,30.0,0.0,RED INTERNET & PHONE CABLE U,1.0
1490,40 - 44,HSN,49.98,34.98,30.0,0.0,RED INTERNET & PHONE CABLE U,1.0
1491,55 - 59,KBW,42.98,44.98,30.0,0.0,VF RIP U-TREUE,1.0
1492,45 - 49,NRW,34.99,44.99,30.0,0.0,RED INTERNET & PHONE CABLE U,0.0
1493,40 - 44,HSN,44.99,48.99,30.0,0.0,RED INTERNET & PHONE CABLE U,1.0
1494,55 - 59,NRW,34.99,40.99,30.0,0.0,RED INTERNET & PHONE CABLE U,0.0
1495,25 - 29,NRW,44.97,42.99,30.0,0.0,RED INTERNET & PHONE CABLE U,0.0
1496,35 - 39,NRW,49.99,39.99,30.0,0.0,RED INTERNET & PHONE CABLE U,1.0
1497,25 - 29,HSN,34.99,44.99,30.0,0.0,RED INTERNET & PHONE CABLE U,0.0
1498,35 - 39,NRW,39.98,39.99,30.0,0.0,RED INTERNET & PHONE CABLE U,1.0
1499,35 - 39,NRW,34.99,39.99,30.0,0.0,RED INTERNET & PHONE CABLE U,1.0
1500,30 - 34,HSN,32.99,44.98,30.0,0.0,RED INTERNET & PHONE CABLE U,1.0
1501,55 - 59,NRW,39.98,49.99,30.0,0.0,RED INTERNET & PHONE CABLE U,1.0
1502,25 - 29,KBW,44.98,44.98,30.0,0.0,RED INTERNET & PHONE CABLE U,0.0
1503,60 - 64,KBW,34.97,44.98,30.0,0.0,VF RIP U-TREUE,0.0
1504,45 - 49,KBW,44.99,49.98,30.0,0.0,VF CABLEMAX,0.0
1505,80 and over,NRW,39.99,39.99,30.0,0.0,RED INTERNET & PHONE CABLE U,0.0
1506,35 - 39,KBW,29.99,34.97,30.0,0.0,VF RIP U-TREUE,0.0
1507,35 - 39,NRW,34.98,44.98,30.0,0.0,VF RIP U-TREUE,0.0
1508,45 - 49,NRW,54.99,34.97,30.0,0.0,RED INTERNET & PHONE CABLE U,0.0
1509,25 - 29,KBW,39.98,34.99,30.0,0.0,RED INTERNET & PHONE CABLE U,0.0
1510,40 - 44,NRW,44.99,49.99,30.0,0.0,RED INTERNET & PHONE CABLE U,1.0
1511,40 - 44,NRW,34.98,44.99,30.0,0.0,VF CABLEMAX,1.0
1512,55 - 59,KBW,44.95,44.99,30.0,0.0,GIGAZUHAUSE KABEL,0.0
1513,70 - 74,HSN,49.98,44.98,30.0,0.0,VF RIP U-TREUE,1.0
1514,55 - 59,KBW,34.98,34.99,30.0,0.0,VF CABLEMAX,0.0
1515,25 - 29,NRW,34.99,44.99,30.0,0.0,RED INTERNET & PHONE CABLE U,1.0
1516,40 - 44,KBW,37.99,49.98,30.0,0.0,RED INTERNET & PHONE CABLE U,1.0
1517,60 - 64,NRW,39.97,39.99,30.0,0.0,RED INTERNET & PHONE CABLE U,0.0
1518,50 - 54,NRW,44.98,32.97,30.0,0.0,RED INTERNET & PHONE CABLE U,0.0
1519,40 - 44,NRW,44.99,44.98,30.0,0.0,VF RIP U-TREUE,0.0
1520,25 - 29,KBW,34.97,49.99,30.0,0.0,RED INTERNET & PHONE CABLE U,0.0
1521,60 - 64,NRW,34.98,49.99,30.0,0.0,GIGAZUHAUSE KABEL,1.0
1522,40 - 44,NRW,42.98,42.97,30.0,0.0,VF CABLEMAX,1.0
1523,40 - 44,KBW,34.98,39.99,30.0,0.0,RED INTERNET & PHONE CABLE U,1.0
1524,55 - 59,KBW,44.96,44.98,30.0,0.0,RED INTERNET & PHONE CABLE U,0.0
1525,30 - 34,NRW,39.98,44.98,30.0,0.0,VF CABLEMAX,1.0
1526,50 - 54,KBW,54.98,37.98,30.0,0.0,RED INTERNET & PHONE CABLE U,0.0
1527,35 - 39,NRW,44.98,39.99,30.0,0.0,RED INTERNET & PHONE CABLE U,0.0
1528,35 - 39,KBW,39.99,39.99,30.0,0.0,VF CABLEMAX,0.0
1529,45 - 49,KBW,49.99,34.98,30.0,0.0,GIGAZUHAUSE KABEL,1.0
1530,30 - 34,NRW,39.99,49.99,30.0,0.0,VF CABLEMAX,1.0
1531,70 - 74,KBW,44.98,44.98,30.0,0.0,GIGAZUHAUSE KABEL,1.0
1532,30 - 34,NRW,44.98,44.97,30.0,0.0,RED INTERNET & PHONE CABLE U,0.0
1533,18 - 24,NRW,44.98,34.98,30.0,0.0,RED INTERNET & PHONE CABLE U,1.0
1534,35 - 39,NRW,44.99,34.99,30.0,0.0,RED INTERNET & PHONE CABLE U,0.0
1535,35 - 39,NRW,44.99,44.98,30.0,0.0,RED INTERNET & PHONE CABLE U,0.0
1536,40 - 44,KBW,39.98,44.98,30.0,0.0,GIGAZUHAUSE KABEL,0.0
1537,50 - 54,KBW,39.98,44.99,30.0,0.0,RED INTERNET & PHONE CABLE U,0.0
1538,45 - 49,HSN,32.98,39.99,30.0,0.0,RED INTERNET & PHONE CABLE U,1.0
1539,30 - 34,NRW,32.99,44.99,30.0,0.0,RED INTERNET & PHONE CABLE U,1.0
1540,40 - 44,NRW,34.99,44.99,30.0,0.0,RED INTERNET & PHONE CABLE U,0.0
1541,30 - 34,NRW,49.99,59.99,30.0,0.0,RED INTERNET & PHONE CABLE U,0.0
1542,40 - 44,NRW,44.98,34.98,30.0,0.0,VF RIP U-TREUE,1.0
1543,25 - 29,KBW,37.98,49.99,30.0,0.0,VF RIP U-TREUE,0.0
1544,40 - 44,HSN,52.99,34.99,30.0,0.0,RED INTERNET & PHONE CABLE U,1.0
1545,30 - 34,HSN,49.98,29.99,30.0,0.0,RED INTERNET & PHONE CABLE U,1.0
1546,60 - 64,NRW,39.99,32.99,30.0,0.0,RED INTERNET & PHONE CABLE U,1.0
1547,30 - 34,NRW,44.99,39.98,30.0,0.0,VF RIP U-TREUE,0.0
1548,30 - 34,NRW,49.99,44.99,30.0,0.0,VF RIP U-TREUE,0.0
1549,25 - 29,NRW,44.99,44.98,30.0,0.0,GIGAZUHAUSE KABEL,1.0
1550,30 - 34,NRW,34.97,29.99,30.0,0.0,RED INTERNET & PHONE CABLE U,0.0
1551,30 - 34,NRW,44.99,34.96,30.0,0.0,VF CABLEMAX,0.0
1552,30 - 34,NRW,34.99,39.98,30.0,0.0,VF CABLEMAX,0.0
1553,35 - 39,NRW,39.99,44.98,30.0,0.0,RED INTERNET & PHONE CABLE U,1.0
1554,30 - 34,NRW,44.98,39.99,30.0,0.0,VF CABLEMAX,0.0
1555,30 - 34,NRW,39.99,49.99,30.0,0.0,RED INTERNET & PHONE CABLE U,1.0
1556,50 - 54,NRW,73.99,42.98,30.0,0.0,GIGAZUHAUSE KABEL,0.0
1557,35 - 39,NRW,67.97,44.99,30.0,0.0,VF RIP U-TREUE,0.0
1558,45 - 49,NRW,39.99,44.99,30.0,0.0,GIGAZUHAUSE KABEL,1.0
1559,30 - 34,HSN,39.98,44.98,30.0,0.0,VF RIP U-TREUE,0.0
1560,40 - 44,NRW,39.99,44.98,30.0,0.0,RED INTERNET & PHONE CABLE U,0.0
1561,40 - 44,NRW,39.99,39.98,30.0,0.0,VF CABLEMAX,1.0
1562,35 - 39,KBW,34.99,54.98,30.0,0.0,RED INTERNET & PHONE CABLE U,0.0
1563,35 - 39,KBW,39.98,44.99,30.0,0.0,VF CABLEMAX,0.0
1564,55 - 59,KBW,44.99,44.99,30.0,0.0,RED INTERNET & PHONE CABLE U,0.0
1565,40 - 44,KBW,39.99,34.98,30.0,0.0,RED INTERNET & PHONE CABLE U,1.0
1566,30 - 34,KBW,39.99,44.97,30.0,0.0,RED INTERNET & PHONE CABLE U,0.0
1567,80 and over,KBW,39.99,39.98,30.0,0.0,VF RIP U-TREUE,0.0
1568,35 - 39,NRW,34.98,39.99,30.0,0.0,VF RIP U-TREUE,0.0
1569,45 - 49,NRW,39.99,34.98,30.0,0.0,VF RIP U-TREUE,1.0
1570,25 - 29,KBW,37.98,49.98,30.0,0.0,RED INTERNET & PHONE CABLE U,1.0
1571,25 - 29,NRW,44.98,44.99,30.0,0.0,VF RIP U-TREUE,0.0
1572,45 - 49,KBW,37.99,34.99,30.0,0.0,RED INTERNET & PHONE CABLE U,1.0
1573,35 - 39,KBW,29.98,44.98,30.0,0.0,RED INTERNET & PHONE CABLE U,0.0
1574,35 - 39,NRW,39.99,49.99,30.0,0.0,RED INTERNET & PHONE CABLE U,1.0
1575,45 - 49,HSN,42.98,39.99,30.0,0.0,VF RIP U-TREUE,1.0
1576,30 - 34,NRW,44.98,32.98,30.0,0.0,RED INTERNET & PHONE CABLE U,0.0
1577,50 - 54,NRW,42.97,44.99,30.0,0.0,RED INTERNET & PHONE CABLE U,0.0
1578,50 - 54,NRW,44.98,39.99,30.0,0.0,VF CABLEMAX,1.0
1579,60 - 64,KBW,34.97,39.99,30.0,0.0,RED INTERNET & PHONE CABLE U,0.0
1580,30 - 34,KBW,39.99,44.99,30.0,0.0,RED INTERNET & PHONE CABLE U,0.0
1581,60 - 64,KBW,39.98,39.98,30.0,0.0,VF RIP U-TREUE,0.0
1582,25 - 29,NRW,39.98,39.98,30.0,0.0,VF CABLEMAX,1.0
1583,35 - 39,KBW,49.99,39.99,30.0,0.0,RED INTERNET & PHONE CABLE U,1.0
1584,30 - 34,KBW,44.98,29.97,30.0,0.0,VF RIP U-TREUE,1.0
1585,35 - 39,KBW,39.99,37.98,30.0,0.0,RED INTERNET & PHONE CABLE U,0.0
1586,35 - 39,NRW,39.98,29.99,30.0,0.0,VF RIP U-TREUE,1.0
1587,30 - 34,NRW,44.99,39.99,30.0,0.0,RED INTERNET & PHONE CABLE U,1.0
1588,35 - 39,KBW,39.99,39.99,30.0,0.0,RED INTERNET & PHONE CABLE U,0.0
1589,50 - 54,KBW,69.99,39.97,30.0,0.0,VF RIP U-TREUE,1.0
1590,35 - 39,KBW,49.99,39.99,30.0,0.0,GIGAZUHAUSE KABEL,1.0
1591,35 - 39,KBW,34.99,39.99,30.0,0.0,GIGAZUHAUSE KABEL,1.0
1592,45 - 49,NRW,39.99,49.99,30.0,0.0,VF RIP U-TREUE,0.0
1593,18 - 24,NRW,44.98,34.99,30.0,0.0,GIGAZUHAUSE KABEL,0.0
1594,25 - 29,NRW,34.98,24.97,30.0,0.0,RED INTERNET & PHONE CABLE U,1.0
1595,35 - 39,KBW,48.98,44.98,30.0,0.0,RED INTERNET & PHONE CABLE U,1.0
1596,80 and over,NRW,39.98,34.99,30.0,0.0,GIGAZUHAUSE KABEL,1.0
1597,60 - 64,KBW,44.99,49.98,30.0,0.0,VF RIP U-TREUE,0.0
1598,55 - 59,NRW,29.99,34.99,30.0,0.0,RED INTERNET & PHONE CABLE U,0.0
1599,40 - 44,NRW,34.99,58.99,30.0,0.0,VF CABLEMAX,1.0
1600,45 - 49,NRW,39.97,44.99,30.0,0.0,RED INTERNET & PHONE CABLE U,0.0
1601,35 - 39,NRW,44.99,39.98,30.0,0.0,VF RIP U-TREUE,0.0
1602,35 - 39,NRW,39.98,54.99,30.0,0.0,VF CABLEMAX,1.0
1603,35 - 39,HSN,48.98,39.98,30.0,0.0,GIGAZUHAUSE KABEL,1.0
1604,35 - 39,NRW,34.99,39.98,30.0,0.0,VF RIP U-TREUE,0.0
1605,35 - 39,KBW,44.98,39.97,30.0,0.0,RED INTERNET & PHONE CABLE U,0.0
1606,55 - 59,NRW,39.99,44.99,30.0,0.0,RED INTERNET & PHONE CABLE U,1.0
1607,70 - 74,NRW,49.99,44.98,30.0,0.0,RED INTERNET & PHONE CABLE U,0.0
1608,30 - 34,KBW,49.99,39.99,30.0,0.0,RED INTERNET & PHONE CABLE U,0.0
1609,55 - 59,KBW,44.98,44.98,30.0,0.0,GIGAZUHAUSE KABEL,1.0
1610,35 - 39,NRW,34.98,49.98,30.0,0.0,GIGAZUHAUSE KABEL,1.0
1611,35 - 39,NRW,44.99,42.99,30.0,0.0,VF RIP U-TREUE,1.0
1612,50 - 54,KBW,34.97,39.99,30.0,0.0,GIGAZUHAUSE KABEL,0.0
1613,35 - 39,KBW,44.99,39.99,30.0,0.0,RED INTERNET & PHONE CABLE U,1.0
1614,40 - 44,NRW,44.99,24.99,30.0,0.0,RED INTERNET & PHONE CABLE U,1.0
1615,70 - 74,NRW,39.98,63.99,30.0,0.0,VF CABLEMAX,1.0
1616,30 - 34,KBW,24.99,44.99,30.0,0.0,VF RIP U-TREUE,1.0
1617,25 - 29,NRW,49.99,39.98,30.0,0.0,RED INTERNET & PHONE CABLE U,1.0
1619,35 - 39,KBW,39.99,44.98,30.0,0.0,VF RIP U-TREUE,1.0
1620,50 - 54,KBW,44.98,39.97,30.0,0.0,VF RIP U-TREUE,1.0
1621,60 - 64,KBW,44.99,39.99,30.0,0.0,GIGAZUHAUSE KABEL,1.0
1622,65 - 69,NRW,34.98,39.99,30.0,0.0,RED INTERNET & PHONE CABLE U,0.0
1623,30 - 34,NRW,39.98,44.99,30.0,0.0,VF RIP U-TREUE,1.0
1624,35 - 39,KBW,39.99,39.98,30.0,0.0,VF CABLEMAX,1.0
1625,35 - 39,KBW,39.97,49.98,30.0,0.0,RED INTERNET & PHONE CABLE U,0.0
1626,35 - 39,HSN,44.98,44.99,30.0,0.0,RED INTERNET & PHONE CABLE U,1.0
1627,55 - 59,NRW,39.99,44.99,30.0,0.0,RED INTERNET & PHONE CABLE U,0.0
1628,55 - 59,KBW,42.99,34.98,30.0,0.0,VF CABLEMAX,0.0
1629,45 - 49,NRW,39.98,49.99,30.0,0.0,RED INTERNET & PHONE CABLE U,0.0
1630,25 - 29,KBW,49.99,54.99,30.0,0.0,RED INTERNET & PHONE CABLE U,0.0
1631,50 - 54,NRW,44.99,49.99,30.0,0.0,RED INTERNET & PHONE CABLE U,1.0
1632,30 - 34,NRW,34.97,44.99,30.0,0.0,RED INTERNET & PHONE CABLE U,1.0
1633,35 - 39,NRW,39.98,32.98,30.0,0.0,VF CABLEMAX,0.0
1634,45 - 49,KBW,39.99,39.98,30.0,0.0,RED INTERNET & PHONE CABLE U,1.0
1635,35 - 39,HSN,42.98,34.99,30.0,0.0,GIGAZUHAUSE KABEL,0.0
1636,40 - 44,NRW,44.98,34.98,30.0,0.0,RED INTERNET & PHONE CABLE U,0.0
1637,60 - 64,NRW,44.98,39.97,30.0,0.0,GIGAZUHAUSE KABEL,0.0
1638,18 - 24,NRW,34.98,49.99,30.0,0.0,RED INTERNET & PHONE CABLE U,1.0
1639,25 - 29,KBW,48.98,39.99,30.0,0.0,VF RIP U-TREUE,0.0
1640,35 - 39,KBW,49.98,34.98,30.0,0.0,RED INTERNET & PHONE CABLE U,1.0
1641,50 - 54,NRW,49.97,37.99,30.0,0.0,RED INTERNET & PHONE CABLE U,1.0
1642,50 - 54,KBW,37.98,44.98,30.0,0.0,VF RIP U-TREUE,0.0
1643,25 - 29,NRW,44.99,44.99,30.0,0.0,RED INTERNET & PHONE CABLE U,1.0
1644,25 - 29,KBW,44.99,44.98,30.0,1.0,RED INTERNET & PHONE CABLE U,1.0
1645,40 - 44,NRW,44.98,39.98,30.0,0.0,RED INTERNET & PHONE CABLE U,0.0
1646,35 - 39,KBW,44.98,44.98,30.0,0.0,RED INTERNET & PHONE CABLE U,1.0
1647,50 - 54,NRW,34.98,44.99,30.0,0.0,GIGAZUHAUSE KABEL,0.0
1648,55 - 59,NRW,29.97,32.98,30.0,0.0,RED INTERNET & PHONE CABLE U,0.0
1649,35 - 39,NRW,44.98,44.99,30.0,0.0,RED INTERNET & PHONE CABLE U,0.0
1650,35 - 39,KBW,37.98,39.99,30.0,0.0,RED INTERNET & PHONE CABLE U,0.0
1651,25 - 29,NRW,34.99,39.99,30.0,0.0,VF RIP U-TREUE,0.0
1652,35 - 39,NRW,39.98,34.98,30.0,0.0,VF CABLEMAX,0.0
1653,35 - 39,NRW,34.99,39.98,30.0,0.0,RED INTERNET & PHONE CABLE U,1.0
1654,35 - 39,KBW,49.98,39.99,30.0,0.0,VF RIP U-TREUE,1.0
1655,25 - 29,KBW,42.98,39.99,30.0,0.0,VF CABLEMAX,0.0
1656,30 - 34,HSN,39.98,39.98,30.0,0.0,RED INTERNET & PHONE CABLE U,0.0
1657,40 - 44,KBW,44.99,44.99,30.0,0.0,VF RIP U-TREUE,1.0
1658,25 - 29,NRW,39.99,39.98,30.0,0.0,RED INTERNET & PHONE CABLE U,1.0
1659,35 - 39,KBW,29.98,44.99,30.0,0.0,VF RIP U-TREUE,1.0
1660,18 - 24,KBW,39.99,37.98,30.0,0.0,RED INTERNET & PHONE CABLE U,1.0
1661,50 - 54,NRW,44.98,44.99,30.0,0.0,RED INTERNET & PHONE CABLE U,1.0
1662,45 - 49,HSN,32.99,44.99,30.0,0.0,VF RIP U-TREUE,0.0
1663,30 - 34,KBW,35.98,44.99,30.0,0.0,RED INTERNET & PHONE CABLE U,1.0
1664,35 - 39,KBW,49.99,39.98,30.0,0.0,GIGAZUHAUSE KABEL,0.0
1665,18 - 24,HSN,34.99,44.99,30.0,0.0,GIGAZUHAUSE KABEL,0.0
1666,80 and over,KBW,44.99,52.98,30.0,0.0,RED INTERNET & PHONE CABLE U,0.0
1667,60 - 64,NRW,34.99,39.97,30.0,0.0,VF RIP U-TREUE,1.0
1668,35 - 39,NRW,39.98,39.99,30.0,0.0,RED INTERNET & PHONE CABLE U,0.0
1669,45 - 49,KBW,34.99,44.99,30.0,0.0,VF CABLEMAX,0.0
1670,60 - 64,NRW,39.97,49.99,30.0,0.0,RED INTERNET & PHONE CABLE U,1.0
1671,30 - 34,KBW,44.97,34.99,30.0,0.0,RED INTERNET & PHONE CABLE U,1.0
1672,50 - 54,NRW,29.99,39.99,30.0,0.0,RED INTERNET & PHONE CABLE U,1.0
1673,55 - 59,KBW,39.99,44.98,30.0,0.0,RED INTERNET & PHONE CABLE U,0.0
1674,18 - 24,NRW,39.99,39.99,30.0,0.0,RED INTERNET & PHONE CABLE U,0.0
1675,60 - 64,KBW,44.97,44.97,30.0,0.0,RED INTERNET & PHONE CABLE U,0.0
1676,25 - 29,NRW,34.98,44.96,30.0,0.0,VF RIP U-TREUE,0.0
1677,50 - 54,NRW,39.99,39.98,30.0,0.0,VF CABLEMAX,1.0
1678,35 - 39,KBW,39.99,34.98,30.0,0.0,RED INTERNET & PHONE CABLE U,0.0
1679,45 - 49,NRW,39.98,29.99,30.0,0.0,RED INTERNET & PHONE CABLE U,0.0
1680,30 - 34,KBW,34.98,44.99,30.0,0.0,RED INTERNET & PHONE CABLE U,1.0
1681,55 - 59,NRW,39.98,44.99,30.0,0.0,VF RIP U-TREUE,1.0
1682,30 - 34,NRW,39.99,39.99,30.0,0.0,RED INTERNET & PHONE CABLE U,1.0
1683,50 - 54,NRW,44.98,44.99,30.0,0.0,GIGAZUHAUSE KABEL,1.0
1684,30 - 34,NRW,44.97,49.98,30.0,0.0,VF CABLEMAX,0.0
1685,35 - 39,HSN,44.98,34.99,30.0,0.0,VF RIP U-TREUE,0.0
1686,35 - 39,KBW,44.98,39.99,30.0,0.0,RED INTERNET & PHONE CABLE U,1.0
1687,40 - 44,NRW,54.98,34.99,30.0,0.0,GIGAZUHAUSE KABEL,0.0
1688,80 and over,HSN,44.97,44.98,30.0,0.0,VF RIP U-TREUE,1.0
1689,35 - 39,KBW,39.98,29.99,30.0,0.0,RED INTERNET & PHONE CABLE U,1.0
1690,40 - 44,KBW,42.99,39.97,30.0,0.0,VF CABLEMAX,1.0
1691,40 - 44,NRW,39.98,34.99,30.0,0.0,GIGAZUHAUSE KABEL,0.0
1692,40 - 44,HSN,34.98,29.98,30.0,0.0,RED INTERNET & PHONE CABLE U,1.0
1693,55 - 59,KBW,44.98,34.98,30.0,0.0,RED INTERNET & PHONE CABLE U,0.0
1694,35 - 39,NRW,39.98,44.99,30.0,0.0,VF CABLEMAX,0.0
1695,25 - 29,NRW,44.99,34.99,30.0,0.0,VF RIP U-TREUE,0.0
1696,40 - 44,HSN,44.97,34.98,30.0,0.0,VF RIP U-TREUE,1.0
1697,35 - 39,KBW,34.97,39.97,30.0,0.0,RED INTERNET & PHONE CABLE U,0.0
1698,60 - 64,NRW,39.99,34.99,30.0,0.0,RED INTERNET & PHONE CABLE U,1.0
1699,80 and over,NRW,49.99,34.99,30.0,1.0,RED INTERNET & PHONE CABLE U,0.0
1700,40 - 44,NRW,39.98,54.97,30.0,0.0,GIGAZUHAUSE KABEL,1.0
1701,60 - 64,KBW,39.99,39.99,30.0,0.0,RED INTERNET & PHONE CABLE U,0.0
1702,60 - 64,HSN,39.99,34.98,30.0,0.0,RED INTERNET & PHONE CABLE U,1.0
1703,25 - 29,NRW,34.98,44.98,30.0,0.0,RED INTERNET & PHONE CABLE U,1.0
1704,55 - 59,KBW,39.99,69.99,30.0,0.0,VF CABLEMAX,1.0
1705,50 - 54,NRW,29.98,29.99,30.0,0.0,RED INTERNET & PHONE CABLE U,1.0
1706,30 - 34,NRW,34.99,44.99,30.0,0.0,RED INTERNET & PHONE CABLE U,1.0
1707,30 - 34,HSN,44.99,44.98,30.0,0.0,VF CABLEMAX,1.0
1708,35 - 39,NRW,39.99,54.98,30.0,0.0,GIGAZUHAUSE KABEL,1.0
1709,25 - 29,KBW,39.99,34.98,30.0,0.0,RED INTERNET & PHONE CABLE U,0.0
1710,55 - 59,KBW,49.99,49.98,30.0,0.0,RED INTERNET & PHONE CABLE U,0.0
1711,25 - 29,KBW,39.99,47.98,30.0,0.0,RED INTERNET & PHONE CABLE U,1.0
1712,60 - 64,KBW,39.99,39.99,30.0,0.0,RED INTERNET & PHONE CABLE U,1.0
1713,30 - 34,NRW,42.99,54.98,30.0,0.0,GIGAZUHAUSE KABEL,0.0
1714,50 - 54,NRW,44.98,34.99,30.0,0.0,GIGAZUHAUSE KABEL,0.0
1715,50 - 54,NRW,39.99,34.99,30.0,0.0,GIGAZUHAUSE KABEL,1.0
1716,25 - 29,KBW,39.99,44.97,30.0,0.0,RED INTERNET & PHONE CABLE U,0.0
1717,30 - 34,NRW,39.99,49.99,30.0,0.0,VF RIP U-TREUE,0.0
1718,35 - 39,HSN,32.99,29.98,30.0,0.0,VF CABLEMAX,1.0
1719,65 - 69,KBW,34.98,24.99,30.0,0.0,GIGAZUHAUSE KABEL,0.0
1720,35 - 39,NRW,34.98,44.98,30.0,0.0,GIGAZUHAUSE KABEL,1.0
1721,35 - 39,KBW,39.99,49.99,30.0,0.0,RED INTERNET & PHONE CABLE U,1.0
1722,35 - 39,KBW,44.98,39.98,30.0,0.0,RED INTERNET & PHONE CABLE U,0.0
1723,35 - 39,HSN,42.98,39.99,30.0,0.0,VF RIP U-TREUE,0.0
1724,60 - 64,NRW,44.98,44.98,30.0,0.0,VF RIP U-TREUE,1.0
1725,30 - 34,KBW,44.98,44.99,30.0,0.0,RED INTERNET & PHONE CABLE U,0.0
1726,25 - 29,NRW,34.99,34.99,30.0,0.0,RED INTERNET & PHONE CABLE U,1.0
1727,50 - 54,HSN,39.99,34.97,30.0,0.0,VF CABLEMAX,1.0
1728,35 - 39,NRW,34.99,54.99,30.0,0.0,RED INTERNET & PHONE CABLE U,0.0
1729,40 - 44,NRW,44.99,44.98,30.0,0.0,RED INTERNET & PHONE CABLE U,1.0
1730,55 - 59,KBW,29.98,37.99,30.0,0.0,RED INTERNET & PHONE CABLE U,1.0
1731,30 - 34,NRW,49.96,54.98,30.0,0.0,RED INTERNET & PHONE CABLE U,1.0
1732,50 - 54,NRW,32.98,44.99,30.0,0.0,VF RIP U-TREUE,1.0
1733,40 - 44,HSN,34.98,73.98,30.0,0.0,RED INTERNET & PHONE CABLE U,0.0
1734,45 - 49,NRW,44.99,44.99,30.0,0.0,RED INTERNET & PHONE CABLE U,0.0
1735,50 - 54,HSN,39.99,42.99,30.0,0.0,RED INTERNET & PHONE CABLE U,0.0
1736,30 - 34,NRW,44.97,44.99,30.0,0.0,RED INTERNET & PHONE CABLE U,1.0
1737,35 - 39,NRW,44.99,34.99,30.0,0.0,RED INTERNET & PHONE CABLE U,0.0
1738,25 - 29,KBW,34.98,39.98,30.0,0.0,VF CABLEMAX,0.0
1739,30 - 34,NRW,37.99,49.98,30.0,0.0,RED INTERNET & PHONE CABLE U,0.0
1740,40 - 44,KBW,44.99,37.97,30.0,0.0,RED INTERNET & PHONE CABLE U,0.0
1741,30 - 34,KBW,44.99,39.99,30.0,0.0,RED INTERNET & PHONE CABLE U,1.0
1742,60 - 64,NRW,44.99,39.99,30.0,0.0,RED INTERNET & PHONE CABLE U,0.0
1743,60 - 64,KBW,44.99,44.98,30.0,0.0,VF RIP U-TREUE,0.0
1744,40 - 44,KBW,39.99,44.99,30.0,0.0,VF RIP U-TREUE,0.0
1745,18 - 24,HSN,49.99,44.98,30.0,0.0,VF CABLEMAX,0.0
1746,40 - 44,KBW,44.99,44.98,30.0,0.0,GIGAZUHAUSE KABEL,1.0
1747,75 - 79,NRW,39.99,44.98,30.0,0.0,RED INTERNET & PHONE CABLE U,1.0
1748,60 - 64,HSN,34.99,49.99,30.0,0.0,RED INTERNET & PHONE CABLE U,0.0
1749,35 - 39,NRW,44.99,39.99,30.0,0.0,RED INTERNET & PHONE CABLE U,1.0
1750,35 - 39,HSN,39.99,39.99,30.0,0.0,RED INTERNET & PHONE CABLE U,1.0
1751,40 - 44,KBW,49.99,32.98,30.0,0.0,GIGAZUHAUSE KABEL,0.0
1752,50 - 54,HSN,34.99,39.98,30.0,0.0,VF RIP U-TREUE,0.0
1753,30 - 34,NRW,44.98,54.98,30.0,0.0,VF CABLEMAX,0.0
1754,35 - 39,KBW,39.99,44.99,30.0,0.0,RED INTERNET & PHONE CABLE U,0.0
1755,35 - 39,NRW,34.98,29.98,30.0,0.0,RED INTERNET & PHONE CABLE U,1.0
1756,45 - 49,KBW,44.99,29.99,30.0,0.0,RED INTERNET & PHONE CABLE U,0.0
1757,35 - 39,NRW,42.98,34.98,30.0,0.0,RED INTERNET & PHONE CABLE U,0.0
1758,40 - 44,HSN,34.98,34.97,30.0,0.0,RED INTERNET & PHONE CABLE U,0.0
1759,50 - 54,KBW,44.99,49.99,30.0,0.0,VF RIP U-TREUE,0.0
1760,55 - 59,KBW,44.99,34.99,30.0,0.0,RED INTERNET & PHONE CABLE U,1.0
1761,35 - 39,HSN,34.98,39.99,30.0,0.0,RED INTERNET & PHONE CABLE U,0.0
1762,35 - 39,KBW,44.98,49.99,30.0,0.0,RED INTERNET & PHONE CABLE U,1.0
1763,40 - 44,NRW,44.99,44.98,30.0,0.0,VF CABLEMAX,0.0
1764,30 - 34,NRW,44.99,44.99,30.0,0.0,GIGAZUHAUSE KABEL,1.0
1765,35 - 39,NRW,49.99,34.99,30.0,0.0,VF RIP U-TREUE,0.0
1766,30 - 34,NRW,34.97,44.98,30.0,0.0,VF RIP U-TREUE,1.0
1767,40 - 44,KBW,49.99,39.99,30.0,0.0,RED INTERNET & PHONE CABLE U,1.0
1768,45 - 49,KBW,29.98,44.97,30.0,0.0,RED INTERNET & PHONE CABLE U,0.0
1769,35 - 39,NRW,44.99,39.98,30.0,0.0,RED INTERNET & PHONE CABLE U,1.0
1770,55 - 59,NRW,34.98,49.99,30.0,0.0,VF CABLEMAX,0.0
1771,35 - 39,HSN,54.98,58.99,30.0,0.0,VF CABLEMAX,1.0
1772,35 - 39,NRW,39.98,39.98,30.0,0.0,VF RIP U-TREUE,0.0
1773,30 - 34,NRW,27.98,39.99,30.0,0.0,RED INTERNET & PHONE CABLE U,1.0
1774,40 - 44,HSN,44.98,29.98,30.0,0.0,RED INTERNET & PHONE CABLE U,0.0
1775,60 - 64,HSN,44.99,49.98,30.0,0.0,RED INTERNET & PHONE CABLE U,0.0
1776,40 - 44,NRW,37.98,39.99,30.0,0.0,VF RIP U-TREUE,0.0
1777,55 - 59,NRW,29.99,34.99,30.0,0.0,RED INTERNET & PHONE CABLE U,1.0
1778,30 - 34,NRW,29.99,44.99,30.0,0.0,RED INTERNET & PHONE CABLE U,0.0
1779,30 - 34,NRW,44.98,44.97,30.0,0.0,RED INTERNET & PHONE CABLE U,0.0
1780,40 - 44,KBW,44.99,39.99,30.0,0.0,VF RIP U-TREUE,1.0
1781,45 - 49,NRW,39.98,34.98,30.0,0.0,RED INTERNET & PHONE CABLE U,1.0
1782,30 - 34,NRW,68.98,34.99,30.0,0.0,RED INTERNET & PHONE CABLE U,0.0
1783,50 - 54,NRW,44.98,34.98,30.0,0.0,RED INTERNET & PHONE CABLE U,1.0
1784,60 - 64,KBW,42.99,37.99,30.0,0.0,RED INTERNET & PHONE CABLE U,1.0
1785,40 - 44,NRW,34.99,34.97,30.0,0.0,RED INTERNET & PHONE CABLE U,1.0
1786,65 - 69,KBW,39.99,44.99,30.0,0.0,GIGAZUHAUSE KABEL,0.0
1787,30 - 34,NRW,39.99,19.99,30.0,0.0,RED INTERNET & PHONE CABLE U,1.0
1788,30 - 34,KBW,44.97,44.98,30.0,0.0,VF RIP U-TREUE,0.0
1789,30 - 34,KBW,49.98,39.99,30.0,0.0,RED INTERNET & PHONE CABLE U,0.0
1790,55 - 59,KBW,39.97,47.98,30.0,0.0,GIGAZUHAUSE KABEL,1.0
1791,55 - 59,KBW,34.99,34.99,30.0,0.0,VF RIP U-TREUE,1.0
1792,50 - 54,NRW,34.96,37.99,30.0,0.0,RED INTERNET & PHONE CABLE U,0.0
1793,40 - 44,KBW,11.99,44.98,30.0,0.0,RED INTERNET & PHONE CABLE U,0.0
1794,55 - 59,KBW,54.98,34.99,30.0,0.0,RED INTERNET & PHONE CABLE U,1.0
1795,35 - 39,NRW,39.98,49.99,30.0,0.0,RED INTERNET & PHONE CABLE U,0.0
1796,60 - 64,HSN,34.98,39.97,30.0,0.0,RED INTERNET & PHONE CABLE U,1.0
1797,35 - 39,NRW,44.98,69.99,30.0,0.0,VF RIP U-TREUE,0.0
1798,40 - 44,NRW,32.98,34.98,30.0,0.0,RED INTERNET & PHONE CABLE U,1.0
1799,25 - 29,NRW,39.99,42.97,30.0,0.0,RED INTERNET & PHONE CABLE U,1.0
1800,30 - 34,NRW,49.98,44.98,30.0,0.0,RED INTERNET & PHONE CABLE U,0.0
1801,30 - 34,NRW,49.98,34.97,30.0,0.0,RED INTERNET & PHONE CABLE U,0.0
1802,50 - 54,NRW,42.98,44.99,30.0,0.0,RED INTERNET & PHONE CABLE U,1.0
1803,30 - 34,NRW,37.99,39.99,30.0,0.0,RED INTERNET & PHONE CABLE U,0.0
1804,35 - 39,KBW,34.99,34.99,30.0,0.0,VF RIP U-TREUE,0.0
1805,25 - 29,KBW,54.99,39.99,30.0,0.0,RED INTERNET & PHONE CABLE U,1.0
1806,30 - 34,NRW,32.99,39.98,30.0,0.0,VF CABLEMAX,1.0
1807,25 - 29,KBW,39.99,29.99,30.0,0.0,RED INTERNET & PHONE CABLE U,1.0
1808,50 - 54,NRW,39.98,39.98,30.0,0.0,VF CABLEMAX,0.0
1809,40 - 44,NRW,39.99,49.99,30.0,0.0,VF RIP U-TREUE,0.0
1810,35 - 39,KBW,44.99,29.98,30.0,0.0,RED INTERNET & PHONE CABLE U,0.0
1811,40 - 44,NRW,44.99,44.99,30.0,0.0,RED INTERNET & PHONE CABLE U,1.0
1812,55 - 59,KBW,39.98,44.98,30.0,0.0,RED INTERNET & PHONE CABLE U,1.0
1813,65 - 69,KBW,37.96,39.98,30.0,0.0,RED INTERNET & PHONE CABLE U,1.0
1814,25 - 29,HSN,49.98,49.99,30.0,0.0,RED INTERNET & PHONE CABLE U,1.0
1815,50 - 54,NRW,34.99,37.99,30.0,0.0,RED INTERNET & PHONE CABLE U,1.0
1816,35 - 39,HSN,39.99,44.99,30.0,0.0,RED INTERNET & PHONE CABLE U,0.0
1817,60 - 64,KBW,39.98,34.99,30.0,0.0,RED INTERNET & PHONE CABLE U,1.0
1818,35 - 39,NRW,24.97,34.98,30.0,0.0,GIGAZUHAUSE KABEL,0.0
1819,70 - 74,NRW,44.98,39.98,30.0,0.0,GIGAZUHAUSE KABEL,0.0
1820,35 - 39,NRW,39.98,44.96,30.0,0.0,RED INTERNET & PHONE CABLE U,0.0
1821,35 - 39,NRW,39.97,49.99,30.0,0.0,RED INTERNET & PHONE CABLE U,1.0
1822,40 - 44,NRW,44.98,34.99,30.0,0.0,RED INTERNET & PHONE CABLE U,1.0
1823,18 - 24,KBW,39.97,44.99,30.0,0.0,VF CABLEMAX,1.0
1824,25 - 29,NRW,37.99,44.98,30.0,0.0,RED INTERNET & PHONE CABLE U,0.0
1825,30 - 34,NRW,49.99,49.99,30.0,0.0,RED INTERNET & PHONE CABLE U,1.0
1826,35 - 39,NRW,34.98,34.98,30.0,0.0,VF CABLEMAX,1.0
1827,25 - 29,KBW,49.98,44.98,30.0,0.0,RED INTERNET & PHONE CABLE U,0.0
1828,60 - 64,HSN,34.98,39.99,30.0,0.0,RED INTERNET & PHONE CABLE U,0.0
1829,55 - 59,NRW,39.98,34.99,30.0,0.0,VF RIP U-TREUE,1.0
1830,50 - 54,NRW,49.98,39.98,30.0,0.0,GIGAZUHAUSE KABEL,1.0
1831,45 - 49,KBW,44.99,39.99,30.0,0.0,VF RIP U-TREUE,0.0
1832,35 - 39,NRW,34.98,44.99,30.0,0.0,RED INTERNET & PHONE CABLE U,1.0
1833,65 - 69,NRW,27.98,39.97,30.0,0.0,VF CABLEMAX,0.0
1834,35 - 39,KBW,39.99,34.99,30.0,0.0,RED INTERNET & PHONE CABLE U,1.0
1835,35 - 39,NRW,44.98,39.99,30.0,0.0,VF CABLEMAX,0.0
1836,40 - 44,KBW,44.98,44.98,30.0,0.0,RED INTERNET & PHONE CABLE U,0.0
1837,30 - 34,NRW,49.99,49.99,30.0,0.0,VF CABLEMAX,0.0
1838,35 - 39,NRW,34.99,44.98,30.0,0.0,RED INTERNET & PHONE CABLE U,1.0
1839,55 - 59,HSN,44.98,44.98,30.0,0.0,RED INTERNET & PHONE CABLE U,1.0
1840,35 - 39,HSN,44.98,34.98,30.0,0.0,GIGAZUHAUSE KABEL,0.0
1841,35 - 39,NRW,29.99,44.99,30.0,0.0,VF CABLEMAX,0.0
1842,25 - 29,NRW,24.98,34.97,30.0,0.0,GIGAZUHAUSE KABEL,1.0
1843,40 - 44,KBW,44.98,39.99,30.0,0.0,GIGAZUHAUSE KABEL,1.0
1844,30 - 34,HSN,34.98,39.97,30.0,0.0,VF RIP U-TREUE,0.0
1845,30 - 34,KBW,44.97,44.99,30.0,0.0,VF RIP U-TREUE,1.0
1846,25 - 29,NRW,39.98,32.97,30.0,0.0,VF RIP U-TREUE,1.0
1847,25 - 29,NRW,67.98,39.98,30.0,0.0,RED INTERNET & PHONE CABLE U,0.0
1848,25 - 29,HSN,39.99,44.99,30.0,0.0,VF RIP U-TREUE,1.0
1849,35 - 39,NRW,39.99,34.98,30.0,0.0,GIGAZUHAUSE KABEL,1.0
1850,25 - 29,NRW,29.98,39.98,30.0,0.0,RED INTERNET & PHONE CABLE U,0.0
1851,40 - 44,NRW,34.98,49.98,30.0,0.0,VF RIP U-TREUE,0.0
1852,35 - 39,KBW,39.99,39.98,30.0,0.0,VF CABLEMAX,0.0
1853,40 - 44,KBW,29.99,49.99,30.0,0.0,RED INTERNET & PHONE CABLE U,0.0
1854,55 - 59,NRW,39.98,42.99,30.0,0.0,RED INTERNET & PHONE CABLE U,0.0
1855,25 - 29,KBW,39.98,39.99,30.0,0.0,GIGAZUHAUSE KABEL,1.0
1856,50 - 54,NRW,39.98,44.98,30.0,0.0,RED INTERNET & PHONE CABLE U,1.0
1857,60 - 64,NRW,44.99,34.99,30.0,0.0,RED INTERNET & PHONE CABLE U,0.0
1858,35 - 39,KBW,44.97,34.98,30.0,0.0,RED INTERNET & PHONE CABLE U,1.0
1859,35 - 39,KBW,34.99,42.99,30.0,0.0,VF RIP U-TREUE,1.0
1860,45 - 49,NRW,49.99,44.98,30.0,0.0,GIGAZUHAUSE KABEL,0.0
1861,55 - 59,NRW,37.99,34.98,30.0,0.0,RED INTERNET & PHONE CABLE U,1.0
1862,55 - 59,NRW,44.98,39.99,30.0,0.0,GIGAZUHAUSE KABEL,1.0
1863,55 - 59,NRW,34.99,39.99,30.0,0.0,RED INTERNET & PHONE CABLE U,0.0
1864,40 - 44,NRW,37.98,44.99,30.0,0.0,VF CABLEMAX,1.0
1865,55 - 59,HSN,34.99,39.99,30.0,0.0,RED INTERNET & PHONE CABLE U,0.0
1866,50 - 54,HSN,44.99,44.99,30.0,0.0,RED INTERNET & PHONE CABLE U,1.0
1867,35 - 39,NRW,44.99,44.99,30.0,0.0,RED INTERNET & PHONE CABLE U,1.0
1868,35 - 39,KBW,37.98,44.99,30.0,0.0,RED INTERNET & PHONE CABLE U,0.0
1869,40 - 44,HSN,34.99,44.99,30.0,0.0,RED INTERNET & PHONE CABLE U,1.0
1870,55 - 59,KBW,39.99,44.98,30.0,0.0,RED INTERNET & PHONE CABLE U,1.0
1871,45 - 49,NRW,34.98,34.99,30.0,0.0,VF RIP U-TREUE,1.0
1872,40 - 44,KBW,39.99,39.98,30.0,0.0,RED INTERNET & PHONE CABLE U,0.0
1873,40 - 44,KBW,39.99,49.99,30.0,0.0,VF RIP U-TREUE,0.0
1874,25 - 29,NRW,44.98,39.99,30.0,0.0,VF RIP U-TREUE,1.0
1875,30 - 34,NRW,39.97,39.99,30.0,0.0,RED INTERNET & PHONE CABLE U,0.0
1876,65 - 69,KBW,39.99,44.98,30.0,0.0,GIGAZUHAUSE KABEL,0.0
1877,35 - 39,KBW,44.98,49.99,30.0,0.0,VF CABLEMAX,0.0
1878,30 - 34,KBW,44.98,39.96,30.0,0.0,VF RIP U-TREUE,0.0
1879,25 - 29,NRW,37.99,42.98,30.0,0.0,RED INTERNET & PHONE CABLE U,1.0
1880,30 - 34,KBW,39.99,49.99,30.0,0.0,RED INTERNET & PHONE CABLE U,0.0
1881,40 - 44,NRW,34.99,34.98,30.0,0.0,RED INTERNET & PHONE CABLE U,0.0
1882,35 - 39,NRW,44.97,34.98,30.0,0.0,RED INTERNET & PHONE CABLE U,0.0
1883,50 - 54,HSN,34.97,39.98,30.0,0.0,RED INTERNET & PHONE CABLE U,1.0
1884,35 - 39,KBW,39.98,39.99,30.0,0.0,VF RIP U-TREUE,0.0
1885,18 - 24,NRW,34.98,34.99,30.0,0.0,RED INTERNET & PHONE CABLE U,0.0
1886,35 - 39,NRW,34.98,35.99,30.0,0.0,RED INTERNET & PHONE CABLE U,1.0
1887,55 - 59,KBW,39.98,44.99,30.0,0.0,VF RIP U-TREUE,0.0
1888,30 - 34,NRW,62.98,39.99,30.0,0.0,RED INTERNET & PHONE CABLE U,0.0
1889,25 - 29,NRW,44.99,32.99,30.0,0.0,GIGAZUHAUSE KABEL,0.0
1890,25 - 29,KBW,44.98,44.97,30.0,0.0,VF RIP U-TREUE,1.0
1891,35 - 39,KBW,44.99,39.99,30.0,0.0,RED INTERNET & PHONE CABLE U,1.0
1892,55 - 59,KBW,34.99,34.98,30.0,0.0,RED INTERNET & PHONE CABLE U,1.0
1893,55 - 59,NRW,29.98,44.99,30.0,0.0,VF RIP U-TREUE,1.0
1894,60 - 64,KBW,34.99,32.97,30.0,0.0,VF RIP U-TREUE,1.0
1895,60 - 64,HSN,44.97,44.98,30.0,0.0,RED INTERNET & PHONE CABLE U,0.0
1896,30 - 34,NRW,44.99,34.98,30.0,0.0,RED INTERNET & PHONE CABLE U,0.0
1897,35 - 39,HSN,39.99,39.99,30.0,0.0,VF RIP U-TREUE,1.0
1898,55 - 59,KBW,42.99,34.98,30.0,0.0,VF RIP U-TREUE,0.0
1899,45 - 49,NRW,39.97,44.98,30.0,0.0,GIGAZUHAUSE KABEL,0.0
1900,35 - 39,NRW,49.97,39.99,30.0,0.0,RED INTERNET & PHONE CABLE U,1.0
1901,50 - 54,KBW,34.99,49.99,30.0,0.0,GIGAZUHAUSE KABEL,0.0
1902,30 - 34,HSN,49.99,39.98,30.0,0.0,GIGAZUHAUSE KABEL,0.0
1903,40 - 44,NRW,39.99,34.99,30.0,0.0,RED INTERNET & PHONE CABLE U,1.0
1904,40 - 44,KBW,34.98,44.99,30.0,0.0,VF RIP U-TREUE,1.0
1905,30 - 34,KBW,39.96,37.99,30.0,0.0,RED INTERNET & PHONE CABLE U,1.0
1906,45 - 49,NRW,44.98,49.98,30.0,0.0,GIGAZUHAUSE KABEL,0.0
1907,25 - 29,NRW,39.98,59.98,30.0,0.0,VF RIP U-TREUE,1.0
1908,30 - 34,HSN,34.98,44.99,30.0,0.0,VF RIP U-TREUE,1.0
1909,50 - 54,KBW,39.99,39.99,30.0,0.0,RED INTERNET & PHONE CABLE U,1.0
1910,25 - 29,NRW,34.97,44.98,30.0,0.0,VF CABLEMAX,0.0
1911,35 - 39,NRW,42.98,34.98,30.0,0.0,VF RIP U-TREUE,0.0
1912,55 - 59,NRW,44.98,49.99,30.0,0.0,RED INTERNET & PHONE CABLE U,0.0
1913,35 - 39,NRW,39.98,34.99,30.0,0.0,VF RIP U-TREUE,0.0
1914,40 - 44,HSN,44.98,44.99,30.0,0.0,RED INTERNET & PHONE CABLE U,0.0
1915,35 - 39,HSN,32.98,44.99,30.0,0.0,VF RIP U-TREUE,0.0
1916,35 - 39,NRW,34.98,49.99,30.0,0.0,RED INTERNET & PHONE CABLE U,0.0
1917,30 - 34,NRW,49.99,44.99,30.0,0.0,RED INTERNET & PHONE CABLE U,1.0
1918,50 - 54,HSN,39.98,39.98,30.0,0.0,RED INTERNET & PHONE CABLE U,1.0
1919,35 - 39,KBW,42.99,44.98,30.0,0.0,VF RIP U-TREUE,0.0
1920,40 - 44,NRW,34.99,39.99,30.0,0.0,GIGAZUHAUSE KABEL,1.0
1921,65 - 69,KBW,39.99,44.99,30.0,0.0,RED INTERNET & PHONE CABLE U,1.0
1922,35 - 39,KBW,44.98,32.98,30.0,0.0,RED INTERNET & PHONE CABLE U,0.0
1923,35 - 39,KBW,69.98,44.98,30.0,0.0,RED INTERNET & PHONE CABLE U,1.0
1924,45 - 49,NRW,44.99,44.99,30.0,0.0,RED INTERNET & PHONE CABLE U,0.0
1925,50 - 54,NRW,39.97,39.98,44.0,0.0,RED INTERNET & PHONE CABLE U,0.0
1926,40 - 44,NRW,54.98,44.98,30.0,0.0,RED INTERNET & PHONE CABLE U,0.0
1927,30 - 34,NRW,49.99,0.99,30.0,0.0,RED INTERNET & PHONE CABLE U,0.0
1928,55 - 59,KBW,44.99,39.99,30.0,0.0,GIGAZUHAUSE KABEL,0.0
1929,70 - 74,HSN,44.99,39.98,30.0,0.0,RED INTERNET & PHONE CABLE U,1.0
1930,30 - 34,NRW,44.97,34.99,30.0,0.0,RED INTERNET & PHONE CABLE U,0.0
1931,55 - 59,NRW,39.99,44.98,30.0,0.0,RED INTERNET & PHONE CABLE U,0.0
1932,40 - 44,KBW,29.99,39.98,30.0,0.0,VF RIP U-TREUE,0.0
1933,40 - 44,NRW,44.98,34.99,30.0,0.0,VF RIP U-TREUE,0.0
1934,35 - 39,NRW,34.99,34.99,30.0,0.0,RED INTERNET & PHONE CABLE U,1.0
1935,60 - 64,NRW,29.98,34.99,30.0,0.0,RED INTERNET & PHONE CABLE U,1.0
1936,60 - 64,KBW,44.99,60.99,30.0,0.0,RED INTERNET & PHONE CABLE U,0.0
1937,25 - 29,NRW,34.96,39.98,30.0,0.0,VF RIP U-TREUE,0.0
1938,35 - 39,KBW,34.97,29.99,30.0,0.0,VF RIP U-TREUE,1.0
1939,40 - 44,NRW,34.99,39.98,30.0,0.0,RED INTERNET & PHONE CABLE U,0.0
1940,35 - 39,NRW,49.98,44.98,30.0,0.0,RED INTERNET & PHONE CABLE U,1.0
1941,45 - 49,HSN,39.98,44.99,30.0,0.0,RED INTERNET & PHONE CABLE U,1.0
1942,60 - 64,KBW,34.97,44.99,30.0,0.0,RED INTERNET & PHONE CABLE U,0.0
1943,35 - 39,KBW,44.98,44.99,30.0,0.0,RED INTERNET & PHONE CABLE U,1.0
1944,25 - 29,NRW,34.98,32.97,30.0,0.0,GIGAZUHAUSE KABEL,0.0
1945,25 - 29,HSN,39.99,44.98,30.0,0.0,GIGAZUHAUSE KABEL,1.0
1946,35 - 39,NRW,44.97,39.98,30.0,0.0,RED INTERNET & PHONE CABLE U,1.0
1947,25 - 29,KBW,39.98,44.98,30.0,0.0,RED INTERNET & PHONE CABLE U,0.0
1948,80 and over,HSN,44.99,54.98,30.0,0.0,RED INTERNET & PHONE CABLE U,1.0
1949,60 - 64,NRW,39.98,44.98,30.0,0.0,RED INTERNET & PHONE CABLE U,1.0
1950,35 - 39,NRW,47.98,37.98,30.0,0.0,GIGAZUHAUSE KABEL,0.0
1951,40 - 44,KBW,44.98,37.98,30.0,0.0,VF RIP U-TREUE,0.0
1952,35 - 39,KBW,29.99,37.97,30.0,0.0,RED INTERNET & PHONE CABLE U,1.0
1953,30 - 34,NRW,39.99,39.97,30.0,0.0,RED INTERNET & PHONE CABLE U,0.0
1954,35 - 39,HSN,59.97,44.98,30.0,0.0,RED INTERNET & PHONE CABLE U,1.0
1955,55 - 59,HSN,49.99,39.97,30.0,0.0,GIGAZUHAUSE KABEL,1.0
1956,35 - 39,HSN,44.99,49.99,30.0,0.0,VF CABLEMAX,0.0
1957,35 - 39,HSN,39.98,39.98,30.0,0.0,RED INTERNET & PHONE CABLE U,1.0
1958,40 - 44,NRW,39.98,39.98,30.0,0.0,VF CABLEMAX,1.0
1959,25 - 29,KBW,39.98,44.98,30.0,0.0,RED INTERNET & PHONE CABLE U,1.0
1960,55 - 59,HSN,39.99,49.99,30.0,1.0,RED INTERNET & PHONE CABLE U,1.0
1961,35 - 39,NRW,44.99,34.98,30.0,0.0,GIGAZUHAUSE KABEL,1.0
1962,35 - 39,HSN,34.98,39.99,30.0,0.0,RED INTERNET & PHONE CABLE U,0.0
1963,30 - 34,NRW,49.98,44.99,30.0,0.0,GIGAZUHAUSE KABEL,0.0
1964,45 - 49,HSN,44.98,29.99,30.0,0.0,RED INTERNET & PHONE CABLE U,0.0
1965,55 - 59,HSN,44.98,44.98,30.0,0.0,VF CABLEMAX,1.0
1966,25 - 29,KBW,34.99,39.98,30.0,0.0,RED INTERNET & PHONE CABLE U,0.0
1967,25 - 29,NRW,44.99,39.99,30.0,0.0,VF CABLEMAX,0.0
1968,70 - 74,KBW,39.99,44.99,30.0,0.0,VF RIP U-TREUE,0.0
1969,35 - 39,NRW,49.97,44.99,30.0,0.0,RED INTERNET & PHONE CABLE U,0.0
1970,30 - 34,KBW,34.99,44.98,30.0,0.0,RED INTERNET & PHONE CABLE U,1.0
1971,40 - 44,NRW,44.98,34.99,30.0,0.0,VF CABLEMAX,0.0
1972,45 - 49,NRW,44.99,44.98,30.0,0.0,GIGAZUHAUSE KABEL,1.0
1973,60 - 64,NRW,39.98,29.98,30.0,0.0,RED INTERNET & PHONE CABLE U,0.0
1974,40 - 44,HSN,34.99,34.99,30.0,0.0,RED INTERNET & PHONE CABLE U,1.0
1975,55 - 59,NRW,42.97,37.97,30.0,0.0,RED INTERNET & PHONE CABLE U,0.0
1976,25 - 29,NRW,44.97,54.99,30.0,0.0,VF RIP U-TREUE,0.0
1977,35 - 39,NRW,44.98,34.98,30.0,0.0,VF RIP U-TREUE,1.0
1978,40 - 44,NRW,44.96,39.99,30.0,0.0,GIGAZUHAUSE KABEL,0.0
1979,40 - 44,NRW,42.98,44.97,30.0,0.0,VF RIP U-TREUE,0.0
1980,40 - 44,HSN,49.99,39.99,30.0,0.0,VF CABLEMAX,0.0
1981,25 - 29,NRW,69.99,49.99,30.0,0.0,VF RIP U-TREUE,0.0
1982,80 and over,KBW,39.98,34.99,30.0,0.0,RED INTERNET & PHONE CABLE U,0.0
1983,60 - 64,KBW,39.99,34.99,30.0,0.0,RED INTERNET & PHONE CABLE U,1.0
1984,30 - 34,KBW,39.99,39.98,30.0,0.0,RED INTERNET & PHONE CABLE U,0.0
1985,35 - 39,KBW,39.98,39.98,30.0,0.0,GIGAZUHAUSE KABEL,1.0
1986,50 - 54,NRW,39.98,49.98,30.0,0.0,RED INTERNET & PHONE CABLE U,1.0
1987,35 - 39,HSN,44.99,44.99,30.0,0.0,RED INTERNET & PHONE CABLE U,1.0
1988,30 - 34,NRW,29.98,44.99,30.0,0.0,VF RIP U-TREUE,1.0
1989,30 - 34,NRW,44.97,34.99,30.0,0.0,VF RIP U-TREUE,1.0
1990,35 - 39,NRW,34.98,34.99,30.0,0.0,VF CABLEMAX,0.0
1991,30 - 34,KBW,39.99,49.98,30.0,0.0,RED INTERNET & PHONE CABLE U,0.0
1992,25 - 29,HSN,44.98,44.99,30.0,0.0,VF CABLEMAX,0.0
1993,70 - 74,NRW,44.99,34.98,30.0,0.0,VF RIP U-TREUE,0.0
1994,35 - 39,NRW,34.98,44.98,30.0,0.0,RED INTERNET & PHONE CABLE U,0.0
1995,25 - 29,NRW,44.98,29.98,30.0,0.0,GIGAZUHAUSE KABEL,0.0
1996,40 - 44,NRW,49.99,44.99,30.0,0.0,RED INTERNET & PHONE CABLE U,1.0
1997,35 - 39,NRW,54.99,44.98,30.0,0.0,VF RIP U-TREUE,1.0
1998,55 - 59,KBW,39.98,39.97,30.0,0.0,VF CABLEMAX,0.0
1999,35 - 39,NRW,44.99,39.97,30.0,0.0,RED INTERNET & PHONE CABLE U,0.0
2000,45 - 49,KBW,54.99,39.99,30.0,0.0,RED INTERNET & PHONE CABLE U,0.0
2001,35 - 39,NRW,34.99,32.99,30.0,0.0,VF CABLEMAX,1.0
2002,40 - 44,NRW,39.98,29.98,30.0,0.0,RED INTERNET & PHONE CABLE U,0.0
2003,35 - 39,KBW,44.99,44.99,30.0,0.0,RED INTERNET & PHONE CABLE U,0.0
2004,60 - 64,KBW,39.99,32.98,30.0,0.0,VF CABLEMAX,1.0
2005,60 - 64,KBW,39.98,44.98,30.0,0.0,VF CABLEMAX,1.0
2006,30 - 34,KBW,34.98,39.98,30.0,0.0,RED INTERNET & PHONE CABLE U,1.0
2007,55 - 59,NRW,37.99,44.98,30.0,0.0,VF RIP U-TREUE,0.0
2008,60 - 64,KBW,34.98,29.97,30.0,0.0,VF RIP U-TREUE,1.0
2009,55 - 59,NRW,44.99,29.99,30.0,0.0,VF RIP U-TREUE,0.0
2010,30 - 34,KBW,49.98,39.98,30.0,0.0,RED INTERNET & PHONE CABLE U,1.0
2011,80 and over,NRW,29.98,44.99,30.0,0.0,RED INTERNET & PHONE CABLE U,0.0
2012,55 - 59,NRW,39.98,44.98,30.0,0.0,RED INTERNET & PHONE CABLE U,0.0
2013,25 - 29,KBW,39.99,44.99,30.0,0.0,VF CABLEMAX,1.0
2014,50 - 54,KBW,39.98,29.99,30.0,0.0,RED INTERNET & PHONE CABLE U,0.0
2015,25 - 29,KBW,37.99,34.98,30.0,0.0,RED INTERNET & PHONE CABLE U,1.0
2016,40 - 44,KBW,37.99,42.98,30.0,0.0,RED INTERNET & PHONE CABLE U,0.0
2017,50 - 54,KBW,42.99,44.99,30.0,0.0,RED INTERNET & PHONE CABLE U,0.0
2018,45 - 49,NRW,39.98,39.99,30.0,0.0,RED INTERNET & PHONE CABLE U,0.0
2019,30 - 34,KBW,44.97,39.99,30.0,1.0,RED INTERNET & PHONE CABLE U,0.0
2020,30 - 34,KBW,39.99,34.99,30.0,0.0,RED INTERNET & PHONE CABLE U,0.0
2021,25 - 29,HSN,39.98,39.98,30.0,0.0,VF CABLEMAX,0.0
2022,60 - 64,KBW,34.99,34.99,30.0,0.0,VF RIP U-TREUE,0.0
2023,60 - 64,KBW,44.98,58.97,30.0,0.0,RED INTERNET & PHONE CABLE U,1.0
2024,35 - 39,NRW,34.98,44.98,30.0,0.0,RED INTERNET & PHONE CABLE U,1.0
2025,30 - 34,NRW,34.98,39.98,30.0,0.0,RED INTERNET & PHONE CABLE U,1.0
2026,55 - 59,NRW,34.99,37.99,30.0,0.0,RED INTERNET & PHONE CABLE U,1.0
2027,60 - 64,NRW,54.99,44.99,30.0,0.0,RED INTERNET & PHONE CABLE U,1.0
2028,45 - 49,NRW,44.98,34.99,30.0,0.0,GIGAZUHAUSE KABEL,1.0
2029,60 - 64,NRW,39.99,34.99,30.0,0.0,RED INTERNET & PHONE CABLE U,1.0
2030,35 - 39,HSN,44.98,44.99,30.0,0.0,VF CABLEMAX,0.0
2031,80 and over,NRW,39.99,39.98,30.0,0.0,GIGAZUHAUSE KABEL,0.0
2032,40 - 44,NRW,39.96,44.97,30.0,0.0,RED INTERNET & PHONE CABLE U,0.0
2033,65 - 69,KBW,34.99,49.99,30.0,0.0,VF RIP U-TREUE,1.0
2034,35 - 39,KBW,44.99,29.99,30.0,0.0,RED INTERNET & PHONE CABLE U,0.0
2035,55 - 59,NRW,44.98,44.98,30.0,0.0,RED INTERNET & PHONE CABLE U,0.0
2036,45 - 49,NRW,44.98,44.99,30.0,0.0,VF RIP U-TREUE,1.0
2037,25 - 29,NRW,32.99,39.98,30.0,0.0,VF RIP U-TREUE,1.0
2038,40 - 44,KBW,34.98,29.99,30.0,0.0,RED INTERNET & PHONE CABLE U,1.0
2039,50 - 54,NRW,49.98,44.98,30.0,0.0,RED INTERNET & PHONE CABLE U,0.0
2040,35 - 39,KBW,44.98,39.99,30.0,0.0,RED INTERNET & PHONE CABLE U,1.0
2041,65 - 69,NRW,39.99,44.99,30.0,0.0,RED INTERNET & PHONE CABLE U,1.0
2042,55 - 59,KBW,44.98,44.98,30.0,0.0,RED INTERNET & PHONE CABLE U,1.0
2043,30 - 34,NRW,44.99,34.98,30.0,0.0,VF CABLEMAX,0.0
2044,55 - 59,NRW,39.98,44.98,30.0,0.0,RED INTERNET & PHONE CABLE U,1.0
2045,60 - 64,HSN,58.99,34.98,30.0,0.0,VF CABLEMAX,1.0
2046,35 - 39,KBW,44.99,54.97,30.0,0.0,VF RIP U-TREUE,1.0
2047,35 - 39,KBW,54.98,44.99,30.0,0.0,RED INTERNET & PHONE CABLE U,0.0
2048,35 - 39,NRW,37.96,44.99,30.0,0.0,RED INTERNET & PHONE CABLE U,1.0
2049,35 - 39,KBW,39.98,44.99,30.0,0.0,RED INTERNET & PHONE CABLE U,0.0
2050,40 - 44,KBW,44.99,44.98,30.0,0.0,VF RIP U-TREUE,0.0
2051,35 - 39,KBW,34.99,37.99,30.0,0.0,VF RIP U-TREUE,0.0
2052,50 - 54,NRW,42.99,34.99,30.0,0.0,RED INTERNET & PHONE CABLE U,0.0
2053,25 - 29,KBW,39.99,44.98,30.0,0.0,VF RIP U-TREUE,0.0
2054,80 and over,NRW,44.99,39.99,30.0,0.0,RED INTERNET & PHONE CABLE U,0.0
2055,35 - 39,KBW,6.99,39.99,30.0,0.0,RED INTERNET & PHONE CABLE U,1.0
2056,40 - 44,NRW,54.99,39.99,30.0,0.0,RED INTERNET & PHONE CABLE U,1.0
2057,55 - 59,KBW,54.99,44.99,30.0,0.0,GIGAZUHAUSE KABEL,0.0
2058,40 - 44,HSN,49.99,34.99,30.0,0.0,RED INTERNET & PHONE CABLE U,1.0
2059,40 - 44,NRW,39.98,49.99,30.0,0.0,VF CABLEMAX,0.0
2060,25 - 29,NRW,44.99,44.96,30.0,0.0,RED INTERNET & PHONE CABLE U,1.0
2061,18 - 24,KBW,39.99,39.99,30.0,0.0,GIGAZUHAUSE KABEL,0.0
2062,65 - 69,KBW,39.98,42.96,30.0,0.0,RED INTERNET & PHONE CABLE U,1.0
2063,35 - 39,NRW,39.98,34.98,30.0,0.0,RED INTERNET & PHONE CABLE U,1.0
2064,25 - 29,HSN,65.98,34.98,30.0,0.0,RED INTERNET & PHONE CABLE U,0.0
2065,55 - 59,NRW,54.98,34.97,30.0,0.0,RED INTERNET & PHONE CABLE U,1.0
2066,40 - 44,NRW,34.98,29.99,30.0,0.0,VF RIP U-TREUE,1.0
2067,25 - 29,NRW,37.98,49.98,30.0,0.0,RED INTERNET & PHONE CABLE U,1.0
2068,60 - 64,HSN,44.98,34.99,30.0,0.0,RED INTERNET & PHONE CABLE U,1.0
2069,35 - 39,KBW,34.99,44.98,30.0,0.0,VF RIP U-TREUE,0.0
2070,45 - 49,HSN,44.99,49.98,30.0,0.0,RED INTERNET & PHONE CABLE U,0.0
2071,50 - 54,NRW,39.98,39.99,30.0,0.0,RED INTERNET & PHONE CABLE U,1.0
2072,40 - 44,NRW,29.99,39.99,30.0,0.0,RED INTERNET & PHONE CABLE U,1.0
2073,35 - 39,NRW,49.99,39.99,30.0,0.0,VF RIP U-TREUE,0.0
2074,30 - 34,NRW,34.99,32.99,30.0,0.0,VF CABLEMAX,1.0
2075,45 - 49,NRW,39.99,34.99,30.0,0.0,VF RIP U-TREUE,0.0
2076,30 - 34,KBW,44.98,49.98,30.0,0.0,RED INTERNET & PHONE CABLE U,1.0
2077,40 - 44,KBW,34.98,44.98,30.0,0.0,VF RIP U-TREUE,0.0
2078,25 - 29,KBW,39.97,44.99,30.0,0.0,VF CABLEMAX,1.0
2079,35 - 39,NRW,34.98,44.98,30.0,0.0,RED INTERNET & PHONE CABLE U,1.0
2080,50 - 54,NRW,32.98,39.97,30.0,0.0,VF CABLEMAX,0.0
2081,35 - 39,NRW,34.99,39.99,30.0,0.0,VF CABLEMAX,0.0
2082,25 - 29,KBW,34.98,44.99,30.0,0.0,VF RIP U-TREUE,1.0
2083,40 - 44,KBW,29.99,34.99,30.0,0.0,VF CABLEMAX,0.0
2084,60 - 64,HSN,44.99,44.99,30.0,0.0,VF RIP U-TREUE,1.0
2085,30 - 34,NRW,49.99,32.98,30.0,0.0,RED INTERNET & PHONE CABLE U,0.0
2086,40 - 44,NRW,34.99,34.98,30.0,0.0,RED INTERNET & PHONE CABLE U,0.0
2087,40 - 44,NRW,34.98,39.99,30.0,0.0,RED INTERNET & PHONE CABLE U,0.0
2088,45 - 49,NRW,39.99,34.99,30.0,0.0,RED INTERNET & PHONE CABLE U,1.0
2089,25 - 29,NRW,39.99,34.99,30.0,0.0,GIGAZUHAUSE KABEL,1.0
2090,70 - 74,NRW,44.98,44.98,30.0,0.0,VF RIP U-TREUE,0.0
2091,65 - 69,HSN,34.99,29.99,30.0,0.0,GIGAZUHAUSE KABEL,1.0
2092,35 - 39,KBW,39.99,34.99,30.0,0.0,RED INTERNET & PHONE CABLE U,0.0
2093,60 - 64,NRW,34.97,39.98,30.0,0.0,RED INTERNET & PHONE CABLE U,1.0
2094,35 - 39,KBW,39.99,54.96,30.0,0.0,VF CABLEMAX,1.0
2095,80 and over,KBW,44.99,44.99,30.0,0.0,GIGAZUHAUSE KABEL,1.0
2096,40 - 44,NRW,39.98,49.99,30.0,0.0,RED INTERNET & PHONE CABLE U,0.0
2097,65 - 69,KBW,44.98,29.98,30.0,0.0,GIGAZUHAUSE KABEL,0.0
2098,35 - 39,NRW,39.98,34.99,30.0,0.0,RED INTERNET & PHONE CABLE U,1.0
2099,40 - 44,KBW,44.97,29.97,30.0,0.0,VF CABLEMAX,1.0
2100,30 - 34,NRW,44.99,29.99,30.0,0.0,RED INTERNET & PHONE CABLE U,0.0
2101,35 - 39,NRW,39.98,39.97,30.0,0.0,RED INTERNET & PHONE CABLE U,0.0
2102,50 - 54,NRW,44.98,44.99,30.0,0.0,RED INTERNET & PHONE CABLE U,1.0
2103,50 - 54,NRW,49.99,29.98,30.0,0.0,RED INTERNET & PHONE CABLE U,0.0
2104,35 - 39,NRW,44.99,34.99,30.0,0.0,RED INTERNET & PHONE CABLE U,1.0
2105,60 - 64,NRW,34.99,39.98,30.0,0.0,RED INTERNET & PHONE CABLE U,0.0
2106,30 - 34,KBW,44.98,44.99,30.0,0.0,RED INTERNET & PHONE CABLE U,0.0
2107,55 - 59,NRW,39.98,34.99,30.0,0.0,VF RIP U-TREUE,1.0
2108,60 - 64,NRW,34.99,44.99,30.0,0.0,VF CABLEMAX,0.0
2109,55 - 59,KBW,39.98,39.98,30.0,0.0,VF CABLEMAX,0.0
2110,40 - 44,KBW,39.98,34.98,30.0,0.0,RED INTERNET & PHONE CABLE U,1.0
2111,50 - 54,NRW,44.99,49.98,30.0,0.0,VF RIP U-TREUE,0.0
2112,25 - 29,NRW,39.98,44.98,30.0,0.0,RED INTERNET & PHONE CABLE U,0.0
2113,35 - 39,NRW,44.98,34.99,30.0,0.0,RED INTERNET & PHONE CABLE U,0.0
2114,35 - 39,KBW,39.98,39.98,30.0,0.0,VF CABLEMAX,1.0
2115,40 - 44,NRW,29.99,29.98,30.0,0.0,RED INTERNET & PHONE CABLE U,0.0
2116,40 - 44,HSN,34.98,44.99,30.0,0.0,RED INTERNET & PHONE CABLE U,0.0
2117,40 - 44,KBW,39.98,37.98,30.0,0.0,RED INTERNET & PHONE CABLE U,1.0
2118,30 - 34,HSN,44.99,34.99,30.0,0.0,RED INTERNET & PHONE CABLE U,0.0
2119,60 - 64,KBW,34.98,39.98,30.0,0.0,RED INTERNET & PHONE CABLE U,1.0
2120,75 - 79,NRW,34.99,39.98,30.0,0.0,RED INTERNET & PHONE CABLE U,0.0
2121,40 - 44,NRW,44.98,44.99,30.0,0.0,RED INTERNET & PHONE CABLE U,1.0
2122,40 - 44,NRW,39.99,34.99,30.0,0.0,VF RIP U-TREUE,0.0
2123,40 - 44,NRW,34.99,39.96,30.0,0.0,RED INTERNET & PHONE CABLE U,0.0
2124,35 - 39,NRW,44.97,39.99,30.0,0.0,RED INTERNET & PHONE CABLE U,1.0
2125,60 - 64,HSN,49.99,39.99,30.0,0.0,RED INTERNET & PHONE CABLE U,0.0
2126,35 - 39,KBW,37.99,39.98,30.0,0.0,RED INTERNET & PHONE CABLE U,0.0
2127,25 - 29,NRW,39.98,39.98,30.0,0.0,VF CABLEMAX,1.0
2128,30 - 34,NRW,39.98,44.98,30.0,0.0,GIGAZUHAUSE KABEL,0.0
2129,35 - 39,NRW,44.99,39.98,30.0,0.0,RED INTERNET & PHONE CABLE U,0.0
2130,25 - 29,HSN,44.98,58.99,30.0,0.0,RED INTERNET & PHONE CABLE U,1.0
2131,35 - 39,KBW,34.98,42.98,30.0,0.0,VF CABLEMAX,1.0
2132,50 - 54,NRW,34.99,44.97,30.0,0.0,GIGAZUHAUSE KABEL,1.0
2133,50 - 54,NRW,29.99,49.98,30.0,0.0,GIGAZUHAUSE KABEL,0.0
2134,35 - 39,NRW,34.99,42.98,30.0,0.0,VF CABLEMAX,1.0
2135,35 - 39,HSN,34.99,39.98,30.0,0.0,RED INTERNET & PHONE CABLE U,1.0
2136,30 - 34,NRW,39.99,29.98,30.0,0.0,RED INTERNET & PHONE CABLE U,1.0
2137,35 - 39,NRW,44.98,39.99,30.0,0.0,RED INTERNET & PHONE CABLE U,1.0
2138,35 - 39,NRW,39.99,39.97,30.0,0.0,RED INTERNET & PHONE CABLE U,0.0
2139,40 - 44,NRW,39.99,39.98,30.0,0.0,VF RIP U-TREUE,1.0
2140,18 - 24,NRW,54.98,44.99,30.0,0.0,VF CABLEMAX,0.0
2141,65 - 69,NRW,34.99,54.99,30.0,0.0,VF CABLEMAX,0.0
2142,35 - 39,NRW,54.98,39.98,30.0,0.0,RED INTERNET & PHONE CABLE U,0.0
2143,35 - 39,HSN,39.98,39.98,30.0,0.0,GIGAZUHAUSE KABEL,0.0
2144,35 - 39,NRW,32.99,34.99,30.0,0.0,RED INTERNET & PHONE CABLE U,1.0
2145,40 - 44,NRW,34.99,49.98,30.0,0.0,VF CABLEMAX,1.0
2146,25 - 29,KBW,39.96,44.98,30.0,0.0,GIGAZUHAUSE KABEL,0.0
2147,25 - 29,NRW,39.99,44.98,30.0,0.0,RED INTERNET & PHONE CABLE U,1.0
2148,60 - 64,NRW,39.98,44.99,30.0,0.0,RED INTERNET & PHONE CABLE U,0.0
2149,50 - 54,KBW,34.97,44.98,30.0,0.0,RED INTERNET & PHONE CABLE U,1.0
2150,80 and over,KBW,39.98,29.98,30.0,0.0,RED INTERNET & PHONE CABLE U,0.0
2151,45 - 49,KBW,39.98,39.98,30.0,0.0,GIGAZUHAUSE KABEL,0.0
2152,25 - 29,KBW,44.99,49.98,30.0,0.0,VF CABLEMAX,0.0
2153,55 - 59,NRW,39.99,44.98,30.0,0.0,VF RIP U-TREUE,1.0
2154,65 - 69,KBW,34.99,39.99,30.0,0.0,RED INTERNET & PHONE CABLE U,1.0
2155,45 - 49,NRW,44.97,39.98,30.0,0.0,RED INTERNET & PHONE CABLE U,0.0
2156,30 - 34,NRW,37.98,34.98,30.0,0.0,RED INTERNET & PHONE CABLE U,0.0
2157,40 - 44,NRW,49.99,44.97,30.0,0.0,RED INTERNET & PHONE CABLE U,1.0
2158,40 - 44,NRW,49.97,44.99,30.0,0.0,RED INTERNET & PHONE CABLE U,0.0
2159,50 - 54,NRW,58.99,49.98,30.0,0.0,VF RIP U-TREUE,0.0
2160,40 - 44,NRW,44.99,39.98,30.0,0.0,GIGAZUHAUSE KABEL,0.0
2161,40 - 44,NRW,44.99,39.98,30.0,0.0,VF RIP U-TREUE,1.0
2162,35 - 39,NRW,44.99,44.99,30.0,0.0,RED INTERNET & PHONE CABLE U,1.0
2163,25 - 29,KBW,39.99,39.98,30.0,0.0,RED INTERNET & PHONE CABLE U,1.0
2164,65 - 69,NRW,39.99,47.98,30.0,0.0,RED INTERNET & PHONE CABLE U,1.0
2165,45 - 49,NRW,49.98,47.99,30.0,0.0,VF RIP U-TREUE,0.0
2166,30 - 34,NRW,29.99,34.99,30.0,0.0,VF RIP U-TREUE,0.0
2167,35 - 39,NRW,49.99,39.99,30.0,0.0,VF RIP U-TREUE,1.0
2168,45 - 49,HSN,49.99,39.99,30.0,0.0,RED INTERNET & PHONE CABLE U,1.0
2169,65 - 69,KBW,39.99,37.99,30.0,0.0,RED INTERNET & PHONE CABLE U,0.0
2170,30 - 34,KBW,39.98,39.98,30.0,0.0,VF RIP U-TREUE,1.0
2171,25 - 29,NRW,39.99,44.99,30.0,0.0,GIGAZUHAUSE KABEL,1.0
2172,30 - 34,NRW,39.98,44.99,30.0,0.0,RED INTERNET & PHONE CABLE U,1.0
2173,25 - 29,NRW,34.99,62.98,30.0,0.0,RED INTERNET & PHONE CABLE U,0.0
2174,40 - 44,NRW,34.98,34.98,30.0,0.0,VF RIP U-TREUE,0.0
2175,55 - 59,NRW,49.98,39.99,30.0,0.0,VF CABLEMAX,0.0
2176,30 - 34,NRW,39.99,44.99,30.0,0.0,GIGAZUHAUSE KABEL,0.0
2177,55 - 59,KBW,42.97,44.97,30.0,0.0,RED INTERNET & PHONE CABLE U,1.0
2178,25 - 29,NRW,37.98,29.99,30.0,0.0,RED INTERNET & PHONE CABLE U,1.0
2179,40 - 44,NRW,39.98,39.99,30.0,0.0,VF RIP U-TREUE,0.0
2180,35 - 39,NRW,44.99,44.99,30.0,0.0,GIGAZUHAUSE KABEL,1.0
2181,30 - 34,KBW,34.98,44.99,30.0,0.0,GIGAZUHAUSE KABEL,0.0
2182,80 and over,NRW,44.97,44.99,30.0,0.0,RED INTERNET & PHONE CABLE U,0.0
2183,45 - 49,KBW,34.98,39.99,30.0,0.0,VF RIP U-TREUE,1.0
2184,50 - 54,KBW,44.99,39.99,30.0,0.0,RED INTERNET & PHONE CABLE U,0.0
2185,25 - 29,NRW,44.97,44.99,30.0,0.0,RED INTERNET & PHONE CABLE U,0.0
2186,40 - 44,NRW,49.97,34.98,30.0,0.0,VF RIP U-TREUE,0.0
2187,30 - 34,NRW,39.99,44.98,30.0,0.0,RED INTERNET & PHONE CABLE U,1.0
2188,65 - 69,NRW,34.99,44.99,30.0,0.0,GIGAZUHAUSE KABEL,1.0
2189,50 - 54,NRW,34.99,39.99,30.0,0.0,VF RIP U-TREUE,0.0
2190,30 - 34,NRW,44.98,44.98,30.0,0.0,VF CABLEMAX,1.0
2191,60 - 64,NRW,34.98,32.99,30.0,0.0,RED INTERNET & PHONE CABLE U,0.0
2192,80 and over,NRW,37.97,39.98,30.0,0.0,RED INTERNET & PHONE CABLE U,1.0
2193,35 - 39,KBW,44.97,44.98,30.0,0.0,VF RIP U-TREUE,0.0
2194,35 - 39,HSN,44.98,39.99,30.0,0.0,VF CABLEMAX,0.0
2195,45 - 49,NRW,44.98,47.99,30.0,0.0,VF RIP U-TREUE,0.0
2196,60 - 64,KBW,44.98,49.99,30.0,0.0,RED INTERNET & PHONE CABLE U,1.0
2197,30 - 34,HSN,42.98,44.99,30.0,0.0,GIGAZUHAUSE KABEL,1.0
2198,30 - 34,NRW,39.99,60.98,30.0,0.0,RED INTERNET & PHONE CABLE U,0.0
2199,55 - 59,NRW,29.99,49.98,30.0,0.0,VF CABLEMAX,1.0
2200,40 - 44,NRW,52.99,49.99,30.0,0.0,VF RIP U-TREUE,0.0
2201,35 - 39,NRW,39.99,39.99,30.0,0.0,RED INTERNET & PHONE CABLE U,1.0
2202,35 - 39,NRW,39.99,39.99,30.0,0.0,VF RIP U-TREUE,0.0
2203,35 - 39,HSN,39.99,34.99,30.0,0.0,RED INTERNET & PHONE CABLE U,0.0
2204,30 - 34,KBW,39.99,54.99,30.0,0.0,RED INTERNET & PHONE CABLE U,1.0
2205,18 - 24,KBW,49.99,39.98,30.0,0.0,VF RIP U-TREUE,0.0
2206,50 - 54,KBW,29.98,32.98,30.0,0.0,RED INTERNET & PHONE CABLE U,1.0
2208,30 - 34,NRW,44.99,39.99,30.0,0.0,VF RIP U-TREUE,0.0
2209,55 - 59,HSN,39.99,49.98,30.0,0.0,VF RIP U-TREUE,1.0
2210,40 - 44,NRW,34.97,34.99,30.0,0.0,VF CABLEMAX,0.0
2211,70 - 74,NRW,39.99,39.99,30.0,0.0,RED INTERNET & PHONE CABLE U,1.0
2212,35 - 39,NRW,39.98,44.99,30.0,0.0,VF CABLEMAX,1.0
2213,55 - 59,HSN,49.99,44.99,30.0,0.0,RED INTERNET & PHONE CABLE U,1.0
2214,60 - 64,NRW,44.98,49.99,30.0,0.0,RED INTERNET & PHONE CABLE U,0.0
2215,40 - 44,NRW,34.98,39.98,30.0,0.0,GIGAZUHAUSE TREUE B,0.0
2216,35 - 39,NRW,39.98,49.99,30.0,0.0,RED INTERNET & PHONE CABLE U,0.0
2217,80 and over,HSN,44.99,44.99,30.0,0.0,RED INTERNET & PHONE CABLE U,0.0
2218,45 - 49,KBW,44.98,34.99,30.0,0.0,RED INTERNET & PHONE CABLE U,1.0
2219,50 - 54,KBW,49.98,44.99,30.0,0.0,RED INTERNET & PHONE CABLE U,0.0
2220,40 - 44,NRW,44.98,29.98,30.0,0.0,VF CABLEMAX,0.0
2221,18 - 24,NRW,39.98,49.98,30.0,0.0,VF RIP U-TREUE,0.0
2222,30 - 34,KBW,32.99,34.99,30.0,0.0,RED INTERNET & PHONE CABLE U,1.0
2223,35 - 39,NRW,44.99,49.99,30.0,0.0,RED INTERNET & PHONE CABLE U,1.0
2224,35 - 39,KBW,37.98,39.99,30.0,0.0,RED INTERNET & PHONE CABLE U,1.0
2225,25 - 29,HSN,44.99,39.98,30.0,0.0,VF CABLEMAX,1.0
2227,25 - 29,KBW,29.98,34.98,30.0,0.0,VF RIP U-TREUE,0.0
2228,25 - 29,NRW,44.99,34.97,30.0,0.0,VF CABLEMAX,1.0
2229,50 - 54,NRW,44.99,37.98,30.0,0.0,VF CABLEMAX,0.0
2230,45 - 49,KBW,44.99,24.98,30.0,0.0,RED INTERNET & PHONE CABLE U,0.0
2231,40 - 44,NRW,44.99,34.98,30.0,0.0,RED INTERNET & PHONE CABLE U,1.0
2232,40 - 44,NRW,19.98,34.98,30.0,0.0,VF CABLEMAX,0.0
2233,45 - 49,NRW,49.98,34.97,30.0,0.0,RED INTERNET & PHONE CABLE U,0.0
2234,18 - 24,HSN,49.97,34.99,30.0,0.0,VF RIP U-TREUE,0.0
2235,80 and over,NRW,39.99,39.98,30.0,0.0,RED INTERNET & PHONE CABLE U,0.0
2236,55 - 59,HSN,49.98,37.99,30.0,0.0,RED INTERNET & PHONE CABLE U,1.0
2237,80 and over,KBW,34.98,44.98,30.0,0.0,RED INTERNET & PHONE CABLE U,0.0
2238,55 - 59,KBW,32.99,49.99,30.0,0.0,GIGAZUHAUSE KABEL,1.0
2239,60 - 64,NRW,44.99,34.98,30.0,0.0,VF CABLEMAX,0.0
2240,30 - 34,KBW,44.99,44.99,30.0,0.0,VF RIP U-TREUE,1.0
2241,40 - 44,NRW,39.98,39.99,30.0,0.0,RED INTERNET & PHONE CABLE U,1.0
2242,45 - 49,NRW,44.98,39.98,30.0,0.0,RED INTERNET & PHONE CABLE U,1.0
2243,35 - 39,HSN,44.99,39.98,30.0,0.0,RED INTERNET & PHONE CABLE U,0.0
2244,35 - 39,KBW,44.98,39.98,30.0,0.0,RED INTERNET & PHONE CABLE U,1.0
2245,40 - 44,NRW,39.99,39.98,30.0,0.0,VF RIP U-TREUE,0.0
2246,55 - 59,NRW,42.98,44.97,30.0,0.0,RED INTERNET & PHONE CABLE U,1.0
2247,40 - 44,NRW,29.99,34.99,30.0,0.0,RED INTERNET & PHONE CABLE U,0.0
2248,25 - 29,KBW,44.98,34.99,30.0,0.0,VF CABLEMAX,0.0
2249,60 - 64,KBW,49.99,29.99,30.0,0.0,RED INTERNET & PHONE CABLE U,1.0
2250,50 - 54,NRW,39.98,34.99,30.0,0.0,VF RIP U-TREUE,0.0
2251,35 - 39,NRW,49.99,44.97,30.0,0.0,RED INTERNET & PHONE CABLE U,0.0
2252,60 - 64,NRW,34.99,44.98,30.0,0.0,RED INTERNET & PHONE CABLE U,1.0
2253,25 - 29,NRW,44.98,39.99,30.0,0.0,VF CABLEMAX,1.0
2254,55 - 59,NRW,44.98,34.99,30.0,0.0,RED INTERNET & PHONE CABLE U,0.0
2255,40 - 44,NRW,39.99,44.99,30.0,0.0,RED INTERNET & PHONE CABLE U,1.0
2256,35 - 39,NRW,44.99,44.98,6.0,0.0,VF CABLEMAX,1.0
2257,50 - 54,HSN,49.97,39.99,30.0,0.0,VF CABLEMAX,1.0
2258,25 - 29,NRW,39.98,39.99,30.0,0.0,GIGAZUHAUSE TREUE B,0.0
2259,60 - 64,NRW,34.97,34.99,30.0,0.0,RED INTERNET & PHONE CABLE U,1.0
2260,30 - 34,NRW,44.97,39.99,30.0,0.0,VF RIP U-TREUE,1.0
2261,35 - 39,KBW,49.98,44.99,30.0,0.0,VF CABLEMAX,1.0
2262,70 - 74,NRW,39.98,44.98,30.0,0.0,RED INTERNET & PHONE CABLE U,0.0
2263,35 - 39,NRW,34.99,34.99,30.0,0.0,VF CABLEMAX,1.0
2264,35 - 39,NRW,39.98,39.99,30.0,0.0,VF RIP U-TREUE,0.0
2265,40 - 44,NRW,49.98,39.98,30.0,0.0,VF RIP U-TREUE,0.0
2266,40 - 44,KBW,34.94,29.99,30.0,0.0,RED INTERNET & PHONE CABLE U,0.0
2267,25 - 29,KBW,39.99,34.98,30.0,0.0,VF RIP U-TREUE,1.0
2268,35 - 39,NRW,34.97,44.98,30.0,0.0,VF CABLEMAX,0.0
2269,25 - 29,NRW,44.97,29.99,30.0,0.0,RED INTERNET & PHONE CABLE U,0.0
2270,40 - 44,NRW,39.99,32.99,30.0,0.0,GIGAZUHAUSE KABEL,0.0
2271,45 - 49,KBW,49.98,34.99,30.0,0.0,RED INTERNET & PHONE CABLE U,0.0
2272,45 - 49,KBW,39.99,39.99,30.0,0.0,VF CABLEMAX,1.0
2273,40 - 44,NRW,49.98,39.98,30.0,0.0,RED INTERNET & PHONE CABLE U,0.0
2274,80 and over,NRW,44.98,39.99,30.0,0.0,RED INTERNET & PHONE CABLE U,0.0
2275,40 - 44,KBW,44.99,34.99,30.0,0.0,RED INTERNET & PHONE CABLE U,0.0
2276,50 - 54,KBW,44.97,42.99,30.0,0.0,VF CABLEMAX,1.0
2277,35 - 39,NRW,44.98,39.98,30.0,0.0,RED INTERNET & PHONE CABLE U,1.0
2278,40 - 44,HSN,44.99,34.99,30.0,0.0,RED INTERNET & PHONE CABLE U,0.0
2279,40 - 44,NRW,39.99,34.98,30.0,0.0,VF RIP U-TREUE,0.0
2280,30 - 34,NRW,44.99,54.98,30.0,0.0,RED INTERNET & PHONE CABLE U,0.0
2281,35 - 39,NRW,44.98,34.99,30.0,0.0,RED INTERNET & PHONE CABLE U,1.0
2282,40 - 44,KBW,39.99,54.99,30.0,0.0,RED INTERNET & PHONE CABLE U,0.0
2283,55 - 59,NRW,44.98,29.98,30.0,0.0,RED INTERNET & PHONE CABLE U,0.0
2284,45 - 49,NRW,39.97,44.98,30.0,0.0,VF CABLEMAX,1.0
2285,55 - 59,NRW,44.99,49.98,30.0,0.0,VF CABLEMAX,1.0
2286,60 - 64,NRW,39.99,34.97,30.0,0.0,RED INTERNET & PHONE CABLE U,0.0
2287,40 - 44,KBW,49.99,39.98,30.0,0.0,RED INTERNET & PHONE CABLE U,0.0
2288,50 - 54,KBW,49.97,44.99,30.0,0.0,RED INTERNET & PHONE CABLE U,1.0
2289,65 - 69,KBW,44.99,49.99,30.0,0.0,VF RIP U-TREUE,1.0
2290,55 - 59,NRW,39.97,42.98,30.0,0.0,GIGAZUHAUSE KABEL,0.0
2291,60 - 64,KBW,44.99,34.97,30.0,0.0,RED INTERNET & PHONE CABLE U,1.0
2292,45 - 49,KBW,34.99,44.99,30.0,0.0,RED INTERNET & PHONE CABLE U,1.0
2293,40 - 44,HSN,34.99,39.98,30.0,0.0,RED INTERNET & PHONE CABLE U,0.0
2294,35 - 39,NRW,44.98,32.99,30.0,0.0,RED INTERNET & PHONE CABLE U,0.0
2295,50 - 54,NRW,49.99,39.99,30.0,0.0,VF RIP U-TREUE,1.0
2296,25 - 29,NRW,44.98,49.99,30.0,0.0,VF RIP U-TREUE,0.0
2297,40 - 44,NRW,44.98,39.98,30.0,0.0,VF CABLEMAX,1.0
2298,35 - 39,NRW,42.98,44.99,30.0,0.0,VF CABLEMAX,0.0
2299,35 - 39,KBW,34.99,44.98,30.0,0.0,RED INTERNET & PHONE CABLE U,1.0
2300,40 - 44,NRW,44.98,39.98,30.0,0.0,VF CABLEMAX,1.0
2301,35 - 39,NRW,39.99,34.98,30.0,0.0,VF RIP U-TREUE,1.0
2302,25 - 29,HSN,44.99,34.98,30.0,0.0,VF RIP U-TREUE,0.0
2303,35 - 39,NRW,34.99,44.98,30.0,0.0,VF RIP U-TREUE,1.0
2304,35 - 39,HSN,34.99,39.99,30.0,0.0,RED INTERNET & PHONE CABLE U,0.0
2305,55 - 59,KBW,34.99,34.99,30.0,0.0,VF CABLEMAX,1.0
2307,40 - 44,NRW,42.98,39.99,30.0,0.0,VF RIP U-TREUE,0.0
2308,35 - 39,NRW,39.99,44.99,30.0,0.0,VF CABLEMAX,0.0
2309,35 - 39,KBW,37.98,29.98,30.0,0.0,RED INTERNET & PHONE CABLE U,1.0
2310,45 - 49,NRW,44.97,44.99,30.0,0.0,GIGAZUHAUSE KABEL,0.0
2311,30 - 34,NRW,49.98,44.99,30.0,0.0,VF CABLEMAX,1.0
2312,25 - 29,KBW,29.99,39.99,30.0,0.0,RED INTERNET & PHONE CABLE U,0.0
2313,40 - 44,NRW,44.98,29.98,30.0,0.0,RED INTERNET & PHONE CABLE U,1.0
2314,70 - 74,HSN,29.96,44.99,30.0,0.0,RED INTERNET & PHONE CABLE U,0.0
2315,60 - 64,NRW,39.99,39.99,30.0,0.0,RED INTERNET & PHONE CABLE U,0.0
2316,30 - 34,NRW,62.99,49.99,30.0,0.0,GIGAZUHAUSE KABEL,1.0
2317,50 - 54,KBW,44.97,44.98,30.0,0.0,VF RIP U-TREUE,0.0
2318,50 - 54,KBW,44.99,34.98,30.0,0.0,RED INTERNET & PHONE CABLE U,1.0
2319,35 - 39,HSN,39.98,44.98,30.0,0.0,GIGAZUHAUSE KABEL,0.0
2320,30 - 34,HSN,39.98,49.99,30.0,0.0,RED INTERNET & PHONE CABLE U,1.0
2321,45 - 49,KBW,39.98,49.99,30.0,0.0,RED INTERNET & PHONE CABLE U,1.0
2322,60 - 64,NRW,34.98,34.99,30.0,1.0,RED INTERNET & PHONE CABLE U,1.0
2323,25 - 29,KBW,34.98,39.98,30.0,0.0,RED INTERNET & PHONE CABLE U,1.0
2324,40 - 44,NRW,34.97,34.99,30.0,0.0,RED INTERNET & PHONE CABLE U,1.0
2325,35 - 39,HSN,34.99,49.98,30.0,0.0,RED INTERNET & PHONE CABLE U,1.0
2326,35 - 39,NRW,44.98,54.99,30.0,0.0,VF CABLEMAX,0.0
2327,40 - 44,NRW,39.99,42.99,30.0,0.0,RED INTERNET & PHONE CABLE U,0.0
2328,25 - 29,NRW,34.98,44.99,30.0,0.0,RED INTERNET & PHONE CABLE U,1.0
2329,35 - 39,NRW,69.99,34.99,30.0,0.0,GIGAZUHAUSE KABEL,1.0
2330,35 - 39,KBW,44.98,34.99,30.0,0.0,RED INTERNET & PHONE CABLE U,0.0
2331,35 - 39,KBW,44.99,49.98,30.0,0.0,RED INTERNET & PHONE CABLE U,0.0
2332,35 - 39,HSN,44.99,44.99,30.0,0.0,VF CABLEMAX,1.0
2333,30 - 34,NRW,34.97,44.97,30.0,0.0,GIGAZUHAUSE KABEL,0.0
2334,35 - 39,NRW,44.99,44.98,30.0,0.0,VF RIP U-TREUE,1.0
2335,45 - 49,NRW,34.97,44.99,30.0,0.0,RED INTERNET & PHONE CABLE U,1.0
2336,30 - 34,KBW,39.97,44.99,30.0,0.0,RED INTERNET & PHONE CABLE U,0.0
2337,50 - 54,NRW,34.99,49.98,30.0,0.0,RED INTERNET & PHONE CABLE U,0.0
2338,25 - 29,NRW,39.99,49.98,30.0,0.0,VF CABLEMAX,0.0
2339,55 - 59,KBW,29.98,34.99,30.0,0.0,VF RIP U-TREUE,1.0
2340,35 - 39,NRW,29.98,44.99,30.0,0.0,VF RIP U-TREUE,1.0
2341,55 - 59,NRW,39.99,42.99,30.0,0.0,RED INTERNET & PHONE CABLE U,1.0
2342,35 - 39,NRW,44.98,44.99,30.0,0.0,RED INTERNET & PHONE CABLE U,0.0
2343,30 - 34,KBW,32.97,44.98,30.0,0.0,RED INTERNET & PHONE CABLE U,1.0
2344,45 - 49,NRW,34.99,44.97,30.0,0.0,VF RIP U-TREUE,0.0
2345,25 - 29,HSN,49.98,52.99,30.0,0.0,RED INTERNET & PHONE CABLE U,0.0
2346,35 - 39,HSN,39.98,44.99,30.0,0.0,VF RIP U-TREUE,1.0
2347,35 - 39,HSN,39.98,44.99,30.0,0.0,RED INTERNET & PHONE CABLE U,1.0
2348,40 - 44,NRW,44.99,44.99,30.0,0.0,GIGAZUHAUSE KABEL,0.0
2349,30 - 34,KBW,39.99,44.98,30.0,0.0,VF CABLEMAX,0.0
2350,55 - 59,NRW,44.99,34.99,30.0,0.0,RED INTERNET & PHONE CABLE U,1.0
2351,50 - 54,KBW,34.99,34.99,30.0,0.0,VF RIP U-TREUE,0.0
2352,35 - 39,HSN,39.98,29.99,30.0,0.0,VF RIP U-TREUE,0.0
2353,25 - 29,NRW,39.99,49.99,30.0,0.0,GIGAZUHAUSE KABEL,1.0
2354,50 - 54,NRW,39.98,49.99,30.0,0.0,VF RIP U-TREUE,1.0
2355,40 - 44,KBW,49.99,39.99,30.0,0.0,RED INTERNET & PHONE CABLE U,1.0
2356,55 - 59,NRW,34.98,34.98,30.0,0.0,RED INTERNET & PHONE CABLE U,1.0
2357,55 - 59,NRW,39.99,39.99,30.0,0.0,VF CABLEMAX,0.0
2358,30 - 34,KBW,34.99,44.99,30.0,0.0,RED INTERNET & PHONE CABLE U,0.0
2359,40 - 44,KBW,44.99,44.98,30.0,0.0,GIGAZUHAUSE KABEL,0.0
2360,70 - 74,NRW,44.98,39.98,30.0,0.0,RED INTERNET & PHONE CABLE U,1.0
2361,35 - 39,HSN,44.98,39.97,30.0,0.0,RED INTERNET & PHONE CABLE U,1.0
2362,80 and over,KBW,44.98,39.99,30.0,0.0,RED INTERNET & PHONE CABLE U,1.0
2363,70 - 74,NRW,39.99,39.99,30.0,0.0,RED INTERNET & PHONE CABLE U,1.0
2364,25 - 29,NRW,39.98,39.99,30.0,0.0,GIGAZUHAUSE KABEL,1.0
2365,30 - 34,NRW,44.98,34.99,30.0,0.0,VF RIP U-TREUE,1.0
2366,50 - 54,NRW,45.98,49.98,30.0,0.0,VF CABLEMAX,1.0
2367,30 - 34,NRW,34.98,39.98,30.0,0.0,RED INTERNET & PHONE CABLE U,0.0
2368,70 - 74,KBW,34.99,44.97,30.0,0.0,VF RIP U-TREUE,1.0
2369,25 - 29,NRW,34.99,44.99,30.0,0.0,VF CABLEMAX,1.0
2370,30 - 34,KBW,49.99,39.98,30.0,0.0,RED INTERNET & PHONE CABLE U,0.0
2371,50 - 54,NRW,39.98,44.99,30.0,0.0,RED INTERNET & PHONE CABLE U,1.0
2372,30 - 34,NRW,32.99,39.99,30.0,0.0,VF CABLEMAX,1.0
2373,35 - 39,NRW,44.99,39.98,30.0,0.0,VF CABLEMAX,0.0
2374,55 - 59,NRW,39.98,39.99,30.0,0.0,RED INTERNET & PHONE CABLE U,0.0
2375,35 - 39,KBW,34.97,44.98,30.0,0.0,GIGAZUHAUSE TREUE C,0.0
2376,55 - 59,NRW,44.98,39.98,30.0,0.0,RED INTERNET & PHONE CABLE U,0.0
2377,25 - 29,KBW,64.98,39.99,30.0,0.0,RED INTERNET & PHONE CABLE U,0.0
2378,40 - 44,NRW,34.98,29.98,30.0,0.0,GIGAZUHAUSE KABEL,1.0
2379,35 - 39,NRW,39.98,34.99,30.0,0.0,RED INTERNET & PHONE CABLE U,0.0
2380,35 - 39,KBW,37.97,39.99,30.0,0.0,GIGAZUHAUSE KABEL,1.0
2381,35 - 39,NRW,44.97,34.99,30.0,0.0,RED INTERNET & PHONE CABLE U,1.0
2382,25 - 29,KBW,39.98,34.97,30.0,0.0,RED INTERNET & PHONE CABLE U,1.0
2383,25 - 29,KBW,42.99,34.96,30.0,0.0,RED INTERNET & PHONE CABLE U,1.0
2384,35 - 39,KBW,39.99,39.99,30.0,0.0,VF RIP U-TREUE,0.0
2385,35 - 39,HSN,34.97,44.99,30.0,0.0,RED INTERNET & PHONE CABLE U,1.0
2386,25 - 29,NRW,39.98,39.98,30.0,0.0,GIGAZUHAUSE KABEL,0.0
2387,40 - 44,NRW,39.99,44.98,30.0,0.0,RED INTERNET & PHONE CABLE U,1.0
2388,35 - 39,NRW,34.99,34.98,30.0,0.0,VF RIP U-TREUE,0.0
2389,70 - 74,NRW,44.99,39.99,30.0,0.0,VF CABLEMAX,0.0
2390,30 - 34,KBW,42.97,42.97,30.0,0.0,GIGAZUHAUSE KABEL,0.0
2391,40 - 44,HSN,54.97,34.99,30.0,0.0,GIGAZUHAUSE KABEL,0.0
2392,60 - 64,KBW,39.98,34.96,30.0,0.0,GIGAZUHAUSE CABLEMAX EB,0.0
2393,25 - 29,HSN,49.97,34.98,30.0,0.0,RED INTERNET & PHONE CABLE U,1.0
2394,35 - 39,KBW,39.99,39.99,30.0,0.0,RED INTERNET & PHONE CABLE U,0.0
2395,35 - 39,NRW,29.97,39.99,30.0,0.0,GIGAZUHAUSE KABEL,1.0
2396,35 - 39,NRW,34.98,39.98,30.0,0.0,RED INTERNET & PHONE CABLE U,0.0
2397,40 - 44,KBW,34.99,29.99,30.0,0.0,RED INTERNET & PHONE CABLE U,1.0
2398,50 - 54,KBW,44.99,39.99,30.0,0.0,RED INTERNET & PHONE CABLE U,1.0
2399,25 - 29,NRW,39.99,44.99,30.0,0.0,VF CABLEMAX,1.0
2400,55 - 59,KBW,44.98,34.99,30.0,0.0,GIGAZUHAUSE KABEL,0.0
2401,35 - 39,KBW,54.99,44.97,30.0,0.0,GIGAZUHAUSE KABEL,1.0
2402,25 - 29,NRW,42.99,44.98,30.0,0.0,RED INTERNET & PHONE CABLE U,0.0
2403,25 - 29,NRW,34.96,39.99,30.0,0.0,RED INTERNET & PHONE CABLE U,1.0
2404,70 - 74,NRW,34.99,49.99,30.0,0.0,VF CABLEMAX,0.0
2405,40 - 44,NRW,34.97,44.98,30.0,0.0,VF RIP U-TREUE,0.0
2406,30 - 34,KBW,39.99,44.99,30.0,0.0,RED INTERNET & PHONE CABLE U,0.0
2407,25 - 29,KBW,34.99,44.98,30.0,0.0,RED INTERNET & PHONE CABLE U,0.0
2408,60 - 64,NRW,39.99,44.99,30.0,0.0,RED INTERNET & PHONE CABLE U,1.0
2409,25 - 29,KBW,34.98,44.98,30.0,0.0,GIGAZUHAUSE KABEL,1.0
2410,30 - 34,HSN,44.98,59.99,6.0,0.0,RED INTERNET & PHONE CABLE U,1.0
2411,60 - 64,KBW,44.99,44.99,30.0,0.0,RED INTERNET & PHONE CABLE U,0.0
2412,35 - 39,KBW,44.98,44.98,30.0,0.0,RED INTERNET & PHONE CABLE U,1.0
2413,55 - 59,KBW,49.99,49.99,30.0,0.0,RED INTERNET & PHONE CABLE U,0.0
2414,35 - 39,HSN,39.99,39.99,30.0,0.0,VF CABLEMAX,1.0
2415,35 - 39,KBW,39.98,45.98,30.0,0.0,GIGAZUHAUSE KABEL,0.0
2416,25 - 29,NRW,39.98,34.97,30.0,0.0,VF CABLEMAX,1.0
2417,30 - 34,NRW,34.99,34.97,30.0,1.0,RED INTERNET & PHONE CABLE U,1.0
2418,30 - 34,KBW,44.99,32.99,30.0,0.0,RED INTERNET & PHONE CABLE U,1.0
2419,40 - 44,KBW,44.98,39.98,30.0,0.0,RED INTERNET & PHONE CABLE U,0.0
2420,35 - 39,KBW,34.98,44.99,30.0,0.0,VF RIP U-TREUE,1.0
2421,40 - 44,NRW,44.99,44.98,30.0,0.0,RED INTERNET & PHONE CABLE U,0.0
2422,50 - 54,KBW,39.99,39.98,30.0,0.0,GIGAZUHAUSE KABEL,0.0
2423,55 - 59,KBW,34.99,44.99,30.0,0.0,RED INTERNET & PHONE CABLE U,0.0
2424,35 - 39,KBW,39.98,44.99,30.0,0.0,RED INTERNET & PHONE CABLE U,0.0
2425,35 - 39,KBW,39.98,39.97,30.0,0.0,RED INTERNET & PHONE CABLE U,1.0
2426,25 - 29,NRW,40.98,39.98,30.0,0.0,RED INTERNET & PHONE CABLE U,0.0
2427,35 - 39,HSN,39.99,49.98,30.0,0.0,VF CABLEMAX,1.0
2428,55 - 59,NRW,54.99,29.99,30.0,0.0,RED INTERNET & PHONE CABLE U,0.0
2429,35 - 39,NRW,44.98,39.97,30.0,0.0,VF RIP U-TREUE,1.0
2430,60 - 64,NRW,39.99,54.98,30.0,0.0,VF RIP U-TREUE,0.0
2431,40 - 44,NRW,32.99,34.98,30.0,0.0,RED INTERNET & PHONE CABLE U,1.0
2432,50 - 54,HSN,39.98,39.98,30.0,0.0,VF CABLEMAX,0.0
2433,35 - 39,NRW,39.99,29.98,30.0,0.0,VF RIP U-TREUE,1.0
2434,35 - 39,KBW,39.99,39.98,30.0,0.0,VF RIP U-TREUE,0.0
2435,40 - 44,HSN,29.99,49.97,30.0,0.0,RED INTERNET & PHONE CABLE U,0.0
2436,25 - 29,NRW,44.99,44.97,30.0,0.0,RED INTERNET & PHONE CABLE U,1.0
2437,30 - 34,KBW,44.98,29.99,30.0,0.0,RED INTERNET & PHONE CABLE U,1.0
2438,35 - 39,KBW,39.99,42.98,30.0,0.0,RED INTERNET & PHONE CABLE U,1.0
2439,35 - 39,NRW,37.99,44.99,30.0,0.0,RED INTERNET & PHONE CABLE U,0.0
2440,35 - 39,NRW,32.99,49.98,30.0,0.0,VF CABLEMAX,1.0
2441,55 - 59,HSN,44.99,49.99,30.0,0.0,VF RIP U-TREUE,0.0
2442,30 - 34,KBW,44.99,39.99,30.0,0.0,RED INTERNET & PHONE CABLE U,1.0
2443,30 - 34,KBW,37.98,37.99,30.0,0.0,RED INTERNET & PHONE CABLE U,1.0
2444,35 - 39,HSN,44.98,29.99,30.0,0.0,RED INTERNET & PHONE CABLE U,1.0
2445,45 - 49,NRW,44.99,49.97,30.0,0.0,RED INTERNET & PHONE CABLE U,1.0
2446,45 - 49,KBW,39.99,32.99,30.0,0.0,RED INTERNET & PHONE CABLE U,1.0
2447,55 - 59,NRW,39.99,39.98,30.0,0.0,RED INTERNET & PHONE CABLE U,0.0
2448,55 - 59,KBW,39.97,37.99,30.0,0.0,RED INTERNET & PHONE CABLE U,0.0
2449,30 - 34,NRW,34.98,49.98,30.0,0.0,RED INTERNET & PHONE CABLE U,0.0
2450,35 - 39,NRW,44.98,34.99,30.0,0.0,GIGAZUHAUSE KABEL,0.0
2451,18 - 24,NRW,39.99,44.98,30.0,0.0,VF RIP U-TREUE,0.0
2452,35 - 39,NRW,34.99,29.99,30.0,0.0,RED INTERNET & PHONE CABLE U,1.0
2453,30 - 34,NRW,34.99,39.98,30.0,0.0,2PLAY,1.0
2454,45 - 49,KBW,49.97,39.99,30.0,0.0,RED INTERNET & PHONE CABLE U,0.0
2455,25 - 29,NRW,39.98,39.98,30.0,0.0,RED INTERNET & PHONE CABLE U,1.0
2456,40 - 44,NRW,39.99,39.98,30.0,0.0,VF RIP U-TREUE,0.0
2457,35 - 39,NRW,39.99,39.99,30.0,0.0,GIGAZUHAUSE KABEL,1.0
2458,30 - 34,NRW,44.98,39.99,30.0,0.0,RED INTERNET & PHONE CABLE U,0.0
2459,40 - 44,HSN,44.98,54.99,30.0,0.0,RED INTERNET & PHONE CABLE U,1.0
2460,35 - 39,HSN,44.98,39.99,30.0,0.0,VF RIP U-TREUE,0.0
2461,40 - 44,NRW,49.98,34.99,30.0,0.0,RED INTERNET & PHONE CABLE U,1.0
2462,30 - 34,HSN,44.99,44.99,30.0,0.0,VF CABLEMAX,0.0
2463,35 - 39,NRW,44.99,44.99,30.0,0.0,VF RIP U-TREUE,1.0
2464,35 - 39,KBW,44.99,44.99,30.0,0.0,VF CABLEMAX,0.0
2465,40 - 44,KBW,44.99,39.98,30.0,0.0,VF CABLEMAX,1.0
2466,80 and over,NRW,34.99,39.99,30.0,0.0,RED INTERNET & PHONE CABLE U,0.0
2467,40 - 44,KBW,39.97,39.99,30.0,0.0,RED INTERNET & PHONE CABLE U,1.0
2468,40 - 44,KBW,37.99,34.99,30.0,0.0,VF CABLEMAX,0.0
2469,40 - 44,KBW,49.99,44.99,30.0,0.0,RED INTERNET & PHONE CABLE U,0.0
2470,45 - 49,NRW,39.96,44.99,30.0,0.0,RED INTERNET & PHONE CABLE U,1.0
2471,40 - 44,KBW,39.99,44.98,30.0,0.0,RED INTERNET & PHONE CABLE U,0.0
2472,18 - 24,NRW,44.98,44.42,30.0,0.0,GIGAZUHAUSE KABEL,0.0
2473,40 - 44,NRW,29.99,39.99,30.0,0.0,VF RIP U-TREUE,1.0
2474,30 - 34,KBW,29.99,44.98,30.0,0.0,RED INTERNET & PHONE CABLE U,1.0
2475,80 and over,NRW,44.97,54.99,30.0,0.0,VF RIP U-TREUE,1.0
2476,35 - 39,NRW,44.97,44.98,30.0,0.0,RED INTERNET & PHONE CABLE U,0.0
2477,35 - 39,NRW,39.99,44.98,30.0,0.0,VF RIP U-TREUE,0.0
2478,30 - 34,NRW,34.98,34.98,30.0,0.0,GIGAZUHAUSE KABEL,1.0
2479,25 - 29,KBW,42.99,39.97,30.0,0.0,RED INTERNET & PHONE CABLE U,1.0
2480,55 - 59,NRW,24.98,42.98,30.0,0.0,VF CABLEMAX,1.0
2481,50 - 54,NRW,44.99,44.99,30.0,0.0,VF CABLEMAX,0.0
2482,25 - 29,NRW,39.99,44.99,30.0,0.0,VF CABLEMAX,1.0
2483,40 - 44,NRW,54.98,45.99,30.0,0.0,RED INTERNET & PHONE CABLE U,0.0
2484,55 - 59,NRW,39.98,44.98,30.0,0.0,VF RIP U-TREUE,0.0
2485,18 - 24,NRW,34.99,39.98,30.0,0.0,VF CABLEMAX,0.0
2486,65 - 69,KBW,44.98,49.98,30.0,0.0,RED INTERNET & PHONE CABLE U,1.0
2487,30 - 34,NRW,39.97,29.97,30.0,0.0,RED INTERNET & PHONE CABLE U,1.0
2488,40 - 44,NRW,39.99,42.98,30.0,0.0,RED INTERNET & PHONE CABLE U,1.0
2489,35 - 39,HSN,29.98,34.97,30.0,0.0,RED INTERNET & PHONE CABLE U,0.0
2490,55 - 59,KBW,44.99,44.99,30.0,0.0,VF RIP U-TREUE,0.0
2491,40 - 44,KBW,34.99,39.99,30.0,0.0,RED INTERNET & PHONE CABLE U,1.0
2492,25 - 29,NRW,44.98,44.98,30.0,0.0,RED INTERNET & PHONE CABLE U,0.0
2493,35 - 39,KBW,44.99,34.97,30.0,0.0,RED INTERNET & PHONE CABLE U,0.0
2494,25 - 29,KBW,39.99,44.99,30.0,0.0,RED INTERNET & PHONE CABLE U,1.0
2495,80 and over,KBW,39.96,0.98,30.0,0.0,RED INTERNET & PHONE CABLE U,0.0
2496,35 - 39,NRW,34.99,44.98,30.0,0.0,VF RIP U-TREUE,0.0
2497,60 - 64,NRW,29.98,34.99,30.0,0.0,RED INTERNET & PHONE CABLE U,1.0
2498,30 - 34,KBW,34.99,24.99,30.0,0.0,VF CABLEMAX,1.0
2499,25 - 29,NRW,39.98,34.99,30.0,0.0,VF RIP U-TREUE,1.0
2500,60 - 64,HSN,39.99,44.99,30.0,0.0,RED INTERNET & PHONE CABLE U,1.0
2501,40 - 44,KBW,44.98,34.99,30.0,0.0,RED INTERNET & PHONE CABLE U,0.0
2502,35 - 39,KBW,44.98,34.98,30.0,0.0,VF CABLEMAX,1.0
2503,50 - 54,NRW,34.99,34.98,30.0,0.0,RED INTERNET & PHONE CABLE U,1.0
2504,55 - 59,KBW,49.99,49.98,30.0,0.0,RED INTERNET & PHONE CABLE U,0.0
2505,45 - 49,HSN,39.98,42.99,30.0,0.0,RED INTERNET & PHONE CABLE U,1.0
2506,50 - 54,NRW,39.99,49.99,30.0,0.0,RED INTERNET & PHONE CABLE U,0.0
2507,25 - 29,NRW,34.99,44.98,30.0,0.0,VF RIP U-TREUE,1.0
2508,80 and over,KBW,34.99,49.98,30.0,0.0,RED INTERNET & PHONE CABLE U,0.0
2509,40 - 44,NRW,42.99,44.98,30.0,0.0,VF CABLEMAX,0.0
2510,70 - 74,NRW,24.99,44.99,30.0,0.0,RED INTERNET & PHONE CABLE U,1.0
2511,30 - 34,NRW,44.99,49.98,30.0,0.0,GIGAZUHAUSE KABEL,1.0
2512,40 - 44,KBW,39.99,44.98,30.0,0.0,RED INTERNET & PHONE CABLE U,0.0
2513,18 - 24,NRW,37.99,34.98,30.0,0.0,VF RIP U-TREUE,1.0
2514,55 - 59,KBW,39.97,37.99,30.0,0.0,GIGAZUHAUSE KABEL,1.0
2515,45 - 49,HSN,34.97,44.99,30.0,0.0,VF CABLEMAX,1.0
2516,25 - 29,NRW,44.98,44.98,30.0,0.0,RED INTERNET & PHONE CABLE U,1.0
2517,60 - 64,NRW,29.99,44.99,30.0,0.0,RED INTERNET & PHONE CABLE U,1.0
2518,30 - 34,NRW,49.98,44.98,30.0,0.0,VF CABLEMAX,0.0
2519,30 - 34,KBW,39.98,44.98,30.0,0.0,VF CABLEMAX,0.0
2520,40 - 44,KBW,39.99,39.99,30.0,0.0,RED INTERNET & PHONE CABLE U,1.0
2521,65 - 69,NRW,44.97,29.99,30.0,0.0,RED INTERNET & PHONE CABLE U,0.0
2522,55 - 59,HSN,37.98,39.97,30.0,0.0,VF RIP U-TREUE,1.0
2523,35 - 39,KBW,44.99,44.99,30.0,0.0,GIGAZUHAUSE KABEL,0.0
2524,25 - 29,KBW,44.99,49.96,30.0,0.0,GIGAZUHAUSE KABEL,0.0
2525,30 - 34,KBW,44.98,44.98,30.0,0.0,RED INTERNET & PHONE CABLE U,1.0
2526,50 - 54,NRW,44.98,32.98,30.0,0.0,RED INTERNET & PHONE CABLE U,1.0
2527,40 - 44,NRW,39.98,49.99,30.0,0.0,RED INTERNET & PHONE CABLE U,0.0
2528,35 - 39,NRW,39.99,44.97,30.0,0.0,RED INTERNET & PHONE CABLE U,1.0
2529,60 - 64,NRW,49.98,52.98,30.0,0.0,GIGAZUHAUSE KABEL,0.0
2530,30 - 34,NRW,44.99,44.98,30.0,0.0,VF CABLEMAX,1.0
2531,50 - 54,KBW,39.97,39.99,30.0,0.0,RED INTERNET & PHONE CABLE U,1.0
2532,35 - 39,KBW,39.98,44.98,30.0,0.0,RED INTERNET & PHONE CABLE U,0.0
2533,35 - 39,NRW,34.97,49.99,30.0,0.0,RED INTERNET & PHONE CABLE U,1.0
2534,30 - 34,KBW,32.98,44.99,30.0,0.0,VF RIP U-TREUE,0.0
2535,80 and over,HSN,34.99,44.99,30.0,0.0,GIGAZUHAUSE KABEL,0.0
2536,25 - 29,NRW,44.98,34.99,30.0,0.0,RED INTERNET & PHONE CABLE U,0.0
2537,40 - 44,KBW,39.99,39.98,30.0,0.0,RED INTERNET & PHONE CABLE U,1.0
2538,40 - 44,HSN,44.99,34.97,30.0,0.0,GIGAZUHAUSE KABEL,1.0
2539,35 - 39,NRW,39.99,39.99,30.0,0.0,RED INTERNET & PHONE CABLE U,0.0
2540,35 - 39,KBW,39.98,34.98,30.0,0.0,VF CABLEMAX,0.0
2541,60 - 64,KBW,44.98,44.98,30.0,0.0,RED INTERNET & PHONE CABLE U,1.0
2542,30 - 34,NRW,39.98,44.98,30.0,0.0,RED INTERNET & PHONE CABLE U,0.0
2543,25 - 29,KBW,49.99,44.99,30.0,0.0,RED INTERNET & PHONE CABLE U,0.0
2544,55 - 59,KBW,44.97,34.98,30.0,0.0,VF CABLEMAX,1.0
2545,40 - 44,HSN,39.98,39.99,30.0,0.0,VF CABLEMAX,0.0
2546,35 - 39,NRW,39.98,34.99,30.0,0.0,RED INTERNET & PHONE CABLE U,1.0
2547,65 - 69,NRW,44.99,32.99,30.0,0.0,RED INTERNET & PHONE CABLE U,0.0
2548,35 - 39,NRW,44.98,44.98,30.0,0.0,GIGAZUHAUSE KABEL,0.0
2549,35 - 39,NRW,44.98,34.99,30.0,0.0,RED INTERNET & PHONE CABLE U,1.0
2550,60 - 64,NRW,34.99,49.99,30.0,0.0,VF CABLEMAX,0.0
2551,35 - 39,NRW,29.98,44.99,30.0,0.0,VF RIP U-TREUE,1.0
2552,30 - 34,NRW,49.99,39.99,30.0,0.0,VF RIP U-TREUE,0.0
2553,25 - 29,NRW,44.98,34.99,30.0,0.0,RED INTERNET & PHONE CABLE U,0.0
2554,25 - 29,NRW,39.99,44.99,30.0,0.0,RED INTERNET & PHONE CABLE U,0.0
2555,40 - 44,KBW,39.99,44.98,30.0,0.0,VF RIP U-TREUE,0.0
2556,45 - 49,KBW,44.98,34.98,30.0,0.0,RED INTERNET & PHONE CABLE U,1.0
2557,60 - 64,KBW,39.99,39.98,30.0,0.0,VF RIP U-TREUE,0.0
2558,35 - 39,NRW,49.98,39.98,30.0,0.0,VF RIP U-TREUE,1.0
2559,65 - 69,KBW,44.99,34.99,30.0,0.0,GIGAZUHAUSE KABEL,1.0
2560,30 - 34,NRW,44.96,39.98,30.0,0.0,RED INTERNET & PHONE CABLE U,1.0
2561,65 - 69,NRW,39.99,34.99,30.0,0.0,RED INTERNET & PHONE CABLE U,1.0
2562,55 - 59,KBW,44.98,34.99,30.0,0.0,VF CABLEMAX,0.0
2563,25 - 29,NRW,34.99,49.98,30.0,0.0,GIGAZUHAUSE KABEL,0.0
2564,40 - 44,NRW,44.99,44.98,30.0,0.0,VF RIP U-TREUE,1.0
2565,25 - 29,KBW,39.98,42.99,30.0,0.0,VF CABLEMAX,1.0
2566,30 - 34,KBW,49.99,44.99,30.0,0.0,RED INTERNET & PHONE CABLE U,0.0
2567,35 - 39,KBW,44.98,44.98,30.0,0.0,VF RIP U-TREUE,1.0
2568,35 - 39,KBW,42.99,49.99,30.0,0.0,VF RIP U-TREUE,0.0
2569,35 - 39,KBW,39.99,29.99,30.0,0.0,VF RIP U-TREUE,0.0
2570,45 - 49,NRW,32.99,44.99,30.0,0.0,VF CABLEMAX,1.0
2571,35 - 39,KBW,49.98,44.98,30.0,0.0,RED INTERNET & PHONE CABLE U,0.0
2572,25 - 29,NRW,44.99,34.98,30.0,0.0,VF CABLEMAX,1.0
2573,25 - 29,KBW,39.99,34.99,30.0,0.0,VF RIP U-TREUE,0.0
2574,25 - 29,NRW,42.98,44.99,30.0,0.0,VF RIP U-TREUE,1.0
2575,35 - 39,KBW,34.99,39.99,30.0,0.0,GIGAZUHAUSE KABEL,1.0
2576,50 - 54,NRW,34.98,34.98,30.0,0.0,VF CABLEMAX,0.0
2577,25 - 29,NRW,49.99,34.99,30.0,0.0,RED INTERNET & PHONE CABLE U,1.0
2578,35 - 39,KBW,44.99,34.98,30.0,0.0,RED INTERNET & PHONE CABLE U,0.0
2579,35 - 39,KBW,34.99,39.98,30.0,0.0,RED INTERNET & PHONE CABLE U,0.0
2580,30 - 34,NRW,37.97,39.99,30.0,0.0,GIGAZUHAUSE KABEL,0.0
2581,30 - 34,NRW,44.99,42.97,30.0,0.0,VF CABLEMAX,1.0
2582,45 - 49,NRW,44.97,39.98,30.0,0.0,RED INTERNET & PHONE CABLE U,1.0
2583,35 - 39,NRW,44.99,29.99,30.0,0.0,RED INTERNET & PHONE CABLE U,0.0
2584,30 - 34,NRW,34.99,34.97,30.0,0.0,VF RIP U-TREUE,1.0
2585,80 and over,NRW,39.97,39.98,30.0,0.0,VF CABLEMAX,0.0
2586,25 - 29,KBW,34.98,39.98,30.0,0.0,VF RIP U-TREUE,1.0
2587,50 - 54,NRW,34.98,44.99,30.0,0.0,VF RIP U-TREUE,0.0
2588,45 - 49,HSN,39.99,34.98,30.0,0.0,GIGAZUHAUSE KABEL,1.0
2589,30 - 34,HSN,44.99,39.98,30.0,0.0,RED INTERNET & PHONE CABLE U,0.0
2590,55 - 59,HSN,44.98,39.99,30.0,0.0,VF RIP U-TREUE,0.0
2591,30 - 34,NRW,49.99,34.97,30.0,0.0,RED INTERNET & PHONE CABLE U,1.0
2592,35 - 39,NRW,39.98,39.99,30.0,0.0,RED INTERNET & PHONE CABLE U,0.0
2593,30 - 34,NRW,39.99,34.99,30.0,0.0,VF CABLEMAX,0.0
2594,40 - 44,NRW,44.99,39.99,30.0,0.0,RED INTERNET & PHONE CABLE U,0.0
2595,30 - 34,NRW,34.99,34.98,30.0,0.0,RED INTERNET & PHONE CABLE U,1.0
2596,40 - 44,HSN,37.98,44.98,30.0,0.0,VF RIP U-TREUE,0.0
2597,35 - 39,NRW,49.98,34.99,30.0,0.0,GIGAZUHAUSE KABEL,1.0
2598,30 - 34,NRW,34.99,44.98,30.0,0.0,GIGAZUHAUSE KABEL,0.0
2599,30 - 34,NRW,34.98,34.99,30.0,0.0,VF RIP U-TREUE,0.0
2600,30 - 34,KBW,34.99,39.99,30.0,0.0,RED INTERNET & PHONE CABLE U,0.0
2601,60 - 64,KBW,49.98,29.99,30.0,0.0,RED INTERNET & PHONE CABLE U,0.0
2602,50 - 54,NRW,34.98,39.99,30.0,0.0,VF CABLEMAX,1.0
2603,35 - 39,NRW,39.99,34.98,30.0,0.0,RED INTERNET & PHONE CABLE U,0.0
2604,35 - 39,NRW,39.99,44.99,30.0,0.0,VF RIP U-TREUE,1.0
2605,40 - 44,HSN,34.97,39.99,30.0,0.0,RED INTERNET & PHONE CABLE U,1.0
2606,25 - 29,KBW,44.99,34.98,30.0,0.0,RED INTERNET & PHONE CABLE U,0.0
2607,30 - 34,NRW,49.98,44.99,30.0,0.0,VF RIP U-TREUE,0.0
2608,30 - 34,KBW,39.99,34.98,30.0,0.0,VF RIP U-TREUE,1.0
2609,30 - 34,NRW,34.98,34.99,30.0,0.0,RED INTERNET & PHONE CABLE U,0.0
2610,80 and over,KBW,34.98,24.98,30.0,0.0,RED INTERNET & PHONE CABLE U,1.0
2611,30 - 34,NRW,34.99,44.98,30.0,0.0,VF RIP U-TREUE,0.0
2612,35 - 39,NRW,34.99,39.97,30.0,0.0,VF CABLEMAX,0.0
2613,60 - 64,NRW,44.98,49.98,30.0,0.0,VF CABLEMAX,1.0
2614,35 - 39,NRW,29.99,32.99,30.0,0.0,VF RIP U-TREUE,1.0
2615,80 and over,NRW,54.98,44.98,30.0,0.0,GIGAZUHAUSE KABEL,1.0
2616,35 - 39,NRW,39.99,39.99,30.0,0.0,RED INTERNET & PHONE CABLE U,0.0
2617,18 - 24,KBW,44.99,39.98,3.0,0.0,VF RIP U-TREUE,1.0
2618,40 - 44,KBW,49.97,34.98,30.0,0.0,RED INTERNET & PHONE CABLE U,1.0
2619,55 - 59,NRW,32.98,44.98,30.0,0.0,RED INTERNET & PHONE CABLE U,1.0
2620,50 - 54,KBW,44.98,44.98,30.0,0.0,VF RIP U-TREUE,1.0
2621,30 - 34,NRW,39.99,34.99,30.0,0.0,VF CABLEMAX,0.0
2622,50 - 54,NRW,39.99,34.98,30.0,0.0,VF CABLEMAX,1.0
2623,35 - 39,NRW,29.99,49.99,30.0,0.0,RED INTERNET & PHONE CABLE U,0.0
2624,25 - 29,NRW,39.98,44.98,30.0,0.0,VF RIP U-TREUE,1.0
2625,25 - 29,KBW,29.99,34.99,30.0,0.0,RED INTERNET & PHONE CABLE U,0.0
2626,55 - 59,KBW,39.99,44.98,30.0,0.0,RED INTERNET & PHONE CABLE U,1.0
2627,55 - 59,HSN,42.98,37.98,30.0,0.0,VF RIP U-TREUE,0.0
2628,25 - 29,NRW,49.98,34.97,30.0,0.0,GIGAZUHAUSE KABEL,1.0
2629,35 - 39,NRW,34.99,44.97,30.0,0.0,VF CABLEMAX,0.0
2630,35 - 39,NRW,39.99,32.99,30.0,0.0,RED INTERNET & PHONE CABLE U,1.0
2631,25 - 29,KBW,37.97,39.98,30.0,0.0,RED INTERNET & PHONE CABLE U,0.0
2632,30 - 34,HSN,39.98,32.99,30.0,0.0,RED INTERNET & PHONE CABLE U,0.0
2633,30 - 34,KBW,34.99,39.99,30.0,0.0,RED INTERNET & PHONE CABLE U,1.0
2634,40 - 44,NRW,42.99,44.98,30.0,0.0,GIGAZUHAUSE KABEL,1.0
2635,35 - 39,KBW,34.98,44.99,30.0,0.0,VF RIP U-TREUE,1.0
2636,55 - 59,KBW,39.98,44.98,30.0,0.0,RED INTERNET & PHONE CABLE U,0.0
2637,60 - 64,NRW,39.99,34.99,30.0,0.0,RED INTERNET & PHONE CABLE U,1.0
2638,50 - 54,HSN,34.99,44.99,30.0,0.0,GIGAZUHAUSE KABEL,1.0
2639,60 - 64,NRW,34.98,34.99,30.0,0.0,RED INTERNET & PHONE CABLE U,1.0
2640,35 - 39,NRW,42.98,39.99,30.0,0.0,RED INTERNET & PHONE CABLE U,1.0
2641,55 - 59,NRW,39.95,44.99,30.0,0.0,GIGAZUHAUSE KABEL,0.0
2642,30 - 34,NRW,39.99,44.99,30.0,0.0,RED INTERNET & PHONE CABLE U,1.0
2643,55 - 59,NRW,34.99,39.99,30.0,0.0,VF CABLEMAX,1.0
2644,60 - 64,NRW,44.99,44.99,30.0,0.0,VF RIP U-TREUE,0.0
2645,30 - 34,NRW,49.99,54.99,30.0,0.0,RED INTERNET & PHONE CABLE U,1.0
2646,45 - 49,NRW,39.99,54.97,30.0,0.0,RED INTERNET & PHONE CABLE U,1.0
2647,50 - 54,NRW,44.99,39.98,30.0,0.0,RED INTERNET & PHONE CABLE U,0.0
2648,55 - 59,NRW,44.97,39.98,30.0,0.0,RED INTERNET & PHONE CABLE U,1.0
2649,35 - 39,NRW,44.99,44.99,30.0,0.0,VF RIP U-TREUE,1.0
2650,25 - 29,NRW,49.99,44.99,30.0,0.0,RED INTERNET & PHONE CABLE U,0.0
2651,35 - 39,HSN,34.98,29.98,30.0,0.0,VF RIP U-TREUE,0.0
2652,35 - 39,NRW,37.99,44.98,30.0,0.0,GIGAZUHAUSE KABEL,1.0
2653,35 - 39,KBW,44.98,44.99,30.0,0.0,VF CABLEMAX,1.0
2654,60 - 64,HSN,44.99,44.99,30.0,0.0,RED INTERNET & PHONE CABLE U,0.0
2655,25 - 29,KBW,39.99,34.98,30.0,0.0,VF CABLEMAX,1.0
2656,45 - 49,NRW,49.98,39.99,30.0,0.0,GIGAZUHAUSE KABEL,0.0
2657,65 - 69,NRW,44.98,42.98,30.0,0.0,RED INTERNET & PHONE CABLE U,0.0
2658,35 - 39,NRW,37.97,44.99,30.0,0.0,RED INTERNET & PHONE CABLE U,1.0
2659,40 - 44,KBW,44.99,34.97,30.0,0.0,VF RIP U-TREUE,1.0
2660,50 - 54,KBW,39.97,37.98,30.0,0.0,RED INTERNET & PHONE CABLE U,1.0
2661,55 - 59,KBW,39.99,39.99,30.0,0.0,RED INTERNET & PHONE CABLE U,1.0
2662,55 - 59,NRW,44.99,44.99,30.0,0.0,RED INTERNET & PHONE CABLE U,0.0
2663,35 - 39,NRW,39.98,49.97,30.0,0.0,GIGAZUHAUSE KABEL,0.0
2664,35 - 39,KBW,39.98,44.98,30.0,0.0,RED INTERNET & PHONE CABLE U,0.0
2665,60 - 64,HSN,49.99,34.98,30.0,0.0,RED INTERNET & PHONE CABLE U,1.0
2666,30 - 34,NRW,44.98,34.98,30.0,0.0,RED INTERNET & PHONE CABLE U,1.0
2667,35 - 39,NRW,39.98,43.99,30.0,0.0,RED INTERNET & PHONE CABLE U,1.0
2668,25 - 29,NRW,44.99,44.98,30.0,0.0,VF RIP U-TREUE,1.0
2669,40 - 44,KBW,49.98,49.99,30.0,0.0,RED INTERNET & PHONE CABLE U,1.0
2670,35 - 39,NRW,44.97,49.99,30.0,0.0,RED INTERNET & PHONE CABLE U,1.0
2671,30 - 34,HSN,34.99,42.99,30.0,0.0,RED INTERNET & PHONE CABLE U,1.0
2672,55 - 59,KBW,39.99,49.99,30.0,0.0,VF CABLEMAX,0.0
2673,45 - 49,KBW,44.98,29.98,30.0,0.0,RED INTERNET & PHONE CABLE U,0.0
2674,25 - 29,KBW,39.98,34.99,30.0,0.0,VF RIP U-TREUE,0.0
2675,40 - 44,KBW,39.99,49.99,30.0,0.0,VF CABLEMAX,0.0
2676,55 - 59,KBW,34.99,44.99,30.0,0.0,RED INTERNET & PHONE CABLE U,0.0
2677,40 - 44,NRW,34.95,34.99,30.0,0.0,VF RIP U-TREUE,0.0
2678,40 - 44,KBW,49.99,44.99,30.0,0.0,VF RIP U-TREUE,0.0
2679,60 - 64,KBW,44.97,39.99,30.0,0.0,RED INTERNET & PHONE CABLE U,1.0
2680,25 - 29,NRW,29.98,49.99,30.0,0.0,RED INTERNET & PHONE CABLE U,1.0
2681,55 - 59,NRW,39.98,29.98,30.0,0.0,RED INTERNET & PHONE CABLE U,1.0
2682,45 - 49,KBW,44.98,44.98,30.0,0.0,RED INTERNET & PHONE CABLE U,0.0
2683,30 - 34,KBW,39.98,34.99,30.0,0.0,RED INTERNET & PHONE CABLE U,1.0
2684,40 - 44,KBW,44.97,44.97,30.0,0.0,GIGAZUHAUSE KABEL,1.0
2685,45 - 49,NRW,39.99,42.97,30.0,0.0,RED INTERNET & PHONE CABLE U,0.0
2687,40 - 44,NRW,54.99,34.98,30.0,0.0,RED INTERNET & PHONE CABLE U,1.0
2688,30 - 34,KBW,39.96,44.98,30.0,0.0,VF RIP U-TREUE,0.0
2689,30 - 34,KBW,39.99,44.99,30.0,0.0,RED INTERNET & PHONE CABLE U,1.0
2690,40 - 44,NRW,24.99,39.98,30.0,0.0,VF CABLEMAX,0.0
2691,40 - 44,NRW,52.99,34.99,30.0,0.0,VF CABLEMAX,1.0
2692,80 and over,NRW,44.98,32.98,30.0,0.0,RED INTERNET & PHONE CABLE U,0.0
2693,25 - 29,NRW,49.99,44.97,30.0,0.0,RED INTERNET & PHONE CABLE U,0.0
2694,30 - 34,NRW,44.98,32.99,30.0,0.0,RED INTERNET & PHONE CABLE U,1.0
2695,40 - 44,NRW,45.99,39.98,30.0,0.0,RED INTERNET & PHONE CABLE U,0.0
2696,35 - 39,NRW,44.98,44.99,6.0,0.0,VF RIP U-TREUE,1.0
2697,35 - 39,NRW,34.98,44.98,30.0,0.0,VF CABLEMAX,0.0
2698,25 - 29,KBW,29.99,42.99,30.0,0.0,RED INTERNET & PHONE CABLE U,1.0
2699,40 - 44,NRW,37.98,44.97,30.0,0.0,RED INTERNET & PHONE CABLE U,1.0
2700,80 and over,KBW,39.99,39.98,30.0,0.0,VF RIP U-TREUE,0.0
2701,35 - 39,KBW,44.99,44.98,30.0,0.0,GIGAZUHAUSE KABEL,0.0
2702,25 - 29,NRW,34.98,39.99,30.0,0.0,VF RIP U-TREUE,1.0
2703,40 - 44,KBW,37.99,44.99,30.0,0.0,VF CABLEMAX,1.0
2704,30 - 34,KBW,39.99,37.98,30.0,0.0,GIGAZUHAUSE KABEL,1.0
2705,45 - 49,NRW,34.97,34.98,30.0,0.0,RED INTERNET & PHONE CABLE U,1.0
2706,35 - 39,NRW,34.99,44.99,30.0,0.0,VF RIP U-TREUE,1.0
2707,30 - 34,NRW,39.98,34.98,30.0,0.0,RED INTERNET & PHONE CABLE U,0.0
2708,55 - 59,NRW,39.99,39.99,30.0,0.0,VF RIP U-TREUE,1.0
2709,25 - 29,NRW,39.98,44.99,30.0,1.0,VF CABLEMAX,0.0
2710,35 - 39,NRW,49.99,34.99,30.0,0.0,VF CABLEMAX,1.0
2711,30 - 34,NRW,44.98,44.98,30.0,0.0,RED INTERNET & PHONE CABLE U,1.0
2712,30 - 34,HSN,44.98,34.98,30.0,0.0,GIGAZUHAUSE KABEL,0.0
2713,35 - 39,KBW,39.99,74.98,30.0,0.0,RED INTERNET & PHONE CABLE U,1.0
2714,80 and over,KBW,39.99,32.98,30.0,0.0,RED INTERNET & PHONE CABLE U,0.0
2715,80 and over,NRW,44.98,39.99,30.0,0.0,GIGAZUHAUSE KABEL,0.0
2716,45 - 49,NRW,39.98,34.99,30.0,0.0,VF CABLEMAX,0.0
2717,25 - 29,NRW,39.99,39.97,30.0,0.0,GIGAZUHAUSE KABEL,0.0
2718,55 - 59,NRW,39.97,44.98,30.0,0.0,VF RIP U-TREUE,1.0
2719,60 - 64,NRW,39.98,44.99,30.0,0.0,VF CABLEMAX,0.0
2720,60 - 64,NRW,24.99,42.99,30.0,0.0,RED INTERNET & PHONE CABLE U,1.0
2721,60 - 64,KBW,44.98,34.98,30.0,0.0,RED INTERNET & PHONE CABLE U,0.0
2722,40 - 44,NRW,54.99,39.97,30.0,0.0,VF CABLEMAX,0.0
2723,60 - 64,NRW,39.99,39.98,30.0,0.0,RED INTERNET & PHONE CABLE U,0.0
2724,55 - 59,NRW,44.98,34.99,30.0,0.0,RED INTERNET & PHONE CABLE U,1.0
2725,45 - 49,KBW,49.99,24.98,30.0,0.0,RED INTERNET & PHONE CABLE U,0.0
2726,65 - 69,KBW,49.98,34.98,30.0,0.0,VF RIP U-TREUE,1.0
2727,40 - 44,KBW,39.99,44.98,30.0,0.0,RED INTERNET & PHONE CABLE U,0.0
2728,30 - 34,HSN,34.98,44.98,30.0,0.0,RED INTERNET & PHONE CABLE U,0.0
2729,70 - 74,KBW,39.99,44.98,30.0,0.0,VF RIP U-TREUE,1.0
2730,40 - 44,NRW,44.98,44.97,30.0,0.0,RED INTERNET & PHONE CABLE U,1.0
2731,30 - 34,NRW,39.99,44.98,30.0,0.0,GIGAZUHAUSE KABEL,0.0
2732,50 - 54,KBW,44.98,49.98,30.0,0.0,RED INTERNET & PHONE CABLE U,1.0
2733,35 - 39,KBW,34.99,39.98,30.0,0.0,RED INTERNET & PHONE CABLE U,1.0
2734,35 - 39,HSN,49.99,44.97,30.0,0.0,RED INTERNET & PHONE CABLE U,0.0
2735,25 - 29,NRW,34.98,39.98,30.0,0.0,RED INTERNET & PHONE CABLE U,0.0
2736,18 - 24,KBW,44.99,39.99,30.0,0.0,RED INTERNET & PHONE CABLE U,0.0
2737,50 - 54,NRW,39.98,34.98,30.0,0.0,VF RIP U-TREUE,1.0
2738,40 - 44,NRW,44.98,42.98,30.0,0.0,VF RIP U-TREUE,0.0
2739,40 - 44,NRW,39.99,39.97,30.0,0.0,RED INTERNET & PHONE CABLE U,1.0
2740,70 - 74,NRW,39.98,44.98,30.0,0.0,RED INTERNET & PHONE CABLE U,1.0
2741,40 - 44,NRW,29.99,44.99,30.0,0.0,RED INTERNET & PHONE CABLE U,1.0
2742,50 - 54,NRW,39.99,34.98,30.0,0.0,VF CABLEMAX,1.0
2743,25 - 29,KBW,42.99,49.99,30.0,0.0,RED INTERNET & PHONE CABLE U,0.0
2744,55 - 59,NRW,42.99,39.99,30.0,0.0,VF RIP U-TREUE,1.0
2745,35 - 39,NRW,34.99,29.98,30.0,0.0,RED INTERNET & PHONE CABLE U,1.0
2746,35 - 39,KBW,54.99,29.97,30.0,0.0,RED INTERNET & PHONE CABLE U,0.0
2747,35 - 39,NRW,39.98,34.99,30.0,0.0,RED INTERNET & PHONE CABLE U,1.0
2748,60 - 64,NRW,44.99,44.98,30.0,0.0,GIGAZUHAUSE KABEL,0.0
2749,30 - 34,NRW,39.99,49.99,30.0,0.0,RED INTERNET & PHONE CABLE U,0.0
2750,35 - 39,NRW,44.99,44.99,30.0,0.0,RED INTERNET & PHONE CABLE U,1.0
2751,35 - 39,NRW,34.99,44.96,30.0,0.0,VF RIP U-TREUE,1.0
2752,35 - 39,NRW,49.98,39.99,30.0,0.0,VF CABLEMAX,1.0
2753,25 - 29,NRW,34.99,32.99,30.0,0.0,GIGAZUHAUSE TREUE B,0.0
2754,35 - 39,KBW,34.98,44.99,30.0,0.0,RED INTERNET & PHONE CABLE U,1.0
2755,25 - 29,NRW,49.98,44.98,30.0,0.0,VF CABLEMAX,1.0
2756,40 - 44,NRW,34.98,42.99,30.0,0.0,VF RIP U-TREUE,1.0
2757,35 - 39,NRW,37.99,49.99,30.0,0.0,VF RIP U-TREUE,1.0
2758,30 - 34,KBW,29.98,44.98,30.0,0.0,RED INTERNET & PHONE CABLE U,1.0
2759,55 - 59,KBW,42.97,44.97,30.0,0.0,RED INTERNET & PHONE CABLE U,0.0
2760,30 - 34,KBW,44.99,39.98,30.0,0.0,RED INTERNET & PHONE CABLE U,0.0
2761,35 - 39,KBW,39.99,39.98,30.0,0.0,RED INTERNET & PHONE CABLE U,0.0
2762,40 - 44,KBW,44.98,44.99,30.0,0.0,RED INTERNET & PHONE CABLE U,0.0
2763,40 - 44,NRW,49.99,44.97,30.0,0.0,RED INTERNET & PHONE CABLE U,0.0
2764,35 - 39,KBW,44.98,44.98,30.0,0.0,RED INTERNET & PHONE CABLE U,1.0
2765,40 - 44,NRW,44.99,44.98,30.0,0.0,RED INTERNET & PHONE CABLE U,1.0
2766,50 - 54,NRW,37.99,44.99,30.0,0.0,VF RIP U-TREUE,0.0
2767,30 - 34,NRW,42.98,44.98,30.0,0.0,VF RIP U-TREUE,0.0
2768,35 - 39,KBW,39.99,44.99,30.0,0.0,RED INTERNET & PHONE CABLE U,1.0
2769,60 - 64,NRW,34.99,44.98,30.0,0.0,VF RIP U-TREUE,0.0
2770,35 - 39,NRW,39.99,39.98,30.0,0.0,VF CABLEMAX,1.0
2771,50 - 54,KBW,39.99,44.99,30.0,0.0,RED INTERNET & PHONE CABLE U,1.0
2772,30 - 34,NRW,44.99,44.98,30.0,0.0,RED INTERNET & PHONE CABLE U,0.0
2773,35 - 39,NRW,39.98,34.98,30.0,0.0,VF RIP U-TREUE,1.0
2774,35 - 39,NRW,39.96,44.97,30.0,0.0,GIGAZUHAUSE KABEL,0.0
2775,35 - 39,KBW,34.97,44.98,30.0,0.0,RED INTERNET & PHONE CABLE U,0.0
2776,35 - 39,HSN,44.98,42.99,30.0,0.0,VF CABLEMAX,0.0
2777,45 - 49,KBW,39.97,39.98,30.0,0.0,VF RIP U-TREUE,0.0
2778,25 - 29,NRW,39.98,39.98,30.0,0.0,RED INTERNET & PHONE CABLE U,1.0
2779,35 - 39,NRW,44.97,44.98,30.0,0.0,VF CABLEMAX,1.0
2780,35 - 39,KBW,39.97,44.99,30.0,0.0,VF RIP U-TREUE,0.0
2781,35 - 39,KBW,44.98,42.98,30.0,0.0,RED INTERNET & PHONE CABLE U,0.0
2782,35 - 39,KBW,34.98,34.99,30.0,0.0,VF RIP U-TREUE,1.0
2783,18 - 24,NRW,39.99,39.98,30.0,0.0,GIGAZUHAUSE KABEL,0.0
2784,45 - 49,KBW,44.99,44.97,30.0,0.0,VF RIP U-TREUE,1.0
2785,30 - 34,NRW,42.99,39.99,30.0,0.0,RED INTERNET & PHONE CABLE U,1.0
2786,40 - 44,NRW,44.99,49.98,30.0,0.0,GIGAZUHAUSE KABEL,0.0
2787,40 - 44,NRW,44.98,42.97,30.0,0.0,VF CABLEMAX,0.0
2788,30 - 34,KBW,39.99,29.98,30.0,0.0,RED INTERNET & PHONE CABLE U,0.0
2789,80 and over,NRW,29.99,39.99,30.0,1.0,RED INTERNET & PHONE CABLE U,0.0
2790,50 - 54,NRW,44.99,39.98,30.0,0.0,RED INTERNET & PHONE CABLE U,0.0
2791,55 - 59,KBW,39.98,39.98,30.0,0.0,RED INTERNET & PHONE CABLE U,0.0
2792,35 - 39,HSN,34.99,48.98,30.0,0.0,VF CABLEMAX,1.0
2793,25 - 29,NRW,39.99,34.99,30.0,0.0,RED INTERNET & PHONE CABLE U,1.0
2794,40 - 44,KBW,39.99,39.99,30.0,0.0,GIGAZUHAUSE KABEL,1.0
2795,35 - 39,NRW,39.99,39.99,30.0,0.0,RED INTERNET & PHONE CABLE U,0.0
2796,55 - 59,NRW,49.97,29.99,30.0,0.0,VF RIP U-TREUE,1.0
2797,55 - 59,KBW,42.98,44.98,30.0,0.0,RED INTERNET & PHONE CABLE U,1.0
2798,35 - 39,HSN,44.99,34.97,30.0,0.0,TREUEPLUS BASIS,0.0
2799,25 - 29,KBW,49.97,44.99,30.0,0.0,RED INTERNET & PHONE CABLE U,1.0
2800,35 - 39,NRW,59.99,39.97,30.0,0.0,RED INTERNET & PHONE CABLE U,1.0
2801,35 - 39,HSN,44.99,58.98,30.0,0.0,RED INTERNET & PHONE CABLE U,1.0
2802,35 - 39,NRW,44.96,44.97,30.0,0.0,RED INTERNET & PHONE CABLE U,1.0
2803,25 - 29,NRW,34.99,37.99,30.0,0.0,RED INTERNET & PHONE CABLE U,1.0
2804,30 - 34,KBW,44.99,44.98,30.0,0.0,VF CABLEMAX,1.0
2805,65 - 69,KBW,39.98,39.99,30.0,0.0,RED INTERNET & PHONE CABLE U,1.0
2806,30 - 34,NRW,34.98,44.99,30.0,0.0,RED INTERNET & PHONE CABLE U,1.0
2807,30 - 34,NRW,39.99,39.98,30.0,0.0,VF CABLEMAX,1.0
2808,45 - 49,KBW,44.98,44.98,30.0,0.0,RED INTERNET & PHONE CABLE U,1.0
2809,35 - 39,HSN,34.98,44.98,30.0,0.0,VF RIP U-TREUE,1.0
2810,45 - 49,KBW,34.98,44.99,30.0,1.0,VF RIP U-TREUE,1.0
2811,55 - 59,KBW,39.98,44.99,30.0,0.0,GIGAZUHAUSE KABEL,1.0
2812,35 - 39,KBW,24.98,44.98,30.0,0.0,RED INTERNET & PHONE CABLE U,0.0
2813,25 - 29,KBW,44.98,39.99,30.0,0.0,VF CABLEMAX,1.0
2814,35 - 39,NRW,62.99,44.97,30.0,0.0,RED INTERNET & PHONE CABLE U,1.0
2815,30 - 34,NRW,44.96,42.99,30.0,0.0,RED INTERNET & PHONE CABLE U,0.0
2816,50 - 54,KBW,42.98,39.99,30.0,0.0,RED INTERNET & PHONE CABLE U,1.0
2817,55 - 59,NRW,49.99,39.99,30.0,0.0,RED INTERNET & PHONE CABLE U,1.0
2818,35 - 39,NRW,39.99,39.99,30.0,0.0,RED INTERNET & PHONE CABLE U,1.0
2819,60 - 64,HSN,29.97,34.98,30.0,0.0,RED INTERNET & PHONE CABLE U,0.0
2820,35 - 39,NRW,44.99,44.98,30.0,0.0,RED INTERNET & PHONE CABLE U,1.0
2821,60 - 64,KBW,29.98,44.99,30.0,0.0,GIGAZUHAUSE KABEL,0.0
2822,40 - 44,KBW,34.98,44.98,30.0,0.0,RED INTERNET & PHONE CABLE U,0.0
2823,45 - 49,NRW,39.99,44.99,30.0,0.0,GIGAZUHAUSE KABEL,0.0
2824,55 - 59,NRW,49.99,44.98,30.0,0.0,RED INTERNET & PHONE CABLE U,1.0
2825,40 - 44,KBW,34.97,44.99,30.0,0.0,VF RIP U-TREUE,0.0
2826,25 - 29,NRW,44.98,44.98,30.0,0.0,GIGAZUHAUSE KABEL,1.0
2827,40 - 44,NRW,49.98,34.99,30.0,0.0,RED INTERNET & PHONE CABLE U,0.0
2828,35 - 39,NRW,39.97,44.99,30.0,0.0,VF CABLEMAX,0.0
2829,40 - 44,KBW,39.99,29.99,30.0,0.0,RED INTERNET & PHONE CABLE U,0.0
2830,30 - 34,NRW,44.99,44.96,30.0,0.0,RED INTERNET & PHONE CABLE U,1.0
2831,35 - 39,NRW,39.98,48.99,30.0,0.0,VF RIP U-TREUE,0.0
2832,60 - 64,NRW,34.99,44.98,30.0,0.0,RED INTERNET & PHONE CABLE U,1.0
2833,35 - 39,NRW,39.97,34.99,30.0,0.0,GIGAZUHAUSE TREUE C,0.0
2834,55 - 59,NRW,42.98,34.97,30.0,0.0,RED INTERNET & PHONE CABLE U,0.0
2835,30 - 34,NRW,49.97,34.98,30.0,0.0,RED INTERNET & PHONE CABLE U,0.0
2836,35 - 39,HSN,34.98,44.99,30.0,0.0,RED INTERNET & PHONE CABLE U,1.0
2837,60 - 64,NRW,39.98,39.98,30.0,0.0,GIGAZUHAUSE KABEL,0.0
2838,45 - 49,NRW,34.98,32.98,30.0,0.0,VF RIP U-TREUE,0.0
2839,50 - 54,NRW,39.99,42.98,30.0,0.0,VF RIP U-TREUE,1.0
2840,25 - 29,KBW,39.98,39.98,30.0,0.0,VF CABLEMAX,1.0
2841,30 - 34,KBW,42.97,29.99,30.0,0.0,VF CABLEMAX,1.0
2842,60 - 64,NRW,34.99,44.99,30.0,0.0,RED INTERNET & PHONE CABLE U,0.0
2843,55 - 59,NRW,42.98,54.99,30.0,0.0,GIGAZUHAUSE KABEL,0.0
2844,40 - 44,NRW,34.98,34.99,30.0,0.0,GIGAZUHAUSE KABEL,1.0
2845,65 - 69,HSN,39.98,44.98,30.0,0.0,RED INTERNET & PHONE CABLE U,0.0
2846,50 - 54,NRW,44.98,29.99,30.0,0.0,RED INTERNET & PHONE CABLE U,0.0
2847,60 - 64,KBW,29.99,39.98,30.0,0.0,RED INTERNET & PHONE CABLE U,0.0
2848,35 - 39,NRW,39.99,39.98,30.0,0.0,VF RIP U-TREUE,0.0
2849,50 - 54,KBW,44.99,44.97,30.0,0.0,RED INTERNET & PHONE CABLE U,1.0
2850,30 - 34,NRW,39.98,44.99,30.0,0.0,RED INTERNET & PHONE CABLE U,1.0
2851,55 - 59,NRW,49.98,44.98,30.0,0.0,VF RIP U-TREUE,1.0
2852,35 - 39,NRW,44.97,44.99,30.0,0.0,VF RIP U-TREUE,1.0
2853,30 - 34,NRW,44.99,39.99,30.0,0.0,RED INTERNET & PHONE CABLE U,0.0
2854,18 - 24,NRW,39.98,44.99,30.0,0.0,GIGAZUHAUSE KABEL,0.0
2855,35 - 39,NRW,34.98,34.99,30.0,0.0,RED INTERNET & PHONE CABLE U,1.0
2856,25 - 29,NRW,44.99,44.98,30.0,0.0,RED INTERNET & PHONE CABLE U,0.0
2857,70 - 74,NRW,44.98,39.99,30.0,0.0,VF RIP U-TREUE,1.0
2858,60 - 64,NRW,49.98,44.99,30.0,0.0,VF RIP U-TREUE,0.0
2859,35 - 39,KBW,49.98,34.99,30.0,0.0,RED INTERNET & PHONE CABLE U,1.0
2860,35 - 39,KBW,49.99,42.98,30.0,0.0,RED INTERNET & PHONE CABLE U,0.0
2861,40 - 44,KBW,49.99,37.99,30.0,0.0,VF CABLEMAX,0.0
2862,80 and over,KBW,39.99,39.99,30.0,0.0,RED INTERNET & PHONE CABLE U,1.0
2863,25 - 29,NRW,49.98,44.98,30.0,0.0,RED INTERNET & PHONE CABLE U,1.0
2864,60 - 64,NRW,39.99,54.98,30.0,0.0,VF CABLEMAX,1.0
2865,40 - 44,NRW,39.96,44.99,30.0,0.0,VF RIP U-TREUE,1.0
2866,35 - 39,NRW,39.98,39.99,30.0,0.0,RED INTERNET & PHONE CABLE U,0.0
2867,35 - 39,HSN,39.98,44.99,30.0,0.0,VF RIP U-TREUE,0.0
2868,30 - 34,NRW,42.98,44.98,30.0,0.0,RED INTERNET & PHONE CABLE U,1.0
2869,50 - 54,KBW,39.97,34.99,30.0,0.0,GIGAZUHAUSE KABEL,1.0
2870,60 - 64,KBW,44.99,34.99,698.0,0.0,GIGAZUHAUSE KABEL,1.0
2871,35 - 39,KBW,39.99,39.98,30.0,0.0,RED INTERNET & PHONE CABLE U,0.0
2872,55 - 59,NRW,49.98,58.98,30.0,0.0,RED INTERNET & PHONE CABLE U,1.0
2873,40 - 44,NRW,39.99,44.99,30.0,0.0,GIGAZUHAUSE KABEL,1.0
2874,25 - 29,KBW,39.99,44.98,30.0,0.0,RED INTERNET & PHONE CABLE U,1.0
2875,60 - 64,NRW,44.99,39.98,30.0,0.0,VF CABLEMAX,0.0
2876,40 - 44,HSN,34.99,44.98,30.0,0.0,GIGAZUHAUSE KABEL,0.0
2877,60 - 64,NRW,29.98,44.99,30.0,0.0,VF RIP U-TREUE,0.0
2878,40 - 44,NRW,39.98,44.99,30.0,0.0,RED INTERNET & PHONE CABLE U,0.0
2879,25 - 29,NRW,34.98,39.99,30.0,0.0,RED INTERNET & PHONE CABLE U,0.0
2880,25 - 29,NRW,39.98,24.98,30.0,0.0,RED INTERNET & PHONE CABLE U,0.0
2881,40 - 44,KBW,42.98,32.98,6.0,0.0,RED INTERNET & PHONE CABLE U,1.0
2882,40 - 44,NRW,34.98,44.98,30.0,0.0,RED INTERNET & PHONE CABLE U,1.0
2883,40 - 44,NRW,37.97,34.99,30.0,0.0,RED INTERNET & PHONE CABLE U,1.0
2884,45 - 49,KBW,34.98,34.99,30.0,0.0,VF RIP U-TREUE,1.0
2885,35 - 39,NRW,54.97,39.98,30.0,0.0,VF CABLEMAX,0.0
2886,35 - 39,NRW,34.99,34.98,30.0,0.0,GIGAZUHAUSE KABEL,0.0
2887,30 - 34,NRW,54.98,17.99,30.0,0.0,RED INTERNET & PHONE CABLE U,0.0
2888,25 - 29,NRW,39.98,39.99,30.0,0.0,RED INTERNET & PHONE CABLE U,0.0
2889,35 - 39,NRW,54.99,39.99,30.0,0.0,RED INTERNET & PHONE CABLE U,0.0
2890,50 - 54,NRW,44.98,44.99,30.0,0.0,RED INTERNET & PHONE CABLE U,0.0
2891,35 - 39,NRW,34.99,34.98,30.0,0.0,RED INTERNET & PHONE CABLE U,1.0
2892,35 - 39,NRW,34.99,49.98,30.0,0.0,RED INTERNET & PHONE CABLE U,0.0
2893,50 - 54,KBW,37.99,39.99,30.0,0.0,RED INTERNET & PHONE CABLE U,0.0
2894,25 - 29,NRW,39.98,39.99,30.0,0.0,GIGAZUHAUSE KABEL,0.0
2895,55 - 59,NRW,44.99,39.99,30.0,0.0,VF RIP U-TREUE,0.0
2896,30 - 34,NRW,34.98,44.99,30.0,0.0,RED INTERNET & PHONE CABLE U,0.0
2897,25 - 29,NRW,44.99,44.99,30.0,0.0,VF CABLEMAX,1.0
2898,35 - 39,KBW,34.98,44.99,30.0,0.0,RED INTERNET & PHONE CABLE U,1.0
2899,25 - 29,NRW,32.98,44.99,30.0,0.0,RED INTERNET & PHONE CABLE U,0.0
2900,25 - 29,KBW,44.98,54.98,30.0,0.0,RED INTERNET & PHONE CABLE U,0.0
2901,35 - 39,NRW,44.98,44.97,30.0,0.0,RED INTERNET & PHONE CABLE U,0.0
2902,40 - 44,KBW,44.99,44.98,30.0,0.0,GIGAZUHAUSE KABEL,1.0
2903,55 - 59,NRW,39.98,49.99,30.0,0.0,RED INTERNET & PHONE CABLE U,1.0
2904,35 - 39,NRW,39.99,34.98,30.0,0.0,RED INTERNET & PHONE CABLE U,1.0
2905,45 - 49,NRW,34.99,44.99,30.0,0.0,RED INTERNET & PHONE CABLE U,0.0
2906,40 - 44,NRW,39.99,49.98,30.0,0.0,RED INTERNET & PHONE CABLE U,0.0
2907,70 - 74,NRW,44.98,39.99,30.0,0.0,VF RIP U-TREUE,0.0
2908,35 - 39,NRW,44.98,37.99,30.0,0.0,RED INTERNET & PHONE CABLE U,1.0
2909,25 - 29,NRW,39.98,44.99,30.0,0.0,VF CABLEMAX,1.0
2910,35 - 39,KBW,39.99,34.99,30.0,0.0,GIGAZUHAUSE KABEL,1.0
2911,35 - 39,KBW,34.98,39.99,30.0,0.0,RED INTERNET & PHONE CABLE U,0.0
2912,40 - 44,NRW,34.98,54.98,30.0,0.0,RED INTERNET & PHONE CABLE U,0.0
2913,25 - 29,HSN,39.98,49.98,30.0,0.0,RED INTERNET & PHONE CABLE U,1.0
2914,35 - 39,NRW,44.97,39.99,30.0,0.0,RED INTERNET & PHONE CABLE U,0.0
2915,35 - 39,KBW,34.98,34.99,30.0,0.0,RED INTERNET & PHONE CABLE U,1.0
2916,50 - 54,KBW,49.99,34.99,30.0,0.0,RED INTERNET & PHONE CABLE U,1.0
2917,35 - 39,NRW,44.99,39.99,30.0,0.0,GIGAZUHAUSE KABEL,0.0
2918,35 - 39,KBW,39.97,39.99,30.0,0.0,RED INTERNET & PHONE CABLE U,1.0
2919,25 - 29,NRW,49.98,44.99,30.0,0.0,RED INTERNET & PHONE CABLE U,0.0
2920,35 - 39,NRW,39.99,29.99,30.0,0.0,RED INTERNET & PHONE CABLE U,0.0
2921,60 - 64,NRW,42.98,39.99,30.0,0.0,GIGAZUHAUSE KABEL,1.0
2922,30 - 34,KBW,39.97,34.98,30.0,0.0,RED INTERNET & PHONE CABLE U,1.0
2923,70 - 74,HSN,39.96,32.98,30.0,0.0,VF CABLEMAX,1.0
2924,40 - 44,NRW,44.98,34.98,30.0,0.0,RED INTERNET & PHONE CABLE U,0.0
2925,55 - 59,NRW,62.97,34.99,30.0,0.0,VF RIP U-TREUE,0.0
2926,30 - 34,KBW,49.95,39.99,30.0,0.0,VF CABLEMAX,0.0
2927,40 - 44,NRW,39.98,39.98,30.0,0.0,GIGAZUHAUSE TREUE B,1.0
2928,25 - 29,KBW,39.97,49.99,30.0,0.0,VF CABLEMAX,1.0
2929,45 - 49,KBW,44.99,34.99,30.0,0.0,RED INTERNET & PHONE CABLE U,1.0
2930,40 - 44,NRW,54.99,39.98,30.0,0.0,VF RIP U-TREUE,0.0
2931,35 - 39,NRW,44.98,39.99,30.0,0.0,RED INTERNET & PHONE CABLE U,0.0
2932,55 - 59,NRW,34.99,39.98,30.0,0.0,RED INTERNET & PHONE CABLE U,1.0
2933,30 - 34,NRW,34.98,44.98,30.0,0.0,RED INTERNET & PHONE CABLE U,0.0
2934,50 - 54,NRW,39.99,44.98,30.0,0.0,RED INTERNET & PHONE CABLE U,0.0
2935,35 - 39,KBW,34.99,34.98,30.0,0.0,GIGAZUHAUSE KABEL,0.0
2936,35 - 39,KBW,44.98,44.99,30.0,0.0,VF RIP U-TREUE,1.0
2937,35 - 39,NRW,49.99,44.99,30.0,0.0,VF RIP U-TREUE,0.0
2938,55 - 59,HSN,39.99,39.98,30.0,0.0,RED INTERNET & PHONE CABLE U,0.0
2939,25 - 29,HSN,34.99,39.98,30.0,0.0,VF RIP U-TREUE,0.0
2940,60 - 64,NRW,29.98,62.97,30.0,0.0,VF CABLEMAX,0.0
2941,50 - 54,HSN,44.99,39.99,30.0,0.0,RED INTERNET & PHONE CABLE U,0.0
2942,35 - 39,KBW,39.99,44.99,30.0,0.0,VF RIP U-TREUE,0.0
2943,30 - 34,KBW,39.98,32.99,30.0,0.0,RED INTERNET & PHONE CABLE U,0.0
2944,40 - 44,NRW,39.98,44.99,30.0,0.0,VF RIP U-TREUE,1.0
2945,55 - 59,NRW,39.98,49.98,30.0,0.0,RED INTERNET & PHONE CABLE U,0.0
2946,30 - 34,NRW,59.99,44.99,30.0,0.0,RED INTERNET & PHONE CABLE U,0.0
2947,35 - 39,NRW,44.97,49.98,30.0,0.0,VF RIP U-TREUE,0.0
2948,35 - 39,KBW,44.98,58.99,30.0,0.0,VF CABLEMAX,0.0
2949,40 - 44,NRW,44.99,44.99,30.0,0.0,VF RIP U-TREUE,1.0
2950,50 - 54,NRW,29.98,44.99,30.0,0.0,VF RIP U-TREUE,1.0
2951,60 - 64,NRW,48.97,44.98,30.0,0.0,VF RIP U-TREUE,1.0
2952,45 - 49,KBW,39.97,44.98,30.0,0.0,RED INTERNET & PHONE CABLE U,0.0
2953,35 - 39,NRW,37.99,44.98,30.0,0.0,RED INTERNET & PHONE CABLE U,0.0
2954,60 - 64,NRW,44.98,34.99,30.0,0.0,RED INTERNET & PHONE CABLE U,1.0
2955,40 - 44,KBW,39.99,49.99,30.0,0.0,RED INTERNET & PHONE CABLE U,1.0
2956,50 - 54,NRW,44.99,54.98,30.0,0.0,RED INTERNET & PHONE CABLE U,0.0
2957,35 - 39,NRW,39.98,39.99,30.0,0.0,VF CABLEMAX,0.0
2958,25 - 29,KBW,29.99,44.98,30.0,0.0,VF CABLEMAX,0.0
2959,35 - 39,NRW,34.98,39.99,30.0,0.0,RED INTERNET & PHONE CABLE U,0.0
2960,18 - 24,KBW,39.97,44.98,30.0,0.0,RED INTERNET & PHONE CABLE U,1.0
2961,55 - 59,NRW,34.99,34.98,30.0,0.0,RED INTERNET & PHONE CABLE U,0.0
2962,30 - 34,HSN,39.97,44.99,30.0,0.0,RED INTERNET & PHONE CABLE U,0.0
2963,60 - 64,HSN,34.99,34.98,30.0,0.0,VF RIP U-TREUE,1.0
2964,40 - 44,KBW,39.95,44.96,30.0,0.0,RED INTERNET & PHONE CABLE U,1.0
2965,55 - 59,NRW,44.98,54.99,30.0,0.0,RED INTERNET & PHONE CABLE U,1.0
2966,60 - 64,KBW,34.98,34.98,30.0,0.0,VF RIP U-TREUE,0.0
2967,35 - 39,KBW,39.98,39.99,30.0,0.0,RED INTERNET & PHONE CABLE U,0.0
2968,60 - 64,KBW,44.99,44.98,30.0,0.0,RED INTERNET & PHONE CABLE U,0.0
2969,50 - 54,KBW,54.96,39.98,30.0,0.0,RED INTERNET & PHONE CABLE U,1.0
2970,55 - 59,NRW,44.99,39.99,30.0,0.0,RED INTERNET & PHONE CABLE U,1.0
2971,40 - 44,HSN,44.98,49.98,30.0,0.0,RED INTERNET & PHONE CABLE U,0.0
2972,40 - 44,NRW,44.97,44.99,30.0,0.0,RED INTERNET & PHONE CABLE U,0.0
2973,35 - 39,HSN,44.99,39.99,30.0,0.0,RED INTERNET & PHONE CABLE U,0.0
2974,45 - 49,NRW,39.99,29.98,30.0,0.0,RED INTERNET & PHONE CABLE U,1.0
2975,18 - 24,NRW,44.98,39.99,30.0,0.0,VF CABLEMAX,0.0
2976,18 - 24,NRW,39.97,29.98,30.0,0.0,RED INTERNET & PHONE CABLE U,1.0
2977,30 - 34,NRW,49.98,34.98,30.0,0.0,VF CABLEMAX,1.0
2978,40 - 44,KBW,44.99,34.96,30.0,0.0,RED INTERNET & PHONE CABLE U,0.0
2979,60 - 64,NRW,44.99,37.98,30.0,0.0,VF CABLEMAX,0.0
2980,35 - 39,NRW,44.98,44.99,30.0,0.0,VF RIP U-TREUE,0.0
2981,55 - 59,KBW,34.99,39.97,30.0,0.0,VF CABLEMAX,0.0
2982,55 - 59,KBW,44.99,44.98,30.0,0.0,RED INTERNET & PHONE CABLE U,1.0
2983,50 - 54,HSN,34.97,39.99,30.0,0.0,GIGAZUHAUSE KABEL,0.0
2984,35 - 39,NRW,34.98,44.98,30.0,1.0,VF CABLEMAX,1.0
2985,55 - 59,KBW,34.99,47.97,30.0,0.0,RED INTERNET & PHONE CABLE U,1.0
2986,35 - 39,NRW,39.99,39.98,30.0,0.0,GIGAZUHAUSE KABEL,1.0
2987,50 - 54,KBW,44.99,44.99,30.0,0.0,GIGAZUHAUSE KABEL,1.0
2988,55 - 59,NRW,39.98,39.97,30.0,0.0,VF RIP U-TREUE,1.0
2989,30 - 34,HSN,34.99,34.99,30.0,0.0,VF RIP U-TREUE,1.0
2990,25 - 29,NRW,39.98,34.99,30.0,0.0,RED INTERNET & PHONE CABLE U,0.0
2992,55 - 59,NRW,49.98,44.99,30.0,0.0,RED INTERNET & PHONE CABLE U,0.0
2993,55 - 59,NRW,44.99,34.98,30.0,0.0,VF CABLEMAX,1.0
2994,35 - 39,NRW,34.97,44.99,30.0,0.0,RED INTERNET & PHONE CABLE U,1.0
2995,40 - 44,KBW,39.99,34.98,30.0,0.0,RED INTERNET & PHONE CABLE U,0.0
2996,40 - 44,NRW,37.99,44.99,30.0,0.0,VF CABLEMAX,0.0
2998,25 - 29,KBW,44.98,19.98,30.0,0.0,VF RIP U-TREUE,0.0
2999,35 - 39,KBW,34.98,39.99,30.0,0.0,RED INTERNET & PHONE CABLE U,0.0
3000,40 - 44,KBW,54.98,39.98,30.0,0.0,VF CABLEMAX,0.0
3001,35 - 39,HSN,49.99,59.98,30.0,0.0,RED INTERNET & PHONE CABLE U,1.0
3002,40 - 44,HSN,29.99,49.98,30.0,0.0,GIGAZUHAUSE KABEL,1.0
3003,40 - 44,NRW,39.99,44.99,30.0,0.0,RED INTERNET & PHONE CABLE U,1.0
3004,30 - 34,NRW,49.99,49.99,30.0,0.0,RED INTERNET & PHONE CABLE U,0.0
3005,30 - 34,NRW,34.98,39.99,30.0,0.0,RED INTERNET & PHONE CABLE U,1.0
3006,40 - 44,KBW,29.98,39.98,30.0,0.0,RED INTERNET & PHONE CABLE U,1.0
3007,55 - 59,NRW,49.99,29.98,30.0,0.0,RED INTERNET & PHONE CABLE U,1.0
3008,30 - 34,KBW,34.98,44.98,30.0,0.0,RED INTERNET & PHONE CABLE U,0.0
3009,25 - 29,NRW,49.99,39.99,30.0,0.0,VF CABLEMAX,1.0
3010,25 - 29,KBW,49.99,39.99,30.0,0.0,RED INTERNET & PHONE CABLE U,1.0
3011,40 - 44,KBW,44.98,49.97,30.0,0.0,VF CABLEMAX,1.0
3012,40 - 44,NRW,49.97,42.99,30.0,0.0,RED INTERNET & PHONE CABLE U,1.0
3013,35 - 39,NRW,39.99,49.97,30.0,0.0,RED INTERNET & PHONE CABLE U,0.0
3014,50 - 54,KBW,44.98,44.98,30.0,0.0,RED INTERNET & PHONE CABLE U,1.0
3015,40 - 44,NRW,29.97,39.99,30.0,0.0,VF RIP U-TREUE,1.0
3016,55 - 59,NRW,39.98,39.99,30.0,0.0,GIGAZUHAUSE KABEL,1.0
3017,40 - 44,KBW,34.98,54.98,30.0,0.0,VF RIP U-TREUE,1.0
3018,80 and over,NRW,44.97,34.98,30.0,0.0,RED INTERNET & PHONE CABLE U,1.0
3019,50 - 54,NRW,44.98,44.99,30.0,0.0,VF RIP U-TREUE,1.0
3020,35 - 39,NRW,29.99,44.98,30.0,0.0,VF RIP U-TREUE,1.0
3021,35 - 39,HSN,44.98,44.98,30.0,0.0,RED INTERNET & PHONE CABLE U,0.0
3022,60 - 64,NRW,39.99,34.99,30.0,0.0,GIGAZUHAUSE KABEL,0.0
3023,25 - 29,NRW,29.98,39.99,30.0,0.0,RED INTERNET & PHONE CABLE U,0.0
3024,25 - 29,HSN,49.99,39.99,30.0,0.0,VF CABLEMAX,0.0
3025,55 - 59,NRW,44.99,34.98,30.0,0.0,RED INTERNET & PHONE CABLE U,1.0
3026,25 - 29,NRW,39.98,44.99,30.0,0.0,RED INTERNET & PHONE CABLE U,0.0
3027,25 - 29,NRW,39.98,34.99,30.0,0.0,GIGAZUHAUSE KABEL,0.0
3028,55 - 59,NRW,39.99,44.98,30.0,0.0,RED INTERNET & PHONE CABLE U,0.0
3029,40 - 44,HSN,39.99,42.98,30.0,0.0,VF CABLEMAX,1.0
3030,35 - 39,NRW,39.99,44.99,30.0,0.0,VF RIP U-TREUE,1.0
3031,25 - 29,KBW,34.99,43.98,30.0,0.0,RED INTERNET & PHONE CABLE U,1.0
3032,25 - 29,KBW,44.98,49.98,30.0,0.0,VF CABLEMAX,1.0
3033,30 - 34,KBW,34.98,44.99,30.0,0.0,RED INTERNET & PHONE CABLE U,1.0
3034,55 - 59,KBW,54.99,39.99,30.0,0.0,VF RIP U-TREUE,0.0
3035,80 and over,NRW,34.98,34.98,30.0,0.0,RED INTERNET & PHONE CABLE U,1.0
3036,35 - 39,KBW,44.98,34.98,30.0,0.0,VF RIP U-TREUE,1.0
3037,65 - 69,NRW,34.99,39.98,30.0,0.0,RED INTERNET & PHONE CABLE U,0.0
3038,35 - 39,NRW,39.98,34.99,30.0,0.0,VF RIP U-TREUE,0.0
3039,35 - 39,HSN,44.99,42.97,30.0,0.0,VF RIP U-TREUE,0.0
3040,55 - 59,NRW,39.96,34.99,30.0,0.0,VF RIP U-TREUE,1.0
3041,30 - 34,NRW,34.98,49.99,30.0,0.0,VF RIP U-TREUE,0.0
3042,45 - 49,NRW,44.98,39.98,30.0,0.0,RED INTERNET & PHONE CABLE U,1.0
3043,18 - 24,KBW,34.99,39.98,30.0,0.0,VF CABLEMAX,1.0
3044,40 - 44,NRW,34.99,39.98,30.0,0.0,VF CABLEMAX,0.0
3045,55 - 59,KBW,49.97,44.98,30.0,0.0,GIGAZUHAUSE KABEL,0.0
3046,40 - 44,KBW,44.97,39.98,30.0,0.0,RED INTERNET & PHONE CABLE U,1.0
3047,80 and over,NRW,44.99,44.98,30.0,0.0,VF CABLEMAX,0.0
3048,30 - 34,NRW,37.98,39.98,30.0,0.0,RED INTERNET & PHONE CABLE U,1.0
3049,60 - 64,NRW,44.97,34.98,30.0,0.0,VF CABLEMAX,1.0
3050,25 - 29,NRW,42.99,44.98,30.0,0.0,VF CABLEMAX,1.0
3051,35 - 39,KBW,34.98,42.99,30.0,0.0,VF RIP U-TREUE,0.0
3052,35 - 39,NRW,39.99,34.99,30.0,0.0,VF RIP U-TREUE,0.0
3053,35 - 39,NRW,39.98,44.98,30.0,0.0,RED INTERNET & PHONE CABLE U,1.0
3054,40 - 44,KBW,34.99,49.98,30.0,0.0,VF CABLEMAX,1.0
3055,50 - 54,NRW,44.99,44.98,30.0,0.0,RED INTERNET & PHONE CABLE U,1.0
3056,40 - 44,KBW,39.99,34.99,30.0,0.0,VF CABLEMAX,1.0
3057,40 - 44,HSN,37.99,49.97,30.0,0.0,VF RIP U-TREUE,0.0
3058,35 - 39,KBW,39.98,34.98,30.0,0.0,VF CABLEMAX,1.0
3059,30 - 34,NRW,44.98,39.98,30.0,0.0,RED INTERNET & PHONE CABLE U,0.0
3060,35 - 39,KBW,39.98,58.98,30.0,0.0,VF CABLEMAX,0.0
3061,35 - 39,NRW,39.97,39.98,30.0,0.0,GIGAZUHAUSE KABEL,1.0
3062,45 - 49,KBW,39.99,34.98,30.0,0.0,VF RIP U-TREUE,0.0
3063,35 - 39,HSN,64.99,44.98,30.0,0.0,RED INTERNET & PHONE CABLE U,1.0
3064,25 - 29,HSN,34.98,44.98,30.0,0.0,RED INTERNET & PHONE CABLE U,1.0
3065,30 - 34,NRW,44.98,49.98,30.0,0.0,RED INTERNET & PHONE CABLE U,0.0
3066,50 - 54,NRW,34.99,44.98,30.0,0.0,RED INTERNET & PHONE CABLE U,1.0
3067,50 - 54,HSN,42.97,44.99,30.0,0.0,RED INTERNET & PHONE CABLE U,1.0
3068,45 - 49,HSN,44.98,29.98,30.0,0.0,RED INTERNET & PHONE CABLE U,1.0
3069,30 - 34,NRW,44.99,39.97,30.0,0.0,VF CABLEMAX,1.0
3070,35 - 39,NRW,39.99,39.99,30.0,0.0,RED INTERNET & PHONE CABLE U,1.0
3071,25 - 29,KBW,44.99,39.98,30.0,0.0,RED INTERNET & PHONE CABLE U,0.0
3072,35 - 39,KBW,44.99,29.98,30.0,0.0,GIGAZUHAUSE KABEL,1.0
3073,30 - 34,NRW,49.99,44.99,30.0,0.0,RED INTERNET & PHONE CABLE U,0.0
3074,55 - 59,NRW,39.98,44.98,30.0,0.0,RED INTERNET & PHONE CABLE U,1.0
3075,40 - 44,KBW,32.99,34.98,30.0,0.0,VF CABLEMAX,1.0
3076,35 - 39,KBW,29.99,37.98,30.0,0.0,VF CABLEMAX,0.0
3077,30 - 34,NRW,44.99,44.99,30.0,0.0,RED INTERNET & PHONE CABLE U,1.0
3078,55 - 59,KBW,39.98,44.99,30.0,0.0,RED INTERNET & PHONE CABLE U,0.0
3079,25 - 29,KBW,24.99,17.99,30.0,0.0,RED INTERNET & PHONE CABLE U,1.0
3080,35 - 39,KBW,39.99,44.99,30.0,0.0,VF CABLEMAX,0.0
3081,35 - 39,NRW,39.99,39.99,30.0,0.0,GIGAZUHAUSE KABEL,1.0
3082,40 - 44,NRW,69.99,44.99,30.0,0.0,RED INTERNET & PHONE CABLE U,0.0
3083,35 - 39,KBW,2.99,34.98,30.0,0.0,RED INTERNET & PHONE CABLE U,0.0
3084,30 - 34,NRW,44.98,34.97,30.0,0.0,VF CABLEMAX,1.0
3085,35 - 39,HSN,44.99,58.99,30.0,0.0,RED INTERNET & PHONE CABLE U,0.0
3086,40 - 44,NRW,44.98,34.98,30.0,0.0,GIGAZUHAUSE KABEL,1.0
3087,45 - 49,HSN,34.99,44.98,30.0,0.0,RED INTERNET & PHONE CABLE U,1.0
3088,55 - 59,HSN,34.99,34.99,30.0,0.0,RED INTERNET & PHONE CABLE U,0.0
3089,55 - 59,KBW,32.98,49.98,30.0,0.0,VF CABLEMAX,1.0
3090,50 - 54,NRW,44.98,44.98,30.0,0.0,VF CABLEMAX,0.0
3091,55 - 59,NRW,34.99,34.98,30.0,0.0,RED INTERNET & PHONE CABLE U,1.0
3092,50 - 54,NRW,44.99,34.98,30.0,0.0,RED INTERNET & PHONE CABLE U,1.0
3093,30 - 34,KBW,39.98,39.98,30.0,0.0,GIGAZUHAUSE KABEL,1.0
3094,35 - 39,NRW,34.99,34.98,30.0,0.0,RED INTERNET & PHONE CABLE U,1.0
3095,35 - 39,KBW,39.99,44.98,30.0,0.0,RED INTERNET & PHONE CABLE U,1.0
3096,60 - 64,KBW,44.98,44.97,30.0,0.0,RED INTERNET & PHONE CABLE U,1.0
3097,30 - 34,NRW,44.97,39.96,30.0,0.0,RED INTERNET & PHONE CABLE U,1.0
3098,50 - 54,KBW,44.99,39.99,30.0,0.0,RED INTERNET & PHONE CABLE U,1.0
3099,25 - 29,NRW,39.98,44.98,30.0,0.0,RED INTERNET & PHONE CABLE U,0.0
3100,35 - 39,NRW,44.99,34.99,30.0,0.0,RED INTERNET & PHONE CABLE U,0.0
3101,35 - 39,KBW,29.97,39.99,30.0,0.0,RED INTERNET & PHONE CABLE U,0.0
3102,80 and over,NRW,37.98,39.98,30.0,0.0,RED INTERNET & PHONE CABLE U,0.0
3103,35 - 39,HSN,44.99,34.99,30.0,0.0,RED INTERNET & PHONE CABLE U,0.0
3104,35 - 39,HSN,34.98,34.99,30.0,0.0,VF RIP U-TREUE,1.0
3105,30 - 34,NRW,39.99,29.99,30.0,0.0,RED INTERNET & PHONE CABLE U,1.0
3106,45 - 49,KBW,29.99,34.99,30.0,0.0,RED INTERNET & PHONE CABLE U,0.0
3107,40 - 44,NRW,39.98,39.99,30.0,0.0,VF RIP U-TREUE,0.0
3108,30 - 34,NRW,34.99,39.98,30.0,0.0,RED INTERNET & PHONE CABLE U,0.0
3109,35 - 39,NRW,34.98,44.99,30.0,0.0,VF RIP U-TREUE,1.0
3110,35 - 39,KBW,49.99,44.97,30.0,0.0,RED INTERNET & PHONE CABLE U,1.0
3111,25 - 29,KBW,44.97,44.98,30.0,0.0,VF CABLEMAX,1.0
3112,35 - 39,NRW,32.97,34.99,30.0,0.0,RED INTERNET & PHONE CABLE U,0.0
3113,35 - 39,NRW,39.99,49.99,30.0,0.0,GIGAZUHAUSE KABEL,0.0
3114,70 - 74,HSN,44.99,39.97,30.0,0.0,RED INTERNET & PHONE CABLE U,1.0
3115,35 - 39,KBW,44.98,29.99,30.0,0.0,VF RIP U-TREUE,1.0
3116,35 - 39,KBW,34.99,54.97,30.0,0.0,RED INTERNET & PHONE CABLE U,1.0
3117,40 - 44,HSN,39.99,44.99,30.0,0.0,RED INTERNET & PHONE CABLE U,1.0
3118,60 - 64,KBW,44.98,34.99,30.0,0.0,VF CABLEMAX,0.0
3119,50 - 54,NRW,34.98,44.98,30.0,0.0,RED INTERNET & PHONE CABLE U,0.0
3120,35 - 39,HSN,39.99,39.98,30.0,0.0,RED INTERNET & PHONE CABLE U,0.0
3121,65 - 69,NRW,44.99,39.99,30.0,0.0,RED INTERNET & PHONE CABLE U,1.0
3122,70 - 74,KBW,44.98,39.98,30.0,0.0,VF CABLEMAX,0.0
3123,40 - 44,KBW,49.98,44.99,30.0,0.0,RED INTERNET & PHONE CABLE U,0.0
3124,65 - 69,KBW,34.98,39.95,30.0,0.0,RED INTERNET & PHONE CABLE U,0.0
3125,25 - 29,NRW,39.99,34.97,30.0,0.0,VF RIP U-TREUE,1.0
3126,40 - 44,NRW,39.98,34.98,30.0,0.0,RED INTERNET & PHONE CABLE U,0.0
3127,35 - 39,NRW,39.99,44.99,30.0,0.0,RED INTERNET & PHONE CABLE U,0.0
3128,40 - 44,NRW,44.98,34.98,30.0,0.0,RED INTERNET & PHONE CABLE U,1.0
3129,35 - 39,NRW,29.99,44.99,30.0,0.0,VF CABLEMAX,0.0
3130,35 - 39,HSN,34.99,39.98,30.0,0.0,VF RIP U-TREUE,0.0
3131,18 - 24,KBW,44.99,34.99,30.0,0.0,GIGAZUHAUSE TREUE,0.0
3132,25 - 29,NRW,39.98,34.98,30.0,0.0,RED INTERNET & PHONE CABLE U,0.0
3133,40 - 44,HSN,34.98,39.99,30.0,0.0,RED INTERNET & PHONE CABLE U,0.0
3134,40 - 44,HSN,49.98,39.99,30.0,0.0,VF CABLEMAX,1.0
3135,35 - 39,NRW,39.99,44.99,30.0,0.0,GIGAZUHAUSE KABEL,0.0
3136,30 - 34,NRW,39.99,39.99,30.0,0.0,VF RIP U-TREUE,0.0
3137,35 - 39,NRW,37.99,39.99,30.0,0.0,VF RIP U-TREUE,0.0
3138,60 - 64,NRW,34.99,49.96,30.0,0.0,VF RIP U-TREUE,1.0
3139,55 - 59,NRW,39.99,49.99,30.0,0.0,RED INTERNET & PHONE CABLE U,1.0
3140,25 - 29,HSN,44.99,49.99,30.0,0.0,RED INTERNET & PHONE CABLE U,0.0
3141,40 - 44,NRW,44.99,39.99,30.0,0.0,RED INTERNET & PHONE CABLE U,1.0
3142,30 - 34,KBW,34.99,42.99,30.0,0.0,VF CABLEMAX,0.0
3143,45 - 49,HSN,34.97,44.99,30.0,0.0,RED INTERNET & PHONE CABLE U,0.0
3144,55 - 59,NRW,49.99,44.98,30.0,0.0,RED INTERNET & PHONE CABLE U,0.0
3145,50 - 54,NRW,39.99,34.98,30.0,0.0,RED INTERNET & PHONE CABLE U,1.0
3146,35 - 39,NRW,54.98,34.99,30.0,0.0,RED INTERNET & PHONE CABLE U,0.0
3147,25 - 29,NRW,44.98,39.99,30.0,0.0,RED INTERNET & PHONE CABLE U,0.0
3148,30 - 34,KBW,44.99,42.98,30.0,0.0,VF RIP U-TREUE,0.0
3149,60 - 64,KBW,39.97,42.98,30.0,0.0,RED INTERNET & PHONE CABLE U,1.0
3150,25 - 29,NRW,49.99,39.99,30.0,0.0,RED INTERNET & PHONE CABLE U,0.0
3151,18 - 24,NRW,44.98,39.99,30.0,0.0,RED INTERNET & PHONE CABLE U,0.0
3152,30 - 34,NRW,39.98,44.98,30.0,0.0,RED INTERNET & PHONE CABLE U,1.0
3153,50 - 54,HSN,44.98,37.99,30.0,0.0,VF RIP U-TREUE,0.0
3154,25 - 29,NRW,34.99,39.97,30.0,0.0,VF CABLEMAX,1.0
3155,30 - 34,HSN,44.99,44.98,30.0,0.0,RED INTERNET & PHONE CABLE U,1.0
3156,35 - 39,NRW,44.98,44.98,30.0,0.0,RED INTERNET & PHONE CABLE U,0.0
3157,35 - 39,NRW,39.99,39.97,30.0,0.0,RED INTERNET & PHONE CABLE U,0.0
3158,30 - 34,KBW,39.99,49.98,30.0,0.0,RED INTERNET & PHONE CABLE U,0.0
3159,50 - 54,KBW,29.99,29.98,30.0,0.0,GIGAZUHAUSE KABEL,0.0
3160,25 - 29,KBW,39.99,42.98,30.0,0.0,VF RIP U-TREUE,0.0
3161,60 - 64,KBW,44.98,44.99,30.0,0.0,RED INTERNET & PHONE CABLE U,0.0
3162,40 - 44,NRW,34.99,39.98,30.0,0.0,VF CABLEMAX,1.0
3163,35 - 39,NRW,34.98,39.98,30.0,0.0,RED INTERNET & PHONE CABLE U,0.0
3164,60 - 64,KBW,44.99,67.98,30.0,0.0,VF CABLEMAX,1.0
3165,40 - 44,KBW,39.99,44.98,30.0,0.0,VF RIP U-TREUE,0.0
3166,35 - 39,KBW,44.98,42.99,30.0,0.0,VF RIP U-TREUE,0.0
3167,35 - 39,KBW,34.98,39.99,30.0,0.0,VF RIP U-TREUE,0.0
3168,45 - 49,NRW,44.96,37.98,30.0,0.0,RED INTERNET & PHONE CABLE U,1.0
3169,18 - 24,NRW,42.99,39.97,30.0,0.0,RED INTERNET & PHONE CABLE U,0.0
3170,35 - 39,NRW,44.98,54.99,30.0,0.0,RED INTERNET & PHONE CABLE U,0.0
3171,30 - 34,NRW,39.98,44.98,30.0,0.0,RED INTERNET & PHONE CABLE U,1.0
3172,30 - 34,HSN,49.99,44.99,30.0,0.0,VF CABLEMAX,0.0
3173,35 - 39,NRW,42.99,34.98,30.0,0.0,VF RIP U-TREUE,1.0
3174,40 - 44,KBW,39.98,42.99,30.0,0.0,VF CABLEMAX,0.0
3175,30 - 34,HSN,37.98,39.98,30.0,0.0,RED INTERNET & PHONE CABLE U,1.0
3176,30 - 34,NRW,34.97,29.99,30.0,0.0,RED INTERNET & PHONE CABLE U,0.0
3177,35 - 39,NRW,32.99,42.99,30.0,0.0,VF CABLEMAX,0.0
3178,55 - 59,NRW,39.99,49.99,30.0,0.0,RED INTERNET & PHONE CABLE U,1.0
3179,40 - 44,NRW,37.99,39.98,30.0,0.0,GIGAZUHAUSE KABEL,1.0
3180,65 - 69,KBW,39.96,39.98,30.0,0.0,RED INTERNET & PHONE CABLE U,0.0
3181,35 - 39,HSN,44.97,42.98,30.0,0.0,RED INTERNET & PHONE CABLE U,1.0
3182,50 - 54,KBW,39.99,39.99,30.0,0.0,VF CABLEMAX,0.0
3183,60 - 64,KBW,34.97,34.98,30.0,0.0,VF CABLEMAX,1.0
3184,35 - 39,HSN,44.98,42.97,30.0,0.0,RED INTERNET & PHONE CABLE U,0.0
3185,40 - 44,NRW,39.99,49.99,30.0,0.0,RED INTERNET & PHONE CABLE U,0.0
3186,25 - 29,NRW,34.98,39.97,696.0,0.0,GIGAZUHAUSE KABEL,0.0
3187,50 - 54,NRW,37.99,39.99,30.0,0.0,RED INTERNET & PHONE CABLE U,1.0
3188,40 - 44,KBW,29.99,39.99,30.0,0.0,GIGAZUHAUSE KABEL,1.0
3189,25 - 29,NRW,29.99,34.99,30.0,0.0,VF RIP U-TREUE,1.0
3190,40 - 44,HSN,44.98,39.98,30.0,0.0,RED INTERNET & PHONE CABLE U,1.0
3191,25 - 29,NRW,44.99,44.99,30.0,0.0,GIGAZUHAUSE KABEL,1.0
3192,40 - 44,NRW,34.99,34.99,30.0,0.0,VF RIP U-TREUE,1.0
3193,80 and over,HSN,39.97,44.97,30.0,0.0,RED INTERNET & PHONE CABLE U,1.0
3194,40 - 44,NRW,29.99,39.98,30.0,0.0,RED INTERNET & PHONE CABLE U,1.0
3195,60 - 64,NRW,44.97,39.99,30.0,0.0,RED INTERNET & PHONE CABLE U,0.0
3196,50 - 54,NRW,19.99,34.99,30.0,0.0,RED INTERNET & PHONE CABLE U,1.0
3197,30 - 34,NRW,44.99,59.98,30.0,0.0,RED INTERNET & PHONE CABLE U,1.0
3198,40 - 44,NRW,44.98,44.99,30.0,0.0,VF RIP U-TREUE,1.0
3199,30 - 34,KBW,39.98,39.98,30.0,0.0,GIGAZUHAUSE KABEL,0.0
3200,35 - 39,NRW,39.98,44.99,30.0,0.0,RED INTERNET & PHONE CABLE U,0.0
3201,35 - 39,NRW,24.99,39.98,30.0,0.0,RED INTERNET & PHONE CABLE U,0.0
3202,40 - 44,HSN,54.98,34.99,30.0,0.0,VF RIP U-TREUE,0.0
3203,30 - 34,KBW,44.98,49.98,30.0,0.0,RED INTERNET & PHONE CABLE U,1.0
3204,35 - 39,NRW,44.99,44.99,30.0,0.0,RED INTERNET & PHONE CABLE U,1.0
3205,30 - 34,KBW,39.98,58.99,30.0,0.0,RED INTERNET & PHONE CABLE U,0.0
3206,25 - 29,NRW,42.97,39.99,699.0,0.0,VF CABLEMAX,1.0
3207,30 - 34,NRW,44.99,44.98,30.0,0.0,RED INTERNET & PHONE CABLE U,1.0
3208,35 - 39,NRW,44.98,44.98,30.0,0.0,VF CABLEMAX,0.0
3209,25 - 29,HSN,34.99,44.98,30.0,0.0,VF CABLEMAX,1.0
3210,40 - 44,KBW,34.98,44.99,30.0,0.0,RED INTERNET & PHONE CABLE U,0.0
3211,35 - 39,NRW,34.99,44.98,30.0,0.0,VF CABLEMAX,1.0
3212,35 - 39,HSN,54.99,39.99,30.0,0.0,RED INTERNET & PHONE CABLE U,1.0
3213,30 - 34,KBW,39.98,39.98,30.0,0.0,RED INTERNET & PHONE CABLE U,1.0
3214,40 - 44,NRW,39.99,49.98,30.0,0.0,RED INTERNET & PHONE CABLE U,0.0
3215,35 - 39,NRW,32.98,32.99,30.0,0.0,GIGAZUHAUSE KABEL,0.0
3216,35 - 39,NRW,34.98,44.98,30.0,0.0,RED INTERNET & PHONE CABLE U,1.0
3217,30 - 34,NRW,44.98,44.98,30.0,0.0,VF CABLEMAX,1.0
3218,35 - 39,NRW,29.98,39.99,30.0,0.0,VF RIP U-TREUE,0.0
3219,25 - 29,NRW,34.99,39.99,30.0,0.0,RED INTERNET & PHONE CABLE U,0.0
3220,35 - 39,NRW,39.98,44.98,30.0,0.0,RED INTERNET & PHONE CABLE U,0.0
3221,60 - 64,NRW,39.97,34.99,30.0,0.0,RED INTERNET & PHONE CABLE U,1.0
3222,25 - 29,NRW,42.98,39.97,30.0,0.0,RED INTERNET & PHONE CABLE U,0.0
3223,35 - 39,KBW,44.98,49.98,30.0,0.0,RED INTERNET & PHONE CABLE U,1.0
3224,45 - 49,NRW,44.99,39.99,30.0,0.0,VF RIP U-TREUE,0.0
3225,80 and over,NRW,34.98,44.98,30.0,1.0,VF RIP U-TREUE,0.0
3226,40 - 44,HSN,49.98,39.97,30.0,0.0,RED INTERNET & PHONE CABLE U,1.0
3227,30 - 34,KBW,44.98,42.98,30.0,0.0,RED INTERNET & PHONE CABLE U,0.0
3228,18 - 24,HSN,44.98,42.97,30.0,0.0,RED INTERNET & PHONE CABLE U,1.0
3229,30 - 34,HSN,39.99,44.98,30.0,0.0,GIGAZUHAUSE TREUE C,0.0
3230,50 - 54,NRW,39.99,44.99,30.0,0.0,RED INTERNET & PHONE CABLE U,0.0
3231,35 - 39,KBW,39.98,69.99,30.0,0.0,RED INTERNET & PHONE CABLE U,0.0
3232,35 - 39,KBW,29.97,34.99,30.0,0.0,VF CABLEMAX,0.0
3233,55 - 59,NRW,44.98,42.98,30.0,0.0,VF RIP U-TREUE,0.0
3234,25 - 29,NRW,39.99,34.97,30.0,0.0,RED INTERNET & PHONE CABLE U,1.0
3235,35 - 39,NRW,39.99,64.97,30.0,0.0,RED INTERNET & PHONE CABLE U,1.0
3236,50 - 54,KBW,39.98,39.99,30.0,0.0,VF CABLEMAX,1.0
3237,55 - 59,HSN,42.99,39.98,30.0,0.0,VF RIP U-TREUE,0.0
3238,25 - 29,NRW,39.98,32.98,30.0,0.0,VF RIP U-TREUE,1.0
3239,60 - 64,NRW,39.97,34.99,30.0,0.0,VF CABLEMAX,1.0
3240,35 - 39,KBW,39.98,44.99,30.0,0.0,RED INTERNET & PHONE CABLE U,1.0
3241,60 - 64,NRW,39.98,49.98,30.0,0.0,GIGAZUHAUSE KABEL,1.0
3242,35 - 39,KBW,44.99,49.98,30.0,0.0,VF CABLEMAX,1.0
3243,55 - 59,KBW,37.97,44.98,30.0,1.0,VF RIP U-TREUE,0.0
3244,70 - 74,NRW,39.97,44.99,30.0,0.0,GIGAZUHAUSE KABEL,1.0
3245,40 - 44,NRW,34.99,49.99,30.0,0.0,RED INTERNET & PHONE CABLE U,0.0
3247,55 - 59,HSN,37.98,49.98,30.0,0.0,RED INTERNET & PHONE CABLE U,0.0
3248,55 - 59,HSN,34.99,39.99,30.0,0.0,VF RIP U-TREUE,1.0
3249,50 - 54,HSN,34.99,34.99,30.0,0.0,RED INTERNET & PHONE CABLE U,1.0
3250,45 - 49,HSN,44.99,44.99,30.0,0.0,RED INTERNET & PHONE CABLE U,1.0
3251,35 - 39,NRW,39.98,39.99,30.0,0.0,RED INTERNET & PHONE CABLE U,0.0
3252,25 - 29,KBW,29.98,42.99,30.0,0.0,RED INTERNET & PHONE CABLE U,1.0
3253,35 - 39,HSN,29.99,44.97,30.0,0.0,RED INTERNET & PHONE CABLE U,1.0
3254,40 - 44,KBW,34.98,44.99,30.0,0.0,RED INTERNET & PHONE CABLE U,0.0
3255,35 - 39,HSN,44.99,44.98,30.0,0.0,VF CABLEMAX,0.0
3256,45 - 49,KBW,39.99,32.98,30.0,0.0,RED INTERNET & PHONE CABLE U,0.0
3257,30 - 34,NRW,39.99,39.98,30.0,0.0,VF RIP U-TREUE,0.0
3258,35 - 39,NRW,44.98,44.98,30.0,0.0,VF RIP U-TREUE,1.0
3259,30 - 34,NRW,34.98,44.98,30.0,0.0,RED INTERNET & PHONE CABLE U,1.0
3260,35 - 39,KBW,34.98,44.99,30.0,0.0,GIGAZUHAUSE KABEL,0.0
3261,30 - 34,NRW,44.99,34.99,30.0,0.0,RED INTERNET & PHONE CABLE U,1.0
3262,45 - 49,NRW,49.98,39.98,30.0,0.0,VF CABLEMAX,1.0
3263,55 - 59,NRW,34.98,39.98,30.0,0.0,RED INTERNET & PHONE CABLE U,0.0
3264,80 and over,KBW,44.99,39.98,30.0,0.0,RED INTERNET & PHONE CABLE U,0.0
3265,35 - 39,NRW,49.98,44.99,30.0,0.0,GIGAZUHAUSE KABEL,0.0
3266,40 - 44,HSN,34.99,39.99,30.0,0.0,RED INTERNET & PHONE CABLE U,0.0
3267,40 - 44,NRW,39.99,29.99,30.0,0.0,VF RIP U-TREUE,1.0
3268,25 - 29,KBW,39.99,39.98,30.0,0.0,VF RIP U-TREUE,0.0
3269,35 - 39,KBW,39.99,44.99,30.0,0.0,RED INTERNET & PHONE CABLE U,1.0
3270,40 - 44,NRW,39.97,34.98,30.0,0.0,RED INTERNET & PHONE CABLE U,1.0
3271,35 - 39,KBW,62.99,44.99,30.0,0.0,VF RIP U-TREUE,1.0
3272,30 - 34,NRW,32.97,49.98,30.0,0.0,RED INTERNET & PHONE CABLE U,0.0
3273,40 - 44,NRW,29.99,44.99,30.0,0.0,RED INTERNET & PHONE CABLE U,1.0
3274,35 - 39,HSN,49.97,34.99,30.0,0.0,RED INTERNET & PHONE CABLE U,0.0
3275,50 - 54,KBW,47.99,44.99,30.0,0.0,VF RIP U-TREUE,0.0
3276,70 - 74,NRW,44.98,44.97,30.0,0.0,RED INTERNET & PHONE CABLE U,1.0
3277,40 - 44,NRW,39.98,29.98,30.0,0.0,VF CABLEMAX,1.0
3278,30 - 34,NRW,34.97,44.99,30.0,0.0,GIGAZUHAUSE KABEL,0.0
3279,55 - 59,KBW,39.98,44.97,30.0,0.0,RED INTERNET & PHONE CABLE U,0.0
3280,25 - 29,KBW,39.99,39.98,30.0,0.0,RED INTERNET & PHONE CABLE U,0.0
3281,80 and over,KBW,39.98,39.97,30.0,0.0,RED INTERNET & PHONE CABLE U,0.0
3282,25 - 29,NRW,44.99,44.99,30.0,0.0,RED INTERNET & PHONE CABLE U,0.0
3283,25 - 29,NRW,44.98,39.99,30.0,0.0,RED INTERNET & PHONE CABLE U,0.0
3284,35 - 39,KBW,39.97,39.98,30.0,0.0,RED INTERNET & PHONE CABLE U,1.0
3285,55 - 59,NRW,44.99,44.95,30.0,0.0,RED INTERNET & PHONE CABLE U,0.0
3286,60 - 64,KBW,37.98,39.99,30.0,0.0,RED INTERNET & PHONE CABLE U,0.0
3287,35 - 39,HSN,39.98,29.99,30.0,0.0,VF CABLEMAX,1.0
3288,75 - 79,KBW,39.98,49.98,30.0,0.0,VF RIP U-TREUE,0.0
3289,50 - 54,KBW,44.98,44.99,30.0,0.0,VF RIP U-TREUE,1.0
3290,60 - 64,KBW,39.99,39.99,30.0,0.0,GIGAZUHAUSE KABEL,1.0
3291,35 - 39,NRW,24.98,44.99,30.0,0.0,RED INTERNET & PHONE CABLE U,1.0
3292,35 - 39,KBW,44.99,48.98,30.0,0.0,RED INTERNET & PHONE CABLE U,1.0
3293,65 - 69,HSN,39.96,34.99,30.0,0.0,RED INTERNET & PHONE CABLE U,1.0
3294,35 - 39,KBW,34.99,44.98,30.0,0.0,VF RIP U-TREUE,0.0
3295,40 - 44,NRW,39.99,44.99,30.0,0.0,RED INTERNET & PHONE CABLE U,0.0
3296,40 - 44,KBW,44.98,44.98,30.0,0.0,RED INTERNET & PHONE CABLE U,0.0
3297,30 - 34,KBW,44.97,37.99,30.0,0.0,VF RIP U-TREUE,1.0
3298,45 - 49,NRW,39.98,54.98,30.0,0.0,VF RIP U-TREUE,1.0
3299,40 - 44,KBW,44.99,39.99,30.0,0.0,RED INTERNET & PHONE CABLE U,1.0
3300,50 - 54,KBW,34.97,39.99,5.0,0.0,RED INTERNET & PHONE CABLE U,0.0
3301,55 - 59,KBW,34.98,39.98,30.0,0.0,GIGAZUHAUSE KABEL,1.0
3302,60 - 64,KBW,34.98,34.97,30.0,0.0,RED INTERNET & PHONE CABLE U,1.0
3303,25 - 29,KBW,44.99,39.98,30.0,0.0,RED INTERNET & PHONE CABLE U,0.0
3304,65 - 69,NRW,34.98,59.99,30.0,0.0,VF RIP U-TREUE,1.0
3305,40 - 44,NRW,54.98,39.98,30.0,0.0,VF CABLEMAX,1.0
3306,35 - 39,NRW,34.98,39.99,30.0,0.0,RED INTERNET & PHONE CABLE U,0.0
3307,65 - 69,KBW,44.98,37.98,30.0,0.0,VF RIP U-TREUE,0.0
3308,30 - 34,KBW,39.98,44.99,30.0,0.0,GIGAZUHAUSE KABEL,0.0
3309,50 - 54,NRW,44.98,39.98,30.0,0.0,GIGAZUHAUSE KABEL,0.0
3310,35 - 39,NRW,39.98,39.99,30.0,0.0,RED INTERNET & PHONE CABLE U,1.0
3311,25 - 29,HSN,34.99,29.99,30.0,0.0,GIGAZUHAUSE KABEL,1.0
3312,30 - 34,NRW,39.99,44.98,30.0,0.0,RED INTERNET & PHONE CABLE U,1.0
3313,30 - 34,KBW,42.99,49.99,30.0,0.0,RED INTERNET & PHONE CABLE U,1.0
3314,60 - 64,NRW,47.97,42.99,30.0,0.0,VF RIP U-TREUE,0.0
3315,30 - 34,HSN,39.98,39.98,30.0,0.0,VF RIP U-TREUE,0.0
3316,60 - 64,NRW,44.99,44.97,30.0,0.0,VF CABLEMAX,0.0
3317,40 - 44,KBW,34.99,34.99,30.0,0.0,RED INTERNET & PHONE CABLE U,0.0
3318,80 and over,NRW,44.98,29.99,30.0,0.0,RED INTERNET & PHONE CABLE U,0.0
3319,35 - 39,KBW,44.99,34.98,30.0,0.0,RED INTERNET & PHONE CABLE U,1.0
3320,40 - 44,NRW,44.99,44.98,30.0,0.0,VF CABLEMAX,0.0
3321,25 - 29,KBW,39.98,39.98,30.0,0.0,RED INTERNET & PHONE CABLE U,0.0
3322,35 - 39,NRW,44.97,44.97,30.0,0.0,VF CABLEMAX,1.0
3323,40 - 44,KBW,44.99,42.99,30.0,0.0,RED INTERNET & PHONE CABLE U,1.0
3324,40 - 44,HSN,39.99,44.98,30.0,0.0,RED INTERNET & PHONE CABLE U,0.0
3325,30 - 34,KBW,44.98,34.99,30.0,0.0,VF RIP U-TREUE,1.0
3326,25 - 29,NRW,44.99,34.99,30.0,0.0,RED INTERNET & PHONE CABLE U,1.0
3327,35 - 39,NRW,49.98,34.99,30.0,0.0,RED INTERNET & PHONE CABLE U,0.0
3328,60 - 64,NRW,44.99,39.98,30.0,0.0,RED INTERNET & PHONE CABLE U,0.0
3329,65 - 69,HSN,34.99,44.99,30.0,0.0,RED INTERNET & PHONE CABLE U,0.0
3330,40 - 44,NRW,34.99,39.99,30.0,0.0,VF CABLEMAX,1.0
3331,35 - 39,HSN,34.97,32.98,30.0,0.0,RED INTERNET & PHONE CABLE U,1.0
3332,35 - 39,HSN,44.99,34.97,30.0,0.0,VF RIP U-TREUE,0.0
3333,55 - 59,NRW,39.98,34.99,30.0,0.0,RED INTERNET & PHONE CABLE U,1.0
3335,40 - 44,KBW,44.98,44.98,30.0,0.0,GIGAZUHAUSE KABEL,0.0
3336,50 - 54,HSN,34.98,44.98,30.0,0.0,RED INTERNET & PHONE CABLE U,0.0
3337,60 - 64,KBW,42.98,44.98,30.0,0.0,RED INTERNET & PHONE CABLE U,1.0
3338,35 - 39,HSN,49.99,44.99,30.0,0.0,VF RIP U-TREUE,0.0
3339,65 - 69,KBW,54.98,39.99,30.0,0.0,VF RIP U-TREUE,1.0
3340,25 - 29,KBW,32.98,39.99,30.0,0.0,RED INTERNET & PHONE CABLE U,1.0
3341,35 - 39,NRW,29.99,44.98,30.0,0.0,RED INTERNET & PHONE CABLE U,1.0
3342,60 - 64,NRW,44.98,39.99,30.0,0.0,RED INTERNET & PHONE CABLE U,0.0
3343,35 - 39,KBW,34.98,44.98,30.0,0.0,VF RIP U-TREUE,1.0
3344,30 - 34,HSN,44.99,44.99,30.0,0.0,RED INTERNET & PHONE CABLE U,1.0
3345,40 - 44,KBW,39.96,39.97,30.0,0.0,RED INTERNET & PHONE CABLE U,1.0
3346,55 - 59,NRW,49.97,39.99,30.0,0.0,VF RIP U-TREUE,0.0
3347,50 - 54,NRW,34.99,29.99,30.0,0.0,GIGAZUHAUSE KABEL,0.0
3348,25 - 29,NRW,42.99,39.99,30.0,0.0,GIGAZUHAUSE KABEL,0.0
3349,55 - 59,KBW,44.98,44.99,30.0,1.0,RED INTERNET & PHONE CABLE U,0.0
3350,30 - 34,NRW,39.98,39.98,30.0,0.0,VF RIP U-TREUE,0.0
3352,35 - 39,KBW,49.99,32.98,30.0,0.0,RED INTERNET & PHONE CABLE U,0.0
3353,35 - 39,KBW,39.99,39.99,30.0,0.0,VF CABLEMAX,0.0
3354,30 - 34,NRW,29.98,44.98,30.0,0.0,RED INTERNET & PHONE CABLE U,0.0
3355,40 - 44,NRW,39.99,32.98,30.0,0.0,RED INTERNET & PHONE CABLE U,0.0
3356,35 - 39,NRW,29.99,44.98,30.0,0.0,VF RIP U-TREUE,0.0
3357,30 - 34,NRW,44.99,39.98,30.0,0.0,VF RIP U-TREUE,1.0
3358,40 - 44,KBW,34.98,37.99,30.0,0.0,VF CABLEMAX,1.0
3359,80 and over,NRW,39.99,44.99,30.0,0.0,VF RIP U-TREUE,0.0
3360,35 - 39,NRW,44.98,39.99,30.0,0.0,GIGAZUHAUSE KABEL,0.0
3361,65 - 69,HSN,29.99,39.99,30.0,0.0,VF CABLEMAX,1.0
3362,35 - 39,KBW,44.98,39.98,30.0,0.0,VF CABLEMAX,0.0
3363,40 - 44,KBW,39.99,39.99,30.0,0.0,VF RIP U-TREUE,0.0
3364,50 - 54,NRW,39.99,39.99,30.0,0.0,RED INTERNET & PHONE CABLE U,1.0
3365,60 - 64,HSN,39.99,19.98,30.0,0.0,VF CABLEMAX,1.0
3366,60 - 64,KBW,44.98,39.99,30.0,0.0,RED INTERNET & PHONE CABLE U,0.0
3367,50 - 54,NRW,39.99,39.98,30.0,0.0,RED INTERNET & PHONE CABLE U,1.0
3368,30 - 34,NRW,49.98,44.98,30.0,0.0,RED INTERNET & PHONE CABLE U,1.0
3369,18 - 24,HSN,44.99,34.99,30.0,0.0,VF RIP U-TREUE,1.0
3370,35 - 39,NRW,44.99,29.99,30.0,0.0,RED INTERNET & PHONE CABLE U,1.0
3371,70 - 74,NRW,39.96,42.99,30.0,0.0,RED INTERNET & PHONE CABLE U,1.0
3372,55 - 59,NRW,29.98,34.97,30.0,0.0,RED INTERNET & PHONE CABLE U,1.0
3373,40 - 44,NRW,34.98,44.99,30.0,0.0,VF RIP U-TREUE,1.0
3374,40 - 44,KBW,34.98,39.99,30.0,0.0,VF RIP U-TREUE,1.0
3375,30 - 34,HSN,39.97,44.99,30.0,0.0,GIGAZUHAUSE KABEL,0.0
3376,25 - 29,NRW,34.98,34.98,30.0,0.0,RED INTERNET & PHONE CABLE U,0.0
3377,60 - 64,NRW,44.98,44.98,30.0,0.0,GIGAZUHAUSE KABEL,0.0
3378,80 and over,NRW,39.99,39.98,30.0,0.0,RED INTERNET & PHONE CABLE U,0.0
3379,35 - 39,KBW,34.98,44.98,30.0,0.0,RED INTERNET & PHONE CABLE U,1.0
3380,60 - 64,KBW,54.98,44.98,30.0,0.0,GIGAZUHAUSE KABEL,0.0
3381,40 - 44,HSN,49.99,34.99,30.0,0.0,VF RIP U-TREUE,1.0
3382,80 and over,KBW,54.97,44.99,30.0,0.0,RED INTERNET & PHONE CABLE U,1.0
3383,40 - 44,HSN,34.99,37.99,30.0,0.0,RED INTERNET & PHONE CABLE U,0.0
3384,30 - 34,HSN,44.98,44.98,30.0,0.0,GIGAZUHAUSE KABEL,0.0
3385,25 - 29,KBW,44.99,44.99,30.0,0.0,RED INTERNET & PHONE CABLE U,0.0
3386,55 - 59,HSN,39.98,44.99,30.0,0.0,RED INTERNET & PHONE CABLE U,1.0
3387,40 - 44,KBW,49.97,49.98,30.0,0.0,RED INTERNET & PHONE CABLE U,0.0
3388,60 - 64,NRW,44.98,44.98,30.0,0.0,VF CABLEMAX,1.0
3389,30 - 34,NRW,34.97,44.98,30.0,0.0,RED INTERNET & PHONE CABLE U,1.0
3390,40 - 44,KBW,49.99,39.98,30.0,0.0,VF RIP U-TREUE,0.0
3391,35 - 39,KBW,39.97,44.98,30.0,0.0,RED INTERNET & PHONE CABLE U,1.0
3392,35 - 39,KBW,44.99,24.99,30.0,0.0,RED INTERNET & PHONE CABLE U,1.0
3393,25 - 29,KBW,34.99,34.99,30.0,0.0,RED INTERNET & PHONE CABLE U,0.0
3394,30 - 34,NRW,39.98,44.99,30.0,0.0,RED INTERNET & PHONE CABLE U,1.0
3395,30 - 34,KBW,39.98,54.99,30.0,0.0,GIGAZUHAUSE KABEL,1.0
3396,25 - 29,KBW,49.99,39.98,30.0,0.0,VF RIP U-TREUE,1.0
3397,35 - 39,KBW,42.99,39.99,30.0,0.0,RED INTERNET & PHONE CABLE U,1.0
3398,55 - 59,KBW,49.99,54.98,30.0,0.0,VF RIP U-TREUE,0.0
3399,35 - 39,NRW,34.99,34.99,30.0,0.0,RED INTERNET & PHONE CABLE U,0.0
3400,50 - 54,NRW,34.99,39.98,30.0,0.0,RED INTERNET & PHONE CABLE U,0.0
3401,35 - 39,KBW,44.99,44.99,30.0,0.0,VF RIP U-TREUE,1.0
3402,60 - 64,NRW,44.98,44.98,30.0,0.0,VF RIP U-TREUE,1.0
3403,40 - 44,NRW,29.98,42.99,30.0,0.0,RED INTERNET & PHONE CABLE U,1.0
3404,35 - 39,NRW,39.99,39.99,30.0,0.0,VF RIP U-TREUE,0.0
3405,40 - 44,KBW,44.98,39.99,30.0,0.0,RED INTERNET & PHONE CABLE U,0.0
3406,40 - 44,NRW,39.99,44.98,30.0,0.0,RED INTERNET & PHONE CABLE U,0.0
3407,50 - 54,KBW,44.98,49.97,30.0,0.0,RED INTERNET & PHONE CABLE U,0.0
3408,25 - 29,KBW,44.99,34.98,30.0,0.0,VF CABLEMAX,0.0
3409,55 - 59,KBW,39.99,49.98,30.0,0.0,VF CABLEMAX,1.0
3410,30 - 34,NRW,44.99,44.98,30.0,0.0,RED INTERNET & PHONE CABLE U,0.0
3411,30 - 34,NRW,39.97,44.97,30.0,0.0,GIGAZUHAUSE KABEL,1.0
3412,65 - 69,NRW,44.97,49.98,30.0,0.0,GIGAZUHAUSE KABEL,0.0
3413,60 - 64,NRW,34.97,29.98,30.0,0.0,GIGAZUHAUSE KABEL,0.0
3414,45 - 49,HSN,34.98,39.98,30.0,0.0,RED INTERNET & PHONE CABLE U,0.0
3415,30 - 34,NRW,44.98,34.99,30.0,0.0,VF CABLEMAX,1.0
3416,25 - 29,NRW,34.99,34.98,30.0,0.0,RED INTERNET & PHONE CABLE U,1.0
3417,35 - 39,KBW,34.99,44.98,30.0,0.0,RED INTERNET & PHONE CABLE U,1.0
3418,40 - 44,NRW,29.99,39.99,30.0,0.0,VF RIP U-TREUE,0.0
3419,70 - 74,NRW,44.98,39.98,30.0,0.0,VF RIP U-TREUE,0.0
3420,40 - 44,NRW,39.98,32.98,30.0,0.0,RED INTERNET & PHONE CABLE U,1.0
3421,50 - 54,NRW,44.99,39.99,30.0,0.0,RED INTERNET & PHONE CABLE U,0.0
3422,60 - 64,KBW,39.99,54.99,30.0,0.0,RED INTERNET & PHONE CABLE U,1.0
3423,35 - 39,KBW,44.99,34.98,30.0,0.0,VF RIP U-TREUE,1.0
3424,40 - 44,KBW,44.98,44.99,30.0,0.0,RED INTERNET & PHONE CABLE U,0.0
3425,30 - 34,KBW,58.98,39.99,30.0,0.0,GIGAZUHAUSE KABEL,1.0
3426,35 - 39,KBW,39.98,44.96,30.0,0.0,VF RIP U-TREUE,1.0
3427,35 - 39,KBW,39.99,42.98,30.0,0.0,RED INTERNET & PHONE CABLE U,1.0
3428,65 - 69,NRW,39.97,39.98,30.0,0.0,RED INTERNET & PHONE CABLE U,0.0
3429,25 - 29,NRW,34.99,39.98,30.0,0.0,GIGAZUHAUSE KABEL,1.0
3430,30 - 34,NRW,34.99,44.99,30.0,0.0,RED INTERNET & PHONE CABLE U,0.0
3431,60 - 64,NRW,44.97,39.97,30.0,0.0,VF RIP U-TREUE,0.0
3432,55 - 59,HSN,39.99,44.99,30.0,0.0,RED INTERNET & PHONE CABLE U,1.0
3433,35 - 39,NRW,39.99,39.98,30.0,0.0,VF RIP U-TREUE,0.0
3434,55 - 59,KBW,37.99,44.97,30.0,0.0,RED INTERNET & PHONE CABLE U,1.0
3435,70 - 74,NRW,39.98,39.99,30.0,0.0,VF RIP U-TREUE,0.0
3436,60 - 64,HSN,44.99,39.99,30.0,0.0,VF RIP U-TREUE,1.0
3437,50 - 54,HSN,42.98,34.98,30.0,0.0,VF RIP U-TREUE,0.0
3438,35 - 39,KBW,44.97,49.99,30.0,0.0,VF RIP U-TREUE,0.0
3439,25 - 29,NRW,44.98,49.99,30.0,0.0,RED INTERNET & PHONE CABLE U,0.0
3440,30 - 34,NRW,54.99,44.99,30.0,0.0,VF CABLEMAX,1.0
3441,35 - 39,NRW,44.99,34.99,30.0,0.0,RED INTERNET & PHONE CABLE U,1.0
3442,65 - 69,HSN,39.98,34.99,30.0,0.0,GIGAZUHAUSE KABEL,1.0
3443,60 - 64,KBW,49.99,44.98,30.0,0.0,RED INTERNET & PHONE CABLE U,1.0
3444,80 and over,KBW,49.99,39.99,30.0,0.0,RED INTERNET & PHONE CABLE U,0.0
3445,35 - 39,KBW,39.98,49.98,30.0,0.0,VF RIP U-TREUE,1.0
3446,35 - 39,NRW,58.99,34.99,30.0,0.0,GIGAZUHAUSE KABEL,1.0
3447,35 - 39,NRW,39.99,29.98,30.0,0.0,VF CABLEMAX,1.0
3448,45 - 49,NRW,39.98,49.97,30.0,0.0,RED INTERNET & PHONE CABLE U,1.0
3449,50 - 54,NRW,42.99,49.99,30.0,0.0,RED INTERNET & PHONE CABLE U,0.0
3450,18 - 24,NRW,39.98,44.99,30.0,0.0,VF CABLEMAX,0.0
3451,60 - 64,NRW,47.99,32.99,30.0,0.0,GIGAZUHAUSE KABEL,1.0
3452,30 - 34,NRW,44.98,34.98,30.0,0.0,RED INTERNET & PHONE CABLE U,0.0
3453,55 - 59,KBW,34.99,44.99,30.0,0.0,RED INTERNET & PHONE CABLE U,1.0
3454,25 - 29,NRW,44.99,44.97,30.0,0.0,RED INTERNET & PHONE CABLE U,0.0
3455,60 - 64,KBW,39.99,44.99,30.0,0.0,GIGAZUHAUSE KABEL,0.0
3456,55 - 59,NRW,34.98,42.99,30.0,0.0,VF RIP U-TREUE,0.0
3457,60 - 64,NRW,39.99,44.99,30.0,0.0,RED INTERNET & PHONE CABLE U,0.0
3458,80 and over,KBW,34.99,49.98,30.0,0.0,RED INTERNET & PHONE CABLE U,1.0
3459,35 - 39,KBW,34.98,44.98,30.0,0.0,RED INTERNET & PHONE CABLE U,1.0
3460,40 - 44,NRW,44.99,29.98,30.0,0.0,GIGAZUHAUSE KABEL,0.0
3461,40 - 44,NRW,44.99,44.97,30.0,0.0,RED INTERNET & PHONE CABLE U,1.0
3462,50 - 54,NRW,44.98,39.98,30.0,0.0,RED INTERNET & PHONE CABLE U,1.0
3463,50 - 54,NRW,44.98,39.99,30.0,0.0,RED INTERNET & PHONE CABLE U,1.0
3464,45 - 49,NRW,32.99,39.98,30.0,0.0,VF RIP U-TREUE,1.0
3465,35 - 39,HSN,34.97,39.98,30.0,0.0,RED INTERNET & PHONE CABLE U,0.0
3466,40 - 44,NRW,44.99,34.98,30.0,0.0,RED INTERNET & PHONE CABLE U,0.0
3467,30 - 34,KBW,39.98,49.98,30.0,0.0,VF CABLEMAX,1.0
3468,30 - 34,NRW,39.98,39.99,30.0,0.0,RED INTERNET & PHONE CABLE U,1.0
3469,35 - 39,NRW,44.97,44.98,30.0,0.0,RED INTERNET & PHONE CABLE U,1.0
3470,80 and over,NRW,44.98,44.99,30.0,0.0,RED INTERNET & PHONE CABLE U,0.0
3471,30 - 34,KBW,34.98,37.99,30.0,0.0,VF RIP U-TREUE,0.0
3472,40 - 44,NRW,24.97,39.98,30.0,0.0,RED INTERNET & PHONE CABLE U,0.0
3473,35 - 39,KBW,24.99,32.99,30.0,0.0,RED INTERNET & PHONE CABLE U,0.0
3474,60 - 64,NRW,49.99,34.99,30.0,0.0,VF RIP U-TREUE,1.0
3475,35 - 39,HSN,44.99,44.98,30.0,0.0,RED INTERNET & PHONE CABLE U,1.0
3476,40 - 44,NRW,44.99,39.98,30.0,0.0,VF CABLEMAX,0.0
3477,40 - 44,NRW,32.98,34.99,30.0,0.0,RED INTERNET & PHONE CABLE U,1.0
3478,25 - 29,NRW,42.99,34.99,30.0,0.0,VF RIP U-TREUE,1.0
3479,40 - 44,NRW,44.98,29.99,30.0,0.0,VF RIP U-TREUE,1.0
3480,25 - 29,NRW,58.99,24.98,30.0,0.0,GIGAZUHAUSE KABEL,0.0
3481,35 - 39,KBW,44.99,42.98,30.0,0.0,VF RIP U-TREUE,1.0
3482,35 - 39,NRW,49.99,39.99,30.0,0.0,RED INTERNET & PHONE CABLE U,1.0
3483,35 - 39,KBW,29.99,44.99,30.0,0.0,VF CABLEMAX,0.0
3484,40 - 44,KBW,44.99,34.99,30.0,0.0,RED INTERNET & PHONE CABLE U,1.0
3485,35 - 39,NRW,39.99,39.99,30.0,0.0,RED INTERNET & PHONE CABLE U,1.0
3486,30 - 34,KBW,49.98,39.99,30.0,0.0,RED INTERNET & PHONE CABLE U,1.0
3487,30 - 34,NRW,39.99,34.98,30.0,0.0,RED INTERNET & PHONE CABLE U,1.0
3488,40 - 44,HSN,39.96,34.99,30.0,0.0,VF CABLEMAX,1.0
3489,18 - 24,NRW,39.99,44.98,30.0,0.0,RED INTERNET & PHONE CABLE U,1.0
3490,60 - 64,KBW,42.99,39.98,30.0,0.0,RED INTERNET & PHONE CABLE U,1.0
3491,35 - 39,KBW,39.99,44.97,30.0,0.0,VF CABLEMAX,1.0
3492,30 - 34,KBW,44.99,44.99,30.0,0.0,RED INTERNET & PHONE CABLE U,0.0
3493,45 - 49,NRW,34.97,29.99,30.0,0.0,RED INTERNET & PHONE CABLE U,1.0
3494,30 - 34,NRW,39.98,34.99,30.0,0.0,RED INTERNET & PHONE CABLE U,1.0
3495,40 - 44,KBW,39.99,29.99,30.0,0.0,VF RIP U-TREUE,0.0
3496,40 - 44,HSN,44.98,34.98,30.0,0.0,RED INTERNET & PHONE CABLE U,0.0
3497,50 - 54,NRW,39.98,39.98,30.0,0.0,VF CABLEMAX,0.0
3498,55 - 59,HSN,44.99,44.99,30.0,0.0,RED INTERNET & PHONE CABLE U,1.0
3499,35 - 39,NRW,39.99,49.97,30.0,0.0,GIGAZUHAUSE KABEL,1.0
3500,55 - 59,HSN,44.99,32.98,30.0,0.0,VF CABLEMAX,1.0
3501,25 - 29,NRW,39.99,2.0,30.0,0.0,VF CABLEMAX,0.0
3502,35 - 39,NRW,44.98,44.99,30.0,0.0,VF CABLEMAX,0.0
3503,35 - 39,NRW,44.99,34.97,30.0,0.0,VF RIP U-TREUE,1.0
3504,35 - 39,NRW,44.99,34.99,30.0,0.0,RED INTERNET & PHONE CABLE U,0.0
3505,35 - 39,KBW,37.98,39.99,30.0,0.0,GIGAZUHAUSE KABEL,0.0
3506,40 - 44,NRW,49.99,39.99,30.0,0.0,RED INTERNET & PHONE CABLE U,1.0
3507,35 - 39,HSN,44.97,39.98,30.0,0.0,RED INTERNET & PHONE CABLE U,0.0
3508,35 - 39,KBW,44.99,39.99,30.0,0.0,GIGAZUHAUSE KABEL,1.0
3509,18 - 24,NRW,34.97,24.98,30.0,0.0,RED INTERNET & PHONE CABLE U,0.0
3510,30 - 34,KBW,39.99,49.97,30.0,0.0,RED INTERNET & PHONE CABLE U,0.0
3511,35 - 39,NRW,44.99,34.99,30.0,0.0,VF RIP U-TREUE,1.0
3512,35 - 39,NRW,49.98,32.98,30.0,0.0,RED INTERNET & PHONE CABLE U,1.0
3513,35 - 39,HSN,44.99,44.99,30.0,0.0,VF RIP U-TREUE,0.0
3514,25 - 29,NRW,34.98,39.99,30.0,0.0,VF CABLEMAX,1.0
3515,45 - 49,NRW,34.98,54.99,30.0,0.0,RED INTERNET & PHONE CABLE U,0.0
3516,80 and over,NRW,39.98,44.98,30.0,0.0,VF CABLEMAX,1.0
3517,35 - 39,NRW,39.98,42.99,6.0,0.0,RED INTERNET & PHONE CABLE U,1.0
3518,25 - 29,KBW,39.97,34.98,30.0,0.0,RED INTERNET & PHONE CABLE U,0.0
3519,35 - 39,KBW,34.99,39.99,30.0,0.0,VF RIP U-TREUE,0.0
3520,45 - 49,HSN,39.98,34.99,30.0,0.0,VF RIP U-TREUE,1.0
3521,35 - 39,KBW,44.98,39.98,30.0,0.0,GIGAZUHAUSE KABEL,1.0
3522,30 - 34,NRW,49.98,39.99,30.0,0.0,VF CABLEMAX,1.0
3523,30 - 34,KBW,44.97,34.99,30.0,0.0,VF RIP U-TREUE,1.0
3524,55 - 59,NRW,69.98,44.99,30.0,0.0,VF CABLEMAX,1.0
3525,55 - 59,KBW,39.99,34.99,30.0,0.0,VF RIP U-TREUE,1.0
3526,25 - 29,NRW,58.99,34.99,30.0,0.0,RED INTERNET & PHONE CABLE U,0.0
3527,65 - 69,NRW,34.98,29.99,30.0,0.0,VF CABLEMAX,0.0
3528,30 - 34,HSN,39.99,37.98,30.0,0.0,VF RIP U-TREUE,0.0
3529,25 - 29,NRW,69.99,39.99,30.0,0.0,RED INTERNET & PHONE CABLE U,1.0
3530,50 - 54,KBW,42.99,49.97,30.0,1.0,RED INTERNET & PHONE CABLE U,0.0
3531,55 - 59,NRW,44.99,29.99,30.0,0.0,RED INTERNET & PHONE CABLE U,0.0
3532,40 - 44,NRW,39.99,39.98,30.0,0.0,RED INTERNET & PHONE CABLE U,1.0
3533,40 - 44,NRW,34.99,44.98,30.0,0.0,VF CABLEMAX,0.0
3534,35 - 39,NRW,44.98,54.98,30.0,0.0,VF CABLEMAX,0.0
3535,30 - 34,NRW,39.98,34.99,30.0,0.0,VF RIP U-TREUE,0.0
3536,35 - 39,NRW,44.98,44.99,30.0,0.0,RED INTERNET & PHONE CABLE U,1.0
3537,35 - 39,NRW,49.99,44.98,30.0,0.0,RED INTERNET & PHONE CABLE U,0.0
3538,40 - 44,NRW,34.99,39.99,30.0,0.0,RED INTERNET & PHONE CABLE U,1.0
3539,35 - 39,KBW,49.99,39.98,30.0,0.0,VF CABLEMAX,0.0
3540,35 - 39,HSN,39.99,49.98,6.0,0.0,VF RIP U-TREUE,1.0
3541,60 - 64,NRW,44.99,34.98,30.0,0.0,VF RIP U-TREUE,0.0
3542,55 - 59,KBW,34.98,39.99,30.0,0.0,VF RIP U-TREUE,1.0
3543,35 - 39,NRW,47.98,44.98,30.0,0.0,RED INTERNET & PHONE CABLE U,1.0
3544,50 - 54,KBW,49.98,49.98,30.0,0.0,RED INTERNET & PHONE CABLE U,0.0
3545,55 - 59,NRW,44.99,39.99,30.0,0.0,RED INTERNET & PHONE CABLE U,1.0
3546,35 - 39,NRW,44.98,39.98,30.0,0.0,VF CABLEMAX,1.0
3547,70 - 74,NRW,34.98,44.99,30.0,0.0,RED INTERNET & PHONE CABLE U,0.0
3548,60 - 64,HSN,44.97,44.99,30.0,1.0,RED INTERNET & PHONE CABLE U,0.0
3549,45 - 49,KBW,49.99,44.98,30.0,0.0,VF RIP U-TREUE,0.0
3550,25 - 29,NRW,44.97,69.98,30.0,0.0,RED INTERNET & PHONE CABLE U,1.0
3551,30 - 34,NRW,44.99,29.98,30.0,0.0,RED INTERNET & PHONE CABLE U,0.0
3552,30 - 34,NRW,44.98,39.98,30.0,0.0,GIGAZUHAUSE KABEL,1.0
3553,60 - 64,NRW,59.99,34.99,30.0,0.0,RED INTERNET & PHONE CABLE U,1.0
3554,55 - 59,NRW,44.99,37.98,30.0,0.0,RED INTERNET & PHONE CABLE U,1.0
3555,55 - 59,KBW,49.98,44.99,30.0,0.0,RED INTERNET & PHONE CABLE U,0.0
3556,55 - 59,KBW,44.98,2.99,30.0,0.0,VF RIP U-TREUE,1.0
3557,35 - 39,NRW,49.98,34.99,30.0,0.0,RED INTERNET & PHONE CABLE U,1.0
3558,30 - 34,NRW,49.98,39.99,30.0,0.0,RED INTERNET & PHONE CABLE U,1.0
3559,55 - 59,NRW,49.97,34.99,30.0,0.0,VF RIP U-TREUE,1.0
3560,35 - 39,KBW,32.98,44.98,30.0,0.0,VF CABLEMAX,0.0
3561,35 - 39,KBW,39.97,39.98,30.0,0.0,RED INTERNET & PHONE CABLE U,1.0
3562,40 - 44,KBW,29.98,44.99,30.0,0.0,GIGAZUHAUSE KABEL,1.0
3563,40 - 44,KBW,44.99,39.99,30.0,0.0,GIGAZUHAUSE KABEL,0.0
3564,35 - 39,NRW,44.99,39.99,30.0,0.0,VF CABLEMAX,0.0
3565,25 - 29,NRW,34.99,62.97,30.0,0.0,RED INTERNET & PHONE CABLE U,1.0
3566,40 - 44,NRW,39.98,44.99,30.0,0.0,VF RIP U-TREUE,0.0
3567,55 - 59,NRW,37.97,54.99,30.0,0.0,RED INTERNET & PHONE CABLE U,0.0
3568,35 - 39,HSN,39.98,44.97,30.0,0.0,VF RIP U-TREUE,1.0
3569,55 - 59,NRW,44.99,34.99,30.0,0.0,VF RIP U-TREUE,0.0
3570,50 - 54,HSN,39.96,44.98,30.0,0.0,RED INTERNET & PHONE CABLE U,1.0
3571,55 - 59,KBW,44.98,34.98,30.0,0.0,GIGAZUHAUSE KABEL,1.0
3572,75 - 79,KBW,34.99,44.98,30.0,0.0,RED INTERNET & PHONE CABLE U,1.0
3573,30 - 34,KBW,44.99,34.98,30.0,0.0,VF RIP U-TREUE,1.0
3574,50 - 54,NRW,44.98,39.98,30.0,0.0,GIGAZUHAUSE KABEL,0.0
3575,18 - 24,KBW,44.98,39.97,30.0,0.0,RED INTERNET & PHONE CABLE U,0.0
3576,40 - 44,NRW,39.98,39.99,30.0,0.0,RED INTERNET & PHONE CABLE U,1.0
3577,30 - 34,NRW,44.99,34.98,30.0,0.0,VF RIP U-TREUE,1.0
3578,35 - 39,KBW,39.98,54.99,30.0,0.0,RED INTERNET & PHONE CABLE U,1.0
3579,30 - 34,KBW,34.96,29.98,30.0,0.0,RED INTERNET & PHONE CABLE U,1.0
3580,40 - 44,KBW,34.99,34.97,30.0,0.0,RED INTERNET & PHONE CABLE U,1.0
3581,45 - 49,NRW,39.99,47.99,30.0,0.0,RED INTERNET & PHONE CABLE U,0.0
3582,40 - 44,NRW,39.98,39.99,30.0,0.0,VF RIP U-TREUE,0.0
3583,55 - 59,NRW,39.98,39.99,30.0,0.0,RED INTERNET & PHONE CABLE U,1.0
3584,25 - 29,KBW,34.98,39.99,30.0,0.0,RED INTERNET & PHONE CABLE U,0.0
3585,50 - 54,KBW,29.99,39.98,30.0,0.0,RED INTERNET & PHONE CABLE U,1.0
3586,60 - 64,HSN,39.99,44.98,30.0,0.0,VF RIP U-TREUE,0.0
3587,25 - 29,KBW,44.99,39.98,30.0,0.0,VF RIP U-TREUE,1.0
3588,35 - 39,NRW,47.98,29.99,30.0,0.0,VF CABLEMAX,0.0
3589,40 - 44,KBW,34.98,34.99,30.0,0.0,RED INTERNET & PHONE CABLE U,1.0
3590,50 - 54,KBW,29.96,39.99,30.0,0.0,RED INTERNET & PHONE CABLE U,1.0
3591,35 - 39,NRW,49.99,29.99,30.0,0.0,GIGAZUHAUSE KABEL,0.0
3592,30 - 34,KBW,44.99,39.98,30.0,0.0,RED INTERNET & PHONE CABLE U,0.0
3593,60 - 64,NRW,34.99,37.99,30.0,0.0,VF RIP U-TREUE,1.0
3594,45 - 49,NRW,44.98,39.98,30.0,0.0,VF CABLEMAX,1.0
3595,35 - 39,KBW,34.99,54.98,30.0,0.0,VF CABLEMAX,1.0
3596,35 - 39,NRW,39.97,39.99,30.0,0.0,RED INTERNET & PHONE CABLE U,1.0
3597,55 - 59,NRW,44.98,32.99,30.0,0.0,GIGAZUHAUSE KABEL,1.0
3599,65 - 69,NRW,44.98,39.98,30.0,0.0,RED INTERNET & PHONE CABLE U,0.0
3600,35 - 39,NRW,39.99,44.98,30.0,0.0,VF RIP U-TREUE,0.0
3601,40 - 44,HSN,39.99,44.98,30.0,0.0,VF CABLEMAX,1.0
3602,18 - 24,NRW,24.99,29.98,30.0,0.0,VF CABLEMAX,1.0
3603,35 - 39,NRW,49.98,44.98,30.0,0.0,RED INTERNET & PHONE CABLE U,1.0
3604,40 - 44,NRW,34.99,44.98,30.0,0.0,RED INTERNET & PHONE CABLE U,1.0
3605,35 - 39,KBW,54.98,44.99,30.0,0.0,RED INTERNET & PHONE CABLE U,0.0
3606,40 - 44,NRW,44.99,39.97,30.0,0.0,VF RIP U-TREUE,0.0
3607,35 - 39,NRW,39.98,39.99,30.0,0.0,VF CABLEMAX,1.0
3608,80 and over,KBW,44.99,34.99,30.0,0.0,RED INTERNET & PHONE CABLE U,1.0
3609,50 - 54,KBW,34.99,44.99,30.0,0.0,GIGAZUHAUSE KABEL,1.0
3610,65 - 69,KBW,34.99,34.98,30.0,0.0,RED INTERNET & PHONE CABLE U,0.0
3611,50 - 54,HSN,29.98,39.98,30.0,0.0,VF CABLEMAX,0.0
3612,30 - 34,NRW,39.99,34.99,30.0,0.0,VF RIP U-TREUE,0.0
3613,25 - 29,NRW,34.98,37.99,30.0,0.0,VF CABLEMAX,0.0
3614,55 - 59,NRW,49.98,39.98,30.0,0.0,VF RIP U-TREUE,0.0
3615,30 - 34,NRW,34.99,29.99,30.0,0.0,RED INTERNET & PHONE CABLE U,1.0
3616,55 - 59,KBW,44.99,44.99,30.0,0.0,RED INTERNET & PHONE CABLE U,1.0
3617,40 - 44,KBW,44.99,44.99,30.0,0.0,RED INTERNET & PHONE CABLE U,0.0
3618,30 - 34,NRW,34.99,44.99,30.0,0.0,RED INTERNET & PHONE CABLE U,1.0
3619,35 - 39,NRW,29.99,39.99,30.0,0.0,RED INTERNET & PHONE CABLE U,0.0
3620,30 - 34,HSN,39.98,39.98,30.0,0.0,RED INTERNET & PHONE CABLE U,0.0
3621,25 - 29,KBW,39.98,34.99,30.0,0.0,RED INTERNET & PHONE CABLE U,0.0
3622,30 - 34,NRW,44.98,39.99,30.0,0.0,RED INTERNET & PHONE CABLE U,0.0
3623,35 - 39,NRW,37.99,29.99,30.0,0.0,VF CABLEMAX,0.0
3624,30 - 34,NRW,29.99,44.99,30.0,0.0,VF RIP U-TREUE,1.0
3625,25 - 29,NRW,34.98,34.98,30.0,0.0,RED INTERNET & PHONE CABLE U,1.0
3626,55 - 59,HSN,44.98,34.99,30.0,0.0,RED INTERNET & PHONE CABLE U,0.0
3627,30 - 34,KBW,44.98,44.98,30.0,0.0,RED INTERNET & PHONE CABLE U,1.0
3628,30 - 34,NRW,44.98,44.99,30.0,0.0,RED INTERNET & PHONE CABLE U,0.0
3629,80 and over,NRW,34.97,39.99,30.0,0.0,RED INTERNET & PHONE CABLE U,0.0
3630,30 - 34,KBW,49.99,24.99,30.0,0.0,RED INTERNET & PHONE CABLE U,1.0
3631,40 - 44,NRW,34.99,34.99,30.0,0.0,VF CABLEMAX,0.0
3632,50 - 54,KBW,29.99,34.98,30.0,0.0,RED INTERNET & PHONE CABLE U,0.0
3633,40 - 44,NRW,39.99,34.99,30.0,0.0,GIGAZUHAUSE KABEL,1.0
3634,55 - 59,NRW,34.98,37.97,30.0,0.0,RED INTERNET & PHONE CABLE U,1.0
3635,60 - 64,HSN,44.98,39.99,30.0,0.0,RED INTERNET & PHONE CABLE U,0.0
3636,65 - 69,KBW,39.98,39.99,30.0,0.0,RED INTERNET & PHONE CABLE U,1.0
3637,50 - 54,HSN,39.98,49.98,30.0,0.0,RED INTERNET & PHONE CABLE U,0.0
3638,55 - 59,NRW,39.98,44.96,30.0,0.0,GIGAZUHAUSE KABEL,0.0
3639,50 - 54,NRW,49.99,29.99,30.0,0.0,RED INTERNET & PHONE CABLE U,1.0
3640,70 - 74,KBW,49.99,44.99,30.0,0.0,RED INTERNET & PHONE CABLE U,0.0
3641,40 - 44,NRW,39.99,44.99,30.0,0.0,VF RIP U-TREUE,0.0
3642,25 - 29,HSN,54.98,34.97,30.0,0.0,RED INTERNET & PHONE CABLE U,1.0
3643,70 - 74,NRW,44.98,58.98,30.0,0.0,VF CABLEMAX,1.0
3644,30 - 34,NRW,39.98,44.99,30.0,0.0,VF RIP U-TREUE,1.0
3645,35 - 39,KBW,32.99,42.99,30.0,0.0,VF CABLEMAX,0.0
3646,25 - 29,NRW,44.98,37.0,30.0,0.0,RED INTERNET & PHONE CABLE U,0.0
3647,50 - 54,NRW,44.99,34.99,30.0,0.0,RED INTERNET & PHONE CABLE U,0.0
3648,40 - 44,KBW,34.97,34.99,30.0,0.0,GIGAZUHAUSE KABEL,1.0
3649,25 - 29,KBW,49.99,44.98,30.0,0.0,VF CABLEMAX,1.0
3650,35 - 39,KBW,49.99,44.98,30.0,0.0,VF CABLEMAX,0.0
3651,35 - 39,KBW,44.98,34.98,30.0,0.0,VF CABLEMAX,1.0
3652,55 - 59,KBW,34.99,44.97,30.0,0.0,VF RIP U-TREUE,1.0
3653,55 - 59,NRW,39.99,39.99,30.0,0.0,VF RIP U-TREUE,1.0
3655,35 - 39,NRW,34.97,54.99,30.0,0.0,VF RIP U-TREUE,1.0
3656,50 - 54,KBW,39.99,32.99,30.0,0.0,VF CABLEMAX,1.0
3657,80 and over,NRW,34.99,44.98,30.0,0.0,RED INTERNET & PHONE CABLE U,1.0
3658,25 - 29,NRW,34.98,29.98,30.0,0.0,RED INTERNET & PHONE CABLE U,0.0
3659,40 - 44,NRW,39.99,44.99,30.0,0.0,RED INTERNET & PHONE CABLE U,0.0
3660,50 - 54,KBW,44.98,44.98,30.0,0.0,VF RIP U-TREUE,0.0
3661,80 and over,NRW,34.99,49.99,30.0,0.0,RED INTERNET & PHONE CABLE U,0.0
3662,35 - 39,KBW,34.97,44.99,30.0,0.0,RED INTERNET & PHONE CABLE U,0.0
3663,40 - 44,NRW,32.99,34.99,30.0,0.0,RED INTERNET & PHONE CABLE U,0.0
3664,25 - 29,KBW,44.98,44.98,30.0,0.0,RED INTERNET & PHONE CABLE U,1.0
3665,25 - 29,KBW,39.99,44.97,30.0,0.0,RED INTERNET & PHONE CABLE U,0.0
3666,35 - 39,HSN,37.98,34.99,30.0,0.0,RED INTERNET & PHONE CABLE U,0.0
3667,30 - 34,NRW,34.99,29.99,30.0,0.0,VF RIP U-TREUE,1.0
3668,55 - 59,HSN,44.99,39.99,30.0,0.0,VF RIP U-TREUE,1.0
3669,35 - 39,NRW,32.99,44.98,30.0,0.0,RED INTERNET & PHONE CABLE U,0.0
3670,30 - 34,NRW,44.98,39.97,30.0,0.0,VF RIP U-TREUE,1.0
3671,60 - 64,KBW,44.98,54.98,30.0,0.0,RED INTERNET & PHONE CABLE U,0.0
3672,35 - 39,HSN,39.99,34.99,30.0,0.0,RED INTERNET & PHONE CABLE U,0.0
3673,35 - 39,KBW,34.98,44.97,30.0,0.0,RED INTERNET & PHONE CABLE U,0.0
3674,25 - 29,KBW,44.98,39.97,30.0,0.0,VF CABLEMAX,1.0
3675,18 - 24,NRW,34.98,44.98,30.0,0.0,RED INTERNET & PHONE CABLE U,1.0
3676,60 - 64,NRW,39.98,39.98,30.0,0.0,GIGAZUHAUSE KABEL,1.0
3677,35 - 39,KBW,43.97,49.98,30.0,0.0,VF RIP U-TREUE,0.0
3678,45 - 49,NRW,44.99,44.98,30.0,0.0,RED INTERNET & PHONE CABLE U,1.0
3679,35 - 39,KBW,39.98,44.99,30.0,0.0,RED INTERNET & PHONE CABLE U,1.0
3680,60 - 64,NRW,39.98,39.99,30.0,0.0,VF RIP U-TREUE,0.0
3681,35 - 39,NRW,39.98,42.99,30.0,0.0,VF RIP U-TREUE,0.0
3683,60 - 64,NRW,34.98,44.98,30.0,0.0,VF CABLEMAX,1.0
3684,40 - 44,KBW,38.99,44.98,30.0,0.0,VF CABLEMAX,0.0
3685,25 - 29,KBW,0.98,39.98,30.0,0.0,RED INTERNET & PHONE CABLE U,1.0
3686,30 - 34,NRW,49.99,39.98,30.0,0.0,RED INTERNET & PHONE CABLE U,0.0
3687,18 - 24,KBW,49.98,44.99,30.0,0.0,VF CABLEMAX,1.0
3688,30 - 34,HSN,29.99,29.99,30.0,0.0,VF RIP U-TREUE,0.0
3689,40 - 44,NRW,44.99,34.99,30.0,0.0,RED INTERNET & PHONE CABLE U,1.0
3690,40 - 44,KBW,34.99,59.99,30.0,0.0,GIGAZUHAUSE KABEL,1.0
3691,18 - 24,NRW,44.99,39.98,30.0,0.0,VF RIP U-TREUE,1.0
3692,40 - 44,NRW,49.98,39.98,30.0,0.0,RED INTERNET & PHONE CABLE U,1.0
3693,40 - 44,NRW,44.99,44.99,30.0,0.0,RED INTERNET & PHONE CABLE U,0.0
3694,25 - 29,KBW,49.99,39.97,30.0,0.0,RED INTERNET & PHONE CABLE U,1.0
3695,25 - 29,NRW,24.96,44.98,30.0,0.0,RED INTERNET & PHONE CABLE U,0.0
3696,25 - 29,HSN,39.98,52.98,30.0,0.0,VF CABLEMAX,0.0
3697,35 - 39,NRW,47.99,39.99,30.0,0.0,VF RIP U-TREUE,0.0
3698,35 - 39,HSN,49.98,44.99,30.0,0.0,RED INTERNET & PHONE CABLE U,1.0
3699,40 - 44,HSN,32.99,44.98,30.0,0.0,RED INTERNET & PHONE CABLE U,0.0
3700,40 - 44,NRW,44.98,44.98,30.0,0.0,VF RIP U-TREUE,0.0
3701,50 - 54,HSN,49.99,49.99,30.0,0.0,VF CABLEMAX,1.0
3702,65 - 69,HSN,39.99,44.97,30.0,0.0,RED INTERNET & PHONE CABLE U,0.0
3703,50 - 54,HSN,44.99,44.98,30.0,0.0,VF CABLEMAX,0.0
3704,35 - 39,NRW,49.99,67.98,30.0,0.0,GIGAZUHAUSE KABEL,0.0
3705,30 - 34,NRW,44.99,39.97,30.0,0.0,VF RIP U-TREUE,0.0
3706,40 - 44,KBW,44.99,39.98,30.0,0.0,RED INTERNET & PHONE CABLE U,1.0
3707,55 - 59,KBW,39.99,39.99,30.0,0.0,RED INTERNET & PHONE CABLE U,0.0
3708,35 - 39,NRW,49.99,44.97,30.0,0.0,GIGAZUHAUSE KABEL,0.0
3709,35 - 39,KBW,39.99,44.99,30.0,0.0,RED INTERNET & PHONE CABLE U,1.0
3710,40 - 44,NRW,44.99,39.99,30.0,0.0,VF CABLEMAX,1.0
3711,35 - 39,KBW,44.99,37.98,30.0,0.0,VF RIP U-TREUE,0.0
3712,35 - 39,KBW,34.99,34.99,30.0,0.0,VF CABLEMAX,0.0
3713,35 - 39,NRW,34.99,29.99,30.0,0.0,GIGAZUHAUSE TREUE B,0.0
3714,50 - 54,KBW,44.98,34.98,30.0,0.0,RED INTERNET & PHONE CABLE U,0.0
3715,50 - 54,NRW,44.98,44.99,30.0,1.0,VF RIP U-TREUE,1.0
3716,40 - 44,NRW,32.99,44.99,30.0,0.0,VF RIP U-TREUE,1.0
3717,25 - 29,KBW,49.99,39.98,30.0,0.0,RED INTERNET & PHONE CABLE U,0.0
3718,35 - 39,NRW,39.96,34.98,30.0,0.0,RED INTERNET & PHONE CABLE U,0.0
3719,25 - 29,NRW,44.99,29.99,30.0,0.0,RED INTERNET & PHONE CABLE U,0.0
3720,30 - 34,NRW,39.97,44.99,30.0,0.0,RED INTERNET & PHONE CABLE U,0.0
3721,25 - 29,NRW,44.97,34.99,30.0,0.0,RED INTERNET & PHONE CABLE U,1.0
3722,35 - 39,NRW,34.99,24.99,30.0,0.0,VF CABLEMAX,0.0
3723,25 - 29,NRW,49.99,39.97,30.0,0.0,RED INTERNET & PHONE CABLE U,0.0
3724,30 - 34,NRW,39.98,34.99,30.0,0.0,RED INTERNET & PHONE CABLE U,0.0
3725,55 - 59,NRW,37.99,39.98,30.0,0.0,VF CABLEMAX,0.0
3726,18 - 24,HSN,44.99,39.98,30.0,0.0,RED INTERNET & PHONE CABLE U,0.0
3727,45 - 49,KBW,39.98,39.99,30.0,0.0,RED INTERNET & PHONE CABLE U,1.0
3728,35 - 39,HSN,44.99,44.98,30.0,0.0,RED INTERNET & PHONE CABLE U,1.0
3729,35 - 39,NRW,42.98,49.99,30.0,0.0,GIGAZUHAUSE KABEL,1.0
3730,35 - 39,HSN,42.99,67.99,30.0,0.0,RED INTERNET & PHONE CABLE U,0.0
3731,60 - 64,NRW,49.99,29.99,30.0,0.0,RED INTERNET & PHONE CABLE U,1.0
3732,35 - 39,KBW,49.97,34.99,30.0,0.0,VF RIP U-TREUE,0.0
3733,30 - 34,NRW,44.99,47.99,30.0,0.0,GIGAZUHAUSE KABEL,0.0
3734,45 - 49,NRW,49.98,29.99,30.0,0.0,RED INTERNET & PHONE CABLE U,0.0
3735,30 - 34,HSN,34.99,39.98,30.0,0.0,VF CABLEMAX,1.0
3736,35 - 39,HSN,44.98,34.99,30.0,0.0,RED INTERNET & PHONE CABLE U,0.0
3737,25 - 29,HSN,39.96,32.98,30.0,0.0,RED INTERNET & PHONE CABLE U,1.0
3738,35 - 39,NRW,34.97,44.99,30.0,0.0,VF RIP U-TREUE,0.0
3739,45 - 49,KBW,44.98,39.99,30.0,0.0,VF CABLEMAX,0.0
3740,35 - 39,NRW,39.99,54.98,30.0,0.0,RED INTERNET & PHONE CABLE U,1.0
3741,40 - 44,NRW,39.98,44.99,30.0,0.0,RED INTERNET & PHONE CABLE U,0.0
3743,25 - 29,KBW,49.98,39.98,30.0,0.0,GIGAZUHAUSE KABEL,1.0
3744,40 - 44,KBW,29.99,42.98,30.0,0.0,VF RIP U-TREUE,1.0
3745,50 - 54,HSN,44.97,37.99,30.0,0.0,RED INTERNET & PHONE CABLE U,1.0
3746,25 - 29,NRW,29.99,44.99,30.0,0.0,RED INTERNET & PHONE CABLE U,0.0
3747,50 - 54,KBW,44.97,39.99,30.0,0.0,GIGAZUHAUSE KABEL,0.0
3748,50 - 54,NRW,44.98,39.98,30.0,0.0,VF CABLEMAX,0.0
3749,60 - 64,KBW,29.96,39.99,6.0,0.0,GIGAZUHAUSE KABEL,0.0
3750,30 - 34,KBW,42.98,44.99,30.0,0.0,RED INTERNET & PHONE CABLE U,0.0
3751,35 - 39,NRW,39.99,39.98,30.0,0.0,RED INTERNET & PHONE CABLE U,0.0
3752,30 - 34,KBW,39.99,34.97,30.0,0.0,RED INTERNET & PHONE CABLE U,1.0
3753,60 - 64,NRW,37.98,44.99,30.0,0.0,RED INTERNET & PHONE CABLE U,0.0
3754,25 - 29,HSN,49.98,44.98,30.0,0.0,RED INTERNET & PHONE CABLE U,0.0
3755,60 - 64,NRW,34.98,34.99,30.0,0.0,RED INTERNET & PHONE CABLE U,0.0
3756,70 - 74,NRW,44.98,29.98,30.0,0.0,RED INTERNET & PHONE CABLE U,1.0
3757,30 - 34,NRW,34.99,32.99,30.0,0.0,RED INTERNET & PHONE CABLE U,0.0
3758,35 - 39,NRW,39.99,44.99,30.0,0.0,RED INTERNET & PHONE CABLE U,0.0
3759,45 - 49,NRW,39.97,44.99,30.0,0.0,RED INTERNET & PHONE CABLE U,1.0
3760,70 - 74,NRW,39.99,44.99,30.0,0.0,GIGAZUHAUSE KABEL,0.0
3761,35 - 39,NRW,39.99,44.98,30.0,0.0,RED INTERNET & PHONE CABLE U,0.0
3762,35 - 39,KBW,39.97,44.98,30.0,0.0,RED INTERNET & PHONE CABLE U,0.0
3763,35 - 39,NRW,44.98,34.99,30.0,1.0,RED INTERNET & PHONE CABLE U,1.0
3764,30 - 34,NRW,44.98,27.99,30.0,0.0,GIGAZUHAUSE KABEL,0.0
3765,35 - 39,NRW,39.97,39.99,30.0,0.0,VF CABLEMAX,0.0
3766,60 - 64,NRW,29.98,39.98,30.0,0.0,VF CABLEMAX,0.0
3767,35 - 39,KBW,44.98,39.99,30.0,0.0,RED INTERNET & PHONE CABLE U,1.0
3768,80 and over,NRW,39.99,39.99,30.0,0.0,RED INTERNET & PHONE CABLE U,1.0
3769,25 - 29,KBW,44.97,39.98,30.0,0.0,RED INTERNET & PHONE CABLE U,1.0
3770,60 - 64,NRW,39.99,44.99,30.0,0.0,VF CABLEMAX,1.0
3771,40 - 44,NRW,44.98,44.98,30.0,0.0,RED INTERNET & PHONE CABLE U,0.0
3772,45 - 49,NRW,49.98,49.99,30.0,0.0,VF RIP U-TREUE,1.0
3773,80 and over,NRW,44.99,34.99,30.0,0.0,RED INTERNET & PHONE CABLE U,0.0
3774,60 - 64,KBW,42.98,44.98,30.0,0.0,VF CABLEMAX,0.0
3775,25 - 29,KBW,54.97,39.98,30.0,0.0,VF RIP U-TREUE,0.0
3776,35 - 39,KBW,44.99,44.98,30.0,0.0,RED INTERNET & PHONE CABLE U,0.0
3777,60 - 64,KBW,39.98,34.98,30.0,0.0,RED INTERNET & PHONE CABLE U,0.0
3778,65 - 69,NRW,34.98,39.98,30.0,0.0,VF RIP U-TREUE,1.0
3779,30 - 34,NRW,39.98,39.99,30.0,0.0,RED INTERNET & PHONE CABLE U,0.0
3780,70 - 74,KBW,39.99,42.98,30.0,0.0,RED INTERNET & PHONE CABLE U,1.0
3781,35 - 39,NRW,39.99,44.99,30.0,0.0,VF RIP U-TREUE,1.0
3782,40 - 44,NRW,39.99,44.98,30.0,0.0,VF RIP U-TREUE,1.0
3783,35 - 39,NRW,49.98,54.99,30.0,0.0,RED INTERNET & PHONE CABLE U,1.0
3784,60 - 64,KBW,34.99,34.98,30.0,0.0,VF RIP U-TREUE,0.0
3785,60 - 64,NRW,34.98,39.98,30.0,0.0,RED INTERNET & PHONE CABLE U,1.0
3786,35 - 39,NRW,39.99,49.97,30.0,0.0,RED INTERNET & PHONE CABLE U,0.0
3787,60 - 64,NRW,34.98,44.98,30.0,0.0,VF RIP U-TREUE,0.0
3788,40 - 44,NRW,44.98,44.99,30.0,0.0,VF RIP U-TREUE,1.0
3789,35 - 39,KBW,39.98,59.98,30.0,0.0,RED INTERNET & PHONE CABLE U,1.0
3790,25 - 29,NRW,39.98,44.98,30.0,0.0,RED INTERNET & PHONE CABLE U,0.0
3791,35 - 39,NRW,39.98,44.98,30.0,0.0,RED INTERNET & PHONE CABLE U,1.0
3792,25 - 29,NRW,39.98,29.98,30.0,0.0,RED INTERNET & PHONE CABLE U,1.0
3793,25 - 29,NRW,29.99,39.99,30.0,0.0,RED INTERNET & PHONE CABLE U,0.0
3794,30 - 34,KBW,39.98,44.98,30.0,0.0,VF CABLEMAX,1.0
3795,25 - 29,KBW,44.98,37.98,30.0,0.0,VF RIP U-TREUE,1.0
3796,35 - 39,KBW,44.98,34.99,30.0,0.0,VF CABLEMAX,0.0
3797,60 - 64,HSN,32.98,34.99,30.0,0.0,VF RIP U-TREUE,0.0
3798,50 - 54,NRW,37.99,44.99,30.0,0.0,VF CABLEMAX,1.0
3799,25 - 29,KBW,39.99,54.99,30.0,0.0,RED INTERNET & PHONE CABLE U,1.0
3800,55 - 59,HSN,34.97,44.99,30.0,0.0,RED INTERNET & PHONE CABLE U,0.0
3801,70 - 74,NRW,39.97,44.98,30.0,0.0,VF CABLEMAX,1.0
3802,55 - 59,HSN,34.99,39.99,30.0,0.0,RED INTERNET & PHONE CABLE U,1.0
3803,35 - 39,NRW,39.99,44.97,30.0,0.0,RED INTERNET & PHONE CABLE U,1.0
3804,40 - 44,KBW,49.97,29.99,30.0,0.0,GIGAZUHAUSE KABEL,0.0
3805,40 - 44,KBW,44.99,39.99,30.0,0.0,VF RIP U-TREUE,1.0
3806,35 - 39,HSN,44.99,44.97,30.0,0.0,RED INTERNET & PHONE CABLE U,0.0
3807,30 - 34,NRW,39.97,34.98,30.0,0.0,VF RIP U-TREUE,0.0
3808,25 - 29,NRW,49.99,29.98,30.0,0.0,RED INTERNET & PHONE CABLE U,1.0
3809,50 - 54,KBW,44.98,44.99,30.0,0.0,VF RIP U-TREUE,0.0
3810,35 - 39,KBW,49.99,64.99,30.0,0.0,GIGAZUHAUSE KABEL,0.0
3811,25 - 29,HSN,39.99,39.97,30.0,0.0,RED INTERNET & PHONE CABLE U,1.0
3812,35 - 39,KBW,49.99,32.98,30.0,0.0,RED INTERNET & PHONE CABLE U,0.0
3813,30 - 34,KBW,44.99,39.98,30.0,0.0,RED INTERNET & PHONE CABLE U,0.0
3814,35 - 39,KBW,44.99,62.99,30.0,0.0,VF RIP U-TREUE,1.0
3815,55 - 59,KBW,52.98,44.99,30.0,0.0,VF RIP U-TREUE,0.0
3816,55 - 59,NRW,39.98,43.98,30.0,0.0,RED INTERNET & PHONE CABLE U,0.0
3817,35 - 39,NRW,44.99,62.98,30.0,0.0,RED INTERNET & PHONE CABLE U,0.0
3818,25 - 29,KBW,39.99,39.99,30.0,0.0,VF CABLEMAX,0.0
3819,35 - 39,NRW,34.99,39.99,30.0,0.0,GIGAZUHAUSE KABEL,0.0
3820,30 - 34,NRW,39.97,49.99,30.0,0.0,RED INTERNET & PHONE CABLE U,0.0
3821,45 - 49,NRW,39.97,34.98,30.0,0.0,RED INTERNET & PHONE CABLE U,1.0
3822,50 - 54,NRW,29.99,37.97,30.0,0.0,VF CABLEMAX,0.0
3823,30 - 34,KBW,39.97,44.98,30.0,0.0,GIGAZUHAUSE KABEL,1.0
3824,35 - 39,NRW,44.98,44.98,30.0,0.0,VF RIP U-TREUE,1.0
3825,50 - 54,NRW,49.99,49.99,30.0,1.0,VF CABLEMAX,1.0
3826,30 - 34,HSN,39.97,44.98,30.0,0.0,RED INTERNET & PHONE CABLE U,0.0
3827,65 - 69,NRW,34.98,42.99,30.0,0.0,VF CABLEMAX,1.0
3828,25 - 29,NRW,44.99,44.99,30.0,0.0,VF RIP U-TREUE,1.0
3829,35 - 39,NRW,27.99,54.99,30.0,0.0,RED INTERNET & PHONE CABLE U,0.0
3830,25 - 29,KBW,34.98,32.98,30.0,0.0,VF RIP U-TREUE,1.0
3831,40 - 44,NRW,44.97,49.98,30.0,0.0,RED INTERNET & PHONE CABLE U,0.0
3832,45 - 49,KBW,39.98,44.98,30.0,0.0,RED INTERNET & PHONE CABLE U,1.0
3833,18 - 24,NRW,44.99,44.99,30.0,0.0,GIGAZUHAUSE KABEL,0.0
3834,70 - 74,KBW,34.99,44.99,30.0,0.0,RED INTERNET & PHONE CABLE U,0.0
3835,50 - 54,KBW,54.98,44.98,30.0,0.0,RED INTERNET & PHONE CABLE U,1.0
3836,50 - 54,KBW,39.97,34.97,30.0,0.0,VF CABLEMAX,1.0
3837,55 - 59,NRW,39.99,29.98,30.0,0.0,RED INTERNET & PHONE CABLE U,0.0
3838,55 - 59,KBW,32.99,39.99,30.0,0.0,RED INTERNET & PHONE CABLE U,0.0
3839,35 - 39,KBW,49.99,44.97,30.0,0.0,GIGAZUHAUSE KABEL,1.0
3840,40 - 44,NRW,44.98,39.98,30.0,0.0,VF RIP U-TREUE,1.0
3841,35 - 39,KBW,34.99,39.99,30.0,0.0,VF RIP U-TREUE,0.0
3842,50 - 54,HSN,39.98,44.98,30.0,0.0,RED INTERNET & PHONE CABLE U,0.0
3843,45 - 49,NRW,39.99,39.98,30.0,0.0,RED INTERNET & PHONE CABLE U,0.0
3844,35 - 39,NRW,29.98,39.99,30.0,0.0,GIGAZUHAUSE KABEL,0.0
3845,65 - 69,NRW,37.99,49.99,30.0,0.0,RED INTERNET & PHONE CABLE U,1.0
3846,35 - 39,NRW,39.98,29.98,30.0,0.0,RED INTERNET & PHONE CABLE U,1.0
3848,30 - 34,NRW,29.98,44.98,30.0,0.0,GIGAZUHAUSE KABEL,0.0
3849,25 - 29,NRW,49.99,34.98,30.0,0.0,RED INTERNET & PHONE CABLE U,0.0
3850,50 - 54,NRW,54.98,44.99,30.0,0.0,RED INTERNET & PHONE CABLE U,1.0
3851,55 - 59,NRW,34.99,39.98,30.0,0.0,RED INTERNET & PHONE CABLE U,1.0
3852,35 - 39,NRW,44.98,44.99,30.0,0.0,VF RIP U-TREUE,0.0
3853,35 - 39,NRW,39.99,39.99,30.0,0.0,GIGAZUHAUSE KABEL,1.0
3854,30 - 34,NRW,39.99,39.99,30.0,0.0,RED INTERNET & PHONE CABLE U,0.0
3855,45 - 49,HSN,39.99,39.99,30.0,0.0,RED INTERNET & PHONE CABLE U,1.0
3856,45 - 49,NRW,39.99,34.98,30.0,0.0,VF RIP U-TREUE,1.0
3857,30 - 34,NRW,34.99,44.99,30.0,0.0,RED INTERNET & PHONE CABLE U,0.0
3858,25 - 29,NRW,39.98,44.99,30.0,0.0,GIGAZUHAUSE KABEL,0.0
3859,50 - 54,NRW,49.99,49.98,30.0,0.0,GIGAZUHAUSE KABEL,1.0
3860,55 - 59,KBW,39.99,34.97,6.0,0.0,RED INTERNET & PHONE CABLE U,0.0
3861,25 - 29,KBW,34.98,34.98,30.0,0.0,VF RIP U-TREUE,0.0
3862,35 - 39,KBW,29.98,44.98,30.0,0.0,VF CABLEMAX,0.0
3863,55 - 59,NRW,47.99,29.98,30.0,0.0,VF RIP U-TREUE,1.0
3864,35 - 39,KBW,44.99,39.99,30.0,0.0,RED INTERNET & PHONE CABLE U,0.0
3865,55 - 59,KBW,44.98,24.99,30.0,0.0,VF RIP U-TREUE,1.0
3866,25 - 29,NRW,34.99,44.99,30.0,0.0,RED INTERNET & PHONE CABLE U,1.0
3867,30 - 34,NRW,44.98,29.98,30.0,0.0,VF RIP U-TREUE,0.0
3868,18 - 24,NRW,44.99,34.99,30.0,0.0,RED INTERNET & PHONE CABLE U,0.0
3869,25 - 29,KBW,39.97,49.98,30.0,0.0,VF RIP U-TREUE,0.0
3870,45 - 49,HSN,34.99,39.98,30.0,0.0,VF RIP U-TREUE,0.0
3871,35 - 39,NRW,42.98,39.99,30.0,0.0,VF RIP U-TREUE,1.0
3872,55 - 59,NRW,39.98,44.99,30.0,0.0,RED INTERNET & PHONE CABLE U,0.0
3873,45 - 49,KBW,34.99,39.99,30.0,0.0,RED INTERNET & PHONE CABLE U,1.0
3874,40 - 44,KBW,39.98,39.99,30.0,0.0,VF RIP U-TREUE,0.0
3875,35 - 39,KBW,32.98,39.98,30.0,0.0,RED INTERNET & PHONE CABLE U,1.0
3876,70 - 74,NRW,44.98,49.99,30.0,0.0,RED INTERNET & PHONE CABLE U,1.0
3877,35 - 39,NRW,39.98,47.98,30.0,0.0,GIGAZUHAUSE KABEL,1.0
3878,55 - 59,NRW,62.99,29.99,30.0,0.0,RED INTERNET & PHONE CABLE U,1.0
3879,40 - 44,NRW,39.98,39.98,30.0,0.0,RED INTERNET & PHONE CABLE U,1.0
3880,25 - 29,NRW,44.98,34.99,30.0,0.0,RED INTERNET & PHONE CABLE U,1.0
3881,35 - 39,NRW,39.97,44.99,30.0,0.0,RED INTERNET & PHONE CABLE U,1.0
3882,25 - 29,NRW,34.99,39.97,30.0,0.0,VF RIP U-TREUE,1.0
3883,50 - 54,NRW,37.98,42.99,30.0,0.0,VF RIP U-TREUE,0.0
3884,25 - 29,KBW,34.99,34.98,30.0,0.0,RED INTERNET & PHONE CABLE U,0.0
3885,40 - 44,NRW,32.99,39.97,30.0,0.0,VF RIP U-TREUE,0.0
3886,60 - 64,NRW,44.98,34.98,30.0,0.0,VF RIP U-TREUE,0.0
3887,35 - 39,NRW,49.98,34.98,30.0,0.0,RED INTERNET & PHONE CABLE U,1.0
3888,55 - 59,NRW,34.98,51.98,30.0,0.0,RED INTERNET & PHONE CABLE U,1.0
3889,60 - 64,NRW,44.98,49.98,30.0,0.0,VF CABLEMAX,1.0
3890,30 - 34,KBW,29.98,44.99,30.0,0.0,VF CABLEMAX,0.0
3891,40 - 44,NRW,39.99,34.98,30.0,0.0,RED INTERNET & PHONE CABLE U,1.0
3892,40 - 44,KBW,44.98,44.99,30.0,0.0,VF CABLEMAX,0.0
3893,55 - 59,HSN,44.99,44.97,30.0,0.0,RED INTERNET & PHONE CABLE U,1.0
3894,55 - 59,NRW,44.98,37.98,30.0,0.0,RED INTERNET & PHONE CABLE U,0.0
3895,40 - 44,NRW,39.99,44.99,30.0,0.0,RED INTERNET & PHONE CABLE U,0.0
3896,30 - 34,KBW,49.98,34.99,30.0,0.0,RED INTERNET & PHONE CABLE U,1.0
3897,25 - 29,NRW,49.98,39.98,30.0,0.0,RED INTERNET & PHONE CABLE U,1.0
3898,25 - 29,NRW,34.99,32.98,30.0,0.0,VF RIP U-TREUE,1.0
3899,25 - 29,NRW,49.98,29.99,30.0,1.0,VF RIP U-TREUE,1.0
3900,25 - 29,HSN,44.98,34.99,30.0,0.0,VF RIP U-TREUE,0.0
3901,55 - 59,NRW,39.99,34.99,30.0,0.0,VF RIP U-TREUE,0.0
3902,30 - 34,NRW,39.98,44.99,30.0,0.0,VF CABLEMAX,0.0
3903,35 - 39,NRW,39.98,49.98,30.0,0.0,RED INTERNET & PHONE CABLE U,0.0
3904,65 - 69,NRW,37.99,44.98,30.0,0.0,GIGAZUHAUSE KABEL,1.0
3905,40 - 44,KBW,39.99,34.97,30.0,0.0,RED INTERNET & PHONE CABLE U,1.0
3906,40 - 44,NRW,29.98,32.98,30.0,1.0,RED INTERNET & PHONE CABLE U,1.0
3907,35 - 39,HSN,34.99,44.99,30.0,0.0,VF RIP U-TREUE,0.0
3908,25 - 29,NRW,39.98,34.99,30.0,0.0,GIGAZUHAUSE KABEL,0.0
3909,60 - 64,KBW,49.98,34.98,30.0,0.0,VF CABLEMAX,0.0
3910,30 - 34,NRW,44.99,34.98,30.0,0.0,RED INTERNET & PHONE CABLE U,0.0
3911,40 - 44,NRW,44.98,39.96,30.0,0.0,VF CABLEMAX,0.0
3912,60 - 64,NRW,44.97,44.99,30.0,0.0,RED INTERNET & PHONE CABLE U,1.0
3913,55 - 59,NRW,44.98,44.99,30.0,0.0,GIGAZUHAUSE KABEL,0.0
3914,25 - 29,NRW,42.97,39.98,30.0,0.0,VF RIP U-TREUE,1.0
3915,40 - 44,HSN,39.99,39.99,30.0,0.0,VF CABLEMAX,0.0
3916,35 - 39,HSN,39.99,39.99,30.0,0.0,RED INTERNET & PHONE CABLE U,0.0
3917,30 - 34,KBW,34.98,49.99,30.0,0.0,RED INTERNET & PHONE CABLE U,1.0
3918,60 - 64,KBW,44.98,39.98,30.0,0.0,RED INTERNET & PHONE CABLE U,1.0
3919,30 - 34,KBW,39.99,44.99,30.0,0.0,RED INTERNET & PHONE CABLE U,0.0
3920,50 - 54,NRW,44.98,44.98,30.0,0.0,VF CABLEMAX,0.0
3921,35 - 39,KBW,39.97,34.98,30.0,0.0,GIGAZUHAUSE KABEL,1.0
3922,25 - 29,NRW,39.99,39.98,30.0,0.0,VF RIP U-TREUE,1.0
3923,80 and over,NRW,39.99,39.99,30.0,0.0,VF RIP U-TREUE,1.0
3924,25 - 29,NRW,39.99,34.99,30.0,0.0,RED INTERNET & PHONE CABLE U,1.0
3925,40 - 44,HSN,49.99,34.99,30.0,0.0,RED INTERNET & PHONE CABLE U,0.0
3926,40 - 44,KBW,39.98,44.99,30.0,0.0,RED INTERNET & PHONE CABLE U,1.0
3927,40 - 44,KBW,44.99,49.99,30.0,0.0,RED INTERNET & PHONE CABLE U,0.0
3928,40 - 44,NRW,49.97,39.99,30.0,0.0,VF RIP U-TREUE,0.0
3929,50 - 54,NRW,39.99,44.98,30.0,0.0,RED INTERNET & PHONE CABLE U,1.0
3930,30 - 34,KBW,39.99,34.99,30.0,0.0,RED INTERNET & PHONE CABLE U,0.0
3931,25 - 29,NRW,34.99,44.99,30.0,0.0,RED INTERNET & PHONE CABLE U,0.0
3932,45 - 49,NRW,44.97,44.99,30.0,0.0,RED INTERNET & PHONE CABLE U,1.0
3933,35 - 39,NRW,44.98,44.99,30.0,0.0,VF CABLEMAX,1.0
3934,35 - 39,HSN,44.98,29.98,30.0,0.0,RED INTERNET & PHONE CABLE U,1.0
3935,60 - 64,NRW,34.99,44.98,30.0,0.0,VF RIP U-TREUE,0.0
3936,55 - 59,KBW,42.99,44.98,30.0,0.0,VF CABLEMAX,1.0
3937,35 - 39,KBW,44.99,32.98,30.0,0.0,RED INTERNET & PHONE CABLE U,0.0
3938,35 - 39,NRW,39.99,34.99,30.0,0.0,VF CABLEMAX,0.0
3939,50 - 54,NRW,44.99,44.99,30.0,0.0,RED INTERNET & PHONE CABLE U,0.0
3940,30 - 34,NRW,39.99,39.99,30.0,0.0,GIGAZUHAUSE KABEL,0.0
3941,30 - 34,NRW,44.99,39.99,30.0,0.0,VF RIP U-TREUE,0.0
3942,50 - 54,NRW,34.97,34.99,30.0,0.0,RED INTERNET & PHONE CABLE U,0.0
3943,60 - 64,NRW,32.99,44.98,30.0,0.0,GIGAZUHAUSE KABEL,0.0
3944,65 - 69,HSN,29.96,44.98,30.0,0.0,RED INTERNET & PHONE CABLE U,1.0
3945,55 - 59,KBW,39.98,49.99,30.0,0.0,RED INTERNET & PHONE CABLE U,1.0
3946,55 - 59,NRW,44.97,34.99,30.0,0.0,RED INTERNET & PHONE CABLE U,0.0
3947,30 - 34,NRW,44.99,34.99,30.0,0.0,RED INTERNET & PHONE CABLE U,1.0
3948,30 - 34,KBW,34.97,44.99,30.0,0.0,GIGAZUHAUSE KABEL,0.0
3949,35 - 39,KBW,24.99,29.98,30.0,0.0,RED INTERNET & PHONE CABLE U,1.0
3950,60 - 64,NRW,44.99,39.99,30.0,0.0,RED INTERNET & PHONE CABLE U,1.0
3951,55 - 59,KBW,39.98,34.98,30.0,0.0,RED INTERNET & PHONE CABLE U,1.0
3952,55 - 59,NRW,49.99,34.98,30.0,0.0,VF RIP U-TREUE,1.0
3953,35 - 39,NRW,34.99,44.98,30.0,0.0,RED INTERNET & PHONE CABLE U,1.0
3954,30 - 34,KBW,39.99,39.99,30.0,0.0,GIGAZUHAUSE KABEL,1.0
3955,45 - 49,NRW,34.99,52.98,30.0,0.0,RED INTERNET & PHONE CABLE U,0.0
3956,40 - 44,KBW,54.99,54.99,30.0,0.0,RED INTERNET & PHONE CABLE U,0.0
3957,35 - 39,KBW,39.98,34.97,30.0,0.0,RED INTERNET & PHONE CABLE U,0.0
3958,40 - 44,NRW,39.99,44.99,30.0,0.0,GIGAZUHAUSE KABEL,1.0
3959,25 - 29,HSN,49.98,44.97,30.0,0.0,VF RIP U-TREUE,1.0
3960,25 - 29,NRW,29.98,39.99,30.0,0.0,RED INTERNET & PHONE CABLE U,0.0
3961,55 - 59,KBW,37.99,39.99,30.0,0.0,GIGAZUHAUSE KABEL,0.0
3962,40 - 44,NRW,42.99,39.98,30.0,0.0,RED INTERNET & PHONE CABLE U,1.0
3963,35 - 39,NRW,44.97,39.98,30.0,0.0,RED INTERNET & PHONE CABLE U,0.0
3964,35 - 39,KBW,39.98,44.98,30.0,0.0,RED INTERNET & PHONE CABLE U,0.0
3965,30 - 34,NRW,39.99,34.98,30.0,0.0,RED INTERNET & PHONE CABLE U,0.0
3966,30 - 34,KBW,44.98,39.99,30.0,0.0,VF RIP U-TREUE,1.0
3967,40 - 44,KBW,44.98,39.99,30.0,0.0,GIGAZUHAUSE KABEL,0.0
3968,30 - 34,KBW,39.99,44.99,30.0,0.0,RED INTERNET & PHONE CABLE U,0.0
3969,30 - 34,NRW,44.99,39.99,30.0,0.0,VF CABLEMAX,0.0
3970,35 - 39,NRW,34.99,39.99,30.0,0.0,RED INTERNET & PHONE CABLE U,0.0
3971,55 - 59,KBW,44.99,49.99,30.0,0.0,VF RIP U-TREUE,0.0
3972,30 - 34,KBW,49.98,39.99,30.0,0.0,RED INTERNET & PHONE CABLE U,1.0
3973,55 - 59,NRW,49.99,44.98,30.0,0.0,RED INTERNET & PHONE CABLE U,0.0
3974,55 - 59,KBW,54.98,44.99,30.0,0.0,RED INTERNET & PHONE CABLE U,0.0
3975,50 - 54,HSN,44.98,39.98,30.0,0.0,RED INTERNET & PHONE CABLE U,1.0
3976,30 - 34,KBW,44.98,39.98,30.0,0.0,RED INTERNET & PHONE CABLE U,1.0
3977,35 - 39,KBW,44.98,34.98,30.0,0.0,RED INTERNET & PHONE CABLE U,0.0
3978,30 - 34,NRW,34.99,49.98,30.0,0.0,RED INTERNET & PHONE CABLE U,0.0
3979,60 - 64,NRW,44.98,29.97,30.0,0.0,RED INTERNET & PHONE CABLE U,0.0
3980,25 - 29,KBW,39.99,34.99,30.0,0.0,GIGAZUHAUSE KABEL,0.0
3981,30 - 34,NRW,54.99,39.98,30.0,0.0,RED INTERNET & PHONE CABLE U,0.0
3982,40 - 44,HSN,34.99,34.99,30.0,0.0,VF RIP U-TREUE,1.0
3983,55 - 59,NRW,44.99,39.99,30.0,0.0,VF CABLEMAX,1.0
3984,35 - 39,KBW,44.99,49.98,30.0,0.0,RED INTERNET & PHONE CABLE U,1.0
3985,40 - 44,NRW,39.98,44.98,30.0,0.0,RED INTERNET & PHONE CABLE U,0.0
3986,30 - 34,NRW,44.97,29.99,30.0,0.0,VF RIP U-TREUE,0.0
3987,30 - 34,NRW,44.98,39.98,30.0,0.0,RED INTERNET & PHONE CABLE U,1.0
3988,60 - 64,HSN,39.98,39.98,30.0,0.0,RED INTERNET & PHONE CABLE U,0.0
3989,60 - 64,NRW,49.97,34.98,30.0,0.0,VF CABLEMAX,1.0
3990,35 - 39,KBW,44.98,49.99,30.0,0.0,GIGAZUHAUSE KABEL,1.0
3991,35 - 39,KBW,49.98,39.99,30.0,0.0,RED INTERNET & PHONE CABLE U,1.0
3992,30 - 34,HSN,44.99,44.99,30.0,0.0,VF CABLEMAX,0.0
3993,30 - 34,NRW,44.98,49.99,30.0,0.0,VF CABLEMAX,0.0
3994,35 - 39,NRW,44.98,39.99,30.0,0.0,RED INTERNET & PHONE CABLE U,0.0
3995,40 - 44,NRW,39.98,44.98,30.0,0.0,VF RIP U-TREUE,0.0
3996,60 - 64,NRW,44.99,39.99,30.0,0.0,VF CABLEMAX,0.0
3997,25 - 29,NRW,44.98,44.98,30.0,0.0,RED INTERNET & PHONE CABLE U,1.0
3998,75 - 79,HSN,39.98,44.98,30.0,0.0,VF CABLEMAX,1.0
3999,40 - 44,KBW,39.99,49.99,30.0,0.0,VF RIP U-TREUE,0.0
4000,40 - 44,NRW,39.98,39.97,30.0,0.0,RED INTERNET & PHONE CABLE U,1.0
4001,18 - 24,HSN,44.98,44.99,30.0,0.0,RED INTERNET & PHONE CABLE U,1.0
4002,45 - 49,NRW,44.99,44.98,30.0,0.0,RED INTERNET & PHONE CABLE U,0.0
4003,70 - 74,KBW,34.98,49.99,30.0,0.0,RED INTERNET & PHONE CABLE U,0.0
4004,35 - 39,KBW,44.98,39.99,30.0,0.0,VF CABLEMAX,1.0
4005,80 and over,NRW,44.99,62.98,30.0,0.0,RED INTERNET & PHONE CABLE U,0.0
4006,40 - 44,HSN,39.99,44.98,30.0,0.0,VF RIP U-TREUE,1.0
4007,55 - 59,HSN,34.99,44.99,30.0,0.0,RED INTERNET & PHONE CABLE U,0.0
4008,35 - 39,KBW,39.99,39.99,30.0,0.0,GIGAZUHAUSE KABEL,1.0
4009,30 - 34,KBW,44.99,39.99,30.0,0.0,VF RIP U-TREUE,1.0
4010,25 - 29,KBW,44.98,48.98,30.0,0.0,VF CABLEMAX,0.0
4011,50 - 54,KBW,39.99,44.99,30.0,0.0,VF CABLEMAX,0.0
4012,40 - 44,KBW,39.99,44.98,30.0,0.0,VF RIP U-TREUE,0.0
4013,40 - 44,KBW,44.98,39.98,30.0,0.0,RED INTERNET & PHONE CABLE U,0.0
4014,70 - 74,NRW,44.99,39.98,30.0,0.0,RED INTERNET & PHONE CABLE U,1.0
4015,30 - 34,KBW,39.97,39.98,30.0,0.0,RED INTERNET & PHONE CABLE U,0.0
4016,35 - 39,KBW,34.99,29.99,30.0,0.0,VF RIP U-TREUE,1.0
4017,35 - 39,KBW,29.99,47.99,30.0,0.0,RED INTERNET & PHONE CABLE U,0.0
4018,35 - 39,NRW,39.99,44.99,30.0,0.0,RED INTERNET & PHONE CABLE U,0.0
4019,30 - 34,HSN,34.99,34.98,30.0,0.0,VF RIP U-TREUE,0.0
4020,65 - 69,KBW,39.98,34.98,6.0,0.0,VF CABLEMAX,1.0
4021,40 - 44,NRW,44.99,44.99,30.0,0.0,VF RIP U-TREUE,0.0
4022,45 - 49,KBW,49.99,39.98,30.0,0.0,GIGAZUHAUSE KABEL,0.0
4023,55 - 59,HSN,49.99,49.97,30.0,0.0,VF CABLEMAX,1.0
4024,25 - 29,NRW,39.99,69.99,30.0,0.0,RED INTERNET & PHONE CABLE U,0.0
4025,40 - 44,NRW,29.99,27.99,30.0,0.0,VF CABLEMAX,0.0
4026,65 - 69,KBW,44.99,44.99,30.0,0.0,RED INTERNET & PHONE CABLE U,0.0
4027,40 - 44,KBW,44.99,34.98,30.0,0.0,RED INTERNET & PHONE CABLE U,1.0
4028,30 - 34,KBW,42.99,49.99,30.0,0.0,VF CABLEMAX,0.0
4029,35 - 39,NRW,29.98,39.96,30.0,0.0,VF CABLEMAX,1.0
4030,80 and over,HSN,39.99,44.98,30.0,0.0,VF CABLEMAX,0.0
4031,30 - 34,KBW,39.98,49.98,30.0,0.0,RED INTERNET & PHONE CABLE U,0.0
4032,50 - 54,NRW,29.98,44.99,30.0,0.0,RED INTERNET & PHONE CABLE U,0.0
4033,35 - 39,NRW,49.98,44.99,30.0,0.0,RED INTERNET & PHONE CABLE U,0.0
4034,25 - 29,HSN,39.98,49.99,30.0,0.0,GIGAZUHAUSE KABEL,1.0
4035,35 - 39,NRW,37.99,39.97,30.0,0.0,VF CABLEMAX,1.0
4036,30 - 34,NRW,49.97,34.98,30.0,0.0,VF RIP U-TREUE,0.0
4037,50 - 54,NRW,44.98,39.99,30.0,0.0,RED INTERNET & PHONE CABLE U,0.0
4038,35 - 39,NRW,39.98,39.98,30.0,0.0,RED INTERNET & PHONE CABLE U,1.0
4039,60 - 64,KBW,39.99,39.99,30.0,0.0,RED INTERNET & PHONE CABLE U,1.0
4040,25 - 29,NRW,44.98,39.99,30.0,0.0,RED INTERNET & PHONE CABLE U,1.0
4041,55 - 59,KBW,44.98,42.99,30.0,0.0,VF CABLEMAX,1.0
4042,60 - 64,KBW,37.98,44.99,30.0,0.0,RED INTERNET & PHONE CABLE U,0.0
4043,40 - 44,HSN,34.98,34.99,30.0,0.0,VF CABLEMAX,0.0
4044,55 - 59,KBW,39.99,39.99,30.0,0.0,VF CABLEMAX,0.0
4045,35 - 39,KBW,39.98,54.99,30.0,0.0,VF CABLEMAX,0.0
4046,55 - 59,KBW,44.99,44.99,30.0,0.0,GIGAZUHAUSE KABEL,1.0
4047,45 - 49,NRW,44.99,44.98,30.0,0.0,RED INTERNET & PHONE CABLE U,1.0
4048,25 - 29,NRW,54.98,49.98,30.0,0.0,VF CABLEMAX,0.0
4049,55 - 59,HSN,39.99,39.97,30.0,0.0,VF RIP U-TREUE,0.0
4050,35 - 39,KBW,29.99,39.99,30.0,0.0,RED INTERNET & PHONE CABLE U,0.0
4051,60 - 64,KBW,39.99,34.98,30.0,0.0,RED INTERNET & PHONE CABLE U,1.0
4052,30 - 34,NRW,39.96,39.99,30.0,0.0,VF CABLEMAX,1.0
4053,40 - 44,KBW,49.98,29.97,30.0,0.0,VF CABLEMAX,0.0
4054,25 - 29,KBW,52.99,44.99,30.0,0.0,VF RIP U-TREUE,0.0
4055,40 - 44,NRW,39.99,49.99,30.0,0.0,RED INTERNET & PHONE CABLE U,1.0
4056,30 - 34,NRW,39.98,44.98,30.0,0.0,GIGAZUHAUSE KABEL,0.0
4057,45 - 49,HSN,34.98,44.99,30.0,0.0,VF CABLEMAX,0.0
4058,35 - 39,KBW,44.99,42.97,30.0,0.0,VF CABLEMAX,1.0
4059,70 - 74,KBW,44.98,39.99,30.0,0.0,RED INTERNET & PHONE CABLE U,0.0
4060,45 - 49,NRW,32.97,42.98,30.0,0.0,RED INTERNET & PHONE CABLE U,0.0
4061,55 - 59,NRW,44.99,44.99,30.0,0.0,RED INTERNET & PHONE CABLE U,1.0
4062,80 and over,KBW,39.97,39.98,30.0,0.0,RED INTERNET & PHONE CABLE U,0.0
4063,25 - 29,NRW,44.97,32.99,30.0,0.0,VF RIP U-TREUE,1.0
4064,35 - 39,KBW,44.98,44.98,30.0,0.0,RED INTERNET & PHONE CABLE U,1.0
4065,35 - 39,KBW,44.98,34.98,30.0,0.0,GIGAZUHAUSE KABEL,1.0
4066,30 - 34,NRW,44.99,39.99,30.0,0.0,RED INTERNET & PHONE CABLE U,1.0
4067,30 - 34,NRW,39.99,44.97,30.0,0.0,RED INTERNET & PHONE CABLE U,1.0
4068,40 - 44,HSN,49.98,44.98,30.0,0.0,VF CABLEMAX,0.0
4069,25 - 29,KBW,37.98,34.99,30.0,0.0,RED INTERNET & PHONE CABLE U,0.0
4070,40 - 44,KBW,54.98,39.98,30.0,0.0,RED INTERNET & PHONE CABLE U,1.0
4071,25 - 29,NRW,39.98,39.99,30.0,0.0,VF RIP U-TREUE,0.0
4072,50 - 54,NRW,49.99,34.99,30.0,0.0,GIGAZUHAUSE KABEL,1.0
4073,35 - 39,KBW,44.99,29.98,30.0,0.0,VF RIP U-TREUE,1.0
4074,45 - 49,KBW,49.98,44.99,30.0,0.0,VF RIP U-TREUE,1.0
4075,40 - 44,NRW,44.99,34.98,30.0,0.0,RED INTERNET & PHONE CABLE U,1.0
4076,30 - 34,HSN,44.97,44.97,30.0,0.0,VF CABLEMAX,1.0
4077,30 - 34,NRW,34.99,54.99,30.0,0.0,VF RIP U-TREUE,0.0
4078,50 - 54,NRW,39.98,39.99,30.0,0.0,RED INTERNET & PHONE CABLE U,0.0
4079,25 - 29,NRW,34.98,39.99,30.0,0.0,GIGAZUHAUSE KABEL,1.0
4080,50 - 54,NRW,34.99,49.99,30.0,0.0,VF CABLEMAX,1.0
4081,25 - 29,NRW,44.98,39.99,30.0,0.0,RED INTERNET & PHONE CABLE U,0.0
4082,60 - 64,NRW,39.98,39.98,30.0,0.0,VF CABLEMAX,0.0
4083,60 - 64,NRW,29.98,39.99,30.0,0.0,RED INTERNET & PHONE CABLE U,0.0
4084,70 - 74,KBW,39.98,44.98,30.0,0.0,VF CABLEMAX,1.0
4085,50 - 54,NRW,39.99,37.98,30.0,0.0,VF CABLEMAX,0.0
4086,30 - 34,KBW,34.99,44.99,30.0,0.0,VF RIP U-TREUE,1.0
4087,40 - 44,NRW,37.99,44.99,30.0,0.0,VF CABLEMAX,0.0
4088,55 - 59,KBW,54.99,34.97,30.0,0.0,VF CABLEMAX,0.0
4089,30 - 34,HSN,39.99,34.99,30.0,0.0,VF RIP U-TREUE,1.0
4090,25 - 29,HSN,34.99,34.97,30.0,0.0,VF CABLEMAX,0.0
4091,45 - 49,HSN,37.99,34.98,30.0,0.0,RED INTERNET & PHONE CABLE U,1.0
4092,35 - 39,NRW,44.98,44.98,30.0,0.0,RED INTERNET & PHONE CABLE U,1.0
4093,55 - 59,KBW,32.98,44.98,30.0,0.0,GIGAZUHAUSE KABEL,0.0
4094,35 - 39,KBW,39.99,42.99,30.0,0.0,VF CABLEMAX,0.0
4095,35 - 39,NRW,32.99,39.98,30.0,0.0,GIGAZUHAUSE TREUE D,0.0
4096,35 - 39,NRW,34.98,32.99,30.0,0.0,RED INTERNET & PHONE CABLE U,0.0
4097,35 - 39,HSN,44.99,44.98,30.0,0.0,RED INTERNET & PHONE CABLE U,1.0
4098,55 - 59,NRW,39.98,44.99,30.0,0.0,RED INTERNET & PHONE CABLE U,0.0
4099,55 - 59,KBW,44.97,39.99,30.0,0.0,RED INTERNET & PHONE CABLE U,1.0
4100,30 - 34,NRW,39.98,39.99,30.0,0.0,VF CABLEMAX,1.0
4101,35 - 39,NRW,44.98,29.98,30.0,0.0,VF CABLEMAX,1.0
4102,25 - 29,KBW,34.98,54.99,30.0,0.0,VF RIP U-TREUE,0.0
4103,55 - 59,NRW,44.98,39.98,30.0,0.0,RED INTERNET & PHONE CABLE U,1.0
4104,50 - 54,KBW,34.97,49.99,30.0,0.0,VF RIP U-TREUE,1.0
4105,55 - 59,NRW,29.99,34.99,30.0,0.0,RED INTERNET & PHONE CABLE U,0.0
4106,55 - 59,NRW,34.99,44.98,30.0,0.0,RED INTERNET & PHONE CABLE U,1.0
4107,30 - 34,KBW,49.98,44.99,30.0,0.0,RED INTERNET & PHONE CABLE U,0.0
4108,25 - 29,NRW,44.99,44.99,30.0,0.0,RED INTERNET & PHONE CABLE U,1.0
4109,45 - 49,KBW,44.98,39.98,30.0,0.0,RED INTERNET & PHONE CABLE U,0.0
4110,25 - 29,NRW,44.98,39.98,30.0,0.0,RED INTERNET & PHONE CABLE U,1.0
4111,40 - 44,KBW,34.99,44.98,30.0,0.0,RED INTERNET & PHONE CABLE U,0.0
4112,55 - 59,HSN,49.99,44.99,30.0,0.0,RED INTERNET & PHONE CABLE U,1.0
4113,30 - 34,KBW,44.99,39.98,30.0,0.0,VF RIP U-TREUE,0.0
4114,60 - 64,NRW,34.98,44.99,30.0,0.0,RED INTERNET & PHONE CABLE U,0.0
4115,35 - 39,KBW,34.99,34.99,30.0,0.0,GIGAZUHAUSE KABEL,0.0
4116,30 - 34,KBW,39.99,39.98,30.0,0.0,VF RIP U-TREUE,1.0
4117,35 - 39,KBW,32.98,44.98,30.0,0.0,GIGAZUHAUSE KABEL,1.0
4118,40 - 44,NRW,29.99,39.98,30.0,0.0,VF RIP U-TREUE,0.0
4119,50 - 54,KBW,44.99,49.99,30.0,0.0,VF CABLEMAX,1.0
4120,35 - 39,NRW,39.99,39.98,30.0,0.0,RED INTERNET & PHONE CABLE U,0.0
4121,55 - 59,KBW,49.99,39.98,30.0,0.0,VF RIP U-TREUE,1.0
4122,40 - 44,KBW,44.99,39.98,30.0,0.0,RED INTERNET & PHONE CABLE U,0.0
4123,50 - 54,NRW,39.99,44.98,30.0,0.0,RED INTERNET & PHONE CABLE U,1.0
4125,70 - 74,NRW,39.99,44.99,30.0,0.0,RED INTERNET & PHONE CABLE U,1.0
4126,35 - 39,KBW,39.99,44.98,30.0,0.0,RED INTERNET & PHONE CABLE U,1.0
4127,40 - 44,HSN,54.99,45.99,30.0,0.0,RED INTERNET & PHONE CABLE U,0.0
4128,25 - 29,KBW,39.99,39.99,30.0,0.0,RED INTERNET & PHONE CABLE U,0.0
4129,30 - 34,NRW,39.99,34.98,30.0,0.0,GIGAZUHAUSE KABEL,0.0
4130,60 - 64,NRW,39.99,49.99,30.0,0.0,GIGAZUHAUSE KABEL,0.0
4131,65 - 69,NRW,34.97,49.99,30.0,0.0,VF RIP U-TREUE,0.0
4132,25 - 29,NRW,34.97,44.99,30.0,0.0,RED INTERNET & PHONE CABLE U,1.0
4133,25 - 29,NRW,34.99,39.99,30.0,0.0,RED INTERNET & PHONE CABLE U,1.0
4134,35 - 39,HSN,44.98,29.98,30.0,0.0,RED INTERNET & PHONE CABLE U,1.0
4135,65 - 69,KBW,44.98,44.98,30.0,0.0,GIGAZUHAUSE KABEL,0.0
4136,35 - 39,KBW,44.99,44.98,30.0,0.0,RED INTERNET & PHONE CABLE U,1.0
4137,40 - 44,KBW,29.99,44.99,30.0,0.0,VF RIP U-TREUE,1.0
4138,55 - 59,NRW,49.99,39.99,30.0,0.0,GIGAZUHAUSE KABEL,1.0
4139,25 - 29,KBW,39.99,34.98,30.0,0.0,GIGAZUHAUSE KABEL,0.0
4140,55 - 59,HSN,29.98,39.99,30.0,0.0,RED INTERNET & PHONE CABLE U,0.0
4141,55 - 59,NRW,39.99,49.98,30.0,0.0,VF RIP U-TREUE,0.0
4142,55 - 59,KBW,39.99,39.99,30.0,0.0,VF RIP U-TREUE,0.0
4143,30 - 34,KBW,39.99,44.98,30.0,0.0,VF CABLEMAX,1.0
4144,40 - 44,NRW,44.99,44.98,30.0,0.0,RED INTERNET & PHONE CABLE U,0.0
4145,40 - 44,NRW,44.99,44.99,30.0,0.0,RED INTERNET & PHONE CABLE U,1.0
4146,50 - 54,KBW,44.99,49.98,30.0,0.0,RED INTERNET & PHONE CABLE U,1.0
4147,55 - 59,KBW,49.98,37.98,30.0,0.0,RED INTERNET & PHONE CABLE U,0.0
4148,60 - 64,KBW,34.97,44.99,30.0,0.0,RED INTERNET & PHONE CABLE U,1.0
4149,60 - 64,HSN,37.99,39.99,30.0,0.0,VF RIP U-TREUE,1.0
4150,25 - 29,NRW,44.99,39.99,30.0,0.0,VF RIP U-TREUE,0.0
4151,40 - 44,NRW,29.98,34.97,30.0,0.0,GIGAZUHAUSE KABEL,1.0
4152,40 - 44,NRW,29.99,34.99,30.0,0.0,RED INTERNET & PHONE CABLE U,1.0
4153,55 - 59,HSN,37.98,39.99,30.0,0.0,VF RIP U-TREUE,0.0
4154,30 - 34,KBW,37.97,49.97,30.0,0.0,RED INTERNET & PHONE CABLE U,1.0
4155,35 - 39,NRW,44.99,44.98,30.0,0.0,RED INTERNET & PHONE CABLE U,1.0
4156,55 - 59,KBW,44.99,34.97,30.0,0.0,VF CABLEMAX,0.0
4157,50 - 54,KBW,42.99,44.99,30.0,0.0,GIGAZUHAUSE KABEL,1.0
4158,55 - 59,NRW,44.98,49.99,30.0,0.0,RED INTERNET & PHONE CABLE U,0.0
4159,60 - 64,NRW,39.98,39.99,30.0,0.0,RED INTERNET & PHONE CABLE U,1.0
4160,30 - 34,NRW,39.99,32.99,30.0,0.0,RED INTERNET & PHONE CABLE U,1.0
4161,50 - 54,NRW,44.99,44.98,30.0,0.0,GIGAZUHAUSE KABEL,1.0
4162,35 - 39,NRW,49.97,44.99,30.0,0.0,VF RIP U-TREUE,1.0
4163,35 - 39,NRW,39.99,44.98,30.0,0.0,VF CABLEMAX,1.0
4164,25 - 29,NRW,39.99,44.98,30.0,0.0,VF RIP U-TREUE,1.0
4165,40 - 44,KBW,44.97,52.99,30.0,0.0,VF CABLEMAX,0.0
4166,45 - 49,NRW,44.98,54.99,30.0,0.0,RED INTERNET & PHONE CABLE U,1.0
4167,55 - 59,KBW,39.99,37.99,30.0,0.0,RED INTERNET & PHONE CABLE U,0.0
4168,25 - 29,NRW,44.99,39.99,30.0,0.0,VF CABLEMAX,1.0
4169,50 - 54,KBW,49.98,34.99,30.0,0.0,RED INTERNET & PHONE CABLE U,1.0
4170,35 - 39,NRW,44.98,44.99,30.0,0.0,RED INTERNET & PHONE CABLE U,1.0
4171,25 - 29,NRW,49.99,49.99,30.0,0.0,VF RIP U-TREUE,1.0
4172,25 - 29,KBW,39.99,39.98,30.0,0.0,GIGAZUHAUSE KABEL,1.0
4173,50 - 54,NRW,49.98,39.98,30.0,0.0,RED INTERNET & PHONE CABLE U,0.0
4174,35 - 39,NRW,44.98,34.98,30.0,0.0,RED INTERNET & PHONE CABLE U,0.0
4175,80 and over,NRW,54.97,42.98,30.0,0.0,RED INTERNET & PHONE CABLE U,0.0
4176,30 - 34,NRW,44.99,44.98,30.0,0.0,RED INTERNET & PHONE CABLE U,0.0
4177,30 - 34,NRW,34.99,44.97,30.0,0.0,VF RIP U-TREUE,1.0
4178,30 - 34,KBW,44.97,32.98,30.0,0.0,RED INTERNET & PHONE CABLE U,0.0
4179,25 - 29,KBW,34.99,44.98,30.0,0.0,RED INTERNET & PHONE CABLE U,0.0
4180,70 - 74,NRW,29.98,44.98,30.0,0.0,RED INTERNET & PHONE CABLE U,0.0
4181,25 - 29,KBW,39.99,44.99,30.0,0.0,VF CABLEMAX,1.0
4182,35 - 39,KBW,44.98,34.98,30.0,0.0,GIGAZUHAUSE KABEL,1.0
4183,40 - 44,NRW,34.99,29.99,30.0,0.0,RED INTERNET & PHONE CABLE U,0.0
4184,60 - 64,KBW,44.98,34.99,30.0,0.0,RED INTERNET & PHONE CABLE U,1.0
4185,55 - 59,NRW,52.99,44.98,30.0,0.0,RED INTERNET & PHONE CABLE U,1.0
4186,35 - 39,KBW,44.97,34.99,30.0,0.0,VF CABLEMAX,0.0
4187,55 - 59,KBW,54.98,39.99,30.0,0.0,VF RIP U-TREUE,1.0
4188,80 and over,NRW,34.98,39.99,30.0,0.0,VF CABLEMAX,0.0
4189,40 - 44,HSN,44.98,34.98,30.0,0.0,VF RIP U-TREUE,0.0
4190,35 - 39,KBW,39.98,42.99,30.0,0.0,VF RIP U-TREUE,1.0
4191,35 - 39,KBW,44.98,44.99,30.0,0.0,RED INTERNET & PHONE CABLE U,0.0
4192,55 - 59,NRW,34.98,39.99,30.0,0.0,GIGAZUHAUSE KABEL,0.0
4193,40 - 44,NRW,39.99,39.99,30.0,0.0,RED INTERNET & PHONE CABLE U,1.0
4194,35 - 39,HSN,34.99,39.99,30.0,0.0,VF RIP U-TREUE,1.0
4195,30 - 34,HSN,29.99,32.98,30.0,0.0,GIGAZUHAUSE KABEL,1.0
4196,30 - 34,NRW,39.98,39.99,30.0,0.0,VF RIP U-TREUE,1.0
4197,35 - 39,NRW,44.97,34.97,30.0,0.0,GIGAZUHAUSE KABEL,0.0
4198,65 - 69,NRW,44.98,39.98,30.0,0.0,RED INTERNET & PHONE CABLE U,1.0
4199,25 - 29,NRW,39.97,34.99,30.0,0.0,VF RIP U-TREUE,0.0
4200,60 - 64,KBW,29.99,44.98,30.0,0.0,GIGAZUHAUSE KABEL,0.0
4201,35 - 39,KBW,39.98,44.98,30.0,0.0,RED INTERNET & PHONE CABLE U,1.0
4202,60 - 64,NRW,37.97,37.99,30.0,0.0,RED INTERNET & PHONE CABLE U,1.0
4203,35 - 39,NRW,44.99,34.99,30.0,0.0,VF RIP U-TREUE,1.0
4204,45 - 49,NRW,39.98,44.99,30.0,0.0,RED INTERNET & PHONE CABLE U,1.0
4205,35 - 39,NRW,44.98,44.98,30.0,0.0,RED INTERNET & PHONE CABLE U,1.0
4206,30 - 34,NRW,39.99,29.98,30.0,0.0,RED INTERNET & PHONE CABLE U,0.0
4207,30 - 34,KBW,39.98,34.98,30.0,0.0,GIGAZUHAUSE KABEL,0.0
4208,35 - 39,NRW,34.99,29.99,30.0,0.0,RED INTERNET & PHONE CABLE U,0.0
4209,25 - 29,NRW,39.99,29.99,30.0,0.0,RED INTERNET & PHONE CABLE U,1.0
4210,45 - 49,HSN,44.98,34.99,30.0,0.0,GIGAZUHAUSE KABEL,0.0
4211,25 - 29,HSN,44.98,34.99,30.0,0.0,RED INTERNET & PHONE CABLE U,0.0
4212,40 - 44,KBW,39.99,44.98,30.0,0.0,RED INTERNET & PHONE CABLE U,1.0
4213,50 - 54,KBW,39.99,34.98,30.0,0.0,VF RIP U-TREUE,1.0
4214,40 - 44,NRW,29.99,34.98,30.0,0.0,RED INTERNET & PHONE CABLE U,0.0
4215,50 - 54,KBW,44.99,44.99,30.0,0.0,VF RIP U-TREUE,1.0
4216,40 - 44,KBW,32.99,34.98,30.0,0.0,RED INTERNET & PHONE CABLE U,1.0
4217,60 - 64,NRW,44.98,34.98,30.0,0.0,RED INTERNET & PHONE CABLE U,1.0
4218,30 - 34,KBW,32.99,39.98,30.0,0.0,RED INTERNET & PHONE CABLE U,0.0
4219,55 - 59,KBW,44.99,39.98,30.0,0.0,RED INTERNET & PHONE CABLE U,1.0
4220,30 - 34,NRW,34.99,34.98,30.0,0.0,RED INTERNET & PHONE CABLE U,0.0
4221,40 - 44,HSN,54.99,49.98,30.0,0.0,RED INTERNET & PHONE CABLE U,0.0
4222,50 - 54,NRW,34.99,39.97,30.0,0.0,RED INTERNET & PHONE CABLE U,0.0
4223,40 - 44,NRW,44.99,32.98,30.0,0.0,RED INTERNET & PHONE CABLE U,1.0
4224,35 - 39,KBW,44.98,39.96,30.0,0.0,VF CABLEMAX,0.0
4225,18 - 24,KBW,39.98,44.99,30.0,0.0,VF CABLEMAX,1.0
4226,30 - 34,NRW,49.98,39.98,30.0,0.0,RED INTERNET & PHONE CABLE U,0.0
4227,35 - 39,NRW,44.99,44.99,30.0,0.0,GIGAZUHAUSE KABEL,0.0
4228,55 - 59,NRW,37.99,19.98,30.0,0.0,RED INTERNET & PHONE CABLE U,0.0
4229,65 - 69,NRW,44.99,44.99,30.0,0.0,VF RIP U-TREUE,0.0
4230,40 - 44,KBW,39.98,49.98,30.0,0.0,RED INTERNET & PHONE CABLE U,0.0
4231,80 and over,HSN,42.99,44.96,30.0,0.0,VF CABLEMAX,1.0
4232,50 - 54,KBW,32.98,34.99,30.0,0.0,VF RIP U-TREUE,1.0
4233,30 - 34,NRW,34.99,39.97,30.0,0.0,RED INTERNET & PHONE CABLE U,1.0
4234,35 - 39,NRW,44.98,39.99,30.0,0.0,RED INTERNET & PHONE CABLE U,1.0
4235,55 - 59,NRW,39.98,39.99,30.0,0.0,VF CABLEMAX,1.0
4236,45 - 49,NRW,34.98,39.98,30.0,0.0,VF CABLEMAX,0.0
4237,18 - 24,NRW,44.97,32.98,30.0,0.0,RED INTERNET & PHONE CABLE U,1.0
4238,50 - 54,KBW,54.98,39.99,30.0,0.0,VF CABLEMAX,0.0
4239,35 - 39,KBW,44.97,40.98,30.0,0.0,RED INTERNET & PHONE CABLE U,1.0
4240,40 - 44,KBW,39.98,49.98,30.0,0.0,VF RIP U-TREUE,1.0
4241,55 - 59,KBW,34.99,39.98,30.0,0.0,VF CABLEMAX,1.0
4242,50 - 54,KBW,49.98,54.99,30.0,0.0,RED INTERNET & PHONE CABLE U,1.0
4243,35 - 39,KBW,34.98,39.99,30.0,0.0,RED INTERNET & PHONE CABLE U,1.0
4244,55 - 59,NRW,37.99,44.99,30.0,0.0,RED INTERNET & PHONE CABLE U,1.0
4245,25 - 29,KBW,34.99,44.98,30.0,0.0,RED INTERNET & PHONE CABLE U,1.0
4246,30 - 34,KBW,39.99,34.99,30.0,0.0,VF RIP U-TREUE,1.0
4247,65 - 69,KBW,44.98,44.98,30.0,0.0,RED INTERNET & PHONE CABLE U,1.0
4248,30 - 34,KBW,58.99,39.98,30.0,0.0,RED INTERNET & PHONE CABLE U,0.0
4249,55 - 59,KBW,54.98,34.99,30.0,0.0,VF CABLEMAX,0.0
4250,25 - 29,KBW,44.98,29.98,30.0,0.0,RED INTERNET & PHONE CABLE U,0.0
4251,60 - 64,NRW,44.99,44.98,30.0,0.0,VF RIP U-TREUE,0.0
4252,30 - 34,NRW,49.99,44.99,30.0,0.0,VF CABLEMAX,1.0
4253,55 - 59,KBW,39.99,39.99,30.0,0.0,RED INTERNET & PHONE CABLE U,1.0
4254,45 - 49,NRW,34.98,44.99,30.0,0.0,RED INTERNET & PHONE CABLE U,0.0
4255,30 - 34,NRW,44.99,44.97,30.0,0.0,VF RIP U-TREUE,1.0
4256,50 - 54,NRW,49.99,34.98,30.0,0.0,VF RIP U-TREUE,0.0
4257,35 - 39,KBW,39.98,44.98,30.0,0.0,RED INTERNET & PHONE CABLE U,0.0
4258,40 - 44,NRW,49.97,44.98,30.0,0.0,VF CABLEMAX,1.0
4259,35 - 39,KBW,34.99,49.98,30.0,0.0,RED INTERNET & PHONE CABLE U,0.0
4260,30 - 34,NRW,49.98,44.99,30.0,0.0,VF RIP U-TREUE,1.0
4261,25 - 29,HSN,34.98,39.99,30.0,0.0,VF CABLEMAX,0.0
4262,45 - 49,NRW,39.99,34.99,30.0,0.0,RED INTERNET & PHONE CABLE U,1.0
4263,70 - 74,NRW,44.99,44.98,30.0,0.0,VF CABLEMAX,0.0
4264,35 - 39,KBW,44.99,29.99,30.0,0.0,GIGAZUHAUSE KABEL,1.0
4265,40 - 44,NRW,44.97,62.98,30.0,0.0,VF CABLEMAX,1.0
4266,50 - 54,NRW,34.99,44.99,30.0,0.0,GIGAZUHAUSE KABEL,1.0
4267,35 - 39,KBW,34.98,37.99,30.0,0.0,RED INTERNET & PHONE CABLE U,0.0
4268,35 - 39,KBW,29.98,39.99,30.0,0.0,VF RIP U-TREUE,0.0
4269,25 - 29,KBW,49.99,60.99,30.0,0.0,VF CABLEMAX,0.0
4270,50 - 54,NRW,39.99,34.98,30.0,0.0,GIGAZUHAUSE KABEL,0.0
4271,35 - 39,KBW,34.99,44.98,30.0,0.0,GIGAZUHAUSE KABEL,0.0
4272,18 - 24,KBW,34.99,39.99,30.0,0.0,VF RIP U-TREUE,1.0
4273,55 - 59,KBW,49.97,44.99,30.0,0.0,VF RIP U-TREUE,1.0
4274,35 - 39,NRW,39.97,44.99,30.0,0.0,RED INTERNET & PHONE CABLE U,1.0
4275,40 - 44,HSN,44.99,49.98,30.0,0.0,RED INTERNET & PHONE CABLE U,0.0
4276,40 - 44,KBW,39.98,39.99,30.0,0.0,VF CABLEMAX,0.0
4277,40 - 44,KBW,49.99,42.98,30.0,0.0,GIGAZUHAUSE KABEL,0.0
4278,40 - 44,NRW,39.97,39.97,30.0,0.0,VF RIP U-TREUE,1.0
4279,25 - 29,KBW,39.99,44.97,30.0,0.0,VF CABLEMAX,0.0
4280,35 - 39,NRW,44.98,58.99,30.0,0.0,VF RIP U-TREUE,1.0
4281,40 - 44,NRW,44.98,37.99,30.0,0.0,RED INTERNET & PHONE CABLE U,1.0
4282,35 - 39,KBW,39.98,39.99,30.0,0.0,VF RIP U-TREUE,1.0
4283,35 - 39,NRW,32.96,49.99,30.0,0.0,GIGAZUHAUSE KABEL,0.0
4284,25 - 29,NRW,39.98,39.99,30.0,0.0,VF CABLEMAX,1.0
4285,80 and over,NRW,34.99,44.98,30.0,0.0,RED INTERNET & PHONE CABLE U,1.0
4286,60 - 64,KBW,44.98,39.97,30.0,0.0,VF CABLEMAX,0.0
4287,35 - 39,KBW,44.98,39.97,30.0,0.0,GIGAZUHAUSE KABEL,0.0
4288,18 - 24,KBW,42.99,62.99,30.0,0.0,GIGAZUHAUSE KABEL,0.0
4289,55 - 59,KBW,44.99,49.98,30.0,0.0,RED INTERNET & PHONE CABLE U,0.0
4290,35 - 39,NRW,34.98,44.99,69.0,0.0,RED INTERNET & PHONE CABLE U,1.0
4291,25 - 29,NRW,44.98,42.99,30.0,0.0,GIGAZUHAUSE KABEL,0.0
4292,35 - 39,NRW,39.98,39.99,30.0,0.0,RED INTERNET & PHONE CABLE U,1.0
4293,25 - 29,NRW,29.98,39.99,30.0,0.0,VF RIP U-TREUE,0.0
4294,25 - 29,KBW,44.98,49.98,30.0,0.0,VF RIP U-TREUE,0.0
4295,50 - 54,KBW,39.96,39.98,30.0,0.0,RED INTERNET & PHONE CABLE U,1.0
4296,80 and over,NRW,44.98,44.98,30.0,0.0,VF RIP U-TREUE,1.0
4297,40 - 44,HSN,44.99,34.99,30.0,0.0,RED INTERNET & PHONE CABLE U,1.0
4298,25 - 29,NRW,34.99,44.98,30.0,0.0,RED INTERNET & PHONE CABLE U,1.0
4299,80 and over,NRW,49.97,49.99,30.0,0.0,RED INTERNET & PHONE CABLE U,1.0
4300,30 - 34,KBW,39.99,34.99,30.0,0.0,RED INTERNET & PHONE CABLE U,1.0
4301,30 - 34,HSN,34.99,39.99,30.0,0.0,RED INTERNET & PHONE CABLE U,1.0
4302,30 - 34,KBW,44.98,39.99,30.0,0.0,RED INTERNET & PHONE CABLE U,1.0
4303,55 - 59,KBW,39.99,39.98,30.0,0.0,VF CABLEMAX,1.0
4304,35 - 39,NRW,44.99,34.98,30.0,0.0,RED INTERNET & PHONE CABLE U,0.0
4305,65 - 69,NRW,49.99,49.98,30.0,0.0,RED INTERNET & PHONE CABLE U,0.0
4306,35 - 39,KBW,34.99,44.98,30.0,0.0,RED INTERNET & PHONE CABLE U,0.0
4307,50 - 54,NRW,44.97,39.99,30.0,0.0,RED INTERNET & PHONE CABLE U,1.0
4308,55 - 59,NRW,34.99,39.98,30.0,0.0,VF CABLEMAX,1.0
4309,40 - 44,HSN,39.98,39.97,30.0,0.0,RED INTERNET & PHONE CABLE U,0.0
4310,40 - 44,HSN,39.98,44.99,30.0,0.0,VF RIP U-TREUE,0.0
4311,45 - 49,NRW,49.97,34.99,30.0,0.0,RED INTERNET & PHONE CABLE U,1.0
4312,50 - 54,KBW,44.98,44.98,30.0,0.0,RED INTERNET & PHONE CABLE U,0.0
4313,25 - 29,NRW,34.98,39.99,30.0,0.0,VF RIP U-TREUE,0.0
4314,35 - 39,NRW,44.98,39.98,30.0,0.0,VF CABLEMAX,1.0
4315,50 - 54,KBW,34.98,34.98,30.0,0.0,GIGAZUHAUSE KABEL,1.0
4316,30 - 34,KBW,29.99,39.99,30.0,0.0,GIGAZUHAUSE KABEL,1.0
4317,25 - 29,KBW,39.98,34.99,30.0,0.0,GIGAZUHAUSE KABEL,0.0
4318,30 - 34,KBW,39.98,49.98,30.0,0.0,RED INTERNET & PHONE CABLE U,0.0
4319,30 - 34,NRW,39.98,39.99,30.0,0.0,RED INTERNET & PHONE CABLE U,0.0
4320,80 and over,NRW,39.98,39.99,30.0,0.0,RED INTERNET & PHONE CABLE U,1.0
4321,40 - 44,NRW,52.97,44.98,30.0,0.0,VF CABLEMAX,0.0
4322,25 - 29,NRW,44.98,44.99,30.0,0.0,RED INTERNET & PHONE CABLE U,0.0
4323,18 - 24,NRW,44.99,44.98,30.0,0.0,VF RIP U-TREUE,0.0
4324,55 - 59,KBW,24.98,39.98,30.0,0.0,RED INTERNET & PHONE CABLE U,1.0
4325,55 - 59,NRW,44.99,39.98,30.0,0.0,VF CABLEMAX,0.0
4326,55 - 59,NRW,44.98,39.98,30.0,0.0,RED INTERNET & PHONE CABLE U,0.0
4327,40 - 44,HSN,44.99,34.99,30.0,0.0,RED INTERNET & PHONE CABLE U,0.0
4328,60 - 64,NRW,29.99,39.99,30.0,0.0,VF CABLEMAX,0.0
4329,35 - 39,NRW,42.98,34.99,30.0,0.0,RED INTERNET & PHONE CABLE U,1.0
4330,40 - 44,KBW,44.98,39.97,30.0,0.0,RED INTERNET & PHONE CABLE U,0.0
4331,25 - 29,KBW,44.99,39.99,30.0,0.0,VF CABLEMAX,0.0
4332,25 - 29,NRW,44.99,44.99,30.0,0.0,RED INTERNET & PHONE CABLE U,1.0
4333,50 - 54,NRW,29.98,52.98,30.0,0.0,VF CABLEMAX,0.0
4334,35 - 39,KBW,39.99,39.98,30.0,0.0,RED INTERNET & PHONE CABLE U,0.0
4335,70 - 74,KBW,39.99,44.99,30.0,0.0,RED INTERNET & PHONE CABLE U,1.0
4336,60 - 64,KBW,39.99,54.99,30.0,0.0,RED INTERNET & PHONE CABLE U,1.0
4337,60 - 64,NRW,44.97,34.99,30.0,0.0,RED INTERNET & PHONE CABLE U,0.0
4338,30 - 34,NRW,44.98,34.96,30.0,0.0,RED INTERNET & PHONE CABLE U,1.0
4339,45 - 49,NRW,34.99,44.99,7.0,0.0,RED INTERNET & PHONE CABLE U,1.0
4340,40 - 44,NRW,39.99,39.97,30.0,0.0,GIGAZUHAUSE KABEL,1.0
4341,45 - 49,NRW,34.97,34.97,30.0,0.0,RED INTERNET & PHONE CABLE U,1.0
4342,45 - 49,KBW,44.98,44.98,30.0,0.0,GIGAZUHAUSE TREUE B,0.0
4343,30 - 34,NRW,44.99,34.99,30.0,0.0,VF RIP U-TREUE,0.0
4344,25 - 29,NRW,62.99,44.99,30.0,0.0,GIGAZUHAUSE KABEL,0.0
4345,35 - 39,KBW,49.99,69.99,30.0,0.0,VF RIP U-TREUE,1.0
4346,60 - 64,KBW,44.97,49.98,30.0,0.0,RED INTERNET & PHONE CABLE U,1.0
4347,25 - 29,NRW,34.99,34.99,30.0,0.0,RED INTERNET & PHONE CABLE U,0.0
4348,60 - 64,KBW,39.99,34.98,30.0,0.0,VF RIP U-TREUE,0.0
4349,55 - 59,KBW,34.98,49.99,30.0,0.0,VF CABLEMAX,0.0
4350,35 - 39,NRW,39.98,54.98,30.0,0.0,RED INTERNET & PHONE CABLE U,1.0
4351,65 - 69,NRW,44.99,44.99,30.0,0.0,RED INTERNET & PHONE CABLE U,0.0
4352,55 - 59,KBW,39.98,49.99,30.0,0.0,VF CABLEMAX,0.0
4353,40 - 44,KBW,39.98,44.98,30.0,0.0,VF RIP U-TREUE,0.0
4354,30 - 34,NRW,44.99,34.99,30.0,0.0,RED INTERNET & PHONE CABLE U,1.0
4355,30 - 34,HSN,39.99,49.98,30.0,0.0,RED INTERNET & PHONE CABLE U,0.0
4356,35 - 39,NRW,37.98,29.98,30.0,0.0,RED INTERNET & PHONE CABLE U,0.0
4357,55 - 59,NRW,44.98,44.99,30.0,0.0,RED INTERNET & PHONE CABLE U,1.0
4358,30 - 34,HSN,42.99,44.97,30.0,0.0,RED INTERNET & PHONE CABLE U,0.0
4359,30 - 34,NRW,39.99,39.97,30.0,0.0,VF RIP U-TREUE,0.0
4360,60 - 64,KBW,39.98,34.99,30.0,0.0,RED INTERNET & PHONE CABLE U,1.0
4361,50 - 54,NRW,44.99,42.99,30.0,0.0,VF CABLEMAX,0.0
4362,35 - 39,NRW,44.99,29.99,30.0,0.0,RED INTERNET & PHONE CABLE U,0.0
4363,35 - 39,KBW,39.99,34.99,30.0,0.0,RED INTERNET & PHONE CABLE U,1.0
4364,25 - 29,HSN,44.99,44.99,30.0,0.0,RED INTERNET & PHONE CABLE U,1.0
4365,25 - 29,KBW,39.98,34.98,30.0,0.0,VF CABLEMAX,1.0
4366,40 - 44,NRW,44.98,39.98,30.0,0.0,RED INTERNET & PHONE CABLE U,0.0
4367,30 - 34,NRW,44.98,47.98,30.0,0.0,RED INTERNET & PHONE CABLE U,1.0
4368,40 - 44,NRW,32.98,49.98,30.0,0.0,VF CABLEMAX,1.0
4369,60 - 64,NRW,39.98,39.98,30.0,0.0,RED INTERNET & PHONE CABLE U,1.0
4370,30 - 34,NRW,39.98,29.99,30.0,0.0,VF RIP U-TREUE,1.0
4371,50 - 54,NRW,54.98,49.99,30.0,0.0,GIGAZUHAUSE KABEL,0.0
4372,25 - 29,NRW,39.99,39.99,30.0,0.0,RED INTERNET & PHONE CABLE U,0.0
4373,60 - 64,NRW,49.98,44.98,30.0,0.0,VF RIP U-TREUE,0.0
4374,25 - 29,KBW,44.99,39.99,30.0,0.0,GIGAZUHAUSE KABEL,0.0
4375,35 - 39,KBW,34.99,44.99,30.0,0.0,RED INTERNET & PHONE CABLE U,1.0
4376,35 - 39,KBW,49.99,44.98,30.0,0.0,VF CABLEMAX,0.0
4377,30 - 34,NRW,44.98,39.99,30.0,0.0,GIGAZUHAUSE KABEL,0.0
4378,55 - 59,KBW,49.98,34.99,30.0,0.0,RED INTERNET & PHONE CABLE U,1.0
4379,25 - 29,KBW,39.99,49.99,30.0,0.0,RED INTERNET & PHONE CABLE U,1.0
4380,30 - 34,KBW,54.98,34.99,30.0,0.0,GIGAZUHAUSE KABEL,0.0
4381,55 - 59,NRW,44.98,39.97,30.0,0.0,RED INTERNET & PHONE CABLE U,1.0
4382,65 - 69,HSN,42.98,29.98,30.0,0.0,GIGAZUHAUSE KABEL,1.0
4383,80 and over,NRW,54.99,44.99,30.0,0.0,VF CABLEMAX,1.0
4384,60 - 64,NRW,49.97,34.99,30.0,0.0,GIGAZUHAUSE KABEL,1.0
4385,35 - 39,KBW,49.99,54.99,30.0,0.0,VF RIP U-TREUE,1.0
4386,40 - 44,KBW,44.99,44.99,30.0,0.0,VF RIP U-TREUE,0.0
4387,30 - 34,NRW,39.98,39.99,30.0,0.0,RED INTERNET & PHONE CABLE U,0.0
4388,50 - 54,NRW,39.99,39.98,30.0,0.0,GIGAZUHAUSE KABEL,1.0
4389,25 - 29,NRW,44.99,62.97,30.0,0.0,VF CABLEMAX,0.0
4390,25 - 29,NRW,34.99,59.98,30.0,0.0,RED INTERNET & PHONE CABLE U,1.0
4391,25 - 29,KBW,39.99,39.98,30.0,0.0,RED INTERNET & PHONE CABLE U,1.0
4392,35 - 39,KBW,34.99,48.99,30.0,0.0,RED INTERNET & PHONE CABLE U,1.0
4393,50 - 54,KBW,39.98,39.98,30.0,0.0,RED INTERNET & PHONE CABLE U,0.0
4394,25 - 29,KBW,44.99,44.98,30.0,0.0,RED INTERNET & PHONE CABLE U,1.0
4395,55 - 59,KBW,42.99,37.95,30.0,0.0,VF RIP U-TREUE,0.0
4396,80 and over,HSN,54.98,29.98,30.0,0.0,RED INTERNET & PHONE CABLE U,0.0
4397,40 - 44,HSN,49.99,29.99,30.0,0.0,RED INTERNET & PHONE CABLE U,0.0
4398,45 - 49,NRW,49.98,44.99,30.0,0.0,RED INTERNET & PHONE CABLE U,1.0
4399,18 - 24,NRW,58.98,34.99,30.0,0.0,RED INTERNET & PHONE CABLE U,0.0
4400,25 - 29,HSN,49.99,39.98,30.0,0.0,RED INTERNET & PHONE CABLE U,1.0
4401,50 - 54,NRW,37.98,34.97,30.0,0.0,RED INTERNET & PHONE CABLE U,0.0
4402,40 - 44,KBW,44.99,32.99,30.0,0.0,RED INTERNET & PHONE CABLE U,1.0
4403,40 - 44,NRW,39.98,44.97,30.0,0.0,RED INTERNET & PHONE CABLE U,0.0
4404,35 - 39,KBW,39.99,24.98,30.0,0.0,RED INTERNET & PHONE CABLE U,1.0
4405,25 - 29,NRW,39.99,34.99,30.0,0.0,RED INTERNET & PHONE CABLE U,1.0
4406,55 - 59,KBW,39.98,34.98,30.0,0.0,RED INTERNET & PHONE CABLE U,0.0
4407,55 - 59,NRW,39.99,39.99,30.0,0.0,VF CABLEMAX,1.0
4408,50 - 54,NRW,44.97,34.99,30.0,0.0,RED INTERNET & PHONE CABLE U,0.0
4409,35 - 39,NRW,44.99,44.98,30.0,0.0,VF RIP U-TREUE,1.0
4410,35 - 39,NRW,44.98,39.99,30.0,0.0,RED INTERNET & PHONE CABLE U,0.0
4411,40 - 44,NRW,44.98,34.99,30.0,0.0,RED INTERNET & PHONE CABLE U,1.0
4412,30 - 34,KBW,44.99,39.99,30.0,0.0,RED INTERNET & PHONE CABLE U,1.0
4413,40 - 44,NRW,44.99,37.98,30.0,0.0,RED INTERNET & PHONE CABLE U,1.0
4414,45 - 49,NRW,44.98,44.99,30.0,0.0,RED INTERNET & PHONE CABLE U,1.0
4415,35 - 39,KBW,39.99,44.99,30.0,0.0,VF CABLEMAX,0.0
4416,25 - 29,KBW,39.99,49.98,30.0,0.0,RED INTERNET & PHONE CABLE U,0.0
4417,55 - 59,HSN,54.99,44.99,30.0,0.0,RED INTERNET & PHONE CABLE U,1.0
4418,25 - 29,KBW,44.99,29.99,30.0,0.0,GIGAZUHAUSE KABEL,0.0
4419,40 - 44,NRW,58.98,34.99,30.0,0.0,RED INTERNET & PHONE CABLE U,1.0
4420,35 - 39,NRW,44.98,44.99,30.0,0.0,RED INTERNET & PHONE CABLE U,1.0
4421,50 - 54,KBW,29.97,42.98,30.0,0.0,GIGAZUHAUSE KABEL,1.0
4422,50 - 54,NRW,39.99,34.98,30.0,0.0,VF RIP U-TREUE,1.0
4423,35 - 39,KBW,39.98,49.99,30.0,0.0,RED INTERNET & PHONE CABLE U,0.0
4424,60 - 64,HSN,39.98,39.98,30.0,0.0,VF CABLEMAX,1.0
4425,25 - 29,NRW,44.99,42.99,30.0,0.0,VF RIP U-TREUE,0.0
4426,40 - 44,KBW,44.98,19.99,30.0,0.0,RED INTERNET & PHONE CABLE U,1.0
4427,55 - 59,KBW,39.98,44.99,30.0,0.0,GIGAZUHAUSE KABEL,1.0
4428,60 - 64,NRW,44.96,44.99,30.0,0.0,RED INTERNET & PHONE CABLE U,1.0
4429,60 - 64,HSN,49.97,34.99,30.0,0.0,GIGAZUHAUSE KABEL,0.0
4430,60 - 64,NRW,39.99,34.99,30.0,0.0,GIGAZUHAUSE KABEL,0.0
4431,35 - 39,NRW,39.98,44.98,30.0,0.0,RED INTERNET & PHONE CABLE U,1.0
4432,35 - 39,NRW,39.99,32.99,30.0,0.0,VF CABLEMAX,1.0
4433,50 - 54,NRW,32.99,44.98,30.0,0.0,RED INTERNET & PHONE CABLE U,0.0
4434,25 - 29,NRW,44.98,39.98,30.0,0.0,RED INTERNET & PHONE CABLE U,0.0
4435,25 - 29,NRW,34.99,39.99,30.0,0.0,RED INTERNET & PHONE CABLE U,1.0
4436,40 - 44,NRW,37.98,34.98,30.0,0.0,RED INTERNET & PHONE CABLE U,0.0
4437,50 - 54,KBW,42.98,39.99,30.0,0.0,RED INTERNET & PHONE CABLE U,0.0
4438,35 - 39,NRW,44.98,44.97,30.0,0.0,VF RIP U-TREUE,1.0
4439,65 - 69,NRW,44.98,44.99,30.0,0.0,RED INTERNET & PHONE CABLE U,0.0
4440,40 - 44,NRW,44.98,34.98,30.0,0.0,RED INTERNET & PHONE CABLE U,1.0
4441,25 - 29,NRW,34.97,34.99,30.0,0.0,VF RIP U-TREUE,1.0
4442,25 - 29,KBW,44.99,39.99,30.0,0.0,RED INTERNET & PHONE CABLE U,0.0
4443,40 - 44,NRW,39.99,44.98,30.0,0.0,GIGAZUHAUSE KABEL,1.0
4444,45 - 49,NRW,39.99,44.96,30.0,0.0,RED INTERNET & PHONE CABLE U,1.0
4445,35 - 39,KBW,34.99,34.99,30.0,0.0,RED INTERNET & PHONE CABLE U,0.0
4446,60 - 64,NRW,37.98,39.99,30.0,0.0,GIGAZUHAUSE KABEL,1.0
4447,50 - 54,KBW,32.99,39.98,30.0,0.0,VF CABLEMAX,1.0
4448,65 - 69,NRW,39.99,44.98,30.0,0.0,VF RIP U-TREUE,1.0
4449,55 - 59,NRW,24.99,29.98,30.0,0.0,GIGAZUHAUSE KABEL,1.0
4450,25 - 29,KBW,44.99,44.99,30.0,0.0,GIGAZUHAUSE KABEL,1.0
4451,60 - 64,NRW,39.98,49.99,30.0,0.0,RED INTERNET & PHONE CABLE U,1.0
4452,35 - 39,HSN,39.98,49.98,30.0,0.0,RED INTERNET & PHONE CABLE U,1.0
4453,35 - 39,NRW,54.98,44.97,30.0,0.0,VF CABLEMAX,1.0
4454,30 - 34,HSN,39.98,44.99,30.0,0.0,RED INTERNET & PHONE CABLE U,1.0
4455,65 - 69,KBW,44.99,34.99,30.0,0.0,VF CABLEMAX,0.0
4456,50 - 54,KBW,34.98,39.99,30.0,0.0,VF CABLEMAX,0.0
4457,30 - 34,NRW,44.98,39.99,30.0,0.0,RED INTERNET & PHONE CABLE U,0.0
4458,25 - 29,NRW,39.99,34.99,30.0,0.0,VF RIP U-TREUE,0.0
4459,25 - 29,HSN,34.99,44.98,30.0,0.0,RED INTERNET & PHONE CABLE U,1.0
4460,45 - 49,NRW,39.99,44.99,30.0,0.0,VF RIP U-TREUE,1.0
4461,40 - 44,NRW,49.99,44.99,30.0,0.0,VF RIP U-TREUE,0.0
4462,35 - 39,NRW,44.98,29.98,30.0,0.0,RED INTERNET & PHONE CABLE U,0.0
4463,35 - 39,KBW,32.98,39.98,30.0,0.0,RED INTERNET & PHONE CABLE U,1.0
4464,35 - 39,NRW,42.98,47.98,30.0,0.0,VF RIP U-TREUE,1.0
4465,25 - 29,NRW,34.99,44.99,30.0,0.0,GIGAZUHAUSE TREUE C,1.0
4466,55 - 59,NRW,39.99,44.99,30.0,0.0,GIGAZUHAUSE KABEL,1.0
4467,30 - 34,HSN,34.97,39.99,30.0,0.0,VF RIP U-TREUE,1.0
4468,40 - 44,KBW,34.98,39.99,30.0,0.0,VF RIP U-TREUE,1.0
4469,60 - 64,NRW,44.99,44.99,30.0,0.0,RED INTERNET & PHONE CABLE U,0.0
4470,35 - 39,NRW,44.99,34.99,30.0,0.0,GIGAZUHAUSE KABEL,0.0
4471,35 - 39,NRW,39.99,32.99,30.0,0.0,RED INTERNET & PHONE CABLE U,1.0
4472,35 - 39,NRW,49.99,39.99,30.0,0.0,RED INTERNET & PHONE CABLE U,0.0
4473,35 - 39,NRW,44.98,44.99,30.0,0.0,VF RIP U-TREUE,0.0
4474,55 - 59,NRW,49.98,44.98,30.0,0.0,VF RIP U-TREUE,1.0
4475,25 - 29,KBW,42.99,34.99,30.0,0.0,RED INTERNET & PHONE CABLE U,1.0
4476,35 - 39,NRW,63.98,39.98,30.0,0.0,VF RIP U-TREUE,0.0
4477,40 - 44,KBW,34.98,44.98,30.0,0.0,VF RIP U-TREUE,1.0
4478,80 and over,NRW,34.99,44.98,30.0,0.0,VF RIP U-TREUE,1.0
4479,35 - 39,NRW,39.99,54.98,30.0,0.0,VF RIP U-TREUE,1.0
4480,25 - 29,NRW,44.99,44.96,30.0,0.0,RED INTERNET & PHONE CABLE U,1.0
4481,40 - 44,NRW,39.99,34.99,30.0,0.0,GIGAZUHAUSE KABEL,1.0
4482,60 - 64,HSN,39.99,34.97,30.0,0.0,RED INTERNET & PHONE CABLE U,1.0
4483,30 - 34,NRW,44.97,44.98,30.0,0.0,VF RIP U-TREUE,1.0
4484,25 - 29,NRW,49.98,29.99,30.0,0.0,RED INTERNET & PHONE CABLE U,1.0
4485,30 - 34,KBW,37.99,39.99,30.0,0.0,VF RIP U-TREUE,1.0
4486,30 - 34,NRW,44.98,34.98,30.0,0.0,RED INTERNET & PHONE CABLE U,0.0
4487,55 - 59,NRW,54.99,54.98,30.0,0.0,RED INTERNET & PHONE CABLE U,0.0
4488,35 - 39,NRW,44.99,39.99,30.0,0.0,VF CABLEMAX,0.0
4489,35 - 39,NRW,34.97,39.99,30.0,0.0,GIGAZUHAUSE KABEL,1.0
4490,60 - 64,KBW,34.98,42.99,30.0,0.0,RED INTERNET & PHONE CABLE U,0.0
4491,30 - 34,NRW,49.99,39.98,30.0,0.0,RED INTERNET & PHONE CABLE U,0.0
4492,25 - 29,KBW,39.97,34.98,30.0,0.0,GIGAZUHAUSE KABEL,0.0
4493,55 - 59,KBW,29.99,44.99,30.0,0.0,RED INTERNET & PHONE CABLE U,0.0
4494,80 and over,KBW,39.98,39.98,30.0,0.0,VF RIP U-TREUE,0.0
4495,60 - 64,NRW,39.98,34.98,30.0,0.0,RED INTERNET & PHONE CABLE U,1.0
4496,25 - 29,NRW,44.99,42.98,30.0,0.0,VF RIP U-TREUE,1.0
4497,35 - 39,KBW,44.99,44.98,30.0,0.0,RED INTERNET & PHONE CABLE U,0.0
4498,80 and over,KBW,44.99,49.98,30.0,0.0,RED INTERNET & PHONE CABLE U,1.0
4499,40 - 44,HSN,29.97,29.97,30.0,0.0,GIGAZUHAUSE KABEL,1.0
4500,60 - 64,NRW,44.99,34.98,30.0,0.0,RED INTERNET & PHONE CABLE U,1.0
4501,55 - 59,KBW,39.98,32.98,30.0,0.0,RED INTERNET & PHONE CABLE U,0.0
4502,60 - 64,KBW,39.98,44.98,30.0,0.0,VF RIP U-TREUE,1.0
4503,40 - 44,NRW,34.99,34.99,30.0,0.0,RED INTERNET & PHONE CABLE U,0.0
4504,25 - 29,HSN,44.99,44.98,30.0,0.0,RED INTERNET & PHONE CABLE U,1.0
4505,55 - 59,HSN,44.99,29.99,30.0,0.0,VF CABLEMAX,0.0
4506,45 - 49,HSN,49.99,29.99,30.0,0.0,RED INTERNET & PHONE CABLE U,1.0
4507,35 - 39,KBW,39.98,39.98,30.0,0.0,RED INTERNET & PHONE CABLE U,0.0
4508,45 - 49,HSN,39.99,34.99,30.0,0.0,RED INTERNET & PHONE CABLE U,0.0
4509,30 - 34,NRW,39.98,49.99,30.0,0.0,VF CABLEMAX,0.0
4510,30 - 34,KBW,44.98,39.99,30.0,0.0,GIGAZUHAUSE TREUE C,0.0
4511,40 - 44,KBW,39.99,44.98,30.0,0.0,VF RIP U-TREUE,0.0
4512,25 - 29,KBW,39.98,44.96,30.0,0.0,RED INTERNET & PHONE CABLE U,0.0
4513,60 - 64,NRW,34.98,39.98,30.0,0.0,VF RIP U-TREUE,0.0
4514,35 - 39,KBW,39.99,39.98,30.0,0.0,RED INTERNET & PHONE CABLE U,1.0
4515,55 - 59,NRW,34.96,39.99,30.0,0.0,RED INTERNET & PHONE CABLE U,1.0
4516,50 - 54,KBW,29.99,29.98,30.0,0.0,RED INTERNET & PHONE CABLE U,1.0
4517,55 - 59,HSN,39.98,49.99,30.0,0.0,VF CABLEMAX,0.0
4518,35 - 39,NRW,49.98,42.98,30.0,0.0,VF RIP U-TREUE,0.0
4519,45 - 49,KBW,44.99,39.98,30.0,0.0,RED INTERNET & PHONE CABLE U,1.0
4520,30 - 34,NRW,34.99,39.99,30.0,0.0,RED INTERNET & PHONE CABLE U,1.0
4521,55 - 59,NRW,44.98,49.98,30.0,0.0,VF CABLEMAX,0.0
4522,30 - 34,NRW,44.97,44.97,30.0,0.0,RED INTERNET & PHONE CABLE U,1.0
4523,60 - 64,HSN,44.99,39.98,30.0,0.0,VF RIP U-TREUE,1.0
4524,35 - 39,HSN,32.99,39.98,30.0,0.0,RED INTERNET & PHONE CABLE U,0.0
4525,25 - 29,NRW,44.99,34.98,30.0,0.0,RED INTERNET & PHONE CABLE U,1.0
4526,40 - 44,NRW,24.99,39.99,30.0,0.0,RED INTERNET & PHONE CABLE U,1.0
4527,30 - 34,KBW,44.99,39.98,30.0,0.0,VF RIP U-TREUE,1.0
4528,50 - 54,NRW,34.98,34.99,30.0,0.0,VF RIP U-TREUE,0.0
4529,35 - 39,NRW,39.98,39.99,30.0,0.0,RED INTERNET & PHONE CABLE U,1.0
4530,60 - 64,KBW,44.99,44.98,30.0,0.0,VF CABLEMAX,1.0
4531,60 - 64,KBW,44.99,44.98,30.0,0.0,RED INTERNET & PHONE CABLE U,0.0
4532,50 - 54,HSN,42.99,44.99,30.0,0.0,RED INTERNET & PHONE CABLE U,1.0
4533,25 - 29,NRW,29.99,49.98,30.0,0.0,VF CABLEMAX,0.0
4534,40 - 44,NRW,49.99,34.98,30.0,0.0,GIGAZUHAUSE KABEL,0.0
4535,25 - 29,NRW,29.97,39.99,30.0,0.0,RED INTERNET & PHONE CABLE U,0.0
4536,35 - 39,HSN,34.99,37.98,30.0,0.0,RED INTERNET & PHONE CABLE U,0.0
4537,80 and over,HSN,39.97,44.99,30.0,0.0,RED INTERNET & PHONE CABLE U,0.0
4538,35 - 39,NRW,44.97,39.99,30.0,0.0,VF RIP U-TREUE,1.0
4539,55 - 59,NRW,44.99,44.99,30.0,0.0,RED INTERNET & PHONE CABLE U,0.0
4540,25 - 29,NRW,44.99,49.99,30.0,0.0,RED INTERNET & PHONE CABLE U,0.0
4541,65 - 69,KBW,44.97,29.98,30.0,0.0,RED INTERNET & PHONE CABLE U,1.0
4542,30 - 34,KBW,37.98,39.98,30.0,0.0,RED INTERNET & PHONE CABLE U,0.0
4543,35 - 39,NRW,39.99,32.99,30.0,0.0,RED INTERNET & PHONE CABLE U,1.0
4544,50 - 54,NRW,44.99,34.99,30.0,0.0,INTERNET PREMIUM,1.0
4545,60 - 64,NRW,69.98,39.98,30.0,0.0,RED INTERNET & PHONE CABLE U,0.0
4546,55 - 59,KBW,39.99,44.99,30.0,0.0,RED INTERNET & PHONE CABLE U,1.0
4547,35 - 39,NRW,44.98,29.98,30.0,0.0,VF CABLEMAX,0.0
4548,50 - 54,NRW,44.98,44.98,30.0,0.0,RED INTERNET & PHONE CABLE U,1.0
4549,35 - 39,KBW,39.98,44.99,30.0,0.0,RED INTERNET & PHONE CABLE U,1.0
4550,40 - 44,HSN,39.98,49.99,30.0,0.0,RED INTERNET & PHONE CABLE U,0.0
4551,35 - 39,NRW,34.98,59.99,30.0,0.0,VF RIP U-TREUE,0.0
4552,60 - 64,NRW,39.99,39.97,30.0,0.0,GIGAZUHAUSE KABEL,0.0
4553,30 - 34,KBW,34.99,49.99,30.0,0.0,RED INTERNET & PHONE CABLE U,0.0
4554,55 - 59,NRW,29.98,44.99,30.0,0.0,RED INTERNET & PHONE CABLE U,0.0
4555,35 - 39,NRW,44.99,49.97,30.0,0.0,RED INTERNET & PHONE CABLE U,0.0
4556,45 - 49,KBW,37.98,44.99,30.0,0.0,RED INTERNET & PHONE CABLE U,0.0
4557,50 - 54,NRW,39.99,44.99,30.0,0.0,RED INTERNET & PHONE CABLE U,1.0
4558,60 - 64,NRW,44.99,44.99,30.0,0.0,RED INTERNET & PHONE CABLE U,0.0
4559,35 - 39,NRW,39.99,34.98,30.0,0.0,GIGAZUHAUSE KABEL,0.0
4560,55 - 59,NRW,54.98,44.98,30.0,0.0,RED INTERNET & PHONE CABLE U,1.0
4561,40 - 44,NRW,44.97,34.97,30.0,0.0,RED INTERNET & PHONE CABLE U,0.0
4562,35 - 39,KBW,49.98,39.97,30.0,0.0,RED INTERNET & PHONE CABLE U,0.0
4563,45 - 49,KBW,39.99,49.98,30.0,0.0,RED INTERNET & PHONE CABLE U,1.0
4564,55 - 59,NRW,39.99,39.98,30.0,0.0,GIGAZUHAUSE KABEL,0.0
4565,35 - 39,KBW,54.98,44.98,30.0,0.0,GIGAZUHAUSE KABEL,1.0
4566,55 - 59,NRW,44.99,39.97,30.0,0.0,GIGAZUHAUSE KABEL,0.0
4567,40 - 44,NRW,44.98,39.98,30.0,0.0,RED INTERNET & PHONE CABLE U,1.0
4568,40 - 44,NRW,34.99,39.97,30.0,1.0,VF RIP U-TREUE,0.0
4569,30 - 34,NRW,44.98,29.98,30.0,0.0,RED INTERNET & PHONE CABLE U,1.0
4570,25 - 29,NRW,34.98,34.99,30.0,0.0,RED INTERNET & PHONE CABLE U,0.0
4571,30 - 34,KBW,29.98,39.99,30.0,0.0,VF RIP U-TREUE,1.0
4572,60 - 64,NRW,44.98,44.99,30.0,0.0,VF CABLEMAX,1.0
4573,60 - 64,HSN,39.99,54.98,30.0,0.0,RED INTERNET & PHONE CABLE U,1.0
4574,30 - 34,NRW,32.98,44.98,30.0,0.0,RED INTERNET & PHONE CABLE U,1.0
4575,25 - 29,KBW,34.99,34.99,30.0,0.0,VF RIP U-TREUE,1.0
4576,50 - 54,KBW,44.98,34.99,30.0,0.0,GIGAZUHAUSE KABEL,0.0
4577,50 - 54,HSN,39.98,34.98,30.0,0.0,GIGAZUHAUSE KABEL,0.0
4578,40 - 44,KBW,44.98,39.99,30.0,0.0,VF CABLEMAX,1.0
4579,25 - 29,KBW,42.99,42.99,30.0,0.0,RED INTERNET & PHONE CABLE U,0.0
4580,25 - 29,NRW,34.98,44.98,30.0,0.0,RED INTERNET & PHONE CABLE U,1.0
4581,65 - 69,NRW,24.98,34.99,30.0,0.0,RED INTERNET & PHONE CABLE U,1.0
4582,50 - 54,NRW,44.99,44.98,30.0,0.0,RED INTERNET & PHONE CABLE U,0.0
4583,50 - 54,NRW,39.99,34.98,30.0,0.0,RED INTERNET & PHONE CABLE U,0.0
4584,30 - 34,NRW,39.99,39.99,30.0,0.0,VF RIP U-TREUE,1.0
4585,40 - 44,KBW,39.98,44.99,30.0,0.0,RED INTERNET & PHONE CABLE U,1.0
4586,40 - 44,NRW,39.96,49.98,30.0,0.0,RED INTERNET & PHONE CABLE U,0.0
4587,60 - 64,NRW,24.99,34.97,30.0,0.0,VF CABLEMAX,0.0
4588,30 - 34,NRW,39.98,34.98,30.0,0.0,RED INTERNET & PHONE CABLE U,1.0
4589,35 - 39,NRW,44.98,44.99,30.0,0.0,RED INTERNET & PHONE CABLE U,0.0
4590,35 - 39,NRW,32.99,39.98,30.0,0.0,VF RIP U-TREUE,1.0
4591,60 - 64,NRW,44.99,37.99,30.0,0.0,RED INTERNET & PHONE CABLE U,0.0
4592,35 - 39,NRW,42.99,39.99,30.0,0.0,VF RIP U-TREUE,0.0
4593,35 - 39,KBW,39.97,39.99,30.0,0.0,VF CABLEMAX,1.0
4594,25 - 29,HSN,34.98,44.98,30.0,0.0,VF RIP U-TREUE,1.0
4595,65 - 69,KBW,34.99,44.98,30.0,0.0,VF CABLEMAX,1.0
4596,30 - 34,NRW,49.99,44.99,30.0,0.0,GIGAZUHAUSE TREUE B,0.0
4597,35 - 39,NRW,47.99,34.99,30.0,0.0,VF CABLEMAX,1.0
4598,80 and over,HSN,39.97,54.99,30.0,0.0,RED INTERNET & PHONE CABLE U,1.0
4599,30 - 34,NRW,44.98,49.98,30.0,0.0,RED INTERNET & PHONE CABLE U,1.0
4600,35 - 39,NRW,58.99,34.98,30.0,0.0,RED INTERNET & PHONE CABLE U,0.0
4601,50 - 54,KBW,39.98,34.98,30.0,0.0,RED INTERNET & PHONE CABLE U,1.0
4602,55 - 59,NRW,39.99,2.0,30.0,0.0,VF RIP U-TREUE,1.0
4603,55 - 59,NRW,34.99,34.99,30.0,0.0,RED INTERNET & PHONE CABLE U,0.0
4604,35 - 39,KBW,58.98,39.99,30.0,0.0,GIGAZUHAUSE KABEL,0.0
4605,35 - 39,NRW,39.97,34.99,30.0,0.0,VF RIP U-TREUE,1.0
4606,25 - 29,KBW,34.98,49.99,30.0,0.0,RED INTERNET & PHONE CABLE U,1.0
4607,55 - 59,NRW,44.98,49.99,30.0,0.0,VF RIP U-TREUE,0.0
4608,50 - 54,NRW,44.98,44.98,30.0,0.0,GIGAZUHAUSE KABEL,0.0
4609,55 - 59,KBW,44.98,44.99,30.0,0.0,RED INTERNET & PHONE CABLE U,1.0
4610,80 and over,KBW,71.98,44.98,30.0,0.0,RED INTERNET & PHONE CABLE U,0.0
4611,35 - 39,NRW,44.99,44.99,30.0,0.0,RED INTERNET & PHONE CABLE U,0.0
4612,35 - 39,NRW,39.98,39.98,30.0,0.0,RED INTERNET & PHONE CABLE U,1.0
4613,80 and over,NRW,49.99,49.98,30.0,0.0,VF CABLEMAX,0.0
4614,40 - 44,KBW,44.99,44.99,30.0,0.0,RED INTERNET & PHONE CABLE U,0.0
4615,25 - 29,NRW,44.99,39.98,30.0,0.0,RED INTERNET & PHONE CABLE U,1.0
4616,55 - 59,KBW,29.99,39.98,30.0,0.0,RED INTERNET & PHONE CABLE U,0.0
4617,60 - 64,NRW,44.97,34.97,30.0,0.0,RED INTERNET & PHONE CABLE U,1.0
4618,35 - 39,NRW,44.98,34.98,30.0,0.0,RED INTERNET & PHONE CABLE U,0.0
4619,30 - 34,NRW,59.99,44.98,30.0,0.0,VF RIP U-TREUE,0.0
4620,30 - 34,KBW,34.98,37.98,30.0,0.0,VF CABLEMAX,1.0
4621,35 - 39,NRW,44.99,39.99,30.0,0.0,RED INTERNET & PHONE CABLE U,0.0
4622,45 - 49,NRW,49.98,44.99,30.0,0.0,VF RIP U-TREUE,0.0
4623,55 - 59,NRW,29.98,34.99,30.0,0.0,RED INTERNET & PHONE CABLE U,1.0
4624,70 - 74,KBW,39.98,32.98,30.0,0.0,VF RIP U-TREUE,1.0
4625,40 - 44,KBW,29.98,39.99,30.0,0.0,RED INTERNET & PHONE CABLE U,1.0
4626,45 - 49,NRW,29.96,54.98,30.0,0.0,VF RIP U-TREUE,1.0
4627,55 - 59,KBW,34.97,44.99,30.0,0.0,RED INTERNET & PHONE CABLE U,0.0
4628,50 - 54,HSN,39.99,42.99,30.0,0.0,RED INTERNET & PHONE CABLE U,0.0
4629,55 - 59,KBW,44.98,49.98,30.0,0.0,VF CABLEMAX,1.0
4630,25 - 29,KBW,34.99,42.99,30.0,0.0,VF CABLEMAX,0.0
4631,25 - 29,NRW,34.98,34.99,30.0,0.0,RED INTERNET & PHONE CABLE U,1.0
4632,25 - 29,NRW,34.98,34.99,30.0,0.0,RED INTERNET & PHONE CABLE U,1.0
4633,40 - 44,NRW,39.99,49.99,30.0,0.0,VF CABLEMAX,0.0
4634,40 - 44,HSN,44.99,39.98,30.0,0.0,VF RIP U-TREUE,1.0
4635,35 - 39,KBW,39.99,44.97,30.0,0.0,VF RIP U-TREUE,1.0
4636,65 - 69,KBW,44.99,39.99,30.0,0.0,VF CABLEMAX,1.0
4637,55 - 59,NRW,42.99,34.99,30.0,0.0,RED INTERNET & PHONE CABLE U,0.0
4638,60 - 64,KBW,39.99,39.99,30.0,0.0,GIGAZUHAUSE KABEL,1.0
4639,30 - 34,NRW,34.99,37.99,30.0,0.0,RED INTERNET & PHONE CABLE U,0.0
4640,30 - 34,NRW,44.98,39.98,30.0,0.0,VF CABLEMAX,1.0
4641,40 - 44,NRW,44.98,39.99,30.0,0.0,RED INTERNET & PHONE CABLE U,0.0
4642,55 - 59,NRW,44.99,69.99,30.0,0.0,VF CABLEMAX,0.0
4643,60 - 64,KBW,34.98,49.99,30.0,0.0,RED INTERNET & PHONE CABLE U,1.0
4644,30 - 34,KBW,34.99,34.99,30.0,0.0,RED INTERNET & PHONE CABLE U,1.0
4645,55 - 59,NRW,44.99,44.96,30.0,0.0,GIGAZUHAUSE TREUE B,1.0
4646,60 - 64,HSN,44.98,29.99,30.0,0.0,RED INTERNET & PHONE CABLE U,1.0
4647,40 - 44,NRW,34.99,39.99,30.0,0.0,VF RIP U-TREUE,0.0
4648,55 - 59,KBW,34.99,44.99,30.0,0.0,RED INTERNET & PHONE CABLE U,0.0
4649,55 - 59,NRW,44.98,42.97,30.0,0.0,RED INTERNET & PHONE CABLE U,1.0
4650,40 - 44,NRW,49.98,34.98,30.0,0.0,VF RIP U-TREUE,1.0
4651,35 - 39,HSN,44.98,45.98,30.0,0.0,VF RIP U-TREUE,1.0
4652,40 - 44,NRW,39.98,44.99,30.0,0.0,VF CABLEMAX,0.0
4653,25 - 29,NRW,39.99,44.99,30.0,0.0,RED INTERNET & PHONE CABLE U,0.0
4654,35 - 39,NRW,34.99,49.98,30.0,0.0,VF RIP U-TREUE,0.0
4655,50 - 54,NRW,34.98,44.99,30.0,0.0,RED INTERNET & PHONE CABLE U,0.0
4656,25 - 29,NRW,49.98,39.98,30.0,0.0,RED INTERNET & PHONE CABLE U,0.0
4657,35 - 39,NRW,34.99,44.98,30.0,0.0,VF RIP U-TREUE,0.0
4658,25 - 29,KBW,34.99,34.98,30.0,0.0,VF RIP U-TREUE,0.0
4659,30 - 34,KBW,44.99,44.98,30.0,0.0,RED INTERNET & PHONE CABLE U,0.0
4660,40 - 44,NRW,39.98,29.98,30.0,0.0,RED INTERNET & PHONE CABLE U,0.0
4661,45 - 49,NRW,39.99,39.99,30.0,0.0,RED INTERNET & PHONE CABLE U,0.0
4662,55 - 59,KBW,29.99,49.99,30.0,0.0,VF RIP U-TREUE,1.0
4663,25 - 29,KBW,34.98,44.99,30.0,0.0,RED INTERNET & PHONE CABLE U,0.0
4664,65 - 69,NRW,39.99,39.98,30.0,0.0,VF CABLEMAX,1.0
4665,35 - 39,HSN,34.99,44.96,30.0,0.0,VF RIP U-TREUE,1.0
4666,35 - 39,KBW,44.99,59.99,30.0,0.0,RED INTERNET & PHONE CABLE U,1.0
4667,30 - 34,KBW,34.98,34.98,30.0,0.0,RED INTERNET & PHONE CABLE U,1.0
4668,60 - 64,KBW,34.99,44.98,30.0,0.0,VF RIP U-TREUE,1.0
4669,35 - 39,NRW,39.98,39.98,30.0,0.0,RED INTERNET & PHONE CABLE U,1.0
4670,35 - 39,KBW,44.98,0.98,30.0,0.0,VF CABLEMAX,0.0
4671,55 - 59,NRW,39.99,39.99,30.0,0.0,VF CABLEMAX,0.0
4672,35 - 39,NRW,42.99,39.99,30.0,0.0,VF RIP U-TREUE,1.0
4673,60 - 64,NRW,34.98,34.99,30.0,0.0,VF RIP U-TREUE,1.0
4674,30 - 34,HSN,44.98,44.98,30.0,0.0,RED INTERNET & PHONE CABLE U,1.0
4675,55 - 59,NRW,44.97,39.98,30.0,0.0,VF RIP U-TREUE,0.0
4676,25 - 29,NRW,44.98,39.99,30.0,0.0,RED INTERNET & PHONE CABLE U,0.0
4677,40 - 44,NRW,49.99,42.98,30.0,0.0,VF CABLEMAX,0.0
4678,30 - 34,NRW,49.97,39.99,30.0,0.0,RED INTERNET & PHONE CABLE U,1.0
4679,55 - 59,KBW,37.99,39.98,30.0,0.0,VF CABLEMAX,0.0
4680,60 - 64,NRW,44.99,34.99,30.0,0.0,RED INTERNET & PHONE CABLE U,1.0
4681,35 - 39,KBW,44.97,44.99,30.0,0.0,RED INTERNET & PHONE CABLE U,1.0
4682,45 - 49,NRW,54.97,37.99,30.0,0.0,RED INTERNET & PHONE CABLE U,0.0
4683,30 - 34,KBW,39.99,44.99,30.0,0.0,RED INTERNET & PHONE CABLE U,0.0
4684,25 - 29,KBW,47.99,44.99,30.0,0.0,RED INTERNET & PHONE CABLE U,1.0
4685,50 - 54,HSN,34.97,49.98,30.0,0.0,RED INTERNET & PHONE CABLE U,1.0
4686,35 - 39,KBW,34.98,44.99,30.0,0.0,RED INTERNET & PHONE CABLE U,1.0
4687,40 - 44,KBW,39.99,39.99,30.0,0.0,GIGAZUHAUSE KABEL,1.0
4688,30 - 34,KBW,37.98,39.98,30.0,0.0,GIGAZUHAUSE KABEL,1.0
4689,25 - 29,NRW,44.98,39.99,30.0,0.0,RED INTERNET & PHONE CABLE U,0.0
4690,45 - 49,KBW,44.99,34.99,30.0,0.0,RED INTERNET & PHONE CABLE U,0.0
4691,35 - 39,NRW,39.98,49.98,30.0,0.0,VF CABLEMAX,1.0
4692,60 - 64,KBW,44.99,44.99,30.0,0.0,RED INTERNET & PHONE CABLE U,0.0
4693,25 - 29,KBW,29.98,49.97,30.0,0.0,VF RIP U-TREUE,0.0
4694,40 - 44,NRW,34.99,34.99,30.0,0.0,VF RIP U-TREUE,1.0
4695,50 - 54,NRW,42.92,32.99,30.0,0.0,RED INTERNET & PHONE CABLE U,0.0
4696,35 - 39,NRW,44.99,44.98,30.0,0.0,GIGAZUHAUSE KABEL,0.0
4697,40 - 44,NRW,39.99,37.99,30.0,0.0,RED INTERNET & PHONE CABLE U,1.0
4698,30 - 34,NRW,44.99,34.97,30.0,0.0,RED INTERNET & PHONE CABLE U,1.0
4699,30 - 34,NRW,39.99,44.98,30.0,0.0,VF RIP U-TREUE,1.0
4700,50 - 54,NRW,39.99,39.98,30.0,0.0,RED INTERNET & PHONE CABLE U,1.0
4701,25 - 29,NRW,44.99,39.98,30.0,0.0,RED INTERNET & PHONE CABLE U,0.0
4702,70 - 74,NRW,39.98,39.98,30.0,0.0,VF CABLEMAX,0.0
4703,30 - 34,HSN,29.98,44.98,30.0,0.0,VF CABLEMAX,0.0
4704,70 - 74,NRW,44.99,34.99,30.0,0.0,RED INTERNET & PHONE CABLE U,0.0
4705,30 - 34,NRW,39.99,39.98,30.0,0.0,RED INTERNET & PHONE CABLE U,0.0
4706,25 - 29,NRW,42.99,42.98,30.0,0.0,RED INTERNET & PHONE CABLE U,0.0
4707,25 - 29,KBW,34.99,44.98,30.0,0.0,RED INTERNET & PHONE CABLE U,0.0
4708,35 - 39,NRW,39.99,34.99,30.0,0.0,VF RIP U-TREUE,1.0
4709,30 - 34,NRW,44.99,44.99,30.0,0.0,RED INTERNET & PHONE CABLE U,0.0
4710,35 - 39,NRW,44.98,49.98,30.0,0.0,RED INTERNET & PHONE CABLE U,1.0
4711,60 - 64,NRW,44.98,44.99,30.0,0.0,RED INTERNET & PHONE CABLE U,0.0
4712,30 - 34,NRW,39.99,44.99,30.0,0.0,RED INTERNET & PHONE CABLE U,1.0
4713,35 - 39,NRW,29.98,44.99,30.0,0.0,RED INTERNET & PHONE CABLE U,1.0
4714,60 - 64,NRW,44.99,39.99,30.0,0.0,RED INTERNET & PHONE CABLE U,1.0
4715,55 - 59,NRW,34.98,39.99,30.0,0.0,VF RIP U-TREUE,0.0
4716,40 - 44,NRW,44.99,39.98,30.0,0.0,GIGAZUHAUSE KABEL,1.0
4717,50 - 54,NRW,39.99,39.97,30.0,0.0,GIGAZUHAUSE KABEL,1.0
4718,18 - 24,KBW,39.98,34.97,30.0,0.0,RED INTERNET & PHONE CABLE U,0.0
4719,35 - 39,NRW,44.98,49.99,30.0,0.0,GIGAZUHAUSE KABEL,1.0
4720,40 - 44,NRW,34.98,44.98,30.0,0.0,VF RIP U-TREUE,0.0
4721,60 - 64,NRW,39.98,34.98,30.0,0.0,RED INTERNET & PHONE CABLE U,1.0
4722,55 - 59,KBW,34.98,19.97,30.0,0.0,VF CABLEMAX,1.0
4723,35 - 39,NRW,49.99,44.99,30.0,0.0,RED INTERNET & PHONE CABLE U,1.0
4724,25 - 29,NRW,62.98,44.99,30.0,0.0,RED INTERNET & PHONE CABLE U,1.0
4725,55 - 59,NRW,39.98,34.99,30.0,0.0,RED INTERNET & PHONE CABLE U,1.0
4726,60 - 64,HSN,44.99,39.99,30.0,0.0,RED INTERNET & PHONE CABLE U,1.0
4727,35 - 39,HSN,49.99,44.99,30.0,0.0,RED INTERNET & PHONE CABLE U,0.0
4728,55 - 59,KBW,44.99,34.99,30.0,1.0,RED INTERNET & PHONE CABLE U,1.0
4729,35 - 39,NRW,39.98,29.99,30.0,0.0,RED INTERNET & PHONE CABLE U,1.0
4730,50 - 54,KBW,34.98,34.98,30.0,0.0,RED INTERNET & PHONE CABLE U,0.0
4731,80 and over,KBW,34.98,44.97,30.0,0.0,GIGAZUHAUSE KABEL,1.0
4732,45 - 49,NRW,34.97,44.99,30.0,0.0,RED INTERNET & PHONE CABLE U,0.0
4733,30 - 34,HSN,34.99,39.99,30.0,0.0,RED INTERNET & PHONE CABLE U,0.0
4734,80 and over,NRW,44.97,34.99,30.0,0.0,VF RIP U-TREUE,1.0
4735,65 - 69,HSN,34.98,49.99,30.0,0.0,GIGAZUHAUSE TREUE C,1.0
4736,40 - 44,NRW,44.96,34.97,30.0,0.0,VF CABLEMAX,0.0
4737,55 - 59,NRW,58.98,49.98,30.0,0.0,VF RIP U-TREUE,1.0
4738,55 - 59,NRW,44.99,39.99,30.0,0.0,RED INTERNET & PHONE CABLE U,1.0
4739,45 - 49,HSN,44.99,34.99,30.0,0.0,VF CABLEMAX,1.0
4740,35 - 39,KBW,39.99,37.98,30.0,0.0,RED INTERNET & PHONE CABLE U,0.0
4741,40 - 44,KBW,39.96,29.99,30.0,0.0,GIGAZUHAUSE KABEL,0.0
4742,65 - 69,KBW,44.98,49.99,30.0,0.0,RED INTERNET & PHONE CABLE U,1.0
4743,40 - 44,NRW,39.98,39.98,30.0,0.0,GIGAZUHAUSE KABEL,1.0
4744,35 - 39,KBW,54.99,34.99,30.0,0.0,RED INTERNET & PHONE CABLE U,1.0
4745,60 - 64,NRW,44.97,49.98,30.0,0.0,RED INTERNET & PHONE CABLE U,0.0
4746,30 - 34,HSN,39.97,39.99,30.0,0.0,VF CABLEMAX,1.0
4747,60 - 64,NRW,44.99,34.98,30.0,0.0,GIGAZUHAUSE KABEL,0.0
4748,60 - 64,HSN,49.95,39.98,30.0,0.0,GIGAZUHAUSE KABEL,1.0
4749,40 - 44,KBW,39.98,34.98,30.0,0.0,RED INTERNET & PHONE CABLE U,0.0
4750,35 - 39,KBW,44.99,34.98,30.0,0.0,RED INTERNET & PHONE CABLE U,1.0
4751,35 - 39,KBW,49.98,44.98,30.0,0.0,RED INTERNET & PHONE CABLE U,1.0
4752,55 - 59,NRW,34.99,39.98,30.0,0.0,VF RIP U-TREUE,0.0
4753,50 - 54,NRW,39.99,44.98,30.0,0.0,RED INTERNET & PHONE CABLE U,1.0
4754,25 - 29,NRW,44.99,39.99,30.0,0.0,VF RIP U-TREUE,0.0
4755,40 - 44,KBW,34.98,44.99,30.0,0.0,VF CABLEMAX,1.0
4756,25 - 29,NRW,49.99,34.99,30.0,0.0,RED INTERNET & PHONE CABLE U,1.0
4757,55 - 59,HSN,34.98,44.99,30.0,0.0,RED INTERNET & PHONE CABLE U,1.0
4758,55 - 59,HSN,39.98,39.99,30.0,0.0,VF RIP U-TREUE,1.0
4759,35 - 39,NRW,44.99,34.99,30.0,0.0,VF RIP U-TREUE,0.0
4760,35 - 39,KBW,34.98,37.99,30.0,0.0,VF CABLEMAX,1.0
4761,40 - 44,NRW,54.99,44.99,30.0,0.0,VF CABLEMAX,0.0
4762,35 - 39,NRW,49.98,39.97,30.0,0.0,RED INTERNET & PHONE CABLE U,1.0
4763,30 - 34,NRW,39.99,34.97,30.0,0.0,RED INTERNET & PHONE CABLE U,0.0
4764,25 - 29,NRW,49.98,39.99,30.0,0.0,VF CABLEMAX,1.0
4765,40 - 44,NRW,34.98,32.98,30.0,0.0,VF CABLEMAX,1.0
4766,35 - 39,KBW,44.99,44.98,30.0,0.0,RED INTERNET & PHONE CABLE U,0.0
4767,35 - 39,KBW,39.98,44.99,30.0,0.0,RED INTERNET & PHONE CABLE U,0.0
4768,30 - 34,KBW,39.99,44.99,30.0,0.0,RED INTERNET & PHONE CABLE U,0.0
4769,40 - 44,KBW,44.97,44.98,30.0,0.0,VF CABLEMAX,0.0
4770,65 - 69,KBW,39.98,44.98,30.0,0.0,VF RIP U-TREUE,0.0
4771,35 - 39,KBW,44.98,44.98,30.0,0.0,RED INTERNET & PHONE CABLE U,0.0
4772,65 - 69,KBW,44.98,39.96,30.0,0.0,VF RIP U-TREUE,1.0
4773,45 - 49,NRW,44.97,34.98,30.0,0.0,RED INTERNET & PHONE CABLE U,1.0
4774,25 - 29,HSN,39.98,39.99,30.0,0.0,RED INTERNET & PHONE CABLE U,0.0
4775,80 and over,KBW,39.99,39.99,30.0,0.0,GIGAZUHAUSE KABEL,1.0
4776,25 - 29,HSN,39.99,49.98,30.0,0.0,VF RIP U-TREUE,1.0
4777,30 - 34,HSN,32.98,39.99,30.0,0.0,RED INTERNET & PHONE CABLE U,0.0
4778,25 - 29,HSN,29.99,34.98,30.0,0.0,RED INTERNET & PHONE CABLE U,1.0
4779,35 - 39,KBW,32.99,37.98,30.0,0.0,GIGAZUHAUSE KABEL,1.0
4780,45 - 49,NRW,44.97,34.99,30.0,0.0,RED INTERNET & PHONE CABLE U,1.0
4781,25 - 29,NRW,39.97,39.99,30.0,0.0,GIGAZUHAUSE KABEL,1.0
4782,50 - 54,NRW,39.99,29.98,30.0,0.0,VF RIP U-TREUE,0.0
4783,40 - 44,NRW,34.99,34.99,30.0,0.0,RED INTERNET & PHONE CABLE U,1.0
4784,55 - 59,KBW,39.97,44.98,30.0,0.0,VF RIP U-TREUE,0.0
4785,55 - 59,NRW,29.99,29.99,30.0,0.0,RED INTERNET & PHONE CABLE U,1.0
4786,40 - 44,NRW,34.99,39.98,30.0,0.0,VF CABLEMAX,0.0
4787,45 - 49,KBW,69.97,44.97,30.0,0.0,GIGAZUHAUSE KABEL,0.0
4788,25 - 29,NRW,29.99,39.99,30.0,0.0,RED INTERNET & PHONE CABLE U,1.0
4789,35 - 39,NRW,49.98,39.99,30.0,0.0,VF CABLEMAX,1.0
4790,35 - 39,KBW,44.99,29.97,30.0,0.0,GIGAZUHAUSE TREUE B,1.0
4791,45 - 49,NRW,42.99,39.99,30.0,0.0,VF RIP U-TREUE,1.0
4792,30 - 34,KBW,29.99,29.98,30.0,0.0,VF RIP U-TREUE,1.0
4793,35 - 39,NRW,44.99,34.98,30.0,0.0,VF CABLEMAX,1.0
4794,25 - 29,KBW,34.98,39.99,30.0,0.0,VF RIP U-TREUE,1.0
4795,30 - 34,NRW,44.99,39.99,30.0,0.0,RED INTERNET & PHONE CABLE U,1.0
4796,45 - 49,NRW,39.98,49.99,30.0,0.0,RED INTERNET & PHONE CABLE U,1.0
4797,30 - 34,NRW,44.98,38.98,30.0,0.0,RED INTERNET & PHONE CABLE U,0.0
4798,50 - 54,NRW,34.99,39.98,30.0,0.0,RED INTERNET & PHONE CABLE U,0.0
4799,35 - 39,NRW,44.99,49.98,30.0,0.0,RED INTERNET & PHONE CABLE U,0.0
4800,55 - 59,NRW,29.98,44.98,30.0,0.0,VF RIP U-TREUE,1.0
4801,50 - 54,KBW,34.98,39.98,30.0,0.0,RED INTERNET & PHONE CABLE U,1.0
4802,30 - 34,KBW,39.97,29.98,30.0,0.0,RED INTERNET & PHONE CABLE U,0.0
4803,35 - 39,KBW,37.99,44.98,30.0,0.0,RED INTERNET & PHONE CABLE U,0.0
4804,60 - 64,KBW,44.99,34.98,30.0,0.0,RED INTERNET & PHONE CABLE U,0.0
4805,60 - 64,NRW,39.98,34.98,30.0,0.0,VF RIP U-TREUE,1.0
4806,35 - 39,KBW,29.96,34.99,30.0,0.0,RED INTERNET & PHONE CABLE U,1.0
4807,30 - 34,NRW,39.99,34.98,30.0,0.0,RED INTERNET & PHONE CABLE U,0.0
4808,30 - 34,NRW,34.98,34.99,30.0,0.0,VF RIP U-TREUE,0.0
4809,40 - 44,KBW,39.98,34.98,30.0,0.0,RED INTERNET & PHONE CABLE U,0.0
4810,60 - 64,NRW,44.99,71.99,30.0,0.0,RED INTERNET & PHONE CABLE U,0.0
4811,40 - 44,NRW,39.98,39.98,30.0,0.0,RED INTERNET & PHONE CABLE U,1.0
4812,25 - 29,NRW,44.99,34.98,30.0,0.0,VF RIP U-TREUE,1.0
4813,40 - 44,NRW,39.97,34.98,30.0,0.0,RED INTERNET & PHONE CABLE U,0.0
4814,35 - 39,NRW,34.98,49.98,30.0,0.0,RED INTERNET & PHONE CABLE U,1.0
4815,35 - 39,NRW,39.99,54.99,30.0,0.0,RED INTERNET & PHONE CABLE U,1.0
4816,25 - 29,KBW,44.99,34.99,30.0,0.0,VF RIP U-TREUE,1.0
4817,55 - 59,KBW,34.98,39.99,30.0,0.0,RED INTERNET & PHONE CABLE U,1.0
4818,45 - 49,NRW,44.99,39.99,30.0,0.0,RED INTERNET & PHONE CABLE U,1.0
4819,30 - 34,KBW,34.99,49.98,30.0,0.0,RED INTERNET & PHONE CABLE U,0.0
4820,65 - 69,NRW,34.98,34.99,30.0,0.0,VF RIP U-TREUE,0.0
4821,25 - 29,NRW,44.99,34.99,30.0,0.0,VF RIP U-TREUE,1.0
4822,45 - 49,NRW,44.99,47.99,30.0,0.0,RED INTERNET & PHONE CABLE U,1.0
4823,25 - 29,NRW,39.98,39.97,30.0,0.0,GIGAZUHAUSE KABEL,0.0
4824,55 - 59,KBW,39.98,44.99,30.0,0.0,RED INTERNET & PHONE CABLE U,1.0
4825,45 - 49,NRW,43.98,44.99,30.0,0.0,RED INTERNET & PHONE CABLE U,1.0
4826,30 - 34,NRW,34.99,39.98,30.0,0.0,RED INTERNET & PHONE CABLE U,0.0
4827,60 - 64,NRW,58.99,49.98,30.0,0.0,RED INTERNET & PHONE CABLE U,1.0
4828,70 - 74,NRW,44.99,44.98,30.0,0.0,RED INTERNET & PHONE CABLE U,1.0
4829,50 - 54,NRW,44.98,44.98,30.0,0.0,RED INTERNET & PHONE CABLE U,0.0
4830,40 - 44,NRW,39.99,44.98,30.0,0.0,VF RIP U-TREUE,1.0
4831,25 - 29,KBW,44.99,34.98,30.0,0.0,RED INTERNET & PHONE CABLE U,0.0
4832,50 - 54,NRW,44.97,29.99,30.0,0.0,VF CABLEMAX,0.0
4833,25 - 29,HSN,34.98,34.99,30.0,0.0,RED INTERNET & PHONE CABLE U,1.0
4834,30 - 34,NRW,39.96,39.99,30.0,0.0,GIGAZUHAUSE KABEL,1.0
4835,55 - 59,NRW,34.98,49.99,30.0,0.0,GIGAZUHAUSE KABEL,0.0
4836,35 - 39,NRW,44.98,44.98,30.0,0.0,VF CABLEMAX,0.0
4837,35 - 39,HSN,34.98,39.99,30.0,0.0,RED INTERNET & PHONE CABLE U,0.0
4838,70 - 74,KBW,39.97,44.98,30.0,0.0,RED INTERNET & PHONE CABLE U,1.0
4839,25 - 29,NRW,44.98,39.99,30.0,0.0,RED INTERNET & PHONE CABLE U,0.0
4840,40 - 44,NRW,44.98,44.99,30.0,0.0,RED INTERNET & PHONE CABLE U,0.0
4841,65 - 69,HSN,0.99,34.98,30.0,0.0,RED INTERNET & PHONE CABLE U,0.0
4842,60 - 64,NRW,39.99,44.99,30.0,0.0,RED INTERNET & PHONE CABLE U,0.0
4843,50 - 54,NRW,34.98,44.99,30.0,1.0,RED INTERNET & PHONE CABLE U,0.0
4844,25 - 29,NRW,44.98,37.99,30.0,0.0,RED INTERNET & PHONE CABLE U,1.0
4845,60 - 64,KBW,44.99,34.98,30.0,0.0,RED INTERNET & PHONE CABLE U,0.0
4846,40 - 44,NRW,44.99,49.98,30.0,0.0,VF RIP U-TREUE,0.0
4847,50 - 54,NRW,34.99,44.97,30.0,0.0,RED INTERNET & PHONE CABLE U,0.0
4848,35 - 39,NRW,44.98,39.99,30.0,0.0,RED INTERNET & PHONE CABLE U,1.0
4849,35 - 39,NRW,39.99,42.98,30.0,0.0,RED INTERNET & PHONE CABLE U,1.0
4850,25 - 29,HSN,39.98,49.99,30.0,0.0,RED INTERNET & PHONE CABLE U,1.0
4851,35 - 39,NRW,39.98,34.98,30.0,0.0,VF RIP U-TREUE,0.0
4852,25 - 29,NRW,39.99,44.97,30.0,0.0,RED INTERNET & PHONE CABLE U,1.0
4853,55 - 59,NRW,42.99,34.98,30.0,0.0,RED INTERNET & PHONE CABLE U,0.0
4854,30 - 34,NRW,39.99,44.98,30.0,0.0,VF CABLEMAX,1.0
4855,60 - 64,NRW,49.97,39.98,30.0,0.0,VF CABLEMAX,1.0
4856,55 - 59,HSN,44.99,49.97,30.0,0.0,RED INTERNET & PHONE CABLE U,1.0
4857,55 - 59,KBW,39.99,44.99,30.0,0.0,RED INTERNET & PHONE CABLE U,1.0
4858,40 - 44,NRW,42.99,34.99,30.0,0.0,RED INTERNET & PHONE CABLE U,0.0
4859,25 - 29,NRW,39.99,44.99,30.0,0.0,RED INTERNET & PHONE CABLE U,0.0
4860,35 - 39,NRW,34.97,34.99,30.0,0.0,VF RIP U-TREUE,1.0
4861,40 - 44,KBW,39.98,44.99,30.0,0.0,RED INTERNET & PHONE CABLE U,1.0
4862,60 - 64,NRW,54.99,39.99,30.0,0.0,VF RIP U-TREUE,0.0
4863,30 - 34,NRW,62.98,34.99,30.0,0.0,RED INTERNET & PHONE CABLE U,1.0
4864,35 - 39,NRW,44.98,34.99,30.0,0.0,VF CABLEMAX,0.0
4865,25 - 29,NRW,39.98,44.99,30.0,0.0,VF RIP U-TREUE,0.0
4866,40 - 44,HSN,34.97,32.99,30.0,0.0,VF CABLEMAX,0.0
4867,30 - 34,NRW,49.98,39.99,30.0,0.0,RED INTERNET & PHONE CABLE U,1.0
4868,80 and over,HSN,39.99,39.99,30.0,0.0,VF CABLEMAX,1.0
4869,35 - 39,NRW,39.99,39.99,30.0,0.0,RED INTERNET & PHONE CABLE U,0.0
4870,30 - 34,KBW,34.99,44.99,30.0,0.0,VF CABLEMAX,1.0
4871,40 - 44,NRW,24.98,49.99,30.0,0.0,RED INTERNET & PHONE CABLE U,0.0
4872,30 - 34,NRW,42.98,34.99,30.0,0.0,VF CABLEMAX,0.0
4873,40 - 44,NRW,44.98,39.99,30.0,0.0,VF RIP U-TREUE,1.0
4874,40 - 44,KBW,44.99,44.99,30.0,0.0,RED INTERNET & PHONE CABLE U,0.0
4876,45 - 49,HSN,44.97,42.98,30.0,0.0,VF RIP U-TREUE,1.0
4877,45 - 49,KBW,44.99,34.98,30.0,0.0,RED INTERNET & PHONE CABLE U,0.0
4878,25 - 29,KBW,49.99,44.98,30.0,0.0,VF CABLEMAX,0.0
4879,30 - 34,KBW,44.99,34.97,30.0,0.0,RED INTERNET & PHONE CABLE U,1.0
4880,45 - 49,NRW,44.98,39.98,30.0,0.0,VF RIP U-TREUE,0.0
4881,80 and over,NRW,34.99,44.99,30.0,0.0,GIGAZUHAUSE KABEL,0.0
4882,55 - 59,NRW,47.98,39.99,30.0,0.0,VF RIP U-TREUE,0.0
4883,60 - 64,NRW,44.98,54.99,30.0,0.0,RED INTERNET & PHONE CABLE U,1.0
4884,35 - 39,HSN,44.98,39.99,30.0,0.0,RED INTERNET & PHONE CABLE U,1.0
4885,40 - 44,KBW,34.99,44.99,30.0,0.0,RED INTERNET & PHONE CABLE U,1.0
4886,30 - 34,NRW,39.98,29.98,30.0,0.0,GIGAZUHAUSE TREUE C,0.0
4887,35 - 39,NRW,44.98,42.94,30.0,0.0,RED INTERNET & PHONE CABLE U,0.0
4888,50 - 54,NRW,44.99,49.98,30.0,0.0,RED INTERNET & PHONE CABLE U,0.0
4889,55 - 59,KBW,34.98,44.99,30.0,0.0,RED INTERNET & PHONE CABLE U,1.0
4890,40 - 44,NRW,29.97,44.98,30.0,0.0,GIGAZUHAUSE KABEL,0.0
4891,35 - 39,NRW,44.98,49.99,30.0,0.0,RED INTERNET & PHONE CABLE U,1.0
4892,50 - 54,NRW,39.99,42.98,30.0,0.0,VF RIP U-TREUE,1.0
4893,35 - 39,KBW,49.97,54.99,30.0,0.0,RED INTERNET & PHONE CABLE U,1.0
4894,35 - 39,NRW,44.99,39.99,30.0,0.0,RED INTERNET & PHONE CABLE U,0.0
4895,55 - 59,NRW,44.99,44.98,30.0,0.0,VF CABLEMAX,0.0
4896,40 - 44,NRW,39.97,34.99,30.0,0.0,RED INTERNET & PHONE CABLE U,1.0
4897,60 - 64,NRW,49.99,29.99,30.0,0.0,RED INTERNET & PHONE CABLE U,0.0
4898,55 - 59,NRW,29.98,39.99,30.0,0.0,RED INTERNET & PHONE CABLE U,0.0
4899,30 - 34,NRW,34.99,49.99,30.0,0.0,RED INTERNET & PHONE CABLE U,0.0
4900,40 - 44,NRW,54.99,39.98,30.0,0.0,VF CABLEMAX,1.0
4901,35 - 39,NRW,39.97,29.99,30.0,0.0,VF CABLEMAX,0.0
4902,30 - 34,NRW,39.99,32.99,30.0,0.0,VF RIP U-TREUE,0.0
4903,40 - 44,NRW,29.99,34.99,30.0,0.0,RED INTERNET & PHONE CABLE U,1.0
4904,40 - 44,NRW,34.99,49.98,30.0,0.0,RED INTERNET & PHONE CABLE U,0.0
4905,35 - 39,NRW,44.99,49.99,30.0,0.0,RED INTERNET & PHONE CABLE U,0.0
4906,35 - 39,NRW,39.99,39.97,30.0,0.0,VF RIP U-TREUE,0.0
4907,45 - 49,NRW,37.98,39.99,30.0,0.0,RED INTERNET & PHONE CABLE U,1.0
4908,30 - 34,NRW,39.99,34.99,30.0,0.0,RED INTERNET & PHONE CABLE U,1.0
4909,35 - 39,KBW,49.99,49.98,30.0,0.0,VF RIP U-TREUE,1.0
4910,35 - 39,KBW,34.99,44.98,30.0,0.0,RED INTERNET & PHONE CABLE U,1.0
4911,60 - 64,NRW,44.98,34.99,30.0,0.0,VF RIP U-TREUE,1.0
4912,40 - 44,NRW,34.99,49.98,30.0,0.0,VF RIP U-TREUE,1.0
4913,50 - 54,KBW,44.97,44.99,30.0,0.0,VF RIP U-TREUE,1.0
4914,60 - 64,NRW,35.99,29.98,30.0,0.0,GIGAZUHAUSE KABEL,0.0
4915,30 - 34,NRW,39.99,32.99,30.0,0.0,VF RIP U-TREUE,1.0
4916,25 - 29,HSN,44.99,11.99,30.0,0.0,GIGAZUHAUSE KABEL,1.0
4917,55 - 59,NRW,39.99,34.98,30.0,0.0,RED INTERNET & PHONE CABLE U,1.0
4918,40 - 44,NRW,39.97,39.99,30.0,0.0,VF CABLEMAX,1.0
4919,40 - 44,HSN,39.99,34.98,30.0,0.0,RED INTERNET & PHONE CABLE U,1.0
4920,40 - 44,KBW,29.98,54.98,30.0,0.0,RED INTERNET & PHONE CABLE U,0.0
4921,35 - 39,KBW,44.98,29.99,30.0,0.0,RED INTERNET & PHONE CABLE U,0.0
4922,75 - 79,KBW,34.98,39.99,30.0,0.0,VF CABLEMAX,0.0
4923,30 - 34,NRW,39.99,39.97,30.0,0.0,RED INTERNET & PHONE CABLE U,1.0
4924,70 - 74,KBW,29.98,39.99,30.0,0.0,RED INTERNET & PHONE CABLE U,0.0
4925,25 - 29,NRW,44.97,37.99,30.0,0.0,RED INTERNET & PHONE CABLE U,1.0
4926,35 - 39,NRW,44.99,44.99,30.0,0.0,VF RIP U-TREUE,1.0
4927,35 - 39,NRW,71.96,39.99,30.0,0.0,RED INTERNET & PHONE CABLE U,0.0
4928,40 - 44,NRW,29.98,29.99,30.0,0.0,VF CABLEMAX,0.0
4929,35 - 39,HSN,39.99,39.98,30.0,0.0,RED INTERNET & PHONE CABLE U,0.0
4930,25 - 29,NRW,39.97,39.98,30.0,0.0,GIGAZUHAUSE KABEL,1.0
4931,18 - 24,KBW,39.99,37.99,30.0,0.0,VF RIP U-TREUE,0.0
4932,35 - 39,NRW,39.99,34.99,30.0,0.0,RED INTERNET & PHONE CABLE U,0.0
4933,35 - 39,NRW,34.98,39.99,30.0,0.0,RED INTERNET & PHONE CABLE U,1.0
4934,35 - 39,NRW,39.99,49.97,30.0,0.0,RED INTERNET & PHONE CABLE U,0.0
4935,35 - 39,NRW,34.98,39.99,30.0,0.0,VF CABLEMAX,1.0
4936,60 - 64,NRW,34.97,39.98,30.0,0.0,RED INTERNET & PHONE CABLE U,0.0
4937,35 - 39,NRW,39.97,44.99,30.0,0.0,VF RIP U-TREUE,0.0
4938,35 - 39,KBW,39.98,34.99,30.0,0.0,RED INTERNET & PHONE CABLE U,0.0
4939,25 - 29,KBW,34.99,39.98,30.0,0.0,VF RIP U-TREUE,0.0
4940,30 - 34,KBW,39.97,29.99,30.0,0.0,VF CABLEMAX,1.0
4941,60 - 64,KBW,44.98,39.97,30.0,0.0,GIGAZUHAUSE KABEL,0.0
4942,18 - 24,NRW,29.98,39.97,30.0,0.0,RED INTERNET & PHONE CABLE U,1.0
4943,35 - 39,NRW,34.98,34.99,30.0,0.0,RED INTERNET & PHONE CABLE U,0.0
4944,40 - 44,HSN,39.98,37.99,30.0,0.0,RED INTERNET & PHONE CABLE U,0.0
4945,35 - 39,KBW,44.99,44.98,30.0,0.0,VF RIP U-TREUE,1.0
4946,40 - 44,NRW,39.99,44.99,30.0,0.0,VF RIP U-TREUE,1.0
4947,45 - 49,HSN,44.99,42.98,30.0,0.0,RED INTERNET & PHONE CABLE U,1.0
4948,60 - 64,KBW,32.99,39.99,30.0,0.0,GIGAZUHAUSE KABEL,0.0
4949,40 - 44,KBW,34.97,44.96,6.0,0.0,VF RIP U-TREUE,1.0
4950,65 - 69,KBW,44.98,39.98,30.0,0.0,RED INTERNET & PHONE CABLE U,1.0
4951,45 - 49,NRW,39.98,39.99,30.0,0.0,VF RIP U-TREUE,1.0
4952,30 - 34,NRW,49.99,44.97,30.0,0.0,RED INTERNET & PHONE CABLE U,0.0
4953,30 - 34,NRW,39.99,39.99,30.0,0.0,RED INTERNET & PHONE CABLE U,1.0
4954,55 - 59,NRW,44.98,49.99,30.0,0.0,VF RIP U-TREUE,0.0
4955,65 - 69,HSN,44.99,49.99,30.0,0.0,RED INTERNET & PHONE CABLE U,1.0
4956,35 - 39,NRW,34.99,44.98,30.0,0.0,GIGAZUHAUSE KABEL,0.0
4957,60 - 64,HSN,44.98,39.98,30.0,0.0,VF RIP U-TREUE,0.0
4958,40 - 44,NRW,54.98,49.98,30.0,0.0,RED INTERNET & PHONE CABLE U,1.0
4959,40 - 44,NRW,39.97,42.98,30.0,0.0,RED INTERNET & PHONE CABLE U,0.0
4960,50 - 54,KBW,44.97,52.99,30.0,0.0,RED INTERNET & PHONE CABLE U,1.0
4961,30 - 34,KBW,59.98,39.97,30.0,0.0,RED INTERNET & PHONE CABLE U,0.0
4962,18 - 24,NRW,44.99,39.98,30.0,0.0,RED INTERNET & PHONE CABLE U,0.0
4963,60 - 64,NRW,44.99,29.99,30.0,0.0,VF CABLEMAX,1.0
4964,55 - 59,NRW,44.99,34.99,30.0,0.0,RED INTERNET & PHONE CABLE U,0.0
4965,35 - 39,KBW,44.97,39.99,30.0,0.0,RED INTERNET & PHONE CABLE U,1.0
4966,70 - 74,NRW,34.98,53.99,30.0,0.0,VF RIP U-TREUE,1.0
4967,25 - 29,NRW,44.99,39.99,30.0,0.0,GIGAZUHAUSE KABEL,0.0
4968,35 - 39,NRW,49.96,44.99,30.0,0.0,VF RIP U-TREUE,1.0
4969,55 - 59,KBW,44.99,49.99,30.0,0.0,VF RIP U-TREUE,0.0
4970,30 - 34,NRW,49.99,39.99,30.0,0.0,RED INTERNET & PHONE CABLE U,1.0
4971,50 - 54,KBW,37.98,44.99,30.0,0.0,RED INTERNET & PHONE CABLE U,0.0
4972,40 - 44,KBW,44.99,29.99,30.0,0.0,VF RIP U-TREUE,1.0
4973,35 - 39,NRW,39.98,54.97,30.0,0.0,GIGAZUHAUSE TREUE C,1.0
4974,45 - 49,KBW,39.99,37.99,30.0,0.0,RED INTERNET & PHONE CABLE U,1.0
4975,55 - 59,HSN,42.98,44.98,30.0,0.0,RED INTERNET & PHONE CABLE U,0.0
4976,80 and over,NRW,34.98,44.98,30.0,0.0,RED INTERNET & PHONE CABLE U,0.0
4977,50 - 54,NRW,39.98,44.97,30.0,0.0,RED INTERNET & PHONE CABLE U,0.0
4978,30 - 34,NRW,39.99,39.98,30.0,1.0,VF RIP U-TREUE,0.0
4979,35 - 39,NRW,44.98,39.98,30.0,0.0,RED INTERNET & PHONE CABLE U,1.0
4980,30 - 34,KBW,44.98,44.98,30.0,0.0,VF RIP U-TREUE,0.0
4981,35 - 39,NRW,44.99,44.98,30.0,0.0,RED INTERNET & PHONE CABLE U,0.0
4982,30 - 34,KBW,34.99,54.98,30.0,0.0,RED INTERNET & PHONE CABLE U,1.0
4983,30 - 34,NRW,34.98,39.99,30.0,0.0,GIGAZUHAUSE KABEL,1.0
4984,60 - 64,NRW,44.99,48.97,30.0,0.0,RED INTERNET & PHONE CABLE U,0.0
4985,60 - 64,NRW,39.99,39.98,30.0,0.0,VF RIP U-TREUE,0.0
4986,50 - 54,KBW,39.97,34.98,30.0,0.0,VF CABLEMAX,0.0
4987,45 - 49,NRW,39.99,34.98,30.0,0.0,RED INTERNET & PHONE CABLE U,1.0
4988,60 - 64,NRW,39.97,44.98,30.0,0.0,RED INTERNET & PHONE CABLE U,1.0
4989,30 - 34,KBW,44.98,39.99,30.0,0.0,RED INTERNET & PHONE CABLE U,1.0
4990,45 - 49,HSN,63.97,39.97,30.0,0.0,VF RIP U-TREUE,0.0
4991,35 - 39,NRW,54.99,49.99,30.0,0.0,VF CABLEMAX,1.0
4992,30 - 34,NRW,49.99,44.98,30.0,0.0,VF CABLEMAX,0.0
4993,18 - 24,KBW,39.99,44.99,30.0,0.0,GIGAZUHAUSE KABEL,1.0
4994,25 - 29,NRW,39.99,39.99,30.0,0.0,VF CABLEMAX,1.0
4995,55 - 59,KBW,39.99,32.99,30.0,0.0,RED INTERNET & PHONE CABLE U,1.0
4996,50 - 54,HSN,34.98,34.99,30.0,0.0,GIGAZUHAUSE KABEL,0.0
4997,35 - 39,KBW,39.98,44.98,30.0,0.0,RED INTERNET & PHONE CABLE U,0.0
4998,30 - 34,KBW,39.98,49.97,30.0,0.0,RED INTERNET & PHONE CABLE U,1.0
4999,35 - 39,HSN,37.98,49.98,30.0,0.0,RED INTERNET & PHONE CABLE U,1.0
5000,25 - 29,NRW,39.98,39.99,30.0,0.0,RED INTERNET & PHONE CABLE U,0.0
5001,35 - 39,NRW,24.98,39.97,30.0,0.0,VF RIP U-TREUE,1.0
5002,50 - 54,NRW,39.99,39.95,30.0,0.0,VF CABLEMAX,0.0
5003,25 - 29,HSN,34.97,39.99,699.0,0.0,RED INTERNET & PHONE CABLE U,0.0
5004,80 and over,HSN,49.98,54.99,30.0,0.0,GIGAZUHAUSE TREUE B,0.0
5005,25 - 29,NRW,39.99,39.98,30.0,0.0,RED INTERNET & PHONE CABLE U,0.0
5006,45 - 49,NRW,39.99,48.98,30.0,0.0,RED INTERNET & PHONE CABLE U,1.0
5007,50 - 54,NRW,39.98,44.98,30.0,0.0,VF CABLEMAX,1.0
5008,50 - 54,KBW,39.99,44.98,30.0,0.0,VF RIP U-TREUE,0.0
5009,45 - 49,NRW,49.98,39.98,30.0,0.0,RED INTERNET & PHONE CABLE U,0.0
5010,25 - 29,NRW,44.98,54.99,30.0,0.0,RED INTERNET & PHONE CABLE U,1.0
5011,80 and over,HSN,39.98,62.99,30.0,0.0,RED INTERNET & PHONE CABLE U,0.0
5012,55 - 59,NRW,44.98,47.97,30.0,0.0,GIGAZUHAUSE KABEL,1.0
5013,35 - 39,KBW,49.98,34.99,30.0,0.0,VF RIP U-TREUE,0.0
5014,35 - 39,NRW,44.99,34.99,30.0,0.0,RED INTERNET & PHONE CABLE U,0.0
5015,35 - 39,KBW,44.98,34.99,30.0,0.0,GIGAZUHAUSE KABEL,1.0
5016,40 - 44,KBW,39.98,44.98,30.0,0.0,VF CABLEMAX,1.0
5017,40 - 44,KBW,44.98,39.99,30.0,0.0,VF CABLEMAX,0.0
5018,25 - 29,KBW,39.98,44.97,30.0,0.0,RED INTERNET & PHONE CABLE U,0.0
5019,40 - 44,NRW,39.99,39.99,30.0,0.0,VF RIP U-TREUE,0.0
5020,35 - 39,NRW,29.99,34.98,30.0,0.0,GIGAZUHAUSE KABEL,1.0
5021,55 - 59,NRW,44.97,39.99,30.0,0.0,VF RIP U-TREUE,1.0
5022,25 - 29,KBW,39.98,39.98,30.0,0.0,VF RIP U-TREUE,0.0
5023,30 - 34,NRW,3.0,54.98,30.0,0.0,VF RIP U-TREUE,1.0
5024,55 - 59,NRW,39.99,44.97,30.0,0.0,RED INTERNET & PHONE CABLE U,1.0
5025,35 - 39,NRW,34.99,34.98,30.0,0.0,GIGAZUHAUSE KABEL,0.0
5026,40 - 44,KBW,44.99,44.98,30.0,0.0,RED INTERNET & PHONE CABLE U,0.0
5027,35 - 39,KBW,37.99,34.99,30.0,0.0,RED INTERNET & PHONE CABLE U,1.0
5028,35 - 39,KBW,34.99,39.99,30.0,0.0,RED INTERNET & PHONE CABLE U,0.0
5029,30 - 34,NRW,32.98,44.99,30.0,0.0,GIGAZUHAUSE KABEL,0.0
5030,25 - 29,NRW,32.99,34.99,30.0,0.0,VF RIP U-TREUE,0.0
5031,60 - 64,NRW,34.99,27.99,30.0,0.0,VF RIP U-TREUE,1.0
5032,60 - 64,KBW,44.98,39.97,30.0,0.0,RED INTERNET & PHONE CABLE U,1.0
5033,45 - 49,KBW,34.98,44.99,30.0,0.0,RED INTERNET & PHONE CABLE U,0.0
5034,35 - 39,NRW,44.99,49.99,30.0,0.0,RED INTERNET & PHONE CABLE U,1.0
5035,45 - 49,NRW,29.99,39.99,30.0,0.0,VF RIP U-TREUE,0.0
5036,60 - 64,KBW,59.97,49.98,30.0,0.0,GIGAZUHAUSE KABEL,0.0
5037,30 - 34,HSN,39.99,34.99,30.0,0.0,GIGAZUHAUSE KABEL,0.0
5038,40 - 44,KBW,34.99,32.97,30.0,0.0,RED INTERNET & PHONE CABLE U,1.0
5039,35 - 39,NRW,39.99,39.98,30.0,0.0,RED INTERNET & PHONE CABLE U,0.0
5040,30 - 34,NRW,44.99,44.97,30.0,0.0,RED INTERNET & PHONE CABLE U,0.0
5041,55 - 59,NRW,39.97,34.99,30.0,0.0,RED INTERNET & PHONE CABLE U,0.0
5042,70 - 74,NRW,34.99,39.99,30.0,0.0,GIGAZUHAUSE KABEL,0.0
5043,50 - 54,KBW,39.98,29.99,30.0,0.0,VF RIP U-TREUE,1.0
5044,30 - 34,KBW,39.99,44.98,30.0,0.0,VF RIP U-TREUE,0.0
5045,35 - 39,NRW,34.98,44.99,30.0,0.0,RED INTERNET & PHONE CABLE U,1.0
5046,40 - 44,KBW,34.98,39.99,30.0,0.0,RED INTERNET & PHONE CABLE U,1.0
5047,30 - 34,NRW,44.99,44.99,30.0,0.0,VF CABLEMAX,1.0
5048,35 - 39,KBW,44.98,39.99,30.0,0.0,RED INTERNET & PHONE CABLE U,0.0
5049,25 - 29,NRW,39.99,42.99,30.0,0.0,RED INTERNET & PHONE CABLE U,1.0
5050,50 - 54,NRW,34.99,37.98,30.0,0.0,VF RIP U-TREUE,1.0
5051,45 - 49,NRW,34.98,44.99,30.0,0.0,VF RIP U-TREUE,0.0
5052,40 - 44,HSN,39.98,34.99,30.0,0.0,RED INTERNET & PHONE CABLE U,1.0
5053,45 - 49,NRW,37.98,49.99,30.0,0.0,RED INTERNET & PHONE CABLE U,0.0
5054,55 - 59,NRW,34.99,54.97,30.0,0.0,RED INTERNET & PHONE CABLE U,0.0
5055,35 - 39,NRW,49.99,39.99,30.0,0.0,RED INTERNET & PHONE CABLE U,0.0
5056,55 - 59,NRW,39.98,39.97,30.0,0.0,VF RIP U-TREUE,0.0
5057,25 - 29,KBW,39.98,29.98,30.0,0.0,VF CABLEMAX,0.0
5058,55 - 59,NRW,34.99,49.98,30.0,0.0,RED INTERNET & PHONE CABLE U,1.0
5059,55 - 59,NRW,39.99,39.98,30.0,0.0,RED INTERNET & PHONE CABLE U,1.0
5060,35 - 39,KBW,34.99,34.98,30.0,0.0,VF RIP U-TREUE,0.0
5061,60 - 64,KBW,37.99,39.99,30.0,0.0,VF RIP U-TREUE,0.0
5062,50 - 54,NRW,34.99,39.99,30.0,0.0,RED INTERNET & PHONE CABLE U,1.0
5063,25 - 29,NRW,44.98,44.98,30.0,0.0,RED INTERNET & PHONE CABLE U,0.0
5064,30 - 34,NRW,39.98,44.99,30.0,0.0,GIGAZUHAUSE KABEL,1.0
5065,30 - 34,NRW,34.99,34.98,30.0,0.0,RED INTERNET & PHONE CABLE U,1.0
5066,30 - 34,NRW,44.98,44.99,30.0,1.0,RED INTERNET & PHONE CABLE U,1.0
5067,80 and over,NRW,29.99,39.99,30.0,0.0,RED INTERNET & PHONE CABLE U,0.0
5068,50 - 54,NRW,37.99,34.98,30.0,0.0,RED INTERNET & PHONE CABLE U,0.0
5069,35 - 39,NRW,44.98,34.98,30.0,0.0,RED INTERNET & PHONE CABLE U,0.0
5070,40 - 44,NRW,44.98,34.98,30.0,0.0,VF RIP U-TREUE,0.0
5071,65 - 69,NRW,34.98,39.99,30.0,0.0,RED INTERNET & PHONE CABLE U,1.0
5072,30 - 34,NRW,39.98,39.99,30.0,0.0,GIGAZUHAUSE KABEL,0.0
5073,30 - 34,NRW,52.99,34.98,30.0,0.0,RED INTERNET & PHONE CABLE U,1.0
5074,60 - 64,NRW,49.98,49.98,30.0,0.0,RED INTERNET & PHONE CABLE U,0.0
5075,55 - 59,KBW,44.97,44.98,30.0,0.0,VF CABLEMAX,1.0
5076,35 - 39,NRW,34.98,39.98,30.0,0.0,GIGAZUHAUSE KABEL,1.0
5077,35 - 39,NRW,32.98,37.99,30.0,0.0,VF CABLEMAX,1.0
5078,30 - 34,NRW,44.97,39.98,30.0,0.0,VF CABLEMAX,0.0
5079,30 - 34,NRW,24.98,39.99,30.0,0.0,RED INTERNET & PHONE CABLE U,1.0
5080,30 - 34,NRW,49.98,39.98,30.0,0.0,RED INTERNET & PHONE CABLE U,0.0
5081,30 - 34,HSN,44.99,39.98,30.0,0.0,RED INTERNET & PHONE CABLE U,0.0
5082,40 - 44,KBW,34.99,34.99,30.0,0.0,RED INTERNET & PHONE CABLE U,0.0
5083,55 - 59,KBW,39.99,39.99,30.0,0.0,GIGAZUHAUSE KABEL,1.0
5084,50 - 54,NRW,39.96,39.98,30.0,0.0,VF CABLEMAX,0.0
5085,30 - 34,KBW,71.98,34.98,30.0,0.0,RED INTERNET & PHONE CABLE U,1.0
5086,30 - 34,NRW,44.98,44.99,30.0,0.0,VF CABLEMAX,1.0
5087,55 - 59,NRW,49.99,29.97,30.0,0.0,RED INTERNET & PHONE CABLE U,1.0
5088,60 - 64,HSN,44.99,44.99,30.0,0.0,VF RIP U-TREUE,1.0
5089,50 - 54,NRW,39.99,49.97,30.0,0.0,VF RIP U-TREUE,1.0
5090,35 - 39,NRW,34.97,69.99,30.0,0.0,RED INTERNET & PHONE CABLE U,0.0
5091,25 - 29,KBW,44.99,44.98,30.0,0.0,RED INTERNET & PHONE CABLE U,1.0
5092,35 - 39,NRW,42.99,44.99,30.0,0.0,RED INTERNET & PHONE CABLE U,1.0
5093,35 - 39,KBW,44.99,44.99,30.0,0.0,VF RIP U-TREUE,1.0
5094,30 - 34,NRW,39.99,32.99,30.0,0.0,RED INTERNET & PHONE CABLE U,0.0
5095,60 - 64,NRW,39.98,34.97,30.0,0.0,RED INTERNET & PHONE CABLE U,0.0
5096,50 - 54,KBW,32.97,34.98,30.0,0.0,RED INTERNET & PHONE CABLE U,0.0
5097,40 - 44,NRW,44.99,34.99,30.0,0.0,VF RIP U-TREUE,1.0
5098,25 - 29,KBW,58.98,39.98,30.0,0.0,VF CABLEMAX,1.0
5099,25 - 29,NRW,44.98,44.98,30.0,0.0,RED INTERNET & PHONE CABLE U,1.0
5100,18 - 24,NRW,39.98,54.99,30.0,0.0,VF CABLEMAX,0.0
5101,35 - 39,KBW,42.99,29.99,30.0,0.0,RED INTERNET & PHONE CABLE U,1.0
5102,25 - 29,KBW,44.99,39.98,30.0,0.0,VF RIP U-TREUE,1.0
5103,35 - 39,NRW,49.99,34.98,30.0,0.0,RED INTERNET & PHONE CABLE U,0.0
5104,60 - 64,NRW,39.98,44.99,30.0,0.0,VF RIP U-TREUE,0.0
5105,45 - 49,NRW,34.98,29.99,30.0,0.0,VF CABLEMAX,1.0
5106,60 - 64,NRW,49.98,42.99,30.0,0.0,RED INTERNET & PHONE CABLE U,0.0
5107,30 - 34,NRW,44.98,44.97,30.0,0.0,RED INTERNET & PHONE CABLE U,0.0
5108,60 - 64,HSN,39.97,29.99,30.0,0.0,RED INTERNET & PHONE CABLE U,1.0
5109,40 - 44,NRW,39.99,39.99,30.0,0.0,VF RIP U-TREUE,0.0
5110,40 - 44,KBW,29.98,29.99,30.0,0.0,RED INTERNET & PHONE CABLE U,0.0
5111,40 - 44,NRW,37.97,44.97,30.0,0.0,RED INTERNET & PHONE CABLE U,0.0
5112,40 - 44,KBW,44.99,29.99,30.0,0.0,RED INTERNET & PHONE CABLE U,0.0
5113,35 - 39,NRW,39.98,49.98,30.0,0.0,RED INTERNET & PHONE CABLE U,0.0
5114,45 - 49,NRW,44.97,39.97,30.0,0.0,RED INTERNET & PHONE CABLE U,0.0
5115,60 - 64,KBW,44.98,39.98,30.0,0.0,RED INTERNET & PHONE CABLE U,1.0
5116,25 - 29,KBW,44.99,29.99,30.0,0.0,RED INTERNET & PHONE CABLE U,1.0
5117,30 - 34,KBW,39.99,44.98,30.0,0.0,VF CABLEMAX,0.0
5118,30 - 34,NRW,49.97,44.98,30.0,0.0,RED INTERNET & PHONE CABLE U,1.0
5119,30 - 34,KBW,39.97,34.98,30.0,0.0,VF RIP U-TREUE,1.0
5120,30 - 34,NRW,39.98,44.97,30.0,0.0,RED INTERNET & PHONE CABLE U,0.0
5121,35 - 39,NRW,37.99,39.99,30.0,0.0,RED INTERNET & PHONE CABLE U,0.0
5122,25 - 29,NRW,34.98,49.98,30.0,0.0,RED INTERNET & PHONE CABLE U,0.0
5123,35 - 39,NRW,34.99,44.99,30.0,0.0,RED INTERNET & PHONE CABLE U,0.0
5124,60 - 64,KBW,44.98,54.98,30.0,0.0,RED INTERNET & PHONE CABLE U,1.0
5125,75 - 79,NRW,37.98,44.98,30.0,0.0,VF RIP U-TREUE,1.0
5126,35 - 39,NRW,49.99,39.97,30.0,0.0,VF CABLEMAX,1.0
5127,25 - 29,NRW,49.99,39.98,30.0,0.0,VF CABLEMAX,1.0
5128,50 - 54,HSN,44.99,39.98,30.0,0.0,VF RIP U-TREUE,1.0
5129,65 - 69,KBW,34.99,49.99,30.0,0.0,RED INTERNET & PHONE CABLE U,0.0
5130,35 - 39,NRW,44.97,34.99,30.0,0.0,VF RIP U-TREUE,1.0
5131,30 - 34,NRW,34.99,39.99,30.0,0.0,VF RIP U-TREUE,0.0
5132,30 - 34,KBW,34.99,44.98,30.0,0.0,VF RIP U-TREUE,1.0
5133,55 - 59,KBW,39.99,39.98,30.0,0.0,RED INTERNET & PHONE CABLE U,0.0
5134,30 - 34,NRW,39.99,34.98,30.0,0.0,GIGAZUHAUSE KABEL,1.0
5135,25 - 29,KBW,34.99,44.98,30.0,0.0,VF CABLEMAX,1.0
5136,40 - 44,NRW,44.99,32.98,30.0,0.0,VF CABLEMAX,1.0
5137,80 and over,NRW,44.99,39.99,30.0,0.0,RED INTERNET & PHONE CABLE U,1.0
5138,18 - 24,NRW,44.99,39.99,30.0,0.0,GIGAZUHAUSE KABEL,0.0
5139,35 - 39,HSN,49.97,49.99,30.0,0.0,GIGAZUHAUSE KABEL,0.0
5140,60 - 64,KBW,39.99,39.98,30.0,0.0,VF RIP U-TREUE,0.0
5141,30 - 34,NRW,34.99,59.99,30.0,0.0,VF RIP U-TREUE,0.0
5142,30 - 34,NRW,39.99,44.99,30.0,0.0,RED INTERNET & PHONE CABLE U,1.0
5143,40 - 44,NRW,39.99,37.98,30.0,0.0,RED INTERNET & PHONE CABLE U,0.0
5144,30 - 34,KBW,42.99,44.99,30.0,0.0,RED INTERNET & PHONE CABLE U,0.0
5145,65 - 69,KBW,39.98,29.99,30.0,0.0,RED INTERNET & PHONE CABLE U,0.0
5146,25 - 29,KBW,34.98,39.99,30.0,0.0,GIGAZUHAUSE KABEL,0.0
5147,50 - 54,NRW,44.99,39.98,30.0,0.0,VF RIP U-TREUE,0.0
5148,35 - 39,KBW,44.99,49.99,30.0,0.0,VF RIP U-TREUE,0.0
5149,35 - 39,KBW,44.99,44.99,30.0,0.0,VF RIP U-TREUE,0.0
5150,45 - 49,HSN,34.99,39.98,30.0,0.0,VF RIP U-TREUE,0.0
5151,35 - 39,KBW,44.99,39.99,30.0,0.0,RED INTERNET & PHONE CABLE U,0.0
5152,40 - 44,KBW,39.98,32.98,30.0,0.0,RED INTERNET & PHONE CABLE U,0.0
5153,55 - 59,KBW,34.99,44.98,30.0,0.0,GIGAZUHAUSE KABEL,1.0
5154,55 - 59,HSN,44.97,44.99,30.0,0.0,VF CABLEMAX,0.0
5155,35 - 39,NRW,44.98,49.99,30.0,0.0,RED INTERNET & PHONE CABLE U,1.0
5156,35 - 39,KBW,44.99,49.99,42.0,0.0,VF RIP U-TREUE,1.0
5157,50 - 54,NRW,44.99,44.99,30.0,0.0,RED INTERNET & PHONE CABLE U,1.0
5158,35 - 39,NRW,44.99,39.99,30.0,0.0,VF CABLEMAX,0.0
5159,30 - 34,KBW,24.98,34.98,30.0,0.0,GIGAZUHAUSE KABEL,1.0
5160,35 - 39,NRW,44.99,39.98,30.0,0.0,RED INTERNET & PHONE CABLE U,1.0
5161,35 - 39,HSN,54.98,34.99,30.0,0.0,RED INTERNET & PHONE CABLE U,1.0
5162,70 - 74,NRW,44.98,42.98,30.0,0.0,RED INTERNET & PHONE CABLE U,1.0
5163,50 - 54,KBW,49.99,44.97,30.0,0.0,VF RIP U-TREUE,1.0
5164,40 - 44,KBW,39.99,44.98,30.0,0.0,RED INTERNET & PHONE CABLE U,1.0
5165,25 - 29,KBW,39.98,39.98,30.0,0.0,VF CABLEMAX,0.0
5166,35 - 39,NRW,34.99,39.98,30.0,0.0,RED INTERNET & PHONE CABLE U,1.0
5167,50 - 54,NRW,39.99,39.99,30.0,0.0,VF CABLEMAX,0.0
5168,40 - 44,NRW,44.99,37.99,30.0,0.0,RED INTERNET & PHONE CABLE U,1.0
5169,40 - 44,NRW,24.99,39.99,30.0,0.0,VF CABLEMAX,0.0
5170,40 - 44,HSN,37.99,34.97,30.0,0.0,VF CABLEMAX,1.0
5171,55 - 59,NRW,34.99,44.99,30.0,0.0,RED INTERNET & PHONE CABLE U,0.0
5172,25 - 29,NRW,74.99,32.98,30.0,0.0,VF RIP U-TREUE,1.0
5173,25 - 29,NRW,34.98,39.98,30.0,0.0,RED INTERNET & PHONE CABLE U,0.0
5174,35 - 39,NRW,34.99,39.99,30.0,0.0,VF RIP U-TREUE,1.0
5175,55 - 59,HSN,39.99,44.99,30.0,0.0,VF CABLEMAX,0.0
5176,25 - 29,KBW,39.98,44.98,30.0,0.0,VF CABLEMAX,0.0
5177,25 - 29,NRW,39.98,34.98,30.0,0.0,RED INTERNET & PHONE CABLE U,0.0
5178,40 - 44,HSN,49.99,39.98,30.0,0.0,RED INTERNET & PHONE CABLE U,1.0
5179,30 - 34,HSN,37.98,49.98,30.0,0.0,VF RIP U-TREUE,1.0
5180,50 - 54,NRW,44.99,44.99,30.0,0.0,RED INTERNET & PHONE CABLE U,0.0
5181,30 - 34,NRW,39.99,29.97,30.0,0.0,RED INTERNET & PHONE CABLE U,1.0
5182,55 - 59,KBW,49.98,44.97,30.0,0.0,RED INTERNET & PHONE CABLE U,1.0
5183,30 - 34,KBW,39.99,44.99,30.0,0.0,RED INTERNET & PHONE CABLE U,0.0
5184,35 - 39,KBW,39.97,44.99,30.0,0.0,VF RIP U-TREUE,0.0
5185,50 - 54,NRW,49.99,34.99,30.0,0.0,GIGAZUHAUSE KABEL,1.0
5186,50 - 54,KBW,39.99,44.99,30.0,0.0,RED INTERNET & PHONE CABLE U,1.0
5187,18 - 24,KBW,44.98,44.97,30.0,0.0,RED INTERNET & PHONE CABLE U,0.0
5188,50 - 54,NRW,39.98,39.99,30.0,0.0,VF CABLEMAX,1.0
5189,40 - 44,NRW,39.97,34.98,30.0,0.0,VF RIP U-TREUE,0.0
5190,25 - 29,HSN,39.98,39.99,30.0,0.0,RED INTERNET & PHONE CABLE U,1.0
5191,35 - 39,KBW,39.97,44.98,30.0,0.0,VF CABLEMAX,0.0
5192,35 - 39,KBW,44.99,34.97,30.0,0.0,RED INTERNET & PHONE CABLE U,1.0
5193,25 - 29,KBW,34.99,44.98,30.0,0.0,RED INTERNET & PHONE CABLE U,0.0
5194,65 - 69,NRW,49.99,29.99,30.0,0.0,RED INTERNET & PHONE CABLE U,1.0
5195,35 - 39,NRW,44.99,49.98,30.0,0.0,RED INTERNET & PHONE CABLE U,0.0
5196,50 - 54,NRW,54.97,39.99,30.0,0.0,GIGAZUHAUSE KABEL,1.0
5197,45 - 49,KBW,74.97,35.99,30.0,0.0,VF RIP U-TREUE,1.0
5198,35 - 39,NRW,39.99,34.98,30.0,0.0,VF CABLEMAX,1.0
5199,30 - 34,HSN,34.99,34.97,30.0,0.0,VF RIP U-TREUE,1.0
5200,30 - 34,NRW,39.99,39.97,30.0,0.0,RED INTERNET & PHONE CABLE U,0.0
5201,30 - 34,NRW,34.98,39.98,30.0,0.0,GIGAZUHAUSE KABEL,0.0
5202,18 - 24,NRW,44.97,44.99,30.0,0.0,VF RIP U-TREUE,1.0
5203,30 - 34,NRW,44.97,34.99,30.0,0.0,VF RIP U-TREUE,1.0
5204,55 - 59,KBW,44.97,49.98,30.0,0.0,RED INTERNET & PHONE CABLE U,0.0
5205,35 - 39,KBW,44.99,44.99,30.0,0.0,RED INTERNET & PHONE CABLE U,1.0
5206,55 - 59,HSN,54.99,39.98,30.0,0.0,RED INTERNET & PHONE CABLE U,0.0
5207,55 - 59,HSN,44.98,44.98,30.0,0.0,RED INTERNET & PHONE CABLE U,0.0
5208,55 - 59,KBW,39.98,44.99,30.0,0.0,RED INTERNET & PHONE CABLE U,0.0
5209,30 - 34,NRW,29.99,39.99,30.0,0.0,RED INTERNET & PHONE CABLE U,1.0
5210,60 - 64,NRW,29.99,44.98,30.0,0.0,RED INTERNET & PHONE CABLE U,0.0
5211,35 - 39,NRW,44.99,54.99,30.0,0.0,GIGAZUHAUSE KABEL,0.0
5212,40 - 44,KBW,39.99,39.98,30.0,0.0,RED INTERNET & PHONE CABLE U,0.0
5213,40 - 44,NRW,44.98,44.98,30.0,0.0,RED INTERNET & PHONE CABLE U,1.0
5214,35 - 39,NRW,44.99,39.98,30.0,0.0,RED INTERNET & PHONE CABLE U,0.0
5215,45 - 49,NRW,34.99,32.98,30.0,0.0,RED INTERNET & PHONE CABLE U,1.0
5216,25 - 29,NRW,44.99,29.99,30.0,0.0,RED INTERNET & PHONE CABLE U,0.0
5217,18 - 24,NRW,44.98,29.99,30.0,0.0,GIGAZUHAUSE TREUE B,1.0
5218,35 - 39,KBW,44.99,39.97,30.0,0.0,VF CABLEMAX,0.0
5219,50 - 54,NRW,34.98,44.99,30.0,0.0,VF RIP U-TREUE,1.0
5220,55 - 59,NRW,34.99,39.99,30.0,0.0,GIGAZUHAUSE KABEL,0.0
5221,25 - 29,NRW,34.99,34.99,30.0,0.0,INTERNET PREMIUM,1.0
5222,40 - 44,KBW,39.96,44.99,30.0,0.0,2PLAY,1.0
5223,25 - 29,HSN,39.98,49.98,30.0,0.0,RED INTERNET & PHONE CABLE U,0.0
5224,60 - 64,HSN,39.98,34.98,30.0,0.0,RED INTERNET & PHONE CABLE U,0.0
5225,30 - 34,NRW,44.99,34.98,30.0,0.0,RED INTERNET & PHONE CABLE U,1.0
5226,60 - 64,KBW,39.99,44.99,30.0,0.0,GIGAZUHAUSE KABEL,1.0
5227,30 - 34,KBW,44.99,44.99,30.0,0.0,VF RIP U-TREUE,0.0
5228,45 - 49,NRW,44.98,29.98,30.0,0.0,GIGAZUHAUSE KABEL,0.0
5229,35 - 39,NRW,44.99,49.99,30.0,0.0,VF RIP U-TREUE,0.0
5230,25 - 29,NRW,39.99,39.99,30.0,0.0,VF CABLEMAX,1.0
5231,30 - 34,NRW,34.99,39.98,30.0,0.0,RED INTERNET & PHONE CABLE U,1.0
5232,30 - 34,NRW,44.96,44.99,30.0,0.0,RED INTERNET & PHONE CABLE U,0.0
5233,55 - 59,HSN,54.99,49.99,30.0,0.0,GIGAZUHAUSE KABEL,1.0
5234,30 - 34,KBW,34.99,39.99,30.0,0.0,RED INTERNET & PHONE CABLE U,1.0
5235,60 - 64,KBW,49.99,34.99,30.0,0.0,GIGAZUHAUSE KABEL,0.0
5236,30 - 34,KBW,39.98,34.99,30.0,0.0,RED INTERNET & PHONE CABLE U,1.0
5237,45 - 49,NRW,34.96,34.99,30.0,0.0,RED INTERNET & PHONE CABLE U,0.0
5238,50 - 54,HSN,49.98,39.99,30.0,0.0,RED INTERNET & PHONE CABLE U,1.0
5239,45 - 49,KBW,49.99,39.98,30.0,0.0,RED INTERNET & PHONE CABLE U,0.0
5240,50 - 54,NRW,44.99,39.99,30.0,0.0,RED INTERNET & PHONE CABLE U,1.0
5241,65 - 69,KBW,44.97,39.99,30.0,0.0,RED INTERNET & PHONE CABLE U,0.0
5242,55 - 59,NRW,39.97,34.98,30.0,0.0,RED INTERNET & PHONE CABLE U,0.0
5243,18 - 24,NRW,34.97,44.98,30.0,0.0,GIGAZUHAUSE KABEL,0.0
5244,55 - 59,KBW,39.98,39.99,30.0,0.0,VF RIP U-TREUE,0.0
5245,30 - 34,NRW,29.99,34.98,30.0,0.0,RED INTERNET & PHONE CABLE U,0.0
5246,40 - 44,HSN,49.98,34.98,30.0,0.0,RED INTERNET & PHONE CABLE U,0.0
5247,60 - 64,NRW,29.99,44.99,30.0,0.0,RED INTERNET & PHONE CABLE U,1.0
5248,55 - 59,KBW,44.98,39.98,30.0,0.0,VF RIP U-TREUE,0.0
5249,25 - 29,NRW,29.99,32.99,30.0,0.0,RED INTERNET & PHONE CABLE U,1.0
5250,55 - 59,NRW,39.99,39.98,30.0,0.0,GIGAZUHAUSE KABEL,1.0
5251,40 - 44,NRW,39.97,43.97,30.0,0.0,VF RIP U-TREUE,1.0
5252,55 - 59,NRW,37.99,39.99,30.0,0.0,VF RIP U-TREUE,1.0
5253,55 - 59,NRW,44.98,44.99,30.0,0.0,VF RIP U-TREUE,0.0
5254,55 - 59,NRW,39.98,39.98,30.0,0.0,RED INTERNET & PHONE CABLE U,1.0
5255,45 - 49,KBW,34.99,37.99,30.0,0.0,GIGAZUHAUSE KABEL,1.0
5256,35 - 39,KBW,44.99,39.98,30.0,0.0,RED INTERNET & PHONE CABLE U,1.0
5257,50 - 54,NRW,39.99,29.99,30.0,0.0,RED INTERNET & PHONE CABLE U,1.0
5258,18 - 24,KBW,34.98,44.98,30.0,0.0,VF RIP U-TREUE,1.0
5259,40 - 44,KBW,39.98,39.98,30.0,0.0,RED INTERNET & PHONE CABLE U,1.0
5260,40 - 44,KBW,39.99,49.98,30.0,0.0,RED INTERNET & PHONE CABLE U,0.0
5261,40 - 44,NRW,34.98,44.99,30.0,0.0,RED INTERNET & PHONE CABLE U,1.0
5262,35 - 39,NRW,39.99,44.98,30.0,0.0,VF RIP U-TREUE,1.0
5263,60 - 64,KBW,39.98,49.98,30.0,0.0,VF CABLEMAX,0.0
5264,35 - 39,HSN,44.99,34.99,30.0,0.0,VF RIP U-TREUE,1.0
5265,60 - 64,NRW,37.97,29.99,30.0,0.0,RED INTERNET & PHONE CABLE U,1.0
5266,35 - 39,KBW,44.99,42.99,30.0,0.0,GIGAZUHAUSE KABEL,1.0
5267,30 - 34,NRW,44.98,39.97,30.0,0.0,RED INTERNET & PHONE CABLE U,1.0
5268,40 - 44,HSN,39.98,39.99,30.0,0.0,RED INTERNET & PHONE CABLE U,1.0
5270,35 - 39,NRW,44.98,44.99,30.0,0.0,VF RIP U-TREUE,1.0
5271,60 - 64,KBW,32.99,34.98,30.0,0.0,RED INTERNET & PHONE CABLE U,0.0
5272,75 - 79,KBW,37.99,44.99,30.0,0.0,RED INTERNET & PHONE CABLE U,1.0
5273,55 - 59,KBW,39.98,44.98,30.0,0.0,RED INTERNET & PHONE CABLE U,1.0
5274,45 - 49,NRW,44.97,29.99,30.0,0.0,RED INTERNET & PHONE CABLE U,1.0
5276,35 - 39,NRW,39.98,49.98,698.0,0.0,VF RIP U-TREUE,0.0
5277,35 - 39,NRW,39.99,34.97,30.0,0.0,VF CABLEMAX,1.0
5278,55 - 59,NRW,34.98,44.96,30.0,0.0,GIGAZUHAUSE KABEL,0.0
5279,55 - 59,NRW,34.99,44.99,30.0,0.0,RED INTERNET & PHONE CABLE U,1.0
5280,25 - 29,KBW,49.97,49.99,30.0,0.0,VF CABLEMAX,1.0
5281,55 - 59,KBW,39.99,34.99,30.0,0.0,RED INTERNET & PHONE CABLE U,0.0
5282,60 - 64,KBW,39.98,39.98,30.0,0.0,VF CABLEMAX,0.0
5283,25 - 29,NRW,39.98,44.98,30.0,0.0,RED INTERNET & PHONE CABLE U,1.0
5284,55 - 59,KBW,34.98,29.99,30.0,1.0,VF CABLEMAX,1.0
5285,45 - 49,HSN,44.98,39.98,30.0,0.0,RED INTERNET & PHONE CABLE U,1.0
5286,35 - 39,HSN,34.98,37.98,30.0,0.0,VF RIP U-TREUE,0.0
5287,35 - 39,NRW,34.99,44.98,30.0,0.0,RED INTERNET & PHONE CABLE U,0.0
5288,50 - 54,NRW,44.99,49.99,30.0,0.0,RED INTERNET & PHONE CABLE U,1.0
5289,30 - 34,NRW,49.97,39.98,30.0,0.0,VF RIP U-TREUE,0.0
5290,25 - 29,KBW,39.99,44.98,30.0,0.0,RED INTERNET & PHONE CABLE U,1.0
5291,35 - 39,KBW,44.99,39.99,30.0,0.0,RED INTERNET & PHONE CABLE U,0.0
5292,40 - 44,KBW,39.99,49.97,30.0,0.0,RED INTERNET & PHONE CABLE U,0.0
5293,65 - 69,KBW,39.99,42.99,30.0,0.0,VF CABLEMAX,1.0
5294,35 - 39,NRW,39.98,54.97,30.0,0.0,RED INTERNET & PHONE CABLE U,1.0
5295,35 - 39,NRW,44.97,44.98,30.0,0.0,VF CABLEMAX,1.0
5296,18 - 24,KBW,49.98,34.97,30.0,0.0,VF CABLEMAX,0.0
5297,25 - 29,NRW,39.99,39.98,30.0,0.0,VF CABLEMAX,0.0
5298,50 - 54,NRW,39.99,32.95,30.0,0.0,RED INTERNET & PHONE CABLE U,0.0
5299,30 - 34,NRW,54.97,44.98,30.0,0.0,RED INTERNET & PHONE CABLE U,0.0
5300,25 - 29,NRW,39.98,44.98,30.0,0.0,RED INTERNET & PHONE CABLE U,1.0
5301,30 - 34,NRW,44.99,44.99,30.0,0.0,RED INTERNET & PHONE CABLE U,1.0
5302,35 - 39,KBW,49.98,39.98,30.0,0.0,VF RIP U-TREUE,1.0
5303,45 - 49,NRW,49.96,29.99,30.0,0.0,VF RIP U-TREUE,0.0
5304,80 and over,NRW,42.98,34.99,30.0,0.0,VF RIP U-TREUE,1.0
5305,35 - 39,HSN,39.98,34.98,30.0,0.0,GIGAZUHAUSE KABEL,1.0
5306,40 - 44,KBW,44.98,62.98,30.0,0.0,VF RIP U-TREUE,0.0
5307,45 - 49,KBW,44.99,39.98,30.0,0.0,VF RIP U-TREUE,1.0
5308,25 - 29,NRW,44.98,34.99,30.0,0.0,VF RIP U-TREUE,0.0
5309,30 - 34,NRW,39.99,39.99,30.0,0.0,VF CABLEMAX,1.0
5310,18 - 24,NRW,34.99,34.98,30.0,0.0,RED INTERNET & PHONE CABLE U,0.0
5311,35 - 39,NRW,39.98,44.98,30.0,0.0,RED INTERNET & PHONE CABLE U,0.0
5312,50 - 54,NRW,39.99,59.98,30.0,0.0,VF RIP U-TREUE,0.0
5313,35 - 39,KBW,44.98,39.98,30.0,0.0,VF CABLEMAX,0.0
5314,25 - 29,KBW,39.98,49.98,30.0,0.0,RED INTERNET & PHONE CABLE U,0.0
5315,40 - 44,KBW,39.99,29.96,30.0,0.0,VF RIP U-TREUE,0.0
5316,30 - 34,NRW,44.98,34.98,30.0,0.0,RED INTERNET & PHONE CABLE U,0.0
5317,80 and over,HSN,44.99,44.99,30.0,0.0,VF RIP U-TREUE,0.0
5318,30 - 34,KBW,39.99,34.99,30.0,0.0,RED INTERNET & PHONE CABLE U,0.0
5319,30 - 34,NRW,39.98,39.99,30.0,0.0,GIGAZUHAUSE KABEL,0.0
5320,25 - 29,NRW,44.99,44.97,30.0,0.0,VF RIP U-TREUE,1.0
5321,25 - 29,KBW,58.98,29.98,30.0,0.0,RED INTERNET & PHONE CABLE U,0.0
5322,35 - 39,NRW,44.98,44.99,30.0,0.0,RED INTERNET & PHONE CABLE U,0.0
5323,35 - 39,NRW,39.99,44.98,30.0,0.0,RED INTERNET & PHONE CABLE U,1.0
5324,55 - 59,NRW,29.99,44.99,30.0,0.0,RED INTERNET & PHONE CABLE U,1.0
5325,65 - 69,KBW,39.97,34.97,30.0,0.0,RED INTERNET & PHONE CABLE U,0.0
5326,35 - 39,NRW,39.98,39.98,30.0,0.0,GIGAZUHAUSE KABEL,1.0
5327,30 - 34,NRW,44.98,32.98,30.0,0.0,RED INTERNET & PHONE CABLE U,1.0
5328,35 - 39,NRW,49.99,42.99,30.0,0.0,RED INTERNET & PHONE CABLE U,0.0
5329,40 - 44,KBW,34.99,34.98,30.0,0.0,GIGAZUHAUSE KABEL,0.0
5330,60 - 64,KBW,42.99,49.98,30.0,0.0,RED INTERNET & PHONE CABLE U,1.0
5331,55 - 59,KBW,39.98,39.99,30.0,0.0,VF RIP U-TREUE,1.0
5332,35 - 39,HSN,49.99,34.98,30.0,0.0,RED INTERNET & PHONE CABLE U,1.0
5333,35 - 39,NRW,39.98,39.99,30.0,0.0,RED INTERNET & PHONE CABLE U,0.0
5334,40 - 44,KBW,44.99,44.99,30.0,0.0,RED INTERNET & PHONE CABLE U,0.0
5335,40 - 44,NRW,32.99,39.98,30.0,0.0,RED INTERNET & PHONE CABLE U,0.0
5336,40 - 44,HSN,44.97,49.98,30.0,0.0,VF RIP U-TREUE,0.0
5337,35 - 39,HSN,39.98,34.98,30.0,0.0,RED INTERNET & PHONE CABLE U,1.0
5338,25 - 29,KBW,34.98,39.99,30.0,0.0,RED INTERNET & PHONE CABLE U,0.0
5339,40 - 44,NRW,42.99,39.99,30.0,0.0,RED INTERNET & PHONE CABLE U,1.0
5340,25 - 29,KBW,39.99,44.98,30.0,0.0,VF RIP U-TREUE,0.0
5341,40 - 44,NRW,34.98,44.98,30.0,0.0,RED INTERNET & PHONE CABLE U,0.0
5342,50 - 54,KBW,39.98,39.99,30.0,0.0,RED INTERNET & PHONE CABLE U,0.0
5343,30 - 34,KBW,34.98,44.99,30.0,0.0,GIGAZUHAUSE KABEL,1.0
5344,45 - 49,HSN,39.98,44.99,30.0,0.0,RED INTERNET & PHONE CABLE U,1.0
5345,35 - 39,KBW,44.99,54.98,30.0,0.0,RED INTERNET & PHONE CABLE U,1.0
5346,50 - 54,NRW,39.98,39.98,30.0,0.0,RED INTERNET & PHONE CABLE U,1.0
5347,40 - 44,NRW,39.98,29.98,30.0,0.0,VF CABLEMAX,0.0
5348,50 - 54,KBW,74.98,32.99,30.0,0.0,RED INTERNET & PHONE CABLE U,0.0
5349,30 - 34,NRW,44.98,44.99,30.0,0.0,VF CABLEMAX,0.0
5350,40 - 44,NRW,34.98,39.98,30.0,0.0,VF RIP U-TREUE,0.0
5351,40 - 44,NRW,44.98,39.98,30.0,0.0,RED INTERNET & PHONE CABLE U,1.0
5352,60 - 64,NRW,32.98,39.99,30.0,0.0,RED INTERNET & PHONE CABLE U,0.0
5353,30 - 34,KBW,39.98,34.99,30.0,0.0,VF RIP U-TREUE,1.0
5354,30 - 34,HSN,3.0,39.97,30.0,0.0,GIGAZUHAUSE KABEL,0.0
5355,40 - 44,NRW,39.99,39.99,30.0,0.0,RED INTERNET & PHONE CABLE U,1.0
5356,18 - 24,NRW,54.99,49.98,30.0,0.0,RED INTERNET & PHONE CABLE U,1.0
5357,35 - 39,HSN,44.99,39.99,30.0,0.0,RED INTERNET & PHONE CABLE U,1.0
5358,35 - 39,KBW,32.98,34.99,30.0,0.0,GIGAZUHAUSE KABEL,1.0
5359,60 - 64,NRW,32.98,44.99,30.0,0.0,VF CABLEMAX,1.0
5360,70 - 74,NRW,34.99,39.98,30.0,0.0,RED INTERNET & PHONE CABLE U,0.0
5361,25 - 29,NRW,49.98,29.98,30.0,0.0,VF RIP U-TREUE,0.0
5362,25 - 29,HSN,42.99,39.99,30.0,0.0,RED INTERNET & PHONE CABLE U,0.0
5363,35 - 39,HSN,34.98,39.99,30.0,0.0,VF RIP U-TREUE,0.0
5364,55 - 59,NRW,34.97,44.99,30.0,0.0,RED INTERNET & PHONE CABLE U,0.0
5365,25 - 29,NRW,37.98,39.98,30.0,0.0,VF RIP U-TREUE,0.0
5366,35 - 39,NRW,44.99,39.99,30.0,0.0,RED INTERNET & PHONE CABLE U,0.0
5367,40 - 44,KBW,34.98,39.98,30.0,0.0,RED INTERNET & PHONE CABLE U,0.0
5368,35 - 39,KBW,54.99,54.99,30.0,0.0,RED INTERNET & PHONE CABLE U,0.0
5369,35 - 39,KBW,34.98,39.98,30.0,0.0,VF RIP U-TREUE,1.0
5370,35 - 39,KBW,37.99,39.99,30.0,0.0,VF RIP U-TREUE,1.0
5371,80 and over,NRW,49.97,29.99,30.0,0.0,VF CABLEMAX,1.0
5372,25 - 29,KBW,39.99,34.99,30.0,0.0,RED INTERNET & PHONE CABLE U,1.0
5373,35 - 39,NRW,49.97,42.99,30.0,0.0,RED INTERNET & PHONE CABLE U,1.0
5374,25 - 29,KBW,49.98,39.99,30.0,0.0,RED INTERNET & PHONE CABLE U,1.0
5375,25 - 29,KBW,39.99,39.99,30.0,0.0,RED INTERNET & PHONE CABLE U,0.0
5376,30 - 34,NRW,44.98,29.99,30.0,0.0,VF CABLEMAX,0.0
5377,25 - 29,NRW,39.97,49.99,30.0,0.0,RED INTERNET & PHONE CABLE U,1.0
5378,40 - 44,NRW,39.97,44.99,30.0,0.0,RED INTERNET & PHONE CABLE U,0.0
5379,45 - 49,NRW,44.99,34.99,30.0,0.0,RED INTERNET & PHONE CABLE U,1.0
5380,45 - 49,KBW,39.98,44.99,30.0,0.0,RED INTERNET & PHONE CABLE U,1.0
5381,40 - 44,NRW,39.99,39.98,30.0,0.0,VF RIP U-TREUE,1.0
5382,30 - 34,KBW,34.97,39.99,30.0,0.0,RED INTERNET & PHONE CABLE U,0.0
5383,25 - 29,KBW,44.98,34.99,30.0,0.0,RED INTERNET & PHONE CABLE U,1.0
5384,35 - 39,HSN,44.99,39.99,30.0,0.0,VF CABLEMAX,1.0
5385,30 - 34,NRW,34.99,34.98,30.0,0.0,RED INTERNET & PHONE CABLE U,0.0
5386,60 - 64,NRW,34.99,39.99,30.0,0.0,RED INTERNET & PHONE CABLE U,1.0
5387,25 - 29,NRW,54.99,44.98,30.0,0.0,RED INTERNET & PHONE CABLE U,0.0
5388,45 - 49,HSN,44.98,39.99,30.0,0.0,RED INTERNET & PHONE CABLE U,0.0
5389,75 - 79,NRW,54.98,39.98,30.0,0.0,VF RIP U-TREUE,1.0
5390,30 - 34,NRW,32.98,49.99,30.0,0.0,VF RIP U-TREUE,0.0
5391,25 - 29,KBW,44.99,34.99,30.0,0.0,RED INTERNET & PHONE CABLE U,0.0
5392,40 - 44,NRW,24.99,39.98,30.0,0.0,VF RIP U-TREUE,0.0
5393,35 - 39,KBW,39.99,34.99,30.0,0.0,RED INTERNET & PHONE CABLE U,0.0
5394,55 - 59,NRW,34.97,44.99,30.0,0.0,RED INTERNET & PHONE CABLE U,1.0
5395,65 - 69,NRW,34.98,39.98,30.0,0.0,RED INTERNET & PHONE CABLE U,1.0
5396,60 - 64,NRW,44.99,44.99,30.0,0.0,VF CABLEMAX,0.0
5397,70 - 74,NRW,39.98,54.98,30.0,0.0,RED INTERNET & PHONE CABLE U,1.0
5398,55 - 59,NRW,39.98,39.99,30.0,0.0,RED INTERNET & PHONE CABLE U,1.0
5399,55 - 59,HSN,44.97,39.99,30.0,0.0,RED INTERNET & PHONE CABLE U,0.0
5400,55 - 59,NRW,32.99,42.99,30.0,0.0,GIGAZUHAUSE KABEL,0.0
5401,40 - 44,NRW,34.99,44.99,30.0,0.0,VF RIP U-TREUE,1.0
5402,40 - 44,NRW,44.99,39.98,30.0,0.0,RED INTERNET & PHONE CABLE U,0.0
5403,40 - 44,NRW,39.98,42.98,30.0,0.0,RED INTERNET & PHONE CABLE U,0.0
5404,60 - 64,KBW,32.98,34.98,30.0,0.0,RED INTERNET & PHONE CABLE U,1.0
5405,40 - 44,NRW,32.99,44.98,30.0,0.0,RED INTERNET & PHONE CABLE U,1.0
5406,25 - 29,NRW,32.98,39.97,30.0,0.0,RED INTERNET & PHONE CABLE U,1.0
5407,60 - 64,NRW,24.98,39.98,30.0,0.0,VF RIP U-TREUE,0.0
5408,30 - 34,NRW,39.99,49.99,30.0,0.0,RED INTERNET & PHONE CABLE U,1.0
5409,30 - 34,NRW,44.99,44.98,30.0,0.0,RED INTERNET & PHONE CABLE U,1.0
5410,60 - 64,KBW,34.99,42.99,30.0,0.0,RED INTERNET & PHONE CABLE U,0.0
5411,30 - 34,KBW,44.98,34.98,30.0,0.0,RED INTERNET & PHONE CABLE U,0.0
5412,40 - 44,NRW,29.98,44.98,30.0,0.0,RED INTERNET & PHONE CABLE U,1.0
5413,30 - 34,HSN,44.97,24.98,30.0,0.0,VF RIP U-TREUE,0.0
5414,25 - 29,NRW,39.99,34.98,30.0,0.0,RED INTERNET & PHONE CABLE U,0.0
5415,30 - 34,KBW,44.99,44.97,30.0,0.0,RED INTERNET & PHONE CABLE U,1.0
5416,30 - 34,KBW,39.98,49.99,30.0,0.0,VF RIP U-TREUE,0.0
5417,45 - 49,KBW,29.99,44.96,30.0,0.0,RED INTERNET & PHONE CABLE U,1.0
5418,35 - 39,NRW,39.98,42.99,30.0,0.0,RED INTERNET & PHONE CABLE U,1.0
5419,65 - 69,KBW,34.98,39.98,30.0,0.0,RED INTERNET & PHONE CABLE U,1.0
5420,60 - 64,KBW,34.99,49.97,30.0,0.0,VF RIP U-TREUE,1.0
5421,50 - 54,KBW,44.99,34.98,30.0,0.0,VF RIP U-TREUE,1.0
5422,45 - 49,NRW,44.99,34.98,30.0,0.0,RED INTERNET & PHONE CABLE U,0.0
5423,50 - 54,KBW,32.97,34.98,30.0,0.0,VF RIP U-TREUE,1.0
5424,35 - 39,HSN,42.99,44.98,30.0,0.0,RED INTERNET & PHONE CABLE U,1.0
5425,45 - 49,NRW,39.99,29.98,30.0,0.0,RED INTERNET & PHONE CABLE U,1.0
5426,35 - 39,NRW,44.99,34.99,30.0,0.0,RED INTERNET & PHONE CABLE U,0.0
5427,40 - 44,NRW,39.98,37.97,30.0,0.0,GIGAZUHAUSE KABEL,1.0
5428,30 - 34,KBW,44.98,44.97,30.0,0.0,RED INTERNET & PHONE CABLE U,1.0
5429,55 - 59,NRW,39.99,44.97,30.0,0.0,RED INTERNET & PHONE CABLE U,1.0
5430,25 - 29,NRW,44.99,37.97,30.0,0.0,VF RIP U-TREUE,0.0
5431,45 - 49,KBW,37.99,54.98,30.0,0.0,RED INTERNET & PHONE CABLE U,0.0
5432,45 - 49,NRW,34.99,49.99,30.0,0.0,RED INTERNET & PHONE CABLE U,0.0
5433,50 - 54,NRW,34.98,39.99,30.0,0.0,VF RIP U-TREUE,1.0
5434,80 and over,NRW,39.99,39.99,30.0,0.0,RED INTERNET & PHONE CABLE U,1.0
5435,60 - 64,KBW,49.98,39.99,30.0,0.0,VF RIP U-TREUE,1.0
5436,18 - 24,NRW,44.98,39.99,30.0,0.0,RED INTERNET & PHONE CABLE U,0.0
5437,55 - 59,HSN,44.98,39.98,30.0,0.0,VF RIP U-TREUE,1.0
5438,70 - 74,HSN,29.99,49.99,30.0,0.0,VF RIP U-TREUE,0.0
5439,30 - 34,NRW,39.99,44.97,30.0,0.0,GIGAZUHAUSE KABEL,0.0
5440,40 - 44,NRW,44.98,44.97,30.0,0.0,VF RIP U-TREUE,0.0
5441,35 - 39,KBW,34.99,39.99,30.0,0.0,VF RIP U-TREUE,0.0
5442,40 - 44,NRW,39.98,44.97,30.0,0.0,RED INTERNET & PHONE CABLE U,0.0
5443,45 - 49,HSN,6.99,42.99,30.0,0.0,GIGAZUHAUSE KABEL,0.0
5444,35 - 39,NRW,44.99,44.98,30.0,0.0,VF RIP U-TREUE,0.0
5445,25 - 29,KBW,39.98,39.99,30.0,0.0,VF CABLEMAX,1.0
5446,25 - 29,NRW,49.99,34.98,30.0,0.0,VF RIP U-TREUE,1.0
5447,50 - 54,KBW,44.98,32.98,30.0,0.0,RED INTERNET & PHONE CABLE U,1.0
5448,30 - 34,KBW,49.98,39.98,30.0,0.0,RED INTERNET & PHONE CABLE U,0.0
5449,55 - 59,KBW,39.98,44.98,30.0,0.0,VF CABLEMAX,0.0
5450,25 - 29,NRW,44.98,32.98,30.0,0.0,RED INTERNET & PHONE CABLE U,1.0
5451,65 - 69,KBW,39.99,34.98,30.0,0.0,VF RIP U-TREUE,0.0
5452,50 - 54,NRW,44.97,44.98,30.0,0.0,VF CABLEMAX,1.0
5453,50 - 54,KBW,34.98,44.99,30.0,0.0,RED INTERNET & PHONE CABLE U,0.0
5454,60 - 64,NRW,49.97,44.99,30.0,0.0,RED INTERNET & PHONE CABLE U,0.0
5455,50 - 54,NRW,29.99,44.99,30.0,0.0,RED INTERNET & PHONE CABLE U,1.0
5456,35 - 39,KBW,39.99,44.97,30.0,0.0,RED INTERNET & PHONE CABLE U,0.0
5457,45 - 49,NRW,44.98,44.99,30.0,0.0,VF CABLEMAX,0.0
5458,25 - 29,NRW,44.99,44.99,30.0,0.0,VF RIP U-TREUE,1.0
5459,30 - 34,NRW,34.99,44.99,30.0,0.0,VF RIP U-TREUE,1.0
5460,55 - 59,NRW,34.98,34.98,30.0,0.0,GIGAZUHAUSE KABEL,0.0
5461,35 - 39,HSN,44.98,39.99,30.0,0.0,VF RIP U-TREUE,0.0
5462,55 - 59,HSN,54.98,49.98,30.0,0.0,RED INTERNET & PHONE CABLE U,1.0
5463,30 - 34,NRW,37.98,32.98,30.0,0.0,RED INTERNET & PHONE CABLE U,1.0
5464,35 - 39,NRW,49.99,39.98,30.0,0.0,RED INTERNET & PHONE CABLE U,1.0
5465,35 - 39,KBW,54.99,39.98,30.0,0.0,VF RIP U-TREUE,0.0
5466,55 - 59,NRW,60.98,34.98,30.0,0.0,RED INTERNET & PHONE CABLE U,0.0
5467,30 - 34,HSN,49.98,39.98,30.0,0.0,RED INTERNET & PHONE CABLE U,1.0
5468,50 - 54,NRW,49.99,44.99,30.0,0.0,RED INTERNET & PHONE CABLE U,1.0
5469,40 - 44,NRW,44.98,39.99,30.0,0.0,VF RIP U-TREUE,0.0
5470,50 - 54,KBW,39.99,11.99,30.0,0.0,GIGAZUHAUSE KABEL,1.0
5471,50 - 54,NRW,44.99,39.99,30.0,0.0,VF RIP U-TREUE,1.0
5472,50 - 54,NRW,44.99,44.97,30.0,0.0,VF RIP U-TREUE,0.0
5473,55 - 59,KBW,39.99,39.98,30.0,0.0,RED INTERNET & PHONE CABLE U,0.0
5474,80 and over,HSN,44.98,39.99,30.0,0.0,GIGAZUHAUSE KABEL,1.0
5475,25 - 29,KBW,39.99,37.99,30.0,0.0,RED INTERNET & PHONE CABLE U,1.0
5476,35 - 39,KBW,49.99,39.97,30.0,0.0,VF RIP U-TREUE,1.0
5477,40 - 44,KBW,44.99,39.99,30.0,0.0,GIGAZUHAUSE KABEL,0.0
5478,35 - 39,KBW,34.98,37.97,30.0,0.0,RED INTERNET & PHONE CABLE U,1.0
5479,30 - 34,NRW,44.99,39.98,30.0,0.0,VF RIP U-TREUE,0.0
5480,35 - 39,NRW,39.99,34.97,30.0,0.0,VF CABLEMAX,0.0
5481,60 - 64,KBW,39.97,44.99,30.0,0.0,GIGAZUHAUSE KABEL,1.0
5482,25 - 29,NRW,44.98,29.99,30.0,0.0,RED INTERNET & PHONE CABLE U,1.0
5483,30 - 34,KBW,39.98,39.99,30.0,0.0,VF CABLEMAX,0.0
5484,60 - 64,NRW,44.98,34.98,30.0,0.0,VF RIP U-TREUE,0.0
5485,60 - 64,KBW,39.99,39.99,30.0,1.0,VF RIP U-TREUE,0.0
5486,40 - 44,NRW,34.98,44.99,30.0,0.0,VF RIP U-TREUE,1.0
5487,35 - 39,NRW,34.98,39.98,30.0,0.0,RED INTERNET & PHONE CABLE U,1.0
5488,60 - 64,NRW,39.99,39.99,30.0,0.0,RED INTERNET & PHONE CABLE U,0.0
5489,40 - 44,HSN,44.99,49.98,30.0,0.0,VF RIP U-TREUE,0.0
5490,35 - 39,NRW,44.99,34.99,30.0,0.0,RED INTERNET & PHONE CABLE U,0.0
5491,35 - 39,KBW,39.97,49.99,30.0,0.0,RED INTERNET & PHONE CABLE U,0.0
5492,40 - 44,KBW,37.99,39.97,30.0,0.0,RED INTERNET & PHONE CABLE U,1.0
5493,50 - 54,NRW,39.98,39.98,30.0,0.0,RED INTERNET & PHONE CABLE U,1.0
5494,60 - 64,HSN,34.99,49.98,30.0,0.0,RED INTERNET & PHONE CABLE U,0.0
5495,35 - 39,NRW,49.97,37.99,30.0,0.0,RED INTERNET & PHONE CABLE U,1.0
5496,60 - 64,NRW,34.96,42.99,30.0,0.0,RED INTERNET & PHONE CABLE U,1.0
5497,25 - 29,NRW,29.98,34.99,30.0,0.0,VF RIP U-TREUE,0.0
5498,35 - 39,NRW,44.99,39.98,30.0,0.0,RED INTERNET & PHONE CABLE U,1.0
5499,65 - 69,NRW,44.99,39.99,30.0,0.0,RED INTERNET & PHONE CABLE U,0.0
5500,75 - 79,NRW,44.98,44.98,30.0,0.0,VF RIP U-TREUE,1.0
5501,35 - 39,NRW,44.99,39.99,30.0,0.0,VF RIP U-TREUE,1.0
5502,35 - 39,NRW,34.99,29.98,30.0,0.0,RED INTERNET & PHONE CABLE U,1.0
5503,40 - 44,NRW,39.99,44.98,30.0,0.0,VF RIP U-TREUE,0.0
5504,35 - 39,NRW,44.97,34.99,30.0,0.0,RED INTERNET & PHONE CABLE U,1.0
5505,60 - 64,NRW,34.99,49.98,30.0,0.0,VF RIP U-TREUE,0.0
5506,55 - 59,NRW,44.98,44.98,30.0,0.0,RED INTERNET & PHONE CABLE U,1.0
5507,40 - 44,NRW,34.99,62.99,30.0,0.0,RED INTERNET & PHONE CABLE U,0.0
5508,35 - 39,NRW,34.98,44.99,30.0,0.0,VF CABLEMAX,1.0
5509,50 - 54,NRW,44.98,39.99,30.0,0.0,RED INTERNET & PHONE CABLE U,0.0
5510,18 - 24,NRW,34.99,34.99,30.0,0.0,VF RIP U-TREUE,1.0
5511,80 and over,KBW,39.98,54.98,30.0,0.0,RED INTERNET & PHONE CABLE U,0.0
5512,35 - 39,HSN,39.99,34.99,30.0,0.0,RED INTERNET & PHONE CABLE U,1.0
5513,35 - 39,NRW,42.99,29.99,30.0,0.0,VF RIP U-TREUE,1.0
5514,35 - 39,NRW,44.99,39.99,30.0,0.0,VF CABLEMAX,1.0
5515,30 - 34,HSN,44.98,39.99,30.0,0.0,RED INTERNET & PHONE CABLE U,1.0
5516,40 - 44,NRW,39.98,44.98,30.0,0.0,RED INTERNET & PHONE CABLE U,0.0
5517,30 - 34,NRW,44.99,44.98,30.0,0.0,GIGAZUHAUSE KABEL,1.0
5518,45 - 49,NRW,34.99,44.99,30.0,0.0,RED INTERNET & PHONE CABLE U,0.0
5519,35 - 39,NRW,37.99,39.98,30.0,0.0,RED INTERNET & PHONE CABLE U,0.0
5520,40 - 44,NRW,39.98,39.98,30.0,0.0,VF RIP U-TREUE,1.0
5521,45 - 49,NRW,34.99,44.99,30.0,0.0,RED INTERNET & PHONE CABLE U,1.0
5522,40 - 44,NRW,44.99,39.98,30.0,0.0,RED INTERNET & PHONE CABLE U,0.0
5523,40 - 44,KBW,29.99,39.99,30.0,0.0,VF RIP U-TREUE,0.0
5524,60 - 64,NRW,39.98,39.98,30.0,0.0,VF RIP U-TREUE,1.0
5525,30 - 34,NRW,44.99,34.99,30.0,0.0,RED INTERNET & PHONE CABLE U,1.0
5526,55 - 59,NRW,39.99,44.99,30.0,0.0,VF RIP U-TREUE,0.0
5527,70 - 74,NRW,44.98,44.99,30.0,0.0,VF CABLEMAX,0.0
5528,65 - 69,HSN,44.99,32.99,30.0,0.0,RED INTERNET & PHONE CABLE U,0.0
5529,35 - 39,NRW,54.99,44.98,30.0,0.0,VF CABLEMAX,0.0
5530,35 - 39,HSN,44.98,34.99,30.0,0.0,RED INTERNET & PHONE CABLE U,1.0
5531,30 - 34,NRW,39.99,49.99,30.0,0.0,VF CABLEMAX,0.0
5532,50 - 54,NRW,49.99,27.98,30.0,0.0,RED INTERNET & PHONE CABLE U,0.0
5533,25 - 29,NRW,34.98,39.97,30.0,0.0,VF CABLEMAX,1.0
5534,55 - 59,HSN,39.97,39.98,30.0,0.0,VF RIP U-TREUE,0.0
5535,25 - 29,HSN,44.99,39.98,30.0,0.0,RED INTERNET & PHONE CABLE U,0.0
5536,40 - 44,NRW,34.98,39.99,30.0,0.0,RED INTERNET & PHONE CABLE U,1.0
5537,45 - 49,KBW,49.98,34.99,30.0,0.0,RED INTERNET & PHONE CABLE U,0.0
5538,35 - 39,KBW,34.99,39.98,30.0,0.0,RED INTERNET & PHONE CABLE U,1.0
5539,50 - 54,NRW,39.97,39.99,30.0,0.0,GIGAZUHAUSE KABEL,1.0
5540,35 - 39,NRW,34.98,39.99,30.0,0.0,RED INTERNET & PHONE CABLE U,0.0
5541,40 - 44,KBW,49.98,39.97,30.0,0.0,RED INTERNET & PHONE CABLE U,1.0
5542,35 - 39,KBW,49.98,39.98,30.0,0.0,RED INTERNET & PHONE CABLE U,1.0
5543,25 - 29,KBW,44.98,39.98,30.0,0.0,VF RIP U-TREUE,1.0
5544,30 - 34,NRW,44.99,44.98,30.0,0.0,VF RIP U-TREUE,0.0
5545,30 - 34,NRW,44.98,44.98,30.0,0.0,VF RIP U-TREUE,1.0
5546,45 - 49,NRW,34.99,19.99,30.0,0.0,RED INTERNET & PHONE CABLE U,0.0
5547,35 - 39,HSN,34.99,32.99,30.0,0.0,RED INTERNET & PHONE CABLE U,0.0
5548,55 - 59,KBW,39.99,34.98,30.0,0.0,RED INTERNET & PHONE CABLE U,0.0
5549,35 - 39,NRW,44.98,39.98,30.0,0.0,RED INTERNET & PHONE CABLE U,0.0
5550,30 - 34,NRW,34.98,49.96,30.0,0.0,RED INTERNET & PHONE CABLE U,1.0
5551,30 - 34,HSN,44.98,29.98,30.0,0.0,GIGAZUHAUSE KABEL,1.0
5552,40 - 44,KBW,39.98,49.98,30.0,0.0,RED INTERNET & PHONE CABLE U,1.0
5553,30 - 34,KBW,39.97,29.97,30.0,0.0,VF CABLEMAX,1.0
5554,50 - 54,NRW,44.98,39.98,30.0,0.0,VF RIP U-TREUE,1.0
5555,35 - 39,KBW,39.97,39.99,30.0,0.0,VF RIP U-TREUE,1.0
5556,55 - 59,KBW,44.98,39.99,30.0,0.0,RED INTERNET & PHONE CABLE U,1.0
5557,40 - 44,NRW,44.99,44.97,30.0,1.0,RED INTERNET & PHONE CABLE U,1.0
5558,25 - 29,KBW,44.98,34.98,30.0,0.0,VF CABLEMAX,1.0
5559,25 - 29,NRW,39.98,44.99,30.0,0.0,GIGAZUHAUSE KABEL,0.0
5560,55 - 59,NRW,39.99,44.99,30.0,0.0,VF CABLEMAX,1.0
5561,45 - 49,NRW,44.99,34.99,30.0,0.0,VF RIP U-TREUE,1.0
5562,45 - 49,HSN,34.99,34.99,30.0,0.0,VF CABLEMAX,0.0
5563,35 - 39,KBW,44.99,39.99,30.0,0.0,RED INTERNET & PHONE CABLE U,1.0
5564,25 - 29,NRW,34.99,34.98,30.0,0.0,RED INTERNET & PHONE CABLE U,0.0
5565,35 - 39,NRW,49.98,37.99,30.0,0.0,RED INTERNET & PHONE CABLE U,0.0
5566,30 - 34,KBW,44.98,54.98,30.0,0.0,VF RIP U-TREUE,1.0
5567,25 - 29,NRW,44.99,35.98,30.0,0.0,RED INTERNET & PHONE CABLE U,1.0
5568,50 - 54,HSN,49.98,44.99,30.0,0.0,VF CABLEMAX,1.0
5569,60 - 64,NRW,39.99,39.98,30.0,0.0,RED INTERNET & PHONE CABLE U,1.0
5570,65 - 69,NRW,39.98,39.97,30.0,0.0,VF RIP U-TREUE,1.0
5571,60 - 64,NRW,39.99,34.98,30.0,0.0,VF CABLEMAX,0.0
5572,40 - 44,KBW,44.97,49.99,30.0,0.0,VF RIP U-TREUE,0.0
5573,35 - 39,NRW,44.99,49.98,30.0,0.0,RED INTERNET & PHONE CABLE U,1.0
5574,30 - 34,KBW,39.98,44.98,30.0,0.0,VF CABLEMAX,1.0
5575,35 - 39,KBW,44.97,39.98,30.0,0.0,RED INTERNET & PHONE CABLE U,1.0
5576,35 - 39,NRW,42.99,44.97,30.0,0.0,VF RIP U-TREUE,1.0
5577,25 - 29,HSN,34.98,34.99,30.0,0.0,VF RIP U-TREUE,1.0
5578,25 - 29,NRW,29.97,44.98,30.0,0.0,RED INTERNET & PHONE CABLE U,1.0
5579,35 - 39,HSN,44.99,44.99,30.0,0.0,GIGAZUHAUSE KABEL,1.0
5580,30 - 34,HSN,34.99,49.95,30.0,0.0,RED INTERNET & PHONE CABLE U,0.0
5581,40 - 44,KBW,37.98,44.98,30.0,0.0,RED INTERNET & PHONE CABLE U,0.0
5582,25 - 29,HSN,39.99,34.99,30.0,0.0,RED INTERNET & PHONE CABLE U,0.0
5583,35 - 39,KBW,34.99,39.98,30.0,0.0,VF RIP U-TREUE,0.0
5584,35 - 39,NRW,44.98,44.97,30.0,0.0,RED INTERNET & PHONE CABLE U,1.0
5585,55 - 59,HSN,49.99,39.99,30.0,0.0,RED INTERNET & PHONE CABLE U,1.0
5586,40 - 44,KBW,44.97,44.98,30.0,0.0,GIGAZUHAUSE KABEL,1.0
5587,35 - 39,KBW,29.99,34.98,30.0,0.0,RED INTERNET & PHONE CABLE U,0.0
5588,45 - 49,KBW,39.99,44.98,30.0,0.0,VF CABLEMAX,0.0
5589,45 - 49,NRW,34.97,29.98,30.0,0.0,VF RIP U-TREUE,0.0
5590,35 - 39,NRW,39.99,34.98,30.0,1.0,RED INTERNET & PHONE CABLE U,0.0
5591,35 - 39,NRW,44.97,39.99,30.0,0.0,RED INTERNET & PHONE CABLE U,0.0
5592,35 - 39,NRW,39.99,39.98,30.0,0.0,RED INTERNET & PHONE CABLE U,1.0
5593,40 - 44,HSN,49.99,39.99,30.0,0.0,RED INTERNET & PHONE CABLE U,0.0
5594,25 - 29,KBW,44.98,44.98,30.0,0.0,RED INTERNET & PHONE CABLE U,1.0
5595,40 - 44,NRW,34.98,37.99,30.0,0.0,RED INTERNET & PHONE CABLE U,1.0
5596,40 - 44,NRW,34.99,44.97,30.0,0.0,GIGAZUHAUSE KABEL,0.0
5597,55 - 59,NRW,44.99,39.99,30.0,0.0,VF RIP U-TREUE,0.0
5598,25 - 29,KBW,29.99,49.97,30.0,0.0,RED INTERNET & PHONE CABLE U,1.0
5599,25 - 29,KBW,44.99,44.98,30.0,0.0,VF RIP U-TREUE,0.0
5600,25 - 29,KBW,29.99,44.98,30.0,0.0,VF RIP U-TREUE,0.0
5601,35 - 39,NRW,39.99,34.99,30.0,0.0,RED INTERNET & PHONE CABLE U,1.0
5602,35 - 39,NRW,44.98,44.98,30.0,0.0,VF CABLEMAX,0.0
5603,25 - 29,NRW,44.99,34.99,30.0,0.0,GIGAZUHAUSE TREUE C,0.0
5604,30 - 34,NRW,39.98,44.98,30.0,0.0,RED INTERNET & PHONE CABLE U,1.0
5605,55 - 59,NRW,44.99,29.97,30.0,0.0,RED INTERNET & PHONE CABLE U,1.0
5606,50 - 54,HSN,34.98,42.98,30.0,0.0,VF RIP U-TREUE,1.0
5607,25 - 29,NRW,34.98,49.98,30.0,0.0,RED INTERNET & PHONE CABLE U,0.0
5608,35 - 39,KBW,39.98,39.99,30.0,0.0,RED INTERNET & PHONE CABLE U,1.0
5609,35 - 39,NRW,49.96,34.98,30.0,0.0,RED INTERNET & PHONE CABLE U,0.0
5610,45 - 49,NRW,34.99,49.99,30.0,0.0,RED INTERNET & PHONE CABLE U,1.0
5611,30 - 34,KBW,32.99,54.98,30.0,0.0,VF RIP U-TREUE,0.0
5612,25 - 29,KBW,39.99,39.98,30.0,0.0,VF RIP U-TREUE,1.0
5613,50 - 54,KBW,39.98,34.98,30.0,0.0,RED INTERNET & PHONE CABLE U,0.0
5614,30 - 34,NRW,34.99,39.99,30.0,0.0,RED INTERNET & PHONE CABLE U,1.0
5615,35 - 39,NRW,44.99,49.98,30.0,0.0,VF RIP U-TREUE,1.0
5616,40 - 44,KBW,44.99,54.99,30.0,0.0,RED INTERNET & PHONE CABLE U,1.0
5617,30 - 34,KBW,39.99,29.99,30.0,0.0,RED INTERNET & PHONE CABLE U,1.0
5618,50 - 54,KBW,39.99,29.99,30.0,0.0,GIGAZUHAUSE KABEL,1.0
5619,35 - 39,NRW,44.98,49.94,5.0,0.0,RED INTERNET & PHONE CABLE U,0.0
5620,55 - 59,HSN,39.98,44.98,30.0,0.0,RED INTERNET & PHONE CABLE U,0.0
5622,40 - 44,NRW,54.98,39.98,30.0,0.0,RED INTERNET & PHONE CABLE U,1.0
5623,50 - 54,NRW,39.99,44.99,30.0,0.0,RED INTERNET & PHONE CABLE U,0.0
5624,50 - 54,KBW,39.99,39.96,30.0,0.0,VF RIP U-TREUE,1.0
5625,55 - 59,NRW,44.98,39.98,30.0,0.0,VF RIP U-TREUE,0.0
5626,35 - 39,NRW,44.96,34.99,30.0,0.0,RED INTERNET & PHONE CABLE U,0.0
5627,25 - 29,NRW,34.99,44.99,30.0,0.0,RED INTERNET & PHONE CABLE U,1.0
5628,45 - 49,KBW,32.97,39.99,30.0,0.0,VF RIP U-TREUE,1.0
5629,55 - 59,KBW,34.98,34.99,30.0,0.0,VF RIP U-TREUE,0.0
5630,55 - 59,NRW,49.98,39.97,30.0,0.0,RED INTERNET & PHONE CABLE U,1.0
5631,40 - 44,NRW,44.98,44.97,30.0,0.0,RED INTERNET & PHONE CABLE U,0.0
5632,25 - 29,KBW,49.98,44.99,30.0,0.0,RED INTERNET & PHONE CABLE U,0.0
5633,40 - 44,NRW,44.99,39.98,30.0,0.0,VF CABLEMAX,1.0
5634,25 - 29,NRW,34.99,49.97,30.0,0.0,VF RIP U-TREUE,0.0
5635,40 - 44,KBW,27.97,49.98,30.0,0.0,GIGAZUHAUSE KABEL,0.0
5636,45 - 49,NRW,39.99,44.99,30.0,0.0,VF RIP U-TREUE,1.0
5637,50 - 54,KBW,39.99,29.98,30.0,0.0,GIGAZUHAUSE KABEL,1.0
5638,30 - 34,NRW,34.99,49.98,30.0,0.0,RED INTERNET & PHONE CABLE U,0.0
5639,40 - 44,HSN,39.99,34.98,30.0,0.0,VF RIP U-TREUE,1.0
5640,30 - 34,NRW,39.98,34.98,30.0,0.0,RED INTERNET & PHONE CABLE U,1.0
5641,50 - 54,HSN,49.99,42.97,30.0,0.0,VF CABLEMAX,1.0
5642,45 - 49,NRW,37.98,44.98,30.0,0.0,VF CABLEMAX,0.0
5643,55 - 59,KBW,34.99,49.99,30.0,0.0,RED INTERNET & PHONE CABLE U,0.0
5644,35 - 39,NRW,49.97,44.98,30.0,0.0,RED INTERNET & PHONE CABLE U,0.0
5645,35 - 39,NRW,44.98,34.98,30.0,0.0,RED INTERNET & PHONE CABLE U,1.0
5646,30 - 34,KBW,49.99,43.98,30.0,0.0,RED INTERNET & PHONE CABLE U,1.0
5647,55 - 59,KBW,34.99,44.99,30.0,0.0,VF CABLEMAX,0.0
5648,35 - 39,KBW,44.99,39.98,30.0,0.0,VF RIP U-TREUE,0.0
5649,45 - 49,NRW,32.99,39.99,30.0,0.0,RED INTERNET & PHONE CABLE U,0.0
5650,45 - 49,NRW,49.99,59.99,30.0,0.0,RED INTERNET & PHONE CABLE U,1.0
5651,35 - 39,HSN,34.98,44.99,30.0,0.0,GIGAZUHAUSE KABEL,1.0
5652,40 - 44,NRW,44.99,44.97,30.0,0.0,RED INTERNET & PHONE CABLE U,1.0
5653,30 - 34,NRW,44.99,45.99,30.0,0.0,VF RIP U-TREUE,0.0
5654,50 - 54,NRW,44.99,42.98,30.0,0.0,GIGAZUHAUSE KABEL,0.0
5655,40 - 44,NRW,44.98,39.99,30.0,0.0,GIGAZUHAUSE KABEL,1.0
5656,60 - 64,KBW,39.99,49.99,30.0,0.0,RED INTERNET & PHONE CABLE U,1.0
5657,40 - 44,NRW,44.99,49.99,30.0,0.0,GIGAZUHAUSE KABEL,1.0
5658,18 - 24,NRW,39.98,29.99,30.0,0.0,RED INTERNET & PHONE CABLE U,0.0
5659,40 - 44,KBW,39.99,39.99,30.0,0.0,RED INTERNET & PHONE CABLE U,1.0
5660,40 - 44,NRW,44.99,34.99,30.0,0.0,VF CABLEMAX,1.0
5661,25 - 29,KBW,39.98,44.98,30.0,0.0,RED INTERNET & PHONE CABLE U,1.0
5662,30 - 34,NRW,39.98,34.99,30.0,0.0,RED INTERNET & PHONE CABLE U,1.0
5663,40 - 44,NRW,44.99,44.99,30.0,0.0,RED INTERNET & PHONE CABLE U,1.0
5664,55 - 59,KBW,39.98,34.98,30.0,0.0,VF RIP U-TREUE,1.0
5665,30 - 34,KBW,39.99,34.99,30.0,0.0,VF CABLEMAX,0.0
5666,40 - 44,NRW,44.98,34.99,30.0,0.0,RED INTERNET & PHONE CABLE U,0.0
5667,60 - 64,NRW,39.98,39.98,30.0,0.0,GIGAZUHAUSE KABEL,0.0
5668,18 - 24,NRW,39.99,34.98,30.0,0.0,VF RIP U-TREUE,0.0
5669,60 - 64,NRW,34.98,44.98,30.0,0.0,RED INTERNET & PHONE CABLE U,0.0
5670,50 - 54,NRW,44.98,39.99,30.0,0.0,RED INTERNET & PHONE CABLE U,0.0
5671,55 - 59,KBW,54.99,34.98,30.0,0.0,RED INTERNET & PHONE CABLE U,0.0
5672,30 - 34,KBW,34.98,54.97,30.0,0.0,VF RIP U-TREUE,0.0
5673,35 - 39,NRW,44.99,39.99,30.0,0.0,RED INTERNET & PHONE CABLE U,0.0
5674,60 - 64,NRW,44.99,34.99,30.0,0.0,RED INTERNET & PHONE CABLE U,0.0
5675,60 - 64,KBW,49.97,39.99,30.0,0.0,VF RIP U-TREUE,0.0
5676,55 - 59,NRW,49.99,39.99,30.0,0.0,VF RIP U-TREUE,1.0
5677,40 - 44,NRW,49.98,39.99,30.0,0.0,RED INTERNET & PHONE CABLE U,0.0
5678,60 - 64,HSN,49.99,54.99,30.0,0.0,RED INTERNET & PHONE CABLE U,0.0
5679,55 - 59,HSN,49.99,34.99,30.0,0.0,VF RIP U-TREUE,0.0
5680,50 - 54,KBW,34.99,39.99,30.0,0.0,RED INTERNET & PHONE CABLE U,1.0
5681,35 - 39,NRW,44.99,34.99,30.0,0.0,RED INTERNET & PHONE CABLE U,1.0
5682,25 - 29,KBW,39.98,29.98,30.0,0.0,RED INTERNET & PHONE CABLE U,1.0
5683,80 and over,NRW,34.98,44.98,30.0,0.0,RED INTERNET & PHONE CABLE U,1.0
5684,30 - 34,KBW,39.98,29.99,30.0,0.0,VF RIP U-TREUE,0.0
5685,35 - 39,NRW,44.99,39.98,30.0,0.0,VF RIP U-TREUE,0.0
5687,70 - 74,NRW,49.99,44.98,30.0,0.0,GIGAZUHAUSE KABEL,1.0
5688,55 - 59,NRW,34.97,49.97,30.0,1.0,VF CABLEMAX,1.0
5689,25 - 29,NRW,42.99,39.99,30.0,0.0,RED INTERNET & PHONE CABLE U,1.0
5690,60 - 64,KBW,42.99,44.99,30.0,0.0,VF RIP U-TREUE,1.0
5691,60 - 64,HSN,29.99,34.99,30.0,0.0,RED INTERNET & PHONE CABLE U,0.0
5692,40 - 44,NRW,44.98,39.99,30.0,0.0,RED INTERNET & PHONE CABLE U,1.0
5693,40 - 44,NRW,49.98,34.99,30.0,0.0,GIGAZUHAUSE KABEL,0.0
5694,55 - 59,HSN,19.97,39.99,30.0,0.0,GIGAZUHAUSE KABEL,1.0
5695,40 - 44,KBW,34.97,39.98,30.0,0.0,VF CABLEMAX,0.0
5696,35 - 39,KBW,44.99,34.99,30.0,0.0,VF RIP U-TREUE,1.0
5697,35 - 39,KBW,29.98,34.99,30.0,0.0,VF RIP U-TREUE,0.0
5698,65 - 69,NRW,54.98,34.99,30.0,0.0,VF RIP U-TREUE,0.0
5699,55 - 59,NRW,44.98,39.99,30.0,0.0,RED INTERNET & PHONE CABLE U,1.0
5700,18 - 24,KBW,39.99,42.99,30.0,0.0,RED INTERNET & PHONE CABLE U,1.0
5701,35 - 39,NRW,34.98,39.98,30.0,0.0,VF CABLEMAX,1.0
5702,40 - 44,NRW,39.99,49.99,30.0,0.0,RED INTERNET & PHONE CABLE U,0.0
5703,55 - 59,KBW,34.99,44.99,30.0,0.0,RED INTERNET & PHONE CABLE U,0.0
5704,35 - 39,NRW,34.99,34.99,30.0,0.0,VF RIP U-TREUE,1.0
5705,35 - 39,NRW,44.97,34.98,30.0,0.0,RED INTERNET & PHONE CABLE U,0.0
5706,25 - 29,NRW,34.97,49.98,30.0,0.0,GIGAZUHAUSE KABEL,1.0
5707,30 - 34,KBW,44.98,44.99,30.0,0.0,RED INTERNET & PHONE CABLE U,0.0
5708,30 - 34,NRW,39.98,34.98,30.0,0.0,RED INTERNET & PHONE CABLE U,1.0
5709,40 - 44,HSN,44.99,39.99,30.0,0.0,RED INTERNET & PHONE CABLE U,0.0
5710,30 - 34,NRW,24.98,49.99,30.0,0.0,RED INTERNET & PHONE CABLE U,1.0
5711,30 - 34,NRW,44.98,49.99,30.0,0.0,RED INTERNET & PHONE CABLE U,1.0
5712,60 - 64,KBW,44.98,44.99,30.0,0.0,RED INTERNET & PHONE CABLE U,1.0
5713,60 - 64,HSN,39.97,44.98,30.0,0.0,VF RIP U-TREUE,1.0
5714,35 - 39,HSN,44.99,29.98,30.0,0.0,VF CABLEMAX,1.0
5715,25 - 29,KBW,44.99,54.99,30.0,0.0,VF RIP U-TREUE,0.0
5716,50 - 54,NRW,44.98,39.97,30.0,0.0,RED INTERNET & PHONE CABLE U,1.0
5717,25 - 29,NRW,34.99,34.99,30.0,0.0,RED INTERNET & PHONE CABLE U,1.0
5718,25 - 29,NRW,34.98,34.99,30.0,0.0,RED INTERNET & PHONE CABLE U,0.0
5719,60 - 64,NRW,39.98,34.98,30.0,0.0,VF RIP U-TREUE,0.0
5720,40 - 44,KBW,34.97,34.99,30.0,0.0,RED INTERNET & PHONE CABLE U,1.0
5721,35 - 39,NRW,44.98,39.98,30.0,0.0,RED INTERNET & PHONE CABLE U,0.0
5722,40 - 44,KBW,44.99,49.98,30.0,0.0,RED INTERNET & PHONE CABLE U,0.0
5723,50 - 54,NRW,34.98,39.99,30.0,0.0,RED INTERNET & PHONE CABLE U,0.0
5724,60 - 64,HSN,49.99,39.99,30.0,0.0,RED INTERNET & PHONE CABLE U,1.0
5725,18 - 24,NRW,39.98,39.99,30.0,0.0,RED INTERNET & PHONE CABLE U,1.0
5726,50 - 54,NRW,29.97,17.99,30.0,0.0,GIGAZUHAUSE KABEL,0.0
5727,25 - 29,KBW,54.98,44.98,30.0,0.0,VF RIP U-TREUE,1.0
5728,40 - 44,NRW,29.97,34.99,30.0,0.0,VF RIP U-TREUE,0.0
5729,60 - 64,HSN,29.99,44.96,30.0,0.0,RED INTERNET & PHONE CABLE U,1.0
5730,40 - 44,NRW,29.97,39.98,5.0,0.0,RED INTERNET & PHONE CABLE U,1.0
5731,80 and over,NRW,34.99,39.98,30.0,0.0,VF RIP U-TREUE,0.0
5732,35 - 39,NRW,42.99,39.99,30.0,0.0,VF RIP U-TREUE,0.0
5733,40 - 44,NRW,34.99,44.99,30.0,0.0,VF CABLEMAX,0.0
5734,50 - 54,KBW,34.98,34.98,30.0,0.0,VF CABLEMAX,1.0
5735,25 - 29,KBW,44.97,44.99,30.0,0.0,GIGAZUHAUSE KABEL,0.0
5736,35 - 39,KBW,44.99,39.98,30.0,0.0,VF RIP U-TREUE,1.0
5737,25 - 29,NRW,44.99,39.99,30.0,0.0,RED INTERNET & PHONE CABLE U,1.0
5738,40 - 44,HSN,39.99,44.97,30.0,0.0,VF RIP U-TREUE,0.0
5739,30 - 34,HSN,32.98,58.98,30.0,0.0,RED INTERNET & PHONE CABLE U,0.0
5740,40 - 44,NRW,44.99,44.99,30.0,0.0,VF RIP U-TREUE,0.0
5741,25 - 29,KBW,42.99,39.99,30.0,0.0,GIGAZUHAUSE KABEL,0.0
5742,25 - 29,NRW,39.98,39.98,30.0,0.0,RED INTERNET & PHONE CABLE U,1.0
5743,50 - 54,NRW,34.98,62.99,30.0,0.0,RED INTERNET & PHONE CABLE U,0.0
5744,80 and over,NRW,39.98,29.98,30.0,0.0,RED INTERNET & PHONE CABLE U,1.0
5745,35 - 39,NRW,39.98,39.99,30.0,0.0,RED INTERNET & PHONE CABLE U,1.0
5746,35 - 39,NRW,34.99,37.99,30.0,0.0,VF CABLEMAX,1.0
5747,50 - 54,KBW,44.99,29.98,30.0,0.0,RED INTERNET & PHONE CABLE U,0.0
5748,40 - 44,NRW,34.99,39.99,30.0,0.0,RED INTERNET & PHONE CABLE U,1.0
5749,30 - 34,NRW,39.98,44.98,30.0,0.0,RED INTERNET & PHONE CABLE U,1.0
5750,45 - 49,KBW,27.99,32.99,30.0,0.0,VF RIP U-TREUE,1.0
5751,65 - 69,KBW,49.98,44.99,30.0,0.0,RED INTERNET & PHONE CABLE U,0.0
5752,40 - 44,KBW,39.98,49.98,30.0,0.0,RED INTERNET & PHONE CABLE U,0.0
5753,30 - 34,NRW,39.99,39.99,30.0,0.0,GIGAZUHAUSE KABEL,0.0
5754,40 - 44,KBW,37.98,49.99,30.0,0.0,RED INTERNET & PHONE CABLE U,0.0
5755,30 - 34,NRW,44.99,54.98,30.0,0.0,RED INTERNET & PHONE CABLE U,0.0
5756,18 - 24,NRW,32.98,44.99,30.0,0.0,VF RIP U-TREUE,1.0
5757,60 - 64,HSN,34.99,49.99,30.0,0.0,GIGAZUHAUSE KABEL,1.0
5758,18 - 24,KBW,39.98,39.98,30.0,0.0,RED INTERNET & PHONE CABLE U,0.0
5759,35 - 39,KBW,39.97,49.99,30.0,0.0,RED INTERNET & PHONE CABLE U,1.0
5760,40 - 44,KBW,44.97,34.98,30.0,0.0,VF RIP U-TREUE,0.0
5761,40 - 44,NRW,62.99,62.98,30.0,0.0,RED INTERNET & PHONE CABLE U,0.0
5762,30 - 34,NRW,39.99,39.99,30.0,0.0,RED INTERNET & PHONE CABLE U,1.0
5763,25 - 29,NRW,44.98,37.99,30.0,0.0,RED INTERNET & PHONE CABLE U,1.0
5764,18 - 24,HSN,39.99,39.99,30.0,0.0,GIGAZUHAUSE KABEL,1.0
5765,50 - 54,NRW,29.98,44.98,30.0,0.0,RED INTERNET & PHONE CABLE U,0.0
5766,35 - 39,HSN,44.99,44.99,30.0,0.0,RED INTERNET & PHONE CABLE U,0.0
5767,40 - 44,KBW,34.99,42.98,30.0,0.0,RED INTERNET & PHONE CABLE U,0.0
5768,40 - 44,NRW,49.98,44.99,30.0,0.0,VF CABLEMAX,0.0
5769,55 - 59,NRW,34.99,44.99,30.0,0.0,RED INTERNET & PHONE CABLE U,1.0
5770,55 - 59,KBW,32.99,44.97,30.0,0.0,RED INTERNET & PHONE CABLE U,0.0
5771,40 - 44,NRW,39.99,39.99,30.0,0.0,RED INTERNET & PHONE CABLE U,1.0
5772,35 - 39,NRW,29.99,44.98,30.0,0.0,VF RIP U-TREUE,0.0
5773,25 - 29,HSN,39.97,39.99,30.0,0.0,RED INTERNET & PHONE CABLE U,1.0
5774,25 - 29,NRW,49.99,32.99,30.0,0.0,VF RIP U-TREUE,0.0
5775,35 - 39,NRW,34.97,44.99,30.0,0.0,RED INTERNET & PHONE CABLE U,1.0
5776,25 - 29,NRW,34.99,44.99,30.0,0.0,RED INTERNET & PHONE CABLE U,1.0
5777,50 - 54,NRW,29.98,44.99,30.0,0.0,RED INTERNET & PHONE CABLE U,0.0
5778,60 - 64,NRW,42.98,39.99,30.0,0.0,VF RIP U-TREUE,0.0
5779,45 - 49,NRW,39.99,44.99,30.0,0.0,RED INTERNET & PHONE CABLE U,1.0
5780,30 - 34,KBW,39.98,44.98,30.0,0.0,RED INTERNET & PHONE CABLE U,0.0
5781,35 - 39,NRW,39.98,34.99,30.0,0.0,RED INTERNET & PHONE CABLE U,0.0
5782,30 - 34,NRW,44.99,34.98,30.0,0.0,RED INTERNET & PHONE CABLE U,0.0
5783,55 - 59,KBW,49.98,44.99,30.0,0.0,GIGAZUHAUSE KABEL,0.0
5784,30 - 34,HSN,44.97,29.99,30.0,0.0,RED INTERNET & PHONE CABLE U,0.0
5785,50 - 54,KBW,45.99,39.99,30.0,0.0,RED INTERNET & PHONE CABLE U,0.0
5786,30 - 34,NRW,39.97,29.99,30.0,0.0,RED INTERNET & PHONE CABLE U,1.0
5788,60 - 64,HSN,39.98,39.99,30.0,0.0,RED INTERNET & PHONE CABLE U,0.0
5789,25 - 29,NRW,39.98,44.97,30.0,0.0,RED INTERNET & PHONE CABLE U,1.0
5790,45 - 49,KBW,34.99,29.98,30.0,0.0,RED INTERNET & PHONE CABLE U,0.0
5791,25 - 29,NRW,49.99,29.98,30.0,0.0,VF RIP U-TREUE,1.0
5792,30 - 34,NRW,44.98,44.98,30.0,0.0,RED INTERNET & PHONE CABLE U,0.0
5793,50 - 54,NRW,34.99,49.99,30.0,0.0,RED INTERNET & PHONE CABLE U,0.0
5794,30 - 34,NRW,34.99,39.98,30.0,0.0,GIGAZUHAUSE KABEL,1.0
5795,60 - 64,NRW,37.99,34.99,30.0,1.0,RED INTERNET & PHONE CABLE U,0.0
5796,35 - 39,KBW,29.98,44.98,30.0,0.0,GIGAZUHAUSE KABEL,1.0
5797,40 - 44,KBW,39.98,44.98,30.0,0.0,RED INTERNET & PHONE CABLE U,0.0
5798,45 - 49,KBW,39.98,39.98,30.0,0.0,RED INTERNET & PHONE CABLE U,1.0
5799,55 - 59,NRW,29.99,49.98,30.0,0.0,VF CABLEMAX,1.0
5800,35 - 39,NRW,44.98,44.99,30.0,0.0,VF RIP U-TREUE,0.0
5801,25 - 29,HSN,39.99,44.98,30.0,0.0,RED INTERNET & PHONE CABLE U,1.0
5802,35 - 39,NRW,44.98,47.98,30.0,0.0,VF CABLEMAX,0.0
5803,65 - 69,NRW,34.98,42.99,30.0,0.0,RED INTERNET & PHONE CABLE U,1.0
5804,25 - 29,NRW,24.99,44.99,30.0,0.0,GIGAZUHAUSE KABEL,0.0
5805,25 - 29,KBW,39.97,34.99,30.0,0.0,RED INTERNET & PHONE CABLE U,0.0
5806,35 - 39,NRW,39.99,34.98,30.0,0.0,RED INTERNET & PHONE CABLE U,1.0
5807,30 - 34,NRW,44.98,47.99,30.0,0.0,RED INTERNET & PHONE CABLE U,0.0
5808,35 - 39,NRW,34.97,49.98,30.0,0.0,GIGAZUHAUSE KABEL,1.0
5809,25 - 29,NRW,44.99,39.99,30.0,0.0,RED INTERNET & PHONE CABLE U,0.0
5810,30 - 34,NRW,34.98,47.98,30.0,0.0,RED INTERNET & PHONE CABLE U,0.0
5811,35 - 39,KBW,44.98,44.99,30.0,0.0,GIGAZUHAUSE KABEL,0.0
5812,40 - 44,KBW,34.98,39.99,30.0,0.0,GIGAZUHAUSE KABEL,0.0
5813,25 - 29,NRW,39.97,49.98,30.0,0.0,RED INTERNET & PHONE CABLE U,1.0
5814,55 - 59,NRW,44.99,39.99,30.0,0.0,RED INTERNET & PHONE CABLE U,1.0
5815,35 - 39,KBW,54.99,44.99,30.0,0.0,VF RIP U-TREUE,0.0
5816,25 - 29,NRW,74.99,34.99,30.0,0.0,RED INTERNET & PHONE CABLE U,0.0
5817,55 - 59,KBW,49.99,29.99,30.0,0.0,VF CABLEMAX,1.0
5818,55 - 59,KBW,62.99,42.99,30.0,0.0,RED INTERNET & PHONE CABLE U,1.0
5819,40 - 44,KBW,37.99,39.97,30.0,0.0,RED INTERNET & PHONE CABLE U,0.0
5820,35 - 39,KBW,39.99,44.98,30.0,0.0,RED INTERNET & PHONE CABLE U,0.0
5821,50 - 54,NRW,47.99,34.99,30.0,0.0,RED INTERNET & PHONE CABLE U,1.0
5822,35 - 39,HSN,39.99,44.98,30.0,0.0,RED INTERNET & PHONE CABLE U,0.0
5823,60 - 64,KBW,44.98,39.98,30.0,0.0,RED INTERNET & PHONE CABLE U,0.0
5824,35 - 39,KBW,42.99,44.98,30.0,0.0,RED INTERNET & PHONE CABLE U,0.0
5825,65 - 69,KBW,29.98,39.98,30.0,0.0,VF RIP U-TREUE,0.0
5826,40 - 44,HSN,44.99,49.99,30.0,1.0,VF CABLEMAX,1.0
5827,25 - 29,KBW,29.99,34.98,30.0,0.0,VF RIP U-TREUE,0.0
5828,50 - 54,NRW,49.98,44.99,30.0,0.0,RED INTERNET & PHONE CABLE U,0.0
5829,30 - 34,NRW,39.98,44.99,6.0,0.0,GIGAZUHAUSE KABEL,1.0
5830,35 - 39,NRW,44.98,34.98,30.0,0.0,VF RIP U-TREUE,0.0
5831,40 - 44,NRW,49.97,44.98,30.0,0.0,RED INTERNET & PHONE CABLE U,1.0
5832,50 - 54,NRW,29.99,44.99,30.0,0.0,RED INTERNET & PHONE CABLE U,0.0
5833,60 - 64,KBW,44.99,39.99,30.0,0.0,RED INTERNET & PHONE CABLE U,0.0
5834,35 - 39,NRW,39.98,49.98,30.0,0.0,RED INTERNET & PHONE CABLE U,1.0
5835,30 - 34,NRW,44.98,39.98,30.0,0.0,RED INTERNET & PHONE CABLE U,0.0
5836,35 - 39,HSN,39.97,39.98,30.0,0.0,GIGAZUHAUSE KABEL,0.0
5837,40 - 44,KBW,44.99,49.99,30.0,0.0,RED INTERNET & PHONE CABLE U,0.0
5838,25 - 29,HSN,44.99,34.99,30.0,0.0,VF RIP U-TREUE,1.0
5839,25 - 29,NRW,34.98,39.99,30.0,0.0,RED INTERNET & PHONE CABLE U,1.0
5840,60 - 64,KBW,44.99,39.99,30.0,0.0,RED INTERNET & PHONE CABLE U,1.0
5841,40 - 44,KBW,42.97,44.98,30.0,0.0,RED INTERNET & PHONE CABLE U,0.0
5842,35 - 39,NRW,39.98,69.97,30.0,0.0,VF CABLEMAX,1.0
5843,25 - 29,HSN,44.98,39.98,30.0,0.0,RED INTERNET & PHONE CABLE U,0.0
5844,30 - 34,KBW,49.99,49.98,30.0,0.0,RED INTERNET & PHONE CABLE U,0.0
5845,30 - 34,KBW,39.98,42.99,30.0,0.0,VF CABLEMAX,1.0
5846,40 - 44,NRW,34.99,39.99,30.0,0.0,RED INTERNET & PHONE CABLE U,0.0
5847,30 - 34,HSN,34.98,39.97,30.0,0.0,GIGAZUHAUSE KABEL,1.0
5848,40 - 44,HSN,37.98,39.98,30.0,0.0,VF CABLEMAX,1.0
5849,35 - 39,NRW,44.99,39.97,30.0,0.0,VF RIP U-TREUE,1.0
5850,25 - 29,KBW,44.99,49.99,30.0,0.0,VF CABLEMAX,1.0
5851,35 - 39,KBW,39.99,39.97,30.0,0.0,RED INTERNET & PHONE CABLE U,0.0
5852,50 - 54,NRW,39.99,44.99,30.0,0.0,GIGAZUHAUSE KABEL,0.0
5853,35 - 39,NRW,34.99,44.98,30.0,0.0,VF RIP U-TREUE,0.0
5854,70 - 74,KBW,39.98,49.99,30.0,0.0,RED INTERNET & PHONE CABLE U,0.0
5855,40 - 44,NRW,34.99,34.99,30.0,0.0,RED INTERNET & PHONE CABLE U,1.0
5856,25 - 29,NRW,54.98,42.98,30.0,0.0,VF RIP U-TREUE,1.0
5857,35 - 39,NRW,44.99,29.99,30.0,0.0,VF RIP U-TREUE,1.0
5858,35 - 39,KBW,44.99,54.98,30.0,0.0,RED INTERNET & PHONE CABLE U,0.0
5859,30 - 34,NRW,38.99,34.98,30.0,0.0,VF RIP U-TREUE,1.0
5860,80 and over,NRW,44.99,34.99,30.0,0.0,RED INTERNET & PHONE CABLE U,0.0
5861,35 - 39,NRW,39.99,39.99,30.0,0.0,VF CABLEMAX,1.0
5862,35 - 39,KBW,34.99,44.98,30.0,0.0,VF RIP U-TREUE,0.0
5863,40 - 44,NRW,39.99,34.98,30.0,0.0,GIGAZUHAUSE KABEL,1.0
5864,35 - 39,NRW,49.99,34.99,30.0,0.0,VF RIP U-TREUE,1.0
5865,55 - 59,NRW,39.98,34.99,30.0,0.0,GIGAZUHAUSE KABEL,1.0
5866,35 - 39,NRW,34.98,44.98,30.0,0.0,RED INTERNET & PHONE CABLE U,0.0
5867,35 - 39,KBW,39.98,39.98,30.0,0.0,RED INTERNET & PHONE CABLE U,1.0
5868,25 - 29,KBW,47.98,44.98,30.0,0.0,RED INTERNET & PHONE CABLE U,1.0
5869,50 - 54,NRW,44.95,39.98,30.0,0.0,RED INTERNET & PHONE CABLE U,1.0
5870,55 - 59,NRW,49.99,29.98,30.0,0.0,RED INTERNET & PHONE CABLE U,0.0
5871,30 - 34,NRW,29.99,39.99,30.0,0.0,VF RIP U-TREUE,0.0
5872,55 - 59,NRW,58.98,49.99,30.0,0.0,RED INTERNET & PHONE CABLE U,1.0
5873,45 - 49,HSN,42.99,44.98,30.0,0.0,RED INTERNET & PHONE CABLE U,0.0
5874,60 - 64,NRW,34.97,44.98,30.0,0.0,RED INTERNET & PHONE CABLE U,0.0
5875,50 - 54,KBW,44.99,49.98,30.0,0.0,RED INTERNET & PHONE CABLE U,1.0
5876,35 - 39,NRW,34.99,39.99,30.0,0.0,RED INTERNET & PHONE CABLE U,1.0
5877,40 - 44,NRW,39.98,44.99,30.0,0.0,RED INTERNET & PHONE CABLE U,0.0
5878,35 - 39,KBW,34.99,39.98,30.0,0.0,GIGAZUHAUSE KABEL,0.0
5879,40 - 44,NRW,44.99,34.98,30.0,0.0,VF RIP U-TREUE,0.0
5880,40 - 44,NRW,44.99,49.98,30.0,0.0,VF RIP U-TREUE,0.0
5881,25 - 29,NRW,39.98,37.99,30.0,0.0,GIGAZUHAUSE KABEL,0.0
5882,25 - 29,NRW,34.99,39.98,30.0,0.0,RED INTERNET & PHONE CABLE U,0.0
5883,35 - 39,KBW,44.97,49.99,30.0,0.0,RED INTERNET & PHONE CABLE U,0.0
5884,55 - 59,KBW,44.99,59.99,30.0,0.0,RED INTERNET & PHONE CABLE U,0.0
5886,55 - 59,KBW,39.99,44.98,30.0,0.0,VF RIP U-TREUE,1.0
5887,55 - 59,NRW,49.99,29.99,30.0,0.0,RED INTERNET & PHONE CABLE U,1.0
5888,55 - 59,NRW,39.97,29.98,30.0,0.0,RED INTERNET & PHONE CABLE U,0.0
5889,55 - 59,NRW,39.99,39.98,30.0,0.0,GIGAZUHAUSE KABEL,1.0
5890,45 - 49,KBW,44.99,49.99,30.0,0.0,RED INTERNET & PHONE CABLE U,1.0
5891,50 - 54,KBW,44.98,44.99,30.0,0.0,RED INTERNET & PHONE CABLE U,1.0
5892,40 - 44,KBW,32.99,44.99,30.0,0.0,2PLAY,1.0
5893,35 - 39,HSN,39.98,39.98,30.0,0.0,VF RIP U-TREUE,0.0
5894,40 - 44,NRW,34.99,44.99,30.0,0.0,VF RIP U-TREUE,1.0
5895,30 - 34,KBW,44.98,39.99,30.0,0.0,VF CABLEMAX,1.0
5896,25 - 29,NRW,29.99,29.99,30.0,0.0,RED INTERNET & PHONE CABLE U,0.0
5897,35 - 39,NRW,44.99,34.99,30.0,0.0,VF RIP U-TREUE,0.0
5898,25 - 29,HSN,24.98,44.99,30.0,0.0,VF CABLEMAX,0.0
5899,55 - 59,KBW,44.98,39.99,30.0,0.0,RED INTERNET & PHONE CABLE U,0.0
5900,25 - 29,NRW,44.98,39.99,30.0,0.0,RED INTERNET & PHONE CABLE U,1.0
5901,35 - 39,NRW,44.98,34.98,30.0,0.0,RED INTERNET & PHONE CABLE U,0.0
5902,50 - 54,NRW,44.98,39.98,30.0,0.0,VF RIP U-TREUE,0.0
5903,50 - 54,KBW,29.99,37.97,30.0,0.0,RED INTERNET & PHONE CABLE U,1.0
5904,80 and over,NRW,44.99,34.98,30.0,0.0,VF RIP U-TREUE,0.0
5905,35 - 39,HSN,39.98,34.98,30.0,0.0,VF RIP U-TREUE,0.0
5906,40 - 44,HSN,44.99,39.99,30.0,0.0,GIGAZUHAUSE KABEL,0.0
5907,35 - 39,KBW,39.98,44.99,30.0,0.0,RED INTERNET & PHONE CABLE U,1.0
5908,55 - 59,NRW,39.99,39.99,30.0,0.0,RED INTERNET & PHONE CABLE U,0.0
5909,35 - 39,KBW,34.98,44.98,30.0,0.0,RED INTERNET & PHONE CABLE U,0.0
5910,40 - 44,KBW,44.99,44.99,30.0,0.0,RED INTERNET & PHONE CABLE U,1.0
5911,35 - 39,KBW,39.99,44.99,30.0,0.0,VF RIP U-TREUE,1.0
5912,55 - 59,KBW,44.98,49.98,30.0,0.0,VF RIP U-TREUE,0.0
5913,30 - 34,HSN,39.98,37.99,30.0,0.0,VF RIP U-TREUE,0.0
5914,35 - 39,KBW,44.99,39.99,30.0,0.0,RED INTERNET & PHONE CABLE U,0.0
5915,50 - 54,NRW,29.98,42.99,30.0,0.0,VF CABLEMAX,0.0
5916,40 - 44,NRW,44.99,44.98,30.0,0.0,RED INTERNET & PHONE CABLE U,0.0
5917,40 - 44,HSN,44.99,44.98,30.0,0.0,RED INTERNET & PHONE CABLE U,1.0
5918,30 - 34,NRW,24.97,39.99,30.0,0.0,VF CABLEMAX,1.0
5919,35 - 39,KBW,34.99,44.98,30.0,0.0,VF RIP U-TREUE,0.0
5920,40 - 44,KBW,44.98,34.99,30.0,0.0,RED INTERNET & PHONE CABLE U,0.0
5921,40 - 44,NRW,49.98,44.97,30.0,0.0,RED INTERNET & PHONE CABLE U,1.0
5922,40 - 44,NRW,39.98,39.99,30.0,0.0,RED INTERNET & PHONE CABLE U,0.0
5923,50 - 54,KBW,44.99,44.98,30.0,0.0,RED INTERNET & PHONE CABLE U,1.0
5924,60 - 64,NRW,39.99,58.98,30.0,0.0,RED INTERNET & PHONE CABLE U,0.0
5925,50 - 54,KBW,49.99,24.99,30.0,0.0,RED INTERNET & PHONE CABLE U,0.0
5926,35 - 39,NRW,42.99,44.99,30.0,0.0,RED INTERNET & PHONE CABLE U,1.0
5927,40 - 44,NRW,44.99,39.99,30.0,0.0,VF RIP U-TREUE,0.0
5928,30 - 34,KBW,44.98,44.98,30.0,0.0,RED INTERNET & PHONE CABLE U,1.0
5929,55 - 59,KBW,29.97,39.98,30.0,0.0,VF RIP U-TREUE,1.0
5930,55 - 59,KBW,29.98,29.99,30.0,0.0,GIGAZUHAUSE KABEL,0.0
5931,25 - 29,NRW,49.99,42.99,30.0,0.0,RED INTERNET & PHONE CABLE U,0.0
5932,50 - 54,NRW,34.96,39.99,30.0,0.0,RED INTERNET & PHONE CABLE U,1.0
5933,25 - 29,KBW,44.99,39.98,30.0,0.0,GIGAZUHAUSE KABEL,1.0
5934,25 - 29,HSN,39.99,44.99,30.0,0.0,VF RIP U-TREUE,0.0
5935,35 - 39,NRW,39.99,39.99,30.0,0.0,RED INTERNET & PHONE CABLE U,0.0
5936,50 - 54,NRW,39.99,44.99,30.0,0.0,RED INTERNET & PHONE CABLE U,1.0
5937,25 - 29,NRW,42.99,44.98,30.0,0.0,RED INTERNET & PHONE CABLE U,0.0
5938,35 - 39,NRW,44.96,34.99,30.0,0.0,VF RIP U-TREUE,1.0
5939,35 - 39,NRW,49.96,44.97,30.0,0.0,GIGAZUHAUSE KABEL,0.0
5940,35 - 39,NRW,34.99,44.99,30.0,0.0,RED INTERNET & PHONE CABLE U,0.0
5941,30 - 34,KBW,29.99,39.99,30.0,0.0,GIGAZUHAUSE KABEL,0.0
5942,55 - 59,KBW,29.98,44.98,30.0,0.0,RED INTERNET & PHONE CABLE U,0.0
5943,30 - 34,NRW,37.98,39.99,30.0,0.0,VF RIP U-TREUE,1.0
5945,50 - 54,HSN,11.98,44.99,30.0,0.0,RED INTERNET & PHONE CABLE U,0.0
5946,25 - 29,NRW,44.99,29.99,30.0,0.0,VF RIP U-TREUE,0.0
5947,50 - 54,NRW,34.98,34.98,30.0,0.0,RED INTERNET & PHONE CABLE U,0.0
5948,30 - 34,NRW,34.99,49.99,30.0,0.0,RED INTERNET & PHONE CABLE U,0.0
5949,55 - 59,NRW,39.99,44.99,30.0,0.0,RED INTERNET & PHONE CABLE U,1.0
5950,55 - 59,NRW,44.98,44.98,30.0,0.0,RED INTERNET & PHONE CABLE U,0.0
5951,65 - 69,KBW,39.99,49.98,6.0,0.0,VF CABLEMAX,1.0
5952,70 - 74,KBW,39.99,44.99,30.0,0.0,VF RIP U-TREUE,1.0
5953,30 - 34,NRW,34.98,34.99,30.0,0.0,VF RIP U-TREUE,1.0
5954,25 - 29,NRW,39.98,44.99,30.0,0.0,VF RIP U-TREUE,1.0
5955,40 - 44,NRW,34.99,44.97,30.0,0.0,VF CABLEMAX,1.0
5956,35 - 39,NRW,54.98,34.98,30.0,0.0,GIGAZUHAUSE KABEL,0.0
5957,50 - 54,KBW,39.98,39.97,30.0,0.0,RED INTERNET & PHONE CABLE U,0.0
5958,25 - 29,NRW,34.97,44.98,30.0,0.0,GIGAZUHAUSE KABEL,1.0
5959,30 - 34,HSN,44.98,44.98,30.0,0.0,RED INTERNET & PHONE CABLE U,0.0
5960,40 - 44,NRW,39.98,29.98,30.0,0.0,RED INTERNET & PHONE CABLE U,1.0
5961,40 - 44,HSN,37.99,44.99,30.0,0.0,RED INTERNET & PHONE CABLE U,1.0
5962,30 - 34,NRW,37.97,44.99,30.0,0.0,VF RIP U-TREUE,1.0
5963,25 - 29,NRW,39.98,34.99,30.0,0.0,RED INTERNET & PHONE CABLE U,0.0
5964,30 - 34,NRW,44.99,39.98,30.0,0.0,VF RIP U-TREUE,0.0
5965,25 - 29,NRW,39.98,44.98,30.0,0.0,VF CABLEMAX,1.0
5966,30 - 34,KBW,44.98,39.99,30.0,0.0,VF RIP U-TREUE,0.0
5967,40 - 44,NRW,32.99,44.97,30.0,0.0,VF RIP U-TREUE,1.0
5968,50 - 54,KBW,44.97,39.98,30.0,0.0,RED INTERNET & PHONE CABLE U,1.0
5969,25 - 29,KBW,34.98,44.99,30.0,0.0,VF RIP U-TREUE,1.0
5970,40 - 44,NRW,44.98,34.99,30.0,0.0,RED INTERNET & PHONE CABLE U,1.0
5971,50 - 54,NRW,44.97,39.99,30.0,0.0,RED INTERNET & PHONE CABLE U,1.0
5972,30 - 34,KBW,34.99,34.99,30.0,0.0,RED INTERNET & PHONE CABLE U,0.0
5973,50 - 54,KBW,34.98,39.99,30.0,0.0,RED INTERNET & PHONE CABLE U,0.0
5974,30 - 34,NRW,44.99,39.98,30.0,0.0,RED INTERNET & PHONE CABLE U,1.0
5975,45 - 49,KBW,39.98,34.98,30.0,0.0,RED INTERNET & PHONE CABLE U,0.0
5976,50 - 54,KBW,39.98,39.99,30.0,0.0,VF RIP U-TREUE,1.0
5977,35 - 39,NRW,34.99,39.99,30.0,0.0,VF CABLEMAX,1.0
5978,50 - 54,NRW,39.97,44.98,30.0,0.0,VF RIP U-TREUE,1.0
5979,70 - 74,KBW,44.98,44.98,30.0,0.0,RED INTERNET & PHONE CABLE U,0.0
5980,50 - 54,NRW,39.98,44.99,30.0,0.0,VF RIP U-TREUE,1.0
5981,35 - 39,NRW,42.99,44.99,30.0,0.0,RED INTERNET & PHONE CABLE U,1.0
5982,40 - 44,KBW,54.98,44.98,30.0,0.0,RED INTERNET & PHONE CABLE U,1.0
5983,40 - 44,NRW,29.98,39.98,30.0,0.0,RED INTERNET & PHONE CABLE U,1.0
5984,35 - 39,NRW,34.99,39.98,30.0,0.0,RED INTERNET & PHONE CABLE U,0.0
5985,35 - 39,NRW,37.98,49.99,30.0,0.0,GIGAZUHAUSE KABEL,1.0
5986,40 - 44,KBW,54.97,39.97,30.0,0.0,GIGAZUHAUSE KABEL,0.0
5987,55 - 59,NRW,44.98,39.98,30.0,0.0,VF CABLEMAX,1.0
5988,30 - 34,HSN,44.98,44.98,30.0,0.0,GIGAZUHAUSE KABEL,0.0
5989,55 - 59,HSN,44.98,44.97,30.0,0.0,RED INTERNET & PHONE CABLE U,0.0
5990,30 - 34,HSN,34.98,44.98,30.0,0.0,VF RIP U-TREUE,1.0
5991,40 - 44,HSN,44.98,44.99,30.0,0.0,VF CABLEMAX,0.0
5992,30 - 34,KBW,49.99,32.98,30.0,0.0,GIGAZUHAUSE KABEL,0.0
5993,65 - 69,KBW,39.97,39.98,30.0,0.0,RED INTERNET & PHONE CABLE U,1.0
5994,25 - 29,NRW,34.99,44.98,30.0,0.0,RED INTERNET & PHONE CABLE U,0.0
5995,35 - 39,NRW,44.99,34.98,30.0,0.0,RED INTERNET & PHONE CABLE U,1.0
5996,45 - 49,NRW,39.99,39.98,30.0,0.0,RED INTERNET & PHONE CABLE U,0.0
5997,40 - 44,NRW,37.99,54.99,30.0,0.0,RED INTERNET & PHONE CABLE U,0.0
5998,30 - 34,KBW,34.98,44.98,30.0,0.0,RED INTERNET & PHONE CABLE U,1.0
5999,40 - 44,KBW,44.99,44.97,30.0,0.0,RED INTERNET & PHONE CABLE U,0.0
6000,50 - 54,NRW,34.98,49.98,30.0,0.0,RED INTERNET & PHONE CABLE U,1.0
6001,40 - 44,NRW,44.99,49.99,30.0,0.0,RED INTERNET & PHONE CABLE U,1.0
6002,35 - 39,KBW,54.99,44.99,30.0,0.0,RED INTERNET & PHONE CABLE U,1.0
6003,40 - 44,NRW,29.97,29.98,30.0,0.0,VF RIP U-TREUE,1.0
6004,25 - 29,NRW,39.98,44.98,30.0,0.0,VF RIP U-TREUE,1.0
6005,30 - 34,KBW,39.98,44.98,30.0,0.0,GIGAZUHAUSE KABEL,1.0
6006,35 - 39,NRW,39.98,49.99,30.0,0.0,RED INTERNET & PHONE CABLE U,1.0
6007,45 - 49,NRW,34.99,44.99,30.0,0.0,RED INTERNET & PHONE CABLE U,0.0
6008,35 - 39,HSN,32.98,49.98,30.0,0.0,VF CABLEMAX,0.0
6009,80 and over,NRW,39.99,44.98,30.0,0.0,RED INTERNET & PHONE CABLE U,1.0
6010,35 - 39,NRW,39.99,39.98,30.0,0.0,VF RIP U-TREUE,0.0
6011,55 - 59,HSN,39.98,44.98,30.0,0.0,VF CABLEMAX,1.0
6012,35 - 39,NRW,34.99,39.98,30.0,0.0,RED INTERNET & PHONE CABLE U,0.0
6013,40 - 44,KBW,39.99,34.98,30.0,0.0,RED INTERNET & PHONE CABLE U,1.0
6014,65 - 69,HSN,34.99,44.98,30.0,1.0,RED INTERNET & PHONE CABLE U,0.0
6015,35 - 39,KBW,39.99,49.99,30.0,0.0,RED INTERNET & PHONE CABLE U,1.0
6016,40 - 44,NRW,44.98,34.98,30.0,0.0,VF RIP U-TREUE,1.0
6017,80 and over,KBW,64.99,34.98,30.0,0.0,VF RIP U-TREUE,0.0
6018,40 - 44,NRW,58.98,39.99,30.0,0.0,RED INTERNET & PHONE CABLE U,0.0
6019,25 - 29,NRW,29.99,39.99,30.0,0.0,VF CABLEMAX,1.0
6020,30 - 34,NRW,39.99,52.99,30.0,0.0,RED INTERNET & PHONE CABLE U,0.0
6021,45 - 49,NRW,34.99,44.99,30.0,0.0,RED INTERNET & PHONE CABLE U,0.0
6022,25 - 29,KBW,44.98,39.98,30.0,0.0,RED INTERNET & PHONE CABLE U,1.0
6023,50 - 54,KBW,39.98,39.98,30.0,0.0,GIGAZUHAUSE KABEL,0.0
6024,35 - 39,KBW,34.99,49.98,30.0,0.0,GIGAZUHAUSE KABEL,0.0
6025,25 - 29,NRW,39.98,44.99,30.0,0.0,VF CABLEMAX,1.0
6026,55 - 59,NRW,37.99,49.98,30.0,0.0,VF RIP U-TREUE,0.0
6027,25 - 29,NRW,44.98,49.98,30.0,0.0,GIGAZUHAUSE KABEL,0.0
6028,35 - 39,KBW,44.99,39.99,30.0,0.0,VF RIP U-TREUE,1.0
6029,30 - 34,NRW,17.99,39.99,30.0,0.0,RED INTERNET & PHONE CABLE U,1.0
6030,70 - 74,KBW,37.98,37.99,30.0,0.0,VF RIP U-TREUE,1.0
6031,40 - 44,KBW,39.99,44.99,30.0,0.0,RED INTERNET & PHONE CABLE U,1.0
6032,45 - 49,NRW,49.98,49.98,30.0,0.0,RED INTERNET & PHONE CABLE U,0.0
6033,40 - 44,NRW,29.98,39.98,30.0,0.0,RED INTERNET & PHONE CABLE U,0.0
6034,35 - 39,KBW,39.97,39.98,30.0,0.0,RED INTERNET & PHONE CABLE U,1.0
6035,60 - 64,NRW,39.99,29.99,30.0,0.0,GIGAZUHAUSE KABEL,0.0
6036,25 - 29,NRW,34.98,39.99,30.0,0.0,VF CABLEMAX,0.0
6037,45 - 49,NRW,34.98,44.98,30.0,0.0,VF CABLEMAX,1.0
6038,40 - 44,NRW,44.98,39.99,30.0,0.0,RED INTERNET & PHONE CABLE U,1.0
6039,30 - 34,HSN,44.99,44.99,30.0,0.0,RED INTERNET & PHONE CABLE U,0.0
6040,50 - 54,NRW,44.99,34.98,30.0,0.0,VF RIP U-TREUE,0.0
6041,40 - 44,NRW,34.99,44.98,30.0,0.0,RED INTERNET & PHONE CABLE U,1.0
6042,60 - 64,NRW,69.99,34.99,30.0,0.0,VF RIP U-TREUE,1.0
6043,35 - 39,KBW,44.98,34.98,30.0,0.0,RED INTERNET & PHONE CABLE U,1.0
6044,35 - 39,NRW,39.98,54.99,30.0,0.0,RED INTERNET & PHONE CABLE U,0.0
6045,70 - 74,KBW,44.97,44.98,30.0,0.0,RED INTERNET & PHONE CABLE U,0.0
6046,80 and over,NRW,39.99,44.98,30.0,0.0,VF RIP U-TREUE,0.0
6047,60 - 64,NRW,44.97,54.99,30.0,0.0,GIGAZUHAUSE KABEL,0.0
6048,50 - 54,NRW,29.99,34.99,30.0,0.0,VF RIP U-TREUE,1.0
6049,35 - 39,NRW,39.99,39.99,30.0,0.0,GIGAZUHAUSE KABEL,1.0
6050,30 - 34,NRW,54.98,44.98,30.0,0.0,VF RIP U-TREUE,0.0
6051,25 - 29,KBW,44.98,37.99,30.0,0.0,RED INTERNET & PHONE CABLE U,0.0
6052,25 - 29,KBW,34.99,39.99,30.0,0.0,GIGAZUHAUSE KABEL,1.0
6053,35 - 39,NRW,42.98,49.99,30.0,0.0,VF RIP U-TREUE,1.0
6054,60 - 64,NRW,34.98,39.99,30.0,0.0,RED INTERNET & PHONE CABLE U,1.0
6055,25 - 29,KBW,39.98,29.99,30.0,0.0,RED INTERNET & PHONE CABLE U,0.0
6056,35 - 39,NRW,34.98,39.99,30.0,0.0,VF RIP U-TREUE,0.0
6057,40 - 44,NRW,54.99,39.99,30.0,0.0,RED INTERNET & PHONE CABLE U,0.0
6058,30 - 34,NRW,49.99,44.98,30.0,0.0,RED INTERNET & PHONE CABLE U,0.0
6059,40 - 44,HSN,44.98,44.98,30.0,0.0,RED INTERNET & PHONE CABLE U,1.0
6060,50 - 54,NRW,39.98,34.99,30.0,0.0,RED INTERNET & PHONE CABLE U,1.0
6061,35 - 39,NRW,39.98,68.98,30.0,0.0,RED INTERNET & PHONE CABLE U,1.0
6062,30 - 34,KBW,39.97,39.98,30.0,0.0,RED INTERNET & PHONE CABLE U,1.0
6063,40 - 44,NRW,39.99,39.99,30.0,0.0,RED INTERNET & PHONE CABLE U,1.0
6064,70 - 74,NRW,34.97,29.97,30.0,0.0,RED INTERNET & PHONE CABLE U,1.0
6065,40 - 44,KBW,37.99,39.98,30.0,0.0,3PLAY PLUS,0.0
6066,30 - 34,KBW,39.98,44.97,30.0,0.0,RED INTERNET & PHONE CABLE U,0.0
6067,35 - 39,NRW,34.99,44.98,30.0,0.0,GIGAZUHAUSE KABEL,1.0
6068,18 - 24,HSN,39.98,39.99,30.0,0.0,RED INTERNET & PHONE CABLE U,0.0
6069,30 - 34,NRW,49.98,44.99,30.0,0.0,VF RIP U-TREUE,0.0
6070,40 - 44,NRW,29.99,39.99,30.0,0.0,RED INTERNET & PHONE CABLE U,1.0
6071,35 - 39,HSN,34.98,44.98,30.0,0.0,VF RIP U-TREUE,1.0
6072,60 - 64,KBW,44.99,39.98,30.0,0.0,RED INTERNET & PHONE CABLE U,1.0
6073,35 - 39,NRW,34.99,44.99,30.0,0.0,RED INTERNET & PHONE CABLE U,0.0
6074,25 - 29,KBW,44.98,44.98,30.0,0.0,VF CABLEMAX,1.0
6075,25 - 29,NRW,39.99,39.99,30.0,0.0,GIGAZUHAUSE TREUE C,0.0
6076,40 - 44,NRW,39.98,39.98,30.0,0.0,VF RIP U-TREUE,1.0
6077,50 - 54,NRW,44.98,49.98,30.0,0.0,RED INTERNET & PHONE CABLE U,1.0
6078,40 - 44,KBW,39.98,24.98,30.0,0.0,VF CABLEMAX,1.0
6079,35 - 39,HSN,39.99,34.99,30.0,0.0,RED INTERNET & PHONE CABLE U,0.0
6080,50 - 54,NRW,37.99,44.99,30.0,0.0,RED INTERNET & PHONE CABLE U,0.0
6081,45 - 49,KBW,34.99,34.99,30.0,0.0,VF RIP U-TREUE,1.0
6082,30 - 34,NRW,34.98,39.99,30.0,0.0,1PLAY MAX,0.0
6083,25 - 29,NRW,39.99,39.98,30.0,0.0,RED INTERNET & PHONE CABLE U,0.0
6084,40 - 44,KBW,29.98,34.99,30.0,0.0,GIGAZUHAUSE KABEL,0.0
6085,55 - 59,NRW,39.99,44.98,30.0,0.0,VF CABLEMAX,1.0
6086,55 - 59,KBW,44.98,39.98,30.0,0.0,VF RIP U-TREUE,0.0
6087,60 - 64,HSN,37.98,44.99,30.0,0.0,RED INTERNET & PHONE CABLE U,1.0
6088,50 - 54,NRW,39.98,39.98,30.0,0.0,VF CABLEMAX,1.0
6089,40 - 44,NRW,39.97,39.97,30.0,0.0,RED INTERNET & PHONE CABLE U,0.0
6090,60 - 64,NRW,43.98,32.99,30.0,0.0,RED INTERNET & PHONE CABLE U,1.0
6091,30 - 34,NRW,39.99,49.97,30.0,0.0,RED INTERNET & PHONE CABLE U,1.0
6092,25 - 29,NRW,39.98,37.99,30.0,0.0,RED INTERNET & PHONE CABLE U,0.0
6093,35 - 39,NRW,42.99,44.98,30.0,0.0,VF RIP U-TREUE,1.0
6094,35 - 39,HSN,42.99,35.98,30.0,0.0,VF RIP U-TREUE,0.0
6095,35 - 39,NRW,37.99,44.98,30.0,0.0,RED INTERNET & PHONE CABLE U,0.0
6096,60 - 64,KBW,34.98,44.98,30.0,0.0,VF CABLEMAX,0.0
6097,35 - 39,KBW,49.99,39.99,30.0,0.0,RED INTERNET & PHONE CABLE U,1.0
6098,25 - 29,HSN,49.99,39.99,30.0,0.0,RED INTERNET & PHONE CABLE U,1.0
6099,25 - 29,NRW,37.97,39.99,30.0,0.0,VF RIP U-TREUE,1.0
6100,40 - 44,KBW,24.99,44.98,30.0,0.0,RED INTERNET & PHONE CABLE U,1.0
6101,25 - 29,NRW,49.99,39.98,30.0,0.0,VF CABLEMAX,0.0
6102,35 - 39,HSN,34.98,39.98,30.0,0.0,GIGAZUHAUSE KABEL,0.0
6103,25 - 29,HSN,34.99,44.97,30.0,0.0,RED INTERNET & PHONE CABLE U,0.0
6104,35 - 39,NRW,44.98,42.99,30.0,0.0,RED INTERNET & PHONE CABLE U,0.0
6105,55 - 59,NRW,39.97,49.98,30.0,0.0,RED INTERNET & PHONE CABLE U,1.0
6106,40 - 44,KBW,49.98,39.97,30.0,0.0,VF RIP U-TREUE,0.0
6107,35 - 39,HSN,34.98,29.98,30.0,0.0,RED INTERNET & PHONE CABLE U,1.0
6108,25 - 29,NRW,34.99,39.97,30.0,0.0,RED INTERNET & PHONE CABLE U,0.0
6109,30 - 34,NRW,44.99,34.99,30.0,0.0,RED INTERNET & PHONE CABLE U,0.0
6110,35 - 39,HSN,37.99,34.98,30.0,0.0,VF CABLEMAX,0.0
6111,35 - 39,KBW,49.98,39.99,30.0,0.0,RED INTERNET & PHONE CABLE U,0.0
6112,25 - 29,NRW,44.99,34.98,30.0,0.0,VF CABLEMAX,0.0
6113,30 - 34,HSN,44.98,34.99,30.0,0.0,RED INTERNET & PHONE CABLE U,0.0
6114,55 - 59,NRW,44.99,39.99,30.0,0.0,RED INTERNET & PHONE CABLE U,1.0
6115,25 - 29,NRW,0.98,39.98,30.0,0.0,VF CABLEMAX,1.0
6116,40 - 44,KBW,32.98,39.97,30.0,0.0,RED INTERNET & PHONE CABLE U,1.0
6117,35 - 39,NRW,34.99,34.99,30.0,0.0,RED INTERNET & PHONE CABLE U,0.0
6118,40 - 44,HSN,44.97,34.98,30.0,0.0,RED INTERNET & PHONE CABLE U,0.0
6119,40 - 44,KBW,39.98,39.98,30.0,0.0,VF CABLEMAX,1.0
6120,40 - 44,KBW,44.99,54.98,30.0,0.0,RED INTERNET & PHONE CABLE U,0.0
6121,60 - 64,KBW,29.98,37.99,30.0,0.0,GIGAZUHAUSE KABEL,1.0
6122,70 - 74,HSN,39.98,34.99,30.0,0.0,GIGAZUHAUSE KABEL,1.0
6123,25 - 29,HSN,29.99,37.99,30.0,0.0,VF RIP U-TREUE,1.0
6124,60 - 64,NRW,34.97,54.98,30.0,0.0,RED INTERNET & PHONE CABLE U,0.0
6125,30 - 34,KBW,34.99,29.99,30.0,0.0,VF CABLEMAX,0.0
6126,25 - 29,KBW,34.98,44.99,30.0,0.0,RED INTERNET & PHONE CABLE U,0.0
6127,40 - 44,NRW,34.99,44.99,30.0,0.0,RED INTERNET & PHONE CABLE U,0.0
6128,35 - 39,NRW,29.99,39.99,30.0,0.0,GIGAZUHAUSE KABEL,0.0
6129,50 - 54,KBW,44.99,39.98,30.0,0.0,VF CABLEMAX,0.0
6130,40 - 44,NRW,44.99,49.99,30.0,0.0,VF RIP U-TREUE,0.0
6131,55 - 59,HSN,29.99,49.98,30.0,0.0,RED INTERNET & PHONE CABLE U,1.0
6132,60 - 64,NRW,39.98,39.98,30.0,0.0,RED INTERNET & PHONE CABLE U,1.0
6133,50 - 54,HSN,44.99,39.99,30.0,0.0,RED INTERNET & PHONE CABLE U,1.0
6134,45 - 49,KBW,34.99,39.98,30.0,0.0,VF RIP U-TREUE,0.0
6135,70 - 74,NRW,44.98,39.97,30.0,0.0,RED INTERNET & PHONE CABLE U,1.0
6136,40 - 44,KBW,44.99,44.97,30.0,0.0,RED INTERNET & PHONE CABLE U,1.0
6137,55 - 59,NRW,19.98,49.97,30.0,0.0,RED INTERNET & PHONE CABLE U,1.0
6138,55 - 59,NRW,62.98,32.98,30.0,0.0,VF RIP U-TREUE,1.0
6139,25 - 29,NRW,58.99,39.98,5.0,0.0,RED INTERNET & PHONE CABLE U,1.0
6140,40 - 44,NRW,39.98,44.98,30.0,0.0,GIGAZUHAUSE TREUE B,0.0
6141,55 - 59,KBW,44.98,34.99,30.0,0.0,GIGAZUHAUSE KABEL,1.0
6142,35 - 39,HSN,49.98,39.99,30.0,0.0,RED INTERNET & PHONE CABLE U,1.0
6143,40 - 44,NRW,44.98,39.99,30.0,0.0,VF CABLEMAX,1.0
6144,35 - 39,NRW,44.98,44.99,30.0,0.0,VF CABLEMAX,0.0
6145,35 - 39,KBW,32.99,42.99,30.0,0.0,RED INTERNET & PHONE CABLE U,1.0
6146,25 - 29,NRW,29.99,39.99,30.0,0.0,VF CABLEMAX,1.0
6147,25 - 29,HSN,42.98,34.99,30.0,0.0,RED INTERNET & PHONE CABLE U,1.0
6148,40 - 44,HSN,44.99,39.98,30.0,0.0,VF RIP U-TREUE,0.0
6149,30 - 34,NRW,44.98,39.98,30.0,0.0,VF CABLEMAX,1.0
6150,35 - 39,KBW,39.99,39.99,30.0,0.0,RED INTERNET & PHONE CABLE U,0.0
6151,35 - 39,NRW,34.98,39.99,30.0,0.0,RED INTERNET & PHONE CABLE U,0.0
6152,35 - 39,NRW,39.98,34.98,30.0,0.0,RED INTERNET & PHONE CABLE U,0.0
6153,25 - 29,NRW,42.98,34.99,30.0,0.0,VF CABLEMAX,0.0
6154,30 - 34,KBW,44.97,39.99,30.0,0.0,RED INTERNET & PHONE CABLE U,0.0
6155,30 - 34,NRW,24.99,37.99,30.0,0.0,VF RIP U-TREUE,0.0
6156,25 - 29,NRW,39.99,39.99,30.0,0.0,RED INTERNET & PHONE CABLE U,0.0
6157,55 - 59,KBW,39.99,44.99,30.0,0.0,RED INTERNET & PHONE CABLE U,0.0
6158,35 - 39,NRW,44.99,44.98,30.0,0.0,RED INTERNET & PHONE CABLE U,1.0
6159,60 - 64,NRW,39.98,34.98,30.0,0.0,RED INTERNET & PHONE CABLE U,1.0
6160,45 - 49,HSN,44.99,34.99,30.0,0.0,VF CABLEMAX,1.0
6161,40 - 44,NRW,44.98,44.98,30.0,0.0,RED INTERNET & PHONE CABLE U,0.0
6162,55 - 59,HSN,39.99,44.99,30.0,0.0,RED INTERNET & PHONE CABLE U,1.0
6163,40 - 44,KBW,44.99,44.98,30.0,0.0,VF CABLEMAX,1.0
6164,35 - 39,NRW,39.98,44.98,30.0,0.0,RED INTERNET & PHONE CABLE U,1.0
6165,45 - 49,NRW,44.99,44.99,30.0,0.0,RED INTERNET & PHONE CABLE U,1.0
6166,40 - 44,KBW,44.97,44.99,30.0,0.0,VF RIP U-TREUE,0.0
6167,30 - 34,NRW,32.99,49.99,30.0,0.0,RED INTERNET & PHONE CABLE U,0.0
6168,60 - 64,HSN,39.97,44.98,30.0,0.0,RED INTERNET & PHONE CABLE U,1.0
6169,35 - 39,NRW,29.99,49.98,30.0,0.0,GIGAZUHAUSE KABEL,0.0
6170,25 - 29,KBW,44.98,39.98,30.0,0.0,VF CABLEMAX,1.0
6171,30 - 34,NRW,44.99,39.99,30.0,0.0,RED INTERNET & PHONE CABLE U,0.0
6172,30 - 34,KBW,44.98,39.98,30.0,0.0,VF RIP U-TREUE,0.0
6173,55 - 59,KBW,39.98,34.98,30.0,0.0,VF RIP U-TREUE,0.0
6174,35 - 39,NRW,34.97,39.98,30.0,0.0,VF CABLEMAX,1.0
6175,25 - 29,KBW,39.98,39.99,30.0,0.0,RED INTERNET & PHONE CABLE U,1.0
6176,30 - 34,KBW,44.99,44.98,30.0,0.0,VF RIP U-TREUE,1.0
6177,50 - 54,NRW,59.97,39.99,30.0,0.0,RED INTERNET & PHONE CABLE U,1.0
6178,35 - 39,NRW,44.98,29.97,57.0,0.0,VF RIP U-TREUE,1.0
6179,35 - 39,NRW,34.99,39.99,30.0,0.0,RED INTERNET & PHONE CABLE U,1.0
6180,55 - 59,KBW,54.98,49.99,30.0,0.0,VF CABLEMAX,0.0
6181,30 - 34,NRW,44.98,34.99,30.0,0.0,GIGAZUHAUSE KABEL,0.0
6182,35 - 39,NRW,34.98,39.99,30.0,0.0,VF CABLEMAX,1.0
6183,25 - 29,NRW,49.99,44.98,30.0,0.0,VF CABLEMAX,0.0
6184,35 - 39,NRW,32.98,39.98,30.0,0.0,RED INTERNET & PHONE CABLE U,0.0
6185,55 - 59,NRW,44.99,44.99,30.0,0.0,VF RIP U-TREUE,1.0
6186,40 - 44,KBW,44.98,37.99,30.0,0.0,VF RIP U-TREUE,1.0
6187,45 - 49,HSN,39.99,39.96,30.0,0.0,VF CABLEMAX,1.0
6188,70 - 74,NRW,39.99,34.99,30.0,0.0,VF RIP U-TREUE,0.0
6189,40 - 44,KBW,39.98,39.99,30.0,0.0,RED INTERNET & PHONE CABLE U,1.0
6190,30 - 34,NRW,59.98,44.99,30.0,0.0,VF RIP U-TREUE,0.0
6191,65 - 69,NRW,49.99,34.99,30.0,0.0,VF CABLEMAX,1.0
6192,25 - 29,KBW,44.98,39.99,30.0,0.0,VF RIP U-TREUE,1.0
6193,55 - 59,KBW,49.98,29.98,30.0,0.0,RED INTERNET & PHONE CABLE U,0.0
6194,40 - 44,NRW,44.98,39.98,30.0,0.0,RED INTERNET & PHONE CABLE U,0.0
6195,30 - 34,NRW,37.99,39.98,30.0,0.0,RED INTERNET & PHONE CABLE U,1.0
6196,60 - 64,KBW,34.99,44.98,30.0,0.0,VF RIP U-TREUE,0.0
6197,55 - 59,NRW,49.99,39.97,30.0,0.0,RED INTERNET & PHONE CABLE U,0.0
6198,40 - 44,NRW,39.97,44.99,30.0,0.0,RED INTERNET & PHONE CABLE U,0.0
6199,35 - 39,HSN,44.98,34.99,30.0,0.0,RED INTERNET & PHONE CABLE U,0.0
6200,50 - 54,NRW,44.98,39.97,30.0,0.0,RED INTERNET & PHONE CABLE U,0.0
6201,35 - 39,HSN,44.98,49.98,30.0,0.0,VF CABLEMAX,1.0
6202,30 - 34,NRW,44.98,37.98,30.0,0.0,VF CABLEMAX,0.0
6203,80 and over,NRW,39.97,49.98,30.0,0.0,RED INTERNET & PHONE CABLE U,0.0
6204,35 - 39,KBW,39.99,42.99,30.0,0.0,GIGAZUHAUSE KABEL,1.0
6205,35 - 39,HSN,39.98,34.98,30.0,0.0,VF CABLEMAX,0.0
6206,55 - 59,NRW,34.99,37.98,30.0,0.0,RED INTERNET & PHONE CABLE U,1.0
6207,50 - 54,KBW,49.98,39.99,30.0,0.0,VF RIP U-TREUE,1.0
6208,40 - 44,NRW,44.97,34.98,30.0,0.0,RED INTERNET & PHONE CABLE U,1.0
6209,35 - 39,NRW,42.98,49.98,30.0,0.0,VF RIP U-TREUE,1.0
6210,35 - 39,NRW,54.99,39.99,30.0,0.0,RED INTERNET & PHONE CABLE U,0.0
6211,55 - 59,KBW,39.99,59.99,30.0,0.0,RED INTERNET & PHONE CABLE U,0.0
6212,35 - 39,NRW,34.98,44.99,30.0,0.0,GIGAZUHAUSE KABEL,0.0
6213,35 - 39,KBW,39.99,42.98,30.0,0.0,VF CABLEMAX,0.0
6214,35 - 39,KBW,49.99,49.99,30.0,0.0,VF CABLEMAX,0.0
6215,35 - 39,NRW,47.99,34.99,30.0,0.0,VF CABLEMAX,1.0
6216,40 - 44,KBW,49.99,44.98,30.0,0.0,RED INTERNET & PHONE CABLE U,0.0
6217,40 - 44,HSN,44.98,34.98,30.0,0.0,VF CABLEMAX,1.0
6218,30 - 34,KBW,39.98,44.98,30.0,0.0,RED INTERNET & PHONE CABLE U,0.0
6219,25 - 29,NRW,44.98,44.98,30.0,0.0,VF CABLEMAX,0.0
6220,25 - 29,NRW,34.98,29.99,30.0,0.0,VF RIP U-TREUE,1.0
6221,30 - 34,NRW,34.99,39.98,30.0,0.0,RED INTERNET & PHONE CABLE U,0.0
6222,35 - 39,NRW,44.99,34.99,30.0,0.0,GIGAZUHAUSE KABEL,1.0
6223,35 - 39,HSN,54.98,39.99,30.0,0.0,RED INTERNET & PHONE CABLE U,0.0
6224,35 - 39,KBW,39.98,32.99,30.0,0.0,VF RIP U-TREUE,0.0
6225,40 - 44,KBW,39.98,44.99,30.0,0.0,RED INTERNET & PHONE CABLE U,0.0
6226,40 - 44,KBW,39.99,44.99,30.0,0.0,GIGAZUHAUSE KABEL,1.0
6227,25 - 29,NRW,44.98,32.99,30.0,0.0,RED INTERNET & PHONE CABLE U,1.0
6228,60 - 64,HSN,44.98,39.99,30.0,0.0,VF RIP U-TREUE,1.0
6229,30 - 34,KBW,39.98,39.98,30.0,0.0,GIGAZUHAUSE KABEL,0.0
6230,35 - 39,KBW,39.99,39.98,30.0,0.0,RED INTERNET & PHONE CABLE U,0.0
6231,35 - 39,KBW,39.98,39.99,30.0,0.0,RED INTERNET & PHONE CABLE U,0.0
6232,40 - 44,NRW,39.98,32.99,30.0,0.0,RED INTERNET & PHONE CABLE U,0.0
6233,40 - 44,NRW,34.99,39.98,30.0,0.0,VF RIP U-TREUE,1.0
6234,40 - 44,KBW,44.98,39.98,30.0,0.0,RED INTERNET & PHONE CABLE U,1.0
6235,45 - 49,NRW,29.98,39.99,30.0,0.0,RED INTERNET & PHONE CABLE U,1.0
6236,30 - 34,NRW,34.99,34.99,30.0,0.0,VF RIP U-TREUE,1.0
6237,40 - 44,NRW,44.98,44.97,30.0,0.0,RED INTERNET & PHONE CABLE U,0.0
6238,40 - 44,NRW,34.99,44.98,30.0,0.0,RED INTERNET & PHONE CABLE U,0.0
6239,55 - 59,NRW,39.99,39.98,30.0,0.0,RED INTERNET & PHONE CABLE U,1.0
6240,35 - 39,NRW,49.99,44.99,30.0,0.0,VF CABLEMAX,1.0
6241,65 - 69,NRW,54.99,39.99,30.0,0.0,RED INTERNET & PHONE CABLE U,0.0
6242,25 - 29,NRW,29.99,42.99,30.0,0.0,RED INTERNET & PHONE CABLE U,0.0
6243,60 - 64,HSN,34.99,49.99,30.0,0.0,VF RIP U-TREUE,0.0
6244,50 - 54,NRW,54.98,39.99,30.0,0.0,GIGAZUHAUSE KABEL,1.0
6245,35 - 39,KBW,34.99,44.97,30.0,0.0,VF CABLEMAX,1.0
6246,25 - 29,KBW,37.98,39.99,30.0,0.0,RED INTERNET & PHONE CABLE U,0.0
6247,35 - 39,NRW,39.99,39.99,30.0,0.0,VF CABLEMAX,1.0
6248,25 - 29,NRW,44.99,29.99,30.0,0.0,GIGAZUHAUSE KABEL,1.0
6249,55 - 59,NRW,34.97,39.97,30.0,0.0,VF RIP U-TREUE,1.0
6250,35 - 39,NRW,44.98,39.99,30.0,0.0,VF CABLEMAX,0.0
6251,25 - 29,KBW,39.97,39.98,30.0,0.0,GIGAZUHAUSE KABEL,0.0
6252,30 - 34,NRW,44.99,11.98,30.0,0.0,VF RIP U-TREUE,1.0
6253,40 - 44,KBW,44.99,39.99,30.0,0.0,RED INTERNET & PHONE CABLE U,1.0
6254,35 - 39,HSN,39.98,32.99,30.0,0.0,VF RIP U-TREUE,0.0
6255,40 - 44,NRW,29.99,39.98,30.0,0.0,RED INTERNET & PHONE CABLE U,1.0
6256,25 - 29,NRW,42.98,39.97,30.0,0.0,VF CABLEMAX,1.0
6257,40 - 44,NRW,34.98,44.98,30.0,0.0,RED INTERNET & PHONE CABLE U,0.0
6258,35 - 39,KBW,34.99,34.99,30.0,0.0,RED INTERNET & PHONE CABLE U,0.0
6259,50 - 54,NRW,34.98,44.98,30.0,0.0,RED INTERNET & PHONE CABLE U,1.0
6260,35 - 39,KBW,44.98,39.98,30.0,0.0,VF RIP U-TREUE,1.0
6261,35 - 39,NRW,44.98,37.97,30.0,0.0,RED INTERNET & PHONE CABLE U,0.0
6262,35 - 39,NRW,34.97,32.97,30.0,0.0,VF RIP U-TREUE,1.0
6263,60 - 64,KBW,44.99,39.98,30.0,0.0,RED INTERNET & PHONE CABLE U,1.0
6264,60 - 64,NRW,44.98,44.99,30.0,0.0,VF RIP U-TREUE,1.0
6265,30 - 34,NRW,69.99,37.98,30.0,0.0,RED INTERNET & PHONE CABLE U,1.0
6266,60 - 64,NRW,44.97,39.98,30.0,0.0,GIGAZUHAUSE KABEL,0.0
6267,40 - 44,NRW,34.98,39.99,30.0,0.0,RED INTERNET & PHONE CABLE U,1.0
6268,35 - 39,NRW,44.98,39.99,30.0,0.0,RED INTERNET & PHONE CABLE U,1.0
6269,30 - 34,NRW,34.97,42.99,30.0,0.0,RED INTERNET & PHONE CABLE U,1.0
6270,30 - 34,HSN,44.98,39.99,30.0,0.0,RED INTERNET & PHONE CABLE U,0.0
6271,25 - 29,KBW,39.99,49.99,30.0,0.0,RED INTERNET & PHONE CABLE U,1.0
6272,30 - 34,HSN,24.98,34.98,30.0,0.0,RED INTERNET & PHONE CABLE U,1.0
6273,35 - 39,NRW,44.99,29.99,30.0,0.0,VF RIP U-TREUE,1.0
6274,45 - 49,NRW,39.99,49.99,30.0,0.0,GIGAZUHAUSE KABEL,0.0
6275,65 - 69,KBW,39.99,49.99,30.0,0.0,RED INTERNET & PHONE CABLE U,0.0
6276,40 - 44,KBW,44.98,44.99,30.0,0.0,RED INTERNET & PHONE CABLE U,0.0
6277,60 - 64,NRW,44.99,42.98,30.0,0.0,RED INTERNET & PHONE CABLE U,1.0
6278,35 - 39,KBW,44.99,29.98,30.0,0.0,VF RIP U-TREUE,1.0
6279,35 - 39,HSN,44.99,29.98,30.0,0.0,RED INTERNET & PHONE CABLE U,1.0
6280,40 - 44,HSN,44.98,37.99,30.0,0.0,VF RIP U-TREUE,0.0
6281,40 - 44,KBW,34.99,39.99,30.0,0.0,RED INTERNET & PHONE CABLE U,1.0
6282,35 - 39,NRW,39.99,34.98,30.0,0.0,RED INTERNET & PHONE CABLE U,1.0
6283,40 - 44,HSN,34.99,39.98,30.0,0.0,RED INTERNET & PHONE CABLE U,1.0
6284,18 - 24,NRW,34.98,39.99,30.0,0.0,RED INTERNET & PHONE CABLE U,1.0
6285,40 - 44,KBW,37.99,44.99,30.0,0.0,GIGAZUHAUSE KABEL,1.0
6286,45 - 49,KBW,44.99,42.99,30.0,0.0,GIGAZUHAUSE KABEL,1.0
6287,45 - 49,NRW,34.98,39.99,30.0,0.0,RED INTERNET & PHONE CABLE U,0.0
6288,35 - 39,NRW,49.99,39.99,30.0,0.0,VF RIP U-TREUE,1.0
6289,55 - 59,KBW,34.98,44.99,30.0,0.0,GIGAZUHAUSE KABEL,0.0
6290,35 - 39,NRW,44.99,39.99,30.0,0.0,VF RIP U-TREUE,1.0
6291,45 - 49,NRW,39.99,44.99,30.0,0.0,RED INTERNET & PHONE CABLE U,0.0
6292,55 - 59,KBW,44.98,44.99,30.0,0.0,RED INTERNET & PHONE CABLE U,1.0
6293,35 - 39,KBW,44.98,54.99,30.0,0.0,VF CABLEMAX,1.0
6294,40 - 44,KBW,49.99,39.99,30.0,0.0,RED INTERNET & PHONE CABLE U,1.0
6295,35 - 39,KBW,34.98,49.98,30.0,0.0,RED INTERNET & PHONE CABLE U,1.0
6296,35 - 39,NRW,39.98,44.99,30.0,0.0,VF CABLEMAX,1.0
6297,30 - 34,NRW,73.99,39.98,30.0,0.0,RED INTERNET & PHONE CABLE U,0.0
6298,30 - 34,KBW,34.98,44.99,30.0,0.0,VF RIP U-TREUE,0.0
6299,30 - 34,NRW,44.99,39.97,30.0,0.0,GIGAZUHAUSE KABEL,0.0
6300,55 - 59,KBW,39.99,39.99,30.0,0.0,RED INTERNET & PHONE CABLE U,0.0
6301,25 - 29,NRW,39.99,39.99,30.0,0.0,GIGAZUHAUSE KABEL,1.0
6302,55 - 59,NRW,54.98,29.98,30.0,0.0,VF RIP U-TREUE,0.0
6303,35 - 39,KBW,44.99,49.99,30.0,0.0,RED INTERNET & PHONE CABLE U,0.0
6304,75 - 79,NRW,44.99,44.98,30.0,0.0,VF CABLEMAX,0.0
6305,35 - 39,KBW,37.98,49.98,30.0,0.0,GIGAZUHAUSE KABEL,1.0
6306,55 - 59,NRW,32.97,44.99,30.0,0.0,GIGAZUHAUSE KABEL,0.0
6307,30 - 34,NRW,44.99,44.98,30.0,0.0,RED INTERNET & PHONE CABLE U,0.0
6308,65 - 69,HSN,39.99,44.98,30.0,0.0,GIGAZUHAUSE KABEL,1.0
6309,65 - 69,NRW,39.99,37.99,30.0,0.0,RED INTERNET & PHONE CABLE U,1.0
6310,55 - 59,HSN,34.99,34.97,30.0,0.0,RED INTERNET & PHONE CABLE U,1.0
6311,35 - 39,KBW,54.98,54.97,30.0,0.0,VF RIP U-TREUE,1.0
6312,25 - 29,HSN,49.99,39.98,30.0,0.0,GIGAZUHAUSE KABEL,1.0
6313,60 - 64,KBW,44.98,32.99,30.0,0.0,RED INTERNET & PHONE CABLE U,0.0
6314,30 - 34,NRW,34.97,34.98,30.0,0.0,RED INTERNET & PHONE CABLE U,1.0
6315,50 - 54,HSN,49.98,34.98,30.0,0.0,RED INTERNET & PHONE CABLE U,1.0
6316,50 - 54,KBW,49.99,34.99,30.0,0.0,RED INTERNET & PHONE CABLE U,0.0
6317,55 - 59,NRW,44.99,34.99,30.0,0.0,RED INTERNET & PHONE CABLE U,1.0
6318,60 - 64,KBW,44.99,39.98,30.0,0.0,RED INTERNET & PHONE CABLE U,0.0
6319,35 - 39,NRW,49.98,44.98,30.0,0.0,GIGAZUHAUSE KABEL,1.0
6320,25 - 29,NRW,44.99,39.98,30.0,0.0,VF RIP U-TREUE,1.0
6321,65 - 69,NRW,34.98,0.99,30.0,0.0,RED INTERNET & PHONE CABLE U,1.0
6322,45 - 49,KBW,44.99,37.98,30.0,0.0,RED INTERNET & PHONE CABLE U,0.0
6323,35 - 39,NRW,34.98,39.99,30.0,0.0,GIGAZUHAUSE KABEL,0.0
6324,30 - 34,NRW,44.98,64.97,30.0,0.0,RED INTERNET & PHONE CABLE U,1.0
6325,50 - 54,KBW,44.97,34.98,30.0,0.0,VF RIP U-TREUE,0.0
6326,30 - 34,KBW,44.98,32.98,30.0,0.0,RED INTERNET & PHONE CABLE U,0.0
6327,35 - 39,KBW,44.99,49.99,30.0,0.0,RED INTERNET & PHONE CABLE U,1.0
6328,30 - 34,KBW,39.99,42.99,30.0,0.0,RED INTERNET & PHONE CABLE U,1.0
6329,25 - 29,NRW,49.97,32.99,30.0,0.0,RED INTERNET & PHONE CABLE U,1.0
6330,30 - 34,KBW,34.97,44.99,30.0,0.0,VF CABLEMAX,1.0
6331,40 - 44,HSN,49.98,42.99,30.0,0.0,RED INTERNET & PHONE CABLE U,0.0
6332,25 - 29,HSN,39.98,44.98,30.0,0.0,RED INTERNET & PHONE CABLE U,0.0
6333,70 - 74,NRW,49.98,29.98,30.0,0.0,RED INTERNET & PHONE CABLE U,0.0
6334,60 - 64,NRW,39.99,34.98,30.0,0.0,RED INTERNET & PHONE CABLE U,1.0
6335,40 - 44,KBW,29.99,39.98,30.0,0.0,RED INTERNET & PHONE CABLE U,1.0
6336,60 - 64,HSN,49.99,44.98,30.0,0.0,VF RIP U-TREUE,0.0
6337,35 - 39,HSN,39.99,37.97,30.0,0.0,GIGAZUHAUSE KABEL,1.0
6338,18 - 24,NRW,44.99,44.99,30.0,0.0,RED INTERNET & PHONE CABLE U,1.0
6339,35 - 39,NRW,39.98,39.98,30.0,0.0,VF RIP U-TREUE,0.0
6340,25 - 29,KBW,39.99,49.97,30.0,0.0,RED INTERNET & PHONE CABLE U,0.0
6341,65 - 69,KBW,39.98,49.98,30.0,0.0,VF CABLEMAX,0.0
6342,40 - 44,HSN,34.98,34.99,30.0,0.0,RED INTERNET & PHONE CABLE U,1.0
6343,30 - 34,KBW,39.99,34.99,30.0,0.0,VF RIP U-TREUE,0.0
6344,50 - 54,KBW,44.99,34.99,30.0,0.0,VF CABLEMAX,1.0
6345,35 - 39,KBW,44.98,49.99,30.0,0.0,RED INTERNET & PHONE CABLE U,0.0
6346,35 - 39,NRW,34.99,39.98,30.0,0.0,RED INTERNET & PHONE CABLE U,1.0
6347,45 - 49,HSN,49.99,32.98,30.0,0.0,RED INTERNET & PHONE CABLE U,0.0
6348,40 - 44,NRW,44.98,39.99,30.0,0.0,RED INTERNET & PHONE CABLE U,1.0
6349,40 - 44,HSN,34.99,32.98,30.0,0.0,VF RIP U-TREUE,0.0
6350,55 - 59,KBW,44.98,44.99,30.0,0.0,VF CABLEMAX,0.0
6351,30 - 34,KBW,49.99,29.99,30.0,0.0,RED INTERNET & PHONE CABLE U,1.0
6352,35 - 39,NRW,39.97,49.98,30.0,0.0,RED INTERNET & PHONE CABLE U,1.0
6353,50 - 54,NRW,49.98,39.98,30.0,0.0,VF RIP U-TREUE,1.0
6354,40 - 44,NRW,69.99,44.99,30.0,0.0,VF CABLEMAX,0.0
6355,35 - 39,NRW,52.99,44.99,30.0,0.0,VF RIP U-TREUE,0.0
6357,65 - 69,HSN,34.98,49.99,30.0,0.0,RED INTERNET & PHONE CABLE U,1.0
6358,30 - 34,NRW,44.99,42.99,30.0,0.0,VF RIP U-TREUE,1.0
6359,50 - 54,NRW,34.99,44.98,30.0,0.0,GIGAZUHAUSE KABEL,0.0
6360,40 - 44,KBW,34.99,34.99,30.0,0.0,RED INTERNET & PHONE CABLE U,0.0
6361,30 - 34,HSN,29.98,49.99,30.0,0.0,RED INTERNET & PHONE CABLE U,1.0
6362,40 - 44,KBW,44.99,42.98,30.0,0.0,RED INTERNET & PHONE CABLE U,1.0
6363,25 - 29,NRW,44.98,34.99,30.0,0.0,VF CABLEMAX,0.0
6364,40 - 44,NRW,44.98,44.99,30.0,0.0,RED INTERNET & PHONE CABLE U,0.0
6365,35 - 39,KBW,39.99,54.99,30.0,0.0,RED INTERNET & PHONE CABLE U,1.0
6366,35 - 39,KBW,39.97,44.99,30.0,0.0,VF RIP U-TREUE,1.0
6367,45 - 49,NRW,44.98,67.99,30.0,0.0,RED INTERNET & PHONE CABLE U,0.0
6368,30 - 34,NRW,39.99,49.99,30.0,0.0,RED INTERNET & PHONE CABLE U,0.0
6369,60 - 64,NRW,44.98,44.99,30.0,0.0,VF RIP U-TREUE,1.0
6370,30 - 34,KBW,44.97,34.98,30.0,0.0,VF RIP U-TREUE,0.0
6371,50 - 54,KBW,39.98,49.99,30.0,0.0,RED INTERNET & PHONE CABLE U,0.0
6372,35 - 39,KBW,29.99,39.99,30.0,0.0,GIGAZUHAUSE KABEL,1.0
6373,50 - 54,NRW,39.99,44.99,30.0,0.0,RED INTERNET & PHONE CABLE U,1.0
6374,40 - 44,NRW,44.99,39.99,30.0,0.0,VF CABLEMAX,1.0
6375,35 - 39,NRW,44.99,39.98,30.0,0.0,GIGAZUHAUSE KABEL,0.0
6376,35 - 39,NRW,39.98,49.99,30.0,0.0,VF CABLEMAX,1.0
6377,35 - 39,KBW,29.98,49.99,30.0,0.0,RED INTERNET & PHONE CABLE U,0.0
6378,40 - 44,KBW,39.97,39.99,30.0,0.0,VF RIP U-TREUE,1.0
6379,25 - 29,HSN,34.99,39.98,30.0,0.0,RED INTERNET & PHONE CABLE U,0.0
6380,35 - 39,NRW,34.98,49.99,30.0,0.0,VF CABLEMAX,1.0
6381,50 - 54,NRW,44.99,34.99,30.0,0.0,VF RIP U-TREUE,1.0
6382,50 - 54,NRW,49.99,39.99,30.0,0.0,VF CABLEMAX,0.0
6383,25 - 29,NRW,44.98,34.98,30.0,0.0,RED INTERNET & PHONE CABLE U,0.0
6384,40 - 44,NRW,34.98,44.99,30.0,0.0,VF RIP U-TREUE,0.0
6385,50 - 54,KBW,44.99,45.98,30.0,0.0,VF RIP U-TREUE,0.0
6386,35 - 39,NRW,39.96,34.98,30.0,0.0,RED INTERNET & PHONE CABLE U,1.0
6387,50 - 54,KBW,44.98,49.98,30.0,0.0,VF RIP U-TREUE,1.0
6388,35 - 39,HSN,34.99,44.97,30.0,0.0,RED INTERNET & PHONE CABLE U,1.0
6389,40 - 44,HSN,44.98,39.99,30.0,0.0,RED INTERNET & PHONE CABLE U,0.0
6390,55 - 59,KBW,44.98,44.99,30.0,0.0,RED INTERNET & PHONE CABLE U,1.0
6391,50 - 54,NRW,44.99,34.99,6.0,0.0,VF RIP U-TREUE,0.0
6392,45 - 49,NRW,34.98,19.99,30.0,0.0,GIGAZUHAUSE KABEL,1.0
6393,25 - 29,NRW,34.99,34.97,30.0,0.0,RED INTERNET & PHONE CABLE U,1.0
6394,60 - 64,NRW,44.98,44.98,30.0,0.0,RED INTERNET & PHONE CABLE U,1.0
6395,45 - 49,NRW,39.99,44.99,30.0,0.0,VF RIP U-TREUE,0.0
6396,40 - 44,NRW,34.99,39.98,30.0,0.0,VF RIP U-TREUE,1.0
6397,55 - 59,HSN,34.99,29.99,30.0,0.0,RED INTERNET & PHONE CABLE U,0.0
6398,35 - 39,KBW,34.97,39.99,30.0,0.0,VF RIP U-TREUE,0.0
6399,30 - 34,KBW,57.99,49.98,30.0,0.0,GIGAZUHAUSE KABEL,1.0
6400,55 - 59,NRW,29.99,39.98,30.0,0.0,RED INTERNET & PHONE CABLE U,0.0
6401,50 - 54,NRW,37.98,34.98,30.0,0.0,RED INTERNET & PHONE CABLE U,1.0
6402,25 - 29,NRW,44.99,49.99,30.0,0.0,GIGAZUHAUSE KABEL,1.0
6403,35 - 39,NRW,34.99,39.99,30.0,0.0,VF RIP U-TREUE,0.0
6404,40 - 44,NRW,34.98,54.99,30.0,0.0,RED INTERNET & PHONE CABLE U,0.0
6405,35 - 39,NRW,44.98,29.98,30.0,0.0,VF CABLEMAX,0.0
6406,45 - 49,NRW,29.99,44.98,30.0,0.0,RED INTERNET & PHONE CABLE U,1.0
6407,80 and over,KBW,49.99,44.98,30.0,0.0,VF RIP U-TREUE,0.0
6408,55 - 59,KBW,44.99,34.99,30.0,0.0,RED INTERNET & PHONE CABLE U,1.0
6409,40 - 44,NRW,44.98,42.98,30.0,0.0,RED INTERNET & PHONE CABLE U,1.0
6410,60 - 64,KBW,44.98,44.98,5.0,0.0,RED INTERNET & PHONE CABLE U,0.0
6411,55 - 59,KBW,44.98,44.98,30.0,0.0,VF CABLEMAX,0.0
6412,35 - 39,KBW,34.99,29.98,30.0,0.0,VF RIP U-TREUE,0.0
6413,40 - 44,NRW,44.99,44.98,30.0,0.0,VF RIP U-TREUE,0.0
6414,25 - 29,KBW,34.98,29.97,30.0,0.0,VF RIP U-TREUE,0.0
6415,35 - 39,KBW,44.98,32.99,30.0,0.0,GIGAZUHAUSE KABEL,0.0
6416,45 - 49,NRW,34.98,44.99,30.0,0.0,RED INTERNET & PHONE CABLE U,1.0
6417,45 - 49,NRW,49.98,34.97,30.0,0.0,VF CABLEMAX,0.0
6418,35 - 39,NRW,44.99,32.96,30.0,0.0,RED INTERNET & PHONE CABLE U,0.0
6419,25 - 29,KBW,34.97,39.99,30.0,0.0,VF CABLEMAX,1.0
6420,18 - 24,HSN,39.99,44.98,30.0,0.0,GIGAZUHAUSE KABEL,0.0
6421,65 - 69,NRW,39.98,37.99,30.0,0.0,RED INTERNET & PHONE CABLE U,1.0
6422,35 - 39,KBW,39.98,59.98,30.0,0.0,VF CABLEMAX,1.0
6423,25 - 29,NRW,44.98,34.99,30.0,0.0,RED INTERNET & PHONE CABLE U,1.0
6424,25 - 29,NRW,34.99,44.98,30.0,0.0,VF RIP U-TREUE,0.0
6425,25 - 29,NRW,39.97,39.99,30.0,0.0,RED INTERNET & PHONE CABLE U,1.0
6426,25 - 29,KBW,39.96,39.99,30.0,0.0,RED INTERNET & PHONE CABLE U,1.0
6427,25 - 29,NRW,39.98,44.98,30.0,0.0,RED INTERNET & PHONE CABLE U,0.0
6428,45 - 49,KBW,39.99,34.98,30.0,0.0,GIGAZUHAUSE KABEL,0.0
6429,35 - 39,NRW,54.99,34.97,30.0,0.0,VF CABLEMAX,1.0
6430,35 - 39,HSN,49.98,54.98,30.0,0.0,RED INTERNET & PHONE CABLE U,0.0
6431,45 - 49,HSN,39.99,39.99,30.0,0.0,RED INTERNET & PHONE CABLE U,1.0
6432,30 - 34,NRW,37.98,54.98,30.0,0.0,RED INTERNET & PHONE CABLE U,1.0
6433,35 - 39,NRW,42.97,39.99,30.0,0.0,VF RIP U-TREUE,0.0
6434,40 - 44,HSN,49.98,39.98,30.0,0.0,RED INTERNET & PHONE CABLE U,0.0
6435,30 - 34,HSN,49.97,44.99,30.0,0.0,GIGAZUHAUSE KABEL,1.0
6436,25 - 29,NRW,44.99,39.99,30.0,0.0,RED INTERNET & PHONE CABLE U,1.0
6437,65 - 69,KBW,44.99,34.98,30.0,0.0,VF RIP U-TREUE,0.0
6438,35 - 39,NRW,29.99,44.98,30.0,0.0,RED INTERNET & PHONE CABLE U,1.0
6439,50 - 54,NRW,44.99,44.99,30.0,0.0,VF CABLEMAX,0.0
6440,35 - 39,NRW,44.99,49.99,30.0,0.0,VF RIP U-TREUE,1.0
6441,55 - 59,NRW,34.99,44.98,30.0,0.0,RED INTERNET & PHONE CABLE U,0.0
6442,35 - 39,NRW,44.99,39.99,30.0,0.0,VF RIP U-TREUE,1.0
6443,75 - 79,KBW,44.98,37.99,30.0,0.0,VF RIP U-TREUE,1.0
6444,45 - 49,NRW,44.98,44.98,30.0,0.0,RED INTERNET & PHONE CABLE U,0.0
6445,30 - 34,NRW,49.97,39.98,30.0,0.0,RED INTERNET & PHONE CABLE U,1.0
6446,25 - 29,NRW,44.99,44.99,30.0,0.0,GIGAZUHAUSE KABEL,0.0
6447,50 - 54,KBW,37.99,49.99,30.0,0.0,RED INTERNET & PHONE CABLE U,0.0
6448,25 - 29,KBW,44.99,44.98,30.0,0.0,RED INTERNET & PHONE CABLE U,1.0
6449,45 - 49,NRW,49.99,49.99,30.0,0.0,GIGAZUHAUSE KABEL,0.0
6450,40 - 44,KBW,37.98,44.99,30.0,0.0,VF RIP U-TREUE,0.0
6451,50 - 54,NRW,29.99,44.99,30.0,0.0,RED INTERNET & PHONE CABLE U,1.0
6452,25 - 29,KBW,49.99,49.98,30.0,0.0,RED INTERNET & PHONE CABLE U,0.0
6453,55 - 59,NRW,37.99,49.98,30.0,0.0,RED INTERNET & PHONE CABLE U,1.0
6454,30 - 34,NRW,39.96,39.98,30.0,0.0,RED INTERNET & PHONE CABLE U,0.0
6455,25 - 29,NRW,39.98,34.98,30.0,0.0,VF RIP U-TREUE,1.0
6456,40 - 44,KBW,43.98,44.99,30.0,0.0,VF RIP U-TREUE,1.0
6457,70 - 74,KBW,34.99,39.99,30.0,0.0,RED INTERNET & PHONE CABLE U,1.0
6458,65 - 69,NRW,44.98,44.98,30.0,0.0,VF CABLEMAX,0.0
6459,35 - 39,NRW,34.99,34.99,30.0,0.0,RED INTERNET & PHONE CABLE U,1.0
6460,18 - 24,KBW,44.98,49.99,30.0,0.0,VF RIP U-TREUE,0.0
6461,35 - 39,KBW,39.98,34.99,30.0,0.0,GIGAZUHAUSE KABEL,0.0
6462,55 - 59,NRW,44.99,44.99,30.0,0.0,GIGAZUHAUSE KABEL,0.0
6463,45 - 49,NRW,42.99,29.99,30.0,0.0,VF RIP U-TREUE,0.0
6464,30 - 34,NRW,44.99,39.99,30.0,0.0,GIGAZUHAUSE KABEL,1.0
6465,45 - 49,NRW,29.99,34.99,30.0,0.0,GIGAZUHAUSE KABEL,0.0
6466,60 - 64,NRW,34.99,34.99,30.0,0.0,RED INTERNET & PHONE CABLE U,0.0
6467,30 - 34,NRW,44.99,49.99,30.0,0.0,RED INTERNET & PHONE CABLE U,1.0
6468,25 - 29,NRW,44.98,29.99,30.0,0.0,RED INTERNET & PHONE CABLE U,0.0
6469,25 - 29,NRW,39.97,29.99,30.0,0.0,VF CABLEMAX,1.0
6470,25 - 29,KBW,39.97,39.98,30.0,0.0,RED INTERNET & PHONE CABLE U,0.0
6471,30 - 34,NRW,44.98,44.98,30.0,0.0,RED INTERNET & PHONE CABLE U,0.0
6472,25 - 29,NRW,49.98,34.99,30.0,0.0,VF CABLEMAX,1.0
6473,35 - 39,KBW,44.98,44.99,30.0,0.0,RED INTERNET & PHONE CABLE U,0.0
6474,25 - 29,NRW,39.98,44.98,30.0,0.0,RED INTERNET & PHONE CABLE U,1.0
6475,30 - 34,NRW,49.98,44.99,30.0,0.0,VF RIP U-TREUE,0.0
6476,55 - 59,NRW,39.97,44.97,30.0,0.0,RED INTERNET & PHONE CABLE U,0.0
6477,50 - 54,NRW,39.98,49.99,30.0,0.0,RED INTERNET & PHONE CABLE U,0.0
6478,50 - 54,NRW,29.99,39.99,30.0,0.0,VF CABLEMAX,0.0
6479,18 - 24,NRW,44.98,39.98,30.0,0.0,VF RIP U-TREUE,1.0
6480,25 - 29,KBW,29.99,44.99,30.0,0.0,RED INTERNET & PHONE CABLE U,0.0
6481,80 and over,KBW,44.97,49.99,30.0,0.0,RED INTERNET & PHONE CABLE U,0.0
6482,35 - 39,NRW,39.99,49.98,30.0,0.0,GIGAZUHAUSE KABEL,0.0
6483,60 - 64,KBW,39.98,39.98,30.0,0.0,VF RIP U-TREUE,1.0
6484,40 - 44,KBW,49.99,34.98,30.0,0.0,RED INTERNET & PHONE CABLE U,1.0
6485,65 - 69,KBW,37.98,44.98,30.0,0.0,VF RIP U-TREUE,0.0
6486,70 - 74,NRW,34.98,39.99,30.0,0.0,RED INTERNET & PHONE CABLE U,1.0
6487,25 - 29,KBW,39.99,39.97,30.0,0.0,RED INTERNET & PHONE CABLE U,1.0
6488,55 - 59,NRW,34.99,39.99,30.0,0.0,RED INTERNET & PHONE CABLE U,0.0
6489,40 - 44,KBW,54.97,54.99,30.0,0.0,VF CABLEMAX,0.0
6490,35 - 39,NRW,44.99,42.99,30.0,0.0,RED INTERNET & PHONE CABLE U,0.0
6491,35 - 39,KBW,49.99,44.99,30.0,0.0,VF RIP U-TREUE,0.0
6492,40 - 44,NRW,39.98,44.98,30.0,0.0,RED INTERNET & PHONE CABLE U,0.0
6493,55 - 59,NRW,34.99,44.99,30.0,0.0,GIGAZUHAUSE KABEL,0.0
6494,55 - 59,HSN,39.99,49.98,30.0,0.0,VF RIP U-TREUE,0.0
6495,45 - 49,NRW,39.97,49.98,30.0,0.0,RED INTERNET & PHONE CABLE U,0.0
6496,55 - 59,KBW,34.99,34.99,30.0,0.0,RED INTERNET & PHONE CABLE U,1.0
6497,35 - 39,NRW,44.99,44.98,30.0,0.0,RED INTERNET & PHONE CABLE U,1.0
6498,40 - 44,NRW,34.98,29.98,30.0,0.0,VF RIP U-TREUE,0.0
6499,25 - 29,KBW,39.99,39.98,30.0,0.0,RED INTERNET & PHONE CABLE U,1.0
6500,60 - 64,NRW,34.99,34.99,30.0,0.0,GIGAZUHAUSE KABEL,1.0
6501,40 - 44,HSN,44.98,39.99,30.0,0.0,RED INTERNET & PHONE CABLE U,0.0
6502,25 - 29,NRW,49.99,34.97,30.0,0.0,GIGAZUHAUSE TREUE B,1.0
6503,35 - 39,HSN,44.98,39.99,30.0,0.0,RED INTERNET & PHONE CABLE U,1.0
6504,60 - 64,NRW,34.98,49.98,30.0,0.0,RED INTERNET & PHONE CABLE U,0.0
6505,30 - 34,KBW,34.98,34.99,30.0,0.0,GIGAZUHAUSE KABEL,0.0
6506,60 - 64,KBW,39.99,29.99,30.0,0.0,VF RIP U-TREUE,0.0
6507,40 - 44,KBW,34.99,39.99,30.0,0.0,RED INTERNET & PHONE CABLE U,1.0
6508,35 - 39,NRW,44.98,42.98,30.0,0.0,RED INTERNET & PHONE CABLE U,0.0
6509,25 - 29,NRW,39.98,39.97,30.0,0.0,RED INTERNET & PHONE CABLE U,1.0
6510,50 - 54,HSN,29.99,49.99,30.0,0.0,RED INTERNET & PHONE CABLE U,0.0
6511,35 - 39,KBW,44.99,44.98,30.0,0.0,GIGAZUHAUSE KABEL,1.0
6512,50 - 54,KBW,34.99,44.98,30.0,0.0,VF RIP U-TREUE,0.0
6513,25 - 29,KBW,39.99,34.99,30.0,0.0,RED INTERNET & PHONE CABLE U,1.0
6514,55 - 59,NRW,44.99,49.98,30.0,0.0,VF CABLEMAX,0.0
6515,25 - 29,NRW,49.98,34.99,30.0,0.0,GIGAZUHAUSE KABEL,1.0
6516,30 - 34,NRW,44.97,44.99,30.0,0.0,RED INTERNET & PHONE CABLE U,1.0
6517,25 - 29,NRW,29.98,34.99,30.0,0.0,GIGAZUHAUSE KABEL,1.0
6518,25 - 29,NRW,42.99,34.98,30.0,0.0,RED INTERNET & PHONE CABLE U,0.0
6519,35 - 39,NRW,0.99,54.99,30.0,0.0,RED INTERNET & PHONE CABLE U,0.0
6520,40 - 44,NRW,42.99,34.96,30.0,0.0,VF CABLEMAX,1.0
6521,60 - 64,KBW,49.99,44.98,30.0,0.0,GIGAZUHAUSE KABEL,0.0
6522,80 and over,NRW,39.98,49.99,30.0,0.0,VF CABLEMAX,0.0
6523,35 - 39,HSN,39.99,44.99,30.0,0.0,RED INTERNET & PHONE CABLE U,1.0
6524,40 - 44,KBW,34.99,44.98,30.0,0.0,RED INTERNET & PHONE CABLE U,0.0
6525,35 - 39,NRW,39.99,49.98,30.0,0.0,GIGAZUHAUSE KABEL,1.0
6526,35 - 39,NRW,49.99,34.99,30.0,0.0,RED INTERNET & PHONE CABLE U,0.0
6527,25 - 29,NRW,44.98,44.98,30.0,0.0,VF RIP U-TREUE,1.0
6528,35 - 39,KBW,39.99,39.99,30.0,0.0,VF CABLEMAX,1.0
6529,35 - 39,NRW,39.99,44.99,30.0,0.0,VF CABLEMAX,0.0
6530,35 - 39,NRW,29.99,39.99,30.0,0.0,VF RIP U-TREUE,0.0
6531,35 - 39,KBW,39.98,29.98,30.0,0.0,VF CABLEMAX,1.0
6532,25 - 29,KBW,44.99,34.99,30.0,0.0,VF RIP U-TREUE,1.0
6533,45 - 49,NRW,44.99,39.99,30.0,0.0,RED INTERNET & PHONE CABLE U,0.0
6534,25 - 29,NRW,39.98,32.99,30.0,0.0,VF RIP U-TREUE,0.0
6535,30 - 34,NRW,44.98,39.98,30.0,0.0,RED INTERNET & PHONE CABLE U,0.0
6536,40 - 44,NRW,29.99,29.99,30.0,0.0,VF RIP U-TREUE,1.0
6537,50 - 54,KBW,43.99,44.98,30.0,0.0,RED INTERNET & PHONE CABLE U,0.0
6538,35 - 39,NRW,34.98,49.99,30.0,0.0,RED INTERNET & PHONE CABLE U,0.0
6539,45 - 49,NRW,32.99,29.99,30.0,0.0,RED INTERNET & PHONE CABLE U,0.0
6540,60 - 64,NRW,39.96,34.98,30.0,0.0,VF RIP U-TREUE,0.0
6541,25 - 29,KBW,44.98,34.99,30.0,0.0,RED INTERNET & PHONE CABLE U,0.0
6542,40 - 44,HSN,44.99,34.98,30.0,0.0,RED INTERNET & PHONE CABLE U,0.0
6543,35 - 39,NRW,52.99,44.98,30.0,0.0,RED INTERNET & PHONE CABLE U,0.0
6544,35 - 39,KBW,44.97,44.98,30.0,0.0,RED INTERNET & PHONE CABLE U,0.0
6545,25 - 29,NRW,54.98,49.98,30.0,0.0,VF CABLEMAX,0.0
6546,30 - 34,NRW,29.99,44.98,30.0,0.0,RED INTERNET & PHONE CABLE U,1.0
6547,60 - 64,NRW,44.99,34.98,30.0,0.0,VF CABLEMAX,1.0
6548,45 - 49,NRW,34.99,39.99,30.0,0.0,VF RIP U-TREUE,1.0
6549,50 - 54,NRW,39.98,42.98,30.0,0.0,RED INTERNET & PHONE CABLE U,0.0
6550,55 - 59,KBW,44.98,39.98,30.0,0.0,RED INTERNET & PHONE CABLE U,0.0
6551,40 - 44,HSN,39.99,44.98,30.0,0.0,RED INTERNET & PHONE CABLE U,1.0
6552,70 - 74,KBW,44.98,44.98,30.0,0.0,RED INTERNET & PHONE CABLE U,0.0
6553,60 - 64,HSN,29.99,44.98,30.0,0.0,RED INTERNET & PHONE CABLE U,0.0
6554,45 - 49,NRW,39.99,34.99,30.0,0.0,VF CABLEMAX,1.0
6555,50 - 54,KBW,44.97,42.97,30.0,0.0,RED INTERNET & PHONE CABLE U,1.0
6556,70 - 74,KBW,34.98,44.99,30.0,0.0,VF RIP U-TREUE,1.0
6557,35 - 39,NRW,49.98,54.99,30.0,0.0,GIGAZUHAUSE KABEL,0.0
6558,35 - 39,NRW,44.98,49.98,30.0,0.0,RED INTERNET & PHONE CABLE U,1.0
6559,30 - 34,NRW,44.99,44.99,30.0,0.0,RED INTERNET & PHONE CABLE U,1.0
6560,50 - 54,KBW,49.99,44.98,30.0,0.0,VF CABLEMAX,0.0
6561,60 - 64,KBW,42.99,42.99,30.0,0.0,VF CABLEMAX,0.0
6562,40 - 44,NRW,52.97,44.99,30.0,0.0,RED INTERNET & PHONE CABLE U,1.0
6563,25 - 29,NRW,39.99,39.99,30.0,0.0,VF CABLEMAX,0.0
6564,25 - 29,KBW,44.98,49.98,30.0,0.0,GIGAZUHAUSE KABEL,1.0
6565,30 - 34,KBW,39.98,54.98,30.0,0.0,RED INTERNET & PHONE CABLE U,1.0
6566,65 - 69,KBW,39.99,39.97,30.0,0.0,VF RIP U-TREUE,0.0
6567,35 - 39,NRW,39.97,34.97,30.0,0.0,GIGAZUHAUSE KABEL,0.0
6568,55 - 59,NRW,49.98,39.98,30.0,0.0,GIGAZUHAUSE KABEL,1.0
6569,50 - 54,KBW,37.99,44.99,30.0,0.0,RED INTERNET & PHONE CABLE U,1.0
6570,35 - 39,NRW,34.99,49.99,30.0,0.0,VF CABLEMAX,0.0
6571,55 - 59,NRW,39.98,39.99,30.0,0.0,GIGAZUHAUSE KABEL,0.0
6572,30 - 34,NRW,49.99,44.98,30.0,0.0,RED INTERNET & PHONE CABLE U,1.0
6573,45 - 49,NRW,39.99,29.98,30.0,0.0,RED INTERNET & PHONE CABLE U,1.0
6574,60 - 64,NRW,39.99,49.99,30.0,0.0,GIGAZUHAUSE KABEL,1.0
6575,40 - 44,KBW,62.99,34.99,30.0,0.0,VF CABLEMAX,0.0
6576,30 - 34,KBW,39.98,44.99,30.0,0.0,VF RIP U-TREUE,0.0
6577,30 - 34,KBW,44.99,34.99,30.0,0.0,RED INTERNET & PHONE CABLE U,0.0
6578,35 - 39,HSN,39.98,44.98,30.0,0.0,RED INTERNET & PHONE CABLE U,0.0
6579,40 - 44,NRW,42.98,44.99,30.0,0.0,GIGAZUHAUSE KABEL,0.0
6580,25 - 29,NRW,44.96,29.98,30.0,0.0,VF RIP U-TREUE,0.0
6581,50 - 54,KBW,44.98,39.98,30.0,0.0,RED INTERNET & PHONE CABLE U,0.0
6582,30 - 34,NRW,44.99,44.99,30.0,0.0,RED INTERNET & PHONE CABLE U,1.0
6583,60 - 64,HSN,44.98,34.99,30.0,0.0,RED INTERNET & PHONE CABLE U,1.0
6584,35 - 39,HSN,44.99,44.98,30.0,0.0,RED INTERNET & PHONE CABLE U,1.0
6585,45 - 49,NRW,29.99,29.99,30.0,0.0,RED INTERNET & PHONE CABLE U,1.0
6586,45 - 49,NRW,42.99,34.99,30.0,0.0,RED INTERNET & PHONE CABLE U,1.0
6587,40 - 44,NRW,59.98,44.99,30.0,0.0,RED INTERNET & PHONE CABLE U,0.0
6588,40 - 44,NRW,29.99,44.98,30.0,0.0,RED INTERNET & PHONE CABLE U,0.0
6589,30 - 34,NRW,42.98,49.99,30.0,0.0,RED INTERNET & PHONE CABLE U,0.0
6590,55 - 59,NRW,34.99,39.99,30.0,0.0,RED INTERNET & PHONE CABLE U,0.0
6591,35 - 39,KBW,62.97,49.99,30.0,0.0,RED INTERNET & PHONE CABLE U,0.0
6592,60 - 64,NRW,39.99,42.98,30.0,0.0,RED INTERNET & PHONE CABLE U,0.0
6593,35 - 39,KBW,39.99,39.97,30.0,0.0,RED INTERNET & PHONE CABLE U,1.0
6594,55 - 59,NRW,34.99,44.99,30.0,0.0,VF CABLEMAX,1.0
6595,40 - 44,KBW,44.98,37.98,30.0,0.0,RED INTERNET & PHONE CABLE U,1.0
6596,25 - 29,NRW,39.97,44.99,30.0,0.0,VF CABLEMAX,1.0
6597,30 - 34,NRW,44.99,34.99,30.0,0.0,RED INTERNET & PHONE CABLE U,1.0
6598,35 - 39,NRW,39.99,39.96,30.0,0.0,VF RIP U-TREUE,0.0
6599,40 - 44,KBW,39.99,34.99,30.0,0.0,VF RIP U-TREUE,0.0
6600,30 - 34,NRW,44.99,34.97,30.0,0.0,RED INTERNET & PHONE CABLE U,0.0
6601,60 - 64,NRW,37.98,44.98,30.0,0.0,RED INTERNET & PHONE CABLE U,0.0
6602,30 - 34,NRW,34.99,44.98,30.0,0.0,VF CABLEMAX,0.0
6603,65 - 69,NRW,44.99,44.98,30.0,0.0,RED INTERNET & PHONE CABLE U,1.0
6604,25 - 29,NRW,39.98,39.98,30.0,0.0,RED INTERNET & PHONE CABLE U,0.0
6605,55 - 59,KBW,34.99,49.99,30.0,0.0,RED INTERNET & PHONE CABLE U,1.0
6606,55 - 59,NRW,34.97,39.99,30.0,0.0,VF RIP U-TREUE,1.0
6607,30 - 34,KBW,39.97,34.97,30.0,0.0,VF RIP U-TREUE,1.0
6608,40 - 44,KBW,39.98,34.97,30.0,0.0,RED INTERNET & PHONE CABLE U,0.0
6609,30 - 34,KBW,44.99,49.99,30.0,0.0,VF RIP U-TREUE,0.0
6610,40 - 44,NRW,39.98,39.98,30.0,0.0,RED INTERNET & PHONE CABLE U,1.0
6611,35 - 39,NRW,44.99,44.99,30.0,0.0,RED INTERNET & PHONE CABLE U,0.0
6612,30 - 34,KBW,44.99,34.98,30.0,0.0,RED INTERNET & PHONE CABLE U,1.0
6613,35 - 39,KBW,34.99,44.99,30.0,0.0,VF RIP U-TREUE,1.0
6614,30 - 34,KBW,44.97,29.98,30.0,0.0,RED INTERNET & PHONE CABLE U,0.0
6615,55 - 59,NRW,44.98,34.99,30.0,0.0,RED INTERNET & PHONE CABLE U,0.0
6616,25 - 29,NRW,44.99,39.99,30.0,0.0,RED INTERNET & PHONE CABLE U,1.0
6617,35 - 39,NRW,44.98,39.97,30.0,0.0,VF CABLEMAX,0.0
6618,35 - 39,KBW,32.98,49.99,30.0,0.0,VF RIP U-TREUE,1.0
6619,40 - 44,NRW,64.98,44.98,30.0,0.0,RED INTERNET & PHONE CABLE U,1.0
6620,50 - 54,NRW,44.98,34.98,30.0,0.0,VF CABLEMAX,1.0
6621,55 - 59,NRW,44.99,44.99,30.0,0.0,RED INTERNET & PHONE CABLE U,1.0
6622,30 - 34,HSN,44.99,44.99,30.0,0.0,VF RIP U-TREUE,1.0
6623,30 - 34,NRW,44.98,39.99,30.0,0.0,VF CABLEMAX,1.0
6624,35 - 39,NRW,44.99,34.99,30.0,0.0,RED INTERNET & PHONE CABLE U,1.0
6625,40 - 44,HSN,39.99,39.98,30.0,0.0,RED INTERNET & PHONE CABLE U,1.0
6626,60 - 64,KBW,44.99,44.98,30.0,0.0,VF CABLEMAX,0.0
6627,30 - 34,HSN,42.99,44.99,30.0,0.0,VF CABLEMAX,0.0
6628,45 - 49,HSN,39.99,39.98,30.0,0.0,RED INTERNET & PHONE CABLE U,0.0
6629,55 - 59,HSN,44.97,39.99,30.0,0.0,VF RIP U-TREUE,1.0
6630,30 - 34,KBW,39.98,49.99,30.0,0.0,VF RIP U-TREUE,0.0
6631,35 - 39,KBW,44.98,39.97,30.0,0.0,RED INTERNET & PHONE CABLE U,1.0
6632,35 - 39,NRW,34.99,39.98,30.0,0.0,RED INTERNET & PHONE CABLE U,1.0
6633,25 - 29,HSN,62.99,44.99,30.0,0.0,RED INTERNET & PHONE CABLE U,1.0
6634,55 - 59,KBW,32.99,34.97,30.0,0.0,VF CABLEMAX,1.0
6635,30 - 34,NRW,34.99,49.98,30.0,0.0,VF RIP U-TREUE,0.0
6636,35 - 39,KBW,44.98,34.99,30.0,0.0,RED INTERNET & PHONE CABLE U,1.0
6637,40 - 44,NRW,37.99,44.98,30.0,0.0,VF RIP U-TREUE,1.0
6638,35 - 39,NRW,34.98,39.99,30.0,0.0,GIGAZUHAUSE KABEL,0.0
6639,55 - 59,NRW,39.99,34.99,30.0,0.0,VF RIP U-TREUE,0.0
6640,25 - 29,NRW,34.99,42.99,30.0,0.0,VF RIP U-TREUE,0.0
6641,40 - 44,KBW,39.99,44.98,30.0,0.0,VF CABLEMAX,0.0
6642,35 - 39,KBW,44.98,44.98,30.0,0.0,RED INTERNET & PHONE CABLE U,0.0
6643,25 - 29,KBW,39.99,39.99,30.0,0.0,RED INTERNET & PHONE CABLE U,0.0
6644,35 - 39,HSN,44.98,34.98,30.0,0.0,VF CABLEMAX,1.0
6645,30 - 34,NRW,37.99,44.98,30.0,0.0,RED INTERNET & PHONE CABLE U,1.0
6646,50 - 54,HSN,29.97,34.98,30.0,0.0,VF RIP U-TREUE,1.0
6647,50 - 54,HSN,44.98,44.98,30.0,0.0,RED INTERNET & PHONE CABLE U,0.0
6648,50 - 54,KBW,65.99,44.98,30.0,0.0,RED INTERNET & PHONE CABLE U,0.0
6649,45 - 49,KBW,44.99,39.99,30.0,0.0,GIGAZUHAUSE KABEL,1.0
6650,55 - 59,NRW,39.99,44.99,30.0,0.0,VF RIP U-TREUE,0.0
6651,55 - 59,NRW,34.99,44.98,30.0,0.0,VF RIP U-TREUE,0.0
6653,40 - 44,KBW,44.98,39.98,30.0,0.0,VF CABLEMAX,1.0
6654,35 - 39,KBW,37.99,44.98,30.0,0.0,RED INTERNET & PHONE CABLE U,1.0
6655,70 - 74,NRW,47.99,27.99,6.0,0.0,VF RIP U-TREUE,1.0
6656,70 - 74,NRW,49.98,32.97,30.0,0.0,RED INTERNET & PHONE CABLE U,0.0
6657,35 - 39,KBW,42.99,29.97,30.0,0.0,RED INTERNET & PHONE CABLE U,0.0
6658,35 - 39,KBW,34.99,44.99,30.0,0.0,GIGAZUHAUSE KABEL,0.0
6659,60 - 64,NRW,24.99,39.99,30.0,0.0,RED INTERNET & PHONE CABLE U,1.0
6660,35 - 39,NRW,44.99,39.99,30.0,0.0,RED INTERNET & PHONE CABLE U,1.0
6661,40 - 44,NRW,44.98,34.98,30.0,0.0,VF CABLEMAX,1.0
6662,45 - 49,KBW,49.99,39.98,30.0,0.0,VF RIP U-TREUE,0.0
6663,65 - 69,KBW,39.98,39.98,30.0,0.0,GIGAZUHAUSE KABEL,0.0
6664,55 - 59,HSN,39.99,44.99,30.0,0.0,RED INTERNET & PHONE CABLE U,1.0
6665,35 - 39,KBW,44.99,34.97,30.0,0.0,VF RIP U-TREUE,0.0
6666,35 - 39,NRW,32.97,32.99,30.0,0.0,GIGAZUHAUSE KABEL,1.0
6667,40 - 44,NRW,44.99,34.98,30.0,0.0,RED INTERNET & PHONE CABLE U,0.0
6668,35 - 39,NRW,27.99,34.98,30.0,0.0,VF RIP U-TREUE,0.0
6669,55 - 59,HSN,24.99,44.98,30.0,0.0,VF CABLEMAX,1.0
6670,30 - 34,NRW,39.99,44.99,30.0,0.0,RED INTERNET & PHONE CABLE U,0.0
6671,40 - 44,NRW,39.97,39.98,30.0,0.0,RED INTERNET & PHONE CABLE U,0.0
6672,40 - 44,KBW,49.99,49.99,30.0,0.0,VF RIP U-TREUE,0.0
6673,60 - 64,NRW,44.98,44.98,30.0,0.0,VF RIP U-TREUE,1.0
6674,60 - 64,KBW,34.99,44.98,30.0,0.0,RED INTERNET & PHONE CABLE U,0.0
6675,35 - 39,NRW,39.98,34.99,30.0,0.0,RED INTERNET & PHONE CABLE U,0.0
6676,75 - 79,NRW,44.98,39.99,30.0,0.0,RED INTERNET & PHONE CABLE U,0.0
6677,30 - 34,NRW,39.98,44.99,30.0,0.0,RED INTERNET & PHONE CABLE U,1.0
6678,30 - 34,KBW,39.99,44.99,30.0,0.0,GIGAZUHAUSE KABEL,1.0
6679,45 - 49,KBW,44.98,39.97,30.0,0.0,GIGAZUHAUSE KABEL,0.0
6680,35 - 39,KBW,44.98,39.98,30.0,0.0,VF RIP U-TREUE,0.0
6681,35 - 39,NRW,44.98,39.99,30.0,0.0,RED INTERNET & PHONE CABLE U,0.0
6682,55 - 59,KBW,39.98,42.98,30.0,0.0,VF CABLEMAX,1.0
6683,60 - 64,HSN,39.98,39.99,30.0,0.0,RED INTERNET & PHONE CABLE U,0.0
6684,50 - 54,KBW,49.99,44.99,30.0,0.0,RED INTERNET & PHONE CABLE U,1.0
6685,30 - 34,NRW,29.99,39.99,30.0,0.0,RED INTERNET & PHONE CABLE U,1.0
6686,60 - 64,HSN,39.99,34.99,6.0,0.0,VF RIP U-TREUE,1.0
6687,35 - 39,NRW,47.97,39.98,30.0,0.0,RED INTERNET & PHONE CABLE U,1.0
6688,45 - 49,NRW,44.99,39.98,30.0,0.0,RED INTERNET & PHONE CABLE U,1.0
6689,45 - 49,KBW,39.98,34.98,30.0,0.0,RED INTERNET & PHONE CABLE U,1.0
6690,25 - 29,NRW,44.99,34.99,30.0,0.0,RED INTERNET & PHONE CABLE U,0.0
6691,55 - 59,KBW,44.99,34.99,30.0,0.0,GIGAZUHAUSE KABEL,1.0
6692,25 - 29,NRW,39.98,39.98,30.0,0.0,RED INTERNET & PHONE CABLE U,1.0
6693,55 - 59,NRW,39.99,39.98,30.0,0.0,VF RIP U-TREUE,1.0
6694,30 - 34,NRW,44.98,37.97,30.0,0.0,VF RIP U-TREUE,0.0
6695,30 - 34,NRW,39.99,44.99,30.0,0.0,VF RIP U-TREUE,0.0
6696,35 - 39,NRW,39.99,34.99,30.0,0.0,VF RIP U-TREUE,0.0
6697,35 - 39,NRW,39.99,44.99,30.0,0.0,VF CABLEMAX,1.0
6698,35 - 39,NRW,39.98,44.99,30.0,0.0,RED INTERNET & PHONE CABLE U,0.0
6699,30 - 34,NRW,32.98,39.97,30.0,0.0,VF CABLEMAX,0.0
6700,70 - 74,KBW,39.97,44.98,30.0,0.0,GIGAZUHAUSE KABEL,1.0
6701,40 - 44,KBW,34.98,44.98,30.0,0.0,GIGAZUHAUSE KABEL,1.0
6702,40 - 44,NRW,34.99,49.99,30.0,0.0,VF RIP U-TREUE,0.0
6703,25 - 29,NRW,49.99,42.99,30.0,0.0,RED INTERNET & PHONE CABLE U,1.0
6704,30 - 34,NRW,34.98,39.98,30.0,0.0,RED INTERNET & PHONE CABLE U,0.0
6705,55 - 59,HSN,54.98,34.98,30.0,0.0,RED INTERNET & PHONE CABLE U,1.0
6706,25 - 29,NRW,39.99,44.99,30.0,0.0,RED INTERNET & PHONE CABLE U,0.0
6707,55 - 59,KBW,39.97,39.99,30.0,0.0,RED INTERNET & PHONE CABLE U,0.0
6708,40 - 44,KBW,44.98,49.99,30.0,0.0,RED INTERNET & PHONE CABLE U,1.0
6709,35 - 39,NRW,54.98,39.99,30.0,0.0,RED INTERNET & PHONE CABLE U,1.0
6710,35 - 39,KBW,49.99,29.98,30.0,0.0,RED INTERNET & PHONE CABLE U,0.0
6711,50 - 54,NRW,34.98,44.99,30.0,0.0,RED INTERNET & PHONE CABLE U,1.0
6712,25 - 29,NRW,49.99,24.99,30.0,0.0,GIGAZUHAUSE KABEL,0.0
6713,55 - 59,NRW,34.97,44.99,30.0,0.0,RED INTERNET & PHONE CABLE U,0.0
6714,35 - 39,NRW,49.99,42.98,30.0,0.0,RED INTERNET & PHONE CABLE U,0.0
6715,30 - 34,HSN,39.99,34.98,30.0,0.0,RED INTERNET & PHONE CABLE U,0.0
6716,30 - 34,NRW,39.99,29.99,30.0,0.0,RED INTERNET & PHONE CABLE U,0.0
6717,55 - 59,NRW,34.98,34.98,30.0,1.0,RED INTERNET & PHONE CABLE U,1.0
6718,40 - 44,KBW,42.99,39.99,30.0,0.0,RED INTERNET & PHONE CABLE U,1.0
6719,40 - 44,NRW,44.98,37.99,30.0,0.0,GIGAZUHAUSE KABEL,0.0
6720,55 - 59,KBW,34.99,49.99,30.0,0.0,VF RIP U-TREUE,0.0
6721,45 - 49,NRW,44.99,44.98,30.0,0.0,RED INTERNET & PHONE CABLE U,0.0
6722,55 - 59,NRW,44.98,29.99,30.0,0.0,RED INTERNET & PHONE CABLE U,1.0
6723,55 - 59,KBW,44.97,39.99,30.0,0.0,RED INTERNET & PHONE CABLE U,0.0
6724,45 - 49,NRW,39.98,44.99,30.0,0.0,VF CABLEMAX,1.0
6725,30 - 34,NRW,44.99,34.99,30.0,0.0,RED INTERNET & PHONE CABLE U,1.0
6726,45 - 49,KBW,34.99,44.99,30.0,0.0,RED INTERNET & PHONE CABLE U,0.0
6727,35 - 39,KBW,34.99,44.98,30.0,0.0,VF RIP U-TREUE,0.0
6728,35 - 39,NRW,44.99,44.99,30.0,0.0,RED INTERNET & PHONE CABLE U,0.0
6729,25 - 29,NRW,34.99,29.99,30.0,0.0,RED INTERNET & PHONE CABLE U,1.0
6730,70 - 74,NRW,39.99,39.98,30.0,0.0,RED INTERNET & PHONE CABLE U,1.0
6731,25 - 29,NRW,42.97,44.98,30.0,0.0,RED INTERNET & PHONE CABLE U,0.0
6732,35 - 39,NRW,49.98,54.98,30.0,0.0,RED INTERNET & PHONE CABLE U,1.0
6733,35 - 39,KBW,54.99,42.99,30.0,0.0,VF RIP U-TREUE,0.0
6734,30 - 34,KBW,32.98,44.99,30.0,0.0,RED INTERNET & PHONE CABLE U,1.0
6735,60 - 64,NRW,44.99,54.99,30.0,0.0,GIGAZUHAUSE TREUE B,1.0
6736,55 - 59,NRW,34.98,49.98,30.0,0.0,RED INTERNET & PHONE CABLE U,0.0
6737,35 - 39,NRW,59.99,44.98,30.0,0.0,RED INTERNET & PHONE CABLE U,0.0
6738,30 - 34,NRW,54.99,34.99,30.0,0.0,RED INTERNET & PHONE CABLE U,1.0
6739,45 - 49,KBW,34.99,44.98,30.0,0.0,RED INTERNET & PHONE CABLE U,0.0
6740,60 - 64,HSN,44.99,39.99,30.0,0.0,VF RIP U-TREUE,0.0
6741,35 - 39,HSN,42.98,44.98,30.0,0.0,RED INTERNET & PHONE CABLE U,0.0
6742,35 - 39,NRW,44.99,44.98,30.0,0.0,VF RIP U-TREUE,1.0
6743,80 and over,NRW,44.98,44.98,30.0,0.0,RED INTERNET & PHONE CABLE U,0.0
6744,25 - 29,NRW,44.98,29.99,30.0,0.0,RED INTERNET & PHONE CABLE U,0.0
6745,55 - 59,KBW,34.99,44.98,30.0,0.0,RED INTERNET & PHONE CABLE U,0.0
6746,35 - 39,KBW,37.97,34.98,30.0,0.0,RED INTERNET & PHONE CABLE U,1.0
6747,45 - 49,KBW,39.99,44.98,30.0,0.0,RED INTERNET & PHONE CABLE U,1.0
6748,35 - 39,NRW,29.98,39.99,6.0,0.0,VF CABLEMAX,1.0
6749,55 - 59,HSN,39.98,49.99,30.0,0.0,RED INTERNET & PHONE CABLE U,0.0
6750,60 - 64,NRW,42.98,39.98,30.0,0.0,GIGAZUHAUSE KABEL,1.0
6751,50 - 54,NRW,34.99,47.99,30.0,0.0,RED INTERNET & PHONE CABLE U,1.0
6752,50 - 54,NRW,39.98,39.99,30.0,0.0,GIGAZUHAUSE KABEL,0.0
6753,30 - 34,NRW,49.99,39.98,30.0,0.0,VF RIP U-TREUE,0.0
6754,60 - 64,NRW,39.99,34.97,30.0,0.0,RED INTERNET & PHONE CABLE U,1.0
6755,35 - 39,NRW,34.98,44.98,30.0,0.0,VF RIP U-TREUE,0.0
6756,35 - 39,HSN,44.99,39.88,30.0,0.0,RED INTERNET & PHONE CABLE U,0.0
6757,60 - 64,NRW,39.99,44.99,30.0,0.0,RED INTERNET & PHONE CABLE U,1.0
6758,55 - 59,NRW,44.99,49.99,30.0,0.0,RED INTERNET & PHONE CABLE U,0.0
6759,80 and over,HSN,44.98,39.98,30.0,0.0,VF RIP U-TREUE,0.0
6760,50 - 54,NRW,44.99,44.98,30.0,0.0,VF RIP U-TREUE,0.0
6761,40 - 44,KBW,29.98,39.98,30.0,0.0,RED INTERNET & PHONE CABLE U,0.0
6762,55 - 59,NRW,44.98,49.99,30.0,0.0,RED INTERNET & PHONE CABLE U,1.0
6763,35 - 39,KBW,39.99,34.99,6.0,0.0,RED INTERNET & PHONE CABLE U,0.0
6764,35 - 39,NRW,44.98,39.99,30.0,0.0,GIGAZUHAUSE KABEL,1.0
6765,50 - 54,NRW,39.98,49.98,30.0,0.0,RED INTERNET & PHONE CABLE U,1.0
6766,55 - 59,KBW,39.99,49.98,30.0,0.0,RED INTERNET & PHONE CABLE U,0.0
6767,30 - 34,NRW,34.99,34.97,30.0,1.0,GIGAZUHAUSE KABEL,1.0
6768,35 - 39,KBW,39.99,49.98,30.0,0.0,RED INTERNET & PHONE CABLE U,0.0
6769,35 - 39,NRW,39.99,34.99,30.0,0.0,RED INTERNET & PHONE CABLE U,0.0
6770,30 - 34,KBW,34.98,39.99,30.0,0.0,VF CABLEMAX,0.0
6771,50 - 54,KBW,44.98,49.97,30.0,0.0,GIGAZUHAUSE KABEL,1.0
6772,35 - 39,KBW,34.98,44.99,30.0,0.0,VF CABLEMAX,1.0
6773,60 - 64,NRW,39.99,49.98,30.0,0.0,RED INTERNET & PHONE CABLE U,0.0
6774,35 - 39,KBW,44.99,39.99,30.0,0.0,VF CABLEMAX,1.0
6775,60 - 64,NRW,39.98,39.97,30.0,0.0,RED INTERNET & PHONE CABLE U,0.0
6776,80 and over,HSN,54.98,39.99,30.0,1.0,RED INTERNET & PHONE CABLE U,0.0
6777,45 - 49,NRW,44.98,44.99,30.0,0.0,GIGAZUHAUSE KABEL,0.0
6778,35 - 39,NRW,44.98,34.99,30.0,0.0,RED INTERNET & PHONE CABLE U,1.0
6779,25 - 29,NRW,34.99,44.99,30.0,0.0,RED INTERNET & PHONE CABLE U,1.0
6780,35 - 39,HSN,34.98,44.99,30.0,0.0,RED INTERNET & PHONE CABLE U,1.0
6781,40 - 44,KBW,49.99,44.98,30.0,0.0,RED INTERNET & PHONE CABLE U,0.0
6782,40 - 44,NRW,39.97,44.97,30.0,0.0,VF RIP U-TREUE,1.0
6783,45 - 49,KBW,39.99,34.99,30.0,0.0,RED INTERNET & PHONE CABLE U,1.0
6784,40 - 44,HSN,39.98,34.98,30.0,0.0,VF RIP U-TREUE,1.0
6785,35 - 39,NRW,42.98,39.99,30.0,0.0,RED INTERNET & PHONE CABLE U,0.0
6786,45 - 49,NRW,29.98,44.99,30.0,0.0,RED INTERNET & PHONE CABLE U,1.0
6787,30 - 34,KBW,29.99,44.97,30.0,0.0,RED INTERNET & PHONE CABLE U,1.0
6788,50 - 54,HSN,44.98,39.98,30.0,0.0,RED INTERNET & PHONE CABLE U,1.0
6789,45 - 49,KBW,39.98,34.98,30.0,0.0,VF RIP U-TREUE,1.0
6790,35 - 39,KBW,49.99,29.98,30.0,0.0,RED INTERNET & PHONE CABLE U,0.0
6791,60 - 64,NRW,44.98,44.98,30.0,0.0,VF RIP U-TREUE,1.0
6792,70 - 74,NRW,34.99,29.99,30.0,0.0,RED INTERNET & PHONE CABLE U,0.0
6793,25 - 29,HSN,34.98,34.99,30.0,0.0,RED INTERNET & PHONE CABLE U,0.0
6794,30 - 34,KBW,49.99,39.97,30.0,0.0,RED INTERNET & PHONE CABLE U,0.0
6795,30 - 34,KBW,39.99,49.99,30.0,0.0,GIGAZUHAUSE KABEL,0.0
6796,35 - 39,NRW,34.98,63.99,30.0,0.0,RED INTERNET & PHONE CABLE U,1.0
6797,35 - 39,NRW,34.99,34.99,30.0,0.0,RED INTERNET & PHONE CABLE U,0.0
6798,35 - 39,KBW,39.99,39.99,30.0,0.0,VF CABLEMAX,0.0
6799,35 - 39,HSN,32.98,49.98,30.0,0.0,RED INTERNET & PHONE CABLE U,0.0
6800,35 - 39,NRW,34.98,39.98,30.0,0.0,RED INTERNET & PHONE CABLE U,1.0
6801,30 - 34,NRW,34.99,39.99,30.0,0.0,GIGAZUHAUSE KABEL,0.0
6802,35 - 39,KBW,34.98,37.98,30.0,0.0,RED INTERNET & PHONE CABLE U,1.0
6803,30 - 34,KBW,39.99,44.98,30.0,0.0,GIGAZUHAUSE KABEL,0.0
6804,40 - 44,NRW,39.98,34.99,30.0,0.0,VF CABLEMAX,1.0
6805,40 - 44,NRW,49.98,39.98,30.0,0.0,GIGAZUHAUSE KABEL,0.0
6806,30 - 34,NRW,44.99,34.99,30.0,0.0,RED INTERNET & PHONE CABLE U,0.0
6807,40 - 44,NRW,32.99,44.97,30.0,0.0,VF CABLEMAX,0.0
6808,35 - 39,NRW,34.99,37.99,30.0,0.0,RED INTERNET & PHONE CABLE U,1.0
6809,25 - 29,KBW,39.99,44.99,30.0,0.0,RED INTERNET & PHONE CABLE U,0.0
6810,40 - 44,NRW,39.98,39.98,30.0,0.0,VF CABLEMAX,1.0
6811,80 and over,NRW,42.98,34.98,30.0,0.0,VF RIP U-TREUE,0.0
6812,40 - 44,NRW,49.99,44.99,30.0,0.0,RED INTERNET & PHONE CABLE U,0.0
6813,60 - 64,KBW,44.98,39.99,30.0,0.0,RED INTERNET & PHONE CABLE U,0.0
6814,25 - 29,NRW,34.97,49.99,30.0,0.0,VF RIP U-TREUE,0.0
6815,30 - 34,HSN,34.97,39.99,30.0,0.0,VF CABLEMAX,0.0
6816,25 - 29,NRW,39.98,39.99,30.0,0.0,RED INTERNET & PHONE CABLE U,0.0
6817,60 - 64,NRW,34.98,37.99,30.0,0.0,RED INTERNET & PHONE CABLE U,0.0
6818,80 and over,KBW,49.98,24.99,30.0,0.0,RED INTERNET & PHONE CABLE U,0.0
6819,60 - 64,NRW,49.98,29.99,30.0,0.0,RED INTERNET & PHONE CABLE U,1.0
6820,55 - 59,KBW,34.99,39.97,30.0,0.0,RED INTERNET & PHONE CABLE U,0.0
6821,35 - 39,NRW,39.96,39.99,30.0,0.0,VF RIP U-TREUE,0.0
6822,30 - 34,KBW,44.99,39.98,30.0,0.0,RED INTERNET & PHONE CABLE U,0.0
6823,25 - 29,HSN,44.99,34.98,30.0,0.0,VF CABLEMAX,0.0
6824,50 - 54,KBW,44.99,39.99,30.0,0.0,RED INTERNET & PHONE CABLE U,0.0
6825,65 - 69,NRW,44.99,49.99,30.0,0.0,VF CABLEMAX,1.0
6826,35 - 39,KBW,39.98,39.99,30.0,0.0,VF RIP U-TREUE,1.0
6827,35 - 39,KBW,44.98,49.98,30.0,0.0,RED INTERNET & PHONE CABLE U,0.0
6828,40 - 44,KBW,44.98,37.97,30.0,0.0,VF RIP U-TREUE,1.0
6829,35 - 39,KBW,42.99,34.99,30.0,0.0,GIGAZUHAUSE KABEL,0.0
6830,45 - 49,NRW,39.99,39.99,30.0,0.0,RED INTERNET & PHONE CABLE U,0.0
6831,25 - 29,NRW,44.97,49.99,30.0,0.0,RED INTERNET & PHONE CABLE U,1.0
6832,25 - 29,KBW,34.99,54.99,30.0,0.0,VF RIP U-TREUE,0.0
6833,35 - 39,NRW,62.99,34.98,30.0,0.0,VF RIP U-TREUE,1.0
6834,40 - 44,NRW,44.98,39.99,30.0,0.0,RED INTERNET & PHONE CABLE U,0.0
6835,50 - 54,KBW,39.99,37.99,30.0,0.0,RED INTERNET & PHONE CABLE U,0.0
6836,35 - 39,KBW,44.97,34.98,30.0,0.0,VF CABLEMAX,1.0
6837,25 - 29,NRW,34.99,39.98,30.0,0.0,GIGAZUHAUSE KABEL,1.0
6838,40 - 44,NRW,44.99,37.98,30.0,0.0,GIGAZUHAUSE KABEL,0.0
6839,35 - 39,NRW,49.98,44.99,30.0,0.0,RED INTERNET & PHONE CABLE U,0.0
6840,60 - 64,HSN,62.99,44.98,30.0,0.0,RED INTERNET & PHONE CABLE U,1.0
6841,25 - 29,NRW,39.98,44.97,30.0,0.0,RED INTERNET & PHONE CABLE U,0.0
6842,50 - 54,KBW,39.99,39.99,30.0,0.0,RED INTERNET & PHONE CABLE U,1.0
6843,40 - 44,HSN,39.97,39.99,30.0,0.0,RED INTERNET & PHONE CABLE U,0.0
6844,18 - 24,KBW,34.99,39.99,30.0,0.0,VF RIP U-TREUE,1.0
6845,35 - 39,NRW,34.99,34.99,30.0,0.0,RED INTERNET & PHONE CABLE U,0.0
6846,40 - 44,HSN,34.99,34.97,30.0,0.0,RED INTERNET & PHONE CABLE U,0.0
6847,35 - 39,NRW,39.99,52.99,30.0,0.0,RED INTERNET & PHONE CABLE U,0.0
6848,60 - 64,NRW,44.98,44.98,30.0,0.0,RED INTERNET & PHONE CABLE U,0.0
6849,50 - 54,HSN,44.99,44.97,30.0,0.0,RED INTERNET & PHONE CABLE U,1.0
6850,40 - 44,NRW,44.99,34.99,30.0,0.0,RED INTERNET & PHONE CABLE U,1.0
6851,40 - 44,NRW,44.99,42.99,30.0,0.0,RED INTERNET & PHONE CABLE U,0.0
6852,80 and over,KBW,44.98,39.99,30.0,0.0,RED INTERNET & PHONE CABLE U,1.0
6853,80 and over,NRW,44.99,34.98,30.0,0.0,VF RIP U-TREUE,1.0
6854,55 - 59,KBW,34.98,37.98,30.0,0.0,VF RIP U-TREUE,1.0
6855,55 - 59,NRW,39.97,39.99,30.0,0.0,VF RIP U-TREUE,0.0
6856,70 - 74,NRW,42.98,39.99,30.0,0.0,RED INTERNET & PHONE CABLE U,1.0
6857,45 - 49,HSN,44.97,39.97,30.0,0.0,RED INTERNET & PHONE CABLE U,0.0
6858,80 and over,KBW,39.98,29.98,30.0,0.0,RED INTERNET & PHONE CABLE U,1.0
6859,60 - 64,HSN,47.99,44.98,30.0,0.0,RED INTERNET & PHONE CABLE U,1.0
6860,80 and over,NRW,44.99,39.99,30.0,0.0,RED INTERNET & PHONE CABLE U,1.0
6861,25 - 29,NRW,44.99,34.98,30.0,0.0,VF RIP U-TREUE,0.0
6862,35 - 39,NRW,34.97,34.99,30.0,0.0,RED INTERNET & PHONE CABLE U,0.0
6863,40 - 44,NRW,29.98,44.99,30.0,0.0,RED INTERNET & PHONE CABLE U,0.0
6864,50 - 54,KBW,34.98,39.98,30.0,0.0,VF RIP U-TREUE,0.0
6865,25 - 29,NRW,44.99,39.96,30.0,0.0,VF CABLEMAX,1.0
6866,18 - 24,NRW,44.99,34.99,30.0,0.0,RED INTERNET & PHONE CABLE U,0.0
6867,35 - 39,KBW,39.97,34.99,30.0,0.0,RED INTERNET & PHONE CABLE U,0.0
6868,30 - 34,NRW,39.99,34.99,30.0,0.0,RED INTERNET & PHONE CABLE U,0.0
6869,40 - 44,NRW,44.97,49.99,30.0,0.0,VF RIP U-TREUE,1.0
6870,65 - 69,HSN,39.99,54.98,30.0,0.0,RED INTERNET & PHONE CABLE U,1.0
6871,25 - 29,NRW,44.97,42.99,30.0,0.0,VF RIP U-TREUE,0.0
6872,35 - 39,HSN,37.99,59.99,30.0,0.0,RED INTERNET & PHONE CABLE U,0.0
6873,35 - 39,NRW,44.98,39.99,30.0,0.0,VF CABLEMAX,0.0
6874,40 - 44,NRW,34.98,44.98,30.0,0.0,RED INTERNET & PHONE CABLE U,0.0
6875,25 - 29,NRW,39.99,29.99,30.0,0.0,RED INTERNET & PHONE CABLE U,0.0
6876,55 - 59,NRW,34.99,44.99,30.0,0.0,RED INTERNET & PHONE CABLE U,0.0
6877,35 - 39,KBW,34.99,37.99,30.0,0.0,VF RIP U-TREUE,1.0
6878,40 - 44,HSN,29.98,39.99,6.0,0.0,VF RIP U-TREUE,1.0
6879,45 - 49,HSN,49.99,34.98,30.0,0.0,VF RIP U-TREUE,0.0
6880,35 - 39,NRW,39.98,34.98,30.0,0.0,RED INTERNET & PHONE CABLE U,1.0
6881,30 - 34,HSN,39.98,34.99,30.0,0.0,RED INTERNET & PHONE CABLE U,0.0
6882,40 - 44,KBW,44.98,39.99,30.0,0.0,RED INTERNET & PHONE CABLE U,1.0
6883,30 - 34,NRW,39.99,44.99,5.0,0.0,VF RIP U-TREUE,0.0
6884,30 - 34,KBW,44.98,34.97,30.0,0.0,RED INTERNET & PHONE CABLE U,1.0
6885,35 - 39,NRW,34.97,44.98,30.0,0.0,RED INTERNET & PHONE CABLE U,0.0
6886,35 - 39,NRW,39.98,39.99,30.0,0.0,RED INTERNET & PHONE CABLE U,0.0
6887,40 - 44,KBW,39.99,44.99,30.0,0.0,RED INTERNET & PHONE CABLE U,0.0
6888,60 - 64,NRW,39.99,32.97,30.0,0.0,RED INTERNET & PHONE CABLE U,0.0
6889,40 - 44,NRW,34.99,34.98,30.0,0.0,RED INTERNET & PHONE CABLE U,0.0
6890,25 - 29,KBW,34.98,44.98,30.0,0.0,VF RIP U-TREUE,1.0
6891,35 - 39,NRW,44.97,44.99,30.0,0.0,VF RIP U-TREUE,1.0
6892,50 - 54,NRW,37.97,34.99,30.0,0.0,RED INTERNET & PHONE CABLE U,0.0
6893,50 - 54,NRW,29.99,29.98,30.0,0.0,GIGAZUHAUSE KABEL,1.0
6894,30 - 34,NRW,44.99,34.97,30.0,0.0,RED INTERNET & PHONE CABLE U,1.0
6895,35 - 39,NRW,49.99,37.99,30.0,0.0,VF CABLEMAX,1.0
6896,80 and over,NRW,34.98,37.97,30.0,0.0,GIGAZUHAUSE KABEL,1.0
6897,25 - 29,KBW,44.99,44.98,30.0,0.0,VF RIP U-TREUE,1.0
6898,35 - 39,NRW,39.98,44.99,30.0,0.0,RED INTERNET & PHONE CABLE U,1.0
6899,25 - 29,NRW,39.99,44.98,30.0,0.0,VF RIP U-TREUE,1.0
6900,55 - 59,NRW,49.99,34.99,30.0,0.0,VF RIP U-TREUE,0.0
6901,65 - 69,KBW,44.98,44.97,30.0,0.0,RED INTERNET & PHONE CABLE U,1.0
6902,70 - 74,KBW,34.98,39.98,30.0,0.0,VF CABLEMAX,0.0
6903,50 - 54,KBW,34.98,44.98,30.0,0.0,RED INTERNET & PHONE CABLE U,0.0
6904,25 - 29,HSN,44.98,44.99,30.0,0.0,RED INTERNET & PHONE CABLE U,0.0
6905,40 - 44,NRW,39.99,49.99,30.0,0.0,GIGAZUHAUSE KABEL,1.0
6906,55 - 59,KBW,47.99,37.98,30.0,0.0,RED INTERNET & PHONE CABLE U,1.0
6907,40 - 44,HSN,44.98,39.98,30.0,0.0,RED INTERNET & PHONE CABLE U,0.0
6908,30 - 34,NRW,39.97,54.98,30.0,0.0,GIGAZUHAUSE KABEL,0.0
6909,30 - 34,KBW,39.98,44.99,30.0,0.0,RED INTERNET & PHONE CABLE U,1.0
6910,35 - 39,NRW,44.99,34.97,30.0,0.0,RED INTERNET & PHONE CABLE U,0.0
6911,40 - 44,NRW,29.98,44.99,30.0,0.0,RED INTERNET & PHONE CABLE U,0.0
6912,35 - 39,NRW,49.97,34.99,30.0,0.0,VF CABLEMAX,1.0
6913,35 - 39,KBW,34.99,39.98,30.0,0.0,RED INTERNET & PHONE CABLE U,0.0
6914,35 - 39,KBW,44.97,34.98,30.0,0.0,VF RIP U-TREUE,0.0
6915,30 - 34,NRW,39.98,39.97,30.0,0.0,VF RIP U-TREUE,0.0
6916,40 - 44,KBW,29.97,39.99,30.0,0.0,VF RIP U-TREUE,0.0
6917,40 - 44,NRW,42.98,39.98,30.0,0.0,RED INTERNET & PHONE CABLE U,1.0
6918,35 - 39,NRW,32.99,34.98,30.0,0.0,VF CABLEMAX,0.0
6919,30 - 34,NRW,34.0,49.99,30.0,0.99,RED INTERNET & PHONE CABLE U,1.0
6920,25 - 29,NRW,49.99,39.99,30.0,0.0,VF CABLEMAX,1.0
6921,18 - 24,KBW,39.98,34.99,30.0,0.0,RED INTERNET & PHONE CABLE U,1.0
6922,35 - 39,KBW,39.99,39.99,30.0,0.0,RED INTERNET & PHONE CABLE U,1.0
6923,40 - 44,NRW,29.98,34.99,30.0,0.0,RED INTERNET & PHONE CABLE U,0.0
6924,45 - 49,NRW,49.99,44.98,30.0,0.0,VF RIP U-TREUE,1.0
6925,25 - 29,KBW,44.99,44.98,30.0,0.0,RED INTERNET & PHONE CABLE U,0.0
6926,25 - 29,HSN,49.99,37.98,30.0,0.0,VF RIP U-TREUE,1.0
6927,18 - 24,KBW,49.99,44.98,30.0,0.0,VF CABLEMAX,1.0
6928,35 - 39,NRW,39.99,34.99,30.0,0.0,RED INTERNET & PHONE CABLE U,0.0
6929,25 - 29,HSN,44.98,29.98,30.0,0.0,RED INTERNET & PHONE CABLE U,1.0
6930,40 - 44,HSN,39.98,42.98,30.0,0.0,RED INTERNET & PHONE CABLE U,0.0
6931,30 - 34,KBW,44.99,39.98,30.0,0.0,RED INTERNET & PHONE CABLE U,0.0
6932,35 - 39,KBW,44.99,39.99,30.0,0.0,VF RIP U-TREUE,0.0
6933,40 - 44,KBW,44.99,44.98,30.0,0.0,VF CABLEMAX,1.0
6934,25 - 29,HSN,39.99,44.98,30.0,0.0,RED INTERNET & PHONE CABLE U,1.0
6935,35 - 39,NRW,39.99,39.99,30.0,0.0,RED INTERNET & PHONE CABLE U,0.0
6936,55 - 59,HSN,54.99,49.97,30.0,0.0,VF RIP U-TREUE,0.0
6937,40 - 44,NRW,39.99,34.99,30.0,0.0,VF RIP U-TREUE,1.0
6938,25 - 29,KBW,39.98,44.94,30.0,0.0,VF RIP U-TREUE,0.0
6939,30 - 34,KBW,49.99,34.99,30.0,0.0,RED INTERNET & PHONE CABLE U,0.0
6940,30 - 34,NRW,44.97,27.98,30.0,0.0,RED INTERNET & PHONE CABLE U,1.0
6941,70 - 74,NRW,39.99,49.98,30.0,0.0,RED INTERNET & PHONE CABLE U,0.0
6942,40 - 44,HSN,44.99,34.98,30.0,0.0,GIGAZUHAUSE KABEL,1.0
6943,40 - 44,NRW,39.98,49.98,30.0,0.0,RED INTERNET & PHONE CABLE U,1.0
6944,35 - 39,KBW,39.98,44.97,30.0,0.0,RED INTERNET & PHONE CABLE U,1.0
6945,30 - 34,HSN,44.99,44.99,30.0,0.0,VF RIP U-TREUE,1.0
6946,65 - 69,NRW,39.99,44.99,30.0,0.0,VF RIP U-TREUE,0.0
6947,30 - 34,KBW,34.99,34.97,30.0,0.0,RED INTERNET & PHONE CABLE U,1.0
6948,30 - 34,KBW,29.98,39.98,30.0,0.0,RED INTERNET & PHONE CABLE U,0.0
6949,45 - 49,NRW,37.98,39.99,30.0,0.0,RED INTERNET & PHONE CABLE U,0.0
6950,35 - 39,NRW,39.99,49.96,30.0,0.0,GIGAZUHAUSE KABEL,0.0
6951,70 - 74,NRW,44.98,34.98,30.0,0.0,VF RIP U-TREUE,0.0
6952,55 - 59,NRW,34.98,39.98,30.0,0.0,VF RIP U-TREUE,0.0
6953,60 - 64,NRW,29.99,44.99,30.0,0.0,VF CABLEMAX,0.0
6954,25 - 29,KBW,49.99,34.99,30.0,0.0,VF RIP U-TREUE,0.0
6955,30 - 34,HSN,34.99,44.98,30.0,0.0,RED INTERNET & PHONE CABLE U,1.0
6956,30 - 34,NRW,34.99,49.99,30.0,0.0,RED INTERNET & PHONE CABLE U,1.0
6957,60 - 64,HSN,69.98,58.99,30.0,0.0,VF CABLEMAX,1.0
6958,35 - 39,KBW,39.99,39.99,698.0,0.0,VF RIP U-TREUE,0.0
6959,45 - 49,NRW,44.98,44.98,30.0,0.0,VF CABLEMAX,0.0
6960,35 - 39,KBW,39.99,44.97,30.0,0.0,RED INTERNET & PHONE CABLE U,0.0
6961,40 - 44,NRW,34.99,39.99,30.0,0.0,RED INTERNET & PHONE CABLE U,1.0
6962,35 - 39,KBW,54.98,44.99,30.0,0.0,VF RIP U-TREUE,1.0
6963,45 - 49,KBW,71.99,34.98,30.0,0.0,VF RIP U-TREUE,1.0
6964,55 - 59,NRW,39.98,39.98,30.0,0.0,RED INTERNET & PHONE CABLE U,1.0
6965,55 - 59,KBW,44.98,29.99,30.0,0.0,VF RIP U-TREUE,0.0
6966,50 - 54,NRW,44.98,44.99,30.0,0.0,GIGAZUHAUSE KABEL,1.0
6967,45 - 49,NRW,39.98,49.99,30.0,0.0,GIGAZUHAUSE KABEL,0.0
6968,35 - 39,KBW,44.98,44.98,30.0,0.0,RED INTERNET & PHONE CABLE U,1.0
6969,55 - 59,HSN,27.98,44.98,30.0,0.0,RED INTERNET & PHONE CABLE U,0.0
6970,45 - 49,NRW,34.99,34.98,30.0,0.0,VF RIP U-TREUE,1.0
6971,35 - 39,NRW,39.99,39.99,30.0,0.0,RED INTERNET & PHONE CABLE U,0.0
6972,30 - 34,KBW,49.98,44.98,30.0,0.0,RED INTERNET & PHONE CABLE U,0.0
6973,35 - 39,HSN,44.99,44.98,30.0,0.0,VF RIP U-TREUE,1.0
6974,35 - 39,KBW,44.98,39.98,30.0,0.0,RED INTERNET & PHONE CABLE U,0.0
6975,35 - 39,NRW,29.98,44.98,30.0,0.0,RED INTERNET & PHONE CABLE U,1.0
6976,18 - 24,NRW,29.99,39.99,30.0,0.0,RED INTERNET & PHONE CABLE U,1.0
6977,35 - 39,KBW,39.99,29.98,30.0,0.0,RED INTERNET & PHONE CABLE U,0.0
6978,30 - 34,HSN,39.98,34.98,30.0,0.0,VF RIP U-TREUE,1.0
6979,40 - 44,NRW,44.98,44.99,30.0,0.0,RED INTERNET & PHONE CABLE U,1.0
6980,35 - 39,KBW,29.99,44.98,30.0,0.0,VF CABLEMAX,1.0
6981,55 - 59,NRW,34.98,49.99,30.0,0.0,RED INTERNET & PHONE CABLE U,1.0
6982,25 - 29,NRW,44.98,34.99,30.0,0.0,VF CABLEMAX,1.0
6983,45 - 49,KBW,39.97,39.99,30.0,0.0,RED INTERNET & PHONE CABLE U,1.0
6984,60 - 64,NRW,44.99,54.99,30.0,0.0,RED INTERNET & PHONE CABLE U,0.0
6985,25 - 29,KBW,44.99,29.98,30.0,0.0,VF RIP U-TREUE,1.0
6986,25 - 29,KBW,44.99,44.98,30.0,0.0,RED INTERNET & PHONE CABLE U,0.0
6987,30 - 34,KBW,49.99,37.99,30.0,0.0,VF CABLEMAX,1.0
6988,35 - 39,HSN,29.98,44.99,30.0,0.0,RED INTERNET & PHONE CABLE U,0.0
6989,25 - 29,KBW,44.99,37.99,30.0,0.0,VF RIP U-TREUE,0.0
6990,60 - 64,NRW,34.99,39.97,30.0,0.0,VF RIP U-TREUE,0.0
6991,30 - 34,NRW,44.98,34.99,30.0,0.0,RED INTERNET & PHONE CABLE U,1.0
6992,35 - 39,KBW,44.99,39.99,30.0,0.0,GIGAZUHAUSE KABEL,0.0
6993,25 - 29,KBW,29.98,44.97,30.0,0.0,GIGAZUHAUSE KABEL,0.0
6994,60 - 64,NRW,42.99,29.99,30.0,0.0,VF RIP U-TREUE,0.0
6995,35 - 39,NRW,37.98,44.98,30.0,0.0,VF CABLEMAX,0.0
6996,40 - 44,NRW,29.99,29.98,30.0,0.0,VF RIP U-TREUE,1.0
6997,30 - 34,NRW,49.97,39.98,30.0,0.0,GIGAZUHAUSE KABEL,0.0
6998,25 - 29,NRW,34.99,39.99,30.0,0.0,RED INTERNET & PHONE CABLE U,1.0
6999,35 - 39,NRW,39.99,47.98,30.0,0.0,GIGAZUHAUSE KABEL,1.0
7000,30 - 34,NRW,39.97,44.98,30.0,0.0,VF RIP U-TREUE,0.0
7001,60 - 64,HSN,44.98,34.99,30.0,0.0,RED INTERNET & PHONE CABLE U,1.0
7002,60 - 64,NRW,34.99,32.98,30.0,0.0,VF CABLEMAX,0.0
7003,40 - 44,KBW,39.99,34.98,30.0,0.0,RED INTERNET & PHONE CABLE U,0.0
7004,60 - 64,KBW,34.98,39.98,30.0,0.0,RED INTERNET & PHONE CABLE U,1.0
7005,25 - 29,NRW,32.99,34.99,30.0,0.0,GIGAZUHAUSE KABEL,1.0
7006,30 - 34,NRW,39.98,39.98,30.0,1.0,VF CABLEMAX,1.0
7007,50 - 54,KBW,49.98,54.98,30.0,0.0,RED INTERNET & PHONE CABLE U,0.0
7008,30 - 34,KBW,44.99,44.99,30.0,0.0,RED INTERNET & PHONE CABLE U,0.0
7009,60 - 64,KBW,44.98,39.98,30.0,0.0,VF CABLEMAX,1.0
7010,35 - 39,KBW,34.98,39.99,30.0,0.0,RED INTERNET & PHONE CABLE U,1.0
7011,55 - 59,NRW,34.98,42.98,30.0,0.0,VF RIP U-TREUE,1.0
7012,40 - 44,KBW,39.99,39.99,30.0,0.0,RED INTERNET & PHONE CABLE U,1.0
7013,55 - 59,NRW,44.98,29.99,30.0,0.0,RED INTERNET & PHONE CABLE U,0.0
7014,30 - 34,NRW,39.98,39.99,30.0,0.0,RED INTERNET & PHONE CABLE U,1.0
7015,40 - 44,NRW,34.99,39.99,30.0,0.0,VF CABLEMAX,0.0
7016,25 - 29,KBW,39.99,44.98,30.0,0.0,GIGAZUHAUSE KABEL,1.0
7017,35 - 39,NRW,37.99,39.99,30.0,0.0,RED INTERNET & PHONE CABLE U,0.0
7018,35 - 39,HSN,49.98,39.99,30.0,0.0,RED INTERNET & PHONE CABLE U,1.0
7019,40 - 44,HSN,44.99,34.99,30.0,0.0,RED INTERNET & PHONE CABLE U,0.0
7020,40 - 44,NRW,39.98,44.97,30.0,0.0,RED INTERNET & PHONE CABLE U,0.0
7021,35 - 39,NRW,44.98,43.98,30.0,0.0,VF RIP U-TREUE,1.0
7022,45 - 49,KBW,54.98,34.98,30.0,0.0,RED INTERNET & PHONE CABLE U,0.0
7023,30 - 34,NRW,44.99,39.99,30.0,0.0,RED INTERNET & PHONE CABLE U,1.0
7024,30 - 34,NRW,39.98,54.99,30.0,0.0,RED INTERNET & PHONE CABLE U,0.0
7025,30 - 34,KBW,39.98,44.98,30.0,0.0,VF RIP U-TREUE,0.0
7026,30 - 34,KBW,47.99,39.98,30.0,0.0,VF RIP U-TREUE,0.0
7028,25 - 29,KBW,44.98,44.98,30.0,0.0,GIGAZUHAUSE KABEL,0.0
7029,60 - 64,NRW,37.99,44.99,30.0,0.0,VF RIP U-TREUE,0.0
7030,45 - 49,HSN,39.99,42.99,30.0,0.0,GIGAZUHAUSE KABEL,0.0
7031,45 - 49,KBW,37.99,34.99,30.0,0.0,RED INTERNET & PHONE CABLE U,1.0
7032,45 - 49,NRW,34.98,44.98,30.0,0.0,RED INTERNET & PHONE CABLE U,1.0
7033,25 - 29,NRW,44.98,39.99,30.0,0.0,RED INTERNET & PHONE CABLE U,1.0
7034,60 - 64,NRW,24.99,44.98,30.0,0.0,RED INTERNET & PHONE CABLE U,1.0
7035,50 - 54,NRW,39.99,39.98,30.0,0.0,RED INTERNET & PHONE CABLE U,0.0
7036,50 - 54,KBW,44.98,34.99,30.0,0.0,RED INTERNET & PHONE CABLE U,1.0
7037,35 - 39,NRW,34.98,29.99,30.0,0.0,VF RIP U-TREUE,1.0
7038,25 - 29,HSN,54.98,39.98,5.0,0.0,RED INTERNET & PHONE CABLE U,0.0
7039,35 - 39,NRW,39.98,39.99,30.0,0.0,VF RIP U-TREUE,0.0
7040,25 - 29,NRW,44.98,64.99,30.0,0.0,RED INTERNET & PHONE CABLE U,0.0
7041,25 - 29,HSN,39.99,44.98,30.0,0.0,RED INTERNET & PHONE CABLE U,0.0
7042,35 - 39,NRW,34.98,39.98,30.0,0.0,VF CABLEMAX,1.0
7043,18 - 24,NRW,39.99,32.99,30.0,0.0,RED INTERNET & PHONE CABLE U,1.0
7044,55 - 59,NRW,44.99,39.98,30.0,0.0,VF RIP U-TREUE,1.0
7045,25 - 29,NRW,39.98,34.99,30.0,0.0,VF CABLEMAX,0.0
7046,25 - 29,NRW,44.97,39.99,30.0,0.0,RED INTERNET & PHONE CABLE U,1.0
7047,65 - 69,NRW,39.99,29.98,30.0,0.0,RED INTERNET & PHONE CABLE U,0.0
7048,35 - 39,HSN,42.99,29.97,30.0,0.0,GIGAZUHAUSE KABEL,1.0
7049,25 - 29,KBW,34.99,44.99,30.0,0.0,RED INTERNET & PHONE CABLE U,0.0
7050,35 - 39,HSN,34.96,39.99,30.0,0.0,RED INTERNET & PHONE CABLE U,0.0
7051,50 - 54,NRW,34.98,44.98,30.0,0.0,VF RIP U-TREUE,1.0
7052,35 - 39,NRW,29.99,49.99,30.0,0.0,RED INTERNET & PHONE CABLE U,0.0
7053,30 - 34,NRW,39.98,49.99,30.0,0.0,RED INTERNET & PHONE CABLE U,0.0
7054,50 - 54,NRW,44.97,44.99,6.0,0.0,RED INTERNET & PHONE CABLE U,1.0
7055,45 - 49,NRW,34.98,54.98,30.0,0.0,RED INTERNET & PHONE CABLE U,1.0
7056,35 - 39,NRW,39.99,49.99,30.0,0.0,RED INTERNET & PHONE CABLE U,1.0
7057,35 - 39,NRW,34.98,29.98,30.0,0.0,RED INTERNET & PHONE CABLE U,0.0
7058,35 - 39,NRW,54.99,39.99,30.0,0.0,GIGAZUHAUSE KABEL,1.0
7059,55 - 59,KBW,54.97,29.99,30.0,0.0,RED INTERNET & PHONE CABLE U,1.0
7060,60 - 64,KBW,37.99,34.98,30.0,0.0,RED INTERNET & PHONE CABLE U,1.0
7061,30 - 34,NRW,44.99,44.99,30.0,0.0,VF CABLEMAX,0.0
7062,35 - 39,HSN,44.98,39.98,30.0,0.0,GIGAZUHAUSE KABEL,0.0
7063,35 - 39,KBW,37.98,39.98,30.0,0.0,VF RIP U-TREUE,1.0
7064,50 - 54,NRW,34.99,49.99,30.0,0.0,RED INTERNET & PHONE CABLE U,0.0
7065,25 - 29,NRW,37.99,34.98,30.0,0.0,RED INTERNET & PHONE CABLE U,0.0
7066,30 - 34,HSN,44.99,39.98,30.0,0.0,RED INTERNET & PHONE CABLE U,1.0
7067,40 - 44,NRW,39.99,34.99,30.0,0.0,VF RIP U-TREUE,1.0
7068,35 - 39,NRW,49.99,34.97,30.0,0.0,VF RIP U-TREUE,0.0
7069,35 - 39,KBW,34.99,49.99,30.0,0.0,RED INTERNET & PHONE CABLE U,0.0
7070,35 - 39,NRW,44.99,49.98,30.0,0.0,VF RIP U-TREUE,0.0
7071,40 - 44,NRW,34.98,44.98,30.0,0.0,VF CABLEMAX,1.0
7072,18 - 24,NRW,39.98,34.99,30.0,0.0,VF CABLEMAX,0.0
7073,55 - 59,KBW,39.99,39.99,30.0,0.0,VF CABLEMAX,0.0
7074,45 - 49,HSN,44.99,44.99,30.0,0.0,VF CABLEMAX,0.0
7075,30 - 34,NRW,54.98,44.98,30.0,0.0,RED INTERNET & PHONE CABLE U,0.0
7076,30 - 34,KBW,34.98,39.97,30.0,0.0,VF RIP U-TREUE,1.0
7077,60 - 64,KBW,44.99,44.98,30.0,0.0,RED INTERNET & PHONE CABLE U,1.0
7078,30 - 34,HSN,44.98,34.99,30.0,0.0,RED INTERNET & PHONE CABLE U,1.0
7079,35 - 39,KBW,49.98,59.99,30.0,0.0,RED INTERNET & PHONE CABLE U,0.0
7080,40 - 44,KBW,39.99,39.97,30.0,0.0,RED INTERNET & PHONE CABLE U,0.0
7081,60 - 64,KBW,39.98,44.98,30.0,0.0,RED INTERNET & PHONE CABLE U,0.0
7082,35 - 39,NRW,34.98,34.99,30.0,0.0,VF RIP U-TREUE,1.0
7083,45 - 49,HSN,44.99,42.99,30.0,0.0,VF RIP U-TREUE,1.0
7084,60 - 64,KBW,44.98,39.98,30.0,0.0,VF CABLEMAX,1.0
7085,45 - 49,HSN,44.98,44.99,30.0,0.0,VF CABLEMAX,0.0
7086,40 - 44,NRW,39.98,44.98,30.0,0.0,RED INTERNET & PHONE CABLE U,0.0
7087,35 - 39,KBW,39.98,37.99,30.0,0.0,RED INTERNET & PHONE CABLE U,1.0
7088,30 - 34,NRW,44.98,39.99,30.0,0.0,VF RIP U-TREUE,1.0
7089,30 - 34,KBW,37.99,39.99,30.0,0.0,VF CABLEMAX,1.0
7090,55 - 59,HSN,44.99,32.98,30.0,0.0,RED INTERNET & PHONE CABLE U,0.0
7091,35 - 39,KBW,44.99,34.97,30.0,0.0,VF RIP U-TREUE,0.0
7092,80 and over,KBW,44.99,44.98,30.0,0.0,GIGAZUHAUSE KABEL,0.0
7093,35 - 39,HSN,49.99,44.99,30.0,0.0,RED INTERNET & PHONE CABLE U,1.0
7094,55 - 59,NRW,49.99,34.99,30.0,0.0,RED INTERNET & PHONE CABLE U,0.0
7095,55 - 59,NRW,39.99,34.99,30.0,0.0,RED INTERNET & PHONE CABLE U,0.0
7096,25 - 29,KBW,34.98,39.98,30.0,0.0,RED INTERNET & PHONE CABLE U,1.0
7097,40 - 44,KBW,39.98,49.98,30.0,0.0,RED INTERNET & PHONE CABLE U,1.0
7098,35 - 39,KBW,29.98,44.98,30.0,1.0,VF RIP U-TREUE,0.0
7099,35 - 39,NRW,44.98,34.97,30.0,0.0,RED INTERNET & PHONE CABLE U,1.0
7100,30 - 34,HSN,34.99,44.98,30.0,0.0,RED INTERNET & PHONE CABLE U,1.0
7101,35 - 39,NRW,44.99,44.99,30.0,0.0,RED INTERNET & PHONE CABLE U,0.0
7102,18 - 24,NRW,39.98,49.99,30.0,0.0,RED INTERNET & PHONE CABLE U,0.0
7103,25 - 29,NRW,44.98,39.99,30.0,0.0,RED INTERNET & PHONE CABLE U,1.0
7104,35 - 39,NRW,39.98,39.97,30.0,0.0,VF RIP U-TREUE,0.0
7105,70 - 74,NRW,39.99,39.99,30.0,0.0,GIGAZUHAUSE KABEL,0.0
7106,25 - 29,KBW,44.99,44.99,30.0,0.0,RED INTERNET & PHONE CABLE U,0.0
7107,40 - 44,NRW,44.99,49.99,30.0,0.0,VF CABLEMAX,0.0
7108,40 - 44,NRW,39.99,39.98,30.0,0.0,RED INTERNET & PHONE CABLE U,0.0
7109,40 - 44,NRW,39.99,39.98,30.0,0.0,RED INTERNET & PHONE CABLE U,0.0
7110,35 - 39,KBW,39.99,49.98,30.0,0.0,VF RIP U-TREUE,1.0
7111,25 - 29,NRW,34.98,49.99,6.0,0.0,VF RIP U-TREUE,0.0
7112,50 - 54,KBW,44.99,44.98,30.0,0.0,GIGAZUHAUSE KABEL,1.0
7113,40 - 44,NRW,44.99,39.98,30.0,0.0,RED INTERNET & PHONE CABLE U,1.0
7114,55 - 59,NRW,44.98,42.98,30.0,0.0,RED INTERNET & PHONE CABLE U,0.0
7115,45 - 49,KBW,62.96,44.97,30.0,0.0,RED INTERNET & PHONE CABLE U,1.0
7116,35 - 39,NRW,49.99,49.98,30.0,0.0,GIGAZUHAUSE KABEL,1.0
7117,30 - 34,NRW,39.99,49.98,30.0,0.0,RED INTERNET & PHONE CABLE U,0.0
7118,60 - 64,HSN,34.98,44.98,30.0,0.0,VF RIP U-TREUE,1.0
7119,65 - 69,KBW,29.99,39.99,30.0,0.0,RED INTERNET & PHONE CABLE U,0.0
7120,60 - 64,NRW,39.99,39.99,30.0,0.0,VF RIP U-TREUE,1.0
7121,40 - 44,KBW,44.99,39.98,30.0,0.0,VF CABLEMAX,0.0
7122,35 - 39,KBW,39.98,44.98,30.0,0.0,RED INTERNET & PHONE CABLE U,1.0
7123,25 - 29,HSN,39.98,37.99,30.0,0.0,VF CABLEMAX,0.0
7124,55 - 59,HSN,34.97,39.98,30.0,0.0,VF RIP U-TREUE,1.0
7125,55 - 59,NRW,34.98,44.99,30.0,0.0,VF RIP U-TREUE,1.0
7126,60 - 64,HSN,39.99,34.99,30.0,0.0,RED INTERNET & PHONE CABLE U,1.0
7127,35 - 39,HSN,34.99,44.99,30.0,0.0,VF RIP U-TREUE,0.0
7128,35 - 39,NRW,29.99,39.99,30.0,0.0,VF CABLEMAX,1.0
7129,40 - 44,KBW,34.98,49.99,30.0,0.0,RED INTERNET & PHONE CABLE U,0.0
7130,40 - 44,HSN,44.99,44.99,30.0,0.0,VF RIP U-TREUE,0.0
7131,40 - 44,NRW,29.98,39.98,30.0,0.0,VF RIP U-TREUE,1.0
7132,35 - 39,KBW,44.99,49.99,30.0,0.0,RED INTERNET & PHONE CABLE U,1.0
7133,40 - 44,KBW,49.97,29.99,30.0,1.0,RED INTERNET & PHONE CABLE U,0.0
7134,40 - 44,NRW,39.99,34.99,30.0,0.0,RED INTERNET & PHONE CABLE U,0.0
7135,80 and over,KBW,44.99,44.98,30.0,0.0,VF CABLEMAX,1.0
7136,50 - 54,NRW,34.98,34.99,30.0,0.0,GIGAZUHAUSE KABEL,0.0
7137,25 - 29,KBW,34.99,34.99,30.0,0.0,VF CABLEMAX,0.0
7138,25 - 29,KBW,39.99,42.99,30.0,0.0,VF RIP U-TREUE,0.0
7139,40 - 44,NRW,44.99,37.99,30.0,0.0,VF CABLEMAX,1.0
7140,35 - 39,NRW,39.99,44.99,30.0,0.0,VF RIP U-TREUE,1.0
7141,40 - 44,KBW,29.98,34.99,30.0,0.0,RED INTERNET & PHONE CABLE U,0.0
7142,35 - 39,NRW,34.99,44.97,30.0,0.0,VF RIP U-TREUE,0.0
7143,30 - 34,NRW,34.99,32.98,30.0,0.0,RED INTERNET & PHONE CABLE U,1.0
7144,70 - 74,NRW,44.98,39.99,30.0,0.0,VF RIP U-TREUE,1.0
7145,35 - 39,NRW,44.98,39.99,30.0,0.0,RED INTERNET & PHONE CABLE U,1.0
7146,25 - 29,KBW,44.99,34.99,30.0,0.0,VF CABLEMAX,1.0
7147,70 - 74,NRW,29.99,43.99,30.0,0.0,VF RIP U-TREUE,1.0
7148,30 - 34,KBW,34.99,39.99,30.0,0.0,RED INTERNET & PHONE CABLE U,1.0
7149,50 - 54,NRW,45.99,58.99,30.0,0.0,VF CABLEMAX,1.0
7150,35 - 39,KBW,54.99,54.98,30.0,0.0,VF RIP U-TREUE,1.0
7151,35 - 39,KBW,44.99,44.99,30.0,0.0,VF RIP U-TREUE,1.0
7152,35 - 39,NRW,29.98,48.99,30.0,0.0,RED INTERNET & PHONE CABLE U,0.0
7153,60 - 64,NRW,44.99,39.99,30.0,0.0,VF RIP U-TREUE,1.0
7154,30 - 34,KBW,39.98,39.98,30.0,0.0,GIGAZUHAUSE KABEL,1.0
7155,55 - 59,KBW,34.98,44.99,30.0,0.0,RED INTERNET & PHONE CABLE U,1.0
7156,70 - 74,NRW,39.98,44.99,30.0,0.0,VF RIP U-TREUE,0.0
7157,35 - 39,NRW,34.99,49.99,30.0,0.0,RED INTERNET & PHONE CABLE U,1.0
7158,35 - 39,HSN,39.99,34.99,30.0,0.0,GIGAZUHAUSE KABEL,0.0
7159,50 - 54,KBW,37.98,32.96,30.0,0.0,VF CABLEMAX,0.0
7160,45 - 49,HSN,58.99,29.98,30.0,0.0,VF CABLEMAX,1.0
7161,35 - 39,HSN,49.98,34.99,30.0,0.0,RED INTERNET & PHONE CABLE U,1.0
7162,55 - 59,HSN,34.99,39.99,30.0,0.0,GIGAZUHAUSE KABEL,0.0
7163,65 - 69,KBW,44.98,44.99,30.0,0.0,VF RIP U-TREUE,0.0
7164,35 - 39,NRW,44.99,34.99,30.0,0.0,RED INTERNET & PHONE CABLE U,1.0
7165,55 - 59,KBW,44.99,44.99,30.0,0.0,VF CABLEMAX,0.0
7166,25 - 29,KBW,34.99,39.99,30.0,0.0,RED INTERNET & PHONE CABLE U,0.0
7167,55 - 59,NRW,39.98,44.98,30.0,0.0,VF RIP U-TREUE,1.0
7168,25 - 29,NRW,44.98,39.99,30.0,0.0,VF RIP U-TREUE,1.0
7169,45 - 49,NRW,44.98,39.98,30.0,0.0,RED INTERNET & PHONE CABLE U,0.0
7170,30 - 34,NRW,39.99,42.98,30.0,0.0,VF CABLEMAX,1.0
7171,65 - 69,NRW,49.99,34.99,30.0,0.0,RED INTERNET & PHONE CABLE U,1.0
7172,35 - 39,HSN,44.98,39.98,30.0,0.0,RED INTERNET & PHONE CABLE U,1.0
7173,30 - 34,NRW,54.98,39.98,30.0,0.0,RED INTERNET & PHONE CABLE U,1.0
7174,50 - 54,KBW,44.98,37.99,30.0,0.0,VF RIP U-TREUE,0.0
7175,25 - 29,NRW,44.98,39.99,30.0,0.0,RED INTERNET & PHONE CABLE U,1.0
7176,25 - 29,NRW,29.98,44.98,30.0,0.0,VF RIP U-TREUE,0.0
7177,25 - 29,NRW,32.98,39.98,30.0,0.0,RED INTERNET & PHONE CABLE U,0.0
7178,25 - 29,KBW,34.98,39.98,30.0,0.0,RED INTERNET & PHONE CABLE U,0.0
7179,55 - 59,NRW,44.99,42.99,30.0,0.0,GIGAZUHAUSE KABEL,0.0
7180,80 and over,HSN,49.99,44.97,30.0,0.0,RED INTERNET & PHONE CABLE U,0.0
7181,35 - 39,NRW,44.99,44.99,30.0,0.0,RED INTERNET & PHONE CABLE U,0.0
7182,30 - 34,NRW,49.98,44.99,30.0,0.0,RED INTERNET & PHONE CABLE U,1.0
7183,55 - 59,NRW,39.99,32.99,30.0,0.0,VF CABLEMAX,0.0
7184,40 - 44,KBW,44.99,34.99,30.0,0.0,RED INTERNET & PHONE CABLE U,1.0
7185,60 - 64,NRW,44.99,49.99,30.0,0.0,VF RIP U-TREUE,0.0
7186,40 - 44,NRW,49.99,39.99,30.0,0.0,VF CABLEMAX,0.0
7187,40 - 44,HSN,44.99,42.98,30.0,0.0,RED INTERNET & PHONE CABLE U,0.0
7188,35 - 39,KBW,19.99,39.98,30.0,0.0,RED INTERNET & PHONE CABLE U,0.0
7189,70 - 74,KBW,34.99,44.98,30.0,0.0,RED INTERNET & PHONE CABLE U,1.0
7190,55 - 59,NRW,44.98,39.99,30.0,0.0,RED INTERNET & PHONE CABLE U,0.0
7191,30 - 34,NRW,54.98,39.98,30.0,0.0,VF CABLEMAX,0.0
7192,35 - 39,NRW,44.96,42.98,30.0,0.0,RED INTERNET & PHONE CABLE U,1.0
7193,60 - 64,NRW,34.99,34.99,30.0,0.0,RED INTERNET & PHONE CABLE U,0.0
7194,18 - 24,NRW,34.98,39.99,30.0,0.0,GIGAZUHAUSE KABEL,0.0
7195,60 - 64,KBW,29.99,39.98,30.0,0.0,VF CABLEMAX,0.0
7196,40 - 44,HSN,44.99,39.98,30.0,0.0,RED INTERNET & PHONE CABLE U,1.0
7197,30 - 34,NRW,39.99,42.98,30.0,0.0,RED INTERNET & PHONE CABLE U,0.0
7198,45 - 49,HSN,39.98,39.99,30.0,0.0,RED INTERNET & PHONE CABLE U,0.0
7199,30 - 34,KBW,44.98,39.98,30.0,0.0,RED INTERNET & PHONE CABLE U,1.0
7200,25 - 29,NRW,34.98,34.98,30.0,0.0,RED INTERNET & PHONE CABLE U,0.0
7201,35 - 39,NRW,49.99,44.99,30.0,0.0,RED INTERNET & PHONE CABLE U,1.0
7202,40 - 44,NRW,34.99,39.98,30.0,0.0,RED INTERNET & PHONE CABLE U,1.0
7203,35 - 39,KBW,32.98,44.98,30.0,0.0,VF RIP U-TREUE,0.0
7204,25 - 29,HSN,37.99,39.98,30.0,0.0,VF RIP U-TREUE,0.0
7205,35 - 39,KBW,39.99,44.99,30.0,0.0,RED INTERNET & PHONE CABLE U,1.0
7206,45 - 49,KBW,34.99,44.99,30.0,0.0,VF CABLEMAX,1.0
7207,50 - 54,NRW,34.99,29.99,30.0,0.0,RED INTERNET & PHONE CABLE U,0.0
7208,25 - 29,NRW,34.99,34.99,30.0,0.0,RED INTERNET & PHONE CABLE U,1.0
7209,35 - 39,NRW,34.99,34.99,30.0,0.0,RED INTERNET & PHONE CABLE U,0.0
7210,55 - 59,NRW,39.99,49.98,30.0,0.0,RED INTERNET & PHONE CABLE U,0.0
7211,35 - 39,NRW,39.98,39.97,30.0,0.0,VF RIP U-TREUE,0.0
7212,30 - 34,KBW,44.99,49.99,30.0,0.0,GIGAZUHAUSE KABEL,1.0
7213,40 - 44,NRW,44.98,39.97,30.0,0.0,VF CABLEMAX,0.0
7214,55 - 59,KBW,49.98,32.99,30.0,0.0,RED INTERNET & PHONE CABLE U,0.0
7215,25 - 29,KBW,42.98,44.98,30.0,0.0,RED INTERNET & PHONE CABLE U,0.0
7216,60 - 64,NRW,42.99,32.99,30.0,0.0,RED INTERNET & PHONE CABLE U,0.0
7217,30 - 34,NRW,34.99,44.98,30.0,0.0,RED INTERNET & PHONE CABLE U,1.0
7218,70 - 74,NRW,44.99,34.98,30.0,0.0,RED INTERNET & PHONE CABLE U,0.0
7219,50 - 54,NRW,44.99,29.99,30.0,0.0,RED INTERNET & PHONE CABLE U,0.0
7220,45 - 49,NRW,44.99,34.99,12.0,0.0,RED INTERNET & PHONE CABLE U,0.0
7221,40 - 44,NRW,39.99,44.98,30.0,0.0,VF CABLEMAX,0.0
7222,35 - 39,NRW,49.99,44.99,30.0,0.0,RED INTERNET & PHONE CABLE U,1.0
7223,25 - 29,NRW,44.99,39.99,30.0,0.0,RED INTERNET & PHONE CABLE U,0.0
7224,40 - 44,HSN,34.99,39.98,30.0,0.0,VF RIP U-TREUE,1.0
7225,35 - 39,NRW,44.98,39.98,30.0,0.0,RED INTERNET & PHONE CABLE U,0.0
7226,40 - 44,NRW,39.99,54.99,30.0,0.0,RED INTERNET & PHONE CABLE U,0.0
7227,35 - 39,NRW,44.99,44.98,30.0,0.0,VF RIP U-TREUE,0.0
7228,60 - 64,NRW,39.98,29.99,30.0,0.0,RED INTERNET & PHONE CABLE U,1.0
7229,35 - 39,KBW,39.97,39.99,30.0,0.0,RED INTERNET & PHONE CABLE U,1.0
7230,25 - 29,NRW,44.99,34.99,30.0,0.0,VF CABLEMAX,0.0
7231,35 - 39,NRW,44.99,44.98,30.0,0.0,RED INTERNET & PHONE CABLE U,1.0
7232,30 - 34,KBW,34.99,34.98,30.0,0.0,VF RIP U-TREUE,0.0
7233,18 - 24,NRW,34.99,39.99,30.0,0.0,GIGAZUHAUSE KABEL,1.0
7234,30 - 34,NRW,44.99,34.98,30.0,0.0,RED INTERNET & PHONE CABLE U,1.0
7235,30 - 34,KBW,49.98,44.99,30.0,0.0,VF CABLEMAX,0.0
7236,60 - 64,NRW,39.99,24.98,30.0,0.0,RED INTERNET & PHONE CABLE U,1.0
7237,35 - 39,KBW,34.97,34.99,30.0,0.0,RED INTERNET & PHONE CABLE U,1.0
7238,35 - 39,NRW,44.98,44.98,30.0,0.0,RED INTERNET & PHONE CABLE U,0.0
7239,40 - 44,NRW,39.98,39.99,30.0,0.0,VF CABLEMAX,0.0
7240,25 - 29,NRW,6.99,44.99,30.0,0.0,VF CABLEMAX,0.0
7241,30 - 34,NRW,39.99,44.99,30.0,0.0,RED INTERNET & PHONE CABLE U,1.0
7242,60 - 64,NRW,44.99,27.99,30.0,0.0,RED INTERNET & PHONE CABLE U,0.0
7243,35 - 39,NRW,34.99,44.98,30.0,0.0,VF RIP U-TREUE,0.0
7244,30 - 34,KBW,34.99,44.99,30.0,0.0,RED INTERNET & PHONE CABLE U,0.0
7245,40 - 44,KBW,34.99,34.98,30.0,0.0,RED INTERNET & PHONE CABLE U,1.0
7246,35 - 39,NRW,49.99,35.99,30.0,0.0,VF RIP U-TREUE,0.0
7247,40 - 44,KBW,44.97,34.98,30.0,0.0,GIGAZUHAUSE KABEL,0.0
7248,30 - 34,NRW,44.98,44.99,30.0,0.0,VF RIP U-TREUE,0.0
7249,35 - 39,NRW,29.99,49.97,30.0,0.0,RED INTERNET & PHONE CABLE U,1.0
7250,40 - 44,NRW,44.99,39.99,30.0,0.0,RED INTERNET & PHONE CABLE U,1.0
7251,35 - 39,KBW,44.99,39.98,30.0,0.0,RED INTERNET & PHONE CABLE U,0.0
7252,25 - 29,KBW,39.97,42.98,30.0,0.0,RED INTERNET & PHONE CABLE U,1.0
7253,50 - 54,KBW,34.99,34.99,30.0,0.0,RED INTERNET & PHONE CABLE U,0.0
7254,18 - 24,NRW,39.98,39.99,30.0,0.0,VF RIP U-TREUE,0.0
7255,55 - 59,NRW,39.97,39.99,30.0,0.0,RED INTERNET & PHONE CABLE U,0.0
7256,55 - 59,KBW,49.97,49.98,30.0,0.0,RED INTERNET & PHONE CABLE U,0.0
7257,30 - 34,NRW,39.97,39.99,30.0,0.0,RED INTERNET & PHONE CABLE U,1.0
7258,18 - 24,NRW,44.99,44.99,30.0,0.0,RED INTERNET & PHONE CABLE U,1.0
7259,35 - 39,NRW,49.99,39.98,30.0,0.0,GIGAZUHAUSE KABEL,0.0
7260,55 - 59,NRW,39.98,39.99,30.0,0.0,VF RIP U-TREUE,1.0
7261,50 - 54,KBW,44.98,39.99,30.0,0.0,VF RIP U-TREUE,0.0
7262,45 - 49,KBW,39.99,44.99,30.0,0.0,RED INTERNET & PHONE CABLE U,1.0
7263,35 - 39,NRW,24.99,39.98,30.0,0.0,RED INTERNET & PHONE CABLE U,0.0
7264,40 - 44,NRW,34.99,44.99,30.0,0.0,RED INTERNET & PHONE CABLE U,1.0
7265,40 - 44,NRW,44.99,59.97,30.0,0.0,RED INTERNET & PHONE CABLE U,0.0
7266,55 - 59,KBW,34.97,32.99,30.0,0.0,RED INTERNET & PHONE CABLE U,1.0
7267,75 - 79,HSN,39.99,54.97,30.0,0.0,VF CABLEMAX,0.0
7268,40 - 44,NRW,44.99,44.98,30.0,0.0,RED INTERNET & PHONE CABLE U,0.0
7269,60 - 64,NRW,49.98,34.97,30.0,0.0,VF CABLEMAX,1.0
7270,45 - 49,NRW,32.98,34.98,30.0,0.0,RED INTERNET & PHONE CABLE U,1.0
7271,60 - 64,NRW,49.99,44.99,30.0,1.0,RED INTERNET & PHONE CABLE U,1.0
7272,25 - 29,KBW,39.98,44.98,30.0,0.0,RED INTERNET & PHONE CABLE U,0.0
7273,35 - 39,HSN,44.99,44.97,30.0,0.0,VF RIP U-TREUE,0.0
7274,55 - 59,NRW,58.97,44.97,30.0,0.0,GIGAZUHAUSE KABEL,1.0
7275,35 - 39,NRW,39.99,29.99,30.0,0.0,RED INTERNET & PHONE CABLE U,1.0
7276,25 - 29,KBW,39.98,49.98,30.0,0.0,RED INTERNET & PHONE CABLE U,1.0
7277,35 - 39,KBW,39.99,34.99,30.0,0.0,GIGAZUHAUSE KABEL,1.0
7278,35 - 39,NRW,39.99,34.99,30.0,0.0,RED INTERNET & PHONE CABLE U,1.0
7279,30 - 34,NRW,44.99,39.99,30.0,1.0,RED INTERNET & PHONE CABLE U,0.0
7280,60 - 64,NRW,34.99,39.99,30.0,0.0,RED INTERNET & PHONE CABLE U,1.0
7281,35 - 39,HSN,39.99,49.99,30.0,0.0,RED INTERNET & PHONE CABLE U,0.0
7282,50 - 54,HSN,49.98,44.99,30.0,0.0,GIGAZUHAUSE KABEL,1.0
7283,60 - 64,NRW,44.98,39.98,30.0,0.0,RED INTERNET & PHONE CABLE U,1.0
7284,50 - 54,NRW,49.99,44.98,30.0,0.0,RED INTERNET & PHONE CABLE U,0.0
7285,80 and over,KBW,39.98,44.97,30.0,0.0,VF RIP U-TREUE,0.0
7286,60 - 64,NRW,39.98,44.98,30.0,0.0,GIGAZUHAUSE TREUE B,0.0
7287,40 - 44,NRW,44.98,29.99,30.0,0.0,RED INTERNET & PHONE CABLE U,1.0
7288,45 - 49,NRW,34.98,39.98,30.0,0.0,RED INTERNET & PHONE CABLE U,0.0
7289,65 - 69,NRW,29.98,44.98,30.0,0.0,RED INTERNET & PHONE CABLE U,0.0
7290,30 - 34,NRW,39.99,32.99,30.0,0.0,VF CABLEMAX,0.0
7291,30 - 34,NRW,44.98,39.97,30.0,0.0,RED INTERNET & PHONE CABLE U,0.0
7292,40 - 44,KBW,44.99,39.99,30.0,0.0,RED INTERNET & PHONE CABLE U,0.0
7293,35 - 39,KBW,49.99,39.98,30.0,0.0,RED INTERNET & PHONE CABLE U,1.0
7294,40 - 44,NRW,39.99,44.98,30.0,0.0,VF RIP U-TREUE,0.0
7295,40 - 44,KBW,39.99,39.99,30.0,0.0,VF RIP U-TREUE,0.0
7296,35 - 39,HSN,34.98,39.98,30.0,0.0,VF CABLEMAX,0.0
7297,60 - 64,NRW,39.99,44.98,30.0,0.0,RED INTERNET & PHONE CABLE U,1.0
7298,30 - 34,NRW,39.99,39.99,30.0,0.0,VF CABLEMAX,1.0
7299,30 - 34,KBW,34.99,39.99,30.0,0.0,RED INTERNET & PHONE CABLE U,1.0
7300,35 - 39,KBW,44.98,44.99,30.0,0.0,RED INTERNET & PHONE CABLE U,1.0
7301,40 - 44,NRW,29.99,49.99,30.0,0.0,GIGAZUHAUSE KABEL,1.0
7302,60 - 64,NRW,34.98,39.97,30.0,0.0,RED INTERNET & PHONE CABLE U,0.0
7303,40 - 44,NRW,49.99,39.98,30.0,0.0,VF RIP U-TREUE,0.0
7304,35 - 39,NRW,39.98,44.99,30.0,0.0,VF RIP U-TREUE,0.0
7305,30 - 34,KBW,39.99,29.99,30.0,0.0,VF CABLEMAX,1.0
7306,55 - 59,NRW,39.98,39.99,30.0,0.0,GIGAZUHAUSE KABEL,0.0
7307,25 - 29,NRW,49.97,44.99,30.0,0.0,VF CABLEMAX,0.0
7308,40 - 44,NRW,39.99,39.99,30.0,0.0,VF RIP U-TREUE,1.0
7309,80 and over,NRW,47.98,39.99,30.0,0.0,VF CABLEMAX,0.0
7310,50 - 54,KBW,42.99,44.99,30.0,0.0,RED INTERNET & PHONE CABLE U,1.0
7311,55 - 59,NRW,44.99,49.99,30.0,0.0,RED INTERNET & PHONE CABLE U,0.0
7312,55 - 59,NRW,32.98,39.98,30.0,0.0,RED INTERNET & PHONE CABLE U,1.0
7313,35 - 39,NRW,39.99,39.99,30.0,0.0,VF RIP U-TREUE,0.0
7314,25 - 29,NRW,44.98,34.98,30.0,0.0,RED INTERNET & PHONE CABLE U,0.0
7315,35 - 39,NRW,39.99,34.99,30.0,0.0,RED INTERNET & PHONE CABLE U,1.0
7316,25 - 29,KBW,39.99,39.99,30.0,0.0,RED INTERNET & PHONE CABLE U,1.0
7317,40 - 44,KBW,44.99,39.98,30.0,0.0,VF RIP U-TREUE,0.0
7318,55 - 59,HSN,29.99,44.99,30.0,0.0,RED INTERNET & PHONE CABLE U,1.0
7319,35 - 39,KBW,49.99,34.99,30.0,0.0,RED INTERNET & PHONE CABLE U,0.0
7320,50 - 54,KBW,34.98,44.98,30.0,0.0,VF RIP U-TREUE,1.0
7321,25 - 29,HSN,44.98,34.99,30.0,0.0,VF CABLEMAX,1.0
7322,35 - 39,NRW,44.98,49.98,30.0,0.0,RED INTERNET & PHONE CABLE U,1.0
7323,35 - 39,NRW,32.99,37.99,30.0,0.0,VF RIP U-TREUE,1.0
7324,45 - 49,NRW,39.99,44.98,30.0,0.0,RED INTERNET & PHONE CABLE U,1.0
7325,35 - 39,NRW,49.98,42.97,30.0,0.0,VF CABLEMAX,1.0
7326,60 - 64,NRW,34.97,44.99,30.0,0.0,VF CABLEMAX,1.0
7327,25 - 29,NRW,29.96,39.99,30.0,0.0,RED INTERNET & PHONE CABLE U,1.0
7328,35 - 39,KBW,39.97,39.98,30.0,0.0,RED INTERNET & PHONE CABLE U,0.0
7329,40 - 44,NRW,44.99,44.99,30.0,0.0,GIGAZUHAUSE KABEL,0.0
7330,40 - 44,NRW,39.99,44.98,30.0,0.0,RED INTERNET & PHONE CABLE U,0.0
7331,35 - 39,HSN,49.98,39.97,30.0,0.0,RED INTERNET & PHONE CABLE U,0.0
7332,35 - 39,NRW,44.99,39.99,30.0,0.0,VF RIP U-TREUE,0.0
7333,60 - 64,HSN,32.98,29.99,30.0,0.0,RED INTERNET & PHONE CABLE U,1.0
7334,55 - 59,NRW,44.98,34.98,30.0,0.0,RED INTERNET & PHONE CABLE U,1.0
7335,55 - 59,NRW,34.99,34.99,30.0,0.0,VF RIP U-TREUE,0.0
7336,35 - 39,NRW,29.99,44.99,30.0,0.0,RED INTERNET & PHONE CABLE U,1.0
7337,55 - 59,NRW,39.98,49.98,30.0,0.0,RED INTERNET & PHONE CABLE U,0.0
7338,55 - 59,NRW,44.99,34.98,30.0,0.0,VF RIP U-TREUE,1.0
7339,25 - 29,NRW,39.99,44.98,30.0,0.0,VF CABLEMAX,0.0
7340,25 - 29,NRW,29.99,34.99,30.0,0.0,VF RIP U-TREUE,1.0
7341,35 - 39,NRW,34.99,34.98,30.0,0.0,RED INTERNET & PHONE CABLE U,1.0
7342,40 - 44,NRW,29.98,54.98,30.0,0.0,RED INTERNET & PHONE CABLE U,1.0
7343,55 - 59,KBW,44.97,49.98,30.0,0.0,GIGAZUHAUSE KABEL,0.0
7344,40 - 44,KBW,39.98,39.99,30.0,0.0,VF RIP U-TREUE,0.0
7345,40 - 44,HSN,44.99,44.99,30.0,0.0,VF RIP U-TREUE,0.0
7346,30 - 34,NRW,42.97,34.99,30.0,0.0,VF RIP U-TREUE,1.0
7347,30 - 34,KBW,39.99,44.98,30.0,0.0,RED INTERNET & PHONE CABLE U,1.0
7348,30 - 34,NRW,34.99,39.99,30.0,0.0,RED INTERNET & PHONE CABLE U,1.0
7349,40 - 44,NRW,39.99,32.98,30.0,0.0,VF CABLEMAX,1.0
7351,35 - 39,NRW,34.97,39.99,30.0,0.0,RED INTERNET & PHONE CABLE U,1.0
7352,40 - 44,NRW,39.98,39.98,30.0,0.0,VF CABLEMAX,0.0
7353,50 - 54,KBW,47.99,42.99,30.0,0.0,GIGAZUHAUSE KABEL,1.0
7354,35 - 39,KBW,58.98,39.99,30.0,0.0,RED INTERNET & PHONE CABLE U,1.0
7355,35 - 39,KBW,39.99,44.97,30.0,0.0,RED INTERNET & PHONE CABLE U,1.0
7356,30 - 34,KBW,34.98,39.99,30.0,0.0,VF CABLEMAX,1.0
7357,40 - 44,HSN,34.98,34.99,30.0,0.0,VF RIP U-TREUE,0.0
7358,35 - 39,NRW,39.98,29.98,30.0,0.0,VF RIP U-TREUE,0.0
7359,50 - 54,KBW,44.99,39.97,30.0,0.0,VF CABLEMAX,1.0
7360,30 - 34,NRW,29.98,55.99,30.0,0.0,VF RIP U-TREUE,1.0
7361,50 - 54,NRW,44.98,42.99,30.0,0.0,RED INTERNET & PHONE CABLE U,1.0
7362,55 - 59,KBW,44.99,29.98,30.0,0.0,RED INTERNET & PHONE CABLE U,0.0
7363,50 - 54,KBW,39.97,32.99,30.0,0.0,VF RIP U-TREUE,0.0
7364,50 - 54,NRW,54.98,34.98,30.0,0.0,VF CABLEMAX,1.0
7365,35 - 39,NRW,39.98,44.99,30.0,0.0,RED INTERNET & PHONE CABLE U,1.0
7366,55 - 59,KBW,34.98,44.98,30.0,0.0,VF RIP U-TREUE,1.0
7367,35 - 39,KBW,44.99,29.99,30.0,0.0,VF RIP U-TREUE,1.0
7368,25 - 29,NRW,34.99,34.99,30.0,0.0,RED INTERNET & PHONE CABLE U,0.0
7369,40 - 44,NRW,34.98,24.99,30.0,0.0,RED INTERNET & PHONE CABLE U,0.0
7370,18 - 24,NRW,29.98,34.99,30.0,0.0,VF CABLEMAX,1.0
7371,25 - 29,NRW,39.99,29.99,30.0,0.0,GIGAZUHAUSE KABEL,0.0
7372,25 - 29,NRW,44.99,39.99,30.0,0.0,RED INTERNET & PHONE CABLE U,1.0
7373,55 - 59,NRW,44.98,34.99,30.0,0.0,VF RIP U-TREUE,1.0
7374,35 - 39,HSN,34.98,34.99,30.0,0.0,GIGAZUHAUSE KABEL,1.0
7375,30 - 34,NRW,44.98,44.98,30.0,0.0,VF RIP U-TREUE,0.0
7376,70 - 74,NRW,44.99,44.99,30.0,0.0,VF RIP U-TREUE,0.0
7377,30 - 34,HSN,44.97,34.98,30.0,0.0,RED INTERNET & PHONE CABLE U,1.0
7378,25 - 29,NRW,44.98,44.98,30.0,0.0,VF CABLEMAX,1.0
7379,30 - 34,NRW,39.98,39.98,30.0,0.0,VF CABLEMAX,1.0
7380,30 - 34,KBW,39.99,49.98,30.0,0.0,RED INTERNET & PHONE CABLE U,1.0
7381,55 - 59,NRW,34.97,37.97,30.0,0.0,RED INTERNET & PHONE CABLE U,1.0
7382,40 - 44,NRW,44.99,39.98,30.0,0.0,RED INTERNET & PHONE CABLE U,0.0
7383,25 - 29,NRW,34.99,44.98,30.0,0.0,RED INTERNET & PHONE CABLE U,0.0
7384,50 - 54,NRW,44.99,44.99,30.0,0.0,VF RIP U-TREUE,1.0
7385,75 - 79,NRW,44.99,39.99,30.0,0.0,VF RIP U-TREUE,1.0
7386,25 - 29,NRW,49.98,44.98,30.0,0.0,GIGAZUHAUSE KABEL,1.0
7387,40 - 44,HSN,39.99,34.99,30.0,0.0,RED INTERNET & PHONE CABLE U,0.0
7388,50 - 54,NRW,39.98,37.98,30.0,0.0,VF CABLEMAX,1.0
7389,30 - 34,KBW,54.99,49.99,30.0,0.0,RED INTERNET & PHONE CABLE U,1.0
7390,30 - 34,NRW,34.99,39.99,30.0,0.0,RED INTERNET & PHONE CABLE U,1.0
7391,35 - 39,KBW,34.99,44.98,30.0,0.0,RED INTERNET & PHONE CABLE U,0.0
7392,40 - 44,NRW,32.97,32.98,30.0,0.0,GIGAZUHAUSE KABEL,0.0
7393,45 - 49,HSN,44.98,42.99,30.0,0.0,VF CABLEMAX,0.0
7394,45 - 49,KBW,69.97,44.98,30.0,0.0,RED INTERNET & PHONE CABLE U,1.0
7395,35 - 39,NRW,44.99,34.99,30.0,0.0,RED INTERNET & PHONE CABLE U,1.0
7396,50 - 54,NRW,39.99,39.99,30.0,0.0,RED INTERNET & PHONE CABLE U,1.0
7397,25 - 29,HSN,29.98,44.99,30.0,0.0,RED INTERNET & PHONE CABLE U,1.0
7398,30 - 34,KBW,44.99,44.98,30.0,0.0,RED INTERNET & PHONE CABLE U,1.0
7399,35 - 39,NRW,39.98,34.98,30.0,0.0,VF CABLEMAX,1.0
7400,60 - 64,NRW,39.98,54.99,30.0,0.0,RED INTERNET & PHONE CABLE U,1.0
7401,60 - 64,KBW,44.99,29.99,30.0,0.0,VF RIP U-TREUE,1.0
7402,30 - 34,NRW,44.98,44.96,30.0,0.0,VF RIP U-TREUE,0.0
7403,25 - 29,NRW,29.98,39.99,30.0,0.0,RED INTERNET & PHONE CABLE U,1.0
7404,35 - 39,HSN,34.99,49.99,30.0,0.0,VF RIP U-TREUE,0.0
7405,35 - 39,NRW,39.99,39.98,30.0,0.0,RED INTERNET & PHONE CABLE U,0.0
7406,60 - 64,NRW,54.99,44.98,30.0,0.0,RED INTERNET & PHONE CABLE U,1.0
7407,35 - 39,NRW,39.97,42.98,30.0,0.0,RED INTERNET & PHONE CABLE U,1.0
7408,30 - 34,NRW,54.98,44.98,30.0,0.0,RED INTERNET & PHONE CABLE U,1.0
7409,40 - 44,NRW,44.98,49.98,30.0,0.0,RED INTERNET & PHONE CABLE U,0.0
7410,40 - 44,NRW,49.99,34.99,30.0,0.0,RED INTERNET & PHONE CABLE U,1.0
7411,50 - 54,NRW,39.99,39.97,30.0,0.0,RED INTERNET & PHONE CABLE U,1.0
7412,60 - 64,NRW,34.99,39.97,30.0,0.0,RED INTERNET & PHONE CABLE U,1.0
7413,35 - 39,KBW,49.99,44.98,30.0,0.0,VF RIP U-TREUE,0.0
7414,30 - 34,HSN,29.97,58.97,30.0,0.0,VF RIP U-TREUE,1.0
7415,35 - 39,NRW,44.99,71.99,30.0,0.0,RED INTERNET & PHONE CABLE U,1.0
7416,55 - 59,KBW,39.97,44.96,30.0,0.0,RED INTERNET & PHONE CABLE U,0.0
7417,35 - 39,KBW,37.98,44.99,30.0,0.0,VF CABLEMAX,1.0
7418,35 - 39,NRW,42.98,58.98,30.0,0.0,RED INTERNET & PHONE CABLE U,1.0
7419,55 - 59,NRW,34.99,44.98,30.0,0.0,VF CABLEMAX,0.0
7420,40 - 44,KBW,44.98,39.98,30.0,0.0,RED INTERNET & PHONE CABLE U,1.0
7421,50 - 54,KBW,49.98,39.99,30.0,0.0,VF RIP U-TREUE,0.0
7422,45 - 49,NRW,44.99,44.99,30.0,0.0,VF RIP U-TREUE,1.0
7423,25 - 29,NRW,44.99,39.98,30.0,0.0,RED INTERNET & PHONE CABLE U,0.0
7424,55 - 59,KBW,37.99,39.98,30.0,0.0,VF RIP U-TREUE,0.0
7425,30 - 34,KBW,44.98,49.99,30.0,0.0,RED INTERNET & PHONE CABLE U,1.0
7426,30 - 34,HSN,39.99,39.99,30.0,0.0,GIGAZUHAUSE KABEL,0.0
7427,18 - 24,NRW,34.99,44.98,30.0,0.0,RED INTERNET & PHONE CABLE U,0.0
7428,30 - 34,NRW,44.96,44.98,30.0,0.0,GIGAZUHAUSE KABEL,0.0
7429,40 - 44,NRW,34.99,37.99,30.0,0.0,RED INTERNET & PHONE CABLE U,0.0
7430,35 - 39,KBW,29.98,39.98,30.0,0.0,GIGAZUHAUSE KABEL,0.0
7431,30 - 34,KBW,34.99,39.99,30.0,0.0,VF CABLEMAX,0.0
7432,55 - 59,NRW,34.98,39.99,30.0,0.0,GIGAZUHAUSE KABEL,0.0
7433,55 - 59,NRW,54.98,39.99,30.0,0.0,RED INTERNET & PHONE CABLE U,0.0
7434,30 - 34,KBW,45.98,37.99,30.0,0.0,RED INTERNET & PHONE CABLE U,1.0
7435,50 - 54,KBW,39.98,34.98,30.0,0.0,VF RIP U-TREUE,1.0
7436,60 - 64,NRW,44.98,44.97,30.0,0.0,VF RIP U-TREUE,0.0
7437,25 - 29,KBW,44.99,54.98,30.0,0.0,VF RIP U-TREUE,1.0
7438,55 - 59,NRW,39.98,32.99,30.0,0.0,RED INTERNET & PHONE CABLE U,0.0
7439,60 - 64,HSN,49.98,44.99,30.0,0.0,VF RIP U-TREUE,0.0
7440,60 - 64,NRW,39.98,34.99,30.0,0.0,GIGAZUHAUSE KABEL,0.0
7441,30 - 34,NRW,44.99,37.99,30.0,0.0,RED INTERNET & PHONE CABLE U,1.0
7442,35 - 39,NRW,44.99,34.99,30.0,0.0,RED INTERNET & PHONE CABLE U,0.0
7443,40 - 44,KBW,44.99,39.99,30.0,0.0,VF CABLEMAX,0.0
7444,55 - 59,NRW,34.99,29.97,30.0,0.0,VF RIP U-TREUE,0.0
7445,55 - 59,NRW,34.99,34.99,30.0,0.0,VF CABLEMAX,1.0
7446,40 - 44,NRW,34.99,44.99,30.0,0.0,RED INTERNET & PHONE CABLE U,1.0
7447,40 - 44,KBW,39.99,44.98,30.0,0.0,GIGAZUHAUSE KABEL,1.0
7448,35 - 39,NRW,39.98,39.97,30.0,0.0,RED INTERNET & PHONE CABLE U,0.0
7449,35 - 39,NRW,32.99,44.98,30.0,0.0,GIGAZUHAUSE KABEL,0.0
7450,35 - 39,NRW,34.98,39.97,30.0,0.0,VF CABLEMAX,0.0
7451,35 - 39,HSN,44.98,39.97,30.0,0.0,RED INTERNET & PHONE CABLE U,1.0
7452,25 - 29,NRW,34.99,44.98,30.0,0.0,RED INTERNET & PHONE CABLE U,0.0
7453,60 - 64,KBW,34.98,34.99,30.0,0.0,VF CABLEMAX,1.0
7454,55 - 59,NRW,39.98,39.99,30.0,0.0,GIGAZUHAUSE KABEL,0.0
7455,25 - 29,NRW,49.99,49.98,30.0,0.0,RED INTERNET & PHONE CABLE U,1.0
7456,25 - 29,NRW,44.99,44.97,30.0,0.0,RED INTERNET & PHONE CABLE U,1.0
7457,65 - 69,NRW,44.98,34.97,30.0,0.0,RED INTERNET & PHONE CABLE U,1.0
7458,50 - 54,NRW,44.98,34.98,30.0,0.0,VF CABLEMAX,1.0
7459,35 - 39,NRW,34.99,44.97,30.0,0.0,RED INTERNET & PHONE CABLE U,1.0
7460,55 - 59,KBW,39.99,49.98,30.0,0.0,RED INTERNET & PHONE CABLE U,0.0
7461,60 - 64,KBW,34.98,44.99,30.0,0.0,RED INTERNET & PHONE CABLE U,0.0
7462,35 - 39,NRW,34.99,29.97,30.0,0.0,RED INTERNET & PHONE CABLE U,1.0
7463,40 - 44,NRW,39.97,49.99,30.0,0.0,GIGAZUHAUSE KABEL,1.0
7464,55 - 59,NRW,39.98,39.99,30.0,0.0,RED INTERNET & PHONE CABLE U,1.0
7465,50 - 54,NRW,42.99,44.98,30.0,0.0,VF RIP U-TREUE,1.0
7466,55 - 59,NRW,44.99,39.98,30.0,0.0,RED INTERNET & PHONE CABLE U,1.0
7467,35 - 39,NRW,43.98,44.99,30.0,0.0,RED INTERNET & PHONE CABLE U,0.0
7468,40 - 44,NRW,44.99,39.99,30.0,0.0,VF RIP U-TREUE,1.0
7469,40 - 44,NRW,39.99,44.99,30.0,0.0,RED INTERNET & PHONE CABLE U,1.0
7470,55 - 59,KBW,34.99,49.99,30.0,0.0,RED INTERNET & PHONE CABLE U,1.0
7471,40 - 44,NRW,44.97,34.98,30.0,0.0,RED INTERNET & PHONE CABLE U,1.0
7472,50 - 54,NRW,44.98,34.98,30.0,0.0,RED INTERNET & PHONE CABLE U,0.0
7473,25 - 29,NRW,44.99,39.98,30.0,0.0,VF RIP U-TREUE,0.0
7474,55 - 59,NRW,34.98,44.99,30.0,0.0,RED INTERNET & PHONE CABLE U,1.0
7475,25 - 29,NRW,29.98,34.97,30.0,0.0,RED INTERNET & PHONE CABLE U,0.0
7476,80 and over,NRW,29.98,44.98,30.0,0.0,RED INTERNET & PHONE CABLE U,1.0
7477,50 - 54,KBW,44.97,42.98,30.0,0.0,RED INTERNET & PHONE CABLE U,1.0
7478,60 - 64,HSN,34.97,34.98,30.0,0.0,VF RIP U-TREUE,0.0
7479,40 - 44,NRW,44.98,54.98,30.0,0.0,RED INTERNET & PHONE CABLE U,1.0
7480,40 - 44,HSN,44.98,34.98,30.0,0.0,RED INTERNET & PHONE CABLE U,1.0
7481,35 - 39,HSN,44.99,49.98,30.0,0.0,RED INTERNET & PHONE CABLE U,0.0
7482,45 - 49,KBW,34.98,44.98,30.0,0.0,RED INTERNET & PHONE CABLE U,0.0
7483,40 - 44,NRW,37.99,39.98,30.0,0.0,VF RIP U-TREUE,0.0
7484,40 - 44,NRW,44.98,58.99,30.0,0.0,RED INTERNET & PHONE CABLE U,1.0
7485,65 - 69,NRW,44.98,44.99,30.0,0.0,VF RIP U-TREUE,1.0
7486,30 - 34,HSN,39.98,39.97,30.0,0.0,RED INTERNET & PHONE CABLE U,1.0
7487,45 - 49,NRW,49.98,39.99,30.0,0.0,VF RIP U-TREUE,1.0
7488,30 - 34,HSN,34.99,44.98,30.0,0.0,RED INTERNET & PHONE CABLE U,1.0
7489,35 - 39,NRW,54.99,44.99,30.0,0.0,RED INTERNET & PHONE CABLE U,0.0
7490,30 - 34,NRW,37.97,34.99,30.0,0.0,VF RIP U-TREUE,0.0
7491,35 - 39,NRW,39.97,49.99,30.0,0.0,RED INTERNET & PHONE CABLE U,0.0
7492,35 - 39,HSN,44.99,44.99,30.0,0.0,VF CABLEMAX,1.0
7493,50 - 54,KBW,34.99,39.99,30.0,0.0,RED INTERNET & PHONE CABLE U,0.0
7494,50 - 54,KBW,44.99,29.99,30.0,0.0,RED INTERNET & PHONE CABLE U,0.0
7495,60 - 64,NRW,34.98,39.98,30.0,0.0,RED INTERNET & PHONE CABLE U,1.0
7496,55 - 59,NRW,39.98,39.99,30.0,0.0,RED INTERNET & PHONE CABLE U,1.0
7497,35 - 39,KBW,44.98,44.99,30.0,0.0,RED INTERNET & PHONE CABLE U,1.0
7498,60 - 64,NRW,42.97,62.99,30.0,0.0,RED INTERNET & PHONE CABLE U,1.0
7499,35 - 39,NRW,49.99,39.98,30.0,0.0,VF RIP U-TREUE,0.0
7500,35 - 39,NRW,39.98,44.99,30.0,0.0,VF RIP U-TREUE,1.0
7501,25 - 29,NRW,42.97,34.98,30.0,0.0,VF RIP U-TREUE,0.0
7502,50 - 54,HSN,74.98,34.99,30.0,0.0,RED INTERNET & PHONE CABLE U,0.0
7503,35 - 39,NRW,29.99,29.98,30.0,0.0,RED INTERNET & PHONE CABLE U,1.0
7504,25 - 29,HSN,39.99,39.99,30.0,0.0,VF CABLEMAX,1.0
7505,55 - 59,NRW,44.98,34.99,30.0,0.0,RED INTERNET & PHONE CABLE U,1.0
7506,25 - 29,NRW,37.97,39.99,30.0,0.0,GIGAZUHAUSE KABEL,1.0
7507,30 - 34,KBW,29.99,54.99,30.0,0.0,RED INTERNET & PHONE CABLE U,0.0
7508,40 - 44,KBW,39.99,49.98,30.0,0.0,RED INTERNET & PHONE CABLE U,0.0
7509,25 - 29,NRW,44.99,54.98,30.0,0.0,RED INTERNET & PHONE CABLE U,0.0
7510,40 - 44,NRW,44.99,34.99,30.0,0.0,GIGAZUHAUSE KABEL,1.0
7511,60 - 64,KBW,49.98,39.99,30.0,0.0,VF RIP U-TREUE,1.0
7512,55 - 59,NRW,44.98,49.98,30.0,0.0,VF RIP U-TREUE,0.0
7513,60 - 64,NRW,34.99,44.98,30.0,0.0,RED INTERNET & PHONE CABLE U,1.0
7514,50 - 54,NRW,44.98,39.97,30.0,0.0,VF RIP U-TREUE,0.0
7515,40 - 44,KBW,44.99,39.98,30.0,0.0,GIGAZUHAUSE KABEL,1.0
7516,35 - 39,NRW,29.98,44.98,30.0,0.0,VF RIP U-TREUE,0.0
7517,30 - 34,HSN,39.99,39.99,30.0,0.0,RED INTERNET & PHONE CABLE U,1.0
7518,55 - 59,NRW,34.99,44.99,30.0,0.0,RED INTERNET & PHONE CABLE U,1.0
7519,35 - 39,KBW,44.98,44.99,30.0,0.0,GIGAZUHAUSE KABEL,1.0
7520,60 - 64,NRW,39.98,44.98,30.0,0.0,VF CABLEMAX,1.0
7521,35 - 39,KBW,44.99,34.98,30.0,0.0,RED INTERNET & PHONE CABLE U,1.0
7522,18 - 24,NRW,49.99,34.99,30.0,0.0,RED INTERNET & PHONE CABLE U,0.0
7523,35 - 39,NRW,34.98,39.99,30.0,0.0,RED INTERNET & PHONE CABLE U,1.0
7524,35 - 39,NRW,34.97,44.98,30.0,0.0,RED INTERNET & PHONE CABLE U,1.0
7525,30 - 34,KBW,39.98,37.98,30.0,0.0,RED INTERNET & PHONE CABLE U,1.0
7526,60 - 64,KBW,39.98,39.99,30.0,0.0,VF CABLEMAX,0.0
7527,25 - 29,KBW,39.99,49.99,30.0,0.0,VF RIP U-TREUE,0.0
7528,40 - 44,NRW,49.97,62.97,30.0,0.0,RED INTERNET & PHONE CABLE U,1.0
7529,55 - 59,KBW,49.98,44.98,30.0,0.0,RED INTERNET & PHONE CABLE U,1.0
7530,40 - 44,KBW,39.98,42.98,30.0,0.0,RED INTERNET & PHONE CABLE U,1.0
7531,30 - 34,NRW,44.98,44.98,30.0,0.0,RED INTERNET & PHONE CABLE U,0.0
7532,40 - 44,HSN,49.98,29.99,30.0,0.0,GIGAZUHAUSE KABEL,1.0
7533,55 - 59,NRW,34.99,39.99,30.0,0.0,RED INTERNET & PHONE CABLE U,0.0
7534,80 and over,HSN,39.99,39.99,30.0,0.0,RED INTERNET & PHONE CABLE U,1.0
7535,25 - 29,KBW,29.98,44.97,30.0,0.0,VF RIP U-TREUE,0.0
7536,50 - 54,NRW,44.99,34.99,30.0,0.0,RED INTERNET & PHONE CABLE U,1.0
7537,60 - 64,HSN,54.99,34.99,30.0,0.0,VF RIP U-TREUE,0.0
7538,45 - 49,KBW,39.99,49.99,30.0,0.0,RED INTERNET & PHONE CABLE U,1.0
7539,25 - 29,KBW,44.99,34.98,30.0,0.0,RED INTERNET & PHONE CABLE U,1.0
7540,50 - 54,HSN,44.99,44.99,30.0,0.0,VF RIP U-TREUE,1.0
7541,35 - 39,NRW,44.98,39.99,30.0,0.0,GIGAZUHAUSE TREUE C,1.0
7542,60 - 64,NRW,39.99,29.98,30.0,0.0,RED INTERNET & PHONE CABLE U,0.0
7543,25 - 29,KBW,44.99,49.99,30.0,0.0,VF CABLEMAX,1.0
7544,75 - 79,NRW,39.99,44.97,30.0,0.0,GIGAZUHAUSE KABEL,0.0
7545,50 - 54,KBW,39.98,49.99,30.0,0.0,RED INTERNET & PHONE CABLE U,0.0
7546,35 - 39,NRW,34.97,34.99,30.0,0.0,RED INTERNET & PHONE CABLE U,0.0
7547,60 - 64,KBW,39.98,44.99,30.0,0.0,RED INTERNET & PHONE CABLE U,0.0
7548,50 - 54,HSN,58.98,34.98,30.0,0.0,RED INTERNET & PHONE CABLE U,1.0
7549,30 - 34,KBW,39.98,49.98,30.0,0.0,RED INTERNET & PHONE CABLE U,0.0
7550,25 - 29,KBW,54.99,34.99,30.0,0.0,VF RIP U-TREUE,1.0
7551,18 - 24,KBW,44.99,44.97,30.0,0.0,RED INTERNET & PHONE CABLE U,0.0
7552,35 - 39,NRW,44.99,39.98,30.0,0.0,VF RIP U-TREUE,0.0
7553,65 - 69,NRW,54.97,29.98,30.0,0.0,RED INTERNET & PHONE CABLE U,0.0
7554,40 - 44,NRW,54.97,29.99,30.0,0.0,VF RIP U-TREUE,1.0
7555,80 and over,NRW,34.98,39.99,30.0,0.0,GIGAZUHAUSE KABEL,0.0
7556,60 - 64,KBW,39.98,37.99,30.0,0.0,RED INTERNET & PHONE CABLE U,1.0
7557,35 - 39,NRW,34.97,37.98,30.0,0.0,GIGAZUHAUSE KABEL,1.0
7558,30 - 34,KBW,34.99,39.98,30.0,0.0,VF CABLEMAX,0.0
7559,30 - 34,KBW,39.99,39.99,30.0,0.0,RED INTERNET & PHONE CABLE U,0.0
7560,80 and over,KBW,34.99,19.98,30.0,0.0,RED INTERNET & PHONE CABLE U,0.0
7561,30 - 34,KBW,54.99,34.98,30.0,0.0,VF RIP U-TREUE,0.0
7562,35 - 39,KBW,37.99,44.99,30.0,1.0,RED INTERNET & PHONE CABLE U,1.0
7563,40 - 44,HSN,34.98,44.98,30.0,0.0,RED INTERNET & PHONE CABLE U,0.0
7564,35 - 39,HSN,39.99,39.98,30.0,0.0,VF CABLEMAX,0.0
7565,55 - 59,NRW,44.99,29.99,30.0,0.0,RED INTERNET & PHONE CABLE U,1.0
7566,50 - 54,NRW,44.99,44.98,30.0,0.0,RED INTERNET & PHONE CABLE U,0.0
7567,40 - 44,KBW,39.97,39.99,30.0,0.0,VF RIP U-TREUE,0.0
7568,30 - 34,NRW,34.97,44.98,30.0,0.0,GIGAZUHAUSE KABEL,1.0
7569,35 - 39,NRW,39.99,39.99,30.0,0.0,VF RIP U-TREUE,0.0
7570,25 - 29,KBW,29.98,39.99,30.0,0.0,RED INTERNET & PHONE CABLE U,0.0
7571,35 - 39,KBW,39.98,34.94,30.0,0.0,RED INTERNET & PHONE CABLE U,1.0
7572,30 - 34,KBW,39.97,49.99,30.0,0.0,VF RIP U-TREUE,0.0
7573,30 - 34,NRW,39.99,34.98,30.0,0.0,VF RIP U-TREUE,1.0
7574,40 - 44,NRW,37.99,44.99,30.0,0.0,RED INTERNET & PHONE CABLE U,0.0
7575,40 - 44,KBW,34.98,29.99,30.0,0.0,RED INTERNET & PHONE CABLE U,1.0
7576,50 - 54,NRW,44.97,44.98,30.0,0.0,RED INTERNET & PHONE CABLE U,0.0
7577,50 - 54,NRW,39.98,39.98,30.0,0.0,RED INTERNET & PHONE CABLE U,1.0
7578,45 - 49,KBW,49.99,34.99,30.0,0.0,VF CABLEMAX,0.0
7579,25 - 29,NRW,44.98,54.98,30.0,0.0,RED INTERNET & PHONE CABLE U,0.0
7580,40 - 44,NRW,34.98,42.99,30.0,0.0,VF CABLEMAX,0.0
7581,50 - 54,KBW,44.98,44.98,30.0,0.0,RED INTERNET & PHONE CABLE U,1.0
7582,40 - 44,NRW,39.99,44.98,30.0,0.0,RED INTERNET & PHONE CABLE U,0.0
7583,30 - 34,NRW,44.97,34.98,30.0,0.0,RED INTERNET & PHONE CABLE U,1.0
7584,40 - 44,NRW,39.99,39.99,30.0,0.0,VF CABLEMAX,0.0
7585,45 - 49,KBW,44.99,44.98,30.0,0.0,RED INTERNET & PHONE CABLE U,0.0
7586,35 - 39,NRW,49.99,44.98,30.0,0.0,RED INTERNET & PHONE CABLE U,1.0
7587,25 - 29,KBW,34.98,39.99,30.0,0.0,RED INTERNET & PHONE CABLE U,1.0
7588,50 - 54,KBW,34.99,44.98,30.0,0.0,RED INTERNET & PHONE CABLE U,1.0
7589,30 - 34,HSN,34.97,44.99,30.0,0.0,RED INTERNET & PHONE CABLE U,1.0
7590,55 - 59,NRW,44.99,49.99,30.0,0.0,RED INTERNET & PHONE CABLE U,1.0
7591,70 - 74,NRW,54.98,39.99,30.0,0.0,RED INTERNET & PHONE CABLE U,0.0
7592,35 - 39,NRW,44.98,39.97,30.0,0.0,RED INTERNET & PHONE CABLE U,1.0
7593,50 - 54,NRW,34.99,54.99,30.0,0.0,VF RIP U-TREUE,0.0
7594,35 - 39,NRW,34.98,54.98,30.0,0.0,RED INTERNET & PHONE CABLE U,1.0
7595,35 - 39,NRW,34.99,34.99,30.0,0.0,VF RIP U-TREUE,1.0
7596,50 - 54,NRW,39.98,34.99,30.0,0.0,RED INTERNET & PHONE CABLE U,0.0
7597,35 - 39,NRW,44.98,29.98,6.0,0.0,GIGAZUHAUSE KABEL,1.0
7598,50 - 54,HSN,44.99,39.99,30.0,0.0,GIGAZUHAUSE KABEL,1.0
7599,55 - 59,KBW,54.99,34.99,30.0,0.0,VF RIP U-TREUE,0.0
7600,35 - 39,KBW,39.99,34.99,30.0,0.0,RED INTERNET & PHONE CABLE U,0.0
7601,30 - 34,KBW,34.99,44.98,30.0,0.0,RED INTERNET & PHONE CABLE U,0.0
7602,30 - 34,KBW,44.99,39.99,30.0,0.0,RED INTERNET & PHONE CABLE U,0.0
7603,40 - 44,HSN,49.99,44.99,30.0,0.0,RED INTERNET & PHONE CABLE U,1.0
7604,55 - 59,HSN,44.98,34.98,30.0,0.0,RED INTERNET & PHONE CABLE U,0.0
7605,25 - 29,HSN,42.98,37.99,30.0,0.0,VF RIP U-TREUE,1.0
7606,30 - 34,NRW,34.99,44.98,30.0,0.0,RED INTERNET & PHONE CABLE U,1.0
7607,30 - 34,NRW,44.98,44.98,30.0,0.0,RED INTERNET & PHONE CABLE U,0.0
7608,60 - 64,NRW,34.97,34.99,30.0,0.0,VF RIP U-TREUE,0.0
7609,55 - 59,KBW,49.99,49.97,30.0,0.0,VF CABLEMAX,1.0
7610,40 - 44,NRW,52.99,54.99,30.0,0.0,RED INTERNET & PHONE CABLE U,1.0
7611,30 - 34,NRW,42.98,49.98,30.0,0.0,GIGAZUHAUSE KABEL,0.0
7612,40 - 44,NRW,34.99,54.98,30.0,0.0,GIGAZUHAUSE KABEL,0.0
7613,50 - 54,HSN,44.99,44.99,30.0,0.0,RED INTERNET & PHONE CABLE U,0.0
7614,55 - 59,KBW,3.0,44.99,30.0,0.0,VF RIP U-TREUE,0.0
7615,40 - 44,NRW,39.98,39.99,30.0,0.0,VF RIP U-TREUE,0.0
7616,30 - 34,KBW,44.99,44.99,30.0,0.0,VF CABLEMAX,1.0
7617,25 - 29,KBW,39.99,44.98,30.0,0.0,RED INTERNET & PHONE CABLE U,0.0
7618,55 - 59,NRW,39.98,44.99,30.0,0.0,RED INTERNET & PHONE CABLE U,1.0
7619,60 - 64,NRW,42.98,39.99,30.0,0.0,RED INTERNET & PHONE CABLE U,0.0
7620,35 - 39,NRW,39.98,44.99,30.0,0.0,RED INTERNET & PHONE CABLE U,0.0
7621,35 - 39,NRW,44.97,49.99,30.0,0.0,RED INTERNET & PHONE CABLE U,0.0
7622,40 - 44,KBW,32.98,44.99,30.0,0.0,RED INTERNET & PHONE CABLE U,0.0
7623,35 - 39,NRW,34.99,44.98,30.0,0.0,RED INTERNET & PHONE CABLE U,0.0
7624,30 - 34,NRW,39.98,34.98,30.0,0.0,RED INTERNET & PHONE CABLE U,1.0
7625,25 - 29,NRW,49.97,39.99,30.0,0.0,GIGAZUHAUSE KABEL,1.0
7626,18 - 24,KBW,39.98,34.98,30.0,0.0,RED INTERNET & PHONE CABLE U,1.0
7627,30 - 34,NRW,44.99,44.98,30.0,0.0,VF CABLEMAX,0.0
7628,30 - 34,NRW,39.99,39.99,30.0,0.0,RED INTERNET & PHONE CABLE U,1.0
7629,30 - 34,KBW,49.97,39.99,30.0,0.0,GIGAZUHAUSE KABEL,1.0
7630,25 - 29,NRW,44.99,34.99,30.0,0.0,RED INTERNET & PHONE CABLE U,1.0
7631,40 - 44,NRW,34.98,52.99,30.0,0.0,GIGAZUHAUSE KABEL,1.0
7632,30 - 34,NRW,39.98,34.99,30.0,0.0,RED INTERNET & PHONE CABLE U,0.0
7633,45 - 49,NRW,39.99,44.98,30.0,0.0,GIGAZUHAUSE KABEL,0.0
7634,25 - 29,NRW,39.99,39.97,30.0,0.0,VF CABLEMAX,0.0
7635,30 - 34,KBW,29.98,42.99,30.0,0.0,RED INTERNET & PHONE CABLE U,1.0
7636,60 - 64,KBW,44.98,44.99,30.0,0.0,RED INTERNET & PHONE CABLE U,1.0
7637,30 - 34,HSN,24.99,44.98,30.0,0.0,RED INTERNET & PHONE CABLE U,1.0
7638,55 - 59,NRW,44.99,39.98,30.0,0.0,GIGAZUHAUSE KABEL,0.0
7639,35 - 39,KBW,37.98,44.99,30.0,0.0,RED INTERNET & PHONE CABLE U,0.0
7640,30 - 34,NRW,39.99,29.98,30.0,0.0,RED INTERNET & PHONE CABLE U,1.0
7641,35 - 39,KBW,44.97,34.99,30.0,0.0,VF RIP U-TREUE,1.0
7642,50 - 54,NRW,34.98,37.99,30.0,0.0,RED INTERNET & PHONE CABLE U,0.0
7643,50 - 54,NRW,44.99,44.99,30.0,0.0,RED INTERNET & PHONE CABLE U,0.0
7644,40 - 44,NRW,39.98,39.98,30.0,0.0,RED INTERNET & PHONE CABLE U,1.0
7645,50 - 54,KBW,29.99,34.99,30.0,0.0,VF CABLEMAX,1.0
7646,55 - 59,HSN,49.99,44.99,30.0,0.0,RED INTERNET & PHONE CABLE U,1.0
7647,35 - 39,HSN,39.98,44.97,30.0,0.0,RED INTERNET & PHONE CABLE U,1.0
7648,30 - 34,NRW,44.99,34.99,30.0,0.0,VF CABLEMAX,0.0
7649,40 - 44,KBW,39.99,37.97,30.0,0.0,RED INTERNET & PHONE CABLE U,0.0
7650,35 - 39,KBW,44.99,48.99,30.0,0.0,GIGAZUHAUSE KABEL,1.0
7651,45 - 49,NRW,44.99,42.98,30.0,0.0,GIGAZUHAUSE KABEL,1.0
7652,18 - 24,NRW,39.98,44.98,30.0,0.0,GIGAZUHAUSE KABEL,0.0
7653,25 - 29,NRW,49.99,44.99,30.0,0.0,RED INTERNET & PHONE CABLE U,0.0
7654,35 - 39,NRW,39.99,44.98,30.0,0.0,GIGAZUHAUSE KABEL,1.0
7655,35 - 39,KBW,29.97,34.99,30.0,0.0,VF RIP U-TREUE,1.0
7656,35 - 39,NRW,44.99,34.98,30.0,0.0,RED INTERNET & PHONE CABLE U,1.0
7657,50 - 54,NRW,44.99,39.98,30.0,0.0,RED INTERNET & PHONE CABLE U,0.0
7658,45 - 49,KBW,29.98,49.99,30.0,0.0,RED INTERNET & PHONE CABLE U,0.0
7659,40 - 44,KBW,44.98,63.99,30.0,0.0,RED INTERNET & PHONE CABLE U,0.0
7660,30 - 34,KBW,49.99,34.98,30.0,0.0,RED INTERNET & PHONE CABLE U,0.0
7661,50 - 54,KBW,34.99,39.97,30.0,0.0,RED INTERNET & PHONE CABLE U,1.0
7662,25 - 29,NRW,29.98,34.98,30.0,0.0,RED INTERNET & PHONE CABLE U,1.0
7663,65 - 69,HSN,34.99,34.98,30.0,0.0,RED INTERNET & PHONE CABLE U,0.0
7664,35 - 39,KBW,34.99,58.99,30.0,0.0,RED INTERNET & PHONE CABLE U,0.0
7665,35 - 39,KBW,39.98,44.99,30.0,0.0,VF RIP U-TREUE,0.0
7666,25 - 29,NRW,39.98,39.97,30.0,0.0,RED INTERNET & PHONE CABLE U,0.0
7667,40 - 44,NRW,34.98,44.98,30.0,0.0,VF CABLEMAX,0.0
7668,30 - 34,KBW,29.98,37.99,30.0,0.0,GIGAZUHAUSE KABEL,1.0
7669,60 - 64,HSN,34.99,54.99,30.0,0.0,VF CABLEMAX,0.0
7670,35 - 39,KBW,39.99,39.99,30.0,0.0,RED INTERNET & PHONE CABLE U,1.0
7671,25 - 29,KBW,44.98,39.99,30.0,0.0,RED INTERNET & PHONE CABLE U,1.0
7672,35 - 39,KBW,39.98,39.99,30.0,0.0,RED INTERNET & PHONE CABLE U,1.0
7673,35 - 39,KBW,39.99,44.99,30.0,0.0,RED INTERNET & PHONE CABLE U,1.0
7674,35 - 39,NRW,49.96,34.98,30.0,0.0,VF RIP U-TREUE,0.0
7675,55 - 59,KBW,39.98,44.99,30.0,0.0,RED INTERNET & PHONE CABLE U,1.0
7676,35 - 39,NRW,44.99,39.99,30.0,0.0,VF RIP U-TREUE,1.0
7677,60 - 64,KBW,37.99,29.98,30.0,0.0,RED INTERNET & PHONE CABLE U,0.0
7678,35 - 39,NRW,39.99,49.98,30.0,0.0,RED INTERNET & PHONE CABLE U,1.0
7679,35 - 39,KBW,34.98,49.98,30.0,0.0,RED INTERNET & PHONE CABLE U,1.0
7680,60 - 64,HSN,34.97,29.98,30.0,0.0,VF CABLEMAX,1.0
7682,40 - 44,KBW,44.99,44.97,30.0,0.0,RED INTERNET & PHONE CABLE U,0.0
7683,25 - 29,NRW,39.99,42.98,30.0,0.0,GIGAZUHAUSE KABEL,0.0
7684,30 - 34,NRW,34.97,44.99,30.0,0.0,RED INTERNET & PHONE CABLE U,0.0
7685,50 - 54,KBW,54.99,34.98,30.0,0.0,VF RIP U-TREUE,1.0
7686,35 - 39,KBW,34.98,44.99,30.0,0.0,RED INTERNET & PHONE CABLE U,0.0
7687,30 - 34,NRW,44.98,54.98,30.0,0.0,VF RIP U-TREUE,0.0
7688,60 - 64,NRW,29.99,39.97,30.0,0.0,RED INTERNET & PHONE CABLE U,0.0
7689,55 - 59,NRW,44.98,44.99,30.0,0.0,RED INTERNET & PHONE CABLE U,1.0
7690,40 - 44,KBW,42.97,44.99,30.0,0.0,RED INTERNET & PHONE CABLE U,1.0
7691,50 - 54,NRW,39.98,44.98,30.0,0.0,RED INTERNET & PHONE CABLE U,0.0
7692,25 - 29,HSN,29.98,44.98,30.0,0.0,RED INTERNET & PHONE CABLE U,0.0
7693,55 - 59,NRW,58.99,44.98,30.0,0.0,VF RIP U-TREUE,1.0
7694,25 - 29,NRW,49.98,49.98,30.0,0.0,RED INTERNET & PHONE CABLE U,0.0
7695,35 - 39,HSN,39.98,44.98,30.0,0.0,VF CABLEMAX,1.0
7696,25 - 29,NRW,44.99,44.98,30.0,1.0,RED INTERNET & PHONE CABLE U,1.0
7697,30 - 34,NRW,39.98,39.96,30.0,0.0,VF CABLEMAX,1.0
7698,35 - 39,KBW,39.99,44.99,30.0,0.0,VF RIP U-TREUE,0.0
7699,35 - 39,KBW,47.98,34.99,30.0,0.0,RED INTERNET & PHONE CABLE U,0.0
7700,70 - 74,NRW,34.99,39.98,30.0,0.0,RED INTERNET & PHONE CABLE U,1.0
7701,25 - 29,KBW,39.97,39.99,30.0,0.0,VF RIP U-TREUE,0.0
7702,55 - 59,KBW,37.98,49.97,30.0,0.0,RED INTERNET & PHONE CABLE U,0.0
7703,45 - 49,KBW,44.98,39.98,30.0,0.0,RED INTERNET & PHONE CABLE U,1.0
7704,40 - 44,NRW,34.99,44.99,30.0,0.0,RED INTERNET & PHONE CABLE U,1.0
7705,35 - 39,NRW,49.97,34.98,30.0,0.0,RED INTERNET & PHONE CABLE U,0.0
7706,65 - 69,KBW,37.99,34.99,30.0,0.0,VF RIP U-TREUE,0.0
7707,35 - 39,KBW,42.98,39.99,30.0,0.0,RED INTERNET & PHONE CABLE U,0.0
7708,25 - 29,KBW,54.99,39.97,30.0,0.0,RED INTERNET & PHONE CABLE U,0.0
7709,40 - 44,HSN,29.99,39.98,30.0,0.0,RED INTERNET & PHONE CABLE U,1.0
7710,40 - 44,KBW,44.99,39.99,30.0,0.0,RED INTERNET & PHONE CABLE U,0.0
7711,40 - 44,KBW,37.99,39.99,30.0,0.0,RED INTERNET & PHONE CABLE U,1.0
7712,35 - 39,NRW,39.98,44.97,30.0,0.0,RED INTERNET & PHONE CABLE U,1.0
7713,35 - 39,NRW,44.98,44.99,30.0,0.0,RED INTERNET & PHONE CABLE U,1.0
7714,55 - 59,KBW,39.98,44.99,30.0,0.0,VF CABLEMAX,0.0
7715,55 - 59,NRW,34.99,49.99,30.0,0.0,VF CABLEMAX,0.0
7716,35 - 39,NRW,39.99,39.97,30.0,0.0,VF CABLEMAX,1.0
7717,30 - 34,NRW,39.99,39.99,30.0,0.0,VF RIP U-TREUE,1.0
7718,40 - 44,NRW,42.99,39.99,30.0,0.0,RED INTERNET & PHONE CABLE U,1.0
7719,35 - 39,NRW,44.99,34.98,30.0,0.0,RED INTERNET & PHONE CABLE U,0.0
7720,35 - 39,NRW,29.99,39.98,30.0,0.0,VF CABLEMAX,1.0
7721,55 - 59,KBW,44.99,44.99,30.0,0.0,RED INTERNET & PHONE CABLE U,0.0
7722,30 - 34,KBW,39.99,34.98,30.0,0.0,GIGAZUHAUSE KABEL,0.0
7723,25 - 29,KBW,49.98,59.99,30.0,0.0,RED INTERNET & PHONE CABLE U,0.0
7724,55 - 59,NRW,37.99,42.99,30.0,0.0,VF RIP U-TREUE,0.0
7725,35 - 39,NRW,44.98,39.98,30.0,0.0,RED INTERNET & PHONE CABLE U,0.0
7726,35 - 39,KBW,39.99,29.99,30.0,0.0,VF RIP U-TREUE,0.0
7727,35 - 39,NRW,39.99,39.98,30.0,0.0,RED INTERNET & PHONE CABLE U,1.0
7728,40 - 44,NRW,34.98,44.99,30.0,0.0,RED INTERNET & PHONE CABLE U,1.0
7729,45 - 49,NRW,39.98,39.98,30.0,0.0,RED INTERNET & PHONE CABLE U,0.0
7730,40 - 44,KBW,39.98,39.99,30.0,0.0,RED INTERNET & PHONE CABLE U,1.0
7731,25 - 29,KBW,34.99,39.99,30.0,0.0,RED INTERNET & PHONE CABLE U,1.0
7732,55 - 59,KBW,39.99,44.98,30.0,0.0,VF CABLEMAX,0.0
7733,55 - 59,HSN,29.99,32.99,30.0,0.0,VF RIP U-TREUE,0.0
7734,25 - 29,KBW,39.99,44.99,30.0,0.0,RED INTERNET & PHONE CABLE U,1.0
7735,55 - 59,NRW,49.99,47.99,30.0,0.0,VF RIP U-TREUE,1.0
7736,30 - 34,NRW,39.99,44.98,30.0,0.0,VF RIP U-TREUE,1.0
7737,60 - 64,KBW,39.99,39.98,30.0,0.0,VF RIP U-TREUE,0.0
7738,25 - 29,NRW,39.97,44.98,30.0,0.0,RED INTERNET & PHONE CABLE U,1.0
7739,55 - 59,NRW,42.99,44.98,30.0,0.0,RED INTERNET & PHONE CABLE U,0.0
7740,25 - 29,HSN,39.98,34.99,30.0,0.0,RED INTERNET & PHONE CABLE U,0.0
7741,25 - 29,NRW,29.99,34.98,30.0,0.0,RED INTERNET & PHONE CABLE U,1.0
7742,50 - 54,KBW,44.99,34.99,30.0,0.0,RED INTERNET & PHONE CABLE U,0.0
7743,45 - 49,NRW,42.98,29.98,30.0,0.0,RED INTERNET & PHONE CABLE U,0.0
7744,40 - 44,HSN,34.99,19.99,30.0,0.0,RED INTERNET & PHONE CABLE U,0.0
7745,60 - 64,KBW,39.98,42.99,30.0,0.0,VF CABLEMAX,0.0
7746,35 - 39,HSN,29.98,39.98,30.0,0.0,RED INTERNET & PHONE CABLE U,1.0
7747,50 - 54,HSN,39.98,39.99,30.0,0.0,VF CABLEMAX,1.0
7748,50 - 54,KBW,34.98,44.99,30.0,0.0,VF CABLEMAX,1.0
7749,30 - 34,NRW,32.99,42.99,30.0,0.0,RED INTERNET & PHONE CABLE U,0.0
7750,40 - 44,KBW,34.98,39.99,30.0,0.0,VF RIP U-TREUE,1.0
7751,60 - 64,KBW,44.98,44.97,30.0,0.0,RED INTERNET & PHONE CABLE U,0.0
7752,18 - 24,HSN,32.99,49.99,30.0,0.0,VF RIP U-TREUE,1.0
7753,45 - 49,HSN,39.98,39.97,30.0,0.0,RED INTERNET & PHONE CABLE U,1.0
7754,25 - 29,NRW,29.99,54.99,30.0,0.0,VF CABLEMAX,1.0
7755,30 - 34,NRW,55.98,39.99,30.0,0.0,GIGAZUHAUSE KABEL,1.0
7756,50 - 54,NRW,34.99,29.99,30.0,0.0,VF CABLEMAX,0.0
7757,40 - 44,NRW,44.99,44.98,30.0,0.0,RED INTERNET & PHONE CABLE U,1.0
7758,35 - 39,KBW,39.98,29.98,30.0,0.0,VF CABLEMAX,0.0
7759,60 - 64,KBW,44.99,44.99,30.0,0.0,VF CABLEMAX,1.0
7760,35 - 39,HSN,74.99,44.99,30.0,0.0,GIGAZUHAUSE KABEL,1.0
7761,35 - 39,NRW,49.99,34.97,30.0,0.0,RED INTERNET & PHONE CABLE U,1.0
7762,25 - 29,NRW,44.98,39.99,30.0,0.0,RED INTERNET & PHONE CABLE U,0.0
7763,25 - 29,NRW,39.98,49.99,30.0,0.0,VF CABLEMAX,0.0
7764,40 - 44,NRW,39.99,44.98,30.0,0.0,VF RIP U-TREUE,1.0
7765,35 - 39,NRW,42.98,34.99,30.0,0.0,RED INTERNET & PHONE CABLE U,0.0
7766,35 - 39,KBW,42.98,44.98,30.0,0.0,RED INTERNET & PHONE CABLE U,0.0
7767,40 - 44,KBW,39.99,39.99,30.0,0.0,VF RIP U-TREUE,0.0
7768,40 - 44,NRW,44.99,39.99,30.0,0.0,GIGAZUHAUSE KABEL,1.0
7769,40 - 44,KBW,44.98,34.99,30.0,0.0,VF RIP U-TREUE,0.0
7771,35 - 39,NRW,44.99,39.98,30.0,0.0,RED INTERNET & PHONE CABLE U,0.0
7772,35 - 39,NRW,34.99,39.99,30.0,0.0,RED INTERNET & PHONE CABLE U,0.0
7773,35 - 39,NRW,39.99,44.99,30.0,0.0,RED INTERNET & PHONE CABLE U,0.0
7774,50 - 54,NRW,44.98,44.99,30.0,0.0,RED INTERNET & PHONE CABLE U,1.0
7775,50 - 54,NRW,29.99,44.98,30.0,0.0,RED INTERNET & PHONE CABLE U,1.0
7776,25 - 29,KBW,34.99,49.99,30.0,0.0,RED INTERNET & PHONE CABLE U,1.0
7777,25 - 29,NRW,39.97,44.98,30.0,0.0,RED INTERNET & PHONE CABLE U,1.0
7778,25 - 29,NRW,39.99,34.98,30.0,0.0,RED INTERNET & PHONE CABLE U,1.0
7779,40 - 44,KBW,44.98,39.98,30.0,0.0,RED INTERNET & PHONE CABLE U,0.0
7780,35 - 39,NRW,39.97,39.99,30.0,0.0,RED INTERNET & PHONE CABLE U,1.0
7781,25 - 29,KBW,54.99,37.99,30.0,0.0,RED INTERNET & PHONE CABLE U,0.0
7782,40 - 44,NRW,34.99,34.98,30.0,0.0,RED INTERNET & PHONE CABLE U,1.0
7783,45 - 49,KBW,39.99,54.99,30.0,0.0,RED INTERNET & PHONE CABLE U,0.0
7784,55 - 59,KBW,39.99,44.99,30.0,0.0,RED INTERNET & PHONE CABLE U,0.0
7785,40 - 44,KBW,34.96,34.98,30.0,0.0,VF CABLEMAX,0.0
7786,80 and over,NRW,39.99,49.98,30.0,0.0,VF RIP U-TREUE,1.0
7787,35 - 39,NRW,39.97,54.99,30.0,0.0,GIGAZUHAUSE KABEL,1.0
7788,45 - 49,NRW,34.99,44.97,30.0,0.0,RED INTERNET & PHONE CABLE U,1.0
7789,25 - 29,NRW,49.97,39.97,30.0,0.0,RED INTERNET & PHONE CABLE U,1.0
7790,35 - 39,KBW,44.99,49.99,30.0,0.0,RED INTERNET & PHONE CABLE U,0.0
7791,25 - 29,NRW,44.99,39.99,30.0,0.0,RED INTERNET & PHONE CABLE U,1.0
7792,35 - 39,KBW,29.99,39.98,30.0,0.0,RED INTERNET & PHONE CABLE U,1.0
7793,60 - 64,NRW,39.98,44.98,30.0,0.0,VF CABLEMAX,1.0
7794,40 - 44,NRW,44.99,39.99,30.0,0.0,RED INTERNET & PHONE CABLE U,1.0
7795,30 - 34,KBW,49.99,34.99,30.0,0.0,RED INTERNET & PHONE CABLE U,0.0
7796,65 - 69,NRW,34.98,39.99,30.0,0.0,RED INTERNET & PHONE CABLE U,0.0
7797,40 - 44,NRW,44.99,42.99,30.0,0.0,RED INTERNET & PHONE CABLE U,1.0
7798,35 - 39,NRW,39.99,29.99,30.0,0.0,GIGAZUHAUSE KABEL,0.0
7799,25 - 29,HSN,39.99,44.99,30.0,0.0,RED INTERNET & PHONE CABLE U,0.0
7800,40 - 44,NRW,39.98,44.99,30.0,0.0,RED INTERNET & PHONE CABLE U,0.0
7801,50 - 54,KBW,34.99,29.99,30.0,0.0,VF CABLEMAX,0.0
7802,25 - 29,NRW,39.99,39.0,30.0,0.0,VF CABLEMAX,0.0
7803,40 - 44,NRW,39.99,39.98,30.0,0.0,VF RIP U-TREUE,0.0
7804,40 - 44,NRW,39.98,39.98,30.0,0.0,RED INTERNET & PHONE CABLE U,0.0
7805,35 - 39,HSN,34.99,44.99,30.0,0.0,RED INTERNET & PHONE CABLE U,1.0
7806,35 - 39,NRW,49.98,39.98,30.0,0.0,VF RIP U-TREUE,1.0
7807,55 - 59,KBW,34.99,44.98,30.0,0.0,GIGAZUHAUSE KABEL,1.0
7808,30 - 34,NRW,34.99,34.99,30.0,0.0,RED INTERNET & PHONE CABLE U,0.0
7809,45 - 49,KBW,39.99,29.98,30.0,0.0,VF RIP U-TREUE,0.0
7810,25 - 29,NRW,54.99,29.98,30.0,0.0,RED INTERNET & PHONE CABLE U,0.0
7811,35 - 39,NRW,44.98,39.99,30.0,0.0,RED INTERNET & PHONE CABLE U,0.0
7812,40 - 44,NRW,34.99,44.99,30.0,0.0,VF RIP U-TREUE,0.0
7813,50 - 54,NRW,39.98,29.97,30.0,0.0,RED INTERNET & PHONE CABLE U,1.0
7814,40 - 44,NRW,44.98,34.99,30.0,0.0,VF CABLEMAX,0.0
7815,30 - 34,KBW,29.97,49.99,30.0,1.0,GIGAZUHAUSE KABEL,1.0
7816,45 - 49,KBW,49.99,44.98,30.0,0.0,RED INTERNET & PHONE CABLE U,0.0
7817,55 - 59,KBW,39.99,39.99,30.0,0.0,VF RIP U-TREUE,1.0
7818,30 - 34,KBW,44.98,39.99,30.0,0.0,VF RIP U-TREUE,0.0
7819,30 - 34,NRW,39.97,49.99,30.0,0.0,VF RIP U-TREUE,1.0
7820,55 - 59,NRW,39.98,39.97,30.0,0.0,VF RIP U-TREUE,1.0
7821,30 - 34,KBW,44.99,49.99,30.0,0.0,VF CABLEMAX,1.0
7822,55 - 59,KBW,39.99,34.96,30.0,0.0,VF CABLEMAX,0.0
7823,55 - 59,NRW,39.97,44.97,30.0,0.0,RED INTERNET & PHONE CABLE U,1.0
7824,25 - 29,NRW,44.98,44.97,30.0,0.0,RED INTERNET & PHONE CABLE U,1.0
7825,35 - 39,NRW,39.99,44.98,30.0,0.0,VF CABLEMAX,0.0
7826,40 - 44,KBW,37.97,44.99,30.0,0.0,RED INTERNET & PHONE CABLE U,1.0
7827,25 - 29,NRW,39.99,39.98,30.0,0.0,VF RIP U-TREUE,1.0
7828,40 - 44,NRW,39.97,44.99,30.0,0.0,RED INTERNET & PHONE CABLE U,0.0
7829,25 - 29,KBW,49.99,34.98,30.0,0.0,VF CABLEMAX,0.0
7830,25 - 29,HSN,44.99,39.99,30.0,0.0,RED INTERNET & PHONE CABLE U,0.0
7831,50 - 54,HSN,34.99,44.99,30.0,0.0,RED INTERNET & PHONE CABLE U,1.0
7832,25 - 29,NRW,34.98,49.98,30.0,0.0,RED INTERNET & PHONE CABLE U,1.0
7833,40 - 44,KBW,39.98,44.98,30.0,0.0,RED INTERNET & PHONE CABLE U,0.0
7834,75 - 79,NRW,44.99,49.99,30.0,0.0,RED INTERNET & PHONE CABLE U,1.0
7835,35 - 39,NRW,44.99,39.98,30.0,0.0,VF CABLEMAX,0.0
7836,35 - 39,NRW,39.97,44.99,30.0,0.0,GIGAZUHAUSE KABEL,1.0
7837,35 - 39,NRW,44.99,32.98,30.0,0.0,RED INTERNET & PHONE CABLE U,1.0
7838,25 - 29,NRW,34.98,44.99,30.0,0.0,RED INTERNET & PHONE CABLE U,0.0
7839,40 - 44,KBW,42.98,29.98,30.0,0.0,RED INTERNET & PHONE CABLE U,0.0
7840,35 - 39,KBW,49.99,39.99,30.0,0.0,GIGAZUHAUSE KABEL,1.0
7841,30 - 34,KBW,34.96,34.99,30.0,0.0,RED INTERNET & PHONE CABLE U,1.0
7842,35 - 39,HSN,39.99,29.97,30.0,0.0,RED INTERNET & PHONE CABLE U,0.0
7843,30 - 34,NRW,34.97,44.98,30.0,0.0,VF RIP U-TREUE,1.0
7844,55 - 59,KBW,44.99,39.98,30.0,0.0,VF CABLEMAX,1.0
7845,35 - 39,KBW,39.99,29.99,30.0,0.0,RED INTERNET & PHONE CABLE U,0.0
7846,60 - 64,NRW,49.96,44.99,30.0,0.0,GIGAZUHAUSE TREUE C,0.0
7847,30 - 34,KBW,49.99,45.98,30.0,0.0,RED INTERNET & PHONE CABLE U,1.0
7848,35 - 39,KBW,44.99,49.99,30.0,0.0,GIGAZUHAUSE KABEL,0.0
7849,30 - 34,NRW,44.99,34.98,30.0,0.0,VF CABLEMAX,1.0
7850,40 - 44,NRW,44.99,44.99,30.0,0.0,GIGAZUHAUSE KABEL,1.0
7851,30 - 34,NRW,44.99,39.99,30.0,0.0,RED INTERNET & PHONE CABLE U,1.0
7852,30 - 34,HSN,39.99,44.99,30.0,0.0,RED INTERNET & PHONE CABLE U,0.0
7853,35 - 39,NRW,34.97,44.98,30.0,0.0,RED INTERNET & PHONE CABLE U,1.0
7854,30 - 34,KBW,29.98,39.99,30.0,0.0,VF RIP U-TREUE,1.0
7855,55 - 59,NRW,34.99,34.99,30.0,0.0,RED INTERNET & PHONE CABLE U,0.0
7856,35 - 39,NRW,39.96,44.99,30.0,0.0,RED INTERNET & PHONE CABLE U,0.0
7857,40 - 44,KBW,44.99,39.99,30.0,0.0,RED INTERNET & PHONE CABLE U,1.0
7858,25 - 29,NRW,44.98,39.99,30.0,0.0,RED INTERNET & PHONE CABLE U,0.0
7859,40 - 44,HSN,39.99,44.97,30.0,0.0,VF RIP U-TREUE,1.0
7860,35 - 39,KBW,44.99,34.99,30.0,0.0,RED INTERNET & PHONE CABLE U,0.0
7861,40 - 44,NRW,44.98,49.98,30.0,0.0,RED INTERNET & PHONE CABLE U,1.0
7862,35 - 39,HSN,39.99,34.99,30.0,0.0,RED INTERNET & PHONE CABLE U,0.0
7863,50 - 54,NRW,39.98,44.99,30.0,0.0,RED INTERNET & PHONE CABLE U,1.0
7864,25 - 29,NRW,59.98,44.98,30.0,0.0,VF RIP U-TREUE,1.0
7865,30 - 34,NRW,34.98,39.98,30.0,0.0,RED INTERNET & PHONE CABLE U,1.0
7866,25 - 29,KBW,39.98,34.98,30.0,0.0,RED INTERNET & PHONE CABLE U,1.0
7867,35 - 39,KBW,39.98,39.99,30.0,0.0,RED INTERNET & PHONE CABLE U,0.0
7868,35 - 39,NRW,39.99,34.99,30.0,0.0,RED INTERNET & PHONE CABLE U,1.0
7869,50 - 54,NRW,39.99,39.98,30.0,0.0,RED INTERNET & PHONE CABLE U,0.0
7870,25 - 29,NRW,49.99,39.99,30.0,0.0,VF CABLEMAX,0.0
7871,70 - 74,HSN,39.99,55.97,30.0,0.0,VF RIP U-TREUE,1.0
7872,40 - 44,NRW,39.99,34.99,30.0,0.0,RED INTERNET & PHONE CABLE U,0.0
7873,70 - 74,NRW,39.99,44.99,30.0,0.0,RED INTERNET & PHONE CABLE U,1.0
7874,40 - 44,NRW,34.98,44.98,30.0,0.0,VF CABLEMAX,0.0
7875,35 - 39,KBW,44.99,49.99,30.0,0.0,RED INTERNET & PHONE CABLE U,1.0
7876,25 - 29,KBW,39.97,34.99,30.0,0.0,RED INTERNET & PHONE CABLE U,0.0
7877,55 - 59,NRW,39.99,37.99,30.0,0.0,RED INTERNET & PHONE CABLE U,0.0
7878,25 - 29,NRW,37.99,39.99,30.0,0.0,VF CABLEMAX,1.0
7879,18 - 24,NRW,34.98,39.99,30.0,0.0,RED INTERNET & PHONE CABLE U,1.0
7880,55 - 59,KBW,34.99,39.97,30.0,0.0,VF CABLEMAX,1.0
7881,55 - 59,NRW,44.98,39.99,30.0,0.0,RED INTERNET & PHONE CABLE U,0.0
7882,40 - 44,KBW,44.97,39.99,30.0,0.0,VF RIP U-TREUE,0.0
7883,80 and over,KBW,29.98,44.98,30.0,0.0,VF RIP U-TREUE,0.0
7884,40 - 44,KBW,24.98,39.99,30.0,0.0,VF RIP U-TREUE,1.0
7885,40 - 44,KBW,34.97,44.98,30.0,0.0,RED INTERNET & PHONE CABLE U,1.0
7886,40 - 44,KBW,39.98,49.98,30.0,0.0,RED INTERNET & PHONE CABLE U,0.0
7887,60 - 64,NRW,39.99,44.99,30.0,0.0,RED INTERNET & PHONE CABLE U,0.0
7888,60 - 64,NRW,34.99,44.99,30.0,0.0,RED INTERNET & PHONE CABLE U,1.0
7889,25 - 29,NRW,42.98,44.99,30.0,0.0,VF RIP U-TREUE,1.0
7890,50 - 54,KBW,39.98,44.97,30.0,0.0,VF RIP U-TREUE,1.0
7891,25 - 29,HSN,44.98,39.99,30.0,0.0,VF CABLEMAX,1.0
7892,35 - 39,KBW,44.98,44.98,30.0,0.0,RED INTERNET & PHONE CABLE U,1.0
7893,35 - 39,NRW,44.99,44.98,30.0,0.0,VF RIP U-TREUE,0.0
7894,35 - 39,NRW,38.99,44.98,30.0,0.0,RED INTERNET & PHONE CABLE U,0.0
7895,55 - 59,KBW,44.98,44.99,30.0,0.0,RED INTERNET & PHONE CABLE U,1.0
7896,30 - 34,NRW,39.99,44.99,30.0,0.0,GIGAZUHAUSE KABEL,1.0
7897,30 - 34,KBW,44.98,34.98,30.0,0.0,RED INTERNET & PHONE CABLE U,1.0
7898,25 - 29,NRW,44.99,44.98,30.0,0.0,RED INTERNET & PHONE CABLE U,0.0
7899,45 - 49,NRW,44.98,39.99,30.0,0.0,RED INTERNET & PHONE CABLE U,0.0
7900,45 - 49,NRW,44.97,29.99,30.0,0.0,RED INTERNET & PHONE CABLE U,0.0
7901,55 - 59,NRW,49.99,39.99,30.0,0.0,VF CABLEMAX,1.0
7902,35 - 39,NRW,62.98,59.99,30.0,0.0,VF RIP U-TREUE,0.0
7903,65 - 69,NRW,39.98,49.99,30.0,0.0,RED INTERNET & PHONE CABLE U,1.0
7904,30 - 34,NRW,39.99,44.99,30.0,0.0,VF CABLEMAX,1.0
7905,35 - 39,NRW,44.98,29.99,30.0,0.0,RED INTERNET & PHONE CABLE U,1.0
7906,50 - 54,NRW,29.98,37.99,30.0,0.0,VF CABLEMAX,1.0
7907,35 - 39,KBW,39.97,39.99,30.0,0.0,RED INTERNET & PHONE CABLE U,0.0
7908,55 - 59,KBW,32.99,39.98,30.0,0.0,RED INTERNET & PHONE CABLE U,0.0
7909,35 - 39,NRW,34.98,34.99,30.0,0.0,RED INTERNET & PHONE CABLE U,0.0
7910,55 - 59,KBW,44.98,44.98,30.0,0.0,RED INTERNET & PHONE CABLE U,0.0
7911,30 - 34,HSN,49.98,34.98,30.0,0.0,RED INTERNET & PHONE CABLE U,1.0
7912,45 - 49,NRW,37.97,39.97,30.0,0.0,GIGAZUHAUSE KABEL,0.0
7913,30 - 34,NRW,39.97,44.99,30.0,0.0,GIGAZUHAUSE KABEL,1.0
7914,35 - 39,NRW,54.97,32.99,30.0,0.0,RED INTERNET & PHONE CABLE U,0.0
7915,50 - 54,NRW,34.99,44.98,30.0,0.0,RED INTERNET & PHONE CABLE U,0.0
7916,25 - 29,NRW,54.98,34.99,30.0,0.0,RED INTERNET & PHONE CABLE U,1.0
7917,50 - 54,NRW,39.98,34.98,30.0,0.0,RED INTERNET & PHONE CABLE U,0.0
7918,35 - 39,NRW,34.98,49.99,30.0,0.0,VF RIP U-TREUE,1.0
7919,35 - 39,HSN,29.98,34.99,6.0,0.0,RED INTERNET & PHONE CABLE U,1.0
7920,18 - 24,KBW,39.98,39.99,30.0,0.0,VF CABLEMAX,1.0
7921,60 - 64,NRW,44.99,44.99,30.0,0.0,GIGAZUHAUSE KABEL,0.0
7922,55 - 59,NRW,44.99,34.97,30.0,0.0,RED INTERNET & PHONE CABLE U,1.0
7923,25 - 29,KBW,44.98,44.98,30.0,0.0,RED INTERNET & PHONE CABLE U,0.0
7924,60 - 64,NRW,44.99,39.98,30.0,0.0,VF CABLEMAX,0.0
7925,40 - 44,NRW,49.99,44.99,30.0,0.0,VF RIP U-TREUE,0.0
7926,35 - 39,KBW,37.99,44.98,30.0,0.0,VF RIP U-TREUE,1.0
7927,40 - 44,NRW,44.99,49.99,30.0,0.0,RED INTERNET & PHONE CABLE U,0.0
7928,40 - 44,KBW,54.97,34.99,30.0,0.0,RED INTERNET & PHONE CABLE U,1.0
7929,55 - 59,KBW,34.99,34.97,30.0,0.0,RED INTERNET & PHONE CABLE U,1.0
7930,55 - 59,HSN,39.99,42.99,30.0,0.0,RED INTERNET & PHONE CABLE U,1.0
7931,35 - 39,HSN,42.99,34.99,30.0,0.0,VF CABLEMAX,0.0
7932,40 - 44,NRW,39.98,39.99,30.0,0.0,VF RIP U-TREUE,0.0
7933,35 - 39,KBW,37.98,39.98,30.0,0.0,RED INTERNET & PHONE CABLE U,1.0
7935,40 - 44,NRW,44.98,44.98,30.0,0.0,VF CABLEMAX,1.0
7936,35 - 39,NRW,37.98,54.99,30.0,0.0,GIGAZUHAUSE KABEL,1.0
7937,40 - 44,NRW,39.98,54.99,30.0,0.0,RED INTERNET & PHONE CABLE U,1.0
7938,55 - 59,KBW,39.99,39.99,30.0,0.0,RED INTERNET & PHONE CABLE U,0.0
7939,60 - 64,HSN,44.97,29.99,30.0,0.0,RED INTERNET & PHONE CABLE U,1.0
7940,80 and over,NRW,39.99,39.98,30.0,0.0,RED INTERNET & PHONE CABLE U,0.0
7941,45 - 49,KBW,44.99,34.99,30.0,0.0,VF RIP U-TREUE,1.0
7942,45 - 49,NRW,49.98,39.98,30.0,0.0,VF RIP U-TREUE,0.0
7943,35 - 39,KBW,39.98,39.99,30.0,0.0,GIGAZUHAUSE KABEL,0.0
7944,35 - 39,NRW,44.97,34.97,30.0,0.0,RED INTERNET & PHONE CABLE U,1.0
7945,35 - 39,NRW,49.98,49.98,30.0,0.0,RED INTERNET & PHONE CABLE U,0.0
7946,40 - 44,NRW,39.99,37.99,30.0,0.0,RED INTERNET & PHONE CABLE U,0.0
7947,45 - 49,NRW,44.98,39.98,30.0,0.0,VF RIP U-TREUE,0.0
7948,65 - 69,NRW,49.99,39.98,30.0,0.0,VF CABLEMAX,1.0
7949,25 - 29,KBW,39.99,54.98,30.0,0.0,GIGAZUHAUSE KABEL,0.0
7950,60 - 64,KBW,44.98,39.99,30.0,0.0,VF RIP U-TREUE,0.0
7951,40 - 44,NRW,44.99,34.97,30.0,0.0,RED INTERNET & PHONE CABLE U,1.0
7952,35 - 39,NRW,34.99,49.99,30.0,0.0,VF RIP U-TREUE,0.0
7953,30 - 34,NRW,54.98,44.99,30.0,0.0,VF CABLEMAX,1.0
7954,35 - 39,NRW,34.97,44.98,30.0,0.0,RED INTERNET & PHONE CABLE U,1.0
7956,35 - 39,HSN,34.99,34.98,30.0,0.0,GIGAZUHAUSE KABEL,0.0
7957,45 - 49,HSN,44.98,49.98,30.0,0.0,RED INTERNET & PHONE CABLE U,0.0
7958,35 - 39,NRW,44.99,44.99,30.0,0.0,VF RIP U-TREUE,1.0
7959,55 - 59,NRW,39.99,37.99,30.0,0.0,VF RIP U-TREUE,0.0
7960,60 - 64,NRW,34.99,39.99,30.0,0.0,VF CABLEMAX,1.0
7961,18 - 24,NRW,49.98,39.98,30.0,0.0,RED INTERNET & PHONE CABLE U,0.0
7962,30 - 34,NRW,39.99,44.98,30.0,0.0,RED INTERNET & PHONE CABLE U,1.0
7963,35 - 39,KBW,44.99,44.99,30.0,0.0,VF RIP U-TREUE,1.0
7964,25 - 29,NRW,43.99,34.98,30.0,0.0,RED INTERNET & PHONE CABLE U,1.0
7965,35 - 39,NRW,39.99,44.99,30.0,0.0,RED INTERNET & PHONE CABLE U,0.0
7966,40 - 44,NRW,44.99,34.98,30.0,0.0,VF CABLEMAX,0.0
7967,30 - 34,NRW,44.98,39.98,30.0,0.0,GIGAZUHAUSE KABEL,0.0
7968,40 - 44,NRW,34.99,39.99,30.0,0.0,RED INTERNET & PHONE CABLE U,0.0
7969,40 - 44,NRW,29.98,69.97,30.0,0.0,RED INTERNET & PHONE CABLE U,1.0
7970,35 - 39,KBW,32.99,44.98,30.0,0.0,RED INTERNET & PHONE CABLE U,1.0
7971,45 - 49,KBW,59.99,34.98,30.0,0.0,VF CABLEMAX,0.0
7972,35 - 39,NRW,39.98,34.99,30.0,0.0,VF RIP U-TREUE,0.0
7973,70 - 74,NRW,39.99,29.98,30.0,0.0,GIGAZUHAUSE KABEL,1.0
7974,25 - 29,NRW,44.99,29.98,30.0,0.0,RED INTERNET & PHONE CABLE U,0.0
7975,55 - 59,KBW,39.99,39.99,30.0,0.0,RED INTERNET & PHONE CABLE U,1.0
7976,60 - 64,NRW,39.97,39.99,30.0,0.0,VF CABLEMAX,1.0
7977,30 - 34,NRW,39.99,44.99,30.0,0.0,RED INTERNET & PHONE CABLE U,1.0
7978,30 - 34,NRW,49.98,39.99,30.0,0.0,GIGAZUHAUSE KABEL,1.0
7979,40 - 44,NRW,34.99,39.98,30.0,0.0,VF RIP U-TREUE,1.0
7980,25 - 29,NRW,34.98,44.99,30.0,0.0,VF RIP U-TREUE,0.0
7981,65 - 69,KBW,34.98,39.99,30.0,0.0,RED INTERNET & PHONE CABLE U,1.0
7982,50 - 54,KBW,34.98,39.99,30.0,1.0,GIGAZUHAUSE KABEL,1.0
7983,30 - 34,KBW,49.99,49.99,30.0,0.0,RED INTERNET & PHONE CABLE U,0.0
7984,30 - 34,NRW,39.99,44.99,30.0,0.0,RED INTERNET & PHONE CABLE U,0.0
7985,30 - 34,NRW,44.99,39.99,30.0,0.0,RED INTERNET & PHONE CABLE U,1.0
7986,75 - 79,KBW,44.99,44.97,30.0,0.0,GIGAZUHAUSE KABEL,1.0
7987,40 - 44,NRW,44.99,44.98,44.99,0.0,VF CABLEMAX,0.0
7988,25 - 29,NRW,39.99,39.98,30.0,0.0,RED INTERNET & PHONE CABLE U,0.0
7989,80 and over,HSN,49.99,39.98,30.0,0.0,RED INTERNET & PHONE CABLE U,0.0
7990,30 - 34,NRW,39.97,39.98,30.0,0.0,VF CABLEMAX,0.0
7991,25 - 29,NRW,32.97,29.99,30.0,0.0,VF CABLEMAX,1.0
7992,35 - 39,NRW,39.99,34.99,30.0,0.0,RED INTERNET & PHONE CABLE U,1.0
7993,60 - 64,NRW,44.99,49.98,30.0,0.0,RED INTERNET & PHONE CABLE U,0.0
7994,30 - 34,HSN,44.98,34.99,30.0,0.0,RED INTERNET & PHONE CABLE U,0.0
7995,35 - 39,NRW,34.99,39.97,30.0,0.0,GIGAZUHAUSE KABEL,0.0
7996,40 - 44,NRW,44.97,44.98,30.0,0.0,RED INTERNET & PHONE CABLE U,1.0
7997,35 - 39,HSN,44.99,39.98,30.0,0.0,VF RIP U-TREUE,0.0
7998,35 - 39,NRW,44.98,34.99,30.0,0.0,RED INTERNET & PHONE CABLE U,0.0
7999,35 - 39,NRW,44.99,32.99,30.0,0.0,RED INTERNET & PHONE CABLE U,0.0
8000,45 - 49,HSN,34.99,44.99,30.0,0.0,VF CABLEMAX,1.0
8001,60 - 64,KBW,39.98,39.97,30.0,0.0,VF RIP U-TREUE,0.0
8002,25 - 29,HSN,44.99,29.98,30.0,0.0,RED INTERNET & PHONE CABLE U,1.0
8003,30 - 34,KBW,44.99,34.98,30.0,0.0,RED INTERNET & PHONE CABLE U,0.0
8004,55 - 59,KBW,39.99,34.98,30.0,0.0,RED INTERNET & PHONE CABLE U,0.0
8005,25 - 29,HSN,39.97,44.98,6.0,0.0,GIGAZUHAUSE KABEL,1.0
8006,60 - 64,NRW,29.99,44.97,30.0,0.0,RED INTERNET & PHONE CABLE U,1.0
8007,30 - 34,KBW,44.99,54.99,30.0,0.0,RED INTERNET & PHONE CABLE U,1.0
8008,30 - 34,KBW,29.99,39.99,30.0,0.0,GIGAZUHAUSE KABEL,1.0
8009,65 - 69,NRW,39.99,44.97,30.0,0.0,RED INTERNET & PHONE CABLE U,0.0
8010,40 - 44,NRW,39.98,39.97,30.0,0.0,RED INTERNET & PHONE CABLE U,1.0
8011,35 - 39,KBW,44.99,34.99,30.0,0.0,VF RIP U-TREUE,1.0
8012,18 - 24,KBW,42.98,29.98,30.0,0.0,VF RIP U-TREUE,1.0
8013,25 - 29,NRW,39.98,44.98,30.0,0.0,RED INTERNET & PHONE CABLE U,1.0
8014,55 - 59,NRW,44.99,44.98,30.0,0.0,RED INTERNET & PHONE CABLE U,0.0
8015,35 - 39,KBW,44.99,44.98,30.0,0.0,RED INTERNET & PHONE CABLE U,0.0
8016,55 - 59,KBW,49.99,44.98,30.0,0.0,RED INTERNET & PHONE CABLE U,1.0
8017,35 - 39,NRW,44.99,44.98,30.0,0.0,RED INTERNET & PHONE CABLE U,1.0
8018,55 - 59,KBW,34.99,49.98,30.0,0.0,VF RIP U-TREUE,1.0
8019,45 - 49,NRW,44.99,44.99,30.0,0.0,VF CABLEMAX,1.0
8020,50 - 54,KBW,34.99,39.99,30.0,0.0,RED INTERNET & PHONE CABLE U,1.0
8021,80 and over,NRW,44.98,49.98,30.0,0.0,RED INTERNET & PHONE CABLE U,0.0
8022,55 - 59,NRW,39.98,44.99,30.0,0.0,RED INTERNET & PHONE CABLE U,1.0
8023,35 - 39,NRW,39.99,39.99,30.0,0.0,GIGAZUHAUSE KABEL,1.0
8024,50 - 54,NRW,39.99,34.99,30.0,0.0,RED INTERNET & PHONE CABLE U,1.0
8025,40 - 44,NRW,39.98,39.99,30.0,0.0,RED INTERNET & PHONE CABLE U,1.0
8026,55 - 59,KBW,39.98,39.99,30.0,0.0,GIGAZUHAUSE KABEL,0.0
8027,50 - 54,NRW,32.98,39.99,30.0,0.0,RED INTERNET & PHONE CABLE U,0.0
8028,35 - 39,NRW,32.99,39.98,30.0,0.0,RED INTERNET & PHONE CABLE U,1.0
8029,35 - 39,NRW,39.98,49.99,30.0,0.0,RED INTERNET & PHONE CABLE U,1.0
8030,45 - 49,KBW,44.99,44.97,30.0,0.0,GIGAZUHAUSE KABEL,1.0
8031,55 - 59,NRW,39.98,39.99,30.0,0.0,3PLAY,0.0
8032,35 - 39,HSN,44.99,44.98,30.0,0.0,VF CABLEMAX,0.0
8033,35 - 39,KBW,44.98,39.99,30.0,0.0,RED INTERNET & PHONE CABLE U,1.0
8034,25 - 29,NRW,32.98,39.98,30.0,0.0,RED INTERNET & PHONE CABLE U,0.0
8035,80 and over,NRW,44.99,44.98,30.0,0.0,RED INTERNET & PHONE CABLE U,0.0
8036,60 - 64,HSN,39.98,39.98,30.0,0.0,RED INTERNET & PHONE CABLE U,1.0
8037,50 - 54,KBW,49.99,44.98,30.0,0.0,VF RIP U-TREUE,1.0
8038,60 - 64,KBW,34.98,49.98,30.0,0.0,VF CABLEMAX,0.0
8039,55 - 59,NRW,44.99,39.99,30.0,0.0,RED INTERNET & PHONE CABLE U,1.0
8040,40 - 44,NRW,34.99,34.98,30.0,0.0,VF RIP U-TREUE,1.0
8041,35 - 39,NRW,39.98,34.98,30.0,0.0,RED INTERNET & PHONE CABLE U,0.0
8042,55 - 59,HSN,34.99,39.98,30.0,0.0,RED INTERNET & PHONE CABLE U,1.0
8043,35 - 39,HSN,39.99,34.99,30.0,0.0,RED INTERNET & PHONE CABLE U,1.0
8044,40 - 44,KBW,34.97,39.99,30.0,0.0,GIGAZUHAUSE KABEL,0.0
8045,80 and over,HSN,29.98,39.99,30.0,0.0,GIGAZUHAUSE KABEL,1.0
8046,60 - 64,KBW,44.98,44.98,30.0,0.0,RED INTERNET & PHONE CABLE U,0.0
8047,40 - 44,NRW,49.99,44.99,30.0,0.0,RED INTERNET & PHONE CABLE U,0.0
8049,35 - 39,KBW,52.99,42.97,37.98,0.0,RED INTERNET & PHONE CABLE U,0.0
8050,35 - 39,NRW,44.98,32.99,30.0,0.0,GIGAZUHAUSE KABEL,1.0
8051,80 and over,NRW,39.98,39.98,30.0,0.0,RED INTERNET & PHONE CABLE U,1.0
8052,35 - 39,KBW,44.99,34.98,30.0,0.0,RED INTERNET & PHONE CABLE U,0.0
8053,55 - 59,HSN,48.98,44.98,30.0,0.0,GIGAZUHAUSE KABEL,0.0
8054,30 - 34,HSN,44.99,44.98,30.0,0.0,RED INTERNET & PHONE CABLE U,1.0
8055,30 - 34,KBW,34.98,44.99,30.0,0.0,RED INTERNET & PHONE CABLE U,0.0
8056,35 - 39,KBW,37.99,44.99,30.0,0.0,RED INTERNET & PHONE CABLE U,0.0
8057,35 - 39,NRW,39.97,39.98,30.0,0.0,VF RIP U-TREUE,0.0
8058,45 - 49,KBW,27.99,34.98,30.0,0.0,VF RIP U-TREUE,0.0
8059,35 - 39,HSN,34.99,58.99,30.0,0.0,VF CABLEMAX,1.0
8060,35 - 39,NRW,34.98,39.99,30.0,0.0,VF CABLEMAX,0.0
8061,40 - 44,KBW,49.99,34.99,30.0,0.0,VF RIP U-TREUE,0.0
8062,35 - 39,NRW,34.98,34.99,30.0,0.0,RED INTERNET & PHONE CABLE U,1.0
8063,50 - 54,NRW,34.99,49.97,30.0,0.0,RED INTERNET & PHONE CABLE U,0.0
8064,55 - 59,NRW,44.99,44.98,30.0,0.0,GIGAZUHAUSE KABEL,0.0
8065,55 - 59,NRW,44.99,34.98,30.0,0.0,RED INTERNET & PHONE CABLE U,0.0
8066,40 - 44,NRW,42.98,42.96,30.0,0.0,RED INTERNET & PHONE CABLE U,0.0
8067,35 - 39,NRW,44.99,34.98,30.0,0.0,GIGAZUHAUSE KABEL,1.0
8068,35 - 39,KBW,34.99,47.99,30.0,0.0,VF RIP U-TREUE,1.0
8069,25 - 29,KBW,34.99,49.99,30.0,0.0,RED INTERNET & PHONE CABLE U,1.0
8070,55 - 59,KBW,49.99,29.98,30.0,0.0,VF RIP U-TREUE,1.0
8071,40 - 44,NRW,39.98,69.97,30.0,0.0,GIGAZUHAUSE KABEL,0.0
8072,30 - 34,KBW,54.98,34.99,30.0,0.0,RED INTERNET & PHONE CABLE U,1.0
8073,30 - 34,NRW,34.99,34.99,30.0,0.0,VF CABLEMAX,1.0
8074,65 - 69,NRW,54.98,34.99,30.0,0.0,RED INTERNET & PHONE CABLE U,0.0
8075,60 - 64,NRW,44.99,29.98,30.0,0.0,RED INTERNET & PHONE CABLE U,0.0
8076,60 - 64,NRW,44.99,39.98,30.0,0.0,RED INTERNET & PHONE CABLE U,1.0
8077,40 - 44,HSN,34.98,39.99,30.0,0.0,RED INTERNET & PHONE CABLE U,0.0
8078,65 - 69,NRW,44.98,34.97,30.0,0.0,RED INTERNET & PHONE CABLE U,0.0
8079,35 - 39,KBW,49.97,29.99,30.0,0.0,VF RIP U-TREUE,0.0
8080,55 - 59,KBW,44.99,32.98,30.0,0.0,RED INTERNET & PHONE CABLE U,1.0
8081,55 - 59,NRW,39.99,29.99,30.0,0.0,RED INTERNET & PHONE CABLE U,0.0
8082,40 - 44,KBW,39.99,39.99,30.0,0.0,RED INTERNET & PHONE CABLE U,0.0
8083,25 - 29,KBW,58.98,39.99,30.0,0.0,RED INTERNET & PHONE CABLE U,0.0
8084,35 - 39,NRW,39.98,44.98,30.0,0.0,VF CABLEMAX,1.0
8085,30 - 34,KBW,34.99,44.99,30.0,0.0,VF CABLEMAX,1.0
8086,25 - 29,KBW,39.98,34.97,30.0,0.0,RED INTERNET & PHONE CABLE U,0.0
8087,50 - 54,NRW,44.98,37.96,30.0,0.0,RED INTERNET & PHONE CABLE U,0.0
8088,35 - 39,HSN,49.98,39.99,30.0,0.0,VF CABLEMAX,0.0
8089,35 - 39,NRW,54.99,39.98,30.0,0.0,VF RIP U-TREUE,0.0
8090,40 - 44,NRW,39.97,34.98,30.0,0.0,VF RIP U-TREUE,1.0
8091,45 - 49,NRW,39.99,29.99,30.0,0.0,VF RIP U-TREUE,1.0
8092,55 - 59,KBW,44.99,44.99,30.0,0.0,VF CABLEMAX,0.0
8093,25 - 29,HSN,29.98,44.99,30.0,0.0,VF RIP U-TREUE,1.0
8094,25 - 29,NRW,39.99,34.98,30.0,0.0,RED INTERNET & PHONE CABLE U,0.0
8095,25 - 29,KBW,34.99,44.99,30.0,0.0,RED INTERNET & PHONE CABLE U,1.0
8096,40 - 44,NRW,29.99,39.99,30.0,0.0,VF CABLEMAX,1.0
8097,50 - 54,NRW,44.99,44.99,30.0,0.0,RED INTERNET & PHONE CABLE U,0.0
8098,50 - 54,HSN,44.98,34.98,30.0,0.0,RED INTERNET & PHONE CABLE U,0.0
8099,30 - 34,NRW,44.97,34.99,30.0,0.0,RED INTERNET & PHONE CABLE U,1.0
8100,50 - 54,NRW,49.98,39.98,30.0,0.0,RED INTERNET & PHONE CABLE U,0.0
8101,35 - 39,NRW,44.99,49.99,30.0,0.0,RED INTERNET & PHONE CABLE U,0.0
8102,35 - 39,NRW,39.98,39.99,30.0,0.0,GIGAZUHAUSE KABEL,1.0
8103,40 - 44,HSN,44.98,39.99,30.0,0.0,VF RIP U-TREUE,1.0
8104,45 - 49,NRW,44.99,49.98,30.0,0.0,RED INTERNET & PHONE CABLE U,0.0
8105,50 - 54,HSN,44.98,34.99,30.0,0.0,RED INTERNET & PHONE CABLE U,0.0
8106,35 - 39,NRW,44.99,34.98,30.0,0.0,GIGAZUHAUSE KABEL,1.0
8107,60 - 64,NRW,44.99,39.99,30.0,0.0,RED INTERNET & PHONE CABLE U,0.0
8108,65 - 69,NRW,49.99,44.98,30.0,0.0,RED INTERNET & PHONE CABLE U,1.0
8109,50 - 54,KBW,44.98,34.99,30.0,0.0,VF RIP U-TREUE,0.0
8110,55 - 59,KBW,34.98,39.99,30.0,0.0,VF CABLEMAX,0.0
8111,30 - 34,NRW,39.98,39.99,30.0,0.0,RED INTERNET & PHONE CABLE U,0.0
8112,60 - 64,NRW,34.98,55.99,30.0,0.0,RED INTERNET & PHONE CABLE U,1.0
8113,25 - 29,NRW,42.99,37.99,30.0,0.0,VF RIP U-TREUE,1.0
8114,40 - 44,NRW,44.97,44.99,30.0,0.0,RED INTERNET & PHONE CABLE U,1.0
8115,50 - 54,NRW,34.99,49.99,30.0,0.0,VF CABLEMAX,1.0
8116,75 - 79,NRW,39.98,44.98,30.0,0.0,RED INTERNET & PHONE CABLE U,1.0
8117,35 - 39,NRW,34.99,39.99,30.0,0.0,GIGAZUHAUSE KABEL,0.0
8118,55 - 59,HSN,44.99,39.98,30.0,0.0,VF CABLEMAX,1.0
8119,30 - 34,NRW,32.99,39.99,30.0,0.0,VF CABLEMAX,0.0
8120,18 - 24,NRW,34.99,32.98,30.0,0.0,VF CABLEMAX,0.0
8121,35 - 39,NRW,34.99,54.98,30.0,0.0,VF RIP U-TREUE,0.0
8122,35 - 39,KBW,39.99,29.99,30.0,0.0,RED INTERNET & PHONE CABLE U,1.0
8123,60 - 64,KBW,34.98,39.98,30.0,0.0,RED INTERNET & PHONE CABLE U,1.0
8124,55 - 59,NRW,34.99,44.99,30.0,0.0,RED INTERNET & PHONE CABLE U,0.0
8125,55 - 59,NRW,32.98,34.99,30.0,0.0,RED INTERNET & PHONE CABLE U,0.0
8126,60 - 64,NRW,54.99,29.99,30.0,0.0,RED INTERNET & PHONE CABLE U,1.0
8127,55 - 59,NRW,39.98,39.99,30.0,0.0,RED INTERNET & PHONE CABLE U,0.0
8128,30 - 34,HSN,44.99,44.98,30.0,0.0,RED INTERNET & PHONE CABLE U,0.0
8129,25 - 29,KBW,39.98,34.98,30.0,0.0,RED INTERNET & PHONE CABLE U,0.0
8130,60 - 64,KBW,44.99,34.98,30.0,0.0,RED INTERNET & PHONE CABLE U,1.0
8131,35 - 39,HSN,44.98,49.98,30.0,0.0,VF RIP U-TREUE,1.0
8132,35 - 39,KBW,49.98,34.99,30.0,0.0,RED INTERNET & PHONE CABLE U,1.0
8133,30 - 34,NRW,39.97,49.99,30.0,0.0,RED INTERNET & PHONE CABLE U,0.0
8134,50 - 54,KBW,29.99,44.99,30.0,0.0,VF RIP U-TREUE,0.0
8135,35 - 39,NRW,34.98,37.98,30.0,0.0,RED INTERNET & PHONE CABLE U,1.0
8136,55 - 59,HSN,49.99,39.98,30.0,0.0,VF CABLEMAX,1.0
8137,30 - 34,HSN,44.98,44.97,30.0,0.0,VF RIP U-TREUE,1.0
8138,35 - 39,KBW,39.98,39.99,30.0,0.0,RED INTERNET & PHONE CABLE U,0.0
8139,35 - 39,NRW,44.99,44.98,30.0,0.0,VF RIP U-TREUE,0.0
8140,35 - 39,KBW,39.98,39.95,30.0,0.0,GIGAZUHAUSE KABEL,0.0
8141,50 - 54,NRW,37.99,44.98,30.0,0.0,GIGAZUHAUSE KABEL,1.0
8142,40 - 44,HSN,34.99,39.98,30.0,0.0,GIGAZUHAUSE KABEL,0.0
8143,60 - 64,NRW,34.98,39.98,30.0,0.0,VF RIP U-TREUE,1.0
8144,30 - 34,NRW,32.99,44.99,30.0,0.0,RED INTERNET & PHONE CABLE U,0.0
8145,40 - 44,NRW,32.99,39.98,30.0,0.0,VF CABLEMAX,0.0
8146,60 - 64,KBW,29.99,39.98,30.0,0.0,RED INTERNET & PHONE CABLE U,1.0
8147,30 - 34,NRW,34.99,29.99,30.0,0.0,RED INTERNET & PHONE CABLE U,1.0
8148,40 - 44,KBW,54.98,39.97,30.0,0.0,RED INTERNET & PHONE CABLE U,0.0
8149,25 - 29,KBW,44.96,44.98,30.0,0.0,RED INTERNET & PHONE CABLE U,0.0
8150,25 - 29,NRW,34.98,49.99,30.0,0.0,RED INTERNET & PHONE CABLE U,1.0
8151,70 - 74,KBW,49.99,49.98,30.0,0.0,RED INTERNET & PHONE CABLE U,0.0
8152,30 - 34,KBW,44.98,34.99,30.0,0.0,RED INTERNET & PHONE CABLE U,0.0
8154,30 - 34,NRW,44.98,39.99,30.0,0.0,VF CABLEMAX,1.0
8155,35 - 39,NRW,34.98,44.97,30.0,0.0,RED INTERNET & PHONE CABLE U,1.0
8156,55 - 59,NRW,44.98,39.98,30.0,0.0,RED INTERNET & PHONE CABLE U,1.0
8157,35 - 39,NRW,44.98,34.99,30.0,0.0,RED INTERNET & PHONE CABLE U,1.0
8158,60 - 64,KBW,39.99,39.98,30.0,0.0,RED INTERNET & PHONE CABLE U,1.0
8159,55 - 59,NRW,44.99,34.99,30.0,0.0,RED INTERNET & PHONE CABLE U,1.0
8160,35 - 39,HSN,44.98,39.98,30.0,0.0,GIGAZUHAUSE KABEL,0.0
8161,40 - 44,KBW,39.99,39.98,30.0,0.0,RED INTERNET & PHONE CABLE U,0.0
8162,50 - 54,KBW,29.98,39.98,30.0,0.0,VF RIP U-TREUE,0.0
8163,35 - 39,KBW,44.97,29.98,30.0,0.0,VF RIP U-TREUE,1.0
8164,60 - 64,KBW,34.99,34.99,30.0,0.0,VF CABLEMAX,0.0
8165,50 - 54,NRW,34.99,39.98,30.0,0.0,VF CABLEMAX,1.0
8166,30 - 34,KBW,34.99,39.99,30.0,0.0,RED INTERNET & PHONE CABLE U,1.0
8167,35 - 39,KBW,42.99,39.98,30.0,0.0,RED INTERNET & PHONE CABLE U,1.0
8168,45 - 49,KBW,34.98,34.98,30.0,0.0,VF CABLEMAX,1.0
8169,35 - 39,KBW,49.96,39.99,30.0,0.0,VF CABLEMAX,1.0
8170,80 and over,NRW,49.99,34.97,30.0,0.0,GIGAZUHAUSE KABEL,0.0
8171,30 - 34,HSN,39.99,44.99,30.0,0.0,VF RIP U-TREUE,0.0
8172,25 - 29,NRW,42.98,37.99,30.0,0.0,GIGAZUHAUSE TREUE C,1.0
8173,35 - 39,NRW,39.98,44.98,30.0,0.0,RED INTERNET & PHONE CABLE U,1.0
8174,30 - 34,KBW,39.99,39.98,30.0,0.0,VF CABLEMAX,1.0
8175,60 - 64,NRW,34.99,44.98,30.0,0.0,RED INTERNET & PHONE CABLE U,0.0
8176,50 - 54,NRW,44.99,49.99,30.0,0.0,RED INTERNET & PHONE CABLE U,0.0
8177,25 - 29,NRW,44.99,44.98,30.0,0.0,RED INTERNET & PHONE CABLE U,0.0
8178,40 - 44,NRW,39.97,29.98,30.0,0.0,GIGAZUHAUSE KABEL,0.0
8179,35 - 39,NRW,39.96,34.99,30.0,0.0,GIGAZUHAUSE KABEL,0.0
8180,35 - 39,KBW,34.99,34.97,30.0,0.0,VF RIP U-TREUE,1.0
8181,35 - 39,NRW,44.98,37.97,30.0,0.0,VF RIP U-TREUE,1.0
8182,60 - 64,NRW,44.98,39.99,30.0,0.0,GIGAZUHAUSE KABEL,1.0
8183,55 - 59,HSN,44.99,44.98,30.0,0.0,RED INTERNET & PHONE CABLE U,1.0
8184,40 - 44,NRW,44.98,49.98,30.0,0.0,RED INTERNET & PHONE CABLE U,1.0
8185,35 - 39,NRW,37.99,44.99,30.0,0.0,RED INTERNET & PHONE CABLE U,1.0
8186,35 - 39,HSN,34.99,44.99,30.0,0.0,VF CABLEMAX,0.0
8187,60 - 64,NRW,34.98,44.99,30.0,0.0,RED INTERNET & PHONE CABLE U,1.0
8188,35 - 39,NRW,44.99,39.98,30.0,0.0,RED INTERNET & PHONE CABLE U,0.0
8189,35 - 39,NRW,34.99,39.98,30.0,0.0,RED INTERNET & PHONE CABLE U,1.0
8190,55 - 59,NRW,39.98,39.99,30.0,0.0,VF CABLEMAX,1.0
8191,25 - 29,NRW,34.97,39.98,30.0,0.0,GIGAZUHAUSE KABEL,1.0
8192,80 and over,NRW,29.98,39.98,30.0,0.0,GIGAZUHAUSE KABEL,0.0
8193,55 - 59,HSN,44.98,44.99,30.0,0.0,RED INTERNET & PHONE CABLE U,0.0
8194,65 - 69,NRW,69.99,44.99,30.0,0.0,VF RIP U-TREUE,1.0
8195,40 - 44,KBW,39.98,44.99,30.0,0.0,VF RIP U-TREUE,0.0
8196,35 - 39,HSN,49.98,29.98,30.0,0.0,GIGAZUHAUSE TREUE B,1.0
8197,40 - 44,NRW,48.99,34.98,30.0,0.0,RED INTERNET & PHONE CABLE U,0.0
8198,30 - 34,NRW,29.99,44.98,30.0,0.0,RED INTERNET & PHONE CABLE U,0.0
8199,25 - 29,HSN,44.98,39.98,30.0,0.0,VF RIP U-TREUE,0.0
8200,30 - 34,NRW,29.98,34.99,30.0,0.0,RED INTERNET & PHONE CABLE U,1.0
8201,40 - 44,KBW,34.98,44.98,30.0,0.0,RED INTERNET & PHONE CABLE U,1.0
8202,30 - 34,NRW,39.99,34.99,30.0,0.0,RED INTERNET & PHONE CABLE U,1.0
8203,70 - 74,NRW,42.98,49.97,30.0,0.0,VF CABLEMAX,0.0
8204,45 - 49,KBW,44.98,39.99,30.0,0.0,RED INTERNET & PHONE CABLE U,0.0
8205,25 - 29,HSN,34.99,49.98,30.0,0.0,VF CABLEMAX,1.0
8206,65 - 69,NRW,39.98,44.99,30.0,0.0,RED INTERNET & PHONE CABLE U,0.0
8207,55 - 59,KBW,49.98,34.99,30.0,0.0,VF CABLEMAX,1.0
8208,30 - 34,KBW,44.99,39.99,30.0,0.0,RED INTERNET & PHONE CABLE U,1.0
8209,40 - 44,NRW,39.98,29.99,30.0,0.0,RED INTERNET & PHONE CABLE U,1.0
8210,35 - 39,NRW,44.99,29.98,30.0,0.0,RED INTERNET & PHONE CABLE U,0.0
8211,80 and over,KBW,39.97,29.98,30.0,0.0,VF RIP U-TREUE,1.0
8212,25 - 29,NRW,39.99,29.98,30.0,0.0,RED INTERNET & PHONE CABLE U,0.0
8213,35 - 39,KBW,44.98,29.99,30.0,0.0,RED INTERNET & PHONE CABLE U,1.0
8214,65 - 69,NRW,29.97,44.98,30.0,0.0,RED INTERNET & PHONE CABLE U,1.0
8215,40 - 44,NRW,44.99,44.98,30.0,0.0,RED INTERNET & PHONE CABLE U,0.0
8216,60 - 64,HSN,54.98,44.98,30.0,0.0,GIGAZUHAUSE KABEL,1.0
8217,50 - 54,NRW,34.98,39.99,30.0,0.0,RED INTERNET & PHONE CABLE U,0.0
8218,50 - 54,KBW,44.98,34.99,30.0,0.0,GIGAZUHAUSE KABEL,1.0
8219,55 - 59,NRW,42.99,34.97,30.0,0.0,VF RIP U-TREUE,0.0
8220,50 - 54,KBW,42.97,29.98,30.0,0.0,VF RIP U-TREUE,1.0
8221,30 - 34,HSN,39.99,39.98,30.0,0.0,RED INTERNET & PHONE CABLE U,0.0
8222,60 - 64,KBW,44.99,44.99,30.0,0.0,RED INTERNET & PHONE CABLE U,0.0
8223,50 - 54,NRW,44.98,44.98,30.0,0.0,RED INTERNET & PHONE CABLE U,0.0
8224,60 - 64,NRW,39.98,39.98,30.0,0.0,RED INTERNET & PHONE CABLE U,1.0
8225,35 - 39,KBW,34.99,39.98,30.0,0.0,GIGAZUHAUSE TREUE C,0.0
8226,35 - 39,KBW,44.99,44.99,30.0,0.0,RED INTERNET & PHONE CABLE U,1.0
8227,65 - 69,KBW,39.99,39.99,30.0,0.0,VF CABLEMAX,1.0
8228,30 - 34,NRW,39.97,39.99,30.0,0.0,VF RIP U-TREUE,0.0
8229,30 - 34,NRW,44.99,29.99,30.0,0.0,VF RIP U-TREUE,0.0
8230,40 - 44,KBW,39.98,39.98,30.0,0.0,RED INTERNET & PHONE CABLE U,0.0
8231,55 - 59,NRW,39.98,34.98,30.0,0.0,VF CABLEMAX,1.0
8232,35 - 39,HSN,44.98,34.99,30.0,0.0,GIGAZUHAUSE KABEL,1.0
8233,45 - 49,HSN,52.98,39.98,30.0,0.0,VF RIP U-TREUE,1.0
8234,40 - 44,NRW,34.98,39.98,30.0,1.0,RED INTERNET & PHONE CABLE U,1.0
8235,55 - 59,HSN,44.98,44.97,30.0,0.0,VF RIP U-TREUE,0.0
8236,60 - 64,NRW,44.99,44.98,30.0,0.0,VF CABLEMAX,0.0
8237,35 - 39,NRW,44.99,49.99,30.0,0.0,RED INTERNET & PHONE CABLE U,1.0
8238,30 - 34,NRW,34.99,44.99,30.0,0.0,VF RIP U-TREUE,1.0
8239,60 - 64,NRW,39.98,39.99,30.0,0.0,VF RIP U-TREUE,0.0
8240,55 - 59,KBW,44.99,39.99,30.0,0.0,VF RIP U-TREUE,0.0
8241,25 - 29,NRW,44.98,37.98,30.0,0.0,RED INTERNET & PHONE CABLE U,0.0
8242,40 - 44,HSN,49.97,42.99,30.0,0.0,VF RIP U-TREUE,1.0
8243,35 - 39,KBW,39.99,54.98,30.0,0.0,RED INTERNET & PHONE CABLE U,1.0
8244,35 - 39,NRW,39.97,49.98,30.0,0.0,RED INTERNET & PHONE CABLE U,1.0
8245,50 - 54,NRW,39.98,39.99,30.0,0.0,VF RIP U-TREUE,0.0
8246,55 - 59,NRW,49.98,49.99,30.0,0.0,RED INTERNET & PHONE CABLE U,0.0
8247,55 - 59,KBW,32.98,42.99,30.0,0.0,RED INTERNET & PHONE CABLE U,1.0
8248,25 - 29,NRW,39.97,39.99,30.0,0.0,VF RIP U-TREUE,0.0
8249,30 - 34,HSN,42.99,49.99,30.0,0.0,GIGAZUHAUSE KABEL,1.0
8250,35 - 39,NRW,44.98,49.98,30.0,0.0,RED INTERNET & PHONE CABLE U,1.0
8251,40 - 44,NRW,44.98,39.99,30.0,0.0,VF CABLEMAX,1.0
8252,80 and over,NRW,39.97,49.98,30.0,0.0,RED INTERNET & PHONE CABLE U,1.0
8253,25 - 29,NRW,49.99,42.99,30.0,0.0,GIGAZUHAUSE KABEL,0.0
8254,18 - 24,HSN,49.98,49.99,30.0,0.0,GIGAZUHAUSE KABEL,0.0
8255,55 - 59,NRW,39.98,39.98,30.0,0.0,VF RIP U-TREUE,0.0
8256,55 - 59,NRW,44.99,39.98,30.0,0.0,VF RIP U-TREUE,1.0
8257,35 - 39,NRW,42.98,39.99,30.0,0.0,VF CABLEMAX,0.0
8258,45 - 49,NRW,44.97,34.99,30.0,0.0,VF RIP U-TREUE,1.0
8259,30 - 34,NRW,39.98,39.98,30.0,0.0,VF CABLEMAX,0.0
8260,55 - 59,NRW,54.98,44.99,30.0,0.0,VF CABLEMAX,1.0
8261,30 - 34,NRW,39.98,39.99,30.0,0.0,GIGAZUHAUSE KABEL,0.0
8262,55 - 59,KBW,44.99,39.99,30.0,0.0,VF CABLEMAX,1.0
8263,40 - 44,NRW,34.99,44.98,30.0,0.0,RED INTERNET & PHONE CABLE U,1.0
8264,40 - 44,NRW,39.99,32.99,30.0,0.0,RED INTERNET & PHONE CABLE U,0.0
8265,35 - 39,NRW,44.98,39.98,30.0,0.0,RED INTERNET & PHONE CABLE U,1.0
8266,40 - 44,KBW,44.99,34.99,30.0,0.0,RED INTERNET & PHONE CABLE U,0.0
8267,40 - 44,KBW,62.99,44.99,30.0,0.0,VF RIP U-TREUE,0.0
8268,50 - 54,KBW,34.99,44.97,30.0,0.0,RED INTERNET & PHONE CABLE U,1.0
8269,30 - 34,KBW,39.97,29.99,30.0,0.0,VF RIP U-TREUE,0.0
8270,55 - 59,KBW,39.99,39.99,30.0,0.0,GIGAZUHAUSE KABEL,1.0
8271,25 - 29,KBW,44.97,39.98,30.0,0.0,RED INTERNET & PHONE CABLE U,0.0
8272,60 - 64,NRW,39.99,39.99,30.0,0.0,RED INTERNET & PHONE CABLE U,1.0
8273,55 - 59,NRW,44.98,39.99,30.0,0.0,GIGAZUHAUSE KABEL,0.0
8274,50 - 54,NRW,39.99,49.97,30.0,0.0,VF CABLEMAX,0.0
8275,55 - 59,NRW,44.99,59.99,30.0,0.0,GIGAZUHAUSE KABEL,1.0
8276,60 - 64,HSN,44.98,37.99,30.0,0.0,VF CABLEMAX,1.0
8277,25 - 29,NRW,39.97,39.98,30.0,0.0,RED INTERNET & PHONE CABLE U,0.0
8278,40 - 44,KBW,34.97,32.98,30.0,0.0,VF CABLEMAX,0.0
8279,55 - 59,HSN,39.99,34.99,30.0,0.0,VF CABLEMAX,1.0
8280,40 - 44,NRW,39.99,44.98,30.0,0.0,RED INTERNET & PHONE CABLE U,1.0
8281,30 - 34,KBW,39.98,39.99,30.0,0.0,RED INTERNET & PHONE CABLE U,1.0
8282,35 - 39,NRW,39.99,49.97,30.0,0.0,GIGAZUHAUSE KABEL,0.0
8283,35 - 39,NRW,39.98,37.99,30.0,0.0,RED INTERNET & PHONE CABLE U,0.0
8284,30 - 34,NRW,39.99,44.98,30.0,0.0,RED INTERNET & PHONE CABLE U,1.0
8285,40 - 44,KBW,44.97,34.99,30.0,0.0,RED INTERNET & PHONE CABLE U,0.0
8286,30 - 34,NRW,54.99,39.98,30.0,0.0,GIGAZUHAUSE KABEL,1.0
8287,40 - 44,NRW,44.99,34.98,30.0,0.0,VF CABLEMAX,1.0
8288,50 - 54,NRW,39.98,44.98,30.0,0.0,GIGAZUHAUSE KABEL,0.0
8289,25 - 29,NRW,44.98,39.99,30.0,0.0,RED INTERNET & PHONE CABLE U,1.0
8290,55 - 59,KBW,44.99,34.99,30.0,0.0,RED INTERNET & PHONE CABLE U,0.0
8291,45 - 49,NRW,44.99,39.99,30.0,0.0,GIGAZUHAUSE KABEL,1.0
8292,40 - 44,NRW,44.99,39.98,30.0,0.0,RED INTERNET & PHONE CABLE U,1.0
8293,55 - 59,KBW,39.99,34.97,30.0,0.0,RED INTERNET & PHONE CABLE U,0.0
8294,65 - 69,KBW,44.98,49.99,30.0,0.0,VF CABLEMAX,1.0
8295,70 - 74,KBW,34.98,39.97,30.0,0.0,RED INTERNET & PHONE CABLE U,0.0
8296,35 - 39,NRW,44.99,39.99,30.0,0.0,RED INTERNET & PHONE CABLE U,0.0
8297,30 - 34,NRW,45.98,44.99,30.0,0.0,RED INTERNET & PHONE CABLE U,1.0
8298,35 - 39,HSN,39.98,34.99,30.0,0.0,RED INTERNET & PHONE CABLE U,1.0
8299,35 - 39,NRW,39.99,39.99,30.0,0.0,RED INTERNET & PHONE CABLE U,1.0
8300,30 - 34,NRW,44.99,39.98,30.0,0.0,VF RIP U-TREUE,0.0
8301,55 - 59,HSN,44.98,32.98,30.0,0.0,VF CABLEMAX,0.0
8302,60 - 64,KBW,39.98,39.98,30.0,0.0,VF RIP U-TREUE,0.0
8303,25 - 29,KBW,39.99,34.97,30.0,0.0,RED INTERNET & PHONE CABLE U,1.0
8304,30 - 34,NRW,39.99,37.99,30.0,0.0,GIGAZUHAUSE TREUE B,0.0
8305,40 - 44,KBW,44.98,34.99,30.0,0.0,RED INTERNET & PHONE CABLE U,0.0
8306,45 - 49,KBW,34.99,39.99,30.0,0.0,RED INTERNET & PHONE CABLE U,1.0
8307,50 - 54,KBW,39.98,37.97,30.0,0.0,RED INTERNET & PHONE CABLE U,0.0
8308,50 - 54,NRW,43.99,54.99,30.0,0.0,VF RIP U-TREUE,1.0
8309,75 - 79,NRW,39.99,39.97,30.0,0.0,RED INTERNET & PHONE CABLE U,0.0
8310,40 - 44,KBW,39.98,44.99,30.0,0.0,GIGAZUHAUSE KABEL,1.0
8311,50 - 54,NRW,37.99,44.99,30.0,0.0,VF CABLEMAX,1.0
8312,50 - 54,HSN,44.98,34.98,30.0,0.0,RED INTERNET & PHONE CABLE U,0.0
8313,55 - 59,NRW,34.99,39.99,30.0,0.0,RED INTERNET & PHONE CABLE U,1.0
8314,40 - 44,NRW,39.98,44.99,30.0,0.0,VF RIP U-TREUE,0.0
8315,35 - 39,KBW,44.98,44.97,30.0,0.0,RED INTERNET & PHONE CABLE U,0.0
8316,40 - 44,NRW,39.99,44.98,30.0,0.0,RED INTERNET & PHONE CABLE U,0.0
8317,30 - 34,NRW,39.99,44.97,30.0,0.0,VF CABLEMAX,1.0
8318,25 - 29,KBW,39.99,34.99,6.0,0.0,VF RIP U-TREUE,1.0
8319,45 - 49,NRW,39.98,44.99,30.0,0.0,VF RIP U-TREUE,0.0
8320,55 - 59,KBW,34.98,39.99,30.0,0.0,RED INTERNET & PHONE CABLE U,1.0
8321,50 - 54,NRW,49.98,44.99,30.0,0.0,VF RIP U-TREUE,0.0
8322,25 - 29,NRW,34.98,44.99,30.0,0.0,VF RIP U-TREUE,1.0
8323,40 - 44,KBW,34.99,44.97,30.0,0.0,RED INTERNET & PHONE CABLE U,0.0
8324,55 - 59,KBW,69.99,49.98,30.0,0.0,RED INTERNET & PHONE CABLE U,1.0
8325,18 - 24,KBW,39.98,42.99,30.0,0.0,RED INTERNET & PHONE CABLE U,0.0
8326,40 - 44,NRW,34.98,34.98,30.0,0.0,GIGAZUHAUSE KABEL,1.0
8327,35 - 39,NRW,39.99,34.99,30.0,0.0,RED INTERNET & PHONE CABLE U,1.0
8328,35 - 39,NRW,42.98,34.98,30.0,0.0,VF RIP U-TREUE,1.0
8329,30 - 34,NRW,39.99,39.98,30.0,0.0,VF CABLEMAX,1.0
8330,35 - 39,NRW,39.98,73.98,30.0,0.0,VF CABLEMAX,1.0
8331,35 - 39,NRW,34.98,44.99,30.0,0.0,RED INTERNET & PHONE CABLE U,1.0
8332,35 - 39,NRW,39.99,42.97,6.0,0.0,RED INTERNET & PHONE CABLE U,1.0
8333,35 - 39,NRW,34.98,39.99,30.0,0.0,VF RIP U-TREUE,0.0
8334,30 - 34,KBW,39.98,34.99,30.0,0.0,RED INTERNET & PHONE CABLE U,1.0
8335,35 - 39,KBW,29.98,42.98,30.0,0.0,VF RIP U-TREUE,1.0
8336,40 - 44,NRW,39.98,39.98,30.0,0.0,VF RIP U-TREUE,1.0
8337,80 and over,NRW,39.98,39.99,30.0,0.0,VF RIP U-TREUE,0.0
8338,25 - 29,NRW,39.99,34.99,30.0,0.0,GIGAZUHAUSE KABEL,1.0
8339,40 - 44,NRW,49.98,34.98,30.0,0.0,GIGAZUHAUSE KABEL,1.0
8340,25 - 29,KBW,37.98,34.99,30.0,0.0,VF RIP U-TREUE,1.0
8341,60 - 64,KBW,44.99,39.98,30.0,0.0,RED INTERNET & PHONE CABLE U,0.0
8342,35 - 39,NRW,39.99,44.99,30.0,0.0,RED INTERNET & PHONE CABLE U,0.0
8343,35 - 39,NRW,34.99,39.99,30.0,0.0,VF CABLEMAX,0.0
8344,45 - 49,HSN,44.99,29.99,30.0,0.0,RED INTERNET & PHONE CABLE U,0.0
8345,30 - 34,HSN,34.99,39.99,30.0,0.0,RED INTERNET & PHONE CABLE U,1.0
8346,35 - 39,NRW,39.99,44.98,30.0,0.0,VF RIP U-TREUE,0.0
8347,25 - 29,NRW,49.97,34.97,30.0,0.0,RED INTERNET & PHONE CABLE U,0.0
8348,25 - 29,NRW,39.99,34.97,30.0,0.0,RED INTERNET & PHONE CABLE U,1.0
8349,40 - 44,NRW,39.99,44.98,30.0,0.0,RED INTERNET & PHONE CABLE U,0.0
8350,55 - 59,NRW,39.98,44.98,30.0,0.0,GIGAZUHAUSE KABEL,0.0
8351,50 - 54,HSN,39.99,44.98,30.0,0.0,RED INTERNET & PHONE CABLE U,0.0
8352,55 - 59,HSN,42.99,44.98,30.0,0.0,VF RIP U-TREUE,1.0
8353,60 - 64,NRW,44.98,34.99,30.0,0.0,RED INTERNET & PHONE CABLE U,1.0
8354,35 - 39,NRW,34.97,39.99,30.0,1.0,VF RIP U-TREUE,1.0
8355,35 - 39,NRW,44.97,42.99,30.0,0.0,GIGAZUHAUSE KABEL,0.0
8356,35 - 39,NRW,37.98,54.96,30.0,0.0,VF RIP U-TREUE,1.0
8357,55 - 59,NRW,44.98,29.98,30.0,0.0,RED INTERNET & PHONE CABLE U,1.0
8358,45 - 49,HSN,39.99,39.98,30.0,0.0,VF CABLEMAX,0.0
8359,60 - 64,KBW,39.99,39.99,30.0,0.0,RED INTERNET & PHONE CABLE U,1.0
8360,50 - 54,NRW,34.99,37.98,30.0,0.0,RED INTERNET & PHONE CABLE U,1.0
8361,40 - 44,KBW,39.98,44.98,30.0,0.0,RED INTERNET & PHONE CABLE U,0.0
8362,40 - 44,KBW,44.98,34.98,30.0,0.0,RED INTERNET & PHONE CABLE U,0.0
8363,35 - 39,NRW,44.99,39.98,30.0,0.0,VF RIP U-TREUE,1.0
8364,55 - 59,KBW,49.99,44.99,30.0,0.0,RED INTERNET & PHONE CABLE U,1.0
8365,45 - 49,NRW,49.99,39.98,30.0,0.0,RED INTERNET & PHONE CABLE U,1.0
8366,60 - 64,HSN,34.98,62.99,30.0,0.0,RED INTERNET & PHONE CABLE U,0.0
8367,30 - 34,NRW,49.99,39.99,30.0,0.0,RED INTERNET & PHONE CABLE U,1.0
8368,50 - 54,KBW,44.99,39.99,30.0,0.0,VF RIP U-TREUE,1.0
8369,40 - 44,NRW,54.99,39.98,30.0,0.0,GIGAZUHAUSE KABEL,0.0
8370,50 - 54,HSN,34.98,44.99,30.0,0.0,VF RIP U-TREUE,1.0
8371,35 - 39,KBW,39.99,49.99,30.0,0.0,RED INTERNET & PHONE CABLE U,0.0
8372,40 - 44,NRW,44.99,49.99,30.0,0.0,RED INTERNET & PHONE CABLE U,1.0
8373,35 - 39,NRW,39.99,34.98,30.0,0.0,RED INTERNET & PHONE CABLE U,0.0
8374,35 - 39,HSN,39.98,47.99,30.0,0.0,RED INTERNET & PHONE CABLE U,1.0
8375,30 - 34,HSN,49.99,44.99,30.0,0.0,VF RIP U-TREUE,1.0
8376,50 - 54,HSN,34.99,34.98,30.0,0.0,VF CABLEMAX,0.0
8377,40 - 44,HSN,44.98,44.98,30.0,0.0,RED INTERNET & PHONE CABLE U,0.0
8378,40 - 44,HSN,34.98,49.99,30.0,0.0,RED INTERNET & PHONE CABLE U,0.0
8379,50 - 54,NRW,44.99,44.98,30.0,0.0,GIGAZUHAUSE KABEL,0.0
8380,25 - 29,KBW,34.99,39.98,30.0,0.0,VF CABLEMAX,1.0
8381,40 - 44,KBW,34.96,34.98,30.0,0.0,RED INTERNET & PHONE CABLE U,0.0
8382,30 - 34,NRW,47.99,44.98,30.0,0.0,VF RIP U-TREUE,0.0
8383,40 - 44,NRW,44.99,39.99,30.0,0.0,RED INTERNET & PHONE CABLE U,1.0
8384,25 - 29,HSN,34.99,52.99,30.0,0.0,RED INTERNET & PHONE CABLE U,1.0
8385,35 - 39,KBW,34.98,29.99,30.0,0.0,GIGAZUHAUSE KABEL,0.0
8386,70 - 74,NRW,54.98,44.98,30.0,0.0,GIGAZUHAUSE KABEL,0.0
8387,30 - 34,KBW,39.98,39.99,30.0,0.0,VF CABLEMAX,1.0
8388,80 and over,HSN,39.99,44.97,30.0,0.0,VF RIP U-TREUE,1.0
8389,35 - 39,NRW,42.99,44.99,30.0,0.0,GIGAZUHAUSE KABEL,0.0
8390,35 - 39,NRW,39.99,44.97,30.0,0.0,RED INTERNET & PHONE CABLE U,1.0
8391,40 - 44,HSN,49.98,34.98,30.0,0.0,RED INTERNET & PHONE CABLE U,0.0
8392,50 - 54,HSN,39.99,24.99,30.0,0.0,VF CABLEMAX,0.0
8393,50 - 54,NRW,34.99,29.98,30.0,0.0,VF CABLEMAX,1.0
8394,35 - 39,KBW,39.98,44.98,30.0,1.0,RED INTERNET & PHONE CABLE U,0.0
8395,50 - 54,NRW,42.98,39.99,30.0,0.0,VF RIP U-TREUE,1.0
8396,40 - 44,NRW,39.98,34.98,30.0,0.0,RED INTERNET & PHONE CABLE U,1.0
8397,40 - 44,NRW,54.98,44.99,30.0,0.0,RED INTERNET & PHONE CABLE U,0.0
8398,25 - 29,HSN,45.98,39.99,30.0,0.0,RED INTERNET & PHONE CABLE U,1.0
8399,25 - 29,KBW,34.94,44.98,30.0,0.0,VF RIP U-TREUE,0.0
8400,50 - 54,NRW,34.99,29.98,30.0,0.0,RED INTERNET & PHONE CABLE U,1.0
8401,25 - 29,NRW,49.97,49.98,30.0,0.0,RED INTERNET & PHONE CABLE U,0.0
8402,50 - 54,NRW,39.99,39.99,30.0,0.0,RED INTERNET & PHONE CABLE U,1.0
8403,40 - 44,NRW,34.97,39.99,30.0,0.0,RED INTERNET & PHONE CABLE U,0.0
8404,25 - 29,NRW,44.98,44.98,30.0,0.0,RED INTERNET & PHONE CABLE U,1.0
8405,40 - 44,NRW,49.98,49.98,30.0,0.0,RED INTERNET & PHONE CABLE U,1.0
8406,35 - 39,KBW,49.98,49.99,30.0,0.0,RED INTERNET & PHONE CABLE U,0.0
8407,30 - 34,KBW,39.99,29.99,30.0,0.0,VF CABLEMAX,1.0
8408,40 - 44,NRW,34.98,32.99,30.0,0.0,VF RIP U-TREUE,0.0
8409,55 - 59,NRW,34.99,44.98,30.0,0.0,RED INTERNET & PHONE CABLE U,0.0
8410,30 - 34,NRW,39.99,34.99,30.0,0.0,VF CABLEMAX,1.0
8411,60 - 64,NRW,34.98,34.99,30.0,0.0,RED INTERNET & PHONE CABLE U,0.0
8412,40 - 44,NRW,34.99,34.99,30.0,0.0,RED INTERNET & PHONE CABLE U,0.0
8413,55 - 59,KBW,39.97,34.98,30.0,0.0,VF RIP U-TREUE,1.0
8414,30 - 34,HSN,44.99,44.98,30.0,0.0,GIGAZUHAUSE KABEL,0.0
8415,35 - 39,NRW,44.99,44.99,30.0,0.0,VF RIP U-TREUE,0.0
8416,55 - 59,NRW,39.99,39.98,30.0,0.0,RED INTERNET & PHONE CABLE U,1.0
8417,35 - 39,NRW,29.99,39.97,30.0,0.0,GIGAZUHAUSE KABEL,0.0
8418,30 - 34,HSN,39.99,42.99,30.0,0.0,RED INTERNET & PHONE CABLE U,0.0
8419,35 - 39,KBW,34.97,39.99,30.0,0.0,RED INTERNET & PHONE CABLE U,1.0
8420,40 - 44,NRW,44.99,39.98,30.0,0.0,RED INTERNET & PHONE CABLE U,1.0
8421,80 and over,NRW,44.97,44.97,30.0,0.0,VF CABLEMAX,1.0
8422,35 - 39,NRW,34.99,44.99,30.0,0.0,RED INTERNET & PHONE CABLE U,0.0
8423,45 - 49,NRW,39.99,44.99,30.0,0.0,RED INTERNET & PHONE CABLE U,1.0
8424,30 - 34,NRW,34.98,34.99,30.0,0.0,VF RIP U-TREUE,0.0
8425,40 - 44,NRW,29.98,44.99,30.0,0.0,VF RIP U-TREUE,0.0
8426,30 - 34,NRW,44.99,59.99,30.0,0.0,VF CABLEMAX,1.0
8427,25 - 29,NRW,42.99,39.99,30.0,0.0,GIGAZUHAUSE KABEL,0.0
8428,60 - 64,NRW,34.99,44.98,30.0,0.0,VF CABLEMAX,1.0
8429,55 - 59,NRW,39.99,34.98,30.0,0.0,RED INTERNET & PHONE CABLE U,1.0
8430,50 - 54,KBW,39.99,39.99,30.0,0.0,VF RIP U-TREUE,1.0
8431,55 - 59,NRW,44.99,54.98,30.0,0.0,RED INTERNET & PHONE CABLE U,1.0
8432,35 - 39,KBW,42.99,39.99,30.0,0.0,RED INTERNET & PHONE CABLE U,1.0
8433,55 - 59,KBW,39.98,44.99,30.0,0.0,RED INTERNET & PHONE CABLE U,1.0
8434,60 - 64,KBW,44.99,39.97,30.0,0.0,RED INTERNET & PHONE CABLE U,0.0
8435,55 - 59,KBW,49.99,44.99,30.0,0.0,VF RIP U-TREUE,0.0
8436,45 - 49,KBW,39.98,32.98,30.0,0.0,VF RIP U-TREUE,0.0
8437,40 - 44,KBW,29.99,39.98,30.0,0.0,VF RIP U-TREUE,0.0
8438,55 - 59,NRW,39.98,44.99,30.0,0.0,RED INTERNET & PHONE CABLE U,0.0
8439,55 - 59,KBW,49.97,39.98,30.0,0.0,RED INTERNET & PHONE CABLE U,0.0
8440,40 - 44,NRW,39.99,44.98,30.0,0.0,RED INTERNET & PHONE CABLE U,1.0
8441,30 - 34,KBW,39.98,29.99,6.0,0.0,RED INTERNET & PHONE CABLE U,1.0
8442,40 - 44,NRW,37.99,49.99,30.0,0.0,RED INTERNET & PHONE CABLE U,1.0
8443,50 - 54,NRW,34.97,39.99,30.0,0.0,RED INTERNET & PHONE CABLE U,1.0
8444,30 - 34,HSN,44.99,39.99,30.0,0.0,RED INTERNET & PHONE CABLE U,1.0
8445,35 - 39,NRW,32.99,44.98,30.0,0.0,VF RIP U-TREUE,0.0
8446,25 - 29,NRW,34.99,49.98,30.0,0.0,RED INTERNET & PHONE CABLE U,0.0
8447,40 - 44,NRW,34.99,39.98,30.0,0.0,VF RIP U-TREUE,1.0
8448,60 - 64,NRW,34.99,44.99,30.0,0.0,RED INTERNET & PHONE CABLE U,0.0
8449,25 - 29,KBW,44.98,37.99,30.0,0.0,RED INTERNET & PHONE CABLE U,0.0
8450,40 - 44,KBW,39.98,44.97,30.0,0.0,RED INTERNET & PHONE CABLE U,0.0
8451,25 - 29,KBW,39.99,24.99,30.0,0.0,VF RIP U-TREUE,1.0
8452,30 - 34,NRW,39.99,44.99,30.0,0.0,RED INTERNET & PHONE CABLE U,1.0
8453,40 - 44,HSN,39.98,71.99,30.0,0.0,VF RIP U-TREUE,1.0
8454,65 - 69,NRW,39.98,39.98,30.0,0.0,RED INTERNET & PHONE CABLE U,0.0
8455,50 - 54,KBW,34.99,34.99,30.0,0.0,VF CABLEMAX,0.0
8456,35 - 39,NRW,44.98,39.99,30.0,0.0,VF RIP U-TREUE,1.0
8457,30 - 34,HSN,34.98,39.99,30.0,0.0,RED INTERNET & PHONE CABLE U,1.0
8458,65 - 69,NRW,39.98,42.99,30.0,0.0,RED INTERNET & PHONE CABLE U,0.0
8459,50 - 54,NRW,39.98,34.99,30.0,0.0,GIGAZUHAUSE KABEL,1.0
8460,40 - 44,KBW,44.97,39.98,30.0,0.0,RED INTERNET & PHONE CABLE U,1.0
8461,60 - 64,NRW,39.99,34.98,30.0,0.0,RED INTERNET & PHONE CABLE U,1.0
8462,35 - 39,NRW,32.99,44.98,30.0,0.0,VF RIP U-TREUE,0.0
8463,40 - 44,NRW,44.99,44.99,30.0,0.0,RED INTERNET & PHONE CABLE U,1.0
8464,60 - 64,KBW,39.98,39.99,30.0,0.0,RED INTERNET & PHONE CABLE U,0.0
8465,25 - 29,NRW,34.98,39.99,30.0,0.0,VF RIP U-TREUE,0.0
8466,30 - 34,KBW,44.98,49.99,30.0,0.0,RED INTERNET & PHONE CABLE U,0.0
8467,50 - 54,KBW,34.98,39.98,30.0,0.0,RED INTERNET & PHONE CABLE U,0.0
8468,45 - 49,KBW,44.99,24.99,30.0,0.0,VF RIP U-TREUE,0.0
8469,65 - 69,KBW,42.99,34.97,30.0,0.0,RED INTERNET & PHONE CABLE U,0.0
8470,55 - 59,HSN,49.99,39.99,30.0,0.0,VF CABLEMAX,0.0
8471,35 - 39,NRW,44.99,42.98,30.0,0.0,RED INTERNET & PHONE CABLE U,1.0
8472,60 - 64,KBW,39.98,44.99,30.0,0.0,RED INTERNET & PHONE CABLE U,0.0
8473,40 - 44,NRW,44.98,44.99,30.0,1.0,GIGAZUHAUSE KABEL,1.0
8474,50 - 54,HSN,39.99,34.99,30.0,0.0,GIGAZUHAUSE KABEL,0.0
8475,50 - 54,KBW,49.98,29.99,30.0,0.0,RED INTERNET & PHONE CABLE U,0.0
8476,35 - 39,NRW,39.99,34.98,30.0,0.0,VF CABLEMAX,0.0
8477,25 - 29,NRW,39.99,39.98,30.0,0.0,RED INTERNET & PHONE CABLE U,1.0
8478,30 - 34,NRW,42.99,39.99,30.0,0.0,GIGAZUHAUSE KABEL,1.0
8479,40 - 44,KBW,39.99,44.98,30.0,0.0,VF CABLEMAX,1.0
8480,60 - 64,HSN,49.97,44.98,30.0,0.0,VF RIP U-TREUE,1.0
8481,50 - 54,NRW,34.98,29.99,30.0,0.0,RED INTERNET & PHONE CABLE U,1.0
8482,55 - 59,NRW,39.99,49.99,30.0,0.0,RED INTERNET & PHONE CABLE U,1.0
8483,55 - 59,NRW,39.99,37.99,30.0,0.0,RED INTERNET & PHONE CABLE U,0.0
8484,55 - 59,NRW,52.99,34.99,30.0,0.0,GIGAZUHAUSE KABEL,1.0
8485,45 - 49,KBW,54.98,44.99,30.0,0.0,GIGAZUHAUSE KABEL,0.0
8486,25 - 29,NRW,44.99,34.99,30.0,0.0,VF RIP U-TREUE,1.0
8487,25 - 29,NRW,44.98,39.99,30.0,0.0,GIGAZUHAUSE KABEL,1.0
8488,65 - 69,NRW,44.98,39.98,30.0,0.0,RED INTERNET & PHONE CABLE U,1.0
8489,80 and over,KBW,39.98,49.98,30.0,0.0,RED INTERNET & PHONE CABLE U,1.0
8490,40 - 44,KBW,34.99,39.99,30.0,0.0,RED INTERNET & PHONE CABLE U,1.0
8491,35 - 39,KBW,44.99,44.98,30.0,0.0,VF RIP U-TREUE,1.0
8492,35 - 39,KBW,39.98,44.98,30.0,0.0,VF RIP U-TREUE,1.0
8493,55 - 59,KBW,39.99,34.99,30.0,0.0,RED INTERNET & PHONE CABLE U,1.0
8494,55 - 59,NRW,44.99,44.98,30.0,0.0,RED INTERNET & PHONE CABLE U,0.0
8495,60 - 64,NRW,39.98,54.99,30.0,0.0,VF CABLEMAX,0.0
8496,50 - 54,KBW,44.99,34.98,30.0,0.0,RED INTERNET & PHONE CABLE U,0.0
8497,50 - 54,KBW,44.98,39.98,30.0,0.0,RED INTERNET & PHONE CABLE U,1.0
8498,50 - 54,NRW,34.98,44.98,30.0,0.0,RED INTERNET & PHONE CABLE U,0.0
8499,35 - 39,KBW,34.99,34.98,30.0,0.0,RED INTERNET & PHONE CABLE U,0.0
8500,65 - 69,NRW,34.98,48.99,30.0,0.0,RED INTERNET & PHONE CABLE U,0.0
8501,35 - 39,KBW,39.98,49.98,30.0,0.0,RED INTERNET & PHONE CABLE U,1.0
8502,25 - 29,NRW,39.96,44.98,0.0,0.0,RED INTERNET & PHONE CABLE U,0.0
8503,30 - 34,KBW,29.98,39.99,30.0,0.0,RED INTERNET & PHONE CABLE U,0.0
8504,35 - 39,HSN,49.99,34.99,30.0,0.0,RED INTERNET & PHONE CABLE U,1.0
8505,35 - 39,KBW,37.99,29.99,30.0,0.0,RED INTERNET & PHONE CABLE U,0.0
8506,30 - 34,NRW,49.98,44.98,30.0,0.0,VF CABLEMAX,1.0
8507,55 - 59,NRW,62.97,49.97,30.0,0.0,VF RIP U-TREUE,0.0
8508,45 - 49,NRW,44.99,34.98,30.0,0.0,VF RIP U-TREUE,1.0
8509,30 - 34,HSN,54.98,35.98,30.0,0.0,RED INTERNET & PHONE CABLE U,0.0
8510,35 - 39,KBW,44.98,39.98,30.0,0.0,RED INTERNET & PHONE CABLE U,1.0
8511,40 - 44,NRW,44.99,44.99,30.0,0.0,RED INTERNET & PHONE CABLE U,1.0
8512,40 - 44,NRW,49.98,39.98,30.0,0.0,RED INTERNET & PHONE CABLE U,1.0
8513,35 - 39,NRW,52.99,39.99,30.0,0.0,VF RIP U-TREUE,0.0
8514,40 - 44,NRW,34.99,39.98,5.0,0.0,RED INTERNET & PHONE CABLE U,0.0
8515,25 - 29,NRW,44.99,34.99,30.0,0.0,VF RIP U-TREUE,1.0
8516,30 - 34,KBW,44.99,39.99,30.0,0.0,RED INTERNET & PHONE CABLE U,1.0
8517,25 - 29,HSN,39.97,49.99,30.0,0.0,RED INTERNET & PHONE CABLE U,0.0
8518,50 - 54,NRW,37.99,34.99,30.0,0.0,RED INTERNET & PHONE CABLE U,1.0
8519,25 - 29,NRW,39.99,39.99,30.0,0.0,RED INTERNET & PHONE CABLE U,0.0
8520,50 - 54,NRW,44.98,44.99,30.0,0.0,RED INTERNET & PHONE CABLE U,0.0
8521,60 - 64,KBW,34.98,62.99,30.0,0.0,VF RIP U-TREUE,1.0
8522,30 - 34,NRW,34.99,39.98,30.0,0.0,VF CABLEMAX,0.0
8523,40 - 44,KBW,39.99,34.92,30.0,0.0,VF CABLEMAX,1.0
8524,25 - 29,NRW,29.98,29.98,30.0,0.0,GIGAZUHAUSE KABEL,0.0
8525,35 - 39,KBW,37.99,39.99,30.0,0.0,VF CABLEMAX,0.0
8526,35 - 39,KBW,39.98,44.97,30.0,0.0,VF CABLEMAX,0.0
8527,30 - 34,NRW,45.98,39.98,30.0,0.0,VF RIP U-TREUE,0.0
8528,35 - 39,NRW,49.99,39.98,30.0,0.0,VF CABLEMAX,1.0
8529,30 - 34,KBW,29.99,39.97,30.0,0.0,VF RIP U-TREUE,1.0
8530,45 - 49,NRW,34.99,39.99,30.0,0.0,VF CABLEMAX,1.0
8531,30 - 34,NRW,29.99,42.98,30.0,0.0,VF RIP U-TREUE,1.0
8532,40 - 44,NRW,32.97,44.98,30.0,0.0,RED INTERNET & PHONE CABLE U,1.0
8533,50 - 54,KBW,39.98,39.99,30.0,0.0,VF CABLEMAX,1.0
8534,60 - 64,NRW,39.98,39.98,30.0,0.0,RED INTERNET & PHONE CABLE U,1.0
8535,60 - 64,KBW,39.99,44.98,30.0,0.0,VF RIP U-TREUE,1.0
8536,55 - 59,NRW,39.98,44.98,30.0,0.0,VF CABLEMAX,1.0
8537,35 - 39,NRW,32.99,39.98,30.0,0.0,RED INTERNET & PHONE CABLE U,1.0
8538,50 - 54,NRW,34.98,49.98,30.0,0.0,RED INTERNET & PHONE CABLE U,1.0
8539,40 - 44,HSN,44.99,34.99,30.0,0.0,RED INTERNET & PHONE CABLE U,1.0
8540,30 - 34,NRW,34.99,27.98,30.0,0.0,RED INTERNET & PHONE CABLE U,0.0
8541,60 - 64,NRW,39.99,39.97,30.0,0.0,VF RIP U-TREUE,0.0
8542,55 - 59,NRW,29.99,39.98,30.0,0.0,RED INTERNET & PHONE CABLE U,1.0
8543,40 - 44,NRW,44.99,27.99,30.0,1.0,VF CABLEMAX,1.0
8544,55 - 59,KBW,44.98,39.99,30.0,0.0,RED INTERNET & PHONE CABLE U,0.0
8545,40 - 44,HSN,29.99,44.98,30.0,0.0,RED INTERNET & PHONE CABLE U,0.0
8546,50 - 54,NRW,39.98,44.99,30.0,0.0,RED INTERNET & PHONE CABLE U,1.0
8547,50 - 54,KBW,42.99,44.98,30.0,0.0,VF RIP U-TREUE,1.0
8548,35 - 39,HSN,32.99,34.98,30.0,0.0,VF CABLEMAX,1.0
8549,40 - 44,NRW,44.98,39.97,30.0,0.0,RED INTERNET & PHONE CABLE U,1.0
8550,50 - 54,KBW,44.99,39.98,30.0,0.0,RED INTERNET & PHONE CABLE U,0.0
8551,40 - 44,KBW,44.99,34.99,30.0,0.0,VF CABLEMAX,0.0
8552,55 - 59,KBW,32.98,44.98,30.0,0.0,GIGAZUHAUSE KABEL,0.0
8553,35 - 39,NRW,39.99,39.99,30.0,0.0,VF RIP U-TREUE,0.0
8554,60 - 64,KBW,44.98,39.99,30.0,0.0,RED INTERNET & PHONE CABLE U,0.0
8555,55 - 59,NRW,47.98,29.99,30.0,0.0,RED INTERNET & PHONE CABLE U,1.0
8556,30 - 34,NRW,49.98,49.98,30.0,0.0,RED INTERNET & PHONE CABLE U,1.0
8557,35 - 39,NRW,44.98,44.97,30.0,0.0,RED INTERNET & PHONE CABLE U,1.0
8558,50 - 54,NRW,29.98,39.99,30.0,0.0,VF CABLEMAX,0.0
8559,35 - 39,NRW,49.99,37.98,30.0,0.0,RED INTERNET & PHONE CABLE U,0.0
8560,30 - 34,NRW,39.99,44.99,30.0,0.0,RED INTERNET & PHONE CABLE U,1.0
8561,40 - 44,NRW,39.99,34.98,30.0,0.0,VF RIP U-TREUE,1.0
8562,50 - 54,NRW,39.99,39.98,30.0,0.0,VF RIP U-TREUE,0.0
8563,25 - 29,HSN,39.97,44.98,30.0,0.0,GIGAZUHAUSE KABEL,1.0
8564,60 - 64,NRW,44.99,29.99,30.0,0.0,RED INTERNET & PHONE CABLE U,0.0
8565,40 - 44,NRW,54.98,34.97,30.0,0.0,RED INTERNET & PHONE CABLE U,1.0
8566,65 - 69,NRW,47.99,49.99,30.0,0.0,RED INTERNET & PHONE CABLE U,1.0
8567,35 - 39,NRW,39.98,44.99,30.0,0.0,RED INTERNET & PHONE CABLE U,0.0
8569,30 - 34,NRW,39.98,39.98,30.0,0.0,RED INTERNET & PHONE CABLE U,0.0
8570,60 - 64,KBW,39.99,34.98,30.0,0.0,RED INTERNET & PHONE CABLE U,0.0
8571,40 - 44,NRW,49.99,34.98,30.0,0.0,RED INTERNET & PHONE CABLE U,1.0
8572,40 - 44,KBW,39.99,47.98,30.0,0.0,RED INTERNET & PHONE CABLE U,0.0
8573,50 - 54,KBW,44.97,39.99,30.0,0.0,VF CABLEMAX,1.0
8574,30 - 34,NRW,44.99,39.98,30.0,0.0,VF RIP U-TREUE,1.0
8575,35 - 39,NRW,39.98,44.99,30.0,0.0,GIGAZUHAUSE KABEL,0.0
8576,65 - 69,NRW,44.98,29.99,30.0,0.0,GIGAZUHAUSE KABEL,1.0
8577,25 - 29,NRW,39.99,44.99,30.0,0.0,RED INTERNET & PHONE CABLE U,1.0
8578,35 - 39,NRW,39.99,39.99,30.0,0.0,VF RIP U-TREUE,0.0
8579,40 - 44,KBW,44.99,39.96,30.0,0.0,VF RIP U-TREUE,0.0
8580,40 - 44,NRW,34.99,49.98,30.0,0.0,GIGAZUHAUSE KABEL,0.0
8581,30 - 34,NRW,29.99,44.98,30.0,0.0,VF RIP U-TREUE,0.0
8582,80 and over,NRW,32.99,34.98,30.0,0.0,VF RIP U-TREUE,0.0
8583,55 - 59,NRW,34.99,39.97,30.0,0.0,GIGAZUHAUSE KABEL,0.0
8584,50 - 54,HSN,44.98,44.98,30.0,0.0,RED INTERNET & PHONE CABLE U,0.0
8585,60 - 64,KBW,44.99,44.98,30.0,0.0,RED INTERNET & PHONE CABLE U,0.0
8586,55 - 59,HSN,39.98,44.98,30.0,0.0,VF RIP U-TREUE,1.0
8587,30 - 34,NRW,44.99,44.99,30.0,0.0,RED INTERNET & PHONE CABLE U,1.0
8588,40 - 44,NRW,44.97,39.98,30.0,0.0,RED INTERNET & PHONE CABLE U,1.0
8589,35 - 39,NRW,44.98,34.99,30.0,0.0,VF RIP U-TREUE,0.0
8590,40 - 44,HSN,44.98,39.98,30.0,0.0,RED INTERNET & PHONE CABLE U,1.0
8591,25 - 29,HSN,39.97,39.97,30.0,0.0,VF CABLEMAX,0.0
8592,35 - 39,NRW,34.98,44.99,30.0,0.0,RED INTERNET & PHONE CABLE U,1.0
8593,35 - 39,KBW,34.98,44.99,30.0,0.0,VF RIP U-TREUE,0.0
8594,25 - 29,HSN,39.98,29.98,30.0,0.0,VF RIP U-TREUE,0.0
8595,60 - 64,HSN,44.99,34.98,30.0,0.0,VF CABLEMAX,0.0
8596,45 - 49,NRW,34.98,44.99,30.0,0.0,VF CABLEMAX,1.0
8597,60 - 64,NRW,29.98,37.98,30.0,0.0,VF RIP U-TREUE,1.0
8598,35 - 39,NRW,49.99,42.99,30.0,0.0,RED INTERNET & PHONE CABLE U,0.0
8599,30 - 34,KBW,34.99,49.98,30.0,0.0,RED INTERNET & PHONE CABLE U,0.0
8600,35 - 39,NRW,44.99,34.99,30.0,0.0,VF CABLEMAX,0.0
8601,30 - 34,NRW,44.99,44.98,30.0,0.0,RED INTERNET & PHONE CABLE U,1.0
8602,55 - 59,KBW,39.99,54.98,30.0,0.0,RED INTERNET & PHONE CABLE U,0.0
8603,30 - 34,NRW,34.99,29.98,30.0,0.0,RED INTERNET & PHONE CABLE U,1.0
8604,40 - 44,HSN,39.99,39.99,30.0,0.0,VF RIP U-TREUE,1.0
8605,35 - 39,NRW,44.99,37.99,30.0,0.0,VF CABLEMAX,0.0
8606,60 - 64,KBW,39.99,39.98,30.0,0.0,RED INTERNET & PHONE CABLE U,1.0
8607,80 and over,KBW,34.99,44.99,30.0,0.0,RED INTERNET & PHONE CABLE U,0.0
8608,45 - 49,NRW,32.98,54.99,30.0,0.0,VF RIP U-TREUE,0.0
8609,55 - 59,NRW,39.99,44.99,30.0,0.0,VF RIP U-TREUE,1.0
8610,30 - 34,KBW,44.98,34.99,30.0,0.0,VF RIP U-TREUE,1.0
8611,45 - 49,KBW,44.99,44.98,30.0,0.0,RED INTERNET & PHONE CABLE U,0.0
8612,25 - 29,KBW,44.99,49.99,30.0,0.0,VF RIP U-TREUE,1.0
8613,55 - 59,KBW,44.99,32.98,30.0,0.0,VF RIP U-TREUE,0.0
8614,25 - 29,NRW,39.99,44.98,30.0,0.0,RED INTERNET & PHONE CABLE U,1.0
8615,35 - 39,HSN,44.98,44.98,30.0,0.0,RED INTERNET & PHONE CABLE U,1.0
8616,60 - 64,KBW,44.99,32.99,30.0,0.0,VF RIP U-TREUE,1.0
8617,40 - 44,NRW,39.96,69.98,30.0,0.0,RED INTERNET & PHONE CABLE U,0.0
8618,40 - 44,NRW,54.98,39.97,30.0,0.0,VF RIP U-TREUE,1.0
8619,40 - 44,NRW,62.98,39.96,30.0,0.0,RED INTERNET & PHONE CABLE U,1.0
8620,25 - 29,KBW,39.98,44.99,30.0,0.0,GIGAZUHAUSE KABEL,1.0
8621,55 - 59,KBW,44.98,34.99,30.0,0.0,RED INTERNET & PHONE CABLE U,1.0
8622,35 - 39,HSN,32.98,34.99,30.0,0.0,RED INTERNET & PHONE CABLE U,0.0
8623,25 - 29,NRW,49.99,44.99,30.0,0.0,RED INTERNET & PHONE CABLE U,0.0
8624,55 - 59,NRW,44.99,39.98,30.0,0.0,VF RIP U-TREUE,0.0
8625,55 - 59,NRW,39.98,39.98,30.0,0.0,VF RIP U-TREUE,0.0
8626,30 - 34,NRW,44.99,39.98,30.0,0.0,RED INTERNET & PHONE CABLE U,0.0
8627,30 - 34,HSN,37.99,39.98,30.0,0.0,VF CABLEMAX,0.0
8628,30 - 34,KBW,54.98,39.98,30.0,0.0,RED INTERNET & PHONE CABLE U,0.0
8629,40 - 44,NRW,39.97,44.99,30.0,0.0,VF CABLEMAX,1.0
8630,35 - 39,NRW,39.99,49.99,30.0,0.0,RED INTERNET & PHONE CABLE U,1.0
8631,30 - 34,NRW,39.99,34.99,30.0,0.0,VF RIP U-TREUE,0.0
8632,35 - 39,HSN,42.98,44.99,30.0,0.0,RED INTERNET & PHONE CABLE U,0.0
8633,30 - 34,KBW,39.98,39.98,30.0,0.0,VF RIP U-TREUE,0.0
8634,30 - 34,KBW,44.99,39.99,30.0,0.0,RED INTERNET & PHONE CABLE U,0.0
8635,35 - 39,NRW,39.99,44.99,30.0,0.0,VF RIP U-TREUE,1.0
8636,25 - 29,KBW,39.99,37.98,30.0,0.0,VF CABLEMAX,1.0
8637,25 - 29,NRW,44.99,44.98,30.0,0.0,VF RIP U-TREUE,0.0
8638,25 - 29,NRW,44.98,39.98,30.0,0.0,VF CABLEMAX,1.0
8639,30 - 34,HSN,39.99,29.99,30.0,0.0,RED INTERNET & PHONE CABLE U,0.0
8640,25 - 29,NRW,49.99,44.99,30.0,0.0,GIGAZUHAUSE KABEL,0.0
8641,60 - 64,KBW,34.98,34.98,30.0,0.0,RED INTERNET & PHONE CABLE U,0.0
8642,40 - 44,NRW,29.98,17.99,30.0,0.0,GIGAZUHAUSE KABEL,0.0
8643,35 - 39,KBW,39.99,37.98,30.0,0.0,GIGAZUHAUSE KABEL,1.0
8644,35 - 39,KBW,39.99,44.98,30.0,0.0,VF CABLEMAX,0.0
8645,45 - 49,NRW,44.98,49.98,6.0,0.0,RED INTERNET & PHONE CABLE U,1.0
8646,30 - 34,NRW,39.99,49.99,30.0,0.0,GIGAZUHAUSE KABEL,0.0
8647,40 - 44,NRW,44.99,44.98,30.0,0.0,VF CABLEMAX,1.0
8648,30 - 34,NRW,39.98,39.98,30.0,0.0,VF CABLEMAX,1.0
8649,50 - 54,NRW,44.98,39.99,30.0,0.0,VF RIP U-TREUE,0.0
8650,25 - 29,NRW,39.98,39.98,30.0,0.0,VF CABLEMAX,0.0
8651,25 - 29,KBW,34.99,39.99,30.0,0.0,GIGAZUHAUSE TREUE C,1.0
8652,35 - 39,NRW,37.99,39.99,30.0,0.0,VF RIP U-TREUE,1.0
8653,50 - 54,NRW,44.99,44.97,30.0,0.0,VF RIP U-TREUE,0.0
8654,30 - 34,NRW,39.99,39.98,30.0,0.0,VF CABLEMAX,1.0
8655,40 - 44,KBW,44.98,39.99,30.0,0.0,RED INTERNET & PHONE CABLE U,0.0
8656,35 - 39,KBW,44.99,44.99,30.0,0.0,RED INTERNET & PHONE CABLE U,1.0
8657,25 - 29,NRW,39.99,34.99,30.0,0.0,VF CABLEMAX,1.0
8658,40 - 44,KBW,49.98,44.98,30.0,0.0,GIGAZUHAUSE TREUE C,1.0
8659,55 - 59,HSN,39.98,34.98,30.0,0.0,RED INTERNET & PHONE CABLE U,1.0
8660,80 and over,KBW,44.99,39.99,30.0,0.0,RED INTERNET & PHONE CABLE U,0.0
8661,45 - 49,NRW,39.98,44.99,30.0,0.0,RED INTERNET & PHONE CABLE U,1.0
8662,30 - 34,KBW,44.99,44.99,30.0,0.0,RED INTERNET & PHONE CABLE U,0.0
8663,55 - 59,NRW,39.98,44.98,30.0,0.0,VF CABLEMAX,1.0
8664,55 - 59,NRW,34.99,39.99,30.0,0.0,VF RIP U-TREUE,1.0
8665,45 - 49,NRW,39.98,44.99,30.0,0.0,VF CABLEMAX,1.0
8666,35 - 39,NRW,39.99,29.99,30.0,0.0,VF CABLEMAX,1.0
8667,55 - 59,NRW,44.98,39.99,30.0,0.0,RED INTERNET & PHONE CABLE U,1.0
8668,55 - 59,NRW,37.98,49.99,30.0,0.0,VF CABLEMAX,1.0
8669,30 - 34,NRW,34.98,39.98,30.0,0.0,RED INTERNET & PHONE CABLE U,0.0
8670,50 - 54,KBW,44.99,39.98,30.0,0.0,RED INTERNET & PHONE CABLE U,0.0
8671,25 - 29,NRW,34.98,34.99,30.0,0.0,RED INTERNET & PHONE CABLE U,1.0
8672,40 - 44,NRW,44.99,44.99,30.0,0.0,GIGAZUHAUSE KABEL,1.0
8673,45 - 49,HSN,42.97,44.98,30.0,0.0,VF RIP U-TREUE,0.0
8674,55 - 59,HSN,42.99,44.98,30.0,0.0,RED INTERNET & PHONE CABLE U,0.0
8675,45 - 49,HSN,34.97,44.98,30.0,0.0,VF CABLEMAX,1.0
8676,25 - 29,NRW,44.99,39.98,30.0,0.0,VF CABLEMAX,1.0
8677,35 - 39,KBW,34.99,34.99,30.0,0.0,GIGAZUHAUSE KABEL,1.0
8678,55 - 59,NRW,44.98,39.99,30.0,0.0,RED INTERNET & PHONE CABLE U,0.0
8679,55 - 59,HSN,44.98,32.99,30.0,0.0,VF RIP U-TREUE,0.0
8680,35 - 39,NRW,44.99,34.98,30.0,0.0,VF CABLEMAX,1.0
8681,50 - 54,NRW,44.99,44.97,30.0,0.0,VF RIP U-TREUE,1.0
8682,60 - 64,KBW,39.98,44.98,30.0,0.0,VF CABLEMAX,1.0
8683,55 - 59,HSN,44.98,39.98,30.0,0.0,VF RIP U-TREUE,1.0
8684,60 - 64,NRW,34.99,34.99,30.0,0.0,RED INTERNET & PHONE CABLE U,0.0
8685,40 - 44,KBW,29.98,37.98,30.0,0.0,RED INTERNET & PHONE CABLE U,0.0
8686,35 - 39,NRW,39.98,39.99,30.0,0.0,RED INTERNET & PHONE CABLE U,1.0
8687,40 - 44,KBW,49.98,37.98,30.0,0.0,RED INTERNET & PHONE CABLE U,1.0
8688,40 - 44,NRW,49.97,49.99,30.0,0.0,RED INTERNET & PHONE CABLE U,0.0
8689,40 - 44,HSN,44.99,49.98,30.0,0.0,GIGAZUHAUSE KABEL,1.0
8690,50 - 54,KBW,39.99,45.99,30.0,0.0,VF CABLEMAX,0.0
8691,35 - 39,KBW,34.98,54.98,30.0,0.0,RED INTERNET & PHONE CABLE U,0.0
8692,40 - 44,KBW,34.99,39.96,30.0,0.0,VF CABLEMAX,0.0
8693,40 - 44,NRW,44.98,44.99,30.0,0.0,RED INTERNET & PHONE CABLE U,0.0
8694,55 - 59,HSN,34.98,44.99,30.0,0.0,GIGAZUHAUSE KABEL,1.0
8695,30 - 34,NRW,44.98,44.99,30.0,0.0,VF RIP U-TREUE,1.0
8696,25 - 29,KBW,39.99,39.98,30.0,0.0,VF RIP U-TREUE,0.0
8697,35 - 39,KBW,39.98,44.97,30.0,0.0,GIGAZUHAUSE KABEL,1.0
8698,35 - 39,KBW,49.99,44.98,30.0,0.0,RED INTERNET & PHONE CABLE U,0.0
8699,70 - 74,KBW,39.97,34.99,30.0,0.0,VF RIP U-TREUE,0.0
8700,55 - 59,NRW,44.99,44.99,30.0,0.0,VF CABLEMAX,0.0
8701,30 - 34,NRW,55.99,44.99,30.0,0.0,RED INTERNET & PHONE CABLE U,1.0
8702,25 - 29,KBW,39.98,44.99,30.0,0.0,RED INTERNET & PHONE CABLE U,0.0
8703,35 - 39,NRW,64.97,34.98,30.0,0.0,RED INTERNET & PHONE CABLE U,0.0
8704,30 - 34,NRW,44.98,44.97,30.0,0.0,VF CABLEMAX,1.0
8705,50 - 54,HSN,29.99,39.99,30.0,0.0,RED INTERNET & PHONE CABLE U,1.0
8706,30 - 34,NRW,37.98,34.98,30.0,0.0,RED INTERNET & PHONE CABLE U,1.0
8707,25 - 29,NRW,44.98,34.99,30.0,0.0,VF CABLEMAX,1.0
8708,30 - 34,KBW,49.97,49.98,30.0,0.0,VF CABLEMAX,0.0
8709,40 - 44,NRW,39.97,49.99,30.0,0.0,RED INTERNET & PHONE CABLE U,0.0
8710,40 - 44,NRW,39.99,39.99,30.0,0.0,RED INTERNET & PHONE CABLE U,1.0
8711,35 - 39,KBW,44.97,34.99,30.0,0.0,VF RIP U-TREUE,1.0
8712,35 - 39,KBW,39.98,29.98,30.0,0.0,RED INTERNET & PHONE CABLE U,0.0
8713,40 - 44,NRW,44.98,39.99,30.0,0.0,VF RIP U-TREUE,1.0
8714,60 - 64,NRW,39.98,29.99,30.0,0.0,VF CABLEMAX,1.0
8715,40 - 44,NRW,34.99,54.99,30.0,0.0,RED INTERNET & PHONE CABLE U,1.0
8716,40 - 44,KBW,39.99,44.98,30.0,0.0,GIGAZUHAUSE KABEL,1.0
8717,25 - 29,KBW,44.99,44.99,30.0,0.0,RED INTERNET & PHONE CABLE U,1.0
8718,60 - 64,NRW,49.99,39.98,30.0,0.0,VF CABLEMAX,1.0
8719,55 - 59,NRW,44.98,44.99,30.0,0.0,GIGAZUHAUSE KABEL,1.0
8720,30 - 34,NRW,39.99,29.98,30.0,0.0,RED INTERNET & PHONE CABLE U,0.0
8721,25 - 29,NRW,44.99,44.98,30.0,0.0,RED INTERNET & PHONE CABLE U,0.0
8722,35 - 39,KBW,34.99,39.98,30.0,0.0,RED INTERNET & PHONE CABLE U,1.0
8723,60 - 64,HSN,44.99,44.99,30.0,0.0,RED INTERNET & PHONE CABLE U,1.0
8724,35 - 39,HSN,42.98,39.99,30.0,0.0,GIGAZUHAUSE KABEL,0.0
8725,35 - 39,KBW,34.97,39.98,30.0,0.0,RED INTERNET & PHONE CABLE U,1.0
8726,35 - 39,NRW,39.99,34.99,30.0,0.0,RED INTERNET & PHONE CABLE U,0.0
8727,35 - 39,KBW,39.98,29.99,30.0,0.0,RED INTERNET & PHONE CABLE U,1.0
8728,50 - 54,KBW,44.99,34.99,30.0,0.0,RED INTERNET & PHONE CABLE U,1.0
8729,35 - 39,HSN,39.97,44.99,30.0,0.0,RED INTERNET & PHONE CABLE U,0.0
8730,35 - 39,HSN,39.99,29.98,30.0,0.0,RED INTERNET & PHONE CABLE U,1.0
8731,35 - 39,NRW,44.98,44.98,30.0,0.0,RED INTERNET & PHONE CABLE U,0.0
8732,35 - 39,NRW,34.99,49.98,30.0,0.0,GIGAZUHAUSE KABEL,1.0
8733,35 - 39,NRW,34.98,44.98,30.0,0.0,GIGAZUHAUSE KABEL,0.0
8734,45 - 49,NRW,44.99,34.98,30.0,0.0,RED INTERNET & PHONE CABLE U,0.0
8735,35 - 39,KBW,34.97,44.98,30.0,0.0,RED INTERNET & PHONE CABLE U,1.0
8736,50 - 54,NRW,37.97,29.99,30.0,0.0,VF CABLEMAX,1.0
8737,30 - 34,NRW,29.99,39.99,30.0,0.0,RED INTERNET & PHONE CABLE U,0.0
8738,35 - 39,KBW,19.99,44.99,30.0,0.0,RED INTERNET & PHONE CABLE U,1.0
8739,60 - 64,NRW,44.98,34.97,30.0,0.0,RED INTERNET & PHONE CABLE U,0.0
8740,40 - 44,KBW,39.99,42.99,30.0,0.0,RED INTERNET & PHONE CABLE U,1.0
8741,45 - 49,NRW,49.99,44.98,30.0,0.0,RED INTERNET & PHONE CABLE U,0.0
8742,35 - 39,NRW,34.99,44.98,30.0,0.0,RED INTERNET & PHONE CABLE U,1.0
8743,25 - 29,NRW,34.99,34.98,30.0,0.0,RED INTERNET & PHONE CABLE U,1.0
8744,45 - 49,NRW,34.99,49.98,30.0,0.0,VF RIP U-TREUE,0.0
8745,45 - 49,KBW,44.99,29.97,30.0,0.0,GIGAZUHAUSE KABEL,1.0
8746,25 - 29,NRW,44.98,34.99,30.0,0.0,RED INTERNET & PHONE CABLE U,1.0
8747,55 - 59,NRW,39.99,29.99,30.0,0.0,VF RIP U-TREUE,0.0
8748,30 - 34,NRW,49.99,29.98,30.0,0.0,GIGAZUHAUSE KABEL,1.0
8749,25 - 29,NRW,44.99,32.99,30.0,0.0,RED INTERNET & PHONE CABLE U,0.0
8750,25 - 29,NRW,39.99,58.99,30.0,0.0,RED INTERNET & PHONE CABLE U,0.0
8751,35 - 39,KBW,39.98,65.99,30.0,1.0,RED INTERNET & PHONE CABLE U,1.0
8752,30 - 34,NRW,49.98,49.99,30.0,0.0,GIGAZUHAUSE KABEL,0.0
8753,35 - 39,NRW,49.99,54.99,30.0,0.0,VF CABLEMAX,0.0
8754,30 - 34,KBW,39.97,44.98,30.0,0.0,VF RIP U-TREUE,1.0
8755,55 - 59,KBW,44.98,39.99,30.0,0.0,GIGAZUHAUSE KABEL,0.0
8756,50 - 54,NRW,44.97,49.99,30.0,0.0,VF CABLEMAX,1.0
8757,60 - 64,KBW,34.99,44.98,39.0,0.0,VF RIP U-TREUE,0.0
8758,30 - 34,HSN,34.98,44.97,30.0,0.0,RED INTERNET & PHONE CABLE U,1.0
8759,60 - 64,HSN,32.97,44.98,30.0,0.0,RED INTERNET & PHONE CABLE U,0.0
8760,35 - 39,KBW,54.97,39.98,30.0,0.0,GIGAZUHAUSE KABEL,1.0
8761,30 - 34,NRW,34.99,44.99,30.0,0.0,RED INTERNET & PHONE CABLE U,1.0
8762,25 - 29,KBW,37.98,44.99,30.0,0.0,RED INTERNET & PHONE CABLE U,0.0
8763,40 - 44,KBW,29.98,39.99,30.0,0.0,RED INTERNET & PHONE CABLE U,0.0
8764,60 - 64,NRW,39.99,29.97,30.0,0.0,RED INTERNET & PHONE CABLE U,1.0
8765,25 - 29,KBW,42.98,39.99,30.0,0.0,VF RIP U-TREUE,1.0
8766,35 - 39,KBW,37.98,34.97,6.0,0.0,RED INTERNET & PHONE CABLE U,0.0
8767,25 - 29,HSN,49.99,44.99,30.0,0.0,RED INTERNET & PHONE CABLE U,0.0
8768,40 - 44,NRW,44.98,34.99,30.0,0.0,VF RIP U-TREUE,0.0
8769,30 - 34,NRW,34.98,34.98,30.0,0.0,RED INTERNET & PHONE CABLE U,1.0
8770,55 - 59,NRW,34.98,34.97,30.0,0.0,VF RIP U-TREUE,1.0
8771,35 - 39,KBW,34.99,44.99,30.0,0.0,VF CABLEMAX,1.0
8772,35 - 39,NRW,34.99,49.98,30.0,0.0,RED INTERNET & PHONE CABLE U,0.0
8773,35 - 39,NRW,44.98,49.98,30.0,0.0,RED INTERNET & PHONE CABLE U,1.0
8774,55 - 59,KBW,34.98,44.99,30.0,0.0,VF CABLEMAX,0.0
8775,80 and over,NRW,62.99,42.98,30.0,0.0,RED INTERNET & PHONE CABLE U,0.0
8776,30 - 34,NRW,34.99,49.98,30.0,0.0,VF CABLEMAX,0.0
8777,25 - 29,KBW,39.98,39.98,30.0,0.0,RED INTERNET & PHONE CABLE U,0.0
8778,35 - 39,NRW,37.98,44.99,30.0,0.0,VF CABLEMAX,0.0
8779,40 - 44,KBW,39.99,29.98,30.0,0.0,VF RIP U-TREUE,1.0
8780,40 - 44,KBW,34.99,34.99,30.0,0.0,VF RIP U-TREUE,0.0
8781,35 - 39,KBW,39.99,39.97,30.0,0.0,RED INTERNET & PHONE CABLE U,0.0
8782,30 - 34,HSN,39.99,39.99,30.0,0.0,RED INTERNET & PHONE CABLE U,1.0
8783,35 - 39,NRW,34.99,37.99,30.0,0.0,RED INTERNET & PHONE CABLE U,1.0
8784,30 - 34,KBW,44.98,39.99,30.0,0.0,VF RIP U-TREUE,0.0
8785,35 - 39,KBW,49.98,44.99,30.0,0.0,RED INTERNET & PHONE CABLE U,0.0
8786,30 - 34,HSN,44.98,44.99,30.0,0.0,VF CABLEMAX,0.0
8787,35 - 39,NRW,39.98,39.99,30.0,0.0,VF RIP U-TREUE,0.0
8788,35 - 39,HSN,44.99,29.98,30.0,0.0,RED INTERNET & PHONE CABLE U,1.0
8789,35 - 39,NRW,39.99,49.98,30.0,0.0,VF RIP U-TREUE,0.0
8790,35 - 39,KBW,34.98,44.99,30.0,0.0,RED INTERNET & PHONE CABLE U,1.0
8791,50 - 54,KBW,39.99,49.99,30.0,0.0,VF RIP U-TREUE,1.0
8792,40 - 44,NRW,39.99,49.98,30.0,0.0,RED INTERNET & PHONE CABLE U,1.0
8793,40 - 44,NRW,6.99,45.96,30.0,0.0,VF CABLEMAX,1.0
8794,25 - 29,HSN,39.99,44.99,30.0,0.0,GIGAZUHAUSE KABEL,0.0
8795,35 - 39,NRW,32.98,39.99,30.0,0.0,VF RIP U-TREUE,1.0
8796,35 - 39,KBW,44.99,44.98,30.0,0.0,RED INTERNET & PHONE CABLE U,0.0
8797,40 - 44,NRW,42.98,44.99,30.0,0.0,GIGAZUHAUSE KABEL,0.0
8798,60 - 64,NRW,44.99,39.99,30.0,0.0,RED INTERNET & PHONE CABLE U,0.0
8799,35 - 39,KBW,44.99,44.99,30.0,0.0,RED INTERNET & PHONE CABLE U,0.0
8800,60 - 64,KBW,44.97,39.98,30.0,0.0,GIGAZUHAUSE KABEL,1.0
8801,50 - 54,NRW,49.98,34.98,30.0,0.0,VF RIP U-TREUE,0.0
8802,35 - 39,KBW,49.99,49.98,30.0,0.0,RED INTERNET & PHONE CABLE U,0.0
8803,30 - 34,KBW,54.98,44.99,30.0,0.0,RED INTERNET & PHONE CABLE U,0.0
8804,35 - 39,NRW,34.99,34.99,30.0,0.0,RED INTERNET & PHONE CABLE U,1.0
8805,25 - 29,NRW,39.99,39.98,30.0,0.0,RED INTERNET & PHONE CABLE U,0.0
8806,30 - 34,KBW,39.99,34.97,30.0,0.0,VF RIP U-TREUE,1.0
8807,35 - 39,NRW,29.98,37.99,30.0,0.0,VF RIP U-TREUE,0.0
8808,50 - 54,KBW,34.98,39.99,30.0,0.0,RED INTERNET & PHONE CABLE U,0.0
8809,35 - 39,NRW,39.98,39.96,30.0,0.0,RED INTERNET & PHONE CABLE U,1.0
8810,50 - 54,NRW,39.99,44.98,30.0,0.0,VF RIP U-TREUE,1.0
8811,40 - 44,NRW,34.98,44.99,30.0,0.0,RED INTERNET & PHONE CABLE U,1.0
8812,40 - 44,NRW,44.99,42.98,30.0,0.0,GIGAZUHAUSE KABEL,0.0
8813,25 - 29,KBW,44.98,39.98,30.0,0.0,VF RIP U-TREUE,1.0
8814,35 - 39,NRW,39.99,44.99,30.0,0.0,RED INTERNET & PHONE CABLE U,0.0
8815,30 - 34,HSN,44.99,42.99,30.0,0.0,RED INTERNET & PHONE CABLE U,1.0
8816,30 - 34,KBW,39.97,49.99,30.0,0.0,RED INTERNET & PHONE CABLE U,1.0
8817,25 - 29,NRW,39.97,44.98,30.0,0.0,VF RIP U-TREUE,1.0
8818,25 - 29,KBW,44.98,44.99,30.0,0.0,RED INTERNET & PHONE CABLE U,1.0
8819,25 - 29,NRW,34.99,34.98,30.0,0.0,RED INTERNET & PHONE CABLE U,0.0
8820,35 - 39,NRW,34.98,44.99,30.0,0.0,GIGAZUHAUSE KABEL,0.0
8821,60 - 64,NRW,44.99,44.98,30.0,0.0,GIGAZUHAUSE KABEL,1.0
8822,30 - 34,KBW,62.99,39.99,30.0,0.0,VF CABLEMAX,0.0
8823,40 - 44,KBW,39.99,34.98,30.0,0.0,VF CABLEMAX,0.0
8824,35 - 39,NRW,54.98,44.99,30.0,0.0,RED INTERNET & PHONE CABLE U,1.0
8825,25 - 29,NRW,42.99,39.99,30.0,0.0,VF RIP U-TREUE,1.0
8826,25 - 29,NRW,39.98,39.97,30.0,0.0,VF RIP U-TREUE,0.0
8827,45 - 49,KBW,39.98,39.99,30.0,0.0,RED INTERNET & PHONE CABLE U,1.0
8828,65 - 69,KBW,44.99,42.99,30.0,0.0,RED INTERNET & PHONE CABLE U,1.0
8829,45 - 49,NRW,29.98,34.99,30.0,0.0,RED INTERNET & PHONE CABLE U,1.0
8830,50 - 54,NRW,39.99,39.98,30.0,0.0,RED INTERNET & PHONE CABLE U,1.0
8831,55 - 59,NRW,44.97,39.97,30.0,0.0,RED INTERNET & PHONE CABLE U,1.0
8832,25 - 29,NRW,29.98,44.98,30.0,0.0,VF RIP U-TREUE,0.0
8833,35 - 39,KBW,39.97,29.99,30.0,0.0,RED INTERNET & PHONE CABLE U,0.0
8834,60 - 64,KBW,34.99,34.99,30.0,0.0,GIGAZUHAUSE KABEL,0.0
8835,35 - 39,KBW,39.99,39.98,30.0,0.0,RED INTERNET & PHONE CABLE U,0.0
8836,40 - 44,KBW,39.99,37.99,30.0,0.0,RED INTERNET & PHONE CABLE U,1.0
8837,25 - 29,NRW,42.99,44.99,30.0,0.0,VF RIP U-TREUE,1.0
8838,30 - 34,NRW,39.99,44.98,30.0,0.0,GIGAZUHAUSE KABEL,1.0
8839,50 - 54,NRW,39.97,44.99,30.0,0.0,VF RIP U-TREUE,1.0
8840,35 - 39,NRW,44.99,39.99,30.0,0.0,RED INTERNET & PHONE CABLE U,0.0
8841,35 - 39,NRW,44.99,37.98,30.0,0.0,RED INTERNET & PHONE CABLE U,1.0
8842,60 - 64,NRW,39.99,49.97,30.0,0.0,GIGAZUHAUSE KABEL,0.0
8843,60 - 64,NRW,49.98,32.98,30.0,0.0,VF RIP U-TREUE,0.0
8844,35 - 39,KBW,39.98,44.99,30.0,0.0,VF RIP U-TREUE,1.0
8845,25 - 29,NRW,29.99,44.98,30.0,0.0,RED INTERNET & PHONE CABLE U,0.0
8846,55 - 59,NRW,49.98,29.98,30.0,0.0,GIGAZUHAUSE KABEL,1.0
8847,55 - 59,NRW,37.98,44.98,30.0,0.0,RED INTERNET & PHONE CABLE U,1.0
8848,65 - 69,KBW,44.99,39.99,30.0,0.0,RED INTERNET & PHONE CABLE U,1.0
8849,30 - 34,KBW,44.98,39.99,30.0,0.0,VF CABLEMAX,0.0
8850,35 - 39,NRW,54.99,49.98,30.0,0.0,GIGAZUHAUSE KABEL,0.0
8851,40 - 44,NRW,44.97,49.99,30.0,0.0,VF CABLEMAX,0.0
8852,25 - 29,KBW,39.99,39.98,30.0,0.0,GIGAZUHAUSE KABEL,1.0
8853,45 - 49,NRW,44.99,34.99,30.0,0.0,RED INTERNET & PHONE CABLE U,0.0
8854,40 - 44,NRW,39.99,44.98,30.0,0.0,VF RIP U-TREUE,1.0
8855,35 - 39,HSN,44.99,39.99,30.0,0.0,RED INTERNET & PHONE CABLE U,1.0
8856,55 - 59,KBW,44.98,34.98,30.0,0.0,RED INTERNET & PHONE CABLE U,0.0
8857,25 - 29,NRW,34.97,44.98,30.0,0.0,RED INTERNET & PHONE CABLE U,1.0
8858,45 - 49,NRW,44.99,34.98,30.0,0.0,VF CABLEMAX,1.0
8859,45 - 49,NRW,39.98,34.99,30.0,0.0,VF CABLEMAX,0.0
8860,30 - 34,HSN,44.98,58.99,30.0,0.0,RED INTERNET & PHONE CABLE U,1.0
8861,55 - 59,KBW,49.98,39.99,30.0,0.0,RED INTERNET & PHONE CABLE U,0.0
8862,60 - 64,KBW,44.98,44.98,30.0,0.0,VF RIP U-TREUE,1.0
8863,55 - 59,NRW,39.99,34.99,30.0,0.0,RED INTERNET & PHONE CABLE U,1.0
8864,35 - 39,HSN,44.97,37.99,30.0,0.0,VF CABLEMAX,1.0
8865,45 - 49,NRW,34.98,44.99,30.0,0.0,VF CABLEMAX,1.0
8866,35 - 39,NRW,44.99,49.98,30.0,0.0,RED INTERNET & PHONE CABLE U,0.0
8867,55 - 59,KBW,34.98,44.98,30.0,0.0,RED INTERNET & PHONE CABLE U,1.0
8868,25 - 29,KBW,24.97,44.98,30.0,0.0,RED INTERNET & PHONE CABLE U,0.0
8869,40 - 44,NRW,44.98,44.98,30.0,0.0,VF CABLEMAX,0.0
8870,40 - 44,NRW,34.99,44.98,30.0,0.0,RED INTERNET & PHONE CABLE U,0.0
8871,60 - 64,KBW,39.99,49.99,30.0,0.0,GIGAZUHAUSE KABEL,0.0
8872,35 - 39,KBW,32.98,39.99,30.0,0.0,VF CABLEMAX,0.0
8873,60 - 64,NRW,39.99,39.99,30.0,0.0,RED INTERNET & PHONE CABLE U,0.0
8874,80 and over,NRW,32.98,37.99,30.0,0.0,RED INTERNET & PHONE CABLE U,1.0
8875,18 - 24,NRW,34.99,39.98,30.0,0.0,RED INTERNET & PHONE CABLE U,0.0
8876,55 - 59,NRW,54.99,39.98,30.0,0.0,GIGAZUHAUSE KABEL,1.0
8877,30 - 34,NRW,39.98,49.99,30.0,0.0,RED INTERNET & PHONE CABLE U,0.0
8878,25 - 29,NRW,39.98,44.98,30.0,0.0,VF CABLEMAX,1.0
8879,65 - 69,KBW,39.97,39.99,30.0,0.0,VF CABLEMAX,0.0
8880,30 - 34,NRW,44.99,44.99,30.0,0.0,RED INTERNET & PHONE CABLE U,0.0
8881,60 - 64,HSN,44.99,34.99,30.0,0.0,RED INTERNET & PHONE CABLE U,1.0
8882,35 - 39,NRW,44.98,34.99,30.0,0.0,RED INTERNET & PHONE CABLE U,1.0
8883,35 - 39,KBW,39.98,34.97,30.0,0.0,RED INTERNET & PHONE CABLE U,1.0
8884,55 - 59,KBW,39.98,37.99,30.0,0.0,RED INTERNET & PHONE CABLE U,1.0
8885,35 - 39,HSN,39.98,34.99,30.0,0.0,VF RIP U-TREUE,1.0
8886,40 - 44,KBW,44.98,49.99,30.0,0.0,RED INTERNET & PHONE CABLE U,1.0
8887,18 - 24,NRW,49.99,34.98,30.0,0.0,RED INTERNET & PHONE CABLE U,0.0
8888,55 - 59,NRW,44.99,44.98,30.0,0.0,RED INTERNET & PHONE CABLE U,1.0
8889,35 - 39,NRW,34.99,44.99,30.0,0.0,RED INTERNET & PHONE CABLE U,0.0
8890,35 - 39,NRW,44.98,39.98,30.0,0.0,VF CABLEMAX,1.0
8891,35 - 39,KBW,39.99,34.99,30.0,0.0,VF RIP U-TREUE,0.0
8892,35 - 39,KBW,39.99,39.97,30.0,0.0,RED INTERNET & PHONE CABLE U,0.0
8893,25 - 29,NRW,39.98,44.99,30.0,0.0,VF RIP U-TREUE,0.0
8894,35 - 39,KBW,44.98,49.98,30.0,0.0,RED INTERNET & PHONE CABLE U,0.0
8895,50 - 54,HSN,37.98,44.99,30.0,0.0,VF CABLEMAX,1.0
8896,25 - 29,HSN,39.98,44.98,30.0,0.0,RED INTERNET & PHONE CABLE U,0.0
8897,35 - 39,KBW,39.98,44.98,30.0,0.0,RED INTERNET & PHONE CABLE U,1.0
8898,35 - 39,NRW,34.98,34.97,30.0,0.0,RED INTERNET & PHONE CABLE U,1.0
8899,30 - 34,NRW,39.98,49.99,30.0,0.0,RED INTERNET & PHONE CABLE U,1.0
8900,30 - 34,HSN,29.99,42.99,30.0,0.0,VF CABLEMAX,0.0
8901,25 - 29,HSN,29.98,44.97,30.0,0.0,RED INTERNET & PHONE CABLE U,1.0
8902,30 - 34,NRW,39.99,34.99,30.0,0.0,RED INTERNET & PHONE CABLE U,1.0
8903,40 - 44,HSN,39.99,39.99,30.0,0.0,RED INTERNET & PHONE CABLE U,0.0
8904,50 - 54,HSN,34.99,39.99,30.0,0.0,RED INTERNET & PHONE CABLE U,1.0
8905,40 - 44,NRW,44.99,29.98,30.0,0.0,VF CABLEMAX,1.0
8906,40 - 44,HSN,39.99,39.98,30.0,0.0,RED INTERNET & PHONE CABLE U,0.0
8907,55 - 59,HSN,34.99,39.99,30.0,0.0,RED INTERNET & PHONE CABLE U,0.0
8908,50 - 54,KBW,39.98,34.99,30.0,0.0,RED INTERNET & PHONE CABLE U,1.0
8909,55 - 59,NRW,39.97,44.97,30.0,0.0,RED INTERNET & PHONE CABLE U,1.0
8910,60 - 64,HSN,39.99,49.99,30.0,0.0,VF RIP U-TREUE,0.0
8911,40 - 44,NRW,34.98,44.98,30.0,0.0,RED INTERNET & PHONE CABLE U,0.0
8912,55 - 59,KBW,34.98,39.98,30.0,0.0,RED INTERNET & PHONE CABLE U,1.0
8913,30 - 34,NRW,49.98,44.98,30.0,0.0,RED INTERNET & PHONE CABLE U,1.0
8914,30 - 34,NRW,39.99,49.98,30.0,0.0,VF CABLEMAX,1.0
8915,40 - 44,KBW,44.98,34.99,30.0,0.0,RED INTERNET & PHONE CABLE U,1.0
8916,35 - 39,NRW,37.97,69.99,30.0,0.0,VF CABLEMAX,1.0
8917,30 - 34,NRW,44.98,44.97,30.0,0.0,VF CABLEMAX,0.0
8918,40 - 44,NRW,44.99,0.99,30.0,0.0,RED INTERNET & PHONE CABLE U,1.0
8919,35 - 39,NRW,44.98,39.98,30.0,0.0,VF RIP U-TREUE,0.0
8920,25 - 29,NRW,39.97,34.98,30.0,0.0,VF RIP U-TREUE,1.0
8921,35 - 39,NRW,44.98,44.98,30.0,0.0,VF RIP U-TREUE,1.0
8922,30 - 34,KBW,44.97,44.99,30.0,0.0,RED INTERNET & PHONE CABLE U,1.0
8923,70 - 74,NRW,54.99,39.99,30.0,0.0,RED INTERNET & PHONE CABLE U,0.0
8924,55 - 59,KBW,55.99,54.99,30.0,0.0,RED INTERNET & PHONE CABLE U,1.0
8925,35 - 39,KBW,39.99,34.99,30.0,0.0,RED INTERNET & PHONE CABLE U,1.0
8926,60 - 64,HSN,39.98,34.99,30.0,0.0,RED INTERNET & PHONE CABLE U,1.0
8927,18 - 24,NRW,44.99,32.99,30.0,0.0,VF CABLEMAX,0.0
8928,55 - 59,NRW,39.98,39.98,30.0,0.0,VF CABLEMAX,0.0
8929,45 - 49,HSN,29.98,44.98,30.0,0.0,2PLAY,1.0
8930,35 - 39,KBW,42.98,39.99,30.0,0.0,RED INTERNET & PHONE CABLE U,0.0
8931,55 - 59,KBW,44.99,34.98,30.0,0.0,RED INTERNET & PHONE CABLE U,1.0
8932,55 - 59,NRW,44.98,39.99,30.0,0.0,GIGAZUHAUSE KABEL,1.0
8933,40 - 44,NRW,29.98,44.97,30.0,0.0,RED INTERNET & PHONE CABLE U,0.0
8934,35 - 39,HSN,34.98,39.99,30.0,0.0,RED INTERNET & PHONE CABLE U,0.0
8935,25 - 29,HSN,39.97,54.99,30.0,0.0,GIGAZUHAUSE KABEL,0.0
8936,50 - 54,HSN,49.97,34.98,30.0,1.0,GIGAZUHAUSE KABEL,0.0
8937,50 - 54,KBW,32.99,39.96,30.0,0.0,RED INTERNET & PHONE CABLE U,1.0
8938,45 - 49,NRW,44.98,39.98,30.0,0.0,GIGAZUHAUSE KABEL,1.0
8939,30 - 34,KBW,29.99,42.98,30.0,0.0,VF CABLEMAX,0.0
8940,25 - 29,KBW,39.99,39.99,30.0,0.0,VF RIP U-TREUE,1.0
8941,25 - 29,NRW,39.99,49.99,30.0,0.0,GIGAZUHAUSE KABEL,1.0
8942,40 - 44,KBW,44.98,54.99,30.0,0.0,VF RIP U-TREUE,0.0
8943,40 - 44,KBW,44.99,39.99,30.0,0.0,RED INTERNET & PHONE CABLE U,0.0
8944,35 - 39,HSN,34.98,44.97,30.0,0.0,RED INTERNET & PHONE CABLE U,0.0
8945,60 - 64,KBW,39.98,34.98,30.0,0.0,RED INTERNET & PHONE CABLE U,0.0
8946,50 - 54,KBW,44.99,34.99,30.0,0.0,RED INTERNET & PHONE CABLE U,1.0
8947,45 - 49,NRW,44.99,39.99,30.0,0.0,GIGAZUHAUSE KABEL,0.0
8948,40 - 44,NRW,47.98,44.99,30.0,0.0,VF CABLEMAX,1.0
8949,40 - 44,NRW,39.97,39.99,30.0,0.0,VF RIP U-TREUE,0.0
8950,65 - 69,KBW,39.97,39.99,30.0,0.0,VF RIP U-TREUE,0.0
8951,55 - 59,NRW,24.98,29.99,30.0,0.0,VF RIP U-TREUE,0.0
8952,35 - 39,HSN,49.99,42.98,30.0,0.0,VF RIP U-TREUE,1.0
8953,25 - 29,NRW,44.96,11.98,30.0,0.0,RED INTERNET & PHONE CABLE U,0.0
8954,40 - 44,NRW,39.99,39.99,30.0,0.0,RED INTERNET & PHONE CABLE U,1.0
8955,30 - 34,NRW,44.99,34.98,30.0,0.0,RED INTERNET & PHONE CABLE U,1.0
8956,25 - 29,NRW,29.98,32.98,30.0,0.0,RED INTERNET & PHONE CABLE U,1.0
8957,35 - 39,NRW,34.98,34.99,30.0,0.0,RED INTERNET & PHONE CABLE U,0.0
8958,25 - 29,NRW,44.99,39.99,30.0,0.0,GIGAZUHAUSE KABEL,1.0
8959,35 - 39,KBW,47.99,44.97,30.0,0.0,VF CABLEMAX,1.0
8960,55 - 59,NRW,39.98,44.99,30.0,0.0,RED INTERNET & PHONE CABLE U,1.0
8961,55 - 59,KBW,44.99,39.98,30.0,0.0,VF RIP U-TREUE,0.0
8962,40 - 44,NRW,54.98,34.99,30.0,0.0,RED INTERNET & PHONE CABLE U,0.0
8963,40 - 44,KBW,44.99,39.99,30.0,0.0,VF CABLEMAX,1.0
8964,45 - 49,NRW,44.98,44.99,30.0,0.0,RED INTERNET & PHONE CABLE U,1.0
8965,40 - 44,NRW,37.99,39.99,30.0,0.0,GIGAZUHAUSE KABEL,0.0
8966,25 - 29,NRW,44.99,39.98,30.0,0.0,RED INTERNET & PHONE CABLE U,1.0
8967,25 - 29,KBW,49.99,32.98,30.0,0.0,RED INTERNET & PHONE CABLE U,0.0
8968,55 - 59,NRW,39.99,39.99,30.0,0.0,VF RIP U-TREUE,1.0
8969,60 - 64,KBW,39.99,42.99,30.0,0.0,RED INTERNET & PHONE CABLE U,0.0
8970,40 - 44,KBW,34.98,34.99,30.0,0.0,RED INTERNET & PHONE CABLE U,1.0
8971,55 - 59,KBW,49.97,44.99,30.0,0.0,VF CABLEMAX,1.0
8972,25 - 29,NRW,34.99,39.98,30.0,0.0,RED INTERNET & PHONE CABLE U,1.0
8973,50 - 54,NRW,39.99,44.98,30.0,0.0,RED INTERNET & PHONE CABLE U,1.0
8974,60 - 64,NRW,44.98,39.99,30.0,0.0,VF RIP U-TREUE,0.0
8975,35 - 39,KBW,32.99,39.99,30.0,0.0,VF RIP U-TREUE,0.0
8976,18 - 24,KBW,49.96,49.99,30.0,0.0,VF CABLEMAX,0.0
8977,30 - 34,NRW,34.99,49.96,30.0,0.0,VF RIP U-TREUE,1.0
8978,30 - 34,NRW,39.97,44.98,30.0,0.0,RED INTERNET & PHONE CABLE U,0.0
8979,45 - 49,NRW,39.97,44.99,30.0,0.0,RED INTERNET & PHONE CABLE U,1.0
8980,35 - 39,NRW,39.97,39.99,30.0,0.0,RED INTERNET & PHONE CABLE U,1.0
8981,35 - 39,KBW,34.98,49.99,30.0,0.0,VF CABLEMAX,1.0
8982,30 - 34,HSN,39.98,39.99,30.0,0.0,RED INTERNET & PHONE CABLE U,1.0
8983,35 - 39,KBW,39.97,29.98,30.0,0.0,RED INTERNET & PHONE CABLE U,1.0
8984,30 - 34,KBW,39.97,39.99,30.0,0.0,GIGAZUHAUSE KABEL,1.0
8985,30 - 34,NRW,34.99,44.99,30.0,0.0,RED INTERNET & PHONE CABLE U,1.0
8986,50 - 54,NRW,34.99,44.98,30.0,0.0,RED INTERNET & PHONE CABLE U,1.0
8987,50 - 54,NRW,44.99,42.97,30.0,0.0,RED INTERNET & PHONE CABLE U,1.0
8988,60 - 64,KBW,34.99,39.97,30.0,0.0,VF RIP U-TREUE,1.0
8989,45 - 49,KBW,44.98,29.99,30.0,0.0,VF RIP U-TREUE,1.0
8990,35 - 39,NRW,39.98,44.98,30.0,0.0,RED INTERNET & PHONE CABLE U,0.0
8991,25 - 29,HSN,44.98,44.98,30.0,0.0,RED INTERNET & PHONE CABLE U,1.0
8992,35 - 39,NRW,59.99,37.97,30.0,0.0,GIGAZUHAUSE KABEL,1.0
8993,30 - 34,NRW,39.98,44.99,30.0,0.0,RED INTERNET & PHONE CABLE U,0.0
8994,35 - 39,NRW,44.99,44.99,30.0,0.0,RED INTERNET & PHONE CABLE U,0.0
8995,50 - 54,HSN,39.98,44.98,5.0,0.0,GIGAZUHAUSE KABEL,0.0
8996,40 - 44,HSN,44.99,44.98,30.0,0.0,RED INTERNET & PHONE CABLE U,1.0
8997,35 - 39,NRW,44.96,34.99,30.0,0.0,RED INTERNET & PHONE CABLE U,0.0
8998,45 - 49,NRW,44.98,37.99,30.0,0.0,RED INTERNET & PHONE CABLE U,1.0
8999,35 - 39,NRW,39.99,39.98,30.0,0.0,GIGAZUHAUSE KABEL,0.0
9000,50 - 54,KBW,44.96,73.98,30.0,0.0,GIGAZUHAUSE TREUE C,1.0
9001,18 - 24,KBW,29.98,49.99,30.0,0.0,GIGAZUHAUSE TREUE C,0.0
9002,40 - 44,NRW,34.98,42.99,30.0,0.0,GIGAZUHAUSE KABEL,0.0
9003,60 - 64,HSN,44.98,44.99,30.0,0.0,VF RIP U-TREUE,0.0
9004,30 - 34,NRW,34.99,34.98,30.0,0.0,VF RIP U-TREUE,0.0
9005,50 - 54,NRW,44.98,44.98,30.0,0.0,VF RIP U-TREUE,0.0
9006,35 - 39,KBW,44.99,34.99,30.0,0.0,GIGAZUHAUSE KABEL,0.0
9007,30 - 34,KBW,34.99,34.99,30.0,0.0,RED INTERNET & PHONE CABLE U,0.0
9008,30 - 34,NRW,39.99,44.98,30.0,0.0,VF CABLEMAX,0.0
9009,60 - 64,NRW,39.98,34.98,30.0,0.0,VF RIP U-TREUE,0.0
9010,35 - 39,NRW,39.99,39.98,30.0,0.0,RED INTERNET & PHONE CABLE U,0.0
9011,35 - 39,NRW,34.99,39.99,30.0,0.0,RED INTERNET & PHONE CABLE U,0.0
9012,45 - 49,NRW,44.98,44.99,30.0,0.0,VF RIP U-TREUE,0.0
9013,50 - 54,HSN,49.98,44.98,30.0,0.0,RED INTERNET & PHONE CABLE U,0.0
9014,45 - 49,KBW,39.99,39.99,30.0,0.0,VF RIP U-TREUE,1.0
9015,50 - 54,HSN,44.99,44.98,30.0,0.0,VF RIP U-TREUE,0.0
9016,65 - 69,KBW,39.99,44.98,30.0,0.0,VF CABLEMAX,0.0
9017,40 - 44,KBW,44.99,34.99,30.0,0.0,GIGAZUHAUSE KABEL,1.0
9018,35 - 39,KBW,44.98,49.98,30.0,0.0,RED INTERNET & PHONE CABLE U,1.0
9019,55 - 59,KBW,39.98,44.98,30.0,0.0,RED INTERNET & PHONE CABLE U,1.0
9020,45 - 49,KBW,39.99,39.97,30.0,0.0,VF RIP U-TREUE,1.0
9021,55 - 59,NRW,39.97,39.96,30.0,0.0,RED INTERNET & PHONE CABLE U,0.0
9022,55 - 59,HSN,39.99,44.98,30.0,0.0,RED INTERNET & PHONE CABLE U,1.0
9023,35 - 39,KBW,44.99,39.99,30.0,0.0,RED INTERNET & PHONE CABLE U,1.0
9024,35 - 39,NRW,27.98,59.99,30.0,0.0,VF RIP U-TREUE,0.0
9025,35 - 39,HSN,34.99,44.98,30.0,0.0,VF RIP U-TREUE,0.0
9026,35 - 39,KBW,44.95,44.99,30.0,0.0,RED INTERNET & PHONE CABLE U,1.0
9027,50 - 54,NRW,42.99,34.99,30.0,0.0,RED INTERNET & PHONE CABLE U,1.0
9028,35 - 39,NRW,44.98,29.99,30.0,0.0,RED INTERNET & PHONE CABLE U,0.0
9029,55 - 59,NRW,39.99,44.99,30.0,0.0,RED INTERNET & PHONE CABLE U,1.0
9030,60 - 64,NRW,44.97,42.99,30.0,0.0,RED INTERNET & PHONE CABLE U,0.0
9031,55 - 59,NRW,39.99,49.98,30.0,0.0,RED INTERNET & PHONE CABLE U,0.0
9032,55 - 59,NRW,34.97,34.99,30.0,0.0,GIGAZUHAUSE KABEL,1.0
9033,50 - 54,NRW,34.98,34.98,30.0,0.0,RED INTERNET & PHONE CABLE U,0.0
9034,45 - 49,NRW,49.99,34.99,30.0,0.0,RED INTERNET & PHONE CABLE U,0.0
9035,55 - 59,NRW,44.99,49.99,30.0,0.0,RED INTERNET & PHONE CABLE U,0.0
9036,40 - 44,KBW,39.98,47.99,30.0,0.0,RED INTERNET & PHONE CABLE U,1.0
9037,55 - 59,KBW,39.99,44.98,30.0,0.0,VF CABLEMAX,1.0
9038,35 - 39,NRW,44.99,44.99,30.0,0.0,RED INTERNET & PHONE CABLE U,0.0
9039,35 - 39,KBW,37.99,34.97,30.0,0.0,RED INTERNET & PHONE CABLE U,1.0
9040,35 - 39,NRW,39.98,34.99,30.0,0.0,VF RIP U-TREUE,1.0
9041,35 - 39,NRW,24.99,39.98,30.0,0.0,RED INTERNET & PHONE CABLE U,0.0
9042,55 - 59,KBW,49.99,39.99,30.0,0.0,RED INTERNET & PHONE CABLE U,1.0
9043,35 - 39,KBW,39.99,34.99,30.0,0.0,RED INTERNET & PHONE CABLE U,0.0
9044,40 - 44,NRW,44.99,44.99,30.0,0.0,GIGAZUHAUSE KABEL,0.0
9045,25 - 29,NRW,34.98,39.99,30.0,0.0,RED INTERNET & PHONE CABLE U,1.0
9046,45 - 49,NRW,44.98,39.97,30.0,0.0,RED INTERNET & PHONE CABLE U,1.0
9047,25 - 29,NRW,44.98,34.99,30.0,0.0,RED INTERNET & PHONE CABLE U,0.0
9048,40 - 44,NRW,44.98,39.99,30.0,0.0,VF RIP U-TREUE,0.0
9049,35 - 39,NRW,39.99,44.98,30.0,0.0,VF RIP U-TREUE,1.0
9050,30 - 34,KBW,32.98,42.98,30.0,0.0,VF RIP U-TREUE,0.0
9051,40 - 44,HSN,44.99,39.98,30.0,0.0,VF RIP U-TREUE,1.0
9052,40 - 44,NRW,69.99,34.98,30.0,0.0,VF RIP U-TREUE,0.0
9053,40 - 44,KBW,44.99,44.98,30.0,0.0,RED INTERNET & PHONE CABLE U,0.0
9054,55 - 59,NRW,49.97,44.99,30.0,0.0,RED INTERNET & PHONE CABLE U,1.0
9055,55 - 59,KBW,39.99,44.99,30.0,0.0,VF RIP U-TREUE,1.0
9056,45 - 49,HSN,37.99,34.99,30.0,0.0,VF CABLEMAX,0.0
9057,35 - 39,NRW,34.99,39.99,30.0,0.0,VF CABLEMAX,0.0
9058,25 - 29,NRW,34.98,49.99,30.0,0.0,RED INTERNET & PHONE CABLE U,0.0
9059,40 - 44,NRW,34.98,37.98,30.0,0.0,RED INTERNET & PHONE CABLE U,0.0
9060,50 - 54,NRW,39.99,34.99,30.0,0.0,RED INTERNET & PHONE CABLE U,0.0
9061,35 - 39,NRW,29.98,34.98,30.0,0.0,RED INTERNET & PHONE CABLE U,0.0
9062,50 - 54,KBW,54.99,44.99,30.0,0.0,RED INTERNET & PHONE CABLE U,1.0
9063,35 - 39,KBW,49.98,37.99,30.0,0.0,RED INTERNET & PHONE CABLE U,0.0
9064,65 - 69,NRW,34.95,44.98,30.0,0.0,VF RIP U-TREUE,0.0
9065,80 and over,HSN,44.98,34.99,30.0,0.0,GIGAZUHAUSE KABEL,1.0
9066,35 - 39,NRW,49.99,44.97,30.0,0.0,VF RIP U-TREUE,0.0
9067,25 - 29,HSN,44.99,44.99,30.0,0.0,RED INTERNET & PHONE CABLE U,1.0
9068,55 - 59,NRW,44.98,44.97,30.0,0.0,VF CABLEMAX,0.0
9069,40 - 44,NRW,49.98,44.99,30.0,0.0,VF CABLEMAX,1.0
9070,40 - 44,NRW,39.98,44.99,30.0,0.0,RED INTERNET & PHONE CABLE U,0.0
9071,60 - 64,HSN,39.99,39.99,30.0,0.0,RED INTERNET & PHONE CABLE U,0.0
9072,30 - 34,KBW,39.98,54.99,30.0,0.0,RED INTERNET & PHONE CABLE U,0.0
9073,70 - 74,KBW,39.99,44.98,30.0,0.0,VF CABLEMAX,1.0
9074,35 - 39,NRW,44.97,34.99,30.0,0.0,RED INTERNET & PHONE CABLE U,0.0
9075,30 - 34,NRW,39.99,34.98,30.0,0.0,VF CABLEMAX,0.0
9076,35 - 39,NRW,39.99,34.98,30.0,0.0,VF RIP U-TREUE,1.0
9077,40 - 44,NRW,42.98,34.98,30.0,0.0,GIGAZUHAUSE KABEL,1.0
9078,35 - 39,NRW,49.98,34.98,30.0,0.0,RED INTERNET & PHONE CABLE U,1.0
9079,35 - 39,KBW,49.98,44.98,30.0,0.0,RED INTERNET & PHONE CABLE U,0.0
9080,35 - 39,KBW,34.99,39.98,30.0,0.0,GIGAZUHAUSE KABEL,0.0
9081,55 - 59,KBW,49.98,44.99,30.0,0.0,VF RIP U-TREUE,1.0
9082,35 - 39,HSN,39.99,35.99,30.0,0.0,VF RIP U-TREUE,1.0
9083,30 - 34,HSN,49.98,42.98,30.0,0.0,RED INTERNET & PHONE CABLE U,0.0
9084,30 - 34,KBW,44.98,37.99,30.0,0.0,RED INTERNET & PHONE CABLE U,0.0
9085,35 - 39,KBW,39.99,0.98,30.0,0.0,RED INTERNET & PHONE CABLE U,0.0
9086,40 - 44,NRW,44.99,39.96,30.0,0.0,RED INTERNET & PHONE CABLE U,1.0
9087,55 - 59,NRW,44.98,44.97,30.0,0.0,VF CABLEMAX,1.0
9088,50 - 54,NRW,34.98,34.99,30.0,0.0,RED INTERNET & PHONE CABLE U,1.0
9089,30 - 34,NRW,44.98,32.99,30.0,0.0,RED INTERNET & PHONE CABLE U,0.0
9090,45 - 49,HSN,39.99,44.97,30.0,0.0,RED INTERNET & PHONE CABLE U,1.0
9091,30 - 34,KBW,34.98,34.98,30.0,0.0,VF CABLEMAX,1.0
9092,55 - 59,KBW,39.99,39.99,30.0,0.0,RED INTERNET & PHONE CABLE U,0.0
9093,40 - 44,HSN,34.99,44.98,30.0,0.0,VF RIP U-TREUE,1.0
9094,60 - 64,NRW,39.97,49.98,30.0,0.0,VF RIP U-TREUE,1.0
9095,55 - 59,NRW,44.97,44.95,30.0,0.0,RED INTERNET & PHONE CABLE U,1.0
9096,45 - 49,NRW,34.99,54.98,30.0,0.0,RED INTERNET & PHONE CABLE U,0.0
9097,35 - 39,KBW,44.98,44.98,30.0,0.0,VF CABLEMAX,1.0
9098,60 - 64,KBW,39.98,49.98,30.0,0.0,RED INTERNET & PHONE CABLE U,1.0
9099,50 - 54,NRW,39.99,44.99,30.0,0.0,RED INTERNET & PHONE CABLE U,0.0
9100,60 - 64,NRW,34.99,34.98,30.0,0.0,RED INTERNET & PHONE CABLE U,1.0
9101,25 - 29,NRW,39.98,37.98,30.0,0.0,RED INTERNET & PHONE CABLE U,1.0
9102,50 - 54,HSN,49.97,39.98,30.0,0.0,VF CABLEMAX,1.0
9103,35 - 39,NRW,44.98,34.99,30.0,0.0,VF RIP U-TREUE,1.0
9104,30 - 34,NRW,44.98,44.99,30.0,0.0,VF CABLEMAX,0.0
9105,25 - 29,HSN,44.99,39.98,30.0,0.0,VF CABLEMAX,0.0
9106,50 - 54,KBW,34.99,39.98,30.0,0.0,VF RIP U-TREUE,0.0
9107,35 - 39,NRW,44.98,44.98,30.0,0.0,VF RIP U-TREUE,0.0
9108,25 - 29,KBW,34.99,44.98,30.0,0.0,RED INTERNET & PHONE CABLE U,0.0
9109,45 - 49,NRW,49.98,39.99,30.0,0.0,RED INTERNET & PHONE CABLE U,1.0
9110,25 - 29,NRW,49.98,44.99,30.0,0.0,RED INTERNET & PHONE CABLE U,0.0
9111,25 - 29,NRW,39.99,39.97,30.0,0.0,VF RIP U-TREUE,0.0
9112,35 - 39,NRW,39.99,39.98,30.0,0.0,RED INTERNET & PHONE CABLE U,1.0
9113,35 - 39,KBW,44.99,34.98,30.0,0.0,RED INTERNET & PHONE CABLE U,0.0
9114,35 - 39,NRW,47.99,37.99,30.0,0.0,RED INTERNET & PHONE CABLE U,0.0
9115,35 - 39,NRW,29.98,44.99,30.0,1.0,GIGAZUHAUSE KABEL,1.0
9116,30 - 34,NRW,39.99,49.98,30.0,0.0,RED INTERNET & PHONE CABLE U,0.0
9117,60 - 64,NRW,39.98,44.99,30.0,0.0,VF RIP U-TREUE,1.0
9118,60 - 64,HSN,39.99,44.98,30.0,0.0,RED INTERNET & PHONE CABLE U,0.0
9119,65 - 69,KBW,49.99,44.98,30.0,0.0,RED INTERNET & PHONE CABLE U,0.0
9120,35 - 39,NRW,39.99,44.98,30.0,0.0,RED INTERNET & PHONE CABLE U,0.0
9121,35 - 39,HSN,44.98,62.99,30.0,0.0,RED INTERNET & PHONE CABLE U,0.0
9122,55 - 59,NRW,34.97,39.99,30.0,0.0,GIGAZUHAUSE KABEL,1.0
9123,30 - 34,NRW,44.98,37.99,30.0,0.0,RED INTERNET & PHONE CABLE U,0.0
9124,35 - 39,NRW,34.98,34.99,30.0,0.0,RED INTERNET & PHONE CABLE U,0.0
9125,35 - 39,NRW,39.99,44.99,30.0,0.0,VF CABLEMAX,0.0
9126,25 - 29,HSN,39.99,39.98,30.0,0.0,RED INTERNET & PHONE CABLE U,1.0
9127,55 - 59,NRW,54.99,44.98,30.0,0.0,RED INTERNET & PHONE CABLE U,0.0
9128,60 - 64,NRW,44.99,44.99,30.0,0.0,RED INTERNET & PHONE CABLE U,0.0
9129,55 - 59,NRW,39.99,37.98,30.0,0.0,VF RIP U-TREUE,0.0
9130,55 - 59,NRW,44.97,42.98,30.0,0.0,VF CABLEMAX,1.0
9131,35 - 39,NRW,44.99,42.98,30.0,0.0,VF RIP U-TREUE,0.0
9132,35 - 39,NRW,37.97,29.98,30.0,0.0,GIGAZUHAUSE KABEL,1.0
9133,40 - 44,HSN,39.99,44.99,30.0,0.0,VF RIP U-TREUE,1.0
9134,80 and over,KBW,44.97,39.97,30.0,0.0,GIGAZUHAUSE KABEL,1.0
9135,35 - 39,NRW,34.98,42.99,30.0,0.0,RED INTERNET & PHONE CABLE U,0.0
9136,35 - 39,NRW,44.97,44.98,30.0,0.0,VF RIP U-TREUE,1.0
9137,40 - 44,NRW,34.97,39.99,30.0,0.0,RED INTERNET & PHONE CABLE U,1.0
9138,40 - 44,NRW,44.98,44.98,30.0,0.0,RED INTERNET & PHONE CABLE U,0.0
9139,25 - 29,NRW,32.98,29.99,30.0,0.0,VF RIP U-TREUE,1.0
9140,60 - 64,HSN,54.99,39.99,30.0,0.0,RED INTERNET & PHONE CABLE U,0.0
9141,45 - 49,NRW,69.98,44.98,30.0,0.0,RED INTERNET & PHONE CABLE U,1.0
9142,45 - 49,NRW,32.99,39.98,30.0,0.0,GIGAZUHAUSE KABEL,0.0
9143,45 - 49,NRW,44.98,44.99,30.0,0.0,RED INTERNET & PHONE CABLE U,0.0
9144,60 - 64,NRW,42.96,44.99,30.0,0.0,RED INTERNET & PHONE CABLE U,0.0
9145,35 - 39,NRW,49.98,54.99,30.0,0.0,VF CABLEMAX,1.0
9146,45 - 49,NRW,29.99,29.99,30.0,0.0,RED INTERNET & PHONE CABLE U,0.0
9147,70 - 74,NRW,34.98,44.97,30.0,0.0,RED INTERNET & PHONE CABLE U,1.0
9148,30 - 34,NRW,34.99,44.99,30.0,0.0,RED INTERNET & PHONE CABLE U,1.0
9149,45 - 49,KBW,44.99,44.99,30.0,0.0,GIGAZUHAUSE KABEL,0.0
9150,30 - 34,NRW,49.98,44.99,30.0,0.0,VF RIP U-TREUE,0.0
9151,80 and over,KBW,39.97,39.99,30.0,0.0,RED INTERNET & PHONE CABLE U,1.0
9152,25 - 29,NRW,34.99,34.97,30.0,0.0,VF RIP U-TREUE,1.0
9153,45 - 49,NRW,39.97,44.99,30.0,0.0,RED INTERNET & PHONE CABLE U,0.0
9154,40 - 44,NRW,34.99,34.97,30.0,0.0,RED INTERNET & PHONE CABLE U,0.0
9155,30 - 34,NRW,34.99,39.98,30.0,0.0,GIGAZUHAUSE KABEL,1.0
9156,30 - 34,NRW,34.97,49.99,30.0,0.0,RED INTERNET & PHONE CABLE U,0.0
9157,50 - 54,HSN,44.99,44.99,30.0,0.0,VF CABLEMAX,1.0
9158,55 - 59,KBW,44.99,47.99,30.0,0.0,RED INTERNET & PHONE CABLE U,0.0
9159,45 - 49,NRW,44.99,32.99,30.0,0.0,VF CABLEMAX,0.0
9160,30 - 34,NRW,47.98,39.99,30.0,0.0,RED INTERNET & PHONE CABLE U,1.0
9161,30 - 34,KBW,54.98,44.99,30.0,0.0,VF CABLEMAX,0.0
9162,55 - 59,NRW,42.99,44.98,30.0,0.0,RED INTERNET & PHONE CABLE U,0.0
9163,55 - 59,KBW,34.98,34.99,30.0,0.0,VF RIP U-TREUE,0.0
9164,55 - 59,HSN,44.98,59.99,30.0,0.0,RED INTERNET & PHONE CABLE U,0.0
9165,55 - 59,NRW,39.99,44.98,30.0,0.0,RED INTERNET & PHONE CABLE U,1.0
9166,18 - 24,HSN,34.96,42.99,30.0,0.0,RED INTERNET & PHONE CABLE U,1.0
9167,35 - 39,KBW,44.98,39.99,30.0,0.0,VF RIP U-TREUE,1.0
9168,25 - 29,NRW,42.99,34.99,30.0,0.0,VF RIP U-TREUE,0.0
9169,60 - 64,KBW,32.99,29.98,30.0,0.0,VF CABLEMAX,0.0
9170,30 - 34,NRW,49.98,39.99,30.0,0.0,RED INTERNET & PHONE CABLE U,0.0
9171,40 - 44,NRW,34.99,49.98,30.0,0.0,GIGAZUHAUSE KABEL,1.0
9172,35 - 39,KBW,44.98,29.99,30.0,0.0,RED INTERNET & PHONE CABLE U,1.0
9173,25 - 29,NRW,39.96,44.98,30.0,0.0,GIGAZUHAUSE KABEL,0.0
9174,30 - 34,NRW,44.98,39.98,30.0,0.0,RED INTERNET & PHONE CABLE U,1.0
9175,25 - 29,KBW,39.99,49.99,30.0,0.0,VF CABLEMAX,0.0
9176,35 - 39,NRW,44.98,29.99,30.0,0.0,VF RIP U-TREUE,1.0
9177,80 and over,NRW,34.99,39.98,30.0,0.0,VF CABLEMAX,1.0
9178,70 - 74,NRW,44.98,39.98,30.0,0.0,RED INTERNET & PHONE CABLE U,1.0
9179,45 - 49,NRW,34.99,44.99,30.0,0.0,RED INTERNET & PHONE CABLE U,1.0
9180,40 - 44,HSN,34.98,34.97,30.0,0.0,RED INTERNET & PHONE CABLE U,1.0
9181,30 - 34,HSN,39.98,39.98,30.0,0.0,RED INTERNET & PHONE CABLE U,1.0
9182,35 - 39,NRW,44.98,49.99,30.0,0.0,VF RIP U-TREUE,1.0
9183,35 - 39,HSN,39.99,49.96,30.0,0.0,RED INTERNET & PHONE CABLE U,1.0
9184,25 - 29,NRW,34.98,49.99,30.0,0.0,RED INTERNET & PHONE CABLE U,0.0
9185,55 - 59,KBW,34.99,44.98,30.0,0.0,VF RIP U-TREUE,0.0
9186,30 - 34,NRW,39.98,44.98,30.0,0.0,VF RIP U-TREUE,1.0
9187,40 - 44,KBW,37.99,49.98,30.0,0.0,VF CABLEMAX,0.0
9188,65 - 69,KBW,39.99,39.98,30.0,0.0,VF RIP U-TREUE,1.0
9189,45 - 49,HSN,44.98,44.97,30.0,0.0,VF RIP U-TREUE,1.0
9190,60 - 64,NRW,39.99,34.98,30.0,0.0,VF RIP U-TREUE,0.0
9191,25 - 29,NRW,32.99,34.98,30.0,0.0,GIGAZUHAUSE KABEL,1.0
9192,55 - 59,KBW,54.99,34.98,30.0,0.0,RED INTERNET & PHONE CABLE U,1.0
9193,35 - 39,KBW,44.98,49.99,30.0,0.0,RED INTERNET & PHONE CABLE U,1.0
9194,60 - 64,HSN,34.99,39.98,30.0,0.0,RED INTERNET & PHONE CABLE U,1.0
9195,30 - 34,NRW,44.98,34.99,30.0,0.0,VF RIP U-TREUE,0.0
9196,55 - 59,NRW,44.98,39.98,30.0,0.0,RED INTERNET & PHONE CABLE U,1.0
9197,40 - 44,KBW,54.99,34.99,30.0,0.0,RED INTERNET & PHONE CABLE U,0.0
9198,35 - 39,NRW,44.98,44.97,30.0,0.0,RED INTERNET & PHONE CABLE U,0.0
9199,50 - 54,KBW,44.99,44.99,30.0,0.0,RED INTERNET & PHONE CABLE U,1.0
9200,65 - 69,NRW,34.98,44.99,30.0,0.0,RED INTERNET & PHONE CABLE U,0.0
9201,30 - 34,NRW,49.98,34.99,30.0,0.0,RED INTERNET & PHONE CABLE U,1.0
9202,35 - 39,HSN,62.98,39.98,30.0,0.0,VF RIP U-TREUE,0.0
9203,55 - 59,KBW,44.99,49.99,30.0,0.0,RED INTERNET & PHONE CABLE U,0.0
9204,40 - 44,NRW,52.98,34.99,30.0,0.0,RED INTERNET & PHONE CABLE U,0.0
9205,40 - 44,NRW,44.98,44.98,30.0,0.0,VF CABLEMAX,0.0
9206,55 - 59,NRW,54.97,44.99,30.0,0.0,RED INTERNET & PHONE CABLE U,1.0
9207,30 - 34,KBW,39.99,59.99,30.0,0.0,RED INTERNET & PHONE CABLE U,1.0
9208,45 - 49,KBW,67.98,39.99,30.0,0.0,RED INTERNET & PHONE CABLE U,0.0
9209,40 - 44,NRW,29.98,39.98,30.0,0.0,VF RIP U-TREUE,1.0
9210,35 - 39,NRW,54.99,44.99,30.0,0.0,RED INTERNET & PHONE CABLE U,0.0
9211,65 - 69,HSN,24.98,42.98,30.0,0.0,RED INTERNET & PHONE CABLE U,0.0
9212,35 - 39,NRW,49.96,39.99,30.0,0.0,GIGAZUHAUSE KABEL,0.0
9213,35 - 39,HSN,34.96,49.99,30.0,0.0,VF RIP U-TREUE,0.0
9214,30 - 34,NRW,44.98,34.99,30.0,0.0,VF CABLEMAX,0.0
9215,70 - 74,NRW,34.99,49.98,30.0,0.0,RED INTERNET & PHONE CABLE U,0.0
9216,40 - 44,NRW,44.99,34.98,30.0,0.0,RED INTERNET & PHONE CABLE U,1.0
9217,50 - 54,HSN,44.98,34.99,30.0,0.0,RED INTERNET & PHONE CABLE U,1.0
9218,30 - 34,NRW,54.98,32.99,30.0,0.0,RED INTERNET & PHONE CABLE U,0.0
9219,35 - 39,NRW,39.99,29.98,30.0,0.0,RED INTERNET & PHONE CABLE U,0.0
9220,35 - 39,NRW,39.98,69.98,30.0,0.0,VF RIP U-TREUE,1.0
9221,60 - 64,NRW,34.98,39.98,30.0,0.0,VF CABLEMAX,1.0
9222,30 - 34,NRW,44.99,39.98,30.0,0.0,RED INTERNET & PHONE CABLE U,0.0
9223,25 - 29,NRW,34.98,39.99,30.0,0.0,GIGAZUHAUSE KABEL,0.0
9224,25 - 29,HSN,39.98,49.99,30.0,0.0,GIGAZUHAUSE KABEL,0.0
9225,35 - 39,NRW,44.99,49.98,30.0,0.0,RED INTERNET & PHONE CABLE U,0.0
9226,30 - 34,NRW,44.98,34.98,30.0,0.0,RED INTERNET & PHONE CABLE U,1.0
9227,40 - 44,NRW,29.99,44.99,30.0,0.0,VF RIP U-TREUE,1.0
9228,50 - 54,NRW,44.99,39.98,30.0,0.0,RED INTERNET & PHONE CABLE U,1.0
9229,35 - 39,NRW,44.99,34.97,30.0,0.0,VF CABLEMAX,0.0
9230,45 - 49,NRW,44.98,39.98,30.0,0.0,RED INTERNET & PHONE CABLE U,1.0
9231,40 - 44,NRW,39.99,39.99,30.0,0.0,RED INTERNET & PHONE CABLE U,0.0
9232,35 - 39,HSN,39.99,34.98,30.0,0.0,RED INTERNET & PHONE CABLE U,0.0
9233,40 - 44,NRW,44.99,44.98,30.0,0.0,RED INTERNET & PHONE CABLE U,1.0
9234,35 - 39,HSN,44.99,34.98,30.0,0.0,RED INTERNET & PHONE CABLE U,0.0
9235,50 - 54,HSN,39.99,44.96,30.0,0.0,RED INTERNET & PHONE CABLE U,0.0
9236,35 - 39,NRW,39.98,39.99,30.0,0.0,RED INTERNET & PHONE CABLE U,1.0
9237,50 - 54,NRW,42.99,39.98,30.0,0.0,RED INTERNET & PHONE CABLE U,0.0
9238,35 - 39,KBW,44.99,49.98,30.0,0.0,GIGAZUHAUSE KABEL,1.0
9239,35 - 39,NRW,39.99,39.98,30.0,0.0,RED INTERNET & PHONE CABLE U,0.0
9240,30 - 34,NRW,39.99,34.99,30.0,0.0,RED INTERNET & PHONE CABLE U,1.0
9241,45 - 49,KBW,44.98,39.99,30.0,0.0,RED INTERNET & PHONE CABLE U,0.0
9242,60 - 64,NRW,34.98,44.99,30.0,0.0,VF RIP U-TREUE,1.0
9243,35 - 39,HSN,44.98,34.98,30.0,0.0,GIGAZUHAUSE KABEL,0.0
9244,30 - 34,NRW,43.98,44.99,30.0,0.0,RED INTERNET & PHONE CABLE U,0.0
9245,30 - 34,KBW,44.98,44.99,30.0,0.0,RED INTERNET & PHONE CABLE U,1.0
9246,45 - 49,KBW,39.97,39.97,30.0,0.0,VF RIP U-TREUE,0.0
9248,30 - 34,NRW,39.99,37.99,30.0,0.0,RED INTERNET & PHONE CABLE U,1.0
9249,35 - 39,HSN,44.97,44.98,30.0,0.0,VF CABLEMAX,0.0
9250,40 - 44,KBW,44.98,32.99,30.0,0.0,GIGAZUHAUSE KABEL,1.0
9251,75 - 79,NRW,34.98,29.99,30.0,0.0,RED INTERNET & PHONE CABLE U,1.0
9252,30 - 34,NRW,54.99,44.98,30.0,0.0,VF CABLEMAX,1.0
9253,30 - 34,NRW,29.98,44.98,30.0,0.0,VF CABLEMAX,0.0
9254,55 - 59,HSN,44.98,39.99,30.0,0.0,VF RIP U-TREUE,1.0
9255,45 - 49,NRW,44.98,54.98,30.0,0.0,RED INTERNET & PHONE CABLE U,0.0
9256,30 - 34,NRW,39.99,34.99,30.0,0.0,VF CABLEMAX,1.0
9257,30 - 34,NRW,29.98,34.98,30.0,0.0,VF RIP U-TREUE,0.0
9258,40 - 44,HSN,29.97,44.99,30.0,0.0,GIGAZUHAUSE KABEL,1.0
9259,25 - 29,HSN,54.99,34.98,30.0,0.0,VF CABLEMAX,0.0
9260,50 - 54,KBW,54.99,44.98,30.0,0.0,VF RIP U-TREUE,0.0
9261,40 - 44,NRW,54.98,42.98,30.0,0.0,RED INTERNET & PHONE CABLE U,1.0
9262,40 - 44,NRW,29.99,44.99,30.0,0.0,VF RIP U-TREUE,1.0
9263,35 - 39,KBW,39.98,49.98,30.0,0.0,RED INTERNET & PHONE CABLE U,1.0
9264,18 - 24,NRW,44.97,44.99,30.0,0.0,RED INTERNET & PHONE CABLE U,1.0
9265,45 - 49,HSN,34.99,34.99,30.0,0.0,RED INTERNET & PHONE CABLE U,0.0
9266,35 - 39,KBW,34.99,39.97,30.0,0.0,GIGAZUHAUSE KABEL,1.0
9267,60 - 64,NRW,34.98,44.98,30.0,0.0,RED INTERNET & PHONE CABLE U,0.0
9268,25 - 29,NRW,34.99,39.98,30.0,0.0,RED INTERNET & PHONE CABLE U,1.0
9269,80 and over,KBW,39.99,34.99,30.0,0.0,VF RIP U-TREUE,1.0
9270,35 - 39,NRW,34.99,39.98,30.0,0.0,VF CABLEMAX,0.0
9271,25 - 29,KBW,34.98,44.99,30.0,0.0,VF RIP U-TREUE,0.0
9272,80 and over,NRW,42.99,37.98,30.0,0.0,RED INTERNET & PHONE CABLE U,0.0
9273,25 - 29,NRW,34.99,44.98,30.0,0.0,RED INTERNET & PHONE CABLE U,0.0
9274,25 - 29,NRW,44.99,24.99,30.0,0.0,RED INTERNET & PHONE CABLE U,1.0
9275,40 - 44,NRW,37.98,44.96,30.0,0.0,GIGAZUHAUSE KABEL,1.0
9276,25 - 29,HSN,39.99,39.98,30.0,0.0,RED INTERNET & PHONE CABLE U,0.0
9277,50 - 54,NRW,44.99,44.99,30.0,0.0,RED INTERNET & PHONE CABLE U,1.0
9278,40 - 44,NRW,29.98,44.98,30.0,0.0,RED INTERNET & PHONE CABLE U,1.0
9279,35 - 39,NRW,34.99,44.97,30.0,0.0,RED INTERNET & PHONE CABLE U,0.0
9280,35 - 39,NRW,29.98,44.98,30.0,0.0,RED INTERNET & PHONE CABLE U,0.0
9281,55 - 59,KBW,49.99,34.99,30.0,0.0,RED INTERNET & PHONE CABLE U,1.0
9282,35 - 39,KBW,49.98,39.99,30.0,0.0,RED INTERNET & PHONE CABLE U,0.0
9283,50 - 54,KBW,39.98,44.98,30.0,0.0,RED INTERNET & PHONE CABLE U,1.0
9284,25 - 29,KBW,44.99,38.98,30.0,0.0,GIGAZUHAUSE KABEL,1.0
9285,25 - 29,NRW,44.97,34.99,30.0,0.0,RED INTERNET & PHONE CABLE U,0.0
9286,30 - 34,NRW,39.98,34.99,30.0,0.0,RED INTERNET & PHONE CABLE U,0.0
9287,35 - 39,KBW,39.99,34.98,30.0,0.0,RED INTERNET & PHONE CABLE U,0.0
9288,60 - 64,KBW,39.99,39.98,30.0,0.0,VF CABLEMAX,0.0
9289,40 - 44,NRW,32.98,39.99,30.0,0.0,VF RIP U-TREUE,0.0
9290,35 - 39,KBW,44.98,34.99,30.0,0.0,RED INTERNET & PHONE CABLE U,0.0
9291,35 - 39,NRW,32.98,44.98,30.0,0.0,VF CABLEMAX,0.0
9292,35 - 39,KBW,39.99,39.98,30.0,0.0,RED INTERNET & PHONE CABLE U,0.0
9293,35 - 39,KBW,44.99,49.99,30.0,0.0,GIGAZUHAUSE KABEL,0.0
9294,25 - 29,NRW,34.97,44.99,30.0,0.0,RED INTERNET & PHONE CABLE U,1.0
9295,40 - 44,KBW,39.98,34.98,30.0,0.0,RED INTERNET & PHONE CABLE U,0.0
9296,60 - 64,NRW,37.98,44.98,30.0,0.0,RED INTERNET & PHONE CABLE U,1.0
9297,35 - 39,NRW,34.99,39.99,30.0,0.0,RED INTERNET & PHONE CABLE U,0.0
9298,45 - 49,NRW,49.99,44.98,30.0,0.0,RED INTERNET & PHONE CABLE U,0.0
9299,55 - 59,NRW,35.99,49.99,30.0,0.0,RED INTERNET & PHONE CABLE U,1.0
9300,30 - 34,NRW,44.97,39.97,30.0,0.0,RED INTERNET & PHONE CABLE U,0.0
9301,35 - 39,KBW,29.99,49.99,30.0,0.0,RED INTERNET & PHONE CABLE U,0.0
9302,25 - 29,NRW,34.99,34.98,30.0,0.0,RED INTERNET & PHONE CABLE U,1.0
9303,50 - 54,NRW,49.99,44.99,30.0,0.0,RED INTERNET & PHONE CABLE U,1.0
9304,35 - 39,NRW,49.98,39.99,30.0,0.0,VF RIP U-TREUE,0.0
9305,35 - 39,HSN,29.98,44.99,30.0,0.0,GIGAZUHAUSE TREUE C,1.0
9306,40 - 44,NRW,34.99,29.98,30.0,0.0,VF RIP U-TREUE,0.0
9307,40 - 44,NRW,39.98,44.98,30.0,0.0,VF CABLEMAX,0.0
9308,40 - 44,KBW,44.98,42.99,30.0,0.0,RED INTERNET & PHONE CABLE U,1.0
9309,40 - 44,NRW,39.98,39.99,30.0,0.0,RED INTERNET & PHONE CABLE U,0.0
9310,60 - 64,HSN,39.99,34.99,30.0,0.0,GIGAZUHAUSE KABEL,0.0
9311,60 - 64,NRW,44.99,44.99,30.0,0.0,VF CABLEMAX,0.0
9312,25 - 29,KBW,34.98,39.98,30.0,0.0,GIGAZUHAUSE KABEL,0.0
9313,30 - 34,KBW,29.99,44.99,30.0,0.0,VF RIP U-TREUE,0.0
9314,45 - 49,NRW,39.99,54.99,30.0,0.0,RED INTERNET & PHONE CABLE U,1.0
9315,60 - 64,NRW,44.98,49.99,30.0,0.0,GIGAZUHAUSE KABEL,1.0
9316,60 - 64,KBW,39.99,34.98,30.0,0.0,VF RIP U-TREUE,1.0
9317,50 - 54,NRW,64.99,44.99,30.0,0.0,VF RIP U-TREUE,1.0
9318,40 - 44,KBW,32.98,44.99,30.0,0.0,VF RIP U-TREUE,1.0
9319,30 - 34,NRW,49.96,44.99,30.0,0.0,GIGAZUHAUSE KABEL,0.0
9320,55 - 59,KBW,34.99,39.98,30.0,0.0,VF RIP U-TREUE,0.0
9321,25 - 29,NRW,34.98,44.99,30.0,0.0,GIGAZUHAUSE KABEL,1.0
9322,65 - 69,KBW,39.99,47.97,30.0,0.0,RED INTERNET & PHONE CABLE U,1.0
9323,35 - 39,NRW,55.96,39.99,30.0,0.0,RED INTERNET & PHONE CABLE U,1.0
9324,50 - 54,NRW,49.99,29.99,30.0,0.0,RED INTERNET & PHONE CABLE U,1.0
9325,35 - 39,NRW,34.99,39.99,30.0,0.0,VF RIP U-TREUE,1.0
9326,25 - 29,KBW,44.98,29.98,30.0,0.0,128KBIT,0.0
9327,35 - 39,HSN,39.99,44.98,30.0,0.0,RED INTERNET & PHONE CABLE U,1.0
9328,35 - 39,NRW,44.99,49.98,30.0,0.0,RED INTERNET & PHONE CABLE U,1.0
9329,35 - 39,NRW,49.98,44.98,30.0,0.0,GIGAZUHAUSE KABEL,1.0
9330,18 - 24,KBW,39.99,39.98,30.0,0.0,RED INTERNET & PHONE CABLE U,0.0
9331,25 - 29,NRW,64.97,39.99,30.0,0.0,RED INTERNET & PHONE CABLE U,0.0
9332,70 - 74,KBW,34.98,44.99,30.0,0.0,RED INTERNET & PHONE CABLE U,0.0
9333,55 - 59,KBW,49.99,44.98,30.0,0.0,RED INTERNET & PHONE CABLE U,0.0
9334,55 - 59,KBW,39.98,52.99,30.0,0.0,VF RIP U-TREUE,1.0
9335,25 - 29,NRW,44.99,44.98,30.0,0.0,RED INTERNET & PHONE CABLE U,1.0
9336,55 - 59,NRW,29.98,44.99,30.0,0.0,RED INTERNET & PHONE CABLE U,0.0
9337,60 - 64,NRW,44.98,29.99,30.0,0.0,RED INTERNET & PHONE CABLE U,0.0
9338,35 - 39,KBW,39.99,44.99,30.0,0.0,GIGAZUHAUSE KABEL,1.0
9339,60 - 64,KBW,39.97,32.99,30.0,0.0,RED INTERNET & PHONE CABLE U,0.0
9340,25 - 29,NRW,39.99,44.97,30.0,0.0,VF RIP U-TREUE,1.0
9341,35 - 39,NRW,39.98,42.99,30.0,0.0,RED INTERNET & PHONE CABLE U,1.0
9342,55 - 59,KBW,49.99,69.99,30.0,0.0,VF RIP U-TREUE,0.0
9343,50 - 54,KBW,49.99,39.99,30.0,0.0,RED INTERNET & PHONE CABLE U,1.0
9344,55 - 59,NRW,34.99,39.97,30.0,0.0,VF CABLEMAX,1.0
9345,50 - 54,HSN,44.99,44.97,30.0,0.0,RED INTERNET & PHONE CABLE U,1.0
9346,25 - 29,NRW,44.99,34.97,30.0,0.0,VF CABLEMAX,0.0
9347,30 - 34,HSN,44.99,44.98,30.0,0.0,RED INTERNET & PHONE CABLE U,0.0
9348,60 - 64,NRW,39.99,34.99,30.0,0.0,GIGAZUHAUSE KABEL,1.0
9349,35 - 39,KBW,44.97,39.98,30.0,0.0,RED INTERNET & PHONE CABLE U,1.0
9350,55 - 59,KBW,34.99,58.99,30.0,0.0,VF RIP U-TREUE,0.0
9351,55 - 59,NRW,44.99,44.98,30.0,0.0,RED INTERNET & PHONE CABLE U,0.0
9352,50 - 54,NRW,44.98,39.99,30.0,0.0,RED INTERNET & PHONE CABLE U,1.0
9353,35 - 39,NRW,39.98,37.99,30.0,0.0,RED INTERNET & PHONE CABLE U,0.0
9354,35 - 39,KBW,44.98,39.99,30.0,0.0,VF CABLEMAX,0.0
9355,25 - 29,NRW,39.99,44.99,30.0,0.0,RED INTERNET & PHONE CABLE U,1.0
9356,25 - 29,NRW,44.99,29.98,30.0,0.0,RED INTERNET & PHONE CABLE U,0.0
9357,25 - 29,NRW,39.98,39.99,30.0,0.0,RED INTERNET & PHONE CABLE U,0.0
9358,25 - 29,NRW,39.99,49.98,30.0,0.0,RED INTERNET & PHONE CABLE U,0.0
9359,35 - 39,NRW,34.98,39.99,30.0,0.0,RED INTERNET & PHONE CABLE U,0.0
9360,30 - 34,NRW,44.99,42.99,30.0,0.0,VF RIP U-TREUE,1.0
9361,60 - 64,NRW,39.98,32.98,30.0,1.0,RED INTERNET & PHONE CABLE U,1.0
9362,60 - 64,NRW,44.99,34.97,30.0,0.0,RED INTERNET & PHONE CABLE U,0.0
9363,30 - 34,KBW,39.98,44.97,30.0,0.0,RED INTERNET & PHONE CABLE U,1.0
9364,35 - 39,NRW,34.98,49.98,30.0,0.0,GIGAZUHAUSE KABEL,0.0
9365,30 - 34,KBW,44.98,34.98,30.0,0.0,VF RIP U-TREUE,0.0
9366,35 - 39,NRW,44.99,39.99,30.0,0.0,VF CABLEMAX,1.0
9367,35 - 39,NRW,39.98,44.98,30.0,0.0,VF CABLEMAX,0.0
9368,55 - 59,NRW,44.98,54.98,30.0,0.0,RED INTERNET & PHONE CABLE U,0.0
9369,25 - 29,KBW,34.98,34.99,30.0,0.0,RED INTERNET & PHONE CABLE U,1.0
9370,30 - 34,KBW,44.99,34.99,30.0,0.0,RED INTERNET & PHONE CABLE U,1.0
9371,18 - 24,KBW,54.98,32.97,30.0,0.0,RED INTERNET & PHONE CABLE U,1.0
9372,45 - 49,KBW,39.99,34.99,30.0,0.0,VF CABLEMAX,0.0
9373,40 - 44,NRW,44.98,44.98,30.0,0.0,RED INTERNET & PHONE CABLE U,0.0
9374,25 - 29,NRW,37.99,39.97,30.0,0.0,GIGAZUHAUSE KABEL,0.0
9375,60 - 64,NRW,34.99,44.99,30.0,0.0,RED INTERNET & PHONE CABLE U,0.0
9376,50 - 54,KBW,34.97,68.99,30.0,0.0,RED INTERNET & PHONE CABLE U,1.0
9377,35 - 39,KBW,39.98,44.98,30.0,0.0,VF RIP U-TREUE,1.0
9378,35 - 39,NRW,44.99,29.99,30.0,0.0,RED INTERNET & PHONE CABLE U,1.0
9379,35 - 39,KBW,44.98,39.97,30.0,0.0,RED INTERNET & PHONE CABLE U,0.0
9380,70 - 74,KBW,39.97,42.99,30.0,0.0,RED INTERNET & PHONE CABLE U,1.0
9381,25 - 29,KBW,34.98,54.99,30.0,0.0,RED INTERNET & PHONE CABLE U,0.0
9382,45 - 49,HSN,29.98,39.99,30.0,0.0,GIGAZUHAUSE KABEL,1.0
9383,40 - 44,KBW,39.97,34.99,30.0,0.0,GIGAZUHAUSE KABEL,0.0
9384,45 - 49,HSN,44.97,44.98,30.0,0.0,GIGAZUHAUSE TREUE B,1.0
9385,30 - 34,NRW,34.99,34.99,30.0,0.0,RED INTERNET & PHONE CABLE U,1.0
9386,40 - 44,NRW,49.99,49.99,30.0,0.0,VF RIP U-TREUE,1.0
9387,30 - 34,NRW,44.98,59.98,30.0,0.0,VF RIP U-TREUE,1.0
9388,35 - 39,NRW,39.98,29.99,30.0,0.0,RED INTERNET & PHONE CABLE U,0.0
9389,80 and over,KBW,39.98,39.99,30.0,0.0,VF CABLEMAX,1.0
9390,40 - 44,NRW,44.99,34.99,30.0,0.0,RED INTERNET & PHONE CABLE U,1.0
9391,40 - 44,KBW,39.99,42.99,30.0,0.0,RED INTERNET & PHONE CABLE U,0.0
9392,25 - 29,NRW,42.97,34.99,30.0,0.0,RED INTERNET & PHONE CABLE U,1.0
9393,75 - 79,KBW,44.97,44.97,30.0,0.0,RED INTERNET & PHONE CABLE U,1.0
9394,18 - 24,HSN,39.98,34.99,30.0,0.0,VF CABLEMAX,0.0
9395,35 - 39,KBW,29.98,44.98,30.0,0.0,VF CABLEMAX,0.0
9396,35 - 39,KBW,39.99,39.98,30.0,0.0,RED INTERNET & PHONE CABLE U,1.0
9397,30 - 34,HSN,34.97,29.98,30.0,0.0,GIGAZUHAUSE KABEL,1.0
9398,30 - 34,KBW,49.97,49.98,30.0,0.0,VF RIP U-TREUE,0.0
9399,55 - 59,KBW,34.99,39.99,30.0,0.0,RED INTERNET & PHONE CABLE U,0.0
9400,30 - 34,NRW,34.98,44.99,30.0,0.0,VF CABLEMAX,0.0
9401,55 - 59,NRW,39.98,39.99,30.0,0.0,RED INTERNET & PHONE CABLE U,1.0
9402,40 - 44,KBW,54.99,34.99,30.0,0.0,RED INTERNET & PHONE CABLE U,0.0
9403,25 - 29,HSN,44.98,29.99,6.0,0.0,RED INTERNET & PHONE CABLE U,0.0
9404,55 - 59,KBW,34.99,34.98,30.0,0.0,VF RIP U-TREUE,0.0
9405,35 - 39,NRW,44.99,49.98,30.0,0.0,RED INTERNET & PHONE CABLE U,1.0
9406,55 - 59,KBW,29.98,44.99,30.0,0.0,VF CABLEMAX,0.0
9407,60 - 64,NRW,34.99,39.98,30.0,0.0,VF RIP U-TREUE,0.0
9408,60 - 64,KBW,32.99,44.99,30.0,0.0,VF RIP U-TREUE,0.0
9409,80 and over,NRW,39.99,34.99,30.0,0.0,RED INTERNET & PHONE CABLE U,1.0
9410,55 - 59,KBW,44.99,54.98,30.0,0.0,GIGAZUHAUSE KABEL,1.0
9411,60 - 64,HSN,44.98,34.99,30.0,0.0,RED INTERNET & PHONE CABLE U,0.0
9412,50 - 54,KBW,39.98,34.98,30.0,0.0,RED INTERNET & PHONE CABLE U,0.0
9413,35 - 39,NRW,44.98,44.99,30.0,0.0,GIGAZUHAUSE KABEL,1.0
9414,40 - 44,HSN,29.99,37.97,30.0,0.0,RED INTERNET & PHONE CABLE U,1.0
9415,30 - 34,KBW,44.98,34.98,30.0,0.0,VF RIP U-TREUE,1.0
9416,70 - 74,KBW,29.98,39.97,30.0,0.0,RED INTERNET & PHONE CABLE U,0.0
9417,75 - 79,HSN,39.99,49.98,30.0,0.0,GIGAZUHAUSE TREUE B,1.0
9418,30 - 34,KBW,34.98,39.99,30.0,0.0,RED INTERNET & PHONE CABLE U,1.0
9419,35 - 39,NRW,39.98,34.98,30.0,0.0,VF RIP U-TREUE,0.0
9420,65 - 69,NRW,39.98,39.99,30.0,0.0,RED INTERNET & PHONE CABLE U,1.0
9421,30 - 34,NRW,39.98,39.98,30.0,0.0,VF CABLEMAX,0.0
9422,60 - 64,KBW,42.99,44.99,30.0,0.0,GIGAZUHAUSE KABEL,1.0
9423,60 - 64,KBW,44.99,3.99,30.0,0.0,RED INTERNET & PHONE CABLE U,1.0
9424,80 and over,KBW,44.98,44.98,30.0,0.0,RED INTERNET & PHONE CABLE U,0.0
9425,30 - 34,NRW,39.98,34.98,30.0,0.0,RED INTERNET & PHONE CABLE U,1.0
9426,40 - 44,NRW,37.99,44.98,30.0,0.0,RED INTERNET & PHONE CABLE U,0.0
9427,35 - 39,NRW,39.98,49.99,30.0,0.0,RED INTERNET & PHONE CABLE U,1.0
9428,35 - 39,NRW,39.99,39.98,30.0,0.0,RED INTERNET & PHONE CABLE U,0.0
9429,60 - 64,NRW,44.98,39.99,30.0,0.0,GIGAZUHAUSE KABEL,0.0
9430,25 - 29,NRW,39.99,39.99,30.0,0.0,RED INTERNET & PHONE CABLE U,1.0
9431,35 - 39,HSN,44.99,34.97,30.0,0.0,RED INTERNET & PHONE CABLE U,0.0
9432,40 - 44,KBW,34.99,44.98,30.0,0.0,RED INTERNET & PHONE CABLE U,1.0
9433,65 - 69,KBW,32.98,54.98,30.0,0.0,VF CABLEMAX,1.0
9434,40 - 44,HSN,39.98,39.99,30.0,0.0,VF CABLEMAX,1.0
9435,25 - 29,NRW,34.99,44.98,30.0,0.0,VF RIP U-TREUE,1.0
9436,65 - 69,KBW,44.98,39.99,30.0,0.0,RED INTERNET & PHONE CABLE U,1.0
9437,30 - 34,NRW,34.99,0.99,30.0,0.0,RED INTERNET & PHONE CABLE U,1.0
9438,25 - 29,KBW,39.98,29.98,30.0,0.0,RED INTERNET & PHONE CABLE U,1.0
9439,25 - 29,NRW,32.99,29.99,30.0,0.0,VF RIP U-TREUE,0.0
9440,18 - 24,NRW,34.98,39.99,30.0,0.0,RED INTERNET & PHONE CABLE U,1.0
9441,35 - 39,NRW,44.98,34.99,30.0,0.0,RED INTERNET & PHONE CABLE U,1.0
9442,35 - 39,NRW,44.98,39.98,30.0,0.0,GIGAZUHAUSE KABEL,1.0
9443,40 - 44,KBW,39.98,44.99,30.0,0.0,RED INTERNET & PHONE CABLE U,1.0
9444,40 - 44,NRW,39.98,29.98,30.0,0.0,RED INTERNET & PHONE CABLE U,1.0
9445,40 - 44,NRW,34.99,44.98,30.0,0.0,GIGAZUHAUSE TREUE C,1.0
9446,50 - 54,KBW,44.99,44.98,30.0,0.0,VF RIP U-TREUE,1.0
9447,25 - 29,NRW,39.97,39.99,30.0,0.0,GIGAZUHAUSE KABEL,1.0
9448,60 - 64,NRW,34.98,44.98,30.0,0.0,GIGAZUHAUSE KABEL,0.0
9449,50 - 54,NRW,44.99,39.98,30.0,0.0,VF RIP U-TREUE,0.0
9450,25 - 29,NRW,39.98,34.98,30.0,0.0,VF RIP U-TREUE,0.0
9451,55 - 59,NRW,63.98,49.98,30.0,0.0,VF RIP U-TREUE,0.0
9452,35 - 39,NRW,39.99,32.98,30.0,0.0,RED INTERNET & PHONE CABLE U,1.0
9453,60 - 64,HSN,44.99,54.98,30.0,0.0,VF CABLEMAX,0.0
9454,25 - 29,NRW,44.98,34.98,30.0,0.0,RED INTERNET & PHONE CABLE U,1.0
9455,30 - 34,NRW,44.98,44.99,30.0,0.0,RED INTERNET & PHONE CABLE U,1.0
9456,50 - 54,KBW,44.99,39.99,30.0,0.0,RED INTERNET & PHONE CABLE U,0.0
9457,40 - 44,KBW,44.99,44.98,30.0,0.0,RED INTERNET & PHONE CABLE U,1.0
9458,35 - 39,NRW,44.98,49.99,30.0,0.0,VF RIP U-TREUE,0.0
9459,30 - 34,KBW,37.97,44.98,30.0,0.0,VF RIP U-TREUE,1.0
9460,35 - 39,NRW,34.99,39.98,30.0,0.0,VF CABLEMAX,0.0
9461,25 - 29,NRW,49.99,39.98,30.0,0.0,VF RIP U-TREUE,1.0
9462,35 - 39,NRW,49.97,39.97,30.0,0.0,VF RIP U-TREUE,1.0
9463,25 - 29,HSN,44.99,44.98,30.0,0.0,GIGAZUHAUSE TREUE B,0.0
9464,25 - 29,NRW,39.99,39.99,30.0,0.0,GIGAZUHAUSE KABEL,0.0
9465,70 - 74,KBW,34.98,39.98,30.0,0.0,RED INTERNET & PHONE CABLE U,0.0
9466,35 - 39,HSN,44.99,32.99,30.0,0.0,GIGAZUHAUSE KABEL,1.0
9467,45 - 49,NRW,54.99,39.98,30.0,0.0,RED INTERNET & PHONE CABLE U,0.0
9468,25 - 29,KBW,44.98,42.99,5.0,0.0,RED INTERNET & PHONE CABLE U,0.0
9469,35 - 39,NRW,39.99,39.99,30.0,0.0,RED INTERNET & PHONE CABLE U,1.0
9470,35 - 39,NRW,34.99,34.99,30.0,0.0,RED INTERNET & PHONE CABLE U,1.0
9471,35 - 39,HSN,32.99,44.99,30.0,0.0,RED INTERNET & PHONE CABLE U,1.0
9472,55 - 59,KBW,44.99,44.99,30.0,0.0,RED INTERNET & PHONE CABLE U,0.0
9473,25 - 29,NRW,44.98,34.99,30.0,0.0,RED INTERNET & PHONE CABLE U,0.0
9474,55 - 59,HSN,34.99,34.99,30.0,0.0,RED INTERNET & PHONE CABLE U,1.0
9475,18 - 24,HSN,39.99,44.99,30.0,0.0,VF RIP U-TREUE,0.0
9476,25 - 29,HSN,44.98,44.99,30.0,0.0,GIGAZUHAUSE KABEL,0.0
9477,70 - 74,NRW,39.98,29.97,30.0,0.0,RED INTERNET & PHONE CABLE U,0.0
9478,35 - 39,NRW,39.99,34.98,30.0,0.0,VF CABLEMAX,1.0
9479,25 - 29,NRW,44.98,34.99,30.0,0.0,VF RIP U-TREUE,1.0
9480,35 - 39,NRW,39.99,34.99,30.0,0.0,RED INTERNET & PHONE CABLE U,0.0
9481,55 - 59,KBW,39.99,44.99,30.0,0.0,RED INTERNET & PHONE CABLE U,1.0
9482,35 - 39,KBW,34.99,39.99,30.0,0.0,VF RIP U-TREUE,1.0
9483,30 - 34,KBW,39.98,39.98,30.0,0.0,VF RIP U-TREUE,0.0
9484,60 - 64,NRW,29.98,44.97,30.0,0.0,GIGAZUHAUSE KABEL,0.0
9485,18 - 24,KBW,39.99,54.97,30.0,0.0,VF RIP U-TREUE,0.0
9486,35 - 39,NRW,39.99,49.99,30.0,0.0,VF CABLEMAX,0.0
9487,25 - 29,NRW,44.99,44.99,30.0,0.0,VF RIP U-TREUE,0.0
9488,35 - 39,NRW,49.98,34.98,30.0,0.0,VF CABLEMAX,1.0
9489,35 - 39,KBW,34.99,34.99,30.0,0.0,VF RIP U-TREUE,1.0
9490,50 - 54,NRW,43.97,34.99,30.0,0.0,RED INTERNET & PHONE CABLE U,1.0
9491,30 - 34,HSN,39.98,49.98,30.0,0.0,VF RIP U-TREUE,0.0
9492,35 - 39,NRW,24.98,39.98,30.0,0.0,VF CABLEMAX,0.0
9493,50 - 54,KBW,34.98,49.99,30.0,0.0,VF RIP U-TREUE,0.0
9494,35 - 39,KBW,44.99,34.99,5.0,0.0,RED INTERNET & PHONE CABLE U,0.0
9495,50 - 54,NRW,44.99,39.99,30.0,0.0,RED INTERNET & PHONE CABLE U,1.0
9496,30 - 34,KBW,34.99,34.99,30.0,0.0,VF CABLEMAX,1.0
9497,40 - 44,KBW,34.99,39.99,30.0,0.0,VF RIP U-TREUE,1.0
9498,25 - 29,NRW,34.98,39.99,30.0,0.0,VF RIP U-TREUE,1.0
9499,30 - 34,NRW,39.99,39.99,30.0,0.0,VF RIP U-TREUE,1.0
9500,35 - 39,KBW,44.97,34.98,30.0,0.0,RED INTERNET & PHONE CABLE U,1.0
9501,35 - 39,NRW,12.0,71.98,30.0,0.0,RED INTERNET & PHONE CABLE U,1.0
9502,60 - 64,NRW,54.98,44.98,30.0,0.0,RED INTERNET & PHONE CABLE U,0.0
9503,60 - 64,KBW,39.99,34.95,30.0,0.0,RED INTERNET & PHONE CABLE U,0.0
9504,55 - 59,NRW,39.99,39.99,30.0,0.0,VF RIP U-TREUE,0.0
9505,60 - 64,NRW,39.98,44.98,30.0,0.0,RED INTERNET & PHONE CABLE U,1.0
9506,60 - 64,NRW,39.98,39.99,30.0,0.0,RED INTERNET & PHONE CABLE U,1.0
9507,30 - 34,KBW,39.98,32.98,30.0,0.0,GIGAZUHAUSE KABEL,1.0
9508,35 - 39,NRW,39.99,34.99,30.0,0.0,RED INTERNET & PHONE CABLE U,0.0
9509,45 - 49,NRW,39.98,44.99,30.0,0.0,RED INTERNET & PHONE CABLE U,1.0
9510,35 - 39,KBW,44.98,49.99,30.0,0.0,RED INTERNET & PHONE CABLE U,1.0
9511,60 - 64,NRW,44.98,44.99,30.0,0.0,RED INTERNET & PHONE CABLE U,1.0
9512,40 - 44,KBW,29.97,44.99,30.0,0.0,VF RIP U-TREUE,0.0
9513,50 - 54,NRW,44.97,39.99,30.0,0.0,RED INTERNET & PHONE CABLE U,0.0
9514,25 - 29,NRW,39.97,44.98,30.0,0.0,RED INTERNET & PHONE CABLE U,0.0
9515,30 - 34,NRW,44.99,37.99,30.0,0.0,RED INTERNET & PHONE CABLE U,0.0
9516,35 - 39,KBW,39.99,44.99,30.0,0.0,RED INTERNET & PHONE CABLE U,0.0
9517,50 - 54,NRW,39.99,34.98,30.0,0.0,RED INTERNET & PHONE CABLE U,1.0
9518,55 - 59,NRW,39.98,34.99,30.0,0.0,VF RIP U-TREUE,0.0
9519,60 - 64,NRW,34.99,34.98,30.0,0.0,VF CABLEMAX,1.0
9520,35 - 39,NRW,42.99,39.99,30.0,1.0,RED INTERNET & PHONE CABLE U,0.0
9521,55 - 59,NRW,34.99,39.98,30.0,0.0,RED INTERNET & PHONE CABLE U,1.0
9522,30 - 34,NRW,44.99,39.98,30.0,0.0,RED INTERNET & PHONE CABLE U,0.0
9523,40 - 44,KBW,42.99,39.98,30.0,0.0,RED INTERNET & PHONE CABLE U,1.0
9524,70 - 74,NRW,44.98,39.99,30.0,0.0,VF CABLEMAX,0.0
9525,40 - 44,KBW,34.98,34.98,30.0,0.0,VF CABLEMAX,1.0
9526,45 - 49,NRW,44.98,29.99,30.0,0.0,GIGAZUHAUSE KABEL,1.0
9527,40 - 44,NRW,34.99,39.98,30.0,0.0,GIGAZUHAUSE KABEL,0.0
9528,40 - 44,KBW,39.97,39.98,30.0,0.0,RED INTERNET & PHONE CABLE U,1.0
9529,35 - 39,NRW,69.98,34.98,30.0,0.0,VF RIP U-TREUE,0.0
9530,50 - 54,KBW,39.98,44.98,30.0,0.0,RED INTERNET & PHONE CABLE U,1.0
9531,30 - 34,KBW,39.97,44.98,30.0,0.0,RED INTERNET & PHONE CABLE U,1.0
9532,35 - 39,KBW,49.99,67.99,30.0,0.0,VF CABLEMAX,1.0
9533,55 - 59,KBW,44.99,44.98,30.0,0.0,RED INTERNET & PHONE CABLE U,1.0
9534,35 - 39,KBW,29.98,49.98,30.0,0.0,RED INTERNET & PHONE CABLE U,0.0
9535,55 - 59,NRW,29.99,34.98,30.0,0.0,RED INTERNET & PHONE CABLE U,1.0
9536,50 - 54,HSN,34.98,44.99,30.0,0.0,RED INTERNET & PHONE CABLE U,0.0
9537,25 - 29,NRW,39.97,39.99,30.0,0.0,RED INTERNET & PHONE CABLE U,1.0
9538,35 - 39,KBW,44.98,44.99,30.0,0.0,VF RIP U-TREUE,0.0
9539,45 - 49,NRW,44.98,34.99,30.0,0.0,RED INTERNET & PHONE CABLE U,1.0
9540,45 - 49,NRW,39.99,39.97,30.0,0.0,RED INTERNET & PHONE CABLE U,1.0
9541,55 - 59,NRW,44.98,34.98,30.0,0.0,RED INTERNET & PHONE CABLE U,0.0
9542,65 - 69,HSN,34.99,39.99,30.0,0.0,VF CABLEMAX,0.0
9543,55 - 59,KBW,37.98,37.99,30.0,0.0,GIGAZUHAUSE KABEL,0.0
9544,25 - 29,HSN,29.99,44.99,30.0,0.0,VF RIP U-TREUE,0.0
9545,40 - 44,KBW,44.98,59.99,30.0,0.0,RED INTERNET & PHONE CABLE U,0.0
9546,35 - 39,KBW,39.99,39.99,30.0,0.0,RED INTERNET & PHONE CABLE U,0.0
9547,40 - 44,NRW,34.97,34.99,30.0,0.0,RED INTERNET & PHONE CABLE U,1.0
9548,25 - 29,NRW,29.99,44.99,30.0,0.0,VF RIP U-TREUE,1.0
9549,40 - 44,NRW,39.98,34.99,30.0,0.0,VF CABLEMAX,0.0
9550,55 - 59,NRW,44.97,34.99,30.0,0.0,RED INTERNET & PHONE CABLE U,0.0
9551,35 - 39,KBW,39.97,49.98,30.0,0.0,VF RIP U-TREUE,1.0
9552,45 - 49,NRW,44.98,34.98,30.0,0.0,VF RIP U-TREUE,0.0
9553,35 - 39,NRW,34.98,39.99,30.0,0.0,GIGAZUHAUSE KABEL,0.0
9554,35 - 39,NRW,34.99,34.98,30.0,0.0,VF RIP U-TREUE,0.0
9555,35 - 39,KBW,34.97,34.98,30.0,0.0,VF RIP U-TREUE,1.0
9556,25 - 29,KBW,34.98,34.99,30.0,0.0,RED INTERNET & PHONE CABLE U,1.0
9557,25 - 29,NRW,34.98,39.98,30.0,0.0,RED INTERNET & PHONE CABLE U,1.0
9558,35 - 39,HSN,39.99,44.98,30.0,0.0,VF RIP U-TREUE,0.0
9559,25 - 29,KBW,39.98,44.98,30.0,0.0,VF CABLEMAX,0.0
9560,30 - 34,NRW,65.99,34.99,30.0,0.0,VF CABLEMAX,0.0
9561,25 - 29,NRW,42.99,39.99,30.0,0.0,MMA MB,0.0
9562,40 - 44,NRW,44.99,29.98,30.0,0.0,VF RIP U-TREUE,1.0
9563,35 - 39,NRW,34.99,39.99,30.0,0.0,RED INTERNET & PHONE CABLE U,1.0
9564,30 - 34,NRW,49.99,42.98,30.0,0.0,GIGAZUHAUSE KABEL,0.0
9565,55 - 59,NRW,39.97,39.99,30.0,0.0,RED INTERNET & PHONE CABLE U,1.0
9566,35 - 39,HSN,39.99,34.98,30.0,0.0,RED INTERNET & PHONE CABLE U,0.0
9567,35 - 39,HSN,39.99,44.99,30.0,0.0,VF CABLEMAX,1.0
9568,30 - 34,NRW,44.98,49.98,30.0,0.0,RED INTERNET & PHONE CABLE U,1.0
9569,35 - 39,HSN,44.98,39.98,30.0,0.0,VF CABLEMAX,1.0
9570,35 - 39,NRW,44.98,49.98,30.0,0.0,RED INTERNET & PHONE CABLE U,0.0
9571,30 - 34,KBW,34.99,44.97,30.0,0.0,RED INTERNET & PHONE CABLE U,1.0
9572,50 - 54,HSN,44.98,29.99,30.0,0.0,VF RIP U-TREUE,0.0
9573,55 - 59,KBW,29.98,39.99,30.0,0.0,RED INTERNET & PHONE CABLE U,0.0
9575,35 - 39,NRW,44.99,32.97,30.0,0.0,RED INTERNET & PHONE CABLE U,1.0
9576,50 - 54,KBW,34.99,54.99,30.0,0.0,RED INTERNET & PHONE CABLE U,1.0
9577,50 - 54,NRW,39.99,49.98,30.0,0.0,RED INTERNET & PHONE CABLE U,1.0
9578,80 and over,NRW,34.99,44.97,30.0,0.0,VF RIP U-TREUE,1.0
9579,40 - 44,HSN,49.99,34.99,30.0,0.0,RED INTERNET & PHONE CABLE U,1.0
9580,40 - 44,KBW,29.98,32.99,30.0,0.0,RED INTERNET & PHONE CABLE U,0.0
9581,30 - 34,NRW,44.98,37.99,30.0,0.0,VF RIP U-TREUE,0.0
9582,30 - 34,NRW,44.99,39.99,30.0,0.0,RED INTERNET & PHONE CABLE U,0.0
9583,45 - 49,NRW,24.99,44.96,30.0,0.0,VF CABLEMAX,0.0
9584,60 - 64,KBW,39.98,54.99,30.0,0.0,RED INTERNET & PHONE CABLE U,0.0
9585,30 - 34,HSN,44.99,44.98,30.0,0.0,RED INTERNET & PHONE CABLE U,1.0
9586,30 - 34,NRW,34.99,42.97,30.0,0.0,VF CABLEMAX,0.0
9587,50 - 54,NRW,49.98,49.97,30.0,0.0,RED INTERNET & PHONE CABLE U,0.0
9588,30 - 34,NRW,39.98,49.99,30.0,0.0,RED INTERNET & PHONE CABLE U,1.0
9589,55 - 59,KBW,34.99,34.96,30.0,0.0,RED INTERNET & PHONE CABLE U,1.0
9590,60 - 64,NRW,29.98,34.98,30.0,0.0,RED INTERNET & PHONE CABLE U,0.0
9591,35 - 39,NRW,39.98,34.99,30.0,0.0,RED INTERNET & PHONE CABLE U,1.0
9592,55 - 59,NRW,44.99,32.98,30.0,0.0,VF RIP U-TREUE,1.0
9593,80 and over,KBW,39.98,39.98,30.0,0.0,VF RIP U-TREUE,1.0
9594,40 - 44,KBW,44.99,44.99,30.0,0.0,RED INTERNET & PHONE CABLE U,0.0
9595,25 - 29,NRW,39.98,44.99,30.0,0.0,VF RIP U-TREUE,0.0
9596,25 - 29,HSN,39.99,39.98,30.0,0.0,VF CABLEMAX,0.0
9597,60 - 64,NRW,34.99,32.98,30.0,0.0,VF RIP U-TREUE,0.0
9598,35 - 39,HSN,39.98,39.99,30.0,0.0,VF RIP U-TREUE,0.0
9599,30 - 34,NRW,44.99,44.98,30.0,0.0,VF CABLEMAX,0.0
9600,45 - 49,NRW,44.99,44.99,30.0,0.0,RED INTERNET & PHONE CABLE U,1.0
9601,40 - 44,HSN,54.99,44.99,30.0,0.0,RED INTERNET & PHONE CABLE U,1.0
9602,45 - 49,NRW,44.98,49.99,30.0,0.0,VF RIP U-TREUE,1.0
9603,50 - 54,NRW,34.99,44.99,30.0,0.0,VF CABLEMAX,0.0
9604,18 - 24,NRW,44.98,44.98,30.0,0.0,VF CABLEMAX,1.0
9605,35 - 39,HSN,34.99,59.99,30.0,0.0,VF RIP U-TREUE,1.0
9606,25 - 29,KBW,44.97,54.97,30.0,0.0,RED INTERNET & PHONE CABLE U,1.0
9607,40 - 44,NRW,39.98,34.98,30.0,0.0,RED INTERNET & PHONE CABLE U,0.0
9608,30 - 34,KBW,34.98,42.98,30.0,0.0,VF CABLEMAX,0.0
9609,35 - 39,KBW,44.99,39.98,30.0,0.0,RED INTERNET & PHONE CABLE U,0.0
9610,25 - 29,KBW,34.98,44.99,30.0,1.0,VF CABLEMAX,0.0
9611,50 - 54,NRW,34.98,39.99,30.0,0.0,RED INTERNET & PHONE CABLE U,0.0
9612,40 - 44,NRW,39.99,49.99,30.0,0.0,VF CABLEMAX,1.0
9613,35 - 39,KBW,39.99,34.98,30.0,0.0,VF RIP U-TREUE,1.0
9614,25 - 29,HSN,39.98,44.97,30.0,0.0,RED INTERNET & PHONE CABLE U,0.0
9615,50 - 54,KBW,39.99,39.99,30.0,0.0,VF RIP U-TREUE,0.0
9616,60 - 64,NRW,37.99,44.98,30.0,0.0,RED INTERNET & PHONE CABLE U,0.0
9617,30 - 34,NRW,37.99,39.99,30.0,0.0,VF RIP U-TREUE,1.0
9618,40 - 44,NRW,49.99,39.98,30.0,0.0,VF CABLEMAX,1.0
9619,50 - 54,NRW,44.99,37.99,30.0,0.0,VF RIP U-TREUE,0.0
9620,30 - 34,NRW,54.99,44.99,30.0,0.0,VF RIP U-TREUE,1.0
9621,35 - 39,KBW,42.99,44.98,30.0,0.0,VF RIP U-TREUE,0.0
9622,40 - 44,NRW,44.99,49.98,30.0,0.0,RED INTERNET & PHONE CABLE U,1.0
9623,80 and over,KBW,39.98,49.99,30.0,0.0,RED INTERNET & PHONE CABLE U,0.0
9624,35 - 39,NRW,42.99,39.97,30.0,0.0,RED INTERNET & PHONE CABLE U,0.0
9625,40 - 44,NRW,44.99,34.98,30.0,0.0,RED INTERNET & PHONE CABLE U,0.0
9626,55 - 59,NRW,39.99,44.96,30.0,0.0,VF RIP U-TREUE,0.0
9627,30 - 34,NRW,37.97,39.99,30.0,0.0,RED INTERNET & PHONE CABLE U,0.0
9628,35 - 39,NRW,39.98,44.98,30.0,0.0,VF CABLEMAX,0.0
9629,25 - 29,NRW,54.99,39.99,30.0,0.0,VF CABLEMAX,0.0
9630,50 - 54,KBW,49.98,49.99,30.0,0.0,VF RIP U-TREUE,1.0
9631,35 - 39,KBW,39.99,39.98,30.0,0.0,RED INTERNET & PHONE CABLE U,0.0
9632,30 - 34,NRW,39.97,44.99,30.0,0.0,RED INTERNET & PHONE CABLE U,0.0
9633,60 - 64,KBW,32.97,39.99,30.0,0.0,RED INTERNET & PHONE CABLE U,1.0
9634,55 - 59,KBW,34.99,37.98,30.0,0.0,RED INTERNET & PHONE CABLE U,1.0
9635,40 - 44,KBW,42.99,44.98,30.0,0.0,RED INTERNET & PHONE CABLE U,0.0
9636,35 - 39,NRW,49.99,34.99,30.0,0.0,RED INTERNET & PHONE CABLE U,0.0
9637,40 - 44,NRW,24.99,49.99,30.0,0.0,VF RIP U-TREUE,0.0
9638,25 - 29,NRW,34.98,39.99,30.0,0.0,RED INTERNET & PHONE CABLE U,1.0
9639,55 - 59,KBW,34.99,44.99,30.0,0.0,VF CABLEMAX,0.0
9640,35 - 39,NRW,47.97,44.99,30.0,0.0,RED INTERNET & PHONE CABLE U,0.0
9641,60 - 64,KBW,39.98,44.97,30.0,0.0,VF RIP U-TREUE,1.0
9642,50 - 54,HSN,34.98,37.98,30.0,0.0,RED INTERNET & PHONE CABLE U,1.0
9643,35 - 39,NRW,34.99,44.99,30.0,0.0,RED INTERNET & PHONE CABLE U,0.0
9644,35 - 39,NRW,42.98,34.99,30.0,0.0,RED INTERNET & PHONE CABLE U,0.0
9645,55 - 59,KBW,44.98,39.98,30.0,0.0,GIGAZUHAUSE KABEL,0.0
9646,35 - 39,NRW,49.99,39.99,30.0,0.0,GIGAZUHAUSE KABEL,0.0
9647,35 - 39,NRW,42.99,39.98,30.0,0.0,RED INTERNET & PHONE CABLE U,1.0
9648,35 - 39,HSN,39.99,44.98,30.0,0.0,GIGAZUHAUSE KABEL,0.0
9649,35 - 39,NRW,29.99,39.99,30.0,0.0,VF CABLEMAX,0.0
9650,60 - 64,NRW,37.99,44.99,30.0,0.0,VF RIP U-TREUE,0.0
9651,55 - 59,KBW,44.98,34.99,30.0,0.0,VF RIP U-TREUE,1.0
9652,30 - 34,NRW,29.99,42.99,30.0,0.0,VF CABLEMAX,0.0
9653,50 - 54,NRW,34.99,71.99,30.0,0.0,RED INTERNET & PHONE CABLE U,1.0
9654,40 - 44,KBW,39.99,34.99,30.0,0.0,RED INTERNET & PHONE CABLE U,0.0
9655,60 - 64,NRW,39.98,47.99,30.0,0.0,RED INTERNET & PHONE CABLE U,1.0
9656,35 - 39,KBW,47.99,44.99,30.0,0.0,RED INTERNET & PHONE CABLE U,1.0
9657,35 - 39,KBW,44.99,44.99,30.0,0.0,RED INTERNET & PHONE CABLE U,0.0
9658,25 - 29,NRW,44.98,34.98,30.0,0.0,RED INTERNET & PHONE CABLE U,1.0
9659,35 - 39,NRW,49.99,34.99,30.0,0.0,RED INTERNET & PHONE CABLE U,0.0
9660,50 - 54,KBW,42.98,37.99,30.0,0.0,GIGAZUHAUSE KABEL,1.0
9661,50 - 54,HSN,44.98,24.99,30.0,0.0,RED INTERNET & PHONE CABLE U,0.0
9662,25 - 29,NRW,49.98,44.98,30.0,0.0,RED INTERNET & PHONE CABLE U,1.0
9663,60 - 64,NRW,34.99,44.97,30.0,0.0,RED INTERNET & PHONE CABLE U,1.0
9664,55 - 59,NRW,39.98,37.99,30.0,0.0,RED INTERNET & PHONE CABLE U,0.0
9665,40 - 44,NRW,39.99,37.99,30.0,0.0,RED INTERNET & PHONE CABLE U,0.0
9666,35 - 39,KBW,39.98,49.98,30.0,0.0,RED INTERNET & PHONE CABLE U,1.0
9667,25 - 29,HSN,29.98,44.98,30.0,0.0,VF RIP U-TREUE,1.0
9668,35 - 39,NRW,44.98,49.99,30.0,0.0,RED INTERNET & PHONE CABLE U,1.0
9669,25 - 29,NRW,44.99,42.99,30.0,0.0,VF RIP U-TREUE,1.0
9670,35 - 39,NRW,44.99,39.99,30.0,0.0,GIGAZUHAUSE KABEL,0.0
9671,40 - 44,NRW,44.99,34.99,30.0,0.0,RED INTERNET & PHONE CABLE U,1.0
9672,35 - 39,NRW,39.99,39.99,30.0,0.0,VF RIP U-TREUE,0.0
9673,40 - 44,KBW,58.99,24.99,30.0,0.0,RED INTERNET & PHONE CABLE U,0.0
9674,60 - 64,HSN,34.99,44.98,30.0,0.0,RED INTERNET & PHONE CABLE U,1.0
9675,40 - 44,HSN,34.99,49.97,30.0,0.0,RED INTERNET & PHONE CABLE U,1.0
9676,25 - 29,NRW,44.98,19.99,30.0,0.0,GIGAZUHAUSE TREUE C,0.0
9677,55 - 59,NRW,54.98,39.99,30.0,0.0,RED INTERNET & PHONE CABLE U,1.0
9678,80 and over,KBW,34.99,44.99,30.0,0.0,VF RIP U-TREUE,1.0
9679,45 - 49,NRW,49.97,37.98,30.0,0.0,RED INTERNET & PHONE CABLE U,1.0
9680,60 - 64,NRW,39.98,32.99,30.0,0.0,RED INTERNET & PHONE CABLE U,1.0
9681,30 - 34,NRW,39.98,44.99,30.0,0.0,VF RIP U-TREUE,0.0
9682,30 - 34,NRW,29.96,29.99,30.0,0.0,GIGAZUHAUSE KABEL,0.0
9683,40 - 44,KBW,44.98,29.99,30.0,0.0,GIGAZUHAUSE KABEL,1.0
9684,40 - 44,NRW,34.98,34.98,30.0,0.0,VF RIP U-TREUE,0.0
9685,60 - 64,NRW,49.99,54.99,30.0,0.0,GIGAZUHAUSE KABEL,0.0
9686,60 - 64,KBW,37.99,44.98,30.0,0.0,VF RIP U-TREUE,0.0
9687,35 - 39,KBW,44.99,39.99,30.0,0.0,VF RIP U-TREUE,0.0
9688,30 - 34,NRW,39.99,29.98,30.0,0.0,RED INTERNET & PHONE CABLE U,0.0
9689,35 - 39,NRW,44.98,39.99,30.0,0.0,VF CABLEMAX,0.0
9690,25 - 29,KBW,42.98,44.99,30.0,0.0,VF RIP U-TREUE,0.0
9691,35 - 39,NRW,34.98,44.98,30.0,0.0,RED INTERNET & PHONE CABLE U,1.0
9692,50 - 54,NRW,39.99,29.99,30.0,0.0,RED INTERNET & PHONE CABLE U,0.0
9693,25 - 29,NRW,42.98,44.97,30.0,0.0,VF CABLEMAX,1.0
9694,25 - 29,NRW,39.99,44.98,30.0,0.0,VF RIP U-TREUE,1.0
9695,35 - 39,NRW,44.98,44.98,30.0,0.0,VF CABLEMAX,1.0
9696,25 - 29,NRW,44.99,34.99,30.0,0.0,GIGAZUHAUSE KABEL,0.0
9697,45 - 49,NRW,34.98,39.99,30.0,0.0,RED INTERNET & PHONE CABLE U,1.0
9698,45 - 49,KBW,44.99,39.99,30.0,0.0,RED INTERNET & PHONE CABLE U,1.0
9699,50 - 54,KBW,49.99,29.98,30.0,0.0,RED INTERNET & PHONE CABLE U,0.0
9700,55 - 59,NRW,39.99,49.98,30.0,0.0,RED INTERNET & PHONE CABLE U,1.0
9701,55 - 59,NRW,29.99,44.99,30.0,0.0,VF RIP U-TREUE,0.0
9702,30 - 34,KBW,34.99,44.99,30.0,0.0,RED INTERNET & PHONE CABLE U,1.0
9703,25 - 29,NRW,44.99,39.98,30.0,0.0,VF RIP U-TREUE,0.0
9704,35 - 39,KBW,32.98,29.99,30.0,0.0,RED INTERNET & PHONE CABLE U,0.0
9705,55 - 59,NRW,39.99,39.98,30.0,0.0,RED INTERNET & PHONE CABLE U,0.0
9706,70 - 74,NRW,32.98,54.98,30.0,0.0,GIGAZUHAUSE KABEL,0.0
9707,35 - 39,KBW,34.98,34.98,30.0,0.0,GIGAZUHAUSE KABEL,0.0
9708,25 - 29,NRW,54.98,29.98,30.0,0.0,RED INTERNET & PHONE CABLE U,1.0
9709,30 - 34,KBW,44.99,44.99,30.0,0.0,RED INTERNET & PHONE CABLE U,0.0
9710,40 - 44,KBW,49.98,34.99,30.0,0.0,RED INTERNET & PHONE CABLE U,1.0
9711,40 - 44,NRW,44.99,29.99,30.0,0.0,RED INTERNET & PHONE CABLE U,1.0
9712,55 - 59,NRW,44.99,44.98,30.0,0.0,VF CABLEMAX,1.0
9713,30 - 34,KBW,32.99,54.99,30.0,0.0,RED INTERNET & PHONE CABLE U,1.0
9714,30 - 34,NRW,39.98,39.98,30.0,0.0,RED INTERNET & PHONE CABLE U,1.0
9715,30 - 34,NRW,34.99,44.99,30.0,0.0,VF RIP U-TREUE,1.0
9716,35 - 39,KBW,44.99,34.99,30.0,0.0,RED INTERNET & PHONE CABLE U,0.0
9717,60 - 64,KBW,44.98,39.99,30.0,0.0,VF RIP U-TREUE,0.0
9718,30 - 34,NRW,49.99,39.99,30.0,0.0,RED INTERNET & PHONE CABLE U,1.0
9719,25 - 29,HSN,44.98,39.99,30.0,0.0,RED INTERNET & PHONE CABLE U,0.0
9720,40 - 44,KBW,49.98,44.97,30.0,0.0,RED INTERNET & PHONE CABLE U,1.0
9721,40 - 44,NRW,44.98,39.98,30.0,0.0,RED INTERNET & PHONE CABLE U,0.0
9722,50 - 54,HSN,34.98,32.99,30.0,0.0,RED INTERNET & PHONE CABLE U,0.0
9723,35 - 39,KBW,39.99,74.98,30.0,0.0,VF RIP U-TREUE,0.0
9724,35 - 39,NRW,39.99,44.99,30.0,0.0,RED INTERNET & PHONE CABLE U,1.0
9725,40 - 44,HSN,44.98,44.98,30.0,0.0,RED INTERNET & PHONE CABLE U,1.0
9726,55 - 59,HSN,49.99,49.99,30.0,0.0,GIGAZUHAUSE KABEL,0.0
9727,50 - 54,KBW,44.99,42.98,30.0,0.0,VF CABLEMAX,0.0
9729,40 - 44,KBW,44.98,44.99,30.0,0.0,RED INTERNET & PHONE CABLE U,0.0
9730,55 - 59,NRW,34.99,34.98,30.0,0.0,RED INTERNET & PHONE CABLE U,0.0
9731,25 - 29,KBW,34.98,34.99,30.0,0.0,RED INTERNET & PHONE CABLE U,0.0
9732,35 - 39,KBW,44.98,39.98,30.0,0.0,VF RIP U-TREUE,0.0
9733,30 - 34,NRW,39.98,34.99,30.0,0.0,VF CABLEMAX,0.0
9734,18 - 24,NRW,39.99,34.98,30.0,0.0,RED INTERNET & PHONE CABLE U,1.0
9735,45 - 49,HSN,34.98,44.99,30.0,0.0,VF RIP U-TREUE,1.0
9736,35 - 39,NRW,62.98,34.98,30.0,0.0,VF RIP U-TREUE,1.0
9737,35 - 39,HSN,44.98,44.98,30.0,0.0,RED INTERNET & PHONE CABLE U,1.0
9738,60 - 64,NRW,39.99,39.98,30.0,0.0,GIGAZUHAUSE KABEL,0.0
9739,35 - 39,KBW,39.98,39.98,30.0,0.0,VF RIP U-TREUE,1.0
9740,30 - 34,NRW,29.98,44.98,30.0,0.0,GIGAZUHAUSE KABEL,1.0
9741,70 - 74,NRW,39.97,44.99,30.0,0.0,VF CABLEMAX,1.0
9742,60 - 64,KBW,39.98,39.97,30.0,0.0,RED INTERNET & PHONE CABLE U,0.0
9743,80 and over,KBW,39.98,44.99,30.0,0.0,VF CABLEMAX,1.0
9744,45 - 49,HSN,34.99,44.99,30.0,0.0,VF RIP U-TREUE,0.0
9745,35 - 39,NRW,49.98,34.99,30.0,0.0,RED INTERNET & PHONE CABLE U,0.0
9746,25 - 29,NRW,39.99,32.98,6.0,0.0,RED INTERNET & PHONE CABLE U,0.0
9747,55 - 59,KBW,44.98,34.99,30.0,0.0,RED INTERNET & PHONE CABLE U,1.0
9748,70 - 74,NRW,39.99,39.98,30.0,0.0,VF RIP U-TREUE,1.0
9749,30 - 34,NRW,39.99,44.98,30.0,0.0,GIGAZUHAUSE KABEL,1.0
9750,40 - 44,KBW,39.99,44.98,30.0,0.0,VF RIP U-TREUE,1.0
9751,35 - 39,KBW,44.99,34.99,30.0,0.0,GIGAZUHAUSE KABEL,0.0
9752,35 - 39,KBW,44.99,44.99,30.0,0.0,VF RIP U-TREUE,1.0
9753,40 - 44,NRW,49.98,49.98,30.0,0.0,VF RIP U-TREUE,0.0
9754,25 - 29,HSN,34.99,49.98,30.0,0.0,VF CABLEMAX,1.0
9755,35 - 39,NRW,37.99,39.99,30.0,0.0,RED INTERNET & PHONE CABLE U,0.0
9756,40 - 44,NRW,44.99,44.99,30.0,0.0,RED INTERNET & PHONE CABLE U,0.0
9757,35 - 39,NRW,39.97,44.98,30.0,0.0,RED INTERNET & PHONE CABLE U,0.0
9758,40 - 44,KBW,32.99,44.98,30.0,0.0,RED INTERNET & PHONE CABLE U,0.0
9759,30 - 34,NRW,49.98,34.99,30.0,0.0,RED INTERNET & PHONE CABLE U,1.0
9760,65 - 69,KBW,32.99,39.99,30.0,0.0,VF RIP U-TREUE,1.0
9761,30 - 34,KBW,37.97,24.99,30.0,0.0,GIGAZUHAUSE KABEL,0.0
9762,30 - 34,NRW,44.98,39.99,30.0,0.0,RED INTERNET & PHONE CABLE U,0.0
9763,35 - 39,NRW,34.98,39.99,30.0,0.0,VF RIP U-TREUE,0.0
9764,55 - 59,NRW,34.99,39.99,30.0,0.0,RED INTERNET & PHONE CABLE U,1.0
9765,80 and over,NRW,34.98,39.99,30.0,0.0,VF CABLEMAX,0.0
9766,25 - 29,KBW,49.98,44.98,30.0,0.0,VF RIP U-TREUE,0.0
9767,25 - 29,KBW,49.99,34.98,30.0,0.0,VF RIP U-TREUE,1.0
9768,35 - 39,HSN,32.99,37.99,30.0,0.0,RED INTERNET & PHONE CABLE U,0.0
9769,30 - 34,NRW,39.98,34.99,30.0,0.0,VF CABLEMAX,0.0
9770,65 - 69,HSN,39.99,44.99,30.0,0.0,RED INTERNET & PHONE CABLE U,0.0
9771,30 - 34,NRW,44.99,34.99,30.0,0.0,VF CABLEMAX,1.0
9772,35 - 39,NRW,39.98,44.99,30.0,0.0,RED INTERNET & PHONE CABLE U,1.0
9773,55 - 59,NRW,44.99,44.99,30.0,0.0,VF RIP U-TREUE,0.0
9774,55 - 59,NRW,49.99,42.98,30.0,0.0,RED INTERNET & PHONE CABLE U,0.0
9775,55 - 59,NRW,44.98,29.98,30.0,0.0,RED INTERNET & PHONE CABLE U,0.0
9776,30 - 34,NRW,39.98,49.98,30.0,0.0,RED INTERNET & PHONE CABLE U,0.0
9777,45 - 49,NRW,39.98,34.99,30.0,0.0,VF RIP U-TREUE,1.0
9778,45 - 49,NRW,39.98,39.98,30.0,0.0,RED INTERNET & PHONE CABLE U,0.0
9779,30 - 34,KBW,49.99,34.99,30.0,0.0,RED INTERNET & PHONE CABLE U,1.0
9780,50 - 54,KBW,34.99,47.99,30.0,0.0,RED INTERNET & PHONE CABLE U,1.0
9781,35 - 39,KBW,44.99,44.99,30.0,0.0,RED INTERNET & PHONE CABLE U,0.0
9782,35 - 39,NRW,44.99,39.98,30.0,0.0,VF RIP U-TREUE,0.0
9783,18 - 24,NRW,39.99,34.98,30.0,0.0,GIGAZUHAUSE KABEL,1.0
9784,30 - 34,HSN,39.99,34.99,30.0,0.0,VF RIP U-TREUE,1.0
9785,35 - 39,KBW,42.98,34.98,30.0,0.0,RED INTERNET & PHONE CABLE U,0.0
9786,30 - 34,HSN,49.98,49.98,30.0,0.0,VF RIP U-TREUE,1.0
9787,35 - 39,KBW,44.98,39.97,30.0,0.0,VF RIP U-TREUE,1.0
9788,50 - 54,KBW,49.99,44.99,30.0,0.0,RED INTERNET & PHONE CABLE U,0.0
9789,30 - 34,NRW,32.99,49.99,30.0,0.0,VF RIP U-TREUE,0.0
9790,18 - 24,KBW,44.99,49.99,30.0,0.0,RED INTERNET & PHONE CABLE U,1.0
9791,35 - 39,KBW,39.98,39.99,30.0,0.0,RED INTERNET & PHONE CABLE U,0.0
9792,30 - 34,NRW,54.97,49.99,30.0,0.0,RED INTERNET & PHONE CABLE U,1.0
9793,60 - 64,KBW,44.99,34.97,30.0,0.0,RED INTERNET & PHONE CABLE U,1.0
9794,45 - 49,KBW,34.99,39.98,30.0,0.0,VF RIP U-TREUE,0.0
9795,60 - 64,NRW,49.97,54.99,30.0,0.0,VF CABLEMAX,1.0
9796,40 - 44,HSN,32.99,42.99,30.0,0.0,RED INTERNET & PHONE CABLE U,1.0
9797,30 - 34,NRW,32.97,49.99,30.0,0.0,VF RIP U-TREUE,0.0
9798,25 - 29,NRW,42.98,39.97,30.0,0.0,RED INTERNET & PHONE CABLE U,1.0
9799,65 - 69,NRW,42.98,42.98,30.0,0.0,RED INTERNET & PHONE CABLE U,0.0
9800,40 - 44,KBW,34.99,34.98,30.0,0.0,VF RIP U-TREUE,1.0
9801,40 - 44,KBW,44.98,34.98,30.0,0.0,RED INTERNET & PHONE CABLE U,1.0
9802,30 - 34,NRW,34.99,39.99,30.0,0.0,RED INTERNET & PHONE CABLE U,0.0
9803,60 - 64,KBW,39.98,34.99,30.0,0.0,VF CABLEMAX,0.0
9804,40 - 44,HSN,49.99,32.98,30.0,0.0,RED INTERNET & PHONE CABLE U,0.0
9805,50 - 54,HSN,29.99,49.99,30.0,0.0,VF CABLEMAX,1.0
9806,30 - 34,NRW,37.96,49.99,30.0,0.0,RED INTERNET & PHONE CABLE U,0.0
9807,35 - 39,NRW,39.99,34.99,30.0,0.0,RED INTERNET & PHONE CABLE U,1.0
9808,35 - 39,NRW,39.99,44.98,30.0,0.0,VF CABLEMAX,0.0
9809,45 - 49,KBW,44.98,39.99,30.0,0.0,RED INTERNET & PHONE CABLE U,1.0
9810,55 - 59,NRW,39.99,39.98,30.0,0.0,GIGAZUHAUSE KABEL,1.0
9811,30 - 34,NRW,37.99,49.97,30.0,0.0,VF RIP U-TREUE,1.0
9812,40 - 44,NRW,29.97,44.99,30.0,0.0,VF RIP U-TREUE,0.0
9813,35 - 39,KBW,34.99,34.99,30.0,0.0,RED INTERNET & PHONE CABLE U,1.0
9814,30 - 34,NRW,39.99,44.97,30.0,0.0,RED INTERNET & PHONE CABLE U,1.0
9815,40 - 44,KBW,42.98,44.98,30.0,0.0,RED INTERNET & PHONE CABLE U,1.0
9816,50 - 54,NRW,39.99,39.99,30.0,0.0,VF CABLEMAX,1.0
9817,40 - 44,NRW,44.98,39.98,30.0,0.0,RED INTERNET & PHONE CABLE U,0.0
9818,45 - 49,KBW,39.98,39.99,30.0,0.0,RED INTERNET & PHONE CABLE U,1.0
9819,35 - 39,NRW,34.99,29.99,30.0,0.0,VF RIP U-TREUE,1.0
9821,30 - 34,NRW,39.98,34.99,30.0,0.0,GIGAZUHAUSE KABEL,1.0
9822,25 - 29,NRW,34.99,39.97,30.0,0.0,VF CABLEMAX,1.0
9823,35 - 39,NRW,44.97,44.98,30.0,0.0,VF RIP U-TREUE,1.0
9824,35 - 39,NRW,58.98,34.99,30.0,0.0,VF RIP U-TREUE,0.0
9825,40 - 44,NRW,34.98,39.99,30.0,0.0,RED INTERNET & PHONE CABLE U,1.0
9826,35 - 39,NRW,39.99,39.98,30.0,0.0,RED INTERNET & PHONE CABLE U,0.0
9827,40 - 44,NRW,42.98,39.99,30.0,0.0,RED INTERNET & PHONE CABLE U,0.0
9828,55 - 59,KBW,39.98,44.99,30.0,0.0,RED INTERNET & PHONE CABLE U,1.0
9829,35 - 39,NRW,49.98,29.99,30.0,0.0,GIGAZUHAUSE TREUE C,0.0
9830,40 - 44,NRW,29.96,34.99,30.0,0.0,RED INTERNET & PHONE CABLE U,1.0
9831,50 - 54,NRW,44.99,39.98,30.0,0.0,VF RIP U-TREUE,0.0
9832,35 - 39,KBW,34.98,39.98,30.0,0.0,RED INTERNET & PHONE CABLE U,0.0
9833,55 - 59,NRW,39.99,44.98,30.0,0.0,VF CABLEMAX,0.0
9834,35 - 39,NRW,49.98,44.98,30.0,0.0,RED INTERNET & PHONE CABLE U,1.0
9835,35 - 39,NRW,44.98,44.98,30.0,0.0,RED INTERNET & PHONE CABLE U,0.0
9836,30 - 34,NRW,32.98,44.97,30.0,0.0,RED INTERNET & PHONE CABLE U,1.0
9837,55 - 59,NRW,34.99,49.99,30.0,0.0,GIGAZUHAUSE KABEL,1.0
9838,65 - 69,NRW,44.98,34.98,30.0,0.0,RED INTERNET & PHONE CABLE U,0.0
9839,35 - 39,NRW,39.99,42.99,30.0,0.0,RED INTERNET & PHONE CABLE U,0.0
9840,75 - 79,NRW,42.98,34.98,30.0,0.0,GIGAZUHAUSE KABEL,1.0
9841,55 - 59,KBW,34.98,49.98,30.0,0.0,VF RIP U-TREUE,1.0
9842,40 - 44,NRW,44.98,34.99,30.0,0.0,RED INTERNET & PHONE CABLE U,0.0
9843,40 - 44,HSN,37.98,44.98,30.0,0.0,RED INTERNET & PHONE CABLE U,1.0
9844,60 - 64,NRW,49.99,34.98,30.0,1.0,RED INTERNET & PHONE CABLE U,1.0
9845,30 - 34,NRW,39.98,34.99,30.0,0.0,RED INTERNET & PHONE CABLE U,1.0
9846,70 - 74,NRW,39.99,44.98,30.0,0.0,RED INTERNET & PHONE CABLE U,0.0
9847,35 - 39,NRW,39.99,34.99,30.0,0.0,GIGAZUHAUSE KABEL,1.0
9848,50 - 54,NRW,39.99,29.98,30.0,0.0,VF CABLEMAX,1.0
9849,45 - 49,NRW,39.99,34.97,30.0,0.0,RED INTERNET & PHONE CABLE U,0.0
9850,40 - 44,NRW,49.98,39.98,30.0,0.0,RED INTERNET & PHONE CABLE U,0.0
9851,35 - 39,NRW,39.99,44.97,30.0,0.0,RED INTERNET & PHONE CABLE U,0.0
9852,50 - 54,NRW,44.98,44.99,30.0,0.0,VF RIP U-TREUE,1.0
9853,35 - 39,NRW,34.98,39.99,30.0,0.0,GIGAZUHAUSE KABEL,0.0
9854,50 - 54,HSN,44.98,44.99,30.0,0.0,RED INTERNET & PHONE CABLE U,0.0
9855,60 - 64,KBW,49.99,39.99,30.0,0.0,VF RIP U-TREUE,1.0
9856,30 - 34,NRW,34.99,44.97,30.0,0.0,RED INTERNET & PHONE CABLE U,1.0
9857,35 - 39,KBW,39.97,39.99,30.0,0.0,RED INTERNET & PHONE CABLE U,1.0
9858,35 - 39,NRW,44.99,44.99,30.0,0.0,VF RIP U-TREUE,0.0
9859,25 - 29,NRW,34.98,39.98,30.0,0.0,VF RIP U-TREUE,1.0
9860,35 - 39,NRW,34.98,39.99,30.0,0.0,RED INTERNET & PHONE CABLE U,1.0
9861,55 - 59,NRW,29.98,29.98,30.0,0.0,VF RIP U-TREUE,1.0
9862,80 and over,NRW,49.96,34.99,30.0,0.0,VF RIP U-TREUE,0.0
9863,35 - 39,KBW,44.97,34.99,30.0,0.0,VF RIP U-TREUE,1.0
9864,40 - 44,KBW,44.99,34.99,30.0,0.0,VF RIP U-TREUE,0.0
9865,35 - 39,NRW,39.99,34.99,30.0,0.0,RED INTERNET & PHONE CABLE U,0.0
9866,40 - 44,NRW,39.98,39.99,30.0,0.0,VF CABLEMAX,1.0
9867,40 - 44,NRW,58.99,44.98,30.0,0.0,GIGAZUHAUSE KABEL,0.0
9868,40 - 44,NRW,34.98,39.98,30.0,0.0,VF CABLEMAX,1.0
9869,35 - 39,NRW,39.98,39.99,6.0,0.0,VF RIP U-TREUE,1.0
9870,45 - 49,HSN,39.98,34.99,30.0,0.0,RED INTERNET & PHONE CABLE U,0.0
9871,35 - 39,NRW,37.98,34.98,30.0,0.0,RED INTERNET & PHONE CABLE U,1.0
9872,40 - 44,NRW,44.99,34.99,30.0,0.0,RED INTERNET & PHONE CABLE U,1.0
9873,35 - 39,KBW,39.99,39.99,30.0,0.0,RED INTERNET & PHONE CABLE U,1.0
9874,60 - 64,NRW,34.98,34.98,30.0,0.0,VF RIP U-TREUE,0.0
9875,40 - 44,HSN,44.98,34.98,30.0,0.0,VF CABLEMAX,1.0
9876,40 - 44,KBW,44.98,44.98,30.0,0.0,GIGAZUHAUSE KABEL,0.0
9877,35 - 39,KBW,44.98,32.98,30.0,0.0,GIGAZUHAUSE KABEL,1.0
9878,30 - 34,KBW,54.98,44.97,30.0,0.0,RED INTERNET & PHONE CABLE U,0.0
9879,65 - 69,NRW,34.97,39.97,30.0,0.0,GIGAZUHAUSE KABEL,0.0
9880,25 - 29,HSN,49.99,39.99,30.0,0.0,GIGAZUHAUSE KABEL,1.0
9881,35 - 39,KBW,39.99,39.97,30.0,0.0,VF CABLEMAX,1.0
9882,40 - 44,KBW,44.99,44.99,30.0,0.0,VF CABLEMAX,0.0
9883,25 - 29,NRW,44.99,39.98,30.0,0.0,VF RIP U-TREUE,0.0
9884,40 - 44,NRW,44.98,49.99,30.0,0.0,RED INTERNET & PHONE CABLE U,1.0
9885,35 - 39,HSN,44.99,44.99,30.0,0.0,RED INTERNET & PHONE CABLE U,0.0
9886,40 - 44,NRW,58.99,39.99,30.0,0.0,VF RIP U-TREUE,0.0
9887,25 - 29,NRW,44.97,62.99,30.0,0.0,RED INTERNET & PHONE CABLE U,1.0
9888,35 - 39,NRW,34.98,44.99,30.0,0.0,RED INTERNET & PHONE CABLE U,0.0
9889,25 - 29,KBW,39.99,49.99,30.0,0.0,RED INTERNET & PHONE CABLE U,0.0
9890,60 - 64,NRW,34.99,49.99,30.0,0.0,RED INTERNET & PHONE CABLE U,0.0
9891,80 and over,KBW,39.97,44.98,30.0,0.0,RED INTERNET & PHONE CABLE U,1.0
9892,30 - 34,NRW,37.98,44.98,30.0,0.0,RED INTERNET & PHONE CABLE U,1.0
9893,35 - 39,NRW,34.99,44.99,30.0,0.0,RED INTERNET & PHONE CABLE U,1.0
9894,40 - 44,KBW,34.97,34.97,30.0,0.0,VF CABLEMAX,0.0
9895,50 - 54,NRW,37.98,29.98,30.0,0.0,VF RIP U-TREUE,0.0
9896,35 - 39,NRW,44.99,39.98,30.0,0.0,VF CABLEMAX,1.0
9897,40 - 44,NRW,69.99,39.99,30.0,0.0,GIGAZUHAUSE TREUE B,1.0
9898,60 - 64,NRW,44.98,34.99,30.0,0.0,RED INTERNET & PHONE CABLE U,0.0
9899,35 - 39,NRW,54.98,39.99,30.0,0.0,RED INTERNET & PHONE CABLE U,1.0
9900,60 - 64,NRW,39.98,34.99,30.0,0.0,VF RIP U-TREUE,1.0
9901,55 - 59,KBW,39.99,44.99,30.0,0.0,VF CABLEMAX,1.0
9902,50 - 54,NRW,44.99,34.99,30.0,0.0,GIGAZUHAUSE KABEL,1.0
9903,70 - 74,KBW,24.98,44.98,30.0,0.0,RED INTERNET & PHONE CABLE U,0.0
9904,25 - 29,HSN,34.99,54.99,30.0,0.0,VF RIP U-TREUE,1.0
9905,35 - 39,NRW,44.98,34.97,30.0,0.0,RED INTERNET & PHONE CABLE U,1.0
9906,60 - 64,NRW,44.98,49.98,30.0,0.0,VF RIP U-TREUE,1.0
9907,40 - 44,NRW,39.97,39.98,30.0,0.0,VF CABLEMAX,0.0
9908,35 - 39,NRW,34.98,49.98,30.0,0.0,2PLAY JUMP,1.0
9909,80 and over,KBW,44.99,39.98,30.0,0.0,RED INTERNET & PHONE CABLE U,1.0
9910,50 - 54,KBW,39.98,67.99,30.0,0.0,RED INTERNET & PHONE CABLE U,0.0
9911,50 - 54,HSN,49.98,44.97,30.0,0.0,RED INTERNET & PHONE CABLE U,1.0
9912,55 - 59,KBW,49.98,44.99,30.0,0.0,GIGAZUHAUSE KABEL,0.0
9913,60 - 64,NRW,44.98,44.98,30.0,0.0,RED INTERNET & PHONE CABLE U,1.0
9914,30 - 34,NRW,39.98,34.98,30.0,0.0,VF RIP U-TREUE,0.0
9915,55 - 59,NRW,34.99,44.98,30.0,0.0,VF CABLEMAX,1.0
9916,35 - 39,NRW,44.98,49.99,30.0,0.0,VF CABLEMAX,0.0
9917,60 - 64,NRW,44.99,39.99,30.0,0.0,VF RIP U-TREUE,0.0
9918,35 - 39,KBW,39.99,44.99,30.0,0.0,RED INTERNET & PHONE CABLE U,0.0
9919,55 - 59,KBW,44.99,29.98,30.0,0.0,RED INTERNET & PHONE CABLE U,0.0
9920,25 - 29,NRW,11.98,39.99,30.0,0.0,VF CABLEMAX,0.0
9921,40 - 44,HSN,44.99,37.98,30.0,0.0,VF RIP U-TREUE,0.0
9922,30 - 34,NRW,37.99,32.98,30.0,0.0,RED INTERNET & PHONE CABLE U,0.0
9923,80 and over,NRW,39.97,39.98,30.0,0.0,VF RIP U-TREUE,0.0
9924,35 - 39,KBW,34.98,44.99,30.0,0.0,RED INTERNET & PHONE CABLE U,0.0
9925,55 - 59,NRW,34.98,44.99,30.0,0.0,VF CABLEMAX,0.0
9926,30 - 34,NRW,34.98,44.99,30.0,0.0,VF RIP U-TREUE,1.0
9927,40 - 44,NRW,34.97,34.99,30.0,0.0,VF RIP U-TREUE,0.0
9928,50 - 54,NRW,44.99,37.97,30.0,0.0,RED INTERNET & PHONE CABLE U,0.0
9929,55 - 59,NRW,49.99,44.99,30.0,0.0,RED INTERNET & PHONE CABLE U,0.0
9930,35 - 39,NRW,44.98,44.99,30.0,0.0,RED INTERNET & PHONE CABLE U,0.0
9931,25 - 29,NRW,39.98,49.99,30.0,0.0,RED INTERNET & PHONE CABLE U,1.0
9932,25 - 29,NRW,34.97,49.98,30.0,0.0,RED INTERNET & PHONE CABLE U,0.0
9933,50 - 54,NRW,49.98,34.98,30.0,0.0,VF RIP U-TREUE,1.0
9934,18 - 24,KBW,39.96,39.99,30.0,0.0,VF RIP U-TREUE,0.0
9935,80 and over,NRW,42.98,44.98,30.0,0.0,RED INTERNET & PHONE CABLE U,1.0
9936,60 - 64,KBW,34.99,44.97,30.0,0.0,VF CABLEMAX,0.0
9937,55 - 59,NRW,29.97,34.98,30.0,0.0,GIGAZUHAUSE KABEL,1.0
9938,30 - 34,HSN,39.98,62.98,30.0,0.0,RED INTERNET & PHONE CABLE U,0.0
9939,30 - 34,KBW,34.98,47.98,30.0,0.0,VF CABLEMAX,0.0
9940,35 - 39,NRW,39.99,34.98,30.0,0.0,VF RIP U-TREUE,0.0
9941,35 - 39,KBW,49.99,29.97,30.0,0.0,RED INTERNET & PHONE CABLE U,1.0
9942,35 - 39,HSN,34.97,39.98,30.0,0.0,VF CABLEMAX,1.0
9943,30 - 34,NRW,44.98,34.98,30.0,0.0,RED INTERNET & PHONE CABLE U,1.0
9944,35 - 39,NRW,49.98,34.99,30.0,0.0,GIGAZUHAUSE KABEL,0.0
9945,40 - 44,NRW,44.98,39.99,30.0,0.0,VF CABLEMAX,1.0
9946,35 - 39,NRW,34.98,39.99,30.0,0.0,RED INTERNET & PHONE CABLE U,0.0
9947,60 - 64,KBW,39.97,39.99,30.0,0.0,RED INTERNET & PHONE CABLE U,0.0
9948,55 - 59,NRW,34.97,39.99,30.0,0.0,RED INTERNET & PHONE CABLE U,0.0
9949,25 - 29,KBW,44.98,44.97,30.0,0.0,RED INTERNET & PHONE CABLE U,0.0
9950,30 - 34,NRW,34.99,44.99,30.0,0.0,VF RIP U-TREUE,0.0
9951,30 - 34,HSN,34.98,44.97,30.0,0.0,RED INTERNET & PHONE CABLE U,0.0
9952,25 - 29,KBW,44.98,39.98,30.0,0.0,RED INTERNET & PHONE CABLE U,1.0
9953,40 - 44,NRW,49.99,44.98,30.0,0.0,RED INTERNET & PHONE CABLE U,0.0
9954,35 - 39,NRW,44.99,39.98,30.0,0.0,RED INTERNET & PHONE CABLE U,1.0
9955,25 - 29,NRW,49.99,49.98,30.0,0.0,VF RIP U-TREUE,0.0
9956,60 - 64,NRW,32.99,39.98,30.0,0.0,RED INTERNET & PHONE CABLE U,0.0
9957,30 - 34,HSN,44.99,39.99,30.0,0.0,RED INTERNET & PHONE CABLE U,1.0
9958,60 - 64,NRW,34.99,34.99,30.0,0.0,RED INTERNET & PHONE CABLE U,0.0
9959,35 - 39,NRW,39.99,34.99,30.0,0.0,GIGAZUHAUSE KABEL,0.0
9960,35 - 39,NRW,44.98,44.98,30.0,0.0,VF RIP U-TREUE,1.0
9961,45 - 49,NRW,42.98,49.99,30.0,0.0,GIGAZUHAUSE KABEL,0.0
9962,35 - 39,KBW,34.99,39.99,30.0,0.0,RED INTERNET & PHONE CABLE U,0.0
9963,45 - 49,NRW,49.99,39.99,30.0,0.0,RED INTERNET & PHONE CABLE U,1.0
9964,40 - 44,NRW,39.97,44.99,30.0,0.0,GIGAZUHAUSE KABEL,0.0
9965,40 - 44,HSN,49.99,34.98,30.0,0.0,RED INTERNET & PHONE CABLE U,1.0
9966,40 - 44,NRW,44.99,49.98,30.0,0.0,RED INTERNET & PHONE CABLE U,0.0
9967,35 - 39,KBW,44.99,34.98,30.0,0.0,RED INTERNET & PHONE CABLE U,1.0
9968,55 - 59,NRW,44.98,34.99,30.0,0.0,VF CABLEMAX,1.0
9969,50 - 54,KBW,39.98,39.98,30.0,0.0,VF CABLEMAX,1.0
9970,40 - 44,NRW,39.99,34.99,30.0,0.0,GIGAZUHAUSE KABEL,0.0
9971,60 - 64,NRW,37.99,44.99,30.0,0.0,RED INTERNET & PHONE CABLE U,0.0
9972,30 - 34,NRW,34.99,34.98,30.0,0.0,RED INTERNET & PHONE CABLE U,1.0
9973,35 - 39,HSN,29.98,44.99,30.0,0.0,VF CABLEMAX,1.0
9974,30 - 34,NRW,49.99,44.98,30.0,0.0,VF RIP U-TREUE,0.0
9975,45 - 49,NRW,42.98,44.98,30.0,0.0,VF RIP U-TREUE,0.0
9976,30 - 34,HSN,34.98,47.98,30.0,0.0,3PLAY,0.0
9977,40 - 44,NRW,34.98,49.99,30.0,0.0,RED INTERNET & PHONE CABLE U,0.0
9978,30 - 34,NRW,49.99,39.99,30.0,0.0,RED INTERNET & PHONE CABLE U,0.0
9979,40 - 44,KBW,34.98,39.99,30.0,0.0,RED INTERNET & PHONE CABLE U,0.0
9980,30 - 34,NRW,44.98,32.99,30.0,0.0,VF RIP U-TREUE,1.0
9981,80 and over,NRW,44.97,44.99,30.0,0.0,GIGAZUHAUSE KABEL,0.0
9982,35 - 39,NRW,39.99,34.98,30.0,0.0,VF CABLEMAX,0.0
9983,30 - 34,KBW,32.98,39.99,30.0,0.0,VF RIP U-TREUE,0.0
9984,55 - 59,NRW,54.99,34.98,30.0,0.0,RED INTERNET & PHONE CABLE U,1.0
9985,30 - 34,KBW,44.98,44.99,30.0,0.0,VF CABLEMAX,0.0
9986,25 - 29,NRW,34.99,44.99,30.0,0.0,VF RIP U-TREUE,1.0
9987,50 - 54,NRW,32.98,44.98,30.0,0.0,RED INTERNET & PHONE CABLE U,1.0
9988,30 - 34,KBW,34.99,69.98,30.0,0.0,VF CABLEMAX,0.0
9989,35 - 39,KBW,39.98,54.99,30.0,0.0,GIGAZUHAUSE KABEL,0.0
9990,80 and over,KBW,39.97,34.99,30.0,0.0,GIGAZUHAUSE KABEL,0.0
9991,35 - 39,HSN,34.99,44.99,30.0,0.0,RED INTERNET & PHONE CABLE U,0.0
9992,55 - 59,KBW,44.99,34.99,30.0,0.0,GIGAZUHAUSE KABEL,1.0
9993,40 - 44,NRW,44.99,34.98,30.0,0.0,VF RIP U-TREUE,0.0
9994,45 - 49,NRW,34.98,39.98,30.0,0.0,RED INTERNET & PHONE CABLE U,1.0
9995,25 - 29,KBW,39.99,39.96,30.0,0.0,RED INTERNET & PHONE CABLE U,1.0
9996,30 - 34,NRW,34.99,34.99,30.0,0.0,RED INTERNET & PHONE CABLE U,1.0
9997,40 - 44,NRW,34.98,39.99,30.0,0.0,VF RIP U-TREUE,0.0
9998,35 - 39,KBW,44.98,39.99,30.0,0.0,RED INTERNET & PHONE CABLE U,1.0
9999,40 - 44,NRW,34.98,39.98,30.0,0.0,VF RIP U-TREUE,1.0
