customer_age_class,region,basket_package_price_disc,internet_package_price_disc,basket_days_until_contract_end,count_previous_cancellations_0_18,internet_product_name,flag_churn
70 - 74,NRW,64.95,54.97,366,0,3PLAY PREMIUM HRZ,0
35 - 39,HSN,44.98,44.98,100,0,RED INTERNET & PHONE CABLE U,1
35 - 39,NRW,54.98,54.98,30,0,RED INTERNET & PHONE CABLE U,1
35 - 39,HSN,209.84,209.84,30,0,VF CABLEMAX,1
25 - 29,NRW,63.98,63.98,123,0,GIGAZUHAUSE KABEL,1
70 - 74,HSN,44.98,44.98,30,0,RED INTERNET & PHONE CABLE U,0
55 - 59,HSN,34.99,34.99,93,0,RED INTERNET & PHONE CABLE U,1
55 - 59,KBW,78.9,57.91,30,0,3PLAY PREMIUM,0
55 - 59,NRW,49.98,34.99,142,0,GIGAZUHAUSE TREUE C,0
35 - 39,NRW,0.0,0.0,30,0,MMA,1
75 - 79,NRW,38.98,38.98,30,0,RED INTERNET & PHONE CABLE U,1
under 18,HSN,0.0,0.0,30,0,MMA,0
65 - 69,NRW,59.97,29.99,298,1,GIGAZUHAUSE TREUE C,0
60 - 64,NRW,29.99,34.99,30,0,RED INTERNET & PHONE CABLE U,0
50 - 54,NRW,24.99,24.99,170,0,GIGAZUHAUSE TREUE B,1
45 - 49,HSN,54.98,54.98,151,0,GIGAZUHAUSE TREUE C,0
35 - 39,NRW,32.99,32.99,30,0,VF RIP U-TREUE,1
50 - 54,HSN,54.99,54.99,30,0,RED INTERNET & PHONE CABLE U,0
55 - 59,KBW,57.97,37.98,182,0,GIGAZUHAUSE TREUE B,0
60 - 64,NRW,69.96,44.98,98,0,VF CABLEMAX,0
70 - 74,NRW,57.96,37.99,652,0,VF RIP U-TREUE,0
40 - 44,KBW,58.98,58.98,45,0,RED INTERNET & PHONE CABLE U,1
45 - 49,HSN,39.99,39.99,30,0,RED INTERNET & PHONE CABLE U,1
45 - 49,NRW,34.99,34.99,30,0,RED INTERNET & PHONE CABLE U,0
30 - 34,KBW,37.98,37.98,30,0,GIGAZUHAUSE KABEL,1
50 - 54,HSN,19.99,19.99,191,1,GIGAZUHAUSE KABEL,0
55 - 59,KBW,54.98,54.98,30,0,GIGAZUHAUSE KABEL,1
55 - 59,NRW,44.98,44.98,30,0,VF CABLEMAX,0
18 - 24,NRW,54.98,54.98,375,0,GIGAZUHAUSE KABEL,0
65 - 69,NRW,45.38,45.38,30,0,3PLAY JUMP,0
55 - 59,HSN,34.99,34.99,30,0,RED INTERNET & PHONE CABLE U,1
18 - 24,KBW,44.98,44.98,30,0,RED INTERNET & PHONE CABLE U,1
40 - 44,NRW,50.98,43.97,81,0,VF CABLEMAX,1
25 - 29,KBW,54.97,44.98,30,0,RED INTERNET & PHONE CABLE U,1
55 - 59,NRW,24.99,24.99,122,2,VF RIP U-TREUE,0
30 - 34,KBW,44.99,44.99,396,0,GIGAZUHAUSE KABEL,1
30 - 34,KBW,32.99,32.99,30,0,VF RIP U-TREUE,0
80 and over,KBW,27.8,27.8,30,0,GIGAZUHAUSE KABEL,1
25 - 29,KBW,34.99,34.99,91,0,RED INTERNET & PHONE CABLE U,1
35 - 39,NRW,19.99,19.99,175,0,GIGAZUHAUSE TREUE C,0
50 - 54,NRW,32.99,32.99,339,0,GIGAZUHAUSE TREUE B,0
55 - 59,KBW,44.98,44.98,30,0,GIGAZUHAUSE KABEL,1
70 - 74,NRW,74.94,44.97,30,0,VF CABLEMAX,0
25 - 29,HSN,34.99,34.99,209,1,GIGAZUHAUSE KABEL,1
40 - 44,NRW,49.98,49.98,361,0,GIGAZUHAUSE CABLEMAX,0
25 - 29,NRW,44.98,44.98,30,2,RED INTERNET & PHONE CABLE U,1
25 - 29,KBW,43.97,43.97,30,0,VF CABLEMAX,1
35 - 39,NRW,42.98,42.98,30,0,2PLAY PLUS,1
65 - 69,NRW,27.99,27.99,233,0,GIGAZUHAUSE TREUE B,1
45 - 49,KBW,49.99,49.99,11,0,VF RIP U-TREUE,1
45 - 49,NRW,11.98,11.98,30,0,EAZY,1
35 - 39,NRW,42.98,42.98,30,0,VF RIP U-TREUE,0
35 - 39,KBW,34.99,34.99,30,0,RED INTERNET & PHONE CABLE U,1
25 - 29,NRW,49.97,49.97,30,0,VF CABLEMAX,0
25 - 29,KBW,59.99,59.99,310,0,GIGAZUHAUSE KABEL,1
30 - 34,KBW,48.97,48.97,78,0,VF CABLEMAX,0
18 - 24,KBW,44.98,44.98,30,0,VF CABLEMAX,1
35 - 39,NRW,21.99,24.99,30,0,VF RIP U-TREUE,0
25 - 29,NRW,34.99,34.99,30,0,RED INTERNET & PHONE CABLE U,1
30 - 34,KBW,58.98,58.98,30,0,RED INTERNET & PHONE CABLE U,1
25 - 29,HSN,39.99,39.99,30,0,RED INTERNET & PHONE CABLE U,1
75 - 79,KBW,54.97,29.99,30,0,VF RIP U-TREUE,0
65 - 69,NRW,55.95,40.97,698,0,GIGAZUHAUSE TREUE B,0
70 - 74,NRW,74.95,44.98,67,0,VF CABLEMAX,1
55 - 59,KBW,37.98,37.98,30,1,GIGAZUHAUSE TREUE D,1
45 - 49,NRW,39.99,39.99,30,0,RED INTERNET & PHONE CABLE U,0
60 - 64,NRW,69.97,39.99,61,0,VF CABLEMAX,1
60 - 64,KBW,63.33,42.97,30,0,VF RIP U-TREUE,0
70 - 74,NRW,39.98,39.98,30,0,RED INTERNET & PHONE CABLE U,0
45 - 49,KBW,64.97,44.98,69,0,VF CABLEMAX,1
80 and over,KBW,61.96,40.97,30,0,3PLAY SMART,0
30 - 34,NRW,29.99,29.99,30,1,VF RIP U-TREUE,1
35 - 39,NRW,39.98,39.98,91,0,VF CABLEMAX,1
30 - 34,NRW,34.99,34.99,30,0,RED INTERNET & PHONE CABLE U,1
45 - 49,NRW,29.99,29.99,30,0,VF RIP U-TREUE,1
25 - 29,NRW,24.99,24.99,30,0,INTERNET COMFORT,0
35 - 39,HSN,39.99,39.99,30,0,VF RIP U-TREUE,1
35 - 39,HSN,54.99,54.99,30,0,RED INTERNET & PHONE CABLE U,0
30 - 34,NRW,42.98,29.99,636,0,GIGAZUHAUSE TREUE C,0
40 - 44,NRW,59.99,59.99,241,0,GIGAZUHAUSE KABEL,1
30 - 34,NRW,59.99,59.99,234,1,GIGAZUHAUSE KABEL,0
60 - 64,KBW,44.97,34.99,442,0,RED INTERNET & PHONE CABLE U,1
75 - 79,KBW,24.99,34.99,30,0,RED INTERNET & PHONE CABLE U,0
30 - 34,NRW,44.98,44.98,30,0,VF CABLEMAX,1
55 - 59,KBW,189.88,189.88,30,0,RED INTERNET & PHONE CABLE U,0
60 - 64,KBW,39.99,39.99,30,0,RED INTERNET & PHONE CABLE U,1
40 - 44,NRW,34.99,34.99,30,0,VF RIP U-TREUE,1
35 - 39,HSN,54.97,44.98,80,0,VF CABLEMAX,1
55 - 59,NRW,42.97,42.97,30,0,RED INTERNET & PHONE CABLE U,0
80 and over,KBW,73.77,43.42,30,0,GIGAZUHAUSE KABEL,0
55 - 59,NRW,47.97,47.97,30,0,3PLAY TREUE,0
50 - 54,NRW,42.98,42.98,30,0,VF RIP U-TREUE,0
80 and over,KBW,33.79,27.8,565,0,GIGAZUHAUSE KABEL,0
30 - 34,NRW,39.98,39.98,112,0,GIGAZUHAUSE KABEL,1
35 - 39,HSN,39.98,44.98,30,0,VF CABLEMAX,1
55 - 59,NRW,70.83,50.84,30,0,3PLAY FLY,1
40 - 44,NRW,34.99,34.99,66,0,RED INTERNET & PHONE CABLE U,0
40 - 44,NRW,39.99,39.99,30,0,RED INTERNET & PHONE CABLE U,0
18 - 24,NRW,49.96,49.96,30,0,VF CABLEMAX,0
50 - 54,KBW,75.98,54.99,30,0,RED INTERNET & PHONE CABLE U,0
45 - 49,HSN,44.89,44.89,30,0,2PLAY PLUS,1
70 - 74,NRW,42.98,42.98,30,0,VF RIP U-TREUE,0
30 - 34,NRW,48.97,48.97,56,0,VF CABLEMAX,1
25 - 29,KBW,29.99,29.99,30,0,INTERNET PREMIUM,0
30 - 34,NRW,34.99,34.99,220,0,GIGAZUHAUSE KABEL,0
65 - 69,NRW,74.96,44.98,109,0,VF CABLEMAX,1
35 - 39,NRW,24.99,24.99,30,0,INTERNET COMFORT,1
55 - 59,HSN,39.99,39.99,30,0,VF RIP U-TREUE,0
35 - 39,NRW,74.95,49.97,30,0,RED INTERNET & PHONE CABLE U,0
80 and over,NRW,33.95,30.95,30,0,RED INTERNET & PHONE CABLE U,1
65 - 69,NRW,65.97,44.98,30,0,VF CABLEMAX,0
30 - 34,NRW,29.99,29.99,30,0,INTERNET PREMIUM,0
40 - 44,NRW,34.99,34.99,94,0,RED INTERNET & PHONE CABLE U,1
25 - 29,KBW,39.98,39.98,298,0,GIGAZUHAUSE KABEL,1
not available,KBW,55.97,34.98,30,0,RED INTERNET & PHONE CABLE U,0
65 - 69,KBW,42.77,37.78,30,0,RED INTERNET & PHONE CABLE U,1
45 - 49,HSN,34.97,24.99,487,0,GIGAZUHAUSE TREUE C,0
30 - 34,NRW,34.99,37.99,31,0,VF RIP U-TREUE,1
35 - 39,NRW,63.98,63.98,163,0,GIGAZUHAUSE KABEL,1
80 and over,HSN,59.36,39.0,30,0,GIGAZUHAUSE KABEL,1
55 - 59,KBW,69.96,44.98,30,0,VF CABLEMAX,0
60 - 64,NRW,53.94,32.95,30,0,RED INTERNET & PHONE CABLE U,1
70 - 74,KBW,80.33,59.97,30,0,VF RIP U-TREUE,0
40 - 44,NRW,42.98,42.98,30,0,VF RIP U-TREUE,0
80 and over,KBW,51.94,30.95,30,0,2PLAY,1
55 - 59,NRW,44.99,44.99,141,0,GIGAZUHAUSE KABEL,1
65 - 69,NRW,54.97,39.98,162,0,GIGAZUHAUSE TREUE B,1
60 - 64,HSN,57.97,57.97,30,1,RED INTERNET & PHONE CABLE U,1
35 - 39,NRW,17.99,17.99,30,0,EAZY FLEX,0
25 - 29,KBW,44.98,44.98,65,0,VF CABLEMAX,1
70 - 74,NRW,49.96,29.99,30,0,VF RIP U-TREUE,0
35 - 39,KBW,54.99,54.99,30,0,RED INTERNET & PHONE CABLE U,1
35 - 39,KBW,59.97,39.98,30,0,VF RIP U-TREUE,1
75 - 79,NRW,45.9,45.9,30,0,2PLAY PLUS,0
55 - 59,NRW,53.95,19.99,30,0,1PLAY,0
70 - 74,NRW,29.99,29.99,30,0,VF RIP U-TREUE,0
60 - 64,NRW,75.98,54.99,30,0,RED INTERNET & PHONE CABLE U,1
50 - 54,HSN,44.98,44.98,30,0,RED INTERNET & PHONE CABLE U,0
45 - 49,HSN,34.96,14.99,30,0,VF RIP U-TREUE,1
65 - 69,HSN,49.93,49.93,30,0,3PLAY TREUE,0
18 - 24,NRW,42.98,42.98,30,0,VF RIP U-TREUE,1
35 - 39,KBW,52.98,39.99,696,0,VF RIP U-TREUE,0
30 - 34,NRW,47.98,37.99,30,0,VF RIP U-TREUE,0
30 - 34,KBW,39.98,39.98,179,0,GIGAZUHAUSE KABEL,1
60 - 64,NRW,64.96,39.98,102,0,VF RIP U-TREUE,0
50 - 54,NRW,59.98,59.98,30,0,RED INTERNET & PHONE CABLE U,0
25 - 29,KBW,39.98,39.98,30,0,GIGAZUHAUSE TREUE B,0
30 - 34,NRW,32.99,32.99,30,0,VF RIP U-TREUE,1
60 - 64,KBW,37.99,37.99,30,0,VF RIP U-TREUE,1
50 - 54,NRW,78.95,49.98,30,0,3PLAY TREUE HRZ,1
25 - 29,NRW,29.99,29.99,30,0,VF RIP U-TREUE,0
55 - 59,KBW,34.98,34.98,30,0,VF RIP U-TREUE,0
70 - 74,NRW,72.94,47.96,100,0,VF CABLEMAX,1
35 - 39,KBW,34.99,34.99,60,0,RED INTERNET & PHONE CABLE U,0
55 - 59,HSN,78.85,57.86,30,0,3PLAY PREMIUM,0
60 - 64,KBW,58.77,37.78,30,0,GIGAZUHAUSE KABEL,0
30 - 34,KBW,44.99,44.99,111,0,GIGAZUHAUSE KABEL,0
55 - 59,NRW,37.98,37.98,149,0,GIGAZUHAUSE TREUE B,1
25 - 29,NRW,39.98,39.98,92,0,VF CABLEMAX,0
30 - 34,HSN,39.98,39.98,142,0,GIGAZUHAUSE KABEL,1
35 - 39,NRW,11.98,11.98,30,0,EAZY,1
35 - 39,KBW,39.98,39.98,248,0,GIGAZUHAUSE KABEL,1
40 - 44,HSN,181.84,181.84,30,0,RED INTERNET & PHONE CABLE U,0
40 - 44,KBW,68.96,47.97,30,0,VF RIP U-TREUE,1
30 - 34,HSN,42.98,42.98,30,0,VF RIP U-TREUE,1
35 - 39,KBW,44.98,44.98,30,0,RED INTERNET & PHONE CABLE U,1
60 - 64,NRW,48.42,48.42,30,0,3PLAY COMFORT,0
25 - 29,NRW,0.0,0.0,30,0,MMA,0
25 - 29,KBW,55.97,42.98,651,0,VF RIP U-TREUE,0
50 - 54,NRW,49.97,49.97,30,0,VF CABLEMAX,1
25 - 29,KBW,39.98,39.98,128,0,GIGAZUHAUSE KABEL,1
45 - 49,KBW,29.99,29.99,88,0,VF RIP U-TREUE,0
75 - 79,HSN,92.91,42.98,30,0,VF RIP U-TREUE,0
30 - 34,NRW,44.99,44.99,284,0,GIGAZUHAUSE KABEL,0
30 - 34,NRW,29.99,29.99,30,0,RED INTERNET & PHONE CABLE U,1
55 - 59,HSN,59.97,54.98,30,0,VF RIP U-TREUE,1
25 - 29,NRW,52.96,52.96,133,0,VF CABLEMAX,1
60 - 64,NRW,4.99,4.99,30,0,VF CABLEMAX FULL FLEX,0
55 - 59,KBW,47.99,47.99,30,0,GIGAZUHAUSE KABEL,1
30 - 34,HSN,49.99,49.99,30,0,RED INTERNET & PHONE CABLE U,0
30 - 34,NRW,43.97,43.97,30,0,RED INTERNET & PHONE CABLE U,0
55 - 59,HSN,49.97,49.97,30,0,VF CABLEMAX,1
35 - 39,HSN,39.99,39.99,30,0,RED INTERNET & PHONE CABLE U,0
45 - 49,KBW,29.99,29.99,30,0,VF RIP U-TREUE,1
60 - 64,NRW,29.99,29.99,30,0,RED INTERNET & PHONE CABLE U,0
35 - 39,KBW,44.98,44.98,30,0,VF RIP U-TREUE,0
50 - 54,KBW,32.99,32.99,30,0,VF RIP U-TREUE,1
35 - 39,KBW,116.93,47.98,342,0,GIGAZUHAUSE TREUE B,0
40 - 44,NRW,34.98,39.98,204,1,VF CABLEMAX,1
35 - 39,HSN,37.99,37.99,30,0,VF RIP U-TREUE,1
55 - 59,NRW,42.98,42.98,30,0,2PLAY PLUS,0
55 - 59,HSN,82.95,37.99,30,0,VF RIP U-TREUE,1
35 - 39,NRW,57.97,57.97,30,0,GIGAZUHAUSE KABEL,1
65 - 69,NRW,34.99,34.99,30,0,RED INTERNET & PHONE CABLE U,1
65 - 69,NRW,41.95,27.98,30,0,VF RIP U-TREUE,0
50 - 54,NRW,77.95,37.99,112,0,VF RIP U-TREUE,1
35 - 39,NRW,42.98,42.98,30,0,VF RIP U-TREUE,1
50 - 54,HSN,49.97,49.97,30,0,VF CABLEMAX,1
25 - 29,NRW,38.98,38.98,16,0,GIGAZUHAUSE TREUE C,1
45 - 49,NRW,47.99,47.99,30,0,VF RIP U-TREUE,1
70 - 74,NRW,39.99,39.99,30,0,VF RIP U-TREUE,0
45 - 49,NRW,64.97,44.98,30,0,VF CABLEMAX,0
55 - 59,HSN,64.93,29.99,543,0,VF RIP U-TREUE,1
30 - 34,NRW,44.98,44.98,30,0,RED INTERNET & PHONE CABLE U,1
50 - 54,NRW,44.98,44.98,30,0,VF CABLEMAX,0
18 - 24,KBW,49.97,49.97,91,0,VF CABLEMAX,1
25 - 29,KBW,51.99,54.99,57,0,RED INTERNET & PHONE CABLE U,0
45 - 49,NRW,34.99,34.99,77,0,RED INTERNET & PHONE CABLE U,1
60 - 64,NRW,32.99,32.99,30,0,VF RIP U-TREUE,0
18 - 24,KBW,44.98,44.98,30,0,RED INTERNET & PHONE CABLE U,1
50 - 54,HSN,44.98,44.98,30,0,VF CABLEMAX,1
35 - 39,NRW,49.97,49.97,30,0,VF CABLEMAX,0
70 - 74,NRW,14.99,19.99,30,0,RED INTERNET & PHONE CABLE U,0
25 - 29,NRW,37.99,37.99,30,0,VF RIP U-TREUE,0
50 - 54,NRW,49.97,49.97,30,0,RED INTERNET & PHONE CABLE U,0
65 - 69,NRW,69.41,48.42,30,0,3PLAY COMFORT,0
30 - 34,HSN,34.99,34.99,63,1,RED INTERNET & PHONE CABLE U,0
45 - 49,HSN,44.97,44.97,30,0,VF CABLEMAX,0
40 - 44,NRW,54.98,45.0,483,0,3PLAY PLUS,0
80 and over,KBW,43.97,22.98,30,0,EAZY FLEX,1
60 - 64,HSN,40.95,37.98,679,0,VF RIP U-TREUE,0
65 - 69,NRW,49.97,24.99,248,0,GIGAZUHAUSE TREUE C,0
30 - 34,KBW,44.98,44.98,30,0,VF CABLEMAX,0
80 and over,NRW,0.0,0.0,30,0,128KBIT,1
80 and over,NRW,47.97,37.98,283,0,GIGAZUHAUSE KABEL,0
30 - 34,NRW,48.97,48.97,30,0,VF CABLEMAX,1
80 and over,KBW,40.98,19.99,30,0,TELEFON HSI,0
40 - 44,KBW,0.0,0.0,30,0,MMA,0
45 - 49,HSN,39.99,39.99,30,0,VF RIP U-TREUE,1
45 - 49,KBW,48.98,48.98,152,0,GIGAZUHAUSE KABEL,0
60 - 64,KBW,49.97,49.97,30,0,VF CABLEMAX,1
55 - 59,KBW,77.94,44.98,661,0,VF CABLEMAX,1
40 - 44,KBW,44.98,44.98,30,0,VF CABLEMAX,0
55 - 59,NRW,54.99,54.99,30,0,RED INTERNET & PHONE CABLE U,0
45 - 49,KBW,39.98,39.98,30,1,VF CABLEMAX,1
40 - 44,KBW,84.96,54.98,116,0,GIGAZUHAUSE KABEL,0
80 and over,NRW,34.99,34.99,30,0,RED INTERNET & PHONE CABLE U,1
40 - 44,HSN,50.97,44.98,30,0,VF CABLEMAX,1
65 - 69,KBW,44.97,44.97,30,0,GIGAZUHAUSE KABEL,0
35 - 39,HSN,35.97,40.97,397,0,GIGAZUHAUSE TREUE B,0
40 - 44,NRW,32.99,32.99,298,0,GIGAZUHAUSE TREUE B,0
60 - 64,NRW,44.98,44.98,30,0,VF CABLEMAX,1
65 - 69,KBW,37.78,37.78,30,0,RED INTERNET & PHONE CABLE U,1
65 - 69,NRW,78.33,57.34,30,0,3PLAY JUMP,1
25 - 29,NRW,39.98,39.98,168,0,GIGAZUHAUSE KABEL,1
75 - 79,HSN,44.98,44.98,30,0,VF CABLEMAX,1
50 - 54,NRW,68.97,44.98,30,0,VF CABLEMAX,0
55 - 59,NRW,68.96,38.98,30,0,RED INTERNET & PHONE CABLE U,1
25 - 29,KBW,44.98,44.98,30,0,RED INTERNET & PHONE CABLE U,1
35 - 39,KBW,42.97,32.99,30,0,VF RIP U-TREUE,1
35 - 39,NRW,26.99,29.99,30,0,VF RIP U-TREUE,0
45 - 49,HSN,50.84,50.84,30,0,3PLAY FLY,1
55 - 59,KBW,34.99,34.99,30,0,RED INTERNET & PHONE CABLE U,0
65 - 69,KBW,43.72,33.74,539,0,RED INTERNET & PHONE CABLE U,0
30 - 34,HSN,29.99,29.99,30,0,INTERNET PREMIUM,1
65 - 69,HSN,73.35,52.99,30,0,3PLAY TREUE GENRE,0
75 - 79,HSN,54.97,44.98,24,1,VF CABLEMAX,1
65 - 69,KBW,42.97,42.97,30,0,RED INTERNET & PHONE CABLE U,0
30 - 34,KBW,49.99,49.99,30,0,GIGAZUHAUSE KABEL,1
40 - 44,NRW,44.98,44.98,30,0,VF CABLEMAX,1
50 - 54,NRW,39.98,39.98,129,0,GIGAZUHAUSE KABEL,1
30 - 34,KBW,64.97,44.98,30,0,VF RIP U-TREUE,0
40 - 44,HSN,44.98,44.98,30,0,VF CABLEMAX,0
55 - 59,HSN,71.42,50.43,30,0,3PLAY COMFORT,1
60 - 64,KBW,39.98,29.99,490,0,RED INTERNET & PHONE CABLE U,1
70 - 74,NRW,34.99,34.99,30,0,RED INTERNET & PHONE CABLE U,0
30 - 34,KBW,37.98,37.98,270,0,GIGAZUHAUSE KABEL,0
35 - 39,HSN,39.99,39.99,65,0,RED INTERNET & PHONE CABLE U,1
50 - 54,KBW,32.95,32.95,30,0,RED INTERNET & PHONE CABLE U,1
30 - 34,KBW,44.98,44.98,100,1,RED INTERNET & PHONE CABLE U,1
40 - 44,KBW,49.99,49.99,30,0,GIGAZUHAUSE KABEL,1
70 - 74,NRW,17.99,17.99,214,1,GIGAZUHAUSE TREUE B,0
60 - 64,NRW,50.98,50.98,30,0,2PLAY TREUE,0
60 - 64,NRW,27.99,27.99,352,1,GIGAZUHAUSE TREUE B,0
40 - 44,NRW,63.94,28.98,71,0,RED INTERNET & PHONE CABLE U,1
80 and over,NRW,30.95,30.95,30,0,RED INTERNET & PHONE CABLE U,0
65 - 69,KBW,74.95,37.98,30,0,VF RIP U-TREUE,0
30 - 34,NRW,24.99,24.99,30,0,INTERNET COMFORT,1
40 - 44,NRW,44.98,44.98,30,0,VF CABLEMAX,0
30 - 34,NRW,44.98,44.98,30,0,VF CABLEMAX,0
45 - 49,KBW,55.96,42.97,651,0,GIGAZUHAUSE KABEL,0
30 - 34,NRW,44.98,44.98,30,0,RED INTERNET & PHONE CABLE U,1
45 - 49,HSN,64.98,64.98,328,0,GIGAZUHAUSE KABEL,0
55 - 59,KBW,49.73,28.74,30,0,2PLAY,0
50 - 54,KBW,47.97,44.98,30,0,VF CABLEMAX,0
35 - 39,KBW,56.95,49.97,673,0,VF CABLEMAX,0
35 - 39,KBW,37.99,37.99,30,1,VF RIP U-TREUE,1
45 - 49,KBW,54.99,54.99,30,0,RED INTERNET & PHONE CABLE U,1
35 - 39,NRW,54.99,54.99,40,0,RED INTERNET & PHONE CABLE U,1
70 - 74,KBW,54.96,29.99,163,0,VF RIP U-TREUE,1
45 - 49,KBW,84.89,53.95,608,0,VF CABLEMAX,0
60 - 64,NRW,25.97,25.97,30,0,INTERNET,0
50 - 54,NRW,34.99,34.99,30,0,RED INTERNET & PHONE CABLE U,0
50 - 54,KBW,49.99,49.99,30,0,GIGAZUHAUSE KABEL,1
45 - 49,NRW,75.89,47.9,30,0,3PLAY PLUS,0
30 - 34,KBW,34.99,34.99,30,0,VF RIP U-TREUE,0
35 - 39,NRW,44.99,44.99,367,0,GIGAZUHAUSE KABEL,0
70 - 74,NRW,44.99,44.99,154,0,GIGAZUHAUSE KABEL,0
30 - 34,NRW,70.98,49.99,30,0,GIGAZUHAUSE KABEL,1
40 - 44,KBW,49.99,49.99,30,0,VF RIP U-TREUE,0
40 - 44,KBW,39.99,39.99,30,0,RED INTERNET & PHONE CABLE U,0
45 - 49,HSN,59.95,49.97,693,0,VF CABLEMAX,1
40 - 44,NRW,29.99,29.99,324,0,GIGAZUHAUSE TREUE C,0
30 - 34,NRW,44.97,44.97,14,0,RED INTERNET & PHONE CABLE U,1
45 - 49,KBW,29.99,29.99,30,0,VF RIP U-TREUE,1
65 - 69,HSN,48.97,24.99,268,1,GIGAZUHAUSE TREUE C,0
80 and over,NRW,41.77,25.0,543,0,RED INTERNET & PHONE CABLE U,0
40 - 44,KBW,39.99,39.99,30,0,RED INTERNET & PHONE CABLE U,0
35 - 39,NRW,34.98,39.98,155,0,VF CABLEMAX,1
80 and over,NRW,42.98,42.98,30,0,2PLAY PLUS,0
35 - 39,HSN,58.98,58.98,99,0,RED INTERNET & PHONE CABLE U,0
45 - 49,KBW,42.98,42.98,30,0,VF RIP U-TREUE,0
25 - 29,NRW,28.98,28.98,30,0,RED INTERNET & PHONE CABLE U,0
60 - 64,HSN,59.98,59.98,30,0,RED INTERNET & PHONE CABLE U,0
25 - 29,HSN,42.97,42.97,350,0,GIGAZUHAUSE KABEL,1
35 - 39,HSN,57.4,42.42,30,0,GIGAZUHAUSE KABEL,0
40 - 44,NRW,44.98,44.98,30,0,RED INTERNET & PHONE CABLE U,1
45 - 49,KBW,129.96,129.96,30,0,RED INTERNET & PHONE CABLE U,0
35 - 39,NRW,51.97,49.98,314,2,GIGAZUHAUSE TREUE B,0
35 - 39,NRW,58.82,58.82,30,0,3PLAY FLY,0
70 - 74,NRW,23.98,14.99,109,0,VF RIP U-TREUE,0
70 - 74,HSN,32.99,32.99,30,0,VF RIP U-TREUE,1
35 - 39,NRW,47.97,47.97,30,0,VF CABLEMAX,0
65 - 69,NRW,75.94,52.96,669,0,VF RIP U-TREUE,0
65 - 69,KBW,65.35,44.99,30,0,3PLAY TREUE,0
50 - 54,NRW,44.99,44.99,388,0,GIGAZUHAUSE KABEL,0
45 - 49,KBW,49.97,42.98,64,0,VF RIP U-TREUE,1
60 - 64,NRW,45.97,39.98,288,2,GIGAZUHAUSE TREUE C,0
40 - 44,NRW,70.98,49.99,30,0,RED INTERNET & PHONE CABLE U,0
30 - 34,KBW,39.99,39.99,30,0,RED INTERNET & PHONE CABLE U,1
18 - 24,KBW,39.99,39.99,80,0,RED INTERNET & PHONE CABLE U,1
25 - 29,NRW,44.98,44.98,95,0,RED INTERNET & PHONE CABLE U,1
60 - 64,KBW,49.97,49.97,30,0,VF CABLEMAX,1
30 - 34,HSN,39.98,39.98,130,0,GIGAZUHAUSE KABEL,1
25 - 29,NRW,54.98,54.98,30,0,GIGAZUHAUSE KABEL,0
35 - 39,KBW,47.99,47.99,30,0,VF RIP U-TREUE,1
45 - 49,NRW,70.98,49.99,30,0,GIGAZUHAUSE KABEL,1
18 - 24,NRW,42.97,42.97,391,0,GIGAZUHAUSE KABEL,0
65 - 69,KBW,37.78,37.78,30,0,RED INTERNET & PHONE CABLE U,0
40 - 44,NRW,49.99,49.99,183,0,GIGAZUHAUSE KABEL,1
65 - 69,KBW,51.14,30.78,30,0,RED INTERNET & PHONE CABLE U,0
50 - 54,NRW,74.97,54.98,192,0,GIGAZUHAUSE TREUE C,0
35 - 39,NRW,19.99,29.99,87,0,RED INTERNET & PHONE CABLE U,1
65 - 69,KBW,11.98,11.98,30,0,EAZY,0
65 - 69,KBW,71.95,34.98,176,0,GIGAZUHAUSE TREUE C,0
45 - 49,KBW,54.99,54.99,30,0,GIGAZUHAUSE KABEL,1
18 - 24,NRW,44.99,44.99,112,0,GIGAZUHAUSE KABEL,1
18 - 24,NRW,39.97,39.97,30,0,VF CABLEMAX,0
45 - 49,NRW,14.99,14.99,30,0,VF RIP U-TREUE,0
50 - 54,KBW,34.99,34.99,30,0,RED INTERNET & PHONE CABLE U,0
25 - 29,NRW,33.98,33.98,30,0,RED INTERNET & PHONE CABLE U,0
45 - 49,NRW,39.98,39.98,129,0,GIGAZUHAUSE KABEL,1
55 - 59,KBW,39.99,39.99,30,0,VF RIP U-TREUE,1
50 - 54,KBW,49.97,49.97,30,0,VF CABLEMAX,1
60 - 64,KBW,39.99,39.99,30,0,RED INTERNET & PHONE CABLE U,0
25 - 29,KBW,39.98,39.98,245,0,GIGAZUHAUSE KABEL,1
60 - 64,HSN,32.99,32.99,364,0,GIGAZUHAUSE TREUE B,0
25 - 29,KBW,34.98,34.98,30,0,RED INTERNET & PHONE CABLE U,1
50 - 54,NRW,39.98,39.98,30,0,VF CABLEMAX,0
18 - 24,HSN,39.98,39.98,129,1,GIGAZUHAUSE KABEL,1
55 - 59,KBW,68.98,68.98,112,0,GIGAZUHAUSE TREUE C,1
70 - 74,NRW,42.98,29.99,30,0,VF RIP U-TREUE,0
40 - 44,KBW,38.99,34.99,30,0,VF RIP U-TREUE,1
35 - 39,HSN,159.94,159.94,30,0,RED INTERNET & PHONE CABLE U,0
55 - 59,KBW,39.99,39.99,30,0,VF RIP U-TREUE,0
65 - 69,NRW,42.97,42.97,30,0,RED INTERNET & PHONE CABLE U,0
70 - 74,NRW,39.99,39.99,30,0,RED INTERNET & PHONE CABLE U,0
45 - 49,HSN,27.0,27.0,30,0,RED INTERNET & PHONE CABLE U,0
30 - 34,KBW,44.98,44.98,30,0,VF CABLEMAX,1
50 - 54,KBW,39.98,39.98,127,0,VF CABLEMAX,1
80 and over,NRW,47.96,47.96,30,0,RED INTERNET & PHONE CABLE U,1
45 - 49,NRW,58.98,58.98,30,0,RED INTERNET & PHONE CABLE U,0
50 - 54,HSN,64.98,59.99,30,0,TREUEPLUS,1
65 - 69,NRW,34.99,34.99,30,0,RED INTERNET & PHONE CABLE U,1
40 - 44,NRW,42.97,42.97,30,1,2PLAY TREUE,1
70 - 74,KBW,27.8,27.8,30,0,GIGAZUHAUSE KABEL,0
40 - 44,HSN,49.99,49.99,30,0,RED INTERNET & PHONE CABLE U,0
50 - 54,NRW,39.98,39.98,175,0,GIGAZUHAUSE KABEL,1
45 - 49,HSN,24.99,24.99,112,0,RED INTERNET & PHONE CABLE U,1
40 - 44,NRW,48.42,48.42,30,2,3PLAY COMFORT,1
40 - 44,KBW,209.84,209.84,30,0,VF CABLEMAX,0
50 - 54,KBW,59.98,39.99,30,0,RED INTERNET & PHONE CABLE U,0
25 - 29,KBW,38.98,38.98,30,0,GIGAZUHAUSE KABEL,1
25 - 29,NRW,39.98,39.98,141,1,VF CABLEMAX,1
45 - 49,NRW,39.99,39.99,30,0,RED INTERNET & PHONE CABLE U,1
45 - 49,HSN,34.99,34.99,71,0,RED INTERNET & PHONE CABLE U,0
35 - 39,KBW,49.98,34.99,112,0,VF CABLEMAX,0
35 - 39,HSN,44.98,44.98,30,0,VF CABLEMAX,1
35 - 39,NRW,49.97,49.97,30,0,VF CABLEMAX,1
30 - 34,NRW,53.96,53.96,30,1,RED INTERNET & PHONE CABLE U,1
60 - 64,NRW,72.97,37.99,30,0,VF RIP U-TREUE,0
35 - 39,NRW,24.98,24.98,30,0,EAZY,0
65 - 69,KBW,49.99,49.99,30,0,GIGAZUHAUSE KABEL,1
35 - 39,NRW,32.99,32.99,30,0,VF RIP U-TREUE,1
50 - 54,HSN,73.97,73.97,30,0,RED INTERNET & PHONE CABLE U,0
50 - 54,KBW,37.98,37.98,353,0,GIGAZUHAUSE KABEL,0
75 - 79,HSN,60.95,37.98,30,0,VF RIP U-TREUE,0
18 - 24,NRW,44.98,44.98,66,0,RED INTERNET & PHONE CABLE U,1
60 - 64,NRW,39.99,39.99,30,0,RED INTERNET & PHONE CABLE U,1
50 - 54,NRW,34.99,34.99,30,0,RED INTERNET & PHONE CABLE U,1
30 - 34,HSN,39.97,49.97,30,0,VF CABLEMAX,1
30 - 34,KBW,44.99,44.99,221,1,GIGAZUHAUSE TREUE B,0
40 - 44,NRW,29.99,29.99,30,0,VF RIP U-TREUE,0
60 - 64,NRW,71.97,49.99,334,0,GIGAZUHAUSE TREUE C,0
60 - 64,NRW,30.34,9.98,30,0,HSI HZ BOX ONLY,1
25 - 29,NRW,29.98,29.98,30,0,VF CABLEMAX,1
35 - 39,KBW,49.99,49.99,30,0,RED INTERNET & PHONE CABLE U,1
50 - 54,NRW,43.99,43.99,30,0,2PLAY PREMIUM,0
45 - 49,KBW,35.99,35.99,30,0,GIGAZUHAUSE KABEL,1
40 - 44,NRW,49.99,49.99,30,0,GIGAZUHAUSE KABEL,1
45 - 49,HSN,34.99,34.99,30,0,VF RIP U-TREUE,0
25 - 29,KBW,13.99,13.99,30,0,EAZY,1
75 - 79,NRW,67.96,46.97,30,0,VF RIP U-TREUE,1
50 - 54,NRW,84.97,63.98,30,0,TREUEPLUS,0
25 - 29,NRW,14.99,14.99,30,0,VF RIP U-TREUE,0
30 - 34,NRW,34.98,34.98,30,0,RED INTERNET & PHONE CABLE U,0
30 - 34,HSN,99.95,59.99,307,0,GIGAZUHAUSE KABEL,1
35 - 39,NRW,46.87,40.87,30,0,RED INTERNET & PHONE CABLE U,1
45 - 49,NRW,37.98,37.98,363,0,GIGAZUHAUSE TREUE D,0
45 - 49,HSN,100.94,54.99,30,0,RED INTERNET & PHONE CABLE U,0
80 and over,NRW,62.97,39.99,698,0,VF RIP U-TREUE,0
60 - 64,HSN,34.97,29.98,30,0,RED INTERNET & PHONE CABLE U,1
60 - 64,NRW,57.98,37.99,30,0,VF RIP U-TREUE,1
45 - 49,NRW,38.98,38.98,30,0,RED INTERNET & PHONE CABLE U,0
45 - 49,NRW,24.99,24.99,30,0,INTERNET COMFORT,0
18 - 24,NRW,13.99,13.99,30,0,EAZY,0
80 and over,NRW,0.0,0.0,30,0,MMA,0
80 and over,NRW,34.99,34.99,172,1,GIGAZUHAUSE KABEL,1
25 - 29,KBW,24.99,29.99,30,0,RIP CABLE U TREUE,0
70 - 74,KBW,42.97,42.97,30,0,RED INTERNET & PHONE CABLE U,0
30 - 34,NRW,39.99,39.99,30,0,RED INTERNET & PHONE CABLE U,1
25 - 29,NRW,37.98,37.98,109,0,VF RIP U-TREUE,1
18 - 24,NRW,39.98,39.98,81,0,RED INTERNET & PHONE CABLE U,1
35 - 39,KBW,67.96,39.99,30,0,VF RIP U-TREUE,1
75 - 79,NRW,44.65,44.65,30,0,3PLAY PLUS,0
55 - 59,HSN,74.95,44.97,59,0,VF CABLEMAX,1
80 and over,HSN,0.0,0.0,30,0,MMA,0
40 - 44,HSN,37.99,37.99,30,0,VF RIP U-TREUE,1
50 - 54,KBW,49.99,49.99,30,0,RED INTERNET & PHONE CABLE U,1
60 - 64,NRW,39.99,39.99,30,0,RED INTERNET & PHONE CABLE U,0
35 - 39,NRW,80.98,59.99,30,0,3PLAY FLY,0
25 - 29,KBW,54.96,44.98,449,0,VF CABLEMAX,0
30 - 34,KBW,39.98,39.98,137,0,GIGAZUHAUSE KABEL,0
25 - 29,NRW,54.99,54.99,30,0,RED INTERNET & PHONE CABLE U,1
30 - 34,NRW,49.99,49.99,374,0,GIGAZUHAUSE KABEL,1
40 - 44,NRW,39.99,39.99,30,0,VF RIP U-TREUE,0
40 - 44,NRW,33.97,34.98,30,0,VF RIP U-TREUE,0
55 - 59,NRW,32.99,32.99,30,0,VF RIP U-TREUE,0
40 - 44,NRW,39.98,39.98,30,0,VF CABLEMAX,1
35 - 39,KBW,69.96,44.98,30,1,VF CABLEMAX,1
35 - 39,KBW,57.97,47.99,30,0,GIGAZUHAUSE KABEL,1
80 and over,NRW,43.87,22.88,30,0,1PLAY,0
80 and over,KBW,45.99,25.0,30,0,RED INTERNET & PHONE CABLE U,1
45 - 49,HSN,22.9,22.9,30,0,1PLAY,0
35 - 39,HSN,44.98,44.98,30,0,VF CABLEMAX,1
30 - 34,HSN,33.98,38.98,53,0,RED INTERNET & PHONE CABLE U,1
30 - 34,NRW,39.99,39.99,30,0,RED INTERNET & PHONE CABLE U,1
65 - 69,NRW,66.93,29.98,326,0,GIGAZUHAUSE TREUE C,0
70 - 74,NRW,34.99,34.99,30,0,VF RIP U-TREUE,1
75 - 79,NRW,37.98,37.98,30,0,VF RIP U-TREUE,1
75 - 79,HSN,69.97,39.99,71,0,VF CABLEMAX,0
40 - 44,KBW,37.98,24.99,311,1,GIGAZUHAUSE TREUE C,0
35 - 39,HSN,49.99,49.99,30,0,GIGAZUHAUSE KABEL,1
40 - 44,NRW,44.98,44.98,30,0,VF CABLEMAX,0
40 - 44,KBW,24.99,24.99,259,2,GIGAZUHAUSE TREUE C,0
65 - 69,NRW,62.96,42.98,30,0,VF RIP U-TREUE,0
50 - 54,HSN,184.91,169.92,30,0,VF RIP U-TREUE,0
50 - 54,NRW,39.99,39.99,65,0,VF CABLEMAX,1
30 - 34,HSN,34.99,34.99,30,0,RED INTERNET & PHONE CABLE U,1
45 - 49,KBW,63.98,63.98,165,0,GIGAZUHAUSE KABEL,1
25 - 29,KBW,34.99,34.99,30,0,RED INTERNET & PHONE CABLE U,1
55 - 59,HSN,99.92,57.97,30,0,VF RIP U-TREUE,1
55 - 59,NRW,65.88,44.89,30,0,2PLAY PLUS,0
70 - 74,NRW,39.99,39.99,30,0,RED INTERNET & PHONE CABLE U,0
45 - 49,NRW,71.94,44.98,30,3,VF CABLEMAX,1
45 - 49,HSN,42.98,42.98,30,0,VF RIP U-TREUE,0
60 - 64,KBW,38.87,38.87,30,0,3PLAY SMART,0
80 and over,KBW,64.96,39.98,93,0,VF RIP U-TREUE,0
50 - 54,KBW,49.99,49.99,30,0,RED INTERNET & PHONE CABLE U,1
70 - 74,KBW,47.98,27.99,136,0,GIGAZUHAUSE TREUE B,0
65 - 69,NRW,49.97,49.97,30,0,VF CABLEMAX,1
35 - 39,NRW,49.99,49.99,30,0,GIGAZUHAUSE KABEL,1
25 - 29,KBW,38.98,38.98,30,0,RED INTERNET & PHONE CABLE U,1
35 - 39,HSN,24.99,24.99,30,0,INTERNET COMFORT,1
70 - 74,NRW,17.96,9.98,30,0,HSI HZ BOX ONLY,1
60 - 64,NRW,52.95,39.98,30,0,GIGAZUHAUSE KABEL,0
45 - 49,KBW,39.99,39.99,30,0,VF RIP U-TREUE,0
35 - 39,HSN,54.99,54.99,161,0,RED INTERNET & PHONE CABLE U,1
50 - 54,KBW,34.99,34.99,30,0,VF RIP U-TREUE,1
50 - 54,KBW,45.97,24.98,30,2,EAZY,1
25 - 29,NRW,44.98,44.98,52,0,RED INTERNET & PHONE CABLE U,1
40 - 44,KBW,44.99,44.99,241,0,GIGAZUHAUSE KABEL,0
35 - 39,NRW,49.97,49.97,694,0,VF CABLEMAX,0
45 - 49,NRW,54.98,34.99,30,0,RED INTERNET & PHONE CABLE U,0
40 - 44,NRW,59.99,59.99,124,0,GIGAZUHAUSE KABEL,1
25 - 29,KBW,44.98,44.98,30,0,RED INTERNET & PHONE CABLE U,0
30 - 34,KBW,39.99,39.99,30,0,RED INTERNET & PHONE CABLE U,0
50 - 54,KBW,49.99,49.99,30,0,VF RIP U-TREUE,1
45 - 49,KBW,62.98,62.98,390,0,GIGAZUHAUSE KABEL,1
25 - 29,NRW,34.99,34.99,30,0,RED INTERNET & PHONE CABLE U,0
50 - 54,NRW,54.98,54.98,30,0,RED INTERNET & PHONE CABLE U,0
50 - 54,HSN,20.86,20.86,30,0,1PLAY,0
80 and over,NRW,25.0,25.0,30,0,RED INTERNET & PHONE CABLE U,0
45 - 49,KBW,49.97,49.97,30,0,VF CABLEMAX,0
65 - 69,NRW,64.97,39.99,112,1,VF CABLEMAX,1
70 - 74,NRW,47.97,44.98,84,0,VF CABLEMAX,1
80 and over,HSN,34.99,34.99,92,0,RED INTERNET & PHONE CABLE U,0
65 - 69,KBW,46.95,29.98,403,0,GIGAZUHAUSE TREUE C,0
55 - 59,NRW,82.89,61.9,30,0,3PLAY PREMIUM,1
80 and over,KBW,65.34,44.98,30,0,VF RIP U-TREUE,1
65 - 69,NRW,32.97,32.97,30,0,RED INTERNET & PHONE CABLE U,1
25 - 29,KBW,44.99,44.99,128,0,GIGAZUHAUSE KABEL,1
25 - 29,KBW,169.92,169.92,30,0,RED INTERNET & PHONE CABLE U,0
50 - 54,NRW,39.99,39.99,30,0,VF RIP U-TREUE,0
45 - 49,NRW,44.99,44.99,30,0,2PLAY PLUS,0
45 - 49,NRW,39.98,39.98,121,0,VF CABLEMAX,1
30 - 34,NRW,44.98,44.98,30,0,VF CABLEMAX,0
75 - 79,NRW,34.99,34.99,650,0,RED INTERNET & PHONE CABLE U,0
45 - 49,KBW,39.99,39.99,30,0,RED INTERNET & PHONE CABLE U,1
55 - 59,KBW,33.97,19.99,312,0,EAZY,0
35 - 39,NRW,29.99,29.99,30,0,INTERNET PREMIUM,0
80 and over,HSN,39.99,39.99,308,0,VF RIP U-TREUE,0
25 - 29,NRW,43.97,43.97,200,0,GIGAZUHAUSE TREUE B,1
35 - 39,HSN,39.98,39.98,291,0,VF CABLEMAX,1
25 - 29,NRW,34.99,34.99,220,0,GIGAZUHAUSE KABEL,1
75 - 79,NRW,54.97,29.99,30,0,VF RIP U-TREUE,1
55 - 59,NRW,44.98,44.98,30,0,VF CABLEMAX,1
45 - 49,KBW,49.99,49.99,30,0,RED INTERNET & PHONE CABLE U,0
45 - 49,KBW,43.98,43.98,30,0,RED INTERNET & PHONE CABLE U,1
45 - 49,KBW,24.99,24.99,141,0,VF RIP U-TREUE,1
50 - 54,NRW,21.99,24.99,81,0,VF RIP U-TREUE,1
50 - 54,NRW,52.97,52.97,208,0,GIGAZUHAUSE TREUE B,0
35 - 39,KBW,49.99,49.99,30,0,RED INTERNET & PHONE CABLE U,1
not available,HSN,59.98,44.99,137,0,GIGAZUHAUSE KABEL,0
35 - 39,KBW,29.98,34.98,98,1,VF RIP U-TREUE,1
40 - 44,HSN,39.99,39.99,30,0,VF RIP U-TREUE,0
60 - 64,HSN,64.97,44.98,30,0,VF CABLEMAX,0
25 - 29,KBW,34.99,34.99,78,0,RED INTERNET & PHONE CABLE U,1
60 - 64,KBW,53.98,53.98,30,0,3PLAY TREUE,1
25 - 29,KBW,59.99,59.99,162,0,GIGAZUHAUSE KABEL,0
55 - 59,NRW,24.99,24.99,336,0,GIGAZUHAUSE TREUE C,0
25 - 29,HSN,209.96,209.96,30,0,RED INTERNET & PHONE CABLE U,1
55 - 59,HSN,44.65,44.65,30,0,3PLAY PLUS,0
35 - 39,HSN,72.96,52.97,157,0,VF RIP U-TREUE,0
45 - 49,KBW,44.98,44.98,30,0,VF CABLEMAX,0
60 - 64,HSN,89.93,52.96,30,0,VF CABLEMAX,0
55 - 59,KBW,34.99,34.99,30,0,2PLAY JUMP,1
40 - 44,HSN,34.99,34.99,30,0,VF RIP U-TREUE,0
25 - 29,KBW,32.99,32.99,288,0,GIGAZUHAUSE TREUE B,0
45 - 49,NRW,39.99,39.99,30,0,RED INTERNET & PHONE CABLE U,1
55 - 59,NRW,22.98,22.98,30,0,EAZY FLEX,1
45 - 49,NRW,38.42,43.42,30,0,3PLAY COMFORT,0
50 - 54,HSN,83.95,63.98,174,0,GIGAZUHAUSE KABEL,1
25 - 29,KBW,44.98,44.98,116,0,VF CABLEMAX,1
35 - 39,KBW,44.98,44.98,30,0,VF CABLEMAX,0
50 - 54,HSN,44.99,44.99,170,0,GIGAZUHAUSE KABEL,0
55 - 59,NRW,79.95,44.97,30,0,VF CABLEMAX,0
80 and over,NRW,49.95,29.99,654,0,VF RIP U-TREUE,0
50 - 54,NRW,39.98,39.98,130,0,GIGAZUHAUSE KABEL,0
60 - 64,NRW,55.97,32.99,698,0,GIGAZUHAUSE TREUE B,1
50 - 54,KBW,101.97,59.99,192,0,GIGAZUHAUSE KABEL,0
40 - 44,NRW,0.0,0.0,30,0,MMA,0
75 - 79,NRW,24.99,24.99,137,0,RED INTERNET & PHONE CABLE U,1
55 - 59,KBW,49.78,45.78,30,0,3PLAY + PAY,0
50 - 54,KBW,24.99,24.99,30,0,RED INTERNET & PHONE CABLE U,0
30 - 34,HSN,24.99,34.99,383,0,GIGAZUHAUSE TREUE C,1
70 - 74,KBW,44.97,34.99,379,0,RED INTERNET & PHONE CABLE U,1
40 - 44,HSN,39.98,39.98,30,0,RED INTERNET & PHONE CABLE U,0
30 - 34,HSN,43.97,43.97,121,0,GIGAZUHAUSE KABEL,1
35 - 39,NRW,37.99,37.99,30,0,VF RIP U-TREUE,1
35 - 39,NRW,60.98,39.99,30,0,VF RIP U-TREUE,1
35 - 39,KBW,44.98,44.98,30,0,RED INTERNET & PHONE CABLE U,0
50 - 54,KBW,84.94,39.98,340,0,GIGAZUHAUSE TREUE B,0
25 - 29,KBW,189.88,189.88,30,0,VF CABLEMAX,1
80 and over,KBW,19.99,19.99,322,0,GIGAZUHAUSE KABEL,0
80 and over,KBW,58.77,37.78,30,0,GIGAZUHAUSE KABEL,0
65 - 69,NRW,64.97,39.99,100,0,VF CABLEMAX,0
30 - 34,KBW,44.98,44.98,122,0,VF CABLEMAX,0
75 - 79,NRW,54.96,44.98,30,0,RED INTERNET & PHONE CABLE U,0
70 - 74,KBW,43.98,43.98,30,0,3PLAY TREUE,0
55 - 59,NRW,89.94,54.98,210,0,RED INTERNET & PHONE CABLE U,0
80 and over,NRW,39.98,39.98,121,0,GIGAZUHAUSE KABEL,1
50 - 54,KBW,65.97,44.98,30,0,RED INTERNET & PHONE CABLE U,0
30 - 34,NRW,58.97,32.99,30,0,VF RIP U-TREUE,1
65 - 69,KBW,66.79,45.8,30,0,2PLAY,1
30 - 34,KBW,34.99,34.99,30,0,RED INTERNET & PHONE CABLE U,1
60 - 64,KBW,24.99,24.99,333,0,GIGAZUHAUSE TREUE C,0
50 - 54,NRW,32.99,32.99,351,0,GIGAZUHAUSE TREUE B,0
25 - 29,NRW,39.99,39.99,30,0,RED INTERNET & PHONE CABLE U,1
50 - 54,HSN,49.99,49.99,30,0,VF RIP U-TREUE,1
50 - 54,NRW,58.97,37.98,30,0,VF RIP U-TREUE,1
25 - 29,NRW,44.99,44.99,30,0,RED INTERNET & PHONE CABLE U,0
50 - 54,KBW,47.98,47.98,263,2,GIGAZUHAUSE TREUE C,0
40 - 44,NRW,74.94,37.98,47,0,VF RIP U-TREUE,0
35 - 39,HSN,44.98,44.98,30,0,RED INTERNET & PHONE CABLE U,1
75 - 79,NRW,44.89,44.89,30,0,2PLAY PLUS,0
35 - 39,NRW,29.99,29.99,30,0,VF RIP U-TREUE,0
30 - 34,NRW,39.99,39.99,30,0,RED INTERNET & PHONE CABLE U,1
35 - 39,KBW,53.98,53.98,30,0,RED INTERNET & PHONE CABLE U,1
80 and over,KBW,28.74,28.74,30,0,2PLAY,1
35 - 39,NRW,29.98,29.98,30,0,VF RIP U-TREUE,1
50 - 54,NRW,47.3,29.99,692,0,GIGAZUHAUSE TREUE C,0
35 - 39,NRW,44.98,44.98,30,0,VF CABLEMAX,0
18 - 24,KBW,44.98,44.98,97,0,VF CABLEMAX,1
25 - 29,KBW,39.98,39.98,144,0,GIGAZUHAUSE KABEL,1
60 - 64,NRW,58.98,58.98,30,0,RED INTERNET & PHONE CABLE U,1
60 - 64,KBW,57.95,49.97,676,0,VF CABLEMAX,1
55 - 59,KBW,34.99,32.99,30,0,VF RIP U-TREUE,0
not available,KBW,34.98,34.98,30,0,VF RIP U-TREUE,0
75 - 79,NRW,64.97,44.98,30,0,RED INTERNET & PHONE CABLE U,0
40 - 44,NRW,74.96,44.98,113,0,VF CABLEMAX,0
45 - 49,NRW,49.97,44.98,536,0,VF CABLEMAX,1
25 - 29,NRW,37.99,37.99,30,0,VF RIP U-TREUE,1
30 - 34,KBW,39.99,39.99,30,0,VF RIP U-TREUE,1
75 - 79,KBW,39.99,39.99,30,0,VF RIP U-TREUE,1
45 - 49,NRW,42.99,42.99,30,0,GIGAZUHAUSE KABEL,0
65 - 69,HSN,65.87,44.88,30,0,3PLAY,1
75 - 79,NRW,49.97,34.98,30,0,VF RIP U-TREUE,1
45 - 49,NRW,44.96,24.99,698,0,GIGAZUHAUSE TREUE C,0
40 - 44,HSN,59.98,59.98,30,0,RED INTERNET & PHONE CABLE U,1
70 - 74,KBW,74.95,49.97,106,0,VF CABLEMAX,1
35 - 39,HSN,39.98,39.98,146,0,GIGAZUHAUSE KABEL,1
55 - 59,NRW,35.86,35.86,30,0,2PLAY,0
45 - 49,NRW,39.99,39.99,30,0,VF RIP U-TREUE,1
55 - 59,KBW,77.97,62.98,361,2,GIGAZUHAUSE KABEL,1
55 - 59,NRW,49.97,49.97,675,0,VF CABLEMAX,0
50 - 54,KBW,32.95,32.95,30,0,RED INTERNET & PHONE CABLE U,1
80 and over,HSN,94.96,94.96,30,0,RED INTERNET & PHONE CABLE U,1
18 - 24,HSN,169.92,169.92,30,0,RED INTERNET & PHONE CABLE U,1
55 - 59,KBW,49.99,49.99,30,0,GIGAZUHAUSE KABEL,0
60 - 64,NRW,34.99,34.99,30,0,RED INTERNET & PHONE CABLE U,1
35 - 39,NRW,44.98,44.98,29,3,VF CABLEMAX,1
50 - 54,NRW,52.96,52.96,30,0,VF CABLEMAX,0
60 - 64,HSN,73.34,47.99,30,0,GIGAZUHAUSE KABEL,1
30 - 34,KBW,29.99,29.99,30,0,VF RIP U-TREUE,0
60 - 64,NRW,14.99,14.99,30,0,RED INTERNET & PHONE CABLE U,0
45 - 49,NRW,39.99,39.99,30,0,RED INTERNET & PHONE CABLE U,1
35 - 39,KBW,37.99,37.99,30,0,VF RIP U-TREUE,0
40 - 44,KBW,58.13,37.77,30,0,RED INTERNET & PHONE CABLE U,0
60 - 64,NRW,52.97,42.98,103,0,VF RIP U-TREUE,1
60 - 64,NRW,44.98,44.98,50,0,RED INTERNET & PHONE CABLE U,1
50 - 54,KBW,79.95,49.97,71,0,VF CABLEMAX,0
18 - 24,NRW,24.99,24.99,30,0,INTERNET COMFORT,0
35 - 39,NRW,39.99,39.99,30,0,RED INTERNET & PHONE CABLE U,1
45 - 49,NRW,39.99,39.99,30,0,VF RIP U-TREUE,1
65 - 69,KBW,50.94,29.95,30,0,2PLAY,0
35 - 39,KBW,44.97,49.97,103,1,VF CABLEMAX,0
35 - 39,NRW,79.94,37.99,63,0,VF RIP U-TREUE,1
50 - 54,HSN,39.99,39.99,30,0,VF RIP U-TREUE,1
40 - 44,KBW,34.99,34.99,30,0,RED INTERNET & PHONE CABLE U,1
30 - 34,NRW,39.98,39.98,182,0,VF CABLEMAX,1
80 and over,NRW,54.4,48.42,30,0,3PLAY COMFORT,0
60 - 64,KBW,44.99,44.99,204,1,GIGAZUHAUSE KABEL,1
50 - 54,NRW,49.97,27.99,213,0,GIGAZUHAUSE TREUE B,1
50 - 54,NRW,42.97,42.97,30,0,RED INTERNET & PHONE CABLE U,0
45 - 49,KBW,50.97,50.97,253,0,GIGAZUHAUSE TREUE C,0
25 - 29,NRW,19.99,19.99,30,0,VF RIP U-TREUE,1
30 - 34,NRW,29.99,29.99,30,0,VF RIP U-TREUE,0
65 - 69,HSN,41.96,41.96,30,0,VF RIP U-TREUE,0
40 - 44,NRW,54.99,54.99,84,0,RED INTERNET & PHONE CABLE U,1
40 - 44,NRW,49.99,49.99,30,0,GIGAZUHAUSE KABEL,1
75 - 79,NRW,42.86,42.86,30,0,3PLAY,0
70 - 74,KBW,33.74,33.74,30,0,RED INTERNET & PHONE CABLE U,1
25 - 29,HSN,34.99,34.99,99,0,RED INTERNET & PHONE CABLE U,1
35 - 39,HSN,39.98,39.98,308,0,VF CABLEMAX,0
30 - 34,NRW,29.99,29.99,30,0,INTERNET PREMIUM,1
50 - 54,NRW,44.98,44.98,30,0,VF CABLEMAX,0
55 - 59,NRW,44.98,44.98,30,0,VF CABLEMAX,1
60 - 64,HSN,39.99,39.99,30,0,RED INTERNET & PHONE CABLE U,1
60 - 64,NRW,49.97,49.97,30,1,VF CABLEMAX,0
45 - 49,NRW,19.99,19.99,30,0,EAZY,0
55 - 59,NRW,90.95,44.98,30,0,3PLAY START,0
60 - 64,NRW,42.98,42.98,30,0,VF RIP U-TREUE,0
35 - 39,KBW,39.98,39.98,282,0,GIGAZUHAUSE KABEL,0
30 - 34,KBW,27.11,22.98,597,0,GIGAZUHAUSE KABEL,0
65 - 69,NRW,70.35,49.99,30,0,RED INTERNET & PHONE CABLE U,0
60 - 64,KBW,43.95,43.95,30,0,3PLAY SMART,1
55 - 59,KBW,34.99,34.99,30,0,RED INTERNET & PHONE CABLE U,1
35 - 39,HSN,75.94,44.97,264,0,GIGAZUHAUSE KABEL,1
30 - 34,KBW,49.99,49.99,30,0,RED INTERNET & PHONE CABLE U,1
50 - 54,HSN,44.98,44.98,30,0,VF CABLEMAX,1
30 - 34,KBW,63.97,63.97,30,0,RED INTERNET & PHONE CABLE U,1
65 - 69,NRW,59.97,34.99,123,0,RED INTERNET & PHONE CABLE U,0
80 and over,KBW,84.34,63.98,207,0,GIGAZUHAUSE KABEL,0
60 - 64,KBW,34.99,34.99,235,0,GIGAZUHAUSE KABEL,1
45 - 49,HSN,131.96,131.96,30,1,VF RIP U-TREUE,0
50 - 54,NRW,9.98,9.98,30,0,HSI HZ BOX ONLY,0
35 - 39,NRW,39.99,39.99,30,0,VF RIP U-TREUE,1
25 - 29,NRW,63.98,63.98,118,0,GIGAZUHAUSE KABEL,0
18 - 24,NRW,39.99,39.99,30,0,RED INTERNET & PHONE CABLE U,1
80 and over,NRW,42.98,27.99,696,0,GIGAZUHAUSE TREUE B,0
60 - 64,KBW,71.03,50.67,30,0,2PLAY,1
35 - 39,NRW,39.98,39.98,151,2,GIGAZUHAUSE KABEL,1
50 - 54,NRW,74.95,49.97,30,0,VF CABLEMAX,0
40 - 44,NRW,29.99,29.99,30,0,INTERNET PREMIUM,0
50 - 54,NRW,44.98,44.98,30,0,VF CABLEMAX,1
30 - 34,NRW,52.98,52.98,287,0,GIGAZUHAUSE KABEL,0
40 - 44,KBW,49.97,44.98,30,0,VF CABLEMAX,1
35 - 39,NRW,44.97,44.97,320,0,GIGAZUHAUSE KABEL,0
25 - 29,KBW,44.98,44.98,16,0,VF CABLEMAX,1
70 - 74,NRW,29.99,29.99,30,0,VF RIP U-TREUE,0
30 - 34,HSN,39.99,39.99,1,0,RED INTERNET & PHONE CABLE U,0
65 - 69,NRW,29.98,29.98,30,0,RED INTERNET & PHONE CABLE U,0
45 - 49,NRW,37.98,37.98,30,0,VF RIP U-TREUE,0
25 - 29,KBW,89.97,89.97,45,0,RED INTERNET & PHONE CABLE U,1
60 - 64,KBW,34.99,34.99,30,0,RED INTERNET & PHONE CABLE U,0
65 - 69,NRW,72.96,42.98,84,0,VF RIP U-TREUE,0
40 - 44,KBW,49.98,49.98,178,0,GIGAZUHAUSE TREUE B,0
35 - 39,KBW,34.99,34.99,30,0,RED INTERNET & PHONE CABLE U,1
30 - 34,NRW,69.41,48.42,30,0,3PLAY COMFORT,0
70 - 74,NRW,25.0,25.0,30,0,RED INTERNET & PHONE CABLE U,0
75 - 79,KBW,63.77,42.78,30,0,2PLAY,1
50 - 54,NRW,44.98,44.98,30,0,VF CABLEMAX,0
30 - 34,KBW,24.99,24.99,30,0,INTERNET COMFORT,1
25 - 29,HSN,169.92,169.92,30,0,RED INTERNET & PHONE CABLE U,0
30 - 34,NRW,34.98,34.98,30,0,GIGAZUHAUSE KABEL,0
30 - 34,HSN,39.99,39.99,30,1,RED INTERNET & PHONE CABLE U,1
45 - 49,NRW,37.97,37.97,30,0,RED INTERNET & PHONE CABLE U,0
75 - 79,NRW,34.99,34.99,30,0,RED INTERNET & PHONE CABLE U,0
65 - 69,NRW,42.98,42.98,30,0,VF RIP U-TREUE,0
80 and over,NRW,44.98,44.98,30,0,RED INTERNET & PHONE CABLE U,0
55 - 59,NRW,29.99,29.99,14,3,VF RIP U-TREUE,0
40 - 44,KBW,39.99,39.99,30,0,RED INTERNET & PHONE CABLE U,0
70 - 74,NRW,37.9,37.9,30,0,2PLAY,1
60 - 64,NRW,63.97,42.98,30,0,2PLAY PLUS,0
40 - 44,NRW,39.98,39.98,365,0,GIGAZUHAUSE TREUE B,1
55 - 59,KBW,29.99,29.99,30,0,VF RIP U-TREUE,0
40 - 44,KBW,49.98,49.98,243,0,GIGAZUHAUSE TREUE B,1
40 - 44,HSN,39.99,39.99,30,0,RED INTERNET & PHONE CABLE U,1
35 - 39,NRW,22.99,22.99,169,0,EAZY,1
25 - 29,NRW,34.98,34.98,88,1,VF CABLEMAX,0
65 - 69,KBW,56.95,56.95,30,0,RED INTERNET & PHONE CABLE U,0
60 - 64,KBW,58.97,32.99,30,0,VF RIP U-TREUE,1
50 - 54,NRW,52.96,52.96,30,0,VF CABLEMAX,0
55 - 59,NRW,53.98,53.98,65,0,RED INTERNET & PHONE CABLE U,1
60 - 64,KBW,39.99,39.99,30,0,RED INTERNET & PHONE CABLE U,1
75 - 79,KBW,24.99,24.99,200,0,GIGAZUHAUSE TREUE C,1
40 - 44,NRW,67.97,67.97,347,0,GIGAZUHAUSE KABEL,1
25 - 29,NRW,48.97,48.97,109,0,VF CABLEMAX,1
60 - 64,KBW,39.99,39.99,30,0,RED INTERNET & PHONE CABLE U,0
25 - 29,HSN,39.98,39.98,30,0,RED INTERNET & PHONE CABLE U,0
55 - 59,KBW,27.99,27.99,78,0,RIP CABLE U TREUE,1
40 - 44,NRW,44.98,44.98,121,0,VF CABLEMAX,1
35 - 39,NRW,32.97,32.97,30,0,2PLAY TREUE,1
35 - 39,NRW,44.98,44.98,30,0,VF CABLEMAX,1
35 - 39,HSN,49.99,49.99,30,0,VF RIP U-TREUE,1
55 - 59,NRW,62.96,44.98,30,0,VF CABLEMAX,0
45 - 49,HSN,55.34,55.34,665,0,3PLAY PREMIUM,1
65 - 69,KBW,58.77,37.78,30,0,RED INTERNET & PHONE CABLE U,1
35 - 39,KBW,54.99,54.99,30,0,RED INTERNET & PHONE CABLE U,0
50 - 54,KBW,49.99,49.99,30,0,RED INTERNET & PHONE CABLE U,0
25 - 29,NRW,49.99,49.99,30,0,GIGAZUHAUSE KABEL,1
50 - 54,KBW,53.98,53.98,30,0,RED INTERNET & PHONE CABLE U,0
75 - 79,KBW,68.96,44.98,30,0,VF CABLEMAX,0
60 - 64,NRW,68.96,37.99,30,0,VF RIP U-TREUE,1
75 - 79,KBW,59.98,34.99,30,0,RED INTERNET & PHONE CABLE U,0
60 - 64,NRW,30.97,9.98,30,0,HSI HZ BOX ONLY,1
50 - 54,KBW,63.97,42.98,30,0,VF RIP U-TREUE,0
55 - 59,NRW,54.98,54.98,30,0,RED INTERNET & PHONE CABLE U,1
50 - 54,NRW,29.99,29.99,30,0,VF RIP U-TREUE,0
25 - 29,NRW,28.98,28.98,30,0,RED INTERNET & PHONE CABLE U,1
30 - 34,NRW,39.99,39.99,30,0,RED INTERNET & PHONE CABLE U,1
35 - 39,NRW,68.98,47.99,30,0,GIGAZUHAUSE KABEL,1
25 - 29,NRW,39.99,39.99,30,0,RED INTERNET & PHONE CABLE U,0
45 - 49,HSN,34.99,34.99,99,0,RED INTERNET & PHONE CABLE U,1
70 - 74,KBW,60.98,39.99,30,0,VF RIP U-TREUE,0
25 - 29,NRW,43.98,43.98,30,0,RED INTERNET & PHONE CABLE U,1
45 - 49,NRW,43.98,43.98,30,0,RED INTERNET & PHONE CABLE U,0
45 - 49,NRW,29.99,29.99,30,0,VF RIP U-TREUE,1
40 - 44,NRW,39.99,39.99,30,0,VF RIP U-TREUE,1
45 - 49,NRW,44.98,44.98,30,0,RED INTERNET & PHONE CABLE U,0
35 - 39,NRW,34.98,34.98,32,0,VF CABLEMAX,1
75 - 79,KBW,34.99,34.99,30,0,VF RIP U-TREUE,0
50 - 54,HSN,58.94,44.97,30,0,RED INTERNET & PHONE CABLE U,1
60 - 64,KBW,49.97,49.97,52,0,RED INTERNET & PHONE CABLE U,1
40 - 44,HSN,34.99,34.99,31,1,RED INTERNET & PHONE CABLE U,0
40 - 44,NRW,32.99,32.99,30,0,VF RIP U-TREUE,1
70 - 74,NRW,53.98,53.98,30,0,RED INTERNET & PHONE CABLE U,1
35 - 39,KBW,47.98,47.98,400,0,GIGAZUHAUSE KABEL,0
40 - 44,NRW,39.99,39.99,30,0,VF RIP U-TREUE,0
30 - 34,NRW,34.99,34.99,30,0,RED INTERNET & PHONE CABLE U,1
25 - 29,KBW,59.99,59.99,128,0,GIGAZUHAUSE KABEL,0
75 - 79,KBW,42.99,42.99,365,0,GIGAZUHAUSE TREUE C,0
50 - 54,NRW,44.98,44.98,30,0,VF CABLEMAX,0
80 and over,NRW,32.97,32.97,30,0,RED INTERNET & PHONE CABLE U,0
55 - 59,KBW,69.96,44.99,597,0,GIGAZUHAUSE TREUE B,0
40 - 44,NRW,43.98,43.98,108,0,RED INTERNET & PHONE CABLE U,0
65 - 69,NRW,44.97,44.97,380,0,GIGAZUHAUSE KABEL,0
25 - 29,NRW,34.99,34.99,67,0,RED INTERNET & PHONE CABLE U,1
80 and over,KBW,50.35,29.99,358,1,GIGAZUHAUSE TREUE C,0
35 - 39,NRW,48.97,48.97,46,0,VF CABLEMAX,0
25 - 29,NRW,17.99,17.99,30,0,EAZY FLEX,0
50 - 54,NRW,44.98,44.98,30,0,VF CABLEMAX,0
30 - 34,NRW,49.99,49.99,30,0,GIGAZUHAUSE KABEL,1
45 - 49,NRW,43.97,43.97,352,0,VF CABLEMAX,1
50 - 54,NRW,44.98,44.98,30,0,VF CABLEMAX,1
60 - 64,HSN,34.99,34.99,30,0,RED INTERNET & PHONE CABLE U,0
55 - 59,NRW,49.36,29.99,553,0,VF RIP U-TREUE,0
65 - 69,NRW,76.95,39.98,84,0,VF RIP U-TREUE,1
25 - 29,HSN,39.99,39.99,30,0,RED INTERNET & PHONE CABLE U,1
30 - 34,HSN,38.98,38.98,30,0,RED INTERNET & PHONE CABLE U,0
65 - 69,KBW,39.99,39.99,30,0,VF RIP U-TREUE,0
55 - 59,KBW,32.97,32.97,30,0,2PLAY TREUE,0
30 - 34,KBW,39.98,39.98,197,0,GIGAZUHAUSE KABEL,1
30 - 34,NRW,11.98,11.98,30,0,EAZY,1
25 - 29,KBW,34.99,34.99,99,0,RED INTERNET & PHONE CABLE U,1
60 - 64,NRW,29.98,29.98,269,0,GIGAZUHAUSE TREUE C,1
18 - 24,NRW,39.98,39.98,91,0,RED INTERNET & PHONE CABLE U,0
70 - 74,HSN,53.96,32.97,30,0,RED INTERNET & PHONE CABLE U,0
30 - 34,NRW,42.98,42.98,30,1,VF RIP U-TREUE,1
35 - 39,NRW,48.97,48.97,92,0,VF CABLEMAX,1
60 - 64,NRW,33.98,29.99,629,0,VF RIP U-TREUE,1
50 - 54,KBW,59.99,59.99,729,1,GIGAZUHAUSE TREUE,1
65 - 69,NRW,69.96,39.98,268,0,GIGAZUHAUSE TREUE B,0
60 - 64,NRW,59.98,59.98,30,0,RED INTERNET & PHONE CABLE U,0
55 - 59,KBW,34.99,34.99,30,0,RED INTERNET & PHONE CABLE U,1
35 - 39,NRW,34.99,34.99,30,0,RED INTERNET & PHONE CABLE U,0
60 - 64,KBW,68.97,53.98,30,0,VF RIP U-TREUE,0
65 - 69,HSN,121.96,121.96,30,0,VF RIP U-TREUE,0
25 - 29,NRW,47.98,47.98,265,0,GIGAZUHAUSE KABEL,1
60 - 64,NRW,67.93,49.97,30,0,VF RIP U-TREUE,1
55 - 59,NRW,67.96,42.98,106,0,VF RIP U-TREUE,0
35 - 39,NRW,39.98,24.99,30,2,VF RIP U-TREUE,0
50 - 54,HSN,37.99,37.99,66,0,VF RIP U-TREUE,1
80 and over,HSN,60.21,39.85,30,0,2PLAY,0
40 - 44,HSN,42.98,42.98,30,0,VF RIP U-TREUE,0
45 - 49,HSN,39.99,39.99,30,0,VF RIP U-TREUE,0
75 - 79,NRW,39.93,30.95,519,0,RED INTERNET & PHONE CABLE U,0
30 - 34,HSN,69.96,44.99,316,0,GIGAZUHAUSE TREUE B,1
45 - 49,HSN,229.92,229.92,30,0,RED INTERNET & PHONE CABLE U,0
60 - 64,NRW,60.34,33.0,30,0,RED INTERNET & PHONE CABLE U,0
40 - 44,HSN,52.96,52.96,96,0,VF CABLEMAX,1
40 - 44,HSN,34.99,34.99,232,1,GIGAZUHAUSE KABEL,0
35 - 39,NRW,106.93,63.96,30,0,VF RIP U-TREUE,0
35 - 39,NRW,17.99,17.99,60,0,EAZY FLEX,1
35 - 39,NRW,74.98,74.98,30,0,2PLAY FLY,1
75 - 79,KBW,61.34,40.98,30,0,GIGAZUHAUSE KABEL,0
35 - 39,NRW,27.99,27.99,30,0,VF RIP U-TREUE,0
80 and over,KBW,37.98,37.98,347,0,GIGAZUHAUSE KABEL,0
80 and over,NRW,59.96,34.98,228,0,GIGAZUHAUSE TREUE C,0
55 - 59,KBW,43.99,43.99,30,0,2PLAY PREMIUM,0
60 - 64,KBW,44.98,44.98,30,0,VF RIP U-TREUE,0
50 - 54,NRW,44.98,44.98,30,0,VF CABLEMAX,0
45 - 49,KBW,55.63,48.64,660,0,2PLAY PLUS,1
50 - 54,NRW,39.99,39.99,30,0,RED INTERNET & PHONE CABLE U,0
18 - 24,KBW,39.99,39.99,30,0,RED INTERNET & PHONE CABLE U,0
45 - 49,HSN,129.96,129.96,30,0,RED INTERNET & PHONE CABLE U,1
45 - 49,NRW,39.99,39.99,30,0,RED INTERNET & PHONE CABLE U,0
40 - 44,KBW,52.93,52.93,30,0,3PLAY PLUS,0
35 - 39,NRW,50.42,40.43,30,0,GIGAZUHAUSE KABEL,0
45 - 49,NRW,49.97,49.97,30,0,VF CABLEMAX,1
35 - 39,NRW,57.88,36.89,30,0,INTERNET,0
30 - 34,NRW,44.99,44.99,165,0,GIGAZUHAUSE KABEL,1
55 - 59,KBW,51.98,51.98,30,0,VF RIP U-TREUE,1
55 - 59,HSN,50.87,39.99,692,0,RED INTERNET & PHONE CABLE U,0
50 - 54,HSN,55.83,55.83,30,0,3PLAY FLY,1
45 - 49,HSN,34.99,34.99,30,0,RED INTERNET & PHONE CABLE U,1
35 - 39,KBW,59.98,59.98,30,0,RED INTERNET & PHONE CABLE U,0
25 - 29,NRW,37.97,49.97,30,0,VF CABLEMAX,1
50 - 54,KBW,34.99,34.99,60,0,VF RIP U-TREUE,0
50 - 54,NRW,19.99,24.99,30,0,RED INTERNET & PHONE CABLE U,0
18 - 24,NRW,42.97,39.98,98,0,VF CABLEMAX,1
45 - 49,HSN,13.99,13.99,30,0,EAZY,0
25 - 29,NRW,34.99,34.99,30,0,RED INTERNET & PHONE CABLE U,0
50 - 54,HSN,39.99,39.99,30,0,RED INTERNET & PHONE CABLE U,1
70 - 74,KBW,49.97,49.97,30,0,GIGAZUHAUSE KABEL,1
35 - 39,KBW,53.98,53.98,30,0,RED INTERNET & PHONE CABLE U,0
35 - 39,NRW,44.98,44.98,98,0,RED INTERNET & PHONE CABLE U,1
35 - 39,KBW,32.99,32.99,30,2,VF RIP U-TREUE,1
30 - 34,NRW,39.98,39.98,30,0,RED INTERNET & PHONE CABLE U,1
30 - 34,NRW,29.99,29.99,30,0,VF RIP U-TREUE,0
40 - 44,KBW,43.97,37.99,30,0,VF RIP U-TREUE,1
40 - 44,HSN,42.99,42.99,30,0,VF RIP U-TREUE,1
75 - 79,NRW,49.97,39.99,639,0,VF RIP U-TREUE,0
55 - 59,NRW,85.96,54.99,30,0,RED INTERNET & PHONE CABLE U,0
80 and over,HSN,37.98,37.98,30,0,VF RIP U-TREUE,0
45 - 49,NRW,39.99,39.99,30,0,VF RIP U-TREUE,1
35 - 39,NRW,44.98,44.98,30,0,VF CABLEMAX,0
80 and over,NRW,59.97,29.99,205,0,GIGAZUHAUSE TREUE C,0
80 and over,NRW,60.87,39.88,30,0,3PLAY,1
60 - 64,KBW,69.41,48.42,30,0,3PLAY COMFORT,0
18 - 24,NRW,37.99,37.99,30,0,VF RIP U-TREUE,0
25 - 29,KBW,39.99,39.99,36,0,RED INTERNET & PHONE CABLE U,1
30 - 34,KBW,53.98,53.98,133,0,GIGAZUHAUSE KABEL,1
55 - 59,NRW,89.94,54.98,53,0,VF RIP U-TREUE,1
80 and over,KBW,40.64,33.74,30,0,RED INTERNET & PHONE CABLE U,0
35 - 39,NRW,34.98,34.98,30,0,VF CABLEMAX,0
45 - 49,NRW,49.97,39.98,263,0,GIGAZUHAUSE TREUE B,1
25 - 29,NRW,34.99,34.99,30,0,VF RIP U-TREUE,1
50 - 54,HSN,75.95,44.98,30,0,VF CABLEMAX,1
80 and over,NRW,42.97,42.97,30,0,3PLAY TREUE,0
55 - 59,KBW,34.98,34.98,30,0,VF RIP U-TREUE,1
35 - 39,NRW,24.99,24.99,30,0,RED INTERNET & PHONE CABLE U,0
40 - 44,HSN,44.97,39.98,128,0,GIGAZUHAUSE TREUE C,1
50 - 54,NRW,24.99,24.99,30,0,INTERNET COMFORT,0
60 - 64,KBW,54.98,54.98,30,0,RED INTERNET & PHONE CABLE U,0
40 - 44,HSN,44.98,44.98,30,0,VF CABLEMAX,1
80 and over,KBW,27.8,27.8,30,0,GIGAZUHAUSE KABEL,1
55 - 59,NRW,65.97,44.98,30,0,VF CABLEMAX,1
50 - 54,KBW,44.98,44.98,92,0,VF CABLEMAX,1
35 - 39,NRW,49.99,49.99,30,0,GIGAZUHAUSE KABEL,1
65 - 69,HSN,39.98,39.98,164,0,GIGAZUHAUSE KABEL,1
60 - 64,NRW,37.98,37.98,207,1,GIGAZUHAUSE TREUE B,1
35 - 39,NRW,34.99,34.99,30,0,RED INTERNET & PHONE CABLE U,1
80 and over,NRW,54.98,34.99,30,0,RED INTERNET & PHONE CABLE U,0
80 and over,KBW,34.99,34.99,115,0,GIGAZUHAUSE KABEL,1
65 - 69,KBW,42.97,42.97,30,0,RED INTERNET & PHONE CABLE U,0
45 - 49,KBW,60.98,39.99,81,1,VF CABLEMAX,1
50 - 54,HSN,24.99,24.99,155,1,GIGAZUHAUSE TREUE B,1
35 - 39,NRW,64.95,44.98,30,0,VF CABLEMAX,1
35 - 39,HSN,17.99,17.99,30,0,EAZY FLEX,0
75 - 79,NRW,35.86,35.86,30,0,2PLAY,0
30 - 34,HSN,58.37,45.38,642,0,3PLAY JUMP,0
50 - 54,KBW,34.99,34.99,30,0,RED INTERNET & PHONE CABLE U,0
80 and over,HSN,48.96,43.97,171,0,VF CABLEMAX,1
30 - 34,NRW,52.98,52.98,371,0,GIGAZUHAUSE CABLEMAX EB,0
60 - 64,NRW,54.99,54.99,30,0,3PLAY JUMP,1
75 - 79,HSN,43.95,24.98,616,0,VF RIP U-TREUE,0
25 - 29,NRW,34.99,34.99,30,0,VF RIP U-TREUE,1
60 - 64,KBW,44.98,44.98,30,0,VF RIP U-TREUE,0
50 - 54,NRW,72.97,37.99,85,0,VF RIP U-TREUE,1
50 - 54,KBW,64.96,49.97,30,1,VF CABLEMAX,1
40 - 44,NRW,29.99,29.99,382,0,GIGAZUHAUSE TREUE C,1
80 and over,KBW,39.98,33.0,30,0,RED INTERNET & PHONE CABLE U,0
55 - 59,NRW,29.99,29.99,30,0,RED INTERNET & PHONE CABLE U,0
30 - 34,KBW,42.97,42.97,369,0,GIGAZUHAUSE KABEL,1
35 - 39,KBW,39.99,39.99,30,0,RED INTERNET & PHONE CABLE U,1
45 - 49,NRW,34.99,34.99,30,0,RED INTERNET & PHONE CABLE U,1
60 - 64,KBW,96.95,59.98,30,0,RED INTERNET & PHONE CABLE U,0
50 - 54,NRW,62.86,52.96,30,0,3PLAY START,1
35 - 39,NRW,43.97,43.97,170,0,GIGAZUHAUSE KABEL,0
70 - 74,KBW,44.65,44.65,30,0,2PLAY PLUS,0
55 - 59,KBW,57.97,37.98,347,0,GIGAZUHAUSE KABEL,0
40 - 44,NRW,60.98,39.99,30,0,VF RIP U-TREUE,1
80 and over,HSN,0.0,0.0,30,0,MMA,0
50 - 54,KBW,32.99,32.99,259,1,GIGAZUHAUSE TREUE B,0
70 - 74,KBW,37.98,37.98,30,0,VF RIP U-TREUE,0
40 - 44,NRW,24.99,24.99,231,0,GIGAZUHAUSE TREUE C,1
40 - 44,NRW,90.94,59.98,537,0,RED INTERNET & PHONE CABLE U,0
18 - 24,NRW,54.99,54.99,30,0,RED INTERNET & PHONE CABLE U,1
45 - 49,NRW,44.98,44.98,30,0,VF CABLEMAX,1
35 - 39,NRW,39.99,39.99,30,0,VF RIP U-TREUE,1
30 - 34,HSN,39.99,39.99,30,0,VF RIP U-TREUE,1
25 - 29,NRW,39.98,39.98,165,1,GIGAZUHAUSE KABEL,1
40 - 44,NRW,44.98,44.98,30,0,RED INTERNET & PHONE CABLE U,1
35 - 39,KBW,42.97,32.99,30,0,VF RIP U-TREUE,1
25 - 29,KBW,54.99,54.99,47,0,RED INTERNET & PHONE CABLE U,1
35 - 39,HSN,54.99,54.99,30,0,RED INTERNET & PHONE CABLE U,0
65 - 69,HSN,44.97,44.97,30,1,VF CABLEMAX,0
18 - 24,HSN,39.99,39.99,77,0,RED INTERNET & PHONE CABLE U,1
50 - 54,NRW,44.99,44.99,163,1,GIGAZUHAUSE TREUE B,0
35 - 39,NRW,42.97,39.98,38,0,VF CABLEMAX,1
40 - 44,NRW,49.97,49.97,30,0,VF CABLEMAX,1
35 - 39,KBW,24.99,24.99,30,0,INTERNET COMFORT,0
65 - 69,KBW,69.41,48.42,30,0,3PLAY COMFORT,1
40 - 44,NRW,37.98,37.98,321,0,GIGAZUHAUSE TREUE D,0
40 - 44,KBW,48.97,48.97,30,0,RED INTERNET & PHONE CABLE U,1
35 - 39,NRW,52.96,52.96,118,0,VF CABLEMAX,0
30 - 34,KBW,39.99,39.99,30,1,RED INTERNET & PHONE CABLE U,1
30 - 34,KBW,44.99,44.99,162,0,GIGAZUHAUSE KABEL,1
35 - 39,NRW,44.98,44.98,30,0,VF RIP U-TREUE,1
60 - 64,NRW,44.98,44.98,30,0,VF CABLEMAX,1
25 - 29,NRW,34.99,34.99,30,0,RED INTERNET & PHONE CABLE U,1
30 - 34,NRW,44.98,44.98,30,0,VF CABLEMAX,0
50 - 54,NRW,39.99,39.99,30,1,VF RIP U-TREUE,0
65 - 69,NRW,44.98,44.98,30,0,3PLAY TREUE,0
65 - 69,NRW,70.98,49.99,30,0,RED INTERNET & PHONE CABLE U,0
70 - 74,KBW,29.99,29.99,699,0,VF RIP U-TREUE,0
25 - 29,KBW,48.97,48.97,30,0,VF CABLEMAX,0
60 - 64,KBW,54.95,47.96,90,0,VF CABLEMAX,0
18 - 24,NRW,44.98,44.98,30,0,VF CABLEMAX,0
70 - 74,NRW,52.29,44.97,674,0,GIGAZUHAUSE KABEL,0
60 - 64,NRW,66.96,32.99,536,0,VF RIP U-TREUE,1
80 and over,NRW,69.95,49.97,30,1,VF CABLEMAX,1
30 - 34,NRW,34.98,34.98,30,0,VF CABLEMAX,0
18 - 24,NRW,17.99,17.99,30,0,EAZY FLEX,1
18 - 24,NRW,38.98,38.98,30,0,RED INTERNET & PHONE CABLE U,1
80 and over,KBW,44.98,44.98,30,0,VF RIP U-TREUE,0
45 - 49,NRW,49.99,49.99,30,2,RED INTERNET & PHONE CABLE U,1
25 - 29,KBW,149.96,149.96,30,0,RED INTERNET & PHONE CABLE U,1
60 - 64,KBW,68.97,44.98,30,0,VF CABLEMAX,0
18 - 24,KBW,63.98,63.98,226,0,GIGAZUHAUSE KABEL,1
80 and over,KBW,50.98,29.99,30,0,RED INTERNET & PHONE CABLE U,0
65 - 69,NRW,54.97,44.98,30,0,VF CABLEMAX,0
35 - 39,HSN,44.98,44.98,30,0,RED INTERNET & PHONE CABLE U,0
35 - 39,HSN,39.98,39.98,268,1,VF CABLEMAX,1
45 - 49,HSN,20.9,20.9,30,0,1PLAY,0
30 - 34,KBW,37.99,37.99,30,0,VF RIP U-TREUE,1
55 - 59,HSN,149.96,149.96,24,0,RED INTERNET & PHONE CABLE U,1
45 - 49,NRW,29.99,29.99,30,0,VF RIP U-TREUE,0
55 - 59,KBW,50.98,29.99,30,0,RED INTERNET & PHONE CABLE U,0
70 - 74,NRW,44.97,39.98,368,0,GIGAZUHAUSE TREUE B,0
50 - 54,NRW,71.85,50.86,30,0,3PLAY HD BOX,0
18 - 24,KBW,59.99,59.99,169,0,GIGAZUHAUSE KABEL,1
35 - 39,KBW,64.97,43.98,30,0,VF RIP U-TREUE,1
30 - 34,NRW,39.99,39.99,30,0,RED INTERNET & PHONE CABLE U,1
65 - 69,NRW,37.98,22.99,198,0,GIGAZUHAUSE TREUE B,0
25 - 29,NRW,49.99,49.99,325,0,GIGAZUHAUSE CABLEMAX,1
55 - 59,KBW,49.99,49.99,30,0,VF RIP U-TREUE,1
40 - 44,NRW,49.99,49.99,337,0,GIGAZUHAUSE KABEL,0
45 - 49,KBW,44.98,44.98,30,0,RED INTERNET & PHONE CABLE U,1
40 - 44,KBW,54.99,54.99,30,0,RED INTERNET & PHONE CABLE U,1
45 - 49,KBW,53.98,53.98,30,0,RED INTERNET & PHONE CABLE U,1
55 - 59,NRW,54.98,54.98,30,0,GIGAZUHAUSE KABEL,1
65 - 69,NRW,47.86,42.87,30,0,3PLAY,0
75 - 79,NRW,50.71,29.72,30,0,RED INTERNET & PHONE CABLE U,0
60 - 64,KBW,29.99,29.99,356,0,GIGAZUHAUSE TREUE C,0
30 - 34,HSN,129.96,129.96,30,0,RED INTERNET & PHONE CABLE U,0
30 - 34,KBW,54.97,44.98,73,3,RED INTERNET & PHONE CABLE U,1
35 - 39,NRW,32.99,32.99,354,2,GIGAZUHAUSE TREUE B,0
30 - 34,KBW,41.98,41.98,30,0,VF RIP U-TREUE,1
45 - 49,KBW,49.99,49.99,30,0,GIGAZUHAUSE KABEL,1
25 - 29,HSN,44.98,44.98,52,0,RED INTERNET & PHONE CABLE U,1
55 - 59,KBW,64.96,39.98,172,0,GIGAZUHAUSE TREUE B,1
50 - 54,NRW,59.99,59.99,322,0,GIGAZUHAUSE KABEL,0
25 - 29,KBW,44.98,44.98,30,0,VF CABLEMAX,0
55 - 59,NRW,88.78,62.8,30,0,3PLAY FLY,1
65 - 69,KBW,44.98,44.98,30,3,RED INTERNET & PHONE CABLE U,1
30 - 34,KBW,54.99,54.99,30,0,RED INTERNET & PHONE CABLE U,0
80 and over,NRW,45.99,39.99,30,0,VF RIP U-TREUE,1
35 - 39,HSN,37.99,37.99,30,0,VF RIP U-TREUE,0
70 - 74,KBW,74.97,49.99,30,0,RED INTERNET & PHONE CABLE U,0
50 - 54,HSN,34.99,34.99,333,0,GIGAZUHAUSE TREUE C,1
25 - 29,KBW,44.98,44.98,30,0,VF CABLEMAX,1
35 - 39,NRW,34.99,34.99,30,0,RED INTERNET & PHONE CABLE U,0
35 - 39,NRW,54.98,54.98,30,0,GIGAZUHAUSE KABEL,0
30 - 34,NRW,34.99,34.99,30,0,RED INTERNET & PHONE CABLE U,0
60 - 64,KBW,39.99,39.99,30,0,VF RIP U-TREUE,0
30 - 34,KBW,39.99,39.99,54,0,VF CABLEMAX,1
30 - 34,HSN,57.98,52.99,30,0,RED INTERNET & PHONE CABLE U,0
25 - 29,HSN,38.98,38.98,30,0,RED INTERNET & PHONE CABLE U,1
35 - 39,NRW,49.97,49.97,30,0,VF CABLEMAX,1
70 - 74,HSN,55.96,35.97,30,0,GIGAZUHAUSE KABEL,0
55 - 59,NRW,44.97,44.97,59,0,VF CABLEMAX,0
55 - 59,NRW,32.95,32.95,30,0,RED INTERNET & PHONE CABLE U,0
55 - 59,KBW,42.98,37.98,307,0,GIGAZUHAUSE KABEL,1
65 - 69,KBW,44.98,44.98,96,0,VF CABLEMAX,1
18 - 24,HSN,59.99,59.99,141,0,GIGAZUHAUSE KABEL,1
45 - 49,KBW,269.9,209.96,30,0,RED INTERNET & PHONE CABLE U,1
40 - 44,NRW,34.99,34.99,30,0,RED INTERNET & PHONE CABLE U,0
75 - 79,KBW,42.97,42.97,30,0,RED INTERNET & PHONE CABLE U,1
55 - 59,NRW,68.95,47.96,30,0,3PLAY START,0
35 - 39,KBW,39.99,39.99,148,0,VF CABLEMAX,0
35 - 39,NRW,34.99,34.99,30,0,RED INTERNET & PHONE CABLE U,0
25 - 29,NRW,34.99,34.99,30,0,RED INTERNET & PHONE CABLE U,1
30 - 34,NRW,54.98,54.98,30,0,VF RIP U-TREUE,1
40 - 44,HSN,39.99,39.99,30,1,VF RIP U-TREUE,1
65 - 69,NRW,29.98,29.98,30,0,VF CABLEMAX,0
30 - 34,NRW,49.99,49.99,30,0,RED INTERNET & PHONE CABLE U,1
50 - 54,NRW,86.97,58.98,30,0,3PLAY JUMP,1
60 - 64,HSN,61.96,44.98,30,0,VF CABLEMAX,0
45 - 49,KBW,39.99,39.99,30,0,RED INTERNET & PHONE CABLE U,0
25 - 29,HSN,37.99,37.99,30,0,VF RIP U-TREUE,1
35 - 39,NRW,34.99,34.99,74,0,RED INTERNET & PHONE CABLE U,1
65 - 69,HSN,83.22,57.86,30,0,3PLAY PREMIUM,1
60 - 64,KBW,61.94,29.98,365,4,GIGAZUHAUSE TREUE C,1
35 - 39,KBW,44.97,44.97,30,0,RED INTERNET & PHONE CABLE U,1
30 - 34,KBW,47.98,47.98,632,0,GIGAZUHAUSE KABEL,0
75 - 79,HSN,54.98,34.99,30,0,RED INTERNET & PHONE CABLE U,0
60 - 64,NRW,29.99,29.99,30,0,VF RIP U-TREUE,0
25 - 29,HSN,53.98,53.98,193,0,GIGAZUHAUSE KABEL,1
55 - 59,KBW,48.96,38.98,580,0,RED INTERNET & PHONE CABLE U,0
60 - 64,KBW,62.98,37.99,30,0,VF RIP U-TREUE,1
55 - 59,NRW,47.99,47.99,30,0,GIGAZUHAUSE KABEL,0
35 - 39,NRW,42.97,42.97,30,0,RED INTERNET & PHONE CABLE U,1
35 - 39,NRW,64.95,44.98,30,0,VF CABLEMAX,0
30 - 34,KBW,39.98,39.98,225,0,GIGAZUHAUSE KABEL,1
55 - 59,KBW,42.97,42.97,30,0,RED INTERNET & PHONE CABLE U,0
30 - 34,KBW,43.97,43.97,86,0,VF CABLEMAX,1
55 - 59,KBW,54.99,54.99,30,0,RED INTERNET & PHONE CABLE U,0
40 - 44,NRW,38.98,38.98,30,0,RED INTERNET & PHONE CABLE U,1
40 - 44,KBW,34.98,34.98,30,0,VF RIP U-TREUE,1
30 - 34,HSN,49.99,49.99,30,1,GIGAZUHAUSE KABEL,0
80 and over,NRW,60.91,52.93,30,0,3PLAY PLUS MTA,1
40 - 44,KBW,32.99,32.99,30,0,VF RIP U-TREUE,1
45 - 49,KBW,42.99,42.99,144,0,GIGAZUHAUSE TREUE C,1
30 - 34,NRW,38.98,38.98,30,0,RED INTERNET & PHONE CABLE U,0
50 - 54,HSN,76.63,48.64,30,0,3PLAY PLUS,1
40 - 44,HSN,71.94,29.99,30,0,VF RIP U-TREUE,0
60 - 64,NRW,45.86,45.86,30,2,3PLAY HD BOX,1
35 - 39,KBW,49.99,49.99,30,0,GIGAZUHAUSE KABEL,1
75 - 79,HSN,39.99,39.99,30,0,2PLAY,1
25 - 29,KBW,19.99,19.99,30,0,EAZY,1
65 - 69,HSN,0.0,0.0,30,0,MMA,0
80 and over,KBW,29.8,27.8,30,0,GIGAZUHAUSE KABEL,0
25 - 29,KBW,42.97,42.97,395,0,GIGAZUHAUSE KABEL,0
80 and over,KBW,42.98,42.98,30,0,2PLAY PLUS,1
45 - 49,KBW,44.99,44.99,208,0,GIGAZUHAUSE KABEL,0
60 - 64,NRW,65.97,44.98,30,0,3PLAY TREUE HRZ,1
25 - 29,KBW,49.99,49.99,137,0,GIGAZUHAUSE KABEL,1
60 - 64,KBW,33.74,33.74,30,0,RED INTERNET & PHONE CABLE U,0
35 - 39,NRW,29.99,29.99,30,0,2PLAY START,1
30 - 34,NRW,39.99,39.99,30,0,VF RIP U-TREUE,1
30 - 34,KBW,62.98,62.98,292,0,GIGAZUHAUSE KABEL,0
60 - 64,KBW,44.97,44.97,30,0,GIGAZUHAUSE KABEL,0
50 - 54,KBW,44.98,44.98,30,0,VF CABLEMAX,1
35 - 39,KBW,39.99,39.99,30,0,RED INTERNET & PHONE CABLE U,0
25 - 29,KBW,37.98,37.98,212,0,GIGAZUHAUSE TREUE B,1
35 - 39,NRW,32.98,32.98,324,0,GIGAZUHAUSE TREUE C,1
80 and over,NRW,34.99,34.99,30,0,RED INTERNET & PHONE CABLE U,1
55 - 59,KBW,42.97,42.97,30,0,RED INTERNET & PHONE CABLE U,1
75 - 79,NRW,24.99,24.99,116,0,VF RIP U-TREUE,1
40 - 44,KBW,0.0,0.0,30,0,MMA,0
30 - 34,NRW,49.99,49.99,30,0,GIGAZUHAUSE KABEL,0
35 - 39,HSN,37.99,37.99,30,0,VF RIP U-TREUE,1
25 - 29,NRW,44.98,44.98,30,0,RED INTERNET & PHONE CABLE U,1
80 and over,NRW,48.97,48.97,30,0,RED INTERNET & PHONE CABLE U,1
40 - 44,KBW,49.99,49.99,30,0,GIGAZUHAUSE KABEL,1
45 - 49,NRW,29.99,29.99,30,0,INTERNET PREMIUM,0
50 - 54,KBW,21.96,9.98,30,0,HSI HZ BOX ONLY,0
30 - 34,KBW,53.96,53.96,30,0,VF CABLEMAX,1
65 - 69,KBW,63.63,42.64,30,0,2PLAY,0
30 - 34,HSN,42.97,42.97,30,0,RED INTERNET & PHONE CABLE U,0
25 - 29,NRW,64.98,64.98,308,0,GIGAZUHAUSE KABEL,1
30 - 34,KBW,44.97,44.97,30,0,VF CABLEMAX,1
30 - 34,KBW,34.99,34.99,86,0,RED INTERNET & PHONE CABLE U,1
30 - 34,NRW,62.97,37.99,30,0,VF RIP U-TREUE,0
60 - 64,NRW,59.99,59.99,30,2,3PLAY FLY,1
55 - 59,HSN,35.97,35.97,240,0,GIGAZUHAUSE TREUE B,0
45 - 49,KBW,59.96,49.97,64,0,VF CABLEMAX,1
50 - 54,KBW,57.97,57.97,30,0,VF RIP U-TREUE,0
60 - 64,KBW,37.78,37.78,30,0,RED INTERNET & PHONE CABLE U,1
35 - 39,KBW,52.98,52.98,30,0,VF RIP U-TREUE,0
35 - 39,KBW,44.98,44.98,30,0,RED INTERNET & PHONE CABLE U,1
50 - 54,NRW,54.99,54.99,30,0,RED INTERNET & PHONE CABLE U,0
60 - 64,KBW,47.99,47.99,30,0,VF RIP U-TREUE,0
35 - 39,NRW,39.99,39.99,30,0,RED INTERNET & PHONE CABLE U,0
30 - 34,NRW,44.98,44.98,30,0,RED INTERNET & PHONE CABLE U,1
35 - 39,KBW,39.99,39.99,30,0,VF RIP U-TREUE,1
40 - 44,NRW,59.98,39.99,30,0,VF RIP U-TREUE,0
45 - 49,KBW,61.95,44.98,30,2,VF CABLEMAX,1
40 - 44,KBW,44.98,44.98,30,0,VF CABLEMAX,1
75 - 79,NRW,63.96,42.97,30,0,RED INTERNET & PHONE CABLE U,0
60 - 64,NRW,17.99,17.99,30,0,VF RIP U-TREUE,0
35 - 39,KBW,34.99,34.99,30,0,RED INTERNET & PHONE CABLE U,1
40 - 44,KBW,129.96,129.96,30,0,RED INTERNET & PHONE CABLE U,1
50 - 54,NRW,82.95,47.99,30,0,VF RIP U-TREUE,1
55 - 59,NRW,44.98,44.98,30,0,VF CABLEMAX,1
40 - 44,NRW,53.98,53.98,30,0,RED INTERNET & PHONE CABLE U,0
35 - 39,HSN,55.97,34.98,30,1,VF RIP U-TREUE,0
70 - 74,NRW,32.97,32.97,30,0,2PLAY TREUE,0
55 - 59,NRW,19.99,19.99,30,0,EAZY,0
80 and over,KBW,55.35,34.99,30,0,VF RIP U-TREUE,0
50 - 54,NRW,27.99,24.99,30,0,RED INTERNET & PHONE CABLE U,0
25 - 29,KBW,39.99,39.99,30,0,RED INTERNET & PHONE CABLE U,1
30 - 34,HSN,44.98,44.98,30,0,RED INTERNET & PHONE CABLE U,1
60 - 64,KBW,49.99,49.99,116,0,GIGAZUHAUSE KABEL,1
40 - 44,HSN,49.97,49.97,30,0,RED INTERNET & PHONE CABLE U,0
18 - 24,NRW,52.98,52.98,324,0,GIGAZUHAUSE CABLEMAX,0
45 - 49,KBW,49.99,49.99,30,0,GIGAZUHAUSE KABEL,0
60 - 64,HSN,81.94,44.97,136,0,GIGAZUHAUSE TREUE B,1
70 - 74,NRW,59.97,54.98,30,0,RED INTERNET & PHONE CABLE U,0
55 - 59,KBW,55.98,34.99,30,0,RED INTERNET & PHONE CABLE U,1
18 - 24,NRW,44.98,44.98,35,0,VF CABLEMAX,1
60 - 64,KBW,65.95,39.99,455,0,RED INTERNET & PHONE CABLE U,0
65 - 69,KBW,54.96,29.98,176,1,GIGAZUHAUSE TREUE B,1
18 - 24,NRW,34.99,34.99,143,0,GIGAZUHAUSE KABEL,1
80 and over,KBW,32.97,22.99,459,0,GIGAZUHAUSE TREUE B,0
55 - 59,NRW,71.41,40.43,30,0,GIGAZUHAUSE KABEL,0
30 - 34,KBW,48.97,48.97,30,0,VF CABLEMAX,0
30 - 34,NRW,34.99,34.99,63,0,RED INTERNET & PHONE CABLE U,1
30 - 34,NRW,69.41,48.42,30,0,3PLAY COMFORT,1
25 - 29,NRW,13.99,13.99,30,0,EAZY,0
65 - 69,KBW,109.96,109.96,30,0,VF RIP U-TREUE,0
25 - 29,HSN,19.99,29.99,79,0,RED INTERNET & PHONE CABLE U,1
45 - 49,NRW,68.94,43.97,155,0,GIGAZUHAUSE KABEL,0
55 - 59,KBW,44.98,44.98,30,0,RED INTERNET & PHONE CABLE U,1
30 - 34,NRW,44.98,44.98,103,0,VF CABLEMAX,1
30 - 34,NRW,39.98,39.98,137,0,GIGAZUHAUSE TREUE B,0
55 - 59,NRW,53.96,39.99,30,0,VF RIP U-TREUE,1
65 - 69,NRW,44.98,44.98,76,0,VF CABLEMAX,0
55 - 59,KBW,53.98,32.99,30,0,VF RIP U-TREUE,0
35 - 39,HSN,0.0,0.0,30,0,128KBIT,0
55 - 59,NRW,55.98,34.99,30,0,VF RIP U-TREUE,1
25 - 29,HSN,34.99,34.99,106,0,RED INTERNET & PHONE CABLE U,1
80 and over,KBW,195.58,153.6,30,0,2PLAY PLUS,1
30 - 34,NRW,39.99,39.99,30,0,RED INTERNET & PHONE CABLE U,1
40 - 44,KBW,39.99,39.99,30,0,VF RIP U-TREUE,0
18 - 24,KBW,37.98,37.98,381,0,GIGAZUHAUSE KABEL,0
65 - 69,KBW,62.96,47.99,520,0,VF RIP U-TREUE,1
70 - 74,KBW,44.98,44.98,30,0,RED INTERNET & PHONE CABLE U,1
35 - 39,NRW,44.98,44.98,30,0,VF CABLEMAX,1
50 - 54,KBW,39.99,39.99,30,0,RED INTERNET & PHONE CABLE U,0
80 and over,NRW,27.99,27.99,30,1,VF RIP U-TREUE,0
40 - 44,HSN,34.99,34.99,30,0,RED INTERNET & PHONE CABLE U,1
40 - 44,HSN,267.86,225.88,30,0,VF RIP U-TREUE,1
65 - 69,NRW,59.97,44.98,30,0,RED INTERNET & PHONE CABLE U,1
18 - 24,NRW,17.99,17.99,96,0,EAZY FLEX,1
45 - 49,HSN,54.99,54.99,99,4,RED INTERNET & PHONE CABLE U,0
80 and over,KBW,58.77,37.78,30,0,GIGAZUHAUSE KABEL,0
50 - 54,KBW,63.97,43.98,30,0,RED INTERNET & PHONE CABLE U,0
60 - 64,NRW,34.99,34.99,133,0,GIGAZUHAUSE KABEL,1
45 - 49,KBW,53.98,32.99,30,0,VF RIP U-TREUE,0
75 - 79,KBW,54.97,33.98,30,0,2PLAY,1
25 - 29,KBW,39.99,39.99,30,0,RED INTERNET & PHONE CABLE U,0
40 - 44,NRW,27.98,27.98,30,0,VF RIP U-TREUE,1
55 - 59,NRW,37.98,32.99,30,0,VF RIP U-TREUE,1
25 - 29,HSN,225.92,225.92,30,0,RED INTERNET & PHONE CABLE U,1
35 - 39,NRW,77.95,37.99,30,0,VF RIP U-TREUE,0
50 - 54,HSN,169.92,169.92,30,0,VF CABLEMAX,0
70 - 74,KBW,37.78,37.78,30,0,RED INTERNET & PHONE CABLE U,1
35 - 39,HSN,29.99,29.99,30,0,GIGAZUHAUSE KABEL,1
35 - 39,NRW,29.99,29.99,30,0,VF RIP U-TREUE,1
50 - 54,NRW,39.98,39.98,212,0,GIGAZUHAUSE TREUE C,0
35 - 39,NRW,34.99,34.99,30,0,RED INTERNET & PHONE CABLE U,1
30 - 34,KBW,42.98,42.98,73,0,VF RIP U-TREUE,0
50 - 54,KBW,49.97,49.97,30,0,VF CABLEMAX,0
25 - 29,NRW,49.99,49.99,400,0,GIGAZUHAUSE CABLEMAX,1
25 - 29,NRW,14.99,14.99,30,0,EAZY FLEX,1
60 - 64,NRW,32.99,32.99,30,0,VF RIP U-TREUE,1
40 - 44,KBW,45.38,45.38,30,0,3PLAY JUMP,0
55 - 59,KBW,49.99,49.99,30,0,RED INTERNET & PHONE CABLE U,0
45 - 49,HSN,49.97,49.97,30,0,VF CABLEMAX,0
40 - 44,HSN,55.98,34.99,30,0,RED INTERNET & PHONE CABLE U,1
18 - 24,NRW,9.98,0.0,652,0,MMA,1
50 - 54,NRW,49.97,39.98,30,0,VF CABLEMAX,1
65 - 69,NRW,68.98,47.99,30,0,GIGAZUHAUSE KABEL,0
40 - 44,NRW,24.99,24.99,30,0,2PLAY,0
25 - 29,HSN,44.99,44.99,155,0,GIGAZUHAUSE KABEL,1
65 - 69,HSN,79.97,79.97,30,0,RED INTERNET & PHONE CABLE U,0
30 - 34,HSN,88.95,54.99,197,0,RED INTERNET & PHONE CABLE U,0
55 - 59,NRW,69.94,39.99,656,0,RED INTERNET & PHONE CABLE U,0
50 - 54,NRW,49.98,44.99,221,0,GIGAZUHAUSE TREUE B,1
45 - 49,NRW,34.99,34.99,30,0,RED INTERNET & PHONE CABLE U,1
35 - 39,HSN,62.98,62.98,315,0,GIGAZUHAUSE KABEL,1
50 - 54,HSN,54.98,54.98,338,0,GIGAZUHAUSE KABEL,1
35 - 39,NRW,42.98,42.98,30,0,VF RIP U-TREUE,0
75 - 79,KBW,39.97,29.99,695,0,VF RIP U-TREUE,0
18 - 24,NRW,29.99,29.99,30,0,VF RIP U-TREUE,1
25 - 29,NRW,54.98,54.98,247,0,GIGAZUHAUSE KABEL,0
60 - 64,NRW,103.96,58.98,30,0,RED INTERNET & PHONE CABLE U,1
25 - 29,NRW,32.99,29.99,30,0,RED INTERNET & PHONE CABLE U,0
50 - 54,NRW,27.99,27.99,280,0,GIGAZUHAUSE TREUE B,0
25 - 29,NRW,39.98,39.98,30,0,VF CABLEMAX,1
60 - 64,NRW,44.98,29.99,30,0,VF RIP U-TREUE,0
45 - 49,NRW,34.99,34.99,30,0,RED INTERNET & PHONE CABLE U,1
30 - 34,NRW,44.98,44.98,54,0,RED INTERNET & PHONE CABLE U,1
60 - 64,KBW,49.99,49.99,30,0,GIGAZUHAUSE KABEL,0
60 - 64,KBW,78.93,57.94,30,0,3PLAY PREMIUM MTA,0
45 - 49,NRW,42.86,42.86,30,0,3PLAY,0
60 - 64,NRW,34.99,34.99,30,0,VF RIP U-TREUE,1
70 - 74,NRW,0.0,0.0,694,0,MMA,1
80 and over,KBW,52.98,32.99,30,0,VF RIP U-TREUE,0
45 - 49,NRW,53.98,53.98,42,0,VF RIP U-TREUE,0
60 - 64,KBW,24.99,24.99,30,0,RED INTERNET & PHONE CABLE U,0
70 - 74,KBW,52.78,50.78,30,0,3PLAY + PAY,1
30 - 34,NRW,29.99,29.99,30,0,RED INTERNET & PHONE CABLE U,0
60 - 64,NRW,29.99,29.99,30,0,RED INTERNET & PHONE CABLE U,1
60 - 64,NRW,80.98,59.99,30,0,3PLAY FLY,0
40 - 44,HSN,34.99,34.99,30,0,RED INTERNET & PHONE CABLE U,1
45 - 49,HSN,49.98,49.98,197,0,GIGAZUHAUSE TREUE B,1
45 - 49,KBW,89.96,64.98,152,0,GIGAZUHAUSE KABEL,1
50 - 54,KBW,70.98,49.99,30,0,GIGAZUHAUSE KABEL,0
18 - 24,NRW,44.98,44.98,93,0,VF CABLEMAX,1
45 - 49,KBW,29.99,29.99,30,0,VF RIP U-TREUE,0
65 - 69,NRW,56.84,35.85,30,1,3PLAY,1
45 - 49,KBW,29.99,29.99,263,0,GIGAZUHAUSE TREUE C,0
40 - 44,KBW,44.99,44.99,296,0,GIGAZUHAUSE TREUE B,0
25 - 29,NRW,39.99,39.99,30,0,RED INTERNET & PHONE CABLE U,0
75 - 79,KBW,35.74,25.76,546,0,2PLAY,1
50 - 54,NRW,32.99,32.99,161,0,GIGAZUHAUSE TREUE B,1
70 - 74,HSN,69.96,39.98,203,0,GIGAZUHAUSE KABEL,1
18 - 24,NRW,37.98,37.98,391,0,GIGAZUHAUSE KABEL,0
18 - 24,NRW,44.98,44.98,30,0,VF CABLEMAX,1
30 - 34,KBW,34.99,34.99,30,0,RED INTERNET & PHONE CABLE U,1
45 - 49,NRW,74.96,44.98,103,0,RED INTERNET & PHONE CABLE U,1
30 - 34,NRW,39.99,39.99,5,0,RED INTERNET & PHONE CABLE U,1
55 - 59,NRW,39.99,39.99,30,0,VF RIP U-TREUE,0
25 - 29,KBW,49.99,49.99,30,0,RED INTERNET & PHONE CABLE U,0
40 - 44,HSN,47.97,44.98,87,0,VF CABLEMAX,0
40 - 44,NRW,44.98,44.98,30,0,VF CABLEMAX,1
40 - 44,NRW,59.98,59.98,30,0,RED INTERNET & PHONE CABLE U,1
25 - 29,NRW,34.99,34.99,112,0,GIGAZUHAUSE KABEL,1
35 - 39,KBW,34.99,34.99,30,0,RED INTERNET & PHONE CABLE U,0
18 - 24,NRW,44.98,44.98,30,0,VF CABLEMAX,0
40 - 44,HSN,49.97,49.97,30,0,VF CABLEMAX,1
50 - 54,HSN,49.97,49.97,30,2,RED INTERNET & PHONE CABLE U,1
50 - 54,NRW,37.98,39.98,423,0,VF CABLEMAX,1
25 - 29,NRW,52.98,39.99,610,0,RED INTERNET & PHONE CABLE U,1
70 - 74,NRW,52.96,32.99,30,0,VF RIP U-TREUE,0
55 - 59,HSN,52.97,39.98,692,0,RED INTERNET & PHONE CABLE U,1
30 - 34,HSN,44.98,44.98,86,0,VF CABLEMAX,1
35 - 39,NRW,44.98,29.99,30,0,VF RIP U-TREUE,0
50 - 54,KBW,54.98,54.98,30,0,VF RIP U-TREUE,0
40 - 44,NRW,51.98,51.98,30,0,VF RIP U-TREUE,0
35 - 39,NRW,39.99,39.99,30,0,RED INTERNET & PHONE CABLE U,1
35 - 39,HSN,44.99,44.99,133,0,GIGAZUHAUSE KABEL,1
40 - 44,NRW,34.99,34.99,49,0,RED INTERNET & PHONE CABLE U,0
25 - 29,HSN,59.99,59.99,143,0,GIGAZUHAUSE KABEL,1
45 - 49,HSN,62.98,62.98,398,0,GIGAZUHAUSE KABEL,1
40 - 44,KBW,49.99,49.99,30,0,GIGAZUHAUSE KABEL,1
55 - 59,KBW,51.97,44.98,580,0,VF CABLEMAX,0
45 - 49,NRW,49.97,49.97,11,0,RED INTERNET & PHONE CABLE U,1
55 - 59,NRW,74.97,44.98,30,0,VF CABLEMAX,1
65 - 69,KBW,46.97,24.99,102,0,VF RIP U-TREUE,1
30 - 34,KBW,24.99,34.99,64,0,RED INTERNET & PHONE CABLE U,1
30 - 34,NRW,39.99,39.99,30,0,RED INTERNET & PHONE CABLE U,0
70 - 74,KBW,28.74,28.74,30,0,2PLAY,0
65 - 69,NRW,49.97,49.97,30,0,VF CABLEMAX,0
75 - 79,KBW,59.95,49.97,499,0,VF CABLEMAX,0
35 - 39,KBW,39.99,39.99,30,0,RED INTERNET & PHONE CABLE U,1
70 - 74,KBW,69.41,48.42,30,0,3PLAY COMFORT,0
50 - 54,KBW,47.99,47.99,30,0,VF RIP U-TREUE,0
40 - 44,NRW,44.98,44.98,30,1,RED INTERNET & PHONE CABLE U,1
55 - 59,KBW,116.92,44.98,30,0,VF CABLEMAX,0
25 - 29,NRW,44.98,44.98,30,0,VF CABLEMAX,1
25 - 29,NRW,44.99,44.99,177,0,GIGAZUHAUSE KABEL,1
55 - 59,HSN,62.98,62.98,365,2,GIGAZUHAUSE KABEL,1
80 and over,KBW,75.35,54.99,30,0,RED INTERNET & PHONE CABLE U,1
35 - 39,NRW,44.98,44.98,30,0,VF CABLEMAX,1
30 - 34,KBW,44.98,44.98,30,0,VF CABLEMAX,1
40 - 44,KBW,37.97,37.97,30,0,RED INTERNET & PHONE CABLE U,0
25 - 29,NRW,34.99,34.99,50,0,RED INTERNET & PHONE CABLE U,0
55 - 59,NRW,49.99,49.99,106,0,RED INTERNET & PHONE CABLE U,1
40 - 44,NRW,27.99,27.99,142,0,GIGAZUHAUSE TREUE B,1
40 - 44,KBW,34.99,34.99,30,0,RED INTERNET & PHONE CABLE U,0
60 - 64,HSN,29.99,29.99,362,1,GIGAZUHAUSE TREUE C,0
45 - 49,NRW,38.98,38.98,49,0,RED INTERNET & PHONE CABLE U,1
45 - 49,HSN,43.99,53.98,30,0,RED INTERNET & PHONE CABLE U,0
30 - 34,KBW,43.97,43.97,30,0,VF CABLEMAX,1
55 - 59,NRW,27.99,27.99,30,0,VF RIP U-TREUE,1
60 - 64,NRW,49.93,43.95,30,0,3PLAY SMART,0
25 - 29,KBW,44.99,44.99,108,0,GIGAZUHAUSE KABEL,1
50 - 54,NRW,72.97,42.99,322,3,GIGAZUHAUSE TREUE C,0
75 - 79,KBW,42.93,32.95,605,0,RED INTERNET & PHONE CABLE U,1
30 - 34,NRW,19.99,29.99,56,0,RED INTERNET & PHONE CABLE U,1
45 - 49,KBW,126.9,56.94,30,0,3PLAY PLUS MTA,0
75 - 79,NRW,37.96,37.96,30,0,RED INTERNET & PHONE CABLE U,0
18 - 24,NRW,39.99,39.99,30,0,RED INTERNET & PHONE CABLE U,1
30 - 34,NRW,64.97,54.99,637,0,RED INTERNET & PHONE CABLE U,0
60 - 64,KBW,37.78,37.78,30,0,RED INTERNET & PHONE CABLE U,0
40 - 44,KBW,17.99,17.99,30,0,EAZY FLEX,1
75 - 79,NRW,34.98,34.98,30,0,RED INTERNET & PHONE CABLE U,1
50 - 54,NRW,34.99,34.99,30,0,RED INTERNET & PHONE CABLE U,1
55 - 59,KBW,29.99,0.0,30,0,INTERNET START HZ TV,1
50 - 54,NRW,34.98,34.98,30,0,VF RIP U-TREUE,1
25 - 29,HSN,39.98,39.98,200,0,GIGAZUHAUSE KABEL,0
50 - 54,HSN,42.98,42.98,30,0,2PLAY PLUS,0
30 - 34,KBW,44.98,44.98,30,0,2PLAY COMFORT,0
70 - 74,NRW,60.98,39.99,30,0,VF RIP U-TREUE,0
40 - 44,NRW,41.98,34.99,30,0,VF RIP U-TREUE,0
60 - 64,HSN,54.97,44.98,30,1,VF CABLEMAX,0
70 - 74,HSN,43.89,22.9,30,0,1PLAY,0
25 - 29,HSN,58.98,58.98,30,0,RED INTERNET & PHONE CABLE U,1
55 - 59,NRW,42.97,42.97,259,0,GIGAZUHAUSE KABEL,1
75 - 79,HSN,29.97,19.99,567,0,TELEFON HSI,0
35 - 39,HSN,39.99,39.99,30,0,RED INTERNET & PHONE CABLE U,1
18 - 24,KBW,58.98,58.98,30,1,RED INTERNET & PHONE CABLE U,1
80 and over,NRW,29.99,29.99,30,0,VF RIP U-TREUE,0
55 - 59,KBW,19.99,19.99,30,0,1PLAY,0
80 and over,KBW,53.34,32.98,30,0,GIGAZUHAUSE KABEL,0
35 - 39,KBW,39.98,39.98,227,0,GIGAZUHAUSE TREUE B,0
30 - 34,NRW,37.98,37.98,30,0,VF RIP U-TREUE,1
45 - 49,NRW,29.99,29.99,243,0,GIGAZUHAUSE TREUE C,0
45 - 49,NRW,46.98,39.99,518,0,VF RIP U-TREUE,1
30 - 34,NRW,41.98,41.98,30,0,VF RIP U-TREUE,0
not available,HSN,0.0,0.0,30,0,MMA,0
65 - 69,NRW,43.84,38.84,30,0,3PLAY,0
60 - 64,NRW,24.99,24.99,30,0,RED INTERNET & PHONE CABLE U,1
30 - 34,KBW,81.93,46.97,529,0,VF CABLEMAX,1
80 and over,NRW,61.96,40.97,30,0,3PLAY SMART,1
60 - 64,KBW,44.98,44.98,30,1,RED INTERNET & PHONE CABLE U,1
80 and over,NRW,68.74,29.99,324,0,GIGAZUHAUSE TREUE C,0
30 - 34,KBW,24.99,24.99,167,0,GIGAZUHAUSE TREUE B,0
60 - 64,HSN,55.2,34.84,30,0,3PLAY,0
35 - 39,HSN,39.99,39.99,30,0,RED INTERNET & PHONE CABLE U,1
30 - 34,NRW,0.0,0.0,30,0,MMA,0
35 - 39,KBW,49.99,49.99,30,0,GIGAZUHAUSE KABEL,0
35 - 39,KBW,34.99,34.99,30,0,RED INTERNET & PHONE CABLE U,1
35 - 39,KBW,37.98,39.98,332,0,VF CABLEMAX,1
55 - 59,NRW,32.97,32.97,30,0,RED INTERNET & PHONE CABLE U,0
25 - 29,NRW,44.98,44.98,30,0,RED INTERNET & PHONE CABLE U,0
55 - 59,NRW,49.99,49.99,30,0,RED INTERNET & PHONE CABLE U,1
40 - 44,HSN,39.99,39.99,86,0,RED INTERNET & PHONE CABLE U,1
65 - 69,HSN,24.99,24.99,30,0,VF RIP U-TREUE,0
45 - 49,HSN,37.97,29.99,30,0,RED INTERNET & PHONE CABLE U,1
60 - 64,NRW,54.98,47.98,30,0,3PLAY PLUS,1
65 - 69,KBW,49.97,39.99,512,0,RED INTERNET & PHONE CABLE U,0
45 - 49,NRW,27.99,27.99,30,0,VF RIP U-TREUE,1
50 - 54,NRW,69.95,43.97,30,0,3PLAY TREUE,0
60 - 64,KBW,34.99,34.99,30,0,RED INTERNET & PHONE CABLE U,0
80 and over,KBW,49.99,49.99,30,0,RED INTERNET & PHONE CABLE U,0
30 - 34,NRW,49.99,49.99,109,0,VF RIP U-TREUE,1
45 - 49,HSN,44.99,44.99,30,0,RED INTERNET & PHONE CABLE U,1
75 - 79,KBW,72.96,42.98,107,0,VF RIP U-TREUE,0
30 - 34,NRW,59.98,59.98,30,0,RED INTERNET & PHONE CABLE U,0
35 - 39,HSN,39.99,39.99,30,0,RED INTERNET & PHONE CABLE U,1
40 - 44,KBW,85.97,54.99,30,0,RED INTERNET & PHONE CABLE U,0
50 - 54,KBW,42.97,42.97,30,0,VF RIP U-TREUE,1
40 - 44,NRW,32.99,32.99,149,0,GIGAZUHAUSE TREUE B,1
65 - 69,NRW,57.97,47.99,30,0,GIGAZUHAUSE KABEL,1
80 and over,KBW,43.72,33.74,499,0,RED INTERNET & PHONE CABLE U,0
50 - 54,NRW,73.93,44.98,609,0,RED INTERNET & PHONE CABLE U,1
60 - 64,NRW,72.97,37.99,94,0,VF RIP U-TREUE,0
45 - 49,NRW,44.98,29.99,30,1,GIGAZUHAUSE TREUE C,1
45 - 49,KBW,47.99,47.99,30,0,VF RIP U-TREUE,0
55 - 59,HSN,44.97,44.97,189,0,GIGAZUHAUSE KABEL,1
60 - 64,KBW,51.95,41.97,553,0,GIGAZUHAUSE TREUE B,1
50 - 54,KBW,39.99,39.99,30,0,RED INTERNET & PHONE CABLE U,1
50 - 54,KBW,58.34,50.86,696,0,3PLAY PLUS MTA,0
50 - 54,NRW,44.97,44.97,30,0,VF CABLEMAX,0
60 - 64,NRW,52.97,32.98,63,0,RIP CABLE U TREUE,0
25 - 29,KBW,39.98,39.98,135,0,GIGAZUHAUSE KABEL,1
40 - 44,NRW,39.99,39.99,30,0,VF RIP U-TREUE,1
40 - 44,KBW,99.95,69.97,137,0,GIGAZUHAUSE KABEL,1
30 - 34,HSN,49.99,49.99,52,0,VF RIP U-TREUE,1
25 - 29,HSN,39.98,39.98,156,0,GIGAZUHAUSE KABEL,1
30 - 34,KBW,47.99,47.99,30,1,VF RIP U-TREUE,1
80 and over,KBW,37.78,37.78,30,0,RED INTERNET & PHONE CABLE U,1
25 - 29,NRW,39.99,39.99,148,0,GIGAZUHAUSE KABEL,0
75 - 79,HSN,18.87,9.98,30,0,HSI HZ BOX ONLY,0
55 - 59,KBW,44.99,44.99,155,0,GIGAZUHAUSE TREUE B,0
55 - 59,NRW,25.87,25.87,30,0,INTERNET,0
40 - 44,HSN,44.98,44.98,30,0,RED INTERNET & PHONE CABLE U,1
50 - 54,NRW,70.33,49.97,30,0,VF CABLEMAX,0
30 - 34,NRW,44.98,44.98,30,0,VF CABLEMAX,0
35 - 39,KBW,47.97,47.97,30,0,2PLAY PLUS,0
30 - 34,NRW,39.98,39.98,30,0,RED INTERNET & PHONE CABLE U,1
60 - 64,KBW,49.97,49.97,30,0,RED INTERNET & PHONE CABLE U,1
40 - 44,KBW,24.99,24.99,266,0,GIGAZUHAUSE TREUE C,0
25 - 29,HSN,34.99,34.99,30,0,RED INTERNET & PHONE CABLE U,1
55 - 59,HSN,47.99,47.99,30,0,VF RIP U-TREUE,0
30 - 34,NRW,87.95,62.97,30,0,RED INTERNET & PHONE CABLE U,0
75 - 79,NRW,63.96,42.97,30,0,3PLAY START,1
40 - 44,NRW,54.98,54.98,339,1,GIGAZUHAUSE CABLEMAX,0
30 - 34,NRW,49.97,49.97,30,0,RED INTERNET & PHONE CABLE U,1
30 - 34,NRW,39.98,39.98,109,0,VF CABLEMAX,1
25 - 29,KBW,48.97,48.97,112,0,VF CABLEMAX,1
45 - 49,HSN,44.98,44.98,30,0,VF RIP U-TREUE,0
35 - 39,HSN,0.0,0.0,30,0,MMA,0
18 - 24,HSN,129.96,129.96,30,0,RED INTERNET & PHONE CABLE U,0
35 - 39,NRW,39.99,39.99,30,0,RED INTERNET & PHONE CABLE U,0
40 - 44,NRW,44.98,44.98,30,0,VF RIP U-TREUE,0
55 - 59,KBW,60.98,39.99,30,0,VF RIP U-TREUE,0
40 - 44,NRW,49.99,49.99,30,0,VF RIP U-TREUE,0
35 - 39,NRW,39.98,39.98,296,0,VF CABLEMAX,0
60 - 64,NRW,27.99,27.99,30,0,RED INTERNET & PHONE CABLE U,1
45 - 49,HSN,129.96,129.96,30,0,RED INTERNET & PHONE CABLE U,0
65 - 69,NRW,54.98,54.98,30,0,RED INTERNET & PHONE CABLE U,1
40 - 44,NRW,42.98,42.98,30,0,VF RIP U-TREUE,1
40 - 44,NRW,45.98,24.99,30,0,INTERNET COMFORT,0
50 - 54,KBW,42.97,42.97,369,0,GIGAZUHAUSE KABEL,0
40 - 44,NRW,52.97,27.99,130,0,VF RIP U-TREUE,1
45 - 49,HSN,34.99,34.99,105,0,RED INTERNET & PHONE CABLE U,1
45 - 49,HSN,44.98,44.98,88,0,VF CABLEMAX,1
80 and over,KBW,29.99,29.99,30,0,RED INTERNET & PHONE CABLE U,0
35 - 39,NRW,54.97,44.98,30,0,RED INTERNET & PHONE CABLE U,1
50 - 54,NRW,44.99,44.99,349,0,GIGAZUHAUSE TREUE B,0
50 - 54,HSN,42.98,42.98,30,0,VF RIP U-TREUE,0
35 - 39,KBW,49.99,49.99,30,0,GIGAZUHAUSE KABEL,0
45 - 49,NRW,87.96,54.99,105,0,RED INTERNET & PHONE CABLE U,1
25 - 29,NRW,44.98,44.98,30,0,VF CABLEMAX,1
75 - 79,NRW,69.97,54.98,30,0,GIGAZUHAUSE KABEL,1
35 - 39,HSN,29.99,29.99,30,0,VF RIP U-TREUE,1
60 - 64,NRW,39.99,39.99,30,0,RED INTERNET & PHONE CABLE U,1
40 - 44,NRW,44.98,44.98,30,0,VF RIP U-TREUE,0
75 - 79,NRW,50.98,29.99,30,0,VF RIP U-TREUE,0
45 - 49,KBW,42.98,42.98,30,0,VF RIP U-TREUE,1
35 - 39,NRW,30.88,30.88,30,0,2PLAY,1
40 - 44,KBW,37.99,37.99,30,0,VF RIP U-TREUE,0
25 - 29,KBW,39.99,39.99,30,0,RED INTERNET & PHONE CABLE U,1
40 - 44,KBW,21.99,24.99,105,0,VF RIP U-TREUE,1
80 and over,KBW,45.99,34.99,30,0,VF RIP U-TREUE,0
30 - 34,KBW,44.99,44.99,167,0,GIGAZUHAUSE KABEL,0
60 - 64,NRW,44.98,44.98,30,0,RED INTERNET & PHONE CABLE U,1
40 - 44,NRW,32.99,32.99,30,0,VF RIP U-TREUE,0
80 and over,NRW,36.98,29.99,687,2,VF RIP U-TREUE,0
55 - 59,NRW,39.99,39.99,30,0,VF RIP U-TREUE,1
45 - 49,NRW,29.99,29.99,30,0,RED INTERNET & PHONE CABLE U,1
80 and over,KBW,37.98,37.98,296,0,GIGAZUHAUSE KABEL,0
60 - 64,NRW,63.97,42.98,30,0,VF RIP U-TREUE,1
30 - 34,NRW,44.98,44.98,30,0,RED INTERNET & PHONE CABLE U,1
55 - 59,HSN,52.93,40.95,30,0,3PLAY START,1
55 - 59,KBW,42.98,42.98,30,3,VF RIP U-TREUE,1
60 - 64,KBW,34.99,34.99,30,0,VF RIP U-TREUE,0
30 - 34,HSN,24.99,24.99,30,0,INTERNET COMFORT,1
18 - 24,NRW,37.98,37.98,319,0,GIGAZUHAUSE KABEL,0
40 - 44,KBW,47.96,37.98,550,0,GIGAZUHAUSE TREUE B,1
65 - 69,KBW,42.98,42.98,30,0,2PLAY PLUS,1
35 - 39,NRW,37.98,37.98,261,0,GIGAZUHAUSE TREUE B,0
50 - 54,HSN,48.98,48.98,30,0,RED INTERNET & PHONE CABLE U,1
60 - 64,HSN,53.97,39.98,663,0,VF CABLEMAX,1
25 - 29,NRW,39.99,39.99,88,0,RED INTERNET & PHONE CABLE U,0
50 - 54,HSN,37.98,37.98,270,0,GIGAZUHAUSE KABEL,1
30 - 34,NRW,29.99,29.99,30,0,INTERNET PREMIUM,1
55 - 59,KBW,68.95,37.98,327,0,GIGAZUHAUSE TREUE B,0
75 - 79,NRW,42.86,42.86,30,0,3PLAY,0
25 - 29,NRW,44.98,44.98,80,0,VF CABLEMAX,1
40 - 44,NRW,34.99,34.99,30,0,RED INTERNET & PHONE CABLE U,0
45 - 49,HSN,39.99,39.99,30,0,RED INTERNET & PHONE CABLE U,1
50 - 54,KBW,45.97,42.98,30,0,RED INTERNET & PHONE CABLE U,1
70 - 74,NRW,49.99,49.99,135,1,GIGAZUHAUSE KABEL,0
65 - 69,KBW,67.98,52.99,30,0,3PLAY TREUE GENRE,1
35 - 39,HSN,78.97,54.99,30,0,RED INTERNET & PHONE CABLE U,1
70 - 74,HSN,39.98,39.98,30,0,RED INTERNET & PHONE CABLE U,0
40 - 44,NRW,58.98,58.98,30,0,RED INTERNET & PHONE CABLE U,1
25 - 29,KBW,29.99,29.99,30,0,RED INTERNET & PHONE CABLE U,0
30 - 34,KBW,54.99,54.99,30,0,RED INTERNET & PHONE CABLE U,0
40 - 44,KBW,44.99,44.99,346,0,GIGAZUHAUSE TREUE B,0
60 - 64,NRW,60.98,39.99,30,0,RED INTERNET & PHONE CABLE U,1
30 - 34,NRW,42.98,42.98,30,0,VF RIP U-TREUE,0
70 - 74,NRW,69.93,49.99,30,0,GIGAZUHAUSE KABEL,1
55 - 59,NRW,42.97,42.97,383,1,GIGAZUHAUSE TREUE D,0
18 - 24,NRW,44.98,44.98,73,0,VF CABLEMAX,0
30 - 34,NRW,47.96,42.97,30,0,RED INTERNET & PHONE CABLE U,1
70 - 74,KBW,34.99,34.99,30,0,RED INTERNET & PHONE CABLE U,0
25 - 29,NRW,34.99,34.99,294,1,GIGAZUHAUSE TREUE C,0
25 - 29,KBW,44.98,44.98,30,0,VF CABLEMAX,1
60 - 64,NRW,44.98,44.98,30,0,VF CABLEMAX,0
30 - 34,NRW,44.98,44.98,85,0,VF CABLEMAX,0
25 - 29,KBW,44.98,44.98,30,0,RED INTERNET & PHONE CABLE U,1
30 - 34,NRW,62.98,32.99,30,0,VF RIP U-TREUE,0
40 - 44,NRW,57.48,44.98,668,0,VF CABLEMAX,0
18 - 24,NRW,49.97,49.97,56,0,RED INTERNET & PHONE CABLE U,1
30 - 34,KBW,34.99,37.99,47,0,VF RIP U-TREUE,1
35 - 39,KBW,49.99,49.99,30,0,GIGAZUHAUSE KABEL,1
45 - 49,NRW,39.99,39.99,30,0,RED INTERNET & PHONE CABLE U,0
80 and over,NRW,53.35,32.99,30,0,VF RIP U-TREUE,1
45 - 49,KBW,24.99,34.99,30,0,RED INTERNET & PHONE CABLE U,1
25 - 29,NRW,62.98,62.98,388,0,GIGAZUHAUSE KABEL,0
25 - 29,HSN,42.97,42.97,344,0,GIGAZUHAUSE KABEL,0
65 - 69,NRW,37.84,37.84,30,0,RED INTERNET & PHONE CABLE U,1
70 - 74,NRW,40.93,30.95,666,0,RED INTERNET & PHONE CABLE U,0
30 - 34,NRW,34.99,34.99,77,0,RED INTERNET & PHONE CABLE U,1
45 - 49,KBW,52.95,42.97,388,0,GIGAZUHAUSE KABEL,1
70 - 74,NRW,29.98,29.98,30,0,RED INTERNET & PHONE CABLE U,1
80 and over,KBW,35.26,14.9,30,0,2PLAY,0
40 - 44,KBW,54.96,44.98,30,0,VF RIP U-TREUE,0
30 - 34,KBW,24.99,24.99,703,0,INTERNET COMFORT,0
70 - 74,KBW,65.97,44.98,30,0,VF RIP U-TREUE,0
65 - 69,KBW,29.97,19.99,713,0,GIGAZUHAUSE KABEL,1
50 - 54,KBW,32.99,32.99,30,0,VF RIP U-TREUE,1
65 - 69,KBW,36.98,29.99,528,0,VF RIP U-TREUE,0
50 - 54,HSN,68.97,49.99,30,0,GIGAZUHAUSE KABEL,1
50 - 54,KBW,34.99,34.99,30,0,RED INTERNET & PHONE CABLE U,1
65 - 69,NRW,54.96,44.98,700,0,VF CABLEMAX,0
55 - 59,NRW,55.98,34.99,30,0,RED INTERNET & PHONE CABLE U,1
45 - 49,NRW,44.98,44.98,95,0,VF CABLEMAX,1
60 - 64,NRW,87.93,46.97,30,0,VF RIP U-TREUE,1
18 - 24,NRW,31.97,31.97,320,1,GIGAZUHAUSE TREUE D,1
30 - 34,NRW,44.98,44.98,115,0,VF CABLEMAX,1
60 - 64,HSN,29.97,19.99,486,0,TELEFON HSI,1
50 - 54,KBW,29.99,29.99,30,0,RED INTERNET & PHONE CABLE U,0
30 - 34,NRW,34.99,34.99,30,0,RED INTERNET & PHONE CABLE U,0
65 - 69,NRW,34.99,34.99,30,0,RED INTERNET & PHONE CABLE U,0
40 - 44,NRW,29.99,29.99,128,2,RED INTERNET & PHONE CABLE U,1
60 - 64,KBW,47.98,27.99,334,0,GIGAZUHAUSE TREUE B,0
65 - 69,KBW,49.97,39.99,678,0,RED INTERNET & PHONE CABLE U,0
65 - 69,NRW,76.76,43.42,30,0,GIGAZUHAUSE KABEL,1
50 - 54,NRW,49.97,49.97,30,0,VF CABLEMAX,0
40 - 44,KBW,49.99,49.99,30,0,RED INTERNET & PHONE CABLE U,1
25 - 29,NRW,49.98,49.98,318,0,GIGAZUHAUSE TREUE B,0
25 - 29,NRW,34.98,24.99,218,0,GIGAZUHAUSE KABEL,1
30 - 34,KBW,34.99,34.99,30,0,VF RIP U-TREUE,1
50 - 54,HSN,49.99,49.99,30,0,RED INTERNET & PHONE CABLE U,1
55 - 59,KBW,44.98,29.99,30,0,VF RIP U-TREUE,0
35 - 39,NRW,29.99,29.99,30,0,VF RIP U-TREUE,0
65 - 69,HSN,58.79,39.89,30,0,3PLAY,1
45 - 49,KBW,50.93,50.93,30,0,3PLAY PLUS MTA,1
55 - 59,KBW,65.34,44.98,30,0,VF CABLEMAX,1
80 and over,KBW,149.96,149.96,30,0,RED INTERNET & PHONE CABLE U,1
25 - 29,KBW,42.97,42.97,288,0,GIGAZUHAUSE TREUE D,1
30 - 34,HSN,44.97,44.97,337,0,GIGAZUHAUSE KABEL,0
40 - 44,NRW,52.93,52.93,30,0,3PLAY PLUS,0
80 and over,NRW,32.99,32.99,30,0,VF RIP U-TREUE,0
25 - 29,NRW,54.99,54.99,30,0,RED INTERNET & PHONE CABLE U,1
30 - 34,HSN,16.99,16.99,89,0,EAZY,1
55 - 59,KBW,64.97,44.98,123,0,VF CABLEMAX,0
80 and over,NRW,58.98,58.98,30,0,RED INTERNET & PHONE CABLE U,1
65 - 69,KBW,63.96,42.97,30,0,RED INTERNET & PHONE CABLE U,0
30 - 34,KBW,44.99,44.99,30,1,GIGAZUHAUSE TREUE,1
60 - 64,HSN,53.96,53.96,30,0,VF CABLEMAX,1
55 - 59,HSN,34.99,34.99,30,0,RED INTERNET & PHONE CABLE U,0
75 - 79,HSN,40.98,40.98,30,0,GIGAZUHAUSE KABEL,1
65 - 69,KBW,36.99,34.99,30,0,RED INTERNET & PHONE CABLE U,0
75 - 79,NRW,68.96,48.97,189,0,VF CABLEMAX,0
55 - 59,KBW,72.95,42.98,30,0,VF RIP U-TREUE,0
18 - 24,NRW,44.98,44.98,30,0,VF CABLEMAX,0
60 - 64,KBW,35.97,25.98,358,0,GIGAZUHAUSE TREUE B,0
70 - 74,KBW,60.98,39.99,30,0,VF RIP U-TREUE,0
30 - 34,NRW,38.96,34.97,74,0,VF CABLEMAX,1
50 - 54,NRW,67.92,44.97,613,0,VF CABLEMAX,0
35 - 39,NRW,49.97,39.99,30,0,VF RIP U-TREUE,1
35 - 39,NRW,52.97,42.98,30,0,VF RIP U-TREUE,1
55 - 59,NRW,44.97,44.97,115,0,VF CABLEMAX,1
55 - 59,HSN,51.65,44.65,30,0,3PLAY PLUS,0
25 - 29,KBW,39.98,39.98,30,0,RED INTERNET & PHONE CABLE U,1
25 - 29,NRW,52.98,52.98,303,0,GIGAZUHAUSE TREUE C,0
40 - 44,NRW,0.0,0.0,30,0,MMA,0
30 - 34,NRW,24.99,34.99,30,0,RED INTERNET & PHONE CABLE U,1
25 - 29,HSN,47.98,47.98,574,0,GIGAZUHAUSE KABEL,0
25 - 29,NRW,34.99,34.99,30,0,RED INTERNET & PHONE CABLE U,1
80 and over,HSN,29.72,29.72,30,0,RED INTERNET & PHONE CABLE U,1
50 - 54,NRW,34.98,34.98,22,0,VF RIP U-TREUE,0
60 - 64,KBW,69.96,44.98,30,0,RED INTERNET & PHONE CABLE U,1
75 - 79,KBW,29.99,29.99,30,0,VF RIP U-TREUE,1
40 - 44,NRW,34.99,34.99,30,0,RED INTERNET & PHONE CABLE U,1
65 - 69,HSN,28.99,34.99,664,0,RED INTERNET & PHONE CABLE U,0
55 - 59,KBW,30.88,30.88,30,0,RED INTERNET & PHONE CABLE U,0
65 - 69,HSN,34.99,34.99,30,0,RED INTERNET & PHONE CABLE U,1
18 - 24,HSN,17.99,17.99,33,0,EAZY FLEX,1
60 - 64,KBW,44.98,44.98,44,0,VF CABLEMAX,1
25 - 29,NRW,49.98,49.98,30,0,RED INTERNET & PHONE CABLE U,1
35 - 39,NRW,44.98,44.98,30,0,RED INTERNET & PHONE CABLE U,1
30 - 34,KBW,39.98,39.98,30,0,RED INTERNET & PHONE CABLE U,1
50 - 54,NRW,56.96,39.99,711,0,VF RIP U-TREUE,1
25 - 29,NRW,29.99,29.99,30,0,VF RIP U-TREUE,1
55 - 59,KBW,54.98,54.98,30,0,GIGAZUHAUSE KABEL,0
60 - 64,KBW,24.99,24.99,30,0,INTERNET COMFORT,1
50 - 54,KBW,44.99,44.99,361,0,GIGAZUHAUSE TREUE B,0
25 - 29,KBW,44.98,44.98,30,0,VF CABLEMAX,0
75 - 79,KBW,49.73,28.74,30,0,2PLAY,1
50 - 54,HSN,58.98,58.98,30,0,RED INTERNET & PHONE CABLE U,1
30 - 34,NRW,24.99,24.99,232,0,GIGAZUHAUSE TREUE C,0
80 and over,NRW,45.36,25.0,30,0,RED INTERNET & PHONE CABLE U,0
65 - 69,KBW,53.95,32.96,30,0,GIGAZUHAUSE KABEL,1
40 - 44,NRW,22.99,22.99,180,0,EAZY,0
18 - 24,NRW,42.97,42.97,314,0,GIGAZUHAUSE KABEL,0
25 - 29,NRW,53.98,53.98,123,0,GIGAZUHAUSE KABEL,1
30 - 34,NRW,24.99,24.99,312,2,GIGAZUHAUSE TREUE C,0
40 - 44,HSN,39.99,39.99,34,0,RED INTERNET & PHONE CABLE U,0
50 - 54,KBW,24.99,24.99,347,0,GIGAZUHAUSE TREUE C,0
30 - 34,KBW,24.99,34.99,65,0,RED INTERNET & PHONE CABLE U,1
40 - 44,KBW,32.99,32.99,30,0,VF RIP U-TREUE,0
80 and over,KBW,30.95,30.95,30,0,RED INTERNET & PHONE CABLE U,1
25 - 29,NRW,34.99,34.99,30,0,RED INTERNET & PHONE CABLE U,1
25 - 29,NRW,65.97,44.98,30,0,RED INTERNET & PHONE CABLE U,1
55 - 59,HSN,50.95,29.96,30,0,INTERNET,0
55 - 59,HSN,229.8,229.8,30,0,RED INTERNET & PHONE CABLE U,0
45 - 49,KBW,44.98,44.98,134,0,VF CABLEMAX,1
35 - 39,HSN,44.98,44.98,30,0,VF CABLEMAX,0
30 - 34,NRW,44.98,44.98,30,0,VF CABLEMAX,1
25 - 29,HSN,38.98,38.98,77,1,VF RIP U-TREUE,1
70 - 74,NRW,24.99,24.99,241,0,GIGAZUHAUSE TREUE C,1
18 - 24,NRW,44.98,44.98,30,0,RED INTERNET & PHONE CABLE U,1
40 - 44,NRW,39.99,39.99,30,0,RED INTERNET & PHONE CABLE U,1
35 - 39,HSN,13.99,13.99,30,0,EAZY,0
50 - 54,KBW,42.97,42.97,333,2,GIGAZUHAUSE TREUE D,0
25 - 29,NRW,27.99,27.99,183,0,GIGAZUHAUSE TREUE B,1
40 - 44,NRW,48.42,48.42,30,0,3PLAY COMFORT,1
55 - 59,NRW,44.98,34.99,138,0,RED INTERNET & PHONE CABLE U,1
80 and over,NRW,34.99,34.99,30,0,RED INTERNET & PHONE CABLE U,0
55 - 59,HSN,18.99,18.99,229,0,EAZY,0
70 - 74,KBW,33.74,33.74,30,0,2PLAY,1
25 - 29,NRW,34.99,34.99,136,0,GIGAZUHAUSE KABEL,1
40 - 44,HSN,26.99,29.99,49,0,VF RIP U-TREUE,1
55 - 59,HSN,39.98,39.98,30,0,VF CABLEMAX,0
65 - 69,NRW,47.97,44.98,30,0,VF CABLEMAX,0
70 - 74,KBW,42.64,42.64,30,0,2PLAY,1
40 - 44,HSN,42.97,42.97,30,0,VF RIP U-TREUE,0
30 - 34,NRW,39.99,39.99,70,0,RED INTERNET & PHONE CABLE U,1
65 - 69,KBW,94.93,59.97,129,0,GIGAZUHAUSE TREUE C,0
18 - 24,KBW,39.99,39.99,30,0,RED INTERNET & PHONE CABLE U,0
30 - 34,NRW,44.98,44.98,30,0,RED INTERNET & PHONE CABLE U,0
65 - 69,HSN,42.98,39.99,30,0,VF RIP U-TREUE,1
55 - 59,NRW,49.98,29.99,30,0,VF RIP U-TREUE,1
80 and over,NRW,44.65,44.65,30,0,3PLAY PLUS,1
50 - 54,NRW,24.99,24.99,30,0,VF RIP U-TREUE,0
60 - 64,NRW,52.98,52.98,30,0,VF RIP U-TREUE,1
55 - 59,HSN,19.99,29.99,126,0,RED INTERNET & PHONE CABLE U,1
40 - 44,KBW,54.98,54.98,30,0,GIGAZUHAUSE KABEL,0
35 - 39,NRW,24.99,24.99,30,0,INTERNET COMFORT,0
80 and over,KBW,19.99,19.99,30,0,TELEFON HSI,0
25 - 29,KBW,58.98,58.98,30,0,RED INTERNET & PHONE CABLE U,1
35 - 39,HSN,42.97,42.97,30,0,GIGAZUHAUSE KABEL,1
40 - 44,HSN,52.96,29.99,278,0,GIGAZUHAUSE TREUE C,0
75 - 79,KBW,37.78,32.78,30,0,RED INTERNET & PHONE CABLE U,0
35 - 39,NRW,22.98,22.98,255,0,GIGAZUHAUSE KABEL,1
45 - 49,KBW,44.98,44.98,182,0,VF CABLEMAX,1
65 - 69,KBW,76.31,55.95,30,0,3PLAY PLUS MTA,0
55 - 59,NRW,52.97,52.97,30,0,2PLAY FLY,0
60 - 64,KBW,81.77,50.78,30,0,3PLAY + PAY,1
35 - 39,NRW,34.99,34.99,172,0,GIGAZUHAUSE TREUE C,0
75 - 79,KBW,39.98,39.98,30,0,VF RIP U-TREUE,0
35 - 39,NRW,37.98,37.98,399,0,GIGAZUHAUSE KABEL,0
65 - 69,NRW,69.87,43.88,675,0,3PLAY SMART,0
35 - 39,KBW,65.97,44.98,30,0,VF RIP U-TREUE,0
18 - 24,KBW,17.99,17.99,30,0,EAZY FLEX,0
70 - 74,NRW,38.98,38.98,30,0,RED INTERNET & PHONE CABLE U,0
70 - 74,HSN,44.98,44.98,30,0,VF RIP U-TREUE,0
35 - 39,NRW,52.49,39.99,595,0,RED INTERNET & PHONE CABLE U,1
60 - 64,HSN,39.98,39.98,153,0,GIGAZUHAUSE KABEL,1
18 - 24,NRW,39.99,39.99,30,0,RED INTERNET & PHONE CABLE U,0
30 - 34,KBW,34.99,34.99,30,0,RED INTERNET & PHONE CABLE U,1
30 - 34,HSN,39.99,39.99,30,0,RED INTERNET & PHONE CABLE U,0
50 - 54,NRW,62.98,42.99,371,0,GIGAZUHAUSE TREUE C,1
60 - 64,HSN,37.98,37.98,292,0,GIGAZUHAUSE KABEL,1
65 - 69,HSN,49.97,39.98,127,0,VF CABLEMAX,0
40 - 44,NRW,17.97,17.97,30,0,GIGAZUHAUSE KABEL,1
25 - 29,NRW,34.99,34.99,88,0,RED INTERNET & PHONE CABLE U,1
40 - 44,NRW,62.97,37.99,143,0,VF RIP U-TREUE,0
65 - 69,NRW,44.98,44.98,30,0,VF CABLEMAX,1
65 - 69,NRW,64.97,39.99,30,0,VF RIP U-TREUE,1
40 - 44,NRW,37.99,37.99,30,0,VF RIP U-TREUE,0
70 - 74,HSN,32.99,32.99,263,0,GIGAZUHAUSE TREUE B,0
45 - 49,HSN,37.98,37.98,288,0,GIGAZUHAUSE KABEL,0
70 - 74,KBW,33.74,33.74,30,0,GIGAZUHAUSE KABEL,0
40 - 44,KBW,53.98,32.99,30,0,VF RIP U-TREUE,0
70 - 74,HSN,29.99,29.99,30,0,RED INTERNET & PHONE CABLE U,1
55 - 59,KBW,32.99,32.99,30,0,VF RIP U-TREUE,1
60 - 64,KBW,74.4,43.42,30,0,GIGAZUHAUSE KABEL,1
80 and over,NRW,40.99,34.99,369,0,GIGAZUHAUSE TREUE C,0
30 - 34,KBW,49.99,49.99,30,0,RED INTERNET & PHONE CABLE U,0
25 - 29,KBW,52.98,39.99,458,0,RED INTERNET & PHONE CABLE U,0
60 - 64,KBW,54.99,54.99,30,0,GIGAZUHAUSE KABEL,1
60 - 64,KBW,19.99,19.99,155,0,GIGAZUHAUSE TREUE C,1
30 - 34,NRW,29.99,29.99,31,0,VF RIP U-TREUE,1
80 and over,KBW,39.98,39.98,183,0,GIGAZUHAUSE KABEL,1
40 - 44,HSN,39.99,39.99,30,0,VF RIP U-TREUE,0
60 - 64,KBW,79.96,49.99,323,0,GIGAZUHAUSE KABEL,0
80 and over,NRW,44.98,44.98,30,0,VF CABLEMAX,1
60 - 64,HSN,39.99,39.99,30,0,RED INTERNET & PHONE CABLE U,0
25 - 29,NRW,62.98,62.98,398,0,GIGAZUHAUSE KABEL,1
45 - 49,KBW,42.98,42.98,30,0,VF RIP U-TREUE,0
25 - 29,KBW,58.98,58.98,30,0,RED INTERNET & PHONE CABLE U,1
50 - 54,NRW,29.99,34.99,30,0,VF RIP U-TREUE,1
25 - 29,NRW,54.99,54.99,30,0,RED INTERNET & PHONE CABLE U,1
35 - 39,HSN,39.98,39.98,169,1,GIGAZUHAUSE KABEL,1
60 - 64,KBW,111.94,44.98,30,0,VF CABLEMAX,0
18 - 24,KBW,17.99,17.99,30,0,EAZY FLEX,1
40 - 44,KBW,169.92,169.92,30,0,RED INTERNET & PHONE CABLE U,0
55 - 59,HSN,39.99,39.99,30,0,RED INTERNET & PHONE CABLE U,1
50 - 54,NRW,61.95,36.98,30,0,VF RIP U-TREUE,1
30 - 34,NRW,37.99,37.99,30,0,VF RIP U-TREUE,0
60 - 64,HSN,39.99,39.99,30,0,RED INTERNET & PHONE CABLE U,0
30 - 34,KBW,44.98,44.98,51,0,RED INTERNET & PHONE CABLE U,1
30 - 34,NRW,34.99,34.99,154,0,VF CABLEMAX,1
25 - 29,NRW,19.99,19.99,30,0,EAZY,1
50 - 54,KBW,49.97,49.97,30,0,VF CABLEMAX,1
55 - 59,KBW,84.93,47.97,30,0,VF RIP U-TREUE,1
45 - 49,KBW,39.98,39.98,310,0,VF CABLEMAX,0
30 - 34,KBW,39.98,39.98,30,0,RED INTERNET & PHONE CABLE U,1
50 - 54,NRW,26.99,29.99,66,0,VF RIP U-TREUE,1
50 - 54,NRW,72.96,62.98,385,0,GIGAZUHAUSE KABEL,1
55 - 59,KBW,47.96,47.96,30,0,RED INTERNET & PHONE CABLE U,0
30 - 34,HSN,39.99,39.99,30,0,VF RIP U-TREUE,1
60 - 64,NRW,29.98,29.98,241,0,GIGAZUHAUSE TREUE C,0
18 - 24,NRW,39.98,39.98,238,0,GIGAZUHAUSE KABEL,0
30 - 34,KBW,54.99,54.99,30,0,RED INTERNET & PHONE CABLE U,1
70 - 74,HSN,34.99,34.99,30,0,RED INTERNET & PHONE CABLE U,0
30 - 34,KBW,29.98,29.98,288,1,GIGAZUHAUSE TREUE C,0
55 - 59,NRW,86.94,49.97,72,0,VF CABLEMAX,0
45 - 49,NRW,52.96,52.96,108,0,VF CABLEMAX,0
18 - 24,KBW,39.98,39.98,182,0,GIGAZUHAUSE KABEL,1
25 - 29,KBW,44.98,44.98,30,0,RED INTERNET & PHONE CABLE U,1
50 - 54,HSN,63.98,63.98,114,0,GIGAZUHAUSE KABEL,1
55 - 59,HSN,39.99,39.99,30,0,RED INTERNET & PHONE CABLE U,0
30 - 34,KBW,44.98,44.98,28,0,VF CABLEMAX,1
50 - 54,NRW,69.97,39.99,30,0,VF RIP U-TREUE,1
18 - 24,NRW,34.99,34.99,30,0,RED INTERNET & PHONE CABLE U,1
45 - 49,KBW,84.96,84.96,30,0,VF CABLEMAX,0
55 - 59,NRW,114.91,49.99,94,0,VF RIP U-TREUE,0
30 - 34,KBW,58.98,58.98,30,0,RED INTERNET & PHONE CABLE U,1
65 - 69,NRW,74.96,44.98,30,0,VF CABLEMAX,1
80 and over,NRW,24.99,24.99,30,0,RED INTERNET & PHONE CABLE U,0
65 - 69,KBW,73.97,52.98,30,0,GIGAZUHAUSE KABEL,0
45 - 49,NRW,54.98,39.99,99,0,VF CABLEMAX,1
40 - 44,NRW,62.94,44.97,669,0,GIGAZUHAUSE TREUE B,1
30 - 34,NRW,34.97,24.99,30,0,VF RIP U-TREUE,1
30 - 34,HSN,39.99,39.99,30,0,RED INTERNET & PHONE CABLE U,0
45 - 49,KBW,34.98,34.98,354,0,GIGAZUHAUSE TREUE C,0
70 - 74,HSN,59.98,54.99,30,0,RED INTERNET & PHONE CABLE U,0
70 - 74,NRW,37.96,37.96,30,0,RED INTERNET & PHONE CABLE U,0
65 - 69,KBW,54.99,54.99,30,0,RED INTERNET & PHONE CABLE U,1
35 - 39,KBW,39.98,39.98,242,0,GIGAZUHAUSE KABEL,0
50 - 54,NRW,24.99,34.99,84,0,RED INTERNET & PHONE CABLE U,1
80 and over,KBW,34.99,34.99,30,0,VF RIP U-TREUE,0
25 - 29,HSN,39.98,39.98,213,0,GIGAZUHAUSE KABEL,0
70 - 74,NRW,62.95,44.98,690,0,VF CABLEMAX,0
60 - 64,NRW,92.95,37.99,30,0,VF RIP U-TREUE,1
60 - 64,NRW,44.98,44.98,30,0,RED INTERNET & PHONE CABLE U,0
60 - 64,NRW,54.97,29.99,20,0,VF RIP U-TREUE,0
55 - 59,KBW,67.97,37.99,30,0,VF RIP U-TREUE,0
35 - 39,NRW,59.99,59.99,171,0,GIGAZUHAUSE KABEL,1
45 - 49,KBW,48.97,48.97,30,1,VF CABLEMAX,1
55 - 59,NRW,34.99,34.99,30,0,RED INTERNET & PHONE CABLE U,1
80 and over,KBW,27.97,27.97,30,0,2PLAY TREUE,0
35 - 39,NRW,37.97,37.97,30,0,2PLAY JUMP,1
25 - 29,KBW,44.98,44.98,49,0,RED INTERNET & PHONE CABLE U,1
40 - 44,KBW,47.98,47.98,259,0,GIGAZUHAUSE KABEL,1
35 - 39,HSN,79.96,58.97,312,0,GIGAZUHAUSE TREUE C,1
40 - 44,NRW,50.96,42.98,30,0,VF RIP U-TREUE,1
50 - 54,KBW,24.49,24.99,625,0,GIGAZUHAUSE TREUE C,1
30 - 34,NRW,17.99,17.99,30,0,EAZY FLEX,0
40 - 44,KBW,149.96,149.96,30,0,2PLAY PLUS,1
35 - 39,NRW,44.98,44.98,56,0,RED INTERNET & PHONE CABLE U,1
55 - 59,KBW,25.95,25.95,30,0,2PLAY,0
60 - 64,NRW,81.94,42.98,101,0,VF RIP U-TREUE,0
40 - 44,KBW,44.98,44.98,30,0,VF CABLEMAX,1
65 - 69,HSN,54.99,54.99,30,0,RED INTERNET & PHONE CABLE U,0
55 - 59,KBW,57.96,42.97,296,3,GIGAZUHAUSE TREUE B,0
75 - 79,NRW,29.99,29.99,30,0,HSI HZ BOX ONLY,0
25 - 29,KBW,58.98,58.98,30,0,RED INTERNET & PHONE CABLE U,0
25 - 29,KBW,34.99,34.99,30,0,RED INTERNET & PHONE CABLE U,1
50 - 54,HSN,67.98,47.99,30,0,GIGAZUHAUSE KABEL,0
50 - 54,KBW,42.98,42.98,30,0,2PLAY PLUS,1
35 - 39,NRW,48.97,48.97,63,0,RED INTERNET & PHONE CABLE U,1
35 - 39,KBW,44.98,44.98,23,0,RED INTERNET & PHONE CABLE U,1
35 - 39,KBW,34.99,34.99,30,0,RED INTERNET & PHONE CABLE U,0
45 - 49,NRW,39.98,39.98,334,0,GIGAZUHAUSE TREUE B,0
55 - 59,NRW,41.98,37.99,617,0,VF RIP U-TREUE,0
40 - 44,KBW,59.98,59.98,30,0,RED INTERNET & PHONE CABLE U,1
45 - 49,NRW,43.98,43.98,30,0,RED INTERNET & PHONE CABLE U,1
55 - 59,KBW,29.99,29.99,30,0,RED INTERNET & PHONE CABLE U,1
60 - 64,NRW,44.98,34.99,30,0,RED INTERNET & PHONE CABLE U,1
25 - 29,KBW,48.97,38.98,30,0,RED INTERNET & PHONE CABLE U,0
55 - 59,NRW,60.96,47.97,30,0,VF RIP U-TREUE,0
30 - 34,NRW,44.98,44.98,98,0,VF CABLEMAX,1
50 - 54,KBW,80.94,49.97,30,0,RED INTERNET & PHONE CABLE U,1
65 - 69,NRW,48.97,32.99,283,0,GIGAZUHAUSE TREUE C,0
25 - 29,HSN,185.88,185.88,30,0,RED INTERNET & PHONE CABLE U,1
18 - 24,NRW,39.99,39.99,90,0,RED INTERNET & PHONE CABLE U,1
25 - 29,KBW,34.99,34.99,30,0,RED INTERNET & PHONE CABLE U,1
60 - 64,NRW,39.99,39.99,30,0,VF RIP U-TREUE,0
80 and over,KBW,63.33,42.97,30,0,RED INTERNET & PHONE CABLE U,0
40 - 44,HSN,39.99,39.99,30,0,VF RIP U-TREUE,1
35 - 39,KBW,59.98,39.99,30,0,VF RIP U-TREUE,1
35 - 39,NRW,49.97,49.97,30,0,VF CABLEMAX,1
55 - 59,NRW,24.99,24.99,303,0,GIGAZUHAUSE TREUE C,0
60 - 64,NRW,24.98,24.98,303,0,GIGAZUHAUSE TREUE C,0
30 - 34,NRW,44.98,44.98,30,0,RED INTERNET & PHONE CABLE U,1
55 - 59,KBW,42.98,29.99,64,0,RIP CABLE U TREUE,0
50 - 54,KBW,27.99,27.99,292,0,GIGAZUHAUSE TREUE B,0
50 - 54,NRW,68.88,64.98,30,0,TREUEPLUS,0
65 - 69,HSN,66.96,29.99,30,0,VF RIP U-TREUE,0
35 - 39,KBW,49.99,49.99,30,0,VF RIP U-TREUE,0
50 - 54,KBW,44.98,44.98,21,0,VF CABLEMAX,0
25 - 29,NRW,67.95,44.97,702,0,VF CABLEMAX,1
75 - 79,NRW,54.96,44.98,654,0,RED INTERNET & PHONE CABLE U,0
40 - 44,NRW,42.97,42.97,30,0,3PLAY START,0
25 - 29,KBW,29.99,29.99,367,0,GIGAZUHAUSE TREUE C,0
50 - 54,KBW,29.99,29.99,30,0,VF RIP U-TREUE,1
60 - 64,NRW,52.98,39.99,583,0,RED INTERNET & PHONE CABLE U,1
70 - 74,KBW,49.99,49.99,343,0,GIGAZUHAUSE TREUE C,1
35 - 39,KBW,61.96,42.97,30,0,RED INTERNET & PHONE CABLE U,0
30 - 34,HSN,34.99,34.99,30,0,RED INTERNET & PHONE CABLE U,1
75 - 79,KBW,11.98,11.98,30,0,EAZY,0
40 - 44,NRW,49.97,49.97,30,0,RED INTERNET & PHONE CABLE U,1
25 - 29,NRW,43.97,43.97,177,0,GIGAZUHAUSE KABEL,0
50 - 54,KBW,24.99,24.99,30,0,INTERNET COMFORT,0
35 - 39,NRW,44.98,44.98,30,0,VF CABLEMAX,0
60 - 64,KBW,74.95,44.97,173,0,GIGAZUHAUSE TREUE B,0
25 - 29,KBW,34.99,34.99,30,0,RED INTERNET & PHONE CABLE U,1
70 - 74,HSN,36.94,36.94,30,0,2PLAY TREU,0
80 and over,NRW,49.96,39.98,497,0,GIGAZUHAUSE KABEL,0
25 - 29,NRW,39.99,39.99,87,0,RED INTERNET & PHONE CABLE U,0
55 - 59,NRW,49.97,49.97,30,0,VF CABLEMAX,1
35 - 39,KBW,37.99,37.99,30,0,VF RIP U-TREUE,0
80 and over,KBW,51.76,51.76,30,0,2PLAY,1
35 - 39,HSN,189.96,189.96,30,0,RED INTERNET & PHONE CABLE U,1
55 - 59,HSN,24.99,24.99,30,0,VF RIP U-TREUE,0
40 - 44,NRW,59.98,49.99,30,0,RED INTERNET & PHONE CABLE U,1
55 - 59,KBW,61.46,46.47,30,0,VF CABLEMAX,0
30 - 34,HSN,34.99,34.99,80,2,RED INTERNET & PHONE CABLE U,1
35 - 39,KBW,34.99,34.99,30,0,RED INTERNET & PHONE CABLE U,0
18 - 24,KBW,63.98,63.98,177,0,GIGAZUHAUSE KABEL,1
55 - 59,KBW,64.98,49.99,67,0,VF RIP U-TREUE,1
70 - 74,HSN,39.98,39.98,30,0,RED INTERNET & PHONE CABLE U,0
35 - 39,NRW,32.99,32.99,30,0,VF RIP U-TREUE,0
45 - 49,HSN,32.99,32.99,30,0,VF RIP U-TREUE,1
40 - 44,KBW,44.98,44.98,30,0,VF CABLEMAX,1
50 - 54,NRW,44.98,44.98,30,0,VF CABLEMAX,1
60 - 64,KBW,161.92,161.92,30,0,2PLAY PLUS,1
60 - 64,NRW,24.97,39.98,303,0,GIGAZUHAUSE KABEL,0
60 - 64,NRW,47.97,47.97,30,0,VF RIP U-TREUE,0
50 - 54,NRW,84.94,42.97,333,0,GIGAZUHAUSE TREUE B,0
65 - 69,KBW,47.96,47.96,30,0,GIGAZUHAUSE KABEL,0
45 - 49,KBW,69.98,49.99,423,0,VF RIP U-TREUE,0
30 - 34,NRW,19.99,19.99,131,0,RED INTERNET & PHONE CABLE U,1
35 - 39,NRW,69.97,49.98,30,0,TREUEPLUS,1
50 - 54,KBW,32.97,32.97,30,0,GIGAZUHAUSE KABEL,0
65 - 69,NRW,32.99,32.99,30,0,VF RIP U-TREUE,0
25 - 29,NRW,49.97,49.97,108,0,VF CABLEMAX,1
25 - 29,NRW,47.98,47.98,339,0,GIGAZUHAUSE KABEL,0
40 - 44,NRW,34.99,34.99,30,0,RED INTERNET & PHONE CABLE U,1
45 - 49,NRW,39.99,39.99,30,0,RED INTERNET & PHONE CABLE U,0
35 - 39,NRW,42.97,42.97,257,0,GIGAZUHAUSE KABEL,1
30 - 34,HSN,42.99,42.99,30,0,VF RIP U-TREUE,1
45 - 49,KBW,60.98,39.99,30,0,RED INTERNET & PHONE CABLE U,0
50 - 54,KBW,49.99,49.99,30,0,VF RIP U-TREUE,0
40 - 44,NRW,60.97,34.99,30,0,RED INTERNET & PHONE CABLE U,0
75 - 79,NRW,58.98,63.98,128,0,GIGAZUHAUSE KABEL,1
35 - 39,KBW,39.98,39.98,351,1,VF CABLEMAX,0
65 - 69,NRW,29.99,29.99,30,0,VF RIP U-TREUE,0
40 - 44,NRW,39.99,39.99,30,0,RED INTERNET & PHONE CABLE U,1
18 - 24,NRW,39.98,39.98,253,0,VF CABLEMAX,1
35 - 39,NRW,43.98,43.98,30,0,RED INTERNET & PHONE CABLE U,0
25 - 29,NRW,54.99,54.99,30,0,RED INTERNET & PHONE CABLE U,1
30 - 34,HSN,29.98,0.0,30,0,HSI HZ BOX ONLY,1
50 - 54,HSN,60.96,44.97,337,0,RED INTERNET & PHONE CABLE U,0
60 - 64,KBW,65.97,44.98,30,0,VF CABLEMAX,1
30 - 34,HSN,44.98,44.98,87,0,RED INTERNET & PHONE CABLE U,1
40 - 44,KBW,169.92,169.92,30,0,VF CABLEMAX,0
30 - 34,KBW,44.99,44.99,122,0,GIGAZUHAUSE KABEL,1
45 - 49,KBW,42.98,42.98,30,0,VF RIP U-TREUE,0
50 - 54,KBW,42.99,42.99,205,0,GIGAZUHAUSE TREUE C,0
65 - 69,HSN,49.99,49.99,30,0,RED INTERNET & PHONE CABLE U,1
45 - 49,NRW,37.99,37.99,30,0,VF RIP U-TREUE,1
75 - 79,NRW,29.99,29.99,114,0,VF RIP U-TREUE,1
45 - 49,KBW,49.99,49.99,30,0,GIGAZUHAUSE KABEL,1
25 - 29,HSN,42.97,42.97,172,0,GIGAZUHAUSE KABEL,1
60 - 64,NRW,91.92,49.99,112,0,VF RIP U-TREUE,0
70 - 74,NRW,64.27,44.88,30,0,3PLAY,0
40 - 44,KBW,63.96,42.97,30,0,RED INTERNET & PHONE CABLE U,1
65 - 69,KBW,48.97,38.98,123,1,RED INTERNET & PHONE CABLE U,1
80 and over,NRW,49.98,29.99,30,0,VF RIP U-TREUE,1
40 - 44,NRW,69.97,49.98,30,0,TREUEPLUS,1
25 - 29,NRW,29.99,29.99,30,0,INTERNET PREMIUM,0
35 - 39,NRW,47.97,37.98,256,0,GIGAZUHAUSE TREUE B,1
25 - 29,NRW,39.99,39.99,30,0,RED INTERNET & PHONE CABLE U,1
45 - 49,KBW,44.98,44.98,52,0,VF CABLEMAX,1
25 - 29,KBW,44.97,44.97,16,1,VF CABLEMAX,1
25 - 29,KBW,41.98,34.99,30,0,RED INTERNET & PHONE CABLE U,1
25 - 29,NRW,44.97,44.97,30,0,VF CABLEMAX,0
40 - 44,KBW,39.98,39.98,30,0,RED INTERNET & PHONE CABLE U,0
80 and over,NRW,64.98,44.99,400,0,GIGAZUHAUSE KABEL,0
60 - 64,HSN,69.98,54.98,30,0,2PLAY COMFORT,1
80 and over,KBW,95.56,95.56,30,0,2PLAY,0
50 - 54,KBW,34.99,34.99,130,0,GIGAZUHAUSE TREUE C,0
45 - 49,NRW,44.98,44.98,30,0,VF CABLEMAX,0
55 - 59,NRW,86.96,52.98,30,0,VF RIP U-TREUE,0
45 - 49,NRW,59.98,39.99,30,0,VF RIP U-TREUE,1
50 - 54,KBW,44.97,44.97,81,0,VF CABLEMAX,1
65 - 69,NRW,57.97,32.99,186,0,GIGAZUHAUSE TREUE B,1
30 - 34,NRW,39.99,39.99,30,2,RED INTERNET & PHONE CABLE U,1
70 - 74,HSN,73.97,37.99,52,0,VF RIP U-TREUE,1
70 - 74,KBW,60.98,47.99,692,0,GIGAZUHAUSE KABEL,0
50 - 54,KBW,71.33,45.97,30,0,3PLAY SMART,1
65 - 69,KBW,69.73,49.37,30,0,3PLAY JUMP,0
65 - 69,NRW,39.98,39.98,30,0,RED INTERNET & PHONE CABLE U,0
50 - 54,NRW,42.97,42.97,347,0,GIGAZUHAUSE KABEL,0
25 - 29,KBW,39.99,39.99,30,0,RED INTERNET & PHONE CABLE U,1
50 - 54,KBW,29.99,29.99,30,0,VF RIP U-TREUE,0
75 - 79,NRW,51.94,30.95,30,0,RED INTERNET & PHONE CABLE U,0
50 - 54,HSN,169.92,169.92,30,0,RED INTERNET & PHONE CABLE U,0
65 - 69,HSN,37.99,37.99,30,0,VF RIP U-TREUE,1
80 and over,HSN,75.34,54.98,30,0,GIGAZUHAUSE KABEL,1
50 - 54,HSN,29.99,29.99,30,0,RED INTERNET & PHONE CABLE U,0
65 - 69,KBW,36.68,36.68,30,0,2PLAY,1
55 - 59,NRW,77.97,42.99,297,0,GIGAZUHAUSE TREUE C,0
60 - 64,NRW,59.98,49.99,30,0,RED INTERNET & PHONE CABLE U,0
65 - 69,KBW,73.98,52.99,30,0,3PLAY TREUE GENRE,0
50 - 54,KBW,47.96,47.96,30,0,RED INTERNET & PHONE CABLE U,0
30 - 34,NRW,60.94,44.98,30,0,RED INTERNET & PHONE CABLE U,0
35 - 39,NRW,44.99,44.99,218,0,GIGAZUHAUSE KABEL,0
50 - 54,NRW,48.97,48.97,30,0,RED INTERNET & PHONE CABLE U,1
30 - 34,NRW,34.99,34.99,30,0,RED INTERNET & PHONE CABLE U,0
35 - 39,KBW,19.99,19.99,315,0,GIGAZUHAUSE KABEL,1
70 - 74,KBW,42.97,42.97,30,0,RED INTERNET & PHONE CABLE U,0
30 - 34,NRW,0.0,0.0,30,0,MMA,1
35 - 39,NRW,49.97,49.97,30,0,VF CABLEMAX,0
45 - 49,NRW,38.98,38.98,30,0,RED INTERNET & PHONE CABLE U,1
70 - 74,NRW,44.99,44.99,196,0,GIGAZUHAUSE TREUE B,1
70 - 74,NRW,56.95,29.99,30,0,VF RIP U-TREUE,0
75 - 79,NRW,44.98,44.98,30,0,RED INTERNET & PHONE CABLE U,1
60 - 64,KBW,34.98,34.98,30,0,VF RIP U-TREUE,0
40 - 44,HSN,54.98,54.98,30,0,GIGAZUHAUSE KABEL,0
40 - 44,HSN,44.98,44.98,30,0,VF CABLEMAX,0
65 - 69,NRW,37.98,37.98,30,0,2PLAY PLUS,0
55 - 59,KBW,44.98,44.98,30,0,RED INTERNET & PHONE CABLE U,1
25 - 29,NRW,58.98,58.98,30,0,RED INTERNET & PHONE CABLE U,0
60 - 64,NRW,70.36,49.37,30,0,3PLAY JUMP,0
65 - 69,NRW,39.98,39.98,273,0,GIGAZUHAUSE TREUE B,0
55 - 59,KBW,33.74,33.74,30,0,2PLAY,0
65 - 69,KBW,74.95,39.99,30,0,VF RIP U-TREUE,0
35 - 39,KBW,55.98,34.99,382,0,GIGAZUHAUSE TREUE C,0
30 - 34,KBW,44.98,44.98,30,0,RED INTERNET & PHONE CABLE U,1
45 - 49,NRW,91.96,54.98,316,0,VF RIP U-TREUE,1
65 - 69,NRW,0.0,0.0,30,0,MMA,0
50 - 54,NRW,39.99,39.99,106,0,VF CABLEMAX,1
25 - 29,KBW,209.96,209.96,30,0,RED INTERNET & PHONE CABLE U,1
70 - 74,KBW,68.98,47.99,30,0,VF RIP U-TREUE,1
35 - 39,NRW,39.98,39.98,30,0,VF CABLEMAX,1
25 - 29,KBW,54.99,54.99,30,0,RED INTERNET & PHONE CABLE U,1
35 - 39,NRW,29.99,29.99,30,0,RED INTERNET & PHONE CABLE U,1
35 - 39,NRW,49.99,49.99,30,0,GIGAZUHAUSE KABEL,0
35 - 39,KBW,52.95,52.95,30,0,GIGAZUHAUSE KABEL,1
50 - 54,KBW,37.99,37.99,30,0,VF RIP U-TREUE,1
50 - 54,NRW,27.99,27.99,30,0,RED INTERNET & PHONE CABLE U,0
40 - 44,KBW,74.96,44.98,30,0,VF RIP U-TREUE,1
35 - 39,NRW,44.98,44.98,30,0,VF CABLEMAX,1
35 - 39,NRW,54.99,54.99,59,0,RED INTERNET & PHONE CABLE U,1
30 - 34,NRW,44.98,44.98,102,0,VF CABLEMAX,1
35 - 39,KBW,105.97,87.98,30,0,2PLAY PLUS,1
30 - 34,NRW,24.99,24.99,30,0,INTERNET COMFORT,1
25 - 29,HSN,39.98,39.98,161,0,GIGAZUHAUSE KABEL,0
30 - 34,KBW,59.97,34.99,39,0,RED INTERNET & PHONE CABLE U,1
60 - 64,NRW,33.98,33.98,30,0,VF RIP U-TREUE,0
60 - 64,NRW,39.99,39.99,30,0,RED INTERNET & PHONE CABLE U,0
25 - 29,NRW,39.98,39.98,378,1,VF CABLEMAX,1
35 - 39,HSN,49.97,49.97,30,0,VF CABLEMAX,1
40 - 44,KBW,29.99,29.99,30,0,VF RIP U-TREUE,0
50 - 54,NRW,39.85,39.85,30,0,2PLAY,0
45 - 49,NRW,44.98,44.98,30,0,VF CABLEMAX,1
30 - 34,NRW,38.98,38.98,30,0,RED INTERNET & PHONE CABLE U,0
35 - 39,HSN,39.99,39.99,30,0,RED INTERNET & PHONE CABLE U,0
35 - 39,HSN,81.96,54.99,30,0,RED INTERNET & PHONE CABLE U,0
18 - 24,KBW,39.98,39.98,214,0,GIGAZUHAUSE KABEL,0
30 - 34,NRW,39.98,39.98,151,0,GIGAZUHAUSE KABEL,1
40 - 44,KBW,57.91,57.91,30,0,3PLAY PREMIUM,0
80 and over,KBW,34.98,25.0,535,0,RED INTERNET & PHONE CABLE U,0
35 - 39,NRW,62.97,37.99,30,0,VF RIP U-TREUE,1
30 - 34,NRW,34.99,34.99,30,0,RED INTERNET & PHONE CABLE U,1
70 - 74,NRW,32.97,37.97,30,0,RED INTERNET & PHONE CABLE U,0
35 - 39,KBW,48.97,48.97,30,0,VF CABLEMAX,0
55 - 59,NRW,48.42,48.42,30,0,3PLAY COMFORT,0
60 - 64,HSN,23.98,27.99,619,0,GIGAZUHAUSE TREUE B,0
30 - 34,NRW,69.97,39.99,60,3,VF CABLEMAX,0
25 - 29,HSN,69.98,59.99,221,1,GIGAZUHAUSE KABEL,1
25 - 29,NRW,34.99,34.99,58,0,RED INTERNET & PHONE CABLE U,1
40 - 44,NRW,49.97,49.97,30,0,VF CABLEMAX,0
50 - 54,HSN,74.96,54.99,106,0,RED INTERNET & PHONE CABLE U,1
30 - 34,NRW,47.99,47.99,30,0,VF RIP U-TREUE,1
75 - 79,NRW,65.34,44.98,30,0,VF CABLEMAX,0
60 - 64,NRW,70.33,39.98,91,0,VF RIP U-TREUE,0
55 - 59,NRW,34.99,34.99,30,0,RED INTERNET & PHONE CABLE U,0
50 - 54,NRW,42.98,42.98,30,0,VF RIP U-TREUE,0
70 - 74,NRW,55.98,34.99,30,3,VF RIP U-TREUE,0
70 - 74,KBW,30.95,30.95,30,0,RED INTERNET & PHONE CABLE U,1
60 - 64,HSN,37.99,37.99,30,0,VF RIP U-TREUE,0
45 - 49,NRW,39.99,39.99,30,0,VF RIP U-TREUE,0
40 - 44,NRW,38.36,38.36,30,0,3PLAY JUMP,0
not available,NRW,40.0,40.0,30,0,2PLAY PLUS,0
55 - 59,NRW,21.43,11.98,234,0,EAZY,0
25 - 29,NRW,44.98,44.98,30,0,VF CABLEMAX,0
45 - 49,HSN,49.95,34.99,699,0,VF RIP U-TREUE,0
70 - 74,NRW,74.94,44.98,500,0,3PLAY START,1
25 - 29,NRW,34.99,34.99,30,0,RED INTERNET & PHONE CABLE U,0
30 - 34,NRW,64.98,54.99,30,0,RED INTERNET & PHONE CABLE U,1
65 - 69,KBW,58.32,37.96,30,0,GIGAZUHAUSE KABEL,1
50 - 54,NRW,87.94,57.97,30,0,VF RIP U-TREUE,1
55 - 59,KBW,29.99,29.99,30,0,INTERNET PREMIUM,0
60 - 64,HSN,34.99,34.99,380,0,GIGAZUHAUSE KABEL,1
25 - 29,KBW,44.98,44.98,67,0,RED INTERNET & PHONE CABLE U,0
60 - 64,KBW,37.99,37.99,30,0,VF RIP U-TREUE,1
35 - 39,KBW,39.99,39.99,30,0,VF RIP U-TREUE,1
40 - 44,HSN,34.99,34.99,30,0,RED INTERNET & PHONE CABLE U,0
35 - 39,NRW,44.98,44.98,42,0,RED INTERNET & PHONE CABLE U,1
40 - 44,NRW,49.99,49.99,30,0,RED INTERNET & PHONE CABLE U,0
60 - 64,NRW,70.96,49.97,30,0,2PLAY COMFORT,0
40 - 44,KBW,49.97,49.97,30,0,RED INTERNET & PHONE CABLE U,1
30 - 34,KBW,39.99,39.99,30,0,VF RIP U-TREUE,1
30 - 34,KBW,44.98,44.98,74,0,VF CABLEMAX,1
40 - 44,KBW,79.94,44.98,84,0,VF CABLEMAX,0
40 - 44,KBW,32.99,32.99,30,0,VF RIP U-TREUE,1
40 - 44,NRW,69.96,44.98,30,0,VF CABLEMAX,0
30 - 34,KBW,49.96,39.98,677,0,GIGAZUHAUSE TREUE B,0
55 - 59,HSN,121.96,121.96,30,0,VF RIP U-TREUE,1
80 and over,NRW,79.96,37.99,189,0,VF RIP U-TREUE,1
65 - 69,KBW,60.98,39.99,30,0,VF RIP U-TREUE,0
18 - 24,NRW,48.97,48.97,30,0,VF CABLEMAX,0
40 - 44,KBW,54.99,54.99,14,0,RED INTERNET & PHONE CABLE U,1
80 and over,NRW,0.0,0.0,30,0,MMA,0
18 - 24,NRW,34.99,34.99,30,0,VF RIP U-TREUE,1
30 - 34,KBW,49.99,49.99,30,0,RED INTERNET & PHONE CABLE U,0
65 - 69,NRW,43.95,43.95,30,0,3PLAY SMART,0
40 - 44,NRW,24.89,24.89,30,0,1PLAY,0
40 - 44,NRW,24.99,24.99,30,0,INTERNET COMFORT,1
35 - 39,KBW,34.99,34.99,30,0,VF RIP U-TREUE,1
40 - 44,NRW,47.99,47.99,30,0,VF RIP U-TREUE,0
65 - 69,KBW,72.93,51.94,30,0,3PLAY PLUS MTA,1
50 - 54,NRW,47.96,47.96,175,0,GIGAZUHAUSE TREUE B,1
70 - 74,NRW,74.95,49.97,30,0,VF CABLEMAX,0
25 - 29,NRW,47.98,47.98,261,0,GIGAZUHAUSE KABEL,0
40 - 44,HSN,61.97,40.98,30,0,GIGAZUHAUSE KABEL,0
75 - 79,NRW,11.98,11.98,30,0,EAZY,0
55 - 59,NRW,29.98,29.98,274,0,GIGAZUHAUSE TREUE C,0
60 - 64,KBW,49.97,39.99,549,0,VF RIP U-TREUE,1
40 - 44,NRW,44.98,44.98,30,1,VF CABLEMAX,1
55 - 59,KBW,34.99,34.99,30,0,RED INTERNET & PHONE CABLE U,1
70 - 74,KBW,70.34,49.98,30,0,3PLAY TREUE,1
25 - 29,NRW,59.98,39.99,30,0,VF RIP U-TREUE,1
25 - 29,NRW,29.99,29.99,29,1,RED INTERNET & PHONE CABLE U,0
75 - 79,KBW,70.96,49.97,30,0,VF CABLEMAX,1
55 - 59,NRW,39.99,39.99,103,0,VF CABLEMAX,0
75 - 79,KBW,42.97,42.97,30,0,RED INTERNET & PHONE CABLE U,0
35 - 39,NRW,39.99,39.99,30,0,RED INTERNET & PHONE CABLE U,0
50 - 54,NRW,69.98,49.99,30,0,VF RIP U-TREUE,0
55 - 59,KBW,39.97,29.99,597,0,VF RIP U-TREUE,0
55 - 59,KBW,42.98,42.98,30,0,GIGAZUHAUSE KABEL,1
75 - 79,HSN,69.96,49.99,728,1,GIGAZUHAUSE TREUE C,1
80 and over,KBW,40.34,34.99,338,0,GIGAZUHAUSE KABEL,0
30 - 34,NRW,39.98,39.98,225,0,VF CABLEMAX,0
65 - 69,HSN,78.8,57.81,30,0,3PLAY FLY,1
25 - 29,NRW,44.99,44.99,118,0,GIGAZUHAUSE KABEL,1
30 - 34,KBW,44.98,44.98,30,0,VF CABLEMAX,1
40 - 44,HSN,0.0,0.0,30,0,MMA,0
70 - 74,NRW,66.89,45.9,30,0,3PLAY SMART,1
30 - 34,HSN,39.98,39.98,116,0,GIGAZUHAUSE KABEL,1
45 - 49,KBW,34.99,34.99,30,0,RED INTERNET & PHONE CABLE U,1
55 - 59,NRW,32.99,32.99,30,0,VF RIP U-TREUE,0
25 - 29,KBW,44.99,44.99,133,0,GIGAZUHAUSE KABEL,1
18 - 24,KBW,44.98,44.98,38,0,VF CABLEMAX,0
45 - 49,KBW,53.96,53.96,30,0,VF CABLEMAX,1
25 - 29,KBW,39.99,39.99,78,0,RED INTERNET & PHONE CABLE U,1
30 - 34,NRW,62.97,62.97,30,0,RED INTERNET & PHONE CABLE U,1
50 - 54,NRW,34.99,34.99,140,0,GIGAZUHAUSE KABEL,1
50 - 54,KBW,59.98,59.98,30,0,RED INTERNET & PHONE CABLE U,1
25 - 29,KBW,39.99,39.99,30,0,RED INTERNET & PHONE CABLE U,1
70 - 74,NRW,29.99,29.99,30,0,RED INTERNET & PHONE CABLE U,0
70 - 74,NRW,39.98,39.98,30,0,RED INTERNET & PHONE CABLE U,0
25 - 29,KBW,54.99,54.99,108,0,RED INTERNET & PHONE CABLE U,1
40 - 44,HSN,42.98,42.98,30,0,GIGAZUHAUSE KABEL,1
30 - 34,NRW,39.98,39.98,242,0,GIGAZUHAUSE KABEL,1
65 - 69,KBW,71.96,34.99,30,0,VF RIP U-TREUE,0
70 - 74,KBW,55.91,9.98,30,0,HSI HZ BOX ONLY,0
50 - 54,KBW,93.95,59.99,30,0,3PLAY FLY,1
30 - 34,KBW,52.98,52.98,255,0,GIGAZUHAUSE KABEL,1
55 - 59,KBW,52.96,47.97,30,0,2PLAY PLUS,0
35 - 39,NRW,29.99,29.99,74,0,RED INTERNET & PHONE CABLE U,1
30 - 34,HSN,47.97,39.99,30,0,VF RIP U-TREUE,0
40 - 44,NRW,44.99,44.99,30,0,VF RIP U-TREUE,0
55 - 59,KBW,54.98,54.98,30,0,GIGAZUHAUSE KABEL,1
65 - 69,NRW,34.99,34.99,3,0,RED INTERNET & PHONE CABLE U,0
35 - 39,HSN,205.84,205.84,30,0,RED INTERNET & PHONE CABLE U,1
45 - 49,NRW,47.98,37.99,74,0,VF RIP U-TREUE,0
30 - 34,KBW,44.98,44.98,30,0,RED INTERNET & PHONE CABLE U,1
60 - 64,HSN,44.98,44.98,30,0,VF CABLEMAX,1
30 - 34,KBW,50.47,44.98,616,0,VF CABLEMAX,0
40 - 44,NRW,57.95,35.98,30,0,2PLAY TREUE,1
30 - 34,NRW,49.97,49.97,30,0,RED INTERNET & PHONE CABLE U,1
65 - 69,NRW,54.99,54.99,30,0,RED INTERNET & PHONE CABLE U,0
30 - 34,NRW,34.99,34.99,183,0,VF CABLEMAX,0
45 - 49,NRW,47.99,47.99,30,0,VF RIP U-TREUE,1
55 - 59,HSN,34.99,34.99,30,0,RED INTERNET & PHONE CABLE U,1
35 - 39,HSN,34.99,34.99,30,0,RED INTERNET & PHONE CABLE U,1
65 - 69,HSN,44.98,34.99,30,0,VF RIP U-TREUE,0
55 - 59,NRW,66.32,48.42,30,0,3PLAY COMFORT,0
80 and over,HSN,51.94,30.95,30,0,RED INTERNET & PHONE CABLE U,1
80 and over,NRW,60.95,34.98,30,0,RED INTERNET & PHONE CABLE U,1
50 - 54,HSN,44.98,44.98,30,0,RED INTERNET & PHONE CABLE U,1
75 - 79,NRW,67.96,32.99,548,0,GIGAZUHAUSE TREUE B,0
30 - 34,NRW,34.99,34.99,30,0,RED INTERNET & PHONE CABLE U,1
35 - 39,NRW,39.99,39.99,30,0,RED INTERNET & PHONE CABLE U,0
40 - 44,NRW,29.99,29.99,58,0,RED INTERNET & PHONE CABLE U,1
45 - 49,NRW,30.97,9.98,30,0,HSI HZ BOX ONLY,0
80 and over,KBW,68.98,47.99,30,0,GIGAZUHAUSE KABEL,1
65 - 69,NRW,64.98,64.98,30,0,TREUEPLUS,0
50 - 54,NRW,54.99,54.99,88,0,RED INTERNET & PHONE CABLE U,1
25 - 29,KBW,70.98,49.99,30,0,RED INTERNET & PHONE CABLE U,1
25 - 29,HSN,39.98,39.98,108,0,GIGAZUHAUSE KABEL,1
45 - 49,NRW,108.92,44.98,676,0,VF CABLEMAX,1
60 - 64,HSN,189.88,189.88,30,0,VF CABLEMAX,0
60 - 64,NRW,42.97,42.97,30,0,3PLAY TREUE,0
45 - 49,HSN,58.96,48.97,30,0,VF CABLEMAX,0
35 - 39,NRW,44.98,44.98,92,0,VF CABLEMAX,1
75 - 79,KBW,49.97,39.99,674,0,VF RIP U-TREUE,1
35 - 39,NRW,49.99,49.99,30,0,GIGAZUHAUSE KABEL,0
45 - 49,KBW,47.99,47.99,30,0,VF RIP U-TREUE,0
45 - 49,NRW,54.98,54.98,30,0,GIGAZUHAUSE KABEL,1
35 - 39,NRW,49.99,49.99,30,0,RED INTERNET & PHONE CABLE U,1
55 - 59,NRW,56.96,37.98,30,0,VF RIP U-TREUE,1
30 - 34,NRW,44.98,44.98,53,0,RED INTERNET & PHONE CABLE U,1
50 - 54,NRW,39.99,39.99,30,0,RED INTERNET & PHONE CABLE U,1
80 and over,KBW,50.97,29.98,30,0,RED INTERNET & PHONE CABLE U,0
35 - 39,KBW,39.99,39.99,30,0,VF RIP U-TREUE,1
55 - 59,KBW,70.98,49.99,30,0,RED INTERNET & PHONE CABLE U,1
45 - 49,NRW,42.97,42.97,30,0,RED INTERNET & PHONE CABLE U,1
40 - 44,NRW,37.99,37.99,30,0,VF RIP U-TREUE,0
30 - 34,NRW,34.99,34.99,30,0,RED INTERNET & PHONE CABLE U,0
30 - 34,NRW,74.97,44.98,30,0,VF CABLEMAX,0
65 - 69,NRW,40.86,40.86,30,0,2PLAY,0
80 and over,KBW,37.99,25.0,30,0,RED INTERNET & PHONE CABLE U,0
45 - 49,KBW,49.96,39.98,521,0,GIGAZUHAUSE TREUE B,0
35 - 39,HSN,42.97,42.97,318,0,GIGAZUHAUSE KABEL,0
70 - 74,NRW,29.98,29.98,204,0,GIGAZUHAUSE TREUE C,0
60 - 64,KBW,75.77,54.78,30,0,3PLAY + PAY,1
60 - 64,KBW,70.98,49.99,30,0,RED INTERNET & PHONE CABLE U,0
50 - 54,KBW,229.92,229.92,30,0,RED INTERNET & PHONE CABLE U,0
80 and over,HSN,22.99,22.99,230,0,GIGAZUHAUSE TREUE B,0
45 - 49,NRW,70.97,49.98,30,0,TREUEPLUS,0
30 - 34,NRW,44.97,44.97,247,1,VF CABLEMAX,0
35 - 39,KBW,89.94,49.98,337,2,GIGAZUHAUSE TREUE B,0
55 - 59,NRW,42.98,42.98,30,0,VF RIP U-TREUE,1
25 - 29,KBW,59.99,59.99,230,0,GIGAZUHAUSE KABEL,0
35 - 39,NRW,19.99,19.99,184,0,GIGAZUHAUSE KABEL,1
40 - 44,KBW,19.99,19.99,226,0,GIGAZUHAUSE KABEL,1
35 - 39,KBW,49.97,39.98,116,0,GIGAZUHAUSE KABEL,1
65 - 69,NRW,44.98,44.98,30,0,RED INTERNET & PHONE CABLE U,1
55 - 59,NRW,47.99,47.99,30,0,VF RIP U-TREUE,1
30 - 34,NRW,49.99,49.99,30,0,RED INTERNET & PHONE CABLE U,1
70 - 74,KBW,30.34,9.98,30,0,HSI HZ BOX ONLY,1
55 - 59,KBW,61.96,39.98,58,0,VF RIP U-TREUE,0
75 - 79,NRW,34.99,34.99,30,0,RED INTERNET & PHONE CABLE U,0
70 - 74,KBW,66.95,34.99,30,0,RED INTERNET & PHONE CABLE U,1
55 - 59,NRW,44.98,44.98,32,0,VF CABLEMAX,1
55 - 59,NRW,47.96,47.96,30,0,3PLAY START,0
60 - 64,KBW,37.99,37.99,30,0,VF RIP U-TREUE,1
60 - 64,HSN,42.98,42.98,30,0,VF RIP U-TREUE,0
30 - 34,NRW,49.96,39.98,85,1,VF CABLEMAX,1
35 - 39,NRW,69.41,38.43,30,0,GIGAZUHAUSE KABEL,0
55 - 59,NRW,44.97,34.98,30,0,VF RIP U-TREUE,0
45 - 49,KBW,27.99,27.99,30,0,VF RIP U-TREUE,1
65 - 69,HSN,19.99,19.99,304,1,GIGAZUHAUSE KABEL,1
30 - 34,HSN,39.98,39.98,121,0,GIGAZUHAUSE KABEL,1
35 - 39,KBW,29.98,39.98,103,0,RED INTERNET & PHONE CABLE U,0
60 - 64,NRW,64.98,64.98,30,0,2PLAY FLY,0
18 - 24,NRW,44.98,44.98,30,0,VF CABLEMAX,1
80 and over,HSN,78.34,57.98,30,2,3PLAY PLUS MTA,1
80 and over,KBW,63.14,42.78,30,0,2PLAY,0
35 - 39,NRW,44.98,44.98,99,1,VF CABLEMAX,0
25 - 29,NRW,34.99,34.99,30,0,3PLAY VORTEIL,0
65 - 69,NRW,37.98,27.99,197,0,GIGAZUHAUSE TREUE B,0
70 - 74,NRW,60.88,39.89,30,0,3PLAY,1
40 - 44,KBW,39.99,39.99,30,0,VF RIP U-TREUE,0
50 - 54,NRW,29.98,29.98,657,0,VF RIP U-TREUE,0
80 and over,NRW,84.93,49.97,241,0,RED INTERNET & PHONE CABLE U,0
60 - 64,KBW,44.98,44.98,30,0,VF CABLEMAX,0
80 and over,KBW,54.73,33.74,30,0,RED INTERNET & PHONE CABLE U,1
80 and over,KBW,58.77,37.78,30,0,RED INTERNET & PHONE CABLE U,0
35 - 39,NRW,38.98,34.99,345,0,GIGAZUHAUSE KABEL,0
35 - 39,NRW,39.98,39.98,160,0,GIGAZUHAUSE KABEL,1
50 - 54,HSN,42.88,39.88,30,0,3PLAY,1
75 - 79,NRW,29.99,29.99,30,0,VF RIP U-TREUE,1
40 - 44,NRW,34.99,34.99,30,0,RED INTERNET & PHONE CABLE U,1
55 - 59,NRW,82.94,49.97,30,0,VF CABLEMAX,1
75 - 79,KBW,54.98,34.99,241,0,RED INTERNET & PHONE CABLE U,1
35 - 39,HSN,29.98,29.98,282,0,GIGAZUHAUSE TREUE C,1
65 - 69,NRW,57.97,42.98,30,0,VF RIP U-TREUE,1
65 - 69,NRW,29.98,29.98,30,0,VF RIP U-TREUE,0
35 - 39,NRW,44.98,44.98,30,0,VF CABLEMAX,0
40 - 44,KBW,34.99,44.99,135,0,GIGAZUHAUSE TREUE B,1
25 - 29,NRW,44.98,44.98,30,0,RED INTERNET & PHONE CABLE U,0
35 - 39,NRW,39.98,39.98,30,0,VF CABLEMAX,1
50 - 54,NRW,37.95,42.95,30,0,2PLAY TREUE,0
65 - 69,KBW,32.99,32.99,30,0,VF RIP U-TREUE,0
35 - 39,NRW,39.98,39.98,122,0,GIGAZUHAUSE KABEL,1
60 - 64,KBW,65.98,44.99,205,0,GIGAZUHAUSE TREUE B,0
35 - 39,HSN,169.92,169.92,30,0,RED INTERNET & PHONE CABLE U,1
55 - 59,NRW,48.97,48.97,57,0,RED INTERNET & PHONE CABLE U,1
40 - 44,KBW,29.98,29.98,30,0,RED INTERNET & PHONE CABLE U,0
18 - 24,NRW,17.99,17.99,30,0,EAZY FLEX,1
80 and over,KBW,74.48,49.99,30,0,GIGAZUHAUSE KABEL,0
70 - 74,HSN,47.97,37.99,30,0,VF RIP U-TREUE,1
30 - 34,KBW,19.99,19.99,30,0,EAZY,0
40 - 44,NRW,54.99,54.99,30,0,RED INTERNET & PHONE CABLE U,1
30 - 34,NRW,29.99,29.99,109,0,VF RIP U-TREUE,1
35 - 39,KBW,52.98,37.99,30,0,VF RIP U-TREUE,0
60 - 64,NRW,42.98,42.98,30,0,VF RIP U-TREUE,1
60 - 64,KBW,38.98,38.98,71,0,RED INTERNET & PHONE CABLE U,0
40 - 44,NRW,42.97,39.98,116,0,GIGAZUHAUSE KABEL,1
75 - 79,KBW,70.35,35.0,30,0,3PLAY,0
40 - 44,KBW,149.96,149.96,30,0,VF RIP U-TREUE,1
55 - 59,KBW,54.99,54.99,30,0,RED INTERNET & PHONE CABLE U,1
30 - 34,KBW,39.98,39.98,34,2,RED INTERNET & PHONE CABLE U,1
70 - 74,KBW,58.98,58.98,30,0,RED INTERNET & PHONE CABLE U,0
40 - 44,KBW,39.98,39.98,222,0,GIGAZUHAUSE KABEL,0
25 - 29,KBW,39.99,39.99,30,0,RED INTERNET & PHONE CABLE U,0
40 - 44,KBW,65.97,44.98,30,0,RED INTERNET & PHONE CABLE U,0
50 - 54,NRW,22.98,22.98,30,0,EAZY FLEX,0
60 - 64,KBW,46.96,46.96,30,0,2PLAY COMFORT,0
45 - 49,HSN,34.99,34.99,30,0,RED INTERNET & PHONE CABLE U,1
30 - 34,KBW,17.99,17.99,30,0,EAZY FLEX,0
35 - 39,HSN,54.99,54.99,30,0,3PLAY JUMP,0
25 - 29,KBW,44.98,44.98,30,0,RED INTERNET & PHONE CABLE U,0
55 - 59,NRW,72.95,49.97,702,0,VF CABLEMAX,0
45 - 49,NRW,39.96,47.96,30,1,VF CABLEMAX,0
70 - 74,NRW,32.97,32.97,30,0,RED INTERNET & PHONE CABLE U,0
55 - 59,NRW,72.96,42.98,30,0,VF RIP U-TREUE,1
40 - 44,NRW,61.99,44.99,30,0,RED INTERNET & PHONE CABLE U,1
60 - 64,NRW,65.34,44.98,30,0,VF RIP U-TREUE,1
40 - 44,KBW,51.97,48.98,120,0,GIGAZUHAUSE KABEL,1
50 - 54,KBW,63.97,42.98,30,0,VF RIP U-TREUE,0
60 - 64,KBW,54.99,54.99,43,0,RED INTERNET & PHONE CABLE U,1
25 - 29,KBW,34.99,34.99,30,0,RED INTERNET & PHONE CABLE U,1
18 - 24,KBW,44.98,44.98,30,0,VF CABLEMAX,0
65 - 69,NRW,24.99,24.99,30,0,INTERNET COMFORT,1
75 - 79,KBW,34.99,34.99,30,0,RED INTERNET & PHONE CABLE U,0
40 - 44,KBW,48.42,48.42,30,0,3PLAY COMFORT,1
60 - 64,KBW,39.98,24.99,112,0,GIGAZUHAUSE TREUE C,1
60 - 64,NRW,57.48,44.98,548,0,VF CABLEMAX,0
75 - 79,KBW,40.98,19.99,30,0,TELEFON HSI,0
30 - 34,KBW,44.98,44.98,30,0,VF CABLEMAX,1
55 - 59,HSN,141.96,141.96,30,0,VF RIP U-TREUE,0
45 - 49,NRW,47.99,47.99,30,0,GIGAZUHAUSE KABEL,1
35 - 39,NRW,34.98,24.99,99,0,VF RIP U-TREUE,1
70 - 74,KBW,45.98,24.99,30,0,INTERNET COMFORT,0
55 - 59,HSN,45.95,45.95,30,0,3PLAY START,1
30 - 34,NRW,44.98,44.98,30,0,VF CABLEMAX,0
35 - 39,HSN,34.98,37.98,79,0,VF RIP U-TREUE,1
25 - 29,NRW,39.99,39.99,30,0,RED INTERNET & PHONE CABLE U,1
45 - 49,KBW,32.99,32.99,30,0,VF RIP U-TREUE,1
45 - 49,HSN,32.99,32.99,380,0,GIGAZUHAUSE TREUE B,0
40 - 44,NRW,81.95,49.99,30,0,VF RIP U-TREUE,0
35 - 39,KBW,32.98,24.99,103,0,VF RIP U-TREUE,1
60 - 64,HSN,56.98,35.99,30,0,GIGAZUHAUSE KABEL,1
45 - 49,NRW,54.98,54.98,370,0,GIGAZUHAUSE TREUE C,0
30 - 34,HSN,29.99,29.99,30,0,INTERNET PREMIUM,1
35 - 39,NRW,39.99,39.99,30,0,VF RIP U-TREUE,1
80 and over,KBW,39.98,39.98,30,0,RED INTERNET & PHONE CABLE U,0
70 - 74,HSN,54.99,54.99,30,0,RED INTERNET & PHONE CABLE U,1
55 - 59,HSN,42.97,42.97,30,0,GIGAZUHAUSE KABEL,0
60 - 64,NRW,69.96,44.98,275,0,VF CABLEMAX,1
40 - 44,KBW,29.98,39.98,122,0,RED INTERNET & PHONE CABLE U,1
40 - 44,KBW,47.99,47.99,30,0,VF RIP U-TREUE,1
80 and over,KBW,34.99,34.99,30,0,RED INTERNET & PHONE CABLE U,0
70 - 74,NRW,57.97,32.99,119,0,VF RIP U-TREUE,0
65 - 69,NRW,69.98,54.99,70,0,RED INTERNET & PHONE CABLE U,1
25 - 29,NRW,39.98,39.98,65,0,VF CABLEMAX,0
30 - 34,KBW,49.97,49.97,30,0,RED INTERNET & PHONE CABLE U,1
45 - 49,NRW,44.99,44.99,146,0,GIGAZUHAUSE TREUE B,1
60 - 64,NRW,56.85,35.86,30,0,3PLAY,0
65 - 69,KBW,34.99,34.99,30,0,RED INTERNET & PHONE CABLE U,1
45 - 49,NRW,64.96,44.97,110,0,VF CABLEMAX,1
60 - 64,KBW,24.99,24.99,373,0,GIGAZUHAUSE TREUE C,0
60 - 64,KBW,70.96,49.97,30,0,VF CABLEMAX,0
60 - 64,KBW,29.99,29.99,30,0,VF RIP U-TREUE,1
30 - 34,NRW,29.99,29.99,30,0,VF RIP U-TREUE,0
80 and over,NRW,37.49,29.99,542,0,GIGAZUHAUSE TREUE C,0
30 - 34,NRW,54.98,49.99,30,0,GIGAZUHAUSE KABEL,0
25 - 29,NRW,39.99,39.99,30,0,RED INTERNET & PHONE CABLE U,1
55 - 59,NRW,25.0,25.0,30,0,RED INTERNET & PHONE CABLE U,0
65 - 69,NRW,37.98,37.98,206,0,GIGAZUHAUSE TREUE B,0
60 - 64,KBW,39.98,39.98,233,0,GIGAZUHAUSE KABEL,0
40 - 44,KBW,54.97,44.98,30,0,VF CABLEMAX,0
55 - 59,HSN,29.99,29.99,227,0,GIGAZUHAUSE TREUE C,0
65 - 69,HSN,34.99,34.99,30,0,RED INTERNET & PHONE CABLE U,1
25 - 29,NRW,34.99,34.99,30,0,VF RIP U-TREUE,1
80 and over,HSN,56.94,29.99,696,2,RED INTERNET & PHONE CABLE U,1
30 - 34,NRW,39.99,39.99,30,0,RED INTERNET & PHONE CABLE U,1
18 - 24,HSN,39.98,39.98,30,0,VF CABLEMAX,0
40 - 44,KBW,65.97,44.98,30,0,VF RIP U-TREUE,1
50 - 54,NRW,44.98,44.98,30,0,VF CABLEMAX,1
30 - 34,NRW,44.98,44.98,30,0,VF CABLEMAX,1
75 - 79,HSN,53.98,32.99,30,0,VF RIP U-TREUE,0
45 - 49,KBW,149.96,149.96,30,0,VF RIP U-TREUE,0
30 - 34,NRW,42.98,42.98,30,0,GIGAZUHAUSE KABEL,0
30 - 34,KBW,39.98,39.98,282,0,GIGAZUHAUSE TREUE B,1
30 - 34,NRW,39.99,39.99,30,0,RED INTERNET & PHONE CABLE U,1
55 - 59,HSN,75.97,34.99,30,0,RED INTERNET & PHONE CABLE U,1
30 - 34,HSN,44.98,29.99,30,0,VF RIP U-TREUE,1
70 - 74,NRW,32.99,32.99,260,0,GIGAZUHAUSE TREUE B,0
40 - 44,NRW,44.98,44.98,92,0,VF CABLEMAX,1
60 - 64,NRW,49.97,49.97,30,0,VF CABLEMAX,0
25 - 29,KBW,54.99,54.99,30,0,RED INTERNET & PHONE CABLE U,1
65 - 69,NRW,32.99,32.99,30,0,VF RIP U-TREUE,0
35 - 39,NRW,39.99,39.99,30,0,RED INTERNET & PHONE CABLE U,1
55 - 59,NRW,79.97,44.99,215,0,GIGAZUHAUSE TREUE B,1
30 - 34,NRW,48.97,48.97,30,0,VF CABLEMAX,1
55 - 59,NRW,37.99,37.99,30,1,VF RIP U-TREUE,1
45 - 49,KBW,80.98,59.99,30,0,TREUEPLUS,0
55 - 59,NRW,24.99,24.99,30,0,RED INTERNET & PHONE CABLE U,1
30 - 34,KBW,59.94,44.98,638,0,VF CABLEMAX,1
35 - 39,KBW,39.99,39.99,30,0,RED INTERNET & PHONE CABLE U,1
50 - 54,KBW,34.99,34.99,30,0,VF RIP U-TREUE,0
65 - 69,KBW,31.98,24.99,577,0,GIGAZUHAUSE TREUE C,0
60 - 64,HSN,30.87,19.99,553,0,EAZY,0
40 - 44,KBW,44.98,44.98,30,0,VF CABLEMAX,0
30 - 34,NRW,34.99,34.99,82,1,RED INTERNET & PHONE CABLE U,1
30 - 34,HSN,24.99,24.99,30,0,VF RIP U-TREUE,1
35 - 39,NRW,44.98,44.98,30,0,VF CABLEMAX,0
40 - 44,NRW,49.99,49.99,30,0,VF RIP U-TREUE,1
55 - 59,NRW,74.96,44.98,30,0,VF CABLEMAX,0
40 - 44,NRW,19.99,19.99,30,0,EAZY,0
55 - 59,HSN,49.99,49.99,30,1,RED INTERNET & PHONE CABLE U,1
45 - 49,KBW,69.96,44.98,72,0,VF CABLEMAX,1
18 - 24,KBW,54.95,44.97,505,0,GIGAZUHAUSE KABEL,1
60 - 64,NRW,69.95,44.98,30,0,VF CABLEMAX,1
80 and over,KBW,39.99,39.99,30,0,VF RIP U-TREUE,0
25 - 29,KBW,169.92,169.92,30,0,RED INTERNET & PHONE CABLE U,0
18 - 24,HSN,44.98,44.98,33,0,VF CABLEMAX,0
30 - 34,NRW,37.98,37.98,254,0,GIGAZUHAUSE TREUE B,1
55 - 59,HSN,44.98,44.98,53,0,VF CABLEMAX,0
18 - 24,HSN,44.98,44.98,30,0,VF CABLEMAX,0
60 - 64,NRW,48.65,48.65,30,0,3PLAY PLUS,1
40 - 44,HSN,32.99,32.99,30,0,VF RIP U-TREUE,0
55 - 59,NRW,52.95,42.97,30,0,2PLAY TREUE,1
35 - 39,NRW,39.99,39.99,30,0,VF RIP U-TREUE,1
30 - 34,NRW,34.98,34.98,315,2,GIGAZUHAUSE TREUE C,0
50 - 54,KBW,34.99,34.99,30,0,GIGAZUHAUSE TREUE C,1
35 - 39,NRW,52.98,52.98,375,0,GIGAZUHAUSE KABEL,1
45 - 49,KBW,39.98,39.98,30,0,VF RIP U-TREUE,0
35 - 39,NRW,34.99,34.99,164,0,GIGAZUHAUSE KABEL,1
60 - 64,NRW,37.98,37.98,203,0,GIGAZUHAUSE TREUE B,0
50 - 54,HSN,58.89,37.9,30,0,2PLAY,1
45 - 49,KBW,54.99,54.99,30,0,RED INTERNET & PHONE CABLE U,1
80 and over,KBW,29.99,29.99,30,0,VF RIP U-TREUE,0
40 - 44,KBW,57.96,57.96,30,0,GIGAZUHAUSE KABEL,1
25 - 29,KBW,34.99,34.99,30,0,RED INTERNET & PHONE CABLE U,1
30 - 34,KBW,11.98,11.98,30,0,EAZY,0
80 and over,KBW,63.97,42.98,30,0,VF RIP U-TREUE,1
65 - 69,KBW,59.98,44.99,221,0,GIGAZUHAUSE KABEL,1
30 - 34,KBW,39.98,39.98,112,0,GIGAZUHAUSE KABEL,1
45 - 49,NRW,34.99,34.99,30,0,RED INTERNET & PHONE CABLE U,1
25 - 29,KBW,34.99,34.99,30,0,RED INTERNET & PHONE CABLE U,1
35 - 39,KBW,29.99,29.99,30,0,INTERNET PREMIUM,0
18 - 24,NRW,49.99,49.99,30,0,RED INTERNET & PHONE CABLE U,1
55 - 59,HSN,34.99,34.99,264,0,RED INTERNET & PHONE CABLE U,1
18 - 24,KBW,24.99,24.99,30,0,INTERNET COMFORT,1
18 - 24,KBW,54.99,54.99,30,0,RED INTERNET & PHONE CABLE U,1
80 and over,NRW,49.97,49.97,30,0,VF CABLEMAX,1
25 - 29,KBW,52.98,52.98,373,0,GIGAZUHAUSE CABLEMAX,0
18 - 24,NRW,39.99,39.99,15,0,RED INTERNET & PHONE CABLE U,0
40 - 44,NRW,70.96,39.98,30,0,VF CABLEMAX,1
40 - 44,NRW,59.98,39.99,30,0,RED INTERNET & PHONE CABLE U,0
60 - 64,NRW,53.96,43.98,580,0,VF CABLEMAX,1
70 - 74,KBW,39.99,39.99,30,0,VF RIP U-TREUE,0
55 - 59,NRW,70.94,49.95,30,0,3PLAY TREUE,1
35 - 39,NRW,37.98,37.98,30,0,VF RIP U-TREUE,1
30 - 34,NRW,44.99,44.99,322,0,GIGAZUHAUSE TREUE B,0
40 - 44,NRW,26.99,29.99,84,0,VF RIP U-TREUE,1
35 - 39,KBW,65.97,44.98,30,0,VF CABLEMAX,1
70 - 74,KBW,39.99,39.99,30,0,RED INTERNET & PHONE CABLE U,1
60 - 64,KBW,78.37,57.38,30,0,3PLAY + PAY,0
50 - 54,HSN,44.98,44.98,30,0,RED INTERNET & PHONE CABLE U,1
60 - 64,KBW,91.93,49.97,30,0,VF CABLEMAX,0
50 - 54,NRW,59.98,64.98,340,0,GIGAZUHAUSE KABEL,0
80 and over,KBW,49.7,49.7,30,0,2PLAY,1
60 - 64,HSN,29.99,29.99,30,0,VF RIP U-TREUE,1
60 - 64,HSN,63.96,42.97,30,0,RED INTERNET & PHONE CABLE U,0
25 - 29,KBW,34.99,34.99,30,0,RED INTERNET & PHONE CABLE U,1
60 - 64,NRW,44.98,44.98,30,0,VF CABLEMAX,1
45 - 49,HSN,72.98,49.99,30,0,3PLAY TREUE,0
40 - 44,NRW,35.86,35.86,30,0,2PLAY,0
40 - 44,KBW,47.99,47.99,30,0,VF RIP U-TREUE,0
60 - 64,NRW,86.96,49.99,136,1,GIGAZUHAUSE KABEL,1
55 - 59,KBW,62.95,62.95,30,0,2PLAY COMFORT,1
35 - 39,KBW,48.97,48.97,30,0,VF CABLEMAX,1
50 - 54,NRW,42.86,42.86,30,0,3PLAY,0
40 - 44,NRW,57.1,35.97,30,0,3PLAY SMART,1
35 - 39,HSN,74.96,74.96,326,0,GIGAZUHAUSE KABEL,1
30 - 34,KBW,0.0,0.0,30,0,MMA,0
65 - 69,NRW,29.99,29.99,30,0,VF RIP U-TREUE,0
45 - 49,HSN,44.98,44.98,123,0,VF CABLEMAX,0
75 - 79,NRW,72.94,37.98,142,0,GIGAZUHAUSE TREUE D,1
25 - 29,HSN,54.99,54.99,30,1,RED INTERNET & PHONE CABLE U,0
65 - 69,NRW,39.98,39.98,167,0,GIGAZUHAUSE KABEL,0
25 - 29,KBW,39.99,39.99,30,0,RED INTERNET & PHONE CABLE U,1
55 - 59,NRW,42.97,42.97,30,0,RED INTERNET & PHONE CABLE U,0
45 - 49,KBW,63.96,42.97,30,0,RED INTERNET & PHONE CABLE U,1
18 - 24,KBW,44.98,44.98,30,0,VF CABLEMAX,1
55 - 59,NRW,86.92,54.96,112,1,VF CABLEMAX,0
80 and over,KBW,61.33,40.97,30,0,3PLAY SMART,0
60 - 64,HSN,34.99,34.99,128,0,RED INTERNET & PHONE CABLE U,0
18 - 24,KBW,42.97,42.97,30,0,RED INTERNET & PHONE CABLE U,1
45 - 49,KBW,50.86,50.86,30,0,3PLAY PLUS MTA,1
18 - 24,NRW,39.99,39.99,67,0,RED INTERNET & PHONE CABLE U,1
80 and over,KBW,27.8,27.8,30,0,RED INTERNET & PHONE CABLE U,0
45 - 49,KBW,49.97,49.97,30,0,VF CABLEMAX,1
25 - 29,NRW,34.99,34.99,30,0,RED INTERNET & PHONE CABLE U,1
25 - 29,NRW,44.98,44.98,30,0,RED INTERNET & PHONE CABLE U,1
40 - 44,NRW,49.97,49.97,30,0,VF CABLEMAX,0
60 - 64,NRW,29.99,29.99,30,0,VF RIP U-TREUE,0
30 - 34,NRW,34.99,34.99,30,0,RED INTERNET & PHONE CABLE U,1
55 - 59,NRW,44.98,44.98,30,0,RED INTERNET & PHONE CABLE U,1
35 - 39,NRW,49.97,49.97,30,0,VF CABLEMAX,1
35 - 39,KBW,49.99,49.99,30,0,RED INTERNET & PHONE CABLE U,0
40 - 44,NRW,44.98,44.98,30,0,VF CABLEMAX,0
80 and over,NRW,34.97,29.98,30,0,RED INTERNET & PHONE CABLE U,0
50 - 54,KBW,44.99,44.99,303,1,GIGAZUHAUSE TREUE B,0
35 - 39,KBW,49.97,39.98,122,0,GIGAZUHAUSE KABEL,1
55 - 59,NRW,32.95,32.95,30,0,RED INTERNET & PHONE CABLE U,0
30 - 34,NRW,42.97,42.97,30,0,RED INTERNET & PHONE CABLE U,0
35 - 39,NRW,44.98,44.98,30,0,VF CABLEMAX,1
65 - 69,NRW,39.99,39.99,30,0,RED INTERNET & PHONE CABLE U,0
25 - 29,NRW,39.99,39.99,30,0,RED INTERNET & PHONE CABLE U,1
60 - 64,KBW,73.95,47.97,30,0,VF RIP U-TREUE,0
18 - 24,NRW,64.98,64.98,163,0,GIGAZUHAUSE KABEL,0
50 - 54,HSN,52.98,52.98,30,0,3PLAY PLUS,1
40 - 44,NRW,24.99,24.99,243,0,GIGAZUHAUSE TREUE C,1
40 - 44,NRW,44.98,44.98,30,0,RED INTERNET & PHONE CABLE U,1
35 - 39,KBW,34.99,34.99,208,0,VF CABLEMAX,0
60 - 64,HSN,49.96,39.98,699,3,VF CABLEMAX,0
35 - 39,NRW,58.97,58.97,30,0,RED INTERNET & PHONE CABLE U,1
80 and over,NRW,65.34,44.98,30,0,3PLAY START,0
30 - 34,KBW,39.99,39.99,30,0,RED INTERNET & PHONE CABLE U,1
50 - 54,NRW,39.99,39.99,30,0,RED INTERNET & PHONE CABLE U,0
30 - 34,KBW,34.99,34.99,30,0,RED INTERNET & PHONE CABLE U,1
18 - 24,NRW,39.98,39.98,172,0,VF CABLEMAX,0
50 - 54,NRW,39.99,39.99,30,0,RED INTERNET & PHONE CABLE U,1
35 - 39,KBW,32.99,32.99,148,0,GIGAZUHAUSE TREUE B,1
30 - 34,KBW,62.98,59.99,234,0,GIGAZUHAUSE KABEL,0
25 - 29,KBW,39.99,39.99,30,0,RED INTERNET & PHONE CABLE U,1
60 - 64,KBW,34.99,34.99,248,0,GIGAZUHAUSE KABEL,1
35 - 39,KBW,39.99,39.99,30,0,VF RIP U-TREUE,1
50 - 54,NRW,34.99,34.99,30,0,RED INTERNET & PHONE CABLE U,0
50 - 54,NRW,34.98,39.98,70,0,VF CABLEMAX,1
45 - 49,HSN,42.99,42.99,329,2,GIGAZUHAUSE TREUE D,1
70 - 74,KBW,29.99,29.99,30,0,VF RIP U-TREUE,1
45 - 49,NRW,22.99,19.99,30,0,1PLAY,0
55 - 59,KBW,46.96,46.96,30,0,RED INTERNET & PHONE CABLE U,0
35 - 39,HSN,249.92,189.96,30,3,RED INTERNET & PHONE CABLE U,1
60 - 64,KBW,61.33,40.97,30,0,3PLAY SMART,0
40 - 44,NRW,42.97,42.97,30,0,RED INTERNET & PHONE CABLE U,1
18 - 24,KBW,39.99,39.99,31,0,RED INTERNET & PHONE CABLE U,1
65 - 69,KBW,52.98,32.99,30,0,VF RIP U-TREUE,0
45 - 49,NRW,32.99,32.99,261,0,GIGAZUHAUSE TREUE B,0
35 - 39,NRW,30.97,9.98,30,0,HSI HZ BOX ONLY,0
65 - 69,HSN,54.97,44.98,30,0,RED INTERNET & PHONE CABLE U,0
30 - 34,KBW,45.98,32.99,190,0,GIGAZUHAUSE TREUE B,1
25 - 29,HSN,39.99,39.99,30,0,RED INTERNET & PHONE CABLE U,1
55 - 59,NRW,39.99,39.99,30,0,VF RIP U-TREUE,0
50 - 54,KBW,24.99,24.99,30,0,INTERNET COMFORT,0
30 - 34,NRW,49.97,49.97,30,0,VF CABLEMAX,0
50 - 54,KBW,27.99,27.99,30,0,2PLAY,1
40 - 44,NRW,59.97,24.99,260,0,GIGAZUHAUSE TREUE C,1
35 - 39,NRW,39.99,39.99,30,1,VF RIP U-TREUE,0
80 and over,NRW,42.97,32.99,30,0,VF RIP U-TREUE,0
60 - 64,KBW,44.98,44.98,30,0,VF CABLEMAX,0
40 - 44,NRW,48.97,48.97,30,1,VF CABLEMAX,1
45 - 49,KBW,57.97,44.98,686,0,VF CABLEMAX,1
25 - 29,NRW,32.99,32.99,30,0,VF RIP U-TREUE,1
60 - 64,NRW,42.96,35.98,30,0,RED INTERNET & PHONE CABLE U,0
60 - 64,HSN,42.98,42.98,30,0,2PLAY PLUS,0
50 - 54,KBW,44.98,44.98,30,0,RED INTERNET & PHONE CABLE U,1
25 - 29,KBW,44.98,44.98,30,0,RED INTERNET & PHONE CABLE U,0
70 - 74,KBW,65.69,49.99,30,0,RED INTERNET & PHONE CABLE U,0
55 - 59,NRW,44.98,44.98,30,0,RED INTERNET & PHONE CABLE U,0
80 and over,HSN,53.89,32.9,30,0,2PLAY,0
35 - 39,NRW,39.99,39.99,30,0,GIGAZUHAUSE KABEL,1
45 - 49,KBW,42.97,42.97,30,0,RED INTERNET & PHONE CABLE U,1
25 - 29,KBW,34.99,34.99,30,0,RED INTERNET & PHONE CABLE U,0
25 - 29,KBW,52.95,42.97,503,0,GIGAZUHAUSE KABEL,1
65 - 69,HSN,42.98,42.98,30,0,VF RIP U-TREUE,1
40 - 44,NRW,38.98,38.98,30,0,RED INTERNET & PHONE CABLE U,1
75 - 79,KBW,49.97,49.97,30,0,VF CABLEMAX,0
65 - 69,HSN,47.99,47.99,30,0,VF RIP U-TREUE,1
40 - 44,NRW,34.99,34.99,30,0,RED INTERNET & PHONE CABLE U,1
45 - 49,HSN,49.97,29.99,231,0,GIGAZUHAUSE TREUE C,0
55 - 59,NRW,44.98,44.98,30,0,VF CABLEMAX,0
45 - 49,KBW,54.99,54.99,30,0,RED INTERNET & PHONE CABLE U,1
35 - 39,HSN,44.98,44.98,68,0,VF CABLEMAX,1
45 - 49,KBW,54.98,54.98,30,0,VF RIP U-TREUE,1
60 - 64,NRW,85.97,64.98,30,0,TREUEPLUS,1
35 - 39,NRW,24.99,34.99,227,0,GIGAZUHAUSE KABEL,1
55 - 59,KBW,50.98,29.99,30,0,VF RIP U-TREUE,1
65 - 69,NRW,48.42,48.42,30,0,3PLAY COMFORT,1
55 - 59,NRW,43.98,22.99,168,0,GIGAZUHAUSE TREUE B,0
40 - 44,NRW,32.99,32.99,30,0,RED INTERNET & PHONE CABLE U,1
35 - 39,NRW,42.98,42.98,30,0,VF RIP U-TREUE,1
60 - 64,NRW,33.99,33.99,30,0,3PLAY TREUE,0
55 - 59,NRW,39.99,39.99,30,0,RED INTERNET & PHONE CABLE U,1
18 - 24,KBW,52.98,52.98,281,0,GIGAZUHAUSE KABEL,1
30 - 34,HSN,49.99,49.99,30,0,RED INTERNET & PHONE CABLE U,1
40 - 44,NRW,29.99,29.99,30,0,VF RIP U-TREUE,1
30 - 34,NRW,29.99,29.99,30,0,VF RIP U-TREUE,1
35 - 39,NRW,39.99,39.99,30,0,RED INTERNET & PHONE CABLE U,1
35 - 39,KBW,40.98,40.98,30,0,VF RIP U-TREUE,1
45 - 49,KBW,90.95,34.99,353,3,GIGAZUHAUSE KABEL,1
35 - 39,NRW,37.98,37.98,30,0,VF RIP U-TREUE,0
50 - 54,NRW,49.97,49.97,30,2,VF CABLEMAX,1
45 - 49,HSN,37.86,37.86,30,0,3PLAY,0
55 - 59,KBW,52.95,42.97,624,0,RED INTERNET & PHONE CABLE U,1
30 - 34,HSN,39.99,39.99,30,0,VF RIP U-TREUE,0
55 - 59,NRW,54.99,54.99,65,0,RED INTERNET & PHONE CABLE U,0
40 - 44,HSN,49.97,39.98,164,0,GIGAZUHAUSE KABEL,1
80 and over,KBW,53.98,32.99,30,0,VF RIP U-TREUE,1
80 and over,HSN,57.96,39.99,608,0,VF RIP U-TREUE,1
35 - 39,KBW,26.99,29.99,30,0,VF RIP U-TREUE,1
70 - 74,KBW,32.49,29.99,637,0,RED INTERNET & PHONE CABLE U,0
18 - 24,NRW,44.98,44.98,30,0,VF CABLEMAX,1
35 - 39,KBW,56.96,49.99,30,0,GIGAZUHAUSE KABEL,1
50 - 54,HSN,34.99,34.99,30,0,RED INTERNET & PHONE CABLE U,1
60 - 64,HSN,52.98,37.99,30,0,VF RIP U-TREUE,0
18 - 24,NRW,48.97,48.97,40,0,RED INTERNET & PHONE CABLE U,1
30 - 34,NRW,48.97,48.97,30,0,RED INTERNET & PHONE CABLE U,0
25 - 29,HSN,44.98,44.98,66,0,RED INTERNET & PHONE CABLE U,1
50 - 54,NRW,33.98,33.98,30,0,RED INTERNET & PHONE CABLE U,0
25 - 29,NRW,44.99,44.99,165,2,GIGAZUHAUSE KABEL,1
45 - 49,NRW,39.98,39.98,233,1,VF CABLEMAX,1
65 - 69,HSN,65.33,44.97,30,0,GIGAZUHAUSE KABEL,0
18 - 24,KBW,52.98,52.98,333,0,GIGAZUHAUSE KABEL,1
30 - 34,NRW,39.99,39.99,98,0,RED INTERNET & PHONE CABLE U,0
40 - 44,NRW,49.97,49.97,30,0,VF CABLEMAX,0
50 - 54,KBW,48.97,48.97,31,0,VF CABLEMAX,1
65 - 69,HSN,54.99,54.99,30,0,RED INTERNET & PHONE CABLE U,0
55 - 59,KBW,16.97,16.97,30,0,EAZY,0
40 - 44,NRW,13.99,13.99,30,0,EAZY,0
70 - 74,KBW,65.97,44.98,30,0,VF CABLEMAX,0
60 - 64,NRW,59.82,38.83,30,0,GIGAZUHAUSE KABEL,1
18 - 24,HSN,39.98,39.98,38,0,VF CABLEMAX,1
60 - 64,NRW,39.99,39.99,30,0,VF RIP U-TREUE,0
45 - 49,KBW,42.98,42.98,30,0,VF RIP U-TREUE,0
60 - 64,KBW,88.79,67.8,30,0,3PLAY FLY,0
35 - 39,NRW,63.96,42.97,30,0,3PLAY START,1
35 - 39,HSN,37.98,37.98,370,0,GIGAZUHAUSE KABEL,1
45 - 49,HSN,44.98,44.98,88,0,VF CABLEMAX,0
not available,HSN,68.97,48.98,30,0,RED INTERNET & PHONE CABLE U,1
25 - 29,HSN,42.97,42.97,351,0,GIGAZUHAUSE KABEL,0
18 - 24,NRW,34.99,34.99,366,0,GIGAZUHAUSE TREUE C,0
65 - 69,NRW,40.99,34.99,255,0,RED INTERNET & PHONE CABLE U,1
35 - 39,KBW,24.99,24.99,213,2,GIGAZUHAUSE TREUE C,1
not available,KBW,70.98,49.99,345,0,GIGAZUHAUSE TREUE C,0
60 - 64,HSN,49.97,39.99,686,0,3PLAY TREUE,0
35 - 39,NRW,34.99,34.99,30,0,RED INTERNET & PHONE CABLE U,1
45 - 49,HSN,74.96,49.99,368,0,GIGAZUHAUSE KABEL,1
25 - 29,KBW,37.98,37.98,304,0,GIGAZUHAUSE TREUE D,0
50 - 54,NRW,39.99,39.99,95,1,RED INTERNET & PHONE CABLE U,0
40 - 44,KBW,48.97,48.97,67,0,VF CABLEMAX,0
35 - 39,HSN,24.99,24.99,30,0,INTERNET COMFORT,1
45 - 49,NRW,48.97,48.97,30,0,RED INTERNET & PHONE CABLE U,1
45 - 49,KBW,39.98,39.98,30,0,VF CABLEMAX,0
35 - 39,HSN,32.99,32.99,191,1,GIGAZUHAUSE TREUE B,1
25 - 29,NRW,34.99,34.99,30,0,GIGAZUHAUSE TREUE C,0
25 - 29,NRW,38.98,38.98,135,0,GIGAZUHAUSE KABEL,1
75 - 79,KBW,82.3,34.98,30,0,VF RIP U-TREUE,0
60 - 64,KBW,26.49,26.49,30,0,VF RIP U-TREUE,0
45 - 49,KBW,37.98,37.98,30,0,VF RIP U-TREUE,0
35 - 39,NRW,39.99,39.99,30,0,VF RIP U-TREUE,1
18 - 24,KBW,39.98,39.98,87,0,VF CABLEMAX,1
30 - 34,NRW,37.97,37.97,30,0,RED INTERNET & PHONE CABLE U,1
25 - 29,NRW,47.98,47.98,365,0,GIGAZUHAUSE KABEL,1
40 - 44,NRW,43.97,43.97,214,0,GIGAZUHAUSE TREUE B,0
50 - 54,NRW,30.88,30.88,30,1,RED INTERNET & PHONE CABLE U,1
60 - 64,NRW,26.99,29.99,58,0,VF RIP U-TREUE,0
30 - 34,NRW,49.99,49.99,30,0,RED INTERNET & PHONE CABLE U,1
25 - 29,NRW,44.98,44.98,30,0,VF CABLEMAX,0
60 - 64,HSN,37.98,37.98,201,0,GIGAZUHAUSE TREUE B,0
40 - 44,HSN,44.98,44.98,109,0,VF CABLEMAX,1
70 - 74,NRW,29.98,29.98,30,0,RED INTERNET & PHONE CABLE U,1
70 - 74,NRW,50.0,34.99,30,0,RED INTERNET & PHONE CABLE U,1
80 and over,HSN,75.93,53.96,30,0,VF CABLEMAX,0
40 - 44,HSN,0.0,0.0,30,0,MMA MB,0
45 - 49,KBW,49.99,49.99,239,0,GIGAZUHAUSE TREUE C,0
65 - 69,NRW,56.34,34.99,30,0,RED INTERNET & PHONE CABLE U,0
35 - 39,NRW,77.93,37.98,30,0,VF RIP U-TREUE,0
45 - 49,HSN,49.99,49.99,30,0,RED INTERNET & PHONE CABLE U,1
35 - 39,HSN,21.99,24.99,46,1,VF RIP U-TREUE,0
50 - 54,KBW,42.99,42.99,375,0,GIGAZUHAUSE TREUE C,0
70 - 74,KBW,75.77,50.78,30,0,3PLAY + PAY,0
40 - 44,KBW,189.88,189.88,30,0,VF CABLEMAX,1
40 - 44,NRW,34.97,34.97,30,0,VF CABLEMAX,1
70 - 74,KBW,44.97,34.99,469,0,RED INTERNET & PHONE CABLE U,0
35 - 39,KBW,39.99,39.99,30,2,VF RIP U-TREUE,1
40 - 44,KBW,44.97,44.97,30,0,RED INTERNET & PHONE CABLE U,1
65 - 69,NRW,73.78,38.43,30,0,GIGAZUHAUSE KABEL,1
55 - 59,KBW,59.98,39.99,119,0,VF CABLEMAX,0
40 - 44,HSN,44.98,44.98,30,0,VF CABLEMAX,1
50 - 54,KBW,62.97,42.98,30,0,VF RIP U-TREUE,0
80 and over,HSN,60.25,39.89,30,0,3PLAY,0
70 - 74,NRW,34.99,34.99,30,0,VF RIP U-TREUE,0
75 - 79,KBW,58.96,37.97,30,0,3PLAY,0
55 - 59,KBW,52.96,34.99,610,0,RED INTERNET & PHONE CABLE U,1
45 - 49,NRW,42.97,42.97,323,0,GIGAZUHAUSE KABEL,0
50 - 54,KBW,33.98,33.98,30,0,RED INTERNET & PHONE CABLE U,1
40 - 44,NRW,44.98,44.98,30,0,VF CABLEMAX,0
40 - 44,NRW,39.99,39.99,30,0,VF RIP U-TREUE,0
30 - 34,HSN,43.98,43.98,30,0,RED INTERNET & PHONE CABLE U,1
60 - 64,NRW,42.98,42.98,30,0,VF RIP U-TREUE,0
25 - 29,NRW,39.98,39.98,164,0,GIGAZUHAUSE KABEL,0
40 - 44,NRW,39.99,39.99,30,0,RED INTERNET & PHONE CABLE U,1
30 - 34,NRW,42.95,17.99,30,0,VF RIP U-TREUE,1
18 - 24,KBW,43.98,43.98,30,0,RED INTERNET & PHONE CABLE U,1
40 - 44,NRW,39.97,42.97,85,0,VF RIP U-TREUE,0
55 - 59,NRW,82.93,47.97,388,0,VF RIP U-TREUE,1
25 - 29,KBW,49.99,49.99,243,0,GIGAZUHAUSE KABEL,1
25 - 29,NRW,44.98,44.98,109,0,RED INTERNET & PHONE CABLE U,1
35 - 39,KBW,34.99,34.99,107,0,RED INTERNET & PHONE CABLE U,0
55 - 59,NRW,67.41,36.43,30,0,GIGAZUHAUSE KABEL,0
18 - 24,NRW,42.97,42.97,395,0,GIGAZUHAUSE KABEL,1
65 - 69,NRW,35.86,35.86,30,0,2PLAY,0
40 - 44,KBW,34.99,34.99,30,0,RED INTERNET & PHONE CABLE U,0
80 and over,KBW,60.98,39.99,30,0,VF RIP U-TREUE,1
70 - 74,NRW,56.85,35.86,30,0,2PLAY,0
60 - 64,KBW,74.95,49.97,58,0,VF CABLEMAX,1
40 - 44,HSN,34.99,34.99,30,0,RED INTERNET & PHONE CABLE U,1
65 - 69,NRW,47.99,47.99,417,0,VF RIP U-TREUE,1
40 - 44,NRW,38.98,38.98,30,0,RED INTERNET & PHONE CABLE U,1
55 - 59,HSN,59.98,44.99,270,0,GIGAZUHAUSE KABEL,0
25 - 29,NRW,34.99,34.99,63,0,RED INTERNET & PHONE CABLE U,1
70 - 74,KBW,34.98,34.98,30,0,2PLAY TREU,1
18 - 24,HSN,39.98,39.98,156,0,GIGAZUHAUSE KABEL,0
75 - 79,NRW,29.99,29.99,30,0,VF RIP U-TREUE,1
55 - 59,KBW,39.98,39.98,30,0,VF CABLEMAX,1
75 - 79,KBW,30.98,24.99,569,0,RED INTERNET & PHONE CABLE U,0
40 - 44,KBW,39.99,39.99,30,0,RED INTERNET & PHONE CABLE U,0
30 - 34,NRW,49.99,49.99,30,0,GIGAZUHAUSE KABEL,0
30 - 34,KBW,39.98,39.98,30,2,VF CABLEMAX,0
35 - 39,HSN,51.98,51.98,30,0,VF RIP U-TREUE,0
55 - 59,NRW,54.98,54.98,30,0,GIGAZUHAUSE KABEL,0
60 - 64,KBW,44.77,37.78,434,0,RED INTERNET & PHONE CABLE U,0
40 - 44,NRW,34.99,34.99,272,0,RED INTERNET & PHONE CABLE U,1
25 - 29,NRW,59.98,59.98,30,0,RED INTERNET & PHONE CABLE U,1
30 - 34,KBW,39.99,39.99,68,0,RED INTERNET & PHONE CABLE U,1
65 - 69,NRW,70.34,49.98,30,0,3PLAY TREUE,0
60 - 64,KBW,59.98,29.99,30,0,VF RIP U-TREUE,1
55 - 59,KBW,40.98,40.98,30,0,VF RIP U-TREUE,0
40 - 44,NRW,34.99,34.99,7,1,RED INTERNET & PHONE CABLE U,1
40 - 44,KBW,55.93,48.94,561,0,3PLAY START,1
45 - 49,HSN,47.98,32.99,145,0,GIGAZUHAUSE TREUE B,0
55 - 59,NRW,19.99,24.99,30,0,RED INTERNET & PHONE CABLE U,0
30 - 34,HSN,59.97,24.99,277,0,GIGAZUHAUSE TREUE C,0
30 - 34,KBW,39.98,39.98,130,0,GIGAZUHAUSE KABEL,1
55 - 59,HSN,85.33,54.99,668,0,RED INTERNET & PHONE CABLE U,1
60 - 64,NRW,0.0,0.0,30,0,MMA,0
75 - 79,KBW,54.97,54.97,30,0,VF RIP U-TREUE,0
55 - 59,NRW,32.99,32.99,30,0,VF RIP U-TREUE,1
70 - 74,KBW,42.77,37.78,638,0,2PLAY,0
25 - 29,NRW,44.98,44.98,30,0,RED INTERNET & PHONE CABLE U,1
45 - 49,HSN,43.98,43.98,30,0,RED INTERNET & PHONE CABLE U,1
55 - 59,HSN,44.97,44.97,30,0,VF CABLEMAX,1
80 and over,NRW,42.98,42.98,30,0,VF RIP U-TREUE,1
30 - 34,KBW,39.99,39.99,30,0,VF RIP U-TREUE,0
35 - 39,NRW,44.98,44.98,30,0,RED INTERNET & PHONE CABLE U,0
30 - 34,NRW,39.99,39.99,30,0,RED INTERNET & PHONE CABLE U,1
65 - 69,KBW,42.98,39.99,30,0,VF RIP U-TREUE,1
35 - 39,NRW,25.97,25.97,30,0,INTERNET,1
55 - 59,NRW,65.95,40.97,354,0,GIGAZUHAUSE TREUE B,1
25 - 29,HSN,39.98,39.98,122,0,GIGAZUHAUSE KABEL,1
35 - 39,HSN,31.98,24.99,30,0,VF RIP U-TREUE,1
25 - 29,KBW,49.97,49.97,60,0,VF CABLEMAX,1
60 - 64,NRW,67.96,48.98,30,0,RED INTERNET & PHONE CABLE U,1
70 - 74,HSN,44.98,44.98,30,0,VF CABLEMAX,1
40 - 44,HSN,62.98,62.98,283,0,GIGAZUHAUSE KABEL,1
55 - 59,HSN,48.97,44.98,675,0,VF CABLEMAX,0
25 - 29,NRW,48.97,48.97,30,0,RED INTERNET & PHONE CABLE U,1
30 - 34,KBW,69.96,44.98,30,0,VF CABLEMAX,1
25 - 29,KBW,29.99,29.99,117,0,RIP CABLE U TREUE,1
40 - 44,NRW,34.99,34.99,30,0,RED INTERNET & PHONE CABLE U,0
75 - 79,NRW,99.94,59.98,86,0,RED INTERNET & PHONE CABLE U,0
18 - 24,NRW,48.97,48.97,30,0,VF CABLEMAX,1
80 and over,KBW,45.36,25.0,30,0,RED INTERNET & PHONE CABLE U,0
55 - 59,NRW,61.95,37.97,30,0,RED INTERNET & PHONE CABLE U,1
35 - 39,NRW,43.87,40.88,30,0,RED INTERNET & PHONE CABLE U,1
50 - 54,KBW,44.98,44.98,30,0,VF CABLEMAX,1
50 - 54,NRW,48.97,48.97,30,0,VF CABLEMAX,1
30 - 34,NRW,13.99,13.99,30,0,EAZY,0
50 - 54,HSN,27.98,24.99,30,0,INTERNET COMFORT,0
40 - 44,KBW,39.98,39.98,210,0,GIGAZUHAUSE KABEL,1
30 - 34,NRW,29.99,29.99,30,0,VF RIP U-TREUE,1
30 - 34,NRW,34.99,34.99,30,0,RED INTERNET & PHONE CABLE U,1
30 - 34,KBW,39.99,39.99,30,0,RED INTERNET & PHONE CABLE U,0
80 and over,KBW,12.97,12.97,585,0,GIGAZUHAUSE KABEL,0
40 - 44,KBW,25.97,25.97,30,0,INTERNET,0
55 - 59,KBW,56.75,35.76,30,0,2PLAY,0
60 - 64,KBW,34.99,34.99,30,0,RED INTERNET & PHONE CABLE U,1
25 - 29,NRW,34.99,34.99,30,0,RED INTERNET & PHONE CABLE U,0
25 - 29,KBW,49.97,49.97,30,0,VF CABLEMAX,0
45 - 49,KBW,44.98,44.98,30,0,RED INTERNET & PHONE CABLE U,1
80 and over,KBW,73.97,58.98,93,0,RED INTERNET & PHONE CABLE U,0
25 - 29,NRW,44.98,44.98,50,0,RED INTERNET & PHONE CABLE U,1
65 - 69,KBW,169.92,169.92,30,0,VF CABLEMAX,0
35 - 39,NRW,39.99,39.99,30,0,VF RIP U-TREUE,1
35 - 39,HSN,39.99,39.99,30,0,RED INTERNET & PHONE CABLE U,1
65 - 69,KBW,52.98,52.98,30,0,VF RIP U-TREUE,1
30 - 34,KBW,29.98,29.98,30,0,2PLAY TREUE,0
40 - 44,NRW,24.99,34.99,30,0,RED INTERNET & PHONE CABLE U,1
80 and over,NRW,43.98,43.98,94,0,RED INTERNET & PHONE CABLE U,1
30 - 34,KBW,34.99,34.99,30,0,VF RIP U-TREUE,1
18 - 24,NRW,58.98,58.98,57,0,RED INTERNET & PHONE CABLE U,0
65 - 69,KBW,39.99,39.99,30,0,RED INTERNET & PHONE CABLE U,0
40 - 44,HSN,60.96,39.98,575,0,VF CABLEMAX,0
40 - 44,KBW,27.97,27.97,30,0,RED INTERNET & PHONE CABLE U,0
80 and over,KBW,68.32,47.96,30,0,GIGAZUHAUSE KABEL,1
70 - 74,HSN,45.87,34.99,553,0,RED INTERNET & PHONE CABLE U,0
70 - 74,NRW,42.98,42.98,30,0,VF RIP U-TREUE,1
50 - 54,KBW,44.99,44.99,30,0,RED INTERNET & PHONE CABLE U,1
75 - 79,NRW,34.99,34.99,94,0,RED INTERNET & PHONE CABLE U,1
80 and over,HSN,27.98,27.98,152,0,GIGAZUHAUSE TREUE B,0
30 - 34,NRW,44.98,44.98,30,0,VF CABLEMAX,1
55 - 59,KBW,44.98,44.98,30,0,RED INTERNET & PHONE CABLE U,1
50 - 54,NRW,64.97,44.98,207,0,VF CABLEMAX,0
25 - 29,KBW,44.98,44.98,30,0,RED INTERNET & PHONE CABLE U,0
55 - 59,NRW,54.98,54.98,30,0,GIGAZUHAUSE KABEL,0
60 - 64,NRW,42.97,42.97,30,0,3PLAY START,0
50 - 54,NRW,59.98,39.99,30,0,VF RIP U-TREUE,0
30 - 34,NRW,44.98,44.98,122,0,VF CABLEMAX,0
25 - 29,KBW,44.98,44.98,30,0,RED INTERNET & PHONE CABLE U,1
55 - 59,KBW,41.98,34.99,30,0,RED INTERNET & PHONE CABLE U,1
40 - 44,NRW,44.98,34.99,207,2,VF CABLEMAX,0
65 - 69,KBW,78.31,51.96,30,0,VF RIP U-TREUE,1
60 - 64,NRW,34.99,34.99,30,0,RED INTERNET & PHONE CABLE U,0
55 - 59,KBW,98.93,40.98,30,0,RED INTERNET & PHONE CABLE U,0
40 - 44,NRW,44.98,44.98,30,0,GIGAZUHAUSE KABEL,0
55 - 59,HSN,37.99,37.99,30,0,VF RIP U-TREUE,0
50 - 54,KBW,49.97,49.97,37,1,VF CABLEMAX,0
30 - 34,KBW,37.99,37.99,30,0,VF RIP U-TREUE,0
25 - 29,NRW,79.98,49.99,30,0,RED INTERNET & PHONE CABLE U,0
50 - 54,NRW,86.94,63.97,673,0,RED INTERNET & PHONE CABLE U,1
25 - 29,HSN,38.98,38.98,136,0,GIGAZUHAUSE KABEL,1
40 - 44,KBW,13.99,13.99,30,0,EAZY,0
55 - 59,KBW,34.99,34.99,30,0,GIGAZUHAUSE TREUE C,0
35 - 39,KBW,54.99,54.99,30,0,RED INTERNET & PHONE CABLE U,1
75 - 79,NRW,81.96,39.99,30,0,VF RIP U-TREUE,1
35 - 39,NRW,39.99,39.99,30,0,RED INTERNET & PHONE CABLE U,0
40 - 44,NRW,72.96,41.98,30,0,VF RIP U-TREUE,0
30 - 34,KBW,49.97,49.97,30,0,VF CABLEMAX,0
50 - 54,KBW,44.99,44.99,219,0,GIGAZUHAUSE TREUE B,0
25 - 29,NRW,39.98,39.98,149,0,GIGAZUHAUSE KABEL,1
70 - 74,HSN,55.95,42.97,678,0,3PLAY TREUE,0
35 - 39,NRW,39.98,39.98,126,0,VF CABLEMAX,0
45 - 49,HSN,89.96,59.98,30,0,RED INTERNET & PHONE CABLE U,1
25 - 29,NRW,39.99,39.99,108,0,RED INTERNET & PHONE CABLE U,1
55 - 59,NRW,49.99,49.99,88,0,RED INTERNET & PHONE CABLE U,1
45 - 49,KBW,44.99,44.99,205,0,GIGAZUHAUSE KABEL,1
45 - 49,KBW,44.98,44.98,30,0,RED INTERNET & PHONE CABLE U,1
18 - 24,KBW,92.96,62.98,355,0,GIGAZUHAUSE KABEL,1
30 - 34,HSN,58.98,58.98,57,0,RED INTERNET & PHONE CABLE U,1
65 - 69,NRW,50.98,29.99,30,0,RED INTERNET & PHONE CABLE U,0
30 - 34,NRW,18.99,18.99,363,1,EAZY,0
25 - 29,HSN,39.99,39.99,30,0,RED INTERNET & PHONE CABLE U,1
50 - 54,KBW,49.97,49.97,30,0,RED INTERNET & PHONE CABLE U,1
55 - 59,HSN,59.99,59.99,30,3,TREUEPLUS,1
80 and over,KBW,39.98,39.98,30,0,RED INTERNET & PHONE CABLE U,1
40 - 44,HSN,19.99,29.99,152,0,RED INTERNET & PHONE CABLE U,1
45 - 49,NRW,53.96,53.96,30,0,VF CABLEMAX,0
45 - 49,KBW,37.99,37.99,30,0,VF RIP U-TREUE,0
25 - 29,NRW,52.98,52.98,290,1,GIGAZUHAUSE KABEL,0
65 - 69,KBW,30.0,25.0,632,0,RED INTERNET & PHONE CABLE U,1
25 - 29,NRW,82.95,51.98,30,0,VF RIP U-TREUE,1
70 - 74,NRW,34.99,34.99,142,0,GIGAZUHAUSE TREUE C,0
30 - 34,NRW,19.99,19.99,30,0,EAZY,0
60 - 64,NRW,34.99,34.99,30,0,RED INTERNET & PHONE CABLE U,0
25 - 29,NRW,34.99,34.99,86,0,RED INTERNET & PHONE CABLE U,1
65 - 69,HSN,49.98,49.98,313,0,GIGAZUHAUSE KABEL,1
60 - 64,NRW,76.94,55.95,30,0,3PLAY PLUS,0
80 and over,KBW,11.98,11.98,30,0,EAZY,0
70 - 74,NRW,57.98,42.99,30,0,VF RIP U-TREUE,1
80 and over,HSN,53.97,32.99,30,0,VF RIP U-TREUE,1
80 and over,NRW,55.97,32.99,30,0,VF RIP U-TREUE,0
25 - 29,NRW,34.99,34.99,30,0,RED INTERNET & PHONE CABLE U,1
30 - 34,KBW,52.98,52.98,30,0,GIGAZUHAUSE KABEL,0
55 - 59,HSN,27.99,27.99,210,0,GIGAZUHAUSE TREUE B,0
25 - 29,NRW,44.98,44.98,30,0,RED INTERNET & PHONE CABLE U,0
25 - 29,KBW,44.98,44.98,58,0,RED INTERNET & PHONE CABLE U,1
30 - 34,NRW,42.97,42.97,283,1,GIGAZUHAUSE TREUE D,0
65 - 69,KBW,40.8,40.8,30,0,2PLAY,0
25 - 29,NRW,44.99,44.99,216,0,GIGAZUHAUSE KABEL,1
65 - 69,KBW,63.96,42.97,30,0,RED INTERNET & PHONE CABLE U,1
30 - 34,HSN,44.98,44.98,35,0,RED INTERNET & PHONE CABLE U,1
55 - 59,KBW,54.98,34.99,30,0,VF RIP U-TREUE,1
70 - 74,NRW,38.96,24.99,30,0,RED INTERNET & PHONE CABLE U,1
80 and over,NRW,33.0,25.0,30,0,RED INTERNET & PHONE CABLE U,0
80 and over,KBW,34.99,34.99,30,0,RED INTERNET & PHONE CABLE U,0
80 and over,NRW,70.98,49.99,30,0,RED INTERNET & PHONE CABLE U,0
70 - 74,KBW,29.99,24.99,624,1,GIGAZUHAUSE TREUE C,0
80 and over,KBW,60.35,39.99,30,0,RED INTERNET & PHONE CABLE U,0
60 - 64,NRW,29.98,39.98,30,0,VF RIP U-TREUE,1
25 - 29,NRW,39.99,39.99,30,0,RED INTERNET & PHONE CABLE U,1
25 - 29,NRW,34.98,44.98,30,0,VF CABLEMAX,0
55 - 59,NRW,76.96,54.99,30,0,RED INTERNET & PHONE CABLE U,1
50 - 54,KBW,74.96,38.98,81,0,VF RIP U-TREUE,0
18 - 24,NRW,34.99,34.99,67,0,RED INTERNET & PHONE CABLE U,1
40 - 44,KBW,44.98,44.98,61,0,VF CABLEMAX,0
45 - 49,NRW,29.99,29.99,30,0,VF RIP U-TREUE,1
30 - 34,HSN,34.99,34.99,386,0,RED INTERNET & PHONE CABLE U,0
55 - 59,NRW,68.97,34.99,30,0,RED INTERNET & PHONE CABLE U,1
40 - 44,NRW,20.9,20.9,30,0,1PLAY,1
55 - 59,KBW,37.97,37.97,30,0,RED INTERNET & PHONE CABLE U,0
45 - 49,NRW,44.98,44.98,30,0,VF CABLEMAX,0
40 - 44,HSN,44.98,44.98,30,0,RED INTERNET & PHONE CABLE U,0
70 - 74,NRW,34.99,34.99,30,0,RED INTERNET & PHONE CABLE U,0
45 - 49,NRW,39.99,39.99,30,0,VF RIP U-TREUE,1
65 - 69,HSN,81.95,39.98,289,0,GIGAZUHAUSE KABEL,0
18 - 24,HSN,63.98,63.98,142,0,GIGAZUHAUSE KABEL,1
60 - 64,KBW,84.96,63.97,30,0,RED INTERNET & PHONE CABLE U,1
55 - 59,NRW,77.94,47.96,239,0,GIGAZUHAUSE KABEL,0
25 - 29,NRW,34.99,34.99,360,0,VF CABLEMAX,0
75 - 79,NRW,34.99,34.99,181,0,GIGAZUHAUSE KABEL,1
55 - 59,NRW,39.98,39.98,30,0,RED INTERNET & PHONE CABLE U,0
75 - 79,NRW,68.94,44.98,546,0,VF CABLEMAX,0
50 - 54,NRW,49.98,49.98,30,0,VF RIP U-TREUE,1
25 - 29,KBW,44.98,44.98,30,0,RED INTERNET & PHONE CABLE U,1
30 - 34,NRW,37.98,37.98,264,0,GIGAZUHAUSE KABEL,1
60 - 64,KBW,79.95,59.98,30,0,RED INTERNET & PHONE CABLE U,0
45 - 49,NRW,39.99,39.99,31,0,RED INTERNET & PHONE CABLE U,1
35 - 39,NRW,84.93,54.98,679,1,GIGAZUHAUSE CABLEMAX,1
35 - 39,NRW,44.98,44.98,30,0,RED INTERNET & PHONE CABLE U,1
60 - 64,HSN,49.98,49.98,30,0,TREUEPLUS,0
70 - 74,KBW,47.99,47.99,30,0,VF RIP U-TREUE,0
25 - 29,KBW,49.97,49.97,30,0,VF CABLEMAX,0
35 - 39,KBW,44.98,44.98,30,0,RED INTERNET & PHONE CABLE U,1
80 and over,NRW,34.99,34.99,30,0,RED INTERNET & PHONE CABLE U,1
30 - 34,KBW,44.99,44.99,154,0,GIGAZUHAUSE KABEL,1
70 - 74,NRW,44.98,44.98,30,0,RED INTERNET & PHONE CABLE U,1
55 - 59,HSN,34.98,34.98,257,0,GIGAZUHAUSE TREUE C,0
80 and over,NRW,42.98,42.98,30,0,VF RIP U-TREUE,1
40 - 44,HSN,32.99,32.99,30,0,VF RIP U-TREUE,0
30 - 34,KBW,70.98,49.99,30,0,RED INTERNET & PHONE CABLE U,0
60 - 64,HSN,63.98,63.98,186,0,GIGAZUHAUSE KABEL,1
55 - 59,NRW,39.98,39.98,30,2,RED INTERNET & PHONE CABLE U,1
25 - 29,KBW,74.96,44.98,30,0,VF CABLEMAX,1
50 - 54,HSN,59.99,59.99,109,0,GIGAZUHAUSE KABEL,1
60 - 64,KBW,69.96,49.97,131,0,VF CABLEMAX,1
25 - 29,NRW,34.99,34.99,151,0,GIGAZUHAUSE KABEL,0
30 - 34,HSN,39.98,39.98,30,0,RED INTERNET & PHONE CABLE U,1
45 - 49,NRW,44.98,44.98,30,0,VF CABLEMAX,1
40 - 44,KBW,77.97,37.99,30,0,VF RIP U-TREUE,1
45 - 49,HSN,60.35,39.99,30,0,VF RIP U-TREUE,1
45 - 49,HSN,44.89,44.89,30,0,2PLAY PLUS,1
75 - 79,HSN,37.99,37.99,30,3,VF RIP U-TREUE,1
45 - 49,NRW,51.96,48.97,68,0,VF CABLEMAX,1
25 - 29,NRW,44.98,44.98,30,0,VF CABLEMAX,0
75 - 79,KBW,34.99,34.99,30,0,RED INTERNET & PHONE CABLE U,0
70 - 74,HSN,61.89,40.9,30,0,2PLAY PLUS,0
35 - 39,NRW,25.87,25.87,30,0,INTERNET,1
30 - 34,NRW,29.99,29.99,4,0,VF RIP U-TREUE,1
45 - 49,NRW,39.99,39.99,30,0,RED INTERNET & PHONE CABLE U,1
30 - 34,NRW,44.98,44.98,30,0,VF CABLEMAX,1
45 - 49,HSN,70.86,44.99,539,1,VF RIP U-TREUE,1
25 - 29,HSN,29.99,29.99,267,0,VF RIP U-TREUE,0
30 - 34,KBW,42.97,42.97,305,0,GIGAZUHAUSE KABEL,1
55 - 59,NRW,54.97,39.98,687,0,GIGAZUHAUSE TREUE C,1
35 - 39,NRW,29.99,29.99,30,0,VF RIP U-TREUE,0
30 - 34,NRW,44.98,44.98,30,0,VF CABLEMAX,0
18 - 24,HSN,59.98,49.99,30,0,RED INTERNET & PHONE CABLE U,0
50 - 54,NRW,39.98,39.98,30,0,GIGAZUHAUSE KABEL,0
30 - 34,NRW,37.98,37.98,325,1,GIGAZUHAUSE TREUE B,1
35 - 39,KBW,44.98,44.98,30,0,RED INTERNET & PHONE CABLE U,1
25 - 29,KBW,44.98,44.98,30,0,VF CABLEMAX,1
30 - 34,NRW,34.99,34.99,30,0,RED INTERNET & PHONE CABLE U,1
45 - 49,KBW,52.97,52.97,30,0,GIGAZUHAUSE KABEL,1
70 - 74,NRW,27.99,27.99,178,0,GIGAZUHAUSE TREUE B,0
80 and over,NRW,34.99,34.99,30,0,RED INTERNET & PHONE CABLE U,0
25 - 29,HSN,59.97,39.98,30,0,VF CABLEMAX,0
80 and over,NRW,43.83,43.83,30,0,3PLAY,1
80 and over,HSN,61.89,40.9,30,0,2PLAY PLUS,1
45 - 49,NRW,28.88,28.88,30,0,3PLAY SMART,0
65 - 69,NRW,64.97,44.98,30,0,VF RIP U-TREUE,1
35 - 39,NRW,64.96,39.98,103,0,VF CABLEMAX,1
60 - 64,NRW,34.98,37.98,77,0,VF RIP U-TREUE,1
45 - 49,NRW,74.95,49.97,30,0,RED INTERNET & PHONE CABLE U,1
40 - 44,KBW,47.98,34.99,698,0,RED INTERNET & PHONE CABLE U,0
50 - 54,NRW,44.99,44.99,164,1,GIGAZUHAUSE KABEL,1
60 - 64,KBW,49.99,49.99,30,0,GIGAZUHAUSE KABEL,1
35 - 39,KBW,32.98,32.98,120,0,GIGAZUHAUSE TREUE B,1
25 - 29,HSN,32.99,32.99,391,0,GIGAZUHAUSE TREUE B,0
60 - 64,NRW,34.97,24.99,587,0,GIGAZUHAUSE TREUE C,0
40 - 44,KBW,27.99,27.99,133,0,GIGAZUHAUSE TREUE B,1
30 - 34,NRW,39.99,39.99,30,0,VF RIP U-TREUE,0
80 and over,KBW,44.96,27.99,498,0,GIGAZUHAUSE TREUE B,0
65 - 69,KBW,49.98,29.99,248,0,GIGAZUHAUSE TREUE C,0
25 - 29,KBW,44.98,44.98,30,0,RED INTERNET & PHONE CABLE U,1
70 - 74,NRW,64.98,64.98,30,0,TREUEPLUS,1
40 - 44,NRW,37.99,37.99,30,0,VF RIP U-TREUE,0
30 - 34,KBW,48.97,48.97,30,0,VF CABLEMAX,1
80 and over,NRW,42.98,32.99,117,0,VF RIP U-TREUE,0
45 - 49,KBW,44.98,44.98,123,0,RED INTERNET & PHONE CABLE U,0
80 and over,NRW,31.96,0.0,30,0,HSI HZ BOX ONLY,1
65 - 69,KBW,34.99,34.99,30,0,RED INTERNET & PHONE CABLE U,0
65 - 69,KBW,44.98,44.98,30,0,VF RIP U-TREUE,1
30 - 34,NRW,44.97,49.97,106,0,VF CABLEMAX,1
55 - 59,KBW,44.97,44.97,318,0,VF CABLEMAX,0
18 - 24,NRW,39.99,39.99,61,0,RED INTERNET & PHONE CABLE U,1
30 - 34,KBW,42.97,42.97,30,0,2PLAY COMFORT,0
80 and over,KBW,46.94,25.95,30,0,RED INTERNET & PHONE CABLE U,0
55 - 59,KBW,50.98,37.99,30,0,VF RIP U-TREUE,0
55 - 59,NRW,49.97,24.99,126,0,VF RIP U-TREUE,1
18 - 24,HSN,48.97,48.97,82,0,VF CABLEMAX,1
80 and over,KBW,43.78,30.79,693,0,GIGAZUHAUSE KABEL,1
25 - 29,KBW,42.98,42.98,30,0,VF RIP U-TREUE,1
35 - 39,NRW,54.99,54.99,26,1,RED INTERNET & PHONE CABLE U,1
25 - 29,KBW,49.99,49.99,30,0,GIGAZUHAUSE KABEL,0
75 - 79,KBW,51.94,30.95,30,0,RED INTERNET & PHONE CABLE U,0
45 - 49,KBW,54.98,54.98,30,0,VF RIP U-TREUE,1
40 - 44,NRW,34.99,34.99,30,0,RED INTERNET & PHONE CABLE U,1
80 and over,HSN,38.97,38.97,30,0,VF RIP U-TREUE,1
30 - 34,NRW,44.98,44.98,30,0,VF CABLEMAX,1
50 - 54,NRW,46.92,39.99,530,0,RED INTERNET & PHONE CABLE U,0
35 - 39,NRW,54.98,34.99,141,0,GIGAZUHAUSE TREUE C,1
40 - 44,KBW,63.97,63.97,30,0,RED INTERNET & PHONE CABLE U,0
65 - 69,KBW,113.36,109.36,30,0,3PLAY + PAY,0
55 - 59,KBW,32.99,32.99,30,0,VF RIP U-TREUE,0
80 and over,KBW,58.14,37.78,30,0,RED INTERNET & PHONE CABLE U,0
60 - 64,NRW,49.99,49.99,221,0,GIGAZUHAUSE TREUE C,1
60 - 64,KBW,78.95,57.96,30,0,2PLAY TREUE,0
50 - 54,KBW,65.97,44.98,30,0,VF RIP U-TREUE,0
50 - 54,KBW,44.98,44.98,30,0,GIGAZUHAUSE KABEL,1
40 - 44,NRW,24.99,24.99,30,0,INTERNET COMFORT,0
60 - 64,HSN,66.94,44.98,30,0,VF CABLEMAX,1
35 - 39,KBW,29.99,29.99,30,0,INTERNET PREMIUM,0
45 - 49,KBW,39.99,39.99,30,0,RED INTERNET & PHONE CABLE U,0
50 - 54,NRW,34.99,34.99,30,0,RED INTERNET & PHONE CABLE U,0
30 - 34,HSN,34.99,34.99,30,0,VF RIP U-TREUE,1
50 - 54,KBW,42.0,34.99,101,0,VF CABLEMAX,0
35 - 39,NRW,49.97,49.97,30,1,VF CABLEMAX,1
30 - 34,NRW,29.99,29.99,30,0,VF RIP U-TREUE,1
35 - 39,HSN,41.97,41.97,183,0,GIGAZUHAUSE TREUE B,0
35 - 39,NRW,29.99,29.99,30,0,VF RIP U-TREUE,0
45 - 49,NRW,44.98,44.98,30,0,RED INTERNET & PHONE CABLE U,0
75 - 79,NRW,43.95,43.95,0,0,3PLAY SMART,0
35 - 39,KBW,169.92,169.92,30,0,VF CABLEMAX,0
65 - 69,NRW,34.99,34.99,207,0,VF CABLEMAX,0
55 - 59,KBW,49.97,49.97,30,0,VF CABLEMAX,0
55 - 59,HSN,52.98,52.98,30,0,GIGAZUHAUSE KABEL,1
45 - 49,NRW,14.99,14.99,30,0,EAZY FLEX,1
25 - 29,NRW,44.99,44.99,121,0,GIGAZUHAUSE KABEL,0
45 - 49,KBW,49.97,49.97,30,0,VF CABLEMAX,1
65 - 69,KBW,47.98,47.98,30,0,2PLAY PLUS,1
55 - 59,NRW,73.95,42.98,30,0,VF RIP U-TREUE,1
25 - 29,KBW,55.98,34.99,30,0,RED INTERNET & PHONE CABLE U,0
35 - 39,NRW,24.99,24.99,30,0,INTERNET COMFORT,0
40 - 44,NRW,42.99,42.99,315,0,GIGAZUHAUSE TREUE C,1
70 - 74,KBW,43.97,38.98,30,0,RED INTERNET & PHONE CABLE U,0
35 - 39,KBW,29.98,24.99,564,0,VF RIP U-TREUE,1
35 - 39,KBW,13.99,13.99,30,0,EAZY,0
55 - 59,KBW,63.97,42.98,30,0,2PLAY PLUS,0
40 - 44,KBW,32.99,32.99,360,0,GIGAZUHAUSE TREUE B,1
45 - 49,KBW,60.98,39.99,30,0,VF RIP U-TREUE,0
60 - 64,KBW,34.99,34.99,76,0,RED INTERNET & PHONE CABLE U,1
55 - 59,NRW,29.99,29.99,37,0,VF RIP U-TREUE,0
40 - 44,NRW,47.99,47.99,30,0,VF RIP U-TREUE,1
40 - 44,HSN,58.98,58.98,30,2,RED INTERNET & PHONE CABLE U,0
80 and over,KBW,44.98,44.98,30,0,RED INTERNET & PHONE CABLE U,1
75 - 79,KBW,42.97,42.97,30,0,RED INTERNET & PHONE CABLE U,0
45 - 49,NRW,77.95,52.98,318,0,GIGAZUHAUSE CABLEMAX,0
55 - 59,KBW,52.97,37.98,192,0,GIGAZUHAUSE TREUE D,1
45 - 49,KBW,44.98,44.98,64,0,RED INTERNET & PHONE CABLE U,1
40 - 44,HSN,49.97,49.97,51,0,VF CABLEMAX,0
60 - 64,KBW,44.98,44.98,30,0,RED INTERNET & PHONE CABLE U,1
60 - 64,NRW,47.96,47.96,225,0,GIGAZUHAUSE TREUE B,0
65 - 69,NRW,42.98,29.99,699,0,VF RIP U-TREUE,1
75 - 79,KBW,41.96,41.96,30,0,VF RIP U-TREUE,0
25 - 29,HSN,34.99,34.99,30,0,RED INTERNET & PHONE CABLE U,1
60 - 64,KBW,34.99,34.99,30,0,RED INTERNET & PHONE CABLE U,0
80 and over,NRW,22.99,22.99,303,0,GIGAZUHAUSE TREUE B,0
45 - 49,NRW,55.42,55.42,30,0,3PLAY COMFORT,1
35 - 39,NRW,34.99,34.99,30,0,RED INTERNET & PHONE CABLE U,1
60 - 64,NRW,39.99,39.99,16,0,RED INTERNET & PHONE CABLE U,1
35 - 39,NRW,54.97,44.98,83,0,VF CABLEMAX,0
40 - 44,NRW,44.98,44.98,36,0,VF CABLEMAX,0
80 and over,KBW,50.35,29.99,30,0,VF RIP U-TREUE,0
35 - 39,KBW,54.99,54.99,30,0,RED INTERNET & PHONE CABLE U,1
55 - 59,KBW,85.97,85.97,30,0,2PLAY PLUS,1
40 - 44,KBW,25.97,25.97,30,0,INTERNET,1
60 - 64,HSN,39.99,39.99,30,0,RED INTERNET & PHONE CABLE U,1
35 - 39,HSN,19.99,29.99,92,0,RED INTERNET & PHONE CABLE U,1
70 - 74,HSN,16.0,24.99,30,0,VF RIP U-TREUE,0
30 - 34,NRW,38.98,38.98,249,0,RED INTERNET & PHONE CABLE U,1
45 - 49,KBW,44.98,44.98,30,0,VF CABLEMAX,0
55 - 59,NRW,38.98,38.98,30,0,RED INTERNET & PHONE CABLE U,1
30 - 34,NRW,40.9,40.9,30,0,2PLAY PLUS,0
60 - 64,KBW,74.95,53.96,119,0,VF CABLEMAX,1
30 - 34,HSN,54.99,54.99,30,0,RED INTERNET & PHONE CABLE U,0
35 - 39,KBW,0.0,0.0,30,0,MMA,0
65 - 69,KBW,50.65,29.66,30,0,2PLAY,0
55 - 59,NRW,39.99,39.99,30,0,RED INTERNET & PHONE CABLE U,0
50 - 54,NRW,47.98,47.98,295,2,GIGAZUHAUSE KABEL,0
45 - 49,KBW,42.96,42.96,30,0,3PLAY TREUE,0
80 and over,KBW,36.73,36.73,717,0,GIGAZUHAUSE KABEL,0
45 - 49,NRW,100.94,44.98,30,0,VF CABLEMAX,1
40 - 44,NRW,44.98,44.98,30,0,VF CABLEMAX,1
70 - 74,NRW,29.98,24.99,30,0,RED INTERNET & PHONE CABLE U,0
30 - 34,HSN,49.98,49.98,261,0,GIGAZUHAUSE KABEL,1
40 - 44,KBW,39.99,39.99,30,0,RED INTERNET & PHONE CABLE U,0
18 - 24,NRW,49.98,49.98,185,0,GIGAZUHAUSE KABEL,0
25 - 29,NRW,44.98,44.98,135,0,VF CABLEMAX,1
75 - 79,NRW,34.99,34.99,30,0,RED INTERNET & PHONE CABLE U,0
35 - 39,KBW,53.98,48.99,30,0,3PLAY TREUE,0
35 - 39,HSN,54.97,44.98,30,0,VF CABLEMAX,0
25 - 29,KBW,49.99,49.99,30,0,RED INTERNET & PHONE CABLE U,1
60 - 64,KBW,72.93,45.97,30,0,VF RIP U-TREUE,0
40 - 44,KBW,78.97,54.99,30,0,3PLAY JUMP,1
65 - 69,HSN,45.87,34.99,631,0,RED INTERNET & PHONE CABLE U,1
60 - 64,KBW,42.97,42.97,30,0,RED INTERNET & PHONE CABLE U,0
55 - 59,NRW,44.98,44.98,30,0,RED INTERNET & PHONE CABLE U,0
50 - 54,NRW,81.94,54.98,30,0,RED INTERNET & PHONE CABLE U,1
25 - 29,NRW,44.98,44.98,30,1,VF CABLEMAX,1
60 - 64,HSN,29.99,29.99,30,0,VF RIP U-TREUE,1
30 - 34,NRW,42.98,39.99,30,0,VF RIP U-TREUE,1
35 - 39,NRW,34.99,34.99,30,0,RED INTERNET & PHONE CABLE U,1
50 - 54,KBW,24.99,24.99,30,0,INTERNET COMFORT,0
80 and over,NRW,42.98,27.99,109,0,GIGAZUHAUSE TREUE B,1
30 - 34,KBW,52.94,52.94,237,1,GIGAZUHAUSE TREUE C,1
70 - 74,NRW,69.96,44.98,30,0,VF CABLEMAX,1
55 - 59,NRW,49.97,49.97,30,0,VF CABLEMAX,1
75 - 79,KBW,32.97,32.97,30,0,RED INTERNET & PHONE CABLE U,0
30 - 34,NRW,39.98,39.98,164,0,GIGAZUHAUSE KABEL,1
40 - 44,KBW,39.98,39.98,215,0,GIGAZUHAUSE KABEL,0
65 - 69,KBW,34.97,27.99,517,1,GIGAZUHAUSE TREUE B,0
35 - 39,NRW,34.99,34.99,30,0,VF RIP U-TREUE,1
40 - 44,KBW,85.93,57.96,30,0,2PLAY FLY,0
80 and over,NRW,19.98,10.0,709,0,128KBIT,0
35 - 39,HSN,37.98,37.98,709,0,GIGAZUHAUSE TREUE B,1
70 - 74,KBW,32.99,32.99,30,0,VF RIP U-TREUE,0
35 - 39,KBW,24.99,24.99,30,0,INTERNET COMFORT,1
18 - 24,NRW,62.98,62.98,368,0,GIGAZUHAUSE KABEL,1
30 - 34,NRW,34.99,34.99,30,0,VF RIP U-TREUE,0
55 - 59,NRW,34.99,34.99,30,0,RED INTERNET & PHONE CABLE U,1
40 - 44,NRW,59.97,49.99,30,0,RED INTERNET & PHONE CABLE U,0
65 - 69,KBW,37.98,37.98,289,0,GIGAZUHAUSE KABEL,0
35 - 39,NRW,42.98,27.99,123,0,GIGAZUHAUSE TREUE B,1
60 - 64,NRW,44.97,29.98,297,0,GIGAZUHAUSE TREUE C,1
80 and over,NRW,51.97,34.99,30,0,RED INTERNET & PHONE CABLE U,0
80 and over,NRW,42.97,42.97,30,0,RED INTERNET & PHONE CABLE U,0
25 - 29,NRW,39.99,39.99,13,0,RED INTERNET & PHONE CABLE U,1
40 - 44,KBW,78.96,48.97,30,0,VF CABLEMAX,0
70 - 74,NRW,56.96,56.96,30,0,GIGAZUHAUSE KABEL,0
30 - 34,NRW,60.94,48.42,30,0,3PLAY COMFORT,0
50 - 54,KBW,44.99,44.99,253,0,GIGAZUHAUSE TREUE B,1
40 - 44,NRW,39.98,39.98,113,0,GIGAZUHAUSE KABEL,1
70 - 74,KBW,47.97,22.99,212,0,GIGAZUHAUSE TREUE B,0
35 - 39,NRW,32.99,32.99,30,0,VF RIP U-TREUE,1
40 - 44,NRW,24.99,24.99,30,0,INTERNET COMFORT,1
40 - 44,KBW,44.98,44.98,30,0,VF RIP U-TREUE,1
30 - 34,NRW,39.98,39.98,133,0,GIGAZUHAUSE KABEL,1
45 - 49,NRW,57.96,37.98,307,0,GIGAZUHAUSE TREUE B,0
25 - 29,HSN,39.99,39.99,30,0,RED INTERNET & PHONE CABLE U,0
25 - 29,KBW,44.98,44.98,33,0,VF CABLEMAX,1
30 - 34,NRW,47.97,44.98,30,0,RED INTERNET & PHONE CABLE U,1
25 - 29,KBW,39.98,39.98,206,0,GIGAZUHAUSE KABEL,1
55 - 59,KBW,44.98,44.98,30,0,RED INTERNET & PHONE CABLE U,1
75 - 79,NRW,34.99,34.99,30,0,VF RIP U-TREUE,0
45 - 49,NRW,65.98,44.99,30,0,3PLAY TREUE,1
70 - 74,NRW,34.99,34.99,30,0,RED INTERNET & PHONE CABLE U,0
50 - 54,KBW,39.99,39.99,529,0,VF RIP U-TREUE,0
40 - 44,KBW,49.99,49.99,30,0,RED INTERNET & PHONE CABLE U,1
75 - 79,NRW,32.99,32.99,324,0,GIGAZUHAUSE TREUE B,0
30 - 34,NRW,49.97,39.99,30,0,VF RIP U-TREUE,0
80 and over,NRW,45.98,32.99,620,0,VF RIP U-TREUE,1
35 - 39,KBW,39.99,39.99,38,0,RED INTERNET & PHONE CABLE U,1
65 - 69,NRW,22.99,22.99,632,0,GIGAZUHAUSE TREUE B,0
50 - 54,HSN,52.98,52.98,30,0,VF RIP U-TREUE,0
30 - 34,KBW,24.99,24.99,30,0,INTERNET COMFORT,1
25 - 29,KBW,69.98,69.98,30,0,RED INTERNET & PHONE CABLE U,1
30 - 34,KBW,19.99,19.99,30,0,EAZY,1
30 - 34,NRW,48.97,48.97,73,0,VF CABLEMAX,1
70 - 74,NRW,39.99,39.99,7,0,RED INTERNET & PHONE CABLE U,1
65 - 69,NRW,59.97,34.99,30,0,VF RIP U-TREUE,0
80 and over,KBW,29.99,29.99,30,0,VF RIP U-TREUE,0
55 - 59,NRW,29.99,29.99,30,0,VF RIP U-TREUE,1
60 - 64,NRW,44.97,44.97,30,0,VF CABLEMAX,1
35 - 39,KBW,42.97,42.97,30,0,RED INTERNET & PHONE CABLE U,0
50 - 54,HSN,54.98,54.98,30,0,GIGAZUHAUSE KABEL,0
80 and over,HSN,64.96,54.98,30,0,RED INTERNET & PHONE CABLE U,0
55 - 59,NRW,32.99,32.99,30,0,VF RIP U-TREUE,0
30 - 34,NRW,54.99,54.99,49,0,RED INTERNET & PHONE CABLE U,1
65 - 69,NRW,65.74,45.38,30,0,3PLAY JUMP,1
not available,NRW,0.0,0.0,30,0,MMA,0
75 - 79,HSN,63.97,42.98,30,0,3PLAY PLUS,1
40 - 44,KBW,11.98,11.98,30,0,EAZY,0
45 - 49,NRW,36.98,39.98,61,0,VF CABLEMAX,0
45 - 49,KBW,39.99,39.99,30,0,VF RIP U-TREUE,0
50 - 54,KBW,44.98,44.98,30,0,VF CABLEMAX,1
70 - 74,KBW,58.77,37.78,30,0,2PLAY,0
40 - 44,HSN,67.97,67.97,313,0,GIGAZUHAUSE KABEL,0
18 - 24,NRW,64.97,39.99,51,0,RED INTERNET & PHONE CABLE U,1
65 - 69,NRW,54.98,54.98,30,0,GIGAZUHAUSE KABEL,0
35 - 39,HSN,44.98,44.98,30,0,RED INTERNET & PHONE CABLE U,0
55 - 59,KBW,62.67,41.68,30,0,2PLAY,0
35 - 39,NRW,48.97,48.97,30,0,VF CABLEMAX,1
60 - 64,KBW,129.96,129.96,30,0,RED INTERNET & PHONE CABLE U,0
18 - 24,NRW,54.99,54.99,102,0,RED INTERNET & PHONE CABLE U,1
45 - 49,KBW,35.97,35.97,30,0,GIGAZUHAUSE KABEL,0
50 - 54,NRW,55.42,55.42,30,0,3PLAY COMFORT,1
35 - 39,NRW,34.99,34.99,60,0,RED INTERNET & PHONE CABLE U,1
18 - 24,NRW,72.96,62.98,393,0,GIGAZUHAUSE KABEL,1
25 - 29,NRW,39.98,39.98,165,0,GIGAZUHAUSE KABEL,1
70 - 74,NRW,79.31,58.32,30,0,3PLAY FLY,1
40 - 44,NRW,61.96,40.97,30,0,3PLAY SMART,0
50 - 54,KBW,49.97,49.97,30,0,VF CABLEMAX,0
80 and over,HSN,49.65,49.65,30,0,3PLAY PLUS,1
80 and over,KBW,39.99,39.99,30,0,VF RIP U-TREUE,0
50 - 54,NRW,71.94,32.99,30,0,VF RIP U-TREUE,0
65 - 69,NRW,49.99,49.99,30,0,RED INTERNET & PHONE CABLE U,0
40 - 44,NRW,52.98,52.98,30,0,GIGAZUHAUSE KABEL,1
25 - 29,NRW,44.98,44.98,30,0,VF CABLEMAX,0
40 - 44,NRW,19.99,19.99,30,0,EAZY,0
30 - 34,NRW,39.99,39.99,55,0,RED INTERNET & PHONE CABLE U,1
55 - 59,NRW,44.98,44.98,30,0,VF RIP U-TREUE,1
25 - 29,KBW,69.98,59.99,211,0,GIGAZUHAUSE KABEL,1
70 - 74,KBW,63.96,42.97,30,0,RED INTERNET & PHONE CABLE U,1
35 - 39,NRW,32.95,32.95,30,0,RED INTERNET & PHONE CABLE U,1
30 - 34,NRW,44.97,44.97,388,1,GIGAZUHAUSE KABEL,1
65 - 69,KBW,42.99,42.99,30,0,VF RIP U-TREUE,0
30 - 34,NRW,73.95,43.97,213,0,GIGAZUHAUSE KABEL,0
50 - 54,KBW,63.96,42.97,30,0,3PLAY TREUE,0
45 - 49,HSN,64.97,39.99,30,0,VF RIP U-TREUE,0
60 - 64,NRW,44.99,44.99,220,0,GIGAZUHAUSE TREUE B,0
30 - 34,NRW,44.98,44.98,30,0,VF CABLEMAX,0
30 - 34,NRW,42.98,42.98,30,0,VF RIP U-TREUE,0
18 - 24,NRW,48.97,48.97,30,0,VF CABLEMAX,1
65 - 69,NRW,42.98,42.98,30,0,2PLAY PLUS,0
55 - 59,KBW,50.93,50.93,30,0,3PLAY PLUS MTA,1
25 - 29,NRW,59.99,59.99,206,0,GIGAZUHAUSE KABEL,0
45 - 49,NRW,44.98,44.98,30,0,VF CABLEMAX,0
40 - 44,NRW,39.99,39.99,30,0,VF RIP U-TREUE,1
40 - 44,NRW,58.98,58.98,30,0,RED INTERNET & PHONE CABLE U,1
55 - 59,NRW,9.98,9.98,30,0,HSI HZ BOX ONLY,1
18 - 24,KBW,44.98,44.98,30,0,RED INTERNET & PHONE CABLE U,1
25 - 29,NRW,34.99,34.99,30,0,VF RIP U-TREUE,0
50 - 54,KBW,64.96,64.96,30,0,VF CABLEMAX,1
50 - 54,NRW,61.39,43.42,30,0,GIGAZUHAUSE KABEL,1
18 - 24,KBW,58.98,58.98,30,0,RED INTERNET & PHONE CABLE U,1
60 - 64,KBW,51.97,37.99,660,0,VF RIP U-TREUE,0
35 - 39,KBW,34.99,34.99,30,0,RED INTERNET & PHONE CABLE U,0
55 - 59,NRW,56.96,49.97,30,0,VF CABLEMAX,1
55 - 59,KBW,39.99,39.99,30,0,RED INTERNET & PHONE CABLE U,0
50 - 54,NRW,34.99,34.99,0,0,RED INTERNET & PHONE CABLE U,0
40 - 44,NRW,48.97,24.99,30,0,INTERNET COMFORT,0
35 - 39,NRW,77.95,42.97,291,0,GIGAZUHAUSE KABEL,0
25 - 29,NRW,39.99,39.99,30,0,RED INTERNET & PHONE CABLE U,0
35 - 39,KBW,38.98,38.98,30,0,RED INTERNET & PHONE CABLE U,1
25 - 29,HSN,32.99,32.99,230,0,GIGAZUHAUSE TREUE B,0
75 - 79,NRW,79.96,54.99,30,0,RED INTERNET & PHONE CABLE U,0
65 - 69,NRW,39.99,39.99,30,0,RED INTERNET & PHONE CABLE U,0
60 - 64,KBW,57.98,44.99,581,0,3PLAY TREUE,0
40 - 44,NRW,60.88,39.89,30,0,3PLAY,0
65 - 69,NRW,80.33,44.98,120,0,VF RIP U-TREUE,0
75 - 79,KBW,56.93,35.94,30,0,GIGAZUHAUSE KABEL,0
65 - 69,HSN,9.98,9.98,30,0,HSI HZ BOX ONLY,0
25 - 29,NRW,44.98,44.98,30,0,VF CABLEMAX,0
65 - 69,KBW,51.97,44.98,641,0,VF CABLEMAX,0
55 - 59,NRW,29.99,29.99,52,0,VF RIP U-TREUE,0
60 - 64,KBW,24.99,24.99,122,0,GIGAZUHAUSE TREUE C,1
25 - 29,HSN,42.97,42.97,261,0,GIGAZUHAUSE KABEL,1
75 - 79,HSN,38.98,38.98,30,0,RED INTERNET & PHONE CABLE U,0
45 - 49,HSN,54.96,49.98,703,0,GIGAZUHAUSE TREUE B,0
25 - 29,KBW,34.99,34.99,30,0,RED INTERNET & PHONE CABLE U,1
25 - 29,NRW,24.99,24.99,30,0,INTERNET COMFORT,0
80 and over,KBW,34.99,34.99,30,0,RED INTERNET & PHONE CABLE U,1
65 - 69,NRW,68.96,43.98,30,0,VF RIP U-TREUE,0
40 - 44,KBW,49.99,49.99,30,0,VF RIP U-TREUE,0
55 - 59,HSN,44.98,44.98,71,0,VF CABLEMAX,1
45 - 49,NRW,34.99,34.99,212,0,GIGAZUHAUSE KABEL,1
25 - 29,NRW,29.99,29.99,30,0,INTERNET PREMIUM,0
40 - 44,HSN,37.99,37.99,30,0,VF RIP U-TREUE,0
25 - 29,KBW,39.98,39.98,206,0,GIGAZUHAUSE KABEL,0
60 - 64,NRW,34.99,29.99,30,0,INTERNET PREMIUM,1
65 - 69,NRW,42.97,42.97,30,0,RED INTERNET & PHONE CABLE U,1
65 - 69,KBW,64.93,29.99,57,0,VF RIP U-TREUE,0
25 - 29,NRW,75.98,54.99,30,0,3PLAY JUMP,0
35 - 39,NRW,44.98,44.98,30,0,RED INTERNET & PHONE CABLE U,1
50 - 54,NRW,62.98,62.98,375,0,GIGAZUHAUSE KABEL,0
60 - 64,NRW,39.99,39.99,30,0,RED INTERNET & PHONE CABLE U,0
60 - 64,HSN,97.96,54.99,30,0,RED INTERNET & PHONE CABLE U,0
80 and over,KBW,37.78,37.78,30,0,GIGAZUHAUSE KABEL,0
60 - 64,KBW,55.93,47.95,616,0,3PLAY PLUS MTA,1
45 - 49,NRW,34.99,34.99,30,0,RED INTERNET & PHONE CABLE U,1
25 - 29,KBW,54.98,39.99,30,0,RED INTERNET & PHONE CABLE U,1
35 - 39,NRW,86.95,44.98,30,0,VF CABLEMAX,1
65 - 69,HSN,51.98,44.99,30,0,VF RIP U-TREUE,1
25 - 29,NRW,43.97,43.97,30,0,RED INTERNET & PHONE CABLE U,0
18 - 24,NRW,34.99,34.99,30,0,RED INTERNET & PHONE CABLE U,1
30 - 34,NRW,56.95,56.95,82,0,VF CABLEMAX,0
70 - 74,KBW,30.88,30.88,592,0,2PLAY,1
25 - 29,NRW,48.97,48.97,30,0,VF CABLEMAX,1
60 - 64,HSN,49.97,39.98,191,0,GIGAZUHAUSE TREUE C,0
55 - 59,KBW,52.98,49.99,30,0,RED INTERNET & PHONE CABLE U,1
50 - 54,NRW,49.99,49.99,30,0,RED INTERNET & PHONE CABLE U,0
40 - 44,HSN,34.98,34.98,30,0,RED INTERNET & PHONE CABLE U,0
18 - 24,HSN,33.98,33.98,30,0,RED INTERNET & PHONE CABLE U,1
30 - 34,KBW,39.99,39.99,30,0,RED INTERNET & PHONE CABLE U,0
30 - 34,NRW,29.99,29.99,30,0,VF RIP U-TREUE,1
80 and over,HSN,0.0,0.0,30,0,MMA,0
70 - 74,KBW,39.99,39.99,11,0,VF CABLEMAX,0
35 - 39,KBW,22.99,22.99,204,0,EAZY,0
80 and over,NRW,64.82,54.84,661,0,3PLAY PREMIUM,0
25 - 29,NRW,49.99,49.99,30,0,RED INTERNET & PHONE CABLE U,0
25 - 29,NRW,44.98,44.98,29,0,VF CABLEMAX,1
35 - 39,NRW,39.99,39.99,30,0,VF RIP U-TREUE,1
70 - 74,NRW,27.99,27.99,716,0,GIGAZUHAUSE TREUE B,1
60 - 64,NRW,42.99,42.99,304,0,GIGAZUHAUSE TREUE C,1
30 - 34,NRW,49.97,49.97,30,0,VF CABLEMAX,1
70 - 74,KBW,34.98,34.98,30,0,VF RIP U-TREUE,1
50 - 54,NRW,47.99,47.99,30,0,VF RIP U-TREUE,0
35 - 39,NRW,49.99,49.99,170,0,GIGAZUHAUSE KABEL,1
80 and over,KBW,27.8,27.8,30,0,GIGAZUHAUSE KABEL,1
60 - 64,KBW,44.98,44.98,30,0,VF CABLEMAX,0
50 - 54,NRW,44.97,39.98,171,1,GIGAZUHAUSE KABEL,1
25 - 29,KBW,49.97,49.97,87,0,VF CABLEMAX,1
25 - 29,NRW,49.99,49.99,30,0,GIGAZUHAUSE KABEL,1
25 - 29,HSN,49.99,49.99,30,0,VF RIP U-TREUE,0
45 - 49,KBW,32.99,32.99,30,0,VF RIP U-TREUE,1
70 - 74,NRW,38.98,38.98,179,0,GIGAZUHAUSE KABEL,1
80 and over,NRW,68.24,39.88,30,0,3PLAY,0
25 - 29,NRW,39.99,39.99,68,3,RED INTERNET & PHONE CABLE U,1
25 - 29,KBW,44.98,44.98,11,0,RED INTERNET & PHONE CABLE U,1
25 - 29,HSN,39.99,39.99,30,0,RED INTERNET & PHONE CABLE U,1
30 - 34,NRW,45.96,45.96,324,0,GIGAZUHAUSE TREUE D,0
35 - 39,KBW,57.96,47.98,696,0,GIGAZUHAUSE KABEL,0
65 - 69,NRW,29.99,29.99,30,0,RED INTERNET & PHONE CABLE U,0
75 - 79,KBW,45.98,32.99,409,0,VF RIP U-TREUE,0
55 - 59,NRW,42.97,42.97,30,0,3PLAY START,0
45 - 49,NRW,72.95,37.99,30,0,VF RIP U-TREUE,0
50 - 54,HSN,44.98,44.98,77,0,VF CABLEMAX,1
60 - 64,NRW,32.97,32.97,30,0,2PLAY TREUE,0
60 - 64,NRW,34.99,34.99,30,0,RED INTERNET & PHONE CABLE U,0
60 - 64,KBW,34.99,34.99,597,0,RED INTERNET & PHONE CABLE U,0
45 - 49,KBW,44.98,44.98,30,0,VF CABLEMAX,0
30 - 34,NRW,44.98,44.98,30,0,RED INTERNET & PHONE CABLE U,1
55 - 59,HSN,54.98,47.99,30,0,VF RIP U-TREUE,0
30 - 34,KBW,29.99,29.99,30,1,VF RIP U-TREUE,1
55 - 59,NRW,44.98,44.98,30,0,VF CABLEMAX,0
45 - 49,NRW,47.98,32.99,360,0,GIGAZUHAUSE TREUE B,0
30 - 34,NRW,39.98,39.98,102,1,RED INTERNET & PHONE CABLE U,1
65 - 69,KBW,46.72,43.73,30,0,2PLAY,1
55 - 59,KBW,191.84,191.84,30,0,2PLAY JUMP,1
65 - 69,NRW,9.98,9.98,30,0,HSI HZ BOX ONLY,1
35 - 39,KBW,64.97,54.99,483,0,RED INTERNET & PHONE CABLE U,0
30 - 34,NRW,54.99,54.99,30,0,RED INTERNET & PHONE CABLE U,1
55 - 59,NRW,24.99,24.99,30,0,VF RIP U-TREUE,1
80 and over,KBW,54.73,33.74,30,0,GIGAZUHAUSE KABEL,0
45 - 49,KBW,62.96,32.99,30,0,VF RIP U-TREUE,1
40 - 44,NRW,47.97,44.98,30,0,VF CABLEMAX,0
80 and over,HSN,65.25,39.89,30,0,3PLAY,0
50 - 54,KBW,67.92,54.93,693,0,3PLAY PREMIUM,1
65 - 69,KBW,32.99,32.99,30,0,RED INTERNET & PHONE CABLE U,0
70 - 74,HSN,26.89,26.89,30,0,2PLAY,0
50 - 54,NRW,50.84,50.84,30,0,3PLAY FLY,0
25 - 29,KBW,42.97,42.97,256,0,GIGAZUHAUSE KABEL,0
55 - 59,NRW,49.97,49.97,57,0,VF CABLEMAX,1
50 - 54,KBW,49.0,28.01,30,0,GIGAZUHAUSE KABEL,1
35 - 39,KBW,77.95,44.98,30,0,VF RIP U-TREUE,0
25 - 29,HSN,44.98,44.98,80,0,VF CABLEMAX,1
30 - 34,NRW,34.99,34.99,399,0,GIGAZUHAUSE TREUE C,1
30 - 34,KBW,19.99,19.99,30,0,EAZY,0
45 - 49,NRW,26.49,26.49,30,0,VF RIP U-TREUE,0
65 - 69,KBW,63.77,42.78,30,0,2PLAY,0
40 - 44,NRW,39.99,39.99,43,0,RED INTERNET & PHONE CABLE U,0
75 - 79,KBW,47.9,47.9,30,0,2PLAY PREMIUM,0
80 and over,NRW,27.49,19.99,535,0,TELEFON HSI,0
70 - 74,NRW,63.33,32.99,30,0,VF RIP U-TREUE,0
50 - 54,KBW,44.98,44.98,30,0,VF CABLEMAX,1
45 - 49,KBW,60.98,53.98,30,0,3PLAY TREUE,0
70 - 74,KBW,44.98,44.98,30,0,VF CABLEMAX,0
50 - 54,NRW,49.97,39.99,490,0,RED INTERNET & PHONE CABLE U,0
25 - 29,NRW,39.99,39.99,30,0,3PLAY START,1
40 - 44,NRW,34.99,34.99,168,0,GIGAZUHAUSE KABEL,1
25 - 29,KBW,39.99,39.99,30,0,RED INTERNET & PHONE CABLE U,0
80 and over,NRW,30.95,30.95,30,0,RED INTERNET & PHONE CABLE U,1
60 - 64,NRW,29.99,29.99,30,0,VF RIP U-TREUE,0
30 - 34,NRW,58.98,58.98,30,0,RED INTERNET & PHONE CABLE U,1
35 - 39,NRW,11.98,11.98,30,0,EAZY,0
35 - 39,NRW,44.98,44.98,30,0,RED INTERNET & PHONE CABLE U,0
35 - 39,KBW,39.99,39.99,30,0,RED INTERNET & PHONE CABLE U,0
60 - 64,NRW,68.97,47.98,30,0,2PLAY PLUS,0
30 - 34,NRW,39.99,39.99,30,0,RED INTERNET & PHONE CABLE U,1
45 - 49,NRW,52.97,42.98,30,0,VF RIP U-TREUE,1
60 - 64,HSN,52.97,52.97,154,0,GIGAZUHAUSE TREUE B,0
65 - 69,NRW,61.96,40.97,30,0,3PLAY SMART,0
65 - 69,NRW,34.99,34.99,30,0,RED INTERNET & PHONE CABLE U,0
45 - 49,HSN,63.98,63.98,144,0,GIGAZUHAUSE KABEL,1
55 - 59,NRW,74.97,49.99,30,0,VF RIP U-TREUE,1
40 - 44,KBW,69.96,44.98,30,0,VF CABLEMAX,0
35 - 39,KBW,42.98,42.98,30,0,VF RIP U-TREUE,1
18 - 24,NRW,54.99,54.99,30,0,RED INTERNET & PHONE CABLE U,1
30 - 34,NRW,39.99,39.99,30,0,RED INTERNET & PHONE CABLE U,1
35 - 39,NRW,39.98,39.98,30,0,RED INTERNET & PHONE CABLE U,1
40 - 44,NRW,29.99,29.99,30,0,VF RIP U-TREUE,0
45 - 49,KBW,54.98,54.98,30,0,VF RIP U-TREUE,0
50 - 54,KBW,149.94,109.96,30,0,VF RIP U-TREUE,0
60 - 64,HSN,181.92,181.92,30,0,2PLAY PLUS,0
45 - 49,KBW,49.98,34.99,30,0,RED INTERNET & PHONE CABLE U,1
35 - 39,NRW,29.99,29.99,30,0,RED INTERNET & PHONE CABLE U,0
35 - 39,NRW,46.97,46.97,30,0,VF RIP U-TREUE,1
45 - 49,KBW,39.99,39.99,30,0,RED INTERNET & PHONE CABLE U,0
40 - 44,HSN,67.95,54.96,630,0,VF CABLEMAX,0
35 - 39,HSN,39.99,39.99,30,0,RED INTERNET & PHONE CABLE U,1
30 - 34,NRW,39.99,39.99,93,0,RED INTERNET & PHONE CABLE U,1
65 - 69,NRW,29.99,29.99,30,0,VF RIP U-TREUE,0
35 - 39,NRW,44.98,29.99,30,0,VF RIP U-TREUE,0
55 - 59,NRW,62.97,42.98,30,0,VF RIP U-TREUE,0
65 - 69,NRW,96.09,54.99,30,0,RED INTERNET & PHONE CABLE U,1
60 - 64,KBW,69.97,54.98,30,0,VF RIP U-TREUE,1
55 - 59,KBW,73.32,49.97,470,0,VF CABLEMAX,0
40 - 44,NRW,24.99,24.99,212,0,GIGAZUHAUSE TREUE C,0
30 - 34,NRW,54.99,54.99,30,0,RED INTERNET & PHONE CABLE U,0
65 - 69,HSN,69.95,49.96,30,0,VF RIP U-TREUE,0
60 - 64,KBW,47.99,47.99,30,0,VF RIP U-TREUE,0
65 - 69,NRW,44.98,24.99,480,1,VF RIP U-TREUE,1
60 - 64,NRW,72.96,37.99,699,0,VF RIP U-TREUE,1
40 - 44,NRW,44.98,24.99,344,0,GIGAZUHAUSE TREUE C,0
65 - 69,NRW,52.97,37.98,30,0,VF RIP U-TREUE,0
60 - 64,NRW,31.0,34.99,30,0,VF RIP U-TREUE,0
50 - 54,NRW,26.99,29.99,30,0,VF RIP U-TREUE,1
70 - 74,HSN,49.99,49.99,30,0,RED INTERNET & PHONE CABLE U,1
55 - 59,NRW,24.99,24.99,297,0,GIGAZUHAUSE TREUE C,0
50 - 54,KBW,29.99,29.99,30,0,VF RIP U-TREUE,1
65 - 69,NRW,42.98,42.98,30,0,VF RIP U-TREUE,1
70 - 74,KBW,58.0,37.64,30,0,2PLAY,1
35 - 39,NRW,78.93,48.97,577,0,VF CABLEMAX,0
50 - 54,NRW,54.97,44.98,30,0,RED INTERNET & PHONE CABLE U,1
18 - 24,NRW,34.99,34.99,30,0,RED INTERNET & PHONE CABLE U,1
55 - 59,NRW,51.96,39.98,171,0,GIGAZUHAUSE TREUE B,1
80 and over,KBW,28.74,28.74,30,0,2PLAY,1
65 - 69,KBW,29.99,29.99,30,0,VF RIP U-TREUE,0
55 - 59,KBW,47.98,42.98,30,0,2PLAY PLUS,0
60 - 64,NRW,93.93,58.98,675,0,RED INTERNET & PHONE CABLE U,0
35 - 39,NRW,44.98,44.98,30,0,RED INTERNET & PHONE CABLE U,0
50 - 54,HSN,59.97,29.99,31,0,RED INTERNET & PHONE CABLE U,1
60 - 64,KBW,37.98,37.98,30,0,VF RIP U-TREUE,0
50 - 54,HSN,71.97,49.99,30,0,RED INTERNET & PHONE CABLE U,1
45 - 49,KBW,54.98,54.98,30,0,RED INTERNET & PHONE CABLE U,1
45 - 49,KBW,62.97,42.98,30,0,VF RIP U-TREUE,1
18 - 24,KBW,34.99,34.99,116,0,GIGAZUHAUSE KABEL,1
45 - 49,NRW,63.94,56.95,455,0,VF CABLEMAX,1
55 - 59,KBW,59.95,34.98,498,0,GIGAZUHAUSE TREUE C,1
80 and over,HSN,34.98,25.0,584,0,RED INTERNET & PHONE CABLE U,1
25 - 29,NRW,34.97,34.97,30,0,VF CABLEMAX,0
40 - 44,HSN,52.96,52.96,30,0,VF CABLEMAX,1
45 - 49,KBW,52.96,52.96,30,0,VF CABLEMAX,0
35 - 39,NRW,47.99,47.99,30,0,VF RIP U-TREUE,0
70 - 74,NRW,39.47,39.47,30,0,3PLAY START,0
65 - 69,HSN,49.97,49.97,30,0,RED INTERNET & PHONE CABLE U,1
55 - 59,KBW,32.99,32.99,30,0,VF RIP U-TREUE,0
75 - 79,HSN,29.99,29.99,30,0,VF RIP U-TREUE,0
25 - 29,HSN,39.99,39.99,30,0,RED INTERNET & PHONE CABLE U,1
18 - 24,HSN,189.96,189.96,30,0,RED INTERNET & PHONE CABLE U,1
60 - 64,KBW,60.98,39.99,30,0,RED INTERNET & PHONE CABLE U,1
60 - 64,NRW,34.99,34.99,30,0,RED INTERNET & PHONE CABLE U,1
65 - 69,NRW,48.96,48.96,30,0,RED INTERNET & PHONE CABLE U,1
35 - 39,KBW,73.98,52.99,30,0,3PLAY TREUE GENRE,0
25 - 29,KBW,39.99,39.99,109,0,RED INTERNET & PHONE CABLE U,1
50 - 54,KBW,44.98,44.98,30,0,VF RIP U-TREUE,1
45 - 49,HSN,37.99,37.99,30,1,VF RIP U-TREUE,1
40 - 44,KBW,34.98,35.0,529,0,RED INTERNET & PHONE CABLE U,1
65 - 69,HSN,161.92,161.92,30,0,VF RIP U-TREUE,1
60 - 64,NRW,39.99,39.99,30,0,RED INTERNET & PHONE CABLE U,1
30 - 34,KBW,29.99,29.99,30,0,VF RIP U-TREUE,0
60 - 64,NRW,34.99,34.99,30,0,VF RIP U-TREUE,0
60 - 64,KBW,58.14,37.78,30,0,GIGAZUHAUSE KABEL,1
80 and over,NRW,38.99,32.99,30,0,VF RIP U-TREUE,0
65 - 69,NRW,65.87,44.88,30,0,3PLAY PLUS,0
55 - 59,NRW,34.99,34.99,207,0,VF CABLEMAX,0
18 - 24,HSN,44.98,44.98,57,0,RED INTERNET & PHONE CABLE U,1
40 - 44,NRW,44.98,44.98,30,0,VF CABLEMAX,0
80 and over,NRW,34.99,34.99,30,0,RED INTERNET & PHONE CABLE U,1
35 - 39,KBW,44.97,44.97,99,0,VF CABLEMAX,1
40 - 44,NRW,24.99,24.99,184,0,GIGAZUHAUSE TREUE C,1
35 - 39,NRW,39.98,39.98,116,0,GIGAZUHAUSE KABEL,1
35 - 39,HSN,70.93,32.99,628,0,VF RIP U-TREUE,1
35 - 39,NRW,21.97,14.99,241,0,GIGAZUHAUSE TREUE C,0
40 - 44,HSN,29.99,29.99,30,0,INTERNET PREMIUM,1
35 - 39,NRW,44.97,44.97,30,0,VF CABLEMAX,0
35 - 39,KBW,32.99,32.99,139,0,GIGAZUHAUSE TREUE B,1
70 - 74,KBW,39.98,39.98,30,0,RED INTERNET & PHONE CABLE U,1
50 - 54,HSN,44.98,44.98,30,0,RED INTERNET & PHONE CABLE U,1
60 - 64,KBW,55.98,34.99,30,0,RED INTERNET & PHONE CABLE U,0
75 - 79,NRW,57.96,42.97,329,0,GIGAZUHAUSE TREUE D,0
80 and over,KBW,65.62,33.74,30,0,RED INTERNET & PHONE CABLE U,0
35 - 39,KBW,29.98,29.98,304,0,GIGAZUHAUSE TREUE C,1
35 - 39,NRW,44.98,44.98,30,0,VF CABLEMAX,0
25 - 29,KBW,38.98,38.98,30,0,RED INTERNET & PHONE CABLE U,1
80 and over,KBW,51.94,30.95,30,0,RED INTERNET & PHONE CABLE U,0
55 - 59,KBW,71.94,49.97,42,0,VF CABLEMAX,1
40 - 44,KBW,109.98,109.98,71,0,RED INTERNET & PHONE CABLE U,1
65 - 69,NRW,24.99,34.99,30,0,RED INTERNET & PHONE CABLE U,1
35 - 39,HSN,34.99,34.99,30,0,RED INTERNET & PHONE CABLE U,0
80 and over,HSN,49.96,32.99,518,0,VF RIP U-TREUE,0
35 - 39,NRW,66.94,44.98,30,0,VF CABLEMAX,0
45 - 49,NRW,91.95,49.98,30,0,VF RIP U-TREUE,1
55 - 59,KBW,24.99,24.99,30,0,INTERNET COMFORT,0
65 - 69,KBW,55.14,32.78,30,0,2PLAY,0
25 - 29,HSN,141.96,141.96,30,0,VF RIP U-TREUE,0
40 - 44,NRW,29.99,29.99,30,0,VF RIP U-TREUE,1
25 - 29,KBW,78.95,58.98,30,0,RED INTERNET & PHONE CABLE U,1
25 - 29,KBW,48.97,48.97,30,0,RED INTERNET & PHONE CABLE U,1
55 - 59,KBW,54.97,29.99,102,0,VF RIP U-TREUE,1
35 - 39,NRW,26.98,19.99,30,0,EAZY,1
50 - 54,KBW,79.96,54.99,476,0,RED INTERNET & PHONE CABLE U,1
65 - 69,KBW,64.97,64.97,30,0,RED INTERNET & PHONE CABLE U,0
55 - 59,NRW,34.99,34.99,30,0,VF RIP U-TREUE,0
60 - 64,NRW,83.97,47.99,30,0,VF RIP U-TREUE,1
35 - 39,NRW,80.96,49.99,30,0,VF RIP U-TREUE,1
35 - 39,NRW,17.99,17.99,30,0,EAZY FLEX,1
25 - 29,HSN,42.97,42.97,345,0,GIGAZUHAUSE KABEL,0
40 - 44,KBW,29.99,29.99,30,0,RED INTERNET & PHONE CABLE U,0
70 - 74,NRW,79.96,39.98,30,0,VF CABLEMAX,1
30 - 34,NRW,58.98,58.98,30,0,RED INTERNET & PHONE CABLE U,1
30 - 34,HSN,34.99,34.99,30,0,RED INTERNET & PHONE CABLE U,1
55 - 59,KBW,54.99,54.99,30,0,RED INTERNET & PHONE CABLE U,0
70 - 74,NRW,81.93,44.98,680,0,VF CABLEMAX,0
55 - 59,NRW,73.97,37.99,30,0,VF RIP U-TREUE,1
25 - 29,NRW,44.99,44.99,126,0,GIGAZUHAUSE KABEL,1
60 - 64,NRW,44.98,44.98,30,0,RED INTERNET & PHONE CABLE U,1
80 and over,KBW,37.78,37.78,30,0,RED INTERNET & PHONE CABLE U,0
45 - 49,HSN,53.98,53.98,30,0,RED INTERNET & PHONE CABLE U,1
35 - 39,HSN,39.99,39.99,30,0,RED INTERNET & PHONE CABLE U,0
25 - 29,NRW,24.99,34.99,71,0,RED INTERNET & PHONE CABLE U,1
45 - 49,NRW,49.97,49.97,30,0,RED INTERNET & PHONE CABLE U,1
30 - 34,NRW,58.94,27.98,276,0,GIGAZUHAUSE TREUE D,1
45 - 49,KBW,49.99,49.99,30,0,RED INTERNET & PHONE CABLE U,1
30 - 34,HSN,42.98,42.98,30,0,VF RIP U-TREUE,0
40 - 44,NRW,42.98,34.99,628,0,GIGAZUHAUSE TREUE C,0
35 - 39,NRW,49.99,49.99,30,0,RED INTERNET & PHONE CABLE U,1
65 - 69,KBW,29.99,29.99,30,3,VF RIP U-TREUE,0
45 - 49,KBW,44.99,44.99,30,0,RED INTERNET & PHONE CABLE U,1
40 - 44,NRW,66.97,32.99,30,0,VF RIP U-TREUE,0
40 - 44,NRW,39.99,39.99,30,0,VF RIP U-TREUE,1
35 - 39,NRW,37.99,37.99,30,0,VF RIP U-TREUE,0
25 - 29,NRW,34.99,34.99,253,0,GIGAZUHAUSE KABEL,1
30 - 34,KBW,39.99,39.99,30,0,RED INTERNET & PHONE CABLE U,1
40 - 44,NRW,42.97,42.97,379,0,GIGAZUHAUSE KABEL,1
55 - 59,NRW,68.97,54.99,30,0,RED INTERNET & PHONE CABLE U,1
30 - 34,KBW,34.99,34.99,171,0,GIGAZUHAUSE KABEL,0
25 - 29,KBW,54.99,54.99,30,0,RED INTERNET & PHONE CABLE U,0
18 - 24,KBW,48.97,48.97,30,0,VF CABLEMAX,1
35 - 39,HSN,44.98,44.98,30,0,VF CABLEMAX,1
18 - 24,HSN,189.88,189.88,30,0,RED INTERNET & PHONE CABLE U,1
80 and over,NRW,30.88,30.88,30,0,2PLAY,0
18 - 24,NRW,54.99,54.99,30,0,RED INTERNET & PHONE CABLE U,1
18 - 24,NRW,44.98,44.98,86,0,VF CABLEMAX,1
30 - 34,HSN,43.98,43.98,102,0,RED INTERNET & PHONE CABLE U,1
70 - 74,KBW,24.99,24.99,30,0,INTERNET COMFORT,0
75 - 79,KBW,51.31,30.95,30,0,2PLAY,0
80 and over,NRW,49.98,29.99,4,1,RIP CABLE U TREUE,1
65 - 69,NRW,61.96,40.97,30,0,3PLAY SMART,1
35 - 39,KBW,44.98,44.98,30,0,VF CABLEMAX,0
65 - 69,KBW,55.98,34.99,30,0,RED INTERNET & PHONE CABLE U,0
50 - 54,KBW,34.99,34.99,346,1,GIGAZUHAUSE TREUE C,1
65 - 69,HSN,34.99,34.99,30,0,RED INTERNET & PHONE CABLE U,0
60 - 64,KBW,44.98,44.98,30,2,VF CABLEMAX,1
65 - 69,NRW,34.99,34.99,30,0,RED INTERNET & PHONE CABLE U,1
35 - 39,KBW,59.97,44.98,30,0,VF CABLEMAX,0
45 - 49,KBW,39.98,39.98,177,0,GIGAZUHAUSE KABEL,1
40 - 44,KBW,49.96,39.98,609,0,GIGAZUHAUSE TREUE B,0
70 - 74,NRW,40.97,40.97,277,0,GIGAZUHAUSE TREUE B,0
18 - 24,KBW,37.98,37.98,121,0,GIGAZUHAUSE TREUE D,1
60 - 64,KBW,65.97,44.98,30,0,VF CABLEMAX,0
45 - 49,NRW,44.97,44.97,30,0,VF CABLEMAX,1
65 - 69,NRW,70.97,49.98,30,0,TREUEPLUS,0
60 - 64,KBW,37.99,37.99,30,0,VF RIP U-TREUE,0
45 - 49,NRW,62.97,62.97,30,0,2PLAY FLY,0
35 - 39,NRW,39.98,39.98,30,0,RED INTERNET & PHONE CABLE U,1
35 - 39,KBW,44.99,44.99,205,0,GIGAZUHAUSE KABEL,1
55 - 59,NRW,55.95,55.95,30,0,3PLAY TREUE,0
30 - 34,NRW,44.98,44.98,30,0,RED INTERNET & PHONE CABLE U,1
70 - 74,NRW,72.95,42.98,30,0,VF RIP U-TREUE,1
75 - 79,KBW,39.98,39.98,30,0,VF RIP U-TREUE,0
45 - 49,HSN,51.96,34.99,575,0,RED INTERNET & PHONE CABLE U,0
60 - 64,HSN,43.97,34.99,30,0,RED INTERNET & PHONE CABLE U,1
60 - 64,NRW,29.99,29.99,30,0,VF RIP U-TREUE,1
80 and over,HSN,27.96,22.98,583,0,RED INTERNET & PHONE CABLE U,1
60 - 64,KBW,49.98,49.98,30,0,TREUEPLUS,0
18 - 24,KBW,44.97,34.99,450,0,GIGAZUHAUSE KABEL,0
55 - 59,NRW,74.96,47.98,563,0,GIGAZUHAUSE KABEL,0
30 - 34,KBW,44.98,44.98,41,0,VF CABLEMAX,1
35 - 39,NRW,44.98,44.98,30,0,RED INTERNET & PHONE CABLE U,1
25 - 29,KBW,52.98,49.99,213,0,GIGAZUHAUSE KABEL,1
30 - 34,KBW,49.99,49.99,30,0,GIGAZUHAUSE KABEL,0
18 - 24,HSN,39.99,39.99,30,0,RED INTERNET & PHONE CABLE U,1
70 - 74,NRW,61.93,54.93,30,0,3PLAY TREUE,1
30 - 34,NRW,44.98,44.98,30,0,RED INTERNET & PHONE CABLE U,0
40 - 44,NRW,29.99,29.99,30,0,VF RIP U-TREUE,1
18 - 24,KBW,39.99,39.99,30,0,RED INTERNET & PHONE CABLE U,0
60 - 64,NRW,54.99,54.99,30,0,RED INTERNET & PHONE CABLE U,1
35 - 39,KBW,54.98,54.98,287,0,GIGAZUHAUSE KABEL,0
50 - 54,KBW,69.96,59.98,369,0,RED INTERNET & PHONE CABLE U,0
35 - 39,KBW,39.99,39.99,30,1,RED INTERNET & PHONE CABLE U,1
25 - 29,NRW,39.99,39.99,45,0,RED INTERNET & PHONE CABLE U,0
55 - 59,NRW,50.97,37.98,680,0,GIGAZUHAUSE TREUE D,0
25 - 29,NRW,34.99,34.99,30,0,RED INTERNET & PHONE CABLE U,0
70 - 74,NRW,29.99,29.99,30,0,VF RIP U-TREUE,0
55 - 59,NRW,39.99,39.99,30,0,VF RIP U-TREUE,1
35 - 39,KBW,29.99,29.99,30,0,VF RIP U-TREUE,1
40 - 44,NRW,62.98,62.98,364,0,GIGAZUHAUSE KABEL,0
60 - 64,HSN,55.98,34.99,30,0,RED INTERNET & PHONE CABLE U,0
25 - 29,NRW,56.98,56.98,30,0,RED INTERNET & PHONE CABLE U,0
65 - 69,KBW,34.87,34.87,30,0,RED INTERNET & PHONE CABLE U,0
25 - 29,HSN,24.99,27.99,180,0,GIGAZUHAUSE TREUE B,1
35 - 39,KBW,44.98,44.98,30,0,VF CABLEMAX,0
45 - 49,HSN,49.97,49.97,30,0,VF CABLEMAX,0
60 - 64,NRW,44.98,44.98,30,0,VF CABLEMAX,1
45 - 49,NRW,64.95,29.99,30,0,VF RIP U-TREUE,1
35 - 39,KBW,47.98,44.99,254,0,GIGAZUHAUSE TREUE B,1
40 - 44,NRW,35.0,45.0,50,0,RED INTERNET & PHONE CABLE U,1
45 - 49,NRW,52.93,52.93,30,0,3PLAY PLUS,1
30 - 34,HSN,39.98,39.98,288,0,GIGAZUHAUSE KABEL,0
25 - 29,KBW,34.99,34.99,30,0,RED INTERNET & PHONE CABLE U,1
50 - 54,NRW,42.98,42.98,30,0,2PLAY TREUE,0
25 - 29,NRW,44.99,44.99,206,0,GIGAZUHAUSE KABEL,0
75 - 79,KBW,91.95,49.98,278,0,GIGAZUHAUSE TREUE B,1
55 - 59,NRW,47.98,47.98,385,0,GIGAZUHAUSE TREUE C,1
80 and over,NRW,60.25,39.89,30,0,3PLAY,1
80 and over,NRW,55.98,34.99,30,0,RED INTERNET & PHONE CABLE U,0
45 - 49,KBW,86.92,56.95,30,0,RED INTERNET & PHONE CABLE U,1
30 - 34,HSN,39.99,39.99,30,0,VF RIP U-TREUE,0
45 - 49,NRW,79.93,44.97,231,4,VF CABLEMAX,0
60 - 64,NRW,50.98,24.99,334,0,GIGAZUHAUSE TREUE C,0
55 - 59,HSN,27.99,27.99,30,0,VF RIP U-TREUE,0
30 - 34,NRW,27.98,27.98,350,3,GIGAZUHAUSE TREUE C,0
55 - 59,NRW,20.95,20.95,30,0,RED INTERNET & PHONE CABLE U,0
80 and over,KBW,39.98,39.98,30,0,VF CABLEMAX,0
30 - 34,KBW,73.95,43.97,169,0,VF CABLEMAX,1
40 - 44,KBW,52.99,52.99,30,0,3PLAY TREUE GENRE,0
25 - 29,NRW,32.99,32.99,30,0,VF RIP U-TREUE,1
70 - 74,KBW,55.98,34.99,30,0,RED INTERNET & PHONE CABLE U,0
25 - 29,NRW,62.97,62.97,30,0,RED INTERNET & PHONE CABLE U,1
40 - 44,NRW,49.97,49.97,30,0,2PLAY COMFORT,1
35 - 39,KBW,44.98,44.98,30,0,RED INTERNET & PHONE CABLE U,0
35 - 39,NRW,35.98,32.99,30,0,VF RIP U-TREUE,1
50 - 54,NRW,78.3,57.31,30,0,3PLAY FLY,0
30 - 34,KBW,49.97,49.97,30,0,2PLAY PREMIUM,0
60 - 64,NRW,42.97,42.97,30,0,RED INTERNET & PHONE CABLE U,0
45 - 49,KBW,65.97,44.98,30,0,VF CABLEMAX,0
60 - 64,HSN,24.99,24.99,333,1,GIGAZUHAUSE TREUE C,0
30 - 34,HSN,52.97,52.97,291,0,GIGAZUHAUSE KABEL,1
45 - 49,KBW,149.96,149.96,30,0,VF RIP U-TREUE,1
30 - 34,KBW,169.92,169.92,30,0,VF CABLEMAX,1
30 - 34,KBW,39.99,39.99,30,0,RED INTERNET & PHONE CABLE U,1
30 - 34,NRW,54.96,44.98,30,0,VF CABLEMAX,1
30 - 34,NRW,29.99,29.99,30,0,VF RIP U-TREUE,1
50 - 54,KBW,34.99,34.99,30,0,VF RIP U-TREUE,1
45 - 49,NRW,32.99,32.99,30,0,VF RIP U-TREUE,0
50 - 54,KBW,53.98,32.99,30,0,VF RIP U-TREUE,0
60 - 64,KBW,39.98,39.98,255,2,GIGAZUHAUSE TREUE B,0
55 - 59,NRW,44.87,44.87,30,0,3PLAY,0
30 - 34,KBW,34.99,34.99,225,0,GIGAZUHAUSE KABEL,0
50 - 54,KBW,189.92,149.96,126,0,VF RIP U-TREUE,0
35 - 39,HSN,32.99,32.99,273,0,GIGAZUHAUSE TREUE B,1
30 - 34,HSN,44.98,44.98,30,0,VF CABLEMAX,1
40 - 44,KBW,98.93,59.98,30,3,RED INTERNET & PHONE CABLE U,1
60 - 64,HSN,11.98,11.98,30,0,EAZY,1
25 - 29,HSN,69.98,59.99,194,0,GIGAZUHAUSE KABEL,0
55 - 59,NRW,52.95,43.96,30,0,RED INTERNET & PHONE CABLE U,1
30 - 34,NRW,56.96,49.97,30,0,VF CABLEMAX,0
40 - 44,NRW,11.98,11.98,30,0,EAZY,0
55 - 59,NRW,52.96,52.96,30,0,VF CABLEMAX,1
40 - 44,HSN,72.96,62.98,371,0,GIGAZUHAUSE KABEL,0
50 - 54,KBW,58.77,37.78,30,0,RED INTERNET & PHONE CABLE U,0
55 - 59,HSN,39.99,39.99,30,0,VF RIP U-TREUE,1
65 - 69,KBW,34.98,34.98,30,0,VF RIP U-TREUE,0
75 - 79,KBW,64.99,64.99,30,0,1PLAY MAX,1
40 - 44,KBW,50.43,50.43,30,0,3PLAY COMFORT,1
60 - 64,NRW,69.96,39.98,351,0,GIGAZUHAUSE TREUE B,1
55 - 59,HSN,189.88,189.88,30,0,VF CABLEMAX,1
25 - 29,NRW,78.95,53.98,30,0,RED INTERNET & PHONE CABLE U,0
65 - 69,NRW,14.99,14.99,30,0,VF RIP U-TREUE,0
50 - 54,HSN,169.92,169.92,30,0,VF CABLEMAX,1
50 - 54,KBW,47.97,47.97,30,0,VF RIP U-TREUE,0
60 - 64,NRW,43.98,43.98,68,0,RED INTERNET & PHONE CABLE U,1
50 - 54,HSN,44.97,44.97,352,0,GIGAZUHAUSE KABEL,0
18 - 24,HSN,44.98,44.98,98,0,RED INTERNET & PHONE CABLE U,1
60 - 64,NRW,63.95,35.98,30,0,RED INTERNET & PHONE CABLE U,0
35 - 39,HSN,69.98,49.99,30,0,RED INTERNET & PHONE CABLE U,1
50 - 54,KBW,44.98,44.98,30,0,VF CABLEMAX,0
40 - 44,HSN,13.99,13.99,30,0,EAZY,1
35 - 39,NRW,74.97,39.99,30,0,RED INTERNET & PHONE CABLE U,0
25 - 29,KBW,44.98,44.98,86,0,RED INTERNET & PHONE CABLE U,1
60 - 64,KBW,42.98,42.98,30,0,VF RIP U-TREUE,1
65 - 69,NRW,63.34,42.98,30,0,VF RIP U-TREUE,1
55 - 59,HSN,78.96,57.97,30,0,GIGAZUHAUSE KABEL,1
45 - 49,KBW,72.95,51.96,30,0,3PLAY TREUE,1
30 - 34,KBW,44.98,44.98,30,0,RED INTERNET & PHONE CABLE U,0
50 - 54,NRW,39.99,39.99,30,0,RED INTERNET & PHONE CABLE U,1
35 - 39,NRW,34.99,34.99,30,0,RED INTERNET & PHONE CABLE U,0
35 - 39,KBW,53.96,53.96,7,0,VF CABLEMAX,1
55 - 59,NRW,74.97,44.99,330,1,GIGAZUHAUSE TREUE B,1
65 - 69,KBW,34.98,34.98,30,0,VF RIP U-TREUE,1
25 - 29,NRW,49.99,49.99,272,0,GIGAZUHAUSE TREUE C,0
30 - 34,HSN,44.98,44.98,30,0,RED INTERNET & PHONE CABLE U,1
80 and over,KBW,55.93,34.94,30,0,RED INTERNET & PHONE CABLE U,0
35 - 39,NRW,27.99,27.99,196,0,GIGAZUHAUSE TREUE B,1
50 - 54,NRW,29.99,29.99,30,0,RED INTERNET & PHONE CABLE U,1
50 - 54,NRW,42.97,42.97,30,0,RED INTERNET & PHONE CABLE U,1
75 - 79,NRW,68.95,47.96,30,0,3PLAY START,0
40 - 44,NRW,48.97,48.97,21,0,VF CABLEMAX,1
65 - 69,NRW,61.85,40.86,30,0,3PLAY,1
30 - 34,NRW,44.98,44.98,30,0,VF CABLEMAX,1
65 - 69,KBW,59.96,34.98,88,0,VF RIP U-TREUE,1
35 - 39,HSN,29.99,29.99,171,0,GIGAZUHAUSE TREUE C,1
30 - 34,KBW,37.98,37.98,275,0,GIGAZUHAUSE TREUE B,0
30 - 34,NRW,24.99,24.99,30,0,INTERNET COMFORT,1
65 - 69,KBW,59.95,52.96,30,0,VF CABLEMAX,1
18 - 24,KBW,44.98,44.98,45,0,RED INTERNET & PHONE CABLE U,1
65 - 69,HSN,78.9,57.91,30,0,3PLAY PREMIUM,1
60 - 64,NRW,44.98,44.98,30,0,VF CABLEMAX,0
55 - 59,NRW,44.98,44.98,30,0,RED INTERNET & PHONE CABLE U,0
25 - 29,NRW,34.99,34.99,28,0,RED INTERNET & PHONE CABLE U,1
60 - 64,KBW,45.98,32.99,723,1,GIGAZUHAUSE TREUE B,1
50 - 54,KBW,34.99,34.99,30,0,RED INTERNET & PHONE CABLE U,1
55 - 59,NRW,54.96,49.97,30,0,VF CABLEMAX,1
18 - 24,NRW,24.99,34.99,36,0,RED INTERNET & PHONE CABLE U,1
75 - 79,NRW,54.98,39.99,74,1,VF CABLEMAX,1
50 - 54,NRW,42.97,42.97,30,0,RED INTERNET & PHONE CABLE U,0
55 - 59,NRW,69.96,44.98,30,0,VF CABLEMAX,0
40 - 44,KBW,39.99,39.99,30,0,VF RIP U-TREUE,0
70 - 74,HSN,159.92,159.92,30,0,RED INTERNET & PHONE CABLE U,1
75 - 79,HSN,65.24,44.88,30,0,3PLAY,1
60 - 64,KBW,74.97,53.98,30,0,RED INTERNET & PHONE CABLE U,0
30 - 34,HSN,39.98,39.98,59,0,VF CABLEMAX,1
55 - 59,NRW,40.89,37.9,30,0,2PLAY,1
55 - 59,KBW,57.97,29.99,30,0,VF RIP U-TREUE,0
45 - 49,NRW,49.97,49.97,30,0,VF CABLEMAX,0
30 - 34,KBW,74.95,49.97,99,0,VF CABLEMAX,1
25 - 29,KBW,50.98,29.99,30,0,INTERNET PREMIUM,1
25 - 29,NRW,44.98,44.98,30,0,RED INTERNET & PHONE CABLE U,1
50 - 54,NRW,58.98,58.98,50,0,RED INTERNET & PHONE CABLE U,1
30 - 34,KBW,49.98,49.98,367,0,GIGAZUHAUSE KABEL,0
30 - 34,KBW,48.98,48.98,162,0,GIGAZUHAUSE KABEL,0
25 - 29,KBW,44.98,44.98,30,0,VF CABLEMAX,1
60 - 64,HSN,49.99,49.99,30,0,RED INTERNET & PHONE CABLE U,1
55 - 59,KBW,44.97,44.97,30,0,GIGAZUHAUSE KABEL,1
30 - 34,HSN,49.97,49.97,30,0,VF CABLEMAX,1
55 - 59,NRW,21.99,24.99,57,1,VF RIP U-TREUE,1
25 - 29,NRW,44.98,44.98,113,0,VF CABLEMAX,0
40 - 44,NRW,24.99,24.99,235,0,GIGAZUHAUSE TREUE C,0
65 - 69,NRW,9.98,9.98,30,0,HSI HZ BOX ONLY,1
40 - 44,NRW,44.98,44.98,30,0,RED INTERNET & PHONE CABLE U,1
60 - 64,NRW,44.98,44.98,30,0,VF RIP U-TREUE,1
35 - 39,NRW,44.98,44.98,73,0,RED INTERNET & PHONE CABLE U,1
70 - 74,KBW,39.99,39.99,30,0,VF RIP U-TREUE,1
60 - 64,HSN,29.99,29.99,30,0,RED INTERNET & PHONE CABLE U,0
35 - 39,NRW,32.99,32.99,51,0,VF RIP U-TREUE,0
45 - 49,HSN,49.99,49.99,116,0,GIGAZUHAUSE CABLEMAX,1
80 and over,NRW,60.98,39.99,30,2,VF RIP U-TREUE,1
45 - 49,NRW,59.99,59.99,30,0,TREUEPLUS,1
30 - 34,NRW,44.98,44.98,95,0,VF CABLEMAX,1
30 - 34,HSN,62.98,62.98,158,0,GIGAZUHAUSE KABEL,0
60 - 64,NRW,30.95,30.95,30,0,RED INTERNET & PHONE CABLE U,0
30 - 34,HSN,34.99,34.99,30,0,RED INTERNET & PHONE CABLE U,1
40 - 44,NRW,27.99,27.99,30,0,VF RIP U-TREUE,1
70 - 74,HSN,27.99,27.99,226,0,GIGAZUHAUSE TREUE B,0
30 - 34,KBW,50.47,44.99,226,1,GIGAZUHAUSE KABEL,1
40 - 44,NRW,39.98,39.98,126,0,VF CABLEMAX,1
45 - 49,KBW,32.99,32.99,264,0,GIGAZUHAUSE TREUE B,0
80 and over,NRW,68.32,47.96,30,0,GIGAZUHAUSE KABEL,1
30 - 34,KBW,44.98,44.98,30,0,VF CABLEMAX,1
65 - 69,KBW,87.25,66.89,30,0,3PLAY PREMIUM,1
18 - 24,KBW,34.99,34.99,158,0,GIGAZUHAUSE KABEL,1
25 - 29,KBW,24.99,24.99,365,0,GIGAZUHAUSE TREUE C,0
30 - 34,KBW,39.99,39.99,101,0,VF CABLEMAX,1
70 - 74,NRW,74.95,49.97,30,0,VF CABLEMAX,1
55 - 59,NRW,40.97,37.98,30,0,VF RIP U-TREUE,1
80 and over,NRW,54.96,29.98,30,0,VF RIP U-TREUE,0
30 - 34,NRW,54.99,54.99,30,0,RED INTERNET & PHONE CABLE U,1
55 - 59,NRW,44.98,44.98,30,0,RED INTERNET & PHONE CABLE U,1
80 and over,NRW,66.22,45.86,30,0,3PLAY HD BOX,1
25 - 29,NRW,44.98,44.98,30,0,VF CABLEMAX,0
70 - 74,NRW,44.98,44.98,30,0,2PLAY COMFORT,0
75 - 79,HSN,34.99,34.99,30,0,RED INTERNET & PHONE CABLE U,1
30 - 34,HSN,24.99,24.99,30,0,INTERNET COMFORT,0
40 - 44,KBW,42.98,42.98,30,0,VF RIP U-TREUE,1
30 - 34,HSN,19.99,19.99,30,0,1PLAY,1
70 - 74,KBW,48.42,38.43,30,0,GIGAZUHAUSE KABEL,0
35 - 39,HSN,42.99,42.99,334,0,GIGAZUHAUSE TREUE C,1
45 - 49,KBW,35.98,32.99,30,0,VF RIP U-TREUE,1
50 - 54,NRW,62.97,37.99,135,0,VF RIP U-TREUE,0
60 - 64,NRW,30.95,30.95,30,0,RED INTERNET & PHONE CABLE U,1
25 - 29,NRW,44.98,44.98,30,0,RED INTERNET & PHONE CABLE U,1
35 - 39,KBW,49.99,49.99,30,0,RED INTERNET & PHONE CABLE U,1
65 - 69,NRW,39.98,39.98,138,0,VF CABLEMAX,1
25 - 29,NRW,39.99,39.99,30,0,VF RIP U-TREUE,1
35 - 39,KBW,49.99,49.99,30,0,RED INTERNET & PHONE CABLE U,0
30 - 34,NRW,34.99,34.99,30,0,RED INTERNET & PHONE CABLE U,1
55 - 59,KBW,42.98,42.98,30,0,VF RIP U-TREUE,0
35 - 39,NRW,34.99,34.99,30,0,RED INTERNET & PHONE CABLE U,1
65 - 69,KBW,62.97,32.99,330,0,GIGAZUHAUSE TREUE B,1
60 - 64,KBW,34.99,34.99,220,0,GIGAZUHAUSE KABEL,0
40 - 44,KBW,44.98,44.98,682,0,VF RIP U-TREUE,0
35 - 39,KBW,17.99,17.99,105,0,EAZY FLEX,0
45 - 49,KBW,29.99,29.99,30,0,VF RIP U-TREUE,0
65 - 69,KBW,42.98,42.98,30,0,VF RIP U-TREUE,1
30 - 34,NRW,22.99,22.99,30,0,EAZY FLEX,1
65 - 69,HSN,37.98,24.99,30,0,VF RIP U-TREUE,1
35 - 39,NRW,39.98,39.98,126,0,GIGAZUHAUSE KABEL,1
40 - 44,KBW,54.99,54.99,30,0,RED INTERNET & PHONE CABLE U,0
30 - 34,KBW,62.97,62.97,30,0,RED INTERNET & PHONE CABLE U,1
55 - 59,NRW,59.97,44.98,417,0,VF CABLEMAX,0
40 - 44,KBW,42.97,42.97,242,0,GIGAZUHAUSE KABEL,0
25 - 29,HSN,52.97,52.97,223,0,GIGAZUHAUSE KABEL,1
55 - 59,KBW,70.33,49.97,30,0,VF CABLEMAX,0
80 and over,KBW,86.96,49.99,222,0,GIGAZUHAUSE KABEL,1
40 - 44,HSN,34.99,34.99,30,0,VF RIP U-TREUE,0
55 - 59,NRW,94.94,43.98,30,0,RED INTERNET & PHONE CABLE U,1
55 - 59,HSN,39.97,29.99,30,0,VF RIP U-TREUE,0
50 - 54,NRW,59.95,49.97,30,0,VF CABLEMAX,0
30 - 34,NRW,34.99,34.99,136,0,GIGAZUHAUSE KABEL,0
50 - 54,NRW,85.97,49.99,30,0,RED INTERNET & PHONE CABLE U,0
55 - 59,KBW,44.98,44.98,30,0,RED INTERNET & PHONE CABLE U,0
60 - 64,KBW,34.99,34.99,188,0,GIGAZUHAUSE KABEL,0
45 - 49,NRW,52.96,52.96,30,0,VF CABLEMAX,0
65 - 69,NRW,42.98,42.98,30,0,GIGAZUHAUSE KABEL,1
65 - 69,NRW,39.98,39.98,30,0,GIGAZUHAUSE TREUE B,0
40 - 44,KBW,78.96,52.98,349,0,GIGAZUHAUSE CABLEMAX,1
35 - 39,NRW,44.98,44.98,4,0,VF CABLEMAX,1
50 - 54,NRW,44.98,44.98,30,0,RED INTERNET & PHONE CABLE U,0
40 - 44,NRW,39.99,39.99,30,0,RED INTERNET & PHONE CABLE U,1
50 - 54,NRW,34.99,34.99,140,0,VF CABLEMAX,0
30 - 34,KBW,59.98,39.99,30,0,VF RIP U-TREUE,0
25 - 29,HSN,37.98,37.98,366,0,GIGAZUHAUSE TREUE B,1
50 - 54,NRW,32.99,32.99,30,0,VF RIP U-TREUE,0
35 - 39,HSN,24.99,24.99,30,0,INTERNET COMFORT,1
25 - 29,NRW,54.99,54.99,45,1,RED INTERNET & PHONE CABLE U,1
35 - 39,KBW,54.99,54.99,30,0,RED INTERNET & PHONE CABLE U,1
30 - 34,NRW,39.98,39.98,193,0,GIGAZUHAUSE KABEL,0
60 - 64,NRW,29.98,29.98,30,3,RED INTERNET & PHONE CABLE U,1
65 - 69,NRW,39.98,39.98,30,0,RED INTERNET & PHONE CABLE U,1
25 - 29,NRW,32.99,32.99,30,0,VF RIP U-TREUE,1
40 - 44,HSN,62.98,62.98,400,0,GIGAZUHAUSE KABEL,1
55 - 59,NRW,37.98,37.98,319,0,GIGAZUHAUSE TREUE D,0
60 - 64,KBW,53.86,53.86,30,0,3PLAY PREMIUM,1
30 - 34,NRW,49.97,49.97,30,0,VF CABLEMAX,1
50 - 54,HSN,47.96,47.96,30,0,GIGAZUHAUSE KABEL,0
55 - 59,KBW,39.99,39.99,30,0,RED INTERNET & PHONE CABLE U,0
50 - 54,NRW,32.99,32.99,358,0,GIGAZUHAUSE TREUE B,0
40 - 44,NRW,44.98,44.98,30,0,RED INTERNET & PHONE CABLE U,1
50 - 54,NRW,22.99,22.99,30,0,EAZY FLEX,0
70 - 74,NRW,39.99,39.99,30,0,RED INTERNET & PHONE CABLE U,0
55 - 59,HSN,32.99,32.99,30,0,VF RIP U-TREUE,0
70 - 74,HSN,37.9,37.9,30,0,2PLAY,0
80 and over,NRW,34.99,34.99,30,3,RED INTERNET & PHONE CABLE U,1
35 - 39,NRW,44.98,44.98,66,0,RED INTERNET & PHONE CABLE U,1
75 - 79,KBW,44.98,44.98,679,1,VF CABLEMAX,1
25 - 29,NRW,54.98,54.98,393,1,GIGAZUHAUSE KABEL,1
40 - 44,KBW,72.95,44.97,673,0,VF CABLEMAX,0
65 - 69,NRW,39.98,39.98,30,0,VF CABLEMAX,0
45 - 49,HSN,44.99,44.99,121,0,GIGAZUHAUSE KABEL,1
70 - 74,KBW,64.98,64.98,30,0,2PLAY FLY,1
60 - 64,NRW,64.95,44.98,50,0,VF CABLEMAX,1
35 - 39,HSN,39.99,39.99,150,0,VF CABLEMAX,1
60 - 64,NRW,74.95,44.98,535,0,RED INTERNET & PHONE CABLE U,1
50 - 54,KBW,46.96,36.98,508,0,GIGAZUHAUSE TREUE B,0
25 - 29,KBW,54.99,54.99,30,0,RED INTERNET & PHONE CABLE U,0
80 and over,NRW,39.98,39.98,30,0,RED INTERNET & PHONE CABLE U,0
65 - 69,KBW,58.77,37.78,30,0,2PLAY,0
70 - 74,KBW,49.97,49.97,30,0,VF CABLEMAX,0
55 - 59,KBW,58.98,34.99,73,0,VF RIP U-TREUE,0
40 - 44,NRW,52.97,42.98,26,0,VF RIP U-TREUE,1
30 - 34,KBW,39.99,39.99,30,0,RED INTERNET & PHONE CABLE U,0
40 - 44,NRW,49.96,29.99,179,7,GIGAZUHAUSE TREUE C,1
75 - 79,NRW,71.36,45.38,30,0,3PLAY JUMP,1
45 - 49,NRW,58.87,52.97,30,0,GIGAZUHAUSE KABEL,0
65 - 69,KBW,47.99,47.99,30,0,VF RIP U-TREUE,0
40 - 44,NRW,76.94,43.98,698,0,VF RIP U-TREUE,1
75 - 79,NRW,41.98,34.99,680,0,RED INTERNET & PHONE CABLE U,1
50 - 54,HSN,69.97,42.98,30,0,VF RIP U-TREUE,1
35 - 39,HSN,44.98,44.98,30,0,RED INTERNET & PHONE CABLE U,1
18 - 24,KBW,52.98,52.98,374,0,GIGAZUHAUSE CABLEMAX,1
80 and over,KBW,25.0,25.0,30,0,RED INTERNET & PHONE CABLE U,0
35 - 39,NRW,39.98,39.98,174,0,GIGAZUHAUSE TREUE B,0
45 - 49,HSN,54.99,54.99,30,0,RED INTERNET & PHONE CABLE U,1
60 - 64,NRW,68.95,58.97,30,0,2PLAY TREUE,0
30 - 34,KBW,34.99,34.99,93,0,RED INTERNET & PHONE CABLE U,1
55 - 59,HSN,49.97,49.97,30,0,VF CABLEMAX,1
50 - 54,KBW,76.97,54.99,30,0,RED INTERNET & PHONE CABLE U,1
55 - 59,NRW,49.99,49.99,30,0,GIGAZUHAUSE KABEL,0
40 - 44,NRW,29.99,29.99,135,0,GIGAZUHAUSE TREUE C,0
70 - 74,HSN,33.84,33.84,30,0,3PLAY,1
55 - 59,KBW,44.98,44.98,30,0,VF CABLEMAX,0
65 - 69,HSN,44.97,34.99,505,0,RED INTERNET & PHONE CABLE U,0
60 - 64,KBW,67.95,64.96,30,0,3PLAY TREUE GENRE,1
30 - 34,NRW,37.98,37.98,30,0,VF RIP U-TREUE,0
40 - 44,KBW,49.99,49.99,30,2,RED INTERNET & PHONE CABLE U,0
40 - 44,HSN,70.97,49.98,30,0,TREUEPLUS,0
55 - 59,HSN,24.0,32.99,30,0,VF RIP U-TREUE,0
60 - 64,HSN,49.97,49.97,16,0,VF CABLEMAX,0
60 - 64,HSN,34.99,34.99,30,0,RED INTERNET & PHONE CABLE U,1
55 - 59,HSN,39.99,39.99,3,0,RED INTERNET & PHONE CABLE U,0
65 - 69,KBW,34.99,34.99,30,0,RED INTERNET & PHONE CABLE U,0
45 - 49,KBW,44.98,44.98,30,0,VF CABLEMAX,0
35 - 39,KBW,48.97,48.97,107,0,VF CABLEMAX,1
45 - 49,KBW,56.97,39.99,672,0,VF RIP U-TREUE,1
55 - 59,KBW,54.96,44.98,529,0,RED INTERNET & PHONE CABLE U,0
75 - 79,NRW,59.98,49.99,30,0,VF RIP U-TREUE,0
40 - 44,HSN,49.99,49.99,30,0,GIGAZUHAUSE KABEL,1
45 - 49,NRW,33.97,29.98,30,0,VF CABLEMAX,0
40 - 44,NRW,62.97,37.99,30,0,VF RIP U-TREUE,1
30 - 34,NRW,34.99,34.99,30,0,RED INTERNET & PHONE CABLE U,0
18 - 24,KBW,39.98,39.98,217,0,GIGAZUHAUSE KABEL,1
30 - 34,KBW,44.98,44.98,30,0,VF CABLEMAX,1
30 - 34,HSN,39.99,39.99,52,0,RED INTERNET & PHONE CABLE U,1
25 - 29,NRW,44.98,44.98,30,0,VF CABLEMAX,0
18 - 24,NRW,38.98,38.98,81,0,RED INTERNET & PHONE CABLE U,0
not available,HSN,0.0,0.0,30,0,MMA,0
50 - 54,NRW,18.99,18.99,190,0,EAZY,1
18 - 24,NRW,44.98,44.98,30,0,VF CABLEMAX,1
75 - 79,NRW,73.98,52.99,30,0,3PLAY TREUE GENRE,1
45 - 49,NRW,49.99,49.99,126,0,GIGAZUHAUSE KABEL,1
65 - 69,HSN,24.99,24.99,30,0,VF RIP U-TREUE,1
60 - 64,NRW,34.99,34.99,695,0,RED INTERNET & PHONE CABLE U,0
65 - 69,NRW,34.99,34.99,30,0,RED INTERNET & PHONE CABLE U,1
70 - 74,NRW,27.98,27.98,30,0,RED INTERNET & PHONE CABLE U,1
25 - 29,NRW,33.98,33.98,30,0,RED INTERNET & PHONE CABLE U,1
25 - 29,NRW,54.99,54.99,31,0,RED INTERNET & PHONE CABLE U,1
35 - 39,NRW,44.98,44.98,100,0,VF CABLEMAX,1
50 - 54,KBW,44.98,44.98,30,0,VF CABLEMAX,1
50 - 54,HSN,48.97,48.97,30,0,VF CABLEMAX,0
60 - 64,KBW,51.67,46.68,30,0,2PLAY,1
50 - 54,NRW,42.98,42.98,30,0,VF RIP U-TREUE,0
65 - 69,NRW,44.97,44.97,30,0,VF CABLEMAX,0
30 - 34,KBW,80.96,49.99,30,0,RED INTERNET & PHONE CABLE U,1
60 - 64,HSN,32.98,32.98,136,0,GIGAZUHAUSE TREUE B,1
30 - 34,NRW,21.98,24.98,84,0,VF RIP U-TREUE,1
65 - 69,NRW,27.98,24.99,30,0,VF RIP U-TREUE,1
65 - 69,NRW,44.98,44.98,30,0,VF CABLEMAX,1
25 - 29,NRW,54.99,54.99,30,0,RED INTERNET & PHONE CABLE U,0
25 - 29,KBW,229.92,229.92,30,0,RED INTERNET & PHONE CABLE U,1
60 - 64,NRW,54.98,39.99,30,0,VF RIP U-TREUE,0
65 - 69,NRW,86.96,49.99,30,0,VF RIP U-TREUE,0
40 - 44,KBW,74.95,49.97,30,0,VF CABLEMAX,0
80 and over,KBW,35.87,35.87,30,0,2PLAY,0
35 - 39,KBW,22.99,22.99,30,0,EAZY FLEX,1
60 - 64,HSN,57.97,27.99,175,0,GIGAZUHAUSE TREUE B,0
18 - 24,HSN,44.98,44.98,30,0,RED INTERNET & PHONE CABLE U,1
75 - 79,NRW,116.29,48.96,67,0,GIGAZUHAUSE KABEL,1
25 - 29,KBW,57.97,42.98,30,0,VF RIP U-TREUE,0
60 - 64,NRW,39.99,39.99,30,0,RED INTERNET & PHONE CABLE U,1
30 - 34,KBW,39.98,39.98,309,0,GIGAZUHAUSE KABEL,1
60 - 64,KBW,68.95,47.96,30,0,RED INTERNET & PHONE CABLE U,0
65 - 69,HSN,44.99,44.99,364,1,GIGAZUHAUSE TREUE B,0
45 - 49,HSN,49.97,39.98,30,0,RED INTERNET & PHONE CABLE U,1
40 - 44,KBW,42.98,42.98,30,0,VF RIP U-TREUE,1
40 - 44,KBW,39.98,39.98,390,1,VF CABLEMAX,1
35 - 39,HSN,44.98,44.98,102,0,VF CABLEMAX,1
25 - 29,NRW,39.98,39.98,259,0,GIGAZUHAUSE KABEL,0
75 - 79,KBW,54.98,54.98,333,1,GIGAZUHAUSE TREUE C,1
55 - 59,HSN,54.99,54.99,30,0,RED INTERNET & PHONE CABLE U,0
65 - 69,NRW,32.99,32.99,30,0,GIGAZUHAUSE TREUE B,0
25 - 29,KBW,47.98,47.98,298,0,GIGAZUHAUSE KABEL,0
45 - 49,NRW,37.99,37.99,30,0,VF RIP U-TREUE,0
18 - 24,NRW,48.97,48.97,30,0,VF CABLEMAX,1
50 - 54,NRW,39.98,39.98,30,0,VF CABLEMAX,1
65 - 69,NRW,64.98,39.99,30,0,VF RIP U-TREUE,1
30 - 34,KBW,17.99,17.99,30,0,EAZY FLEX,0
35 - 39,HSN,48.97,48.97,30,0,VF CABLEMAX,1
35 - 39,NRW,34.99,34.99,30,0,RED INTERNET & PHONE CABLE U,0
40 - 44,NRW,37.9,37.9,30,0,2PLAY,1
80 and over,KBW,34.98,25.0,506,0,RED INTERNET & PHONE CABLE U,0
35 - 39,NRW,49.99,49.99,199,3,GIGAZUHAUSE TREUE C,0
45 - 49,NRW,29.99,29.99,30,0,VF RIP U-TREUE,0
35 - 39,NRW,39.98,39.98,298,0,VF CABLEMAX,1
60 - 64,KBW,49.97,39.99,546,0,VF RIP U-TREUE,0
35 - 39,KBW,31.98,24.99,436,0,INTERNET COMFORT,1
80 and over,KBW,67.96,46.97,30,0,2PLAY PLUS,0
40 - 44,NRW,49.96,49.96,30,0,3PLAY START,1
50 - 54,NRW,39.98,39.98,30,0,RED INTERNET & PHONE CABLE U,1
60 - 64,KBW,49.98,39.99,30,0,RED INTERNET & PHONE CABLE U,1
65 - 69,NRW,48.97,48.97,30,0,VF CABLEMAX,0
30 - 34,NRW,11.98,11.98,30,0,EAZY,1
60 - 64,NRW,27.99,27.99,117,0,RIP CABLE U TREUE,1
80 and over,NRW,40.35,19.99,30,0,TELEFON HSI,1
60 - 64,NRW,32.98,32.98,30,0,VF RIP U-TREUE,0
40 - 44,KBW,44.98,44.98,30,0,VF CABLEMAX,1
40 - 44,KBW,44.99,44.99,396,0,GIGAZUHAUSE TREUE B,0
55 - 59,KBW,37.96,37.96,30,0,GIGAZUHAUSE KABEL,0
70 - 74,NRW,49.97,49.97,30,0,RED INTERNET & PHONE CABLE U,1
55 - 59,NRW,54.98,54.98,30,0,GIGAZUHAUSE KABEL,0
45 - 49,HSN,39.99,39.99,30,0,RED INTERNET & PHONE CABLE U,0
35 - 39,NRW,69.97,47.99,103,0,VF RIP U-TREUE,1
40 - 44,KBW,45.98,39.99,697,0,VF CABLEMAX,1
55 - 59,HSN,58.98,58.98,30,0,RED INTERNET & PHONE CABLE U,1
35 - 39,NRW,34.98,34.98,30,0,VF CABLEMAX,0
55 - 59,NRW,54.98,54.98,93,0,VF RIP U-TREUE,1
80 and over,HSN,62.47,41.48,30,0,RED INTERNET & PHONE CABLE U,1
45 - 49,NRW,32.99,32.99,280,0,GIGAZUHAUSE TREUE B,0
30 - 34,NRW,39.99,39.99,30,0,VF RIP U-TREUE,1
50 - 54,KBW,29.99,29.99,30,0,VF RIP U-TREUE,1
65 - 69,HSN,39.98,39.98,164,0,GIGAZUHAUSE KABEL,0
65 - 69,NRW,34.99,34.99,30,0,RED INTERNET & PHONE CABLE U,0
35 - 39,NRW,55.95,37.98,416,0,GIGAZUHAUSE TREUE D,1
60 - 64,KBW,68.96,47.97,30,0,VF RIP U-TREUE,0
25 - 29,KBW,43.98,43.98,30,0,RED INTERNET & PHONE CABLE U,0
30 - 34,NRW,42.99,42.99,220,2,GIGAZUHAUSE TREUE C,0
25 - 29,NRW,66.96,44.98,612,0,VF CABLEMAX,0
80 and over,NRW,69.95,49.97,30,0,VF CABLEMAX,0
35 - 39,NRW,58.98,58.98,30,0,RED INTERNET & PHONE CABLE U,0
50 - 54,KBW,39.98,39.98,49,0,VF CABLEMAX,0
75 - 79,NRW,34.99,34.99,30,0,RED INTERNET & PHONE CABLE U,0
18 - 24,NRW,34.99,34.99,30,0,RED INTERNET & PHONE CABLE U,1
40 - 44,NRW,29.99,29.99,30,0,VF RIP U-TREUE,0
50 - 54,NRW,49.97,49.97,30,0,VF CABLEMAX,1
50 - 54,KBW,31.49,31.49,30,0,RED INTERNET & PHONE CABLE U,0
30 - 34,KBW,53.98,53.98,30,0,RED INTERNET & PHONE CABLE U,1
45 - 49,HSN,52.96,52.96,95,0,VF CABLEMAX,0
25 - 29,NRW,29.99,29.99,30,0,VF RIP U-TREUE,1
50 - 54,KBW,49.99,49.99,126,1,GIGAZUHAUSE TREUE C,1
40 - 44,NRW,49.99,49.99,30,0,VF RIP U-TREUE,0
25 - 29,HSN,39.99,39.99,30,0,RED INTERNET & PHONE CABLE U,0
45 - 49,KBW,69.96,42.98,30,0,GIGAZUHAUSE KABEL,0
18 - 24,HSN,39.99,39.99,30,0,RED INTERNET & PHONE CABLE U,0
25 - 29,HSN,29.99,29.99,30,0,RED INTERNET & PHONE CABLE U,1
18 - 24,HSN,39.98,39.98,35,1,VF CABLEMAX,1
60 - 64,KBW,29.99,29.99,30,0,INTERNET PREMIUM,1
35 - 39,KBW,44.98,44.98,60,0,RED INTERNET & PHONE CABLE U,1
65 - 69,KBW,68.94,47.95,30,0,3PLAY PLUS MTA,1
80 and over,KBW,39.98,39.98,73,0,RED INTERNET & PHONE CABLE U,1
45 - 49,NRW,44.98,44.98,30,0,VF CABLEMAX,0
30 - 34,KBW,44.98,44.98,30,0,VF CABLEMAX,1
18 - 24,NRW,44.99,44.99,171,0,GIGAZUHAUSE KABEL,1
70 - 74,KBW,75.93,44.98,528,0,VF CABLEMAX,0
60 - 64,KBW,161.92,161.92,30,0,VF RIP U-TREUE,0
45 - 49,HSN,49.99,49.99,327,0,GIGAZUHAUSE CABLEMAX EB,1
30 - 34,KBW,44.97,37.98,560,0,GIGAZUHAUSE TREUE D,0
80 and over,KBW,49.97,49.97,118,0,VF CABLEMAX,1
40 - 44,KBW,129.96,129.96,30,0,RED INTERNET & PHONE CABLE U,0
45 - 49,KBW,39.99,39.99,30,0,RED INTERNET & PHONE CABLE U,1
70 - 74,NRW,63.96,42.97,30,0,3PLAY START,1
25 - 29,KBW,34.99,34.99,30,1,RED INTERNET & PHONE CABLE U,1
60 - 64,HSN,42.97,42.97,30,0,RED INTERNET & PHONE CABLE U,1
65 - 69,KBW,25.0,25.0,30,0,RED INTERNET & PHONE CABLE U,0
55 - 59,KBW,29.99,29.99,30,0,INTERNET PREMIUM,1
75 - 79,NRW,19.99,19.99,30,0,TELEFON HSI,0
25 - 29,NRW,34.99,34.99,30,0,RED INTERNET & PHONE CABLE U,0
60 - 64,KBW,52.98,37.99,45,0,VF RIP U-TREUE,0
55 - 59,KBW,46.97,44.97,30,0,3PLAY + PAY,0
30 - 34,KBW,29.99,29.99,30,0,VF RIP U-TREUE,1
40 - 44,HSN,47.98,37.99,56,0,VF RIP U-TREUE,0
45 - 49,KBW,58.98,58.98,30,0,RED INTERNET & PHONE CABLE U,1
40 - 44,HSN,65.97,44.98,30,0,VF CABLEMAX,0
30 - 34,NRW,39.99,39.99,30,0,RED INTERNET & PHONE CABLE U,1
60 - 64,NRW,63.94,32.99,501,0,VF RIP U-TREUE,1
50 - 54,NRW,54.99,54.99,30,0,2PLAY PREMIUM,1
25 - 29,HSN,169.92,169.92,30,0,RED INTERNET & PHONE CABLE U,1
25 - 29,NRW,39.98,39.98,235,0,GIGAZUHAUSE KABEL,0
50 - 54,KBW,82.29,58.31,30,0,3PLAY FLY,1
30 - 34,NRW,34.99,34.99,30,0,RED INTERNET & PHONE CABLE U,0
35 - 39,NRW,34.99,34.99,136,0,GIGAZUHAUSE KABEL,1
40 - 44,HSN,42.97,42.97,341,0,GIGAZUHAUSE KABEL,1
60 - 64,KBW,49.99,49.99,30,0,VF RIP U-TREUE,0
35 - 39,HSN,54.99,54.99,30,0,RED INTERNET & PHONE CABLE U,0
55 - 59,NRW,69.96,44.98,30,0,VF CABLEMAX,0
30 - 34,NRW,44.98,44.98,30,0,2PLAY COMFORT,0
45 - 49,NRW,42.98,42.98,30,0,VF RIP U-TREUE,0
60 - 64,HSN,49.97,49.97,30,0,VF CABLEMAX,1
45 - 49,NRW,65.97,44.98,30,0,VF RIP U-TREUE,1
35 - 39,HSN,44.98,44.98,86,1,RED INTERNET & PHONE CABLE U,1
50 - 54,HSN,81.94,44.97,206,0,GIGAZUHAUSE TREUE B,0
50 - 54,NRW,86.93,49.97,30,0,VF CABLEMAX,1
30 - 34,NRW,44.98,44.98,30,0,VF CABLEMAX,0
45 - 49,KBW,74.96,39.98,123,0,GIGAZUHAUSE KABEL,1
30 - 34,HSN,25.9,25.9,30,0,INTERNET,1
18 - 24,NRW,39.99,39.99,30,0,RED INTERNET & PHONE CABLE U,1
55 - 59,NRW,63.34,42.98,30,0,VF RIP U-TREUE,1
60 - 64,KBW,53.97,53.97,218,0,GIGAZUHAUSE KABEL,1
30 - 34,KBW,59.98,59.98,30,0,RED INTERNET & PHONE CABLE U,0
30 - 34,KBW,24.99,24.99,30,0,INTERNET COMFORT,1
50 - 54,NRW,24.88,24.88,30,0,INTERNET,0
35 - 39,KBW,39.98,39.98,30,0,VF CABLEMAX,1
30 - 34,KBW,37.99,37.99,30,0,VF RIP U-TREUE,1
55 - 59,NRW,34.99,34.99,30,1,VF RIP U-TREUE,1
18 - 24,NRW,42.97,42.97,304,0,GIGAZUHAUSE KABEL,1
35 - 39,KBW,44.98,44.98,30,0,VF CABLEMAX,1
60 - 64,HSN,49.97,49.97,30,0,VF CABLEMAX,0
75 - 79,KBW,73.35,52.99,30,3,3PLAY TREUE GENRE,1
80 and over,NRW,35.86,35.86,30,0,2PLAY,1
65 - 69,NRW,50.94,50.94,30,0,3PLAY TREUE,1
40 - 44,NRW,0.0,0.0,30,0,MMA,0
70 - 74,NRW,47.97,47.97,105,0,RED INTERNET & PHONE CABLE U,1
30 - 34,NRW,43.98,43.98,30,0,RED INTERNET & PHONE CABLE U,0
50 - 54,HSN,32.97,32.97,30,0,RED INTERNET & PHONE CABLE U,0
18 - 24,NRW,34.99,34.99,123,0,RED INTERNET & PHONE CABLE U,1
55 - 59,KBW,29.98,29.98,364,0,GIGAZUHAUSE TREUE C,1
80 and over,KBW,53.31,32.95,30,0,RED INTERNET & PHONE CABLE U,1
30 - 34,HSN,40.9,40.9,30,0,2PLAY PLUS,1
70 - 74,KBW,37.99,37.99,45,1,VF RIP U-TREUE,1
18 - 24,HSN,64.98,64.98,304,0,GIGAZUHAUSE KABEL,0
40 - 44,KBW,75.96,44.98,80,0,VF CABLEMAX,0
35 - 39,NRW,39.99,39.99,30,0,RED INTERNET & PHONE CABLE U,1
70 - 74,NRW,48.98,39.99,30,0,VF RIP U-TREUE,0
45 - 49,HSN,65.97,44.98,30,0,VF CABLEMAX,0
40 - 44,HSN,48.97,48.97,38,0,VF CABLEMAX,1
25 - 29,HSN,34.99,34.99,91,0,VF CABLEMAX,0
60 - 64,NRW,54.99,54.99,30,0,RED INTERNET & PHONE CABLE U,1
55 - 59,NRW,41.97,29.98,30,0,VF RIP U-TREUE,1
25 - 29,KBW,64.97,39.99,35,0,RED INTERNET & PHONE CABLE U,1
60 - 64,HSN,27.99,27.99,140,0,GIGAZUHAUSE TREUE B,0
25 - 29,NRW,39.98,39.98,157,0,GIGAZUHAUSE KABEL,1
75 - 79,KBW,37.78,37.78,30,0,RED INTERNET & PHONE CABLE U,1
25 - 29,HSN,34.99,34.99,84,0,RED INTERNET & PHONE CABLE U,1
65 - 69,KBW,54.99,54.99,30,0,RED INTERNET & PHONE CABLE U,0
65 - 69,NRW,34.98,19.99,149,0,GIGAZUHAUSE TREUE C,1
35 - 39,HSN,34.99,34.99,184,0,GIGAZUHAUSE KABEL,1
65 - 69,KBW,49.98,49.98,30,0,TREUEPLUS,1
60 - 64,NRW,60.83,60.83,30,0,3PLAY FLY,0
25 - 29,NRW,17.99,17.99,30,0,EAZY FLEX,1
55 - 59,KBW,49.99,49.99,30,0,RED INTERNET & PHONE CABLE U,0
25 - 29,NRW,44.98,44.98,30,0,RED INTERNET & PHONE CABLE U,1
55 - 59,KBW,64.98,49.99,30,0,RED INTERNET & PHONE CABLE U,1
35 - 39,NRW,49.97,49.97,30,0,VF CABLEMAX,1
35 - 39,NRW,27.98,27.98,30,0,2PLAY,0
25 - 29,KBW,39.99,39.99,30,0,RED INTERNET & PHONE CABLE U,1
60 - 64,HSN,72.97,32.99,30,0,VF RIP U-TREUE,0
80 and over,NRW,68.78,38.43,30,0,GIGAZUHAUSE KABEL,0
35 - 39,NRW,59.95,52.96,683,0,VF CABLEMAX,1
60 - 64,NRW,69.94,49.97,31,0,VF CABLEMAX,1
50 - 54,KBW,47.98,47.98,369,0,GIGAZUHAUSE KABEL,0
55 - 59,KBW,39.99,39.99,30,0,VF RIP U-TREUE,0
65 - 69,KBW,52.77,37.78,30,0,RED INTERNET & PHONE CABLE U,0
55 - 59,KBW,68.95,40.98,30,0,RED INTERNET & PHONE CABLE U,1
30 - 34,NRW,47.98,37.99,83,0,VF RIP U-TREUE,1
30 - 34,NRW,24.99,24.99,30,0,INTERNET COMFORT,1
40 - 44,NRW,47.97,37.99,451,0,VF RIP U-TREUE,1
70 - 74,KBW,51.97,44.98,527,0,VF RIP U-TREUE,0
45 - 49,NRW,9.99,14.99,211,0,GIGAZUHAUSE TREUE C,0
30 - 34,NRW,29.99,29.99,30,0,VF RIP U-TREUE,0
30 - 34,KBW,44.98,44.98,123,0,VF CABLEMAX,1
65 - 69,KBW,29.99,29.99,30,0,VF RIP U-TREUE,1
25 - 29,HSN,39.99,39.99,30,0,RED INTERNET & PHONE CABLE U,1
50 - 54,NRW,24.99,34.99,84,1,RED INTERNET & PHONE CABLE U,1
65 - 69,NRW,29.99,29.99,30,0,VF RIP U-TREUE,1
25 - 29,NRW,49.99,49.99,30,0,RED INTERNET & PHONE CABLE U,1
55 - 59,NRW,34.94,34.94,30,0,2PLAY,1
50 - 54,NRW,48.97,48.97,91,0,RED INTERNET & PHONE CABLE U,1
65 - 69,KBW,52.96,42.98,513,0,2PLAY PLUS,0
40 - 44,NRW,62.97,59.98,30,0,RED INTERNET & PHONE CABLE U,0
70 - 74,NRW,78.77,43.42,30,0,GIGAZUHAUSE KABEL,1
35 - 39,KBW,61.94,44.97,410,0,GIGAZUHAUSE TREUE B,0
30 - 34,HSN,32.97,32.97,30,0,RED INTERNET & PHONE CABLE U,1
40 - 44,KBW,59.98,59.98,30,0,RED INTERNET & PHONE CABLE U,0
18 - 24,NRW,33.98,33.98,24,1,RED INTERNET & PHONE CABLE U,1
30 - 34,NRW,39.98,39.98,157,0,GIGAZUHAUSE KABEL,1
60 - 64,KBW,44.98,44.98,30,0,VF CABLEMAX,0
50 - 54,KBW,49.97,49.97,30,0,VF CABLEMAX,1
75 - 79,KBW,58.14,37.78,30,0,2PLAY,0
40 - 44,NRW,34.99,34.99,143,0,GIGAZUHAUSE KABEL,1
45 - 49,NRW,32.98,32.98,194,0,GIGAZUHAUSE TREUE B,0
35 - 39,NRW,32.99,32.99,30,0,VF RIP U-TREUE,0
70 - 74,KBW,75.32,49.97,30,0,VF CABLEMAX,1
25 - 29,HSN,39.98,39.98,200,0,GIGAZUHAUSE KABEL,1
40 - 44,KBW,44.98,44.98,30,0,VF CABLEMAX,0
50 - 54,HSN,34.98,34.98,273,0,GIGAZUHAUSE TREUE C,0
35 - 39,KBW,59.97,39.98,349,0,GIGAZUHAUSE TREUE B,0
35 - 39,NRW,32.99,32.99,95,0,VF RIP U-TREUE,0
30 - 34,NRW,44.98,44.98,43,0,RED INTERNET & PHONE CABLE U,0
25 - 29,NRW,39.99,39.99,30,0,RED INTERNET & PHONE CABLE U,1
50 - 54,KBW,37.99,37.99,30,0,VF RIP U-TREUE,1
40 - 44,NRW,54.99,54.99,30,2,3PLAY JUMP,1
55 - 59,KBW,44.98,44.98,30,0,VF CABLEMAX,0
30 - 34,NRW,49.97,39.98,187,0,GIGAZUHAUSE KABEL,1
70 - 74,NRW,0.0,0.0,30,0,MMA,0
45 - 49,KBW,79.96,44.98,38,1,VF CABLEMAX,1
30 - 34,NRW,37.9,37.9,30,0,2PLAY,0
18 - 24,NRW,39.99,39.99,74,0,RED INTERNET & PHONE CABLE U,1
55 - 59,HSN,24.99,29.99,30,0,VF RIP U-TREUE,1
75 - 79,HSN,37.99,37.99,30,0,VF RIP U-TREUE,1
30 - 34,KBW,37.99,37.99,30,0,VF RIP U-TREUE,0
40 - 44,HSN,24.99,24.99,395,0,GIGAZUHAUSE TREUE C,0
55 - 59,NRW,47.98,47.98,330,0,GIGAZUHAUSE KABEL,1
35 - 39,HSN,44.98,44.98,30,0,RED INTERNET & PHONE CABLE U,1
75 - 79,NRW,49.98,39.99,75,3,VF CABLEMAX,1
55 - 59,KBW,63.96,42.97,30,0,RED INTERNET & PHONE CABLE U,1
30 - 34,NRW,37.98,37.98,394,2,GIGAZUHAUSE TREUE B,1
30 - 34,HSN,43.98,43.98,30,0,RED INTERNET & PHONE CABLE U,0
30 - 34,HSN,39.98,39.98,30,0,RED INTERNET & PHONE CABLE U,1
35 - 39,NRW,50.99,30.0,30,0,INTERNET,1
50 - 54,HSN,39.99,39.99,30,0,RED INTERNET & PHONE CABLE U,1
30 - 34,HSN,41.97,32.99,454,1,GIGAZUHAUSE TREUE B,0
55 - 59,NRW,30.88,30.88,30,0,RED INTERNET & PHONE CABLE U,0
25 - 29,NRW,32.99,32.99,337,0,GIGAZUHAUSE TREUE B,1
30 - 34,HSN,39.98,39.98,176,0,GIGAZUHAUSE KABEL,1
40 - 44,NRW,42.98,42.98,30,0,VF RIP U-TREUE,0
75 - 79,NRW,39.98,33.0,30,0,RED INTERNET & PHONE CABLE U,0
55 - 59,NRW,32.99,32.99,229,0,GIGAZUHAUSE TREUE B,1
40 - 44,HSN,42.97,42.97,30,0,RED INTERNET & PHONE CABLE U,0
35 - 39,HSN,34.99,34.99,177,0,GIGAZUHAUSE KABEL,0
70 - 74,KBW,55.97,34.98,30,0,VF RIP U-TREUE,1
40 - 44,NRW,60.97,39.98,30,0,VF CABLEMAX,1
25 - 29,NRW,19.99,29.99,30,0,RED INTERNET & PHONE CABLE U,1
40 - 44,NRW,22.98,17.99,30,0,VF RIP U-TREUE,1
65 - 69,HSN,62.96,39.98,634,3,GIGAZUHAUSE TREUE B,1
55 - 59,HSN,44.99,44.99,30,1,VF RIP U-TREUE,0
65 - 69,NRW,28.98,28.98,30,0,RED INTERNET & PHONE CABLE U,0
70 - 74,NRW,91.95,63.98,172,0,GIGAZUHAUSE KABEL,0
30 - 34,NRW,49.99,49.99,30,0,GIGAZUHAUSE KABEL,0
45 - 49,HSN,17.99,17.99,30,0,EAZY FLEX,0
40 - 44,NRW,59.97,44.98,30,0,VF CABLEMAX,0
60 - 64,KBW,92.92,49.97,30,0,VF CABLEMAX,0
35 - 39,NRW,22.99,22.99,351,0,EAZY,0
40 - 44,NRW,70.94,48.97,65,0,VF CABLEMAX,1
35 - 39,HSN,49.99,49.99,242,0,GIGAZUHAUSE TREUE C,0
80 and over,KBW,49.99,49.99,30,0,RED INTERNET & PHONE CABLE U,1
35 - 39,NRW,32.99,32.99,30,0,VF RIP U-TREUE,0
25 - 29,NRW,44.98,44.98,30,0,RED INTERNET & PHONE CABLE U,1
50 - 54,KBW,49.99,49.99,30,0,RED INTERNET & PHONE CABLE U,1
80 and over,KBW,25.0,25.0,30,0,RED INTERNET & PHONE CABLE U,1
30 - 34,NRW,44.98,44.98,30,0,VF CABLEMAX,1
50 - 54,NRW,72.97,52.98,30,0,GIGAZUHAUSE KABEL,0
45 - 49,HSN,43.97,29.99,687,0,VF RIP U-TREUE,0
40 - 44,NRW,32.99,32.99,30,0,VF RIP U-TREUE,0
50 - 54,KBW,42.98,42.98,30,0,2PLAY PLUS,0
18 - 24,NRW,34.99,34.99,30,0,RED INTERNET & PHONE CABLE U,1
30 - 34,KBW,39.99,39.99,30,0,RED INTERNET & PHONE CABLE U,0
60 - 64,NRW,49.97,49.97,30,0,VF CABLEMAX,0
75 - 79,KBW,48.46,42.97,694,0,RED INTERNET & PHONE CABLE U,0
25 - 29,KBW,169.92,169.92,30,0,RED INTERNET & PHONE CABLE U,0
50 - 54,NRW,34.98,34.98,30,0,VF RIP U-TREUE,1
35 - 39,NRW,39.98,39.98,284,0,GIGAZUHAUSE KABEL,0
55 - 59,KBW,34.99,34.99,217,0,VF CABLEMAX,1
40 - 44,NRW,37.99,37.99,30,0,VF RIP U-TREUE,0
45 - 49,HSN,44.98,44.98,121,0,RED INTERNET & PHONE CABLE U,1
40 - 44,NRW,43.98,43.98,60,0,RED INTERNET & PHONE CABLE U,1
25 - 29,KBW,165.92,165.92,3,0,RED INTERNET & PHONE CABLE U,0
65 - 69,NRW,62.95,27.99,30,0,RIP CABLE U TREUE,0
30 - 34,KBW,29.99,29.99,30,0,VF RIP U-TREUE,0
80 and over,NRW,69.98,48.99,30,0,3PLAY TREUE,0
65 - 69,NRW,62.98,37.99,30,0,VF RIP U-TREUE,0
40 - 44,NRW,24.99,24.99,30,0,RED INTERNET & PHONE CABLE U,1
40 - 44,KBW,16.99,16.99,1,1,EAZY,1
30 - 34,KBW,39.98,39.98,220,0,GIGAZUHAUSE KABEL,1
70 - 74,KBW,49.74,28.75,30,0,2PLAY,1
25 - 29,NRW,39.96,29.98,583,1,VF CABLEMAX,1
30 - 34,KBW,62.97,42.98,30,0,VF RIP U-TREUE,1
65 - 69,NRW,34.99,34.99,151,0,GIGAZUHAUSE KABEL,0
50 - 54,KBW,65.97,44.98,30,0,VF CABLEMAX,0
40 - 44,KBW,51.94,24.99,619,0,VF RIP U-TREUE,1
45 - 49,HSN,47.97,44.98,30,0,VF CABLEMAX,0
60 - 64,HSN,34.99,34.99,30,0,RED INTERNET & PHONE CABLE U,0
65 - 69,NRW,67.83,57.85,518,0,3PLAY PREMIUM,1
75 - 79,NRW,43.95,40.96,30,0,RED INTERNET & PHONE CABLE U,0
30 - 34,NRW,54.99,54.99,30,0,RED INTERNET & PHONE CABLE U,1
45 - 49,KBW,44.97,44.97,30,0,VF CABLEMAX,0
30 - 34,KBW,48.97,48.97,30,0,VF CABLEMAX,1
35 - 39,NRW,39.98,39.98,140,0,GIGAZUHAUSE KABEL,1
30 - 34,NRW,37.99,37.99,30,0,VF RIP U-TREUE,0
50 - 54,KBW,44.99,44.99,211,0,GIGAZUHAUSE KABEL,0
60 - 64,KBW,79.96,54.98,30,0,VF RIP U-TREUE,1
25 - 29,KBW,44.98,44.98,30,0,RED INTERNET & PHONE CABLE U,0
45 - 49,KBW,42.98,42.98,30,0,VF RIP U-TREUE,0
35 - 39,NRW,65.97,44.98,30,0,VF CABLEMAX,1
65 - 69,KBW,52.97,32.99,30,0,VF RIP U-TREUE,0
25 - 29,NRW,49.97,49.97,30,0,VF CABLEMAX,1
75 - 79,NRW,55.93,34.94,30,0,RED INTERNET & PHONE CABLE U,0
35 - 39,KBW,42.97,42.97,396,0,GIGAZUHAUSE KABEL,0
35 - 39,NRW,24.99,24.99,234,0,GIGAZUHAUSE TREUE C,1
70 - 74,KBW,60.97,33.0,30,0,RED INTERNET & PHONE CABLE U,0
50 - 54,NRW,29.99,29.99,30,0,VF RIP U-TREUE,1
65 - 69,HSN,41.97,35.98,317,0,GIGAZUHAUSE TREUE B,0
60 - 64,NRW,79.95,49.97,30,0,VF CABLEMAX,1
55 - 59,KBW,62.98,62.98,256,0,GIGAZUHAUSE KABEL,1
45 - 49,HSN,19.99,19.99,295,0,GIGAZUHAUSE KABEL,0
50 - 54,KBW,49.97,49.97,30,0,VF CABLEMAX,1
30 - 34,NRW,42.97,42.97,331,0,GIGAZUHAUSE KABEL,0
25 - 29,NRW,34.99,34.99,30,0,RED INTERNET & PHONE CABLE U,1
70 - 74,NRW,45.36,25.0,30,0,RED INTERNET & PHONE CABLE U,1
80 and over,NRW,59.98,59.98,30,0,RED INTERNET & PHONE CABLE U,1
25 - 29,NRW,39.99,39.99,30,0,RED INTERNET & PHONE CABLE U,0
50 - 54,NRW,79.92,42.98,30,0,VF RIP U-TREUE,1
30 - 34,HSN,181.88,169.92,30,0,RED INTERNET & PHONE CABLE U,1
55 - 59,HSN,44.98,44.98,30,0,RED INTERNET & PHONE CABLE U,1
45 - 49,HSN,37.99,37.99,30,0,VF RIP U-TREUE,1
18 - 24,NRW,44.98,44.98,75,1,RED INTERNET & PHONE CABLE U,1
25 - 29,KBW,72.96,62.98,609,1,GIGAZUHAUSE KABEL,1
40 - 44,NRW,44.98,44.98,78,0,VF CABLEMAX,0
30 - 34,HSN,39.98,39.98,127,0,GIGAZUHAUSE KABEL,1
80 and over,NRW,60.87,39.88,30,0,3PLAY,0
35 - 39,KBW,47.99,47.99,30,0,VF RIP U-TREUE,1
18 - 24,NRW,44.98,44.98,30,0,VF CABLEMAX,0
55 - 59,KBW,24.98,24.98,30,0,RED INTERNET & PHONE CABLE U,1
18 - 24,NRW,42.97,42.97,383,0,GIGAZUHAUSE KABEL,1
30 - 34,NRW,49.97,49.97,30,0,VF CABLEMAX,1
80 and over,KBW,41.98,34.99,618,0,RED INTERNET & PHONE CABLE U,0
30 - 34,HSN,39.99,39.99,30,0,RED INTERNET & PHONE CABLE U,1
18 - 24,KBW,39.98,39.98,30,0,RED INTERNET & PHONE CABLE U,1
45 - 49,NRW,39.98,39.98,602,0,GIGAZUHAUSE KABEL,0
30 - 34,KBW,189.88,189.88,30,0,VF CABLEMAX,0
40 - 44,NRW,29.99,29.99,30,0,VF RIP U-TREUE,0
45 - 49,KBW,19.99,22.99,176,0,GIGAZUHAUSE TREUE B,1
18 - 24,NRW,39.99,39.99,30,0,RED INTERNET & PHONE CABLE U,1
75 - 79,NRW,24.99,24.99,30,0,VF RIP U-TREUE,0
40 - 44,KBW,69.96,49.97,30,0,VF CABLEMAX,1
65 - 69,NRW,29.99,29.99,30,0,VF RIP U-TREUE,0
70 - 74,HSN,30.95,30.95,30,0,RED INTERNET & PHONE CABLE U,0
18 - 24,NRW,39.98,39.98,30,0,RED INTERNET & PHONE CABLE U,0
45 - 49,NRW,0.0,0.0,30,0,VF CABLEMAX FULL FLEX,0
55 - 59,NRW,91.94,49.99,158,0,GIGAZUHAUSE KABEL,0
35 - 39,KBW,77.96,52.98,30,0,VF RIP U-TREUE,1
40 - 44,HSN,24.99,24.99,30,0,RED INTERNET & PHONE CABLE U,1
25 - 29,HSN,34.99,34.99,30,0,RED INTERNET & PHONE CABLE U,1
70 - 74,KBW,68.97,37.99,30,0,VF RIP U-TREUE,0
60 - 64,NRW,29.72,29.72,30,0,RED INTERNET & PHONE CABLE U,0
80 and over,HSN,2.99,2.99,655,0,GIGAZUHAUSE KABEL,0
60 - 64,KBW,169.9,129.92,30,0,VF RIP U-TREUE,0
45 - 49,KBW,57.95,47.97,30,0,VF RIP U-TREUE,0
25 - 29,HSN,44.98,44.98,39,0,RED INTERNET & PHONE CABLE U,1
50 - 54,NRW,52.97,52.97,360,0,GIGAZUHAUSE TREUE B,0
35 - 39,KBW,39.99,39.99,30,0,RED INTERNET & PHONE CABLE U,1
70 - 74,KBW,38.98,38.98,30,0,RED INTERNET & PHONE CABLE U,1
25 - 29,NRW,62.98,62.98,397,0,GIGAZUHAUSE KABEL,0
45 - 49,KBW,44.99,44.99,155,0,GIGAZUHAUSE KABEL,1
40 - 44,KBW,59.98,59.98,30,0,RED INTERNET & PHONE CABLE U,1
60 - 64,HSN,54.99,54.99,30,0,RED INTERNET & PHONE CABLE U,1
25 - 29,NRW,42.99,42.99,271,0,GIGAZUHAUSE TREUE C,0
30 - 34,NRW,43.98,43.98,87,0,RED INTERNET & PHONE CABLE U,1
65 - 69,NRW,39.99,39.99,30,0,RED INTERNET & PHONE CABLE U,1
80 and over,KBW,34.99,34.99,30,0,RED INTERNET & PHONE CABLE U,1
65 - 69,KBW,24.99,24.99,138,0,VF RIP U-TREUE,1
40 - 44,NRW,44.98,44.98,30,0,VF CABLEMAX,0
35 - 39,HSN,44.98,44.98,30,0,RED INTERNET & PHONE CABLE U,1
35 - 39,KBW,34.99,34.99,30,0,VF RIP U-TREUE,0
50 - 54,NRW,39.99,39.99,38,0,RED INTERNET & PHONE CABLE U,1
45 - 49,HSN,69.97,34.99,95,0,RED INTERNET & PHONE CABLE U,1
60 - 64,NRW,56.98,49.99,30,0,RED INTERNET & PHONE CABLE U,0
70 - 74,NRW,47.99,47.99,30,0,VF RIP U-TREUE,0
35 - 39,HSN,44.98,44.98,30,0,VF CABLEMAX,1
50 - 54,NRW,39.99,39.99,30,0,VF RIP U-TREUE,0
35 - 39,NRW,34.99,34.99,208,0,GIGAZUHAUSE KABEL,0
25 - 29,KBW,43.97,43.97,30,0,RED INTERNET & PHONE CABLE U,1
45 - 49,HSN,37.98,37.98,326,1,GIGAZUHAUSE TREUE B,0
30 - 34,KBW,42.98,42.98,30,0,VF RIP U-TREUE,1
50 - 54,KBW,84.34,59.98,30,0,RED INTERNET & PHONE CABLE U,0
70 - 74,KBW,39.98,39.98,159,0,GIGAZUHAUSE TREUE C,1
30 - 34,KBW,29.99,29.99,30,0,INTERNET PREMIUM,1
80 and over,NRW,34.99,34.99,30,0,RED INTERNET & PHONE CABLE U,0
25 - 29,HSN,58.98,58.98,92,0,RED INTERNET & PHONE CABLE U,1
30 - 34,NRW,34.99,34.99,98,0,RED INTERNET & PHONE CABLE U,1
75 - 79,KBW,74.96,44.98,30,0,RED INTERNET & PHONE CABLE U,0
55 - 59,NRW,54.98,54.98,30,0,GIGAZUHAUSE KABEL,1
60 - 64,NRW,66.43,45.44,30,0,3PLAY COMFORT,1
55 - 59,NRW,44.98,24.99,219,0,GIGAZUHAUSE TREUE C,0
40 - 44,KBW,41.68,41.68,30,0,2PLAY,1
35 - 39,NRW,49.99,49.99,30,0,GIGAZUHAUSE KABEL,0
30 - 34,HSN,44.98,44.98,30,0,RED INTERNET & PHONE CABLE U,1
45 - 49,HSN,49.65,49.65,30,0,3PLAY PLUS,0
55 - 59,NRW,29.98,29.98,30,0,VF RIP U-TREUE,0
75 - 79,KBW,54.73,33.74,30,0,2PLAY,1
45 - 49,HSN,42.97,42.97,30,0,RED INTERNET & PHONE CABLE U,0
25 - 29,NRW,64.98,64.98,117,0,GIGAZUHAUSE KABEL,1
70 - 74,KBW,72.97,52.98,325,0,GIGAZUHAUSE KABEL,0
25 - 29,KBW,0.0,0.0,30,1,VF CABLEMAX FULL FLEX,1
30 - 34,HSN,39.98,39.98,213,0,GIGAZUHAUSE KABEL,1
40 - 44,HSN,44.98,44.98,30,0,VF CABLEMAX,0
35 - 39,HSN,32.99,32.99,30,0,VF RIP U-TREUE,0
35 - 39,NRW,44.99,44.99,368,0,GIGAZUHAUSE KABEL,1
30 - 34,NRW,44.99,44.99,30,0,RED INTERNET & PHONE CABLE U,0
25 - 29,NRW,39.98,39.98,192,0,GIGAZUHAUSE KABEL,0
40 - 44,NRW,49.65,49.65,30,0,3PLAY PLUS,1
50 - 54,NRW,44.98,44.98,110,0,VF CABLEMAX,1
55 - 59,NRW,34.99,34.99,30,0,RED INTERNET & PHONE CABLE U,1
35 - 39,HSN,39.98,39.98,368,0,GIGAZUHAUSE TREUE B,1
25 - 29,KBW,39.99,39.99,30,0,RED INTERNET & PHONE CABLE U,1
35 - 39,KBW,34.99,34.99,30,0,RED INTERNET & PHONE CABLE U,0
50 - 54,NRW,59.98,59.98,30,0,RED INTERNET & PHONE CABLE U,1
35 - 39,KBW,44.98,34.99,30,0,RED INTERNET & PHONE CABLE U,0
30 - 34,NRW,39.99,39.99,30,0,RED INTERNET & PHONE CABLE U,0
55 - 59,KBW,39.97,29.99,30,0,INTERNET PREMIUM,1
55 - 59,HSN,70.34,39.99,81,0,VF CABLEMAX,0
25 - 29,KBW,87.94,47.98,337,0,GIGAZUHAUSE KABEL,0
65 - 69,NRW,49.97,49.97,30,0,VF CABLEMAX,1
75 - 79,NRW,49.97,39.99,679,0,VF RIP U-TREUE,0
60 - 64,NRW,49.99,49.99,56,0,VF CABLEMAX,1
50 - 54,HSN,44.98,44.98,30,0,3PLAY START,1
50 - 54,NRW,56.96,42.98,30,0,VF RIP U-TREUE,1
65 - 69,KBW,49.97,49.97,30,1,RED INTERNET & PHONE CABLE U,1
25 - 29,NRW,67.97,37.99,4,0,VF RIP U-TREUE,1
25 - 29,HSN,39.99,39.99,30,0,RED INTERNET & PHONE CABLE U,1
45 - 49,HSN,17.99,17.99,30,0,EAZY FLEX,0
65 - 69,NRW,44.98,44.98,30,0,3PLAY START,1
50 - 54,NRW,35.96,32.97,30,0,GIGAZUHAUSE KABEL,1
35 - 39,KBW,39.99,39.99,30,0,VF RIP U-TREUE,1
55 - 59,HSN,54.99,54.99,30,0,RED INTERNET & PHONE CABLE U,0
35 - 39,NRW,29.99,29.99,30,0,VF RIP U-TREUE,0
45 - 49,NRW,63.98,63.98,165,0,GIGAZUHAUSE KABEL,1
35 - 39,KBW,48.97,48.97,30,0,VF CABLEMAX,1
55 - 59,HSN,65.97,44.98,66,0,VF CABLEMAX,1
45 - 49,HSN,84.93,52.98,65,0,GIGAZUHAUSE KABEL,0
80 and over,NRW,63.96,42.97,30,0,3PLAY START,0
70 - 74,NRW,82.93,55.94,30,0,3PLAY PLUS,1
30 - 34,NRW,29.99,29.99,73,0,VF RIP U-TREUE,0
35 - 39,NRW,42.98,42.98,30,0,2PLAY PLUS,0
18 - 24,HSN,37.99,37.99,87,0,VF RIP U-TREUE,1
75 - 79,HSN,61.34,40.98,30,0,GIGAZUHAUSE KABEL,1
55 - 59,KBW,73.95,42.98,30,0,VF RIP U-TREUE,0
45 - 49,NRW,44.98,44.98,30,0,VF CABLEMAX,1
65 - 69,NRW,34.99,34.99,30,0,RED INTERNET & PHONE CABLE U,0
25 - 29,NRW,44.98,44.98,30,0,RED INTERNET & PHONE CABLE U,0
50 - 54,KBW,44.98,44.98,30,0,VF CABLEMAX,0
55 - 59,HSN,64.98,44.99,242,0,GIGAZUHAUSE TREUE B,1
75 - 79,HSN,55.97,42.98,685,0,2PLAY PLUS,0
30 - 34,NRW,44.98,44.98,95,0,RED INTERNET & PHONE CABLE U,1
50 - 54,NRW,32.99,32.99,224,0,GIGAZUHAUSE TREUE B,1
35 - 39,NRW,29.98,29.98,392,0,GIGAZUHAUSE TREUE C,0
40 - 44,NRW,53.96,53.96,50,0,VF CABLEMAX,0
40 - 44,NRW,42.98,42.98,30,0,VF RIP U-TREUE,1
30 - 34,KBW,34.99,34.99,30,0,RED INTERNET & PHONE CABLE U,1
40 - 44,HSN,67.41,46.42,30,0,3PLAY COMFORT,0
65 - 69,KBW,49.97,39.99,30,0,RED INTERNET & PHONE CABLE U,0
40 - 44,NRW,24.99,24.99,295,0,GIGAZUHAUSE TREUE C,0
35 - 39,NRW,48.97,48.97,45,0,VF CABLEMAX,1
45 - 49,NRW,54.98,54.98,297,1,GIGAZUHAUSE TREUE C,1
75 - 79,NRW,49.99,49.99,75,1,RED INTERNET & PHONE CABLE U,0
30 - 34,KBW,29.99,29.99,44,1,RIP CABLE U TREUE,0
40 - 44,KBW,44.98,44.98,83,0,VF CABLEMAX,1
70 - 74,KBW,27.99,27.99,273,0,GIGAZUHAUSE TREUE B,0
40 - 44,KBW,19.99,29.99,130,0,RED INTERNET & PHONE CABLE U,1
50 - 54,KBW,120.95,59.98,30,0,RED INTERNET & PHONE CABLE U,1
35 - 39,KBW,34.99,34.99,30,0,RED INTERNET & PHONE CABLE U,0
55 - 59,HSN,54.99,54.99,30,0,RED INTERNET & PHONE CABLE U,1
55 - 59,NRW,34.99,34.99,30,1,RED INTERNET & PHONE CABLE U,1
55 - 59,HSN,34.99,34.99,121,0,GIGAZUHAUSE KABEL,1
40 - 44,NRW,62.98,62.98,289,0,GIGAZUHAUSE KABEL,1
80 and over,NRW,65.96,32.99,30,0,VF RIP U-TREUE,0
65 - 69,NRW,73.97,52.98,30,0,VF RIP U-TREUE,0
70 - 74,KBW,34.99,34.99,30,0,RED INTERNET & PHONE CABLE U,1
40 - 44,KBW,32.95,32.95,30,0,RED INTERNET & PHONE CABLE U,0
30 - 34,NRW,95.95,54.99,30,0,RED INTERNET & PHONE CABLE U,0
40 - 44,NRW,34.99,34.99,30,0,RED INTERNET & PHONE CABLE U,1
25 - 29,KBW,39.98,39.98,147,0,GIGAZUHAUSE KABEL,1
30 - 34,NRW,34.99,34.99,30,0,RED INTERNET & PHONE CABLE U,0
55 - 59,NRW,73.95,52.96,30,0,VF RIP U-TREUE,0
55 - 59,KBW,63.96,42.97,30,0,RED INTERNET & PHONE CABLE U,0
25 - 29,KBW,42.97,42.97,305,0,GIGAZUHAUSE KABEL,1
45 - 49,HSN,44.99,44.99,30,0,RED INTERNET & PHONE CABLE U,0
30 - 34,NRW,39.99,39.99,30,0,VF RIP U-TREUE,0
50 - 54,KBW,66.94,44.98,30,0,VF CABLEMAX,0
80 and over,HSN,64.96,39.98,347,0,GIGAZUHAUSE TREUE C,0
45 - 49,NRW,39.98,39.98,245,0,GIGAZUHAUSE KABEL,0
55 - 59,NRW,47.99,47.99,30,0,VF RIP U-TREUE,0
35 - 39,KBW,65.97,44.98,30,0,VF RIP U-TREUE,1
70 - 74,NRW,34.99,34.99,227,0,VF CABLEMAX,0
18 - 24,KBW,44.99,44.99,134,0,GIGAZUHAUSE KABEL,1
45 - 49,KBW,49.98,34.99,30,0,RED INTERNET & PHONE CABLE U,1
50 - 54,NRW,59.99,59.99,165,0,GIGAZUHAUSE KABEL,1
55 - 59,HSN,44.98,44.98,42,0,VF CABLEMAX,1
45 - 49,KBW,70.96,49.97,30,0,RED INTERNET & PHONE CABLE U,0
25 - 29,KBW,39.99,39.99,30,0,RED INTERNET & PHONE CABLE U,1
35 - 39,HSN,39.98,39.98,200,0,GIGAZUHAUSE KABEL,1
30 - 34,NRW,34.99,34.99,30,0,RED INTERNET & PHONE CABLE U,1
25 - 29,KBW,48.97,48.97,30,0,RED INTERNET & PHONE CABLE U,1
45 - 49,KBW,92.95,62.97,30,0,RED INTERNET & PHONE CABLE U,1
35 - 39,KBW,42.99,42.99,264,1,GIGAZUHAUSE TREUE C,1
60 - 64,KBW,70.97,49.98,30,0,TREUEPLUS,0
40 - 44,KBW,43.98,43.98,30,0,RED INTERNET & PHONE CABLE U,1
45 - 49,NRW,39.99,39.99,30,0,VF RIP U-TREUE,1
70 - 74,KBW,169.92,169.92,22,0,VF RIP U-TREUE,0
60 - 64,KBW,37.78,37.78,30,0,GIGAZUHAUSE KABEL,0
35 - 39,KBW,205.84,205.84,30,0,RED INTERNET & PHONE CABLE U,1
35 - 39,HSN,39.98,39.98,30,0,RED INTERNET & PHONE CABLE U,1
70 - 74,HSN,54.98,34.99,30,0,RED INTERNET & PHONE CABLE U,0
50 - 54,KBW,78.94,49.97,30,0,VF CABLEMAX,0
70 - 74,KBW,79.97,64.98,455,3,GIGAZUHAUSE KABEL,0
70 - 74,KBW,42.9,40.9,30,2,2PLAY PLUS,1
45 - 49,KBW,81.96,54.99,30,0,RED INTERNET & PHONE CABLE U,0
65 - 69,NRW,40.98,49.98,292,0,GIGAZUHAUSE TREUE B,0
55 - 59,KBW,70.97,34.99,30,0,RED INTERNET & PHONE CABLE U,0
60 - 64,HSN,53.98,32.99,30,0,VF RIP U-TREUE,0
65 - 69,HSN,68.95,44.97,593,0,VF CABLEMAX,0
25 - 29,NRW,47.98,47.98,253,0,GIGAZUHAUSE KABEL,0
25 - 29,NRW,29.99,29.99,30,0,RED INTERNET & PHONE CABLE U,1
55 - 59,NRW,76.94,62.97,30,0,RED INTERNET & PHONE CABLE U,1
45 - 49,NRW,37.98,37.98,364,0,GIGAZUHAUSE TREUE D,1
25 - 29,NRW,39.98,39.98,30,0,RED INTERNET & PHONE CABLE U,0
65 - 69,KBW,76.79,56.43,30,0,3PLAY PREMIUM MTA,0
60 - 64,KBW,37.98,37.98,376,0,GIGAZUHAUSE KABEL,0
45 - 49,KBW,27.99,27.99,344,0,GIGAZUHAUSE TREUE B,0
25 - 29,NRW,34.99,34.99,291,0,GIGAZUHAUSE TREUE C,0
40 - 44,NRW,88.95,59.98,30,0,RED INTERNET & PHONE CABLE U,0
45 - 49,KBW,39.98,39.98,266,0,GIGAZUHAUSE TREUE B,1
65 - 69,KBW,49.98,44.98,93,0,VF CABLEMAX,0
30 - 34,KBW,79.94,44.99,547,0,RED INTERNET & PHONE CABLE U,1
60 - 64,KBW,32.97,32.97,30,0,RED INTERNET & PHONE CABLE U,1
30 - 34,KBW,42.99,42.99,316,6,GIGAZUHAUSE KABEL,1
35 - 39,NRW,44.98,44.98,81,0,VF CABLEMAX,0
55 - 59,KBW,74.95,64.96,109,0,RED INTERNET & PHONE CABLE U,0
40 - 44,NRW,37.99,37.99,30,0,VF RIP U-TREUE,1
65 - 69,KBW,74.31,53.32,30,0,3PLAY FLY,1
30 - 34,HSN,52.97,52.97,30,0,GIGAZUHAUSE KABEL,1
55 - 59,NRW,39.99,39.99,30,0,RED INTERNET & PHONE CABLE U,0
60 - 64,NRW,29.99,29.99,30,0,VF RIP U-TREUE,0
60 - 64,NRW,78.95,49.97,30,0,VF CABLEMAX,0
55 - 59,KBW,74.96,44.98,30,0,VF CABLEMAX,0
40 - 44,KBW,42.98,42.98,30,0,VF RIP U-TREUE,1
30 - 34,KBW,44.98,44.98,30,0,RED INTERNET & PHONE CABLE U,0
25 - 29,KBW,34.99,34.99,30,0,RED INTERNET & PHONE CABLE U,1
60 - 64,NRW,76.96,49.99,295,3,GIGAZUHAUSE TREUE C,0
50 - 54,KBW,49.99,49.99,30,0,RED INTERNET & PHONE CABLE U,1
60 - 64,NRW,69.95,44.98,30,0,VF CABLEMAX,1
65 - 69,KBW,30.88,30.88,30,0,RED INTERNET & PHONE CABLE U,1
25 - 29,KBW,34.99,34.99,377,0,GIGAZUHAUSE TREUE C,0
35 - 39,KBW,37.98,37.98,234,0,GIGAZUHAUSE TREUE D,1
60 - 64,KBW,47.98,47.98,285,0,GIGAZUHAUSE TREUE C,0
80 and over,NRW,34.98,27.99,184,0,GIGAZUHAUSE TREUE B,0
75 - 79,KBW,54.97,44.98,82,1,VF CABLEMAX,0
35 - 39,NRW,34.98,39.98,133,0,VF CABLEMAX,1
35 - 39,KBW,49.97,49.97,30,0,VF CABLEMAX,0
18 - 24,KBW,44.97,44.97,246,1,GIGAZUHAUSE KABEL,1
40 - 44,NRW,29.99,29.99,113,0,VF RIP U-TREUE,1
35 - 39,HSN,39.98,39.98,30,0,VF CABLEMAX,0
70 - 74,NRW,44.98,29.99,30,0,VF RIP U-TREUE,0
50 - 54,NRW,54.98,54.98,30,0,GIGAZUHAUSE KABEL,0
50 - 54,KBW,34.99,34.99,30,0,GIGAZUHAUSE KABEL,0
65 - 69,NRW,37.97,37.97,30,0,RED INTERNET & PHONE CABLE U,0
50 - 54,NRW,60.98,39.99,30,0,VF RIP U-TREUE,1
25 - 29,KBW,44.98,44.98,30,0,VF RIP U-TREUE,1
40 - 44,NRW,34.99,34.99,144,0,GIGAZUHAUSE KABEL,1
25 - 29,NRW,39.98,39.98,45,1,RED INTERNET & PHONE CABLE U,1
35 - 39,KBW,39.99,39.99,30,0,RED INTERNET & PHONE CABLE U,0
35 - 39,KBW,39.98,39.98,111,0,GIGAZUHAUSE KABEL,0
75 - 79,NRW,55.97,49.99,697,0,GIGAZUHAUSE KABEL,1
40 - 44,NRW,32.84,32.84,30,0,2PLAY,1
30 - 34,KBW,49.99,49.99,30,0,RED INTERNET & PHONE CABLE U,1
55 - 59,KBW,39.98,39.98,30,0,VF CABLEMAX,1
25 - 29,KBW,42.97,42.97,311,0,GIGAZUHAUSE KABEL,1
60 - 64,HSN,40.97,33.98,78,0,VF RIP U-TREUE,1
70 - 74,NRW,34.99,34.99,30,0,RED INTERNET & PHONE CABLE U,1
75 - 79,NRW,78.97,58.98,30,0,RED INTERNET & PHONE CABLE U,0
55 - 59,KBW,70.98,49.99,30,0,RED INTERNET & PHONE CABLE U,0
40 - 44,KBW,44.97,44.97,30,0,VF CABLEMAX,1
25 - 29,HSN,39.99,39.99,51,0,RED INTERNET & PHONE CABLE U,1
55 - 59,NRW,241.87,59.95,30,0,3PLAY PLUS MTA,0
35 - 39,KBW,40.0,40.0,30,0,RED INTERNET & PHONE CABLE U,1
45 - 49,NRW,37.99,37.99,30,0,VF RIP U-TREUE,0
40 - 44,HSN,49.97,49.97,77,0,VF CABLEMAX,1
75 - 79,NRW,67.96,42.98,245,0,VF RIP U-TREUE,1
40 - 44,NRW,62.98,62.98,287,1,GIGAZUHAUSE KABEL,1
40 - 44,NRW,0.0,0.0,30,0,MMA,0
30 - 34,NRW,49.97,49.97,30,0,VF CABLEMAX,0
55 - 59,KBW,49.95,35.98,675,0,RED INTERNET & PHONE CABLE U,0
65 - 69,KBW,63.97,42.98,30,0,VF RIP U-TREUE,1
40 - 44,KBW,19.99,19.99,193,1,GIGAZUHAUSE KABEL,1
35 - 39,NRW,37.98,37.98,122,0,GIGAZUHAUSE TREUE D,1
45 - 49,KBW,44.98,44.98,53,0,RED INTERNET & PHONE CABLE U,1
80 and over,NRW,49.97,49.97,30,0,VF CABLEMAX,1
40 - 44,KBW,49.99,49.99,30,0,RED INTERNET & PHONE CABLE U,1
18 - 24,NRW,44.98,44.98,30,0,RED INTERNET & PHONE CABLE U,1
35 - 39,NRW,71.95,49.99,30,0,RED INTERNET & PHONE CABLE U,1
35 - 39,KBW,54.97,44.98,30,0,VF CABLEMAX,0
35 - 39,HSN,24.99,24.99,291,0,GIGAZUHAUSE TREUE C,0
25 - 29,HSN,37.99,37.99,30,0,VF RIP U-TREUE,1
30 - 34,NRW,32.99,32.99,256,0,GIGAZUHAUSE TREUE B,0
75 - 79,NRW,80.94,49.97,30,0,VF CABLEMAX,1
25 - 29,KBW,49.99,49.99,30,0,RED INTERNET & PHONE CABLE U,0
70 - 74,NRW,80.97,54.99,30,0,RED INTERNET & PHONE CABLE U,0
30 - 34,KBW,29.98,0.0,30,0,HSI HZ BOX ONLY,0
50 - 54,KBW,42.97,39.98,305,0,VF CABLEMAX,1
25 - 29,NRW,59.97,49.99,30,0,VF RIP U-TREUE,0
25 - 29,NRW,47.97,44.98,30,0,VF CABLEMAX,0
45 - 49,HSN,85.92,42.98,30,0,VF RIP U-TREUE,1
65 - 69,NRW,46.86,46.86,30,0,3PLAY,0
60 - 64,NRW,39.98,39.98,334,0,GIGAZUHAUSE TREUE B,1
35 - 39,NRW,43.97,43.97,118,0,GIGAZUHAUSE KABEL,1
30 - 34,HSN,44.98,44.98,91,0,VF CABLEMAX,1
25 - 29,NRW,29.99,29.99,117,0,VF RIP U-TREUE,1
65 - 69,KBW,34.99,34.99,166,0,GIGAZUHAUSE TREUE C,1
25 - 29,NRW,69.96,44.98,30,0,VF CABLEMAX,0
35 - 39,KBW,71.18,48.64,30,0,2PLAY PLUS,0
70 - 74,NRW,45.95,32.99,630,0,VF RIP U-TREUE,1
45 - 49,NRW,45.86,45.86,30,0,3PLAY HD BOX,0
60 - 64,NRW,82.94,44.98,30,0,VF CABLEMAX,0
70 - 74,NRW,63.96,48.97,30,3,VF CABLEMAX,1
25 - 29,NRW,39.99,39.99,30,0,VF CABLEMAX,1
80 and over,HSN,34.99,34.99,0,0,RED INTERNET & PHONE CABLE U,0
18 - 24,HSN,245.88,245.88,30,0,RED INTERNET & PHONE CABLE U,0
50 - 54,KBW,39.97,49.97,75,0,VF CABLEMAX,1
70 - 74,NRW,44.98,44.98,30,0,VF CABLEMAX,0
18 - 24,HSN,38.98,38.98,30,0,RED INTERNET & PHONE CABLE U,0
55 - 59,NRW,44.98,44.98,30,0,VF CABLEMAX,1
70 - 74,NRW,79.96,45.97,30,0,3PLAY SMART,1
45 - 49,NRW,44.97,44.97,74,0,VF CABLEMAX,1
40 - 44,HSN,49.99,49.99,30,0,RED INTERNET & PHONE CABLE U,0
65 - 69,KBW,48.98,44.98,30,0,RED INTERNET & PHONE CABLE U,1
65 - 69,KBW,62.97,42.98,30,0,VF RIP U-TREUE,1
35 - 39,NRW,54.99,54.99,30,0,RED INTERNET & PHONE CABLE U,0
40 - 44,KBW,59.98,39.99,30,0,VF RIP U-TREUE,0
50 - 54,KBW,37.98,37.98,338,0,GIGAZUHAUSE TREUE D,0
35 - 39,NRW,62.98,62.98,284,0,GIGAZUHAUSE KABEL,1
30 - 34,KBW,58.98,58.98,30,0,RED INTERNET & PHONE CABLE U,0
30 - 34,NRW,58.98,58.98,30,0,RED INTERNET & PHONE CABLE U,0
55 - 59,NRW,61.96,44.98,521,0,VF RIP U-TREUE,1
80 and over,HSN,49.98,29.99,30,0,RED INTERNET & PHONE CABLE U,1
45 - 49,KBW,42.97,42.97,30,0,RED INTERNET & PHONE CABLE U,0
65 - 69,HSN,42.97,42.97,30,0,RED INTERNET & PHONE CABLE U,1
30 - 34,KBW,35.98,29.99,30,0,INTERNET PREMIUM,0
35 - 39,HSN,141.96,141.96,30,0,VF RIP U-TREUE,0
50 - 54,KBW,48.97,48.97,30,0,VF CABLEMAX,1
35 - 39,KBW,78.95,58.98,30,0,RED INTERNET & PHONE CABLE U,1
25 - 29,NRW,44.98,44.98,28,0,RED INTERNET & PHONE CABLE U,1
40 - 44,NRW,26.99,29.99,67,1,VF RIP U-TREUE,0
45 - 49,KBW,63.97,39.99,30,0,VF RIP U-TREUE,0
70 - 74,HSN,73.93,53.95,386,0,GIGAZUHAUSE TREUE C,1
50 - 54,NRW,52.96,44.98,30,0,VF RIP U-TREUE,1
30 - 34,KBW,34.99,34.99,30,0,VF RIP U-TREUE,1
30 - 34,KBW,39.99,39.99,30,0,RED INTERNET & PHONE CABLE U,0
40 - 44,NRW,34.99,34.99,127,0,RED INTERNET & PHONE CABLE U,1
50 - 54,KBW,59.97,44.98,30,0,VF CABLEMAX,1
55 - 59,KBW,53.97,32.98,30,0,INTERNET PREMIUM,0
not available,HSN,0.0,0.0,30,0,MMA,0
40 - 44,NRW,39.99,39.99,30,0,RED INTERNET & PHONE CABLE U,1
40 - 44,KBW,63.98,63.98,176,0,GIGAZUHAUSE KABEL,1
75 - 79,KBW,52.98,39.99,679,0,VF CABLEMAX,1
30 - 34,NRW,37.99,37.99,30,0,VF RIP U-TREUE,1
80 and over,NRW,65.34,44.98,30,0,RED INTERNET & PHONE CABLE U,1
60 - 64,NRW,30.86,30.86,30,0,INTERNET,0
75 - 79,NRW,29.99,29.99,30,0,RED INTERNET & PHONE CABLE U,1
25 - 29,NRW,39.99,39.99,30,1,RED INTERNET & PHONE CABLE U,1
80 and over,NRW,34.98,34.98,78,1,VF CABLEMAX,1
55 - 59,NRW,78.97,57.98,30,0,3PLAY PLUS,1
30 - 34,HSN,62.98,62.98,281,0,GIGAZUHAUSE KABEL,1
18 - 24,NRW,39.98,39.98,116,0,GIGAZUHAUSE KABEL,0
30 - 34,KBW,39.98,39.98,209,0,GIGAZUHAUSE KABEL,0
45 - 49,KBW,17.99,17.99,30,0,EAZY FLEX,1
45 - 49,KBW,87.96,49.99,30,0,RED INTERNET & PHONE CABLE U,0
60 - 64,NRW,29.99,29.99,30,0,VF RIP U-TREUE,1
45 - 49,KBW,53.98,53.98,30,0,RED INTERNET & PHONE CABLE U,0
60 - 64,KBW,69.96,49.97,30,0,VF CABLEMAX,1
60 - 64,NRW,19.99,19.99,214,1,GIGAZUHAUSE KABEL,1
35 - 39,NRW,47.96,47.96,30,1,RED INTERNET & PHONE CABLE U,1
45 - 49,HSN,29.99,29.99,30,0,VF RIP U-TREUE,0
65 - 69,KBW,33.74,33.74,30,0,GIGAZUHAUSE KABEL,0
75 - 79,HSN,34.99,34.99,30,0,VF RIP U-TREUE,0
70 - 74,KBW,37.99,37.99,119,0,VF RIP U-TREUE,1
not available,KBW,39.9,39.9,30,0,2PLAY,0
80 and over,KBW,34.99,34.99,30,0,RED INTERNET & PHONE CABLE U,0
45 - 49,KBW,47.99,47.99,30,0,VF RIP U-TREUE,0
60 - 64,KBW,49.99,49.99,30,0,RED INTERNET & PHONE CABLE U,0
60 - 64,NRW,34.99,34.99,30,0,RED INTERNET & PHONE CABLE U,1
50 - 54,NRW,73.97,69.97,30,0,TREUEPLUS,0
45 - 49,NRW,53.98,53.98,30,0,RED INTERNET & PHONE CABLE U,1
40 - 44,NRW,44.96,44.96,30,0,VF RIP U-TREUE,0
40 - 44,HSN,42.97,42.97,30,0,RED INTERNET & PHONE CABLE U,1
50 - 54,NRW,44.98,44.98,30,0,VF CABLEMAX,1
35 - 39,NRW,32.99,32.99,30,0,RED INTERNET & PHONE CABLE U,0
60 - 64,NRW,79.95,53.98,65,0,RED INTERNET & PHONE CABLE U,1
45 - 49,KBW,35.95,35.95,30,0,2PLAY,1
80 and over,KBW,49.98,28.99,30,0,2PLAY,1
40 - 44,HSN,29.99,29.99,30,0,INTERNET PREMIUM,0
55 - 59,KBW,37.98,37.98,30,0,VF RIP U-TREUE,0
40 - 44,KBW,39.98,39.98,30,0,GIGAZUHAUSE KABEL,1
70 - 74,NRW,44.98,44.98,30,0,RED INTERNET & PHONE CABLE U,1
35 - 39,KBW,39.98,39.98,114,0,VF CABLEMAX,0
25 - 29,HSN,24.98,24.98,222,0,GIGAZUHAUSE KABEL,1
25 - 29,NRW,44.98,44.98,30,0,RED INTERNET & PHONE CABLE U,1
35 - 39,KBW,47.99,47.99,30,0,VF RIP U-TREUE,0
55 - 59,NRW,49.97,49.97,30,0,VF CABLEMAX,0
60 - 64,KBW,49.97,49.97,30,0,VF CABLEMAX,0
60 - 64,KBW,49.97,49.97,30,0,VF CABLEMAX,0
50 - 54,NRW,54.99,54.99,56,0,RED INTERNET & PHONE CABLE U,1
45 - 49,HSN,52.98,52.98,30,0,2PLAY FLY,1
55 - 59,HSN,169.92,169.92,30,0,VF CABLEMAX,1
60 - 64,KBW,39.98,39.98,30,0,VF CABLEMAX,1
35 - 39,NRW,32.99,32.99,192,0,GIGAZUHAUSE TREUE B,1
25 - 29,HSN,29.99,29.99,30,0,INTERNET PREMIUM,1
65 - 69,KBW,65.97,44.98,30,0,VF CABLEMAX,0
50 - 54,KBW,49.97,49.97,61,0,VF CABLEMAX,1
35 - 39,NRW,40.97,40.97,30,0,3PLAY SMART,1
55 - 59,NRW,42.97,42.97,338,0,GIGAZUHAUSE KABEL,1
35 - 39,KBW,39.99,39.99,30,0,VF RIP U-TREUE,1
35 - 39,NRW,24.99,24.99,116,0,VF RIP U-TREUE,1
55 - 59,NRW,69.41,48.42,30,0,3PLAY COMFORT,0
35 - 39,NRW,29.99,29.99,333,0,RED INTERNET & PHONE CABLE U,0
30 - 34,NRW,43.97,34.99,30,0,VF RIP U-TREUE,1
75 - 79,NRW,80.98,59.99,30,0,3PLAY FLY,0
40 - 44,KBW,217.4,217.4,30,0,RED INTERNET & PHONE CABLE U,0
35 - 39,NRW,49.97,49.97,30,0,RED INTERNET & PHONE CABLE U,0
40 - 44,HSN,64.97,29.99,30,0,VF RIP U-TREUE,0
40 - 44,KBW,44.98,44.98,30,0,VF CABLEMAX,0
50 - 54,HSN,55.86,44.98,700,0,RED INTERNET & PHONE CABLE U,0
40 - 44,HSN,42.98,42.98,30,0,VF RIP U-TREUE,0
65 - 69,NRW,57.97,32.99,30,0,VF RIP U-TREUE,1
65 - 69,KBW,100.92,49.97,324,0,VF CABLEMAX,1
80 and over,KBW,72.94,52.97,30,0,VF RIP U-TREUE,0
18 - 24,HSN,17.99,17.99,30,0,EAZY FLEX,1
65 - 69,KBW,22.99,22.99,122,0,RIP CABLE U TREUE,1
40 - 44,NRW,30.88,30.88,30,0,RED INTERNET & PHONE CABLE U,0
40 - 44,KBW,44.98,44.98,33,1,VF CABLEMAX,1
40 - 44,HSN,38.98,38.98,30,0,RED INTERNET & PHONE CABLE U,0
50 - 54,KBW,44.98,44.98,30,0,RED INTERNET & PHONE CABLE U,1
60 - 64,KBW,60.35,39.99,30,0,VF RIP U-TREUE,1
70 - 74,KBW,39.97,29.99,659,0,VF RIP U-TREUE,0
45 - 49,HSN,-12.98,0.0,30,0,MMA,0
30 - 34,KBW,39.98,39.98,213,0,GIGAZUHAUSE KABEL,0
75 - 79,HSN,63.94,43.97,30,0,VF CABLEMAX,0
18 - 24,HSN,34.99,34.99,85,0,RED INTERNET & PHONE CABLE U,1
35 - 39,HSN,29.98,29.98,305,0,GIGAZUHAUSE TREUE C,1
40 - 44,HSN,74.95,49.97,45,0,VF CABLEMAX,1
45 - 49,NRW,37.99,37.99,30,0,VF RIP U-TREUE,0
45 - 49,KBW,89.97,89.97,42,0,VF CABLEMAX,0
50 - 54,KBW,47.99,47.99,30,0,VF RIP U-TREUE,0
35 - 39,NRW,14.99,19.99,30,0,INTERNET PREMIUM,0
25 - 29,KBW,58.98,58.98,30,0,RED INTERNET & PHONE CABLE U,1
18 - 24,NRW,34.99,34.99,93,0,RED INTERNET & PHONE CABLE U,1
80 and over,HSN,0.0,0.0,30,0,MMA,0
25 - 29,HSN,24.99,24.99,288,0,GIGAZUHAUSE TREUE C,1
60 - 64,NRW,44.97,44.97,214,0,GIGAZUHAUSE TREUE B,0
70 - 74,NRW,40.9,40.9,30,0,2PLAY PLUS,1
75 - 79,KBW,64.98,64.98,30,0,TREUEPLUS,1
40 - 44,KBW,44.98,44.98,30,0,VF CABLEMAX,1
18 - 24,KBW,39.99,39.99,56,0,RED INTERNET & PHONE CABLE U,1
30 - 34,NRW,20.9,20.9,30,3,1PLAY,0
45 - 49,NRW,32.99,32.99,30,0,VF RIP U-TREUE,1
30 - 34,KBW,39.98,39.98,161,1,GIGAZUHAUSE KABEL,0
80 and over,NRW,68.95,34.99,30,0,RED INTERNET & PHONE CABLE U,0
30 - 34,NRW,42.97,42.97,347,0,GIGAZUHAUSE KABEL,0
30 - 34,HSN,34.99,34.99,30,0,RED INTERNET & PHONE CABLE U,1
40 - 44,NRW,44.98,44.98,30,0,VF CABLEMAX,0
25 - 29,HSN,49.99,49.99,30,0,RED INTERNET & PHONE CABLE U,1
45 - 49,KBW,54.98,54.98,30,0,RED INTERNET & PHONE CABLE U,1
30 - 34,KBW,44.98,44.98,30,0,VF CABLEMAX,1
30 - 34,NRW,57.97,32.99,243,0,GIGAZUHAUSE TREUE B,0
55 - 59,HSN,75.95,44.98,30,0,VF CABLEMAX,0
45 - 49,NRW,25.87,25.87,30,0,INTERNET,0
50 - 54,NRW,42.98,42.98,30,0,VF RIP U-TREUE,0
70 - 74,KBW,66.96,45.97,30,0,3PLAY SMART,0
45 - 49,KBW,44.98,44.98,30,0,RED INTERNET & PHONE CABLE U,1
25 - 29,KBW,34.99,34.99,189,0,GIGAZUHAUSE KABEL,1
40 - 44,NRW,34.99,34.99,14,0,RED INTERNET & PHONE CABLE U,0
30 - 34,KBW,45.97,39.98,574,0,VF CABLEMAX,1
30 - 34,KBW,88.96,58.98,30,0,RED INTERNET & PHONE CABLE U,1
75 - 79,NRW,39.98,39.98,30,0,GIGAZUHAUSE KABEL,0
40 - 44,HSN,19.99,19.99,30,0,EAZY,0
30 - 34,NRW,42.97,42.97,375,0,GIGAZUHAUSE KABEL,1
25 - 29,NRW,34.99,34.99,30,0,RED INTERNET & PHONE CABLE U,1
25 - 29,NRW,39.98,39.98,332,0,GIGAZUHAUSE TREUE B,1
65 - 69,HSN,62.96,37.99,136,0,VF RIP U-TREUE,1
25 - 29,KBW,29.99,29.99,261,0,RED INTERNET & PHONE CABLE U,0
18 - 24,KBW,44.99,44.99,121,0,GIGAZUHAUSE KABEL,1
40 - 44,NRW,37.99,37.99,30,0,VF RIP U-TREUE,1
25 - 29,NRW,44.98,44.98,65,0,RED INTERNET & PHONE CABLE U,1
65 - 69,NRW,60.99,40.0,30,0,3PLAY,0
60 - 64,NRW,39.98,29.99,233,1,VF RIP U-TREUE,1
35 - 39,KBW,84.97,54.99,30,0,RED INTERNET & PHONE CABLE U,1
80 and over,NRW,68.64,47.65,30,0,3PLAY PLUS,0
30 - 34,KBW,34.99,34.99,164,0,GIGAZUHAUSE KABEL,1
40 - 44,HSN,52.96,52.96,30,0,VF CABLEMAX,0
60 - 64,NRW,64.95,44.98,30,0,VF CABLEMAX,0
35 - 39,NRW,39.99,39.99,30,0,VF RIP U-TREUE,1
70 - 74,NRW,72.24,44.89,30,0,3PLAY,1
30 - 34,KBW,34.98,39.98,315,0,GIGAZUHAUSE TREUE B,1
60 - 64,NRW,29.99,29.99,30,0,VF RIP U-TREUE,0
70 - 74,NRW,78.94,44.98,30,0,VF RIP U-TREUE,0
25 - 29,NRW,39.98,39.98,301,0,GIGAZUHAUSE KABEL,1
55 - 59,NRW,78.95,37.99,30,0,VF RIP U-TREUE,1
40 - 44,KBW,54.99,54.99,30,0,RED INTERNET & PHONE CABLE U,1
60 - 64,KBW,54.1,33.74,30,0,RED INTERNET & PHONE CABLE U,0
30 - 34,NRW,42.99,42.99,361,0,GIGAZUHAUSE TREUE C,1
35 - 39,NRW,32.99,32.99,247,0,GIGAZUHAUSE TREUE B,0
65 - 69,NRW,40.9,40.9,30,0,2PLAY PLUS,0
80 and over,NRW,33.85,33.85,30,0,RED INTERNET & PHONE CABLE U,1
65 - 69,NRW,39.99,39.99,143,0,VF CABLEMAX,1
60 - 64,HSN,39.98,29.99,547,0,VF RIP U-TREUE,1
35 - 39,NRW,42.49,29.99,630,0,VF RIP U-TREUE,0
30 - 34,NRW,39.98,39.98,126,0,VF CABLEMAX,1
40 - 44,HSN,43.87,43.87,30,0,3PLAY SMART,0
45 - 49,KBW,59.64,59.64,30,0,2PLAY PLUS,1
60 - 64,NRW,55.94,38.97,59,1,VF CABLEMAX,0
70 - 74,NRW,67.96,37.98,333,0,GIGAZUHAUSE TREUE D,0
35 - 39,NRW,24.98,32.98,119,0,GIGAZUHAUSE TREUE B,1
50 - 54,NRW,34.99,34.99,30,0,RED INTERNET & PHONE CABLE U,1
65 - 69,KBW,39.99,34.99,546,0,RED INTERNET & PHONE CABLE U,0
25 - 29,NRW,39.99,39.99,30,0,VF RIP U-TREUE,0
70 - 74,NRW,47.96,27.99,88,0,RIP CABLE U TREUE,0
45 - 49,HSN,46.98,39.99,30,0,VF RIP U-TREUE,1
60 - 64,NRW,44.98,44.98,215,0,VF CABLEMAX,1
45 - 49,HSN,32.99,32.99,30,0,VF RIP U-TREUE,0
60 - 64,KBW,34.99,34.99,30,0,RED INTERNET & PHONE CABLE U,1
75 - 79,KBW,52.97,42.98,30,0,VF RIP U-TREUE,0
35 - 39,NRW,39.98,39.98,30,0,GIGAZUHAUSE TREUE B,1
30 - 34,NRW,34.99,34.99,153,1,GIGAZUHAUSE KABEL,1
60 - 64,KBW,42.97,42.97,30,0,VF RIP U-TREUE,0
18 - 24,HSN,34.99,34.99,30,0,RED INTERNET & PHONE CABLE U,0
45 - 49,HSN,34.99,34.99,30,0,RED INTERNET & PHONE CABLE U,0
70 - 74,NRW,64.97,43.98,30,0,VF RIP U-TREUE,0
60 - 64,NRW,54.99,54.99,30,0,RED INTERNET & PHONE CABLE U,0
75 - 79,NRW,58.98,58.98,30,0,RED INTERNET & PHONE CABLE U,0
25 - 29,NRW,34.99,34.99,30,0,RED INTERNET & PHONE CABLE U,1
45 - 49,NRW,43.98,43.98,30,0,RED INTERNET & PHONE CABLE U,0
50 - 54,KBW,72.94,51.95,30,0,3PLAY TREUE,0
80 and over,NRW,59.97,57.97,30,0,GIGAZUHAUSE CABLEMAX,0
65 - 69,HSN,61.96,40.97,30,0,3PLAY SMART,1
35 - 39,NRW,27.99,27.99,30,0,VF RIP U-TREUE,0
35 - 39,NRW,54.98,54.98,30,0,VF RIP U-TREUE,1
60 - 64,KBW,32.99,32.99,186,0,GIGAZUHAUSE TREUE B,0
35 - 39,HSN,39.99,39.99,150,0,RED INTERNET & PHONE CABLE U,1
55 - 59,KBW,59.96,49.98,664,0,GIGAZUHAUSE KABEL,0
55 - 59,KBW,70.95,44.97,30,0,GIGAZUHAUSE KABEL,1
30 - 34,NRW,0.0,0.0,30,0,MMA,0
80 and over,NRW,35.86,35.86,30,0,2PLAY,0
65 - 69,KBW,89.97,89.97,30,0,VF CABLEMAX,0
25 - 29,NRW,38.98,38.98,30,0,RED INTERNET & PHONE CABLE U,1
70 - 74,NRW,64.96,49.97,113,0,VF CABLEMAX,0
55 - 59,NRW,64.98,64.98,363,0,GIGAZUHAUSE KABEL,1
35 - 39,HSN,31.49,31.49,30,0,RED INTERNET & PHONE CABLE U,0
25 - 29,KBW,129.96,129.96,30,0,RED INTERNET & PHONE CABLE U,1
30 - 34,KBW,49.97,49.97,30,0,VF CABLEMAX,0
40 - 44,NRW,63.96,42.97,30,0,3PLAY START,1
55 - 59,NRW,34.98,34.98,30,0,VF RIP U-TREUE,1
40 - 44,KBW,57.97,37.98,30,0,VF RIP U-TREUE,0
18 - 24,NRW,34.99,34.99,30,0,RED INTERNET & PHONE CABLE U,1
30 - 34,NRW,47.98,47.98,360,0,GIGAZUHAUSE KABEL,1
30 - 34,NRW,34.99,34.99,30,0,VF RIP U-TREUE,0
70 - 74,NRW,65.24,44.88,30,0,3PLAY,0
45 - 49,KBW,181.88,169.92,30,0,VF CABLEMAX,0
40 - 44,KBW,39.99,39.99,30,0,VF RIP U-TREUE,0
45 - 49,KBW,44.98,44.98,30,0,RED INTERNET & PHONE CABLE U,1
60 - 64,NRW,44.98,44.98,30,0,VF CABLEMAX,0
55 - 59,NRW,74.95,39.99,30,0,VF RIP U-TREUE,1
30 - 34,HSN,49.97,49.97,30,0,RED INTERNET & PHONE CABLE U,0
50 - 54,HSN,49.97,32.99,124,0,GIGAZUHAUSE TREUE B,0
30 - 34,NRW,43.98,43.98,30,0,RED INTERNET & PHONE CABLE U,0
40 - 44,NRW,44.97,34.99,506,0,RED INTERNET & PHONE CABLE U,0
25 - 29,KBW,44.98,44.98,84,0,VF CABLEMAX,0
65 - 69,KBW,68.94,47.95,30,0,3PLAY PLUS MTA,0
50 - 54,KBW,62.97,47.98,277,0,GIGAZUHAUSE KABEL,0
25 - 29,NRW,34.99,34.99,30,0,RED INTERNET & PHONE CABLE U,1
70 - 74,NRW,11.98,11.98,30,0,EAZY,0
50 - 54,NRW,65.97,44.98,30,0,VF CABLEMAX,1
80 and over,KBW,41.98,39.99,692,0,VF RIP U-TREUE,0
25 - 29,NRW,34.99,34.99,65,0,GIGAZUHAUSE TREUE C,1
45 - 49,KBW,19.99,19.99,148,0,GIGAZUHAUSE TREUE C,0
50 - 54,NRW,52.98,52.98,30,0,VF RIP U-TREUE,0
40 - 44,KBW,37.99,37.99,30,0,VF RIP U-TREUE,0
65 - 69,NRW,34.99,34.99,30,0,RED INTERNET & PHONE CABLE U,0
60 - 64,NRW,39.99,39.99,30,0,RED INTERNET & PHONE CABLE U,1
45 - 49,HSN,74.98,74.98,30,0,2PLAY FLY,0
65 - 69,KBW,34.98,34.98,191,0,GIGAZUHAUSE TREUE C,0
18 - 24,NRW,29.99,29.99,319,0,GIGAZUHAUSE TREUE C,0
40 - 44,KBW,59.99,59.99,30,0,3PLAY FLY,0
30 - 34,NRW,34.99,34.99,30,0,RED INTERNET & PHONE CABLE U,1
30 - 34,KBW,49.96,39.98,666,0,GIGAZUHAUSE KABEL,1
35 - 39,HSN,34.99,34.99,30,0,RED INTERNET & PHONE CABLE U,0
30 - 34,HSN,63.98,59.98,30,0,RED INTERNET & PHONE CABLE U,0
45 - 49,HSN,42.95,9.98,30,0,HSI HZ BOX ONLY,0
80 and over,NRW,86.93,49.96,200,0,GIGAZUHAUSE TREUE B,1
55 - 59,NRW,50.98,29.99,30,0,VF RIP U-TREUE,0
45 - 49,HSN,229.92,229.92,30,0,RED INTERNET & PHONE CABLE U,0
30 - 34,HSN,53.96,24.99,30,0,INTERNET COMFORT,1
80 and over,HSN,56.84,35.85,30,0,3PLAY,1
45 - 49,HSN,49.97,39.99,534,0,VF RIP U-TREUE,0
18 - 24,NRW,44.98,44.98,101,0,RED INTERNET & PHONE CABLE U,1
30 - 34,HSN,24.99,24.99,30,0,INTERNET COMFORT,1
35 - 39,KBW,34.99,34.99,246,0,GIGAZUHAUSE KABEL,0
35 - 39,NRW,70.97,49.98,30,0,TREUEPLUS,0
45 - 49,KBW,59.97,39.98,30,0,GIGAZUHAUSE KABEL,0
55 - 59,NRW,65.97,44.98,30,0,VF CABLEMAX,0
35 - 39,KBW,44.98,44.98,30,0,RED INTERNET & PHONE CABLE U,0
35 - 39,HSN,34.99,34.99,77,0,RED INTERNET & PHONE CABLE U,1
35 - 39,KBW,44.98,44.98,30,0,RED INTERNET & PHONE CABLE U,1
60 - 64,NRW,47.96,47.96,319,0,VF CABLEMAX,1
70 - 74,NRW,58.25,37.89,30,0,3PLAY,1
25 - 29,KBW,39.99,39.99,30,0,RED INTERNET & PHONE CABLE U,1
60 - 64,NRW,42.87,42.87,30,0,3PLAY SMART,0
30 - 34,KBW,24.99,24.99,240,1,GIGAZUHAUSE TREUE C,1
55 - 59,NRW,59.98,59.98,30,0,RED INTERNET & PHONE CABLE U,0
65 - 69,NRW,44.98,44.98,30,0,RED INTERNET & PHONE CABLE U,0
50 - 54,NRW,64.96,44.98,30,0,VF CABLEMAX,0
35 - 39,NRW,54.98,54.98,30,0,RED INTERNET & PHONE CABLE U,0
55 - 59,KBW,44.97,44.97,291,1,VF CABLEMAX,1
80 and over,NRW,62.95,37.98,71,1,VF RIP U-TREUE,1
55 - 59,NRW,29.99,29.99,30,0,VF RIP U-TREUE,1
35 - 39,HSN,39.99,39.99,30,0,RED INTERNET & PHONE CABLE U,1
45 - 49,KBW,29.98,29.98,30,0,RED INTERNET & PHONE CABLE U,0
18 - 24,HSN,39.99,39.99,30,0,RED INTERNET & PHONE CABLE U,1
70 - 74,NRW,29.99,29.99,673,0,GIGAZUHAUSE TREUE C,1
40 - 44,HSN,52.0,49.99,104,0,RED INTERNET & PHONE CABLE U,0
65 - 69,NRW,34.97,24.99,452,1,GIGAZUHAUSE TREUE C,1
30 - 34,NRW,49.97,19.99,361,3,GIGAZUHAUSE KABEL,0
70 - 74,KBW,54.98,54.98,29,0,VF RIP U-TREUE,0
55 - 59,KBW,47.96,34.97,30,0,VF RIP U-TREUE,0
75 - 79,NRW,39.98,24.99,369,0,GIGAZUHAUSE TREUE C,1
80 and over,KBW,65.97,44.98,30,0,RED INTERNET & PHONE CABLE U,0
35 - 39,KBW,79.96,44.98,58,0,VF CABLEMAX,1
45 - 49,NRW,51.97,32.99,651,0,VF RIP U-TREUE,0
50 - 54,NRW,29.99,29.99,30,0,VF RIP U-TREUE,0
25 - 29,NRW,41.96,49.98,380,0,GIGAZUHAUSE KABEL,0
45 - 49,KBW,89.97,89.97,30,0,RED INTERNET & PHONE CABLE U,0
75 - 79,KBW,72.97,32.99,123,0,GIGAZUHAUSE TREUE B,1
35 - 39,NRW,59.98,39.99,30,0,VF RIP U-TREUE,1
45 - 49,KBW,63.98,63.98,113,1,GIGAZUHAUSE KABEL,0
70 - 74,KBW,70.95,47.96,30,0,GIGAZUHAUSE KABEL,1
30 - 34,NRW,49.98,49.98,254,0,GIGAZUHAUSE KABEL,0
55 - 59,NRW,44.96,34.98,596,1,GIGAZUHAUSE TREUE C,0
70 - 74,NRW,57.97,32.99,135,0,GIGAZUHAUSE TREUE B,1
45 - 49,NRW,24.99,24.99,30,0,INTERNET COMFORT,0
75 - 79,HSN,86.95,54.99,633,1,RED INTERNET & PHONE CABLE U,1
30 - 34,KBW,44.98,44.98,30,0,VF CABLEMAX,0
40 - 44,KBW,37.99,37.99,30,0,VF RIP U-TREUE,0
60 - 64,HSN,48.97,48.97,30,0,VF RIP U-TREUE,0
35 - 39,NRW,29.99,29.99,30,0,INTERNET PREMIUM,0
45 - 49,NRW,59.99,59.99,688,0,GIGAZUHAUSE KABEL,1
40 - 44,NRW,33.98,33.98,30,0,VF RIP U-TREUE,0
35 - 39,HSN,109.96,109.96,30,0,VF RIP U-TREUE,0
30 - 34,NRW,34.99,34.99,30,0,RED INTERNET & PHONE CABLE U,1
55 - 59,NRW,39.99,39.99,30,0,VF RIP U-TREUE,0
40 - 44,KBW,39.99,39.99,30,0,VF RIP U-TREUE,0
40 - 44,KBW,39.98,39.98,211,0,GIGAZUHAUSE TREUE B,1
35 - 39,KBW,34.99,34.99,30,0,RED INTERNET & PHONE CABLE U,1
45 - 49,KBW,52.98,52.98,30,0,GIGAZUHAUSE KABEL,0
75 - 79,KBW,64.94,34.99,669,0,GIGAZUHAUSE KABEL,1
30 - 34,NRW,47.97,47.97,30,0,RED INTERNET & PHONE CABLE U,0
55 - 59,KBW,49.97,49.97,30,0,VF CABLEMAX,1
70 - 74,KBW,67.96,49.99,565,0,GIGAZUHAUSE KABEL,0
60 - 64,NRW,64.94,37.98,130,0,GIGAZUHAUSE TREUE B,1
60 - 64,NRW,55.98,34.99,30,0,RED INTERNET & PHONE CABLE U,0
45 - 49,NRW,39.99,39.99,30,0,RED INTERNET & PHONE CABLE U,0
45 - 49,NRW,49.99,49.99,30,2,RED INTERNET & PHONE CABLE U,0
25 - 29,KBW,58.98,58.98,30,0,RED INTERNET & PHONE CABLE U,1
40 - 44,NRW,19.99,19.99,242,1,GIGAZUHAUSE KABEL,0
30 - 34,NRW,39.98,29.99,31,0,VF RIP U-TREUE,0
50 - 54,NRW,29.98,29.98,365,0,GIGAZUHAUSE TREUE C,0
40 - 44,KBW,59.98,59.98,30,1,RED INTERNET & PHONE CABLE U,1
30 - 34,NRW,58.98,58.98,30,0,RED INTERNET & PHONE CABLE U,0
40 - 44,NRW,42.97,42.97,344,0,GIGAZUHAUSE KABEL,1
60 - 64,HSN,39.99,39.99,30,0,VF RIP U-TREUE,0
55 - 59,NRW,64.97,43.98,30,0,3PLAY TREUE,1
35 - 39,NRW,46.99,39.98,91,0,VF CABLEMAX,1
35 - 39,KBW,47.98,47.98,345,0,GIGAZUHAUSE KABEL,0
70 - 74,KBW,32.99,32.99,30,1,VF RIP U-TREUE,1
65 - 69,KBW,34.99,34.99,30,0,VF RIP U-TREUE,0
40 - 44,NRW,34.99,34.99,30,0,RED INTERNET & PHONE CABLE U,1
30 - 34,NRW,35.97,35.97,30,0,GIGAZUHAUSE KABEL,0
35 - 39,KBW,44.99,44.99,129,0,GIGAZUHAUSE KABEL,1
75 - 79,KBW,74.4,43.42,30,0,GIGAZUHAUSE KABEL,1
50 - 54,KBW,69.95,34.98,30,0,VF RIP U-TREUE,1
70 - 74,NRW,19.99,29.99,122,0,RED INTERNET & PHONE CABLE U,1
45 - 49,HSN,51.95,51.95,30,0,RED INTERNET & PHONE CABLE U,0
35 - 39,HSN,34.99,34.99,30,0,RED INTERNET & PHONE CABLE U,0
18 - 24,KBW,39.99,39.99,30,0,RED INTERNET & PHONE CABLE U,0
55 - 59,NRW,44.98,44.98,30,0,VF CABLEMAX,0
25 - 29,NRW,39.99,39.99,30,1,RED INTERNET & PHONE CABLE U,0
65 - 69,KBW,32.99,32.99,30,0,VF RIP U-TREUE,0
45 - 49,KBW,47.96,47.96,30,0,GIGAZUHAUSE KABEL,1
55 - 59,HSN,0.0,0.0,30,0,VF CABLEMAX FULL FLEX,0
70 - 74,KBW,75.97,54.98,30,0,GIGAZUHAUSE KABEL,1
40 - 44,NRW,70.97,49.98,388,0,GIGAZUHAUSE TREUE B,0
18 - 24,KBW,47.99,47.99,30,0,VF RIP U-TREUE,0
35 - 39,KBW,201.9,141.96,30,0,VF RIP U-TREUE,1
30 - 34,NRW,34.99,34.99,30,0,RED INTERNET & PHONE CABLE U,0
25 - 29,KBW,39.98,39.98,278,0,GIGAZUHAUSE TREUE B,0
25 - 29,KBW,59.99,59.99,235,0,GIGAZUHAUSE KABEL,0
45 - 49,NRW,50.98,29.99,30,0,RED INTERNET & PHONE CABLE U,1
35 - 39,NRW,32.97,32.97,30,0,RED INTERNET & PHONE CABLE U,1
75 - 79,HSN,50.85,29.99,692,0,2PLAY TREUE,0
80 and over,NRW,30.88,30.88,30,0,RED INTERNET & PHONE CABLE U,0
55 - 59,KBW,50.97,37.98,686,0,GIGAZUHAUSE KABEL,0
55 - 59,HSN,44.98,44.98,30,0,RED INTERNET & PHONE CABLE U,0
18 - 24,NRW,44.98,44.98,44,0,RED INTERNET & PHONE CABLE U,1
80 and over,HSN,60.35,39.99,30,0,VF RIP U-TREUE,0
35 - 39,NRW,34.99,34.99,30,0,RED INTERNET & PHONE CABLE U,0
50 - 54,HSN,209.92,209.92,30,0,RED INTERNET & PHONE CABLE U,0
75 - 79,NRW,47.87,43.97,30,0,RED INTERNET & PHONE CABLE U,0
45 - 49,NRW,45.38,45.38,30,0,3PLAY JUMP,0
40 - 44,NRW,37.99,37.99,15,0,VF RIP U-TREUE,1
30 - 34,NRW,44.98,44.98,30,0,VF CABLEMAX,1
40 - 44,KBW,29.97,19.99,515,0,1PLAY,0
25 - 29,KBW,37.99,37.99,30,0,VF RIP U-TREUE,0
70 - 74,HSN,39.98,39.98,30,0,RED INTERNET & PHONE CABLE U,1
25 - 29,NRW,44.98,44.98,36,0,RED INTERNET & PHONE CABLE U,1
40 - 44,NRW,34.99,34.99,30,0,RED INTERNET & PHONE CABLE U,1
60 - 64,KBW,59.95,59.95,30,0,VF CABLEMAX,0
70 - 74,HSN,34.99,34.99,30,0,RED INTERNET & PHONE CABLE U,0
70 - 74,KBW,47.62,37.64,506,0,2PLAY,0
40 - 44,NRW,54.99,54.99,30,0,RED INTERNET & PHONE CABLE U,1
40 - 44,NRW,40.9,40.9,30,0,2PLAY PLUS,0
65 - 69,NRW,79.96,54.98,109,0,VF RIP U-TREUE,0
50 - 54,HSN,47.94,47.94,30,0,3PLAY TREUE,0
50 - 54,HSN,36.98,29.99,30,0,VF RIP U-TREUE,0
25 - 29,NRW,63.98,63.98,189,0,GIGAZUHAUSE KABEL,1
30 - 34,KBW,54.99,54.99,30,0,RED INTERNET & PHONE CABLE U,0
70 - 74,NRW,47.98,34.99,615,0,RED INTERNET & PHONE CABLE U,0
65 - 69,KBW,39.99,39.99,30,0,VF RIP U-TREUE,0
45 - 49,KBW,32.97,32.97,30,0,2PLAY TREUE,0
35 - 39,NRW,44.99,44.99,238,0,GIGAZUHAUSE KABEL,0
75 - 79,KBW,50.98,29.99,30,0,VF RIP U-TREUE,0
45 - 49,KBW,42.98,42.98,30,0,VF RIP U-TREUE,1
50 - 54,NRW,39.98,39.98,144,0,VF CABLEMAX,0
50 - 54,HSN,61.96,48.97,699,0,VF CABLEMAX,0
35 - 39,HSN,39.99,39.99,30,0,RED INTERNET & PHONE CABLE U,0
60 - 64,NRW,39.99,39.99,30,0,RED INTERNET & PHONE CABLE U,1
55 - 59,HSN,83.94,49.97,30,0,VF CABLEMAX,0
45 - 49,KBW,39.99,39.99,30,0,VF RIP U-TREUE,1
30 - 34,NRW,34.99,34.99,30,0,RED INTERNET & PHONE CABLE U,1
55 - 59,HSN,78.94,43.98,30,0,RED INTERNET & PHONE CABLE U,1
80 and over,HSN,59.97,29.99,30,0,VF RIP U-TREUE,1
25 - 29,NRW,37.98,37.98,221,0,GIGAZUHAUSE TREUE D,0
70 - 74,KBW,31.89,24.9,423,0,RED INTERNET & PHONE CABLE U,0
60 - 64,NRW,43.42,40.44,30,0,3PLAY COMFORT,1
30 - 34,KBW,49.97,49.97,30,0,VF CABLEMAX,0
55 - 59,HSN,0.0,0.0,30,0,MMA,0
not available,NRW,29.99,29.99,30,0,INTERNET PREMIUM,1
55 - 59,NRW,54.99,54.99,30,0,RED INTERNET & PHONE CABLE U,1
30 - 34,KBW,34.99,37.99,100,0,VF RIP U-TREUE,1
35 - 39,HSN,34.99,34.99,30,0,RED INTERNET & PHONE CABLE U,1
55 - 59,NRW,44.99,44.99,30,0,3PLAY TREUE,0
30 - 34,KBW,47.99,47.99,30,0,VF RIP U-TREUE,0
35 - 39,NRW,34.99,34.99,110,0,GIGAZUHAUSE KABEL,1
25 - 29,KBW,39.99,39.99,30,0,RED INTERNET & PHONE CABLE U,1
65 - 69,NRW,42.97,42.97,30,0,3PLAY START,1
75 - 79,HSN,37.98,29.99,695,0,VF RIP U-TREUE,0
35 - 39,NRW,69.95,44.97,54,0,VF CABLEMAX,0
40 - 44,KBW,54.96,44.98,506,0,VF CABLEMAX,1
50 - 54,KBW,54.99,54.99,30,0,RED INTERNET & PHONE CABLE U,0
60 - 64,NRW,44.98,44.98,30,0,VF CABLEMAX,0
60 - 64,KBW,39.99,39.99,30,0,RED INTERNET & PHONE CABLE U,0
30 - 34,KBW,42.97,42.97,30,0,RED INTERNET & PHONE CABLE U,0
80 and over,NRW,42.98,32.99,133,0,GIGAZUHAUSE TREUE B,0
40 - 44,HSN,42.97,42.97,322,0,GIGAZUHAUSE KABEL,1
65 - 69,KBW,70.96,49.97,30,0,VF CABLEMAX,1
40 - 44,HSN,30.0,30.0,30,0,INTERNET,1
55 - 59,KBW,57.97,44.98,729,0,VF CABLEMAX,1
70 - 74,KBW,102.94,59.98,30,0,RED INTERNET & PHONE CABLE U,0
65 - 69,KBW,58.31,37.95,30,0,2PLAY TREU,0
30 - 34,KBW,44.98,44.98,30,0,VF CABLEMAX,1
45 - 49,KBW,44.98,44.98,46,0,VF CABLEMAX,0
60 - 64,NRW,44.99,44.99,30,0,3PLAY TREUE,0
80 and over,HSN,54.98,34.99,30,0,RED INTERNET & PHONE CABLE U,0
65 - 69,KBW,65.97,44.98,30,0,VF RIP U-TREUE,1
35 - 39,HSN,39.98,39.98,30,0,RED INTERNET & PHONE CABLE U,1
25 - 29,HSN,65.96,44.97,345,0,GIGAZUHAUSE KABEL,1
55 - 59,NRW,34.97,24.99,674,1,GIGAZUHAUSE TREUE C,1
35 - 39,NRW,69.96,49.97,91,0,VF CABLEMAX,0
60 - 64,KBW,48.97,48.97,30,0,VF CABLEMAX,1
25 - 29,NRW,29.99,29.99,30,0,INTERNET PREMIUM,1
50 - 54,KBW,59.96,29.99,30,0,VF RIP U-TREUE,1
30 - 34,HSN,24.99,24.99,30,0,INTERNET COMFORT,1
25 - 29,NRW,39.99,39.99,108,0,RED INTERNET & PHONE CABLE U,1
50 - 54,KBW,50.93,50.93,30,0,3PLAY PLUS MTA,0
35 - 39,KBW,72.93,30.95,30,0,RED INTERNET & PHONE CABLE U,1
30 - 34,KBW,44.98,44.98,30,0,RED INTERNET & PHONE CABLE U,0
55 - 59,NRW,53.87,39.99,628,0,RED INTERNET & PHONE CABLE U,0
60 - 64,KBW,39.98,44.98,30,0,VF CABLEMAX,0
80 and over,NRW,49.98,34.99,30,0,RED INTERNET & PHONE CABLE U,1
25 - 29,NRW,37.99,37.99,30,0,VF RIP U-TREUE,0
25 - 29,NRW,24.99,24.99,30,0,RED INTERNET & PHONE CABLE U,1
70 - 74,NRW,70.35,39.99,30,0,VF RIP U-TREUE,0
30 - 34,NRW,52.98,52.98,30,0,GIGAZUHAUSE KABEL,0
45 - 49,HSN,39.99,39.99,30,0,RED INTERNET & PHONE CABLE U,1
30 - 34,NRW,47.98,44.99,184,1,GIGAZUHAUSE KABEL,1
65 - 69,NRW,75.84,54.85,30,0,3PLAY HD BOX,1
65 - 69,NRW,68.95,38.98,101,0,RED INTERNET & PHONE CABLE U,0
35 - 39,NRW,44.98,44.98,30,0,VF CABLEMAX,1
65 - 69,HSN,213.84,213.84,30,0,2PLAY FLY,1
55 - 59,KBW,63.33,37.98,30,0,VF RIP U-TREUE,0
35 - 39,HSN,48.97,48.97,30,0,RED INTERNET & PHONE CABLE U,0
65 - 69,KBW,47.97,47.97,30,0,2PLAY JUMP,1
40 - 44,NRW,39.98,39.98,206,0,GIGAZUHAUSE TREUE B,0
70 - 74,KBW,68.96,47.97,30,0,VF RIP U-TREUE,0
25 - 29,KBW,29.89,29.89,30,0,INTERNET,1
50 - 54,KBW,54.97,44.98,60,0,VF CABLEMAX,1
25 - 29,NRW,52.96,52.96,67,0,RED INTERNET & PHONE CABLE U,1
35 - 39,KBW,39.98,39.98,30,0,RED INTERNET & PHONE CABLE U,0
55 - 59,KBW,44.99,44.99,304,0,GIGAZUHAUSE TREUE B,1
80 and over,KBW,69.7,33.74,30,0,RED INTERNET & PHONE CABLE U,1
75 - 79,KBW,51.94,30.95,30,0,2PLAY,0
65 - 69,KBW,33.74,33.74,675,0,2PLAY,0
80 and over,NRW,56.95,24.99,562,0,GIGAZUHAUSE TREUE B,1
45 - 49,HSN,55.83,55.83,30,0,3PLAY FLY,0
60 - 64,KBW,70.98,49.99,30,0,GIGAZUHAUSE KABEL,1
35 - 39,KBW,42.96,42.96,30,0,GIGAZUHAUSE KABEL,1
45 - 49,NRW,17.99,17.99,30,0,EAZY FLEX,0
40 - 44,KBW,56.97,49.99,579,0,VF RIP U-TREUE,1
35 - 39,NRW,22.99,22.99,30,0,EAZY FLEX,0
65 - 69,KBW,81.95,39.99,30,0,VF RIP U-TREUE,1
65 - 69,KBW,73.95,44.98,236,0,VF RIP U-TREUE,1
35 - 39,KBW,44.98,44.98,30,0,RED INTERNET & PHONE CABLE U,1
35 - 39,KBW,96.92,48.97,130,0,VF CABLEMAX,1
55 - 59,KBW,69.94,49.97,30,0,VF CABLEMAX,1
70 - 74,KBW,29.99,29.99,30,0,RED INTERNET & PHONE CABLE U,0
55 - 59,HSN,39.99,39.99,6,0,RED INTERNET & PHONE CABLE U,1
25 - 29,HSN,46.96,34.99,699,0,RED INTERNET & PHONE CABLE U,0
35 - 39,KBW,75.97,44.99,30,0,VF RIP U-TREUE,1
45 - 49,KBW,42.97,42.97,30,0,RED INTERNET & PHONE CABLE U,0
25 - 29,NRW,47.98,47.98,334,0,GIGAZUHAUSE KABEL,0
25 - 29,HSN,44.99,44.99,30,0,RED INTERNET & PHONE CABLE U,1
18 - 24,NRW,62.98,62.98,254,0,GIGAZUHAUSE KABEL,1
50 - 54,NRW,69.96,49.97,84,0,VF CABLEMAX,0
35 - 39,NRW,34.98,34.98,30,0,VF CABLEMAX,0
35 - 39,NRW,29.99,29.99,651,0,GIGAZUHAUSE TREUE C,0
75 - 79,NRW,13.99,13.99,666,0,EAZY,0
25 - 29,KBW,44.98,44.98,67,0,RED INTERNET & PHONE CABLE U,1
55 - 59,HSN,32.99,32.99,30,0,VF RIP U-TREUE,0
55 - 59,NRW,24.99,24.99,30,0,INTERNET COMFORT,0
50 - 54,HSN,64.95,39.98,310,0,VF CABLEMAX,0
35 - 39,KBW,79.96,54.98,30,0,VF RIP U-TREUE,1
45 - 49,NRW,49.97,29.99,30,0,VF RIP U-TREUE,0
55 - 59,KBW,39.99,39.99,30,0,VF RIP U-TREUE,0
18 - 24,KBW,59.99,59.99,217,0,GIGAZUHAUSE KABEL,1
30 - 34,NRW,39.99,39.99,30,0,RED INTERNET & PHONE CABLE U,1
80 and over,NRW,59.98,39.99,30,2,VF RIP U-TREUE,1
50 - 54,KBW,32.99,32.99,30,2,VF RIP U-TREUE,1
30 - 34,NRW,45.97,45.97,30,0,VF RIP U-TREUE,1
35 - 39,NRW,34.99,34.99,30,2,RED INTERNET & PHONE CABLE U,1
60 - 64,NRW,49.99,49.99,30,0,RED INTERNET & PHONE CABLE U,0
60 - 64,KBW,59.95,49.97,666,0,VF CABLEMAX,1
45 - 49,NRW,34.98,34.98,392,0,GIGAZUHAUSE TREUE C,0
55 - 59,NRW,67.97,46.98,30,0,3PLAY TREUE,0
35 - 39,NRW,73.96,63.98,615,0,GIGAZUHAUSE KABEL,1
65 - 69,NRW,70.36,49.37,30,0,3PLAY JUMP,0
70 - 74,HSN,34.99,34.99,30,0,VF RIP U-TREUE,0
25 - 29,KBW,24.99,24.99,122,0,RED INTERNET & PHONE CABLE U,0
35 - 39,NRW,34.99,34.99,30,0,RED INTERNET & PHONE CABLE U,1
70 - 74,KBW,37.99,37.99,30,0,VF RIP U-TREUE,1
30 - 34,KBW,39.99,39.99,91,0,RED INTERNET & PHONE CABLE U,1
60 - 64,NRW,42.97,42.97,30,0,3PLAY START,1
65 - 69,NRW,39.99,39.99,30,0,VF RIP U-TREUE,0
30 - 34,KBW,44.98,44.98,30,0,VF CABLEMAX,0
40 - 44,HSN,0.0,0.0,30,0,MMA MB,0
18 - 24,HSN,62.98,62.98,373,0,GIGAZUHAUSE KABEL,1
60 - 64,NRW,66.97,54.99,30,0,3PLAY FLY,0
40 - 44,NRW,50.95,45.96,30,0,VF RIP U-TREUE,1
18 - 24,NRW,34.99,34.99,30,0,RED INTERNET & PHONE CABLE U,1
30 - 34,NRW,44.98,44.98,66,0,VF CABLEMAX,1
35 - 39,NRW,13.99,13.99,61,0,EAZY,0
45 - 49,NRW,34.99,34.99,30,0,RED INTERNET & PHONE CABLE U,0
50 - 54,KBW,39.99,39.99,30,0,RED INTERNET & PHONE CABLE U,1
80 and over,NRW,39.88,39.88,30,0,3PLAY,1
45 - 49,NRW,24.99,24.99,219,3,GIGAZUHAUSE TREUE C,0
45 - 49,NRW,24.99,24.99,30,0,INTERNET COMFORT,0
35 - 39,NRW,44.97,44.97,339,0,GIGAZUHAUSE TREUE B,0
40 - 44,KBW,34.99,34.99,77,0,RED INTERNET & PHONE CABLE U,1
35 - 39,NRW,59.98,59.98,30,0,RED INTERNET & PHONE CABLE U,0
50 - 54,KBW,44.98,44.98,30,0,VF CABLEMAX,0
18 - 24,KBW,39.99,39.99,73,0,RED INTERNET & PHONE CABLE U,0
45 - 49,KBW,34.99,34.99,30,0,VF RIP U-TREUE,1
50 - 54,NRW,54.98,54.98,30,0,RED INTERNET & PHONE CABLE U,0
60 - 64,NRW,52.97,32.98,192,0,GIGAZUHAUSE TREUE B,0
65 - 69,HSN,69.94,39.99,680,0,VF CABLEMAX,0
40 - 44,NRW,34.97,34.97,20,0,VF CABLEMAX,1
80 and over,KBW,33.74,33.74,30,0,RED INTERNET & PHONE CABLE U,0
60 - 64,NRW,49.36,42.97,543,0,RED INTERNET & PHONE CABLE U,1
25 - 29,NRW,44.98,44.98,52,0,RED INTERNET & PHONE CABLE U,1
30 - 34,KBW,39.99,39.99,30,0,RED INTERNET & PHONE CABLE U,0
50 - 54,KBW,41.77,41.77,30,0,2PLAY,0
35 - 39,HSN,42.98,42.98,30,0,VF RIP U-TREUE,0
60 - 64,HSN,68.33,47.97,30,0,VF RIP U-TREUE,0
65 - 69,KBW,44.97,34.99,527,0,RED INTERNET & PHONE CABLE U,0
50 - 54,HSN,78.94,53.96,30,0,VF CABLEMAX,1
25 - 29,NRW,29.99,29.99,30,0,INTERNET PREMIUM,0
18 - 24,KBW,39.99,39.99,77,0,RED INTERNET & PHONE CABLE U,1
70 - 74,HSN,56.21,35.85,30,0,3PLAY,0
30 - 34,NRW,44.98,44.98,30,0,RED INTERNET & PHONE CABLE U,1
60 - 64,NRW,39.99,39.99,30,0,RED INTERNET & PHONE CABLE U,1
50 - 54,NRW,9.99,14.99,187,1,GIGAZUHAUSE TREUE C,0
50 - 54,KBW,27.97,27.97,30,0,2PLAY,0
60 - 64,HSN,49.99,49.99,30,0,RED INTERNET & PHONE CABLE U,0
40 - 44,HSN,59.99,59.99,234,0,GIGAZUHAUSE KABEL,0
75 - 79,NRW,34.98,34.98,30,0,VF CABLEMAX,1
60 - 64,NRW,39.98,39.98,182,0,GIGAZUHAUSE KABEL,1
18 - 24,HSN,44.98,44.98,73,0,RED INTERNET & PHONE CABLE U,0
35 - 39,NRW,48.97,48.97,30,0,RED INTERNET & PHONE CABLE U,1
25 - 29,NRW,34.99,34.99,30,0,RED INTERNET & PHONE CABLE U,1
35 - 39,NRW,34.99,34.99,30,0,RED INTERNET & PHONE CABLE U,0
50 - 54,KBW,55.98,34.99,30,0,VF RIP U-TREUE,0
60 - 64,KBW,34.98,34.98,30,0,RED INTERNET & PHONE CABLE U,0
45 - 49,NRW,39.98,39.98,113,0,GIGAZUHAUSE KABEL,1
25 - 29,NRW,49.99,49.99,186,0,GIGAZUHAUSE KABEL,0
40 - 44,HSN,29.99,29.99,30,0,VF RIP U-TREUE,1
25 - 29,NRW,58.97,58.97,30,0,RED INTERNET & PHONE CABLE U,0
25 - 29,HSN,142.96,142.96,30,0,VF RIP U-TREUE,1
50 - 54,NRW,34.99,34.99,30,0,RED INTERNET & PHONE CABLE U,1
55 - 59,HSN,37.97,29.99,30,0,VF RIP U-TREUE,1
65 - 69,KBW,98.94,42.98,625,0,VF RIP U-TREUE,0
70 - 74,KBW,42.97,42.97,30,0,RED INTERNET & PHONE CABLE U,1
75 - 79,NRW,51.34,38.84,626,0,3PLAY,0
65 - 69,NRW,74.93,47.97,30,0,VF RIP U-TREUE,1
25 - 29,KBW,44.98,44.98,94,0,RED INTERNET & PHONE CABLE U,1
50 - 54,HSN,44.98,44.98,99,0,VF CABLEMAX,1
30 - 34,KBW,74.94,39.98,270,0,GIGAZUHAUSE KABEL,1
25 - 29,NRW,69.95,44.98,30,0,VF CABLEMAX,1
30 - 34,KBW,84.98,54.99,30,0,RED INTERNET & PHONE CABLE U,1
45 - 49,NRW,77.96,42.98,30,0,VF RIP U-TREUE,1
70 - 74,NRW,65.96,42.97,30,0,RED INTERNET & PHONE CABLE U,0
25 - 29,NRW,39.99,39.99,105,1,RED INTERNET & PHONE CABLE U,1
50 - 54,KBW,49.97,49.97,30,0,RED INTERNET & PHONE CABLE U,0
70 - 74,HSN,67.96,40.97,30,0,3PLAY SMART,1
80 and over,KBW,47.76,37.78,628,0,GIGAZUHAUSE KABEL,0
35 - 39,HSN,44.99,44.99,133,0,GIGAZUHAUSE KABEL,0
60 - 64,KBW,54.95,54.95,30,0,VF CABLEMAX,0
30 - 34,KBW,54.99,54.99,30,0,RED INTERNET & PHONE CABLE U,1
40 - 44,HSN,44.98,44.98,81,0,VF CABLEMAX,0
30 - 34,NRW,39.99,39.99,43,1,RED INTERNET & PHONE CABLE U,1
55 - 59,NRW,59.97,34.99,213,4,GIGAZUHAUSE KABEL,1
25 - 29,HSN,39.98,39.98,205,0,GIGAZUHAUSE KABEL,1
55 - 59,KBW,58.77,37.78,30,0,GIGAZUHAUSE KABEL,1
30 - 34,NRW,39.99,39.99,30,0,VF CABLEMAX,1
70 - 74,HSN,54.97,29.99,41,2,RED INTERNET & PHONE CABLE U,1
40 - 44,NRW,39.98,39.98,125,0,GIGAZUHAUSE KABEL,1
60 - 64,KBW,34.99,34.99,30,0,RED INTERNET & PHONE CABLE U,0
40 - 44,NRW,79.96,47.99,30,0,VF RIP U-TREUE,0
80 and over,KBW,0.0,0.0,30,0,MMA,0
25 - 29,KBW,44.98,44.98,16,0,VF CABLEMAX,1
60 - 64,NRW,62.96,44.98,604,0,VF CABLEMAX,0
80 and over,KBW,49.99,49.99,168,0,GIGAZUHAUSE KABEL,0
18 - 24,HSN,34.99,34.99,136,0,GIGAZUHAUSE KABEL,1
30 - 34,KBW,39.99,39.99,30,0,RED INTERNET & PHONE CABLE U,1
35 - 39,HSN,37.99,37.99,30,0,VF RIP U-TREUE,1
35 - 39,KBW,39.98,39.98,30,0,VF CABLEMAX,0
60 - 64,NRW,53.41,53.41,30,0,3PLAY COMFORT,0
40 - 44,NRW,39.99,39.99,30,0,RED INTERNET & PHONE CABLE U,0
60 - 64,NRW,49.97,44.98,30,0,VF CABLEMAX,0
18 - 24,NRW,49.99,49.99,30,0,GIGAZUHAUSE KABEL,0
55 - 59,KBW,64.95,39.99,30,0,RED INTERNET & PHONE CABLE U,0
35 - 39,HSN,32.99,32.99,96,0,VF RIP U-TREUE,0
55 - 59,NRW,57.97,44.98,708,0,VF RIP U-TREUE,0
50 - 54,HSN,44.98,44.98,30,0,VF CABLEMAX,1
45 - 49,HSN,49.99,49.99,30,0,RED INTERNET & PHONE CABLE U,0
55 - 59,NRW,49.97,49.97,30,0,VF CABLEMAX,0
25 - 29,KBW,11.98,11.98,30,0,EAZY,1
25 - 29,KBW,58.98,58.98,30,0,RED INTERNET & PHONE CABLE U,0
40 - 44,NRW,64.99,45.02,30,0,RED INTERNET & PHONE CABLE U,1
30 - 34,NRW,34.99,34.99,30,0,RED INTERNET & PHONE CABLE U,0
75 - 79,KBW,54.98,34.99,30,0,RED INTERNET & PHONE CABLE U,1
55 - 59,KBW,76.95,44.98,30,0,VF CABLEMAX,1
35 - 39,NRW,58.95,48.97,30,0,VF CABLEMAX,1
35 - 39,KBW,29.99,29.99,30,0,VF RIP U-TREUE,1
55 - 59,KBW,76.96,39.99,88,0,VF CABLEMAX,0
65 - 69,KBW,29.99,29.99,30,0,RED INTERNET & PHONE CABLE U,0
35 - 39,KBW,32.95,32.95,30,0,RED INTERNET & PHONE CABLE U,1
60 - 64,KBW,36.88,29.89,563,0,INTERNET,0
25 - 29,HSN,229.92,229.92,30,0,RED INTERNET & PHONE CABLE U,1
35 - 39,KBW,39.99,39.99,92,1,VF CABLEMAX,1
70 - 74,HSN,32.98,27.99,30,0,VF RIP U-TREUE,0
60 - 64,HSN,19.99,19.99,199,0,GIGAZUHAUSE KABEL,0
55 - 59,KBW,39.99,39.99,30,0,VF RIP U-TREUE,0
80 and over,HSN,47.99,47.99,30,0,VF RIP U-TREUE,1
60 - 64,HSN,161.88,161.88,30,0,2PLAY TREUE,1
55 - 59,HSN,125.96,125.96,30,0,RED INTERNET & PHONE CABLE U,0
40 - 44,NRW,67.94,46.95,30,0,3PLAY TREUE,1
60 - 64,NRW,49.97,49.97,30,0,RED INTERNET & PHONE CABLE U,0
50 - 54,KBW,44.98,44.98,113,0,RED INTERNET & PHONE CABLE U,1
60 - 64,NRW,42.86,42.86,30,0,3PLAY,0
30 - 34,KBW,39.98,39.98,162,0,GIGAZUHAUSE KABEL,1
60 - 64,KBW,81.95,44.98,89,0,VF CABLEMAX,1
50 - 54,NRW,29.99,29.99,219,0,GIGAZUHAUSE TREUE C,0
70 - 74,KBW,29.99,29.99,297,0,GIGAZUHAUSE TREUE C,0
75 - 79,HSN,65.74,45.38,30,0,3PLAY JUMP,1
45 - 49,HSN,49.97,34.98,191,0,GIGAZUHAUSE TREUE C,0
80 and over,NRW,34.99,34.99,30,0,RED INTERNET & PHONE CABLE U,0
50 - 54,NRW,49.99,49.99,30,0,GIGAZUHAUSE KABEL,0
60 - 64,NRW,52.98,32.99,201,0,GIGAZUHAUSE TREUE B,0
65 - 69,NRW,27.99,27.99,30,0,RED INTERNET & PHONE CABLE U,0
30 - 34,KBW,49.99,49.99,30,0,RED INTERNET & PHONE CABLE U,0
70 - 74,KBW,49.97,49.97,30,0,VF CABLEMAX,0
25 - 29,NRW,47.97,47.97,92,1,VF CABLEMAX,1
60 - 64,NRW,29.99,29.99,30,0,VF RIP U-TREUE,1
40 - 44,NRW,49.97,49.97,30,0,VF CABLEMAX,1
70 - 74,KBW,58.77,37.78,30,0,2PLAY,1
40 - 44,KBW,39.99,39.99,30,0,RED INTERNET & PHONE CABLE U,0
60 - 64,HSN,44.98,44.98,30,0,RED INTERNET & PHONE CABLE U,0
75 - 79,NRW,68.97,37.99,54,0,VF RIP U-TREUE,0
40 - 44,NRW,34.99,34.99,155,0,VF CABLEMAX,0
55 - 59,KBW,64.97,44.98,30,0,VF CABLEMAX,0
35 - 39,KBW,205.84,205.84,31,0,VF CABLEMAX,0
55 - 59,HSN,44.98,44.98,30,0,VF CABLEMAX,0
60 - 64,NRW,69.96,49.97,30,0,VF CABLEMAX,1
25 - 29,NRW,44.98,44.98,67,0,VF CABLEMAX,0
30 - 34,HSN,32.99,32.99,30,0,VF RIP U-TREUE,0
60 - 64,NRW,89.87,64.98,30,0,TREUEPLUS,0
65 - 69,KBW,54.98,39.99,30,0,VF RIP U-TREUE,1
45 - 49,NRW,59.98,39.99,57,0,RED INTERNET & PHONE CABLE U,1
40 - 44,NRW,47.99,47.99,30,0,VF RIP U-TREUE,1
35 - 39,NRW,34.99,34.99,123,0,GIGAZUHAUSE KABEL,0
55 - 59,KBW,29.99,29.99,30,0,RED INTERNET & PHONE CABLE U,0
60 - 64,NRW,80.31,49.97,30,0,VF CABLEMAX,0
45 - 49,NRW,35.99,29.99,30,0,RED INTERNET & PHONE CABLE U,0
80 and over,KBW,48.16,27.8,30,0,RED INTERNET & PHONE CABLE U,0
55 - 59,NRW,86.94,49.97,43,0,VF CABLEMAX,1
30 - 34,NRW,39.98,39.98,266,1,VF CABLEMAX,0
65 - 69,NRW,67.87,42.98,30,0,2PLAY PLUS,1
25 - 29,NRW,29.99,29.99,30,0,INTERNET PREMIUM,1
65 - 69,HSN,22.9,22.9,30,0,2PLAY,0
80 and over,NRW,52.97,22.99,56,1,RIP CABLE U TREUE,1
25 - 29,HSN,54.99,54.99,30,0,RED INTERNET & PHONE CABLE U,0
40 - 44,KBW,60.98,39.99,30,0,VF RIP U-TREUE,1
35 - 39,KBW,49.97,49.97,30,0,RED INTERNET & PHONE CABLE U,0
45 - 49,NRW,37.98,37.98,30,0,VF RIP U-TREUE,1
65 - 69,HSN,34.87,34.87,30,0,RED INTERNET & PHONE CABLE U,1
30 - 34,KBW,52.11,34.99,30,0,RED INTERNET & PHONE CABLE U,1
40 - 44,NRW,94.94,42.99,213,1,GIGAZUHAUSE TREUE C,0
25 - 29,KBW,43.97,43.97,30,0,VF CABLEMAX,0
45 - 49,HSN,44.98,44.98,30,0,VF CABLEMAX,1
65 - 69,NRW,34.99,34.99,30,0,RED INTERNET & PHONE CABLE U,1
40 - 44,NRW,24.99,34.99,30,0,RED INTERNET & PHONE CABLE U,1
60 - 64,NRW,50.43,50.43,30,0,3PLAY COMFORT,0
50 - 54,NRW,84.96,59.98,30,0,RED INTERNET & PHONE CABLE U,1
55 - 59,KBW,42.96,42.96,30,0,GIGAZUHAUSE KABEL,1
30 - 34,KBW,44.98,44.98,93,0,RED INTERNET & PHONE CABLE U,0
18 - 24,KBW,34.99,34.99,15,0,RED INTERNET & PHONE CABLE U,1
30 - 34,NRW,32.99,32.99,30,0,VF RIP U-TREUE,1
40 - 44,NRW,60.35,39.99,30,0,RED INTERNET & PHONE CABLE U,0
50 - 54,HSN,43.98,43.98,30,0,RED INTERNET & PHONE CABLE U,1
40 - 44,KBW,39.99,39.99,30,0,RED INTERNET & PHONE CABLE U,0
40 - 44,KBW,54.99,54.99,30,0,RED INTERNET & PHONE CABLE U,1
50 - 54,NRW,44.98,44.98,680,0,VF CABLEMAX,0
60 - 64,KBW,44.99,44.99,374,0,GIGAZUHAUSE TREUE B,0
65 - 69,NRW,55.98,34.99,30,0,RED INTERNET & PHONE CABLE U,0
55 - 59,KBW,50.98,47.99,30,0,VF RIP U-TREUE,1
50 - 54,NRW,20.97,20.97,30,0,1PLAY,0
30 - 34,NRW,0.0,0.0,30,0,VF CABLEMAX FULL FLEX,1
30 - 34,HSN,47.98,47.98,256,0,GIGAZUHAUSE KABEL,1
65 - 69,HSN,49.99,49.99,30,0,GIGAZUHAUSE KABEL,1
45 - 49,HSN,42.98,42.98,30,0,VF RIP U-TREUE,1
70 - 74,NRW,39.98,29.99,30,0,RED INTERNET & PHONE CABLE U,1
65 - 69,HSN,60.96,39.98,653,0,VF CABLEMAX,0
60 - 64,KBW,59.97,34.99,215,0,GIGAZUHAUSE KABEL,1
55 - 59,NRW,69.79,63.81,30,0,3PLAY FLY,0
70 - 74,NRW,34.99,34.99,30,0,RED INTERNET & PHONE CABLE U,1
35 - 39,KBW,39.99,39.99,30,0,VF RIP U-TREUE,1
35 - 39,NRW,37.98,37.98,206,1,GIGAZUHAUSE TREUE B,1
55 - 59,NRW,52.96,32.99,591,0,GIGAZUHAUSE TREUE B,0
35 - 39,KBW,58.14,37.78,30,0,RED INTERNET & PHONE CABLE U,1
45 - 49,NRW,53.98,53.98,66,0,VF RIP U-TREUE,1
70 - 74,KBW,48.79,27.8,30,0,GIGAZUHAUSE KABEL,0
30 - 34,NRW,39.98,39.98,30,0,RED INTERNET & PHONE CABLE U,1
40 - 44,HSN,54.99,54.99,30,0,3PLAY JUMP,0
75 - 79,NRW,54.96,44.98,449,0,RED INTERNET & PHONE CABLE U,0
55 - 59,NRW,42.95,42.95,30,0,2PLAY TREUE,0
30 - 34,KBW,49.98,39.99,695,0,RED INTERNET & PHONE CABLE U,1
35 - 39,NRW,34.99,34.99,73,0,RED INTERNET & PHONE CABLE U,1
70 - 74,NRW,27.99,27.99,30,0,RED INTERNET & PHONE CABLE U,0
45 - 49,KBW,71.94,32.99,71,0,VF RIP U-TREUE,1
35 - 39,KBW,58.98,58.98,85,0,RED INTERNET & PHONE CABLE U,1
50 - 54,KBW,49.99,49.99,30,0,RED INTERNET & PHONE CABLE U,0
45 - 49,NRW,58.98,58.98,113,0,RED INTERNET & PHONE CABLE U,1
65 - 69,KBW,45.38,45.38,30,0,3PLAY JUMP,1
30 - 34,KBW,39.99,39.99,30,0,RED INTERNET & PHONE CABLE U,1
18 - 24,KBW,44.99,44.99,207,0,GIGAZUHAUSE KABEL,1
55 - 59,KBW,88.3,49.97,30,0,GIGAZUHAUSE KABEL,0
40 - 44,KBW,54.99,54.99,30,0,RED INTERNET & PHONE CABLE U,1
40 - 44,KBW,39.98,32.99,534,0,GIGAZUHAUSE TREUE B,0
30 - 34,NRW,29.98,29.98,245,0,GIGAZUHAUSE KABEL,0
35 - 39,KBW,54.99,54.99,30,0,RED INTERNET & PHONE CABLE U,1
45 - 49,KBW,19.99,29.99,92,0,RED INTERNET & PHONE CABLE U,0
35 - 39,NRW,62.98,62.98,318,0,GIGAZUHAUSE KABEL,0
55 - 59,HSN,34.99,34.99,30,0,RED INTERNET & PHONE CABLE U,1
18 - 24,NRW,37.98,37.98,395,0,GIGAZUHAUSE KABEL,0
35 - 39,KBW,44.98,44.98,30,0,RED INTERNET & PHONE CABLE U,0
75 - 79,KBW,54.99,54.99,30,0,RED INTERNET & PHONE CABLE U,1
60 - 64,NRW,39.98,39.98,30,0,VF CABLEMAX,0
25 - 29,NRW,42.97,42.97,300,0,GIGAZUHAUSE KABEL,0
65 - 69,KBW,68.96,47.97,30,0,VF RIP U-TREUE,0
25 - 29,NRW,44.98,44.98,30,0,VF CABLEMAX,1
55 - 59,NRW,44.97,34.99,716,0,VF RIP U-TREUE,0
25 - 29,NRW,79.96,49.97,30,0,VF CABLEMAX,0
30 - 34,KBW,44.98,44.98,30,0,VF CABLEMAX,0
50 - 54,NRW,61.97,58.98,176,0,GIGAZUHAUSE KABEL,1
60 - 64,HSN,54.97,39.98,359,0,GIGAZUHAUSE TREUE B,0
30 - 34,NRW,44.98,44.98,30,0,VF CABLEMAX,1
55 - 59,KBW,60.97,39.98,30,0,RED INTERNET & PHONE CABLE U,0
70 - 74,NRW,32.99,32.99,30,0,VF RIP U-TREUE,0
50 - 54,KBW,37.78,37.78,30,0,RED INTERNET & PHONE CABLE U,0
18 - 24,NRW,39.99,39.99,30,0,RED INTERNET & PHONE CABLE U,1
60 - 64,KBW,38.98,38.98,210,1,RED INTERNET & PHONE CABLE U,1
30 - 34,NRW,34.99,34.99,358,1,VF CABLEMAX,1
60 - 64,KBW,58.77,37.78,30,0,GIGAZUHAUSE KABEL,0
65 - 69,NRW,11.98,11.98,30,0,EAZY,0
50 - 54,HSN,34.99,34.99,30,0,RED INTERNET & PHONE CABLE U,1
50 - 54,KBW,54.98,54.98,30,0,RED INTERNET & PHONE CABLE U,1
30 - 34,NRW,58.98,58.98,30,0,RED INTERNET & PHONE CABLE U,0
45 - 49,NRW,42.97,42.97,30,0,RED INTERNET & PHONE CABLE U,1
35 - 39,KBW,52.96,44.98,30,0,VF CABLEMAX,1
55 - 59,NRW,29.98,29.98,30,0,RED INTERNET & PHONE CABLE U,0
50 - 54,NRW,37.99,37.99,30,0,VF RIP U-TREUE,1
45 - 49,KBW,129.96,129.96,30,0,RED INTERNET & PHONE CABLE U,0
50 - 54,NRW,29.99,29.99,30,0,VF RIP U-TREUE,0
30 - 34,NRW,47.97,37.99,30,0,VF RIP U-TREUE,0
50 - 54,NRW,54.99,54.99,30,0,RED INTERNET & PHONE CABLE U,0
65 - 69,NRW,34.99,34.99,30,0,RED INTERNET & PHONE CABLE U,1
45 - 49,NRW,25.97,17.99,30,0,VF RIP U-TREUE,0
35 - 39,NRW,68.94,48.97,112,0,VF CABLEMAX,1
45 - 49,KBW,33.74,33.74,30,0,GIGAZUHAUSE KABEL,1
18 - 24,NRW,49.99,49.99,30,1,GIGAZUHAUSE KABEL,0
40 - 44,NRW,34.99,34.99,80,0,RED INTERNET & PHONE CABLE U,1
65 - 69,NRW,44.98,44.98,30,0,VF CABLEMAX,1
40 - 44,NRW,34.98,34.98,30,0,VF RIP U-TREUE,0
18 - 24,NRW,44.98,44.98,30,0,VF CABLEMAX,1
40 - 44,NRW,34.99,34.99,30,0,RED INTERNET & PHONE CABLE U,0
70 - 74,NRW,57.95,29.99,30,0,VF RIP U-TREUE,1
80 and over,KBW,53.97,43.98,30,0,RED INTERNET & PHONE CABLE U,1
40 - 44,KBW,69.96,48.97,30,0,VF CABLEMAX,1
65 - 69,KBW,44.98,29.99,30,0,VF RIP U-TREUE,0
55 - 59,KBW,37.78,37.78,30,0,RED INTERNET & PHONE CABLE U,0
30 - 34,HSN,62.98,62.98,270,0,GIGAZUHAUSE KABEL,1
55 - 59,NRW,39.99,39.99,49,0,RED INTERNET & PHONE CABLE U,1
45 - 49,KBW,50.97,57.97,30,0,VF RIP U-TREUE,1
35 - 39,NRW,49.99,49.99,30,0,GIGAZUHAUSE KABEL,0
60 - 64,KBW,57.84,37.48,30,0,GIGAZUHAUSE KABEL,1
70 - 74,NRW,54.43,34.99,234,1,GIGAZUHAUSE TREUE C,1
25 - 29,NRW,32.99,32.99,30,0,VF RIP U-TREUE,1
70 - 74,NRW,78.96,43.98,61,0,VF CABLEMAX,1
45 - 49,KBW,57.93,57.93,30,0,3PLAY PLUS,0
60 - 64,KBW,39.98,34.99,70,0,VF RIP U-TREUE,0
80 and over,NRW,42.98,42.98,30,0,VF RIP U-TREUE,0
40 - 44,HSN,49.99,49.99,30,0,GIGAZUHAUSE KABEL,0
55 - 59,KBW,42.64,42.64,30,0,2PLAY,1
50 - 54,HSN,89.94,54.98,30,0,VF RIP U-TREUE,0
25 - 29,KBW,39.99,39.99,30,0,RED INTERNET & PHONE CABLE U,1
40 - 44,KBW,42.97,42.97,30,0,RED INTERNET & PHONE CABLE U,1
70 - 74,NRW,34.99,34.99,30,0,RED INTERNET & PHONE CABLE U,1
70 - 74,NRW,24.99,24.99,296,0,GIGAZUHAUSE TREUE C,0
60 - 64,HSN,42.98,42.98,30,0,VF RIP U-TREUE,1
80 and over,NRW,65.92,52.93,619,0,3PLAY PLUS,0
45 - 49,NRW,37.98,37.98,30,0,VF RIP U-TREUE,0
50 - 54,KBW,29.99,29.99,30,0,INTERNET PREMIUM,1
50 - 54,NRW,34.99,34.99,387,1,GIGAZUHAUSE TREUE C,0
65 - 69,KBW,42.97,42.97,30,0,RED INTERNET & PHONE CABLE U,0
35 - 39,NRW,24.99,24.99,72,0,VF RIP U-TREUE,1
55 - 59,KBW,68.95,47.96,30,0,GIGAZUHAUSE KABEL,1
18 - 24,NRW,0.0,0.0,30,0,MMA,0
65 - 69,HSN,65.8,45.44,30,0,3PLAY COMFORT,0
40 - 44,KBW,55.98,34.99,30,0,RED INTERNET & PHONE CABLE U,1
30 - 34,NRW,34.99,34.99,30,0,RED INTERNET & PHONE CABLE U,1
60 - 64,KBW,34.97,29.99,642,0,INTERNET PREMIUM,0
70 - 74,KBW,49.97,42.98,540,0,2PLAY PLUS,0
50 - 54,HSN,37.99,37.99,30,0,VF RIP U-TREUE,1
80 and over,HSN,49.99,49.99,30,0,RED INTERNET & PHONE CABLE U,0
75 - 79,NRW,40.99,20.0,30,0,RED INTERNET & PHONE CABLE U,0
40 - 44,NRW,39.98,39.98,136,0,GIGAZUHAUSE KABEL,1
35 - 39,KBW,19.99,24.99,198,0,GIGAZUHAUSE TREUE C,0
65 - 69,NRW,54.98,34.99,84,0,RED INTERNET & PHONE CABLE U,1
50 - 54,NRW,77.94,52.96,99,0,VF CABLEMAX,1
30 - 34,HSN,24.99,24.99,30,0,INTERNET COMFORT,1
50 - 54,NRW,42.99,42.99,108,0,GIGAZUHAUSE TREUE C,1
70 - 74,NRW,59.97,37.99,281,1,VF RIP U-TREUE,1
50 - 54,KBW,83.97,37.99,30,0,VF RIP U-TREUE,1
25 - 29,NRW,29.99,29.99,30,0,INTERNET PREMIUM,0
45 - 49,KBW,29.99,29.99,30,0,VF RIP U-TREUE,0
50 - 54,NRW,39.99,39.99,30,0,VF RIP U-TREUE,1
55 - 59,HSN,34.99,34.99,30,0,VF RIP U-TREUE,1
55 - 59,NRW,29.99,29.99,30,0,VF RIP U-TREUE,0
25 - 29,KBW,39.98,39.98,93,0,VF CABLEMAX,1
60 - 64,NRW,53.96,29.99,318,0,GIGAZUHAUSE TREUE C,0
65 - 69,NRW,54.98,34.99,30,0,RED INTERNET & PHONE CABLE U,0
25 - 29,NRW,88.93,58.98,30,0,RED INTERNET & PHONE CABLE U,1
25 - 29,NRW,34.99,34.99,30,0,RED INTERNET & PHONE CABLE U,1
60 - 64,NRW,55.95,42.98,30,0,VF RIP U-TREUE,0
30 - 34,KBW,48.97,48.97,30,0,RED INTERNET & PHONE CABLE U,0
60 - 64,NRW,39.99,39.99,30,0,RED INTERNET & PHONE CABLE U,1
45 - 49,NRW,81.94,49.97,171,0,VF CABLEMAX,0
60 - 64,NRW,79.97,58.98,30,0,RED INTERNET & PHONE CABLE U,1
18 - 24,KBW,39.98,39.98,374,0,GIGAZUHAUSE KABEL,0
60 - 64,KBW,63.97,39.99,30,0,VF RIP U-TREUE,1
60 - 64,NRW,54.99,54.99,67,0,RED INTERNET & PHONE CABLE U,1
55 - 59,KBW,149.92,149.92,30,0,RED INTERNET & PHONE CABLE U,0
30 - 34,NRW,39.99,39.99,30,0,VF RIP U-TREUE,0
70 - 74,NRW,54.97,44.98,52,0,VF CABLEMAX,1
65 - 69,KBW,44.77,37.78,590,0,GIGAZUHAUSE KABEL,0
30 - 34,HSN,65.96,44.97,374,3,GIGAZUHAUSE KABEL,1
25 - 29,NRW,59.99,59.99,30,0,3PLAY FLY,1
50 - 54,NRW,45.95,39.97,368,0,GIGAZUHAUSE TREUE B,1
70 - 74,NRW,44.97,34.98,30,0,VF RIP U-TREUE,0
25 - 29,NRW,29.99,29.99,30,0,VF RIP U-TREUE,1
50 - 54,NRW,73.33,42.98,30,0,VF RIP U-TREUE,0
55 - 59,KBW,37.99,37.99,30,0,VF RIP U-TREUE,0
45 - 49,NRW,54.98,54.98,30,0,RED INTERNET & PHONE CABLE U,1
45 - 49,KBW,30.24,30.24,30,0,RED INTERNET & PHONE CABLE U,1
60 - 64,KBW,39.99,39.99,30,0,VF RIP U-TREUE,0
70 - 74,NRW,39.99,39.99,30,0,VF RIP U-TREUE,1
80 and over,KBW,65.98,44.99,178,0,GIGAZUHAUSE KABEL,0
18 - 24,KBW,34.99,34.99,243,0,GIGAZUHAUSE KABEL,0
18 - 24,NRW,42.97,42.97,380,0,GIGAZUHAUSE KABEL,1
50 - 54,KBW,68.97,58.98,17,2,RED INTERNET & PHONE CABLE U,0
65 - 69,NRW,32.9,32.9,30,0,3PLAY SMART HRZ,0
35 - 39,NRW,29.99,29.99,30,0,RED INTERNET & PHONE CABLE U,0
60 - 64,KBW,74.96,34.98,30,0,VF RIP U-TREUE,0
18 - 24,HSN,34.99,34.99,30,0,RED INTERNET & PHONE CABLE U,1
40 - 44,KBW,39.98,39.98,168,0,VF CABLEMAX,0
65 - 69,KBW,78.97,47.99,61,0,VF RIP U-TREUE,1
35 - 39,KBW,39.98,39.98,224,0,GIGAZUHAUSE KABEL,1
55 - 59,NRW,70.97,39.99,30,0,VF RIP U-TREUE,1
25 - 29,KBW,44.98,44.98,30,0,VF CABLEMAX,0
35 - 39,HSN,39.98,39.98,30,0,GIGAZUHAUSE TREUE B,0
30 - 34,HSN,34.99,37.99,30,0,VF RIP U-TREUE,1
40 - 44,NRW,44.98,44.98,23,0,RED INTERNET & PHONE CABLE U,0
40 - 44,NRW,39.99,39.99,30,0,RED INTERNET & PHONE CABLE U,0
60 - 64,KBW,32.99,32.99,117,0,GIGAZUHAUSE TREUE B,0
50 - 54,KBW,29.99,29.99,234,0,GIGAZUHAUSE TREUE C,0
40 - 44,NRW,34.99,34.99,30,0,RED INTERNET & PHONE CABLE U,0
50 - 54,HSN,169.92,169.92,30,0,VF CABLEMAX,0
30 - 34,NRW,32.99,32.99,386,0,GIGAZUHAUSE TREUE B,0
35 - 39,KBW,96.93,53.96,30,0,VF CABLEMAX,1
25 - 29,NRW,34.99,34.99,30,0,VF RIP U-TREUE,1
55 - 59,KBW,52.98,49.99,368,0,GIGAZUHAUSE CABLEMAX,0
40 - 44,KBW,44.98,44.98,105,0,VF CABLEMAX,0
60 - 64,NRW,49.96,32.99,667,0,VF RIP U-TREUE,0
45 - 49,NRW,29.99,29.99,30,0,INTERNET PREMIUM,0
18 - 24,HSN,29.99,29.99,321,0,GIGAZUHAUSE TREUE C,1
65 - 69,NRW,61.89,40.9,30,0,2PLAY PLUS,0
65 - 69,KBW,44.97,44.97,361,0,GIGAZUHAUSE TREUE B,0
55 - 59,NRW,54.98,34.99,30,0,RED INTERNET & PHONE CABLE U,0
35 - 39,NRW,37.99,37.99,236,0,VF RIP U-TREUE,0
40 - 44,NRW,29.99,29.99,30,0,RED INTERNET & PHONE CABLE U,1
45 - 49,KBW,83.97,59.99,30,0,TREUEPLUS,1
45 - 49,KBW,39.98,39.98,15,0,VF CABLEMAX,0
35 - 39,NRW,62.98,62.98,277,0,GIGAZUHAUSE KABEL,0
65 - 69,HSN,84.97,64.98,30,2,2PLAY FLY,1
65 - 69,NRW,32.99,32.99,357,0,GIGAZUHAUSE TREUE B,0
40 - 44,HSN,32.99,32.99,191,0,GIGAZUHAUSE TREUE B,0
55 - 59,NRW,66.43,45.44,30,0,3PLAY COMFORT,0
45 - 49,HSN,59.99,59.99,167,0,GIGAZUHAUSE KABEL,0
35 - 39,KBW,54.97,34.99,153,2,GIGAZUHAUSE TREUE C,1
50 - 54,KBW,24.99,24.99,30,0,INTERNET COMFORT,0
60 - 64,NRW,79.96,49.98,254,0,GIGAZUHAUSE TREUE B,0
80 and over,NRW,34.99,34.99,30,0,RED INTERNET & PHONE CABLE U,0
50 - 54,NRW,65.97,44.98,30,0,RED INTERNET & PHONE CABLE U,0
25 - 29,KBW,38.98,38.98,30,0,RED INTERNET & PHONE CABLE U,1
50 - 54,NRW,37.98,37.98,269,0,GIGAZUHAUSE KABEL,0
55 - 59,KBW,41.99,39.99,30,0,VF RIP U-TREUE,0
50 - 54,KBW,29.99,29.99,30,0,VF RIP U-TREUE,1
55 - 59,KBW,49.97,49.97,30,0,VF CABLEMAX,0
45 - 49,NRW,39.99,39.99,30,0,VF RIP U-TREUE,1
35 - 39,NRW,39.98,39.98,155,0,GIGAZUHAUSE KABEL,1
25 - 29,KBW,34.99,34.99,30,0,RED INTERNET & PHONE CABLE U,0
75 - 79,KBW,42.98,42.98,30,0,VF RIP U-TREUE,0
35 - 39,HSN,44.98,44.98,30,0,RED INTERNET & PHONE CABLE U,0
45 - 49,KBW,59.96,49.98,458,0,GIGAZUHAUSE KABEL,1
35 - 39,KBW,44.98,44.98,30,0,RED INTERNET & PHONE CABLE U,1
65 - 69,NRW,34.98,39.98,354,0,GIGAZUHAUSE TREUE C,0
60 - 64,HSN,52.96,32.99,30,0,VF RIP U-TREUE,0
60 - 64,NRW,44.98,44.98,105,0,VF CABLEMAX,0
50 - 54,KBW,38.98,38.98,30,0,RED INTERNET & PHONE CABLE U,0
30 - 34,NRW,39.99,39.99,30,0,RED INTERNET & PHONE CABLE U,1
35 - 39,NRW,37.99,37.99,30,0,VF RIP U-TREUE,0
45 - 49,HSN,59.98,59.98,30,0,RED INTERNET & PHONE CABLE U,0
30 - 34,NRW,52.96,52.96,91,0,VF CABLEMAX,1
30 - 34,NRW,39.99,39.99,1,0,RED INTERNET & PHONE CABLE U,1
65 - 69,NRW,85.47,62.98,607,1,GIGAZUHAUSE KABEL,1
50 - 54,NRW,44.98,44.98,30,0,VF CABLEMAX,1
65 - 69,HSN,47.96,37.98,389,0,GIGAZUHAUSE TREUE D,0
75 - 79,NRW,29.98,34.98,375,0,GIGAZUHAUSE TREUE C,0
30 - 34,NRW,37.98,37.98,350,0,GIGAZUHAUSE KABEL,1
80 and over,NRW,60.87,39.88,30,0,3PLAY,0
30 - 34,NRW,39.99,39.99,30,0,3PLAY TREUE,1
40 - 44,NRW,42.97,42.97,30,0,2PLAY TREUE,0
30 - 34,KBW,37.98,37.98,178,0,GIGAZUHAUSE TREUE B,1
45 - 49,NRW,47.99,47.99,30,0,VF RIP U-TREUE,1
60 - 64,HSN,54.96,34.99,30,0,VF RIP U-TREUE,0
25 - 29,NRW,39.98,39.98,153,0,GIGAZUHAUSE KABEL,1
55 - 59,NRW,44.97,44.97,30,0,GIGAZUHAUSE KABEL,0
25 - 29,KBW,95.97,74.98,30,0,2PLAY FLY,0
35 - 39,KBW,29.99,29.99,30,0,INTERNET PREMIUM,0
75 - 79,NRW,27.99,27.99,30,0,VF RIP U-TREUE,1
25 - 29,HSN,44.98,44.98,53,0,RED INTERNET & PHONE CABLE U,0
65 - 69,KBW,60.34,39.98,30,0,RED INTERNET & PHONE CABLE U,0
25 - 29,NRW,34.99,34.99,30,0,RED INTERNET & PHONE CABLE U,0
35 - 39,NRW,54.99,54.99,30,0,RED INTERNET & PHONE CABLE U,0
70 - 74,KBW,29.98,29.98,30,0,RED INTERNET & PHONE CABLE U,0
55 - 59,KBW,58.97,38.98,30,0,RED INTERNET & PHONE CABLE U,1
70 - 74,NRW,57.96,42.97,313,0,GIGAZUHAUSE TREUE D,0
35 - 39,NRW,49.99,49.99,30,0,RED INTERNET & PHONE CABLE U,1
55 - 59,HSN,29.99,29.99,30,0,VF RIP U-TREUE,0
70 - 74,KBW,50.98,29.99,30,0,RED INTERNET & PHONE CABLE U,1
80 and over,NRW,34.99,34.99,30,0,RED INTERNET & PHONE CABLE U,1
35 - 39,NRW,37.99,37.99,30,0,VF RIP U-TREUE,0
40 - 44,KBW,34.99,34.99,30,0,RED INTERNET & PHONE CABLE U,1
40 - 44,NRW,39.98,39.98,210,0,GIGAZUHAUSE KABEL,1
25 - 29,NRW,44.98,44.98,30,0,RED INTERNET & PHONE CABLE U,0
45 - 49,HSN,37.99,37.99,30,0,VF RIP U-TREUE,1
25 - 29,KBW,44.98,44.98,30,0,VF CABLEMAX,1
70 - 74,NRW,45.97,39.98,30,0,GIGAZUHAUSE TREUE B,1
50 - 54,NRW,34.98,34.98,122,0,GIGAZUHAUSE TREUE B,0
25 - 29,NRW,44.98,44.98,30,0,RED INTERNET & PHONE CABLE U,1
80 and over,KBW,32.99,32.99,691,0,VF RIP U-TREUE,0
18 - 24,NRW,29.99,29.99,30,0,INTERNET PREMIUM,0
60 - 64,HSN,29.99,29.99,39,0,VF RIP U-TREUE,1
55 - 59,NRW,34.99,34.99,30,0,VF RIP U-TREUE,0
not available,KBW,44.97,44.97,56,0,VF CABLEMAX,0
25 - 29,HSN,245.88,245.88,30,0,RED INTERNET & PHONE CABLE U,0
50 - 54,HSN,39.98,39.98,165,0,GIGAZUHAUSE KABEL,1
60 - 64,NRW,79.97,49.99,216,0,VF RIP U-TREUE,0
30 - 34,HSN,121.96,121.96,30,0,VF RIP U-TREUE,1
75 - 79,KBW,37.78,37.78,30,0,RED INTERNET & PHONE CABLE U,0
60 - 64,NRW,37.98,37.98,314,0,GIGAZUHAUSE TREUE D,0
25 - 29,NRW,42.97,42.97,262,0,GIGAZUHAUSE KABEL,0
18 - 24,NRW,43.97,43.97,30,1,VF CABLEMAX,1
40 - 44,KBW,11.98,11.98,30,0,EAZY,0
75 - 79,NRW,33.85,33.85,30,0,RED INTERNET & PHONE CABLE U,0
60 - 64,NRW,44.98,44.98,30,0,RED INTERNET & PHONE CABLE U,0
25 - 29,NRW,44.98,44.98,30,0,RED INTERNET & PHONE CABLE U,1
65 - 69,HSN,169.92,169.92,30,0,VF RIP U-TREUE,0
65 - 69,NRW,53.96,53.96,30,0,2PLAY COMFORT,0
35 - 39,NRW,37.99,37.99,30,0,VF RIP U-TREUE,0
60 - 64,HSN,149.92,149.92,30,0,RED INTERNET & PHONE CABLE U,0
55 - 59,NRW,56.94,43.95,668,0,3PLAY SMART,1
60 - 64,NRW,29.99,29.99,30,0,INTERNET PREMIUM,0
45 - 49,NRW,29.98,29.98,30,1,VF CABLEMAX,0
30 - 34,NRW,47.99,47.99,30,0,VF RIP U-TREUE,1
60 - 64,KBW,72.33,51.97,30,0,2PLAY PLUS,0
35 - 39,HSN,32.99,32.99,30,0,VF RIP U-TREUE,1
70 - 74,NRW,55.98,34.99,30,0,RED INTERNET & PHONE CABLE U,0
70 - 74,KBW,88.76,43.42,30,0,GIGAZUHAUSE KABEL,0
40 - 44,KBW,78.94,41.98,30,0,VF RIP U-TREUE,0
70 - 74,KBW,68.84,32.95,30,0,RED INTERNET & PHONE CABLE U,0
40 - 44,NRW,19.99,19.99,30,0,1PLAY,1
40 - 44,NRW,44.98,44.98,30,0,VF RIP U-TREUE,0
25 - 29,KBW,54.97,44.98,30,0,RED INTERNET & PHONE CABLE U,1
70 - 74,HSN,69.87,48.88,30,0,3PLAY,1
70 - 74,NRW,44.98,44.98,30,0,VF CABLEMAX,1
65 - 69,NRW,81.96,44.99,140,0,GIGAZUHAUSE TREUE B,0
35 - 39,HSN,29.99,29.99,30,0,INTERNET PREMIUM,0
25 - 29,NRW,44.99,44.99,182,0,GIGAZUHAUSE KABEL,1
70 - 74,KBW,54.97,44.98,249,0,RED INTERNET & PHONE CABLE U,0
25 - 29,NRW,47.96,47.96,81,1,RED INTERNET & PHONE CABLE U,1
25 - 29,NRW,29.99,29.99,30,0,VF RIP U-TREUE,1
75 - 79,KBW,44.77,37.78,560,0,RED INTERNET & PHONE CABLE U,0
18 - 24,NRW,38.98,38.98,31,0,RED INTERNET & PHONE CABLE U,0
35 - 39,NRW,49.99,49.99,30,1,GIGAZUHAUSE KABEL,1
55 - 59,KBW,39.99,39.99,30,0,VF RIP U-TREUE,1
65 - 69,NRW,89.93,52.96,30,0,VF CABLEMAX,1
60 - 64,KBW,54.97,54.97,30,0,2PLAY TREUE,1
35 - 39,KBW,85.97,49.99,137,0,GIGAZUHAUSE TREUE C,0
65 - 69,KBW,42.98,42.98,119,0,VF RIP U-TREUE,0
18 - 24,NRW,24.99,24.99,30,0,INTERNET COMFORT,1
70 - 74,HSN,60.98,39.99,30,0,VF RIP U-TREUE,0
70 - 74,KBW,55.35,34.99,30,0,RED INTERNET & PHONE CABLE U,0
18 - 24,KBW,44.98,44.98,113,0,VF CABLEMAX,1
40 - 44,NRW,34.99,34.99,30,0,RED INTERNET & PHONE CABLE U,0
60 - 64,KBW,80.96,44.98,30,0,RED INTERNET & PHONE CABLE U,0
70 - 74,KBW,63.97,42.98,30,0,VF RIP U-TREUE,0
60 - 64,NRW,34.97,27.99,699,0,GIGAZUHAUSE TREUE B,0
25 - 29,NRW,29.99,29.99,94,0,VF RIP U-TREUE,0
75 - 79,NRW,49.98,49.98,241,0,GIGAZUHAUSE KABEL,0
80 and over,KBW,42.72,33.74,581,0,GIGAZUHAUSE KABEL,0
35 - 39,HSN,44.98,44.98,93,0,VF CABLEMAX,1
65 - 69,NRW,49.98,39.99,106,0,VF CABLEMAX,1
35 - 39,NRW,42.97,42.97,30,0,RED INTERNET & PHONE CABLE U,1
55 - 59,KBW,59.99,59.99,226,0,GIGAZUHAUSE KABEL,1
60 - 64,NRW,34.99,34.99,30,0,RED INTERNET & PHONE CABLE U,0
30 - 34,KBW,54.96,44.98,30,0,VF CABLEMAX,0
30 - 34,HSN,34.99,34.99,30,0,RED INTERNET & PHONE CABLE U,0
30 - 34,KBW,44.99,44.99,184,0,GIGAZUHAUSE KABEL,1
35 - 39,HSN,54.98,54.98,333,0,GIGAZUHAUSE KABEL,0
25 - 29,NRW,50.98,37.99,556,0,VF RIP U-TREUE,0
18 - 24,NRW,57.97,57.97,139,0,GIGAZUHAUSE KABEL,1
70 - 74,KBW,63.96,42.97,30,0,2PLAY COMFORT,0
40 - 44,NRW,44.99,44.99,30,0,RED INTERNET & PHONE CABLE U,0
40 - 44,NRW,47.99,47.99,30,0,3PLAY TREUE GENRE,1
65 - 69,KBW,68.95,47.96,30,0,3PLAY START,0
40 - 44,KBW,59.96,49.97,30,0,VF CABLEMAX,0
60 - 64,NRW,19.99,19.99,30,0,VF RIP U-TREUE,0
35 - 39,NRW,39.98,39.98,330,0,GIGAZUHAUSE KABEL,1
45 - 49,KBW,39.99,39.99,30,0,RED INTERNET & PHONE CABLE U,1
30 - 34,NRW,39.99,39.99,30,0,RED INTERNET & PHONE CABLE U,1
65 - 69,NRW,49.98,34.99,30,0,RED INTERNET & PHONE CABLE U,0
25 - 29,KBW,42.97,42.97,341,0,GIGAZUHAUSE KABEL,1
60 - 64,KBW,46.98,39.99,696,0,VF CABLEMAX,0
30 - 34,KBW,37.99,37.99,30,0,VF RIP U-TREUE,1
30 - 34,NRW,39.99,39.99,30,0,RED INTERNET & PHONE CABLE U,1
70 - 74,NRW,74.96,44.98,30,0,RED INTERNET & PHONE CABLE U,0
50 - 54,NRW,34.99,34.99,30,0,RED INTERNET & PHONE CABLE U,1
65 - 69,NRW,64.97,39.99,106,0,VF CABLEMAX,0
65 - 69,NRW,67.95,32.99,30,0,VF RIP U-TREUE,1
65 - 69,NRW,44.97,34.99,451,0,RED INTERNET & PHONE CABLE U,0
30 - 34,NRW,47.98,47.98,307,0,GIGAZUHAUSE KABEL,0
50 - 54,KBW,54.98,54.98,30,0,3PLAY TREUE,0
45 - 49,NRW,44.99,44.99,142,0,GIGAZUHAUSE TREUE B,0
70 - 74,NRW,44.97,39.98,106,0,RED INTERNET & PHONE CABLE U,1
40 - 44,KBW,44.99,44.99,30,2,RED INTERNET & PHONE CABLE U,1
50 - 54,HSN,29.99,29.99,75,0,VF RIP U-TREUE,1
35 - 39,KBW,59.98,39.99,30,0,VF RIP U-TREUE,0
60 - 64,NRW,34.99,34.99,30,0,RED INTERNET & PHONE CABLE U,1
30 - 34,NRW,54.96,44.98,643,0,RED INTERNET & PHONE CABLE U,1
80 and over,NRW,60.87,39.88,30,0,3PLAY,0
18 - 24,NRW,44.98,44.98,30,0,RED INTERNET & PHONE CABLE U,1
70 - 74,NRW,34.99,34.99,30,0,VF RIP U-TREUE,0
30 - 34,NRW,21.99,24.99,93,0,VF RIP U-TREUE,0
30 - 34,NRW,39.99,39.99,30,0,RED INTERNET & PHONE CABLE U,1
25 - 29,HSN,39.99,39.99,10,0,RED INTERNET & PHONE CABLE U,1
35 - 39,KBW,43.95,40.96,30,0,RED INTERNET & PHONE CABLE U,0
35 - 39,NRW,29.99,29.99,30,0,VF RIP U-TREUE,1
65 - 69,KBW,55.35,34.99,30,0,RED INTERNET & PHONE CABLE U,1
40 - 44,NRW,25.9,25.9,30,0,INTERNET,1
30 - 34,NRW,29.99,29.99,30,0,VF RIP U-TREUE,0
40 - 44,KBW,76.95,44.98,105,0,VF CABLEMAX,1
30 - 34,NRW,39.98,39.98,118,0,GIGAZUHAUSE KABEL,1
80 and over,NRW,28.88,9.98,30,0,HSI HZ BOX ONLY,1
45 - 49,KBW,32.99,32.99,30,0,VF RIP U-TREUE,1
40 - 44,HSN,39.98,39.98,240,0,GIGAZUHAUSE KABEL,1
70 - 74,NRW,34.99,34.99,30,0,RED INTERNET & PHONE CABLE U,0
75 - 79,KBW,59.97,37.99,337,0,VF RIP U-TREUE,0
45 - 49,NRW,58.98,58.98,30,0,RED INTERNET & PHONE CABLE U,0
50 - 54,KBW,54.98,54.98,30,0,VF RIP U-TREUE,0
30 - 34,KBW,47.98,47.98,394,0,GIGAZUHAUSE KABEL,1
45 - 49,NRW,49.98,49.98,310,0,GIGAZUHAUSE TREUE B,1
65 - 69,NRW,69.96,49.97,30,0,RED INTERNET & PHONE CABLE U,1
25 - 29,NRW,48.97,48.97,22,0,RED INTERNET & PHONE CABLE U,1
50 - 54,KBW,22.99,22.99,318,0,EAZY,1
35 - 39,HSN,48.98,48.98,119,0,GIGAZUHAUSE KABEL,1
55 - 59,NRW,34.99,34.99,30,0,RED INTERNET & PHONE CABLE U,1
55 - 59,HSN,44.98,44.98,30,0,RED INTERNET & PHONE CABLE U,0
55 - 59,KBW,189.88,189.88,30,0,VF CABLEMAX,1
40 - 44,KBW,34.99,34.99,30,0,RED INTERNET & PHONE CABLE U,0
55 - 59,HSN,39.98,39.98,359,0,GIGAZUHAUSE TREUE B,1
60 - 64,HSN,43.98,43.98,59,0,RED INTERNET & PHONE CABLE U,1
50 - 54,HSN,63.86,52.98,667,0,GIGAZUHAUSE CABLEMAX,0
55 - 59,KBW,54.99,54.99,30,0,RED INTERNET & PHONE CABLE U,1
30 - 34,KBW,39.99,39.99,30,0,RED INTERNET & PHONE CABLE U,0
35 - 39,NRW,32.97,32.97,30,0,2PLAY TREUE,0
30 - 34,KBW,34.98,34.98,30,0,VF RIP U-TREUE,1
50 - 54,NRW,27.9,27.9,30,0,RED INTERNET & PHONE CABLE U,0
70 - 74,KBW,44.97,44.97,259,1,GIGAZUHAUSE TREUE B,1
35 - 39,NRW,19.99,19.99,30,0,EAZY,1
45 - 49,KBW,29.99,29.99,30,0,VF RIP U-TREUE,0
25 - 29,NRW,24.99,24.99,30,0,INTERNET COMFORT,0
60 - 64,NRW,34.98,34.98,30,0,VF RIP U-TREUE,1
75 - 79,HSN,71.98,44.99,30,0,RED INTERNET & PHONE CABLE U,0
55 - 59,HSN,109.96,109.96,30,0,VF RIP U-TREUE,0
25 - 29,KBW,49.99,49.99,30,0,RED INTERNET & PHONE CABLE U,1
18 - 24,NRW,34.99,34.99,30,0,RED INTERNET & PHONE CABLE U,1
60 - 64,KBW,59.99,59.99,207,0,GIGAZUHAUSE KABEL,1
55 - 59,NRW,54.98,54.98,30,0,VF RIP U-TREUE,0
40 - 44,NRW,30.95,30.95,30,0,RED INTERNET & PHONE CABLE U,0
35 - 39,NRW,39.99,39.99,57,0,RED INTERNET & PHONE CABLE U,1
30 - 34,NRW,54.99,54.99,30,0,RED INTERNET & PHONE CABLE U,0
55 - 59,NRW,44.98,44.98,30,0,VF CABLEMAX,0
75 - 79,HSN,171.94,129.96,30,0,RED INTERNET & PHONE CABLE U,1
30 - 34,KBW,44.97,44.97,277,0,GIGAZUHAUSE KABEL,0
35 - 39,HSN,44.97,44.97,307,0,VF CABLEMAX,0
35 - 39,KBW,54.99,54.99,30,0,RED INTERNET & PHONE CABLE U,1
80 and over,KBW,42.78,42.78,30,0,2PLAY,0
55 - 59,NRW,69.96,32.99,304,0,GIGAZUHAUSE TREUE B,0
35 - 39,NRW,59.97,49.99,30,0,RED INTERNET & PHONE CABLE U,0
55 - 59,NRW,37.99,37.99,30,0,VF RIP U-TREUE,0
75 - 79,NRW,39.98,39.98,30,0,RED INTERNET & PHONE CABLE U,0
40 - 44,NRW,59.96,39.99,680,1,RED INTERNET & PHONE CABLE U,1
50 - 54,NRW,39.98,39.98,243,0,GIGAZUHAUSE KABEL,1
55 - 59,HSN,54.98,34.99,30,0,RED INTERNET & PHONE CABLE U,0
30 - 34,NRW,65.97,44.98,30,1,VF CABLEMAX,1
30 - 34,NRW,19.99,29.99,114,0,RED INTERNET & PHONE CABLE U,1
25 - 29,NRW,34.99,34.99,30,0,RED INTERNET & PHONE CABLE U,0
50 - 54,NRW,39.99,39.99,98,0,VF CABLEMAX,1
40 - 44,NRW,39.99,39.99,30,0,RED INTERNET & PHONE CABLE U,1
45 - 49,NRW,52.98,52.98,30,0,VF RIP U-TREUE,0
25 - 29,NRW,39.98,39.98,30,0,VF CABLEMAX,0
55 - 59,KBW,74.95,49.97,131,0,VF CABLEMAX,1
30 - 34,KBW,29.99,29.99,30,0,INTERNET PREMIUM,0
35 - 39,HSN,39.98,39.98,221,0,GIGAZUHAUSE KABEL,1
65 - 69,KBW,73.93,52.94,30,0,3PLAY PLUS MTA,1
70 - 74,NRW,42.97,42.97,30,0,RED INTERNET & PHONE CABLE U,0
30 - 34,KBW,34.97,24.99,549,0,INTERNET COMFORT,0
50 - 54,HSN,72.97,44.98,30,0,VF CABLEMAX,0
18 - 24,NRW,52.98,52.98,396,1,GIGAZUHAUSE CABLEMAX,0
35 - 39,NRW,39.98,29.99,30,0,VF RIP U-TREUE,0
35 - 39,NRW,49.97,29.99,30,0,VF RIP U-TREUE,1
70 - 74,NRW,23.84,23.84,30,0,3PLAY,0
30 - 34,NRW,24.99,24.99,30,0,VF RIP U-TREUE,1
35 - 39,NRW,19.99,19.99,36,0,RED INTERNET & PHONE CABLE U,0
30 - 34,NRW,49.97,49.97,30,0,VF CABLEMAX,1
30 - 34,NRW,19.99,19.99,365,1,GIGAZUHAUSE KABEL,1
30 - 34,NRW,49.98,49.98,294,0,GIGAZUHAUSE KABEL,0
80 and over,NRW,51.96,34.99,630,0,VF RIP U-TREUE,1
55 - 59,HSN,34.99,34.99,30,0,RED INTERNET & PHONE CABLE U,0
55 - 59,NRW,19.99,19.99,30,0,EAZY,1
30 - 34,KBW,21.99,24.99,86,0,VF RIP U-TREUE,0
25 - 29,NRW,44.98,44.98,30,0,RED INTERNET & PHONE CABLE U,1
35 - 39,KBW,49.97,49.97,30,0,VF CABLEMAX,1
50 - 54,NRW,49.99,49.99,30,0,VF RIP U-TREUE,0
50 - 54,HSN,49.98,49.98,152,0,GIGAZUHAUSE TREUE B,1
40 - 44,NRW,0.0,0.0,30,0,MMA MB,0
70 - 74,HSN,64.87,43.88,30,0,3PLAY,1
60 - 64,HSN,57.98,37.99,30,0,VF RIP U-TREUE,0
50 - 54,KBW,74.95,49.97,30,0,VF CABLEMAX,1
75 - 79,NRW,69.96,44.98,99,6,VF CABLEMAX,1
75 - 79,NRW,48.97,48.97,30,0,RED INTERNET & PHONE CABLE U,1
60 - 64,KBW,39.99,39.99,30,0,RED INTERNET & PHONE CABLE U,1
80 and over,KBW,44.98,44.98,30,0,VF CABLEMAX,0
40 - 44,NRW,59.97,39.98,365,1,VF CABLEMAX,0
25 - 29,KBW,49.99,49.99,30,0,GIGAZUHAUSE KABEL,1
75 - 79,NRW,23.89,19.99,30,0,RED INTERNET & PHONE CABLE U,0
40 - 44,KBW,34.99,34.99,30,0,RED INTERNET & PHONE CABLE U,0
55 - 59,HSN,62.98,62.98,359,0,GIGAZUHAUSE KABEL,1
35 - 39,HSN,37.99,37.99,30,0,VF RIP U-TREUE,1
30 - 34,KBW,48.97,48.97,24,0,VF CABLEMAX,0
35 - 39,KBW,44.98,44.98,30,0,VF CABLEMAX,1
65 - 69,NRW,60.98,39.99,30,0,VF RIP U-TREUE,1
50 - 54,KBW,29.99,29.99,30,0,RED INTERNET & PHONE CABLE U,1
30 - 34,KBW,39.98,39.98,168,0,GIGAZUHAUSE KABEL,1
25 - 29,NRW,37.99,37.99,30,0,VF RIP U-TREUE,0
25 - 29,KBW,68.97,68.97,297,0,GIGAZUHAUSE KABEL,0
45 - 49,NRW,80.94,43.97,143,0,VF CABLEMAX,1
55 - 59,NRW,64.97,39.99,30,0,RED INTERNET & PHONE CABLE U,0
25 - 29,NRW,34.99,34.99,30,0,VF RIP U-TREUE,0
35 - 39,NRW,39.99,44.99,30,0,RED INTERNET & PHONE CABLE U,0
30 - 34,NRW,39.99,39.99,30,0,VF RIP U-TREUE,1
45 - 49,NRW,34.99,34.99,30,0,RED INTERNET & PHONE CABLE U,0
35 - 39,HSN,54.97,32.99,30,0,VF RIP U-TREUE,1
30 - 34,NRW,44.98,44.98,30,0,RED INTERNET & PHONE CABLE U,1
60 - 64,KBW,59.98,39.99,30,0,VF RIP U-TREUE,0
35 - 39,KBW,44.98,44.98,30,0,VF CABLEMAX,0
25 - 29,NRW,34.99,34.99,218,0,GIGAZUHAUSE KABEL,1
35 - 39,HSN,42.97,32.99,30,0,2PLAY TREUE,0
55 - 59,HSN,225.8,225.8,9,0,VF CABLEMAX,1
40 - 44,NRW,22.98,22.98,30,0,EAZY FLEX,1
30 - 34,NRW,39.98,39.98,130,0,GIGAZUHAUSE KABEL,0
35 - 39,HSN,34.99,34.99,30,0,RED INTERNET & PHONE CABLE U,1
25 - 29,NRW,47.97,44.98,78,1,VF CABLEMAX,1
65 - 69,NRW,79.97,54.99,103,0,RED INTERNET & PHONE CABLE U,0
25 - 29,NRW,29.99,29.99,30,0,VF RIP U-TREUE,0
60 - 64,KBW,47.98,47.98,30,0,2PLAY PLUS,0
40 - 44,KBW,44.98,44.98,77,0,VF CABLEMAX,0
55 - 59,NRW,37.96,32.96,651,0,3PLAY TREUE,0
40 - 44,NRW,40.98,37.99,60,0,VF RIP U-TREUE,1
60 - 64,KBW,64.97,44.98,30,1,RED INTERNET & PHONE CABLE U,1
18 - 24,NRW,37.99,37.99,30,0,VF RIP U-TREUE,1
45 - 49,NRW,54.98,54.98,394,0,GIGAZUHAUSE TREUE C,1
40 - 44,HSN,44.98,32.99,30,0,VF RIP U-TREUE,1
25 - 29,NRW,0.0,0.0,30,0,MMA,0
30 - 34,HSN,129.96,129.96,30,0,RED INTERNET & PHONE CABLE U,1
50 - 54,NRW,44.98,44.98,30,0,RED INTERNET & PHONE CABLE U,1
45 - 49,NRW,39.99,39.99,30,0,VF RIP U-TREUE,1
18 - 24,NRW,29.98,29.98,96,0,RED INTERNET & PHONE CABLE U,1
35 - 39,HSN,39.99,39.99,46,0,RED INTERNET & PHONE CABLE U,1
80 and over,NRW,48.97,33.98,30,0,RED INTERNET & PHONE CABLE U,0
80 and over,KBW,58.14,37.78,30,0,GIGAZUHAUSE KABEL,0
65 - 69,KBW,83.94,63.98,470,0,GIGAZUHAUSE KABEL,1
50 - 54,NRW,48.97,48.97,102,0,VF CABLEMAX,0
55 - 59,KBW,231.86,189.88,30,0,VF CABLEMAX,0
60 - 64,NRW,86.96,59.99,30,0,3PLAY FLY,0
45 - 49,KBW,49.99,49.99,30,0,RED INTERNET & PHONE CABLE U,0
45 - 49,KBW,49.97,49.97,30,0,VF CABLEMAX,1
80 and over,NRW,60.33,39.97,30,0,VF RIP U-TREUE,0
80 and over,KBW,27.8,27.8,30,0,GIGAZUHAUSE KABEL,0
75 - 79,NRW,47.97,37.98,339,2,GIGAZUHAUSE TREUE B,0
80 and over,HSN,60.25,39.89,30,0,3PLAY,1
55 - 59,NRW,66.95,44.98,43,0,VF CABLEMAX,0
30 - 34,NRW,64.97,39.99,30,0,RED INTERNET & PHONE CABLE U,1
30 - 34,KBW,32.99,32.99,30,0,GIGAZUHAUSE TREUE B,0
80 and over,NRW,62.97,37.99,121,0,VF RIP U-TREUE,0
80 and over,NRW,32.99,32.99,142,0,GIGAZUHAUSE TREUE B,0
45 - 49,HSN,59.98,59.98,30,0,RED INTERNET & PHONE CABLE U,0
60 - 64,HSN,35.87,27.99,597,0,RED INTERNET & PHONE CABLE U,0
75 - 79,HSN,59.99,59.99,209,0,GIGAZUHAUSE KABEL,1
40 - 44,NRW,54.99,54.99,30,0,GIGAZUHAUSE KABEL,0
50 - 54,HSN,62.97,32.99,256,0,GIGAZUHAUSE TREUE B,0
80 and over,KBW,34.99,34.99,30,0,RED INTERNET & PHONE CABLE U,0
25 - 29,HSN,39.99,39.99,30,0,RED INTERNET & PHONE CABLE U,1
30 - 34,HSN,32.99,32.99,30,0,VF RIP U-TREUE,1
75 - 79,NRW,39.99,39.99,78,0,RED INTERNET & PHONE CABLE U,1
65 - 69,KBW,47.94,47.94,30,0,3PLAY SMART,1
70 - 74,NRW,34.99,34.99,30,0,RED INTERNET & PHONE CABLE U,1
25 - 29,KBW,44.98,44.98,30,0,RED INTERNET & PHONE CABLE U,1
60 - 64,HSN,29.99,29.99,30,0,VF RIP U-TREUE,1
55 - 59,NRW,48.97,38.98,30,0,RED INTERNET & PHONE CABLE U,0
35 - 39,KBW,44.98,44.98,30,0,VF RIP U-TREUE,1
25 - 29,HSN,44.98,44.98,93,0,RED INTERNET & PHONE CABLE U,1
18 - 24,NRW,49.97,49.97,30,0,VF CABLEMAX,1
30 - 34,HSN,44.98,44.98,85,0,VF CABLEMAX,0
70 - 74,HSN,39.98,39.98,30,0,VF CABLEMAX,0
40 - 44,HSN,24.99,24.99,325,0,GIGAZUHAUSE TREUE C,0
55 - 59,KBW,42.97,42.97,30,0,RED INTERNET & PHONE CABLE U,0
30 - 34,HSN,48.97,48.97,30,0,RED INTERNET & PHONE CABLE U,0
35 - 39,NRW,49.99,49.99,30,0,RED INTERNET & PHONE CABLE U,1
30 - 34,KBW,191.94,149.96,30,0,RED INTERNET & PHONE CABLE U,1
60 - 64,NRW,42.9,42.9,30,0,2PLAY,0
70 - 74,NRW,38.98,38.98,109,0,RED INTERNET & PHONE CABLE U,1
40 - 44,NRW,19.99,19.99,30,0,EAZY,1
25 - 29,HSN,54.99,54.99,30,0,RED INTERNET & PHONE CABLE U,1
75 - 79,KBW,63.33,42.97,30,0,RED INTERNET & PHONE CABLE U,0
50 - 54,NRW,54.98,39.99,30,0,VF RIP U-TREUE,0
55 - 59,NRW,54.98,54.98,30,0,GIGAZUHAUSE KABEL,1
25 - 29,HSN,39.99,39.99,92,0,VF CABLEMAX,1
35 - 39,KBW,34.99,37.99,49,0,VF RIP U-TREUE,1
30 - 34,HSN,39.98,39.98,30,0,RED INTERNET & PHONE CABLE U,1
18 - 24,NRW,39.99,39.99,30,0,RED INTERNET & PHONE CABLE U,1
40 - 44,NRW,54.98,54.98,30,0,VF RIP U-TREUE,1
65 - 69,KBW,19.99,19.99,113,0,RED INTERNET & PHONE CABLE U,1
40 - 44,HSN,22.98,22.98,30,0,EAZY FLEX,1
45 - 49,NRW,34.99,34.99,272,0,RED INTERNET & PHONE CABLE U,1
65 - 69,NRW,74.97,53.98,30,0,3PLAY TREUE,1
65 - 69,KBW,81.95,44.98,30,0,VF CABLEMAX,0
35 - 39,NRW,34.98,39.98,30,0,RED INTERNET & PHONE CABLE U,1
35 - 39,NRW,44.98,44.98,84,0,RED INTERNET & PHONE CABLE U,1
60 - 64,HSN,219.92,219.92,30,0,RED INTERNET & PHONE CABLE U,1
50 - 54,NRW,27.99,27.99,30,0,VF RIP U-TREUE,0
65 - 69,NRW,61.95,39.99,30,0,VF RIP U-TREUE,1
18 - 24,NRW,44.99,44.99,123,0,GIGAZUHAUSE KABEL,1
35 - 39,KBW,39.99,39.99,30,0,RED INTERNET & PHONE CABLE U,0
35 - 39,KBW,149.92,109.96,150,0,VF RIP U-TREUE,0
35 - 39,NRW,39.98,39.98,236,0,GIGAZUHAUSE TREUE B,1
60 - 64,NRW,57.96,57.96,30,0,GIGAZUHAUSE KABEL,0
30 - 34,KBW,67.96,44.98,50,0,VF CABLEMAX,1
75 - 79,NRW,39.99,39.99,15,0,RED INTERNET & PHONE CABLE U,0
60 - 64,NRW,39.98,39.98,30,0,GIGAZUHAUSE TREUE B,0
65 - 69,NRW,34.98,34.98,30,1,VF RIP U-TREUE,1
50 - 54,NRW,74.98,59.99,143,0,GIGAZUHAUSE KABEL,1
55 - 59,KBW,57.96,32.99,30,0,VF RIP U-TREUE,0
55 - 59,NRW,63.96,42.97,30,0,RED INTERNET & PHONE CABLE U,0
35 - 39,NRW,39.99,39.99,143,0,VF CABLEMAX,0
18 - 24,NRW,44.98,44.98,87,0,RED INTERNET & PHONE CABLE U,1
55 - 59,NRW,47.99,47.99,30,0,VF RIP U-TREUE,0
25 - 29,KBW,44.98,44.98,30,0,VF CABLEMAX,1
55 - 59,KBW,46.99,39.99,37,0,VF RIP U-TREUE,1
25 - 29,NRW,44.98,44.98,30,0,VF CABLEMAX,0
40 - 44,HSN,27.99,27.99,89,0,RIP CABLE U TREUE,1
25 - 29,NRW,42.97,42.97,302,0,GIGAZUHAUSE KABEL,1
35 - 39,KBW,44.98,44.98,30,0,RED INTERNET & PHONE CABLE U,1
35 - 39,HSN,211.9,169.92,30,0,RED INTERNET & PHONE CABLE U,1
30 - 34,KBW,37.99,37.99,30,0,VF RIP U-TREUE,0
80 and over,NRW,42.98,42.98,30,0,VF RIP U-TREUE,0
40 - 44,NRW,67.97,67.97,284,0,GIGAZUHAUSE KABEL,1
65 - 69,KBW,57.98,47.99,24,1,VF RIP U-TREUE,1
25 - 29,HSN,34.99,34.99,30,0,RED INTERNET & PHONE CABLE U,1
45 - 49,KBW,44.98,44.98,30,0,VF CABLEMAX,1
65 - 69,NRW,54.98,54.98,30,0,VF RIP U-TREUE,1
30 - 34,KBW,39.99,39.99,30,0,RED INTERNET & PHONE CABLE U,1
35 - 39,KBW,39.99,39.99,30,0,RED INTERNET & PHONE CABLE U,1
40 - 44,HSN,37.98,37.98,350,0,GIGAZUHAUSE TREUE D,0
18 - 24,KBW,48.97,48.97,30,0,RED INTERNET & PHONE CABLE U,1
60 - 64,NRW,45.88,45.88,30,0,3PLAY SMART,1
35 - 39,KBW,37.98,37.98,276,0,GIGAZUHAUSE KABEL,1
40 - 44,KBW,44.98,44.98,85,0,VF CABLEMAX,1
65 - 69,NRW,34.99,34.99,186,0,GIGAZUHAUSE KABEL,1
70 - 74,NRW,52.97,42.99,464,0,GIGAZUHAUSE TREUE C,0
65 - 69,NRW,63.97,42.98,30,0,VF RIP U-TREUE,0
30 - 34,KBW,39.99,39.99,30,0,RED INTERNET & PHONE CABLE U,1
45 - 49,KBW,90.97,54.99,39,0,RED INTERNET & PHONE CABLE U,1
60 - 64,HSN,44.98,44.98,30,0,RED INTERNET & PHONE CABLE U,1
55 - 59,NRW,57.98,37.99,30,0,VF RIP U-TREUE,1
55 - 59,NRW,49.99,49.99,30,0,GIGAZUHAUSE KABEL,1
80 and over,KBW,63.33,42.97,30,0,RED INTERNET & PHONE CABLE U,1
65 - 69,NRW,95.95,64.98,30,0,TREUEPLUS,0
30 - 34,KBW,60.98,39.99,30,0,VF RIP U-TREUE,1
40 - 44,KBW,59.99,59.99,248,0,GIGAZUHAUSE KABEL,1
80 and over,NRW,39.99,39.99,30,0,RED INTERNET & PHONE CABLE U,0
40 - 44,KBW,59.95,49.97,30,0,VF CABLEMAX,1
35 - 39,NRW,47.99,47.99,30,0,VF RIP U-TREUE,1
55 - 59,NRW,37.99,37.99,30,0,VF RIP U-TREUE,0
60 - 64,KBW,55.96,37.98,308,0,GIGAZUHAUSE TREUE B,0
30 - 34,NRW,42.97,42.97,399,0,GIGAZUHAUSE KABEL,0
25 - 29,KBW,29.99,29.99,30,0,INTERNET PREMIUM,0
18 - 24,NRW,0.0,0.0,30,0,MMA,0
25 - 29,NRW,39.99,39.99,30,0,RED INTERNET & PHONE CABLE U,1
40 - 44,NRW,58.98,37.99,30,0,VF RIP U-TREUE,1
30 - 34,NRW,44.98,44.98,30,0,VF CABLEMAX,0
40 - 44,NRW,39.99,39.99,30,0,VF RIP U-TREUE,0
30 - 34,KBW,58.98,58.98,30,0,RED INTERNET & PHONE CABLE U,1
65 - 69,NRW,77.97,62.98,283,0,GIGAZUHAUSE KABEL,1
65 - 69,HSN,58.97,43.98,84,0,VF CABLEMAX,1
70 - 74,NRW,73.32,32.99,30,0,VF RIP U-TREUE,0
35 - 39,HSN,24.99,24.99,30,0,INTERNET COMFORT,1
65 - 69,HSN,49.98,34.99,30,0,RED INTERNET & PHONE CABLE U,1
30 - 34,KBW,52.97,29.99,30,0,VF RIP U-TREUE,1
35 - 39,NRW,24.99,24.99,339,0,GIGAZUHAUSE TREUE C,0
60 - 64,KBW,69.97,59.98,197,0,RED INTERNET & PHONE CABLE U,1
25 - 29,HSN,44.98,44.98,51,0,RED INTERNET & PHONE CABLE U,0
75 - 79,NRW,56.84,35.85,30,0,3PLAY,0
45 - 49,HSN,24.99,24.99,30,0,INTERNET COMFORT,0
18 - 24,NRW,34.99,34.99,30,0,VF RIP U-TREUE,0
45 - 49,HSN,185.88,185.88,30,0,VF CABLEMAX,0
65 - 69,HSN,29.99,29.99,30,0,VF RIP U-TREUE,1
35 - 39,NRW,43.98,43.98,30,0,RED INTERNET & PHONE CABLE U,0
55 - 59,KBW,34.99,34.99,30,0,RED INTERNET & PHONE CABLE U,0
25 - 29,NRW,39.99,39.99,30,0,RED INTERNET & PHONE CABLE U,1
80 and over,HSN,27.99,27.99,257,0,GIGAZUHAUSE TREUE B,1
40 - 44,NRW,57.97,44.98,515,4,VF CABLEMAX,1
70 - 74,NRW,68.95,53.96,30,0,RED INTERNET & PHONE CABLE U,1
80 and over,KBW,51.13,30.77,30,0,GIGAZUHAUSE KABEL,0
80 and over,KBW,54.95,34.99,487,0,RED INTERNET & PHONE CABLE U,0
30 - 34,NRW,49.99,49.99,30,0,GIGAZUHAUSE KABEL,1
60 - 64,KBW,34.99,34.99,30,0,RED INTERNET & PHONE CABLE U,0
25 - 29,NRW,44.97,44.97,30,0,VF CABLEMAX,1
60 - 64,KBW,52.98,52.98,335,0,GIGAZUHAUSE CABLEMAX,1
60 - 64,KBW,77.95,44.97,365,0,GIGAZUHAUSE TREUE B,0
45 - 49,HSN,37.99,37.99,30,0,VF RIP U-TREUE,0
45 - 49,KBW,59.99,59.99,361,0,GIGAZUHAUSE KABEL,0
40 - 44,NRW,39.98,39.98,345,0,GIGAZUHAUSE TREUE B,1
50 - 54,NRW,69.96,44.98,30,0,VF CABLEMAX,1
40 - 44,KBW,169.92,169.92,30,0,VF CABLEMAX,1
60 - 64,NRW,107.93,59.98,30,0,RED INTERNET & PHONE CABLE U,1
55 - 59,HSN,59.98,39.99,30,0,VF RIP U-TREUE,0
25 - 29,NRW,49.98,32.99,465,0,GIGAZUHAUSE TREUE B,1
45 - 49,KBW,44.98,44.98,36,0,VF CABLEMAX,0
30 - 34,HSN,141.96,141.96,30,0,VF RIP U-TREUE,0
25 - 29,KBW,29.99,29.99,30,0,INTERNET PREMIUM,1
30 - 34,HSN,32.98,32.98,30,0,INTERNET PREMIUM,0
35 - 39,HSN,53.97,34.99,577,0,RED INTERNET & PHONE CABLE U,0
25 - 29,NRW,47.97,44.98,30,0,VF CABLEMAX,1
65 - 69,NRW,68.97,42.98,30,0,2PLAY PLUS,0
30 - 34,NRW,24.99,24.99,30,0,INTERNET COMFORT,0
40 - 44,NRW,24.99,24.99,30,0,VF RIP U-TREUE,1
75 - 79,NRW,34.99,34.99,30,0,RED INTERNET & PHONE CABLE U,0
65 - 69,NRW,78.96,57.97,30,0,VF RIP U-TREUE,1
55 - 59,NRW,58.88,54.98,30,0,VF RIP U-TREUE,1
30 - 34,NRW,49.97,49.97,30,0,RED INTERNET & PHONE CABLE U,0
25 - 29,NRW,62.98,62.98,338,0,GIGAZUHAUSE KABEL,1
60 - 64,KBW,42.98,42.98,30,0,VF RIP U-TREUE,1
60 - 64,HSN,34.97,24.99,625,0,GIGAZUHAUSE TREUE C,0
70 - 74,KBW,58.94,49.96,30,0,3PLAY START,1
60 - 64,KBW,47.98,37.99,122,0,VF RIP U-TREUE,0
60 - 64,NRW,72.94,44.97,212,0,GIGAZUHAUSE TREUE B,1
55 - 59,KBW,70.36,49.37,30,0,3PLAY JUMP,0
18 - 24,NRW,34.99,34.99,45,1,RED INTERNET & PHONE CABLE U,1
30 - 34,NRW,44.98,44.98,30,0,RED INTERNET & PHONE CABLE U,1
40 - 44,KBW,65.97,44.98,30,0,VF CABLEMAX,0
60 - 64,NRW,55.98,34.99,30,0,RED INTERNET & PHONE CABLE U,0
70 - 74,NRW,49.99,49.99,30,0,RED INTERNET & PHONE CABLE U,0
65 - 69,NRW,75.97,49.99,30,0,RED INTERNET & PHONE CABLE U,0
55 - 59,KBW,44.98,44.98,30,1,VF RIP U-TREUE,1
25 - 29,NRW,47.98,47.98,369,0,GIGAZUHAUSE KABEL,0
40 - 44,KBW,45.95,45.95,30,0,3PLAY START,0
60 - 64,KBW,60.98,39.99,30,0,VF RIP U-TREUE,0
30 - 34,NRW,67.97,67.97,255,1,GIGAZUHAUSE KABEL,1
40 - 44,KBW,44.98,44.98,30,0,VF CABLEMAX,1
35 - 39,HSN,39.98,39.98,129,0,GIGAZUHAUSE KABEL,1
55 - 59,NRW,44.98,44.98,30,0,RED INTERNET & PHONE CABLE U,1
60 - 64,NRW,54.96,54.96,30,0,VF CABLEMAX,1
40 - 44,HSN,42.98,42.98,30,0,VF RIP U-TREUE,1
50 - 54,KBW,75.97,54.98,30,0,RED INTERNET & PHONE CABLE U,0
40 - 44,NRW,79.95,49.97,30,0,VF CABLEMAX,1
40 - 44,HSN,64.98,64.98,30,0,2PLAY FLY,0
50 - 54,NRW,62.97,42.98,30,0,VF RIP U-TREUE,1
45 - 49,NRW,19.99,19.99,260,1,GIGAZUHAUSE KABEL,1
65 - 69,KBW,24.99,24.99,30,0,INTERNET COMFORT,1
35 - 39,HSN,32.99,32.99,30,0,VF RIP U-TREUE,1
45 - 49,KBW,84.97,59.99,177,2,GIGAZUHAUSE KABEL,0
40 - 44,HSN,29.98,24.98,30,0,EAZY,1
65 - 69,NRW,67.95,42.97,152,6,GIGAZUHAUSE TREUE D,1
25 - 29,NRW,44.98,44.98,30,0,RED INTERNET & PHONE CABLE U,1
25 - 29,HSN,39.98,39.98,123,0,GIGAZUHAUSE KABEL,1
40 - 44,KBW,39.99,39.99,30,0,VF RIP U-TREUE,0
30 - 34,KBW,43.98,43.98,30,0,RED INTERNET & PHONE CABLE U,0
50 - 54,NRW,29.98,19.99,188,0,GIGAZUHAUSE KABEL,1
65 - 69,KBW,58.95,37.96,30,0,RED INTERNET & PHONE CABLE U,1
60 - 64,NRW,54.98,34.99,74,0,RED INTERNET & PHONE CABLE U,1
25 - 29,KBW,48.97,48.97,109,0,VF CABLEMAX,1
65 - 69,KBW,42.97,42.97,30,0,RED INTERNET & PHONE CABLE U,0
25 - 29,NRW,29.99,29.99,30,0,VF RIP U-TREUE,0
40 - 44,KBW,54.95,47.96,635,0,VF CABLEMAX,0
40 - 44,NRW,42.97,42.97,340,0,GIGAZUHAUSE KABEL,1
35 - 39,NRW,26.99,29.99,30,0,VF RIP U-TREUE,0
55 - 59,NRW,34.99,34.99,30,0,RED INTERNET & PHONE CABLE U,1
35 - 39,KBW,29.99,29.99,30,0,VF RIP U-TREUE,1
75 - 79,KBW,44.98,44.98,30,0,VF RIP U-TREUE,1
80 and over,NRW,60.34,29.99,243,0,GIGAZUHAUSE TREUE C,0
45 - 49,NRW,63.97,63.97,30,0,RED INTERNET & PHONE CABLE U,1
50 - 54,KBW,49.99,49.99,30,0,GIGAZUHAUSE KABEL,0
45 - 49,KBW,54.99,54.99,30,0,RED INTERNET & PHONE CABLE U,0
45 - 49,KBW,65.42,65.42,30,0,3PLAY COMFORT,0
55 - 59,KBW,32.99,32.99,30,0,VF RIP U-TREUE,0
80 and over,NRW,59.97,34.99,30,0,RED INTERNET & PHONE CABLE U,0
18 - 24,NRW,52.97,52.97,263,0,GIGAZUHAUSE KABEL,1
70 - 74,NRW,63.96,42.97,30,0,3PLAY START,0
70 - 74,NRW,31.87,40.86,30,0,3PLAY HD BOX,1
35 - 39,HSN,149.96,149.96,30,0,VF RIP U-TREUE,1
45 - 49,NRW,59.98,59.98,30,0,RED INTERNET & PHONE CABLE U,1
45 - 49,HSN,49.98,49.98,30,0,TREUEPLUS,0
60 - 64,NRW,99.93,54.98,30,0,VF RIP U-TREUE,0
30 - 34,KBW,52.98,44.99,597,1,GIGAZUHAUSE TREUE B,0
40 - 44,KBW,49.98,29.99,30,0,VF RIP U-TREUE,1
60 - 64,KBW,43.97,43.97,147,0,GIGAZUHAUSE KABEL,1
60 - 64,HSN,72.97,47.99,57,1,VF RIP U-TREUE,1
35 - 39,NRW,43.98,43.98,30,0,RED INTERNET & PHONE CABLE U,1
30 - 34,NRW,39.99,39.99,30,0,VF RIP U-TREUE,0
55 - 59,HSN,52.99,52.99,30,0,RED INTERNET & PHONE CABLE U,1
80 and over,NRW,52.93,32.95,30,0,RED INTERNET & PHONE CABLE U,0
25 - 29,KBW,49.98,39.99,30,0,RED INTERNET & PHONE CABLE U,0
30 - 34,NRW,44.98,44.98,30,0,RED INTERNET & PHONE CABLE U,0
45 - 49,KBW,57.95,44.98,30,0,VF CABLEMAX,0
35 - 39,NRW,29.99,29.99,30,0,VF RIP U-TREUE,0
70 - 74,NRW,34.99,34.99,30,0,RED INTERNET & PHONE CABLE U,0
18 - 24,KBW,59.99,59.99,219,0,GIGAZUHAUSE KABEL,0
30 - 34,KBW,39.98,39.98,223,1,VF CABLEMAX,0
55 - 59,KBW,48.97,48.97,23,0,VF CABLEMAX,0
18 - 24,HSN,39.99,39.99,11,1,RED INTERNET & PHONE CABLE U,1
35 - 39,HSN,47.98,44.98,30,0,VF CABLEMAX,0
60 - 64,NRW,42.97,42.97,30,0,GIGAZUHAUSE KABEL,1
50 - 54,NRW,58.46,58.46,30,0,3PLAY HD BOX + ALLSTARS,0
70 - 74,KBW,39.99,39.99,30,0,VF RIP U-TREUE,0
75 - 79,KBW,68.95,42.97,30,0,RED INTERNET & PHONE CABLE U,1
60 - 64,NRW,29.99,29.99,343,0,GIGAZUHAUSE TREUE C,0
80 and over,NRW,51.94,30.95,30,0,2PLAY,0
60 - 64,NRW,35.98,32.99,30,0,VF RIP U-TREUE,1
40 - 44,HSN,32.99,32.99,152,0,GIGAZUHAUSE TREUE B,1
60 - 64,KBW,50.95,20.97,178,0,1PLAY,1
30 - 34,NRW,44.98,44.98,30,0,RED INTERNET & PHONE CABLE U,1
45 - 49,NRW,49.99,49.99,30,0,RED INTERNET & PHONE CABLE U,1
45 - 49,NRW,49.99,49.99,30,0,GIGAZUHAUSE KABEL,0
65 - 69,KBW,33.74,33.74,30,0,GIGAZUHAUSE KABEL,0
60 - 64,NRW,42.97,42.97,379,0,GIGAZUHAUSE KABEL,0
18 - 24,NRW,34.99,34.99,30,0,RED INTERNET & PHONE CABLE U,1
40 - 44,NRW,54.99,54.99,30,0,RED INTERNET & PHONE CABLE U,1
65 - 69,NRW,32.9,32.9,30,0,2PLAY,0
30 - 34,NRW,32.99,32.99,30,0,VF RIP U-TREUE,0
25 - 29,NRW,34.99,34.99,30,0,RED INTERNET & PHONE CABLE U,1
35 - 39,NRW,68.96,53.97,30,3,VF RIP U-TREUE,1
30 - 34,NRW,49.99,49.99,30,0,RED INTERNET & PHONE CABLE U,1
30 - 34,NRW,49.99,49.99,30,0,GIGAZUHAUSE KABEL,1
30 - 34,NRW,54.99,54.99,30,0,3PLAY JUMP,0
35 - 39,NRW,24.99,24.99,30,0,RED INTERNET & PHONE CABLE U,0
45 - 49,NRW,44.98,44.98,30,1,VF CABLEMAX,1
75 - 79,NRW,26.98,19.99,699,0,TELEFON HSI,1
40 - 44,HSN,42.98,27.99,246,0,GIGAZUHAUSE TREUE B,1
35 - 39,KBW,62.97,62.97,30,0,GIGAZUHAUSE KABEL,0
25 - 29,KBW,34.99,34.99,328,0,GIGAZUHAUSE KABEL,0
25 - 29,NRW,11.98,11.98,30,0,EAZY,0
35 - 39,HSN,43.97,43.97,55,0,VF CABLEMAX,0
50 - 54,KBW,29.99,29.99,30,0,INTERNET PREMIUM,1
40 - 44,KBW,51.98,51.98,30,0,VF RIP U-TREUE,0
65 - 69,NRW,44.98,44.98,30,0,VF CABLEMAX,0
70 - 74,NRW,51.96,51.96,74,0,RED INTERNET & PHONE CABLE U,0
40 - 44,NRW,24.99,24.99,30,0,INTERNET COMFORT,0
25 - 29,KBW,39.98,39.98,395,0,GIGAZUHAUSE KABEL,0
55 - 59,KBW,65.97,44.98,30,0,RED INTERNET & PHONE CABLE U,1
75 - 79,NRW,34.99,34.99,30,0,VF RIP U-TREUE,0
25 - 29,KBW,49.99,49.99,30,0,RED INTERNET & PHONE CABLE U,1
35 - 39,NRW,20.86,20.86,30,0,1PLAY,0
55 - 59,NRW,42.83,42.83,30,0,3PLAY,0
55 - 59,KBW,34.99,34.99,78,0,RED INTERNET & PHONE CABLE U,0
60 - 64,NRW,44.93,24.99,212,0,GIGAZUHAUSE TREUE C,1
50 - 54,HSN,33.98,33.98,30,0,VF RIP U-TREUE,1
35 - 39,KBW,44.99,44.99,128,0,GIGAZUHAUSE KABEL,1
25 - 29,NRW,29.99,29.99,30,0,INTERNET PREMIUM,0
50 - 54,NRW,34.99,34.99,30,0,RED INTERNET & PHONE CABLE U,0
35 - 39,KBW,62.94,44.98,30,0,RED INTERNET & PHONE CABLE U,0
40 - 44,NRW,57.85,30.86,30,0,3PLAY,0
55 - 59,KBW,29.98,39.98,316,0,GIGAZUHAUSE KABEL,0
65 - 69,KBW,59.96,37.99,30,0,VF RIP U-TREUE,0
18 - 24,NRW,34.99,34.99,30,0,RED INTERNET & PHONE CABLE U,1
65 - 69,NRW,54.98,54.98,30,0,GIGAZUHAUSE KABEL,1
30 - 34,KBW,42.97,42.97,399,0,GIGAZUHAUSE KABEL,1
40 - 44,NRW,34.99,34.99,30,0,VF RIP U-TREUE,0
35 - 39,NRW,39.98,39.98,148,0,GIGAZUHAUSE KABEL,1
25 - 29,KBW,24.99,24.99,313,0,GIGAZUHAUSE TREUE C,0
55 - 59,KBW,34.99,34.99,30,0,RED INTERNET & PHONE CABLE U,1
45 - 49,NRW,34.99,34.99,140,0,GIGAZUHAUSE KABEL,0
30 - 34,KBW,32.99,32.99,30,0,VF RIP U-TREUE,0
30 - 34,KBW,44.98,44.98,30,0,RED INTERNET & PHONE CABLE U,1
30 - 34,NRW,54.99,54.99,65,0,RED INTERNET & PHONE CABLE U,1
80 and over,NRW,76.3,47.96,30,0,3PLAY START,1
40 - 44,KBW,54.99,54.99,30,0,RED INTERNET & PHONE CABLE U,0
35 - 39,KBW,39.98,39.98,368,0,GIGAZUHAUSE KABEL,0
45 - 49,NRW,24.99,24.99,30,0,RED INTERNET & PHONE CABLE U,0
40 - 44,KBW,49.97,49.97,30,0,VF CABLEMAX,0
35 - 39,HSN,57.97,57.97,57,0,RED INTERNET & PHONE CABLE U,1
25 - 29,NRW,24.99,24.99,30,0,INTERNET COMFORT,1
60 - 64,NRW,32.97,32.97,30,0,2PLAY TREUE,0
70 - 74,NRW,32.97,32.97,30,0,2PLAY TREUE,0
60 - 64,HSN,78.94,50.95,30,0,3PLAY PLUS,1
40 - 44,KBW,44.98,44.98,17,0,VF CABLEMAX,0
45 - 49,NRW,34.99,34.99,30,0,RED INTERNET & PHONE CABLE U,1
35 - 39,NRW,34.99,34.99,30,0,RED INTERNET & PHONE CABLE U,0
40 - 44,KBW,63.98,63.98,163,0,GIGAZUHAUSE KABEL,1
50 - 54,KBW,30.95,30.95,30,0,RED INTERNET & PHONE CABLE U,1
45 - 49,KBW,74.95,39.99,96,0,VF CABLEMAX,0
40 - 44,KBW,271.9,229.92,30,0,RED INTERNET & PHONE CABLE U,0
50 - 54,KBW,47.95,47.95,30,0,3PLAY PLUS MTA,1
35 - 39,HSN,44.99,44.99,130,0,GIGAZUHAUSE TREUE B,0
25 - 29,NRW,39.99,39.99,30,0,RED INTERNET & PHONE CABLE U,1
65 - 69,KBW,71.94,50.95,30,0,3PLAY PLUS,1
25 - 29,KBW,39.98,39.98,197,0,GIGAZUHAUSE KABEL,0
30 - 34,NRW,53.98,53.98,171,0,GIGAZUHAUSE KABEL,1
40 - 44,KBW,65.97,44.98,30,0,VF CABLEMAX,1
18 - 24,NRW,34.99,34.99,30,0,RED INTERNET & PHONE CABLE U,1
18 - 24,NRW,34.99,34.99,30,0,RED INTERNET & PHONE CABLE U,1
35 - 39,KBW,34.99,34.99,30,0,RED INTERNET & PHONE CABLE U,0
80 and over,KBW,43.98,43.98,30,0,RED INTERNET & PHONE CABLE U,0
80 and over,HSN,47.96,42.97,30,0,RED INTERNET & PHONE CABLE U,0
30 - 34,NRW,44.98,44.98,30,0,VF CABLEMAX,0
30 - 34,HSN,22.99,22.99,222,0,GIGAZUHAUSE TREUE B,1
75 - 79,KBW,50.98,29.99,30,0,VF RIP U-TREUE,0
25 - 29,NRW,19.99,19.99,30,0,VF RIP U-TREUE,1
80 and over,KBW,43.97,43.97,120,0,GIGAZUHAUSE KABEL,1
35 - 39,NRW,54.99,54.99,30,0,RED INTERNET & PHONE CABLE U,0
70 - 74,KBW,77.8,52.44,30,0,3PLAY PREMIUM MTA,1
35 - 39,NRW,79.96,44.98,30,0,VF CABLEMAX,0
25 - 29,KBW,34.99,34.99,30,0,RED INTERNET & PHONE CABLE U,1
25 - 29,NRW,39.99,39.99,30,0,RED INTERNET & PHONE CABLE U,1
70 - 74,NRW,50.37,50.37,30,1,3PLAY JUMP,0
35 - 39,NRW,13.99,13.99,30,0,EAZY,1
45 - 49,KBW,37.78,37.78,30,0,RED INTERNET & PHONE CABLE U,0
25 - 29,NRW,44.99,44.99,177,0,GIGAZUHAUSE KABEL,1
75 - 79,NRW,60.87,39.88,30,0,3PLAY,0
70 - 74,NRW,34.99,34.99,30,0,RED INTERNET & PHONE CABLE U,0
18 - 24,NRW,39.99,39.99,30,0,RED INTERNET & PHONE CABLE U,1
30 - 34,NRW,44.99,44.99,143,0,GIGAZUHAUSE KABEL,1
40 - 44,NRW,44.98,44.98,85,0,VF CABLEMAX,0
50 - 54,KBW,52.97,52.97,30,0,2PLAY FLY,1
30 - 34,KBW,49.99,49.99,30,0,RED INTERNET & PHONE CABLE U,1
18 - 24,KBW,39.99,39.99,30,0,RED INTERNET & PHONE CABLE U,1
55 - 59,HSN,39.99,39.99,30,0,RED INTERNET & PHONE CABLE U,0
55 - 59,KBW,44.98,44.98,93,0,VF CABLEMAX,0
35 - 39,HSN,49.97,49.97,37,0,VF CABLEMAX,0
65 - 69,NRW,59.97,44.98,46,1,RED INTERNET & PHONE CABLE U,1
18 - 24,NRW,49.99,49.99,30,0,RED INTERNET & PHONE CABLE U,1
25 - 29,NRW,0.0,0.0,30,0,MMA,0
60 - 64,NRW,49.98,39.99,123,0,VF RIP U-TREUE,1
40 - 44,KBW,34.99,34.99,30,0,RED INTERNET & PHONE CABLE U,0
60 - 64,NRW,74.97,54.98,30,0,VF RIP U-TREUE,0
30 - 34,NRW,24.99,34.99,98,0,RED INTERNET & PHONE CABLE U,1
40 - 44,HSN,39.99,39.99,103,0,RED INTERNET & PHONE CABLE U,1
30 - 34,HSN,39.98,39.98,141,0,GIGAZUHAUSE KABEL,0
65 - 69,KBW,44.97,34.99,562,0,VF RIP U-TREUE,0
25 - 29,NRW,49.97,49.97,30,0,RED INTERNET & PHONE CABLE U,1
50 - 54,HSN,69.95,49.97,30,0,VF CABLEMAX,1
25 - 29,NRW,39.98,39.98,217,0,GIGAZUHAUSE KABEL,0
75 - 79,KBW,39.98,39.98,124,0,GIGAZUHAUSE TREUE B,1
60 - 64,HSN,52.96,27.99,507,0,GIGAZUHAUSE TREUE B,0
65 - 69,NRW,39.98,34.99,90,0,RED INTERNET & PHONE CABLE U,1
55 - 59,NRW,154.96,32.99,148,0,GIGAZUHAUSE TREUE B,0
18 - 24,HSN,22.99,22.99,208,0,GIGAZUHAUSE TREUE B,0
65 - 69,KBW,39.99,39.99,639,0,VF RIP U-TREUE,0
60 - 64,NRW,73.93,39.99,540,0,VF RIP U-TREUE,0
50 - 54,NRW,65.97,44.98,30,0,VF RIP U-TREUE,0
25 - 29,NRW,43.98,43.98,106,0,RED INTERNET & PHONE CABLE U,0
30 - 34,KBW,54.99,54.99,30,0,RED INTERNET & PHONE CABLE U,1
25 - 29,NRW,34.99,34.99,30,0,RED INTERNET & PHONE CABLE U,1
40 - 44,NRW,39.98,39.98,344,0,GIGAZUHAUSE KABEL,1
70 - 74,HSN,67.96,37.98,180,0,GIGAZUHAUSE TREUE B,0
18 - 24,NRW,62.94,42.97,266,0,GIGAZUHAUSE KABEL,0
50 - 54,NRW,42.98,42.98,30,0,VF RIP U-TREUE,1
70 - 74,NRW,35.99,24.99,113,0,VF RIP U-TREUE,0
50 - 54,KBW,44.98,44.98,30,0,VF CABLEMAX,0
80 and over,HSN,56.98,56.98,30,0,3PLAY TREUE,0
55 - 59,KBW,60.98,39.99,30,0,VF RIP U-TREUE,0
35 - 39,NRW,39.99,39.99,30,0,RED INTERNET & PHONE CABLE U,0
65 - 69,NRW,38.98,38.98,30,0,RED INTERNET & PHONE CABLE U,1
65 - 69,NRW,42.98,42.98,30,0,VF RIP U-TREUE,1
45 - 49,KBW,74.95,44.98,184,0,VF CABLEMAX,0
70 - 74,HSN,34.99,34.99,30,0,RED INTERNET & PHONE CABLE U,0
45 - 49,HSN,39.99,39.99,30,0,VF RIP U-TREUE,0
40 - 44,KBW,49.98,49.98,344,0,GIGAZUHAUSE KABEL,1
35 - 39,NRW,49.97,49.97,30,0,VF CABLEMAX,0
30 - 34,NRW,34.99,34.99,148,0,GIGAZUHAUSE KABEL,1
40 - 44,NRW,39.98,39.98,175,0,GIGAZUHAUSE KABEL,1
65 - 69,HSN,44.97,29.98,186,0,GIGAZUHAUSE TREUE C,1
60 - 64,KBW,65.78,65.78,30,0,3PLAY + HD BOX + PAY,1
25 - 29,NRW,39.98,39.98,99,0,VF CABLEMAX,1
65 - 69,HSN,55.35,34.99,30,0,VF RIP U-TREUE,0
80 and over,NRW,56.76,29.99,30,0,INTERNET PREMIUM,1
35 - 39,NRW,24.99,24.99,30,0,INTERNET COMFORT,1
60 - 64,NRW,42.97,42.97,282,0,GIGAZUHAUSE KABEL,1
35 - 39,NRW,39.99,39.99,30,0,RED INTERNET & PHONE CABLE U,0
80 and over,KBW,46.94,46.94,30,0,2PLAY TREUE,1
55 - 59,KBW,44.98,44.98,30,0,VF RIP U-TREUE,0
40 - 44,HSN,44.98,44.98,30,0,RED INTERNET & PHONE CABLE U,0
50 - 54,KBW,44.98,44.98,30,0,VF CABLEMAX,0
60 - 64,KBW,29.99,29.99,30,0,RED INTERNET & PHONE CABLE U,0
50 - 54,KBW,64.97,44.98,239,0,VF CABLEMAX,0
35 - 39,HSN,53.96,53.96,30,0,VF CABLEMAX,0
18 - 24,NRW,18.99,18.99,250,0,EAZY,0
30 - 34,HSN,29.98,29.98,30,0,VF RIP U-TREUE,0
60 - 64,KBW,44.97,44.97,30,0,VF CABLEMAX,1
35 - 39,KBW,44.98,44.98,109,0,VF CABLEMAX,1
55 - 59,NRW,39.99,39.99,30,0,VF RIP U-TREUE,0
40 - 44,KBW,37.98,37.98,382,0,GIGAZUHAUSE KABEL,0
45 - 49,NRW,67.97,67.97,270,0,GIGAZUHAUSE KABEL,0
55 - 59,NRW,44.98,44.98,160,0,VF CABLEMAX,1
50 - 54,NRW,60.96,44.98,574,0,RED INTERNET & PHONE CABLE U,0
60 - 64,KBW,34.99,34.99,30,0,RED INTERNET & PHONE CABLE U,1
30 - 34,NRW,0.0,0.0,30,0,MMA,0
25 - 29,NRW,32.99,32.99,330,0,GIGAZUHAUSE TREUE B,0
45 - 49,NRW,32.99,32.99,30,0,VF RIP U-TREUE,0
80 and over,KBW,39.97,29.98,107,0,RIP CABLE U TREUE,1
50 - 54,KBW,44.98,44.98,30,0,VF CABLEMAX,0
60 - 64,KBW,51.31,30.95,30,0,RED INTERNET & PHONE CABLE U,0
35 - 39,NRW,37.99,37.99,30,0,VF RIP U-TREUE,0
30 - 34,NRW,70.97,50.98,30,0,2PLAY TREUE,1
30 - 34,NRW,34.99,34.99,37,0,RED INTERNET & PHONE CABLE U,1
25 - 29,KBW,27.99,27.99,302,0,GIGAZUHAUSE TREUE B,0
65 - 69,KBW,39.98,39.98,244,0,GIGAZUHAUSE KABEL,1
75 - 79,HSN,82.93,47.97,53,0,VF RIP U-TREUE,1
40 - 44,NRW,49.97,34.98,30,0,VF RIP U-TREUE,0
45 - 49,HSN,201.84,201.84,30,0,VF CABLEMAX,0
35 - 39,KBW,58.67,47.96,30,0,GIGAZUHAUSE KABEL,1
30 - 34,NRW,44.98,44.98,30,0,VF CABLEMAX,1
45 - 49,NRW,62.98,59.99,130,0,GIGAZUHAUSE KABEL,1
35 - 39,KBW,26.97,16.99,653,0,EAZY,0
35 - 39,HSN,169.92,169.92,30,0,VF CABLEMAX,0
80 and over,NRW,36.99,34.99,30,0,RED INTERNET & PHONE CABLE U,1
60 - 64,NRW,34.99,34.99,254,1,GIGAZUHAUSE KABEL,0
35 - 39,HSN,39.98,39.98,30,1,RED INTERNET & PHONE CABLE U,1
60 - 64,KBW,52.78,50.78,30,0,3PLAY + PAY,0
40 - 44,KBW,63.97,42.98,30,0,VF RIP U-TREUE,0
45 - 49,NRW,54.98,54.98,30,0,GIGAZUHAUSE KABEL,1
25 - 29,NRW,32.99,32.99,30,0,VF RIP U-TREUE,0
30 - 34,KBW,44.98,44.98,30,0,RED INTERNET & PHONE CABLE U,0
55 - 59,KBW,34.99,34.99,30,0,RED INTERNET & PHONE CABLE U,0
60 - 64,KBW,65.97,44.98,30,0,RED INTERNET & PHONE CABLE U,1
65 - 69,KBW,61.98,34.99,30,0,RED INTERNET & PHONE CABLE U,1
65 - 69,NRW,52.95,42.97,516,0,GIGAZUHAUSE KABEL,1
70 - 74,NRW,28.98,24.99,30,0,RED INTERNET & PHONE CABLE U,1
55 - 59,KBW,74.99,69.99,588,0,3PLAY FLY,0
30 - 34,KBW,30.95,30.95,30,0,RED INTERNET & PHONE CABLE U,0
70 - 74,KBW,44.97,29.98,30,0,GIGAZUHAUSE KABEL,1
80 and over,NRW,55.98,34.99,30,0,RED INTERNET & PHONE CABLE U,0
50 - 54,NRW,39.99,39.99,30,0,RED INTERNET & PHONE CABLE U,0
40 - 44,NRW,37.99,37.99,30,0,VF RIP U-TREUE,1
55 - 59,HSN,47.96,47.96,30,0,RED INTERNET & PHONE CABLE U,1
30 - 34,KBW,44.98,44.98,30,0,RED INTERNET & PHONE CABLE U,1
60 - 64,NRW,55.97,29.99,30,0,INTERNET PREMIUM,1
75 - 79,NRW,32.97,22.99,687,0,GIGAZUHAUSE TREUE B,1
40 - 44,KBW,65.97,44.98,30,0,VF RIP U-TREUE,1
70 - 74,KBW,48.97,48.97,30,0,VF CABLEMAX,0
40 - 44,KBW,44.98,44.98,30,0,RED INTERNET & PHONE CABLE U,0
60 - 64,NRW,41.98,34.99,434,0,RED INTERNET & PHONE CABLE U,0
40 - 44,KBW,42.97,42.97,375,0,GIGAZUHAUSE TREUE D,0
65 - 69,HSN,49.72,38.84,697,0,3PLAY,0
40 - 44,KBW,49.99,49.99,30,0,GIGAZUHAUSE KABEL,1
35 - 39,NRW,42.98,42.98,30,0,VF RIP U-TREUE,0
35 - 39,KBW,29.98,29.98,280,1,GIGAZUHAUSE TREUE C,0
50 - 54,NRW,49.99,49.99,30,0,RED INTERNET & PHONE CABLE U,1
18 - 24,NRW,63.97,63.97,50,0,RED INTERNET & PHONE CABLE U,1
60 - 64,KBW,73.94,52.95,30,0,3PLAY PLUS MTA,0
35 - 39,HSN,141.92,141.92,30,0,VF RIP U-TREUE,0
35 - 39,NRW,39.99,39.99,129,0,VF CABLEMAX,0
55 - 59,NRW,68.95,42.97,30,0,RED INTERNET & PHONE CABLE U,0
45 - 49,NRW,39.98,39.98,135,0,GIGAZUHAUSE KABEL,1
40 - 44,NRW,58.82,58.82,595,0,3PLAY FLY,1
35 - 39,KBW,30.95,30.95,30,0,RED INTERNET & PHONE CABLE U,1
60 - 64,HSN,47.98,47.98,30,0,2PLAY PLUS,1
35 - 39,HSN,29.99,29.99,30,0,INTERNET PREMIUM,0
80 and over,NRW,34.97,29.98,240,0,GIGAZUHAUSE TREUE C,1
40 - 44,NRW,44.98,44.98,30,0,RED INTERNET & PHONE CABLE U,1
35 - 39,NRW,48.97,48.97,30,0,RED INTERNET & PHONE CABLE U,0
40 - 44,NRW,69.96,39.99,30,0,VF RIP U-TREUE,1
80 and over,NRW,53.94,32.95,30,0,RED INTERNET & PHONE CABLE U,0
18 - 24,KBW,24.97,39.98,30,0,RED INTERNET & PHONE CABLE U,1
55 - 59,KBW,49.99,49.99,30,0,GIGAZUHAUSE KABEL,0
25 - 29,HSN,44.98,44.98,30,0,RED INTERNET & PHONE CABLE U,1
35 - 39,KBW,47.97,44.98,95,0,RED INTERNET & PHONE CABLE U,1
40 - 44,NRW,90.93,53.96,30,0,VF CABLEMAX,0
45 - 49,NRW,39.98,39.98,30,0,RED INTERNET & PHONE CABLE U,1
60 - 64,HSN,69.98,69.98,30,0,RED INTERNET & PHONE CABLE U,1
65 - 69,NRW,39.99,39.99,30,0,RED INTERNET & PHONE CABLE U,1
30 - 34,NRW,63.98,63.98,150,1,GIGAZUHAUSE KABEL,1
25 - 29,NRW,37.97,37.97,254,0,GIGAZUHAUSE KABEL,0
40 - 44,KBW,32.99,32.99,30,0,VF RIP U-TREUE,0
50 - 54,NRW,39.98,39.98,53,0,VF CABLEMAX,0
35 - 39,KBW,48.97,48.97,30,0,VF CABLEMAX,1
45 - 49,HSN,39.99,39.99,30,0,VF RIP U-TREUE,1
55 - 59,NRW,53.98,53.98,149,0,GIGAZUHAUSE KABEL,1
40 - 44,NRW,44.98,44.98,84,0,VF CABLEMAX,1
35 - 39,NRW,44.98,44.98,85,0,VF CABLEMAX,0
55 - 59,HSN,51.93,51.93,30,0,3PLAY TREUE,1
45 - 49,NRW,34.99,34.99,30,0,GIGAZUHAUSE TREUE C,0
55 - 59,NRW,34.98,34.98,30,0,GIGAZUHAUSE KABEL,0
55 - 59,KBW,32.92,47.93,30,0,VF CABLEMAX,0
45 - 49,NRW,44.97,34.99,30,0,RED INTERNET & PHONE CABLE U,1
40 - 44,KBW,49.99,49.99,30,0,GIGAZUHAUSE KABEL,0
35 - 39,HSN,54.99,54.99,23,0,RED INTERNET & PHONE CABLE U,0
55 - 59,NRW,53.41,53.41,30,0,3PLAY COMFORT,1
50 - 54,KBW,29.99,29.99,30,0,VF RIP U-TREUE,1
45 - 49,KBW,49.97,49.97,80,0,VF CABLEMAX,1
25 - 29,NRW,44.98,44.98,30,0,VF CABLEMAX,0
55 - 59,KBW,54.98,54.98,361,0,GIGAZUHAUSE KABEL,0
35 - 39,NRW,58.98,58.98,30,0,RED INTERNET & PHONE CABLE U,1
40 - 44,NRW,30.88,30.88,30,0,RED INTERNET & PHONE CABLE U,1
30 - 34,NRW,49.98,49.98,30,0,RED INTERNET & PHONE CABLE U,0
75 - 79,NRW,56.98,29.99,630,0,VF RIP U-TREUE,0
80 and over,KBW,59.98,39.99,30,0,VF RIP U-TREUE,0
30 - 34,KBW,29.99,29.99,30,0,RED INTERNET & PHONE CABLE U,0
30 - 34,KBW,145.92,145.92,30,0,RED INTERNET & PHONE CABLE U,0
35 - 39,NRW,29.98,29.98,30,0,RED INTERNET & PHONE CABLE U,1
35 - 39,HSN,34.99,34.99,42,0,VF RIP U-TREUE,0
75 - 79,NRW,34.99,34.99,30,0,RED INTERNET & PHONE CABLE U,1
50 - 54,NRW,49.97,49.97,30,0,RED INTERNET & PHONE CABLE U,0
40 - 44,NRW,44.98,44.98,30,0,VF CABLEMAX,1
55 - 59,NRW,53.97,53.97,30,0,TREUEPLUS,1
25 - 29,NRW,44.98,44.98,98,0,RED INTERNET & PHONE CABLE U,1
40 - 44,NRW,29.99,29.99,30,0,VF RIP U-TREUE,0
35 - 39,KBW,39.98,39.98,178,0,GIGAZUHAUSE KABEL,1
35 - 39,NRW,34.99,34.99,30,0,RED INTERNET & PHONE CABLE U,1
45 - 49,HSN,45.9,45.9,30,0,2PLAY PLUS,1
60 - 64,NRW,29.99,29.99,30,0,VF RIP U-TREUE,0
30 - 34,NRW,42.97,42.97,30,0,GIGAZUHAUSE KABEL,0
30 - 34,NRW,42.97,42.97,295,0,GIGAZUHAUSE TREUE B,0
30 - 34,HSN,29.98,29.98,380,2,GIGAZUHAUSE TREUE C,1
30 - 34,HSN,44.98,44.98,7,0,VF CABLEMAX,0
40 - 44,NRW,14.98,24.98,388,0,GIGAZUHAUSE KABEL,1
45 - 49,KBW,34.99,34.99,78,0,VF RIP U-TREUE,0
65 - 69,NRW,34.99,34.99,30,0,VF RIP U-TREUE,0
50 - 54,NRW,24.99,24.99,30,0,VF RIP U-TREUE,1
55 - 59,NRW,39.99,39.99,30,0,RED INTERNET & PHONE CABLE U,0
65 - 69,NRW,64.97,34.99,30,1,RED INTERNET & PHONE CABLE U,0
60 - 64,KBW,27.97,27.97,30,0,RED INTERNET & PHONE CABLE U,1
25 - 29,NRW,49.97,39.98,273,0,VF CABLEMAX,1
45 - 49,KBW,44.98,44.98,30,2,VF CABLEMAX,0
70 - 74,NRW,19.99,19.99,30,0,2PLAY,0
50 - 54,NRW,79.94,49.97,30,0,VF CABLEMAX,0
30 - 34,NRW,39.98,49.98,337,2,GIGAZUHAUSE TREUE B,1
50 - 54,NRW,37.99,37.99,46,0,VF RIP U-TREUE,0
60 - 64,NRW,47.86,47.86,30,0,3PLAY,1
70 - 74,KBW,33.74,33.74,30,0,RED INTERNET & PHONE CABLE U,0
40 - 44,NRW,44.98,44.98,30,0,RED INTERNET & PHONE CABLE U,1
30 - 34,NRW,34.98,44.98,30,1,VF CABLEMAX,1
35 - 39,KBW,39.99,39.99,30,0,RED INTERNET & PHONE CABLE U,1
35 - 39,NRW,32.99,32.99,356,0,GIGAZUHAUSE TREUE B,0
45 - 49,NRW,49.99,49.99,30,0,RED INTERNET & PHONE CABLE U,1
30 - 34,KBW,129.96,129.96,30,0,RED INTERNET & PHONE CABLE U,0
35 - 39,KBW,59.98,39.99,30,0,RED INTERNET & PHONE CABLE U,1
80 and over,NRW,25.0,25.0,30,0,RED INTERNET & PHONE CABLE U,0
30 - 34,NRW,33.98,33.98,30,0,2PLAY PLUS,1
25 - 29,NRW,44.98,44.98,30,0,RED INTERNET & PHONE CABLE U,0
50 - 54,NRW,39.99,39.99,30,0,VF RIP U-TREUE,1
80 and over,KBW,49.97,39.98,30,0,VF CABLEMAX,0
80 and over,NRW,45.99,25.0,30,0,RED INTERNET & PHONE CABLE U,0
35 - 39,NRW,34.99,34.99,73,0,RED INTERNET & PHONE CABLE U,1
30 - 34,KBW,69.96,39.98,129,0,VF CABLEMAX,1
60 - 64,KBW,80.14,55.78,30,0,3PLAY + PAY,0
55 - 59,NRW,63.96,42.97,30,0,RED INTERNET & PHONE CABLE U,0
30 - 34,HSN,129.96,129.96,30,0,RED INTERNET & PHONE CABLE U,0
35 - 39,NRW,44.98,44.98,30,0,VF CABLEMAX,1
60 - 64,HSN,75.78,55.42,30,0,3PLAY COMFORT,0
60 - 64,NRW,39.99,39.99,30,0,RED INTERNET & PHONE CABLE U,0
55 - 59,NRW,73.34,49.99,30,0,3PLAY TREUE,1
45 - 49,NRW,44.99,44.99,325,0,GIGAZUHAUSE TREUE B,1
65 - 69,KBW,39.99,39.99,30,2,VF RIP U-TREUE,1
30 - 34,KBW,34.99,34.99,30,0,RED INTERNET & PHONE CABLE U,1
25 - 29,HSN,44.99,44.99,124,0,GIGAZUHAUSE KABEL,1
60 - 64,NRW,49.99,49.99,30,0,RED INTERNET & PHONE CABLE U,1
25 - 29,NRW,53.98,47.98,19,0,VF RIP U-TREUE,1
25 - 29,NRW,39.99,39.99,30,0,RED INTERNET & PHONE CABLE U,0
60 - 64,NRW,51.94,30.95,30,0,RED INTERNET & PHONE CABLE U,1
55 - 59,HSN,34.99,34.99,30,0,RED INTERNET & PHONE CABLE U,0
35 - 39,KBW,75.57,75.57,30,0,RED INTERNET & PHONE CABLE U,1
65 - 69,NRW,64.96,49.97,30,0,VF CABLEMAX,1
25 - 29,KBW,39.99,39.99,87,0,VF CABLEMAX,1
50 - 54,NRW,73.94,44.97,30,0,GIGAZUHAUSE KABEL,1
45 - 49,NRW,54.99,54.99,30,0,RED INTERNET & PHONE CABLE U,0
18 - 24,NRW,39.98,39.98,229,0,GIGAZUHAUSE KABEL,1
30 - 34,NRW,44.99,44.99,207,1,GIGAZUHAUSE KABEL,1
70 - 74,NRW,0.0,0.0,30,0,MMA,0
50 - 54,NRW,34.99,34.99,14,0,RED INTERNET & PHONE CABLE U,0
25 - 29,NRW,39.98,39.98,270,0,GIGAZUHAUSE KABEL,1
45 - 49,NRW,38.99,32.99,84,0,VF RIP U-TREUE,0
30 - 34,HSN,149.92,149.92,30,0,RED INTERNET & PHONE CABLE U,0
70 - 74,NRW,42.94,35.94,30,0,GIGAZUHAUSE KABEL,0
70 - 74,NRW,52.98,52.98,30,0,GIGAZUHAUSE KABEL,0
70 - 74,NRW,0.0,0.0,30,0,128KBIT,0
40 - 44,KBW,45.98,24.99,30,0,INTERNET COMFORT,0
60 - 64,KBW,39.99,39.99,30,0,RED INTERNET & PHONE CABLE U,0
65 - 69,NRW,83.84,56.85,30,0,3PLAY PREMIUM,1
55 - 59,HSN,78.9,57.91,30,0,3PLAY PREMIUM,0
18 - 24,HSN,149.96,149.96,30,0,RED INTERNET & PHONE CABLE U,1
65 - 69,NRW,29.99,29.99,30,0,VF RIP U-TREUE,0
30 - 34,NRW,83.95,53.98,91,0,RED INTERNET & PHONE CABLE U,1
40 - 44,NRW,44.99,44.99,143,0,GIGAZUHAUSE KABEL,1
35 - 39,HSN,19.99,19.99,30,0,EAZY,0
25 - 29,KBW,67.96,44.98,455,0,VF CABLEMAX,0
60 - 64,NRW,63.98,52.98,30,0,3PLAY PLUS,0
65 - 69,KBW,84.95,49.97,30,0,VF CABLEMAX,0
30 - 34,HSN,49.99,49.99,30,0,VF RIP U-TREUE,1
30 - 34,KBW,29.99,29.99,30,0,VF RIP U-TREUE,0
25 - 29,NRW,24.99,24.99,30,0,INTERNET COMFORT,0
45 - 49,HSN,39.98,39.98,136,0,VF CABLEMAX,0
65 - 69,HSN,47.96,47.96,30,0,RED INTERNET & PHONE CABLE U,0
25 - 29,HSN,58.98,58.98,30,0,RED INTERNET & PHONE CABLE U,0
65 - 69,HSN,12.61,10.71,30,0,HSI HZ BOX ONLY,1
40 - 44,KBW,39.99,39.99,221,0,VF CABLEMAX,1
55 - 59,NRW,44.98,44.98,30,0,VF CABLEMAX,1
65 - 69,KBW,64.18,64.18,30,0,3PLAY + HD BOX + PAY,1
60 - 64,HSN,42.97,42.97,30,0,RED INTERNET & PHONE CABLE U,0
50 - 54,HSN,39.99,39.99,132,0,VF CABLEMAX,0
18 - 24,NRW,34.99,34.99,30,0,RED INTERNET & PHONE CABLE U,1
70 - 74,HSN,70.73,50.37,30,0,3PLAY JUMP,0
35 - 39,NRW,54.99,54.99,30,0,3PLAY JUMP,0
40 - 44,NRW,27.99,27.99,395,2,GIGAZUHAUSE TREUE B,1
55 - 59,KBW,59.97,44.98,30,0,VF CABLEMAX,0
25 - 29,KBW,39.98,39.98,30,0,VF CABLEMAX,1
30 - 34,KBW,39.99,39.99,30,0,RED INTERNET & PHONE CABLE U,1
50 - 54,NRW,34.98,32.98,30,0,2PLAY PLUS,0
40 - 44,HSN,24.99,24.99,214,1,GIGAZUHAUSE TREUE C,0
25 - 29,HSN,44.98,44.98,42,0,RED INTERNET & PHONE CABLE U,1
65 - 69,KBW,24.99,24.99,248,0,GIGAZUHAUSE TREUE C,0
55 - 59,NRW,54.99,54.99,30,0,RED INTERNET & PHONE CABLE U,1
65 - 69,KBW,32.95,32.95,30,0,RED INTERNET & PHONE CABLE U,0
60 - 64,KBW,33.74,33.74,30,0,2PLAY,1
55 - 59,NRW,38.98,38.98,30,0,RED INTERNET & PHONE CABLE U,0
55 - 59,NRW,94.95,37.99,60,0,VF RIP U-TREUE,1
30 - 34,KBW,42.97,42.97,364,0,GIGAZUHAUSE KABEL,0
35 - 39,KBW,68.98,47.99,30,0,GIGAZUHAUSE KABEL,1
65 - 69,HSN,229.92,229.92,30,0,RED INTERNET & PHONE CABLE U,0
30 - 34,HSN,44.98,34.99,30,0,RED INTERNET & PHONE CABLE U,1
40 - 44,KBW,75.96,54.97,30,0,TREUEPLUS,0
35 - 39,HSN,59.99,59.99,174,0,GIGAZUHAUSE KABEL,1
25 - 29,NRW,44.98,44.98,30,0,RED INTERNET & PHONE CABLE U,1
25 - 29,HSN,47.98,47.98,254,0,GIGAZUHAUSE KABEL,1
25 - 29,NRW,34.99,34.99,217,0,GIGAZUHAUSE KABEL,1
65 - 69,KBW,29.99,29.99,30,0,RED INTERNET & PHONE CABLE U,0
50 - 54,NRW,32.99,32.99,30,0,VF RIP U-TREUE,1
40 - 44,KBW,77.95,52.98,396,0,GIGAZUHAUSE CABLEMAX,0
60 - 64,KBW,69.96,44.98,30,0,VF CABLEMAX,0
40 - 44,KBW,49.97,49.97,38,0,RED INTERNET & PHONE CABLE U,0
80 and over,NRW,0.0,0.0,30,0,MMA,0
50 - 54,NRW,59.99,59.99,129,0,GIGAZUHAUSE KABEL,1
80 and over,KBW,48.79,27.8,30,0,GIGAZUHAUSE KABEL,0
45 - 49,NRW,49.99,49.99,30,0,GIGAZUHAUSE KABEL,0
55 - 59,NRW,48.36,48.36,715,0,3PLAY JUMP,0
70 - 74,NRW,44.98,24.99,280,3,GIGAZUHAUSE TREUE C,0
50 - 54,KBW,82.95,57.97,113,0,GIGAZUHAUSE KABEL,1
40 - 44,KBW,47.49,44.99,637,0,GIGAZUHAUSE KABEL,1
80 and over,NRW,11.98,11.98,30,0,EAZY,0
45 - 49,NRW,42.98,42.98,30,0,VF RIP U-TREUE,0
40 - 44,NRW,59.98,59.98,30,0,RED INTERNET & PHONE CABLE U,1
50 - 54,KBW,44.99,44.99,219,0,GIGAZUHAUSE TREUE B,0
40 - 44,NRW,44.98,44.98,30,0,RED INTERNET & PHONE CABLE U,1
25 - 29,NRW,19.99,19.99,30,0,2PLAY,0
60 - 64,HSN,44.98,44.98,177,0,VF CABLEMAX,1
25 - 29,KBW,47.99,47.99,30,0,VF RIP U-TREUE,0
25 - 29,NRW,39.98,39.98,214,0,GIGAZUHAUSE KABEL,1
60 - 64,KBW,50.42,40.43,30,0,GIGAZUHAUSE KABEL,1
45 - 49,NRW,39.99,39.99,30,0,RED INTERNET & PHONE CABLE U,0
60 - 64,KBW,54.99,54.99,30,0,RED INTERNET & PHONE CABLE U,1
45 - 49,HSN,34.99,34.99,30,0,RED INTERNET & PHONE CABLE U,0
75 - 79,KBW,56.96,49.97,30,0,VF CABLEMAX,0
65 - 69,NRW,79.47,51.98,543,0,VF RIP U-TREUE,0
55 - 59,NRW,29.99,29.99,30,0,VF RIP U-TREUE,0
35 - 39,NRW,37.98,37.98,391,0,GIGAZUHAUSE KABEL,1
45 - 49,NRW,29.99,29.99,30,0,VF RIP U-TREUE,1
60 - 64,KBW,42.98,42.98,30,0,VF RIP U-TREUE,1
18 - 24,KBW,38.98,38.98,30,0,RED INTERNET & PHONE CABLE U,0
50 - 54,KBW,95.96,59.98,30,0,RED INTERNET & PHONE CABLE U,1
60 - 64,NRW,52.96,52.96,99,0,VF CABLEMAX,1
30 - 34,HSN,37.98,37.98,303,0,GIGAZUHAUSE TREUE D,0
25 - 29,NRW,39.99,39.99,30,0,RED INTERNET & PHONE CABLE U,0
40 - 44,NRW,32.99,32.99,30,0,VF RIP U-TREUE,1
55 - 59,KBW,69.96,44.98,49,0,VF CABLEMAX,0
45 - 49,KBW,46.95,0.0,30,0,HSI HZ BOX ONLY,0
45 - 49,KBW,39.98,39.98,30,0,RED INTERNET & PHONE CABLE U,0
40 - 44,NRW,72.43,32.97,558,1,GIGAZUHAUSE TREUE C,1
35 - 39,KBW,39.99,39.99,30,0,VF RIP U-TREUE,0
30 - 34,KBW,22.99,22.99,332,0,GIGAZUHAUSE TREUE B,0
60 - 64,NRW,54.95,43.95,30,0,3PLAY SMART,1
70 - 74,NRW,37.95,34.97,30,0,VF CABLEMAX,0
40 - 44,KBW,54.98,54.98,30,0,RED INTERNET & PHONE CABLE U,1
75 - 79,NRW,37.85,37.85,30,0,3PLAY,1
70 - 74,HSN,43.95,40.96,673,0,RED INTERNET & PHONE CABLE U,0
35 - 39,NRW,19.99,19.99,30,0,EAZY,0
65 - 69,NRW,42.97,42.97,308,0,GIGAZUHAUSE KABEL,0
65 - 69,NRW,44.97,34.99,30,0,VF RIP U-TREUE,0
35 - 39,NRW,24.99,24.99,30,0,VF RIP U-TREUE,0
60 - 64,KBW,21.48,18.98,624,0,EAZY,0
55 - 59,NRW,44.98,44.98,30,0,VF CABLEMAX,1
25 - 29,KBW,47.97,42.98,30,0,VF RIP U-TREUE,0
50 - 54,KBW,39.99,39.99,30,0,VF RIP U-TREUE,0
55 - 59,HSN,32.99,32.99,93,0,VF RIP U-TREUE,1
60 - 64,HSN,53.98,53.98,30,0,RED INTERNET & PHONE CABLE U,1
40 - 44,KBW,34.99,34.99,30,0,RED INTERNET & PHONE CABLE U,0
75 - 79,KBW,49.99,49.99,30,0,GIGAZUHAUSE KABEL,0
25 - 29,NRW,34.99,34.99,30,0,RED INTERNET & PHONE CABLE U,1
25 - 29,NRW,59.99,59.99,150,0,GIGAZUHAUSE KABEL,1
30 - 34,NRW,44.98,44.98,30,0,RED INTERNET & PHONE CABLE U,1
30 - 34,KBW,29.99,29.99,30,0,INTERNET PREMIUM,0
80 and over,KBW,44.97,34.99,710,0,RED INTERNET & PHONE CABLE U,0
55 - 59,KBW,49.99,49.99,30,0,GIGAZUHAUSE KABEL,0
30 - 34,KBW,54.97,29.99,59,5,RED INTERNET & PHONE CABLE U,1
35 - 39,NRW,57.97,42.98,30,0,VF RIP U-TREUE,1
25 - 29,KBW,62.98,62.98,299,0,GIGAZUHAUSE KABEL,1
35 - 39,NRW,44.98,44.98,30,0,VF CABLEMAX,1
25 - 29,KBW,59.99,59.99,204,0,GIGAZUHAUSE KABEL,1
18 - 24,NRW,49.99,49.99,30,0,GIGAZUHAUSE KABEL,1
30 - 34,NRW,32.99,32.99,30,0,VF RIP U-TREUE,0
50 - 54,NRW,32.99,32.99,30,0,VF RIP U-TREUE,0
60 - 64,KBW,29.98,29.98,30,0,RED INTERNET & PHONE CABLE U,0
60 - 64,KBW,62.96,37.98,124,0,GIGAZUHAUSE TREUE B,1
65 - 69,HSN,24.99,24.99,30,0,VF RIP U-TREUE,0
55 - 59,HSN,74.96,49.98,213,0,GIGAZUHAUSE TREUE B,0
70 - 74,HSN,44.98,44.98,98,0,RED INTERNET & PHONE CABLE U,1
40 - 44,NRW,42.97,42.97,30,0,RED INTERNET & PHONE CABLE U,1
60 - 64,KBW,52.97,27.99,162,0,GIGAZUHAUSE TREUE B,0
30 - 34,HSN,49.97,49.97,30,0,VF CABLEMAX,1
50 - 54,NRW,64.96,34.99,30,0,RED INTERNET & PHONE CABLE U,1
40 - 44,HSN,54.98,54.98,30,0,GIGAZUHAUSE KABEL,0
30 - 34,NRW,0.0,0.0,30,0,MMA,0
45 - 49,KBW,34.99,34.99,30,0,RED INTERNET & PHONE CABLE U,0
40 - 44,KBW,49.99,49.99,30,0,GIGAZUHAUSE KABEL,1
60 - 64,NRW,59.98,59.98,30,0,RED INTERNET & PHONE CABLE U,0
40 - 44,NRW,24.99,24.99,30,0,INTERNET COMFORT,0
30 - 34,NRW,58.98,58.98,30,0,RED INTERNET & PHONE CABLE U,0
45 - 49,NRW,24.99,24.99,30,0,RED INTERNET & PHONE CABLE U,1
75 - 79,KBW,49.96,39.98,622,0,VF CABLEMAX,0
30 - 34,NRW,39.99,39.99,30,0,RED INTERNET & PHONE CABLE U,1
60 - 64,KBW,44.98,29.99,30,0,VF RIP U-TREUE,0
60 - 64,HSN,40.9,40.9,30,0,2PLAY PLUS,1
30 - 34,NRW,44.98,44.98,30,0,RED INTERNET & PHONE CABLE U,1
75 - 79,KBW,37.78,37.78,30,0,GIGAZUHAUSE KABEL,0
45 - 49,NRW,29.99,29.99,30,0,VF RIP U-TREUE,1
65 - 69,HSN,78.93,52.95,30,0,3PLAY START,1
50 - 54,HSN,62.98,49.99,589,0,GIGAZUHAUSE TREUE C,0
40 - 44,NRW,37.98,37.98,184,0,GIGAZUHAUSE TREUE B,1
45 - 49,NRW,44.98,44.98,30,0,RED INTERNET & PHONE CABLE U,0
30 - 34,KBW,77.94,42.97,369,0,GIGAZUHAUSE KABEL,1
50 - 54,NRW,44.98,44.98,30,0,VF CABLEMAX,0
70 - 74,KBW,57.93,36.94,30,0,2PLAY TREU,1
25 - 29,HSN,34.99,34.99,30,0,RED INTERNET & PHONE CABLE U,1
60 - 64,KBW,56.95,39.98,183,0,GIGAZUHAUSE KABEL,1
35 - 39,KBW,44.98,44.98,30,0,RED INTERNET & PHONE CABLE U,1
75 - 79,KBW,59.98,59.98,30,0,3PLAY JUMP,1
80 and over,KBW,34.98,25.0,574,0,RED INTERNET & PHONE CABLE U,0
25 - 29,NRW,34.99,34.99,30,0,RED INTERNET & PHONE CABLE U,0
30 - 34,NRW,39.98,39.98,74,0,VF CABLEMAX,1
80 and over,NRW,60.97,54.99,30,0,3PLAY JUMP,0
65 - 69,HSN,129.92,129.92,30,0,VF RIP U-TREUE,1
25 - 29,KBW,47.96,47.96,315,0,GIGAZUHAUSE KABEL,1
30 - 34,NRW,55.96,39.98,650,0,VF CABLEMAX,1
55 - 59,NRW,32.99,32.99,30,0,VF RIP U-TREUE,1
35 - 39,NRW,39.98,39.98,143,0,GIGAZUHAUSE KABEL,1
35 - 39,NRW,34.99,34.99,273,0,GIGAZUHAUSE TREUE C,0
80 and over,KBW,27.89,14.9,720,0,2PLAY,0
30 - 34,KBW,32.99,32.99,137,0,GIGAZUHAUSE TREUE B,0
55 - 59,HSN,39.99,39.99,30,0,RED INTERNET & PHONE CABLE U,1
80 and over,NRW,39.98,39.98,129,0,GIGAZUHAUSE KABEL,1
30 - 34,HSN,39.99,39.99,30,0,RED INTERNET & PHONE CABLE U,1
35 - 39,HSN,49.99,49.99,30,0,GIGAZUHAUSE KABEL,1
60 - 64,NRW,69.95,44.97,30,3,VF CABLEMAX,1
35 - 39,NRW,55.98,34.99,30,1,RED INTERNET & PHONE CABLE U,1
35 - 39,KBW,39.98,39.98,30,0,RED INTERNET & PHONE CABLE U,0
70 - 74,KBW,58.14,37.78,30,0,RED INTERNET & PHONE CABLE U,1
40 - 44,NRW,46.47,46.47,30,0,VF CABLEMAX,1
40 - 44,KBW,44.98,44.98,30,0,RED INTERNET & PHONE CABLE U,0
60 - 64,HSN,47.97,39.98,41,0,VF CABLEMAX,1
30 - 34,KBW,49.97,49.97,30,0,RED INTERNET & PHONE CABLE U,1
70 - 74,HSN,46.86,46.86,30,0,3PLAY,0
35 - 39,KBW,39.99,39.99,87,0,RED INTERNET & PHONE CABLE U,1
40 - 44,NRW,39.99,39.99,30,0,RED INTERNET & PHONE CABLE U,1
35 - 39,KBW,34.99,34.99,77,0,VF CABLEMAX,1
25 - 29,NRW,32.99,32.99,176,0,GIGAZUHAUSE TREUE B,1
60 - 64,NRW,61.89,40.9,30,0,3PLAY SMART,0
35 - 39,KBW,53.98,53.98,30,0,VF RIP U-TREUE,1
50 - 54,KBW,54.98,54.98,30,0,2PLAY PREMIUM,0
55 - 59,NRW,37.98,37.98,318,0,GIGAZUHAUSE KABEL,1
18 - 24,KBW,39.98,39.98,204,0,GIGAZUHAUSE KABEL,1
30 - 34,HSN,44.98,44.98,30,0,VF CABLEMAX,1
40 - 44,NRW,49.97,49.97,30,0,VF CABLEMAX,0
80 and over,KBW,63.14,37.78,30,0,RED INTERNET & PHONE CABLE U,0
80 and over,KBW,0.0,0.0,30,0,MMA,0
55 - 59,NRW,39.97,29.99,654,0,GIGAZUHAUSE TREUE C,1
50 - 54,NRW,44.98,44.98,30,0,VF CABLEMAX,1
65 - 69,NRW,62.95,37.99,30,0,VF RIP U-TREUE,1
35 - 39,NRW,53.96,53.96,30,0,VF CABLEMAX,1
45 - 49,KBW,44.98,44.98,30,0,VF CABLEMAX,0
40 - 44,NRW,63.95,44.98,30,0,VF CABLEMAX,0
40 - 44,KBW,44.98,44.98,30,0,VF CABLEMAX,1
40 - 44,NRW,63.97,42.98,30,0,2PLAY PLUS,0
70 - 74,NRW,43.88,43.88,30,0,3PLAY SMART,1
55 - 59,KBW,44.97,44.97,30,0,VF CABLEMAX,1
80 and over,HSN,73.94,52.95,30,0,3PLAY TREUE MODEM,1
50 - 54,NRW,44.98,44.98,30,0,VF RIP U-TREUE,0
35 - 39,NRW,34.99,34.99,30,0,RED INTERNET & PHONE CABLE U,1
35 - 39,NRW,34.99,34.99,30,0,RED INTERNET & PHONE CABLE U,0
30 - 34,HSN,44.98,44.98,38,0,RED INTERNET & PHONE CABLE U,1
70 - 74,NRW,43.98,43.98,30,0,VF RIP U-TREUE,0
35 - 39,NRW,42.97,42.97,360,0,GIGAZUHAUSE KABEL,0
40 - 44,NRW,42.97,42.97,30,0,VF RIP U-TREUE,1
50 - 54,NRW,55.97,39.98,156,0,VF CABLEMAX,1
40 - 44,KBW,32.99,32.99,30,0,VF RIP U-TREUE,0
25 - 29,NRW,49.97,49.97,30,0,VF CABLEMAX,1
35 - 39,KBW,42.98,42.98,30,0,VF RIP U-TREUE,1
18 - 24,NRW,39.98,39.98,126,1,GIGAZUHAUSE KABEL,1
40 - 44,KBW,189.88,189.88,30,0,VF CABLEMAX,0
35 - 39,KBW,44.99,44.99,187,1,GIGAZUHAUSE KABEL,1
55 - 59,KBW,24.99,24.99,208,0,GIGAZUHAUSE TREUE C,1
60 - 64,NRW,50.98,29.99,30,0,VF RIP U-TREUE,0
65 - 69,HSN,8.99,0.0,30,0,MMA,1
55 - 59,KBW,42.98,42.98,30,0,VF RIP U-TREUE,1
30 - 34,NRW,44.98,44.98,50,0,VF CABLEMAX,1
55 - 59,KBW,17.99,17.99,30,0,EAZY FLEX,0
75 - 79,KBW,65.98,65.98,30,0,VF RIP U-TREUE,0
30 - 34,NRW,19.99,19.99,30,0,1PLAY,0
40 - 44,KBW,57.97,42.98,30,0,VF RIP U-TREUE,1
60 - 64,NRW,29.99,29.99,30,0,INTERNET PREMIUM,0
55 - 59,NRW,61.94,39.98,30,0,VF CABLEMAX,1
60 - 64,HSN,100.94,49.98,323,0,GIGAZUHAUSE TREUE B,0
80 and over,NRW,0.0,0.0,30,0,MMA,0
30 - 34,NRW,49.97,49.97,30,0,RED INTERNET & PHONE CABLE U,1
45 - 49,NRW,49.99,49.99,30,0,GIGAZUHAUSE KABEL,1
30 - 34,NRW,33.98,33.98,30,0,RED INTERNET & PHONE CABLE U,0
75 - 79,NRW,0.0,0.0,30,0,MMA,0
40 - 44,KBW,44.98,44.98,30,0,RED INTERNET & PHONE CABLE U,1
45 - 49,HSN,34.99,34.99,30,0,RED INTERNET & PHONE CABLE U,1
35 - 39,KBW,32.99,32.99,30,0,VF RIP U-TREUE,0
35 - 39,NRW,0.0,0.0,30,0,MMA,0
80 and over,KBW,38.98,38.98,30,0,VF RIP U-TREUE,0
45 - 49,KBW,21.96,21.96,30,0,EAZY,1
35 - 39,NRW,37.98,37.98,200,0,GIGAZUHAUSE TREUE D,1
80 and over,NRW,80.95,38.98,30,0,VF RIP U-TREUE,0
80 and over,KBW,56.93,35.94,30,0,RED INTERNET & PHONE CABLE U,0
30 - 34,KBW,89.97,89.97,30,0,VF CABLEMAX,1
30 - 34,NRW,86.92,51.96,30,0,VF RIP U-TREUE,1
35 - 39,NRW,59.98,59.98,30,0,RED INTERNET & PHONE CABLE U,0
30 - 34,NRW,82.94,54.98,548,0,GIGAZUHAUSE CABLEMAX,0
25 - 29,HSN,39.98,39.98,164,0,GIGAZUHAUSE KABEL,1
60 - 64,NRW,67.96,44.98,66,3,VF CABLEMAX,1
80 and over,NRW,25.0,25.0,30,0,RED INTERNET & PHONE CABLE U,0
40 - 44,HSN,54.99,54.99,30,0,RED INTERNET & PHONE CABLE U,0
65 - 69,NRW,46.98,39.99,75,0,VF RIP U-TREUE,0
60 - 64,NRW,29.99,29.99,30,0,VF RIP U-TREUE,1
55 - 59,NRW,49.97,29.99,30,0,VF RIP U-TREUE,0
45 - 49,NRW,24.99,24.99,30,0,RED INTERNET & PHONE CABLE U,0
25 - 29,HSN,169.92,169.92,30,0,RED INTERNET & PHONE CABLE U,1
70 - 74,KBW,44.97,34.99,623,0,RED INTERNET & PHONE CABLE U,0
30 - 34,KBW,44.98,44.98,30,0,VF CABLEMAX,0
40 - 44,HSN,185.88,185.88,30,0,VF CABLEMAX,1
65 - 69,NRW,29.98,34.98,285,0,GIGAZUHAUSE TREUE C,0
55 - 59,HSN,39.98,39.98,156,0,VF CABLEMAX,1
50 - 54,HSN,37.98,37.98,312,0,GIGAZUHAUSE KABEL,1
80 and over,NRW,71.95,54.98,30,0,RED INTERNET & PHONE CABLE U,0
35 - 39,KBW,34.99,34.99,30,0,RED INTERNET & PHONE CABLE U,1
65 - 69,NRW,79.94,44.98,30,0,VF CABLEMAX,1
35 - 39,HSN,39.99,39.99,30,0,RED INTERNET & PHONE CABLE U,1
80 and over,KBW,24.97,0.0,30,0,HSI HZ BOX ONLY,1
45 - 49,NRW,29.99,29.99,30,0,INTERNET PREMIUM,1
55 - 59,KBW,42.97,42.97,345,0,GIGAZUHAUSE TREUE D,0
40 - 44,HSN,29.99,29.99,30,0,VF RIP U-TREUE,1
45 - 49,HSN,63.97,63.97,30,0,RED INTERNET & PHONE CABLE U,1
40 - 44,HSN,72.92,44.98,599,0,VF CABLEMAX,0
25 - 29,NRW,37.99,37.99,30,0,VF RIP U-TREUE,1
25 - 29,NRW,39.99,39.99,80,0,RED INTERNET & PHONE CABLE U,1
35 - 39,NRW,33.98,33.98,30,0,INTERNET PREMIUM,1
35 - 39,NRW,44.98,44.98,30,0,RED INTERNET & PHONE CABLE U,0
55 - 59,KBW,39.98,39.98,30,0,RED INTERNET & PHONE CABLE U,1
35 - 39,NRW,19.99,29.99,173,0,RED INTERNET & PHONE CABLE U,1
60 - 64,NRW,22.98,27.98,138,0,GIGAZUHAUSE TREUE C,0
25 - 29,NRW,43.98,43.98,30,0,RED INTERNET & PHONE CABLE U,1
30 - 34,HSN,44.98,44.98,30,0,VF CABLEMAX,0
70 - 74,KBW,32.99,32.99,30,0,VF RIP U-TREUE,1
35 - 39,HSN,49.99,49.99,30,0,RED INTERNET & PHONE CABLE U,0
30 - 34,NRW,37.99,37.99,30,0,VF RIP U-TREUE,1
75 - 79,HSN,90.92,53.96,88,0,VF CABLEMAX,0
50 - 54,NRW,44.98,44.98,30,0,VF CABLEMAX,0
65 - 69,KBW,71.83,50.84,30,0,3PLAY FLY,1
35 - 39,NRW,52.96,52.96,93,0,VF CABLEMAX,1
80 and over,KBW,53.31,32.95,30,0,2PLAY TREU,0
55 - 59,NRW,44.97,44.97,30,0,GIGAZUHAUSE KABEL,0
40 - 44,NRW,0.0,0.0,30,0,MMA,0
40 - 44,KBW,59.97,49.99,367,0,RED INTERNET & PHONE CABLE U,0
60 - 64,KBW,44.98,44.98,30,0,RED INTERNET & PHONE CABLE U,0
80 and over,KBW,58.77,37.78,30,0,2PLAY,0
30 - 34,NRW,80.98,59.99,30,0,3PLAY FLY,1
35 - 39,NRW,53.98,53.98,30,0,RED INTERNET & PHONE CABLE U,1
75 - 79,NRW,37.99,37.99,30,0,VF RIP U-TREUE,0
70 - 74,KBW,62.96,39.98,171,0,GIGAZUHAUSE KABEL,0
25 - 29,KBW,44.98,44.98,30,0,VF CABLEMAX,1
40 - 44,KBW,39.98,39.98,30,0,VF CABLEMAX,0
30 - 34,KBW,97.96,97.96,30,0,VF RIP U-TREUE,1
30 - 34,KBW,42.97,42.97,333,0,GIGAZUHAUSE KABEL,0
80 and over,NRW,53.94,32.95,30,0,RED INTERNET & PHONE CABLE U,1
25 - 29,NRW,34.99,34.99,175,0,GIGAZUHAUSE KABEL,0
50 - 54,KBW,49.99,49.99,30,2,VF RIP U-TREUE,1
40 - 44,HSN,205.84,205.84,30,0,VF CABLEMAX,1
60 - 64,NRW,32.99,39.99,30,0,RED INTERNET & PHONE CABLE U,1
25 - 29,HSN,39.99,39.99,30,0,RED INTERNET & PHONE CABLE U,1
75 - 79,KBW,44.97,44.97,30,0,GIGAZUHAUSE KABEL,0
40 - 44,KBW,32.99,32.99,30,0,VF RIP U-TREUE,1
55 - 59,NRW,69.93,44.98,483,0,VF CABLEMAX,0
35 - 39,KBW,59.99,59.99,214,0,GIGAZUHAUSE KABEL,0
55 - 59,KBW,44.98,44.98,30,0,VF CABLEMAX,1
45 - 49,KBW,90.96,50.98,49,0,VF RIP U-TREUE,1
18 - 24,NRW,42.97,42.97,315,0,GIGAZUHAUSE KABEL,1
80 and over,KBW,27.99,27.99,30,0,RED INTERNET & PHONE CABLE U,0
45 - 49,NRW,18.99,18.99,194,0,EAZY,0
55 - 59,KBW,85.93,50.97,89,0,VF CABLEMAX,1
80 and over,NRW,22.98,22.98,30,0,EAZY FLEX,1
25 - 29,NRW,37.98,37.98,310,0,GIGAZUHAUSE TREUE B,0
60 - 64,NRW,51.97,32.99,364,0,GIGAZUHAUSE TREUE B,0
45 - 49,KBW,58.97,37.98,30,0,2PLAY PLUS,0
55 - 59,HSN,29.99,29.99,50,0,VF RIP U-TREUE,1
35 - 39,NRW,37.99,37.99,30,0,VF RIP U-TREUE,1
50 - 54,KBW,37.99,37.99,30,0,VF RIP U-TREUE,0
65 - 69,NRW,52.96,27.99,330,1,GIGAZUHAUSE TREUE B,1
25 - 29,HSN,44.98,44.98,30,0,RED INTERNET & PHONE CABLE U,1
30 - 34,NRW,34.99,34.99,28,0,RED INTERNET & PHONE CABLE U,1
50 - 54,HSN,141.8,141.8,30,0,2PLAY TREU,0
60 - 64,NRW,49.97,49.97,25,0,VF CABLEMAX,1
80 and over,NRW,60.35,39.99,30,0,RED INTERNET & PHONE CABLE U,0
70 - 74,NRW,55.97,49.98,157,0,GIGAZUHAUSE TREUE B,0
55 - 59,KBW,39.99,39.99,30,0,RED INTERNET & PHONE CABLE U,0
55 - 59,NRW,34.98,34.98,322,0,GIGAZUHAUSE TREUE C,0
25 - 29,NRW,39.99,39.99,30,0,RED INTERNET & PHONE CABLE U,1
60 - 64,NRW,25.95,25.95,30,0,RED INTERNET & PHONE CABLE U,1
50 - 54,KBW,51.98,51.98,30,0,VF RIP U-TREUE,1
55 - 59,KBW,47.98,47.98,30,0,2PLAY FLY,1
40 - 44,NRW,27.99,24.99,30,0,VF RIP U-TREUE,0
55 - 59,NRW,67.97,37.99,30,0,VF RIP U-TREUE,0
25 - 29,NRW,54.98,34.99,30,0,RED INTERNET & PHONE CABLE U,1
40 - 44,KBW,39.99,39.99,30,0,RED INTERNET & PHONE CABLE U,0
40 - 44,NRW,24.99,24.99,30,0,INTERNET COMFORT,1
50 - 54,NRW,52.96,37.99,30,0,VF RIP U-TREUE,1
75 - 79,NRW,37.97,30.99,30,0,RED INTERNET & PHONE CABLE U,0
50 - 54,NRW,49.99,49.99,30,0,GIGAZUHAUSE KABEL,0
40 - 44,KBW,32.99,32.99,259,0,GIGAZUHAUSE TREUE B,1
25 - 29,NRW,29.99,29.99,30,0,VF RIP U-TREUE,1
45 - 49,NRW,19.99,19.99,30,0,1PLAY,0
30 - 34,NRW,29.99,29.99,9,1,VF RIP U-TREUE,1
45 - 49,NRW,64.96,44.97,117,0,VF CABLEMAX,0
40 - 44,NRW,42.98,39.99,30,0,VF RIP U-TREUE,1
80 and over,HSN,34.99,34.99,30,0,RED INTERNET & PHONE CABLE U,1
40 - 44,HSN,69.96,39.99,30,0,VF RIP U-TREUE,0
25 - 29,NRW,54.96,34.99,30,0,RED INTERNET & PHONE CABLE U,0
40 - 44,NRW,24.99,24.99,30,0,VF RIP U-TREUE,1
65 - 69,KBW,60.35,39.99,30,0,VF RIP U-TREUE,0
55 - 59,NRW,59.96,44.98,30,0,2PLAY JUMP,1
30 - 34,KBW,39.99,39.99,30,0,RED INTERNET & PHONE CABLE U,1
75 - 79,NRW,44.98,24.99,212,0,GIGAZUHAUSE TREUE C,0
70 - 74,HSN,88.94,54.98,30,0,GIGAZUHAUSE KABEL,1
30 - 34,NRW,59.97,49.99,607,0,GIGAZUHAUSE KABEL,0
25 - 29,NRW,39.99,39.99,30,0,RED INTERNET & PHONE CABLE U,1
35 - 39,NRW,25.97,25.97,30,0,INTERNET,1
30 - 34,KBW,39.98,34.99,30,0,RED INTERNET & PHONE CABLE U,0
35 - 39,NRW,13.99,13.99,30,0,EAZY,1
30 - 34,HSN,29.99,29.99,30,0,INTERNET PREMIUM,1
80 and over,KBW,49.74,28.75,30,0,2PLAY,1
25 - 29,NRW,39.99,39.99,30,0,RED INTERNET & PHONE CABLE U,1
40 - 44,KBW,49.97,49.97,30,0,VF CABLEMAX,1
80 and over,KBW,26.99,29.99,654,0,VF RIP U-TREUE,0
55 - 59,NRW,54.99,54.99,93,0,RED INTERNET & PHONE CABLE U,0
35 - 39,NRW,34.99,34.99,30,0,RED INTERNET & PHONE CABLE U,1
35 - 39,KBW,44.97,44.97,30,0,RED INTERNET & PHONE CABLE U,0
30 - 34,NRW,39.98,39.98,142,0,GIGAZUHAUSE KABEL,1
35 - 39,NRW,42.97,39.98,198,3,GIGAZUHAUSE KABEL,1
25 - 29,NRW,59.99,59.99,196,0,GIGAZUHAUSE KABEL,1
35 - 39,KBW,58.97,58.97,30,0,RED INTERNET & PHONE CABLE U,1
65 - 69,HSN,189.88,189.88,30,0,VF CABLEMAX,1
80 and over,NRW,76.95,39.98,231,0,GIGAZUHAUSE TREUE B,0
55 - 59,NRW,0.0,0.0,30,0,MMA,0
50 - 54,NRW,24.99,24.99,400,0,GIGAZUHAUSE TREUE C,0
75 - 79,KBW,37.64,33.74,30,0,RED INTERNET & PHONE CABLE U,1
25 - 29,HSN,44.99,44.99,162,0,GIGAZUHAUSE KABEL,1
45 - 49,KBW,43.97,43.97,203,0,GIGAZUHAUSE KABEL,0
60 - 64,HSN,54.98,52.98,30,0,VF RIP U-TREUE,0
40 - 44,KBW,109.96,109.96,30,0,VF RIP U-TREUE,1
45 - 49,NRW,52.96,52.96,39,0,VF CABLEMAX,1
65 - 69,KBW,62.67,41.68,30,2,2PLAY,0
80 and over,NRW,27.99,27.99,339,0,GIGAZUHAUSE TREUE B,0
60 - 64,KBW,79.97,58.98,30,0,RED INTERNET & PHONE CABLE U,0
45 - 49,NRW,44.98,44.98,30,0,VF CABLEMAX,0
35 - 39,HSN,48.97,48.97,30,0,RED INTERNET & PHONE CABLE U,1
50 - 54,HSN,169.92,169.92,30,0,VF CABLEMAX,1
45 - 49,HSN,0.0,0.0,30,0,MMA,0
80 and over,KBW,34.99,34.99,30,0,RED INTERNET & PHONE CABLE U,0
not available,NRW,39.98,39.98,135,0,VF CABLEMAX,1
35 - 39,NRW,47.97,44.98,101,0,VF CABLEMAX,1
30 - 34,KBW,48.97,48.97,30,1,VF CABLEMAX,1
40 - 44,NRW,43.98,43.98,94,0,RED INTERNET & PHONE CABLE U,1
75 - 79,NRW,65.96,44.97,30,0,GIGAZUHAUSE KABEL,0
25 - 29,NRW,24.99,29.99,30,0,RED INTERNET & PHONE CABLE U,0
30 - 34,NRW,44.98,44.98,30,0,VF CABLEMAX,0
30 - 34,KBW,72.95,37.99,30,0,VF RIP U-TREUE,1
35 - 39,NRW,32.99,32.99,30,0,VF RIP U-TREUE,1
40 - 44,NRW,59.98,59.98,30,0,RED INTERNET & PHONE CABLE U,0
50 - 54,KBW,74.98,59.99,206,0,GIGAZUHAUSE KABEL,1
50 - 54,NRW,44.98,44.98,30,0,VF CABLEMAX,1
55 - 59,NRW,51.97,44.98,412,0,VF CABLEMAX,1
70 - 74,NRW,34.99,34.99,30,0,RED INTERNET & PHONE CABLE U,0
40 - 44,HSN,47.97,47.97,30,0,VF CABLEMAX,0
65 - 69,KBW,44.97,49.97,30,0,RED INTERNET & PHONE CABLE U,1
30 - 34,NRW,44.98,44.98,30,0,RED INTERNET & PHONE CABLE U,1
75 - 79,KBW,29.99,29.99,105,1,VF RIP U-TREUE,1
60 - 64,KBW,24.99,24.99,30,0,INTERNET COMFORT,0
60 - 64,NRW,49.99,49.99,30,0,VF CABLEMAX,0
30 - 34,NRW,44.98,44.98,30,1,VF CABLEMAX,1
65 - 69,KBW,70.98,49.99,30,0,2PLAY FLY,1
50 - 54,KBW,60.98,39.99,30,0,VF RIP U-TREUE,0
35 - 39,KBW,43.98,43.98,30,0,RED INTERNET & PHONE CABLE U,0
35 - 39,NRW,39.99,39.99,30,0,RED INTERNET & PHONE CABLE U,0
60 - 64,KBW,51.95,25.97,30,0,INTERNET,1
40 - 44,HSN,34.99,34.99,223,0,GIGAZUHAUSE KABEL,1
65 - 69,KBW,74.97,34.99,30,0,RED INTERNET & PHONE CABLE U,0
50 - 54,NRW,54.99,54.99,30,0,RED INTERNET & PHONE CABLE U,1
18 - 24,HSN,42.97,42.97,361,0,GIGAZUHAUSE KABEL,1
35 - 39,NRW,29.99,29.99,30,0,VF RIP U-TREUE,0
25 - 29,KBW,48.97,48.97,106,0,VF CABLEMAX,0
50 - 54,NRW,44.98,44.98,30,0,VF CABLEMAX,1
65 - 69,KBW,54.87,44.89,715,0,2PLAY PLUS,1
30 - 34,NRW,58.98,58.98,30,0,RED INTERNET & PHONE CABLE U,1
60 - 64,NRW,54.99,54.99,30,0,3PLAY JUMP,0
30 - 34,KBW,34.99,34.99,228,0,GIGAZUHAUSE KABEL,0
55 - 59,KBW,34.99,34.99,30,0,RED INTERNET & PHONE CABLE U,1
35 - 39,KBW,34.99,34.99,255,0,GIGAZUHAUSE KABEL,1
65 - 69,NRW,71.22,50.86,30,0,3PLAY HD BOX,0
55 - 59,NRW,40.98,40.98,30,0,VF RIP U-TREUE,0
35 - 39,KBW,39.99,39.99,30,0,RED INTERNET & PHONE CABLE U,1
80 and over,NRW,61.98,48.99,695,0,3PLAY TREUE,0
65 - 69,KBW,37.97,27.99,653,0,GIGAZUHAUSE TREUE B,0
25 - 29,KBW,44.98,44.98,30,0,RED INTERNET & PHONE CABLE U,1
35 - 39,KBW,44.97,34.99,445,0,GIGAZUHAUSE TREUE C,0
35 - 39,KBW,47.97,37.99,517,0,VF RIP U-TREUE,0
30 - 34,KBW,34.99,34.99,30,0,RED INTERNET & PHONE CABLE U,1
35 - 39,KBW,30.95,30.95,30,0,RED INTERNET & PHONE CABLE U,0
30 - 34,HSN,44.98,44.98,30,0,VF CABLEMAX,1
40 - 44,HSN,39.99,39.99,30,0,RED INTERNET & PHONE CABLE U,1
25 - 29,HSN,69.96,44.98,30,0,RED INTERNET & PHONE CABLE U,1
50 - 54,NRW,49.99,49.99,373,0,GIGAZUHAUSE CABLEMAX,0
60 - 64,NRW,39.98,39.98,214,1,VF CABLEMAX,0
40 - 44,NRW,32.99,32.99,30,0,VF RIP U-TREUE,1
35 - 39,NRW,31.98,34.98,58,0,VF RIP U-TREUE,1
65 - 69,KBW,34.98,34.98,30,0,VF RIP U-TREUE,0
75 - 79,HSN,21.96,9.98,30,0,HSI HZ BOX ONLY,0
35 - 39,KBW,39.98,39.98,214,0,GIGAZUHAUSE KABEL,1
55 - 59,NRW,79.94,47.97,30,0,VF RIP U-TREUE,0
60 - 64,NRW,64.97,44.99,150,0,GIGAZUHAUSE TREUE B,0
45 - 49,NRW,54.99,54.99,30,0,3PLAY JUMP,0
30 - 34,NRW,54.99,54.99,30,0,RED INTERNET & PHONE CABLE U,0
30 - 34,KBW,74.96,44.98,30,0,VF CABLEMAX,1
75 - 79,KBW,60.98,39.99,30,0,VF RIP U-TREUE,0
35 - 39,KBW,34.99,34.99,93,0,RED INTERNET & PHONE CABLE U,1
40 - 44,KBW,47.99,47.99,30,0,VF RIP U-TREUE,0
60 - 64,HSN,59.94,52.95,680,0,3PLAY TREUE HRZ,1
70 - 74,KBW,39.99,39.99,30,0,VF RIP U-TREUE,1
70 - 74,HSN,27.99,27.99,312,0,GIGAZUHAUSE TREUE B,0
55 - 59,KBW,69.98,49.99,30,0,RED INTERNET & PHONE CABLE U,1
65 - 69,KBW,61.82,50.93,30,0,3PLAY PLUS MTA,0
65 - 69,KBW,41.68,41.68,30,0,2PLAY,0
40 - 44,HSN,82.95,42.97,187,0,VF CABLEMAX,0
55 - 59,KBW,44.97,44.97,30,0,VF CABLEMAX,0
35 - 39,HSN,54.99,54.99,30,0,RED INTERNET & PHONE CABLE U,1
45 - 49,KBW,34.99,34.99,30,0,VF RIP U-TREUE,0
75 - 79,KBW,91.31,50.59,30,0,2PLAY,1
35 - 39,KBW,63.97,63.97,36,0,RED INTERNET & PHONE CABLE U,1
75 - 79,HSN,99.94,42.98,30,0,VF RIP U-TREUE,0
30 - 34,KBW,44.98,44.98,30,0,VF CABLEMAX,1
55 - 59,KBW,44.98,44.98,30,0,RED INTERNET & PHONE CABLE U,1
40 - 44,HSN,2.99,2.99,266,0,GIGAZUHAUSE KABEL,1
45 - 49,NRW,39.99,39.99,30,0,VF RIP U-TREUE,1
60 - 64,NRW,63.95,29.99,30,0,VF RIP U-TREUE,1
60 - 64,NRW,24.99,24.99,228,0,GIGAZUHAUSE TREUE C,0
50 - 54,NRW,44.98,44.98,30,0,VF CABLEMAX,0
50 - 54,KBW,49.98,49.98,30,0,TREUEPLUS,0
40 - 44,NRW,24.99,24.99,105,0,VF RIP U-TREUE,0
45 - 49,KBW,73.94,52.95,30,0,3PLAY PLUS MTA,1
70 - 74,HSN,49.98,34.99,354,0,GIGAZUHAUSE TREUE C,0
30 - 34,KBW,39.98,39.98,176,0,GIGAZUHAUSE KABEL,1
60 - 64,NRW,49.99,49.99,30,0,GIGAZUHAUSE KABEL,1
55 - 59,NRW,42.95,42.95,30,1,2PLAY TREUE,1
55 - 59,NRW,34.99,34.99,77,0,RED INTERNET & PHONE CABLE U,0
18 - 24,KBW,47.98,47.98,297,0,GIGAZUHAUSE KABEL,0
60 - 64,HSN,34.99,34.99,30,0,RED INTERNET & PHONE CABLE U,0
40 - 44,KBW,49.98,49.98,366,0,GIGAZUHAUSE KABEL,0
30 - 34,KBW,34.99,34.99,30,0,RED INTERNET & PHONE CABLE U,1
35 - 39,NRW,37.99,37.99,30,0,VF RIP U-TREUE,1
35 - 39,KBW,89.97,89.97,30,0,VF CABLEMAX,0
55 - 59,HSN,74.96,44.98,86,0,VF CABLEMAX,0
65 - 69,HSN,34.99,34.99,30,0,RED INTERNET & PHONE CABLE U,0
45 - 49,KBW,49.97,49.97,30,0,RED INTERNET & PHONE CABLE U,1
40 - 44,HSN,64.98,44.99,199,0,GIGAZUHAUSE TREUE B,0
50 - 54,KBW,47.99,47.99,30,0,VF RIP U-TREUE,1
80 and over,HSN,32.98,32.98,30,0,VF RIP U-TREUE,0
40 - 44,KBW,69.41,38.43,30,0,GIGAZUHAUSE KABEL,0
65 - 69,NRW,69.97,34.99,317,0,VF RIP U-TREUE,0
70 - 74,NRW,56.85,35.86,30,0,3PLAY,0
60 - 64,HSN,45.9,45.9,30,0,2PLAY PLUS,0
60 - 64,HSN,46.98,34.99,116,0,RED INTERNET & PHONE CABLE U,0
30 - 34,KBW,49.97,49.97,30,0,RED INTERNET & PHONE CABLE U,0
55 - 59,HSN,95.95,54.99,143,0,RED INTERNET & PHONE CABLE U,0
55 - 59,KBW,47.97,47.97,30,0,VF RIP U-TREUE,1
30 - 34,HSN,19.99,19.99,30,0,1PLAY,0
70 - 74,KBW,74.97,49.98,395,0,GIGAZUHAUSE TREUE B,0
40 - 44,KBW,39.99,39.99,30,0,RED INTERNET & PHONE CABLE U,1
30 - 34,KBW,24.99,24.99,220,1,GIGAZUHAUSE TREUE C,1
30 - 34,NRW,24.99,24.99,94,0,VF RIP U-TREUE,1
50 - 54,KBW,44.98,44.98,30,0,VF CABLEMAX,1
35 - 39,NRW,59.98,59.98,346,0,GIGAZUHAUSE KABEL,0
30 - 34,NRW,59.98,64.98,30,0,3PLAY FLY,0
55 - 59,HSN,35.99,24.99,30,0,VF RIP U-TREUE,0
60 - 64,HSN,39.99,39.99,30,0,VF RIP U-TREUE,1
45 - 49,KBW,59.95,49.97,515,0,RED INTERNET & PHONE CABLE U,0
25 - 29,HSN,44.98,44.98,30,0,RED INTERNET & PHONE CABLE U,1
70 - 74,HSN,73.97,53.98,30,2,VF RIP U-TREUE,0
80 and over,NRW,34.99,34.99,30,0,RED INTERNET & PHONE CABLE U,0
35 - 39,HSN,19.99,19.99,30,0,1PLAY,0
40 - 44,KBW,44.98,44.98,30,0,RED INTERNET & PHONE CABLE U,0
45 - 49,NRW,39.99,39.99,30,0,VF RIP U-TREUE,0
65 - 69,NRW,49.97,49.97,30,0,VF CABLEMAX,0
18 - 24,NRW,48.97,48.97,30,0,VF CABLEMAX,1
30 - 34,HSN,44.98,44.98,30,0,RED INTERNET & PHONE CABLE U,1
25 - 29,NRW,34.99,34.99,30,0,VF RIP U-TREUE,1
80 and over,NRW,29.99,29.99,30,0,VF RIP U-TREUE,1
80 and over,KBW,70.96,44.98,30,0,3PLAY START,0
25 - 29,HSN,42.97,39.98,30,1,VF CABLEMAX,1
35 - 39,NRW,39.98,39.98,191,0,GIGAZUHAUSE KABEL,1
60 - 64,KBW,30.88,30.88,30,0,RED INTERNET & PHONE CABLE U,0
25 - 29,NRW,44.98,44.98,84,0,VF CABLEMAX,1
40 - 44,NRW,44.98,44.98,14,0,VF CABLEMAX,1
55 - 59,NRW,44.98,44.98,30,0,VF CABLEMAX,0
45 - 49,NRW,17.99,17.99,30,0,EAZY FLEX,0
40 - 44,NRW,52.98,52.98,30,0,GIGAZUHAUSE KABEL,0
45 - 49,NRW,57.95,39.99,30,0,VF RIP U-TREUE,0
50 - 54,KBW,74.98,54.99,30,0,RED INTERNET & PHONE CABLE U,0
65 - 69,KBW,68.32,47.96,30,0,GIGAZUHAUSE KABEL,0
55 - 59,KBW,57.97,42.98,30,0,3PLAY PLUS,1
35 - 39,NRW,44.98,44.98,30,0,RED INTERNET & PHONE CABLE U,1
40 - 44,KBW,43.72,33.74,464,0,2PLAY,1
25 - 29,NRW,29.99,29.99,30,0,INTERNET PREMIUM,0
40 - 44,KBW,44.98,44.98,30,0,RED INTERNET & PHONE CABLE U,1
55 - 59,KBW,50.93,50.93,30,0,3PLAY PLUS MTA,0
40 - 44,NRW,64.98,49.99,30,0,RED INTERNET & PHONE CABLE U,0
25 - 29,KBW,37.98,37.98,138,0,GIGAZUHAUSE TREUE D,1
75 - 79,KBW,39.99,39.99,30,0,RED INTERNET & PHONE CABLE U,0
55 - 59,KBW,42.98,42.98,30,0,VF RIP U-TREUE,0
40 - 44,NRW,49.99,49.99,30,0,GIGAZUHAUSE KABEL,1
60 - 64,KBW,61.78,40.79,30,0,GIGAZUHAUSE KABEL,0
40 - 44,KBW,24.99,34.99,57,0,RED INTERNET & PHONE CABLE U,1
55 - 59,KBW,42.98,42.98,30,0,GIGAZUHAUSE KABEL,0
60 - 64,KBW,68.96,49.99,30,0,VF RIP U-TREUE,0
40 - 44,KBW,32.99,32.99,30,0,VF RIP U-TREUE,0
30 - 34,NRW,48.97,48.97,30,0,VF CABLEMAX,0
30 - 34,NRW,34.99,34.99,101,0,RED INTERNET & PHONE CABLE U,1
not available,KBW,0.0,0.0,30,0,MMA,0
40 - 44,HSN,34.99,34.99,30,0,RED INTERNET & PHONE CABLE U,0
55 - 59,KBW,44.97,44.97,157,0,VF CABLEMAX,0
70 - 74,NRW,65.64,44.65,30,0,3PLAY PLUS,0
25 - 29,NRW,37.98,37.98,274,0,GIGAZUHAUSE TREUE D,1
35 - 39,HSN,34.99,34.99,30,0,RED INTERNET & PHONE CABLE U,0
30 - 34,NRW,34.99,34.99,30,0,RED INTERNET & PHONE CABLE U,1
30 - 34,NRW,39.98,39.98,30,0,RED INTERNET & PHONE CABLE U,1
40 - 44,HSN,54.97,39.98,87,1,VF CABLEMAX,1
80 and over,NRW,30.88,30.88,30,0,RED INTERNET & PHONE CABLE U,0
25 - 29,KBW,27.99,27.99,227,0,GIGAZUHAUSE TREUE B,1
65 - 69,NRW,52.98,49.98,381,0,GIGAZUHAUSE TREUE B,0
18 - 24,NRW,47.96,47.96,327,0,GIGAZUHAUSE KABEL,0
70 - 74,KBW,55.98,34.99,30,0,RED INTERNET & PHONE CABLE U,1
30 - 34,NRW,80.97,44.99,30,0,VF RIP U-TREUE,0
70 - 74,KBW,53.98,32.99,30,0,VF RIP U-TREUE,0
70 - 74,NRW,74.95,39.99,93,0,VF CABLEMAX,0
65 - 69,KBW,49.98,49.98,30,0,VF RIP U-TREUE,0
70 - 74,NRW,50.98,29.99,30,0,VF RIP U-TREUE,0
60 - 64,HSN,52.96,49.97,30,0,RED INTERNET & PHONE CABLE U,1
40 - 44,NRW,39.99,39.99,30,0,VF RIP U-TREUE,0
50 - 54,KBW,42.98,42.98,30,0,2PLAY PLUS,0
70 - 74,HSN,55.98,34.99,30,0,RED INTERNET & PHONE CABLE U,0
65 - 69,KBW,73.96,58.97,30,0,RED INTERNET & PHONE CABLE U,1
30 - 34,NRW,54.95,39.98,49,0,RED INTERNET & PHONE CABLE U,1
50 - 54,NRW,64.97,39.99,225,0,VF RIP U-TREUE,1
70 - 74,HSN,48.97,48.97,80,0,RED INTERNET & PHONE CABLE U,1
30 - 34,NRW,38.47,29.99,345,0,RIP CABLE U TREUE,1
30 - 34,KBW,34.99,34.99,95,0,RED INTERNET & PHONE CABLE U,1
65 - 69,NRW,37.87,37.87,30,0,3PLAY,0
65 - 69,KBW,49.97,44.98,30,0,VF RIP U-TREUE,0
50 - 54,HSN,109.96,109.96,30,0,VF RIP U-TREUE,1
35 - 39,NRW,29.99,29.99,30,0,VF RIP U-TREUE,1
45 - 49,NRW,39.99,39.99,30,0,RED INTERNET & PHONE CABLE U,1
25 - 29,NRW,48.97,48.97,30,0,RED INTERNET & PHONE CABLE U,0
45 - 49,KBW,29.98,29.98,30,1,VF RIP U-TREUE,0
25 - 29,KBW,29.99,29.99,277,0,GIGAZUHAUSE TREUE C,1
60 - 64,NRW,78.95,53.98,85,1,RED INTERNET & PHONE CABLE U,1
25 - 29,KBW,39.98,39.98,30,0,VF CABLEMAX,1
40 - 44,NRW,34.98,34.98,30,0,VF RIP U-TREUE,1
25 - 29,NRW,30.95,30.95,30,0,RED INTERNET & PHONE CABLE U,1
70 - 74,NRW,39.99,39.99,93,0,RED INTERNET & PHONE CABLE U,1
75 - 79,KBW,29.99,29.99,30,0,RED INTERNET & PHONE CABLE U,0
70 - 74,KBW,39.73,33.74,618,0,RED INTERNET & PHONE CABLE U,0
35 - 39,NRW,40.97,40.97,254,0,GIGAZUHAUSE TREUE B,1
40 - 44,NRW,17.97,17.97,30,0,GIGAZUHAUSE KABEL,1
25 - 29,NRW,34.99,34.99,2,1,RED INTERNET & PHONE CABLE U,1
40 - 44,NRW,60.97,34.99,30,0,GIGAZUHAUSE KABEL,1
65 - 69,NRW,29.99,29.99,30,0,VF RIP U-TREUE,1
65 - 69,KBW,24.99,24.99,242,0,GIGAZUHAUSE TREUE C,0
30 - 34,KBW,29.99,29.99,30,0,VF RIP U-TREUE,1
40 - 44,NRW,49.99,49.99,30,0,GIGAZUHAUSE KABEL,1
40 - 44,HSN,47.98,47.98,333,0,GIGAZUHAUSE KABEL,0
25 - 29,KBW,44.98,44.98,30,0,VF CABLEMAX,0
40 - 44,NRW,39.98,29.99,85,0,VF RIP U-TREUE,1
30 - 34,NRW,49.97,49.97,30,0,VF CABLEMAX,0
55 - 59,NRW,34.99,34.99,30,0,RED INTERNET & PHONE CABLE U,1
65 - 69,NRW,55.96,39.99,30,0,VF RIP U-TREUE,1
40 - 44,KBW,44.98,44.98,30,0,VF CABLEMAX,1
55 - 59,NRW,40.98,37.98,30,0,VF RIP U-TREUE,0
25 - 29,NRW,37.98,37.98,346,0,GIGAZUHAUSE KABEL,1
35 - 39,HSN,42.97,32.99,520,0,GIGAZUHAUSE TREUE B,1
35 - 39,HSN,29.96,44.97,108,1,RED INTERNET & PHONE CABLE U,1
55 - 59,NRW,79.83,55.84,30,0,3PLAY FLY,0
70 - 74,KBW,169.92,169.92,30,0,VF CABLEMAX,0
25 - 29,KBW,44.98,44.98,30,1,VF CABLEMAX,0
40 - 44,KBW,33.74,33.74,30,0,RED INTERNET & PHONE CABLE U,0
70 - 74,KBW,54.92,54.92,30,0,3PLAY PLUS MTA,0
75 - 79,HSN,52.95,39.98,635,0,GIGAZUHAUSE TREUE B,0
45 - 49,NRW,59.99,59.99,222,0,GIGAZUHAUSE KABEL,1
60 - 64,KBW,54.98,39.99,74,0,VF CABLEMAX,1
60 - 64,KBW,64.97,44.98,15,0,VF CABLEMAX,1
35 - 39,HSN,62.98,62.98,339,0,GIGAZUHAUSE KABEL,1
70 - 74,NRW,39.98,39.98,30,0,VF RIP U-TREUE,0
60 - 64,HSN,51.95,51.95,30,0,RED INTERNET & PHONE CABLE U,0
65 - 69,HSN,95.95,49.99,30,0,RED INTERNET & PHONE CABLE U,0
65 - 69,HSN,39.98,39.98,155,0,GIGAZUHAUSE KABEL,1
65 - 69,HSN,47.97,47.97,30,0,VF RIP U-TREUE,0
25 - 29,NRW,48.98,48.98,155,0,GIGAZUHAUSE KABEL,1
35 - 39,NRW,69.98,48.99,30,0,3PLAY TREUE,1
65 - 69,NRW,34.99,34.99,30,0,RED INTERNET & PHONE CABLE U,1
30 - 34,NRW,17.99,17.99,30,0,EAZY FLEX,0
55 - 59,NRW,49.99,49.99,30,0,GIGAZUHAUSE KABEL,1
50 - 54,HSN,93.95,58.98,71,0,RED INTERNET & PHONE CABLE U,1
40 - 44,KBW,74.95,49.97,30,0,VF CABLEMAX,1
55 - 59,NRW,44.99,44.99,207,0,GIGAZUHAUSE KABEL,1
40 - 44,HSN,52.98,52.98,30,0,VF RIP U-TREUE,1
60 - 64,KBW,29.99,29.99,30,0,VF RIP U-TREUE,0
50 - 54,KBW,39.99,39.99,30,0,VF RIP U-TREUE,0
70 - 74,HSN,76.94,55.95,30,0,3PLAY PLUS MTA,0
30 - 34,KBW,39.98,39.98,144,0,GIGAZUHAUSE KABEL,1
60 - 64,KBW,34.99,34.99,30,0,RED INTERNET & PHONE CABLE U,0
60 - 64,KBW,103.93,73.95,30,0,RED INTERNET & PHONE CABLE U,0
45 - 49,NRW,72.48,54.99,576,0,RED INTERNET & PHONE CABLE U,1
50 - 54,NRW,39.99,39.99,30,0,VF RIP U-TREUE,1
55 - 59,NRW,74.98,54.99,30,0,RED INTERNET & PHONE CABLE U,0
70 - 74,KBW,32.99,32.99,30,0,VF RIP U-TREUE,1
25 - 29,KBW,24.99,24.99,30,0,INTERNET COMFORT,1
35 - 39,KBW,64.98,64.98,30,0,3PLAY FLY,0
35 - 39,HSN,17.99,17.99,30,0,EAZY FLEX,1
60 - 64,NRW,45.0,45.0,30,0,2PLAY PLUS,0
55 - 59,NRW,44.98,29.99,30,0,VF RIP U-TREUE,1
55 - 59,KBW,62.44,62.44,30,0,3PLAY PREMIUM,0
35 - 39,HSN,42.97,39.98,30,0,VF CABLEMAX,0
30 - 34,NRW,34.99,34.99,10,0,RED INTERNET & PHONE CABLE U,1
55 - 59,KBW,52.98,32.99,218,0,GIGAZUHAUSE TREUE B,0
70 - 74,KBW,53.31,32.95,30,0,RED INTERNET & PHONE CABLE U,0
55 - 59,NRW,79.97,54.98,30,0,GIGAZUHAUSE KABEL,0
30 - 34,KBW,49.97,49.97,30,0,VF CABLEMAX,1
35 - 39,NRW,44.99,44.99,30,0,GIGAZUHAUSE KABEL,1
55 - 59,NRW,95.93,54.98,30,0,VF RIP U-TREUE,0
45 - 49,HSN,38.89,34.99,30,0,RED INTERNET & PHONE CABLE U,0
55 - 59,KBW,89.97,89.97,30,0,RED INTERNET & PHONE CABLE U,1
50 - 54,HSN,56.95,29.99,608,0,GIGAZUHAUSE TREUE C,0
70 - 74,NRW,39.97,29.99,30,0,VF RIP U-TREUE,1
45 - 49,KBW,34.99,34.99,30,0,RED INTERNET & PHONE CABLE U,0
80 and over,NRW,42.96,32.98,695,0,GIGAZUHAUSE KABEL,0
60 - 64,NRW,58.98,58.98,30,0,RED INTERNET & PHONE CABLE U,0
70 - 74,KBW,11.98,11.98,30,0,EAZY,0
45 - 49,KBW,37.98,37.98,343,0,GIGAZUHAUSE TREUE B,1
45 - 49,NRW,58.98,58.98,30,0,RED INTERNET & PHONE CABLE U,0
18 - 24,NRW,39.98,39.98,128,0,GIGAZUHAUSE KABEL,1
18 - 24,HSN,63.98,63.98,179,0,GIGAZUHAUSE KABEL,1
60 - 64,NRW,84.92,49.97,30,0,VF CABLEMAX,1
40 - 44,KBW,75.97,54.98,30,0,GIGAZUHAUSE KABEL,0
35 - 39,NRW,70.98,49.99,30,0,RED INTERNET & PHONE CABLE U,0
50 - 54,KBW,44.97,49.97,219,1,VF CABLEMAX,1
50 - 54,NRW,50.97,34.99,67,0,VF CABLEMAX,0
60 - 64,KBW,34.99,34.99,30,0,RED INTERNET & PHONE CABLE U,0
65 - 69,KBW,26.98,19.99,576,2,GIGAZUHAUSE KABEL,0
70 - 74,HSN,49.86,45.86,30,0,3PLAY HD BOX,0
80 and over,NRW,59.87,38.88,30,0,3PLAY,1
35 - 39,KBW,49.97,49.97,30,0,VF CABLEMAX,0
30 - 34,NRW,34.99,34.99,30,0,RED INTERNET & PHONE CABLE U,1
18 - 24,HSN,0.0,0.0,30,0,MMA,0
50 - 54,NRW,49.98,49.98,219,0,GIGAZUHAUSE KABEL,0
25 - 29,HSN,27.98,27.98,123,0,GIGAZUHAUSE TREUE B,1
60 - 64,KBW,28.75,28.75,30,0,2PLAY,0
35 - 39,NRW,57.98,32.99,30,0,VF RIP U-TREUE,1
70 - 74,NRW,71.83,52.96,150,0,VF CABLEMAX,0
25 - 29,KBW,24.99,27.99,382,0,GIGAZUHAUSE TREUE B,0
35 - 39,HSN,48.97,48.97,50,0,VF CABLEMAX,0
18 - 24,NRW,44.98,44.98,30,0,RED INTERNET & PHONE CABLE U,1
75 - 79,NRW,49.98,34.99,30,0,RED INTERNET & PHONE CABLE U,0
65 - 69,KBW,20.97,20.97,30,0,1PLAY,0
70 - 74,KBW,65.34,34.99,275,0,GIGAZUHAUSE TREUE C,0
45 - 49,NRW,19.99,22.99,168,0,GIGAZUHAUSE TREUE B,0
60 - 64,KBW,34.99,34.99,122,0,VF RIP U-TREUE,1
40 - 44,KBW,44.97,44.97,294,0,GIGAZUHAUSE KABEL,0
75 - 79,HSN,69.98,49.99,30,0,RED INTERNET & PHONE CABLE U,0
70 - 74,KBW,54.73,33.74,30,0,GIGAZUHAUSE KABEL,0
70 - 74,HSN,39.99,39.99,30,0,RED INTERNET & PHONE CABLE U,1
35 - 39,HSN,29.99,29.99,242,0,GIGAZUHAUSE TREUE C,1
55 - 59,HSN,38.98,38.98,30,0,RED INTERNET & PHONE CABLE U,0
40 - 44,NRW,34.99,34.99,30,0,RED INTERNET & PHONE CABLE U,1
60 - 64,NRW,37.99,37.99,30,0,VF RIP U-TREUE,0
not available,KBW,0.0,0.0,30,0,MMA MB,0
30 - 34,KBW,69.98,49.99,378,0,GIGAZUHAUSE CABLEMAX,0
30 - 34,NRW,34.99,34.99,30,0,VF RIP U-TREUE,0
35 - 39,KBW,39.99,39.99,30,0,VF RIP U-TREUE,0
35 - 39,KBW,34.99,34.99,30,0,RED INTERNET & PHONE CABLE U,1
25 - 29,NRW,39.99,39.99,30,0,RED INTERNET & PHONE CABLE U,1
75 - 79,HSN,42.98,42.98,30,0,VF RIP U-TREUE,0
55 - 59,KBW,42.96,42.96,30,0,GIGAZUHAUSE KABEL,0
60 - 64,KBW,57.97,37.98,322,0,GIGAZUHAUSE TREUE B,0
30 - 34,NRW,42.97,42.97,275,0,GIGAZUHAUSE KABEL,0
35 - 39,KBW,53.96,53.96,668,0,VF CABLEMAX,1
70 - 74,KBW,65.89,44.9,30,0,2PLAY,0
80 and over,KBW,49.97,29.99,498,0,GIGAZUHAUSE TREUE C,1
30 - 34,HSN,209.88,169.92,30,0,VF CABLEMAX,1
18 - 24,NRW,44.98,44.98,64,1,VF CABLEMAX,1
65 - 69,NRW,47.99,47.99,59,0,VF RIP U-TREUE,1
60 - 64,KBW,60.92,34.98,30,0,2PLAY TREU,0
35 - 39,NRW,11.98,11.98,30,0,EAZY,1
18 - 24,NRW,53.96,53.96,30,0,RED INTERNET & PHONE CABLE U,0
65 - 69,NRW,39.98,39.98,309,0,GIGAZUHAUSE TREUE B,0
55 - 59,NRW,34.99,34.99,154,1,GIGAZUHAUSE KABEL,0
50 - 54,KBW,47.99,47.99,30,0,VF RIP U-TREUE,1
60 - 64,HSN,44.98,44.98,30,0,RED INTERNET & PHONE CABLE U,0
50 - 54,NRW,37.99,37.99,30,1,VF RIP U-TREUE,1
35 - 39,HSN,39.99,39.99,30,0,RED INTERNET & PHONE CABLE U,1
45 - 49,KBW,39.99,39.99,30,0,VF RIP U-TREUE,0
45 - 49,KBW,59.98,59.98,30,0,GIGAZUHAUSE KABEL,1
25 - 29,KBW,44.98,44.98,30,0,VF CABLEMAX,1
50 - 54,NRW,60.96,42.98,30,0,VF RIP U-TREUE,0
70 - 74,NRW,40.98,19.99,30,0,TELEFON HSI,0
18 - 24,KBW,39.98,39.98,226,0,GIGAZUHAUSE KABEL,1
60 - 64,KBW,48.97,48.97,30,0,RED INTERNET & PHONE CABLE U,1
55 - 59,KBW,44.97,44.97,30,0,VF CABLEMAX,0
70 - 74,HSN,64.95,39.98,722,0,RED INTERNET & PHONE CABLE U,0
35 - 39,KBW,24.99,24.99,30,0,INTERNET COMFORT,0
18 - 24,NRW,49.99,49.99,30,0,RED INTERNET & PHONE CABLE U,1
60 - 64,KBW,60.98,39.99,30,0,3PLAY TREUE,1
40 - 44,HSN,39.98,39.98,255,0,GIGAZUHAUSE KABEL,1
65 - 69,KBW,40.95,40.95,30,0,3PLAY,1
50 - 54,KBW,44.98,44.98,30,0,RED INTERNET & PHONE CABLE U,0
55 - 59,HSN,55.98,34.99,30,0,RED INTERNET & PHONE CABLE U,1
70 - 74,HSN,34.99,34.99,30,0,RED INTERNET & PHONE CABLE U,1
55 - 59,NRW,54.98,54.98,245,0,GIGAZUHAUSE KABEL,0
40 - 44,NRW,24.99,24.99,340,0,GIGAZUHAUSE TREUE C,1
18 - 24,KBW,58.98,58.98,66,0,RED INTERNET & PHONE CABLE U,1
35 - 39,HSN,34.99,34.99,30,0,VF RIP U-TREUE,0
60 - 64,NRW,43.97,19.99,30,0,TELEFON HSI,0
35 - 39,NRW,29.99,29.99,30,0,INTERNET PREMIUM,1
45 - 49,NRW,32.99,32.99,30,0,VF RIP U-TREUE,1
25 - 29,NRW,58.98,58.98,30,0,RED INTERNET & PHONE CABLE U,1
55 - 59,KBW,64.18,64.18,30,0,3PLAY + HD BOX + PAY,0
40 - 44,KBW,54.96,49.97,30,0,VF CABLEMAX,1
60 - 64,NRW,57.97,57.97,30,0,RED INTERNET & PHONE CABLE U,0
40 - 44,KBW,44.98,44.98,30,0,VF CABLEMAX,0
30 - 34,KBW,34.99,34.99,30,0,RED INTERNET & PHONE CABLE U,0
25 - 29,NRW,62.98,62.98,291,0,GIGAZUHAUSE KABEL,0
65 - 69,NRW,59.98,44.99,114,0,GIGAZUHAUSE TREUE B,1
30 - 34,NRW,49.99,49.99,30,0,RED INTERNET & PHONE CABLE U,0
65 - 69,NRW,42.99,42.99,343,2,GIGAZUHAUSE TREUE C,1
70 - 74,NRW,71.96,47.97,30,0,VF RIP U-TREUE,1
35 - 39,KBW,72.95,37.99,30,0,VF RIP U-TREUE,1
35 - 39,HSN,44.98,44.98,30,0,RED INTERNET & PHONE CABLE U,0
80 and over,KBW,60.98,39.99,31,0,VF CABLEMAX,1
30 - 34,KBW,24.99,24.99,30,0,INTERNET COMFORT,0
30 - 34,NRW,39.98,39.98,186,0,VF CABLEMAX,0
35 - 39,KBW,29.99,29.99,30,0,VF RIP U-TREUE,0
50 - 54,KBW,29.99,29.99,30,0,VF RIP U-TREUE,0
40 - 44,NRW,34.99,34.99,30,0,RED INTERNET & PHONE CABLE U,0
40 - 44,HSN,9.98,9.98,30,0,HSI HZ BOX ONLY,1
55 - 59,NRW,42.98,44.98,30,0,VF CABLEMAX,1
70 - 74,HSN,42.98,42.98,30,0,VF RIP U-TREUE,1
18 - 24,NRW,43.97,43.97,30,0,VF CABLEMAX,1
30 - 34,KBW,34.99,34.99,30,0,RED INTERNET & PHONE CABLE U,1
70 - 74,NRW,39.99,39.99,30,0,RED INTERNET & PHONE CABLE U,0
45 - 49,NRW,39.98,39.98,182,0,GIGAZUHAUSE KABEL,1
70 - 74,NRW,52.96,24.99,560,0,VF RIP U-TREUE,1
30 - 34,HSN,34.99,34.99,30,0,RED INTERNET & PHONE CABLE U,0
65 - 69,KBW,84.93,49.97,47,0,VF CABLEMAX,0
50 - 54,NRW,72.95,44.98,79,0,VF CABLEMAX,1
55 - 59,KBW,42.99,42.99,315,0,GIGAZUHAUSE TREUE C,1
18 - 24,HSN,44.98,44.98,30,0,RED INTERNET & PHONE CABLE U,1
18 - 24,HSN,44.98,44.98,58,0,RED INTERNET & PHONE CABLE U,1
40 - 44,NRW,29.98,29.98,203,0,GIGAZUHAUSE TREUE C,1
65 - 69,NRW,37.98,32.99,94,0,VF RIP U-TREUE,0
35 - 39,NRW,44.98,44.98,30,0,2PLAY COMFORT,0
35 - 39,NRW,34.98,24.99,645,0,RED INTERNET & PHONE CABLE U,0
55 - 59,HSN,47.96,47.96,30,0,GIGAZUHAUSE KABEL,0
80 and over,NRW,46.96,46.96,30,0,RED INTERNET & PHONE CABLE U,1
70 - 74,NRW,40.99,34.99,30,0,VF RIP U-TREUE,1
35 - 39,NRW,87.95,62.98,309,0,GIGAZUHAUSE KABEL,1
30 - 34,NRW,29.99,29.99,30,0,VF RIP U-TREUE,0
75 - 79,KBW,58.97,32.99,30,0,VF RIP U-TREUE,0
50 - 54,HSN,44.98,44.98,30,0,VF CABLEMAX,0
40 - 44,NRW,70.98,49.99,30,0,VF RIP U-TREUE,0
60 - 64,KBW,39.98,42.98,71,0,VF RIP U-TREUE,0
50 - 54,NRW,44.98,44.98,30,0,VF CABLEMAX,0
30 - 34,HSN,44.98,44.98,30,0,RED INTERNET & PHONE CABLE U,1
35 - 39,KBW,38.98,38.98,30,1,RED INTERNET & PHONE CABLE U,0
18 - 24,HSN,39.99,39.99,30,0,RED INTERNET & PHONE CABLE U,1
35 - 39,KBW,44.98,44.98,30,0,VF CABLEMAX,1
25 - 29,NRW,44.98,44.98,30,0,RED INTERNET & PHONE CABLE U,0
25 - 29,HSN,44.98,44.98,30,0,RED INTERNET & PHONE CABLE U,0
80 and over,HSN,189.88,189.88,30,1,VF CABLEMAX,0
18 - 24,NRW,34.99,34.99,177,0,GIGAZUHAUSE KABEL,0
35 - 39,NRW,49.99,49.99,30,0,GIGAZUHAUSE KABEL,1
40 - 44,NRW,44.98,44.98,30,0,RED INTERNET & PHONE CABLE U,0
60 - 64,NRW,54.98,54.98,30,0,GIGAZUHAUSE KABEL,1
30 - 34,NRW,39.99,39.99,30,0,VF RIP U-TREUE,0
35 - 39,KBW,34.99,34.99,30,0,RED INTERNET & PHONE CABLE U,1
40 - 44,NRW,29.72,29.72,30,0,RED INTERNET & PHONE CABLE U,1
35 - 39,KBW,34.99,34.99,30,0,VF RIP U-TREUE,1
65 - 69,KBW,37.99,38.98,114,0,VF CABLEMAX,1
30 - 34,KBW,32.99,32.99,309,1,GIGAZUHAUSE TREUE B,0
18 - 24,KBW,34.99,34.99,78,0,RED INTERNET & PHONE CABLE U,0
80 and over,KBW,47.98,27.99,318,0,GIGAZUHAUSE TREUE B,0
60 - 64,NRW,54.98,54.98,30,0,VF RIP U-TREUE,0
25 - 29,NRW,49.98,49.98,243,1,GIGAZUHAUSE TREUE B,0
40 - 44,KBW,109.96,109.96,30,0,VF RIP U-TREUE,0
25 - 29,NRW,44.99,44.99,270,0,GIGAZUHAUSE KABEL,0
25 - 29,NRW,49.97,49.97,30,0,VF CABLEMAX,0
18 - 24,HSN,205.84,205.84,30,0,RED INTERNET & PHONE CABLE U,0
45 - 49,NRW,63.97,42.98,30,0,VF RIP U-TREUE,0
60 - 64,NRW,0.0,0.0,30,0,MMA,0
80 and over,KBW,19.99,19.99,30,0,TELEFON HSI,0
45 - 49,KBW,44.98,44.98,30,0,RED INTERNET & PHONE CABLE U,0
60 - 64,NRW,69.96,42.99,368,0,GIGAZUHAUSE TREUE C,1
55 - 59,KBW,38.98,38.98,110,0,GIGAZUHAUSE KABEL,1
40 - 44,KBW,34.99,34.99,224,1,VF CABLEMAX,1
50 - 54,NRW,62.98,62.98,365,0,GIGAZUHAUSE KABEL,1
18 - 24,HSN,29.99,29.99,30,0,INTERNET PREMIUM,0
30 - 34,NRW,34.99,34.99,30,0,2PLAY JUMP,0
50 - 54,NRW,55.95,44.98,30,0,VF CABLEMAX,0
25 - 29,HSN,34.99,34.99,30,0,RED INTERNET & PHONE CABLE U,1
65 - 69,HSN,32.99,32.99,318,0,GIGAZUHAUSE TREUE B,0
60 - 64,KBW,39.99,39.99,30,0,VF RIP U-TREUE,0
30 - 34,NRW,44.98,44.98,30,0,VF CABLEMAX,1
30 - 34,NRW,58.96,39.98,602,1,GIGAZUHAUSE TREUE B,0
30 - 34,KBW,42.97,42.97,84,0,GIGAZUHAUSE KABEL,1
50 - 54,HSN,39.99,39.99,30,0,RED INTERNET & PHONE CABLE U,0
50 - 54,NRW,42.97,42.97,30,0,3PLAY TREUE,0
55 - 59,NRW,43.98,43.98,30,0,RED INTERNET & PHONE CABLE U,1
18 - 24,NRW,34.99,34.99,30,0,RED INTERNET & PHONE CABLE U,1
25 - 29,HSN,58.97,58.97,30,0,RED INTERNET & PHONE CABLE U,1
25 - 29,NRW,24.99,24.99,30,0,INTERNET COMFORT,0
30 - 34,NRW,52.98,52.98,339,0,GIGAZUHAUSE KABEL,1
80 and over,NRW,34.99,34.99,30,0,RED INTERNET & PHONE CABLE U,0
55 - 59,KBW,87.95,62.98,365,0,GIGAZUHAUSE KABEL,1
50 - 54,NRW,65.97,44.98,30,1,RED INTERNET & PHONE CABLE U,0
40 - 44,NRW,52.96,52.96,79,0,VF CABLEMAX,1
35 - 39,KBW,32.99,32.99,30,0,VF RIP U-TREUE,1
25 - 29,HSN,79.97,79.97,78,0,RED INTERNET & PHONE CABLE U,1
75 - 79,KBW,78.95,51.97,267,0,GIGAZUHAUSE KABEL,0
30 - 34,NRW,49.99,49.99,30,0,RED INTERNET & PHONE CABLE U,1
55 - 59,NRW,22.98,22.98,606,0,GIGAZUHAUSE KABEL,0
80 and over,NRW,29.99,29.99,30,0,VF RIP U-TREUE,0
60 - 64,NRW,42.98,42.98,30,3,VF RIP U-TREUE,0
30 - 34,HSN,39.99,39.99,30,0,RED INTERNET & PHONE CABLE U,1
75 - 79,KBW,39.98,34.99,30,0,RED INTERNET & PHONE CABLE U,0
65 - 69,KBW,38.98,38.98,30,0,RED INTERNET & PHONE CABLE U,0
60 - 64,KBW,149.92,149.92,30,0,RED INTERNET & PHONE CABLE U,0
55 - 59,NRW,49.99,49.99,30,0,GIGAZUHAUSE KABEL,1
25 - 29,KBW,34.99,34.99,233,0,GIGAZUHAUSE KABEL,1
35 - 39,NRW,32.98,32.98,256,0,GIGAZUHAUSE TREUE B,0
18 - 24,KBW,29.99,29.99,30,0,VF RIP U-TREUE,1
40 - 44,KBW,44.98,44.98,30,0,VF CABLEMAX,0
25 - 29,NRW,39.98,39.98,151,0,GIGAZUHAUSE KABEL,1
40 - 44,NRW,39.99,39.99,30,0,VF RIP U-TREUE,0
70 - 74,NRW,29.99,29.99,30,0,RED INTERNET & PHONE CABLE U,1
65 - 69,KBW,32.95,32.95,675,0,RED INTERNET & PHONE CABLE U,0
30 - 34,NRW,42.98,42.98,30,0,VF RIP U-TREUE,1
40 - 44,NRW,49.99,49.99,30,0,RED INTERNET & PHONE CABLE U,1
60 - 64,KBW,64.97,44.98,68,0,VF CABLEMAX,0
45 - 49,KBW,44.98,44.98,30,0,VF RIP U-TREUE,0
35 - 39,KBW,54.99,54.99,30,0,RED INTERNET & PHONE CABLE U,1
25 - 29,KBW,34.99,34.99,199,0,GIGAZUHAUSE KABEL,0
18 - 24,KBW,63.98,63.98,169,0,GIGAZUHAUSE KABEL,0
65 - 69,HSN,64.98,64.98,30,0,TREUEPLUS,1
30 - 34,HSN,24.99,24.99,192,1,GIGAZUHAUSE TREUE C,1
80 and over,HSN,37.98,37.98,326,0,GIGAZUHAUSE TREUE D,0
50 - 54,KBW,34.99,34.99,261,0,VF CABLEMAX,0
55 - 59,NRW,70.01,49.65,30,0,3PLAY PLUS,1
25 - 29,NRW,34.99,34.99,30,0,VF RIP U-TREUE,1
35 - 39,NRW,24.99,24.99,30,0,INTERNET COMFORT,0
45 - 49,NRW,48.42,48.42,30,0,3PLAY COMFORT,0
25 - 29,NRW,44.98,44.98,30,0,RED INTERNET & PHONE CABLE U,1
18 - 24,NRW,53.96,53.96,30,0,VF CABLEMAX,1
80 and over,NRW,67.96,42.99,317,0,GIGAZUHAUSE TREUE C,0
50 - 54,NRW,39.99,39.99,30,0,RED INTERNET & PHONE CABLE U,1
25 - 29,KBW,54.97,44.98,30,0,VF CABLEMAX,1
75 - 79,NRW,104.95,59.99,283,0,GIGAZUHAUSE KABEL,0
60 - 64,NRW,44.98,44.98,30,0,RED INTERNET & PHONE CABLE U,1
40 - 44,HSN,52.98,52.98,30,0,3PLAY PLUS HRZ,1
30 - 34,NRW,29.99,29.99,30,0,INTERNET PREMIUM,1
60 - 64,HSN,32.99,32.99,644,0,VF RIP U-TREUE,0
65 - 69,NRW,65.97,34.99,77,0,RED INTERNET & PHONE CABLE U,0
30 - 34,HSN,11.98,11.98,30,0,EAZY,0
50 - 54,NRW,29.99,29.99,30,0,VF RIP U-TREUE,0
30 - 34,KBW,17.99,17.99,30,0,EAZY FLEX,1
50 - 54,NRW,32.99,32.99,96,0,VF RIP U-TREUE,0
55 - 59,KBW,58.98,58.98,30,0,RED INTERNET & PHONE CABLE U,1
65 - 69,HSN,95.91,53.98,577,0,RED INTERNET & PHONE CABLE U,0
50 - 54,KBW,44.97,34.99,577,0,RED INTERNET & PHONE CABLE U,0
40 - 44,KBW,29.99,29.99,225,0,GIGAZUHAUSE TREUE C,0
55 - 59,HSN,34.99,34.99,153,0,GIGAZUHAUSE KABEL,1
50 - 54,NRW,54.99,54.99,99,0,RED INTERNET & PHONE CABLE U,1
40 - 44,KBW,49.98,49.98,397,0,GIGAZUHAUSE KABEL,0
50 - 54,NRW,44.98,44.98,30,0,VF CABLEMAX,0
65 - 69,KBW,37.98,22.99,120,0,GIGAZUHAUSE TREUE B,1
30 - 34,KBW,66.91,35.94,30,0,GIGAZUHAUSE KABEL,1
50 - 54,NRW,49.97,49.97,30,0,VF CABLEMAX,1
50 - 54,KBW,48.97,48.97,30,0,VF CABLEMAX,0
55 - 59,KBW,84.97,54.99,30,0,RED INTERNET & PHONE CABLE U,0
30 - 34,HSN,49.99,49.99,30,0,RED INTERNET & PHONE CABLE U,1
25 - 29,NRW,44.97,44.97,331,0,GIGAZUHAUSE KABEL,1
40 - 44,HSN,37.99,37.99,30,0,VF RIP U-TREUE,0
35 - 39,NRW,19.99,19.99,30,0,EAZY,0
35 - 39,NRW,64.98,64.98,302,0,GIGAZUHAUSE KABEL,0
25 - 29,NRW,44.98,44.98,56,0,RED INTERNET & PHONE CABLE U,1
65 - 69,NRW,34.99,34.99,165,0,GIGAZUHAUSE KABEL,0
70 - 74,KBW,37.97,27.99,500,0,GIGAZUHAUSE TREUE B,1
50 - 54,KBW,29.99,29.99,30,0,VF RIP U-TREUE,0
75 - 79,NRW,71.97,58.98,639,0,RED INTERNET & PHONE CABLE U,0
75 - 79,KBW,50.95,50.95,30,0,3PLAY PLUS MTA,1
25 - 29,KBW,44.98,44.98,30,0,RED INTERNET & PHONE CABLE U,1
18 - 24,NRW,34.99,34.99,109,0,RED INTERNET & PHONE CABLE U,1
25 - 29,NRW,47.98,47.98,280,0,GIGAZUHAUSE KABEL,0
55 - 59,NRW,39.98,39.98,157,0,GIGAZUHAUSE KABEL,1
60 - 64,KBW,45.94,32.95,696,0,RED INTERNET & PHONE CABLE U,1
55 - 59,NRW,44.98,44.98,30,0,RED INTERNET & PHONE CABLE U,1
80 and over,KBW,26.98,19.99,716,0,TELEFON HSI,0
30 - 34,HSN,49.98,39.99,30,0,VF RIP U-TREUE,0
65 - 69,NRW,60.88,39.89,30,0,3PLAY,0
65 - 69,KBW,44.98,44.98,30,0,RED INTERNET & PHONE CABLE U,1
60 - 64,NRW,40.9,40.9,30,0,3PLAY SMART,0
60 - 64,KBW,29.98,29.98,30,0,2PLAY TREU,0
30 - 34,NRW,34.99,34.99,97,0,RED INTERNET & PHONE CABLE U,1
40 - 44,NRW,44.98,44.98,30,0,VF CABLEMAX,0
40 - 44,HSN,34.99,34.99,30,0,VF RIP U-TREUE,0
45 - 49,KBW,49.99,49.99,30,0,VF RIP U-TREUE,1
55 - 59,KBW,29.99,29.99,30,0,VF RIP U-TREUE,1
40 - 44,NRW,37.98,37.98,337,0,GIGAZUHAUSE TREUE B,0
40 - 44,HSN,44.98,44.98,30,0,VF CABLEMAX,1
60 - 64,HSN,79.96,44.98,91,0,VF CABLEMAX,1
30 - 34,NRW,55.96,45.97,30,0,VF RIP U-TREUE,0
45 - 49,NRW,38.97,38.97,30,0,VF CABLEMAX,0
60 - 64,NRW,42.98,29.99,693,0,VF RIP U-TREUE,1
50 - 54,KBW,11.98,11.98,30,0,EAZY,0
45 - 49,KBW,49.99,49.99,30,0,GIGAZUHAUSE KABEL,0
45 - 49,KBW,49.98,34.99,201,0,GIGAZUHAUSE KABEL,0
35 - 39,NRW,39.99,39.99,30,0,VF RIP U-TREUE,1
35 - 39,NRW,88.93,57.96,30,0,2PLAY FLY,0
50 - 54,KBW,52.99,52.99,30,0,RED INTERNET & PHONE CABLE U,1
30 - 34,NRW,29.99,29.99,30,0,GIGAZUHAUSE KABEL,0
25 - 29,KBW,39.98,39.98,30,0,VF RIP U-TREUE,0
35 - 39,KBW,65.88,44.89,30,0,2PLAY PLUS,1
25 - 29,NRW,48.98,48.98,121,0,GIGAZUHAUSE KABEL,1
18 - 24,NRW,52.98,52.98,374,1,GIGAZUHAUSE KABEL,0
65 - 69,HSN,42.97,42.97,30,0,RED INTERNET & PHONE CABLE U,0
55 - 59,NRW,47.96,47.96,30,0,3PLAY START,0
40 - 44,NRW,39.99,39.99,30,0,VF RIP U-TREUE,1
25 - 29,NRW,58.97,37.98,243,0,GIGAZUHAUSE TREUE D,0
65 - 69,NRW,39.99,39.99,30,0,RED INTERNET & PHONE CABLE U,1
18 - 24,KBW,44.98,44.98,96,0,RED INTERNET & PHONE CABLE U,1
30 - 34,NRW,29.99,29.99,30,0,RED INTERNET & PHONE CABLE U,1
18 - 24,HSN,33.98,33.98,30,0,RED INTERNET & PHONE CABLE U,1
80 and over,NRW,54.95,29.98,30,0,GIGAZUHAUSE KABEL,0
45 - 49,KBW,47.97,47.97,30,0,VF RIP U-TREUE,0
40 - 44,NRW,47.99,47.99,30,0,VF RIP U-TREUE,1
60 - 64,NRW,39.99,39.99,30,0,3PLAY TREUE,1
80 and over,KBW,53.96,43.98,30,0,RED INTERNET & PHONE CABLE U,0
35 - 39,NRW,63.96,42.97,30,0,RED INTERNET & PHONE CABLE U,1
35 - 39,KBW,38.98,38.98,71,0,RED INTERNET & PHONE CABLE U,0
40 - 44,HSN,52.98,32.99,81,0,VF RIP U-TREUE,0
65 - 69,KBW,32.99,32.99,30,0,VF RIP U-TREUE,0
45 - 49,NRW,34.99,34.99,30,0,VF RIP U-TREUE,1
30 - 34,KBW,47.99,47.99,30,0,VF RIP U-TREUE,1
80 and over,NRW,44.98,44.98,163,0,VF CABLEMAX,0
25 - 29,NRW,53.98,53.98,30,0,RED INTERNET & PHONE CABLE U,0
30 - 34,NRW,56.95,56.95,30,0,VF CABLEMAX,0
70 - 74,NRW,59.97,44.98,30,0,VF CABLEMAX,0
80 and over,KBW,81.92,34.94,30,0,2PLAY,0
55 - 59,KBW,38.98,38.98,30,0,RED INTERNET & PHONE CABLE U,1
80 and over,KBW,58.93,32.95,30,0,RED INTERNET & PHONE CABLE U,1
30 - 34,NRW,44.98,44.98,30,0,RED INTERNET & PHONE CABLE U,0
65 - 69,KBW,58.35,37.99,30,0,VF RIP U-TREUE,0
55 - 59,NRW,44.98,44.98,30,0,VF CABLEMAX,1
50 - 54,NRW,44.98,44.98,30,0,VF CABLEMAX,1
30 - 34,NRW,49.99,49.99,30,0,RED INTERNET & PHONE CABLE U,0
55 - 59,NRW,50.97,37.98,30,0,VF RIP U-TREUE,1
55 - 59,NRW,69.35,48.36,30,0,3PLAY JUMP,0
50 - 54,NRW,34.99,34.99,365,0,GIGAZUHAUSE TREUE C,0
30 - 34,KBW,34.99,34.99,30,0,VF RIP U-TREUE,1
30 - 34,KBW,84.93,49.97,88,0,VF CABLEMAX,1
35 - 39,KBW,44.98,44.98,30,0,RED INTERNET & PHONE CABLE U,1
60 - 64,KBW,69.95,39.98,491,0,VF CABLEMAX,0
65 - 69,KBW,69.96,44.98,30,0,RED INTERNET & PHONE CABLE U,0
25 - 29,NRW,39.99,39.99,30,0,VF RIP U-TREUE,1
70 - 74,KBW,27.8,27.8,30,0,RED INTERNET & PHONE CABLE U,0
25 - 29,NRW,45.38,45.38,30,0,3PLAY JUMP,0
70 - 74,KBW,57.97,32.99,99,4,VF RIP U-TREUE,1
18 - 24,NRW,39.98,39.98,337,0,GIGAZUHAUSE KABEL,0
60 - 64,KBW,70.35,49.99,30,0,RED INTERNET & PHONE CABLE U,1
45 - 49,NRW,44.98,44.98,79,1,VF CABLEMAX,0
25 - 29,KBW,44.98,44.98,65,0,RED INTERNET & PHONE CABLE U,1
25 - 29,KBW,44.98,44.98,30,0,RED INTERNET & PHONE CABLE U,0
60 - 64,NRW,44.97,44.97,30,0,GIGAZUHAUSE KABEL,0
70 - 74,KBW,54.98,54.98,30,0,GIGAZUHAUSE KABEL,0
65 - 69,NRW,34.99,34.99,30,0,RED INTERNET & PHONE CABLE U,0
50 - 54,NRW,42.97,42.97,30,0,RED INTERNET & PHONE CABLE U,0
70 - 74,HSN,55.35,34.99,30,0,RED INTERNET & PHONE CABLE U,0
60 - 64,KBW,49.97,24.99,215,0,GIGAZUHAUSE TREUE C,0
35 - 39,NRW,34.99,34.99,30,0,RED INTERNET & PHONE CABLE U,0
65 - 69,KBW,42.95,42.95,30,0,2PLAY TREUE,0
30 - 34,KBW,39.98,39.98,235,0,GIGAZUHAUSE TREUE B,0
45 - 49,NRW,39.99,39.99,30,0,RED INTERNET & PHONE CABLE U,0
25 - 29,KBW,17.99,17.99,30,0,EAZY FLEX,1
35 - 39,NRW,64.97,44.98,30,0,VF CABLEMAX,1
45 - 49,KBW,48.97,48.97,46,0,VF CABLEMAX,0
50 - 54,HSN,44.98,44.98,30,0,VF CABLEMAX,1
40 - 44,KBW,59.98,39.99,30,0,VF RIP U-TREUE,1
35 - 39,NRW,59.97,44.98,112,0,VF CABLEMAX,1
55 - 59,NRW,61.96,39.98,549,0,GIGAZUHAUSE TREUE B,0
65 - 69,NRW,44.98,44.98,40,0,VF CABLEMAX,1
25 - 29,KBW,49.97,49.97,30,0,RED INTERNET & PHONE CABLE U,1
40 - 44,NRW,44.98,44.98,30,0,VF CABLEMAX,0
50 - 54,NRW,39.98,39.98,246,0,GIGAZUHAUSE KABEL,1
75 - 79,NRW,49.97,39.99,30,0,VF RIP U-TREUE,0
55 - 59,NRW,49.99,49.99,30,0,RED INTERNET & PHONE CABLE U,0
30 - 34,NRW,34.99,34.99,30,0,RED INTERNET & PHONE CABLE U,1
50 - 54,NRW,71.95,29.99,303,0,VF RIP U-TREUE,1
60 - 64,HSN,70.93,48.96,603,0,VF CABLEMAX,0
70 - 74,KBW,65.96,34.99,30,0,RED INTERNET & PHONE CABLE U,0
75 - 79,HSN,231.86,189.88,30,0,VF CABLEMAX,1
35 - 39,HSN,39.99,39.99,30,0,RED INTERNET & PHONE CABLE U,0
50 - 54,NRW,29.99,29.99,30,0,INTERNET PREMIUM,0
35 - 39,NRW,44.98,44.98,30,0,RED INTERNET & PHONE CABLE U,1
30 - 34,NRW,44.98,44.98,30,0,VF CABLEMAX,0
55 - 59,KBW,49.99,49.99,30,0,RED INTERNET & PHONE CABLE U,0
45 - 49,KBW,55.93,34.94,30,0,RED INTERNET & PHONE CABLE U,0
70 - 74,NRW,42.98,42.98,30,0,VF RIP U-TREUE,0
55 - 59,KBW,60.91,42.93,576,1,VF CABLEMAX,0
30 - 34,KBW,34.99,34.99,30,0,GIGAZUHAUSE TREUE C,1
60 - 64,NRW,73.63,52.64,30,0,3PLAY PLUS,0
25 - 29,NRW,39.98,39.98,239,0,GIGAZUHAUSE KABEL,0
60 - 64,NRW,52.97,42.98,126,0,VF RIP U-TREUE,0
40 - 44,KBW,44.98,44.98,30,0,RED INTERNET & PHONE CABLE U,1
30 - 34,NRW,34.99,34.99,198,0,GIGAZUHAUSE KABEL,0
50 - 54,NRW,74.97,54.98,30,0,VF RIP U-TREUE,0
75 - 79,KBW,60.97,39.98,30,0,VF CABLEMAX,0
25 - 29,NRW,48.97,48.97,30,0,RED INTERNET & PHONE CABLE U,0
40 - 44,KBW,38.98,38.98,30,0,RED INTERNET & PHONE CABLE U,0
65 - 69,NRW,29.99,29.99,30,0,VF RIP U-TREUE,0
35 - 39,NRW,39.98,39.98,197,0,GIGAZUHAUSE KABEL,0
25 - 29,NRW,39.98,39.98,143,0,GIGAZUHAUSE KABEL,1
55 - 59,NRW,42.98,42.98,30,0,VF RIP U-TREUE,1
50 - 54,NRW,42.98,42.98,30,0,VF RIP U-TREUE,1
35 - 39,HSN,52.93,52.93,30,0,3PLAY PLUS MTA,0
60 - 64,KBW,59.33,38.97,30,0,VF RIP U-TREUE,1
25 - 29,NRW,11.98,11.98,30,0,EAZY,0
70 - 74,NRW,80.93,42.97,30,0,3PLAY START,0
18 - 24,KBW,47.99,47.99,30,0,GIGAZUHAUSE KABEL,1
60 - 64,KBW,29.99,29.99,30,0,RED INTERNET & PHONE CABLE U,0
60 - 64,NRW,39.98,39.98,30,0,VF CABLEMAX,1
55 - 59,NRW,44.98,44.98,30,0,VF CABLEMAX,1
80 and over,KBW,68.32,47.96,30,0,3PLAY START,1
35 - 39,NRW,39.98,39.98,30,0,VF CABLEMAX,1
30 - 34,NRW,44.98,44.98,30,0,RED INTERNET & PHONE CABLE U,1
65 - 69,KBW,34.99,34.99,30,0,RED INTERNET & PHONE CABLE U,0
45 - 49,KBW,67.95,34.99,707,0,RED INTERNET & PHONE CABLE U,1
50 - 54,NRW,44.98,44.98,91,0,VF CABLEMAX,1
35 - 39,KBW,43.97,43.97,206,0,GIGAZUHAUSE KABEL,0
35 - 39,NRW,39.99,39.99,30,0,RED INTERNET & PHONE CABLE U,0
25 - 29,KBW,44.98,44.98,30,0,RED INTERNET & PHONE CABLE U,1
25 - 29,KBW,48.97,48.97,66,0,VF CABLEMAX,1
60 - 64,HSN,44.98,44.98,30,1,VF CABLEMAX,1
75 - 79,KBW,34.99,34.99,30,0,RED INTERNET & PHONE CABLE U,1
35 - 39,NRW,61.87,42.97,30,0,3PLAY START,0
65 - 69,KBW,47.99,47.99,30,0,VF RIP U-TREUE,0
50 - 54,KBW,49.99,49.99,30,0,RED INTERNET & PHONE CABLE U,1
40 - 44,KBW,42.98,42.98,30,0,VF RIP U-TREUE,1
50 - 54,HSN,49.98,49.98,137,0,GIGAZUHAUSE TREUE B,1
80 and over,KBW,39.99,39.99,30,0,VF RIP U-TREUE,0
60 - 64,KBW,49.99,49.99,30,0,GIGAZUHAUSE KABEL,0
25 - 29,NRW,39.98,39.98,264,1,VF CABLEMAX,1
30 - 34,NRW,24.98,29.98,225,0,GIGAZUHAUSE TREUE C,0
55 - 59,HSN,49.99,49.99,30,0,GIGAZUHAUSE KABEL,0
25 - 29,NRW,39.98,39.98,313,0,GIGAZUHAUSE TREUE B,0
50 - 54,NRW,39.99,39.99,30,0,RED INTERNET & PHONE CABLE U,0
55 - 59,KBW,73.97,52.98,30,0,VF RIP U-TREUE,0
50 - 54,HSN,34.99,34.99,30,0,RED INTERNET & PHONE CABLE U,0
60 - 64,HSN,34.99,34.99,30,0,RED INTERNET & PHONE CABLE U,0
35 - 39,KBW,34.99,34.99,30,0,RED INTERNET & PHONE CABLE U,1
55 - 59,HSN,54.99,54.99,30,0,RED INTERNET & PHONE CABLE U,1
55 - 59,NRW,90.93,37.99,457,3,VF RIP U-TREUE,1
50 - 54,KBW,49.99,49.99,30,0,GIGAZUHAUSE KABEL,1
50 - 54,NRW,47.98,47.98,354,0,GIGAZUHAUSE KABEL,0
80 and over,KBW,37.78,37.78,30,0,RED INTERNET & PHONE CABLE U,0
45 - 49,KBW,54.99,54.99,30,0,RED INTERNET & PHONE CABLE U,0
55 - 59,KBW,48.97,24.99,30,0,INTERNET COMFORT,0
40 - 44,HSN,54.96,34.99,30,0,RED INTERNET & PHONE CABLE U,0
25 - 29,NRW,39.98,39.98,141,0,GIGAZUHAUSE TREUE B,0
25 - 29,HSN,44.98,44.98,30,2,VF CABLEMAX,1
40 - 44,NRW,54.99,54.99,30,0,RED INTERNET & PHONE CABLE U,1
25 - 29,NRW,44.99,44.99,30,0,RED INTERNET & PHONE CABLE U,0
80 and over,NRW,55.42,55.42,30,0,3PLAY COMFORT,0
35 - 39,NRW,37.98,37.98,399,0,GIGAZUHAUSE KABEL,0
55 - 59,KBW,42.99,42.99,30,0,VF RIP U-TREUE,0
40 - 44,NRW,0.0,0.0,30,0,MMA,0
45 - 49,KBW,34.99,34.99,30,0,VF RIP U-TREUE,0
70 - 74,NRW,34.99,34.99,30,0,RED INTERNET & PHONE CABLE U,1
30 - 34,NRW,43.97,43.97,140,0,GIGAZUHAUSE KABEL,1
30 - 34,NRW,48.98,48.98,152,0,GIGAZUHAUSE KABEL,0
55 - 59,NRW,84.97,49.99,30,0,GIGAZUHAUSE KABEL,0
30 - 34,KBW,39.99,39.99,30,0,VF RIP U-TREUE,1
35 - 39,NRW,34.99,34.99,30,0,RED INTERNET & PHONE CABLE U,0
60 - 64,KBW,82.92,52.96,30,0,VF CABLEMAX,0
40 - 44,KBW,59.97,52.98,30,1,VF RIP U-TREUE,1
25 - 29,KBW,34.99,34.99,30,0,RED INTERNET & PHONE CABLE U,1
75 - 79,KBW,69.95,32.99,491,0,GIGAZUHAUSE TREUE B,1
55 - 59,KBW,44.98,44.98,30,0,VF CABLEMAX,0
80 and over,HSN,44.98,44.98,30,0,VF RIP U-TREUE,1
30 - 34,NRW,44.98,44.98,30,0,RED INTERNET & PHONE CABLE U,1
55 - 59,KBW,72.95,47.98,710,0,GIGAZUHAUSE TREUE B,1
40 - 44,HSN,43.97,43.97,172,0,GIGAZUHAUSE KABEL,1
80 and over,KBW,34.99,34.99,30,0,RED INTERNET & PHONE CABLE U,0
80 and over,NRW,70.96,39.99,30,0,VF RIP U-TREUE,0
25 - 29,HSN,29.99,29.99,30,0,VF RIP U-TREUE,1
30 - 34,NRW,44.98,44.98,30,0,VF CABLEMAX,0
35 - 39,KBW,11.98,11.98,30,0,EAZY,0
55 - 59,KBW,37.99,37.99,30,0,VF RIP U-TREUE,0
60 - 64,NRW,40.98,27.99,695,0,GIGAZUHAUSE TREUE B,0
55 - 59,HSN,75.98,49.99,30,1,GIGAZUHAUSE KABEL,1
30 - 34,NRW,44.98,44.98,30,0,VF CABLEMAX,0
55 - 59,NRW,44.98,44.98,97,0,VF CABLEMAX,0
55 - 59,KBW,59.97,49.99,623,0,GIGAZUHAUSE KABEL,1
55 - 59,KBW,39.97,29.99,506,0,RED INTERNET & PHONE CABLE U,0
80 and over,NRW,53.96,32.97,30,0,RED INTERNET & PHONE CABLE U,1
30 - 34,NRW,34.99,34.99,30,0,RED INTERNET & PHONE CABLE U,1
70 - 74,HSN,70.34,49.98,30,0,TREUEPLUS,1
80 and over,KBW,34.98,25.0,501,0,RED INTERNET & PHONE CABLE U,0
50 - 54,NRW,39.99,39.99,30,0,VF RIP U-TREUE,0
25 - 29,KBW,39.99,39.99,30,0,VF RIP U-TREUE,1
80 and over,NRW,18.98,18.98,30,0,EAZY,0
70 - 74,NRW,47.98,37.99,33,0,VF RIP U-TREUE,0
35 - 39,HSN,52.98,37.99,30,0,VF RIP U-TREUE,0
40 - 44,KBW,24.99,24.99,287,0,GIGAZUHAUSE TREUE C,1
70 - 74,KBW,44.98,29.99,30,0,VF RIP U-TREUE,1
55 - 59,NRW,71.85,50.86,30,0,3PLAY HD BOX,0
60 - 64,KBW,86.9,44.98,669,0,VF CABLEMAX,0
70 - 74,KBW,29.99,29.99,30,0,VF RIP U-TREUE,0
18 - 24,KBW,34.99,34.99,30,0,VF CABLEMAX,1
50 - 54,NRW,52.94,52.94,283,4,GIGAZUHAUSE TREUE C,0
40 - 44,HSN,39.99,39.99,30,0,RED INTERNET & PHONE CABLE U,1
80 and over,HSN,58.88,34.99,47,0,RED INTERNET & PHONE CABLE U,1
50 - 54,HSN,49.99,49.99,220,0,GIGAZUHAUSE KABEL,1
60 - 64,HSN,50.83,37.84,695,0,2PLAY,0
40 - 44,KBW,42.97,42.97,30,0,RED INTERNET & PHONE CABLE U,1
25 - 29,NRW,24.99,24.99,30,0,INTERNET COMFORT,0
30 - 34,KBW,44.98,44.98,30,0,VF CABLEMAX,1
40 - 44,HSN,44.98,44.98,30,0,VF CABLEMAX,0
25 - 29,NRW,34.99,34.99,30,0,RED INTERNET & PHONE CABLE U,1
18 - 24,KBW,149.96,149.96,30,0,RED INTERNET & PHONE CABLE U,1
80 and over,KBW,40.93,30.95,672,0,RED INTERNET & PHONE CABLE U,0
60 - 64,NRW,89.94,52.97,231,0,GIGAZUHAUSE TREUE B,1
55 - 59,NRW,51.84,30.85,30,0,3PLAY,0
45 - 49,KBW,40.98,40.98,30,0,VF RIP U-TREUE,1
40 - 44,NRW,46.98,39.99,30,0,RED INTERNET & PHONE CABLE U,1
60 - 64,KBW,44.98,44.98,30,0,VF RIP U-TREUE,1
35 - 39,NRW,29.99,29.99,30,0,INTERNET PREMIUM,0
75 - 79,NRW,62.96,49.97,517,1,VF CABLEMAX,0
25 - 29,KBW,54.99,54.99,30,0,GIGAZUHAUSE KABEL,0
70 - 74,KBW,69.96,44.98,30,0,VF CABLEMAX,0
35 - 39,NRW,43.98,43.98,30,0,RED INTERNET & PHONE CABLE U,1
60 - 64,NRW,0.0,0.0,30,0,MMA,0
50 - 54,NRW,54.99,54.99,30,0,RED INTERNET & PHONE CABLE U,1
18 - 24,HSN,39.98,39.98,152,0,GIGAZUHAUSE KABEL,1
40 - 44,KBW,44.98,44.98,49,0,RED INTERNET & PHONE CABLE U,0
80 and over,NRW,36.96,16.97,438,0,EAZY,0
80 and over,HSN,173.88,105.92,30,0,TREUEPLUS BASIS,0
70 - 74,HSN,39.99,39.99,30,0,RED INTERNET & PHONE CABLE U,1
30 - 34,KBW,49.99,49.99,387,0,GIGAZUHAUSE TREUE C,0
55 - 59,HSN,42.97,42.97,30,0,RED INTERNET & PHONE CABLE U,1
35 - 39,NRW,39.99,39.99,30,0,RED INTERNET & PHONE CABLE U,0
80 and over,KBW,51.96,51.96,30,0,2PLAY PLUS,1
50 - 54,HSN,37.99,37.99,30,0,VF RIP U-TREUE,0
80 and over,HSN,54.98,34.99,559,0,RED INTERNET & PHONE CABLE U,0
40 - 44,KBW,39.99,39.99,30,0,RED INTERNET & PHONE CABLE U,1
40 - 44,KBW,44.98,44.98,30,0,RED INTERNET & PHONE CABLE U,1
25 - 29,NRW,39.98,39.98,303,0,GIGAZUHAUSE KABEL,1
35 - 39,KBW,39.99,39.99,30,0,RED INTERNET & PHONE CABLE U,1
30 - 34,NRW,44.99,44.99,135,0,GIGAZUHAUSE TREUE B,1
80 and over,HSN,49.97,49.97,30,0,VF CABLEMAX,0
80 and over,NRW,69.96,39.98,334,0,GIGAZUHAUSE KABEL,0
45 - 49,NRW,54.98,54.98,30,0,2PLAY JUMP,0
35 - 39,KBW,60.98,39.99,30,0,VF RIP U-TREUE,0
35 - 39,HSN,54.99,54.99,38,0,RED INTERNET & PHONE CABLE U,1
75 - 79,NRW,44.97,34.99,528,0,RED INTERNET & PHONE CABLE U,1
35 - 39,KBW,141.96,141.96,30,0,VF RIP U-TREUE,1
25 - 29,NRW,11.98,11.98,30,0,EAZY,1
40 - 44,NRW,49.99,49.99,30,0,VF RIP U-TREUE,0
25 - 29,KBW,29.99,29.99,243,0,GIGAZUHAUSE TREUE C,0
25 - 29,HSN,42.97,42.97,257,0,GIGAZUHAUSE KABEL,0
80 and over,KBW,25.0,25.0,30,0,RED INTERNET & PHONE CABLE U,0
80 and over,KBW,55.98,34.99,30,0,RED INTERNET & PHONE CABLE U,1
40 - 44,NRW,42.97,42.97,273,0,GIGAZUHAUSE TREUE D,0
70 - 74,KBW,117.32,37.98,30,0,VF RIP U-TREUE,0
75 - 79,NRW,54.95,38.98,30,1,RED INTERNET & PHONE CABLE U,1
25 - 29,NRW,49.97,49.97,30,0,VF CABLEMAX,1
55 - 59,NRW,39.97,29.99,30,1,VF RIP U-TREUE,1
50 - 54,NRW,39.99,39.99,30,1,VF RIP U-TREUE,0
55 - 59,NRW,49.99,49.99,30,0,RED INTERNET & PHONE CABLE U,0
40 - 44,HSN,29.99,29.99,30,0,VF RIP U-TREUE,0
65 - 69,NRW,42.86,42.86,30,0,3PLAY,1
55 - 59,HSN,37.99,37.99,114,0,VF RIP U-TREUE,1
25 - 29,NRW,44.98,44.98,30,0,VF RIP U-TREUE,0
35 - 39,KBW,39.98,39.98,129,0,GIGAZUHAUSE KABEL,0
40 - 44,NRW,58.98,58.98,30,0,RED INTERNET & PHONE CABLE U,1
45 - 49,NRW,69.97,54.98,178,0,GIGAZUHAUSE TREUE C,0
25 - 29,NRW,44.98,44.98,30,0,VF CABLEMAX,1
35 - 39,KBW,74.96,44.98,74,0,VF CABLEMAX,1
50 - 54,KBW,44.98,44.98,30,0,VF CABLEMAX,1
35 - 39,NRW,29.99,29.99,30,0,VF RIP U-TREUE,0
75 - 79,NRW,65.35,44.99,30,0,3PLAY TREUE,0
75 - 79,KBW,165.92,165.92,30,0,RED INTERNET & PHONE CABLE U,0
80 and over,KBW,54.92,30.95,30,0,GIGAZUHAUSE KABEL,0
55 - 59,KBW,39.99,39.99,30,0,RED INTERNET & PHONE CABLE U,1
25 - 29,NRW,17.99,17.99,30,0,EAZY FLEX,1
30 - 34,KBW,49.97,49.97,53,0,VF CABLEMAX,0
30 - 34,HSN,11.98,11.98,30,0,EAZY,1
40 - 44,HSN,129.92,129.92,30,0,VF RIP U-TREUE,1
30 - 34,NRW,29.99,29.99,243,0,GIGAZUHAUSE TREUE C,0
50 - 54,HSN,161.92,161.92,30,0,VF RIP U-TREUE,1
30 - 34,KBW,45.95,45.95,30,0,3PLAY START,1
75 - 79,NRW,47.98,47.98,281,1,GIGAZUHAUSE TREUE C,1
25 - 29,NRW,49.99,49.99,30,0,RED INTERNET & PHONE CABLE U,1
35 - 39,KBW,24.99,24.99,30,0,INTERNET COMFORT,0
35 - 39,NRW,63.97,42.98,30,0,3PLAY PLUS,1
55 - 59,KBW,60.98,39.99,30,0,RED INTERNET & PHONE CABLE U,0
55 - 59,KBW,30.88,30.88,30,0,RED INTERNET & PHONE CABLE U,0
55 - 59,HSN,32.98,29.99,30,0,VF RIP U-TREUE,1
55 - 59,KBW,46.42,46.42,30,0,3PLAY COMFORT,0
40 - 44,NRW,51.95,34.98,30,0,VF CABLEMAX,1
55 - 59,KBW,35.0,32.99,30,0,VF RIP U-TREUE,0
45 - 49,KBW,24.99,24.99,30,0,INTERNET COMFORT,0
55 - 59,KBW,44.98,44.98,30,0,VF CABLEMAX,0
70 - 74,KBW,47.96,47.96,30,0,RED INTERNET & PHONE CABLE U,1
80 and over,KBW,27.8,27.8,30,0,RED INTERNET & PHONE CABLE U,0
18 - 24,HSN,29.99,29.99,30,0,INTERNET PREMIUM,1
45 - 49,NRW,39.99,39.99,30,0,RED INTERNET & PHONE CABLE U,0
25 - 29,KBW,54.99,54.99,30,0,RED INTERNET & PHONE CABLE U,1
65 - 69,HSN,49.97,39.99,619,0,RED INTERNET & PHONE CABLE U,0
35 - 39,KBW,52.95,42.97,705,0,3PLAY START,1
30 - 34,KBW,34.99,34.99,30,0,RED INTERNET & PHONE CABLE U,1
80 and over,NRW,33.98,33.98,50,2,RED INTERNET & PHONE CABLE U,1
35 - 39,KBW,24.98,24.98,219,1,GIGAZUHAUSE KABEL,1
35 - 39,NRW,29.99,29.99,322,0,GIGAZUHAUSE TREUE C,0
60 - 64,NRW,64.98,44.99,171,0,GIGAZUHAUSE KABEL,1
40 - 44,NRW,47.96,47.96,30,0,3PLAY START,1
55 - 59,KBW,32.99,32.99,30,0,VF RIP U-TREUE,0
75 - 79,KBW,54.98,54.98,30,0,GIGAZUHAUSE KABEL,0
25 - 29,NRW,49.99,49.99,30,0,RED INTERNET & PHONE CABLE U,1
45 - 49,NRW,42.98,42.98,30,0,VF RIP U-TREUE,0
75 - 79,NRW,39.65,39.65,30,0,3PLAY PLUS,1
60 - 64,KBW,44.98,44.98,47,0,VF CABLEMAX,0
60 - 64,HSN,39.98,39.98,30,0,RED INTERNET & PHONE CABLE U,0
30 - 34,NRW,49.99,49.99,266,0,GIGAZUHAUSE KABEL,0
65 - 69,NRW,34.99,34.99,353,0,GIGAZUHAUSE TREUE C,0
35 - 39,HSN,44.98,44.98,30,0,RED INTERNET & PHONE CABLE U,1
25 - 29,NRW,39.98,39.98,126,0,GIGAZUHAUSE KABEL,1
60 - 64,NRW,34.99,34.99,30,0,2PLAY TREUE,0
65 - 69,NRW,42.96,35.98,30,0,RED INTERNET & PHONE CABLE U,1
50 - 54,NRW,49.98,49.98,30,0,TREUEPLUS,0
80 and over,NRW,73.34,52.98,30,0,GIGAZUHAUSE KABEL,1
35 - 39,KBW,39.99,39.99,21,0,RED INTERNET & PHONE CABLE U,1
45 - 49,NRW,42.86,42.86,30,0,3PLAY,0
80 and over,KBW,35.94,35.94,30,0,GIGAZUHAUSE KABEL,0
80 and over,KBW,45.99,25.0,30,0,RED INTERNET & PHONE CABLE U,0
65 - 69,KBW,65.97,44.98,30,0,VF RIP U-TREUE,0
25 - 29,NRW,22.99,22.99,313,0,EAZY,1
50 - 54,KBW,46.73,33.74,692,0,RED INTERNET & PHONE CABLE U,0
35 - 39,NRW,44.98,44.98,81,0,VF CABLEMAX,1
30 - 34,NRW,37.99,37.99,30,0,VF RIP U-TREUE,0
50 - 54,KBW,70.96,44.98,30,0,VF RIP U-TREUE,0
18 - 24,NRW,37.98,37.98,260,0,GIGAZUHAUSE KABEL,1
55 - 59,KBW,29.99,29.99,30,0,INTERNET PREMIUM,0
60 - 64,NRW,34.99,34.99,30,0,RED INTERNET & PHONE CABLE U,1
50 - 54,KBW,44.98,44.98,30,0,VF CABLEMAX,0
18 - 24,KBW,42.97,42.97,269,0,GIGAZUHAUSE KABEL,0
40 - 44,KBW,52.76,43.78,636,0,GIGAZUHAUSE KABEL,0
65 - 69,HSN,47.97,47.97,30,0,VF RIP U-TREUE,0
70 - 74,NRW,29.99,29.99,30,0,VF RIP U-TREUE,0
25 - 29,HSN,62.98,62.98,311,0,GIGAZUHAUSE KABEL,0
50 - 54,NRW,66.37,45.38,30,0,3PLAY JUMP,0
35 - 39,HSN,29.98,29.98,283,0,GIGAZUHAUSE TREUE C,0
45 - 49,NRW,44.98,44.98,30,0,VF CABLEMAX,0
80 and over,HSN,74.4,43.42,30,0,GIGAZUHAUSE KABEL,1
60 - 64,KBW,54.97,39.98,30,2,VF CABLEMAX,1
50 - 54,KBW,44.98,44.98,30,0,VF CABLEMAX,1
45 - 49,NRW,39.98,39.98,121,0,GIGAZUHAUSE KABEL,1
60 - 64,NRW,34.99,34.99,177,0,RED INTERNET & PHONE CABLE U,1
70 - 74,NRW,38.98,38.98,30,1,RED INTERNET & PHONE CABLE U,0
55 - 59,NRW,42.98,42.98,30,0,VF RIP U-TREUE,1
35 - 39,NRW,48.97,48.97,30,0,RED INTERNET & PHONE CABLE U,1
40 - 44,NRW,19.99,29.99,61,1,RED INTERNET & PHONE CABLE U,1
35 - 39,NRW,29.99,29.99,43,0,VF RIP U-TREUE,1
18 - 24,NRW,34.99,34.99,92,0,RED INTERNET & PHONE CABLE U,1
30 - 34,NRW,48.42,48.42,30,0,3PLAY COMFORT,1
60 - 64,HSN,24.99,24.99,333,0,GIGAZUHAUSE TREUE C,1
40 - 44,NRW,29.99,29.99,30,0,RED INTERNET & PHONE CABLE U,0
45 - 49,NRW,34.99,34.99,151,0,GIGAZUHAUSE KABEL,1
60 - 64,HSN,63.96,43.97,151,0,GIGAZUHAUSE KABEL,0
25 - 29,NRW,24.99,24.99,30,0,VF RIP U-TREUE,1
35 - 39,KBW,34.99,34.99,37,1,RED INTERNET & PHONE CABLE U,1
30 - 34,KBW,13.99,13.99,30,0,EAZY,1
30 - 34,KBW,39.98,39.98,142,0,GIGAZUHAUSE KABEL,1
45 - 49,KBW,54.96,44.98,30,0,VF CABLEMAX,0
60 - 64,NRW,34.98,24.99,123,0,GIGAZUHAUSE TREUE C,1
25 - 29,KBW,34.99,34.99,30,0,RED INTERNET & PHONE CABLE U,1
25 - 29,NRW,44.98,44.98,30,0,VF CABLEMAX,0
65 - 69,NRW,85.85,49.99,30,0,GIGAZUHAUSE TREUE C,1
30 - 34,NRW,49.99,49.99,30,0,RED INTERNET & PHONE CABLE U,1
35 - 39,NRW,44.97,44.97,30,0,VF CABLEMAX,1
30 - 34,NRW,22.99,22.99,30,0,EAZY FLEX,0
30 - 34,NRW,37.99,37.99,30,0,VF RIP U-TREUE,1
25 - 29,NRW,24.99,24.99,294,1,GIGAZUHAUSE TREUE C,1
45 - 49,NRW,47.99,47.99,30,0,VF RIP U-TREUE,0
30 - 34,NRW,34.99,34.99,30,0,RED INTERNET & PHONE CABLE U,0
65 - 69,HSN,189.88,189.88,30,0,RED INTERNET & PHONE CABLE U,1
30 - 34,NRW,25.98,35.98,259,0,GIGAZUHAUSE TREUE B,1
60 - 64,KBW,24.99,24.99,268,0,GIGAZUHAUSE TREUE C,0
70 - 74,KBW,60.35,39.99,30,0,RED INTERNET & PHONE CABLE U,0
35 - 39,NRW,29.99,29.99,30,0,VF RIP U-TREUE,0
35 - 39,KBW,44.98,44.98,91,0,VF CABLEMAX,1
60 - 64,HSN,44.98,44.98,66,1,RED INTERNET & PHONE CABLE U,1
50 - 54,HSN,40.86,40.86,30,0,2PLAY,0
55 - 59,KBW,49.97,49.97,30,2,VF CABLEMAX,0
55 - 59,HSN,74.94,37.98,78,0,VF RIP U-TREUE,0
60 - 64,HSN,24.99,24.99,295,0,GIGAZUHAUSE TREUE C,0
30 - 34,KBW,169.92,169.92,30,0,RED INTERNET & PHONE CABLE U,0
35 - 39,NRW,58.98,58.98,86,0,RED INTERNET & PHONE CABLE U,0
30 - 34,KBW,94.96,94.96,30,0,RED INTERNET & PHONE CABLE U,1
80 and over,HSN,70.98,49.99,30,0,GIGAZUHAUSE KABEL,0
65 - 69,NRW,25.0,25.0,695,0,RED INTERNET & PHONE CABLE U,0
25 - 29,KBW,34.99,34.99,30,0,RED INTERNET & PHONE CABLE U,1
75 - 79,KBW,68.31,47.95,30,0,3PLAY PLUS MTA,0
80 and over,NRW,34.99,34.99,303,0,GIGAZUHAUSE TREUE C,1
65 - 69,NRW,59.97,34.99,82,1,VF RIP U-TREUE,1
30 - 34,NRW,53.96,53.96,30,0,VF CABLEMAX,0
45 - 49,NRW,62.97,42.98,30,0,VF RIP U-TREUE,0
60 - 64,KBW,49.99,49.99,30,0,GIGAZUHAUSE KABEL,1
45 - 49,NRW,38.98,38.98,30,0,RED INTERNET & PHONE CABLE U,0
35 - 39,KBW,34.99,34.99,208,0,VF CABLEMAX,1
40 - 44,KBW,24.98,34.98,126,0,RED INTERNET & PHONE CABLE U,1
65 - 69,NRW,40.97,24.99,98,0,VF RIP U-TREUE,0
45 - 49,NRW,39.98,39.98,30,1,VF CABLEMAX,1
30 - 34,KBW,39.99,39.99,30,0,RED INTERNET & PHONE CABLE U,1
65 - 69,KBW,68.96,42.98,30,0,GIGAZUHAUSE KABEL,0
40 - 44,NRW,0.0,0.0,30,0,MMA,0
35 - 39,NRW,39.99,39.99,30,0,RED INTERNET & PHONE CABLE U,1
70 - 74,NRW,39.98,39.98,10,0,VF RIP U-TREUE,0
50 - 54,HSN,49.99,49.99,30,0,RED INTERNET & PHONE CABLE U,0
25 - 29,NRW,49.97,49.97,30,0,RED INTERNET & PHONE CABLE U,1
55 - 59,KBW,31.97,32.98,163,0,GIGAZUHAUSE TREUE B,1
45 - 49,NRW,44.98,44.98,30,0,VF CABLEMAX,1
65 - 69,HSN,64.96,39.98,30,0,RED INTERNET & PHONE CABLE U,1
30 - 34,NRW,47.98,47.98,360,0,GIGAZUHAUSE KABEL,0
30 - 34,KBW,22.99,22.99,353,0,EAZY,0
35 - 39,KBW,34.99,34.99,30,0,RED INTERNET & PHONE CABLE U,1
60 - 64,KBW,37.99,37.99,30,0,VF RIP U-TREUE,0
18 - 24,NRW,104.94,64.98,329,0,GIGAZUHAUSE KABEL,1
50 - 54,KBW,44.98,44.98,30,0,VF CABLEMAX,0
55 - 59,NRW,101.82,58.84,30,0,3PLAY PREMIUM,1
60 - 64,NRW,61.97,34.99,30,2,RED INTERNET & PHONE CABLE U,1
40 - 44,NRW,75.94,39.98,278,1,VF CABLEMAX,0
50 - 54,NRW,19.99,19.99,159,0,GIGAZUHAUSE TREUE C,1
25 - 29,NRW,37.98,37.98,254,0,GIGAZUHAUSE KABEL,1
60 - 64,KBW,50.98,50.98,30,0,VF RIP U-TREUE,1
25 - 29,NRW,44.99,44.99,242,0,GIGAZUHAUSE KABEL,1
80 and over,NRW,39.99,39.99,30,0,RED INTERNET & PHONE CABLE U,1
30 - 34,NRW,24.99,24.99,30,0,INTERNET COMFORT,0
55 - 59,KBW,34.99,34.99,394,0,GIGAZUHAUSE TREUE C,0
40 - 44,NRW,34.99,34.99,30,0,RED INTERNET & PHONE CABLE U,1
55 - 59,HSN,49.99,49.99,30,0,RED INTERNET & PHONE CABLE U,1
30 - 34,NRW,54.99,54.99,30,0,RED INTERNET & PHONE CABLE U,1
25 - 29,NRW,52.98,52.98,370,0,GIGAZUHAUSE KABEL,0
25 - 29,NRW,39.98,39.98,30,0,RED INTERNET & PHONE CABLE U,0
25 - 29,NRW,44.98,44.98,30,0,RED INTERNET & PHONE CABLE U,1
30 - 34,NRW,44.98,44.98,30,0,VF CABLEMAX,1
25 - 29,NRW,79.98,59.99,197,0,GIGAZUHAUSE KABEL,0
80 and over,NRW,53.96,32.97,30,0,2PLAY TREUE,0
35 - 39,HSN,34.99,34.99,199,0,GIGAZUHAUSE KABEL,0
80 and over,KBW,60.34,39.98,30,0,GIGAZUHAUSE KABEL,0
40 - 44,KBW,90.94,44.98,30,0,VF RIP U-TREUE,1
55 - 59,NRW,44.98,44.98,99,0,VF CABLEMAX,1
45 - 49,NRW,49.97,49.97,30,0,VF CABLEMAX,1
35 - 39,KBW,37.99,37.99,30,0,VF RIP U-TREUE,0
30 - 34,NRW,44.98,44.98,30,0,VF CABLEMAX,1
60 - 64,HSN,37.98,37.98,302,2,GIGAZUHAUSE TREUE D,0
35 - 39,KBW,39.98,39.98,239,0,GIGAZUHAUSE KABEL,0
60 - 64,KBW,83.53,62.54,30,0,2PLAY,1
45 - 49,NRW,49.96,39.97,30,0,VF CABLEMAX,1
55 - 59,KBW,34.99,34.99,30,0,RED INTERNET & PHONE CABLE U,0
80 and over,NRW,39.98,39.98,210,0,GIGAZUHAUSE KABEL,1
55 - 59,KBW,79.94,44.98,30,0,VF CABLEMAX,0
40 - 44,NRW,22.99,22.99,162,0,GIGAZUHAUSE TREUE B,1
65 - 69,HSN,44.98,44.98,30,0,RED INTERNET & PHONE CABLE U,0
60 - 64,NRW,54.98,39.99,30,0,RED INTERNET & PHONE CABLE U,0
35 - 39,HSN,34.99,34.99,30,0,RED INTERNET & PHONE CABLE U,1
70 - 74,KBW,44.98,44.98,30,0,VF CABLEMAX,1
35 - 39,NRW,39.98,39.98,165,0,VF CABLEMAX,1
25 - 29,NRW,34.99,34.99,30,0,RED INTERNET & PHONE CABLE U,1
18 - 24,NRW,27.98,27.98,228,0,GIGAZUHAUSE TREUE C,0
50 - 54,NRW,67.97,62.98,387,0,GIGAZUHAUSE KABEL,0
80 and over,KBW,33.74,33.74,30,0,RED INTERNET & PHONE CABLE U,1
75 - 79,HSN,64.94,29.99,608,0,RED INTERNET & PHONE CABLE U,0
60 - 64,NRW,0.0,0.0,30,0,VF CABLEMAX FULL FLEX,1
60 - 64,NRW,29.99,29.99,30,0,VF RIP U-TREUE,1
25 - 29,KBW,39.99,39.99,30,0,2PLAY JUMP,0
55 - 59,KBW,39.99,39.99,193,0,VF CABLEMAX,1
40 - 44,NRW,56.97,49.98,656,0,RED INTERNET & PHONE CABLE U,0
65 - 69,NRW,29.99,29.99,30,0,VF RIP U-TREUE,0
35 - 39,NRW,34.99,34.99,30,0,RED INTERNET & PHONE CABLE U,0
40 - 44,KBW,33.74,33.74,30,0,RED INTERNET & PHONE CABLE U,0
25 - 29,NRW,54.99,54.99,30,0,RED INTERNET & PHONE CABLE U,1
65 - 69,NRW,60.35,39.99,30,0,VF RIP U-TREUE,1
55 - 59,HSN,32.97,32.97,30,0,RED INTERNET & PHONE CABLE U,0
35 - 39,KBW,44.98,44.98,30,0,RED INTERNET & PHONE CABLE U,0
55 - 59,NRW,66.96,34.98,669,0,VF CABLEMAX,1
65 - 69,NRW,42.97,42.97,30,0,GIGAZUHAUSE KABEL,1
30 - 34,NRW,44.98,44.98,30,0,RED INTERNET & PHONE CABLE U,1
60 - 64,NRW,81.12,59.99,221,0,GIGAZUHAUSE KABEL,0
55 - 59,NRW,64.95,44.98,155,0,VF CABLEMAX,1
80 and over,KBW,39.99,39.99,46,0,RED INTERNET & PHONE CABLE U,0
25 - 29,KBW,44.98,44.98,30,0,VF CABLEMAX,0
80 and over,NRW,52.98,32.99,172,0,GIGAZUHAUSE TREUE B,1
55 - 59,NRW,39.98,39.98,133,0,GIGAZUHAUSE KABEL,1
40 - 44,NRW,55.97,49.99,30,0,RED INTERNET & PHONE CABLE U,0
40 - 44,HSN,49.99,49.99,30,0,RED INTERNET & PHONE CABLE U,1
50 - 54,KBW,65.97,44.98,30,0,VF RIP U-TREUE,0
55 - 59,HSN,91.93,44.98,30,0,VF CABLEMAX,0
50 - 54,KBW,64.95,44.98,716,0,VF RIP U-TREUE,0
55 - 59,HSN,76.82,55.83,30,0,3PLAY FLY,1
25 - 29,NRW,54.99,54.99,33,0,RED INTERNET & PHONE CABLE U,1
80 and over,HSN,23.97,24.99,651,0,RED INTERNET & PHONE CABLE U,0
18 - 24,NRW,39.99,39.99,95,0,RED INTERNET & PHONE CABLE U,1
60 - 64,NRW,72.95,37.99,596,0,VF RIP U-TREUE,0
60 - 64,NRW,32.98,37.98,30,0,2PLAY PLUS,0
65 - 69,NRW,15.55,15.55,30,0,HSI HZ BOX ONLY,1
45 - 49,KBW,49.98,49.98,246,0,GIGAZUHAUSE KABEL,0
18 - 24,KBW,62.96,42.97,696,0,VF CABLEMAX,1
60 - 64,KBW,60.98,39.99,30,0,RED INTERNET & PHONE CABLE U,1
40 - 44,NRW,42.98,42.98,30,0,VF RIP U-TREUE,1
55 - 59,NRW,64.96,49.97,30,0,VF CABLEMAX,0
50 - 54,NRW,23.0,23.0,30,0,INTERNET,0
40 - 44,NRW,48.97,48.97,30,0,RED INTERNET & PHONE CABLE U,1
60 - 64,HSN,48.97,48.97,30,0,RED INTERNET & PHONE CABLE U,0
60 - 64,KBW,49.99,49.99,30,0,VF RIP U-TREUE,0
35 - 39,KBW,121.96,121.96,30,0,VF RIP U-TREUE,1
30 - 34,NRW,54.99,54.99,30,0,RED INTERNET & PHONE CABLE U,0
80 and over,NRW,62.97,37.99,30,0,VF RIP U-TREUE,1
70 - 74,KBW,49.99,49.99,30,0,RED INTERNET & PHONE CABLE U,1
55 - 59,HSN,54.99,54.99,30,0,RED INTERNET & PHONE CABLE U,1
70 - 74,NRW,37.99,37.99,30,0,VF RIP U-TREUE,1
40 - 44,NRW,29.99,29.99,30,0,VF RIP U-TREUE,1
65 - 69,KBW,63.96,42.97,30,0,3PLAY START,0
70 - 74,NRW,59.97,44.98,30,0,VF CABLEMAX,0
55 - 59,HSN,30.99,39.98,55,0,VF CABLEMAX,0
55 - 59,KBW,59.97,44.98,30,2,VF CABLEMAX,0
18 - 24,KBW,39.99,39.99,30,0,RED INTERNET & PHONE CABLE U,0
60 - 64,KBW,24.99,24.99,373,1,GIGAZUHAUSE TREUE C,0
50 - 54,NRW,39.99,39.99,58,0,RED INTERNET & PHONE CABLE U,0
55 - 59,NRW,69.97,39.99,56,0,VF CABLEMAX,0
50 - 54,NRW,49.98,49.98,30,0,TREUEPLUS,1
40 - 44,NRW,29.98,29.98,162,0,GIGAZUHAUSE TREUE C,1
75 - 79,NRW,49.98,29.99,30,0,VF RIP U-TREUE,0
30 - 34,NRW,44.98,44.98,147,0,VF CABLEMAX,1
55 - 59,KBW,47.96,37.98,426,0,VF RIP U-TREUE,0
45 - 49,KBW,34.99,34.99,30,0,RED INTERNET & PHONE CABLE U,1
18 - 24,HSN,0.0,0.0,30,0,MMA,0
25 - 29,HSN,42.98,42.98,56,0,VF CABLEMAX,1
30 - 34,KBW,39.99,39.99,30,0,VF RIP U-TREUE,0
35 - 39,NRW,18.99,18.99,138,0,EAZY,0
55 - 59,KBW,62.98,62.98,268,0,GIGAZUHAUSE KABEL,0
25 - 29,KBW,34.99,34.99,30,0,RED INTERNET & PHONE CABLE U,1
75 - 79,HSN,46.99,44.99,217,1,GIGAZUHAUSE KABEL,0
50 - 54,HSN,32.99,32.99,30,0,VF RIP U-TREUE,1
35 - 39,KBW,54.98,54.98,30,0,GIGAZUHAUSE KABEL,1
50 - 54,KBW,32.99,32.99,30,0,VF RIP U-TREUE,1
70 - 74,NRW,37.98,37.98,30,0,VF RIP U-TREUE,1
70 - 74,NRW,55.97,34.98,30,0,VF RIP U-TREUE,0
70 - 74,KBW,60.98,39.99,30,0,VF RIP U-TREUE,0
60 - 64,KBW,96.94,59.98,30,0,RED INTERNET & PHONE CABLE U,0
60 - 64,HSN,58.89,37.9,30,0,3PLAY,0
70 - 74,HSN,61.3,30.95,118,0,RED INTERNET & PHONE CABLE U,1
40 - 44,NRW,54.99,54.99,30,0,RED INTERNET & PHONE CABLE U,0
40 - 44,NRW,37.99,37.99,30,0,VF RIP U-TREUE,0
35 - 39,KBW,42.97,42.97,30,0,RED INTERNET & PHONE CABLE U,0
70 - 74,NRW,34.98,29.99,30,0,VF RIP U-TREUE,1
18 - 24,NRW,48.97,48.97,38,0,VF CABLEMAX,1
30 - 34,KBW,34.99,34.99,168,0,VF CABLEMAX,1
18 - 24,NRW,45.96,42.97,296,0,GIGAZUHAUSE KABEL,1
25 - 29,KBW,54.99,54.99,30,0,RED INTERNET & PHONE CABLE U,0
25 - 29,KBW,49.97,49.97,24,0,VF CABLEMAX,1
65 - 69,KBW,53.98,32.99,30,0,VF RIP U-TREUE,1
40 - 44,NRW,54.99,54.99,30,0,RED INTERNET & PHONE CABLE U,1
30 - 34,KBW,39.98,39.98,64,0,VF CABLEMAX,0
80 and over,HSN,33.85,33.85,30,0,RED INTERNET & PHONE CABLE U,0
35 - 39,KBW,54.98,54.98,30,0,RED INTERNET & PHONE CABLE U,1
40 - 44,NRW,39.99,39.99,199,0,RED INTERNET & PHONE CABLE U,1
75 - 79,NRW,38.98,38.98,30,0,RED INTERNET & PHONE CABLE U,0
55 - 59,NRW,39.99,39.99,30,0,VF RIP U-TREUE,1
35 - 39,NRW,64.96,44.97,30,0,VF CABLEMAX,1
35 - 39,KBW,31.97,31.97,30,1,INTERNET COMFORT,0
75 - 79,NRW,60.96,37.98,532,0,GIGAZUHAUSE KABEL,0
25 - 29,HSN,24.99,24.99,280,1,GIGAZUHAUSE TREUE C,1
60 - 64,NRW,64.97,43.98,30,0,3PLAY TREUE,0
45 - 49,NRW,80.95,49.97,30,0,RED INTERNET & PHONE CABLE U,1
55 - 59,KBW,47.96,47.96,30,0,RED INTERNET & PHONE CABLE U,0
70 - 74,KBW,39.99,39.99,30,0,VF RIP U-TREUE,0
30 - 34,NRW,44.98,44.98,30,0,RED INTERNET & PHONE CABLE U,0
55 - 59,HSN,74.32,53.96,30,0,VF CABLEMAX,0
30 - 34,NRW,32.99,32.99,30,0,VF RIP U-TREUE,0
55 - 59,KBW,44.98,44.98,30,0,VF CABLEMAX,1
25 - 29,NRW,37.98,37.98,296,0,GIGAZUHAUSE KABEL,0
25 - 29,KBW,44.98,44.98,30,0,VF CABLEMAX,0
40 - 44,HSN,40.97,24.99,576,0,VF RIP U-TREUE,1
45 - 49,HSN,189.96,189.96,30,0,RED INTERNET & PHONE CABLE U,0
30 - 34,NRW,39.98,39.98,136,0,GIGAZUHAUSE KABEL,1
80 and over,NRW,70.32,35.98,30,0,RED INTERNET & PHONE CABLE U,1
35 - 39,HSN,52.96,52.96,91,0,VF CABLEMAX,0
18 - 24,NRW,44.98,44.98,80,0,VF CABLEMAX,1
40 - 44,HSN,169.92,169.92,30,0,VF CABLEMAX,0
55 - 59,KBW,37.98,37.98,292,0,GIGAZUHAUSE KABEL,1
30 - 34,KBW,44.98,44.98,30,0,RED INTERNET & PHONE CABLE U,1
45 - 49,NRW,42.98,42.98,30,0,VF RIP U-TREUE,0
40 - 44,KBW,70.98,49.99,30,0,VF RIP U-TREUE,0
60 - 64,KBW,51.35,30.99,30,0,GIGAZUHAUSE KABEL,0
70 - 74,NRW,67.96,37.98,120,0,GIGAZUHAUSE TREUE B,0
50 - 54,HSN,129.96,129.96,30,0,RED INTERNET & PHONE CABLE U,0
40 - 44,NRW,62.98,62.98,371,0,GIGAZUHAUSE KABEL,0
25 - 29,NRW,47.99,47.99,30,0,VF RIP U-TREUE,0
40 - 44,NRW,46.99,44.99,383,1,GIGAZUHAUSE TREUE C,1
40 - 44,NRW,39.98,39.98,86,1,VF CABLEMAX,1
65 - 69,HSN,84.96,54.98,157,0,GIGAZUHAUSE KABEL,0
35 - 39,NRW,49.97,49.97,30,0,VF CABLEMAX,1
25 - 29,NRW,44.98,44.98,30,0,RED INTERNET & PHONE CABLE U,0
30 - 34,NRW,69.96,44.98,129,0,VF CABLEMAX,1
35 - 39,NRW,40.0,40.0,30,0,2PLAY PLUS,0
55 - 59,NRW,34.99,34.99,30,0,RED INTERNET & PHONE CABLE U,0
60 - 64,HSN,30.95,30.95,30,0,RED INTERNET & PHONE CABLE U,0
60 - 64,KBW,109.96,89.97,35,0,VF CABLEMAX,0
80 and over,NRW,29.99,29.99,30,0,RED INTERNET & PHONE CABLE U,0
80 and over,KBW,19.99,19.99,30,0,TELEFON HSI,0
18 - 24,NRW,44.98,44.98,30,0,VF CABLEMAX,1
50 - 54,NRW,34.99,34.99,30,0,RED INTERNET & PHONE CABLE U,1
80 and over,NRW,34.99,34.99,30,0,RED INTERNET & PHONE CABLE U,0
60 - 64,KBW,17.99,17.99,30,0,EAZY FLEX,0
50 - 54,NRW,60.98,39.99,30,0,VF RIP U-TREUE,0
55 - 59,KBW,100.95,49.99,202,0,GIGAZUHAUSE TREUE C,1
80 and over,KBW,27.8,27.8,30,0,GIGAZUHAUSE KABEL,0
60 - 64,KBW,74.95,49.97,30,0,VF CABLEMAX,1
50 - 54,HSN,169.92,169.92,30,0,VF CABLEMAX,1
25 - 29,HSN,39.99,39.99,30,0,RED INTERNET & PHONE CABLE U,0
40 - 44,NRW,69.96,44.98,30,0,VF CABLEMAX,0
55 - 59,KBW,52.98,32.99,30,0,VF RIP U-TREUE,1
30 - 34,NRW,34.99,34.99,30,0,RED INTERNET & PHONE CABLE U,0
70 - 74,NRW,38.98,38.98,30,0,RED INTERNET & PHONE CABLE U,1
80 and over,KBW,34.99,34.99,30,0,VF RIP U-TREUE,1
60 - 64,NRW,38.84,38.84,30,0,3PLAY,0
55 - 59,KBW,80.96,44.98,186,0,RED INTERNET & PHONE CABLE U,0
55 - 59,NRW,60.98,44.98,30,0,VF CABLEMAX,0
80 and over,KBW,28.74,28.74,30,0,GIGAZUHAUSE KABEL,0
60 - 64,NRW,39.98,39.98,30,0,GIGAZUHAUSE KABEL,1
25 - 29,NRW,44.98,44.98,30,0,RED INTERNET & PHONE CABLE U,1
75 - 79,NRW,24.99,24.99,30,0,RED INTERNET & PHONE CABLE U,0
70 - 74,KBW,54.1,33.74,30,0,RED INTERNET & PHONE CABLE U,0
55 - 59,HSN,44.98,44.98,30,0,RED INTERNET & PHONE CABLE U,0
18 - 24,KBW,42.97,42.97,30,0,RED INTERNET & PHONE CABLE U,1
75 - 79,NRW,66.96,34.99,277,0,GIGAZUHAUSE KABEL,0
60 - 64,NRW,50.84,50.84,30,0,3PLAY FLY,0
35 - 39,NRW,44.98,44.98,30,0,RED INTERNET & PHONE CABLE U,1
35 - 39,NRW,62.97,37.99,30,0,VF RIP U-TREUE,1
25 - 29,NRW,24.99,24.99,30,0,RED INTERNET & PHONE CABLE U,1
65 - 69,KBW,27.99,27.99,30,0,GIGAZUHAUSE KABEL,0
40 - 44,KBW,48.98,48.98,143,0,GIGAZUHAUSE KABEL,0
35 - 39,NRW,44.97,44.97,137,0,VF CABLEMAX,1
65 - 69,KBW,34.99,34.99,151,0,GIGAZUHAUSE KABEL,1
45 - 49,KBW,33.94,30.95,30,0,RED INTERNET & PHONE CABLE U,1
35 - 39,HSN,189.96,189.96,30,0,RED INTERNET & PHONE CABLE U,1
50 - 54,HSN,66.92,37.97,30,0,RED INTERNET & PHONE CABLE U,1
25 - 29,HSN,39.99,39.99,30,0,RED INTERNET & PHONE CABLE U,0
80 and over,NRW,44.98,44.98,30,0,VF CABLEMAX,0
50 - 54,KBW,69.97,34.99,70,0,RED INTERNET & PHONE CABLE U,1
55 - 59,NRW,20.97,20.97,30,0,1PLAY,0
65 - 69,NRW,54.98,29.99,30,0,VF RIP U-TREUE,0
55 - 59,NRW,63.96,42.97,30,4,RED INTERNET & PHONE CABLE U,1
60 - 64,NRW,69.96,48.97,30,0,RED INTERNET & PHONE CABLE U,0
60 - 64,KBW,37.96,37.96,30,0,GIGAZUHAUSE KABEL,1
45 - 49,KBW,49.97,49.97,30,0,VF CABLEMAX,0
25 - 29,NRW,66.96,66.96,38,0,RED INTERNET & PHONE CABLE U,0
65 - 69,NRW,49.96,42.97,714,0,3PLAY START,1
50 - 54,NRW,39.99,39.99,30,0,VF RIP U-TREUE,1
25 - 29,HSN,49.99,49.99,30,0,RED INTERNET & PHONE CABLE U,1
45 - 49,NRW,49.97,49.97,98,0,VF CABLEMAX,1
65 - 69,KBW,58.14,37.78,30,0,GIGAZUHAUSE KABEL,0
70 - 74,KBW,44.98,44.98,30,0,VF CABLEMAX,1
75 - 79,NRW,61.89,40.9,30,0,3PLAY SMART,0
40 - 44,HSN,17.99,17.99,72,0,EAZY FLEX,1
30 - 34,HSN,44.97,44.97,30,1,VF CABLEMAX,1
25 - 29,NRW,0.0,0.0,30,0,MMA,0
55 - 59,KBW,29.99,29.99,30,0,RED INTERNET & PHONE CABLE U,1
30 - 34,NRW,34.99,34.99,30,0,RED INTERNET & PHONE CABLE U,0
30 - 34,KBW,44.98,44.98,30,0,VF CABLEMAX,0
30 - 34,KBW,49.97,49.97,30,0,VF CABLEMAX,1
35 - 39,NRW,29.99,29.99,30,0,RED INTERNET & PHONE CABLE U,0
45 - 49,NRW,49.96,29.99,30,0,VF RIP U-TREUE,1
70 - 74,NRW,34.99,34.99,30,0,RED INTERNET & PHONE CABLE U,0
75 - 79,NRW,34.99,34.99,30,0,RED INTERNET & PHONE CABLE U,0
75 - 79,NRW,62.48,39.99,698,0,VF RIP U-TREUE,0
45 - 49,KBW,58.97,58.97,30,0,RED INTERNET & PHONE CABLE U,0
25 - 29,KBW,34.99,34.99,30,0,RED INTERNET & PHONE CABLE U,0
50 - 54,KBW,47.98,47.98,351,0,GIGAZUHAUSE KABEL,1
75 - 79,KBW,68.32,47.96,30,0,GIGAZUHAUSE KABEL,0
70 - 74,NRW,44.98,44.98,60,0,VF CABLEMAX,0
40 - 44,KBW,48.96,38.98,515,0,VF RIP U-TREUE,0
80 and over,HSN,71.36,50.37,30,0,3PLAY JUMP,0
55 - 59,NRW,44.98,44.98,30,0,RED INTERNET & PHONE CABLE U,0
55 - 59,KBW,44.97,44.97,30,0,VF CABLEMAX,1
18 - 24,KBW,64.98,64.98,281,0,GIGAZUHAUSE KABEL,0
40 - 44,KBW,70.98,49.99,30,0,RED INTERNET & PHONE CABLE U,1
45 - 49,KBW,32.99,32.99,105,0,VF RIP U-TREUE,1
55 - 59,KBW,62.96,37.99,620,2,VF RIP U-TREUE,1
35 - 39,NRW,19.99,19.99,163,0,GIGAZUHAUSE TREUE C,1
70 - 74,NRW,27.99,27.99,30,0,VF RIP U-TREUE,0
30 - 34,KBW,49.97,49.97,37,0,VF CABLEMAX,1
30 - 34,NRW,53.98,53.98,105,0,RED INTERNET & PHONE CABLE U,1
45 - 49,NRW,64.95,49.97,114,0,VF CABLEMAX,0
40 - 44,NRW,54.99,54.99,30,0,RED INTERNET & PHONE CABLE U,1
50 - 54,NRW,39.99,39.99,30,0,RED INTERNET & PHONE CABLE U,0
35 - 39,KBW,29.99,29.99,30,7,VF RIP U-TREUE,1
35 - 39,KBW,34.99,34.99,30,0,RED INTERNET & PHONE CABLE U,1
60 - 64,NRW,50.97,50.97,30,0,VF CABLEMAX,1
25 - 29,HSN,54.97,44.98,30,0,RED INTERNET & PHONE CABLE U,1
40 - 44,NRW,34.99,34.99,30,0,VF RIP U-TREUE,1
40 - 44,KBW,44.98,44.98,30,0,RED INTERNET & PHONE CABLE U,1
30 - 34,KBW,34.99,34.99,30,0,RED INTERNET & PHONE CABLE U,0
70 - 74,KBW,32.99,32.99,30,0,VF RIP U-TREUE,0
35 - 39,NRW,44.98,44.98,32,0,VF CABLEMAX,0
45 - 49,KBW,47.97,47.97,30,0,VF CABLEMAX,0
50 - 54,NRW,39.99,39.99,30,0,RED INTERNET & PHONE CABLE U,0
60 - 64,NRW,68.98,47.99,30,0,VF RIP U-TREUE,0
50 - 54,KBW,44.98,44.98,30,0,VF RIP U-TREUE,0
60 - 64,HSN,63.33,34.98,30,0,RED INTERNET & PHONE CABLE U,0
25 - 29,HSN,44.98,44.98,30,0,VF CABLEMAX,0
65 - 69,KBW,39.99,39.99,30,0,RED INTERNET & PHONE CABLE U,0
25 - 29,KBW,44.99,44.99,116,1,GIGAZUHAUSE KABEL,1
50 - 54,NRW,64.92,57.97,275,0,GIGAZUHAUSE TREUE C,0
25 - 29,NRW,34.99,34.99,30,0,RED INTERNET & PHONE CABLE U,1
30 - 34,KBW,39.98,39.98,220,3,RED INTERNET & PHONE CABLE U,0
70 - 74,NRW,72.97,47.98,388,4,GIGAZUHAUSE KABEL,0
18 - 24,NRW,48.97,48.97,30,0,VF CABLEMAX,1
30 - 34,KBW,44.98,44.98,30,0,RED INTERNET & PHONE CABLE U,0
25 - 29,KBW,38.98,38.98,30,0,RED INTERNET & PHONE CABLE U,1
30 - 34,NRW,63.98,63.98,204,1,GIGAZUHAUSE KABEL,1
55 - 59,KBW,79.94,42.97,262,0,GIGAZUHAUSE TREUE C,0
65 - 69,NRW,40.9,40.9,30,0,2PLAY PLUS,0
35 - 39,NRW,60.98,39.99,30,0,RED INTERNET & PHONE CABLE U,0
30 - 34,KBW,13.99,13.99,30,0,EAZY,1
40 - 44,NRW,39.98,39.98,137,0,GIGAZUHAUSE KABEL,1
65 - 69,KBW,57.97,27.99,146,0,GIGAZUHAUSE TREUE B,0
45 - 49,KBW,83.95,57.97,30,0,2PLAY PLUS,1
50 - 54,HSN,42.97,32.99,594,0,VF RIP U-TREUE,0
65 - 69,KBW,19.99,19.99,225,1,GIGAZUHAUSE KABEL,0
35 - 39,KBW,49.97,49.97,30,0,VF CABLEMAX,0
80 and over,NRW,55.84,30.95,30,0,RED INTERNET & PHONE CABLE U,1
35 - 39,NRW,59.98,59.98,30,0,RED INTERNET & PHONE CABLE U,0
35 - 39,NRW,61.48,53.98,577,0,RED INTERNET & PHONE CABLE U,0
80 and over,NRW,40.98,19.99,30,0,TELEFON HSI,0
60 - 64,NRW,34.99,34.99,143,0,GIGAZUHAUSE KABEL,1
70 - 74,NRW,45.95,28.98,30,0,RED INTERNET & PHONE CABLE U,1
45 - 49,HSN,49.99,49.99,30,0,GIGAZUHAUSE KABEL,0
45 - 49,NRW,42.98,42.98,30,0,2PLAY PLUS,0
25 - 29,NRW,39.99,39.99,30,0,RED INTERNET & PHONE CABLE U,0
60 - 64,KBW,53.98,32.99,30,0,VF RIP U-TREUE,0
50 - 54,KBW,64.98,49.99,30,0,RED INTERNET & PHONE CABLE U,0
55 - 59,NRW,80.95,37.99,30,0,VF RIP U-TREUE,0
40 - 44,HSN,43.97,43.97,274,0,GIGAZUHAUSE TREUE B,0
30 - 34,KBW,32.98,32.98,30,0,INTERNET PREMIUM,1
50 - 54,KBW,53.0,50.0,121,0,GIGAZUHAUSE TREUE B,0
30 - 34,NRW,34.99,34.99,30,0,RED INTERNET & PHONE CABLE U,0
55 - 59,KBW,34.99,34.99,30,0,RED INTERNET & PHONE CABLE U,0
30 - 34,NRW,37.98,37.98,316,0,GIGAZUHAUSE TREUE D,0
55 - 59,KBW,49.97,49.97,30,0,VF CABLEMAX,0
55 - 59,KBW,49.97,49.97,30,0,VF RIP U-TREUE,0
25 - 29,NRW,58.98,58.98,87,0,RED INTERNET & PHONE CABLE U,0
55 - 59,HSN,241.86,161.92,30,0,VF RIP U-TREUE,0
25 - 29,KBW,59.98,49.99,30,0,VF RIP U-TREUE,0
40 - 44,KBW,59.98,59.98,30,0,RED INTERNET & PHONE CABLE U,0
30 - 34,NRW,58.98,58.98,30,0,RED INTERNET & PHONE CABLE U,1
45 - 49,NRW,39.97,39.97,30,0,VF CABLEMAX,1
50 - 54,NRW,57.97,44.98,654,1,VF CABLEMAX,0
75 - 79,NRW,34.99,34.99,377,0,GIGAZUHAUSE TREUE C,0
45 - 49,KBW,47.96,47.96,30,0,RED INTERNET & PHONE CABLE U,0
25 - 29,KBW,149.91,84.96,30,0,RED INTERNET & PHONE CABLE U,1
75 - 79,KBW,85.94,48.97,73,0,VF CABLEMAX,1
70 - 74,KBW,45.98,34.99,30,0,RED INTERNET & PHONE CABLE U,1
18 - 24,KBW,39.98,39.98,136,0,GIGAZUHAUSE KABEL,1
80 and over,NRW,29.99,29.99,30,0,RED INTERNET & PHONE CABLE U,0
35 - 39,KBW,54.98,54.98,30,0,RED INTERNET & PHONE CABLE U,1
30 - 34,KBW,49.99,49.99,30,0,RED INTERNET & PHONE CABLE U,1
75 - 79,NRW,54.99,54.99,30,0,RED INTERNET & PHONE CABLE U,1
60 - 64,KBW,57.98,57.98,30,0,3PLAY TREUE GENRE,1
50 - 54,KBW,59.98,39.99,30,0,VF RIP U-TREUE,0
60 - 64,NRW,47.96,47.96,30,0,RED INTERNET & PHONE CABLE U,0
60 - 64,KBW,75.97,54.98,30,0,GIGAZUHAUSE KABEL,0
25 - 29,NRW,39.99,39.99,30,0,RED INTERNET & PHONE CABLE U,1
30 - 34,HSN,129.96,129.96,30,0,RED INTERNET & PHONE CABLE U,0
60 - 64,NRW,64.95,44.98,517,0,VF CABLEMAX,0
18 - 24,KBW,29.99,29.99,30,0,VF RIP U-TREUE,1
55 - 59,KBW,18.99,13.99,602,0,EAZY,0
75 - 79,NRW,37.99,37.99,30,0,VF RIP U-TREUE,0
30 - 34,NRW,44.98,44.98,30,0,VF CABLEMAX,1
55 - 59,NRW,44.98,44.98,108,1,RED INTERNET & PHONE CABLE U,1
55 - 59,KBW,24.99,24.99,299,0,GIGAZUHAUSE TREUE C,1
30 - 34,NRW,34.98,34.98,30,0,RED INTERNET & PHONE CABLE U,1
30 - 34,HSN,44.98,44.98,30,0,VF CABLEMAX,0
60 - 64,NRW,29.99,29.99,30,0,VF RIP U-TREUE,0
80 and over,KBW,58.77,37.78,30,0,RED INTERNET & PHONE CABLE U,1
35 - 39,NRW,29.99,29.99,30,0,INTERNET PREMIUM,0
65 - 69,HSN,39.98,44.98,30,0,VF RIP U-TREUE,1
40 - 44,KBW,39.98,39.98,30,0,GIGAZUHAUSE TREUE B,0
35 - 39,KBW,44.98,44.98,30,0,RED INTERNET & PHONE CABLE U,1
45 - 49,NRW,18.98,18.98,30,0,GIGAZUHAUSE KABEL,0
35 - 39,KBW,44.98,44.98,31,0,VF CABLEMAX,1
60 - 64,HSN,49.99,49.99,30,0,RED INTERNET & PHONE CABLE U,0
35 - 39,KBW,44.98,44.98,30,0,VF CABLEMAX,0
65 - 69,HSN,27.99,27.99,276,0,GIGAZUHAUSE TREUE B,0
30 - 34,KBW,68.95,44.98,637,0,VF CABLEMAX,0
70 - 74,NRW,45.98,39.98,83,0,VF CABLEMAX,1
45 - 49,NRW,44.98,44.98,30,3,RED INTERNET & PHONE CABLE U,1
25 - 29,NRW,34.98,34.98,30,0,RED INTERNET & PHONE CABLE U,1
40 - 44,NRW,59.97,39.98,303,0,GIGAZUHAUSE TREUE B,0
25 - 29,NRW,37.97,37.97,386,0,GIGAZUHAUSE KABEL,0
40 - 44,HSN,29.98,29.98,274,3,GIGAZUHAUSE TREUE C,0
40 - 44,NRW,26.99,29.99,100,0,VF RIP U-TREUE,1
60 - 64,NRW,63.97,39.99,30,0,VF RIP U-TREUE,0
50 - 54,HSN,197.8,197.8,30,0,RED INTERNET & PHONE CABLE U,1
30 - 34,NRW,19.99,19.99,30,0,EAZY,1
30 - 34,KBW,34.99,34.99,30,0,VF RIP U-TREUE,1
40 - 44,KBW,44.97,34.99,460,0,RED INTERNET & PHONE CABLE U,1
35 - 39,NRW,44.98,44.98,30,0,VF CABLEMAX,0
50 - 54,NRW,34.99,34.99,71,0,RED INTERNET & PHONE CABLE U,1
55 - 59,NRW,69.41,48.42,30,0,3PLAY COMFORT,1
65 - 69,HSN,42.98,42.98,30,0,GIGAZUHAUSE KABEL,1
40 - 44,HSN,49.97,49.97,30,0,VF CABLEMAX,0
35 - 39,KBW,37.99,37.99,30,0,VF RIP U-TREUE,1
55 - 59,HSN,54.97,34.98,30,0,VF CABLEMAX,1
55 - 59,NRW,29.99,29.99,30,0,RED INTERNET & PHONE CABLE U,1
30 - 34,NRW,29.99,29.99,144,0,GIGAZUHAUSE TREUE C,0
75 - 79,KBW,34.99,39.99,647,0,VF RIP U-TREUE,0
70 - 74,NRW,45.38,45.38,30,0,3PLAY JUMP,1
55 - 59,KBW,79.94,48.97,30,0,VF CABLEMAX,0
50 - 54,NRW,54.96,44.98,30,0,VF CABLEMAX,1
50 - 54,NRW,39.98,39.98,177,0,GIGAZUHAUSE KABEL,1
65 - 69,HSN,66.95,44.97,304,0,VF CABLEMAX,0
35 - 39,NRW,34.99,34.99,233,0,GIGAZUHAUSE KABEL,0
70 - 74,HSN,39.99,39.99,30,0,VF RIP U-TREUE,1
35 - 39,NRW,39.99,39.99,30,0,VF RIP U-TREUE,0
40 - 44,NRW,59.96,39.99,30,0,RED INTERNET & PHONE CABLE U,0
60 - 64,HSN,65.85,32.99,616,0,VF RIP U-TREUE,0
40 - 44,NRW,39.99,39.99,163,0,VF CABLEMAX,0
55 - 59,NRW,39.98,39.98,365,1,VF CABLEMAX,1
30 - 34,NRW,29.99,29.99,30,0,VF RIP U-TREUE,0
25 - 29,KBW,24.99,24.99,143,0,GIGAZUHAUSE TREUE B,0
50 - 54,NRW,44.98,44.98,30,0,VF CABLEMAX,1
50 - 54,NRW,49.98,49.98,30,0,TREUEPLUS,0
80 and over,NRW,54.96,44.98,577,0,3PLAY START,1
45 - 49,KBW,60.78,60.78,30,0,3PLAY + HD BOX + PAY,0
55 - 59,HSN,24.99,24.99,671,0,GIGAZUHAUSE TREUE C,0
55 - 59,NRW,80.21,35.86,30,0,3PLAY,1
60 - 64,KBW,34.99,34.99,395,0,GIGAZUHAUSE TREUE C,0
35 - 39,NRW,49.99,49.99,30,0,RED INTERNET & PHONE CABLE U,0
50 - 54,NRW,44.98,44.98,30,0,VF CABLEMAX,0
35 - 39,NRW,49.97,49.97,30,0,VF CABLEMAX,0
30 - 34,NRW,44.97,44.97,220,0,GIGAZUHAUSE KABEL,0
35 - 39,NRW,29.99,29.99,30,0,VF RIP U-TREUE,1
25 - 29,KBW,39.99,39.99,30,0,VF RIP U-TREUE,1
45 - 49,KBW,24.98,24.99,86,0,VF RIP U-TREUE,1
30 - 34,NRW,39.99,39.99,30,0,2PLAY PLUS,1
30 - 34,KBW,44.98,44.98,30,0,VF CABLEMAX,0
25 - 29,KBW,44.98,44.98,30,0,RED INTERNET & PHONE CABLE U,1
35 - 39,NRW,38.98,38.98,30,0,RED INTERNET & PHONE CABLE U,1
25 - 29,NRW,34.99,34.99,2,0,RED INTERNET & PHONE CABLE U,0
55 - 59,HSN,49.97,49.97,30,0,RED INTERNET & PHONE CABLE U,0
65 - 69,KBW,54.73,33.74,30,0,RED INTERNET & PHONE CABLE U,0
55 - 59,KBW,43.98,43.98,30,0,VF RIP U-TREUE,1
45 - 49,KBW,44.98,44.98,30,0,RED INTERNET & PHONE CABLE U,1
80 and over,HSN,58.36,45.37,709,0,3PLAY JUMP,1
35 - 39,HSN,27.87,16.99,669,0,EAZY,0
70 - 74,NRW,37.98,37.98,323,0,GIGAZUHAUSE TREUE B,0
55 - 59,KBW,44.97,44.97,30,0,GIGAZUHAUSE KABEL,0
40 - 44,KBW,39.98,39.98,707,0,GIGAZUHAUSE TREUE B,0
50 - 54,KBW,54.97,39.98,30,0,RED INTERNET & PHONE CABLE U,0
80 and over,KBW,40.99,29.99,30,0,VF RIP U-TREUE,1
35 - 39,KBW,34.99,34.99,30,0,RED INTERNET & PHONE CABLE U,0
35 - 39,NRW,46.96,46.96,30,0,2PLAY TREUE,1
30 - 34,NRW,34.99,34.99,210,0,GIGAZUHAUSE KABEL,0
30 - 34,KBW,34.99,34.99,30,0,RED INTERNET & PHONE CABLE U,1
40 - 44,NRW,0.0,0.0,30,0,MMA MB,0
30 - 34,KBW,67.97,67.97,215,0,GIGAZUHAUSE KABEL,1
50 - 54,NRW,57.97,37.98,239,0,GIGAZUHAUSE TREUE D,0
25 - 29,HSN,44.98,44.98,30,0,VF CABLEMAX,1
30 - 34,HSN,48.97,63.98,30,0,TREUEPLUS,1
30 - 34,HSN,48.97,48.97,30,0,RED INTERNET & PHONE CABLE U,0
70 - 74,NRW,34.98,34.98,30,0,VF RIP U-TREUE,0
70 - 74,NRW,68.95,54.98,30,0,VF RIP U-TREUE,0
25 - 29,NRW,32.99,32.99,30,0,VF RIP U-TREUE,1
50 - 54,NRW,63.96,51.98,376,0,VF RIP U-TREUE,0
25 - 29,NRW,34.99,34.99,30,0,VF RIP U-TREUE,0
40 - 44,NRW,40.0,40.0,30,0,2PLAY PLUS,0
25 - 29,NRW,19.99,19.99,207,0,GIGAZUHAUSE KABEL,1
65 - 69,NRW,24.99,24.99,100,0,VF RIP U-TREUE,1
45 - 49,NRW,79.97,54.99,67,3,RED INTERNET & PHONE CABLE U,0
30 - 34,NRW,13.99,13.99,30,0,EAZY,1
60 - 64,NRW,48.42,48.42,30,0,3PLAY COMFORT,0
70 - 74,KBW,68.95,47.96,30,0,VF CABLEMAX,0
25 - 29,KBW,44.98,44.98,30,0,VF CABLEMAX,1
60 - 64,KBW,49.97,49.97,30,0,VF CABLEMAX,1
55 - 59,NRW,49.99,49.99,30,0,GIGAZUHAUSE KABEL,0
50 - 54,KBW,65.97,44.98,30,0,2PLAY COMFORT,0
60 - 64,HSN,34.99,34.99,30,0,RED INTERNET & PHONE CABLE U,0
35 - 39,KBW,44.98,44.98,30,0,RED INTERNET & PHONE CABLE U,0
50 - 54,NRW,42.97,42.97,30,0,RED INTERNET & PHONE CABLE U,1
65 - 69,KBW,29.99,29.99,30,0,VF RIP U-TREUE,0
60 - 64,HSN,56.95,43.98,30,0,RED INTERNET & PHONE CABLE U,0
40 - 44,HSN,39.99,39.99,30,0,RED INTERNET & PHONE CABLE U,1
55 - 59,NRW,44.98,44.98,30,1,RED INTERNET & PHONE CABLE U,1
60 - 64,HSN,29.99,29.99,273,0,GIGAZUHAUSE TREUE C,1
80 and over,NRW,55.98,34.99,30,0,RED INTERNET & PHONE CABLE U,1
30 - 34,NRW,29.99,29.99,49,0,VF RIP U-TREUE,1
35 - 39,HSN,209.92,209.92,30,0,VF RIP U-TREUE,1
65 - 69,KBW,38.98,38.98,30,0,RED INTERNET & PHONE CABLE U,1
65 - 69,NRW,64.97,44.98,30,0,RED INTERNET & PHONE CABLE U,0
35 - 39,KBW,39.99,39.99,30,0,RED INTERNET & PHONE CABLE U,0
45 - 49,NRW,44.99,44.99,30,0,RED INTERNET & PHONE CABLE U,0
30 - 34,NRW,42.98,42.98,30,0,VF RIP U-TREUE,1
50 - 54,NRW,45.0,45.0,30,0,3PLAY PLUS,0
45 - 49,HSN,38.98,38.98,106,0,RED INTERNET & PHONE CABLE U,1
60 - 64,KBW,45.94,45.94,30,0,2PLAY,0
40 - 44,HSN,129.96,129.96,30,0,RED INTERNET & PHONE CABLE U,0
45 - 49,KBW,39.98,39.98,30,0,RED INTERNET & PHONE CABLE U,0
30 - 34,HSN,34.99,34.99,30,0,RED INTERNET & PHONE CABLE U,1
55 - 59,NRW,37.96,34.97,30,1,VF CABLEMAX,1
50 - 54,NRW,34.99,34.99,30,0,RED INTERNET & PHONE CABLE U,1
60 - 64,NRW,85.94,44.98,30,0,RED INTERNET & PHONE CABLE U,1
55 - 59,KBW,49.97,39.99,500,0,VF CABLEMAX,0
70 - 74,HSN,59.98,59.98,30,0,RED INTERNET & PHONE CABLE U,0
35 - 39,NRW,34.99,34.99,30,0,RED INTERNET & PHONE CABLE U,0
30 - 34,NRW,29.99,29.99,30,0,VF RIP U-TREUE,1
30 - 34,KBW,39.98,29.99,30,0,VF RIP U-TREUE,1
40 - 44,NRW,24.99,24.99,30,0,INTERNET COMFORT,0
18 - 24,KBW,74.95,49.97,30,0,VF CABLEMAX,1
45 - 49,NRW,82.34,56.35,30,0,3PLAY PREMIUM,0
40 - 44,KBW,69.97,54.98,169,0,RED INTERNET & PHONE CABLE U,0
65 - 69,HSN,45.97,24.98,30,0,TELEFON HSI,0
40 - 44,NRW,44.98,44.98,30,0,VF CABLEMAX,0
60 - 64,NRW,50.98,29.99,30,0,INTERNET PREMIUM,1
65 - 69,HSN,25.97,25.97,30,0,INTERNET,0
55 - 59,HSN,75.97,54.98,30,0,GIGAZUHAUSE KABEL,0
65 - 69,NRW,59.98,39.99,290,0,RED INTERNET & PHONE CABLE U,0
55 - 59,KBW,80.94,49.97,30,0,VF CABLEMAX,0
35 - 39,NRW,29.99,29.99,56,0,RED INTERNET & PHONE CABLE U,0
18 - 24,NRW,39.98,39.98,50,0,VF CABLEMAX,1
80 and over,KBW,58.14,37.78,30,0,RED INTERNET & PHONE CABLE U,0
30 - 34,NRW,58.98,58.98,30,0,RED INTERNET & PHONE CABLE U,1
80 and over,KBW,93.94,53.96,30,0,VF CABLEMAX,0
30 - 34,HSN,37.99,37.99,30,0,VF RIP U-TREUE,1
35 - 39,NRW,68.96,42.98,30,0,VF RIP U-TREUE,0
30 - 34,KBW,37.98,37.98,157,0,VF RIP U-TREUE,1
25 - 29,KBW,39.98,39.98,122,0,GIGAZUHAUSE KABEL,1
25 - 29,KBW,54.99,54.99,30,0,RED INTERNET & PHONE CABLE U,0
25 - 29,NRW,44.98,44.98,22,0,VF CABLEMAX,0
40 - 44,HSN,39.99,39.99,225,0,RED INTERNET & PHONE CABLE U,0
50 - 54,NRW,44.98,44.98,716,0,3PLAY START,0
40 - 44,KBW,58.98,58.98,30,0,RED INTERNET & PHONE CABLE U,0
30 - 34,NRW,44.98,44.98,84,0,RED INTERNET & PHONE CABLE U,0
35 - 39,KBW,39.98,39.98,180,0,VF CABLEMAX,0
25 - 29,NRW,39.99,39.99,30,0,RED INTERNET & PHONE CABLE U,1
60 - 64,NRW,39.98,39.98,30,0,RED INTERNET & PHONE CABLE U,0
30 - 34,KBW,39.99,39.99,30,0,RED INTERNET & PHONE CABLE U,1
40 - 44,NRW,29.99,29.99,30,0,HSI HZ BOX ONLY,1
45 - 49,KBW,29.99,29.99,30,0,INTERNET PREMIUM,0
80 and over,KBW,64.97,44.98,30,0,RED INTERNET & PHONE CABLE U,0
40 - 44,NRW,34.99,34.99,30,0,RED INTERNET & PHONE CABLE U,0
30 - 34,KBW,44.98,44.98,30,0,VF CABLEMAX,0
25 - 29,KBW,29.99,29.99,30,0,VF RIP U-TREUE,1
60 - 64,KBW,34.99,34.99,154,0,GIGAZUHAUSE KABEL,1
30 - 34,KBW,42.98,42.98,30,0,VF CABLEMAX,0
40 - 44,NRW,32.99,32.99,296,0,GIGAZUHAUSE TREUE B,0
35 - 39,HSN,42.97,42.97,333,0,GIGAZUHAUSE KABEL,0
30 - 34,HSN,48.97,48.97,30,0,VF CABLEMAX,0
35 - 39,NRW,49.97,49.97,87,0,VF CABLEMAX,1
40 - 44,NRW,49.99,49.99,30,0,GIGAZUHAUSE KABEL,0
30 - 34,KBW,34.99,34.99,42,0,RED INTERNET & PHONE CABLE U,1
25 - 29,NRW,34.99,34.99,199,0,VF CABLEMAX,1
50 - 54,NRW,23.98,24.99,30,0,VF RIP U-TREUE,1
60 - 64,NRW,75.46,54.47,30,0,3PLAY PREMIUM HRZ,1
55 - 59,HSN,27.99,27.99,30,0,RIP CABLE U TREUE,0
70 - 74,NRW,39.98,39.98,30,0,GIGAZUHAUSE KABEL,0
60 - 64,KBW,107.94,62.98,365,0,GIGAZUHAUSE KABEL,1
70 - 74,NRW,50.98,29.99,186,0,VF RIP U-TREUE,0
55 - 59,HSN,21.99,24.99,80,0,VF RIP U-TREUE,0
40 - 44,NRW,39.99,39.99,30,0,VF RIP U-TREUE,0
45 - 49,NRW,63.98,63.98,164,0,GIGAZUHAUSE KABEL,1
60 - 64,KBW,47.98,27.99,363,1,GIGAZUHAUSE TREUE B,0
40 - 44,KBW,47.99,47.99,30,0,VF RIP U-TREUE,1
40 - 44,NRW,49.99,49.99,192,0,GIGAZUHAUSE TREUE C,0
60 - 64,NRW,53.98,53.98,30,0,RED INTERNET & PHONE CABLE U,0
40 - 44,HSN,49.97,49.97,30,1,VF CABLEMAX,0
45 - 49,NRW,44.98,44.98,30,0,VF CABLEMAX,1
75 - 79,KBW,46.98,39.99,576,0,RED INTERNET & PHONE CABLE U,1
70 - 74,HSN,34.99,34.99,149,0,GIGAZUHAUSE KABEL,1
40 - 44,NRW,17.99,17.99,30,0,EAZY FLEX,0
30 - 34,NRW,54.99,54.99,30,0,RED INTERNET & PHONE CABLE U,1
80 and over,KBW,27.8,27.8,30,0,RED INTERNET & PHONE CABLE U,1
50 - 54,NRW,55.92,38.43,631,0,GIGAZUHAUSE KABEL,0
25 - 29,KBW,199.88,199.88,30,0,VF CABLEMAX,1
25 - 29,NRW,34.99,34.99,30,0,RED INTERNET & PHONE CABLE U,1
55 - 59,NRW,76.94,34.99,200,0,VF CABLEMAX,0
65 - 69,NRW,52.98,37.99,30,0,VF RIP U-TREUE,1
70 - 74,NRW,71.96,49.99,30,0,RED INTERNET & PHONE CABLE U,1
30 - 34,NRW,44.99,44.99,136,0,GIGAZUHAUSE KABEL,1
25 - 29,KBW,47.97,62.98,198,0,GIGAZUHAUSE KABEL,1
25 - 29,NRW,44.98,44.98,30,0,VF CABLEMAX,0
25 - 29,KBW,53.98,53.98,30,0,RED INTERNET & PHONE CABLE U,1
50 - 54,NRW,74.98,54.99,30,0,RED INTERNET & PHONE CABLE U,1
25 - 29,HSN,169.92,169.92,30,0,VF CABLEMAX,1
65 - 69,NRW,50.97,43.98,695,0,RED INTERNET & PHONE CABLE U,0
25 - 29,NRW,34.99,34.99,30,0,VF RIP U-TREUE,0
65 - 69,KBW,35.0,27.99,298,0,GIGAZUHAUSE TREUE B,0
55 - 59,KBW,39.98,39.98,30,0,VF CABLEMAX,0
65 - 69,NRW,67.96,47.97,30,0,VF RIP U-TREUE,0
65 - 69,NRW,54.99,54.99,30,0,RED INTERNET & PHONE CABLE U,0
60 - 64,KBW,54.99,54.99,30,0,RED INTERNET & PHONE CABLE U,1
25 - 29,KBW,45.98,43.97,30,0,VF CABLEMAX,0
40 - 44,KBW,44.98,44.98,30,0,VF CABLEMAX,0
55 - 59,HSN,44.97,44.97,30,0,GIGAZUHAUSE KABEL,1
25 - 29,KBW,34.99,34.99,30,0,RED INTERNET & PHONE CABLE U,0
35 - 39,KBW,44.99,44.99,165,0,GIGAZUHAUSE KABEL,0
65 - 69,NRW,34.99,34.99,30,0,RED INTERNET & PHONE CABLE U,0
30 - 34,NRW,39.99,39.99,30,0,RED INTERNET & PHONE CABLE U,1
60 - 64,KBW,67.96,57.98,577,0,3PLAY TREUE GENRE,1
75 - 79,HSN,63.97,48.98,125,0,GIGAZUHAUSE KABEL,1
55 - 59,KBW,42.78,42.78,30,0,2PLAY,0
80 and over,KBW,60.35,39.99,30,0,VF RIP U-TREUE,0
30 - 34,KBW,24.99,24.99,30,0,INTERNET COMFORT,0
70 - 74,KBW,61.96,44.97,30,0,GIGAZUHAUSE KABEL,0
18 - 24,NRW,44.99,44.99,184,0,GIGAZUHAUSE KABEL,0
40 - 44,NRW,49.99,49.99,30,0,RED INTERNET & PHONE CABLE U,0
70 - 74,KBW,32.98,32.98,257,1,GIGAZUHAUSE TREUE B,1
35 - 39,KBW,49.97,39.99,569,0,RED INTERNET & PHONE CABLE U,0
75 - 79,NRW,27.98,27.98,30,0,VF RIP U-TREUE,0
40 - 44,KBW,60.28,60.28,30,0,3PLAY + HD BOX + PAY,0
40 - 44,KBW,58.98,58.98,30,0,RED INTERNET & PHONE CABLE U,0
80 and over,NRW,55.98,34.99,30,0,RED INTERNET & PHONE CABLE U,0
35 - 39,NRW,44.96,34.97,30,0,VF CABLEMAX,1
50 - 54,HSN,61.97,57.98,30,0,3PLAY TREUE GENRE,1
35 - 39,HSN,39.98,39.98,30,0,VF CABLEMAX,1
40 - 44,NRW,52.98,52.98,30,0,VF RIP U-TREUE,0
40 - 44,NRW,32.99,32.99,336,0,GIGAZUHAUSE TREUE B,0
40 - 44,KBW,37.98,37.98,73,0,VF RIP U-TREUE,0
60 - 64,KBW,38.98,38.98,30,0,RED INTERNET & PHONE CABLE U,0
55 - 59,KBW,58.98,58.98,30,0,2PLAY PREMIUM,1
60 - 64,HSN,61.29,35.98,30,0,RED INTERNET & PHONE CABLE U,0
60 - 64,KBW,51.97,32.99,30,0,VF RIP U-TREUE,0
45 - 49,HSN,29.99,29.99,30,0,RED INTERNET & PHONE CABLE U,0
80 and over,KBW,42.98,42.98,30,0,VF RIP U-TREUE,0
30 - 34,NRW,24.99,24.99,30,0,INTERNET COMFORT,0
30 - 34,KBW,44.98,44.98,66,0,VF CABLEMAX,0
35 - 39,KBW,49.97,49.97,30,0,VF CABLEMAX,0
45 - 49,NRW,43.98,43.98,30,0,RED INTERNET & PHONE CABLE U,1
80 and over,KBW,57.97,37.98,30,0,VF RIP U-TREUE,1
55 - 59,HSN,9.98,9.98,30,0,HSI HZ BOX ONLY,1
80 and over,NRW,90.96,54.98,60,0,VF RIP U-TREUE,1
80 and over,KBW,58.98,58.98,1,0,RED INTERNET & PHONE CABLE U,1
50 - 54,NRW,59.98,59.98,30,0,RED INTERNET & PHONE CABLE U,0
25 - 29,KBW,39.99,39.99,67,1,RED INTERNET & PHONE CABLE U,0
45 - 49,KBW,50.95,55.95,30,0,VF RIP U-TREUE,1
45 - 49,KBW,58.98,58.98,30,0,RED INTERNET & PHONE CABLE U,1
40 - 44,KBW,32.99,32.99,211,0,GIGAZUHAUSE TREUE B,0
60 - 64,NRW,44.98,34.99,30,0,RED INTERNET & PHONE CABLE U,1
35 - 39,NRW,68.97,68.97,165,0,GIGAZUHAUSE KABEL,1
18 - 24,NRW,44.98,44.98,30,0,VF CABLEMAX,1
35 - 39,NRW,34.99,34.99,30,0,RED INTERNET & PHONE CABLE U,1
45 - 49,KBW,29.99,29.99,288,0,GIGAZUHAUSE TREUE C,0
25 - 29,NRW,44.99,44.99,209,0,GIGAZUHAUSE KABEL,1
40 - 44,NRW,14.99,14.99,30,0,EAZY FLEX,1
70 - 74,NRW,49.99,49.99,30,0,RED INTERNET & PHONE CABLE U,0
55 - 59,KBW,62.97,37.99,96,0,VF RIP U-TREUE,1
70 - 74,KBW,63.96,42.97,30,0,RED INTERNET & PHONE CABLE U,1
45 - 49,NRW,44.98,44.98,38,0,VF CABLEMAX,1
35 - 39,HSN,41.98,34.99,30,0,RED INTERNET & PHONE CABLE U,1
40 - 44,NRW,19.99,19.99,159,0,GIGAZUHAUSE TREUE C,0
25 - 29,KBW,57.96,42.97,318,0,GIGAZUHAUSE KABEL,0
30 - 34,NRW,44.98,44.98,30,0,VF CABLEMAX,0
25 - 29,KBW,54.96,44.98,30,0,VF CABLEMAX,1
75 - 79,KBW,63.14,42.78,30,0,2PLAY,1
35 - 39,NRW,29.99,29.99,30,0,INTERNET PREMIUM,0
35 - 39,HSN,44.98,44.98,30,0,VF RIP U-TREUE,0
45 - 49,HSN,52.97,52.97,383,0,GIGAZUHAUSE TREUE B,1
30 - 34,KBW,37.98,37.98,165,0,GIGAZUHAUSE TREUE B,0
50 - 54,NRW,44.98,44.98,30,0,RED INTERNET & PHONE CABLE U,0
25 - 29,HSN,39.98,39.98,332,0,GIGAZUHAUSE TREUE B,0
65 - 69,KBW,48.79,27.8,30,0,RED INTERNET & PHONE CABLE U,0
75 - 79,NRW,34.99,34.99,59,3,RED INTERNET & PHONE CABLE U,0
80 and over,NRW,49.86,45.86,30,0,3PLAY HD BOX,0
40 - 44,KBW,59.97,39.98,168,0,GIGAZUHAUSE TREUE B,0
25 - 29,NRW,44.98,44.98,30,0,RED INTERNET & PHONE CABLE U,1
65 - 69,NRW,47.98,47.98,30,0,2PLAY PLUS,1
45 - 49,KBW,42.98,39.99,30,0,VF RIP U-TREUE,1
70 - 74,NRW,27.99,27.99,30,0,RED INTERNET & PHONE CABLE U,1
65 - 69,KBW,34.99,34.99,30,0,RED INTERNET & PHONE CABLE U,0
80 and over,NRW,30.88,30.88,30,0,RED INTERNET & PHONE CABLE U,0
50 - 54,KBW,39.98,39.98,30,0,VF RIP U-TREUE,0
45 - 49,NRW,41.96,27.99,584,0,GIGAZUHAUSE TREUE B,0
55 - 59,NRW,37.98,24.99,647,1,GIGAZUHAUSE TREUE C,0
40 - 44,NRW,29.99,29.99,273,0,GIGAZUHAUSE TREUE C,1
70 - 74,NRW,34.99,34.99,30,0,RED INTERNET & PHONE CABLE U,1
65 - 69,KBW,56.93,56.93,30,0,3PLAY PLUS MTA,0
30 - 34,NRW,38.98,38.98,87,0,RED INTERNET & PHONE CABLE U,1
40 - 44,NRW,42.97,42.97,337,0,GIGAZUHAUSE KABEL,1
50 - 54,NRW,49.98,49.98,346,0,GIGAZUHAUSE CABLEMAX,0
35 - 39,KBW,84.96,44.98,30,0,VF CABLEMAX,0
35 - 39,HSN,44.98,44.98,30,0,VF CABLEMAX,1
35 - 39,HSN,44.97,44.99,30,0,RED INTERNET & PHONE CABLE U,1
40 - 44,HSN,195.92,195.92,30,0,2PLAY FLY,1
80 and over,NRW,39.98,33.0,30,0,RED INTERNET & PHONE CABLE U,0
50 - 54,KBW,54.99,54.99,59,1,RED INTERNET & PHONE CABLE U,1
70 - 74,KBW,51.94,40.96,30,0,GIGAZUHAUSE KABEL,1
30 - 34,NRW,34.99,34.99,30,0,VF RIP U-TREUE,1
55 - 59,KBW,39.99,39.99,30,0,VF RIP U-TREUE,1
30 - 34,KBW,145.92,145.92,30,0,RED INTERNET & PHONE CABLE U,0
55 - 59,HSN,59.99,59.99,129,0,GIGAZUHAUSE KABEL,0
25 - 29,KBW,24.99,24.99,152,0,VF RIP U-TREUE,1
65 - 69,NRW,22.99,22.99,336,0,GIGAZUHAUSE TREUE B,0
35 - 39,NRW,44.98,44.98,30,0,VF CABLEMAX,1
45 - 49,KBW,37.99,37.99,30,0,VF RIP U-TREUE,0
35 - 39,NRW,32.98,17.99,30,0,VF RIP U-TREUE,1
60 - 64,HSN,29.99,34.99,30,0,RED INTERNET & PHONE CABLE U,1
45 - 49,HSN,44.98,44.98,115,0,VF CABLEMAX,1
55 - 59,KBW,39.99,39.99,30,0,RED INTERNET & PHONE CABLE U,1
60 - 64,NRW,72.96,62.98,392,0,GIGAZUHAUSE KABEL,1
50 - 54,HSN,24.99,24.99,30,0,RED INTERNET & PHONE CABLE U,0
30 - 34,KBW,54.96,44.98,631,0,VF CABLEMAX,0
40 - 44,NRW,44.98,44.98,30,0,VF CABLEMAX,1
60 - 64,KBW,44.98,44.98,30,0,RED INTERNET & PHONE CABLE U,1
35 - 39,NRW,75.96,39.98,340,0,GIGAZUHAUSE TREUE B,0
18 - 24,NRW,29.98,29.98,365,0,GIGAZUHAUSE TREUE C,1
75 - 79,HSN,44.98,44.98,30,0,2PLAY,0
35 - 39,NRW,44.98,44.98,30,0,VF CABLEMAX,1
30 - 34,HSN,24.99,24.99,30,0,INTERNET COMFORT,1
55 - 59,NRW,69.94,39.98,196,0,RED INTERNET & PHONE CABLE U,0
45 - 49,NRW,30.98,24.99,30,0,VF RIP U-TREUE,1
40 - 44,HSN,40.97,34.98,30,0,VF RIP U-TREUE,0
75 - 79,NRW,64.97,39.99,78,0,VF RIP U-TREUE,1
70 - 74,HSN,52.97,37.98,272,0,GIGAZUHAUSE TREUE B,0
40 - 44,NRW,0.0,0.0,30,0,MMA MB,0
25 - 29,NRW,34.99,34.99,91,0,RED INTERNET & PHONE CABLE U,1
35 - 39,NRW,49.99,49.99,30,0,GIGAZUHAUSE KABEL,1
60 - 64,KBW,49.99,49.99,30,0,RED INTERNET & PHONE CABLE U,1
35 - 39,NRW,58.95,48.97,537,0,RED INTERNET & PHONE CABLE U,0
40 - 44,KBW,19.99,19.99,30,0,1PLAY,1
80 and over,NRW,32.95,32.95,30,0,RED INTERNET & PHONE CABLE U,0
70 - 74,NRW,49.97,49.97,30,0,VF CABLEMAX,1
60 - 64,NRW,57.97,44.98,498,0,VF CABLEMAX,1
30 - 34,NRW,39.98,39.98,119,0,GIGAZUHAUSE KABEL,1
35 - 39,HSN,34.99,34.99,85,0,RED INTERNET & PHONE CABLE U,1
55 - 59,NRW,37.99,37.99,30,0,VF RIP U-TREUE,0
80 and over,NRW,59.97,39.99,30,0,VF RIP U-TREUE,1
45 - 49,KBW,64.95,44.98,30,0,VF CABLEMAX,1
75 - 79,KBW,39.97,29.99,508,0,GIGAZUHAUSE TREUE C,1
25 - 29,KBW,44.99,44.99,241,0,GIGAZUHAUSE KABEL,1
45 - 49,KBW,42.97,42.97,30,0,RED INTERNET & PHONE CABLE U,0
75 - 79,HSN,29.99,29.99,30,0,VF RIP U-TREUE,1
80 and over,HSN,73.96,43.98,30,0,RED INTERNET & PHONE CABLE U,0
45 - 49,NRW,64.97,43.98,30,0,3PLAY TREUE,1
65 - 69,NRW,85.27,57.91,30,0,3PLAY PREMIUM,0
70 - 74,KBW,53.35,32.99,30,0,VF RIP U-TREUE,1
55 - 59,HSN,199.88,199.88,30,0,VF CABLEMAX,1
75 - 79,KBW,62.67,41.68,30,0,2PLAY,1
65 - 69,NRW,72.85,40.86,30,0,3PLAY,1
40 - 44,HSN,54.99,54.99,30,0,RED INTERNET & PHONE CABLE U,1
30 - 34,KBW,62.96,49.97,666,0,VF CABLEMAX,1
45 - 49,HSN,63.95,35.98,30,0,RED INTERNET & PHONE CABLE U,1
35 - 39,KBW,39.99,39.99,92,0,VF CABLEMAX,0
35 - 39,NRW,44.98,44.98,30,0,VF CABLEMAX,1
40 - 44,NRW,38.98,38.98,43,0,RED INTERNET & PHONE CABLE U,1
65 - 69,NRW,44.99,44.99,245,0,GIGAZUHAUSE KABEL,0
80 and over,NRW,69.95,44.97,207,0,GIGAZUHAUSE KABEL,1
55 - 59,KBW,43.97,43.97,112,0,GIGAZUHAUSE TREUE B,1
55 - 59,HSN,52.97,27.99,239,0,GIGAZUHAUSE TREUE B,0
60 - 64,NRW,32.99,32.99,30,0,VF RIP U-TREUE,1
40 - 44,NRW,29.99,29.99,221,0,GIGAZUHAUSE TREUE C,1
18 - 24,HSN,22.99,22.99,389,0,GIGAZUHAUSE TREUE B,1
50 - 54,NRW,58.89,37.9,30,0,3PLAY,0
45 - 49,KBW,44.98,44.98,30,0,VF CABLEMAX,0
70 - 74,NRW,30.95,30.95,30,0,RED INTERNET & PHONE CABLE U,0
25 - 29,NRW,47.98,44.99,227,0,GIGAZUHAUSE KABEL,1
65 - 69,NRW,57.97,44.98,30,0,3PLAY TREUE,1
30 - 34,NRW,22.99,22.99,224,0,EAZY,1
18 - 24,NRW,44.98,44.98,91,0,VF CABLEMAX,1
35 - 39,KBW,29.99,29.99,266,0,RED INTERNET & PHONE CABLE U,0
25 - 29,KBW,39.98,39.98,137,0,GIGAZUHAUSE KABEL,1
40 - 44,NRW,37.99,37.99,30,0,VF RIP U-TREUE,1
75 - 79,KBW,29.99,29.99,30,0,VF RIP U-TREUE,0
30 - 34,HSN,72.96,41.97,30,0,3PLAY PLUS,0
18 - 24,NRW,43.97,43.97,157,0,GIGAZUHAUSE KABEL,1
50 - 54,HSN,49.99,49.99,30,0,RED INTERNET & PHONE CABLE U,0
50 - 54,NRW,76.94,55.95,30,0,3PLAY PLUS,1
35 - 39,NRW,42.98,42.98,30,0,VF RIP U-TREUE,0
40 - 44,KBW,61.79,40.8,30,0,2PLAY,0
35 - 39,KBW,34.99,34.99,30,0,VF RIP U-TREUE,1
35 - 39,NRW,24.99,24.99,30,0,RED INTERNET & PHONE CABLE U,0
30 - 34,KBW,34.99,34.99,30,1,RED INTERNET & PHONE CABLE U,1
55 - 59,HSN,92.78,57.91,30,0,3PLAY PREMIUM,0
35 - 39,HSN,38.98,38.98,30,0,RED INTERNET & PHONE CABLE U,1
25 - 29,KBW,59.98,49.99,30,0,RED INTERNET & PHONE CABLE U,1
30 - 34,NRW,47.94,37.96,30,0,VF CABLEMAX,1
65 - 69,KBW,44.98,44.98,142,0,VF CABLEMAX,1
45 - 49,KBW,43.97,43.97,30,0,VF CABLEMAX,0
50 - 54,NRW,34.99,34.99,30,0,RED INTERNET & PHONE CABLE U,1
65 - 69,KBW,49.99,49.99,30,0,GIGAZUHAUSE KABEL,0
25 - 29,NRW,44.98,44.98,73,0,VF CABLEMAX,0
60 - 64,KBW,58.77,37.78,30,0,RED INTERNET & PHONE CABLE U,0
60 - 64,HSN,37.99,37.99,30,0,VF RIP U-TREUE,0
35 - 39,HSN,129.96,129.96,30,0,RED INTERNET & PHONE CABLE U,0
40 - 44,KBW,33.74,33.74,30,0,RED INTERNET & PHONE CABLE U,1
75 - 79,KBW,67.94,46.95,30,0,3PLAY TREUE,1
40 - 44,KBW,39.99,39.99,30,0,VF RIP U-TREUE,1
45 - 49,NRW,44.98,44.98,30,0,VF CABLEMAX,0
30 - 34,HSN,32.99,32.99,201,2,GIGAZUHAUSE TREUE B,0
45 - 49,NRW,34.99,34.99,30,0,RED INTERNET & PHONE CABLE U,1
70 - 74,KBW,38.74,38.74,30,0,2PLAY,0
40 - 44,NRW,54.98,54.98,30,0,RED INTERNET & PHONE CABLE U,0
60 - 64,HSN,34.99,34.99,30,0,RED INTERNET & PHONE CABLE U,0
30 - 34,NRW,29.98,29.98,30,0,RED INTERNET & PHONE CABLE U,0
25 - 29,KBW,39.98,39.98,60,1,GIGAZUHAUSE KABEL,1
80 and over,NRW,54.95,44.97,447,1,VF CABLEMAX,1
65 - 69,NRW,68.95,34.99,30,2,VF RIP U-TREUE,1
50 - 54,NRW,54.98,39.99,37,1,VF RIP U-TREUE,1
70 - 74,KBW,69.34,44.98,30,0,RED INTERNET & PHONE CABLE U,0
40 - 44,NRW,52.96,42.98,30,0,VF RIP U-TREUE,1
35 - 39,HSN,54.96,44.98,30,0,VF CABLEMAX,1
80 and over,KBW,39.97,29.99,491,0,RED INTERNET & PHONE CABLE U,0
55 - 59,NRW,49.97,49.97,30,0,VF CABLEMAX,0
50 - 54,KBW,54.98,39.99,230,0,VF CABLEMAX,1
55 - 59,NRW,39.98,39.98,291,0,GIGAZUHAUSE KABEL,0
40 - 44,NRW,58.98,58.98,30,0,RED INTERNET & PHONE CABLE U,1
45 - 49,HSN,121.96,121.96,30,0,VF RIP U-TREUE,1
55 - 59,KBW,118.96,47.99,30,0,VF RIP U-TREUE,1
30 - 34,KBW,44.98,44.98,58,0,VF CABLEMAX,1
35 - 39,KBW,39.98,39.98,30,0,VF CABLEMAX,0
25 - 29,KBW,44.98,44.98,30,0,RED INTERNET & PHONE CABLE U,0
80 and over,NRW,24.99,24.99,30,0,RED INTERNET & PHONE CABLE U,0
80 and over,NRW,68.32,47.96,30,0,RED INTERNET & PHONE CABLE U,0
30 - 34,HSN,44.99,44.99,234,0,GIGAZUHAUSE KABEL,1
55 - 59,KBW,34.99,34.99,30,0,RED INTERNET & PHONE CABLE U,1
40 - 44,NRW,49.97,49.97,3,0,VF CABLEMAX,0
80 and over,KBW,0.0,0.0,30,0,MMA,0
35 - 39,HSN,29.99,29.99,30,0,INTERNET PREMIUM,0
75 - 79,HSN,39.99,39.99,9,0,RED INTERNET & PHONE CABLE U,1
50 - 54,NRW,39.99,39.99,30,0,RED INTERNET & PHONE CABLE U,1
75 - 79,NRW,58.34,37.98,30,0,VF RIP U-TREUE,1
65 - 69,NRW,49.97,49.97,30,0,VF CABLEMAX,1
55 - 59,KBW,56.96,37.98,30,0,VF RIP U-TREUE,1
65 - 69,NRW,67.95,42.98,668,0,VF RIP U-TREUE,0
35 - 39,NRW,48.97,48.97,30,0,VF CABLEMAX,0
55 - 59,HSN,42.94,34.99,594,0,RED INTERNET & PHONE CABLE U,1
40 - 44,KBW,44.99,44.99,242,0,GIGAZUHAUSE KABEL,1
30 - 34,NRW,44.98,44.98,102,0,VF CABLEMAX,0
45 - 49,KBW,84.96,54.98,30,0,RED INTERNET & PHONE CABLE U,1
18 - 24,KBW,44.98,44.98,30,0,RED INTERNET & PHONE CABLE U,1
35 - 39,NRW,27.97,27.97,30,0,RED INTERNET & PHONE CABLE U,1
55 - 59,KBW,71.96,71.96,170,0,GIGAZUHAUSE KABEL,1
35 - 39,HSN,39.98,39.98,202,0,GIGAZUHAUSE KABEL,0
55 - 59,HSN,44.98,44.98,30,0,VF CABLEMAX,1
18 - 24,KBW,42.97,42.97,113,0,GIGAZUHAUSE KABEL,1
40 - 44,KBW,39.99,39.99,30,0,VF RIP U-TREUE,1
60 - 64,KBW,34.99,34.99,30,0,RED INTERNET & PHONE CABLE U,0
35 - 39,NRW,67.96,42.98,30,0,VF RIP U-TREUE,1
50 - 54,KBW,49.99,49.99,47,0,RED INTERNET & PHONE CABLE U,1
60 - 64,NRW,42.97,42.97,30,0,2PLAY TREUE,1
25 - 29,KBW,34.99,34.99,30,0,RED INTERNET & PHONE CABLE U,1
40 - 44,HSN,289.74,189.88,30,0,VF CABLEMAX,0
50 - 54,KBW,60.82,60.82,30,0,3PLAY FLY,0
55 - 59,NRW,43.42,43.42,30,0,3PLAY COMFORT,1
60 - 64,KBW,58.77,37.78,30,0,2PLAY,0
70 - 74,KBW,42.97,32.99,553,0,VF RIP U-TREUE,0
30 - 34,KBW,44.98,44.98,30,0,RED INTERNET & PHONE CABLE U,0
30 - 34,KBW,39.99,39.99,30,0,2PLAY PLUS,1
80 and over,KBW,33.74,33.74,30,0,GIGAZUHAUSE KABEL,0
25 - 29,HSN,42.97,42.97,309,1,GIGAZUHAUSE KABEL,0
35 - 39,NRW,49.99,49.99,30,0,RED INTERNET & PHONE CABLE U,1
60 - 64,KBW,63.96,42.97,30,0,RED INTERNET & PHONE CABLE U,0
50 - 54,NRW,44.98,44.98,30,0,VF CABLEMAX,1
30 - 34,NRW,39.99,39.99,30,0,VF RIP U-TREUE,1
60 - 64,NRW,34.94,34.94,30,0,GIGAZUHAUSE KABEL,0
60 - 64,HSN,52.97,52.97,30,0,GIGAZUHAUSE KABEL,1
35 - 39,KBW,29.99,29.99,169,0,GIGAZUHAUSE TREUE C,0
75 - 79,NRW,72.88,62.9,700,0,3PLAY PREMIUM,1
50 - 54,NRW,44.98,44.98,30,0,VF CABLEMAX,0
55 - 59,KBW,59.96,49.97,30,0,RED INTERNET & PHONE CABLE U,1
65 - 69,KBW,75.62,75.62,30,0,RED INTERNET & PHONE CABLE U,0
80 and over,KBW,19.99,19.99,122,0,RED INTERNET & PHONE CABLE U,1
45 - 49,HSN,44.98,29.99,30,0,VF RIP U-TREUE,0
30 - 34,NRW,42.97,42.97,30,0,RED INTERNET & PHONE CABLE U,1
65 - 69,NRW,71.81,58.82,674,0,3PLAY FLY,0
30 - 34,NRW,42.98,42.98,30,0,2PLAY PLUS,0
25 - 29,NRW,39.98,39.98,346,0,GIGAZUHAUSE KABEL,1
65 - 69,NRW,50.98,29.99,30,0,RED INTERNET & PHONE CABLE U,0
25 - 29,NRW,24.99,24.99,30,1,INTERNET COMFORT,1
35 - 39,HSN,44.98,44.98,30,0,VF CABLEMAX,1
45 - 49,KBW,32.98,32.98,30,0,VF RIP U-TREUE,1
25 - 29,NRW,49.97,49.97,30,0,RED INTERNET & PHONE CABLE U,0
80 and over,NRW,54.94,37.97,619,0,RED INTERNET & PHONE CABLE U,0
30 - 34,KBW,34.99,34.99,30,0,RED INTERNET & PHONE CABLE U,1
80 and over,NRW,59.97,49.99,30,0,RED INTERNET & PHONE CABLE U,1
50 - 54,NRW,48.97,48.97,30,0,RED INTERNET & PHONE CABLE U,0
40 - 44,HSN,39.98,39.98,85,0,VF CABLEMAX,1
25 - 29,KBW,39.99,39.99,30,0,RED INTERNET & PHONE CABLE U,1
35 - 39,KBW,149.96,149.96,30,0,RED INTERNET & PHONE CABLE U,0
60 - 64,KBW,34.99,34.99,30,0,RED INTERNET & PHONE CABLE U,1
45 - 49,NRW,34.99,34.99,30,0,RED INTERNET & PHONE CABLE U,1
30 - 34,NRW,34.99,34.99,30,0,RED INTERNET & PHONE CABLE U,1
35 - 39,NRW,44.98,34.99,30,0,RED INTERNET & PHONE CABLE U,1
30 - 34,NRW,29.99,29.99,30,0,INTERNET PREMIUM,0
18 - 24,NRW,44.98,44.98,30,0,VF CABLEMAX,1
60 - 64,NRW,42.98,42.98,30,0,2PLAY PLUS,0
65 - 69,NRW,37.97,37.97,30,0,RED INTERNET & PHONE CABLE U,0
55 - 59,KBW,33.74,33.74,30,0,GIGAZUHAUSE KABEL,1
40 - 44,NRW,54.99,54.99,30,0,RED INTERNET & PHONE CABLE U,1
60 - 64,NRW,44.97,44.97,120,0,VF CABLEMAX,0
60 - 64,HSN,34.97,34.97,30,1,2PLAY TREUE,1
45 - 49,KBW,59.98,59.98,30,0,RED INTERNET & PHONE CABLE U,1
45 - 49,NRW,44.98,44.98,30,0,RED INTERNET & PHONE CABLE U,1
70 - 74,HSN,64.96,39.98,201,0,GIGAZUHAUSE KABEL,1
60 - 64,HSN,161.88,161.88,30,0,RED INTERNET & PHONE CABLE U,1
25 - 29,NRW,44.98,44.98,30,0,RED INTERNET & PHONE CABLE U,1
40 - 44,NRW,47.98,47.98,318,0,GIGAZUHAUSE KABEL,0
40 - 44,KBW,42.98,42.98,30,0,VF RIP U-TREUE,1
35 - 39,HSN,29.99,29.99,30,0,VF RIP U-TREUE,1
50 - 54,NRW,37.98,37.98,30,0,VF RIP U-TREUE,1
50 - 54,KBW,161.88,161.88,30,0,RED INTERNET & PHONE CABLE U,1
70 - 74,NRW,53.98,53.98,30,0,RED INTERNET & PHONE CABLE U,0
30 - 34,HSN,44.98,44.98,30,0,RED INTERNET & PHONE CABLE U,1
30 - 34,NRW,34.99,37.99,30,0,VF RIP U-TREUE,1
65 - 69,NRW,44.98,44.98,30,0,RED INTERNET & PHONE CABLE U,1
35 - 39,KBW,22.99,22.99,30,0,EAZY FLEX,0
50 - 54,NRW,49.97,49.97,30,0,VF CABLEMAX,1
40 - 44,HSN,24.99,24.99,30,0,VF RIP U-TREUE,0
40 - 44,KBW,47.97,47.97,30,0,RED INTERNET & PHONE CABLE U,1
70 - 74,KBW,34.98,34.98,30,0,VF RIP U-TREUE,1
70 - 74,NRW,45.88,45.88,30,0,3PLAY SMART,1
70 - 74,NRW,58.94,41.97,334,0,GIGAZUHAUSE TREUE B,0
75 - 79,HSN,64.98,64.98,268,0,GIGAZUHAUSE KABEL,0
35 - 39,NRW,34.99,34.99,40,1,RED INTERNET & PHONE CABLE U,1
80 and over,KBW,75.28,75.28,30,0,2PLAY,1
60 - 64,HSN,189.88,189.88,30,0,VF CABLEMAX,0
35 - 39,NRW,29.99,29.99,30,0,RED INTERNET & PHONE CABLE U,0
50 - 54,KBW,49.99,49.99,30,0,RED INTERNET & PHONE CABLE U,1
60 - 64,KBW,72.93,51.94,30,0,3PLAY PLUS MTA,0
40 - 44,NRW,29.99,29.99,30,0,RED INTERNET & PHONE CABLE U,1
80 and over,NRW,55.35,34.99,30,0,VF RIP U-TREUE,1
40 - 44,KBW,39.99,39.99,30,0,VF RIP U-TREUE,0
30 - 34,KBW,64.98,64.98,233,0,GIGAZUHAUSE KABEL,1
70 - 74,NRW,7.98,16.97,51,0,EAZY,0
55 - 59,NRW,54.99,54.99,30,0,RED INTERNET & PHONE CABLE U,0
45 - 49,NRW,11.98,11.98,30,0,EAZY,0
50 - 54,KBW,49.97,49.97,30,0,VF RIP U-TREUE,0
40 - 44,KBW,39.99,39.99,65,0,RED INTERNET & PHONE CABLE U,1
35 - 39,HSN,42.98,42.98,30,0,VF RIP U-TREUE,1
45 - 49,HSN,44.98,44.98,109,0,VF CABLEMAX,1
35 - 39,KBW,54.98,54.98,30,0,RED INTERNET & PHONE CABLE U,1
50 - 54,NRW,25.95,25.95,30,0,RED INTERNET & PHONE CABLE U,1
18 - 24,HSN,34.99,34.99,69,0,RED INTERNET & PHONE CABLE U,1
45 - 49,KBW,58.98,37.99,30,0,VF RIP U-TREUE,0
55 - 59,NRW,74.97,54.98,30,0,GIGAZUHAUSE KABEL,1
35 - 39,NRW,39.98,39.98,199,0,GIGAZUHAUSE KABEL,0
45 - 49,NRW,31.49,31.49,30,0,RED INTERNET & PHONE CABLE U,0
55 - 59,NRW,60.86,43.87,672,0,3PLAY SMART,0
30 - 34,KBW,34.99,34.99,30,0,RED INTERNET & PHONE CABLE U,1
80 and over,NRW,42.98,27.99,375,0,GIGAZUHAUSE TREUE B,0
30 - 34,HSN,44.98,44.98,30,0,VF CABLEMAX,1
45 - 49,NRW,67.97,54.98,724,0,2PLAY JUMP,1
55 - 59,KBW,79.95,49.97,30,0,VF CABLEMAX,1
70 - 74,KBW,62.95,42.98,437,0,VF RIP U-TREUE,0
25 - 29,KBW,32.99,32.99,30,0,VF RIP U-TREUE,0
45 - 49,NRW,44.98,44.98,30,0,VF CABLEMAX,1
50 - 54,KBW,40.9,40.9,30,0,2PLAY PLUS,1
70 - 74,KBW,29.99,29.99,30,0,VF RIP U-TREUE,0
70 - 74,NRW,34.99,34.99,30,0,RED INTERNET & PHONE CABLE U,1
30 - 34,KBW,44.98,44.98,30,0,VF CABLEMAX,1
35 - 39,KBW,231.86,189.88,30,0,RED INTERNET & PHONE CABLE U,1
30 - 34,NRW,39.99,39.99,30,0,VF RIP U-TREUE,0
30 - 34,NRW,24.98,24.98,202,0,GIGAZUHAUSE KABEL,1
60 - 64,KBW,66.96,45.97,30,0,3PLAY SMART,1
50 - 54,NRW,34.99,34.99,30,0,RED INTERNET & PHONE CABLE U,0
80 and over,KBW,74.95,49.97,172,3,VF CABLEMAX,0
60 - 64,HSN,34.99,34.99,30,0,RED INTERNET & PHONE CABLE U,0
60 - 64,KBW,39.99,39.99,30,0,RED INTERNET & PHONE CABLE U,0
55 - 59,KBW,44.98,44.98,30,1,VF CABLEMAX,1
40 - 44,NRW,78.94,44.98,30,0,VF CABLEMAX,0
35 - 39,KBW,37.99,37.99,30,0,VF RIP U-TREUE,0
25 - 29,NRW,34.99,34.99,30,0,RED INTERNET & PHONE CABLE U,1
70 - 74,NRW,58.98,58.98,30,0,RED INTERNET & PHONE CABLE U,1
40 - 44,KBW,37.99,37.99,30,0,VF RIP U-TREUE,0
60 - 64,KBW,43.95,43.95,30,0,3PLAY SMART,0
35 - 39,HSN,37.98,24.99,563,0,INTERNET COMFORT,0
60 - 64,HSN,56.85,35.86,30,0,3PLAY,1
80 and over,NRW,52.97,27.99,186,1,GIGAZUHAUSE TREUE B,1
30 - 34,NRW,34.99,34.99,30,0,RED INTERNET & PHONE CABLE U,0
50 - 54,NRW,39.99,39.99,30,0,RED INTERNET & PHONE CABLE U,0
60 - 64,KBW,44.98,44.98,30,0,RED INTERNET & PHONE CABLE U,0
30 - 34,HSN,49.99,49.99,30,0,RED INTERNET & PHONE CABLE U,1
25 - 29,HSN,44.98,44.98,30,0,VF CABLEMAX,1
50 - 54,NRW,85.97,54.99,30,0,RED INTERNET & PHONE CABLE U,0
55 - 59,HSN,24.99,24.99,30,2,VF RIP U-TREUE,1
60 - 64,KBW,30.95,30.95,30,0,RED INTERNET & PHONE CABLE U,0
55 - 59,NRW,69.41,38.43,30,0,GIGAZUHAUSE KABEL,1
80 and over,NRW,45.36,25.0,30,0,RED INTERNET & PHONE CABLE U,1
30 - 34,NRW,44.98,44.98,30,0,RED INTERNET & PHONE CABLE U,1
18 - 24,NRW,34.99,34.99,30,0,RED INTERNET & PHONE CABLE U,1
80 and over,KBW,42.97,42.97,30,0,2PLAY TREUE,1
30 - 34,KBW,19.99,19.99,30,0,EAZY,0
25 - 29,NRW,39.98,39.98,30,0,RED INTERNET & PHONE CABLE U,0
35 - 39,HSN,54.97,44.98,30,0,VF CABLEMAX,0
35 - 39,NRW,44.98,44.98,30,0,RED INTERNET & PHONE CABLE U,1
55 - 59,NRW,63.96,42.97,30,0,RED INTERNET & PHONE CABLE U,1
40 - 44,KBW,34.99,34.99,30,0,RED INTERNET & PHONE CABLE U,1
55 - 59,NRW,57.96,37.99,177,0,VF RIP U-TREUE,1
40 - 44,KBW,39.99,39.99,30,0,VF RIP U-TREUE,0
30 - 34,NRW,49.98,39.99,99,0,RED INTERNET & PHONE CABLE U,1
35 - 39,NRW,32.99,32.99,30,0,VF RIP U-TREUE,0
40 - 44,NRW,39.98,39.98,140,0,GIGAZUHAUSE KABEL,1
55 - 59,NRW,59.96,34.99,465,0,RED INTERNET & PHONE CABLE U,1
45 - 49,NRW,44.97,44.97,161,0,VF CABLEMAX,1
25 - 29,KBW,39.99,39.99,30,0,RED INTERNET & PHONE CABLE U,1
35 - 39,KBW,55.98,34.99,30,0,VF RIP U-TREUE,0
35 - 39,KBW,64.98,34.99,30,0,RED INTERNET & PHONE CABLE U,0
55 - 59,NRW,29.99,29.99,30,0,VF RIP U-TREUE,0
30 - 34,NRW,37.99,37.99,30,0,VF RIP U-TREUE,1
50 - 54,HSN,49.97,29.99,30,0,VF RIP U-TREUE,0
80 and over,KBW,44.98,34.99,30,0,RED INTERNET & PHONE CABLE U,0
45 - 49,KBW,39.99,39.99,30,0,RED INTERNET & PHONE CABLE U,0
65 - 69,NRW,70.98,49.99,30,0,VF RIP U-TREUE,0
50 - 54,HSN,45.96,34.99,664,0,GIGAZUHAUSE TREUE C,0
75 - 79,NRW,56.84,35.85,30,0,3PLAY,1
30 - 34,HSN,69.96,44.98,30,0,VF CABLEMAX,1
30 - 34,HSN,59.97,33.0,30,0,RED INTERNET & PHONE CABLE U,1
60 - 64,NRW,34.99,34.99,30,0,RED INTERNET & PHONE CABLE U,0
70 - 74,NRW,30.95,30.95,30,0,RED INTERNET & PHONE CABLE U,1
80 and over,NRW,88.94,53.96,30,0,VF CABLEMAX,0
35 - 39,HSN,39.99,39.99,30,0,RED INTERNET & PHONE CABLE U,1
35 - 39,NRW,45.86,45.86,30,0,3PLAY HD BOX,0
70 - 74,KBW,52.96,34.98,365,1,GIGAZUHAUSE TREUE C,0
18 - 24,HSN,44.98,44.98,31,0,RED INTERNET & PHONE CABLE U,1
80 and over,NRW,44.97,34.99,517,0,RED INTERNET & PHONE CABLE U,0
30 - 34,NRW,29.99,29.99,323,0,GIGAZUHAUSE TREUE C,1
40 - 44,NRW,44.98,44.98,30,0,VF CABLEMAX,1
65 - 69,NRW,42.98,42.98,30,0,VF RIP U-TREUE,1
35 - 39,KBW,39.98,39.98,124,0,GIGAZUHAUSE KABEL,1
30 - 34,KBW,34.99,34.99,30,0,RED INTERNET & PHONE CABLE U,0
75 - 79,NRW,62.96,39.98,722,4,GIGAZUHAUSE KABEL,1
50 - 54,NRW,63.97,63.97,30,0,RED INTERNET & PHONE CABLE U,0
18 - 24,KBW,39.99,39.99,30,0,RED INTERNET & PHONE CABLE U,1
18 - 24,NRW,39.98,39.98,228,0,GIGAZUHAUSE KABEL,1
40 - 44,KBW,74.96,37.99,86,0,VF RIP U-TREUE,0
30 - 34,HSN,149.96,149.96,30,0,RED INTERNET & PHONE CABLE U,1
70 - 74,KBW,59.97,39.98,30,0,RED INTERNET & PHONE CABLE U,0
60 - 64,KBW,34.99,34.99,30,0,VF RIP U-TREUE,1
60 - 64,KBW,56.4,48.42,30,0,3PLAY COMFORT,1
18 - 24,NRW,47.96,47.96,331,0,GIGAZUHAUSE KABEL,0
60 - 64,HSN,58.98,37.99,30,0,VF RIP U-TREUE,0
55 - 59,HSN,75.93,46.96,30,0,2PLAY COMFORT,0
80 and over,NRW,42.87,42.87,30,0,3PLAY,0
50 - 54,NRW,27.99,27.99,30,0,VF RIP U-TREUE,1
55 - 59,NRW,75.95,54.98,699,0,VF RIP U-TREUE,0
45 - 49,NRW,76.94,44.97,30,0,VF CABLEMAX,0
50 - 54,HSN,0.0,0.0,30,0,MMA,0
35 - 39,KBW,39.99,39.99,30,0,VF RIP U-TREUE,0
25 - 29,NRW,34.99,34.99,30,0,VF RIP U-TREUE,1
30 - 34,KBW,44.97,44.97,30,1,VF CABLEMAX,0
55 - 59,KBW,82.95,57.97,30,0,RED INTERNET & PHONE CABLE U,0
60 - 64,KBW,74.95,49.97,30,0,VF CABLEMAX,0
35 - 39,NRW,49.99,49.99,30,0,VF RIP U-TREUE,0
35 - 39,KBW,39.99,39.99,30,0,VF RIP U-TREUE,1
25 - 29,NRW,47.97,47.97,30,0,VF CABLEMAX,0
45 - 49,KBW,34.99,34.99,170,0,GIGAZUHAUSE KABEL,1
45 - 49,NRW,58.96,53.97,30,0,TREUEPLUS,0
55 - 59,NRW,44.98,44.98,30,0,RED INTERNET & PHONE CABLE U,0
25 - 29,NRW,29.99,29.99,98,0,VF RIP U-TREUE,1
65 - 69,KBW,57.97,44.98,659,0,RED INTERNET & PHONE CABLE U,0
35 - 39,KBW,44.98,44.98,30,0,VF CABLEMAX,1
80 and over,NRW,25.0,25.0,30,0,RED INTERNET & PHONE CABLE U,0
75 - 79,NRW,37.97,32.99,658,0,GIGAZUHAUSE TREUE B,0
30 - 34,KBW,169.92,169.92,30,0,VF RIP U-TREUE,1
30 - 34,NRW,34.99,34.99,30,0,VF RIP U-TREUE,1
30 - 34,NRW,49.97,49.97,30,0,VF CABLEMAX,0
80 and over,NRW,64.97,39.99,64,0,VF CABLEMAX,1
75 - 79,KBW,55.35,34.99,30,0,VF RIP U-TREUE,0
40 - 44,NRW,83.95,58.98,30,0,RED INTERNET & PHONE CABLE U,1
30 - 34,HSN,67.97,67.97,332,0,GIGAZUHAUSE KABEL,1
60 - 64,NRW,94.93,49.97,30,0,VF CABLEMAX,0
55 - 59,NRW,79.94,49.97,30,0,VF CABLEMAX,0
25 - 29,NRW,19.99,19.99,351,0,GIGAZUHAUSE KABEL,1
30 - 34,HSN,34.99,34.99,30,0,RED INTERNET & PHONE CABLE U,1
35 - 39,KBW,42.97,32.99,30,0,VF RIP U-TREUE,0
60 - 64,NRW,44.99,44.99,129,0,GIGAZUHAUSE KABEL,1
80 and over,NRW,29.99,29.99,30,0,VF RIP U-TREUE,0
25 - 29,KBW,34.99,34.99,30,0,RED INTERNET & PHONE CABLE U,0
25 - 29,NRW,37.98,37.98,385,0,GIGAZUHAUSE TREUE D,0
75 - 79,NRW,75.98,54.99,30,0,RED INTERNET & PHONE CABLE U,1
55 - 59,NRW,39.99,39.99,30,0,RED INTERNET & PHONE CABLE U,1
45 - 49,KBW,49.97,49.97,30,0,VF CABLEMAX,1
30 - 34,NRW,65.94,45.97,30,0,VF RIP U-TREUE,0
60 - 64,NRW,54.96,44.98,30,0,VF CABLEMAX,0
60 - 64,HSN,90.93,44.97,30,0,VF CABLEMAX,1
45 - 49,KBW,39.99,39.99,30,0,VF RIP U-TREUE,1
55 - 59,NRW,58.97,58.97,43,0,RED INTERNET & PHONE CABLE U,1
50 - 54,KBW,69.93,42.98,493,0,VF RIP U-TREUE,0
65 - 69,HSN,55.84,55.84,30,0,3PLAY FLY,1
60 - 64,KBW,58.14,37.78,30,0,RED INTERNET & PHONE CABLE U,1
25 - 29,KBW,29.99,29.99,30,0,INTERNET PREMIUM,0
55 - 59,KBW,54.98,54.98,30,0,GIGAZUHAUSE KABEL,0
45 - 49,KBW,37.98,37.98,309,0,GIGAZUHAUSE TREUE B,0
45 - 49,HSN,129.96,129.96,30,0,RED INTERNET & PHONE CABLE U,1
65 - 69,KBW,29.99,29.99,30,0,VF RIP U-TREUE,0
80 and over,NRW,42.97,42.97,30,0,RED INTERNET & PHONE CABLE U,0
50 - 54,KBW,78.97,67.97,187,0,GIGAZUHAUSE KABEL,0
25 - 29,NRW,29.99,29.99,30,0,RED INTERNET & PHONE CABLE U,0
25 - 29,KBW,54.99,54.99,30,0,RED INTERNET & PHONE CABLE U,1
35 - 39,NRW,53.98,53.98,30,0,RED INTERNET & PHONE CABLE U,1
55 - 59,HSN,44.97,34.99,666,0,RED INTERNET & PHONE CABLE U,0
60 - 64,NRW,29.99,29.99,688,0,RED INTERNET & PHONE CABLE U,1
30 - 34,NRW,34.97,34.97,30,0,VF CABLEMAX,1
60 - 64,KBW,56.98,35.99,30,0,GIGAZUHAUSE KABEL,0
75 - 79,KBW,14.99,0.0,30,0,HSI HZ BOX ONLY,0
30 - 34,KBW,54.98,54.98,30,0,RED INTERNET & PHONE CABLE U,0
70 - 74,NRW,29.99,29.99,58,0,VF RIP U-TREUE,0
80 and over,NRW,42.96,35.98,30,0,RED INTERNET & PHONE CABLE U,1
45 - 49,NRW,39.99,39.99,30,0,RED INTERNET & PHONE CABLE U,0
35 - 39,NRW,47.97,37.98,204,0,GIGAZUHAUSE TREUE B,1
65 - 69,NRW,34.99,34.99,30,0,RED INTERNET & PHONE CABLE U,0
35 - 39,HSN,39.98,39.98,174,0,GIGAZUHAUSE KABEL,1
70 - 74,KBW,81.94,49.97,30,0,VF CABLEMAX,1
40 - 44,NRW,34.99,34.99,30,1,RED INTERNET & PHONE CABLE U,1
30 - 34,NRW,48.97,48.97,30,0,VF CABLEMAX,0
30 - 34,KBW,44.98,44.98,30,0,RED INTERNET & PHONE CABLE U,1
35 - 39,NRW,59.98,39.99,30,0,VF RIP U-TREUE,0
50 - 54,NRW,39.99,39.99,197,0,VF CABLEMAX,1
50 - 54,NRW,27.99,27.99,385,0,GIGAZUHAUSE TREUE B,0
35 - 39,NRW,37.98,37.98,133,5,GIGAZUHAUSE TREUE C,0
50 - 54,HSN,71.97,51.98,30,0,GIGAZUHAUSE KABEL,1
30 - 34,KBW,34.99,34.99,30,0,RED INTERNET & PHONE CABLE U,1
65 - 69,KBW,60.34,39.98,30,0,VF RIP U-TREUE,0
45 - 49,NRW,34.99,34.99,30,0,RED INTERNET & PHONE CABLE U,0
80 and over,NRW,37.98,37.98,384,0,GIGAZUHAUSE TREUE D,0
25 - 29,NRW,44.98,44.98,73,0,RED INTERNET & PHONE CABLE U,1
35 - 39,KBW,54.98,45.0,612,0,2PLAY PLUS,1
75 - 79,NRW,34.99,34.99,30,0,RED INTERNET & PHONE CABLE U,0
60 - 64,NRW,39.86,39.86,30,0,GIGAZUHAUSE KABEL,1
55 - 59,NRW,85.95,49.97,107,0,VF CABLEMAX,1
30 - 34,HSN,39.98,39.98,264,0,GIGAZUHAUSE TREUE B,0
40 - 44,NRW,56.97,48.99,30,0,3PLAY TREUE,1
25 - 29,KBW,54.99,54.99,30,0,RED INTERNET & PHONE CABLE U,0
80 and over,NRW,0.0,0.0,30,0,MMA,0
40 - 44,KBW,54.97,29.99,91,0,VF RIP U-TREUE,0
80 and over,NRW,40.35,19.99,30,0,TELEFON HSI,0
18 - 24,KBW,13.99,13.99,30,0,EAZY,0
75 - 79,KBW,49.98,29.99,30,0,VF RIP U-TREUE,0
65 - 69,NRW,44.98,44.98,30,1,VF CABLEMAX,1
65 - 69,HSN,70.95,46.97,30,0,VF RIP U-TREUE,0
55 - 59,HSN,32.99,32.99,319,1,GIGAZUHAUSE TREUE B,0
25 - 29,KBW,44.98,44.98,94,0,VF CABLEMAX,1
18 - 24,HSN,44.98,44.98,30,0,RED INTERNET & PHONE CABLE U,1
40 - 44,NRW,39.97,29.99,694,0,RED INTERNET & PHONE CABLE U,1
25 - 29,KBW,32.97,32.97,30,0,GIGAZUHAUSE KABEL,0
65 - 69,NRW,72.99,44.65,30,0,3PLAY PLUS,0
18 - 24,KBW,24.99,24.99,29,0,VF RIP U-TREUE,1
45 - 49,NRW,49.97,44.98,696,0,VF CABLEMAX,0
35 - 39,KBW,49.99,49.99,30,0,RED INTERNET & PHONE CABLE U,0
60 - 64,NRW,80.46,54.47,30,0,3PLAY PREMIUM,1
50 - 54,NRW,44.98,44.98,30,0,RED INTERNET & PHONE CABLE U,1
55 - 59,KBW,44.98,44.98,30,0,RED INTERNET & PHONE CABLE U,1
18 - 24,NRW,34.99,34.99,65,0,RED INTERNET & PHONE CABLE U,1
65 - 69,NRW,34.97,24.99,695,0,GIGAZUHAUSE TREUE C,1
25 - 29,NRW,34.99,34.99,309,0,GIGAZUHAUSE TREUE C,1
40 - 44,KBW,34.99,34.99,30,0,RED INTERNET & PHONE CABLE U,0
40 - 44,KBW,37.98,37.98,115,0,VF RIP U-TREUE,1
18 - 24,KBW,75.98,54.99,30,0,RED INTERNET & PHONE CABLE U,1
35 - 39,HSN,34.98,37.98,85,0,VF RIP U-TREUE,1
35 - 39,NRW,59.94,9.98,30,0,HSI HZ BOX ONLY,0
60 - 64,KBW,68.78,38.43,30,0,GIGAZUHAUSE KABEL,0
45 - 49,NRW,29.99,29.99,30,0,VF RIP U-TREUE,0
40 - 44,NRW,34.99,34.99,30,0,RED INTERNET & PHONE CABLE U,1
45 - 49,NRW,29.99,29.99,30,0,VF RIP U-TREUE,1
55 - 59,NRW,44.98,44.98,30,0,VF CABLEMAX,1
55 - 59,KBW,39.98,39.98,244,0,GIGAZUHAUSE KABEL,0
30 - 34,NRW,59.99,59.99,136,0,GIGAZUHAUSE KABEL,1
35 - 39,KBW,34.99,34.99,30,0,RED INTERNET & PHONE CABLE U,0
50 - 54,NRW,59.98,49.99,30,0,VF RIP U-TREUE,1
25 - 29,HSN,19.99,19.99,30,0,EAZY,1
25 - 29,NRW,34.98,34.98,30,0,VF CABLEMAX,0
50 - 54,HSN,82.95,47.99,30,0,VF RIP U-TREUE,0
18 - 24,HSN,39.98,39.98,218,0,GIGAZUHAUSE KABEL,0
75 - 79,HSN,60.97,32.99,30,0,VF RIP U-TREUE,1
60 - 64,NRW,32.99,32.99,30,0,VF RIP U-TREUE,1
40 - 44,NRW,54.99,54.99,30,0,RED INTERNET & PHONE CABLE U,1
35 - 39,NRW,34.99,34.99,85,0,RED INTERNET & PHONE CABLE U,1
65 - 69,NRW,47.97,39.98,571,0,GIGAZUHAUSE TREUE B,1
18 - 24,KBW,89.97,89.97,30,0,RED INTERNET & PHONE CABLE U,1
25 - 29,NRW,58.98,58.98,30,0,RED INTERNET & PHONE CABLE U,1
60 - 64,NRW,25.0,25.0,30,0,RED INTERNET & PHONE CABLE U,0
25 - 29,NRW,68.96,39.99,30,0,VF RIP U-TREUE,1
35 - 39,NRW,32.99,32.99,347,2,GIGAZUHAUSE TREUE B,1
35 - 39,NRW,39.99,39.99,30,0,RED INTERNET & PHONE CABLE U,0
30 - 34,KBW,49.97,49.97,30,0,VF CABLEMAX,0
40 - 44,KBW,24.99,24.99,30,0,INTERNET COMFORT,0
55 - 59,HSN,86.96,54.99,214,0,RED INTERNET & PHONE CABLE U,0
25 - 29,KBW,54.99,54.99,30,0,RED INTERNET & PHONE CABLE U,1
45 - 49,KBW,49.98,34.99,134,0,VF CABLEMAX,1
25 - 29,NRW,39.99,39.99,30,0,VF RIP U-TREUE,0
18 - 24,NRW,34.99,34.99,30,0,RED INTERNET & PHONE CABLE U,0
45 - 49,KBW,39.98,39.98,211,0,GIGAZUHAUSE KABEL,0
45 - 49,NRW,39.99,39.99,30,0,RED INTERNET & PHONE CABLE U,1
80 and over,NRW,68.95,42.97,30,0,RED INTERNET & PHONE CABLE U,1
18 - 24,NRW,39.99,39.99,30,0,RED INTERNET & PHONE CABLE U,0
80 and over,HSN,65.88,39.89,30,0,3PLAY,0
80 and over,NRW,60.88,39.89,30,0,3PLAY,0
55 - 59,KBW,54.97,39.98,107,0,VF CABLEMAX,1
65 - 69,HSN,34.98,24.99,30,0,VF RIP U-TREUE,1
18 - 24,KBW,41.99,39.98,40,0,RED INTERNET & PHONE CABLE U,0
40 - 44,NRW,64.95,44.98,86,0,VF CABLEMAX,0
70 - 74,KBW,34.99,34.99,341,0,GIGAZUHAUSE TREUE C,0
25 - 29,NRW,44.98,44.98,30,0,RED INTERNET & PHONE CABLE U,1
40 - 44,HSN,59.83,49.85,546,0,3PLAY HD BOX,1
45 - 49,NRW,56.95,39.98,135,0,GIGAZUHAUSE TREUE B,0
75 - 79,HSN,38.99,32.99,30,0,VF RIP U-TREUE,1
40 - 44,KBW,57.95,44.98,30,0,VF CABLEMAX,1
55 - 59,KBW,65.97,44.98,30,0,RED INTERNET & PHONE CABLE U,0
50 - 54,NRW,74.96,44.98,30,0,VF CABLEMAX,1
55 - 59,KBW,39.99,39.99,31,0,RED INTERNET & PHONE CABLE U,1
55 - 59,KBW,56.97,56.97,30,0,VF RIP U-TREUE,0
70 - 74,KBW,34.99,34.99,30,0,VF RIP U-TREUE,1
60 - 64,NRW,39.99,39.99,30,0,RED INTERNET & PHONE CABLE U,0
45 - 49,NRW,41.98,34.99,619,0,GIGAZUHAUSE KABEL,1
55 - 59,HSN,54.99,54.99,30,0,3PLAY JUMP,0
55 - 59,NRW,69.86,43.88,30,0,3PLAY,0
30 - 34,NRW,83.95,47.98,339,0,GIGAZUHAUSE KABEL,0
50 - 54,NRW,72.95,42.97,309,0,GIGAZUHAUSE TREUE D,0
60 - 64,HSN,43.98,43.98,30,0,RED INTERNET & PHONE CABLE U,0
35 - 39,KBW,60.98,39.99,30,0,RED INTERNET & PHONE CABLE U,1
25 - 29,NRW,43.98,43.98,30,0,RED INTERNET & PHONE CABLE U,1
30 - 34,NRW,29.99,29.99,30,0,VF RIP U-TREUE,0
35 - 39,NRW,30.88,30.88,30,0,RED INTERNET & PHONE CABLE U,0
75 - 79,NRW,59.96,34.98,336,0,GIGAZUHAUSE TREUE C,0
35 - 39,HSN,34.99,34.99,30,0,RED INTERNET & PHONE CABLE U,1
65 - 69,NRW,80.94,49.99,608,0,RED INTERNET & PHONE CABLE U,1
35 - 39,NRW,44.98,44.98,30,0,RED INTERNET & PHONE CABLE U,1
45 - 49,HSN,24.99,24.99,242,0,GIGAZUHAUSE TREUE C,0
60 - 64,HSN,221.88,221.88,30,0,VF RIP U-TREUE,1
45 - 49,NRW,42.97,42.97,30,0,RED INTERNET & PHONE CABLE U,0
30 - 34,NRW,39.98,39.98,157,0,GIGAZUHAUSE KABEL,1
25 - 29,KBW,84.96,59.98,30,0,RED INTERNET & PHONE CABLE U,1
40 - 44,HSN,39.99,39.99,30,0,VF RIP U-TREUE,1
30 - 34,KBW,42.98,42.98,30,0,VF RIP U-TREUE,0
55 - 59,HSN,75.96,54.97,30,0,TREUEPLUS,0
70 - 74,KBW,65.97,44.98,30,0,VF CABLEMAX,0
70 - 74,NRW,42.98,42.98,30,0,2PLAY PLUS,1
25 - 29,NRW,39.98,39.98,30,0,3PLAY START,1
40 - 44,KBW,49.97,41.98,667,0,VF RIP U-TREUE,1
30 - 34,KBW,69.97,44.99,152,0,GIGAZUHAUSE KABEL,1
65 - 69,NRW,79.95,49.97,30,0,VF CABLEMAX,1
50 - 54,HSN,48.99,48.99,30,0,3PLAY TREUE,1
70 - 74,HSN,26.89,26.89,30,0,1PLAY,0
80 and over,KBW,34.97,24.99,456,0,RED INTERNET & PHONE CABLE U,1
25 - 29,NRW,44.97,44.97,30,0,VF CABLEMAX,1
40 - 44,KBW,62.98,62.98,383,0,GIGAZUHAUSE KABEL,0
30 - 34,NRW,42.97,42.97,30,0,RED INTERNET & PHONE CABLE U,0
45 - 49,KBW,44.98,29.99,30,2,VF RIP U-TREUE,0
30 - 34,KBW,34.99,37.99,30,2,VF RIP U-TREUE,1
50 - 54,KBW,27.99,27.99,30,0,VF RIP U-TREUE,0
18 - 24,NRW,37.98,37.98,373,0,GIGAZUHAUSE KABEL,1
70 - 74,NRW,39.98,39.98,73,1,VF CABLEMAX,1
35 - 39,NRW,28.98,28.98,363,0,GIGAZUHAUSE TREUE C,1
65 - 69,NRW,77.94,42.98,667,0,VF RIP U-TREUE,0
60 - 64,NRW,59.97,44.98,30,0,VF CABLEMAX,1
60 - 64,NRW,34.98,37.98,111,0,VF RIP U-TREUE,0
50 - 54,KBW,32.99,32.99,192,0,GIGAZUHAUSE TREUE B,0
70 - 74,KBW,57.97,37.98,295,0,GIGAZUHAUSE TREUE B,0
25 - 29,NRW,44.98,44.98,30,0,VF CABLEMAX,0
45 - 49,NRW,44.97,44.97,334,0,GIGAZUHAUSE KABEL,0
70 - 74,NRW,55.97,32.99,105,0,VF RIP U-TREUE,0
55 - 59,NRW,48.97,27.98,30,0,RED INTERNET & PHONE CABLE U,1
35 - 39,NRW,39.99,39.99,30,0,RED INTERNET & PHONE CABLE U,1
35 - 39,HSN,44.98,44.98,113,0,VF CABLEMAX,0
40 - 44,KBW,64.97,39.99,30,0,VF RIP U-TREUE,0
55 - 59,NRW,19.99,24.99,30,0,VF RIP U-TREUE,1
30 - 34,HSN,49.99,49.99,30,0,RED INTERNET & PHONE CABLE U,0
45 - 49,NRW,44.65,44.65,30,0,3PLAY PLUS,1
35 - 39,HSN,22.99,22.99,30,0,VF RIP U-TREUE,0
50 - 54,NRW,11.98,11.98,30,0,EAZY,0
75 - 79,NRW,49.98,39.99,91,0,VF CABLEMAX,1
80 and over,NRW,64.97,39.99,30,0,RED INTERNET & PHONE CABLE U,0
80 and over,NRW,0.0,0.0,30,0,MMA,0
35 - 39,KBW,68.97,68.97,30,0,RED INTERNET & PHONE CABLE U,1
30 - 34,NRW,54.98,54.98,25,1,RED INTERNET & PHONE CABLE U,1
35 - 39,KBW,29.99,29.99,30,0,VF RIP U-TREUE,1
55 - 59,NRW,61.95,51.96,30,0,VF RIP U-TREUE,0
65 - 69,KBW,49.97,44.98,30,0,3PLAY START,1
60 - 64,HSN,39.99,39.99,30,0,RED INTERNET & PHONE CABLE U,1
35 - 39,KBW,53.98,35.99,30,0,GIGAZUHAUSE KABEL,1
35 - 39,HSN,47.97,47.97,30,0,RED INTERNET & PHONE CABLE U,1
25 - 29,KBW,59.96,29.99,520,4,RED INTERNET & PHONE CABLE U,1
45 - 49,KBW,79.96,54.99,30,0,RED INTERNET & PHONE CABLE U,0
40 - 44,KBW,62.97,37.99,47,0,VF RIP U-TREUE,1
60 - 64,NRW,34.99,34.99,221,0,GIGAZUHAUSE KABEL,1
45 - 49,HSN,62.96,42.97,30,0,RED INTERNET & PHONE CABLE U,1
30 - 34,NRW,48.97,48.97,30,0,VF CABLEMAX,0
75 - 79,NRW,37.98,37.98,63,0,VF RIP U-TREUE,0
40 - 44,NRW,11.98,11.98,30,0,EAZY,0
50 - 54,KBW,57.97,57.97,183,0,GIGAZUHAUSE TREUE C,0
35 - 39,HSN,42.97,42.97,276,0,GIGAZUHAUSE KABEL,0
65 - 69,HSN,11.98,11.98,30,0,EAZY,0
35 - 39,HSN,44.97,44.97,30,1,VF CABLEMAX,1
25 - 29,NRW,34.99,34.99,261,0,GIGAZUHAUSE TREUE C,0
55 - 59,KBW,44.98,29.99,30,0,VF RIP U-TREUE,1
50 - 54,HSN,29.99,29.99,30,0,HSI HZ BOX ONLY,1
65 - 69,HSN,52.84,42.86,556,0,3PLAY,0
55 - 59,NRW,40.97,40.97,30,1,VF CABLEMAX,1
30 - 34,HSN,29.99,29.99,64,0,RIP CABLE U TREUE,1
35 - 39,HSN,29.99,29.99,30,0,VF RIP U-TREUE,0
60 - 64,KBW,63.96,42.97,30,0,RED INTERNET & PHONE CABLE U,1
70 - 74,HSN,71.25,46.89,30,0,2PLAY,0
30 - 34,HSN,47.98,47.98,366,0,GIGAZUHAUSE KABEL,1
40 - 44,KBW,54.96,44.98,678,0,VF CABLEMAX,0
30 - 34,KBW,169.92,169.92,30,0,VF CABLEMAX,1
50 - 54,KBW,39.98,39.98,154,0,GIGAZUHAUSE KABEL,1
60 - 64,KBW,59.96,49.97,15,0,VF CABLEMAX,0
80 and over,NRW,49.96,49.96,629,0,RED INTERNET & PHONE CABLE U,0
45 - 49,KBW,44.99,44.99,259,1,GIGAZUHAUSE TREUE B,1
25 - 29,NRW,39.99,39.99,30,0,RED INTERNET & PHONE CABLE U,1
75 - 79,NRW,64.98,44.99,171,1,GIGAZUHAUSE TREUE B,0
65 - 69,KBW,24.99,24.99,183,0,GIGAZUHAUSE TREUE B,1
30 - 34,KBW,24.99,24.99,338,0,GIGAZUHAUSE TREUE C,1
65 - 69,KBW,50.93,50.93,30,0,3PLAY PLUS MTA,1
50 - 54,KBW,34.99,34.99,30,0,RED INTERNET & PHONE CABLE U,1
40 - 44,HSN,44.98,44.98,30,0,VF RIP U-TREUE,1
60 - 64,KBW,20.97,20.97,30,0,1PLAY,1
30 - 34,NRW,44.98,44.98,30,0,RED INTERNET & PHONE CABLE U,0
35 - 39,KBW,29.99,29.99,30,0,VF RIP U-TREUE,1
55 - 59,KBW,37.99,37.99,30,0,VF RIP U-TREUE,0
30 - 34,HSN,29.99,29.99,23,0,VF RIP U-TREUE,0
65 - 69,KBW,29.99,29.99,30,0,RED INTERNET & PHONE CABLE U,0
80 and over,KBW,49.98,29.99,382,0,GIGAZUHAUSE TREUE C,0
65 - 69,NRW,54.99,54.99,671,0,RED INTERNET & PHONE CABLE U,0
80 and over,NRW,35.86,35.86,30,0,3PLAY,1
75 - 79,KBW,39.99,39.99,30,0,VF RIP U-TREUE,1
25 - 29,KBW,44.98,44.98,63,0,VF CABLEMAX,1
35 - 39,HSN,58.95,37.98,30,0,VF RIP U-TREUE,1
80 and over,KBW,161.88,161.88,30,0,RED INTERNET & PHONE CABLE U,0
60 - 64,NRW,34.99,34.99,30,0,RED INTERNET & PHONE CABLE U,1
40 - 44,HSN,189.88,189.88,30,0,VF CABLEMAX,1
40 - 44,NRW,30.94,24.99,138,0,RED INTERNET & PHONE CABLE U,1
50 - 54,KBW,65.51,29.99,30,0,VF RIP U-TREUE,1
45 - 49,NRW,29.98,29.98,30,0,RED INTERNET & PHONE CABLE U,1
18 - 24,HSN,44.98,44.98,30,0,RED INTERNET & PHONE CABLE U,1
50 - 54,KBW,54.99,54.99,30,0,RED INTERNET & PHONE CABLE U,0
60 - 64,NRW,59.98,59.98,30,0,RED INTERNET & PHONE CABLE U,0
75 - 79,NRW,37.98,37.98,21,0,VF RIP U-TREUE,0
40 - 44,HSN,72.98,59.99,30,0,3PLAY FLY,0
65 - 69,KBW,34.99,34.99,30,0,RED INTERNET & PHONE CABLE U,0
50 - 54,NRW,44.98,44.98,30,0,RED INTERNET & PHONE CABLE U,0
25 - 29,KBW,53.96,53.96,22,1,VF CABLEMAX,0
50 - 54,KBW,75.97,54.98,30,0,GIGAZUHAUSE KABEL,1
80 and over,NRW,24.99,24.99,30,0,RED INTERNET & PHONE CABLE U,0
65 - 69,KBW,42.97,42.97,30,0,RED INTERNET & PHONE CABLE U,0
60 - 64,NRW,76.93,55.94,30,0,3PLAY PREMIUM,1
25 - 29,KBW,39.99,39.99,30,0,RED INTERNET & PHONE CABLE U,1
75 - 79,NRW,85.97,54.99,65,0,RED INTERNET & PHONE CABLE U,1
25 - 29,HSN,44.99,44.99,186,0,GIGAZUHAUSE KABEL,1
55 - 59,NRW,48.97,38.99,504,0,3PLAY,1
60 - 64,NRW,59.98,59.98,30,0,2PLAY PREMIUM,1
55 - 59,NRW,49.97,49.97,30,0,VF CABLEMAX,1
35 - 39,NRW,39.99,39.99,30,0,RED INTERNET & PHONE CABLE U,1
55 - 59,KBW,44.98,44.98,30,0,VF CABLEMAX,1
55 - 59,NRW,54.98,54.98,30,3,VF RIP U-TREUE,1
50 - 54,KBW,39.99,39.99,3,0,RED INTERNET & PHONE CABLE U,0
30 - 34,NRW,49.97,49.97,30,0,RED INTERNET & PHONE CABLE U,0
80 and over,KBW,53.97,38.98,277,0,RED INTERNET & PHONE CABLE U,0
70 - 74,HSN,32.98,29.99,30,0,RED INTERNET & PHONE CABLE U,0
50 - 54,KBW,32.99,32.99,30,0,VF RIP U-TREUE,0
40 - 44,NRW,29.99,29.99,30,0,VF RIP U-TREUE,1
35 - 39,HSN,129.96,129.96,30,0,RED INTERNET & PHONE CABLE U,1
65 - 69,HSN,59.97,34.99,162,0,GIGAZUHAUSE KABEL,1
40 - 44,KBW,50.98,29.99,30,0,RED INTERNET & PHONE CABLE U,1
60 - 64,KBW,50.63,37.64,698,0,2PLAY,0
25 - 29,KBW,39.99,39.99,101,0,RED INTERNET & PHONE CABLE U,1
65 - 69,NRW,40.9,40.9,30,0,2PLAY PLUS,0
50 - 54,NRW,32.99,32.99,30,0,VF RIP U-TREUE,1
50 - 54,NRW,59.98,39.99,30,0,VF RIP U-TREUE,1
30 - 34,HSN,189.96,189.96,30,0,RED INTERNET & PHONE CABLE U,0
65 - 69,HSN,49.97,49.97,1,0,VF CABLEMAX,0
40 - 44,KBW,29.99,29.99,30,0,VF RIP U-TREUE,0
40 - 44,NRW,54.99,54.99,112,0,RED INTERNET & PHONE CABLE U,0
60 - 64,KBW,42.98,42.98,30,0,2PLAY PLUS,0
75 - 79,KBW,30.95,30.95,30,0,RED INTERNET & PHONE CABLE U,0
30 - 34,HSN,44.98,44.98,66,0,RED INTERNET & PHONE CABLE U,1
45 - 49,NRW,50.43,50.43,30,0,3PLAY COMFORT,0
35 - 39,NRW,24.99,34.99,60,0,RED INTERNET & PHONE CABLE U,1
30 - 34,NRW,34.99,34.99,234,0,GIGAZUHAUSE KABEL,0
35 - 39,KBW,64.98,54.99,30,0,RED INTERNET & PHONE CABLE U,1
70 - 74,KBW,29.97,19.99,487,0,TELEFON HSI,0
30 - 34,NRW,72.95,44.97,669,0,GIGAZUHAUSE KABEL,1
55 - 59,NRW,57.97,54.98,30,0,VF RIP U-TREUE,0
35 - 39,KBW,34.99,34.99,30,0,RED INTERNET & PHONE CABLE U,1
40 - 44,NRW,44.98,44.98,30,0,VF CABLEMAX,1
25 - 29,KBW,209.84,209.84,30,0,VF CABLEMAX,1
80 and over,NRW,29.95,29.95,30,0,RED INTERNET & PHONE CABLE U,0
30 - 34,HSN,47.97,47.97,30,0,GIGAZUHAUSE KABEL,1
40 - 44,HSN,39.99,39.99,30,0,RED INTERNET & PHONE CABLE U,1
25 - 29,HSN,41.98,34.99,30,0,RED INTERNET & PHONE CABLE U,1
55 - 59,NRW,39.99,39.99,154,0,VF CABLEMAX,0
45 - 49,NRW,54.98,34.99,79,0,VF RIP U-TREUE,1
30 - 34,KBW,44.98,44.98,30,0,RED INTERNET & PHONE CABLE U,0
18 - 24,NRW,39.99,39.99,74,0,RED INTERNET & PHONE CABLE U,1
35 - 39,NRW,44.97,44.97,9,0,VF CABLEMAX,0
60 - 64,NRW,44.98,44.98,30,0,VF CABLEMAX,1
70 - 74,KBW,34.99,34.99,30,0,RED INTERNET & PHONE CABLE U,0
30 - 34,KBW,39.98,39.98,174,0,GIGAZUHAUSE KABEL,1
75 - 79,NRW,39.99,39.99,30,0,VF RIP U-TREUE,0
35 - 39,NRW,34.99,34.99,30,0,VF RIP U-TREUE,1
40 - 44,KBW,74.4,43.42,30,0,GIGAZUHAUSE KABEL,0
60 - 64,NRW,27.99,27.99,30,0,VF RIP U-TREUE,0
45 - 49,HSN,24.99,24.99,85,0,RIP CABLE U TREUE,1
35 - 39,NRW,47.99,47.99,30,0,VF RIP U-TREUE,1
55 - 59,NRW,49.97,49.97,30,0,RED INTERNET & PHONE CABLE U,0
40 - 44,HSN,37.99,37.99,30,0,VF RIP U-TREUE,1
18 - 24,KBW,39.99,39.99,43,0,VF CABLEMAX,1
25 - 29,HSN,44.98,44.98,30,0,RED INTERNET & PHONE CABLE U,1
70 - 74,KBW,51.12,30.76,30,0,RED INTERNET & PHONE CABLE U,0
80 and over,KBW,53.73,33.74,30,0,2PLAY,0
25 - 29,KBW,83.97,47.99,30,0,RED INTERNET & PHONE CABLE U,0
35 - 39,HSN,34.99,34.99,30,0,RED INTERNET & PHONE CABLE U,1
25 - 29,NRW,22.99,22.99,30,0,EAZY FLEX,1
55 - 59,NRW,24.98,24.98,30,0,EAZY,0
60 - 64,NRW,45.98,39.99,30,0,RED INTERNET & PHONE CABLE U,0
65 - 69,NRW,49.98,49.98,336,0,GIGAZUHAUSE KABEL,0
35 - 39,HSN,34.99,37.99,76,0,VF RIP U-TREUE,1
55 - 59,HSN,58.98,58.98,30,0,RED INTERNET & PHONE CABLE U,1
25 - 29,KBW,67.97,67.97,233,0,GIGAZUHAUSE KABEL,0
25 - 29,KBW,44.99,44.99,123,0,GIGAZUHAUSE KABEL,1
65 - 69,NRW,44.97,24.99,674,0,VF RIP U-TREUE,1
40 - 44,KBW,33.74,33.74,30,0,2PLAY,0
40 - 44,NRW,32.99,32.99,30,0,VF RIP U-TREUE,0
55 - 59,KBW,34.99,34.99,30,0,RED INTERNET & PHONE CABLE U,0
45 - 49,NRW,49.97,49.97,30,0,VF CABLEMAX,0
18 - 24,HSN,42.98,42.98,30,0,2PLAY PLUS,0
25 - 29,KBW,44.98,44.98,30,0,RED INTERNET & PHONE CABLE U,1
40 - 44,NRW,69.96,44.98,30,0,VF CABLEMAX,0
50 - 54,KBW,34.99,34.99,30,0,RED INTERNET & PHONE CABLE U,0
60 - 64,HSN,70.96,49.97,30,0,VF CABLEMAX,1
30 - 34,NRW,29.99,29.99,30,0,VF RIP U-TREUE,1
25 - 29,HSN,37.99,37.99,30,0,VF RIP U-TREUE,1
25 - 29,NRW,52.96,52.96,17,0,VF CABLEMAX,0
30 - 34,HSN,37.99,37.99,30,0,VF RIP U-TREUE,1
35 - 39,HSN,44.99,44.99,186,0,GIGAZUHAUSE KABEL,1
25 - 29,KBW,42.97,42.97,367,0,GIGAZUHAUSE KABEL,0
35 - 39,KBW,9.98,9.98,30,0,HSI HZ BOX ONLY,0
30 - 34,KBW,39.99,39.99,30,0,RED INTERNET & PHONE CABLE U,0
65 - 69,KBW,65.97,44.98,30,0,VF CABLEMAX,1
60 - 64,KBW,47.87,43.87,30,0,3PLAY SMART,1
35 - 39,KBW,39.98,39.98,227,0,VF CABLEMAX,0
60 - 64,KBW,44.98,44.98,30,0,2PLAY COMFORT,1
55 - 59,HSN,73.98,52.99,30,0,3PLAY TREUE GENRE,0
35 - 39,NRW,50.98,29.99,30,0,VF RIP U-TREUE,1
30 - 34,NRW,29.99,29.99,30,0,VF RIP U-TREUE,0
50 - 54,NRW,34.99,34.99,30,0,RED INTERNET & PHONE CABLE U,1
30 - 34,NRW,29.98,29.98,65,0,RED INTERNET & PHONE CABLE U,1
45 - 49,NRW,24.99,24.99,30,0,INTERNET COMFORT,0
35 - 39,HSN,29.99,29.99,30,0,VF RIP U-TREUE,0
35 - 39,NRW,52.98,52.98,30,0,VF RIP U-TREUE,0
45 - 49,KBW,27.99,27.99,30,1,VF RIP U-TREUE,1
55 - 59,HSN,49.97,49.97,30,0,VF CABLEMAX,0
75 - 79,KBW,66.34,39.99,30,0,VF RIP U-TREUE,1
70 - 74,HSN,141.96,141.96,30,0,VF RIP U-TREUE,0
55 - 59,HSN,61.96,36.98,162,0,GIGAZUHAUSE TREUE B,0
18 - 24,KBW,34.99,34.99,30,0,RED INTERNET & PHONE CABLE U,0
25 - 29,HSN,34.99,34.99,30,0,RED INTERNET & PHONE CABLE U,1
50 - 54,NRW,44.98,44.98,30,0,RED INTERNET & PHONE CABLE U,0
80 and over,KBW,25.0,25.0,30,0,RED INTERNET & PHONE CABLE U,1
55 - 59,HSN,60.87,39.88,30,0,3PLAY,1
55 - 59,NRW,35.94,35.94,30,0,RED INTERNET & PHONE CABLE U,0
60 - 64,NRW,24.99,24.99,30,0,RED INTERNET & PHONE CABLE U,0
55 - 59,HSN,181.96,181.96,30,0,VF RIP U-TREUE,1
45 - 49,NRW,34.99,34.99,30,0,RED INTERNET & PHONE CABLE U,1
60 - 64,HSN,75.97,54.98,30,0,VF RIP U-TREUE,0
40 - 44,NRW,37.99,37.99,30,0,VF RIP U-TREUE,0
80 and over,NRW,38.98,38.98,30,0,RED INTERNET & PHONE CABLE U,0
55 - 59,KBW,64.98,54.99,58,0,RED INTERNET & PHONE CABLE U,0
65 - 69,KBW,44.98,44.98,30,0,VF CABLEMAX,1
40 - 44,HSN,32.99,32.99,30,0,VF RIP U-TREUE,0
40 - 44,NRW,29.98,29.98,115,0,VF CABLEMAX,0
80 and over,NRW,49.97,49.97,30,0,RED INTERNET & PHONE CABLE U,0
30 - 34,KBW,50.47,34.99,96,0,RED INTERNET & PHONE CABLE U,0
60 - 64,NRW,44.98,44.98,30,0,RED INTERNET & PHONE CABLE U,1
50 - 54,KBW,32.99,32.99,30,0,VF RIP U-TREUE,0
70 - 74,KBW,44.97,44.97,30,0,GIGAZUHAUSE KABEL,0
18 - 24,KBW,47.98,47.98,30,0,VF RIP U-TREUE,0
40 - 44,KBW,44.98,44.98,30,0,VF CABLEMAX,0
50 - 54,NRW,29.99,29.99,30,0,INTERNET PREMIUM,1
45 - 49,KBW,42.93,42.93,30,0,VF CABLEMAX,1
55 - 59,NRW,49.97,49.97,30,0,VF CABLEMAX,1
55 - 59,NRW,57.98,47.99,86,0,VF RIP U-TREUE,0
80 and over,KBW,33.98,27.99,696,0,RED INTERNET & PHONE CABLE U,0
35 - 39,NRW,39.98,39.98,177,0,GIGAZUHAUSE KABEL,1
25 - 29,NRW,39.98,29.99,100,0,VF RIP U-TREUE,0
50 - 54,NRW,68.95,37.98,30,0,2PLAY JUMP,1
25 - 29,NRW,59.99,59.99,180,0,GIGAZUHAUSE KABEL,1
40 - 44,NRW,37.99,37.99,30,0,VF RIP U-TREUE,0
30 - 34,NRW,44.98,44.98,30,0,RED INTERNET & PHONE CABLE U,0
18 - 24,KBW,49.99,49.99,30,0,GIGAZUHAUSE KABEL,1
35 - 39,NRW,34.99,34.99,30,0,RED INTERNET & PHONE CABLE U,1
45 - 49,KBW,32.99,32.99,184,0,GIGAZUHAUSE TREUE B,1
75 - 79,NRW,44.98,44.98,30,0,RED INTERNET & PHONE CABLE U,0
80 and over,HSN,72.95,44.97,254,4,GIGAZUHAUSE KABEL,1
70 - 74,KBW,32.98,32.98,356,1,GIGAZUHAUSE TREUE B,1
75 - 79,HSN,51.86,51.86,30,0,3PLAY,1
65 - 69,NRW,34.99,34.99,30,0,RED INTERNET & PHONE CABLE U,1
30 - 34,NRW,49.97,44.98,30,0,VF CABLEMAX,1
65 - 69,HSN,52.98,39.99,574,0,GIGAZUHAUSE KABEL,0
70 - 74,NRW,43.98,43.98,30,0,RED INTERNET & PHONE CABLE U,0
70 - 74,KBW,58.14,37.78,30,0,GIGAZUHAUSE KABEL,0
30 - 34,NRW,44.98,44.98,30,0,VF CABLEMAX,0
60 - 64,KBW,27.89,14.9,697,0,2PLAY,0
35 - 39,KBW,44.98,44.98,30,0,RED INTERNET & PHONE CABLE U,1
30 - 34,KBW,44.98,44.98,30,0,RED INTERNET & PHONE CABLE U,1
25 - 29,HSN,62.98,62.98,388,0,GIGAZUHAUSE KABEL,1
50 - 54,NRW,44.98,44.98,30,0,RED INTERNET & PHONE CABLE U,0
35 - 39,HSN,24.99,24.99,310,2,GIGAZUHAUSE TREUE C,0
65 - 69,KBW,44.98,29.99,30,0,VF RIP U-TREUE,0
25 - 29,HSN,42.97,38.98,30,1,RED INTERNET & PHONE CABLE U,1
40 - 44,KBW,44.98,44.98,30,0,VF CABLEMAX,0
25 - 29,NRW,34.99,34.99,85,0,RED INTERNET & PHONE CABLE U,0
45 - 49,NRW,42.97,42.97,30,0,RED INTERNET & PHONE CABLE U,0
35 - 39,NRW,37.98,37.98,341,0,GIGAZUHAUSE TREUE B,0
60 - 64,NRW,42.98,42.98,30,0,VF RIP U-TREUE,0
35 - 39,NRW,37.99,37.99,30,0,VF RIP U-TREUE,0
70 - 74,NRW,49.97,49.97,30,0,VF CABLEMAX,1
40 - 44,KBW,39.98,39.98,277,1,VF CABLEMAX,1
60 - 64,NRW,81.95,52.98,30,0,2PLAY FLY,1
35 - 39,HSN,44.97,44.97,242,0,GIGAZUHAUSE KABEL,1
35 - 39,KBW,32.99,32.99,30,0,VF RIP U-TREUE,1
80 and over,KBW,34.99,34.99,30,0,RED INTERNET & PHONE CABLE U,0
35 - 39,NRW,39.99,39.99,30,0,VF RIP U-TREUE,0
25 - 29,HSN,44.98,44.98,30,0,RED INTERNET & PHONE CABLE U,0
18 - 24,HSN,44.98,44.98,106,0,VF CABLEMAX,0
25 - 29,HSN,39.99,39.99,30,0,VF RIP U-TREUE,0
80 and over,KBW,29.97,19.99,629,0,TELEFON HSI,0
65 - 69,NRW,24.99,24.99,30,0,RED INTERNET & PHONE CABLE U,0
80 and over,KBW,55.97,32.99,686,0,VF RIP U-TREUE,0
45 - 49,KBW,58.98,58.98,30,0,RED INTERNET & PHONE CABLE U,1
18 - 24,NRW,39.98,39.98,162,0,GIGAZUHAUSE KABEL,0
75 - 79,NRW,32.99,32.99,30,0,VF RIP U-TREUE,1
35 - 39,NRW,87.95,47.99,143,0,VF RIP U-TREUE,1
50 - 54,NRW,42.98,42.98,30,0,VF RIP U-TREUE,0
50 - 54,KBW,34.99,34.99,92,0,RED INTERNET & PHONE CABLE U,1
40 - 44,NRW,42.98,47.98,593,0,GIGAZUHAUSE KABEL,0
60 - 64,KBW,30.88,30.88,30,0,RED INTERNET & PHONE CABLE U,0
45 - 49,KBW,59.91,59.91,30,0,3PLAY PLUS MTA,1
25 - 29,NRW,24.99,24.99,339,0,GIGAZUHAUSE TREUE C,0
60 - 64,HSN,58.84,32.99,615,0,VF RIP U-TREUE,1
25 - 29,HSN,34.99,34.99,30,0,RED INTERNET & PHONE CABLE U,1
55 - 59,KBW,64.96,44.97,30,0,GIGAZUHAUSE KABEL,0
30 - 34,HSN,121.96,121.96,30,0,VF RIP U-TREUE,1
70 - 74,NRW,46.96,29.99,30,0,VF RIP U-TREUE,0
35 - 39,HSN,33.98,24.99,30,0,INTERNET COMFORT,1
60 - 64,NRW,44.98,44.98,30,0,VF RIP U-TREUE,0
55 - 59,NRW,88.94,52.98,30,0,VF RIP U-TREUE,1
50 - 54,KBW,26.99,29.99,53,0,VF RIP U-TREUE,1
45 - 49,KBW,69.96,49.99,30,0,GIGAZUHAUSE KABEL,0
50 - 54,NRW,34.99,34.99,30,0,RED INTERNET & PHONE CABLE U,1
30 - 34,KBW,44.98,59.99,127,0,GIGAZUHAUSE KABEL,1
50 - 54,NRW,84.95,49.99,30,0,RED INTERNET & PHONE CABLE U,1
60 - 64,NRW,53.97,43.98,122,0,VF CABLEMAX,0
70 - 74,KBW,24.99,29.99,266,1,GIGAZUHAUSE TREUE C,0
35 - 39,NRW,44.98,44.98,30,0,RED INTERNET & PHONE CABLE U,1
60 - 64,KBW,44.98,44.98,30,0,VF CABLEMAX,1
30 - 34,KBW,29.99,29.99,30,0,VF RIP U-TREUE,0
40 - 44,NRW,44.98,44.98,30,0,VF CABLEMAX,0
25 - 29,HSN,44.98,44.98,30,0,RED INTERNET & PHONE CABLE U,0
35 - 39,NRW,40.0,32.99,143,0,GIGAZUHAUSE TREUE B,0
50 - 54,KBW,60.97,44.98,104,0,VF CABLEMAX,0
30 - 34,NRW,24.99,24.99,287,1,GIGAZUHAUSE TREUE C,0
35 - 39,KBW,29.99,29.99,30,0,RED INTERNET & PHONE CABLE U,1
45 - 49,NRW,42.97,32.99,30,0,VF RIP U-TREUE,1
80 and over,KBW,29.99,29.99,30,0,RED INTERNET & PHONE CABLE U,0
80 and over,KBW,27.8,27.8,30,0,RED INTERNET & PHONE CABLE U,1
60 - 64,KBW,57.97,57.97,30,0,3PLAY TREUE,1
65 - 69,NRW,49.98,39.99,39,2,RED INTERNET & PHONE CABLE U,1
25 - 29,NRW,54.97,44.98,30,0,RED INTERNET & PHONE CABLE U,1
75 - 79,KBW,39.98,39.98,358,0,GIGAZUHAUSE TREUE B,0
25 - 29,KBW,39.98,39.98,126,0,GIGAZUHAUSE KABEL,1
75 - 79,KBW,58.96,38.97,30,0,VF RIP U-TREUE,0
35 - 39,KBW,50.84,50.84,30,0,3PLAY FLY,0
25 - 29,KBW,44.99,44.99,176,0,GIGAZUHAUSE TREUE B,0
30 - 34,NRW,34.99,34.99,30,0,RED INTERNET & PHONE CABLE U,1
30 - 34,NRW,39.98,39.98,143,0,GIGAZUHAUSE KABEL,1
70 - 74,NRW,54.98,34.99,30,0,VF RIP U-TREUE,1
25 - 29,HSN,44.98,44.98,30,0,VF CABLEMAX,0
60 - 64,HSN,62.96,37.98,30,0,VF RIP U-TREUE,1
75 - 79,NRW,49.96,42.98,30,0,VF RIP U-TREUE,0
50 - 54,HSN,63.98,63.98,129,0,GIGAZUHAUSE KABEL,1
65 - 69,HSN,34.97,24.99,563,0,GIGAZUHAUSE TREUE C,1
45 - 49,HSN,209.92,209.92,30,0,RED INTERNET & PHONE CABLE U,1
35 - 39,NRW,53.98,53.98,30,0,RED INTERNET & PHONE CABLE U,0
80 and over,NRW,35.98,32.99,30,0,VF RIP U-TREUE,0
45 - 49,KBW,39.99,39.99,30,0,RED INTERNET & PHONE CABLE U,1
65 - 69,KBW,33.74,33.74,30,0,GIGAZUHAUSE KABEL,0
80 and over,KBW,39.99,39.99,30,0,RED INTERNET & PHONE CABLE U,1
70 - 74,NRW,36.98,36.98,30,0,RED INTERNET & PHONE CABLE U,0
55 - 59,KBW,39.99,39.99,30,0,RED INTERNET & PHONE CABLE U,0
50 - 54,NRW,72.96,42.98,30,0,VF RIP U-TREUE,0
55 - 59,NRW,93.32,72.96,30,0,TREUEPLUS,1
30 - 34,NRW,39.99,39.99,30,0,RED INTERNET & PHONE CABLE U,1
45 - 49,KBW,44.98,44.98,30,0,VF CABLEMAX,0
18 - 24,NRW,34.99,34.99,30,0,RED INTERNET & PHONE CABLE U,0
50 - 54,NRW,13.99,13.99,30,0,EAZY,0
50 - 54,HSN,67.96,42.98,30,0,VF RIP U-TREUE,1
80 and over,NRW,53.94,29.95,30,0,RED INTERNET & PHONE CABLE U,0
40 - 44,HSN,49.99,49.99,30,0,RED INTERNET & PHONE CABLE U,1
40 - 44,KBW,44.98,44.98,30,0,VF RIP U-TREUE,0
35 - 39,KBW,19.99,19.99,30,0,EAZY,1
25 - 29,KBW,37.99,37.99,30,0,VF RIP U-TREUE,1
65 - 69,KBW,49.99,49.99,696,0,GIGAZUHAUSE KABEL,0
80 and over,NRW,34.99,34.99,30,0,RED INTERNET & PHONE CABLE U,0
35 - 39,NRW,44.98,44.98,30,0,RED INTERNET & PHONE CABLE U,1
65 - 69,KBW,102.31,59.98,30,0,RED INTERNET & PHONE CABLE U,0
60 - 64,NRW,94.86,43.87,30,0,3PLAY,1
75 - 79,NRW,29.99,29.99,30,0,VF RIP U-TREUE,0
25 - 29,KBW,44.98,44.98,30,1,VF CABLEMAX,0
65 - 69,NRW,67.96,47.97,30,0,VF RIP U-TREUE,1
25 - 29,KBW,39.99,39.99,30,0,VF RIP U-TREUE,1
25 - 29,HSN,54.99,54.99,30,0,RED INTERNET & PHONE CABLE U,0
40 - 44,KBW,121.96,121.96,30,0,VF RIP U-TREUE,0
40 - 44,NRW,45.98,32.99,30,0,VF RIP U-TREUE,1
40 - 44,KBW,37.98,37.98,30,0,VF RIP U-TREUE,1
60 - 64,KBW,82.94,42.98,30,0,VF RIP U-TREUE,0
65 - 69,KBW,44.98,44.98,30,0,VF CABLEMAX,0
65 - 69,KBW,96.96,49.99,30,0,VF RIP U-TREUE,0
50 - 54,NRW,39.98,39.98,368,0,GIGAZUHAUSE TREUE B,0
40 - 44,KBW,61.96,24.99,136,0,GIGAZUHAUSE TREUE C,1
60 - 64,NRW,34.99,34.99,30,0,RED INTERNET & PHONE CABLE U,1
40 - 44,NRW,19.99,24.99,149,0,RIP CABLE U TREUE,1
60 - 64,NRW,62.95,37.99,30,0,VF RIP U-TREUE,1
18 - 24,NRW,48.97,48.97,30,0,VF CABLEMAX,1
35 - 39,NRW,32.99,32.99,30,0,VF RIP U-TREUE,0
35 - 39,NRW,39.99,39.99,30,0,RED INTERNET & PHONE CABLE U,0
45 - 49,NRW,58.98,58.98,30,0,RED INTERNET & PHONE CABLE U,1
35 - 39,NRW,27.97,27.97,30,0,RED INTERNET & PHONE CABLE U,0
45 - 49,HSN,17.99,17.99,54,0,EAZY FLEX,1
70 - 74,NRW,63.95,32.98,112,0,GIGAZUHAUSE TREUE B,1
25 - 29,KBW,27.99,27.99,250,9,GIGAZUHAUSE TREUE B,1
50 - 54,KBW,39.98,39.98,30,0,RED INTERNET & PHONE CABLE U,0
70 - 74,KBW,44.98,44.98,30,0,VF CABLEMAX,0
80 and over,KBW,45.47,29.99,520,0,VF RIP U-TREUE,0
50 - 54,KBW,29.99,29.99,30,0,VF RIP U-TREUE,0
60 - 64,KBW,50.35,29.99,30,0,GIGAZUHAUSE KABEL,0
50 - 54,KBW,49.97,49.97,30,0,VF CABLEMAX,0
65 - 69,NRW,49.97,49.97,30,0,VF CABLEMAX,1
65 - 69,KBW,42.97,42.97,30,0,3PLAY START,1
60 - 64,KBW,48.97,48.97,98,0,VF CABLEMAX,1
70 - 74,NRW,64.98,34.99,30,0,RED INTERNET & PHONE CABLE U,1
65 - 69,NRW,49.96,24.99,334,0,GIGAZUHAUSE TREUE C,0
30 - 34,HSN,60.96,39.98,158,0,VF CABLEMAX,1
55 - 59,HSN,69.98,48.99,30,0,3PLAY TREUE,1
60 - 64,KBW,32.98,32.98,219,0,GIGAZUHAUSE TREUE B,0
80 and over,NRW,24.99,24.99,30,0,VF RIP U-TREUE,0
65 - 69,NRW,34.98,34.98,30,1,VF CABLEMAX,1
50 - 54,NRW,49.97,49.97,30,0,VF CABLEMAX,1
50 - 54,KBW,39.98,33.0,30,0,RED INTERNET & PHONE CABLE U,0
80 and over,KBW,27.8,27.8,30,0,GIGAZUHAUSE KABEL,0
55 - 59,HSN,44.98,44.98,30,1,VF CABLEMAX,0
45 - 49,HSN,44.98,44.98,30,0,VF CABLEMAX,1
40 - 44,NRW,39.99,39.99,97,0,RED INTERNET & PHONE CABLE U,0
70 - 74,KBW,53.76,43.78,574,0,GIGAZUHAUSE KABEL,0
45 - 49,NRW,59.98,59.98,30,0,RED INTERNET & PHONE CABLE U,0
25 - 29,KBW,34.99,34.99,30,0,RED INTERNET & PHONE CABLE U,1
30 - 34,NRW,44.99,44.99,242,0,GIGAZUHAUSE KABEL,1
50 - 54,NRW,32.99,32.99,78,0,VF RIP U-TREUE,0
18 - 24,NRW,54.96,44.98,599,0,RED INTERNET & PHONE CABLE U,1
70 - 74,NRW,33.88,27.99,494,0,GIGAZUHAUSE TREUE B,0
35 - 39,NRW,39.99,39.99,30,0,VF RIP U-TREUE,0
70 - 74,NRW,78.77,43.42,30,0,GIGAZUHAUSE KABEL,1
30 - 34,HSN,40.9,40.9,30,0,2PLAY PLUS,1
30 - 34,KBW,39.99,39.99,30,0,VF RIP U-TREUE,0
80 and over,HSN,39.98,24.99,351,0,GIGAZUHAUSE TREUE C,0
50 - 54,KBW,59.98,59.98,30,0,RED INTERNET & PHONE CABLE U,1
25 - 29,HSN,54.99,54.99,30,0,RED INTERNET & PHONE CABLE U,1
60 - 64,NRW,58.9,58.91,30,0,3PLAY PREMIUM,1
18 - 24,HSN,0.0,0.0,30,0,MMA,0
80 and over,NRW,38.98,38.98,30,0,RED INTERNET & PHONE CABLE U,0
50 - 54,NRW,32.99,32.99,30,0,VF RIP U-TREUE,1
30 - 34,KBW,32.99,32.99,294,0,GIGAZUHAUSE TREUE B,1
35 - 39,KBW,27.97,27.97,30,0,RED INTERNET & PHONE CABLE U,0
25 - 29,NRW,42.97,42.97,397,0,GIGAZUHAUSE KABEL,1
25 - 29,HSN,44.99,44.99,215,0,GIGAZUHAUSE KABEL,1
45 - 49,KBW,54.98,54.98,30,0,RED INTERNET & PHONE CABLE U,0
65 - 69,NRW,49.99,49.99,30,0,RED INTERNET & PHONE CABLE U,1
55 - 59,HSN,34.99,34.99,30,0,RED INTERNET & PHONE CABLE U,1
45 - 49,NRW,64.98,49.99,30,0,RED INTERNET & PHONE CABLE U,1
75 - 79,NRW,39.98,24.99,368,0,GIGAZUHAUSE TREUE C,0
60 - 64,KBW,42.97,32.98,183,0,GIGAZUHAUSE TREUE B,1
25 - 29,KBW,42.97,42.97,164,1,GIGAZUHAUSE KABEL,0
60 - 64,NRW,29.99,29.99,36,0,VF RIP U-TREUE,0
70 - 74,KBW,24.99,19.99,554,0,TELEFON HSI,0
35 - 39,HSN,29.99,29.99,30,0,VF RIP U-TREUE,0
45 - 49,NRW,42.98,42.98,30,0,2PLAY PLUS,1
35 - 39,NRW,44.98,44.98,30,0,VF CABLEMAX,1
25 - 29,KBW,34.99,34.99,30,0,RED INTERNET & PHONE CABLE U,1
18 - 24,NRW,49.97,49.97,50,0,RED INTERNET & PHONE CABLE U,1
65 - 69,NRW,69.95,42.98,449,0,VF RIP U-TREUE,0
25 - 29,NRW,39.99,39.99,5,0,RED INTERNET & PHONE CABLE U,0
60 - 64,HSN,29.99,0.0,30,0,INTERNET START HZ TV,1
25 - 29,NRW,34.99,34.99,100,0,RED INTERNET & PHONE CABLE U,0
50 - 54,HSN,49.97,49.97,108,1,VF CABLEMAX,1
50 - 54,NRW,34.99,34.99,30,0,GIGAZUHAUSE KABEL,0
35 - 39,KBW,37.99,37.99,30,0,VF RIP U-TREUE,1
50 - 54,NRW,60.98,39.99,30,0,RED INTERNET & PHONE CABLE U,1
55 - 59,NRW,39.98,39.98,30,0,VF CABLEMAX,0
30 - 34,KBW,44.97,44.97,354,1,VF CABLEMAX,1
50 - 54,NRW,79.32,48.97,30,0,VF RIP U-TREUE,0
65 - 69,NRW,44.98,29.99,31,0,RIP CABLE U TREUE,1
40 - 44,KBW,41.68,41.68,30,0,2PLAY,1
55 - 59,KBW,47.99,47.99,30,0,VF RIP U-TREUE,0
80 and over,NRW,24.98,49.99,30,0,RED INTERNET & PHONE CABLE U,0
80 and over,NRW,59.98,25.0,30,0,RED INTERNET & PHONE CABLE U,0
55 - 59,NRW,111.91,54.98,30,0,GIGAZUHAUSE KABEL,0
45 - 49,NRW,47.99,47.99,30,0,VF RIP U-TREUE,0
18 - 24,NRW,54.99,54.99,30,0,RED INTERNET & PHONE CABLE U,0
35 - 39,HSN,44.98,44.98,30,0,VF CABLEMAX,1
45 - 49,NRW,47.87,47.87,30,0,3PLAY,0
25 - 29,NRW,42.97,42.97,310,0,GIGAZUHAUSE KABEL,1
70 - 74,NRW,54.99,54.99,30,0,RED INTERNET & PHONE CABLE U,0
55 - 59,NRW,49.98,49.98,299,0,GIGAZUHAUSE KABEL,0
65 - 69,KBW,80.97,59.98,30,0,RED INTERNET & PHONE CABLE U,1
25 - 29,NRW,49.99,49.99,30,0,GIGAZUHAUSE KABEL,0
30 - 34,KBW,34.99,34.99,30,0,RED INTERNET & PHONE CABLE U,1
65 - 69,NRW,37.98,37.98,30,0,VF RIP U-TREUE,0
65 - 69,KBW,87.94,57.97,30,0,RED INTERNET & PHONE CABLE U,1
30 - 34,KBW,39.98,39.98,158,0,GIGAZUHAUSE KABEL,1
70 - 74,KBW,58.14,37.78,30,0,2PLAY,0
45 - 49,HSN,69.41,48.42,30,0,3PLAY COMFORT,0
35 - 39,HSN,42.99,42.99,183,1,GIGAZUHAUSE TREUE C,1
65 - 69,KBW,34.99,34.99,30,0,RED INTERNET & PHONE CABLE U,0
50 - 54,NRW,54.96,49.97,30,0,VF CABLEMAX,0
30 - 34,NRW,19.99,19.99,30,0,INTERNET COMFORT,1
70 - 74,NRW,44.97,44.97,30,0,RED INTERNET & PHONE CABLE U,0
55 - 59,NRW,49.96,49.96,30,0,RED INTERNET & PHONE CABLE U,0
35 - 39,NRW,49.98,49.98,256,0,GIGAZUHAUSE KABEL,0
25 - 29,HSN,34.99,34.99,30,0,RED INTERNET & PHONE CABLE U,0
30 - 34,KBW,29.99,29.99,30,0,RED INTERNET & PHONE CABLE U,1
65 - 69,KBW,33.74,33.74,30,0,GIGAZUHAUSE KABEL,0
70 - 74,KBW,19.99,19.99,30,0,EAZY,0
40 - 44,NRW,37.99,37.99,30,0,VF RIP U-TREUE,0
45 - 49,NRW,39.99,39.99,95,0,VF CABLEMAX,0
50 - 54,NRW,58.98,58.98,30,0,RED INTERNET & PHONE CABLE U,1
60 - 64,NRW,34.99,34.99,49,0,RED INTERNET & PHONE CABLE U,1
25 - 29,KBW,34.99,34.99,30,0,VF RIP U-TREUE,1
45 - 49,KBW,44.98,44.98,30,0,VF CABLEMAX,1
30 - 34,NRW,34.99,34.99,30,0,RED INTERNET & PHONE CABLE U,0
80 and over,NRW,44.97,44.97,305,0,GIGAZUHAUSE TREUE B,0
60 - 64,KBW,94.94,58.97,140,0,GIGAZUHAUSE KABEL,0
55 - 59,NRW,17.99,17.99,40,0,EAZY FLEX,1
80 and over,KBW,28.74,28.74,30,0,2PLAY,0
45 - 49,NRW,43.97,43.97,206,0,GIGAZUHAUSE KABEL,1
60 - 64,NRW,65.97,44.98,30,0,VF CABLEMAX,0
55 - 59,KBW,39.99,39.99,30,0,RED INTERNET & PHONE CABLE U,0
30 - 34,NRW,38.98,38.98,78,0,RED INTERNET & PHONE CABLE U,1
50 - 54,NRW,72.97,47.99,30,0,VF RIP U-TREUE,1
35 - 39,KBW,60.98,39.99,30,0,VF RIP U-TREUE,1
35 - 39,KBW,21.99,24.99,87,0,VF RIP U-TREUE,1
65 - 69,NRW,42.98,42.98,30,0,VF RIP U-TREUE,1
18 - 24,NRW,44.98,44.98,30,0,RED INTERNET & PHONE CABLE U,1
65 - 69,KBW,42.97,42.97,30,0,RED INTERNET & PHONE CABLE U,0
55 - 59,HSN,51.97,30.98,266,0,GIGAZUHAUSE TREUE B,0
70 - 74,KBW,39.98,29.99,30,0,VF RIP U-TREUE,1
45 - 49,NRW,39.99,39.99,30,0,VF RIP U-TREUE,0
30 - 34,NRW,39.99,39.99,30,0,RED INTERNET & PHONE CABLE U,0
35 - 39,NRW,43.98,43.98,30,0,RED INTERNET & PHONE CABLE U,1
50 - 54,NRW,74.95,42.98,43,0,VF RIP U-TREUE,1
75 - 79,KBW,55.98,34.99,221,0,GIGAZUHAUSE KABEL,0
75 - 79,NRW,54.71,41.72,478,0,3PLAY,0
60 - 64,NRW,65.97,44.98,30,0,RED INTERNET & PHONE CABLE U,0
45 - 49,NRW,62.95,32.98,698,0,GIGAZUHAUSE TREUE B,1
30 - 34,NRW,29.99,29.99,30,0,VF RIP U-TREUE,1
70 - 74,HSN,38.84,38.84,30,0,3PLAY,0
75 - 79,NRW,43.97,43.97,30,0,RED INTERNET & PHONE CABLE U,1
35 - 39,NRW,59.97,29.99,84,0,VF RIP U-TREUE,1
35 - 39,KBW,121.96,121.96,30,0,VF RIP U-TREUE,0
45 - 49,HSN,37.98,37.98,30,0,VF RIP U-TREUE,0
30 - 34,HSN,24.99,24.99,364,0,GIGAZUHAUSE TREUE C,1
45 - 49,NRW,49.97,49.97,30,0,VF CABLEMAX,0
30 - 34,HSN,54.99,54.99,30,0,RED INTERNET & PHONE CABLE U,0
75 - 79,HSN,76.96,49.97,30,0,VF CABLEMAX,1
25 - 29,NRW,14.98,29.99,240,0,RED INTERNET & PHONE CABLE U,1
45 - 49,NRW,44.97,44.97,260,0,GIGAZUHAUSE KABEL,1
25 - 29,NRW,59.98,59.98,30,0,RED INTERNET & PHONE CABLE U,1
40 - 44,NRW,44.98,34.99,68,0,VF CABLEMAX,1
45 - 49,KBW,44.98,44.98,30,0,VF CABLEMAX,1
30 - 34,NRW,42.97,42.97,30,0,RED INTERNET & PHONE CABLE U,0
40 - 44,KBW,39.99,39.99,30,0,RED INTERNET & PHONE CABLE U,0
35 - 39,NRW,39.99,39.99,30,0,RED INTERNET & PHONE CABLE U,0
65 - 69,NRW,49.97,39.98,173,0,GIGAZUHAUSE KABEL,1
70 - 74,KBW,245.84,185.88,30,0,VF CABLEMAX,0
50 - 54,NRW,0.0,0.0,708,0,128KBIT,0
30 - 34,HSN,29.99,29.99,30,0,VF RIP U-TREUE,1
18 - 24,KBW,62.98,62.98,254,0,GIGAZUHAUSE KABEL,0
35 - 39,NRW,48.97,48.97,106,0,VF CABLEMAX,0
35 - 39,KBW,49.97,49.97,30,0,VF CABLEMAX,1
50 - 54,KBW,46.97,46.97,30,0,VF RIP U-TREUE,1
60 - 64,NRW,42.98,42.98,30,0,VF RIP U-TREUE,1
30 - 34,NRW,29.99,29.99,30,0,INTERNET PREMIUM,0
35 - 39,NRW,48.97,19.99,276,0,GIGAZUHAUSE TREUE C,0
50 - 54,NRW,47.96,47.96,30,0,RED INTERNET & PHONE CABLE U,1
50 - 54,NRW,70.96,39.99,30,0,VF RIP U-TREUE,0
35 - 39,NRW,37.99,37.99,122,0,VF RIP U-TREUE,0
40 - 44,HSN,181.88,181.88,30,0,VF RIP U-TREUE,1
80 and over,NRW,54.98,54.98,30,0,GIGAZUHAUSE KABEL,0
55 - 59,NRW,44.98,44.98,30,0,VF RIP U-TREUE,1
50 - 54,KBW,44.98,44.98,30,0,RED INTERNET & PHONE CABLE U,0
30 - 34,NRW,49.97,49.97,30,0,VF CABLEMAX,1
25 - 29,KBW,44.98,44.98,30,0,RED INTERNET & PHONE CABLE U,1
55 - 59,HSN,85.97,54.99,30,0,RED INTERNET & PHONE CABLE U,0
70 - 74,NRW,35.98,29.98,30,0,VF RIP U-TREUE,1
25 - 29,NRW,44.98,44.98,30,0,VF CABLEMAX,1
40 - 44,HSN,52.97,52.97,30,0,2PLAY FLY,0
55 - 59,NRW,29.99,29.99,30,0,VF RIP U-TREUE,0
50 - 54,NRW,42.98,42.98,30,0,VF RIP U-TREUE,0
55 - 59,HSN,42.87,42.87,30,0,3PLAY,0
50 - 54,NRW,49.97,49.97,30,0,VF CABLEMAX,1
50 - 54,KBW,63.96,42.97,30,0,VF CABLEMAX,0
55 - 59,KBW,53.65,49.65,30,0,2PLAY PLUS,1
55 - 59,NRW,34.99,34.99,30,1,RED INTERNET & PHONE CABLE U,1
35 - 39,NRW,39.99,39.99,30,0,RED INTERNET & PHONE CABLE U,0
40 - 44,KBW,32.99,32.99,30,0,VF RIP U-TREUE,1
40 - 44,KBW,44.98,44.98,30,0,VF CABLEMAX,1
35 - 39,NRW,49.99,49.99,30,0,RED INTERNET & PHONE CABLE U,0
65 - 69,KBW,24.99,24.99,214,0,GIGAZUHAUSE TREUE C,0
60 - 64,KBW,44.99,44.99,30,0,3PLAY TREUE,0
40 - 44,NRW,24.98,24.98,30,0,EAZY,0
30 - 34,KBW,49.99,49.99,233,0,GIGAZUHAUSE KABEL,1
70 - 74,NRW,49.99,49.99,30,0,GIGAZUHAUSE KABEL,1
40 - 44,NRW,44.98,44.98,107,1,VF CABLEMAX,0
55 - 59,HSN,39.98,39.98,30,4,VF CABLEMAX,0
70 - 74,NRW,49.97,49.97,30,0,RED INTERNET & PHONE CABLE U,1
50 - 54,HSN,55.85,39.99,655,0,VF RIP U-TREUE,0
25 - 29,KBW,39.99,39.99,30,0,RED INTERNET & PHONE CABLE U,0
55 - 59,KBW,39.98,39.98,153,0,VF CABLEMAX,1
60 - 64,KBW,64.96,54.98,30,0,RED INTERNET & PHONE CABLE U,0
25 - 29,HSN,34.99,34.99,30,0,RED INTERNET & PHONE CABLE U,0
60 - 64,KBW,32.99,32.99,30,0,VF RIP U-TREUE,1
45 - 49,NRW,39.99,39.99,30,0,RED INTERNET & PHONE CABLE U,0
55 - 59,NRW,17.99,17.99,69,0,EAZY FLEX,0
50 - 54,HSN,50.98,50.98,30,0,RED INTERNET & PHONE CABLE U,1
70 - 74,KBW,47.99,47.99,30,0,VF RIP U-TREUE,0
35 - 39,KBW,44.98,44.98,30,1,VF CABLEMAX,1
55 - 59,NRW,81.95,44.98,79,0,VF CABLEMAX,0
55 - 59,KBW,49.99,49.99,30,0,GIGAZUHAUSE KABEL,0
65 - 69,NRW,49.97,49.97,30,0,VF CABLEMAX,1
60 - 64,HSN,39.98,39.98,30,0,GIGAZUHAUSE KABEL,0
25 - 29,KBW,39.98,39.98,399,0,GIGAZUHAUSE KABEL,1
30 - 34,NRW,44.99,44.99,192,0,GIGAZUHAUSE KABEL,1
30 - 34,NRW,44.99,44.99,168,0,GIGAZUHAUSE KABEL,1
18 - 24,NRW,34.99,34.99,67,0,RED INTERNET & PHONE CABLE U,1
50 - 54,KBW,56.95,42.97,567,0,RED INTERNET & PHONE CABLE U,0
80 and over,KBW,32.99,32.99,30,0,VF RIP U-TREUE,0
30 - 34,NRW,34.99,34.99,30,0,RED INTERNET & PHONE CABLE U,1
60 - 64,NRW,54.98,54.98,30,0,RED INTERNET & PHONE CABLE U,1
35 - 39,KBW,39.98,39.98,148,0,GIGAZUHAUSE KABEL,1
60 - 64,KBW,49.96,39.98,471,0,GIGAZUHAUSE KABEL,0
18 - 24,KBW,54.99,54.99,30,0,RED INTERNET & PHONE CABLE U,1
25 - 29,NRW,39.99,39.99,30,0,RED INTERNET & PHONE CABLE U,1
65 - 69,NRW,41.99,29.99,30,0,VF RIP U-TREUE,0
18 - 24,HSN,62.98,62.98,286,0,GIGAZUHAUSE KABEL,0
70 - 74,KBW,70.96,49.97,30,0,GIGAZUHAUSE KABEL,1
25 - 29,HSN,53.98,53.98,30,0,RED INTERNET & PHONE CABLE U,1
55 - 59,KBW,44.98,44.98,30,0,VF CABLEMAX,1
80 and over,KBW,67.04,46.68,30,0,2PLAY,0
35 - 39,NRW,39.98,39.98,116,0,GIGAZUHAUSE KABEL,1
65 - 69,KBW,44.97,29.98,30,0,GIGAZUHAUSE KABEL,0
40 - 44,NRW,37.96,52.97,324,0,GIGAZUHAUSE TREUE B,1
40 - 44,HSN,39.98,39.98,178,0,GIGAZUHAUSE KABEL,1
35 - 39,NRW,54.99,54.99,30,0,RED INTERNET & PHONE CABLE U,0
60 - 64,KBW,48.42,38.43,30,0,GIGAZUHAUSE KABEL,0
50 - 54,NRW,34.99,34.99,30,0,RED INTERNET & PHONE CABLE U,0
60 - 64,NRW,39.99,39.99,30,0,VF RIP U-TREUE,0
45 - 49,NRW,59.97,44.98,30,0,VF CABLEMAX,0
80 and over,NRW,25.0,25.0,30,0,RED INTERNET & PHONE CABLE U,1
55 - 59,KBW,17.99,17.99,30,0,EAZY FLEX,0
40 - 44,KBW,58.97,58.97,30,0,RED INTERNET & PHONE CABLE U,1
30 - 34,NRW,34.98,34.98,30,0,VF CABLEMAX,0
65 - 69,HSN,57.96,34.98,71,0,VF RIP U-TREUE,1
18 - 24,KBW,44.98,44.98,38,0,VF CABLEMAX,1
35 - 39,KBW,49.99,49.99,30,0,RED INTERNET & PHONE CABLE U,0
50 - 54,HSN,83.94,53.96,30,0,RED INTERNET & PHONE CABLE U,0
80 and over,KBW,28.25,28.25,30,0,2PLAY,0
45 - 49,NRW,27.98,24.99,30,0,INTERNET COMFORT,0
25 - 29,NRW,44.98,44.98,99,0,RED INTERNET & PHONE CABLE U,1
55 - 59,HSN,64.97,44.98,30,0,VF CABLEMAX,0
35 - 39,KBW,39.98,39.98,30,0,VF CABLEMAX,0
60 - 64,KBW,47.97,44.98,30,0,VF CABLEMAX,1
35 - 39,KBW,44.98,44.98,101,0,VF CABLEMAX,1
65 - 69,NRW,32.9,32.9,30,0,2PLAY,0
50 - 54,KBW,67.94,46.95,30,0,3PLAY TREUE,0
65 - 69,KBW,37.64,37.64,30,0,2PLAY,1
65 - 69,NRW,58.93,33.94,30,0,RED INTERNET & PHONE CABLE U,1
35 - 39,HSN,39.98,39.98,169,0,GIGAZUHAUSE KABEL,0
55 - 59,HSN,70.96,44.98,88,0,VF CABLEMAX,1
35 - 39,NRW,38.98,38.98,71,0,RED INTERNET & PHONE CABLE U,1
40 - 44,NRW,49.98,49.98,338,0,GIGAZUHAUSE CABLEMAX,1
30 - 34,NRW,39.98,39.98,130,0,GIGAZUHAUSE KABEL,1
25 - 29,HSN,39.98,39.98,241,0,GIGAZUHAUSE KABEL,0
40 - 44,NRW,54.98,54.98,30,0,RED INTERNET & PHONE CABLE U,0
70 - 74,NRW,59.96,47.96,499,2,GIGAZUHAUSE TREUE B,0
18 - 24,NRW,44.98,44.98,30,0,RED INTERNET & PHONE CABLE U,1
30 - 34,KBW,149.92,149.92,30,0,RED INTERNET & PHONE CABLE U,1
35 - 39,KBW,24.99,34.99,131,0,RED INTERNET & PHONE CABLE U,1
55 - 59,KBW,34.99,34.99,30,0,RED INTERNET & PHONE CABLE U,1
60 - 64,NRW,39.99,39.99,72,0,RED INTERNET & PHONE CABLE U,1
40 - 44,NRW,47.97,42.98,30,0,2PLAY PLUS,0
30 - 34,KBW,24.99,24.99,354,0,GIGAZUHAUSE TREUE C,0
65 - 69,NRW,79.87,44.99,122,0,GIGAZUHAUSE TREUE B,0
40 - 44,HSN,54.96,29.99,30,0,VF RIP U-TREUE,0
30 - 34,KBW,47.98,47.98,281,0,GIGAZUHAUSE KABEL,0
50 - 54,NRW,43.98,43.98,30,0,RED INTERNET & PHONE CABLE U,1
25 - 29,NRW,39.98,39.98,112,0,VF CABLEMAX,0
25 - 29,NRW,64.98,64.98,155,0,GIGAZUHAUSE KABEL,0
55 - 59,NRW,86.94,49.97,49,0,VF CABLEMAX,1
55 - 59,NRW,39.99,39.99,93,0,VF CABLEMAX,1
55 - 59,NRW,37.98,37.98,317,0,GIGAZUHAUSE KABEL,0
55 - 59,NRW,64.98,64.98,321,0,GIGAZUHAUSE KABEL,1
60 - 64,HSN,85.97,64.98,30,0,TREUEPLUS,0
50 - 54,HSN,44.98,37.99,597,0,VF RIP U-TREUE,0
30 - 34,NRW,48.96,38.98,30,0,RED INTERNET & PHONE CABLE U,0
75 - 79,NRW,54.99,54.99,30,0,RED INTERNET & PHONE CABLE U,1
80 and over,KBW,0.0,0.0,30,0,MMA,0
25 - 29,NRW,34.99,34.99,30,0,RED INTERNET & PHONE CABLE U,1
25 - 29,NRW,19.99,19.99,184,0,GIGAZUHAUSE TREUE C,1
65 - 69,HSN,69.98,49.99,30,0,RED INTERNET & PHONE CABLE U,0
30 - 34,NRW,38.98,38.98,30,0,RED INTERNET & PHONE CABLE U,0
60 - 64,NRW,11.98,11.98,30,0,EAZY,0
45 - 49,KBW,54.99,54.99,30,0,RED INTERNET & PHONE CABLE U,0
45 - 49,KBW,29.99,29.99,30,0,VF RIP U-TREUE,0
50 - 54,KBW,72.95,49.97,30,2,VF CABLEMAX,0
25 - 29,KBW,32.99,32.99,148,0,GIGAZUHAUSE TREUE B,1
70 - 74,NRW,34.99,34.99,220,0,GIGAZUHAUSE KABEL,1
55 - 59,NRW,69.98,49.99,30,0,RED INTERNET & PHONE CABLE U,1
65 - 69,KBW,54.96,44.98,492,0,VF CABLEMAX,0
18 - 24,NRW,39.99,39.99,30,0,RED INTERNET & PHONE CABLE U,1
80 and over,NRW,56.88,39.99,693,0,RED INTERNET & PHONE CABLE U,1
35 - 39,NRW,48.99,48.99,30,0,3PLAY TREUE,1
35 - 39,HSN,39.99,39.99,30,0,VF RIP U-TREUE,0
55 - 59,NRW,63.98,63.98,255,0,GIGAZUHAUSE KABEL,1
40 - 44,NRW,44.98,44.98,30,0,VF CABLEMAX,1
25 - 29,NRW,44.98,44.98,30,0,VF CABLEMAX,1
65 - 69,NRW,64.97,39.99,115,0,VF CABLEMAX,0
30 - 34,NRW,27.99,27.99,30,0,VF RIP U-TREUE,1
18 - 24,KBW,53.97,38.98,30,0,RED INTERNET & PHONE CABLE U,0
40 - 44,NRW,67.97,67.97,262,0,GIGAZUHAUSE KABEL,0
40 - 44,HSN,38.86,24.99,668,1,GIGAZUHAUSE TREUE C,1
65 - 69,HSN,11.98,11.98,30,0,EAZY,0
55 - 59,NRW,85.93,53.96,110,0,VF CABLEMAX,1
60 - 64,KBW,44.98,44.98,30,1,RED INTERNET & PHONE CABLE U,1
30 - 34,NRW,59.99,59.99,227,0,GIGAZUHAUSE KABEL,0
40 - 44,NRW,49.96,39.98,354,0,GIGAZUHAUSE KABEL,0
35 - 39,HSN,59.97,38.98,30,0,VF RIP U-TREUE,1
75 - 79,KBW,38.98,38.98,30,0,RED INTERNET & PHONE CABLE U,1
18 - 24,NRW,77.94,39.98,662,0,GIGAZUHAUSE KABEL,1
35 - 39,HSN,44.98,44.98,30,0,VF CABLEMAX,0
18 - 24,KBW,42.98,42.98,30,0,VF RIP U-TREUE,0
60 - 64,KBW,20.97,20.97,30,0,1PLAY,1
25 - 29,NRW,34.99,34.99,30,0,RED INTERNET & PHONE CABLE U,0
45 - 49,KBW,37.99,37.99,30,0,VF RIP U-TREUE,1
45 - 49,NRW,57.97,32.99,215,0,GIGAZUHAUSE TREUE B,1
30 - 34,KBW,58.95,24.99,30,0,INTERNET COMFORT,1
60 - 64,KBW,185.88,185.88,30,0,2PLAY COMFORT,0
55 - 59,KBW,37.98,37.98,308,0,GIGAZUHAUSE TREUE B,1
30 - 34,NRW,45.98,54.98,348,0,GIGAZUHAUSE CABLEMAX,1
25 - 29,NRW,44.98,44.98,30,0,RED INTERNET & PHONE CABLE U,1
25 - 29,KBW,44.98,44.98,30,0,RED INTERNET & PHONE CABLE U,1
45 - 49,KBW,44.98,44.98,30,0,VF CABLEMAX,0
30 - 34,NRW,39.98,39.98,214,0,GIGAZUHAUSE KABEL,0
55 - 59,NRW,54.96,34.99,30,0,RED INTERNET & PHONE CABLE U,0
70 - 74,NRW,73.97,52.98,30,0,3PLAY PLUS HRZ,0
60 - 64,KBW,54.97,49.99,688,0,RED INTERNET & PHONE CABLE U,1
70 - 74,NRW,76.97,49.98,30,0,3PLAY TREUE,0
35 - 39,KBW,32.98,32.98,30,0,2PLAY,0
60 - 64,NRW,37.98,37.98,182,0,GIGAZUHAUSE TREUE B,0
75 - 79,KBW,34.99,34.99,30,0,RED INTERNET & PHONE CABLE U,0
30 - 34,KBW,20.97,20.97,30,0,1PLAY,0
55 - 59,HSN,39.99,39.99,193,3,VF CABLEMAX,0
70 - 74,HSN,29.99,29.99,30,0,RED INTERNET & PHONE CABLE U,1
55 - 59,HSN,24.99,24.99,30,0,RED INTERNET & PHONE CABLE U,1
35 - 39,NRW,39.98,39.98,113,0,GIGAZUHAUSE KABEL,1
70 - 74,NRW,33.98,33.98,129,0,GIGAZUHAUSE KABEL,0
80 and over,KBW,64.96,39.98,30,0,RED INTERNET & PHONE CABLE U,0
65 - 69,NRW,66.96,44.98,45,0,VF CABLEMAX,1
65 - 69,KBW,39.98,39.98,30,0,GIGAZUHAUSE KABEL,1
75 - 79,KBW,67.61,46.62,30,0,2PLAY,0
75 - 79,KBW,32.64,32.64,30,0,2PLAY,1
45 - 49,KBW,57.97,32.99,30,0,VF RIP U-TREUE,1
50 - 54,NRW,47.96,47.96,30,0,RED INTERNET & PHONE CABLE U,0
55 - 59,NRW,59.98,59.98,30,0,RED INTERNET & PHONE CABLE U,0
55 - 59,KBW,58.95,39.98,30,2,VF CABLEMAX,0
25 - 29,KBW,39.99,39.99,30,0,RED INTERNET & PHONE CABLE U,1
25 - 29,KBW,34.99,34.99,30,0,RED INTERNET & PHONE CABLE U,1
40 - 44,HSN,39.98,39.98,121,0,GIGAZUHAUSE KABEL,1
50 - 54,NRW,39.98,39.98,322,0,GIGAZUHAUSE TREUE B,0
35 - 39,HSN,44.99,44.99,238,0,GIGAZUHAUSE KABEL,0
30 - 34,KBW,54.99,54.99,30,0,RED INTERNET & PHONE CABLE U,1
60 - 64,NRW,42.98,39.99,30,0,VF RIP U-TREUE,1
35 - 39,NRW,35.94,35.94,30,0,GIGAZUHAUSE KABEL,0
45 - 49,NRW,34.98,39.98,30,0,VF CABLEMAX,1
45 - 49,NRW,24.99,24.99,30,0,INTERNET COMFORT,0
30 - 34,HSN,44.98,44.98,75,0,VF CABLEMAX,0
80 and over,NRW,61.96,40.97,30,0,3PLAY SMART,0
50 - 54,HSN,44.98,44.98,74,0,RED INTERNET & PHONE CABLE U,1
30 - 34,KBW,39.98,44.98,52,0,VF CABLEMAX,1
35 - 39,KBW,39.98,44.98,30,0,RED INTERNET & PHONE CABLE U,1
40 - 44,NRW,54.99,54.99,30,0,RED INTERNET & PHONE CABLE U,1
45 - 49,KBW,44.98,44.98,30,1,VF CABLEMAX,1
65 - 69,KBW,44.98,44.98,30,0,VF CABLEMAX,1
80 and over,NRW,54.98,34.99,126,0,GIGAZUHAUSE KABEL,1
45 - 49,KBW,189.88,189.88,30,0,VF CABLEMAX,0
65 - 69,NRW,39.99,39.99,30,2,RED INTERNET & PHONE CABLE U,1
80 and over,KBW,61.33,40.97,30,0,3PLAY SMART,0
25 - 29,HSN,39.99,39.99,100,0,RED INTERNET & PHONE CABLE U,1
45 - 49,NRW,52.98,32.99,30,0,VF RIP U-TREUE,0
30 - 34,NRW,24.99,24.99,272,0,GIGAZUHAUSE TREUE C,0
35 - 39,KBW,44.98,44.98,30,0,VF CABLEMAX,1
80 and over,NRW,65.24,39.88,30,0,3PLAY,0
60 - 64,KBW,24.99,24.99,30,0,RED INTERNET & PHONE CABLE U,0
35 - 39,NRW,34.99,34.99,30,0,RED INTERNET & PHONE CABLE U,1
55 - 59,NRW,24.99,24.99,30,0,INTERNET COMFORT,1
35 - 39,NRW,39.97,39.97,79,1,VF CABLEMAX,1
30 - 34,HSN,32.99,32.99,30,1,VF RIP U-TREUE,1
55 - 59,KBW,121.96,54.98,30,0,RED INTERNET & PHONE CABLE U,0
80 and over,NRW,60.24,39.88,30,0,3PLAY,0
25 - 29,NRW,47.97,44.98,30,0,VF CABLEMAX,1
55 - 59,NRW,54.96,39.99,641,0,VF RIP U-TREUE,1
35 - 39,NRW,44.98,44.98,30,0,VF CABLEMAX,0
55 - 59,NRW,39.99,39.99,37,0,RED INTERNET & PHONE CABLE U,1
25 - 29,KBW,44.99,44.99,199,0,GIGAZUHAUSE KABEL,0
75 - 79,NRW,52.98,52.98,30,0,VF RIP U-TREUE,0
55 - 59,NRW,67.98,47.99,30,0,VF RIP U-TREUE,0
25 - 29,NRW,42.97,42.97,30,0,RED INTERNET & PHONE CABLE U,1
65 - 69,NRW,49.97,29.99,30,0,VF RIP U-TREUE,1
40 - 44,KBW,75.98,54.99,30,0,RED INTERNET & PHONE CABLE U,0
40 - 44,HSN,49.98,29.99,212,2,GIGAZUHAUSE TREUE C,0
65 - 69,NRW,37.98,37.98,334,0,GIGAZUHAUSE TREUE D,0
35 - 39,NRW,59.97,39.98,192,0,VF CABLEMAX,0
25 - 29,HSN,34.99,34.99,30,0,RED INTERNET & PHONE CABLE U,1
25 - 29,NRW,49.97,39.99,632,2,VF CABLEMAX,1
40 - 44,HSN,80.98,59.99,30,2,3PLAY FLY,1
80 and over,NRW,56.22,35.86,30,0,2PLAY,0
55 - 59,KBW,168.6,168.6,30,0,3PLAY PLUS,0
80 and over,HSN,74.96,49.97,30,0,VF CABLEMAX,1
60 - 64,NRW,74.97,39.99,162,0,VF CABLEMAX,1
35 - 39,NRW,43.98,43.98,30,0,RED INTERNET & PHONE CABLE U,0
70 - 74,KBW,37.95,37.95,30,0,2PLAY TREU,1
25 - 29,NRW,39.98,39.98,129,0,GIGAZUHAUSE KABEL,1
30 - 34,KBW,75.95,44.98,30,0,VF CABLEMAX,1
50 - 54,NRW,68.96,68.96,30,0,RED INTERNET & PHONE CABLE U,0
55 - 59,NRW,54.98,39.99,40,0,RED INTERNET & PHONE CABLE U,1
50 - 54,NRW,54.99,54.99,30,0,RED INTERNET & PHONE CABLE U,0
30 - 34,NRW,44.98,44.98,30,0,RED INTERNET & PHONE CABLE U,0
25 - 29,HSN,39.99,39.99,130,0,VF CABLEMAX,0
45 - 49,HSN,24.99,24.99,154,0,GIGAZUHAUSE TREUE B,1
55 - 59,KBW,71.94,50.95,30,0,3PLAY PLUS,1
55 - 59,NRW,42.98,42.98,30,0,VF RIP U-TREUE,1
70 - 74,NRW,34.99,34.99,30,0,RED INTERNET & PHONE CABLE U,1
30 - 34,NRW,39.98,39.98,234,0,GIGAZUHAUSE KABEL,0
65 - 69,HSN,29.99,29.99,30,0,VF RIP U-TREUE,0
55 - 59,NRW,29.99,29.99,35,0,VF RIP U-TREUE,0
25 - 29,HSN,48.97,48.97,30,0,VF CABLEMAX,1
25 - 29,NRW,54.99,54.99,30,0,RED INTERNET & PHONE CABLE U,0
60 - 64,NRW,64.98,49.99,142,0,RED INTERNET & PHONE CABLE U,1
55 - 59,KBW,54.99,54.99,30,0,RED INTERNET & PHONE CABLE U,0
35 - 39,NRW,38.98,38.98,30,0,RED INTERNET & PHONE CABLE U,1
25 - 29,KBW,44.98,44.98,64,0,RED INTERNET & PHONE CABLE U,0
50 - 54,NRW,49.99,49.99,30,0,GIGAZUHAUSE KABEL,1
50 - 54,HSN,44.98,44.98,30,0,RED INTERNET & PHONE CABLE U,1
80 and over,NRW,34.99,34.99,30,0,VF RIP U-TREUE,0
40 - 44,NRW,54.96,49.97,117,0,VF CABLEMAX,1
50 - 54,KBW,42.98,42.98,30,1,2PLAY PLUS,1
55 - 59,NRW,44.99,44.99,294,0,GIGAZUHAUSE TREUE B,1
60 - 64,HSN,39.98,39.98,127,0,GIGAZUHAUSE KABEL,1
80 and over,KBW,77.77,50.78,30,0,3PLAY + PAY,0
18 - 24,NRW,63.98,63.98,164,0,GIGAZUHAUSE KABEL,0
45 - 49,HSN,44.98,44.98,30,0,VF CABLEMAX,1
35 - 39,NRW,30.88,30.88,30,0,RED INTERNET & PHONE CABLE U,0
40 - 44,NRW,39.99,39.99,30,0,3PLAY VORTEIL,0
30 - 34,NRW,37.98,37.98,280,0,GIGAZUHAUSE KABEL,0
75 - 79,NRW,37.98,37.98,366,0,GIGAZUHAUSE TREUE B,0
80 and over,KBW,29.99,29.99,30,0,VF RIP U-TREUE,0
70 - 74,KBW,54.73,33.74,30,0,RED INTERNET & PHONE CABLE U,0
65 - 69,NRW,61.96,61.96,163,0,GIGAZUHAUSE KABEL,1
25 - 29,NRW,48.97,48.97,44,0,RED INTERNET & PHONE CABLE U,1
60 - 64,KBW,64.95,39.98,221,0,GIGAZUHAUSE KABEL,1
18 - 24,NRW,54.99,54.99,87,0,RED INTERNET & PHONE CABLE U,1
25 - 29,KBW,39.99,39.99,70,0,RED INTERNET & PHONE CABLE U,1
60 - 64,NRW,49.99,49.99,30,0,GIGAZUHAUSE KABEL,0
50 - 54,NRW,44.98,44.98,30,0,RED INTERNET & PHONE CABLE U,0
50 - 54,NRW,42.98,42.98,30,0,VF RIP U-TREUE,1
50 - 54,NRW,47.96,47.96,30,0,RED INTERNET & PHONE CABLE U,1
65 - 69,NRW,61.94,27.99,452,7,GIGAZUHAUSE TREUE B,0
40 - 44,KBW,44.98,44.98,30,0,VF CABLEMAX,1
35 - 39,NRW,44.98,44.98,30,0,RED INTERNET & PHONE CABLE U,0
25 - 29,HSN,58.98,58.98,75,0,RED INTERNET & PHONE CABLE U,1
60 - 64,KBW,39.98,39.98,89,0,VF CABLEMAX,1
55 - 59,KBW,44.99,44.99,30,0,3PLAY TREUE,1
45 - 49,NRW,52.95,52.95,30,0,3PLAY TREUE MODEM,0
18 - 24,KBW,34.99,34.99,76,0,RED INTERNET & PHONE CABLE U,1
45 - 49,NRW,13.99,13.99,30,0,EAZY,1
25 - 29,KBW,11.98,11.98,30,0,EAZY,1
30 - 34,NRW,49.97,49.97,30,0,VF CABLEMAX,1
55 - 59,KBW,32.98,32.98,168,0,GIGAZUHAUSE TREUE B,0
70 - 74,HSN,29.99,29.99,30,0,VF RIP U-TREUE,0
80 and over,NRW,64.87,43.88,30,0,3PLAY,0
18 - 24,NRW,49.98,49.98,217,0,GIGAZUHAUSE KABEL,0
35 - 39,KBW,58.98,58.98,105,0,RED INTERNET & PHONE CABLE U,0
18 - 24,NRW,39.98,39.98,30,0,RED INTERNET & PHONE CABLE U,0
30 - 34,KBW,63.96,42.97,30,0,RED INTERNET & PHONE CABLE U,0
45 - 49,NRW,24.99,24.99,81,0,VF RIP U-TREUE,1
55 - 59,KBW,68.97,47.98,30,0,3PLAY PLUS,0
80 and over,KBW,24.99,24.99,220,0,GIGAZUHAUSE TREUE C,0
50 - 54,KBW,42.97,42.97,30,1,RED INTERNET & PHONE CABLE U,0
45 - 49,KBW,39.99,39.99,30,0,2PLAY JUMP,1
18 - 24,KBW,52.98,52.98,360,0,GIGAZUHAUSE KABEL,0
80 and over,KBW,34.99,34.99,366,0,GIGAZUHAUSE TREUE C,0
25 - 29,NRW,39.98,39.98,30,0,VF CABLEMAX,1
65 - 69,HSN,55.34,29.99,30,1,VF RIP U-TREUE,1
55 - 59,NRW,32.99,32.99,365,0,GIGAZUHAUSE TREUE B,0
55 - 59,NRW,34.99,34.99,30,0,RED INTERNET & PHONE CABLE U,0
50 - 54,KBW,47.99,47.99,30,0,GIGAZUHAUSE KABEL,1
25 - 29,KBW,54.99,54.99,30,1,RED INTERNET & PHONE CABLE U,0
50 - 54,KBW,49.99,49.99,30,0,RED INTERNET & PHONE CABLE U,1
25 - 29,NRW,44.98,44.98,30,0,RED INTERNET & PHONE CABLE U,1
50 - 54,KBW,39.98,39.98,214,0,GIGAZUHAUSE KABEL,1
25 - 29,NRW,44.98,44.98,30,0,RED INTERNET & PHONE CABLE U,1
40 - 44,KBW,49.97,49.97,30,0,VF CABLEMAX,0
70 - 74,KBW,65.97,39.99,30,0,VF RIP U-TREUE,0
45 - 49,KBW,19.99,19.99,30,0,1PLAY,0
50 - 54,NRW,54.99,54.99,30,0,RED INTERNET & PHONE CABLE U,1
45 - 49,KBW,60.97,39.98,30,0,VF CABLEMAX,0
40 - 44,KBW,39.99,39.99,108,2,VF CABLEMAX,0
30 - 34,NRW,32.99,32.99,186,0,GIGAZUHAUSE TREUE B,0
55 - 59,NRW,49.97,49.97,30,0,VF CABLEMAX,0
50 - 54,HSN,65.96,54.98,161,0,GIGAZUHAUSE KABEL,1
60 - 64,NRW,71.96,49.98,30,0,VF RIP U-TREUE,1
35 - 39,KBW,62.98,62.98,300,0,GIGAZUHAUSE KABEL,0
50 - 54,HSN,32.99,32.99,30,0,VF RIP U-TREUE,1
30 - 34,KBW,49.99,49.99,30,0,RED INTERNET & PHONE CABLE U,0
55 - 59,KBW,22.99,22.99,133,0,GIGAZUHAUSE TREUE B,0
50 - 54,KBW,84.06,49.97,89,0,VF CABLEMAX,0
65 - 69,KBW,32.98,32.98,129,0,GIGAZUHAUSE TREUE B,0
25 - 29,KBW,39.99,39.99,30,0,RED INTERNET & PHONE CABLE U,1
35 - 39,HSN,47.98,47.98,279,0,GIGAZUHAUSE KABEL,1
45 - 49,KBW,39.99,39.99,30,0,VF RIP U-TREUE,0
65 - 69,KBW,249.84,189.88,5,0,VF CABLEMAX,0
40 - 44,NRW,49.98,49.98,277,0,GIGAZUHAUSE KABEL,0
50 - 54,NRW,43.98,43.98,63,0,RED INTERNET & PHONE CABLE U,1
80 and over,NRW,59.97,29.99,162,1,GIGAZUHAUSE TREUE C,0
70 - 74,NRW,48.99,48.99,30,0,3PLAY TREUE,1
25 - 29,NRW,54.99,54.99,30,0,RED INTERNET & PHONE CABLE U,1
50 - 54,KBW,39.99,39.99,30,0,VF RIP U-TREUE,0
65 - 69,HSN,59.97,34.99,122,0,GIGAZUHAUSE KABEL,0
35 - 39,KBW,39.98,39.98,30,0,VF CABLEMAX,0
55 - 59,NRW,37.98,37.98,365,0,GIGAZUHAUSE TREUE D,0
30 - 34,KBW,64.98,64.98,309,0,GIGAZUHAUSE KABEL,1
40 - 44,KBW,65.97,44.98,30,0,VF CABLEMAX,0
35 - 39,KBW,45.86,29.99,30,0,VF RIP U-TREUE,1
70 - 74,KBW,52.98,52.98,116,0,VF RIP U-TREUE,0
35 - 39,KBW,29.99,29.99,184,1,GIGAZUHAUSE TREUE C,1
50 - 54,NRW,54.96,54.96,30,0,VF CABLEMAX,0
30 - 34,HSN,47.98,47.98,279,0,GIGAZUHAUSE KABEL,0
25 - 29,KBW,49.99,49.99,57,0,VF RIP U-TREUE,1
55 - 59,KBW,84.96,49.99,30,0,RED INTERNET & PHONE CABLE U,0
60 - 64,KBW,47.98,47.98,277,0,GIGAZUHAUSE KABEL,1
80 and over,NRW,53.96,32.97,30,0,RED INTERNET & PHONE CABLE U,0
60 - 64,KBW,32.99,32.99,30,0,VF RIP U-TREUE,1
65 - 69,NRW,94.93,62.95,30,0,2PLAY COMFORT,0
40 - 44,KBW,29.99,29.99,30,0,VF RIP U-TREUE,0
45 - 49,NRW,49.99,49.99,330,0,GIGAZUHAUSE TREUE C,0
25 - 29,KBW,44.98,44.98,30,0,RED INTERNET & PHONE CABLE U,0
55 - 59,NRW,75.96,54.97,30,0,TREUEPLUS,1
60 - 64,NRW,81.94,56.96,172,0,GIGAZUHAUSE TREUE B,1
40 - 44,HSN,44.98,44.98,30,0,VF CABLEMAX,0
35 - 39,NRW,52.98,52.98,30,0,3PLAY PLUS HRZ,1
65 - 69,KBW,18.99,18.99,394,0,EAZY,0
30 - 34,NRW,39.99,39.99,30,0,RED INTERNET & PHONE CABLE U,1
65 - 69,NRW,43.97,13.99,30,0,EAZY,1
80 and over,KBW,39.99,39.99,14,0,RED INTERNET & PHONE CABLE U,0
60 - 64,NRW,39.98,39.98,30,0,RED INTERNET & PHONE CABLE U,0
65 - 69,HSN,34.99,34.99,30,1,RED INTERNET & PHONE CABLE U,0
18 - 24,HSN,39.97,34.99,597,0,RED INTERNET & PHONE CABLE U,0
18 - 24,HSN,39.98,39.98,364,0,GIGAZUHAUSE KABEL,0
35 - 39,KBW,34.99,34.99,134,0,GIGAZUHAUSE KABEL,1
30 - 34,HSN,39.99,39.99,30,0,RED INTERNET & PHONE CABLE U,1
55 - 59,KBW,39.98,39.98,119,0,VF CABLEMAX,0
60 - 64,KBW,47.97,47.97,30,0,VF RIP U-TREUE,1
65 - 69,NRW,19.99,19.99,198,0,GIGAZUHAUSE KABEL,0
50 - 54,HSN,42.99,42.99,30,0,VF RIP U-TREUE,0
70 - 74,HSN,45.9,45.9,30,0,2PLAY PLUS,0
30 - 34,KBW,34.99,34.99,30,0,VF RIP U-TREUE,0
40 - 44,NRW,54.99,54.99,30,0,RED INTERNET & PHONE CABLE U,0
60 - 64,NRW,49.97,49.97,30,0,VF CABLEMAX,0
25 - 29,KBW,38.98,38.98,30,0,RED INTERNET & PHONE CABLE U,1
55 - 59,KBW,27.99,27.99,340,0,GIGAZUHAUSE TREUE B,0
45 - 49,NRW,39.99,39.99,30,0,RED INTERNET & PHONE CABLE U,0
35 - 39,NRW,47.98,32.99,30,0,VF RIP U-TREUE,1
30 - 34,HSN,34.99,34.99,30,1,RED INTERNET & PHONE CABLE U,1
45 - 49,KBW,48.97,48.97,93,0,VF CABLEMAX,1
55 - 59,NRW,53.36,42.98,604,0,VF RIP U-TREUE,0
55 - 59,NRW,39.99,39.99,30,0,RED INTERNET & PHONE CABLE U,0
30 - 34,NRW,54.99,54.99,30,0,RED INTERNET & PHONE CABLE U,0
60 - 64,KBW,25.97,25.97,30,0,INTERNET,0
45 - 49,NRW,34.99,34.99,30,0,RED INTERNET & PHONE CABLE U,1
60 - 64,KBW,79.94,49.97,30,0,VF CABLEMAX,1
35 - 39,NRW,69.96,39.99,30,0,RED INTERNET & PHONE CABLE U,1
35 - 39,NRW,87.96,54.98,499,0,RED INTERNET & PHONE CABLE U,0
55 - 59,NRW,34.99,34.99,30,0,GIGAZUHAUSE TREUE C,1
45 - 49,KBW,32.99,32.99,30,0,VF RIP U-TREUE,1
50 - 54,NRW,63.96,48.97,44,0,VF CABLEMAX,1
30 - 34,KBW,39.99,39.99,30,0,RED INTERNET & PHONE CABLE U,0
70 - 74,NRW,34.99,34.99,30,0,RED INTERNET & PHONE CABLE U,1
35 - 39,NRW,45.38,45.38,30,0,3PLAY JUMP,0
30 - 34,NRW,34.99,34.99,30,0,VF RIP U-TREUE,0
45 - 49,NRW,64.98,44.99,169,0,GIGAZUHAUSE TREUE B,0
55 - 59,NRW,69.95,44.96,30,0,3PLAY SMART,0
45 - 49,NRW,39.98,39.98,366,0,GIGAZUHAUSE KABEL,0
80 and over,NRW,78.94,38.98,175,0,GIGAZUHAUSE KABEL,0
18 - 24,NRW,59.98,59.98,30,0,RED INTERNET & PHONE CABLE U,1
80 and over,KBW,93.94,47.98,30,0,3PLAY PLUS,0
40 - 44,KBW,48.42,48.42,30,0,3PLAY COMFORT,0
60 - 64,HSN,59.95,39.98,30,0,VF CABLEMAX,0
30 - 34,KBW,34.99,37.99,679,0,VF RIP U-TREUE,0
55 - 59,KBW,57.98,37.99,30,0,VF RIP U-TREUE,0
55 - 59,HSN,67.94,57.96,485,0,3PLAY TREUE,1
45 - 49,KBW,44.97,44.97,30,2,VF CABLEMAX,1
25 - 29,KBW,37.98,37.98,277,1,GIGAZUHAUSE TREUE D,1
30 - 34,NRW,88.97,62.98,360,0,GIGAZUHAUSE KABEL,1
80 and over,KBW,32.95,32.95,30,0,RED INTERNET & PHONE CABLE U,0
35 - 39,NRW,44.98,44.98,30,0,RED INTERNET & PHONE CABLE U,1
45 - 49,KBW,63.96,42.97,30,0,RED INTERNET & PHONE CABLE U,1
55 - 59,KBW,39.98,39.98,147,0,GIGAZUHAUSE KABEL,1
40 - 44,NRW,54.97,49.98,243,0,GIGAZUHAUSE TREUE B,1
60 - 64,KBW,92.92,49.97,30,0,VF CABLEMAX,1
45 - 49,KBW,49.98,44.98,557,0,VF CABLEMAX,0
25 - 29,HSN,44.98,44.98,30,0,RED INTERNET & PHONE CABLE U,1
18 - 24,NRW,44.97,44.97,316,0,GIGAZUHAUSE KABEL,1
30 - 34,NRW,29.99,29.99,30,0,VF RIP U-TREUE,0
25 - 29,KBW,54.97,44.99,458,0,GIGAZUHAUSE KABEL,1
55 - 59,KBW,63.77,42.78,30,0,2PLAY,0
65 - 69,KBW,19.99,19.99,30,0,EAZY,0
50 - 54,NRW,44.97,44.97,30,0,VF RIP U-TREUE,0
30 - 34,KBW,29.99,29.99,94,0,VF RIP U-TREUE,1
50 - 54,KBW,52.97,37.98,30,0,VF RIP U-TREUE,1
30 - 34,HSN,34.99,34.99,253,0,GIGAZUHAUSE KABEL,1
60 - 64,NRW,34.98,34.98,30,0,VF RIP U-TREUE,0
35 - 39,NRW,49.97,49.97,30,0,VF CABLEMAX,0
45 - 49,KBW,57.98,37.99,30,0,VF RIP U-TREUE,0
25 - 29,KBW,52.98,52.98,382,0,GIGAZUHAUSE KABEL,1
65 - 69,KBW,77.97,47.99,30,0,VF RIP U-TREUE,0
70 - 74,KBW,39.98,29.99,319,1,GIGAZUHAUSE TREUE C,1
35 - 39,NRW,32.99,32.99,367,0,GIGAZUHAUSE TREUE B,1
35 - 39,NRW,34.98,24.99,30,0,VF RIP U-TREUE,0
70 - 74,NRW,83.96,42.98,82,0,VF RIP U-TREUE,0
55 - 59,KBW,53.98,53.98,30,0,RED INTERNET & PHONE CABLE U,1
30 - 34,HSN,49.99,49.99,30,0,GIGAZUHAUSE KABEL,1
50 - 54,KBW,49.99,49.99,30,0,GIGAZUHAUSE KABEL,0
70 - 74,NRW,60.84,36.98,30,0,VF RIP U-TREUE,0
45 - 49,NRW,48.94,34.97,30,0,VF CABLEMAX,0
55 - 59,HSN,52.98,52.98,30,0,VF RIP U-TREUE,0
25 - 29,NRW,24.99,24.99,30,0,INTERNET COMFORT,1
55 - 59,KBW,49.97,39.99,619,0,RED INTERNET & PHONE CABLE U,0
